label,delay_s,threshold_cents,lookback_s,hold_s,volume_window_s,volume_multiple,direction,score,total_pnl_cents,avg_daily_pnl_cents,daily_sharpe,daily_sortino,max_drawdown_cents,positive_day_rate,active_day_rate,days,trades,win_rate,avg_trade_cents,profit_factor,long_trades,short_trades,trades_per_day,train_start,train_end,test_start,test_end
a=60s | move=100c/120s | hold=10800s | vol off | momentum,60,100.0,120,10800,300,0.0,momentum,35.00000000000006,35.00000000000006,0.4545454545454553,1.809068067466128,0.0,0.0,0.012987012987012988,0.012987012987012988,77,1,1.0,35.00000000000006,inf,0,1,0.012987012987012988,2025-10,2025-12,2026-01,2026-01
a=60s | move=100c/120s | hold=10800s | vol>2x/300s | momentum,60,100.0,120,10800,300,2.0,momentum,35.00000000000006,35.00000000000006,0.4545454545454553,1.809068067466128,0.0,0.0,0.012987012987012988,0.012987012987012988,77,1,1.0,35.00000000000006,inf,0,1,0.012987012987012988,2025-10,2025-12,2026-01,2026-01
a=1s | move=100c/120s | hold=10800s | vol off | momentum,1,100.0,120,10800,300,0.0,momentum,32.999999999999744,32.999999999999744,0.4285714285714253,1.809068067466101,0.0,0.0,0.012987012987012988,0.012987012987012988,77,1,1.0,32.999999999999744,inf,0,1,0.012987012987012988,2025-10,2025-12,2026-01,2026-01
a=1s | move=100c/180s | hold=10800s | vol off | momentum,1,100.0,180,10800,300,0.0,momentum,32.999999999999744,32.999999999999744,0.4285714285714253,1.809068067466101,0.0,0.0,0.012987012987012988,0.012987012987012988,77,1,1.0,32.999999999999744,inf,0,1,0.012987012987012988,2025-10,2025-12,2026-01,2026-01
a=5s | move=100c/120s | hold=10800s | vol off | momentum,5,100.0,120,10800,300,0.0,momentum,31.000000000000142,31.000000000000142,0.40259740259740445,1.80906806746607,0.0,0.0,0.012987012987012988,0.012987012987012988,77,1,1.0,31.000000000000142,inf,0,1,0.012987012987012988,2025-10,2025-12,2026-01,2026-01
a=5s | move=100c/180s | hold=10800s | vol off | momentum,5,100.0,180,10800,300,0.0,momentum,31.000000000000142,31.000000000000142,0.40259740259740445,1.80906806746607,0.0,0.0,0.012987012987012988,0.012987012987012988,77,1,1.0,31.000000000000142,inf,0,1,0.012987012987012988,2025-10,2025-12,2026-01,2026-01
a=5s | move=100c/120s | hold=10800s | vol>2x/300s | momentum,5,100.0,120,10800,300,2.0,momentum,31.000000000000142,31.000000000000142,0.40259740259740445,1.80906806746607,0.0,0.0,0.012987012987012988,0.012987012987012988,77,1,1.0,31.000000000000142,inf,0,1,0.012987012987012988,2025-10,2025-12,2026-01,2026-01
a=10s | move=100c/180s | hold=10800s | vol off | momentum,10,100.0,180,10800,300,0.0,momentum,22.999999999999602,22.999999999999602,0.2987012987012935,1.809068067465891,0.0,0.0,0.012987012987012988,0.012987012987012988,77,1,1.0,22.999999999999602,inf,0,1,0.012987012987012988,2025-10,2025-12,2026-01,2026-01
a=10s | move=100c/120s | hold=10800s | vol off | momentum,10,100.0,120,10800,300,0.0,momentum,22.999999999999602,22.999999999999602,0.2987012987012935,1.809068067465891,0.0,0.0,0.012987012987012988,0.012987012987012988,77,1,1.0,22.999999999999602,inf,0,1,0.012987012987012988,2025-10,2025-12,2026-01,2026-01
a=10s | move=100c/120s | hold=10800s | vol>2x/300s | momentum,10,100.0,120,10800,300,2.0,momentum,22.999999999999602,22.999999999999602,0.2987012987012935,1.809068067465891,0.0,0.0,0.012987012987012988,0.012987012987012988,77,1,1.0,22.999999999999602,inf,0,1,0.012987012987012988,2025-10,2025-12,2026-01,2026-01
a=1s | move=75c/120s | hold=14400s | vol off | momentum,1,75.0,120,14400,300,0.0,momentum,21.0,21.0,0.2727272727272727,1.8090680674658257,0.0,0.0,0.012987012987012988,0.012987012987012988,77,1,1.0,21.0,inf,0,1,0.012987012987012988,2025-10,2025-12,2026-01,2026-01
a=5s | move=75c/180s | hold=14400s | vol off | momentum,5,75.0,180,14400,300,0.0,momentum,21.0,21.0,0.2727272727272727,1.8090680674658257,0.0,0.0,0.012987012987012988,0.012987012987012988,77,1,1.0,21.0,inf,0,1,0.012987012987012988,2025-10,2025-12,2026-01,2026-01
a=30s | move=100c/180s | hold=10800s | vol off | momentum,30,100.0,180,10800,300,0.0,momentum,20.0000000000002,20.0000000000002,0.2597402597402623,1.8090680674657877,0.0,0.0,0.012987012987012988,0.012987012987012988,77,1,1.0,20.0000000000002,inf,0,1,0.012987012987012988,2025-10,2025-12,2026-01,2026-01
a=30s | move=100c/120s | hold=10800s | vol>2x/300s | momentum,30,100.0,120,10800,300,2.0,momentum,20.0000000000002,20.0000000000002,0.2597402597402623,1.8090680674657877,0.0,0.0,0.012987012987012988,0.012987012987012988,77,1,1.0,20.0000000000002,inf,0,1,0.012987012987012988,2025-10,2025-12,2026-01,2026-01
a=30s | move=100c/120s | hold=10800s | vol off | momentum,30,100.0,120,10800,300,0.0,momentum,20.0000000000002,20.0000000000002,0.2597402597402623,1.8090680674657877,0.0,0.0,0.012987012987012988,0.012987012987012988,77,1,1.0,20.0000000000002,inf,0,1,0.012987012987012988,2025-10,2025-12,2026-01,2026-01
a=1s | move=70c/75s | hold=18000s | vol off | momentum,1,70.0,75,18000,300,0.0,momentum,17.999999999999886,17.999999999999886,0.2337662337662323,1.8090680674656996,0.0,0.0,0.012987012987012988,0.012987012987012988,77,1,1.0,17.999999999999886,inf,0,1,0.012987012987012988,2025-10,2025-12,2026-01,2026-01
a=1s | move=72.5c/75s | hold=18000s | vol off | momentum,1,72.5,75,18000,300,0.0,momentum,17.999999999999886,17.999999999999886,0.2337662337662323,1.8090680674656996,0.0,0.0,0.012987012987012988,0.012987012987012988,77,1,1.0,17.999999999999886,inf,0,1,0.012987012987012988,2025-10,2025-12,2026-01,2026-01
a=5s | move=75c/120s | hold=14400s | vol off | momentum,5,75.0,120,14400,300,0.0,momentum,17.000000000000085,17.000000000000085,0.22077922077922188,1.8090680674656485,0.0,0.0,0.012987012987012988,0.012987012987012988,77,1,1.0,17.000000000000085,inf,0,1,0.012987012987012988,2025-10,2025-12,2026-01,2026-01
a=3s | move=70c/75s | hold=18000s | vol off | momentum,3,70.0,75,18000,300,0.0,momentum,14.999999999999773,14.999999999999773,0.19480519480519184,1.8090680674655233,0.0,0.0,0.012987012987012988,0.012987012987012988,77,1,1.0,14.999999999999773,inf,0,1,0.012987012987012988,2025-10,2025-12,2026-01,2026-01
a=3s | move=72.5c/75s | hold=18000s | vol off | momentum,3,72.5,75,18000,300,0.0,momentum,14.999999999999773,14.999999999999773,0.19480519480519184,1.8090680674655233,0.0,0.0,0.012987012987012988,0.012987012987012988,77,1,1.0,14.999999999999773,inf,0,1,0.012987012987012988,2025-10,2025-12,2026-01,2026-01
a=10s | move=75c/120s | hold=14400s | vol off | momentum,10,75.0,120,14400,300,0.0,momentum,13.999999999999972,13.999999999999972,0.18181818181818146,1.8090680674654478,0.0,0.0,0.012987012987012988,0.012987012987012988,77,1,1.0,13.999999999999972,inf,0,1,0.012987012987012988,2025-10,2025-12,2026-01,2026-01
a=120s | move=100c/120s | hold=10800s | vol off | momentum,120,100.0,120,10800,300,0.0,momentum,13.999999999999972,13.999999999999972,0.18181818181818146,1.8090680674654478,0.0,0.0,0.012987012987012988,0.012987012987012988,77,1,1.0,13.999999999999972,inf,0,1,0.012987012987012988,2025-10,2025-12,2026-01,2026-01
a=5s | move=70c/75s | hold=18000s | vol off | momentum,5,70.0,75,18000,300,0.0,momentum,13.999999999999972,13.999999999999972,0.18181818181818146,1.8090680674654478,0.0,0.0,0.012987012987012988,0.012987012987012988,77,1,1.0,13.999999999999972,inf,0,1,0.012987012987012988,2025-10,2025-12,2026-01,2026-01
a=5s | move=72.5c/75s | hold=18000s | vol off | momentum,5,72.5,75,18000,300,0.0,momentum,13.999999999999972,13.999999999999972,0.18181818181818146,1.8090680674654478,0.0,0.0,0.012987012987012988,0.012987012987012988,77,1,1.0,13.999999999999972,inf,0,1,0.012987012987012988,2025-10,2025-12,2026-01,2026-01
a=60s | move=100c/120s | hold=7200s | vol off | momentum,60,100.0,120,7200,300,0.0,momentum,13.00000000000017,13.00000000000017,0.16883116883117105,1.8090680674653599,0.0,0.0,0.012987012987012988,0.012987012987012988,77,1,1.0,13.00000000000017,inf,0,1,0.012987012987012988,2025-10,2025-12,2026-01,2026-01
a=7s | move=70c/75s | hold=18000s | vol off | momentum,7,70.0,75,18000,300,0.0,momentum,10.999999999999858,10.999999999999858,0.14285714285714102,1.809068067465139,0.0,0.0,0.012987012987012988,0.012987012987012988,77,1,1.0,10.999999999999858,inf,0,1,0.012987012987012988,2025-10,2025-12,2026-01,2026-01
a=7s | move=72.5c/75s | hold=18000s | vol off | momentum,7,72.5,75,18000,300,0.0,momentum,10.999999999999858,10.999999999999858,0.14285714285714102,1.809068067465139,0.0,0.0,0.012987012987012988,0.012987012987012988,77,1,1.0,10.999999999999858,inf,0,1,0.012987012987012988,2025-10,2025-12,2026-01,2026-01
a=1s | move=100c/180s | hold=7200s | vol off | momentum,1,100.0,180,7200,300,0.0,momentum,6.999999999999943,6.999999999999943,0.09090909090909018,1.8090680674643138,0.0,0.0,0.012987012987012988,0.012987012987012988,77,1,1.0,6.999999999999943,inf,0,1,0.012987012987012988,2025-10,2025-12,2026-01,2026-01
a=5s | move=100c/120s | hold=7200s | vol off | momentum,5,100.0,120,7200,300,0.0,momentum,6.000000000000142,6.000000000000142,0.07792207792207977,1.8090680674639368,0.0,0.0,0.012987012987012988,0.012987012987012988,77,1,1.0,6.000000000000142,inf,0,1,0.012987012987012988,2025-10,2025-12,2026-01,2026-01
a=1s | move=72.5c/75s | hold=16200s | vol off | momentum,1,72.5,75,16200,300,0.0,momentum,6.000000000000142,6.000000000000142,0.07792207792207977,1.8090680674639368,0.0,0.0,0.012987012987012988,0.012987012987012988,77,1,1.0,6.000000000000142,inf,0,1,0.012987012987012988,2025-10,2025-12,2026-01,2026-01
a=1s | move=70c/75s | hold=16200s | vol off | momentum,1,70.0,75,16200,300,0.0,momentum,6.000000000000142,6.000000000000142,0.07792207792207977,1.8090680674639368,0.0,0.0,0.012987012987012988,0.012987012987012988,77,1,1.0,6.000000000000142,inf,0,1,0.012987012987012988,2025-10,2025-12,2026-01,2026-01
a=5s | move=100c/180s | hold=7200s | vol off | momentum,5,100.0,180,7200,300,0.0,momentum,6.000000000000142,6.000000000000142,0.07792207792207977,1.8090680674639368,0.0,0.0,0.012987012987012988,0.012987012987012988,77,1,1.0,6.000000000000142,inf,0,1,0.012987012987012988,2025-10,2025-12,2026-01,2026-01
a=5s | move=75c/300s | hold=21600s | vol off | momentum,5,75.0,300,21600,300,0.0,momentum,5.999999999999432,5.999999999999432,0.07792207792207054,1.8090680674639368,0.0,0.0,0.012987012987012988,0.012987012987012988,77,1,1.0,5.999999999999432,inf,0,1,0.012987012987012988,2025-10,2025-12,2026-01,2026-01
a=10s | move=70c/75s | hold=18000s | vol off | momentum,10,70.0,75,18000,300,0.0,momentum,4.9999999999996305,4.9999999999996305,0.06493506493506014,1.8090680674634076,0.0,0.0,0.012987012987012988,0.012987012987012988,77,1,1.0,4.9999999999996305,inf,0,1,0.012987012987012988,2025-10,2025-12,2026-01,2026-01
a=10s | move=72.5c/75s | hold=18000s | vol off | momentum,10,72.5,75,18000,300,0.0,momentum,4.9999999999996305,4.9999999999996305,0.06493506493506014,1.8090680674634076,0.0,0.0,0.012987012987012988,0.012987012987012988,77,1,1.0,4.9999999999996305,inf,0,1,0.012987012987012988,2025-10,2025-12,2026-01,2026-01
a=300s | move=100c/300s | hold=14400s | vol off | momentum,300,100.0,300,14400,300,0.0,momentum,4.00000000000054,4.00000000000054,0.05194805194805896,1.8090680674626134,0.0,0.0,0.012987012987012988,0.012987012987012988,77,1,1.0,4.00000000000054,inf,0,1,0.012987012987012988,2025-10,2025-12,2026-01,2026-01
a=3s | move=70c/75s | hold=16200s | vol off | momentum,3,70.0,75,16200,300,0.0,momentum,3.0000000000000284,3.0000000000000284,0.03896103896103933,1.8090680674612911,0.0,0.0,0.012987012987012988,0.012987012987012988,77,1,1.0,3.0000000000000284,inf,0,1,0.012987012987012988,2025-10,2025-12,2026-01,2026-01
a=3s | move=72.5c/75s | hold=16200s | vol off | momentum,3,72.5,75,16200,300,0.0,momentum,3.0000000000000284,3.0000000000000284,0.03896103896103933,1.8090680674612911,0.0,0.0,0.012987012987012988,0.012987012987012988,77,1,1.0,3.0000000000000284,inf,0,1,0.012987012987012988,2025-10,2025-12,2026-01,2026-01
a=5s | move=72.5c/75s | hold=16200s | vol off | momentum,5,72.5,75,16200,300,0.0,momentum,2.0000000000002274,2.0000000000002274,0.025974025974028928,1.8090680674586448,0.0,0.0,0.012987012987012988,0.012987012987012988,77,1,1.0,2.0000000000002274,inf,0,1,0.012987012987012988,2025-10,2025-12,2026-01,2026-01
a=5s | move=70c/75s | hold=16200s | vol off | momentum,5,70.0,75,16200,300,0.0,momentum,2.0000000000002274,2.0000000000002274,0.025974025974028928,1.8090680674586448,0.0,0.0,0.012987012987012988,0.012987012987012988,77,1,1.0,2.0000000000002274,inf,0,1,0.012987012987012988,2025-10,2025-12,2026-01,2026-01
a=1s | move=100c/300s | hold=14400s | vol off | momentum,1,100.0,300,14400,300,0.0,momentum,2.0000000000002274,2.0000000000002274,0.025974025974028928,1.8090680674586448,0.0,0.0,0.012987012987012988,0.012987012987012988,77,1,1.0,2.0000000000002274,inf,0,1,0.012987012987012988,2025-10,2025-12,2026-01,2026-01
a=60s | move=100c/600s | hold=14400s | vol off | momentum,60,100.0,600,14400,300,0.0,momentum,2.0000000000002274,2.0000000000002274,0.025974025974028928,1.8090680674586448,0.0,0.0,0.012987012987012988,0.012987012987012988,77,1,1.0,2.0000000000002274,inf,0,1,0.012987012987012988,2025-10,2025-12,2026-01,2026-01
a=7s | move=72.5c/75s | hold=16200s | vol off | momentum,7,72.5,75,16200,300,0.0,momentum,-0.9999999999998863,-0.9999999999998863,-0.01298701298701151,-1.8090680674507067,0.0,-0.9999999999998863,0.0,0.012987012987012988,77,1,0.0,-0.9999999999998863,0.0,0,1,0.012987012987012988,2025-10,2025-12,2026-01,2026-01
a=7s | move=70c/75s | hold=16200s | vol off | momentum,7,70.0,75,16200,300,0.0,momentum,-0.9999999999998863,-0.9999999999998863,-0.01298701298701151,-1.8090680674507067,0.0,-0.9999999999998863,0.0,0.012987012987012988,77,1,0.0,-0.9999999999998863,0.0,0,1,0.012987012987012988,2025-10,2025-12,2026-01,2026-01
a=60s | move=100c/120s | hold=14400s | vol off | momentum,60,100.0,120,14400,300,0.0,momentum,-0.9999999999998863,-0.9999999999998863,-0.01298701298701151,-1.8090680674507067,0.0,-0.9999999999998863,0.0,0.012987012987012988,77,1,0.0,-0.9999999999998863,0.0,0,1,0.012987012987012988,2025-10,2025-12,2026-01,2026-01
a=10s | move=100c/120s | hold=7200s | vol off | momentum,10,100.0,120,7200,300,0.0,momentum,-1.0000000000005969,-1.0000000000005969,-0.012987012987020739,-1.809068067450707,0.0,-1.0000000000005969,0.0,0.012987012987012988,77,1,0.0,-1.0000000000005969,0.0,0,1,0.012987012987012988,2025-10,2025-12,2026-01,2026-01
a=10s | move=100c/180s | hold=7200s | vol off | momentum,10,100.0,180,7200,300,0.0,momentum,-1.0000000000005969,-1.0000000000005969,-0.012987012987020739,-1.809068067450707,0.0,-1.0000000000005969,0.0,0.012987012987012988,77,1,0.0,-1.0000000000005969,0.0,0,1,0.012987012987012988,2025-10,2025-12,2026-01,2026-01
a=30s | move=100c/120s | hold=7200s | vol off | momentum,30,100.0,120,7200,300,0.0,momentum,-2.9999999999994884,-2.9999999999994884,-0.03896103896103232,-1.8090680674612907,0.0,-2.9999999999994884,0.0,0.012987012987012988,77,1,0.0,-2.9999999999994884,0.0,0,1,0.012987012987012988,2025-10,2025-12,2026-01,2026-01
a=1s | move=100c/120s | hold=14400s | vol off | momentum,1,100.0,120,14400,300,0.0,momentum,-3.000000000000199,-3.000000000000199,-0.03896103896104154,-1.8090680674612893,0.0,-3.000000000000199,0.0,0.012987012987012988,77,1,0.0,-3.000000000000199,0.0,0,1,0.012987012987012988,2025-10,2025-12,2026-01,2026-01
a=5s | move=100c/300s | hold=14400s | vol off | momentum,5,100.0,300,14400,300,0.0,momentum,-3.000000000000199,-3.000000000000199,-0.03896103896104154,-1.8090680674612893,0.0,-3.000000000000199,0.0,0.012987012987012988,77,1,0.0,-3.000000000000199,0.0,0,1,0.012987012987012988,2025-10,2025-12,2026-01,2026-01
a=1s | move=100c/180s | hold=14400s | vol off | momentum,1,100.0,180,14400,300,0.0,momentum,-3.000000000000199,-3.000000000000199,-0.03896103896104154,-1.8090680674612893,0.0,-3.000000000000199,0.0,0.012987012987012988,77,1,0.0,-3.000000000000199,0.0,0,1,0.012987012987012988,2025-10,2025-12,2026-01,2026-01
a=5s | move=100c/120s | hold=14400s | vol off | momentum,5,100.0,120,14400,300,0.0,momentum,-4.999999999999801,-4.999999999999801,-0.06493506493506235,-1.8090680674634065,0.0,-4.999999999999801,0.0,0.012987012987012988,77,1,0.0,-4.999999999999801,0.0,0,1,0.012987012987012988,2025-10,2025-12,2026-01,2026-01
a=5s | move=100c/180s | hold=14400s | vol off | momentum,5,100.0,180,14400,300,0.0,momentum,-4.999999999999801,-4.999999999999801,-0.06493506493506235,-1.8090680674634065,0.0,-4.999999999999801,0.0,0.012987012987012988,77,1,0.0,-4.999999999999801,0.0,0,1,0.012987012987012988,2025-10,2025-12,2026-01,2026-01
a=10s | move=72.5c/75s | hold=16200s | vol off | momentum,10,72.5,75,16200,300,0.0,momentum,-7.000000000000114,-7.000000000000114,-0.09090909090909238,-1.8090680674643138,0.0,-7.000000000000114,0.0,0.012987012987012988,77,1,0.0,-7.000000000000114,0.0,0,1,0.012987012987012988,2025-10,2025-12,2026-01,2026-01
a=10s | move=70c/75s | hold=16200s | vol off | momentum,10,70.0,75,16200,300,0.0,momentum,-7.000000000000114,-7.000000000000114,-0.09090909090909238,-1.8090680674643138,0.0,-7.000000000000114,0.0,0.012987012987012988,77,1,0.0,-7.000000000000114,0.0,0,1,0.012987012987012988,2025-10,2025-12,2026-01,2026-01
a=10s | move=100c/300s | hold=14400s | vol off | momentum,10,100.0,300,14400,300,0.0,momentum,-7.999999999999915,-7.999999999999915,-0.10389610389610279,-1.8090680674645976,0.0,-7.999999999999915,0.0,0.012987012987012988,77,1,0.0,-7.999999999999915,0.0,0,1,0.012987012987012988,2025-10,2025-12,2026-01,2026-01
a=30s | move=75c/300s | hold=21600s | vol off | momentum,30,75.0,300,21600,300,0.0,momentum,-7.999999999999915,-7.999999999999915,-0.10389610389610279,-1.8090680674645976,0.0,-7.999999999999915,0.0,0.012987012987012988,77,1,0.0,-7.999999999999915,0.0,0,1,0.012987012987012988,2025-10,2025-12,2026-01,2026-01
a=10s | move=100c/120s | hold=14400s | vol off | momentum,10,100.0,120,14400,300,0.0,momentum,-14.000000000000142,-14.000000000000142,-0.18181818181818366,-1.8090680674654476,0.0,-14.000000000000142,0.0,0.012987012987012988,77,1,0.0,-14.000000000000142,0.0,0,1,0.012987012987012988,2025-10,2025-12,2026-01,2026-01
a=10s | move=100c/180s | hold=14400s | vol off | momentum,10,100.0,180,14400,300,0.0,momentum,-14.000000000000142,-14.000000000000142,-0.18181818181818366,-1.8090680674654476,0.0,-14.000000000000142,0.0,0.012987012987012988,77,1,0.0,-14.000000000000142,0.0,0,1,0.012987012987012988,2025-10,2025-12,2026-01,2026-01
a=30s | move=100c/120s | hold=14400s | vol off | momentum,30,100.0,120,14400,300,0.0,momentum,-15.999999999999744,-15.999999999999744,-0.20779220779220448,-1.8090680674655892,0.0,-15.999999999999744,0.0,0.012987012987012988,77,1,0.0,-15.999999999999744,0.0,0,1,0.012987012987012988,2025-10,2025-12,2026-01,2026-01
a=15s | move=70c/75s | hold=16200s | vol off | momentum,15,70.0,75,16200,300,0.0,momentum,-16.000000000000455,-16.000000000000455,-0.2077922077922137,-1.8090680674655895,0.0,-16.000000000000455,0.0,0.012987012987012988,77,1,0.0,-16.000000000000455,0.0,0,1,0.012987012987012988,2025-10,2025-12,2026-01,2026-01
a=15s | move=72.5c/75s | hold=16200s | vol off | momentum,15,72.5,75,16200,300,0.0,momentum,-16.000000000000455,-16.000000000000455,-0.2077922077922137,-1.8090680674655895,0.0,-16.000000000000455,0.0,0.012987012987012988,77,1,0.0,-16.000000000000455,0.0,0,1,0.012987012987012988,2025-10,2025-12,2026-01,2026-01
a=30s | move=100c/300s | hold=14400s | vol off | momentum,30,100.0,300,14400,300,0.0,momentum,-18.000000000000057,-18.000000000000057,-0.2337662337662345,-1.8090680674656998,0.0,-18.000000000000057,0.0,0.012987012987012988,77,1,0.0,-18.000000000000057,0.0,0,1,0.012987012987012988,2025-10,2025-12,2026-01,2026-01
a=120s | move=100c/600s | hold=14400s | vol off | momentum,120,100.0,600,14400,300,0.0,momentum,-23.000000000000483,-23.000000000000483,-0.29870129870130496,-1.8090680674658914,0.0,-23.000000000000483,0.0,0.012987012987012988,77,1,0.0,-23.000000000000483,0.0,0,1,0.012987012987012988,2025-10,2025-12,2026-01,2026-01
a=60s | move=10c/30s | hold=28800s | vol off | momentum,60,10.0,30,28800,300,0.0,momentum,-222.9999999999992,-222.9999999999992,-2.896103896103886,-0.999411163907085,-1.2580940112119279,-466.0000000000015,0.33766233766233766,0.7922077922077922,77,61,0.4262295081967213,-3.6557377049180197,0.8155500413564929,28,33,0.7922077922077922,2025-10,2025-12,2026-01,2026-01
a=30s | move=10c/30s | hold=28800s | vol off | momentum,30,10.0,30,28800,300,0.0,momentum,-230.0000000000042,-230.0000000000042,-2.9870129870130415,-1.0313286243735105,-1.2953663409669467,-422.000000000004,0.33766233766233766,0.7922077922077922,77,61,0.4262295081967213,-3.7704918032787575,0.8100743187448354,28,33,0.7922077922077922,2025-10,2025-12,2026-01,2026-01
a=10s | move=10c/30s | hold=28800s | vol off | momentum,10,10.0,30,28800,300,0.0,momentum,-236.99999999999713,-236.99999999999713,-3.0779220779220404,-1.0701143064463643,-1.33378714817441,-409.99999999999966,0.33766233766233766,0.7922077922077922,77,61,0.4262295081967213,-3.8852459016392973,0.8010075566750647,28,33,0.7922077922077922,2025-10,2025-12,2026-01,2026-01
a=5s | move=10c/30s | hold=28800s | vol off | momentum,5,10.0,30,28800,300,0.0,momentum,-252.99999999999537,-252.99999999999537,-3.2857142857142256,-1.139441616569898,-1.441862923796683,-413.9999999999976,0.3246753246753247,0.7922077922077922,77,61,0.4098360655737705,-4.147540983606482,0.7926229508196753,28,33,0.7922077922077922,2025-10,2025-12,2026-01,2026-01
a=120s | move=10c/30s | hold=28800s | vol off | momentum,120,10.0,30,28800,300,0.0,momentum,-255.9999999999969,-255.9999999999969,-3.3246753246752845,-1.1269186515282092,-1.4161462591099199,-519.9999999999998,0.33766233766233766,0.7922077922077922,77,61,0.4262295081967213,-4.196721311475359,0.7948717948717967,28,33,0.7922077922077922,2025-10,2025-12,2026-01,2026-01
a=1s | move=10c/180s | hold=21600s | vol off | momentum,1,10.0,180,21600,300,0.0,momentum,-258.9999999999952,-258.9999999999952,-3.3636363636363016,-1.6631459769495787,-2.4218929904788906,-541.9999999999973,0.36363636363636365,0.8441558441558441,77,65,0.4307692307692308,-3.984615384615311,0.7367886178861822,29,36,0.8441558441558441,2025-10,2025-12,2026-01,2026-01
a=10s | move=10c/180s | hold=21600s | vol off | momentum,10,10.0,180,21600,300,0.0,momentum,-272.99999999999807,-272.99999999999807,-3.5454545454545205,-1.7778507695854373,-2.632946560161378,-531.9999999999984,0.38961038961038963,0.8441558441558441,77,65,0.46153846153846156,-4.199999999999972,0.7214285714285723,29,36,0.8441558441558441,2025-10,2025-12,2026-01,2026-01
a=5s | move=10c/180s | hold=21600s | vol off | momentum,5,10.0,180,21600,300,0.0,momentum,-274.9999999999985,-274.9999999999985,-3.571428571428552,-1.7806675526501685,-2.592200734524918,-536.9999999999968,0.37662337662337664,0.8441558441558441,77,65,0.4461538461538462,-4.230769230769206,0.7208121827411177,29,36,0.8441558441558441,2025-10,2025-12,2026-01,2026-01
a=1s | move=10c/30s | hold=28800s | vol off | momentum,1,10.0,30,28800,300,0.0,momentum,-276.0000000000036,-276.0000000000036,-3.584415584415631,-1.2491248756928974,-1.5756408547075524,-423.99999999999994,0.3246753246753247,0.7922077922077922,77,61,0.4098360655737705,-4.5245901639344845,0.7750611246943734,28,33,0.7922077922077922,2025-10,2025-12,2026-01,2026-01
a=300s | move=10c/30s | hold=28800s | vol off | momentum,300,10.0,30,28800,300,0.0,momentum,-279.99999999999926,-279.99999999999926,-3.636363636363627,-1.2490752381321242,-1.5019504704619702,-512.9999999999998,0.36363636363636365,0.7922077922077922,77,61,0.45901639344262296,-4.590163934426218,0.7701149425287358,28,33,0.7922077922077922,2025-10,2025-12,2026-01,2026-01
a=30s | move=10c/180s | hold=21600s | vol off | momentum,30,10.0,180,21600,300,0.0,momentum,-286.00000000000125,-286.00000000000125,-3.7142857142857304,-1.8906368134918003,-2.7690756487185935,-522.9999999999989,0.38961038961038963,0.8441558441558441,77,65,0.46153846153846156,-4.400000000000019,0.7060637204522083,29,36,0.8441558441558441,2025-10,2025-12,2026-01,2026-01
a=60s | move=10c/180s | hold=21600s | vol off | momentum,60,10.0,180,21600,300,0.0,momentum,-286.0000000000055,-286.0000000000055,-3.714285714285786,-1.8657388735531104,-2.791679789922274,-535.0000000000008,0.38961038961038963,0.8441558441558441,77,65,0.46153846153846156,-4.400000000000084,0.7099391480730168,29,36,0.8441558441558441,2025-10,2025-12,2026-01,2026-01
a=120s | move=10c/180s | hold=21600s | vol off | momentum,120,10.0,180,21600,300,0.0,momentum,-313.0000000000002,-313.0000000000002,-4.064935064935068,-1.977687943083834,-2.9275076783945475,-551.0000000000005,0.35064935064935066,0.8441558441558441,77,65,0.4153846153846154,-4.815384615384617,0.6907114624505921,29,36,0.8441558441558441,2025-10,2025-12,2026-01,2026-01
a=300s | move=75c/3600s | hold=14400s | vol off | momentum,300,75.0,3600,14400,300,0.0,momentum,-363.9999999999983,-363.9999999999983,-4.727272727272705,-3.1312610052109435,-2.714542138532558,-419.9999999999998,0.07792207792207792,0.2727272727272727,77,21,0.2857142857142857,-17.33333333333325,0.36695652173913185,6,15,0.2727272727272727,2025-10,2025-12,2026-01,2026-01
a=30s | move=12c/180s | hold=28800s | vol off | momentum,30,12.0,180,28800,300,0.0,momentum,-461.0000000000018,-461.0000000000018,-5.987012987013011,-1.9093839820471383,-2.9281293387734006,-589.0000000000001,0.36363636363636365,0.8311688311688312,77,64,0.4375,-7.203125000000028,0.7078580481622292,35,29,0.8311688311688312,2025-10,2025-12,2026-01,2026-01
a=5s | move=12c/180s | hold=32400s | vol off | momentum,5,12.0,180,32400,300,0.0,momentum,-566.0000000000008,-566.0000000000008,-7.350649350649361,-2.1203102886999505,-2.981811605369605,-691.000000000003,0.3246753246753247,0.8311688311688312,77,64,0.390625,-8.843750000000012,0.6709302325581387,35,29,0.8311688311688312,2025-10,2025-12,2026-01,2026-01
a=1s | move=12c/180s | hold=32400s | vol off | momentum,1,12.0,180,32400,300,0.0,momentum,-568.000000000001,-568.000000000001,-7.37662337662339,-2.124010864262435,-2.979665587148453,-690.0000000000016,0.2987012987012987,0.8311688311688312,77,64,0.359375,-8.875000000000018,0.6703424260011597,35,29,0.8311688311688312,2025-10,2025-12,2026-01,2026-01
a=30s | move=12c/180s | hold=25200s | vol off | momentum,30,12.0,180,25200,300,0.0,momentum,-587.0000000000001,-587.0000000000001,-7.6233766233766245,-2.6407317543618003,-3.3018681782150994,-699.0000000000011,0.4025974025974026,0.8311688311688312,77,64,0.484375,-9.171875000000004,0.6012228260869567,35,29,0.8311688311688312,2025-10,2025-12,2026-01,2026-01
a=1s | move=10c/180s | hold=28800s | vol off | momentum,1,10.0,180,28800,300,0.0,momentum,-588.9999999999999,-588.9999999999999,-7.649350649350648,-2.6399271724055793,-4.026684994177363,-656.9999999999998,0.3116883116883117,0.8441558441558441,77,65,0.36923076923076925,-9.06153846153846,0.6054922973878096,29,36,0.8441558441558441,2025-10,2025-12,2026-01,2026-01
a=5s | move=10c/180s | hold=28800s | vol off | momentum,5,10.0,180,28800,300,0.0,momentum,-594.9999999999974,-594.9999999999974,-7.727272727272693,-2.6616126521969017,-4.028236434004661,-652.9999999999962,0.3116883116883117,0.8441558441558441,77,65,0.36923076923076925,-9.153846153846114,0.602272727272728,29,36,0.8441558441558441,2025-10,2025-12,2026-01,2026-01
a=10s | move=10c/180s | hold=28800s | vol off | momentum,10,10.0,180,28800,300,0.0,momentum,-600.9999999999968,-600.9999999999968,-7.8051948051947635,-2.6871476565729973,-4.02710246237345,-650.9999999999975,0.3246753246753247,0.8441558441558441,77,65,0.38461538461538464,-9.246153846153797,0.597454789015406,29,36,0.8441558441558441,2025-10,2025-12,2026-01,2026-01
a=30s | move=12c/180s | hold=32400s | vol off | momentum,30,12.0,180,32400,300,0.0,momentum,-603.0000000000019,-603.0000000000019,-7.831168831168856,-2.277358366117958,-3.2487110505849603,-709.0000000000024,0.3246753246753247,0.8311688311688312,77,64,0.390625,-9.421875000000032,0.6520484708597796,35,29,0.8311688311688312,2025-10,2025-12,2026-01,2026-01
a=60s | move=10c/180s | hold=28800s | vol off | momentum,60,10.0,180,28800,300,0.0,momentum,-605.0000000000002,-605.0000000000002,-7.85714285714286,-2.6822107691348887,-4.176178948547619,-692.0000000000011,0.2987012987012987,0.8441558441558441,77,65,0.35384615384615387,-9.307692307692314,0.6030183727034114,29,36,0.8441558441558441,2025-10,2025-12,2026-01,2026-01
a=30s | move=10c/180s | hold=28800s | vol off | momentum,30,10.0,180,28800,300,0.0,momentum,-621.0000000000006,-621.0000000000006,-8.064935064935073,-2.78839364222083,-4.285221719936763,-654.9999999999973,0.3116883116883117,0.8441558441558441,77,65,0.36923076923076925,-9.553846153846164,0.5900990099009896,29,36,0.8441558441558441,2025-10,2025-12,2026-01,2026-01
a=120s | move=10c/180s | hold=28800s | vol off | momentum,120,10.0,180,28800,300,0.0,momentum,-633.9999999999961,-633.9999999999961,-8.233766233766184,-2.794096916946369,-4.270838377909461,-742.9999999999986,0.2987012987012987,0.8441558441558441,77,65,0.35384615384615387,-9.75384615384609,0.5875081327260925,29,36,0.8441558441558441,2025-10,2025-12,2026-01,2026-01
a=30s | move=10c/180s | hold=32400s | vol off | momentum,30,10.0,180,32400,300,0.0,momentum,-639.9999999999995,-639.9999999999995,-8.311688311688306,-2.7169740309126933,-3.762395454525616,-718.9999999999984,0.2987012987012987,0.8441558441558441,77,65,0.35384615384615387,-9.846153846153841,0.5892169448010269,29,36,0.8441558441558441,2025-10,2025-12,2026-01,2026-01
a=300s | move=10c/180s | hold=28800s | vol off | momentum,300,10.0,180,28800,300,0.0,momentum,-680.999999999998,-680.999999999998,-8.844155844155818,-2.9970673843290903,-4.535670324151646,-722.0,0.33766233766233766,0.8441558441558441,77,65,0.4,-10.476923076923045,0.558937823834198,29,36,0.8441558441558441,2025-10,2025-12,2026-01,2026-01
a=1s | move=75c/60s | hold=14400s | vol off | momentum,1,75.0,60,14400,300,0.0,momentum,-inf,0.0,0.0,0.0,0.0,0.0,0.0,0.0,77,0,0.0,0.0,0.0,0,0,0.0,2025-10,2025-12,2026-01,2026-01
a=10s | move=75c/60s | hold=14400s | vol off | momentum,10,75.0,60,14400,300,0.0,momentum,-inf,0.0,0.0,0.0,0.0,0.0,0.0,0.0,77,0,0.0,0.0,0.0,0,0,0.0,2025-10,2025-12,2026-01,2026-01
a=5s | move=75c/60s | hold=14400s | vol off | momentum,5,75.0,60,14400,300,0.0,momentum,-inf,0.0,0.0,0.0,0.0,0.0,0.0,0.0,77,0,0.0,0.0,0.0,0,0,0.0,2025-10,2025-12,2026-01,2026-01
a=1s | move=80c/75s | hold=18000s | vol off | momentum,1,80.0,75,18000,300,0.0,momentum,-inf,0.0,0.0,0.0,0.0,0.0,0.0,0.0,77,0,0.0,0.0,0.0,0,0,0.0,2025-10,2025-12,2026-01,2026-01
a=30s | move=75c/60s | hold=14400s | vol off | momentum,30,75.0,60,14400,300,0.0,momentum,-inf,0.0,0.0,0.0,0.0,0.0,0.0,0.0,77,0,0.0,0.0,0.0,0,0,0.0,2025-10,2025-12,2026-01,2026-01
a=300s | move=200c/1800s | hold=300s | vol off | momentum,300,200.0,1800,300,300,0.0,momentum,-inf,0.0,0.0,0.0,0.0,0.0,0.0,0.0,77,0,0.0,0.0,0.0,0,0,0.0,2025-10,2025-12,2026-01,2026-01
a=5s | move=85c/75s | hold=18000s | vol off | momentum,5,85.0,75,18000,300,0.0,momentum,-inf,0.0,0.0,0.0,0.0,0.0,0.0,0.0,77,0,0.0,0.0,0.0,0,0,0.0,2025-10,2025-12,2026-01,2026-01
a=10s | move=80c/75s | hold=18000s | vol off | momentum,10,80.0,75,18000,300,0.0,momentum,-inf,0.0,0.0,0.0,0.0,0.0,0.0,0.0,77,0,0.0,0.0,0.0,0,0,0.0,2025-10,2025-12,2026-01,2026-01
a=1s | move=75c/60s | hold=10800s | vol off | momentum,1,75.0,60,10800,300,0.0,momentum,-inf,0.0,0.0,0.0,0.0,0.0,0.0,0.0,77,0,0.0,0.0,0.0,0,0,0.0,2025-10,2025-12,2026-01,2026-01
a=5s | move=80c/75s | hold=18000s | vol off | momentum,5,80.0,75,18000,300,0.0,momentum,-inf,0.0,0.0,0.0,0.0,0.0,0.0,0.0,77,0,0.0,0.0,0.0,0,0,0.0,2025-10,2025-12,2026-01,2026-01
a=10s | move=75c/60s | hold=10800s | vol off | momentum,10,75.0,60,10800,300,0.0,momentum,-inf,0.0,0.0,0.0,0.0,0.0,0.0,0.0,77,0,0.0,0.0,0.0,0,0,0.0,2025-10,2025-12,2026-01,2026-01
a=5s | move=75c/60s | hold=7200s | vol off | momentum,5,75.0,60,7200,300,0.0,momentum,-inf,0.0,0.0,0.0,0.0,0.0,0.0,0.0,77,0,0.0,0.0,0.0,0,0,0.0,2025-10,2025-12,2026-01,2026-01
a=120s | move=75c/60s | hold=14400s | vol off | momentum,120,75.0,60,14400,300,0.0,momentum,-inf,0.0,0.0,0.0,0.0,0.0,0.0,0.0,77,0,0.0,0.0,0.0,0,0,0.0,2025-10,2025-12,2026-01,2026-01
a=30s | move=75c/60s | hold=7200s | vol off | momentum,30,75.0,60,7200,300,0.0,momentum,-inf,0.0,0.0,0.0,0.0,0.0,0.0,0.0,77,0,0.0,0.0,0.0,0,0,0.0,2025-10,2025-12,2026-01,2026-01
a=60s | move=75c/60s | hold=10800s | vol off | momentum,60,75.0,60,10800,300,0.0,momentum,-inf,0.0,0.0,0.0,0.0,0.0,0.0,0.0,77,0,0.0,0.0,0.0,0,0,0.0,2025-10,2025-12,2026-01,2026-01
a=7s | move=75c/75s | hold=14400s | vol off | momentum,7,75.0,75,14400,300,0.0,momentum,-inf,0.0,0.0,0.0,0.0,0.0,0.0,0.0,77,0,0.0,0.0,0.0,0,0,0.0,2025-10,2025-12,2026-01,2026-01
a=10s | move=75c/30s | hold=14400s | vol off | momentum,10,75.0,30,14400,300,0.0,momentum,-inf,0.0,0.0,0.0,0.0,0.0,0.0,0.0,77,0,0.0,0.0,0.0,0,0,0.0,2025-10,2025-12,2026-01,2026-01
a=10s | move=75c/60s | hold=10800s | vol>2x/300s | momentum,10,75.0,60,10800,300,2.0,momentum,-inf,0.0,0.0,0.0,0.0,0.0,0.0,0.0,77,0,0.0,0.0,0.0,0,0,0.0,2025-10,2025-12,2026-01,2026-01
a=5s | move=75c/60s | hold=10800s | vol>2x/300s | momentum,5,75.0,60,10800,300,2.0,momentum,-inf,0.0,0.0,0.0,0.0,0.0,0.0,0.0,77,0,0.0,0.0,0.0,0,0,0.0,2025-10,2025-12,2026-01,2026-01
a=1s | move=75c/30s | hold=14400s | vol>2x/300s | momentum,1,75.0,30,14400,300,2.0,momentum,-inf,0.0,0.0,0.0,0.0,0.0,0.0,0.0,77,0,0.0,0.0,0.0,0,0,0.0,2025-10,2025-12,2026-01,2026-01
a=30s | move=75c/60s | hold=10800s | vol>2x/300s | momentum,30,75.0,60,10800,300,2.0,momentum,-inf,0.0,0.0,0.0,0.0,0.0,0.0,0.0,77,0,0.0,0.0,0.0,0,0,0.0,2025-10,2025-12,2026-01,2026-01
a=5s | move=75c/30s | hold=14400s | vol off | momentum,5,75.0,30,14400,300,0.0,momentum,-inf,0.0,0.0,0.0,0.0,0.0,0.0,0.0,77,0,0.0,0.0,0.0,0,0,0.0,2025-10,2025-12,2026-01,2026-01
a=60s | move=75c/60s | hold=10800s | vol>2x/300s | momentum,60,75.0,60,10800,300,2.0,momentum,-inf,0.0,0.0,0.0,0.0,0.0,0.0,0.0,77,0,0.0,0.0,0.0,0,0,0.0,2025-10,2025-12,2026-01,2026-01
a=1s | move=75c/30s | hold=14400s | vol off | momentum,1,75.0,30,14400,300,0.0,momentum,-inf,0.0,0.0,0.0,0.0,0.0,0.0,0.0,77,0,0.0,0.0,0.0,0,0,0.0,2025-10,2025-12,2026-01,2026-01
a=1s | move=75c/60s | hold=10800s | vol>2x/300s | momentum,1,75.0,60,10800,300,2.0,momentum,-inf,0.0,0.0,0.0,0.0,0.0,0.0,0.0,77,0,0.0,0.0,0.0,0,0,0.0,2025-10,2025-12,2026-01,2026-01
a=30s | move=75c/60s | hold=10800s | vol off | momentum,30,75.0,60,10800,300,0.0,momentum,-inf,0.0,0.0,0.0,0.0,0.0,0.0,0.0,77,0,0.0,0.0,0.0,0,0,0.0,2025-10,2025-12,2026-01,2026-01
a=120s | move=75c/60s | hold=7200s | vol>2x/300s | momentum,120,75.0,60,7200,300,2.0,momentum,-inf,0.0,0.0,0.0,0.0,0.0,0.0,0.0,77,0,0.0,0.0,0.0,0,0,0.0,2025-10,2025-12,2026-01,2026-01
a=60s | move=75c/60s | hold=14400s | vol off | momentum,60,75.0,60,14400,300,0.0,momentum,-inf,0.0,0.0,0.0,0.0,0.0,0.0,0.0,77,0,0.0,0.0,0.0,0,0,0.0,2025-10,2025-12,2026-01,2026-01
a=10s | move=75c/60s | hold=7200s | vol off | momentum,10,75.0,60,7200,300,0.0,momentum,-inf,0.0,0.0,0.0,0.0,0.0,0.0,0.0,77,0,0.0,0.0,0.0,0,0,0.0,2025-10,2025-12,2026-01,2026-01
a=5s | move=75c/60s | hold=10800s | vol off | momentum,5,75.0,60,10800,300,0.0,momentum,-inf,0.0,0.0,0.0,0.0,0.0,0.0,0.0,77,0,0.0,0.0,0.0,0,0,0.0,2025-10,2025-12,2026-01,2026-01
a=3s | move=85c/75s | hold=18000s | vol off | momentum,3,85.0,75,18000,300,0.0,momentum,-inf,0.0,0.0,0.0,0.0,0.0,0.0,0.0,77,0,0.0,0.0,0.0,0,0,0.0,2025-10,2025-12,2026-01,2026-01
a=7s | move=77.5c/75s | hold=16200s | vol off | momentum,7,77.5,75,16200,300,0.0,momentum,-inf,0.0,0.0,0.0,0.0,0.0,0.0,0.0,77,0,0.0,0.0,0.0,0,0,0.0,2025-10,2025-12,2026-01,2026-01
a=15s | move=77.5c/75s | hold=14400s | vol off | momentum,15,77.5,75,14400,300,0.0,momentum,-inf,0.0,0.0,0.0,0.0,0.0,0.0,0.0,77,0,0.0,0.0,0.0,0,0,0.0,2025-10,2025-12,2026-01,2026-01
a=30s | move=75c/60s | hold=7200s | vol>2x/300s | momentum,30,75.0,60,7200,300,2.0,momentum,-inf,0.0,0.0,0.0,0.0,0.0,0.0,0.0,77,0,0.0,0.0,0.0,0,0,0.0,2025-10,2025-12,2026-01,2026-01
a=3s | move=85c/75s | hold=14400s | vol off | momentum,3,85.0,75,14400,300,0.0,momentum,-inf,0.0,0.0,0.0,0.0,0.0,0.0,0.0,77,0,0.0,0.0,0.0,0,0,0.0,2025-10,2025-12,2026-01,2026-01
a=1s | move=85c/75s | hold=14400s | vol off | momentum,1,85.0,75,14400,300,0.0,momentum,-inf,0.0,0.0,0.0,0.0,0.0,0.0,0.0,77,0,0.0,0.0,0.0,0,0,0.0,2025-10,2025-12,2026-01,2026-01
a=10s | move=85c/75s | hold=14400s | vol off | momentum,10,85.0,75,14400,300,0.0,momentum,-inf,0.0,0.0,0.0,0.0,0.0,0.0,0.0,77,0,0.0,0.0,0.0,0,0,0.0,2025-10,2025-12,2026-01,2026-01
a=15s | move=75c/75s | hold=16200s | vol off | momentum,15,75.0,75,16200,300,0.0,momentum,-inf,0.0,0.0,0.0,0.0,0.0,0.0,0.0,77,0,0.0,0.0,0.0,0,0,0.0,2025-10,2025-12,2026-01,2026-01
a=5s | move=85c/75s | hold=14400s | vol off | momentum,5,85.0,75,14400,300,0.0,momentum,-inf,0.0,0.0,0.0,0.0,0.0,0.0,0.0,77,0,0.0,0.0,0.0,0,0,0.0,2025-10,2025-12,2026-01,2026-01
a=3s | move=77.5c/75s | hold=14400s | vol off | momentum,3,77.5,75,14400,300,0.0,momentum,-inf,0.0,0.0,0.0,0.0,0.0,0.0,0.0,77,0,0.0,0.0,0.0,0,0,0.0,2025-10,2025-12,2026-01,2026-01
a=15s | move=80c/75s | hold=16200s | vol off | momentum,15,80.0,75,16200,300,0.0,momentum,-inf,0.0,0.0,0.0,0.0,0.0,0.0,0.0,77,0,0.0,0.0,0.0,0,0,0.0,2025-10,2025-12,2026-01,2026-01
a=7s | move=77.5c/75s | hold=14400s | vol off | momentum,7,77.5,75,14400,300,0.0,momentum,-inf,0.0,0.0,0.0,0.0,0.0,0.0,0.0,77,0,0.0,0.0,0.0,0,0,0.0,2025-10,2025-12,2026-01,2026-01
a=3s | move=77.5c/45s | hold=16200s | vol off | momentum,3,77.5,45,16200,300,0.0,momentum,-inf,0.0,0.0,0.0,0.0,0.0,0.0,0.0,77,0,0.0,0.0,0.0,0,0,0.0,2025-10,2025-12,2026-01,2026-01
a=10s | move=75c/60s | hold=7200s | vol>2x/300s | momentum,10,75.0,60,7200,300,2.0,momentum,-inf,0.0,0.0,0.0,0.0,0.0,0.0,0.0,77,0,0.0,0.0,0.0,0,0,0.0,2025-10,2025-12,2026-01,2026-01
a=10s | move=70c/45s | hold=7200s | vol>3x/300s | momentum,10,70.0,45,7200,300,3.0,momentum,-inf,0.0,0.0,0.0,0.0,0.0,0.0,0.0,77,0,0.0,0.0,0.0,0,0,0.0,2025-10,2025-12,2026-01,2026-01
a=1s | move=75c/60s | hold=7200s | vol>2x/300s | momentum,1,75.0,60,7200,300,2.0,momentum,-inf,0.0,0.0,0.0,0.0,0.0,0.0,0.0,77,0,0.0,0.0,0.0,0,0,0.0,2025-10,2025-12,2026-01,2026-01
a=10s | move=85c/75s | hold=12600s | vol off | momentum,10,85.0,75,12600,300,0.0,momentum,-inf,0.0,0.0,0.0,0.0,0.0,0.0,0.0,77,0,0.0,0.0,0.0,0,0,0.0,2025-10,2025-12,2026-01,2026-01
a=1s | move=85c/75s | hold=12600s | vol off | momentum,1,85.0,75,12600,300,0.0,momentum,-inf,0.0,0.0,0.0,0.0,0.0,0.0,0.0,77,0,0.0,0.0,0.0,0,0,0.0,2025-10,2025-12,2026-01,2026-01
a=5s | move=75c/60s | hold=7200s | vol>2x/300s | momentum,5,75.0,60,7200,300,2.0,momentum,-inf,0.0,0.0,0.0,0.0,0.0,0.0,0.0,77,0,0.0,0.0,0.0,0,0,0.0,2025-10,2025-12,2026-01,2026-01
a=7s | move=85c/75s | hold=12600s | vol off | momentum,7,85.0,75,12600,300,0.0,momentum,-inf,0.0,0.0,0.0,0.0,0.0,0.0,0.0,77,0,0.0,0.0,0.0,0,0,0.0,2025-10,2025-12,2026-01,2026-01
a=3s | move=85c/75s | hold=12600s | vol off | momentum,3,85.0,75,12600,300,0.0,momentum,-inf,0.0,0.0,0.0,0.0,0.0,0.0,0.0,77,0,0.0,0.0,0.0,0,0,0.0,2025-10,2025-12,2026-01,2026-01
a=30s | move=85c/75s | hold=12600s | vol off | momentum,30,85.0,75,12600,300,0.0,momentum,-inf,0.0,0.0,0.0,0.0,0.0,0.0,0.0,77,0,0.0,0.0,0.0,0,0,0.0,2025-10,2025-12,2026-01,2026-01
a=15s | move=85c/75s | hold=12600s | vol off | momentum,15,85.0,75,12600,300,0.0,momentum,-inf,0.0,0.0,0.0,0.0,0.0,0.0,0.0,77,0,0.0,0.0,0.0,0,0,0.0,2025-10,2025-12,2026-01,2026-01
a=5s | move=85c/75s | hold=12600s | vol off | momentum,5,85.0,75,12600,300,0.0,momentum,-inf,0.0,0.0,0.0,0.0,0.0,0.0,0.0,77,0,0.0,0.0,0.0,0,0,0.0,2025-10,2025-12,2026-01,2026-01
a=7s | move=85c/75s | hold=14400s | vol off | momentum,7,85.0,75,14400,300,0.0,momentum,-inf,0.0,0.0,0.0,0.0,0.0,0.0,0.0,77,0,0.0,0.0,0.0,0,0,0.0,2025-10,2025-12,2026-01,2026-01
a=1s | move=80c/75s | hold=16200s | vol off | momentum,1,80.0,75,16200,300,0.0,momentum,-inf,0.0,0.0,0.0,0.0,0.0,0.0,0.0,77,0,0.0,0.0,0.0,0,0,0.0,2025-10,2025-12,2026-01,2026-01
a=30s | move=77.5c/75s | hold=16200s | vol off | momentum,30,77.5,75,16200,300,0.0,momentum,-inf,0.0,0.0,0.0,0.0,0.0,0.0,0.0,77,0,0.0,0.0,0.0,0,0,0.0,2025-10,2025-12,2026-01,2026-01
a=15s | move=77.5c/75s | hold=16200s | vol off | momentum,15,77.5,75,16200,300,0.0,momentum,-inf,0.0,0.0,0.0,0.0,0.0,0.0,0.0,77,0,0.0,0.0,0.0,0,0,0.0,2025-10,2025-12,2026-01,2026-01
a=7s | move=75c/75s | hold=16200s | vol off | momentum,7,75.0,75,16200,300,0.0,momentum,-inf,0.0,0.0,0.0,0.0,0.0,0.0,0.0,77,0,0.0,0.0,0.0,0,0,0.0,2025-10,2025-12,2026-01,2026-01
a=10s | move=77.5c/75s | hold=16200s | vol off | momentum,10,77.5,75,16200,300,0.0,momentum,-inf,0.0,0.0,0.0,0.0,0.0,0.0,0.0,77,0,0.0,0.0,0.0,0,0,0.0,2025-10,2025-12,2026-01,2026-01
a=10s | move=85c/75s | hold=16200s | vol off | momentum,10,85.0,75,16200,300,0.0,momentum,-inf,0.0,0.0,0.0,0.0,0.0,0.0,0.0,77,0,0.0,0.0,0.0,0,0,0.0,2025-10,2025-12,2026-01,2026-01
a=7s | move=85c/75s | hold=16200s | vol off | momentum,7,85.0,75,16200,300,0.0,momentum,-inf,0.0,0.0,0.0,0.0,0.0,0.0,0.0,77,0,0.0,0.0,0.0,0,0,0.0,2025-10,2025-12,2026-01,2026-01
a=7s | move=80c/75s | hold=16200s | vol off | momentum,7,80.0,75,16200,300,0.0,momentum,-inf,0.0,0.0,0.0,0.0,0.0,0.0,0.0,77,0,0.0,0.0,0.0,0,0,0.0,2025-10,2025-12,2026-01,2026-01
a=1s | move=75c/75s | hold=16200s | vol off | momentum,1,75.0,75,16200,300,0.0,momentum,-inf,0.0,0.0,0.0,0.0,0.0,0.0,0.0,77,0,0.0,0.0,0.0,0,0,0.0,2025-10,2025-12,2026-01,2026-01
a=3s | move=85c/75s | hold=16200s | vol off | momentum,3,85.0,75,16200,300,0.0,momentum,-inf,0.0,0.0,0.0,0.0,0.0,0.0,0.0,77,0,0.0,0.0,0.0,0,0,0.0,2025-10,2025-12,2026-01,2026-01
a=3s | move=75c/75s | hold=16200s | vol off | momentum,3,75.0,75,16200,300,0.0,momentum,-inf,0.0,0.0,0.0,0.0,0.0,0.0,0.0,77,0,0.0,0.0,0.0,0,0,0.0,2025-10,2025-12,2026-01,2026-01
a=30s | move=85c/75s | hold=16200s | vol off | momentum,30,85.0,75,16200,300,0.0,momentum,-inf,0.0,0.0,0.0,0.0,0.0,0.0,0.0,77,0,0.0,0.0,0.0,0,0,0.0,2025-10,2025-12,2026-01,2026-01
a=5s | move=77.5c/75s | hold=16200s | vol off | momentum,5,77.5,75,16200,300,0.0,momentum,-inf,0.0,0.0,0.0,0.0,0.0,0.0,0.0,77,0,0.0,0.0,0.0,0,0,0.0,2025-10,2025-12,2026-01,2026-01
a=5s | move=85c/75s | hold=16200s | vol off | momentum,5,85.0,75,16200,300,0.0,momentum,-inf,0.0,0.0,0.0,0.0,0.0,0.0,0.0,77,0,0.0,0.0,0.0,0,0,0.0,2025-10,2025-12,2026-01,2026-01
a=1s | move=85c/75s | hold=16200s | vol off | momentum,1,85.0,75,16200,300,0.0,momentum,-inf,0.0,0.0,0.0,0.0,0.0,0.0,0.0,77,0,0.0,0.0,0.0,0,0,0.0,2025-10,2025-12,2026-01,2026-01
a=10s | move=75c/75s | hold=16200s | vol off | momentum,10,75.0,75,16200,300,0.0,momentum,-inf,0.0,0.0,0.0,0.0,0.0,0.0,0.0,77,0,0.0,0.0,0.0,0,0,0.0,2025-10,2025-12,2026-01,2026-01
a=1s | move=77.5c/75s | hold=16200s | vol off | momentum,1,77.5,75,16200,300,0.0,momentum,-inf,0.0,0.0,0.0,0.0,0.0,0.0,0.0,77,0,0.0,0.0,0.0,0,0,0.0,2025-10,2025-12,2026-01,2026-01
a=5s | move=75c/75s | hold=16200s | vol off | momentum,5,75.0,75,16200,300,0.0,momentum,-inf,0.0,0.0,0.0,0.0,0.0,0.0,0.0,77,0,0.0,0.0,0.0,0,0,0.0,2025-10,2025-12,2026-01,2026-01
a=5s | move=80c/75s | hold=16200s | vol off | momentum,5,80.0,75,16200,300,0.0,momentum,-inf,0.0,0.0,0.0,0.0,0.0,0.0,0.0,77,0,0.0,0.0,0.0,0,0,0.0,2025-10,2025-12,2026-01,2026-01
a=3s | move=80c/75s | hold=16200s | vol off | momentum,3,80.0,75,16200,300,0.0,momentum,-inf,0.0,0.0,0.0,0.0,0.0,0.0,0.0,77,0,0.0,0.0,0.0,0,0,0.0,2025-10,2025-12,2026-01,2026-01
a=10s | move=80c/75s | hold=16200s | vol off | momentum,10,80.0,75,16200,300,0.0,momentum,-inf,0.0,0.0,0.0,0.0,0.0,0.0,0.0,77,0,0.0,0.0,0.0,0,0,0.0,2025-10,2025-12,2026-01,2026-01
a=15s | move=85c/75s | hold=16200s | vol off | momentum,15,85.0,75,16200,300,0.0,momentum,-inf,0.0,0.0,0.0,0.0,0.0,0.0,0.0,77,0,0.0,0.0,0.0,0,0,0.0,2025-10,2025-12,2026-01,2026-01
a=60s | move=75c/60s | hold=7200s | vol>2x/300s | momentum,60,75.0,60,7200,300,2.0,momentum,-inf,0.0,0.0,0.0,0.0,0.0,0.0,0.0,77,0,0.0,0.0,0.0,0,0,0.0,2025-10,2025-12,2026-01,2026-01
a=30s | move=70c/45s | hold=7200s | vol>3x/300s | momentum,30,70.0,45,7200,300,3.0,momentum,-inf,0.0,0.0,0.0,0.0,0.0,0.0,0.0,77,0,0.0,0.0,0.0,0,0,0.0,2025-10,2025-12,2026-01,2026-01
a=3s | move=80c/75s | hold=18000s | vol off | momentum,3,80.0,75,18000,300,0.0,momentum,-inf,0.0,0.0,0.0,0.0,0.0,0.0,0.0,77,0,0.0,0.0,0.0,0,0,0.0,2025-10,2025-12,2026-01,2026-01
a=3s | move=77.5c/75s | hold=18000s | vol off | momentum,3,77.5,75,18000,300,0.0,momentum,-inf,0.0,0.0,0.0,0.0,0.0,0.0,0.0,77,0,0.0,0.0,0.0,0,0,0.0,2025-10,2025-12,2026-01,2026-01
a=7s | move=80c/75s | hold=14400s | vol off | momentum,7,80.0,75,14400,300,0.0,momentum,-inf,0.0,0.0,0.0,0.0,0.0,0.0,0.0,77,0,0.0,0.0,0.0,0,0,0.0,2025-10,2025-12,2026-01,2026-01
a=5s | move=77.5c/75s | hold=14400s | vol off | momentum,5,77.5,75,14400,300,0.0,momentum,-inf,0.0,0.0,0.0,0.0,0.0,0.0,0.0,77,0,0.0,0.0,0.0,0,0,0.0,2025-10,2025-12,2026-01,2026-01
a=10s | move=75c/75s | hold=18000s | vol off | momentum,10,75.0,75,18000,300,0.0,momentum,-inf,0.0,0.0,0.0,0.0,0.0,0.0,0.0,77,0,0.0,0.0,0.0,0,0,0.0,2025-10,2025-12,2026-01,2026-01
a=3s | move=75c/75s | hold=18000s | vol off | momentum,3,75.0,75,18000,300,0.0,momentum,-inf,0.0,0.0,0.0,0.0,0.0,0.0,0.0,77,0,0.0,0.0,0.0,0,0,0.0,2025-10,2025-12,2026-01,2026-01
a=1s | move=77.5c/75s | hold=14400s | vol off | momentum,1,77.5,75,14400,300,0.0,momentum,-inf,0.0,0.0,0.0,0.0,0.0,0.0,0.0,77,0,0.0,0.0,0.0,0,0,0.0,2025-10,2025-12,2026-01,2026-01
a=7s | move=77.5c/75s | hold=18000s | vol off | momentum,7,77.5,75,18000,300,0.0,momentum,-inf,0.0,0.0,0.0,0.0,0.0,0.0,0.0,77,0,0.0,0.0,0.0,0,0,0.0,2025-10,2025-12,2026-01,2026-01
a=3s | move=80c/75s | hold=14400s | vol off | momentum,3,80.0,75,14400,300,0.0,momentum,-inf,0.0,0.0,0.0,0.0,0.0,0.0,0.0,77,0,0.0,0.0,0.0,0,0,0.0,2025-10,2025-12,2026-01,2026-01
a=5s | move=75c/75s | hold=18000s | vol off | momentum,5,75.0,75,18000,300,0.0,momentum,-inf,0.0,0.0,0.0,0.0,0.0,0.0,0.0,77,0,0.0,0.0,0.0,0,0,0.0,2025-10,2025-12,2026-01,2026-01
a=10s | move=77.5c/75s | hold=18000s | vol off | momentum,10,77.5,75,18000,300,0.0,momentum,-inf,0.0,0.0,0.0,0.0,0.0,0.0,0.0,77,0,0.0,0.0,0.0,0,0,0.0,2025-10,2025-12,2026-01,2026-01
a=5s | move=80c/75s | hold=14400s | vol off | momentum,5,80.0,75,14400,300,0.0,momentum,-inf,0.0,0.0,0.0,0.0,0.0,0.0,0.0,77,0,0.0,0.0,0.0,0,0,0.0,2025-10,2025-12,2026-01,2026-01
a=5s | move=70c/45s | hold=9000s | vol>3x/300s | momentum,5,70.0,45,9000,300,3.0,momentum,-inf,0.0,0.0,0.0,0.0,0.0,0.0,0.0,77,0,0.0,0.0,0.0,0,0,0.0,2025-10,2025-12,2026-01,2026-01
a=3s | move=77.5c/75s | hold=16200s | vol off | momentum,3,77.5,75,16200,300,0.0,momentum,-inf,0.0,0.0,0.0,0.0,0.0,0.0,0.0,77,0,0.0,0.0,0.0,0,0,0.0,2025-10,2025-12,2026-01,2026-01
a=10s | move=80c/75s | hold=14400s | vol off | momentum,10,80.0,75,14400,300,0.0,momentum,-inf,0.0,0.0,0.0,0.0,0.0,0.0,0.0,77,0,0.0,0.0,0.0,0,0,0.0,2025-10,2025-12,2026-01,2026-01
a=7s | move=80c/75s | hold=18000s | vol off | momentum,7,80.0,75,18000,300,0.0,momentum,-inf,0.0,0.0,0.0,0.0,0.0,0.0,0.0,77,0,0.0,0.0,0.0,0,0,0.0,2025-10,2025-12,2026-01,2026-01
a=5s | move=77.5c/75s | hold=18000s | vol off | momentum,5,77.5,75,18000,300,0.0,momentum,-inf,0.0,0.0,0.0,0.0,0.0,0.0,0.0,77,0,0.0,0.0,0.0,0,0,0.0,2025-10,2025-12,2026-01,2026-01
a=1s | move=80c/75s | hold=14400s | vol off | momentum,1,80.0,75,14400,300,0.0,momentum,-inf,0.0,0.0,0.0,0.0,0.0,0.0,0.0,77,0,0.0,0.0,0.0,0,0,0.0,2025-10,2025-12,2026-01,2026-01
a=10s | move=85c/75s | hold=18000s | vol off | momentum,10,85.0,75,18000,300,0.0,momentum,-inf,0.0,0.0,0.0,0.0,0.0,0.0,0.0,77,0,0.0,0.0,0.0,0,0,0.0,2025-10,2025-12,2026-01,2026-01
a=1s | move=77.5c/75s | hold=18000s | vol off | momentum,1,77.5,75,18000,300,0.0,momentum,-inf,0.0,0.0,0.0,0.0,0.0,0.0,0.0,77,0,0.0,0.0,0.0,0,0,0.0,2025-10,2025-12,2026-01,2026-01
a=1s | move=85c/75s | hold=18000s | vol off | momentum,1,85.0,75,18000,300,0.0,momentum,-inf,0.0,0.0,0.0,0.0,0.0,0.0,0.0,77,0,0.0,0.0,0.0,0,0,0.0,2025-10,2025-12,2026-01,2026-01
a=7s | move=85c/75s | hold=18000s | vol off | momentum,7,85.0,75,18000,300,0.0,momentum,-inf,0.0,0.0,0.0,0.0,0.0,0.0,0.0,77,0,0.0,0.0,0.0,0,0,0.0,2025-10,2025-12,2026-01,2026-01
a=7s | move=75c/75s | hold=18000s | vol off | momentum,7,75.0,75,18000,300,0.0,momentum,-inf,0.0,0.0,0.0,0.0,0.0,0.0,0.0,77,0,0.0,0.0,0.0,0,0,0.0,2025-10,2025-12,2026-01,2026-01
a=15s | move=77.5c/75s | hold=12600s | vol off | momentum,15,77.5,75,12600,300,0.0,momentum,-inf,0.0,0.0,0.0,0.0,0.0,0.0,0.0,77,0,0.0,0.0,0.0,0,0,0.0,2025-10,2025-12,2026-01,2026-01
a=30s | move=75c/60s | hold=9000s | vol>2x/300s | momentum,30,75.0,60,9000,300,2.0,momentum,-inf,0.0,0.0,0.0,0.0,0.0,0.0,0.0,77,0,0.0,0.0,0.0,0,0,0.0,2025-10,2025-12,2026-01,2026-01
a=1s | move=75c/60s | hold=9000s | vol>2x/300s | momentum,1,75.0,60,9000,300,2.0,momentum,-inf,0.0,0.0,0.0,0.0,0.0,0.0,0.0,77,0,0.0,0.0,0.0,0,0,0.0,2025-10,2025-12,2026-01,2026-01
a=5s | move=70c/45s | hold=7200s | vol>3x/300s | momentum,5,70.0,45,7200,300,3.0,momentum,-inf,0.0,0.0,0.0,0.0,0.0,0.0,0.0,77,0,0.0,0.0,0.0,0,0,0.0,2025-10,2025-12,2026-01,2026-01
a=1s | move=70c/45s | hold=7200s | vol>3x/300s | momentum,1,70.0,45,7200,300,3.0,momentum,-inf,0.0,0.0,0.0,0.0,0.0,0.0,0.0,77,0,0.0,0.0,0.0,0,0,0.0,2025-10,2025-12,2026-01,2026-01
a=7s | move=77.5c/75s | hold=12600s | vol off | momentum,7,77.5,75,12600,300,0.0,momentum,-inf,0.0,0.0,0.0,0.0,0.0,0.0,0.0,77,0,0.0,0.0,0.0,0,0,0.0,2025-10,2025-12,2026-01,2026-01
a=1s | move=70c/45s | hold=9000s | vol>3x/300s | momentum,1,70.0,45,9000,300,3.0,momentum,-inf,0.0,0.0,0.0,0.0,0.0,0.0,0.0,77,0,0.0,0.0,0.0,0,0,0.0,2025-10,2025-12,2026-01,2026-01
a=10s | move=70c/45s | hold=9000s | vol>3x/300s | momentum,10,70.0,45,9000,300,3.0,momentum,-inf,0.0,0.0,0.0,0.0,0.0,0.0,0.0,77,0,0.0,0.0,0.0,0,0,0.0,2025-10,2025-12,2026-01,2026-01
a=30s | move=85c/75s | hold=14400s | vol off | momentum,30,85.0,75,14400,300,0.0,momentum,-inf,0.0,0.0,0.0,0.0,0.0,0.0,0.0,77,0,0.0,0.0,0.0,0,0,0.0,2025-10,2025-12,2026-01,2026-01
a=7s | move=80c/75s | hold=12600s | vol off | momentum,7,80.0,75,12600,300,0.0,momentum,-inf,0.0,0.0,0.0,0.0,0.0,0.0,0.0,77,0,0.0,0.0,0.0,0,0,0.0,2025-10,2025-12,2026-01,2026-01
a=10s | move=77.5c/75s | hold=12600s | vol off | momentum,10,77.5,75,12600,300,0.0,momentum,-inf,0.0,0.0,0.0,0.0,0.0,0.0,0.0,77,0,0.0,0.0,0.0,0,0,0.0,2025-10,2025-12,2026-01,2026-01
a=3s | move=77.5c/75s | hold=12600s | vol off | momentum,3,77.5,75,12600,300,0.0,momentum,-inf,0.0,0.0,0.0,0.0,0.0,0.0,0.0,77,0,0.0,0.0,0.0,0,0,0.0,2025-10,2025-12,2026-01,2026-01
a=15s | move=85c/75s | hold=14400s | vol off | momentum,15,85.0,75,14400,300,0.0,momentum,-inf,0.0,0.0,0.0,0.0,0.0,0.0,0.0,77,0,0.0,0.0,0.0,0,0,0.0,2025-10,2025-12,2026-01,2026-01
a=30s | move=70c/45s | hold=9000s | vol>3x/300s | momentum,30,70.0,45,9000,300,3.0,momentum,-inf,0.0,0.0,0.0,0.0,0.0,0.0,0.0,77,0,0.0,0.0,0.0,0,0,0.0,2025-10,2025-12,2026-01,2026-01
a=1s | move=77.5c/75s | hold=12600s | vol off | momentum,1,77.5,75,12600,300,0.0,momentum,-inf,0.0,0.0,0.0,0.0,0.0,0.0,0.0,77,0,0.0,0.0,0.0,0,0,0.0,2025-10,2025-12,2026-01,2026-01
a=5s | move=77.5c/75s | hold=12600s | vol off | momentum,5,77.5,75,12600,300,0.0,momentum,-inf,0.0,0.0,0.0,0.0,0.0,0.0,0.0,77,0,0.0,0.0,0.0,0,0,0.0,2025-10,2025-12,2026-01,2026-01
a=10s | move=80c/75s | hold=12600s | vol off | momentum,10,80.0,75,12600,300,0.0,momentum,-inf,0.0,0.0,0.0,0.0,0.0,0.0,0.0,77,0,0.0,0.0,0.0,0,0,0.0,2025-10,2025-12,2026-01,2026-01
a=3s | move=80c/75s | hold=12600s | vol off | momentum,3,80.0,75,12600,300,0.0,momentum,-inf,0.0,0.0,0.0,0.0,0.0,0.0,0.0,77,0,0.0,0.0,0.0,0,0,0.0,2025-10,2025-12,2026-01,2026-01
a=10s | move=77.5c/75s | hold=14400s | vol off | momentum,10,77.5,75,14400,300,0.0,momentum,-inf,0.0,0.0,0.0,0.0,0.0,0.0,0.0,77,0,0.0,0.0,0.0,0,0,0.0,2025-10,2025-12,2026-01,2026-01
a=1s | move=80c/75s | hold=12600s | vol off | momentum,1,80.0,75,12600,300,0.0,momentum,-inf,0.0,0.0,0.0,0.0,0.0,0.0,0.0,77,0,0.0,0.0,0.0,0,0,0.0,2025-10,2025-12,2026-01,2026-01
a=5s | move=80c/75s | hold=12600s | vol off | momentum,5,80.0,75,12600,300,0.0,momentum,-inf,0.0,0.0,0.0,0.0,0.0,0.0,0.0,77,0,0.0,0.0,0.0,0,0,0.0,2025-10,2025-12,2026-01,2026-01
a=10s | move=75c/60s | hold=9000s | vol>2x/300s | momentum,10,75.0,60,9000,300,2.0,momentum,-inf,0.0,0.0,0.0,0.0,0.0,0.0,0.0,77,0,0.0,0.0,0.0,0,0,0.0,2025-10,2025-12,2026-01,2026-01
a=1s | move=75c/75s | hold=18000s | vol off | momentum,1,75.0,75,18000,300,0.0,momentum,-inf,0.0,0.0,0.0,0.0,0.0,0.0,0.0,77,0,0.0,0.0,0.0,0,0,0.0,2025-10,2025-12,2026-01,2026-01
a=60s | move=10c/30s | hold=28800s | vol off | momentum,60,10.0,30,28800,300,0.0,momentum,254.00000000000207,254.00000000000207,3.3421052631579222,1.1885221304430778,1.9931754261998993,-336.99999999999875,0.34210526315789475,0.7631578947368421,76,58,0.4482758620689655,4.379310344827622,1.273706896551725,24,34,0.7631578947368421,2025-11,2026-01,2026-02,2026-02
a=30s | move=10c/30s | hold=28800s | vol off | momentum,30,10.0,30,28800,300,0.0,momentum,181.000000000001,181.000000000001,2.381578947368434,0.8286680876843298,1.4083026956598026,-375.99999999999807,0.34210526315789475,0.7631578947368421,76,58,0.4482758620689655,3.1206896551724297,1.1835699797160237,24,34,0.7631578947368421,2025-11,2026-01,2026-02,2026-02
a=120s | move=10c/30s | hold=28800s | vol off | momentum,120,10.0,30,28800,300,0.0,momentum,166.0000000000047,166.0000000000047,2.184210526315851,0.8055699885905753,1.3388168514995598,-407.99999999999756,0.32894736842105265,0.7631578947368421,76,58,0.43103448275862066,2.862068965517322,1.1754756871035978,24,34,0.7631578947368421,2025-11,2026-01,2026-02,2026-02
a=10s | move=10c/30s | hold=28800s | vol off | momentum,10,10.0,30,28800,300,0.0,momentum,166.0000000000011,166.0000000000011,2.184210526315804,0.7488158959396138,1.3443113076721511,-376.0000000000009,0.32894736842105265,0.7631578947368421,76,58,0.43103448275862066,2.86206896551726,1.1650099403578529,24,34,0.7631578947368421,2025-11,2026-01,2026-02,2026-02
a=300s | move=10c/30s | hold=28800s | vol off | momentum,300,10.0,30,28800,300,0.0,momentum,154.0000000000014,154.0000000000014,2.0263157894737027,0.7755316071257117,1.3292432775188188,-378.0,0.35526315789473684,0.7631578947368421,76,58,0.46551724137931033,2.655172413793127,1.1703539823008853,24,34,0.7631578947368421,2025-11,2026-01,2026-02,2026-02
a=300s | move=75c/3600s | hold=14400s | vol off | momentum,300,75.0,3600,14400,300,0.0,momentum,149.00000000000125,149.00000000000125,1.96052631578949,1.6554187720794462,1.3892524604723075,-141.00000000000009,0.15789473684210525,0.27631578947368424,76,21,0.5714285714285714,7.095238095238154,1.7163461538461495,13,8,0.27631578947368424,2025-11,2026-01,2026-02,2026-02
a=1s | move=10c/30s | hold=28800s | vol off | momentum,1,10.0,30,28800,300,0.0,momentum,141.99999999999807,141.99999999999807,1.8684210526315534,0.630795987138251,1.1450072755923228,-401.9999999999992,0.32894736842105265,0.7631578947368421,76,58,0.43103448275862066,2.4482758620689316,1.1356255969436457,24,34,0.7631578947368421,2025-11,2026-01,2026-02,2026-02
a=5s | move=10c/30s | hold=28800s | vol off | momentum,5,10.0,30,28800,300,0.0,momentum,141.0000000000011,141.0000000000011,1.8552631578947514,0.6288871695177378,1.1307136892935983,-406.99999999999903,0.3026315789473684,0.7631578947368421,76,58,0.39655172413793105,2.4310344827586388,1.1354466858789625,24,34,0.7631578947368421,2025-11,2026-01,2026-02,2026-02
a=7s | move=72.5c/75s | hold=18000s | vol off | momentum,7,72.5,75,18000,300,0.0,momentum,113.00000000000009,113.00000000000009,1.486842105263159,2.008533321403933,0.0,0.0,0.02631578947368421,0.02631578947368421,76,2,1.0,56.50000000000004,inf,0,2,0.02631578947368421,2025-11,2026-01,2026-02,2026-02
a=7s | move=70c/75s | hold=18000s | vol off | momentum,7,70.0,75,18000,300,0.0,momentum,113.00000000000009,113.00000000000009,1.486842105263159,2.008533321403933,0.0,0.0,0.02631578947368421,0.02631578947368421,76,2,1.0,56.50000000000004,inf,0,2,0.02631578947368421,2025-11,2026-01,2026-02,2026-02
a=10s | move=72.5c/75s | hold=18000s | vol off | momentum,10,72.5,75,18000,300,0.0,momentum,109.99999999999997,109.99999999999997,1.4473684210526312,1.9066909863792962,0.0,0.0,0.02631578947368421,0.02631578947368421,76,2,1.0,54.999999999999986,inf,0,2,0.02631578947368421,2025-11,2026-01,2026-02,2026-02
a=10s | move=70c/75s | hold=18000s | vol off | momentum,10,70.0,75,18000,300,0.0,momentum,109.99999999999997,109.99999999999997,1.4473684210526312,1.9066909863792962,0.0,0.0,0.02631578947368421,0.02631578947368421,76,2,1.0,54.999999999999986,inf,0,2,0.02631578947368421,2025-11,2026-01,2026-02,2026-02
a=1s | move=72.5c/75s | hold=18000s | vol off | momentum,1,72.5,75,18000,300,0.0,momentum,101.99999999999943,101.99999999999943,1.3421052631578874,2.167979060159503,0.0,0.0,0.02631578947368421,0.02631578947368421,76,2,1.0,50.999999999999716,inf,0,2,0.02631578947368421,2025-11,2026-01,2026-02,2026-02
a=1s | move=70c/75s | hold=18000s | vol off | momentum,1,70.0,75,18000,300,0.0,momentum,101.99999999999943,101.99999999999943,1.3421052631578874,2.167979060159503,0.0,0.0,0.02631578947368421,0.02631578947368421,76,2,1.0,50.999999999999716,inf,0,2,0.02631578947368421,2025-11,2026-01,2026-02,2026-02
a=5s | move=75c/75s | hold=18000s | vol off | momentum,5,75.0,75,18000,300,0.0,momentum,100.00000000000063,100.00000000000063,1.3157894736842188,1.8209309360004933,0.0,0.0,0.013157894736842105,0.013157894736842105,76,1,1.0,100.00000000000063,inf,0,1,0.013157894736842105,2025-11,2026-01,2026-02,2026-02
a=3s | move=75c/75s | hold=18000s | vol off | momentum,3,75.0,75,18000,300,0.0,momentum,97.00000000000051,97.00000000000051,1.276315789473691,1.8209309360004886,0.0,0.0,0.013157894736842105,0.013157894736842105,76,1,1.0,97.00000000000051,inf,0,1,0.013157894736842105,2025-11,2026-01,2026-02,2026-02
a=5s | move=72.5c/75s | hold=18000s | vol off | momentum,5,72.5,75,18000,300,0.0,momentum,96.999999999999,96.999999999999,1.2763157894736712,2.103037759510302,0.0,0.0,0.02631578947368421,0.02631578947368421,76,2,1.0,48.4999999999995,inf,0,2,0.02631578947368421,2025-11,2026-01,2026-02,2026-02
a=5s | move=70c/75s | hold=18000s | vol off | momentum,5,70.0,75,18000,300,0.0,momentum,96.999999999999,96.999999999999,1.2763157894736712,2.103037759510302,0.0,0.0,0.02631578947368421,0.02631578947368421,76,2,1.0,48.4999999999995,inf,0,2,0.02631578947368421,2025-11,2026-01,2026-02,2026-02
a=3s | move=70c/75s | hold=18000s | vol off | momentum,3,70.0,75,18000,300,0.0,momentum,94.99999999999869,94.99999999999869,1.249999999999983,2.130470581616764,0.0,0.0,0.02631578947368421,0.02631578947368421,76,2,1.0,47.499999999999346,inf,0,2,0.02631578947368421,2025-11,2026-01,2026-02,2026-02
a=3s | move=72.5c/75s | hold=18000s | vol off | momentum,3,72.5,75,18000,300,0.0,momentum,94.99999999999869,94.99999999999869,1.249999999999983,2.130470581616764,0.0,0.0,0.02631578947368421,0.02631578947368421,76,2,1.0,47.499999999999346,inf,0,2,0.02631578947368421,2025-11,2026-01,2026-02,2026-02
a=10s | move=75c/30s | hold=14400s | vol off | momentum,10,75.0,30,14400,300,0.0,momentum,92.99999999999989,92.99999999999989,1.2236842105263144,1.8209309360004817,0.0,0.0,0.013157894736842105,0.013157894736842105,76,1,1.0,92.99999999999989,inf,0,1,0.013157894736842105,2025-11,2026-01,2026-02,2026-02
a=1s | move=75c/75s | hold=18000s | vol off | momentum,1,75.0,75,18000,300,0.0,momentum,91.99999999999937,91.99999999999937,1.2105263157894655,1.8209309360004797,0.0,0.0,0.013157894736842105,0.013157894736842105,76,1,1.0,91.99999999999937,inf,0,1,0.013157894736842105,2025-11,2026-01,2026-02,2026-02
a=7s | move=70c/75s | hold=16200s | vol off | momentum,7,70.0,75,16200,300,0.0,momentum,91.00000000000091,91.00000000000091,1.1973684210526436,1.800770886368299,0.0,-0.9999999999998863,0.013157894736842105,0.02631578947368421,76,2,0.5,45.500000000000455,91.99999999991925,0,2,0.02631578947368421,2025-11,2026-01,2026-02,2026-02
a=7s | move=72.5c/75s | hold=16200s | vol off | momentum,7,72.5,75,16200,300,0.0,momentum,91.00000000000091,91.00000000000091,1.1973684210526436,1.800770886368299,0.0,-0.9999999999998863,0.013157894736842105,0.02631578947368421,76,2,0.5,45.500000000000455,91.99999999991925,0,2,0.02631578947368421,2025-11,2026-01,2026-02,2026-02
a=7s | move=75c/75s | hold=18000s | vol off | momentum,7,75.0,75,18000,300,0.0,momentum,88.00000000000017,88.00000000000017,1.1578947368421075,1.8209309360004717,0.0,0.0,0.013157894736842105,0.013157894736842105,76,1,1.0,88.00000000000017,inf,0,1,0.013157894736842105,2025-11,2026-01,2026-02,2026-02
a=10s | move=72.5c/75s | hold=16200s | vol off | momentum,10,72.5,75,16200,300,0.0,momentum,85.99999999999977,85.99999999999977,1.1315789473684181,1.6774487488082186,0.0,-7.000000000000114,0.013157894736842105,0.02631578947368421,76,2,0.5,42.999999999999886,13.285714285712155,0,2,0.02631578947368421,2025-11,2026-01,2026-02,2026-02
a=10s | move=70c/75s | hold=16200s | vol off | momentum,10,70.0,75,16200,300,0.0,momentum,85.99999999999977,85.99999999999977,1.1315789473684181,1.6774487488082186,0.0,-7.000000000000114,0.013157894736842105,0.02631578947368421,76,2,0.5,42.999999999999886,13.285714285712155,0,2,0.02631578947368421,2025-11,2026-01,2026-02,2026-02
a=1s | move=75c/60s | hold=9000s | vol>2x/300s | momentum,1,75.0,60,9000,300,2.0,momentum,85.99999999999915,85.99999999999915,1.13157894736841,1.8209309360004677,0.0,0.0,0.013157894736842105,0.013157894736842105,76,1,1.0,85.99999999999915,inf,0,1,0.013157894736842105,2025-11,2026-01,2026-02,2026-02
a=5s | move=75c/75s | hold=16200s | vol off | momentum,5,75.0,75,16200,300,0.0,momentum,81.00000000000085,81.00000000000085,1.0657894736842217,1.820930936000456,0.0,0.0,0.013157894736842105,0.013157894736842105,76,1,1.0,81.00000000000085,inf,0,1,0.013157894736842105,2025-11,2026-01,2026-02,2026-02
a=1s | move=77.5c/75s | hold=18000s | vol off | momentum,1,77.5,75,18000,300,0.0,momentum,78.99999999999983,78.99999999999983,1.039473684210524,1.8209309360004513,0.0,0.0,0.013157894736842105,0.013157894736842105,76,1,1.0,78.99999999999983,inf,0,1,0.013157894736842105,2025-11,2026-01,2026-02,2026-02
a=10s | move=75c/75s | hold=18000s | vol off | momentum,10,75.0,75,18000,300,0.0,momentum,78.99999999999983,78.99999999999983,1.039473684210524,1.8209309360004513,0.0,0.0,0.013157894736842105,0.013157894736842105,76,1,1.0,78.99999999999983,inf,0,1,0.013157894736842105,2025-11,2026-01,2026-02,2026-02
a=1s | move=80c/75s | hold=18000s | vol off | momentum,1,80.0,75,18000,300,0.0,momentum,78.99999999999983,78.99999999999983,1.039473684210524,1.8209309360004513,0.0,0.0,0.013157894736842105,0.013157894736842105,76,1,1.0,78.99999999999983,inf,0,1,0.013157894736842105,2025-11,2026-01,2026-02,2026-02
a=3s | move=75c/75s | hold=16200s | vol off | momentum,3,75.0,75,16200,300,0.0,momentum,78.00000000000074,78.00000000000074,1.0263157894736938,1.8209309360004489,0.0,0.0,0.013157894736842105,0.013157894736842105,76,1,1.0,78.00000000000074,inf,0,1,0.013157894736842105,2025-11,2026-01,2026-02,2026-02
a=1s | move=72.5c/75s | hold=16200s | vol off | momentum,1,72.5,75,16200,300,0.0,momentum,75.99999999999963,75.99999999999963,0.9999999999999951,1.972026594366298,0.0,0.0,0.02631578947368421,0.02631578947368421,76,2,1.0,37.999999999999815,inf,0,2,0.02631578947368421,2025-11,2026-01,2026-02,2026-02
a=1s | move=70c/75s | hold=16200s | vol off | momentum,1,70.0,75,16200,300,0.0,momentum,75.99999999999963,75.99999999999963,0.9999999999999951,1.972026594366298,0.0,0.0,0.02631578947368421,0.02631578947368421,76,2,1.0,37.999999999999815,inf,0,2,0.02631578947368421,2025-11,2026-01,2026-02,2026-02
a=5s | move=72.5c/75s | hold=16200s | vol off | momentum,5,72.5,75,16200,300,0.0,momentum,74.99999999999983,74.99999999999983,0.9868421052631556,1.8708007316687307,0.0,0.0,0.02631578947368421,0.02631578947368421,76,2,1.0,37.499999999999915,inf,0,2,0.02631578947368421,2025-11,2026-01,2026-02,2026-02
a=5s | move=70c/75s | hold=16200s | vol off | momentum,5,70.0,75,16200,300,0.0,momentum,74.99999999999983,74.99999999999983,0.9868421052631556,1.8708007316687307,0.0,0.0,0.02631578947368421,0.02631578947368421,76,2,1.0,37.499999999999915,inf,0,2,0.02631578947368421,2025-11,2026-01,2026-02,2026-02
a=5s | move=75c/30s | hold=14400s | vol off | momentum,5,75.0,30,14400,300,0.0,momentum,72.9999999999996,72.9999999999996,0.9605263157894685,1.8209309360004344,0.0,0.0,0.013157894736842105,0.013157894736842105,76,1,1.0,72.9999999999996,inf,0,1,0.013157894736842105,2025-11,2026-01,2026-02,2026-02
a=1s | move=75c/75s | hold=16200s | vol off | momentum,1,75.0,75,16200,300,0.0,momentum,72.9999999999996,72.9999999999996,0.9605263157894685,1.8209309360004344,0.0,0.0,0.013157894736842105,0.013157894736842105,76,1,1.0,72.9999999999996,inf,0,1,0.013157894736842105,2025-11,2026-01,2026-02,2026-02
a=3s | move=70c/75s | hold=16200s | vol off | momentum,3,70.0,75,16200,300,0.0,momentum,72.99999999999952,72.99999999999952,0.9605263157894673,1.8983123493025849,0.0,0.0,0.02631578947368421,0.02631578947368421,76,2,1.0,36.49999999999976,inf,0,2,0.02631578947368421,2025-11,2026-01,2026-02,2026-02
a=3s | move=72.5c/75s | hold=16200s | vol off | momentum,3,72.5,75,16200,300,0.0,momentum,72.99999999999952,72.99999999999952,0.9605263157894673,1.8983123493025849,0.0,0.0,0.02631578947368421,0.02631578947368421,76,2,1.0,36.49999999999976,inf,0,2,0.02631578947368421,2025-11,2026-01,2026-02,2026-02
a=1s | move=85c/75s | hold=18000s | vol off | momentum,1,85.0,75,18000,300,0.0,momentum,71.0,71.0,0.9342105263157895,1.8209309360004287,0.0,0.0,0.013157894736842105,0.013157894736842105,76,1,1.0,71.0,inf,0,1,0.013157894736842105,2025-11,2026-01,2026-02,2026-02
a=3s | move=80c/75s | hold=18000s | vol off | momentum,3,80.0,75,18000,300,0.0,momentum,71.0,71.0,0.9342105263157895,1.8209309360004287,0.0,0.0,0.013157894736842105,0.013157894736842105,76,1,1.0,71.0,inf,0,1,0.013157894736842105,2025-11,2026-01,2026-02,2026-02
a=3s | move=77.5c/75s | hold=18000s | vol off | momentum,3,77.5,75,18000,300,0.0,momentum,71.0,71.0,0.9342105263157895,1.8209309360004287,0.0,0.0,0.013157894736842105,0.013157894736842105,76,1,1.0,71.0,inf,0,1,0.013157894736842105,2025-11,2026-01,2026-02,2026-02
a=10s | move=75c/120s | hold=14400s | vol off | momentum,10,75.0,120,14400,300,0.0,momentum,70.00000000000003,70.00000000000003,0.9210526315789478,1.2568760849967182,0.0,-36.99999999999983,0.02631578947368421,0.039473684210526314,76,3,0.6666666666666666,23.333333333333343,2.8918918918918233,0,3,0.039473684210526314,2025-11,2026-01,2026-02,2026-02
a=1s | move=75c/30s | hold=14400s | vol off | momentum,1,75.0,30,14400,300,0.0,momentum,69.99999999999949,69.99999999999949,0.9210526315789407,1.8209309360004258,0.0,0.0,0.013157894736842105,0.013157894736842105,76,1,1.0,69.99999999999949,inf,0,1,0.013157894736842105,2025-11,2026-01,2026-02,2026-02
a=1s | move=75c/30s | hold=14400s | vol>2x/300s | momentum,1,75.0,30,14400,300,2.0,momentum,69.99999999999949,69.99999999999949,0.9210526315789407,1.8209309360004258,0.0,0.0,0.013157894736842105,0.013157894736842105,76,1,1.0,69.99999999999949,inf,0,1,0.013157894736842105,2025-11,2026-01,2026-02,2026-02
a=1s | move=100c/120s | hold=10800s | vol off | momentum,1,100.0,120,10800,300,0.0,momentum,67.9999999999998,67.9999999999998,0.8947368421052605,2.5913758617775637,0.0,0.0,0.02631578947368421,0.02631578947368421,76,2,1.0,33.9999999999999,inf,0,2,0.02631578947368421,2025-11,2026-01,2026-02,2026-02
a=5s | move=100c/180s | hold=7200s | vol off | momentum,5,100.0,180,7200,300,0.0,momentum,66.0000000000002,66.0000000000002,0.8684210526315815,1.9957197571959249,0.0,0.0,0.02631578947368421,0.02631578947368421,76,2,1.0,33.0000000000001,inf,0,2,0.02631578947368421,2025-11,2026-01,2026-02,2026-02
a=30s | move=100c/120s | hold=7200s | vol off | momentum,30,100.0,120,7200,300,0.0,momentum,65.0000000000004,65.0000000000004,0.855263157894742,1.7378842978363802,0.0,-2.9999999999994884,0.013157894736842105,0.02631578947368421,76,2,0.5,32.5000000000002,22.666666666662938,0,2,0.02631578947368421,2025-11,2026-01,2026-02,2026-02
a=1s | move=75c/60s | hold=10800s | vol>2x/300s | momentum,1,75.0,60,10800,300,2.0,momentum,64.99999999999977,64.99999999999977,0.8552631578947338,1.820930936000408,0.0,0.0,0.013157894736842105,0.013157894736842105,76,1,1.0,64.99999999999977,inf,0,1,0.013157894736842105,2025-11,2026-01,2026-02,2026-02
a=7s | move=75c/75s | hold=16200s | vol off | momentum,7,75.0,75,16200,300,0.0,momentum,64.99999999999977,64.99999999999977,0.8552631578947338,1.820930936000408,0.0,0.0,0.013157894736842105,0.013157894736842105,76,1,1.0,64.99999999999977,inf,0,1,0.013157894736842105,2025-11,2026-01,2026-02,2026-02
a=7s | move=75c/75s | hold=14400s | vol off | momentum,7,75.0,75,14400,300,0.0,momentum,64.99999999999977,64.99999999999977,0.8552631578947338,1.820930936000408,0.0,0.0,0.013157894736842105,0.013157894736842105,76,1,1.0,64.99999999999977,inf,0,1,0.013157894736842105,2025-11,2026-01,2026-02,2026-02
a=5s | move=100c/180s | hold=10800s | vol off | momentum,5,100.0,180,10800,300,0.0,momentum,64.0000000000006,64.0000000000006,0.8421052631579026,2.5912276183359735,0.0,0.0,0.02631578947368421,0.02631578947368421,76,2,1.0,32.0000000000003,inf,0,2,0.02631578947368421,2025-11,2026-01,2026-02,2026-02
a=5s | move=75c/300s | hold=21600s | vol off | momentum,5,75.0,300,21600,300,0.0,momentum,63.999999999999886,63.999999999999886,0.8421052631578932,2.0013704549429376,0.0,0.0,0.02631578947368421,0.02631578947368421,76,2,1.0,31.999999999999943,inf,0,2,0.02631578947368421,2025-11,2026-01,2026-02,2026-02
a=5s | move=77.5c/75s | hold=18000s | vol off | momentum,5,77.5,75,18000,300,0.0,momentum,63.99999999999926,63.99999999999926,0.842105263157885,1.820930936000404,0.0,0.0,0.013157894736842105,0.013157894736842105,76,1,1.0,63.99999999999926,inf,0,1,0.013157894736842105,2025-11,2026-01,2026-02,2026-02
a=5s | move=80c/75s | hold=18000s | vol off | momentum,5,80.0,75,18000,300,0.0,momentum,63.99999999999926,63.99999999999926,0.842105263157885,1.820930936000404,0.0,0.0,0.013157894736842105,0.013157894736842105,76,1,1.0,63.99999999999926,inf,0,1,0.013157894736842105,2025-11,2026-01,2026-02,2026-02
a=3s | move=85c/75s | hold=18000s | vol off | momentum,3,85.0,75,18000,300,0.0,momentum,63.99999999999926,63.99999999999926,0.842105263157885,1.820930936000404,0.0,0.0,0.013157894736842105,0.013157894736842105,76,1,1.0,63.99999999999926,inf,0,1,0.013157894736842105,2025-11,2026-01,2026-02,2026-02
a=1s | move=75c/60s | hold=7200s | vol>2x/300s | momentum,1,75.0,60,7200,300,2.0,momentum,63.00000000000017,63.00000000000017,0.8289473684210549,1.8209309360004,0.0,0.0,0.013157894736842105,0.013157894736842105,76,1,1.0,63.00000000000017,inf,0,1,0.013157894736842105,2025-11,2026-01,2026-02,2026-02
a=300s | move=200c/1800s | hold=300s | vol off | momentum,300,200.0,1800,300,300,0.0,momentum,61.99999999999966,61.99999999999966,0.8157894736842061,1.820930936000396,0.0,0.0,0.013157894736842105,0.013157894736842105,76,1,1.0,61.99999999999966,inf,0,1,0.013157894736842105,2025-11,2026-01,2026-02,2026-02
a=30s | move=70c/45s | hold=7200s | vol>3x/300s | momentum,30,70.0,45,7200,300,3.0,momentum,61.99999999999966,61.99999999999966,0.8157894736842061,1.820930936000396,0.0,0.0,0.013157894736842105,0.013157894736842105,76,1,1.0,61.99999999999966,inf,0,1,0.013157894736842105,2025-11,2026-01,2026-02,2026-02
a=10s | move=100c/180s | hold=7200s | vol off | momentum,10,100.0,180,7200,300,0.0,momentum,61.999999999999574,61.999999999999574,0.815789473684205,1.7914225585481418,0.0,-1.0000000000005969,0.013157894736842105,0.02631578947368421,76,2,0.5,30.999999999999787,62.999999999899565,0,2,0.02631578947368421,2025-11,2026-01,2026-02,2026-02
a=1s | move=100c/180s | hold=10800s | vol off | momentum,1,100.0,180,10800,300,0.0,momentum,61.999999999999574,61.999999999999574,0.815789473684205,2.587003138663514,0.0,0.0,0.02631578947368421,0.02631578947368421,76,2,1.0,30.999999999999787,inf,0,2,0.02631578947368421,2025-11,2026-01,2026-02,2026-02
a=30s | move=100c/120s | hold=10800s | vol off | momentum,30,100.0,120,10800,300,0.0,momentum,61.00000000000048,61.00000000000048,0.8026315789473748,2.447828994795648,0.0,0.0,0.02631578947368421,0.02631578947368421,76,2,1.0,30.50000000000024,inf,0,2,0.02631578947368421,2025-11,2026-01,2026-02,2026-02
a=1s | move=70c/45s | hold=9000s | vol>3x/300s | momentum,1,70.0,45,9000,300,3.0,momentum,60.99999999999915,60.99999999999915,0.8026315789473571,1.8209309360003916,0.0,0.0,0.013157894736842105,0.013157894736842105,76,1,1.0,60.99999999999915,inf,0,1,0.013157894736842105,2025-11,2026-01,2026-02,2026-02
a=30s | move=75c/60s | hold=7200s | vol>2x/300s | momentum,30,75.0,60,7200,300,2.0,momentum,60.00000000000006,60.00000000000006,0.7894736842105271,1.8209309360003871,0.0,0.0,0.013157894736842105,0.013157894736842105,76,1,1.0,60.00000000000006,inf,0,1,0.013157894736842105,2025-11,2026-01,2026-02,2026-02
a=10s | move=100c/180s | hold=10800s | vol off | momentum,10,100.0,180,10800,300,0.0,momentum,59.00000000000017,59.00000000000017,0.7763157894736864,2.5302140190091196,0.0,0.0,0.02631578947368421,0.02631578947368421,76,2,1.0,29.500000000000085,inf,0,2,0.02631578947368421,2025-11,2026-01,2026-02,2026-02
a=15s | move=72.5c/75s | hold=16200s | vol off | momentum,15,72.5,75,16200,300,0.0,momentum,56.99999999999915,56.99999999999915,0.7499999999999888,1.3849978826075597,0.0,-16.000000000000455,0.013157894736842105,0.02631578947368421,76,2,0.5,28.499999999999574,4.56249999999956,0,2,0.02631578947368421,2025-11,2026-01,2026-02,2026-02
a=15s | move=70c/75s | hold=16200s | vol off | momentum,15,70.0,75,16200,300,0.0,momentum,56.99999999999915,56.99999999999915,0.7499999999999888,1.3849978826075597,0.0,-16.000000000000455,0.013157894736842105,0.02631578947368421,76,2,0.5,28.499999999999574,4.56249999999956,0,2,0.02631578947368421,2025-11,2026-01,2026-02,2026-02
a=1s | move=100c/180s | hold=7200s | vol off | momentum,1,100.0,180,7200,300,0.0,momentum,56.99999999999915,56.99999999999915,0.7499999999999888,2.0595861870395047,0.0,0.0,0.02631578947368421,0.02631578947368421,76,2,1.0,28.499999999999574,inf,0,2,0.02631578947368421,2025-11,2026-01,2026-02,2026-02
a=5s | move=85c/75s | hold=18000s | vol off | momentum,5,85.0,75,18000,300,0.0,momentum,55.99999999999943,55.99999999999943,0.7368421052631504,1.8209309360003685,0.0,0.0,0.013157894736842105,0.013157894736842105,76,1,1.0,55.99999999999943,inf,0,1,0.013157894736842105,2025-11,2026-01,2026-02,2026-02
a=7s | move=77.5c/75s | hold=18000s | vol off | momentum,7,77.5,75,18000,300,0.0,momentum,55.99999999999943,55.99999999999943,0.7368421052631504,1.8209309360003685,0.0,0.0,0.013157894736842105,0.013157894736842105,76,1,1.0,55.99999999999943,inf,0,1,0.013157894736842105,2025-11,2026-01,2026-02,2026-02
a=7s | move=80c/75s | hold=18000s | vol off | momentum,7,80.0,75,18000,300,0.0,momentum,55.99999999999943,55.99999999999943,0.7368421052631504,1.8209309360003685,0.0,0.0,0.013157894736842105,0.013157894736842105,76,1,1.0,55.99999999999943,inf,0,1,0.013157894736842105,2025-11,2026-01,2026-02,2026-02
a=30s | move=70c/45s | hold=9000s | vol>3x/300s | momentum,30,70.0,45,9000,300,3.0,momentum,55.99999999999943,55.99999999999943,0.7368421052631504,1.8209309360003685,0.0,0.0,0.013157894736842105,0.013157894736842105,76,1,1.0,55.99999999999943,inf,0,1,0.013157894736842105,2025-11,2026-01,2026-02,2026-02
a=1s | move=80c/75s | hold=14400s | vol off | momentum,1,80.0,75,14400,300,0.0,momentum,55.00000000000034,55.00000000000034,0.7236842105263203,1.8209309360003636,0.0,0.0,0.013157894736842105,0.013157894736842105,76,1,1.0,55.00000000000034,inf,0,1,0.013157894736842105,2025-11,2026-01,2026-02,2026-02
a=1s | move=77.5c/75s | hold=12600s | vol off | momentum,1,77.5,75,12600,300,0.0,momentum,55.00000000000034,55.00000000000034,0.7236842105263203,1.8209309360003636,0.0,0.0,0.013157894736842105,0.013157894736842105,76,1,1.0,55.00000000000034,inf,0,1,0.013157894736842105,2025-11,2026-01,2026-02,2026-02
a=1s | move=80c/75s | hold=12600s | vol off | momentum,1,80.0,75,12600,300,0.0,momentum,55.00000000000034,55.00000000000034,0.7236842105263203,1.8209309360003636,0.0,0.0,0.013157894736842105,0.013157894736842105,76,1,1.0,55.00000000000034,inf,0,1,0.013157894736842105,2025-11,2026-01,2026-02,2026-02
a=1s | move=77.5c/75s | hold=16200s | vol off | momentum,1,77.5,75,16200,300,0.0,momentum,55.00000000000034,55.00000000000034,0.7236842105263203,1.8209309360003636,0.0,0.0,0.013157894736842105,0.013157894736842105,76,1,1.0,55.00000000000034,inf,0,1,0.013157894736842105,2025-11,2026-01,2026-02,2026-02
a=10s | move=75c/75s | hold=16200s | vol off | momentum,10,75.0,75,16200,300,0.0,momentum,55.00000000000034,55.00000000000034,0.7236842105263203,1.8209309360003636,0.0,0.0,0.013157894736842105,0.013157894736842105,76,1,1.0,55.00000000000034,inf,0,1,0.013157894736842105,2025-11,2026-01,2026-02,2026-02
a=1s | move=80c/75s | hold=16200s | vol off | momentum,1,80.0,75,16200,300,0.0,momentum,55.00000000000034,55.00000000000034,0.7236842105263203,1.8209309360003636,0.0,0.0,0.013157894736842105,0.013157894736842105,76,1,1.0,55.00000000000034,inf,0,1,0.013157894736842105,2025-11,2026-01,2026-02,2026-02
a=1s | move=77.5c/75s | hold=14400s | vol off | momentum,1,77.5,75,14400,300,0.0,momentum,55.00000000000034,55.00000000000034,0.7236842105263203,1.8209309360003636,0.0,0.0,0.013157894736842105,0.013157894736842105,76,1,1.0,55.00000000000034,inf,0,1,0.013157894736842105,2025-11,2026-01,2026-02,2026-02
a=1s | move=75c/120s | hold=14400s | vol off | momentum,1,75.0,120,14400,300,0.0,momentum,55.00000000000017,55.00000000000017,0.723684210526318,1.224898945506222,0.0,-35.99999999999932,0.02631578947368421,0.039473684210526314,76,3,0.6666666666666666,18.33333333333339,2.5277777777777413,0,3,0.039473684210526314,2025-11,2026-01,2026-02,2026-02
a=5s | move=75c/120s | hold=14400s | vol off | momentum,5,75.0,120,14400,300,0.0,momentum,54.00000000000037,54.00000000000037,0.7105263157894786,1.1780257153142246,0.0,-35.99999999999932,0.02631578947368421,0.039473684210526314,76,3,0.6666666666666666,18.000000000000124,2.499999999999969,0,3,0.039473684210526314,2025-11,2026-01,2026-02,2026-02
a=30s | move=75c/60s | hold=9000s | vol>2x/300s | momentum,30,75.0,60,9000,300,2.0,momentum,53.99999999999983,53.99999999999983,0.7105263157894715,1.8209309360003578,0.0,0.0,0.013157894736842105,0.013157894736842105,76,1,1.0,53.99999999999983,inf,0,1,0.013157894736842105,2025-11,2026-01,2026-02,2026-02
a=10s | move=75c/60s | hold=9000s | vol>2x/300s | momentum,10,75.0,60,9000,300,2.0,momentum,52.99999999999932,52.99999999999932,0.6973684210526226,1.8209309360003525,0.0,0.0,0.013157894736842105,0.013157894736842105,76,1,1.0,52.99999999999932,inf,0,1,0.013157894736842105,2025-11,2026-01,2026-02,2026-02
a=30s | move=100c/180s | hold=10800s | vol off | momentum,30,100.0,180,10800,300,0.0,momentum,51.00000000000105,51.00000000000105,0.6710526315789612,2.5327284612466183,0.0,0.0,0.02631578947368421,0.02631578947368421,76,2,1.0,25.500000000000526,inf,0,2,0.02631578947368421,2025-11,2026-01,2026-02,2026-02
a=5s | move=75c/60s | hold=7200s | vol>2x/300s | momentum,5,75.0,60,7200,300,2.0,momentum,49.000000000000114,49.000000000000114,0.6447368421052646,1.8209309360003276,0.0,0.0,0.013157894736842105,0.013157894736842105,76,1,1.0,49.000000000000114,inf,0,1,0.013157894736842105,2025-11,2026-01,2026-02,2026-02
a=3s | move=80c/75s | hold=14400s | vol off | momentum,3,80.0,75,14400,300,0.0,momentum,47.00000000000051,47.00000000000051,0.6184210526315856,1.8209309360003147,0.0,0.0,0.013157894736842105,0.013157894736842105,76,1,1.0,47.00000000000051,inf,0,1,0.013157894736842105,2025-11,2026-01,2026-02,2026-02
a=3s | move=77.5c/75s | hold=14400s | vol off | momentum,3,77.5,75,14400,300,0.0,momentum,47.00000000000051,47.00000000000051,0.6184210526315856,1.8209309360003147,0.0,0.0,0.013157894736842105,0.013157894736842105,76,1,1.0,47.00000000000051,inf,0,1,0.013157894736842105,2025-11,2026-01,2026-02,2026-02
a=3s | move=77.5c/75s | hold=16200s | vol off | momentum,3,77.5,75,16200,300,0.0,momentum,47.00000000000051,47.00000000000051,0.6184210526315856,1.8209309360003147,0.0,0.0,0.013157894736842105,0.013157894736842105,76,1,1.0,47.00000000000051,inf,0,1,0.013157894736842105,2025-11,2026-01,2026-02,2026-02
a=1s | move=85c/75s | hold=16200s | vol off | momentum,1,85.0,75,16200,300,0.0,momentum,47.00000000000051,47.00000000000051,0.6184210526315856,1.8209309360003147,0.0,0.0,0.013157894736842105,0.013157894736842105,76,1,1.0,47.00000000000051,inf,0,1,0.013157894736842105,2025-11,2026-01,2026-02,2026-02
a=3s | move=80c/75s | hold=16200s | vol off | momentum,3,80.0,75,16200,300,0.0,momentum,47.00000000000051,47.00000000000051,0.6184210526315856,1.8209309360003147,0.0,0.0,0.013157894736842105,0.013157894736842105,76,1,1.0,47.00000000000051,inf,0,1,0.013157894736842105,2025-11,2026-01,2026-02,2026-02
a=1s | move=85c/75s | hold=12600s | vol off | momentum,1,85.0,75,12600,300,0.0,momentum,47.00000000000051,47.00000000000051,0.6184210526315856,1.8209309360003147,0.0,0.0,0.013157894736842105,0.013157894736842105,76,1,1.0,47.00000000000051,inf,0,1,0.013157894736842105,2025-11,2026-01,2026-02,2026-02
a=1s | move=85c/75s | hold=14400s | vol off | momentum,1,85.0,75,14400,300,0.0,momentum,47.00000000000051,47.00000000000051,0.6184210526315856,1.8209309360003147,0.0,0.0,0.013157894736842105,0.013157894736842105,76,1,1.0,47.00000000000051,inf,0,1,0.013157894736842105,2025-11,2026-01,2026-02,2026-02
a=3s | move=77.5c/45s | hold=16200s | vol off | momentum,3,77.5,45,16200,300,0.0,momentum,47.00000000000051,47.00000000000051,0.6184210526315856,1.8209309360003147,0.0,0.0,0.013157894736842105,0.013157894736842105,76,1,1.0,47.00000000000051,inf,0,1,0.013157894736842105,2025-11,2026-01,2026-02,2026-02
a=3s | move=80c/75s | hold=12600s | vol off | momentum,3,80.0,75,12600,300,0.0,momentum,47.00000000000051,47.00000000000051,0.6184210526315856,1.8209309360003147,0.0,0.0,0.013157894736842105,0.013157894736842105,76,1,1.0,47.00000000000051,inf,0,1,0.013157894736842105,2025-11,2026-01,2026-02,2026-02
a=3s | move=77.5c/75s | hold=12600s | vol off | momentum,3,77.5,75,12600,300,0.0,momentum,47.00000000000051,47.00000000000051,0.6184210526315856,1.8209309360003147,0.0,0.0,0.013157894736842105,0.013157894736842105,76,1,1.0,47.00000000000051,inf,0,1,0.013157894736842105,2025-11,2026-01,2026-02,2026-02
a=5s | move=75c/60s | hold=10800s | vol>2x/300s | momentum,5,75.0,60,10800,300,2.0,momentum,47.00000000000051,47.00000000000051,0.6184210526315856,1.8209309360003147,0.0,0.0,0.013157894736842105,0.013157894736842105,76,1,1.0,47.00000000000051,inf,0,1,0.013157894736842105,2025-11,2026-01,2026-02,2026-02
a=30s | move=75c/300s | hold=21600s | vol off | momentum,30,75.0,300,21600,300,0.0,momentum,45.999999999999915,45.999999999999915,0.6052631578947357,1.5314589159230065,0.0,-7.999999999999915,0.013157894736842105,0.02631578947368421,76,2,0.5,22.999999999999957,6.749999999999207,0,2,0.02631578947368421,2025-11,2026-01,2026-02,2026-02
a=5s | move=100c/120s | hold=10800s | vol off | momentum,5,100.0,120,10800,300,0.0,momentum,45.999999999999915,45.999999999999915,0.6052631578947357,2.4450697660389364,0.0,0.0,0.02631578947368421,0.02631578947368421,76,2,1.0,22.999999999999957,inf,0,2,0.02631578947368421,2025-11,2026-01,2026-02,2026-02
a=7s | move=85c/75s | hold=18000s | vol off | momentum,7,85.0,75,18000,300,0.0,momentum,42.999999999999886,42.999999999999886,0.5657894736842091,1.820930936000283,0.0,0.0,0.013157894736842105,0.013157894736842105,76,1,1.0,42.999999999999886,inf,0,1,0.013157894736842105,2025-11,2026-01,2026-02,2026-02
a=1s | move=70c/45s | hold=7200s | vol>3x/300s | momentum,1,70.0,45,7200,300,3.0,momentum,41.999999999999375,41.999999999999375,0.5526315789473601,1.820930936000274,0.0,0.0,0.013157894736842105,0.013157894736842105,76,1,1.0,41.999999999999375,inf,0,1,0.013157894736842105,2025-11,2026-01,2026-02,2026-02
a=5s | move=77.5c/75s | hold=12600s | vol off | momentum,5,77.5,75,12600,300,0.0,momentum,39.99999999999977,39.99999999999977,0.5263157894736812,1.8209309360002546,0.0,0.0,0.013157894736842105,0.013157894736842105,76,1,1.0,39.99999999999977,inf,0,1,0.013157894736842105,2025-11,2026-01,2026-02,2026-02
a=5s | move=77.5c/75s | hold=14400s | vol off | momentum,5,77.5,75,14400,300,0.0,momentum,39.99999999999977,39.99999999999977,0.5263157894736812,1.8209309360002546,0.0,0.0,0.013157894736842105,0.013157894736842105,76,1,1.0,39.99999999999977,inf,0,1,0.013157894736842105,2025-11,2026-01,2026-02,2026-02
a=5s | move=70c/45s | hold=9000s | vol>3x/300s | momentum,5,70.0,45,9000,300,3.0,momentum,39.99999999999977,39.99999999999977,0.5263157894736812,1.8209309360002546,0.0,0.0,0.013157894736842105,0.013157894736842105,76,1,1.0,39.99999999999977,inf,0,1,0.013157894736842105,2025-11,2026-01,2026-02,2026-02
a=5s | move=77.5c/75s | hold=16200s | vol off | momentum,5,77.5,75,16200,300,0.0,momentum,39.99999999999977,39.99999999999977,0.5263157894736812,1.8209309360002546,0.0,0.0,0.013157894736842105,0.013157894736842105,76,1,1.0,39.99999999999977,inf,0,1,0.013157894736842105,2025-11,2026-01,2026-02,2026-02
a=3s | move=85c/75s | hold=14400s | vol off | momentum,3,85.0,75,14400,300,0.0,momentum,39.99999999999977,39.99999999999977,0.5263157894736812,1.8209309360002546,0.0,0.0,0.013157894736842105,0.013157894736842105,76,1,1.0,39.99999999999977,inf,0,1,0.013157894736842105,2025-11,2026-01,2026-02,2026-02
a=5s | move=80c/75s | hold=16200s | vol off | momentum,5,80.0,75,16200,300,0.0,momentum,39.99999999999977,39.99999999999977,0.5263157894736812,1.8209309360002546,0.0,0.0,0.013157894736842105,0.013157894736842105,76,1,1.0,39.99999999999977,inf,0,1,0.013157894736842105,2025-11,2026-01,2026-02,2026-02
a=3s | move=85c/75s | hold=16200s | vol off | momentum,3,85.0,75,16200,300,0.0,momentum,39.99999999999977,39.99999999999977,0.5263157894736812,1.8209309360002546,0.0,0.0,0.013157894736842105,0.013157894736842105,76,1,1.0,39.99999999999977,inf,0,1,0.013157894736842105,2025-11,2026-01,2026-02,2026-02
a=3s | move=85c/75s | hold=12600s | vol off | momentum,3,85.0,75,12600,300,0.0,momentum,39.99999999999977,39.99999999999977,0.5263157894736812,1.8209309360002546,0.0,0.0,0.013157894736842105,0.013157894736842105,76,1,1.0,39.99999999999977,inf,0,1,0.013157894736842105,2025-11,2026-01,2026-02,2026-02
a=5s | move=80c/75s | hold=12600s | vol off | momentum,5,80.0,75,12600,300,0.0,momentum,39.99999999999977,39.99999999999977,0.5263157894736812,1.8209309360002546,0.0,0.0,0.013157894736842105,0.013157894736842105,76,1,1.0,39.99999999999977,inf,0,1,0.013157894736842105,2025-11,2026-01,2026-02,2026-02
a=5s | move=80c/75s | hold=14400s | vol off | momentum,5,80.0,75,14400,300,0.0,momentum,39.99999999999977,39.99999999999977,0.5263157894736812,1.8209309360002546,0.0,0.0,0.013157894736842105,0.013157894736842105,76,1,1.0,39.99999999999977,inf,0,1,0.013157894736842105,2025-11,2026-01,2026-02,2026-02
a=30s | move=77.5c/75s | hold=16200s | vol off | momentum,30,77.5,75,16200,300,0.0,momentum,39.00000000000068,39.00000000000068,0.513157894736851,1.8209309360002452,0.0,0.0,0.013157894736842105,0.013157894736842105,76,1,1.0,39.00000000000068,inf,0,1,0.013157894736842105,2025-11,2026-01,2026-02,2026-02
a=10s | move=80c/75s | hold=18000s | vol off | momentum,10,80.0,75,18000,300,0.0,momentum,38.99999999999926,38.99999999999926,0.5131578947368324,1.820930936000245,0.0,0.0,0.013157894736842105,0.013157894736842105,76,1,1.0,38.99999999999926,inf,0,1,0.013157894736842105,2025-11,2026-01,2026-02,2026-02
a=10s | move=77.5c/75s | hold=18000s | vol off | momentum,10,77.5,75,18000,300,0.0,momentum,38.99999999999926,38.99999999999926,0.5131578947368324,1.820930936000245,0.0,0.0,0.013157894736842105,0.013157894736842105,76,1,1.0,38.99999999999926,inf,0,1,0.013157894736842105,2025-11,2026-01,2026-02,2026-02
a=30s | move=85c/75s | hold=12600s | vol off | momentum,30,85.0,75,12600,300,0.0,momentum,36.00000000000057,36.00000000000057,0.47368421052632326,1.8209309360002115,0.0,0.0,0.013157894736842105,0.013157894736842105,76,1,1.0,36.00000000000057,inf,0,1,0.013157894736842105,2025-11,2026-01,2026-02,2026-02
a=30s | move=85c/75s | hold=16200s | vol off | momentum,30,85.0,75,16200,300,0.0,momentum,36.00000000000057,36.00000000000057,0.47368421052632326,1.8209309360002115,0.0,0.0,0.013157894736842105,0.013157894736842105,76,1,1.0,36.00000000000057,inf,0,1,0.013157894736842105,2025-11,2026-01,2026-02,2026-02
a=30s | move=85c/75s | hold=14400s | vol off | momentum,30,85.0,75,14400,300,0.0,momentum,36.00000000000057,36.00000000000057,0.47368421052632326,1.8209309360002115,0.0,0.0,0.013157894736842105,0.013157894736842105,76,1,1.0,36.00000000000057,inf,0,1,0.013157894736842105,2025-11,2026-01,2026-02,2026-02
a=15s | move=75c/75s | hold=16200s | vol off | momentum,15,75.0,75,16200,300,0.0,momentum,35.00000000000006,35.00000000000006,0.46052631578947445,1.8209309360001984,0.0,0.0,0.013157894736842105,0.013157894736842105,76,1,1.0,35.00000000000006,inf,0,1,0.013157894736842105,2025-11,2026-01,2026-02,2026-02
a=10s | move=100c/120s | hold=10800s | vol off | momentum,10,100.0,120,10800,300,0.0,momentum,34.00000000000017,34.00000000000017,0.4473684210526338,2.4410763806565114,0.0,0.0,0.02631578947368421,0.02631578947368421,76,2,1.0,17.000000000000085,inf,0,2,0.02631578947368421,2025-11,2026-01,2026-02,2026-02
a=10s | move=75c/60s | hold=7200s | vol>2x/300s | momentum,10,75.0,60,7200,300,2.0,momentum,33.999999999999545,33.999999999999545,0.4473684210526256,1.820930936000185,0.0,0.0,0.013157894736842105,0.013157894736842105,76,1,1.0,33.999999999999545,inf,0,1,0.013157894736842105,2025-11,2026-01,2026-02,2026-02
a=30s | move=75c/60s | hold=10800s | vol>2x/300s | momentum,30,75.0,60,10800,300,2.0,momentum,33.000000000000455,33.000000000000455,0.43421052631579543,1.8209309360001704,0.0,0.0,0.013157894736842105,0.013157894736842105,76,1,1.0,33.000000000000455,inf,0,1,0.013157894736842105,2025-11,2026-01,2026-02,2026-02
a=7s | move=80c/75s | hold=16200s | vol off | momentum,7,80.0,75,16200,300,0.0,momentum,31.999999999999943,31.999999999999943,0.4210526315789466,1.8209309360001558,0.0,0.0,0.013157894736842105,0.013157894736842105,76,1,1.0,31.999999999999943,inf,0,1,0.013157894736842105,2025-11,2026-01,2026-02,2026-02
a=10s | move=75c/60s | hold=10800s | vol>2x/300s | momentum,10,75.0,60,10800,300,2.0,momentum,31.999999999999943,31.999999999999943,0.4210526315789466,1.8209309360001558,0.0,0.0,0.013157894736842105,0.013157894736842105,76,1,1.0,31.999999999999943,inf,0,1,0.013157894736842105,2025-11,2026-01,2026-02,2026-02
a=5s | move=85c/75s | hold=16200s | vol off | momentum,5,85.0,75,16200,300,0.0,momentum,31.999999999999943,31.999999999999943,0.4210526315789466,1.8209309360001558,0.0,0.0,0.013157894736842105,0.013157894736842105,76,1,1.0,31.999999999999943,inf,0,1,0.013157894736842105,2025-11,2026-01,2026-02,2026-02
a=7s | move=77.5c/75s | hold=16200s | vol off | momentum,7,77.5,75,16200,300,0.0,momentum,31.999999999999943,31.999999999999943,0.4210526315789466,1.8209309360001558,0.0,0.0,0.013157894736842105,0.013157894736842105,76,1,1.0,31.999999999999943,inf,0,1,0.013157894736842105,2025-11,2026-01,2026-02,2026-02
a=7s | move=80c/75s | hold=14400s | vol off | momentum,7,80.0,75,14400,300,0.0,momentum,31.999999999999943,31.999999999999943,0.4210526315789466,1.8209309360001558,0.0,0.0,0.013157894736842105,0.013157894736842105,76,1,1.0,31.999999999999943,inf,0,1,0.013157894736842105,2025-11,2026-01,2026-02,2026-02
a=5s | move=85c/75s | hold=12600s | vol off | momentum,5,85.0,75,12600,300,0.0,momentum,31.999999999999943,31.999999999999943,0.4210526315789466,1.8209309360001558,0.0,0.0,0.013157894736842105,0.013157894736842105,76,1,1.0,31.999999999999943,inf,0,1,0.013157894736842105,2025-11,2026-01,2026-02,2026-02
a=5s | move=85c/75s | hold=14400s | vol off | momentum,5,85.0,75,14400,300,0.0,momentum,31.999999999999943,31.999999999999943,0.4210526315789466,1.8209309360001558,0.0,0.0,0.013157894736842105,0.013157894736842105,76,1,1.0,31.999999999999943,inf,0,1,0.013157894736842105,2025-11,2026-01,2026-02,2026-02
a=7s | move=80c/75s | hold=12600s | vol off | momentum,7,80.0,75,12600,300,0.0,momentum,31.999999999999943,31.999999999999943,0.4210526315789466,1.8209309360001558,0.0,0.0,0.013157894736842105,0.013157894736842105,76,1,1.0,31.999999999999943,inf,0,1,0.013157894736842105,2025-11,2026-01,2026-02,2026-02
a=7s | move=77.5c/75s | hold=14400s | vol off | momentum,7,77.5,75,14400,300,0.0,momentum,31.999999999999943,31.999999999999943,0.4210526315789466,1.8209309360001558,0.0,0.0,0.013157894736842105,0.013157894736842105,76,1,1.0,31.999999999999943,inf,0,1,0.013157894736842105,2025-11,2026-01,2026-02,2026-02
a=7s | move=77.5c/75s | hold=12600s | vol off | momentum,7,77.5,75,12600,300,0.0,momentum,31.999999999999943,31.999999999999943,0.4210526315789466,1.8209309360001558,0.0,0.0,0.013157894736842105,0.013157894736842105,76,1,1.0,31.999999999999943,inf,0,1,0.013157894736842105,2025-11,2026-01,2026-02,2026-02
a=1s | move=100c/120s | hold=14400s | vol off | momentum,1,100.0,120,14400,300,0.0,momentum,31.999999999999858,31.999999999999858,0.4210526315789455,1.6568901429693825,0.0,-3.000000000000199,0.013157894736842105,0.02631578947368421,76,2,0.5,15.999999999999929,11.666666666662023,0,2,0.02631578947368421,2025-11,2026-01,2026-02,2026-02
a=60s | move=100c/120s | hold=10800s | vol off | momentum,60,100.0,120,10800,300,0.0,momentum,29.999999999999545,29.999999999999545,0.39473684210525717,1.542234978786783,0.0,-5.000000000000512,0.013157894736842105,0.02631578947368421,76,2,0.5,14.999999999999773,6.999999999997895,0,2,0.02631578947368421,2025-11,2026-01,2026-02,2026-02
a=10s | move=85c/75s | hold=18000s | vol off | momentum,10,85.0,75,18000,300,0.0,momentum,29.00000000000125,29.00000000000125,0.3815789473684375,1.8209309360001051,0.0,0.0,0.013157894736842105,0.013157894736842105,76,1,1.0,29.00000000000125,inf,0,1,0.013157894736842105,2025-11,2026-01,2026-02,2026-02
a=10s | move=70c/45s | hold=9000s | vol>3x/300s | momentum,10,70.0,45,9000,300,3.0,momentum,28.99999999999983,28.99999999999983,0.3815789473684188,1.8209309360001047,0.0,0.0,0.013157894736842105,0.013157894736842105,76,1,1.0,28.99999999999983,inf,0,1,0.013157894736842105,2025-11,2026-01,2026-02,2026-02
a=1s | move=75c/60s | hold=14400s | vol off | momentum,1,75.0,60,14400,300,0.0,momentum,28.999999999999034,28.999999999999034,0.38157894736840836,0.7067114065678799,0.0,-36.00000000000074,0.013157894736842105,0.02631578947368421,76,2,0.5,14.499999999999517,1.8055555555554619,0,2,0.02631578947368421,2025-11,2026-01,2026-02,2026-02
a=5s | move=100c/180s | hold=14400s | vol off | momentum,5,100.0,180,14400,300,0.0,momentum,28.000000000000654,28.000000000000654,0.36842105263158753,1.5245895069395479,0.0,-4.999999999999801,0.013157894736842105,0.02631578947368421,76,2,0.5,14.000000000000327,6.599999999999033,0,2,0.02631578947368421,2025-11,2026-01,2026-02,2026-02
a=1s | move=100c/180s | hold=14400s | vol off | momentum,1,100.0,180,14400,300,0.0,momentum,25.99999999999963,25.99999999999963,0.34210526315788986,1.62168120185909,0.0,-3.000000000000199,0.013157894736842105,0.02631578947368421,76,2,0.5,12.999999999999815,9.666666666662746,0,2,0.02631578947368421,2025-11,2026-01,2026-02,2026-02
a=30s | move=100c/120s | hold=14400s | vol off | momentum,30,100.0,120,14400,300,0.0,momentum,25.00000000000054,25.00000000000054,0.32894736842105976,1.0297134517307631,0.0,-15.999999999999744,0.013157894736842105,0.02631578947368421,76,2,0.5,12.50000000000027,2.5624999999998987,0,2,0.02631578947368421,2025-11,2026-01,2026-02,2026-02
a=5s | move=100c/120s | hold=7200s | vol off | momentum,5,100.0,120,7200,300,0.0,momentum,22.999999999999517,22.999999999999517,0.3026315789473621,2.3329457118322963,0.0,0.0,0.02631578947368421,0.02631578947368421,76,2,1.0,11.499999999999758,inf,0,2,0.02631578947368421,2025-11,2026-01,2026-02,2026-02
a=10s | move=100c/180s | hold=14400s | vol off | momentum,10,100.0,180,14400,300,0.0,momentum,22.000000000000426,22.000000000000426,0.28947368421053193,1.0324866131960184,0.0,-14.000000000000142,0.013157894736842105,0.02631578947368421,76,2,0.5,11.000000000000213,2.5714285714284024,0,2,0.02631578947368421,2025-11,2026-01,2026-02,2026-02
a=5s | move=75c/180s | hold=14400s | vol off | momentum,5,75.0,180,14400,300,0.0,momentum,22.00000000000034,22.00000000000034,0.2894736842105308,0.7884455001176733,0.0,-32.000000000000114,0.02631578947368421,0.039473684210526314,76,3,0.6666666666666666,7.333333333333447,1.6874999999999554,0,3,0.039473684210526314,2025-11,2026-01,2026-02,2026-02
a=5s | move=70c/45s | hold=7200s | vol>3x/300s | momentum,5,70.0,45,7200,300,3.0,momentum,21.0,21.0,0.27631578947368424,1.8209309359998962,0.0,0.0,0.013157894736842105,0.013157894736842105,76,1,1.0,21.0,inf,0,1,0.013157894736842105,2025-11,2026-01,2026-02,2026-02
a=1s | move=75c/60s | hold=10800s | vol off | momentum,1,75.0,60,10800,300,0.0,momentum,20.000000000000114,20.000000000000114,0.2631578947368436,0.45781522846961126,0.0,-44.99999999999966,0.013157894736842105,0.02631578947368421,76,2,0.5,10.000000000000057,1.4444444444444182,0,2,0.02631578947368421,2025-11,2026-01,2026-02,2026-02
a=7s | move=85c/75s | hold=14400s | vol off | momentum,7,85.0,75,14400,300,0.0,momentum,19.000000000000398,19.000000000000398,0.2500000000000052,1.8209309359998165,0.0,0.0,0.013157894736842105,0.013157894736842105,76,1,1.0,19.000000000000398,inf,0,1,0.013157894736842105,2025-11,2026-01,2026-02,2026-02
a=7s | move=85c/75s | hold=16200s | vol off | momentum,7,85.0,75,16200,300,0.0,momentum,19.000000000000398,19.000000000000398,0.2500000000000052,1.8209309359998165,0.0,0.0,0.013157894736842105,0.013157894736842105,76,1,1.0,19.000000000000398,inf,0,1,0.013157894736842105,2025-11,2026-01,2026-02,2026-02
a=7s | move=85c/75s | hold=12600s | vol off | momentum,7,85.0,75,12600,300,0.0,momentum,19.000000000000398,19.000000000000398,0.2500000000000052,1.8209309359998165,0.0,0.0,0.013157894736842105,0.013157894736842105,76,1,1.0,19.000000000000398,inf,0,1,0.013157894736842105,2025-11,2026-01,2026-02,2026-02
a=5s | move=75c/60s | hold=14400s | vol off | momentum,5,75.0,60,14400,300,0.0,momentum,18.00000000000051,18.00000000000051,0.23684210526316463,0.5899886087706132,0.0,-29.0,0.013157894736842105,0.02631578947368421,76,2,0.5,9.000000000000256,1.6206896551723757,0,2,0.02631578947368421,2025-11,2026-01,2026-02,2026-02
a=10s | move=77.5c/75s | hold=16200s | vol off | momentum,10,77.5,75,16200,300,0.0,momentum,14.999999999999773,14.999999999999773,0.19736842105262858,1.8209309359995933,0.0,0.0,0.013157894736842105,0.013157894736842105,76,1,1.0,14.999999999999773,inf,0,1,0.013157894736842105,2025-11,2026-01,2026-02,2026-02
a=10s | move=77.5c/75s | hold=14400s | vol off | momentum,10,77.5,75,14400,300,0.0,momentum,14.999999999999773,14.999999999999773,0.19736842105262858,1.8209309359995933,0.0,0.0,0.013157894736842105,0.013157894736842105,76,1,1.0,14.999999999999773,inf,0,1,0.013157894736842105,2025-11,2026-01,2026-02,2026-02
a=10s | move=80c/75s | hold=12600s | vol off | momentum,10,80.0,75,12600,300,0.0,momentum,14.999999999999773,14.999999999999773,0.19736842105262858,1.8209309359995933,0.0,0.0,0.013157894736842105,0.013157894736842105,76,1,1.0,14.999999999999773,inf,0,1,0.013157894736842105,2025-11,2026-01,2026-02,2026-02
a=10s | move=77.5c/75s | hold=12600s | vol off | momentum,10,77.5,75,12600,300,0.0,momentum,14.999999999999773,14.999999999999773,0.19736842105262858,1.8209309359995933,0.0,0.0,0.013157894736842105,0.013157894736842105,76,1,1.0,14.999999999999773,inf,0,1,0.013157894736842105,2025-11,2026-01,2026-02,2026-02
a=15s | move=85c/75s | hold=12600s | vol off | momentum,15,85.0,75,12600,300,0.0,momentum,14.999999999999773,14.999999999999773,0.19736842105262858,1.8209309359995933,0.0,0.0,0.013157894736842105,0.013157894736842105,76,1,1.0,14.999999999999773,inf,0,1,0.013157894736842105,2025-11,2026-01,2026-02,2026-02
a=15s | move=85c/75s | hold=14400s | vol off | momentum,15,85.0,75,14400,300,0.0,momentum,14.999999999999773,14.999999999999773,0.19736842105262858,1.8209309359995933,0.0,0.0,0.013157894736842105,0.013157894736842105,76,1,1.0,14.999999999999773,inf,0,1,0.013157894736842105,2025-11,2026-01,2026-02,2026-02
a=15s | move=85c/75s | hold=16200s | vol off | momentum,15,85.0,75,16200,300,0.0,momentum,14.999999999999773,14.999999999999773,0.19736842105262858,1.8209309359995933,0.0,0.0,0.013157894736842105,0.013157894736842105,76,1,1.0,14.999999999999773,inf,0,1,0.013157894736842105,2025-11,2026-01,2026-02,2026-02
a=10s | move=80c/75s | hold=14400s | vol off | momentum,10,80.0,75,14400,300,0.0,momentum,14.999999999999773,14.999999999999773,0.19736842105262858,1.8209309359995933,0.0,0.0,0.013157894736842105,0.013157894736842105,76,1,1.0,14.999999999999773,inf,0,1,0.013157894736842105,2025-11,2026-01,2026-02,2026-02
a=10s | move=80c/75s | hold=16200s | vol off | momentum,10,80.0,75,16200,300,0.0,momentum,14.999999999999773,14.999999999999773,0.19736842105262858,1.8209309359995933,0.0,0.0,0.013157894736842105,0.013157894736842105,76,1,1.0,14.999999999999773,inf,0,1,0.013157894736842105,2025-11,2026-01,2026-02,2026-02
a=30s | move=75c/60s | hold=7200s | vol off | momentum,30,75.0,60,7200,300,0.0,momentum,13.000000000000796,13.000000000000796,0.17105263157895784,0.3085980046957348,0.0,-46.99999999999926,0.013157894736842105,0.02631578947368421,76,2,0.5,6.500000000000398,1.2765957446808451,0,2,0.02631578947368421,2025-11,2026-01,2026-02,2026-02
a=120s | move=75c/60s | hold=7200s | vol>2x/300s | momentum,120,75.0,60,7200,300,2.0,momentum,13.00000000000017,13.00000000000017,0.17105263157894962,1.8209309359994308,0.0,0.0,0.013157894736842105,0.013157894736842105,76,1,1.0,13.00000000000017,inf,0,1,0.013157894736842105,2025-11,2026-01,2026-02,2026-02
a=10s | move=100c/120s | hold=7200s | vol off | momentum,10,100.0,120,7200,300,0.0,momentum,11.999999999999574,11.999999999999574,0.15789473684209965,1.6742021697256602,0.0,-1.0000000000005969,0.013157894736842105,0.02631578947368421,76,2,0.5,5.999999999999787,12.99999999997941,0,2,0.02631578947368421,2025-11,2026-01,2026-02,2026-02
a=15s | move=80c/75s | hold=16200s | vol off | momentum,15,80.0,75,16200,300,0.0,momentum,11.000000000000568,11.000000000000568,0.14473684210527063,1.820930935999209,0.0,0.0,0.013157894736842105,0.013157894736842105,76,1,1.0,11.000000000000568,inf,0,1,0.013157894736842105,2025-11,2026-01,2026-02,2026-02
a=15s | move=77.5c/75s | hold=12600s | vol off | momentum,15,77.5,75,12600,300,0.0,momentum,11.000000000000568,11.000000000000568,0.14473684210527063,1.820930935999209,0.0,0.0,0.013157894736842105,0.013157894736842105,76,1,1.0,11.000000000000568,inf,0,1,0.013157894736842105,2025-11,2026-01,2026-02,2026-02
a=15s | move=77.5c/75s | hold=16200s | vol off | momentum,15,77.5,75,16200,300,0.0,momentum,11.000000000000568,11.000000000000568,0.14473684210527063,1.820930935999209,0.0,0.0,0.013157894736842105,0.013157894736842105,76,1,1.0,11.000000000000568,inf,0,1,0.013157894736842105,2025-11,2026-01,2026-02,2026-02
a=15s | move=77.5c/75s | hold=14400s | vol off | momentum,15,77.5,75,14400,300,0.0,momentum,11.000000000000568,11.000000000000568,0.14473684210527063,1.820930935999209,0.0,0.0,0.013157894736842105,0.013157894736842105,76,1,1.0,11.000000000000568,inf,0,1,0.013157894736842105,2025-11,2026-01,2026-02,2026-02
a=10s | move=70c/45s | hold=7200s | vol>3x/300s | momentum,10,70.0,45,7200,300,3.0,momentum,10.000000000000057,10.000000000000057,0.1315789473684218,1.8209309359990644,0.0,0.0,0.013157894736842105,0.013157894736842105,76,1,1.0,10.000000000000057,inf,0,1,0.013157894736842105,2025-11,2026-01,2026-02,2026-02
a=5s | move=100c/120s | hold=14400s | vol off | momentum,5,100.0,120,14400,300,0.0,momentum,9.999999999999972,9.999999999999972,0.13157894736842068,1.1470786693521962,0.0,-4.999999999999801,0.013157894736842105,0.02631578947368421,76,2,0.5,4.999999999999986,2.9999999999994738,0,2,0.02631578947368421,2025-11,2026-01,2026-02,2026-02
a=60s | move=75c/60s | hold=10800s | vol>2x/300s | momentum,60,75.0,60,10800,300,2.0,momentum,8.999999999999545,8.999999999999545,0.11842105263157296,1.8209309359988883,0.0,0.0,0.013157894736842105,0.013157894736842105,76,1,1.0,8.999999999999545,inf,0,1,0.013157894736842105,2025-11,2026-01,2026-02,2026-02
a=120s | move=100c/120s | hold=10800s | vol off | momentum,120,100.0,120,10800,300,0.0,momentum,8.99999999999946,8.99999999999946,0.11842105263157184,1.097775224202106,0.0,-5.000000000000512,0.013157894736842105,0.02631578947368421,76,2,0.5,4.49999999999973,2.7999999999991476,0,2,0.02631578947368421,2025-11,2026-01,2026-02,2026-02
a=60s | move=75c/60s | hold=7200s | vol>2x/300s | momentum,60,75.0,60,7200,300,2.0,momentum,6.999999999999943,6.999999999999943,0.09210526315789398,1.8209309359983843,0.0,0.0,0.013157894736842105,0.013157894736842105,76,1,1.0,6.999999999999943,inf,0,1,0.013157894736842105,2025-11,2026-01,2026-02,2026-02
a=10s | move=85c/75s | hold=14400s | vol off | momentum,10,85.0,75,14400,300,0.0,momentum,6.000000000000853,6.000000000000853,0.07894736842106385,1.8209309359980066,0.0,0.0,0.013157894736842105,0.013157894736842105,76,1,1.0,6.000000000000853,inf,0,1,0.013157894736842105,2025-11,2026-01,2026-02,2026-02
a=10s | move=85c/75s | hold=12600s | vol off | momentum,10,85.0,75,12600,300,0.0,momentum,6.000000000000853,6.000000000000853,0.07894736842106385,1.8209309359980066,0.0,0.0,0.013157894736842105,0.013157894736842105,76,1,1.0,6.000000000000853,inf,0,1,0.013157894736842105,2025-11,2026-01,2026-02,2026-02
a=10s | move=85c/75s | hold=16200s | vol off | momentum,10,85.0,75,16200,300,0.0,momentum,6.000000000000853,6.000000000000853,0.07894736842106385,1.8209309359980066,0.0,0.0,0.013157894736842105,0.013157894736842105,76,1,1.0,6.000000000000853,inf,0,1,0.013157894736842105,2025-11,2026-01,2026-02,2026-02
a=60s | move=100c/120s | hold=7200s | vol off | momentum,60,100.0,120,7200,300,0.0,momentum,6.000000000000057,6.000000000000057,0.07894736842105338,0.7358895877082441,0.0,-7.000000000000114,0.013157894736842105,0.02631578947368421,76,2,0.5,3.0000000000000284,1.857142857142586,0,2,0.02631578947368421,2025-11,2026-01,2026-02,2026-02
a=5s | move=75c/60s | hold=10800s | vol off | momentum,5,75.0,60,10800,300,0.0,momentum,4.000000000000455,4.000000000000455,0.052631578947374406,0.11358802426004744,0.0,-43.00000000000006,0.013157894736842105,0.02631578947368421,76,2,0.5,2.0000000000002274,1.0930232558139386,0,2,0.02631578947368421,2025-11,2026-01,2026-02,2026-02
a=5s | move=100c/300s | hold=14400s | vol off | momentum,5,100.0,300,14400,300,0.0,momentum,3.999999999999744,3.999999999999744,0.05263157894736505,0.9518158477921314,0.0,-3.000000000000199,0.013157894736842105,0.02631578947368421,76,2,0.5,1.999999999999872,2.333333333332382,0,2,0.02631578947368421,2025-11,2026-01,2026-02,2026-02
a=10s | move=75c/60s | hold=14400s | vol off | momentum,10,75.0,60,14400,300,0.0,momentum,2.999999999999943,2.999999999999943,0.03947368421052557,0.12566459473550246,0.0,-29.0,0.013157894736842105,0.02631578947368421,76,2,0.5,1.4999999999999716,1.103448275862029,0,2,0.02631578947368421,2025-11,2026-01,2026-02,2026-02
a=30s | move=75c/60s | hold=14400s | vol off | momentum,30,75.0,60,14400,300,0.0,momentum,2.0000000000008527,2.0000000000008527,0.02631578947369543,0.07990536690956572,0.0,-30.999999999999602,0.013157894736842105,0.02631578947368421,76,2,0.5,1.0000000000004263,1.064516129032252,0,2,0.02631578947368421,2025-11,2026-01,2026-02,2026-02
a=1s | move=100c/300s | hold=14400s | vol off | momentum,1,100.0,300,14400,300,0.0,momentum,2.0000000000008527,2.0000000000008527,0.02631578947369543,1.8209309359932917,0.0,0.0,0.02631578947368421,0.02631578947368421,76,2,1.0,1.0000000000004263,inf,0,2,0.02631578947368421,2025-11,2026-01,2026-02,2026-02
a=60s | move=100c/120s | hold=10800s | vol>2x/300s | momentum,60,100.0,120,10800,300,2.0,momentum,-1.7053025658242404e-13,-1.7053025658242404e-13,-2.243819165558211e-15,-6.232118651184883e-15,0.0,-35.00000000000023,0.013157894736842105,0.02631578947368421,76,2,0.5,-8.526512829121202e-14,0.9999999999999665,1,1,0.02631578947368421,2025-11,2026-01,2026-02,2026-02
a=5s | move=75c/60s | hold=7200s | vol off | momentum,5,75.0,60,7200,300,0.0,momentum,-1.0000000000006821,-1.0000000000006821,-0.01315789473685108,-0.02583899045663768,0.0,-50.000000000000796,0.013157894736842105,0.02631578947368421,76,2,0.5,-0.5000000000003411,0.979999999999967,0,2,0.02631578947368421,2025-11,2026-01,2026-02,2026-02
a=10s | move=100c/120s | hold=14400s | vol off | momentum,10,100.0,120,14400,300,0.0,momentum,-2.9999999999995737,-2.9999999999995737,-0.03947368421052071,-0.30485271545929293,0.0,-14.000000000000142,0.013157894736842105,0.02631578947368421,76,2,0.5,-1.4999999999997868,0.7857142857142622,0,2,0.02631578947368421,2025-11,2026-01,2026-02,2026-02
a=60s | move=100c/120s | hold=14400s | vol off | momentum,60,100.0,120,14400,300,0.0,momentum,-6.000000000000398,-6.000000000000398,-0.07894736842105787,-2.1481989074182772,-0.44309100632829657,-6.000000000000398,0.0,0.02631578947368421,76,2,0.0,-3.000000000000199,0.0,0,2,0.02631578947368421,2025-11,2026-01,2026-02,2026-02
a=10s | move=100c/300s | hold=14400s | vol off | momentum,10,100.0,300,14400,300,0.0,momentum,-8.999999999999801,-8.999999999999801,-0.11842105263157633,-2.0360721608336334,-0.3797922911386217,-8.999999999999801,0.0,0.02631578947368421,76,2,0.0,-4.4999999999999005,0.0,0,2,0.02631578947368421,2025-11,2026-01,2026-02,2026-02
a=30s | move=75c/60s | hold=10800s | vol off | momentum,30,75.0,60,10800,300,0.0,momentum,-9.999999999999602,-9.999999999999602,-0.13157894736841583,-0.3338018088094803,0.0,-43.00000000000006,0.013157894736842105,0.02631578947368421,76,2,0.5,-4.999999999999801,0.767441860465108,0,2,0.02631578947368421,2025-11,2026-01,2026-02,2026-02
a=10s | move=75c/60s | hold=10800s | vol off | momentum,10,75.0,60,10800,300,0.0,momentum,-10.000000000001023,-10.000000000001023,-0.1315789473684345,-0.3426679065566803,0.0,-42.000000000000966,0.013157894736842105,0.02631578947368421,76,2,0.5,-5.000000000000512,0.7619047619047249,0,2,0.02631578947368421,2025-11,2026-01,2026-02,2026-02
a=10s | move=75c/60s | hold=7200s | vol off | momentum,10,75.0,60,7200,300,0.0,momentum,-13.000000000001137,-13.000000000001137,-0.17105263157896233,-0.4055194340568389,0.0,-47.00000000000068,0.013157894736842105,0.02631578947368421,76,2,0.5,-6.500000000000568,0.7234042553191133,0,2,0.02631578947368421,2025-11,2026-01,2026-02,2026-02
a=30s | move=100c/300s | hold=14400s | vol off | momentum,30,100.0,300,14400,300,0.0,momentum,-17.99999999999943,-17.99999999999943,-0.23684210526315042,-1.8209309359997066,0.0,-18.000000000000057,0.013157894736842105,0.02631578947368421,76,2,0.5,-8.999999999999716,3.473764485938064e-14,0,2,0.02631578947368421,2025-11,2026-01,2026-02,2026-02
a=60s | move=75c/60s | hold=14400s | vol off | momentum,60,75.0,60,14400,300,0.0,momentum,-26.999999999999773,-26.999999999999773,-0.35526315789473384,-1.3207847093414296,0.0,-35.99999999999932,0.013157894736842105,0.02631578947368421,76,2,0.5,-13.499999999999886,0.24999999999998515,0,2,0.02631578947368421,2025-11,2026-01,2026-02,2026-02
a=120s | move=75c/60s | hold=14400s | vol off | momentum,120,75.0,60,14400,300,0.0,momentum,-33.99999999999909,-33.99999999999909,-0.4473684210526196,-1.5276818647604122,0.0,-39.99999999999994,0.013157894736842105,0.02631578947368421,76,2,0.5,-16.999999999999545,0.15000000000001779,0,2,0.02631578947368421,2025-11,2026-01,2026-02,2026-02
a=60s | move=75c/60s | hold=10800s | vol off | momentum,60,75.0,60,10800,300,0.0,momentum,-36.999999999999204,-36.999999999999204,-0.4868421052631474,-1.4338104126267612,0.0,-45.99999999999875,0.013157894736842105,0.02631578947368421,76,2,0.5,-18.499999999999602,0.19565217391303466,0,2,0.02631578947368421,2025-11,2026-01,2026-02,2026-02
a=30s | move=12c/180s | hold=25200s | vol off | momentum,30,12.0,180,25200,300,0.0,momentum,-56.99999999999966,-56.99999999999966,-0.7499999999999956,-0.271796139497168,-0.39260511987109503,-411.999999999998,0.40789473684210525,0.8157894736842105,76,62,0.5,-0.9193548387096715,0.9493783303730016,33,29,0.8157894736842105,2025-11,2026-01,2026-02,2026-02
a=60s | move=100c/600s | hold=14400s | vol off | momentum,60,100.0,600,14400,300,0.0,momentum,-58.0,-58.0,-0.7631578947368421,-1.7584756408525288,0.0,-60.00000000000023,0.013157894736842105,0.02631578947368421,76,2,0.5,-29.0,0.03333333333333644,0,2,0.02631578947368421,2025-11,2026-01,2026-02,2026-02
a=5s | move=100c/120s | hold=10800s | vol>2x/300s | momentum,5,100.0,120,10800,300,2.0,momentum,-58.00000000000071,-58.00000000000071,-0.7631578947368515,-1.1160271772361872,0.0,-89.00000000000085,0.013157894736842105,0.02631578947368421,76,2,0.5,-29.000000000000355,0.3483146067415674,1,1,0.02631578947368421,2025-11,2026-01,2026-02,2026-02
a=30s | move=100c/120s | hold=10800s | vol>2x/300s | momentum,30,100.0,120,10800,300,2.0,momentum,-63.000000000000426,-63.000000000000426,-0.8289473684210582,-1.3396312957057095,0.0,-83.00000000000063,0.013157894736842105,0.02631578947368421,76,2,0.5,-31.500000000000213,0.24096385542168444,1,1,0.02631578947368421,2025-11,2026-01,2026-02,2026-02
a=300s | move=100c/300s | hold=14400s | vol off | momentum,300,100.0,300,14400,300,0.0,momentum,-68.99999999999923,-68.99999999999923,-0.9078947368420952,-1.717325416096427,0.0,-72.99999999999977,0.013157894736842105,0.02631578947368421,76,2,0.5,-34.499999999999616,0.05479452054795203,0,2,0.02631578947368421,2025-11,2026-01,2026-02,2026-02
a=10s | move=100c/120s | hold=10800s | vol>2x/300s | momentum,10,100.0,120,10800,300,2.0,momentum,-77.0000000000012,-77.0000000000012,-1.0131578947368578,-1.3624776425709468,0.0,-100.0000000000008,0.013157894736842105,0.02631578947368421,76,2,0.5,-38.5000000000006,0.2299999999999919,1,1,0.02631578947368421,2025-11,2026-01,2026-02,2026-02
a=30s | move=12c/180s | hold=28800s | vol off | momentum,30,12.0,180,28800,300,0.0,momentum,-78.00000000000111,-78.00000000000111,-1.0263157894736987,-0.31797863104321655,-0.5232181149277619,-538.9999999999977,0.3815789473684211,0.8157894736842105,76,62,0.46774193548387094,-1.2580645161290507,0.9440057430007166,33,29,0.8157894736842105,2025-11,2026-01,2026-02,2026-02
a=120s | move=100c/600s | hold=14400s | vol off | momentum,120,100.0,600,14400,300,0.0,momentum,-79.00000000000009,-79.00000000000009,-1.0394736842105274,-2.387416406391623,-0.7071553434333421,-79.00000000000009,0.0,0.02631578947368421,76,2,0.0,-39.50000000000004,0.0,0,2,0.02631578947368421,2025-11,2026-01,2026-02,2026-02
a=5s | move=12c/180s | hold=32400s | vol off | momentum,5,12.0,180,32400,300,0.0,momentum,-110.99999999999886,-110.99999999999886,-1.4605263157894588,-0.43919763800046946,-0.7112900494864896,-546.9999999999966,0.35526315789473684,0.8157894736842105,76,62,0.43548387096774194,-1.790322580645143,0.9216654904728303,33,29,0.8157894736842105,2025-11,2026-01,2026-02,2026-02
a=1s | move=12c/180s | hold=32400s | vol off | momentum,1,12.0,180,32400,300,0.0,momentum,-130.00000000000506,-130.00000000000506,-1.7105263157895403,-0.513243892804422,-0.8152118637714912,-573.0000000000023,0.32894736842105265,0.8157894736842105,76,62,0.4032258064516129,-2.0967741935484683,0.9087719298245575,33,29,0.8157894736842105,2025-11,2026-01,2026-02,2026-02
a=1s | move=10c/180s | hold=21600s | vol off | momentum,1,10.0,180,21600,300,0.0,momentum,-134.00000000000287,-134.00000000000287,-1.7631578947368798,-0.8656506288996773,-1.3372756163724533,-311.00000000000364,0.34210526315789475,0.8289473684210527,76,63,0.4126984126984127,-2.1269841269841727,0.8530701754385926,29,34,0.8289473684210527,2025-11,2026-01,2026-02,2026-02
a=10s | move=10c/180s | hold=21600s | vol off | momentum,10,10.0,180,21600,300,0.0,momentum,-134.9999999999977,-134.9999999999977,-1.7763157894736539,-0.8676545008954678,-1.380149263389982,-308.99999999999943,0.35526315789473684,0.8289473684210527,76,63,0.42857142857142855,-2.1428571428571064,0.8545258620689671,29,34,0.8289473684210527,2025-11,2026-01,2026-02,2026-02
a=5s | move=10c/180s | hold=21600s | vol off | momentum,5,10.0,180,21600,300,0.0,momentum,-136.99999999999872,-136.99999999999872,-1.8026315789473515,-0.888903482284142,-1.3862953396657958,-311.99999999999886,0.34210526315789475,0.8289473684210527,76,63,0.4126984126984127,-2.1746031746031544,0.8502732240437166,29,34,0.8289473684210527,2025-11,2026-01,2026-02,2026-02
a=30s | move=12c/180s | hold=32400s | vol off | momentum,30,12.0,180,32400,300,0.0,momentum,-140.00000000000088,-140.00000000000088,-1.8421052631579062,-0.5600136045253642,-0.932340192647002,-542.9999999999989,0.3684210526315789,0.8157894736842105,76,62,0.45161290322580644,-2.2580645161290467,0.9011997177134781,33,29,0.8157894736842105,2025-11,2026-01,2026-02,2026-02
a=120s | move=10c/180s | hold=21600s | vol off | momentum,120,10.0,180,21600,300,0.0,momentum,-142.99999999999753,-142.99999999999753,-1.8815789473683886,-0.9223913242304647,-1.2785876723397167,-344.9999999999992,0.32894736842105265,0.8289473684210527,76,63,0.3968253968253968,-2.2698412698412307,0.8378684807256254,29,34,0.8289473684210527,2025-11,2026-01,2026-02,2026-02
a=30s | move=10c/180s | hold=21600s | vol off | momentum,30,10.0,180,21600,300,0.0,momentum,-168.00000000000108,-168.00000000000108,-2.210526315789488,-1.0969183350983767,-1.6642657329525787,-333.99999999999943,0.34210526315789475,0.8289473684210527,76,63,0.4126984126984127,-2.666666666666684,0.8177874186550956,29,34,0.8289473684210527,2025-11,2026-01,2026-02,2026-02
a=60s | move=10c/180s | hold=21600s | vol off | momentum,60,10.0,180,21600,300,0.0,momentum,-184.00000000000358,-184.00000000000358,-2.4210526315789944,-1.2373434856242749,-1.7879384093337836,-380.00000000000364,0.35526315789473684,0.8289473684210527,76,63,0.42857142857142855,-2.9206349206349773,0.7966850828729244,29,34,0.8289473684210527,2025-11,2026-01,2026-02,2026-02
a=120s | move=10c/180s | hold=28800s | vol off | momentum,120,10.0,180,28800,300,0.0,momentum,-252.99999999999557,-252.99999999999557,-3.3289473684209945,-1.1466303488094383,-1.8939310586841258,-584.9999999999998,0.35526315789473684,0.8289473684210527,76,63,0.42857142857142855,-4.015873015872944,0.8062787136294062,29,34,0.8289473684210527,2025-11,2026-01,2026-02,2026-02
a=10s | move=10c/180s | hold=28800s | vol off | momentum,10,10.0,180,28800,300,0.0,momentum,-305.999999999995,-305.999999999995,-4.026315789473618,-1.3515138016840749,-2.150946009509557,-604.9999999999982,0.35526315789473684,0.8289473684210527,76,63,0.42857142857142855,-4.857142857142778,0.7748344370860956,29,34,0.8289473684210527,2025-11,2026-01,2026-02,2026-02
a=5s | move=10c/180s | hold=28800s | vol off | momentum,5,10.0,180,28800,300,0.0,momentum,-318.9999999999988,-318.9999999999988,-4.197368421052616,-1.4106725872582906,-2.2360387389554606,-620.0000000000001,0.34210526315789475,0.8289473684210527,76,63,0.4126984126984127,-5.063492063492044,0.7664714494875557,29,34,0.8289473684210527,2025-11,2026-01,2026-02,2026-02
a=1s | move=10c/180s | hold=28800s | vol off | momentum,1,10.0,180,28800,300,0.0,momentum,-320.0000000000036,-320.0000000000036,-4.2105263157895205,-1.4203307523769062,-2.2442800660563074,-623.0000000000044,0.34210526315789475,0.8289473684210527,76,63,0.4126984126984127,-5.079365079365135,0.7650513950073397,29,34,0.8289473684210527,2025-11,2026-01,2026-02,2026-02
a=60s | move=10c/180s | hold=28800s | vol off | momentum,60,10.0,180,28800,300,0.0,momentum,-325.00000000000256,-325.00000000000256,-4.276315789473718,-1.4732844001255314,-2.355309654954537,-633.0000000000023,0.34210526315789475,0.8289473684210527,76,63,0.4126984126984127,-5.158730158730199,0.7590808005930296,29,34,0.8289473684210527,2025-11,2026-01,2026-02,2026-02
a=30s | move=10c/180s | hold=32400s | vol off | momentum,30,10.0,180,32400,300,0.0,momentum,-325.99999999999955,-325.99999999999955,-4.28947368421052,-1.4276455959793226,-2.260783044798093,-635.9999999999997,0.2894736842105263,0.8289473684210527,76,63,0.3492063492063492,-5.174603174603166,0.7588757396449707,29,34,0.8289473684210527,2025-11,2026-01,2026-02,2026-02
a=30s | move=10c/180s | hold=28800s | vol off | momentum,30,10.0,180,28800,300,0.0,momentum,-336.0000000000025,-336.0000000000025,-4.421052631578981,-1.4898863512036147,-2.4103597388631735,-633.0000000000025,0.34210526315789475,0.8289473684210527,76,63,0.4126984126984127,-5.333333333333371,0.7568740955137464,29,34,0.8289473684210527,2025-11,2026-01,2026-02,2026-02
a=300s | move=10c/180s | hold=28800s | vol off | momentum,300,10.0,180,28800,300,0.0,momentum,-366.99999999999557,-366.99999999999557,-4.8289473684209945,-1.718633524480601,-2.8036300034466075,-699.9999999999955,0.32894736842105265,0.8289473684210527,76,63,0.3968253968253968,-5.825396825396755,0.71790930053805,29,34,0.8289473684210527,2025-11,2026-01,2026-02,2026-02
a=300s | move=75c/3600s | hold=14400s | vol off | momentum,300,75.0,3600,14400,300,0.0,momentum,533.9999999999986,533.9999999999986,7.1199999999999815,3.689757059301484,4.167627792162244,-95.99999999999955,0.26666666666666666,0.38666666666666666,75,29,0.6896551724137931,18.413793103448228,2.9139784946236458,17,12,0.38666666666666666,2025-12,2026-02,2026-03,2026-03
a=5s | move=75c/75s | hold=18000s | vol off | momentum,5,75.0,75,18000,300,0.0,momentum,255.0000000000016,255.0000000000016,3.4000000000000212,2.7166223465249013,0.0,0.0,0.04,0.04,75,3,1.0,85.00000000000053,inf,0,3,0.04,2025-12,2026-02,2026-03,2026-03
a=3s | move=75c/75s | hold=18000s | vol off | momentum,3,75.0,75,18000,300,0.0,momentum,248.99999999999994,248.99999999999994,3.3199999999999994,2.7059206756088,0.0,0.0,0.04,0.04,75,3,1.0,82.99999999999999,inf,0,3,0.04,2025-12,2026-02,2026-03,2026-03
a=7s | move=75c/75s | hold=18000s | vol off | momentum,7,75.0,75,18000,300,0.0,momentum,247.00000000000034,247.00000000000034,3.293333333333338,2.7548034067797906,0.0,0.0,0.04,0.04,75,3,1.0,82.33333333333344,inf,0,3,0.04,2025-12,2026-02,2026-03,2026-03
a=10s | move=75c/75s | hold=18000s | vol off | momentum,10,75.0,75,18000,300,0.0,momentum,242.99999999999972,242.99999999999972,3.239999999999996,2.738589318709391,0.0,0.0,0.04,0.04,75,3,1.0,80.9999999999999,inf,0,3,0.04,2025-12,2026-02,2026-03,2026-03
a=5s | move=75c/75s | hold=16200s | vol off | momentum,5,75.0,75,16200,300,0.0,momentum,236.00000000000182,236.00000000000182,3.146666666666691,2.7997661017611004,0.0,0.0,0.04,0.04,75,3,1.0,78.66666666666727,inf,0,3,0.04,2025-12,2026-02,2026-03,2026-03
a=1s | move=75c/75s | hold=18000s | vol off | momentum,1,75.0,75,18000,300,0.0,momentum,234.9999999999999,234.9999999999999,3.133333333333332,2.7300291954154545,0.0,0.0,0.04,0.04,75,3,1.0,78.3333333333333,inf,0,3,0.04,2025-12,2026-02,2026-03,2026-03
a=3s | move=75c/75s | hold=16200s | vol off | momentum,3,75.0,75,16200,300,0.0,momentum,231.00000000000068,231.00000000000068,3.080000000000009,2.798422895519089,0.0,0.0,0.04,0.04,75,3,1.0,77.00000000000023,inf,0,3,0.04,2025-12,2026-02,2026-03,2026-03
a=7s | move=75c/75s | hold=14400s | vol off | momentum,7,75.0,75,14400,300,0.0,momentum,227.00000000000006,227.00000000000006,3.0266666666666673,2.967582788583936,0.0,0.0,0.04,0.04,75,3,1.0,75.66666666666669,inf,0,3,0.04,2025-12,2026-02,2026-03,2026-03
a=7s | move=75c/75s | hold=16200s | vol off | momentum,7,75.0,75,16200,300,0.0,momentum,223.99999999999994,223.99999999999994,2.986666666666666,2.8079713413705156,0.0,0.0,0.04,0.04,75,3,1.0,74.66666666666664,inf,0,3,0.04,2025-12,2026-02,2026-03,2026-03
a=10s | move=75c/75s | hold=16200s | vol off | momentum,10,75.0,75,16200,300,0.0,momentum,219.00000000000023,219.00000000000023,2.920000000000003,2.7625977563445043,0.0,0.0,0.04,0.04,75,3,1.0,73.00000000000007,inf,0,3,0.04,2025-12,2026-02,2026-03,2026-03
a=1s | move=75c/75s | hold=16200s | vol off | momentum,1,75.0,75,16200,300,0.0,momentum,218.00000000000114,218.00000000000114,2.906666666666682,2.84010337958407,0.0,0.0,0.04,0.04,75,3,1.0,72.66666666666704,inf,0,3,0.04,2025-12,2026-02,2026-03,2026-03
a=15s | move=75c/75s | hold=16200s | vol off | momentum,15,75.0,75,16200,300,0.0,momentum,217.00000000000063,217.00000000000063,2.8933333333333415,2.581177254765976,0.0,0.0,0.04,0.04,75,3,1.0,72.33333333333354,inf,0,3,0.04,2025-12,2026-02,2026-03,2026-03
a=10s | move=70c/75s | hold=18000s | vol off | momentum,10,70.0,75,18000,300,0.0,momentum,213.99999999999972,213.99999999999972,2.8533333333333295,2.1330819619761674,0.0,-49.999999999999375,0.04,0.05333333333333334,75,4,0.75,53.49999999999993,5.279999999999942,0,4,0.05333333333333334,2025-12,2026-02,2026-03,2026-03
a=10s | move=72.5c/75s | hold=18000s | vol off | momentum,10,72.5,75,18000,300,0.0,momentum,213.99999999999972,213.99999999999972,2.8533333333333295,2.1243143690034225,0.0,-52.0000000000004,0.04,0.05333333333333334,75,4,0.75,53.49999999999993,5.11538461538448,0,4,0.05333333333333334,2025-12,2026-02,2026-03,2026-03
a=7s | move=70c/75s | hold=18000s | vol off | momentum,7,70.0,75,18000,300,0.0,momentum,210.9999999999996,210.9999999999996,2.813333333333328,2.1004738397679357,0.0,-58.999999999999716,0.04,0.05333333333333334,75,4,0.75,52.7499999999999,4.576271186440611,0,4,0.05333333333333334,2025-12,2026-02,2026-03,2026-03
a=15s | move=72.5c/75s | hold=16200s | vol off | momentum,15,72.5,75,16200,300,0.0,momentum,209.0,209.0,2.7866666666666666,2.22009174122355,0.0,-44.00000000000057,0.04,0.05333333333333334,75,4,0.75,52.25,5.749999999999808,0,4,0.05333333333333334,2025-12,2026-02,2026-03,2026-03
a=10s | move=70c/75s | hold=16200s | vol off | momentum,10,70.0,75,16200,300,0.0,momentum,208.0000000000009,208.0000000000009,2.7733333333333454,2.2567997997025717,0.0,-43.99999999999915,0.04,0.05333333333333334,75,4,0.75,52.00000000000023,5.727272727272709,0,4,0.05333333333333334,2025-12,2026-02,2026-03,2026-03
a=1s | move=80c/75s | hold=18000s | vol off | momentum,1,80.0,75,18000,300,0.0,momentum,208.00000000000028,208.00000000000028,2.773333333333337,2.5358038693485914,0.0,0.0,0.04,0.04,75,3,1.0,69.33333333333343,inf,0,3,0.04,2025-12,2026-02,2026-03,2026-03
a=1s | move=77.5c/75s | hold=18000s | vol off | momentum,1,77.5,75,18000,300,0.0,momentum,208.00000000000028,208.00000000000028,2.773333333333337,2.5358038693485914,0.0,0.0,0.04,0.04,75,3,1.0,69.33333333333343,inf,0,3,0.04,2025-12,2026-02,2026-03,2026-03
a=10s | move=72.5c/75s | hold=16200s | vol off | momentum,10,72.5,75,16200,300,0.0,momentum,207.9999999999995,207.9999999999995,2.7733333333333263,2.2451897484823484,0.0,-46.00000000000017,0.04,0.05333333333333334,75,4,0.75,51.99999999999987,5.521739130434635,0,4,0.05333333333333334,2025-12,2026-02,2026-03,2026-03
a=7s | move=70c/75s | hold=16200s | vol off | momentum,7,70.0,75,16200,300,0.0,momentum,207.00000000000182,207.00000000000182,2.760000000000024,2.2184485537740577,0.0,-52.99999999999949,0.04,0.05333333333333334,75,4,0.75,51.750000000000455,4.90566037735847,0,4,0.05333333333333334,2025-12,2026-02,2026-03,2026-03
a=15s | move=70c/75s | hold=16200s | vol off | momentum,15,70.0,75,16200,300,0.0,momentum,203.0000000000012,203.0000000000012,2.7066666666666825,2.1838476987296644,0.0,-40.999999999999034,0.04,0.05333333333333334,75,4,0.75,50.7500000000003,5.951219512195122,0,4,0.05333333333333334,2025-12,2026-02,2026-03,2026-03
a=7s | move=72.5c/75s | hold=18000s | vol off | momentum,7,72.5,75,18000,300,0.0,momentum,202.99999999999977,202.99999999999977,2.7066666666666634,2.06378224272947,0.0,-52.0000000000004,0.04,0.05333333333333334,75,4,0.75,50.74999999999994,4.903846153846025,0,4,0.05333333333333334,2025-12,2026-02,2026-03,2026-03
a=30s | move=77.5c/75s | hold=16200s | vol off | momentum,30,77.5,75,16200,300,0.0,momentum,202.00000000000006,202.00000000000006,2.6933333333333342,2.419604330006922,0.0,0.0,0.04,0.04,75,3,1.0,67.33333333333336,inf,0,3,0.04,2025-12,2026-02,2026-03,2026-03
a=3s | move=80c/75s | hold=18000s | vol off | momentum,3,80.0,75,18000,300,0.0,momentum,200.99999999999955,200.99999999999955,2.679999999999994,2.367078862621393,0.0,-8.999999999999716,0.02666666666666667,0.04,75,3,0.6666666666666666,66.99999999999984,23.333333333331396,0,3,0.04,2025-12,2026-02,2026-03,2026-03
a=3s | move=77.5c/75s | hold=18000s | vol off | momentum,3,77.5,75,18000,300,0.0,momentum,200.99999999999955,200.99999999999955,2.679999999999994,2.367078862621393,0.0,-8.999999999999716,0.02666666666666667,0.04,75,3,0.6666666666666666,66.99999999999984,23.333333333331396,0,3,0.04,2025-12,2026-02,2026-03,2026-03
a=7s | move=72.5c/75s | hold=16200s | vol off | momentum,7,72.5,75,16200,300,0.0,momentum,199.00000000000057,199.00000000000057,2.653333333333341,2.1941860190537286,0.0,-46.00000000000017,0.04,0.05333333333333334,75,4,0.75,49.75000000000014,5.326086956521619,0,4,0.05333333333333334,2025-12,2026-02,2026-03,2026-03
a=30s | move=85c/75s | hold=14400s | vol off | momentum,30,85.0,75,14400,300,0.0,momentum,197.99999999999943,197.99999999999943,2.6399999999999926,2.5948036608482035,0.0,0.0,0.04,0.04,75,3,1.0,65.99999999999982,inf,0,3,0.04,2025-12,2026-02,2026-03,2026-03
a=5s | move=85c/75s | hold=18000s | vol off | momentum,5,85.0,75,18000,300,0.0,momentum,194.99999999999932,194.99999999999932,2.5999999999999908,2.36626373230292,0.0,-2.000000000000398,0.02666666666666667,0.04,75,3,0.6666666666666666,64.99999999999977,98.499999999931,0,3,0.04,2025-12,2026-02,2026-03,2026-03
a=3s | move=85c/75s | hold=18000s | vol off | momentum,3,85.0,75,18000,300,0.0,momentum,194.99999999999932,194.99999999999932,2.5999999999999908,2.342454532286854,0.0,-7.999999999999204,0.02666666666666667,0.04,75,3,0.6666666666666666,64.99999999999977,25.37499999999917,0,3,0.04,2025-12,2026-02,2026-03,2026-03
a=30s | move=85c/75s | hold=16200s | vol off | momentum,30,85.0,75,16200,300,0.0,momentum,192.99999999999972,192.99999999999972,2.5733333333333297,2.3280584827281148,0.0,0.0,0.04,0.04,75,3,1.0,64.33333333333324,inf,0,3,0.04,2025-12,2026-02,2026-03,2026-03
a=30s | move=75c/60s | hold=14400s | vol off | momentum,30,75.0,60,14400,300,0.0,momentum,192.00000000000267,192.00000000000267,2.5600000000000356,2.3065934813180538,0.0,-30.999999999999602,0.04,0.05333333333333334,75,4,0.75,48.00000000000067,7.193548387096708,0,4,0.05333333333333334,2025-12,2026-02,2026-03,2026-03
a=5s | move=77.5c/75s | hold=18000s | vol off | momentum,5,77.5,75,18000,300,0.0,momentum,191.0000000000001,191.0000000000001,2.546666666666668,2.259628237634463,0.0,-13.999999999999432,0.02666666666666667,0.04,75,3,0.6666666666666666,63.66666666666671,14.64285714285666,0,3,0.04,2025-12,2026-02,2026-03,2026-03
a=1s | move=85c/75s | hold=18000s | vol off | momentum,1,85.0,75,18000,300,0.0,momentum,191.0000000000001,191.0000000000001,2.546666666666668,2.384170201912364,0.0,-8.999999999999716,0.02666666666666667,0.04,75,3,0.6666666666666666,63.66666666666671,22.222222222220434,0,3,0.04,2025-12,2026-02,2026-03,2026-03
a=5s | move=80c/75s | hold=18000s | vol off | momentum,5,80.0,75,18000,300,0.0,momentum,191.0000000000001,191.0000000000001,2.546666666666668,2.259628237634463,0.0,-13.999999999999432,0.02666666666666667,0.04,75,3,0.6666666666666666,63.66666666666671,14.64285714285666,0,3,0.04,2025-12,2026-02,2026-03,2026-03
a=7s | move=80c/75s | hold=18000s | vol off | momentum,7,80.0,75,18000,300,0.0,momentum,190.9999999999987,190.9999999999987,2.546666666666649,2.3453589959841064,0.0,-4.0,0.02666666666666667,0.04,75,3,0.6666666666666666,63.66666666666623,48.74999999998749,0,3,0.04,2025-12,2026-02,2026-03,2026-03
a=7s | move=77.5c/75s | hold=18000s | vol off | momentum,7,77.5,75,18000,300,0.0,momentum,190.9999999999987,190.9999999999987,2.546666666666649,2.3453589959841064,0.0,-4.0,0.02666666666666667,0.04,75,3,0.6666666666666666,63.66666666666623,48.74999999998749,0,3,0.04,2025-12,2026-02,2026-03,2026-03
a=1s | move=75c/60s | hold=14400s | vol off | momentum,1,75.0,60,14400,300,0.0,momentum,190.00000000000023,190.00000000000023,2.5333333333333363,2.362374890038864,0.0,-36.00000000000074,0.04,0.05333333333333334,75,4,0.75,47.50000000000006,6.2777777777775015,0,4,0.05333333333333334,2025-12,2026-02,2026-03,2026-03
a=1s | move=77.5c/75s | hold=14400s | vol off | momentum,1,77.5,75,14400,300,0.0,momentum,189.00000000000193,189.00000000000193,2.5200000000000258,2.8202524797163764,0.0,0.0,0.04,0.04,75,3,1.0,63.00000000000065,inf,0,3,0.04,2025-12,2026-02,2026-03,2026-03
a=1s | move=80c/75s | hold=14400s | vol off | momentum,1,80.0,75,14400,300,0.0,momentum,189.00000000000193,189.00000000000193,2.5200000000000258,2.8202524797163764,0.0,0.0,0.04,0.04,75,3,1.0,63.00000000000065,inf,0,3,0.04,2025-12,2026-02,2026-03,2026-03
a=15s | move=77.5c/75s | hold=14400s | vol off | momentum,15,77.5,75,14400,300,0.0,momentum,185.0000000000013,185.0000000000013,2.466666666666684,2.405729889426505,0.0,0.0,0.04,0.04,75,3,1.0,61.666666666667105,inf,0,3,0.04,2025-12,2026-02,2026-03,2026-03
a=1s | move=77.5c/75s | hold=16200s | vol off | momentum,1,77.5,75,16200,300,0.0,momentum,184.0000000000008,184.0000000000008,2.453333333333344,2.5820905068090476,0.0,0.0,0.04,0.04,75,3,1.0,61.3333333333336,inf,0,3,0.04,2025-12,2026-02,2026-03,2026-03
a=15s | move=85c/75s | hold=14400s | vol off | momentum,15,85.0,75,14400,300,0.0,momentum,184.0000000000008,184.0000000000008,2.453333333333344,2.407885693215467,0.0,0.0,0.04,0.04,75,3,1.0,61.3333333333336,inf,0,3,0.04,2025-12,2026-02,2026-03,2026-03
a=1s | move=80c/75s | hold=16200s | vol off | momentum,1,80.0,75,16200,300,0.0,momentum,184.0000000000008,184.0000000000008,2.453333333333344,2.5820905068090476,0.0,0.0,0.04,0.04,75,3,1.0,61.3333333333336,inf,0,3,0.04,2025-12,2026-02,2026-03,2026-03
a=5s | move=70c/75s | hold=18000s | vol off | momentum,5,70.0,75,18000,300,0.0,momentum,183.99999999999858,183.99999999999858,2.4533333333333145,1.8921251299165074,0.0,-66.00000000000045,0.04,0.05333333333333334,75,4,0.75,45.999999999999645,3.78787878787869,0,4,0.05333333333333334,2025-12,2026-02,2026-03,2026-03
a=3s | move=77.5c/45s | hold=16200s | vol off | momentum,3,77.5,45,16200,300,0.0,momentum,183.00000000000108,183.00000000000108,2.4400000000000146,2.3410060070126963,0.0,0.0,0.02666666666666667,0.02666666666666667,75,2,1.0,91.50000000000054,inf,0,2,0.02666666666666667,2025-12,2026-02,2026-03,2026-03
a=3s | move=77.5c/75s | hold=14400s | vol off | momentum,3,77.5,75,14400,300,0.0,momentum,182.0000000000012,182.0000000000012,2.4266666666666827,2.621399164456363,0.0,0.0,0.04,0.04,75,3,1.0,60.66666666666706,inf,0,3,0.04,2025-12,2026-02,2026-03,2026-03
a=3s | move=80c/75s | hold=14400s | vol off | momentum,3,80.0,75,14400,300,0.0,momentum,182.0000000000012,182.0000000000012,2.4266666666666827,2.621399164456363,0.0,0.0,0.04,0.04,75,3,1.0,60.66666666666706,inf,0,3,0.04,2025-12,2026-02,2026-03,2026-03
a=30s | move=85c/75s | hold=12600s | vol off | momentum,30,85.0,75,12600,300,0.0,momentum,181.99999999999977,181.99999999999977,2.4266666666666636,2.8974545199004687,0.0,0.0,0.04,0.04,75,3,1.0,60.66666666666659,inf,0,3,0.04,2025-12,2026-02,2026-03,2026-03
a=5s | move=70c/75s | hold=16200s | vol off | momentum,5,70.0,75,16200,300,0.0,momentum,180.0000000000008,180.0000000000008,2.4000000000000106,1.9962538188299166,0.0,-60.00000000000023,0.04,0.05333333333333334,75,4,0.75,45.0000000000002,3.999999999999935,0,4,0.05333333333333334,2025-12,2026-02,2026-03,2026-03
a=3s | move=70c/75s | hold=18000s | vol off | momentum,3,70.0,75,18000,300,0.0,momentum,179.99999999999795,179.99999999999795,2.399999999999973,1.8805131628658518,0.0,-66.00000000000045,0.04,0.05333333333333334,75,4,0.75,44.99999999999949,3.7272727272726214,0,4,0.05333333333333334,2025-12,2026-02,2026-03,2026-03
a=7s | move=85c/75s | hold=18000s | vol off | momentum,7,85.0,75,18000,300,0.0,momentum,178.99999999999966,178.99999999999966,2.3866666666666623,2.2624560465800942,0.0,-2.9999999999994884,0.02666666666666667,0.04,75,3,0.6666666666666666,59.66666666666655,60.6666666666565,0,3,0.04,2025-12,2026-02,2026-03,2026-03
a=30s | move=75c/60s | hold=7200s | vol off | momentum,30,75.0,60,7200,300,0.0,momentum,178.00000000000102,178.00000000000102,2.373333333333347,2.142930639516281,53.28120118763434,-46.99999999999926,0.05333333333333334,0.08,75,6,0.6666666666666666,29.66666666666684,2.9139784946236476,2,4,0.08,2025-12,2026-02,2026-03,2026-03
a=5s | move=72.5c/75s | hold=18000s | vol off | momentum,5,72.5,75,18000,300,0.0,momentum,177.99999999999977,177.99999999999977,2.3733333333333304,1.8712508057614643,0.0,-58.999999999999716,0.04,0.05333333333333334,75,4,0.75,44.49999999999994,4.016949152542315,0,4,0.05333333333333334,2025-12,2026-02,2026-03,2026-03
a=30s | move=70c/45s | hold=7200s | vol>3x/300s | momentum,30,70.0,45,7200,300,3.0,momentum,177.99999999999977,177.99999999999977,2.3733333333333304,2.370567082283244,0.0,-46.00000000000017,0.04,0.05333333333333334,75,4,0.75,44.49999999999994,4.869565217391179,2,2,0.05333333333333334,2025-12,2026-02,2026-03,2026-03
a=10s | move=80c/75s | hold=18000s | vol off | momentum,10,80.0,75,18000,300,0.0,momentum,177.99999999999915,177.99999999999915,2.373333333333322,2.2221600457205333,0.0,-2.9999999999994884,0.02666666666666667,0.04,75,3,0.6666666666666666,59.33333333333305,60.333333333323054,0,3,0.04,2025-12,2026-02,2026-03,2026-03
a=10s | move=77.5c/75s | hold=18000s | vol off | momentum,10,77.5,75,18000,300,0.0,momentum,177.99999999999915,177.99999999999915,2.373333333333322,2.2221600457205333,0.0,-2.9999999999994884,0.02666666666666667,0.04,75,3,0.6666666666666666,59.33333333333305,60.333333333323054,0,3,0.04,2025-12,2026-02,2026-03,2026-03
a=3s | move=77.5c/75s | hold=16200s | vol off | momentum,3,77.5,75,16200,300,0.0,momentum,177.00000000000006,177.00000000000006,2.3600000000000008,2.3737054296693745,0.0,0.0,0.04,0.04,75,3,1.0,59.00000000000002,inf,0,3,0.04,2025-12,2026-02,2026-03,2026-03
a=3s | move=80c/75s | hold=16200s | vol off | momentum,3,80.0,75,16200,300,0.0,momentum,177.00000000000006,177.00000000000006,2.3600000000000008,2.3737054296693745,0.0,0.0,0.04,0.04,75,3,1.0,59.00000000000002,inf,0,3,0.04,2025-12,2026-02,2026-03,2026-03
a=5s | move=85c/75s | hold=14400s | vol off | momentum,5,85.0,75,14400,300,0.0,momentum,176.00000000000097,176.00000000000097,2.3466666666666796,2.566767033330715,0.0,0.0,0.04,0.04,75,3,1.0,58.66666666666699,inf,0,3,0.04,2025-12,2026-02,2026-03,2026-03
a=15s | move=77.5c/75s | hold=16200s | vol off | momentum,15,77.5,75,16200,300,0.0,momentum,176.00000000000097,176.00000000000097,2.3466666666666796,2.1783567509826196,0.0,0.0,0.04,0.04,75,3,1.0,58.66666666666699,inf,0,3,0.04,2025-12,2026-02,2026-03,2026-03
a=3s | move=85c/75s | hold=14400s | vol off | momentum,3,85.0,75,14400,300,0.0,momentum,176.00000000000097,176.00000000000097,2.3466666666666796,2.579374519683589,0.0,0.0,0.04,0.04,75,3,1.0,58.66666666666699,inf,0,3,0.04,2025-12,2026-02,2026-03,2026-03
a=15s | move=80c/75s | hold=16200s | vol off | momentum,15,80.0,75,16200,300,0.0,momentum,176.00000000000097,176.00000000000097,2.3466666666666796,2.1783567509826196,0.0,0.0,0.04,0.04,75,3,1.0,58.66666666666699,inf,0,3,0.04,2025-12,2026-02,2026-03,2026-03
a=3s | move=70c/75s | hold=16200s | vol off | momentum,3,70.0,75,16200,300,0.0,momentum,176.00000000000017,176.00000000000017,2.346666666666669,1.983683371659026,0.0,-60.00000000000023,0.04,0.05333333333333334,75,4,0.75,44.00000000000004,3.9333333333332594,0,4,0.05333333333333334,2025-12,2026-02,2026-03,2026-03
a=5s | move=75c/60s | hold=14400s | vol off | momentum,5,75.0,60,14400,300,0.0,momentum,175.00000000000108,175.00000000000108,2.3333333333333477,2.3588544621067338,0.0,-29.0,0.04,0.05333333333333334,75,4,0.75,43.75000000000027,7.034482758620484,0,4,0.05333333333333334,2025-12,2026-02,2026-03,2026-03
a=5s | move=72.5c/75s | hold=16200s | vol off | momentum,5,72.5,75,16200,300,0.0,momentum,175.00000000000108,175.00000000000108,2.3333333333333477,1.9966726248136502,0.0,-52.99999999999949,0.04,0.05333333333333334,75,4,0.75,43.75000000000027,4.301886792452801,0,4,0.05333333333333334,2025-12,2026-02,2026-03,2026-03
a=15s | move=85c/75s | hold=16200s | vol off | momentum,15,85.0,75,16200,300,0.0,momentum,175.00000000000045,175.00000000000045,2.3333333333333393,2.1683014648063788,0.0,0.0,0.04,0.04,75,3,1.0,58.333333333333485,inf,0,3,0.04,2025-12,2026-02,2026-03,2026-03
a=1s | move=70c/45s | hold=7200s | vol>3x/300s | momentum,1,70.0,45,7200,300,3.0,momentum,174.99999999999824,174.99999999999824,2.33333333333331,2.3378089739095302,0.0,-42.000000000000966,0.04,0.05333333333333334,75,4,0.75,43.74999999999956,5.166666666666406,2,2,0.05333333333333334,2025-12,2026-02,2026-03,2026-03
a=10s | move=85c/75s | hold=18000s | vol off | momentum,10,85.0,75,18000,300,0.0,momentum,173.00000000000085,173.00000000000085,2.306666666666678,2.194130911978057,0.0,0.0,0.04,0.04,75,3,1.0,57.66666666666695,inf,0,3,0.04,2025-12,2026-02,2026-03,2026-03
a=1s | move=85c/75s | hold=14400s | vol off | momentum,1,85.0,75,14400,300,0.0,momentum,172.00000000000176,172.00000000000176,2.293333333333357,2.6690397092353377,0.0,0.0,0.04,0.04,75,3,1.0,57.33333333333392,inf,0,3,0.04,2025-12,2026-02,2026-03,2026-03
a=5s | move=77.5c/75s | hold=14400s | vol off | momentum,5,77.5,75,14400,300,0.0,momentum,172.00000000000176,172.00000000000176,2.293333333333357,2.495452369649528,0.0,0.0,0.04,0.04,75,3,1.0,57.33333333333392,inf,0,3,0.04,2025-12,2026-02,2026-03,2026-03
a=5s | move=80c/75s | hold=14400s | vol off | momentum,5,80.0,75,14400,300,0.0,momentum,172.00000000000176,172.00000000000176,2.293333333333357,2.495452369649528,0.0,0.0,0.04,0.04,75,3,1.0,57.33333333333392,inf,0,3,0.04,2025-12,2026-02,2026-03,2026-03
a=3s | move=85c/75s | hold=16200s | vol off | momentum,3,85.0,75,16200,300,0.0,momentum,172.00000000000034,172.00000000000034,2.293333333333338,2.343671496505413,0.0,0.0,0.04,0.04,75,3,1.0,57.33333333333345,inf,0,3,0.04,2025-12,2026-02,2026-03,2026-03
a=7s | move=80c/75s | hold=14400s | vol off | momentum,7,80.0,75,14400,300,0.0,momentum,172.00000000000034,172.00000000000034,2.293333333333338,2.5538466731926346,0.0,0.0,0.04,0.04,75,3,1.0,57.33333333333345,inf,0,3,0.04,2025-12,2026-02,2026-03,2026-03
a=5s | move=85c/75s | hold=16200s | vol off | momentum,5,85.0,75,16200,300,0.0,momentum,172.00000000000034,172.00000000000034,2.293333333333338,2.342622142989678,0.0,0.0,0.04,0.04,75,3,1.0,57.33333333333345,inf,0,3,0.04,2025-12,2026-02,2026-03,2026-03
a=7s | move=77.5c/75s | hold=14400s | vol off | momentum,7,77.5,75,14400,300,0.0,momentum,172.00000000000034,172.00000000000034,2.293333333333338,2.5538466731926346,0.0,0.0,0.04,0.04,75,3,1.0,57.33333333333345,inf,0,3,0.04,2025-12,2026-02,2026-03,2026-03
a=1s | move=75c/60s | hold=7200s | vol>2x/300s | momentum,1,75.0,60,7200,300,2.0,momentum,170.99999999999903,170.99999999999903,2.279999999999987,2.4118303428506462,0.0,-42.000000000000966,0.04,0.05333333333333334,75,4,0.75,42.74999999999976,5.071428571428334,2,2,0.05333333333333334,2025-12,2026-02,2026-03,2026-03
a=5s | move=77.5c/75s | hold=16200s | vol off | momentum,5,77.5,75,16200,300,0.0,momentum,168.00000000000114,168.00000000000114,2.2400000000000153,2.2554325056039746,0.0,-2.9999999999994884,0.02666666666666667,0.04,75,3,0.6666666666666666,56.00000000000038,56.999999999990926,0,3,0.04,2025-12,2026-02,2026-03,2026-03
a=1s | move=77.5c/75s | hold=12600s | vol off | momentum,1,77.5,75,12600,300,0.0,momentum,168.00000000000114,168.00000000000114,2.2400000000000153,3.1723189911678857,0.0,0.0,0.04,0.04,75,3,1.0,56.00000000000038,inf,0,3,0.04,2025-12,2026-02,2026-03,2026-03
a=1s | move=80c/75s | hold=12600s | vol off | momentum,1,80.0,75,12600,300,0.0,momentum,168.00000000000114,168.00000000000114,2.2400000000000153,3.1723189911678857,0.0,0.0,0.04,0.04,75,3,1.0,56.00000000000038,inf,0,3,0.04,2025-12,2026-02,2026-03,2026-03
a=5s | move=80c/75s | hold=16200s | vol off | momentum,5,80.0,75,16200,300,0.0,momentum,168.00000000000114,168.00000000000114,2.2400000000000153,2.2554325056039746,0.0,-2.9999999999994884,0.02666666666666667,0.04,75,3,0.6666666666666666,56.00000000000038,56.999999999990926,0,3,0.04,2025-12,2026-02,2026-03,2026-03
a=7s | move=77.5c/75s | hold=16200s | vol off | momentum,7,77.5,75,16200,300,0.0,momentum,167.99999999999972,167.99999999999972,2.239999999999996,2.3231040241596808,0.0,0.0,0.04,0.04,75,3,1.0,55.99999999999991,inf,0,3,0.04,2025-12,2026-02,2026-03,2026-03
a=7s | move=80c/75s | hold=16200s | vol off | momentum,7,80.0,75,16200,300,0.0,momentum,167.99999999999972,167.99999999999972,2.239999999999996,2.3231040241596808,0.0,0.0,0.04,0.04,75,3,1.0,55.99999999999991,inf,0,3,0.04,2025-12,2026-02,2026-03,2026-03
a=1s | move=85c/75s | hold=16200s | vol off | momentum,1,85.0,75,16200,300,0.0,momentum,167.00000000000063,167.00000000000063,2.226666666666675,2.403936149002228,0.0,0.0,0.04,0.04,75,3,1.0,55.66666666666688,inf,0,3,0.04,2025-12,2026-02,2026-03,2026-03
a=15s | move=77.5c/75s | hold=12600s | vol off | momentum,15,77.5,75,12600,300,0.0,momentum,167.00000000000063,167.00000000000063,2.226666666666675,2.687700240386024,0.0,0.0,0.04,0.04,75,3,1.0,55.66666666666688,inf,0,3,0.04,2025-12,2026-02,2026-03,2026-03
a=3s | move=72.5c/75s | hold=18000s | vol off | momentum,3,72.5,75,18000,300,0.0,momentum,166.9999999999984,166.9999999999984,2.2266666666666453,1.758439441743616,0.0,-66.00000000000045,0.04,0.05333333333333334,75,4,0.75,41.7499999999996,3.5303030303029357,0,4,0.05333333333333334,2025-12,2026-02,2026-03,2026-03
a=30s | move=75c/60s | hold=7200s | vol>2x/300s | momentum,30,75.0,60,7200,300,2.0,momentum,166.00000000000074,166.00000000000074,2.213333333333343,2.302036082741367,0.0,-46.00000000000017,0.04,0.05333333333333334,75,4,0.75,41.500000000000185,4.608695652173815,2,2,0.05333333333333334,2025-12,2026-02,2026-03,2026-03
a=15s | move=85c/75s | hold=12600s | vol off | momentum,15,85.0,75,12600,300,0.0,momentum,166.0000000000001,166.0000000000001,2.2133333333333347,2.718368195083002,0.0,0.0,0.04,0.04,75,3,1.0,55.33333333333337,inf,0,3,0.04,2025-12,2026-02,2026-03,2026-03
a=1s | move=70c/75s | hold=18000s | vol off | momentum,1,70.0,75,18000,300,0.0,momentum,165.99999999999932,165.99999999999932,2.213333333333324,1.7880224870606145,0.0,-68.99999999999915,0.04,0.05333333333333334,75,4,0.75,41.49999999999983,3.405797101449246,0,4,0.05333333333333334,2025-12,2026-02,2026-03,2026-03
a=3s | move=72.5c/75s | hold=16200s | vol off | momentum,3,72.5,75,16200,300,0.0,momentum,165.00000000000023,165.00000000000023,2.200000000000003,1.883045401129125,0.0,-60.00000000000023,0.04,0.05333333333333334,75,4,0.75,41.25000000000006,3.7499999999999307,0,4,0.05333333333333334,2025-12,2026-02,2026-03,2026-03
a=1s | move=72.5c/75s | hold=18000s | vol off | momentum,1,72.5,75,18000,300,0.0,momentum,163.9999999999983,163.9999999999983,2.186666666666644,1.7850425719507634,0.0,-66.00000000000045,0.04,0.05333333333333334,75,4,0.75,40.999999999999574,3.4848484848483894,0,4,0.05333333333333334,2025-12,2026-02,2026-03,2026-03
a=3s | move=80c/75s | hold=12600s | vol off | momentum,3,80.0,75,12600,300,0.0,momentum,161.0000000000004,161.0000000000004,2.146666666666672,3.0490544674416062,0.0,0.0,0.04,0.04,75,3,1.0,53.6666666666668,inf,0,3,0.04,2025-12,2026-02,2026-03,2026-03
a=3s | move=77.5c/75s | hold=12600s | vol off | momentum,3,77.5,75,12600,300,0.0,momentum,161.0000000000004,161.0000000000004,2.146666666666672,3.0490544674416062,0.0,0.0,0.04,0.04,75,3,1.0,53.6666666666668,inf,0,3,0.04,2025-12,2026-02,2026-03,2026-03
a=7s | move=85c/75s | hold=14400s | vol off | momentum,7,85.0,75,14400,300,0.0,momentum,160.0000000000013,160.0000000000013,2.1333333333333506,2.4215897502112216,0.0,0.0,0.04,0.04,75,3,1.0,53.33333333333377,inf,0,3,0.04,2025-12,2026-02,2026-03,2026-03
a=5s | move=85c/75s | hold=12600s | vol off | momentum,5,85.0,75,12600,300,0.0,momentum,159.9999999999999,159.9999999999999,2.133333333333332,2.9738197707956697,0.0,0.0,0.04,0.04,75,3,1.0,53.33333333333329,inf,0,3,0.04,2025-12,2026-02,2026-03,2026-03
a=10s | move=77.5c/75s | hold=14400s | vol off | momentum,10,77.5,75,14400,300,0.0,momentum,159.0000000000008,159.0000000000008,2.1200000000000108,2.3592257430703127,0.0,0.0,0.04,0.04,75,3,1.0,53.00000000000026,inf,0,3,0.04,2025-12,2026-02,2026-03,2026-03
a=10s | move=85c/75s | hold=14400s | vol off | momentum,10,85.0,75,14400,300,0.0,momentum,159.0000000000008,159.0000000000008,2.1200000000000108,2.3356134773313193,0.0,0.0,0.04,0.04,75,3,1.0,53.00000000000026,inf,0,3,0.04,2025-12,2026-02,2026-03,2026-03
a=10s | move=80c/75s | hold=14400s | vol off | momentum,10,80.0,75,14400,300,0.0,momentum,159.0000000000008,159.0000000000008,2.1200000000000108,2.3592257430703127,0.0,0.0,0.04,0.04,75,3,1.0,53.00000000000026,inf,0,3,0.04,2025-12,2026-02,2026-03,2026-03
a=3s | move=85c/75s | hold=12600s | vol off | momentum,3,85.0,75,12600,300,0.0,momentum,156.99999999999977,156.99999999999977,2.09333333333333,3.0341524055385616,0.0,0.0,0.04,0.04,75,3,1.0,52.33333333333326,inf,0,3,0.04,2025-12,2026-02,2026-03,2026-03
a=1s | move=70c/75s | hold=16200s | vol off | momentum,1,70.0,75,16200,300,0.0,momentum,156.0000000000013,156.0000000000013,2.0800000000000174,1.8487265543819291,0.0,-62.99999999999892,0.04,0.05333333333333334,75,4,0.75,39.00000000000033,3.4761904761904843,0,4,0.05333333333333334,2025-12,2026-02,2026-03,2026-03
a=5s | move=80c/75s | hold=12600s | vol off | momentum,5,80.0,75,12600,300,0.0,momentum,156.00000000000068,156.00000000000068,2.080000000000009,2.9527452615227348,0.0,0.0,0.04,0.04,75,3,1.0,52.00000000000023,inf,0,3,0.04,2025-12,2026-02,2026-03,2026-03
a=5s | move=77.5c/75s | hold=12600s | vol off | momentum,5,77.5,75,12600,300,0.0,momentum,156.00000000000068,156.00000000000068,2.080000000000009,2.9527452615227348,0.0,0.0,0.04,0.04,75,3,1.0,52.00000000000023,inf,0,3,0.04,2025-12,2026-02,2026-03,2026-03
a=7s | move=85c/75s | hold=16200s | vol off | momentum,7,85.0,75,16200,300,0.0,momentum,156.00000000000068,156.00000000000068,2.080000000000009,2.195240074448437,0.0,0.0,0.04,0.04,75,3,1.0,52.00000000000023,inf,0,3,0.04,2025-12,2026-02,2026-03,2026-03
a=10s | move=75c/60s | hold=14400s | vol off | momentum,10,75.0,60,14400,300,0.0,momentum,155.9999999999999,155.9999999999999,2.0799999999999983,2.338152185004711,0.0,-29.0,0.04,0.05333333333333334,75,4,0.75,38.99999999999997,6.3793103448273625,0,4,0.05333333333333334,2025-12,2026-02,2026-03,2026-03
a=1s | move=72.5c/75s | hold=16200s | vol off | momentum,1,72.5,75,16200,300,0.0,momentum,155.9999999999999,155.9999999999999,2.0799999999999983,1.8702421485964613,0.0,-60.00000000000023,0.04,0.05333333333333334,75,4,0.75,38.99999999999997,3.599999999999928,0,4,0.05333333333333334,2025-12,2026-02,2026-03,2026-03
a=7s | move=77.5c/75s | hold=12600s | vol off | momentum,7,77.5,75,12600,300,0.0,momentum,155.99999999999926,155.99999999999926,2.0799999999999903,2.9759917188252802,0.0,0.0,0.04,0.04,75,3,1.0,51.99999999999975,inf,0,3,0.04,2025-12,2026-02,2026-03,2026-03
a=7s | move=80c/75s | hold=12600s | vol off | momentum,7,80.0,75,12600,300,0.0,momentum,155.99999999999926,155.99999999999926,2.0799999999999903,2.9759917188252802,0.0,0.0,0.04,0.04,75,3,1.0,51.99999999999975,inf,0,3,0.04,2025-12,2026-02,2026-03,2026-03
a=10s | move=77.5c/75s | hold=16200s | vol off | momentum,10,77.5,75,16200,300,0.0,momentum,155.00000000000017,155.00000000000017,2.066666666666669,2.1399492708178127,0.0,0.0,0.04,0.04,75,3,1.0,51.66666666666672,inf,0,3,0.04,2025-12,2026-02,2026-03,2026-03
a=10s | move=80c/75s | hold=16200s | vol off | momentum,10,80.0,75,16200,300,0.0,momentum,155.00000000000017,155.00000000000017,2.066666666666669,2.1399492708178127,0.0,0.0,0.04,0.04,75,3,1.0,51.66666666666672,inf,0,3,0.04,2025-12,2026-02,2026-03,2026-03
a=5s | move=75c/300s | hold=21600s | vol off | momentum,5,75.0,300,21600,300,0.0,momentum,153.0000000000012,153.0000000000012,2.040000000000016,1.4228176489147926,0.0,-85.00000000000023,0.04,0.05333333333333334,75,4,0.75,38.2500000000003,2.7999999999999763,0,4,0.05333333333333334,2025-12,2026-02,2026-03,2026-03
a=10s | move=75c/60s | hold=7200s | vol>2x/300s | momentum,10,75.0,60,7200,300,2.0,momentum,152.99999999999977,152.99999999999977,2.039999999999997,2.1775259965502043,0.0,-44.99999999999966,0.04,0.05333333333333334,75,4,0.75,38.24999999999994,4.399999999999923,2,2,0.05333333333333334,2025-12,2026-02,2026-03,2026-03
a=1s | move=85c/75s | hold=12600s | vol off | momentum,1,85.0,75,12600,300,0.0,momentum,152.00000000000006,152.00000000000006,2.0266666666666673,3.1149520151070402,0.0,0.0,0.04,0.04,75,3,1.0,50.666666666666686,inf,0,3,0.04,2025-12,2026-02,2026-03,2026-03
a=10s | move=85c/75s | hold=16200s | vol off | momentum,10,85.0,75,16200,300,0.0,momentum,151.00000000000097,151.00000000000097,2.013333333333346,2.088792789485395,0.0,0.0,0.04,0.04,75,3,1.0,50.333333333333655,inf,0,3,0.04,2025-12,2026-02,2026-03,2026-03
a=5s | move=75c/60s | hold=7200s | vol>2x/300s | momentum,5,75.0,60,7200,300,2.0,momentum,146.00000000000045,146.00000000000045,1.9466666666666728,2.154357894152507,0.0,-49.000000000000284,0.04,0.05333333333333334,75,4,0.75,36.500000000000114,3.9795918367346044,2,2,0.05333333333333334,2025-12,2026-02,2026-03,2026-03
a=7s | move=85c/75s | hold=12600s | vol off | momentum,7,85.0,75,12600,300,0.0,momentum,144.00000000000023,144.00000000000023,1.920000000000003,2.830318104946519,0.0,0.0,0.04,0.04,75,3,1.0,48.00000000000008,inf,0,3,0.04,2025-12,2026-02,2026-03,2026-03
a=5s | move=75c/60s | hold=7200s | vol off | momentum,5,75.0,60,7200,300,0.0,momentum,143.99999999999926,143.99999999999926,1.9199999999999902,1.852231963914346,43.10389309555258,-51.00000000000148,0.05333333333333334,0.08,75,6,0.6666666666666666,23.999999999999876,2.4545454545454066,2,4,0.08,2025-12,2026-02,2026-03,2026-03
a=10s | move=77.5c/75s | hold=12600s | vol off | momentum,10,77.5,75,12600,300,0.0,momentum,142.99999999999972,142.99999999999972,1.906666666666663,2.753065807821286,0.0,0.0,0.04,0.04,75,3,1.0,47.66666666666657,inf,0,3,0.04,2025-12,2026-02,2026-03,2026-03
a=10s | move=80c/75s | hold=12600s | vol off | momentum,10,80.0,75,12600,300,0.0,momentum,142.99999999999972,142.99999999999972,1.906666666666663,2.753065807821286,0.0,0.0,0.04,0.04,75,3,1.0,47.66666666666657,inf,0,3,0.04,2025-12,2026-02,2026-03,2026-03
a=120s | move=75c/60s | hold=14400s | vol off | momentum,120,75.0,60,14400,300,0.0,momentum,142.99999999999892,142.99999999999892,1.9066666666666523,1.7818375151316366,0.0,-39.99999999999994,0.04,0.05333333333333334,75,4,0.75,35.74999999999973,4.574999999999863,0,4,0.05333333333333334,2025-12,2026-02,2026-03,2026-03
a=10s | move=85c/75s | hold=12600s | vol off | momentum,10,85.0,75,12600,300,0.0,momentum,139.9999999999996,139.9999999999996,1.8666666666666614,2.638922069421765,0.0,0.0,0.04,0.04,75,3,1.0,46.666666666666536,inf,0,3,0.04,2025-12,2026-02,2026-03,2026-03
a=5s | move=70c/45s | hold=7200s | vol>3x/300s | momentum,5,70.0,45,7200,300,3.0,momentum,137.0000000000001,137.0000000000001,1.8266666666666682,1.9580913259956731,0.0,-49.000000000000284,0.04,0.05333333333333334,75,4,0.75,34.25000000000003,3.795918367346847,2,2,0.05333333333333334,2025-12,2026-02,2026-03,2026-03
a=30s | move=75c/300s | hold=21600s | vol off | momentum,30,75.0,300,21600,300,0.0,momentum,134.0,134.0,1.7866666666666666,1.3951553141462811,0.0,-88.00000000000034,0.04,0.05333333333333334,75,4,0.75,33.5,2.5227272727272383,0,4,0.05333333333333334,2025-12,2026-02,2026-03,2026-03
a=10s | move=75c/60s | hold=7200s | vol off | momentum,10,75.0,60,7200,300,0.0,momentum,133.9999999999984,133.9999999999984,1.7866666666666455,1.750226916820279,20.055283593083647,-64.00000000000102,0.05333333333333334,0.08,75,6,0.6666666666666666,22.33333333333307,2.4565217391303857,2,4,0.08,2025-12,2026-02,2026-03,2026-03
a=60s | move=75c/60s | hold=14400s | vol off | momentum,60,75.0,60,14400,300,0.0,momentum,130.0000000000008,130.0000000000008,1.733333333333344,1.7366580949042545,0.0,-35.99999999999932,0.04,0.05333333333333334,75,4,0.75,32.5000000000002,4.611111111111073,0,4,0.05333333333333334,2025-12,2026-02,2026-03,2026-03
a=10s | move=100c/180s | hold=7200s | vol off | momentum,10,100.0,180,7200,300,0.0,momentum,126.99999999999926,126.99999999999926,1.6933333333333236,2.0764126121949,0.0,-47.99999999999977,0.04,0.05333333333333334,75,4,0.75,31.749999999999815,3.6458333333332544,2,2,0.05333333333333334,2025-12,2026-02,2026-03,2026-03
a=1s | move=75c/60s | hold=10800s | vol off | momentum,1,75.0,60,10800,300,0.0,momentum,115.00000000000023,115.00000000000023,1.5333333333333363,1.97865259186512,0.0,-44.99999999999966,0.04,0.05333333333333334,75,4,0.75,28.750000000000057,3.5555555555555007,0,4,0.05333333333333334,2025-12,2026-02,2026-03,2026-03
a=1s | move=75c/60s | hold=9000s | vol>2x/300s | momentum,1,75.0,60,9000,300,2.0,momentum,114.9999999999988,114.9999999999988,1.5333333333333174,2.223430409826279,0.0,-18.000000000000057,0.04,0.05333333333333334,75,4,0.75,28.7499999999997,7.388888888888393,2,2,0.05333333333333334,2025-12,2026-02,2026-03,2026-03
a=30s | move=75c/60s | hold=10800s | vol off | momentum,30,75.0,60,10800,300,0.0,momentum,114.00000000000114,114.00000000000114,1.5200000000000151,1.9763223762573268,0.0,-43.00000000000006,0.04,0.05333333333333334,75,4,0.75,28.500000000000284,3.651162790697612,0,4,0.05333333333333334,2025-12,2026-02,2026-03,2026-03
a=1s | move=70c/45s | hold=9000s | vol>3x/300s | momentum,1,70.0,45,9000,300,3.0,momentum,113.99999999999687,113.99999999999687,1.5199999999999583,2.780021717687823,0.0,-3.0000000000009095,0.04,0.05333333333333334,75,4,0.75,28.49999999999922,38.999999999974435,2,2,0.05333333333333334,2025-12,2026-02,2026-03,2026-03
a=10s | move=70c/45s | hold=7200s | vol>3x/300s | momentum,10,70.0,45,7200,300,3.0,momentum,111.00000000000102,111.00000000000102,1.4800000000000137,1.7956077733939348,0.0,-44.99999999999966,0.04,0.05333333333333334,75,4,0.75,27.750000000000256,3.466666666666631,2,2,0.05333333333333334,2025-12,2026-02,2026-03,2026-03
a=60s | move=75c/60s | hold=7200s | vol>2x/300s | momentum,60,75.0,60,7200,300,2.0,momentum,99.00000000000057,99.00000000000057,1.3200000000000076,1.6419303645391452,0.0,-47.00000000000068,0.04,0.05333333333333334,75,4,0.75,24.750000000000142,3.1063829787233197,2,2,0.05333333333333334,2025-12,2026-02,2026-03,2026-03
a=5s | move=100c/180s | hold=7200s | vol off | momentum,5,100.0,180,7200,300,0.0,momentum,98.99999999999915,98.99999999999915,1.3199999999999887,1.6700179314097061,0.0,-58.000000000000625,0.04,0.05333333333333334,75,4,0.75,24.749999999999787,2.706896551724058,2,2,0.05333333333333334,2025-12,2026-02,2026-03,2026-03
a=1s | move=75c/60s | hold=10800s | vol>2x/300s | momentum,1,75.0,60,10800,300,2.0,momentum,95.00000000000011,95.00000000000011,1.2666666666666682,2.445067729302759,0.0,0.0,0.02666666666666667,0.02666666666666667,75,2,1.0,47.50000000000006,inf,0,2,0.02666666666666667,2025-12,2026-02,2026-03,2026-03
a=5s | move=75c/60s | hold=10800s | vol off | momentum,5,75.0,60,10800,300,0.0,momentum,94.99999999999994,94.99999999999994,1.266666666666666,1.8627633019844498,0.0,-43.00000000000006,0.04,0.05333333333333334,75,4,0.75,23.749999999999986,3.2093023255813162,0,4,0.05333333333333334,2025-12,2026-02,2026-03,2026-03
a=30s | move=70c/45s | hold=9000s | vol>3x/300s | momentum,30,70.0,45,9000,300,3.0,momentum,93.99999999999943,93.99999999999943,1.2533333333333259,2.3965676057366743,0.0,-11.000000000000739,0.04,0.05333333333333334,75,4,0.75,23.499999999999858,9.545454545453051,2,2,0.05333333333333334,2025-12,2026-02,2026-03,2026-03
a=10s | move=75c/60s | hold=9000s | vol>2x/300s | momentum,10,75.0,60,9000,300,2.0,momentum,93.99999999999801,93.99999999999801,1.2533333333333068,2.5973380376057933,0.0,-7.000000000000114,0.04,0.05333333333333334,75,4,0.75,23.499999999999503,14.428571428568866,2,2,0.05333333333333334,2025-12,2026-02,2026-03,2026-03
a=120s | move=75c/60s | hold=7200s | vol>2x/300s | momentum,120,75.0,60,7200,300,2.0,momentum,93.00000000000034,93.00000000000034,1.2400000000000047,1.533578593844607,0.0,-55.00000000000051,0.04,0.05333333333333334,75,4,0.75,23.250000000000085,2.6909090909090323,2,2,0.05333333333333334,2025-12,2026-02,2026-03,2026-03
a=10s | move=75c/30s | hold=14400s | vol off | momentum,10,75.0,30,14400,300,0.0,momentum,92.99999999999989,92.99999999999989,1.2399999999999984,1.8330302779821654,0.0,0.0,0.013333333333333334,0.013333333333333334,75,1,1.0,92.99999999999989,inf,0,1,0.013333333333333334,2025-12,2026-02,2026-03,2026-03
a=120s | move=100c/600s | hold=14400s | vol off | momentum,120,100.0,600,14400,300,0.0,momentum,85.00000000000131,85.00000000000131,1.1333333333333508,1.219696740299159,0.0,-55.9999999999996,0.02666666666666667,0.04,75,3,0.6666666666666666,28.33333333333377,2.517857142857132,0,3,0.04,2025-12,2026-02,2026-03,2026-03
a=5s | move=70c/45s | hold=9000s | vol>3x/300s | momentum,5,70.0,45,9000,300,3.0,momentum,79.99999999999937,79.99999999999937,1.0666666666666584,2.4322003439292033,0.0,-10.000000000000227,0.04,0.05333333333333334,75,4,0.75,19.999999999999844,8.999999999998856,2,2,0.05333333333333334,2025-12,2026-02,2026-03,2026-03
a=30s | move=75c/60s | hold=10800s | vol>2x/300s | momentum,30,75.0,60,10800,300,2.0,momentum,78.00000000000136,78.00000000000136,1.0400000000000182,2.578824906163775,0.0,0.0,0.02666666666666667,0.02666666666666667,75,2,1.0,39.00000000000068,inf,0,2,0.02666666666666667,2025-12,2026-02,2026-03,2026-03
a=30s | move=75c/60s | hold=9000s | vol>2x/300s | momentum,30,75.0,60,9000,300,2.0,momentum,77.99999999999977,77.99999999999977,1.039999999999997,1.8802959592104278,0.0,-27.000000000000398,0.04,0.05333333333333334,75,4,0.75,19.499999999999943,3.888888888888694,2,2,0.05333333333333334,2025-12,2026-02,2026-03,2026-03
a=5s | move=75c/60s | hold=10800s | vol>2x/300s | momentum,5,75.0,60,10800,300,2.0,momentum,76.00000000000034,76.00000000000034,1.0133333333333379,2.537885230999826,0.0,0.0,0.02666666666666667,0.02666666666666667,75,2,1.0,38.00000000000017,inf,0,2,0.02666666666666667,2025-12,2026-02,2026-03,2026-03
a=10s | move=75c/60s | hold=10800s | vol off | momentum,10,75.0,60,10800,300,0.0,momentum,75.99999999999733,75.99999999999733,1.0133333333332977,1.7242183353740628,0.0,-42.000000000000966,0.04,0.05333333333333334,75,4,0.75,18.999999999999332,2.8095238095236374,0,4,0.05333333333333334,2025-12,2026-02,2026-03,2026-03
a=1s | move=100c/180s | hold=7200s | vol off | momentum,1,100.0,180,7200,300,0.0,momentum,74.99999999999824,74.99999999999824,0.9999999999999765,1.280215749087363,0.0,-68.00000000000006,0.04,0.05333333333333334,75,4,0.75,18.74999999999956,2.1029411764705306,2,2,0.05333333333333334,2025-12,2026-02,2026-03,2026-03
a=5s | move=75c/30s | hold=14400s | vol off | momentum,5,75.0,30,14400,300,0.0,momentum,72.9999999999996,72.9999999999996,0.973333333333328,1.833030277982119,0.0,0.0,0.013333333333333334,0.013333333333333334,75,1,1.0,72.9999999999996,inf,0,1,0.013333333333333334,2025-12,2026-02,2026-03,2026-03
a=10s | move=75c/60s | hold=10800s | vol>2x/300s | momentum,10,75.0,60,10800,300,2.0,momentum,70.9999999999992,70.9999999999992,0.9466666666666561,2.5970556735434194,0.0,0.0,0.02666666666666667,0.02666666666666667,75,2,1.0,35.4999999999996,inf,0,2,0.02666666666666667,2025-12,2026-02,2026-03,2026-03
a=1s | move=75c/30s | hold=14400s | vol off | momentum,1,75.0,30,14400,300,0.0,momentum,69.99999999999949,69.99999999999949,0.9333333333333265,1.8330302779821086,0.0,0.0,0.013333333333333334,0.013333333333333334,75,1,1.0,69.99999999999949,inf,0,1,0.013333333333333334,2025-12,2026-02,2026-03,2026-03
a=1s | move=75c/30s | hold=14400s | vol>2x/300s | momentum,1,75.0,30,14400,300,2.0,momentum,69.99999999999949,69.99999999999949,0.9333333333333265,1.8330302779821086,0.0,0.0,0.013333333333333334,0.013333333333333334,75,1,1.0,69.99999999999949,inf,0,1,0.013333333333333334,2025-12,2026-02,2026-03,2026-03
a=10s | move=100c/180s | hold=14400s | vol off | momentum,10,100.0,180,14400,300,0.0,momentum,68.00000000000051,68.00000000000051,0.9066666666666735,2.6053644030678127,0.0,0.0,0.02666666666666667,0.02666666666666667,75,2,1.0,34.000000000000256,inf,0,2,0.02666666666666667,2025-12,2026-02,2026-03,2026-03
a=30s | move=100c/120s | hold=14400s | vol off | momentum,30,100.0,120,14400,300,0.0,momentum,65.0000000000004,65.0000000000004,0.866666666666672,2.5228480321399522,0.0,0.0,0.02666666666666667,0.02666666666666667,75,2,1.0,32.5000000000002,inf,0,2,0.02666666666666667,2025-12,2026-02,2026-03,2026-03
a=60s | move=100c/600s | hold=14400s | vol off | momentum,60,100.0,600,14400,300,0.0,momentum,63.99999999999909,63.99999999999909,0.8533333333333212,0.9806096627879427,0.0,-60.00000000000023,0.02666666666666667,0.04,75,3,0.6666666666666666,21.33333333333303,2.066666666666613,0,3,0.04,2025-12,2026-02,2026-03,2026-03
a=300s | move=200c/1800s | hold=300s | vol off | momentum,300,200.0,1800,300,300,0.0,momentum,61.99999999999966,61.99999999999966,0.8266666666666621,1.8330302779820795,0.0,0.0,0.013333333333333334,0.013333333333333334,75,1,1.0,61.99999999999966,inf,0,1,0.013333333333333334,2025-12,2026-02,2026-03,2026-03
a=30s | move=100c/120s | hold=7200s | vol off | momentum,30,100.0,120,7200,300,0.0,momentum,58.000000000000284,58.000000000000284,0.7733333333333371,1.0011311029719374,0.0,-61.99999999999983,0.02666666666666667,0.04,75,3,0.6666666666666666,19.333333333333428,1.9354838709677178,1,2,0.04,2025-12,2026-02,2026-03,2026-03
a=30s | move=100c/120s | hold=10800s | vol off | momentum,30,100.0,120,10800,300,0.0,momentum,57.99999999999966,57.99999999999966,0.7733333333333288,2.406860666218258,0.0,0.0,0.02666666666666667,0.02666666666666667,75,2,1.0,28.99999999999983,inf,0,2,0.02666666666666667,2025-12,2026-02,2026-03,2026-03
a=10s | move=100c/180s | hold=10800s | vol off | momentum,10,100.0,180,10800,300,0.0,momentum,57.99999999999966,57.99999999999966,0.7733333333333288,2.53521482213609,0.0,0.0,0.02666666666666667,0.02666666666666667,75,2,1.0,28.99999999999983,inf,0,2,0.02666666666666667,2025-12,2026-02,2026-03,2026-03
a=5s | move=100c/180s | hold=14400s | vol off | momentum,5,100.0,180,14400,300,0.0,momentum,57.00000000000057,57.00000000000057,0.7600000000000076,2.577194181764838,0.0,0.0,0.02666666666666667,0.02666666666666667,75,2,1.0,28.500000000000284,inf,0,2,0.02666666666666667,2025-12,2026-02,2026-03,2026-03
a=1s | move=100c/120s | hold=14400s | vol off | momentum,1,100.0,120,14400,300,0.0,momentum,53.000000000001364,53.000000000001364,0.7066666666666849,2.482103897492913,0.0,0.0,0.02666666666666667,0.02666666666666667,75,2,1.0,26.500000000000682,inf,0,2,0.02666666666666667,2025-12,2026-02,2026-03,2026-03
a=30s | move=100c/180s | hold=10800s | vol off | momentum,30,100.0,180,10800,300,0.0,momentum,52.00000000000085,52.00000000000085,0.6933333333333447,2.561777100227051,0.0,0.0,0.02666666666666667,0.02666666666666667,75,2,1.0,26.000000000000426,inf,0,2,0.02666666666666667,2025-12,2026-02,2026-03,2026-03
a=60s | move=75c/60s | hold=10800s | vol off | momentum,60,75.0,60,10800,300,0.0,momentum,51.00000000000159,51.00000000000159,0.6800000000000213,1.0804656976290083,0.0,-45.99999999999875,0.04,0.05333333333333334,75,4,0.75,12.750000000000398,2.1086956521739317,0,4,0.05333333333333334,2025-12,2026-02,2026-03,2026-03
a=5s | move=100c/180s | hold=10800s | vol off | momentum,5,100.0,180,10800,300,0.0,momentum,49.99999999999983,49.99999999999983,0.6666666666666644,2.482661741109822,0.0,0.0,0.02666666666666667,0.02666666666666667,75,2,1.0,24.999999999999915,inf,0,2,0.02666666666666667,2025-12,2026-02,2026-03,2026-03
a=10s | move=100c/120s | hold=14400s | vol off | momentum,10,100.0,120,14400,300,0.0,momentum,49.00000000000074,49.00000000000074,0.6533333333333432,2.2786716972872227,0.0,0.0,0.02666666666666667,0.02666666666666667,75,2,1.0,24.50000000000037,inf,0,2,0.02666666666666667,2025-12,2026-02,2026-03,2026-03
a=10s | move=70c/45s | hold=9000s | vol>3x/300s | momentum,10,70.0,45,9000,300,3.0,momentum,48.00000000000006,48.00000000000006,0.6400000000000008,1.7447031359831786,0.0,-22.999999999999773,0.04,0.05333333333333334,75,4,0.75,12.000000000000014,3.0869565217390194,2,2,0.05333333333333334,2025-12,2026-02,2026-03,2026-03
a=1s | move=100c/120s | hold=10800s | vol off | momentum,1,100.0,120,10800,300,0.0,momentum,47.00000000000114,47.00000000000114,0.6266666666666818,2.338157707761457,0.0,0.0,0.02666666666666667,0.02666666666666667,75,2,1.0,23.50000000000057,inf,0,2,0.02666666666666667,2025-12,2026-02,2026-03,2026-03
a=1s | move=100c/180s | hold=14400s | vol off | momentum,1,100.0,180,14400,300,0.0,momentum,46.000000000000625,46.000000000000625,0.6133333333333417,2.52327126703909,0.0,0.0,0.02666666666666667,0.02666666666666667,75,2,1.0,23.000000000000313,inf,0,2,0.02666666666666667,2025-12,2026-02,2026-03,2026-03
a=1s | move=100c/180s | hold=10800s | vol off | momentum,1,100.0,180,10800,300,0.0,momentum,40.99999999999949,40.99999999999949,0.5466666666666599,2.4061284195239665,0.0,0.0,0.02666666666666667,0.02666666666666667,75,2,1.0,20.499999999999744,inf,0,2,0.02666666666666667,2025-12,2026-02,2026-03,2026-03
a=10s | move=100c/120s | hold=10800s | vol off | momentum,10,100.0,120,10800,300,0.0,momentum,38.999999999999886,38.999999999999886,0.5199999999999985,2.387352514820053,0.0,0.0,0.02666666666666667,0.02666666666666667,75,2,1.0,19.499999999999943,inf,0,2,0.02666666666666667,2025-12,2026-02,2026-03,2026-03
a=5s | move=100c/120s | hold=14400s | vol off | momentum,5,100.0,120,14400,300,0.0,momentum,38.000000000000796,38.000000000000796,0.5066666666666773,2.5525229245948595,0.0,0.0,0.02666666666666667,0.02666666666666667,75,2,1.0,19.000000000000398,inf,0,2,0.02666666666666667,2025-12,2026-02,2026-03,2026-03
a=60s | move=100c/120s | hold=14400s | vol off | momentum,60,100.0,120,14400,300,0.0,momentum,37.000000000000284,37.000000000000284,0.4933333333333371,1.6009522338460451,0.0,-5.000000000000512,0.013333333333333334,0.02666666666666667,75,2,0.5,18.500000000000142,8.39999999999762,0,2,0.02666666666666667,2025-12,2026-02,2026-03,2026-03
a=10s | move=100c/300s | hold=14400s | vol off | momentum,10,100.0,300,14400,300,0.0,momentum,37.000000000000284,37.000000000000284,0.4933333333333371,1.7835412476557129,0.0,-0.9999999999998863,0.013333333333333334,0.02666666666666667,75,2,0.5,18.500000000000142,37.99999999996649,0,2,0.02666666666666667,2025-12,2026-02,2026-03,2026-03
a=10s | move=75c/120s | hold=14400s | vol off | momentum,10,75.0,120,14400,300,0.0,momentum,32.00000000000023,32.00000000000023,0.4266666666666697,0.24483879594640043,0.10794593139460232,-162.9999999999991,0.04,0.08,75,6,0.5,5.333333333333371,1.1333333333333304,0,6,0.08,2025-12,2026-02,2026-03,2026-03
a=5s | move=100c/300s | hold=14400s | vol off | momentum,5,100.0,300,14400,300,0.0,momentum,30.000000000000966,30.000000000000966,0.4000000000000129,2.295978970858636,0.0,0.0,0.02666666666666667,0.02666666666666667,75,2,1.0,15.000000000000483,inf,0,2,0.02666666666666667,2025-12,2026-02,2026-03,2026-03
a=5s | move=100c/120s | hold=10800s | vol off | momentum,5,100.0,120,10800,300,0.0,momentum,29.999999999999545,29.999999999999545,0.3999999999999939,2.6099913399310246,0.0,0.0,0.02666666666666667,0.02666666666666667,75,2,1.0,14.999999999999773,inf,0,2,0.02666666666666667,2025-12,2026-02,2026-03,2026-03
a=60s | move=75c/60s | hold=10800s | vol>2x/300s | momentum,60,75.0,60,10800,300,2.0,momentum,26.99999999999943,26.99999999999943,0.35999999999999244,2.4726702895150363,0.0,0.0,0.02666666666666667,0.02666666666666667,75,2,1.0,13.499999999999716,inf,0,2,0.02666666666666667,2025-12,2026-02,2026-03,2026-03
a=60s | move=100c/120s | hold=10800s | vol off | momentum,60,100.0,120,10800,300,0.0,momentum,26.00000000000034,26.00000000000034,0.34666666666667123,1.5145509804309834,0.0,-5.000000000000512,0.013333333333333334,0.02666666666666667,75,2,0.5,13.00000000000017,6.199999999998296,0,2,0.02666666666666667,2025-12,2026-02,2026-03,2026-03
a=10s | move=100c/120s | hold=7200s | vol off | momentum,10,100.0,120,7200,300,0.0,momentum,25.999999999999545,25.999999999999545,0.34666666666666063,0.5357113825798486,0.0,-55.00000000000051,0.02666666666666667,0.04,75,3,0.6666666666666666,8.666666666666515,1.4727272727272331,1,2,0.04,2025-12,2026-02,2026-03,2026-03
a=30s | move=100c/300s | hold=14400s | vol off | momentum,30,100.0,300,14400,300,0.0,momentum,24.00000000000074,24.00000000000074,0.32000000000000983,1.833030277981723,0.0,0.0,0.02666666666666667,0.02666666666666667,75,2,1.0,12.00000000000037,inf,0,2,0.02666666666666667,2025-12,2026-02,2026-03,2026-03
a=1s | move=100c/300s | hold=14400s | vol off | momentum,1,100.0,300,14400,300,0.0,momentum,18.000000000001933,18.000000000001933,0.24000000000002578,1.8330302779815189,0.0,0.0,0.02666666666666667,0.02666666666666667,75,2,1.0,9.000000000000966,inf,0,2,0.02666666666666667,2025-12,2026-02,2026-03,2026-03
a=60s | move=100c/120s | hold=7200s | vol off | momentum,60,100.0,120,7200,300,0.0,momentum,13.000000000001421,13.000000000001421,0.17333333333335227,0.2742931293763183,0.09049589958709915,-56.99999999999949,0.013333333333333334,0.04,75,3,0.3333333333333333,4.333333333333807,1.2280701754386019,1,2,0.04,2025-12,2026-02,2026-03,2026-03
a=5s | move=75c/120s | hold=14400s | vol off | momentum,5,75.0,120,14400,300,0.0,momentum,9.99999999999892,9.99999999999892,0.13333333333331893,0.07823278871910112,0.03695557963792529,-165.0000000000001,0.04,0.08,75,6,0.5,1.6666666666664867,1.0399999999999916,0,6,0.08,2025-12,2026-02,2026-03,2026-03
a=5s | move=100c/120s | hold=7200s | vol off | momentum,5,100.0,120,7200,300,0.0,momentum,8.999999999999375,8.999999999999375,0.11999999999999167,0.19203236236308965,0.0,-63.00000000000034,0.02666666666666667,0.04,75,3,0.6666666666666666,2.9999999999997917,1.142857142857114,1,2,0.04,2025-12,2026-02,2026-03,2026-03
a=60s | move=100c/120s | hold=10800s | vol>2x/300s | momentum,60,100.0,120,10800,300,2.0,momentum,-3.9999999999993747,-3.9999999999993747,-0.053333333333324996,-0.15577973903891731,0.0,-35.00000000000023,0.013333333333333334,0.02666666666666667,75,2,0.5,-1.9999999999996874,0.885714285714279,1,1,0.02666666666666667,2025-12,2026-02,2026-03,2026-03
a=120s | move=100c/120s | hold=10800s | vol off | momentum,120,100.0,120,10800,300,0.0,momentum,-12.000000000000625,-12.000000000000625,-0.16000000000000833,-2.5735269700295484,-1.7959955456506729,-12.000000000000625,0.0,0.02666666666666667,75,2,0.0,-6.000000000000313,0.0,0,2,0.02666666666666667,2025-12,2026-02,2026-03,2026-03
a=1s | move=75c/120s | hold=14400s | vol off | momentum,1,75.0,120,14400,300,0.0,momentum,-16.99999999999926,-16.99999999999926,-0.2266666666666568,-0.13446279350826434,-0.059785204924724875,-179.99999999999926,0.04,0.08,75,6,0.5,-2.83333333333321,0.9343629343629332,0,6,0.08,2025-12,2026-02,2026-03,2026-03
a=120s | move=10c/180s | hold=21600s | vol off | momentum,120,10.0,180,21600,300,0.0,momentum,-31.9999999999975,-31.9999999999975,-0.42666666666663333,-0.19667795326126938,-0.2818990291012841,-343.99999999999784,0.36,0.84,75,63,0.42857142857142855,-0.5079365079364692,0.9610705596107073,32,31,0.84,2025-12,2026-02,2026-03,2026-03
a=300s | move=100c/300s | hold=14400s | vol off | momentum,300,100.0,300,14400,300,0.0,momentum,-40.99999999999841,-40.99999999999841,-0.5466666666666454,-0.9382460489360283,0.0,-72.99999999999977,0.013333333333333334,0.02666666666666667,75,2,0.5,-20.499999999999204,0.4383561643835757,0,2,0.02666666666666667,2025-12,2026-02,2026-03,2026-03
a=60s | move=10c/30s | hold=28800s | vol off | momentum,60,10.0,30,28800,300,0.0,momentum,-47.00000000000145,-47.00000000000145,-0.626666666666686,-0.21002096495223893,-0.35385317419591555,-336.9999999999987,0.3333333333333333,0.8,75,60,0.4166666666666667,-0.7833333333333575,0.9585537918871231,28,32,0.8,2025-12,2026-02,2026-03,2026-03
a=30s | move=100c/120s | hold=10800s | vol>2x/300s | momentum,30,100.0,120,10800,300,2.0,momentum,-66.00000000000125,-66.00000000000125,-0.8800000000000167,-1.424168072767623,0.0,-83.00000000000063,0.013333333333333334,0.02666666666666667,75,2,0.5,-33.000000000000625,0.2048192771084222,1,1,0.02666666666666667,2025-12,2026-02,2026-03,2026-03
a=10s | move=100c/120s | hold=10800s | vol>2x/300s | momentum,10,100.0,120,10800,300,2.0,momentum,-72.00000000000148,-72.00000000000148,-0.9600000000000197,-1.2664665028884496,0.0,-100.0000000000008,0.013333333333333334,0.02666666666666667,75,2,0.5,-36.00000000000074,0.27999999999998815,1,1,0.02666666666666667,2025-12,2026-02,2026-03,2026-03
a=5s | move=100c/120s | hold=10800s | vol>2x/300s | momentum,5,100.0,120,10800,300,2.0,momentum,-74.00000000000108,-74.00000000000108,-0.986666666666681,-1.4995794110038132,0.0,-89.00000000000085,0.013333333333333334,0.02666666666666667,75,2,0.5,-37.00000000000054,0.16853932584269057,1,1,0.02666666666666667,2025-12,2026-02,2026-03,2026-03
a=10s | move=10c/30s | hold=28800s | vol off | momentum,10,10.0,30,28800,300,0.0,momentum,-75.00000000000227,-75.00000000000227,-1.0000000000000304,-0.3288971388128139,-0.5940294321598051,-376.00000000000097,0.32,0.8,75,60,0.4,-1.250000000000038,0.9369217830109308,28,32,0.8,2025-12,2026-02,2026-03,2026-03
a=30s | move=10c/30s | hold=28800s | vol off | momentum,30,10.0,30,28800,300,0.0,momentum,-77.99999999999883,-77.99999999999883,-1.0399999999999845,-0.3491438764320661,-0.5935115181299516,-375.99999999999795,0.3466666666666667,0.8,75,60,0.43333333333333335,-1.2999999999999805,0.9333333333333332,28,32,0.8,2025-12,2026-02,2026-03,2026-03
a=120s | move=10c/30s | hold=28800s | vol off | momentum,120,10.0,30,28800,300,0.0,momentum,-100.99999999999852,-100.99999999999852,-1.346666666666647,-0.4567297491964206,-0.7544702189551432,-407.9999999999974,0.32,0.8,75,60,0.4,-1.6833333333333083,0.9148397976391236,28,32,0.8,2025-12,2026-02,2026-03,2026-03
a=10s | move=10c/180s | hold=21600s | vol off | momentum,10,10.0,180,21600,300,0.0,momentum,-111.99999999999872,-111.99999999999872,-1.4933333333333163,-0.7034330524323177,-1.1343261914493081,-301.9999999999976,0.3466666666666667,0.84,75,63,0.4126984126984127,-1.7777777777777575,0.8709677419354843,32,31,0.84,2025-12,2026-02,2026-03,2026-03
a=30s | move=10c/180s | hold=21600s | vol off | momentum,30,10.0,180,21600,300,0.0,momentum,-115.00000000000455,-115.00000000000455,-1.533333333333394,-0.7132267546067869,-1.1382917363467056,-329.9999999999977,0.36,0.84,75,63,0.42857142857142855,-1.825396825396897,0.865654205607471,32,31,0.84,2025-12,2026-02,2026-03,2026-03
a=5s | move=10c/180s | hold=21600s | vol off | momentum,5,10.0,180,21600,300,0.0,momentum,-127.00000000000142,-127.00000000000142,-1.6933333333333522,-0.7854876413981668,-1.2855718775030962,-304.9999999999977,0.3333333333333333,0.84,75,63,0.3968253968253968,-2.0158730158730385,0.8531791907514427,32,31,0.84,2025-12,2026-02,2026-03,2026-03
a=1s | move=10c/180s | hold=21600s | vol off | momentum,1,10.0,180,21600,300,0.0,momentum,-129.00000000000958,-129.00000000000958,-1.7200000000001276,-0.7984973368614384,-1.2944961930853092,-311.00000000000364,0.3333333333333333,0.84,75,63,0.3968253968253968,-2.047619047619199,0.8513824884792519,32,31,0.84,2025-12,2026-02,2026-03,2026-03
a=300s | move=10c/30s | hold=28800s | vol off | momentum,300,10.0,30,28800,300,0.0,momentum,-142.00000000000244,-142.00000000000244,-1.893333333333366,-0.7018305215975152,-1.0461379957061916,-364.9999999999995,0.3466666666666667,0.8,75,60,0.43333333333333335,-2.366666666666707,0.8733273862622629,28,32,0.8,2025-12,2026-02,2026-03,2026-03
a=60s | move=10c/180s | hold=21600s | vol off | momentum,60,10.0,180,21600,300,0.0,momentum,-146.000000000009,-146.000000000009,-1.946666666666787,-0.9460655768836542,-1.4454730740601525,-378.0000000000002,0.36,0.84,75,63,0.42857142857142855,-2.3174603174604607,0.8255675029868479,32,31,0.84,2025-12,2026-02,2026-03,2026-03
a=1s | move=10c/30s | hold=28800s | vol off | momentum,1,10.0,30,28800,300,0.0,momentum,-162.00000000000415,-162.00000000000415,-2.160000000000055,-0.6906073239321431,-1.2969671046030453,-401.9999999999993,0.30666666666666664,0.8,75,60,0.38333333333333336,-2.700000000000069,0.8725413060582176,28,32,0.8,2025-12,2026-02,2026-03,2026-03
a=5s | move=10c/30s | hold=28800s | vol off | momentum,5,10.0,30,28800,300,0.0,momentum,-164.00000000000162,-164.00000000000162,-2.1866666666666883,-0.7048453618979469,-1.307309209824629,-406.999999999999,0.28,0.8,75,60,0.35,-2.73333333333336,0.870150435471098,28,32,0.8,2025-12,2026-02,2026-03,2026-03
a=5s | move=75c/180s | hold=14400s | vol off | momentum,5,75.0,180,14400,300,0.0,momentum,-201.99999999999932,-201.99999999999932,-2.693333333333324,-2.0186624622056715,-0.7431124078833306,-234.99999999999977,0.02666666666666667,0.06666666666666667,75,5,0.4,-40.399999999999864,0.25735294117647056,0,5,0.06666666666666667,2025-12,2026-02,2026-03,2026-03
a=30s | move=12c/180s | hold=25200s | vol off | momentum,30,12.0,180,25200,300,0.0,momentum,-209.00000000000207,-209.00000000000207,-2.786666666666694,-0.9541330549594781,-1.4350817047235573,-391.99999999999875,0.36,0.8266666666666667,75,62,0.43548387096774194,-3.3709677419355173,0.8199827734711437,31,31,0.8266666666666667,2025-12,2026-02,2026-03,2026-03
a=120s | move=10c/180s | hold=28800s | vol off | momentum,120,10.0,180,28800,300,0.0,momentum,-313.0000000000028,-313.0000000000028,-4.17333333333337,-1.4909125815653441,-2.3430956395238884,-507.9999999999998,0.3466666666666667,0.84,75,63,0.4126984126984127,-4.968253968254013,0.7507961783439473,32,31,0.84,2025-12,2026-02,2026-03,2026-03
a=30s | move=12c/180s | hold=32400s | vol off | momentum,30,12.0,180,32400,300,0.0,momentum,-410.99999999999886,-410.99999999999886,-5.479999999999984,-1.7798832798076591,-2.7326900714575046,-532.9999999999991,0.36,0.8266666666666667,75,62,0.43548387096774194,-6.629032258064497,0.7078891257995737,31,31,0.8266666666666667,2025-12,2026-02,2026-03,2026-03
a=5s | move=12c/180s | hold=32400s | vol off | momentum,5,12.0,180,32400,300,0.0,momentum,-424.999999999996,-424.999999999996,-5.666666666666614,-1.805963777894537,-2.8004566096884616,-541.9999999999966,0.3333333333333333,0.8266666666666667,75,62,0.4032258064516129,-6.854838709677356,0.7066942719116646,31,31,0.8266666666666667,2025-12,2026-02,2026-03,2026-03
a=30s | move=12c/180s | hold=28800s | vol off | momentum,30,12.0,180,28800,300,0.0,momentum,-430.99999999999983,-430.99999999999983,-5.746666666666664,-1.845058874746824,-2.9424855252694244,-513.999999999998,0.30666666666666664,0.8266666666666667,75,62,0.3709677419354839,-6.951612903225803,0.7019363762102346,31,31,0.8266666666666667,2025-12,2026-02,2026-03,2026-03
a=60s | move=10c/180s | hold=28800s | vol off | momentum,60,10.0,180,28800,300,0.0,momentum,-432.0000000000061,-432.0000000000061,-5.7600000000000815,-2.0989094266697506,-3.2079891500329647,-559.0000000000018,0.32,0.84,75,63,0.38095238095238093,-6.857142857142954,0.6614420062695878,32,31,0.84,2025-12,2026-02,2026-03,2026-03
a=10s | move=10c/180s | hold=28800s | vol off | momentum,10,10.0,180,28800,300,0.0,momentum,-436.99999999999875,-436.99999999999875,-5.82666666666665,-2.0697251748957055,-3.1932364720421873,-532.9999999999977,0.32,0.84,75,63,0.38095238095238093,-6.936507936507916,0.6666666666666675,32,31,0.84,2025-12,2026-02,2026-03,2026-03
a=30s | move=10c/180s | hold=32400s | vol off | momentum,30,10.0,180,32400,300,0.0,momentum,-439.9999999999967,-439.9999999999967,-5.866666666666623,-2.0580428381203184,-3.0956686874710178,-568.9999999999991,0.30666666666666664,0.84,75,63,0.36507936507936506,-6.984126984126932,0.657853810264387,32,31,0.84,2025-12,2026-02,2026-03,2026-03
a=1s | move=12c/180s | hold=32400s | vol off | momentum,1,12.0,180,32400,300,0.0,momentum,-450.00000000000244,-450.00000000000244,-6.000000000000033,-1.907830659921233,-2.936862315591996,-570.0000000000023,0.32,0.8266666666666667,75,62,0.3870967741935484,-7.258064516129072,0.6913580246913558,31,31,0.8266666666666667,2025-12,2026-02,2026-03,2026-03
a=30s | move=10c/180s | hold=28800s | vol off | momentum,30,10.0,180,28800,300,0.0,momentum,-450.0000000000032,-450.0000000000032,-6.000000000000043,-2.097346535429874,-3.322977531256506,-552.0000000000025,0.30666666666666664,0.84,75,63,0.36507936507936506,-7.142857142857194,0.6616541353383433,32,31,0.84,2025-12,2026-02,2026-03,2026-03
a=5s | move=10c/180s | hold=28800s | vol off | momentum,5,10.0,180,28800,300,0.0,momentum,-459.99999999999915,-459.99999999999915,-6.133333333333322,-2.146496796108044,-3.381329590285562,-540.0000000000006,0.30666666666666664,0.84,75,63,0.36507936507936506,-7.301587301587288,0.6533534287867371,32,31,0.84,2025-12,2026-02,2026-03,2026-03
a=1s | move=10c/180s | hold=28800s | vol off | momentum,1,10.0,180,28800,300,0.0,momentum,-466.00000000000506,-466.00000000000506,-6.2133333333334,-2.18766777792802,-3.452879159322537,-540.0000000000041,0.30666666666666664,0.84,75,63,0.36507936507936506,-7.396825396825477,0.6488319517709086,32,31,0.84,2025-12,2026-02,2026-03,2026-03
a=300s | move=10c/180s | hold=28800s | vol off | momentum,300,10.0,180,28800,300,0.0,momentum,-565.999999999993,-565.999999999993,-7.546666666666573,-3.1018234872459973,-4.269293586788202,-636.9999999999936,0.32,0.84,75,63,0.38095238095238093,-8.984126984126872,0.5522151898734206,32,31,0.84,2025-12,2026-02,2026-03,2026-03
