Time,Time,%BRN 1!-ICE.Price,%BRN 1!-ICE.Size,%BRN 1!-ICE.Conditions
2025-12-19 00:00:09,2025-12-19T00:00:09,59.21,1.0,SetByBid
2025-12-19 00:00:09,2025-12-19T00:00:09,59.21,1.0,SetByBid
2025-12-19 00:00:09,2025-12-19T00:00:09,59.21,1.0,SetByBid
2025-12-19 00:01:03,2025-12-19T00:01:03,59.22,1.0,SetByAsk
2025-12-19 00:01:47,2025-12-19T00:01:47,59.23,2.0,SetByBid
2025-12-19 00:01:47,2025-12-19T00:01:47,59.23,1.0,SetByBid
2025-12-19 00:01:47,2025-12-19T00:01:47,59.23,1.0,SetByAsk
2025-12-19 00:02:18,2025-12-19T00:02:18,59.22,1.0,SetByAsk
2025-12-19 00:02:25,2025-12-19T00:02:25,59.22,4.0,SetByAsk
2025-12-19 00:02:25,2025-12-19T00:02:25,59.22,11.0,SetByAsk
2025-12-19 00:02:51,2025-12-19T00:02:51,59.24,1.0,SetByBid
2025-12-19 00:03:54,2025-12-19T00:03:54,59.25,1.0,SetByBid
2025-12-19 00:03:54,2025-12-19T00:03:54,59.25,1.0,SetByBid
2025-12-19 00:04:30,2025-12-19T00:04:30,59.27,1.0,SetByBid
2025-12-19 00:04:30,2025-12-19T00:04:30,59.27,1.0,SetByBid
2025-12-19 00:04:30,2025-12-19T00:04:30,59.27,1.0,SetByAsk
2025-12-19 00:04:40,2025-12-19T00:04:40,59.28,1.0,SetByBid
2025-12-19 00:04:40,2025-12-19T00:04:40,59.28,1.0,SetByBid
2025-12-19 00:05:02,2025-12-19T00:05:02,59.28,1.0,SetByBid
2025-12-19 00:07:56,2025-12-19T00:07:56,59.27,1.0,SetByAsk
2025-12-19 00:08:15,2025-12-19T00:08:15,59.27,1.0,SetByAsk
2025-12-19 00:08:15,2025-12-19T00:08:15,59.27,1.0,SetByAsk
2025-12-19 00:08:15,2025-12-19T00:08:15,59.27,1.0,SetByAsk
2025-12-19 00:09:12,2025-12-19T00:09:12,59.26,1.0,SetByAsk
2025-12-19 00:09:12,2025-12-19T00:09:12,59.26,2.0,SetByAsk
2025-12-19 00:09:15,2025-12-19T00:09:15,59.26,1.0,SetByBid
2025-12-19 00:09:56,2025-12-19T00:09:56,59.25,1.0,SetByAsk
2025-12-19 00:10:31,2025-12-19T00:10:31,59.25,1.0,SetByBid
2025-12-19 00:11:29,2025-12-19T00:11:29,59.25,1.0,SetByAsk
2025-12-19 00:14:18,2025-12-19T00:14:18,59.28,1.0,SetByAsk
2025-12-19 00:14:18,2025-12-19T00:14:18,59.28,1.0,SetByAsk
2025-12-19 00:14:18,2025-12-19T00:14:18,59.28,1.0,SetByAsk
2025-12-19 00:14:40,2025-12-19T00:14:40,59.29,1.0,SetByBid
2025-12-19 00:17:30,2025-12-19T00:17:30,59.26,1.0,SetByBid
2025-12-19 00:18:21,2025-12-19T00:18:21,59.26,1.0,SetByAsk
2025-12-19 00:18:21,2025-12-19T00:18:21,59.26,1.0,SetByAsk
2025-12-19 00:18:40,2025-12-19T00:18:40,59.27,1.0,SetByBid
2025-12-19 00:21:28,2025-12-19T00:21:28,59.26,1.0,SetByAsk
2025-12-19 00:22:42,2025-12-19T00:22:42,59.25,1.0,SetByAsk
2025-12-19 00:23:07,2025-12-19T00:23:07,59.26,1.0,SetByBid
2025-12-19 00:26:22,2025-12-19T00:26:22,59.26,1.0,SetByAsk
2025-12-19 00:26:22,2025-12-19T00:26:22,59.26,1.0,SetByBid
2025-12-19 00:26:55,2025-12-19T00:26:55,59.26,1.0,SetByAsk
2025-12-19 00:28:15,2025-12-19T00:28:15,59.27,1.0,SetByAsk
2025-12-19 00:29:59,2025-12-19T00:29:59,59.26,1.0,SetByAsk
2025-12-19 00:31:05,2025-12-19T00:31:05,59.28,1.0,SetByBid
2025-12-19 00:31:09,2025-12-19T00:31:09,59.28,1.0,SetByAsk
2025-12-19 00:36:09,2025-12-19T00:36:09,59.28,1.0,SetByBid
2025-12-19 00:36:12,2025-12-19T00:36:12,59.29,1.0,SetByBid
2025-12-19 00:39:47,2025-12-19T00:39:47,59.28,1.0,SetByBid
2025-12-19 00:42:08,2025-12-19T00:42:08,59.26,1.0,SetByAsk
2025-12-19 00:44:14,2025-12-19T00:44:14,59.26,1.0,SetByAsk
2025-12-19 00:46:46,2025-12-19T00:46:46,59.27,1.0,SetByBid
2025-12-19 00:46:53,2025-12-19T00:46:53,59.28,1.0,SetByBid
2025-12-19 00:47:20,2025-12-19T00:47:20,59.28,1.0,SetByBid
2025-12-19 00:47:20,2025-12-19T00:47:20,59.28,1.0,SetByBid
2025-12-19 00:50:00,2025-12-19T00:50:00,59.3,1.0,SetByBid
2025-12-19 00:50:01,2025-12-19T00:50:01,59.29,5.0,SetByAsk
2025-12-19 00:51:32,2025-12-19T00:51:32,59.27,1.0,SetByAsk
2025-12-19 00:51:32,2025-12-19T00:51:32,59.27,1.0,SetByAsk
2025-12-19 00:51:50,2025-12-19T00:51:50,59.26,1.0,SetByAsk
2025-12-19 00:51:50,2025-12-19T00:51:50,59.26,1.0,SetByAsk
2025-12-19 00:52:37,2025-12-19T00:52:37,59.26,1.0,SetByAsk
2025-12-19 00:55:43,2025-12-19T00:55:43,59.23,1.0,SetByAsk
2025-12-19 00:58:12,2025-12-19T00:58:12,59.25,1.0,SetByBid
2025-12-19 00:58:57,2025-12-19T00:58:57,59.24,3.0,SetByAsk
2025-12-19 00:58:57,2025-12-19T00:58:57,59.24,3.0,SetByAsk
2025-12-19 00:58:57,2025-12-19T00:58:57,59.24,1.0,SetByAsk
2025-12-19 00:59:35,2025-12-19T00:59:35,59.25,1.0,SetByBid
2025-12-19 00:59:39,2025-12-19T00:59:39,59.24,1.0,SetByAsk
2025-12-19 01:01:11,2025-12-19T01:01:11,59.24,1.0,SetByBid
2025-12-19 01:05:57,2025-12-19T01:05:57,59.25,1.0,SetByAsk
2025-12-19 01:05:57,2025-12-19T01:05:57,59.25,4.0,SetByAsk
2025-12-19 01:06:40,2025-12-19T01:06:40,59.25,1.0,SetByAsk
2025-12-19 01:09:12,2025-12-19T01:09:12,59.25,1.0,SetByBid
2025-12-19 01:09:57,2025-12-19T01:09:57,59.26,1.0,SetByBid
2025-12-19 01:09:57,2025-12-19T01:09:57,59.26,1.0,SetByBid
2025-12-19 01:09:57,2025-12-19T01:09:57,59.26,1.0,SetByBid
2025-12-19 01:09:57,2025-12-19T01:09:57,59.26,1.0,SetByBid
2025-12-19 01:11:38,2025-12-19T01:11:38,59.26,1.0,SetByAsk
2025-12-19 01:13:04,2025-12-19T01:13:04,59.27,1.0,SetByBid
2025-12-19 01:13:04,2025-12-19T01:13:04,59.27,1.0,SetByBid
2025-12-19 01:13:04,2025-12-19T01:13:04,59.27,1.0,SetByBid
2025-12-19 01:13:04,2025-12-19T01:13:04,59.27,1.0,SetByBid
2025-12-19 01:13:04,2025-12-19T01:13:04,59.27,2.0,SetByAsk
2025-12-19 01:13:04,2025-12-19T01:13:04,59.28,1.0,SetByBid
2025-12-19 01:13:04,2025-12-19T01:13:04,59.28,1.0,SetByBid
2025-12-19 01:13:04,2025-12-19T01:13:04,59.28,1.0,SetByBid
2025-12-19 01:13:04,2025-12-19T01:13:04,59.28,5.0,SetByAsk
2025-12-19 01:13:04,2025-12-19T01:13:04,59.28,6.0,SetByAsk
2025-12-19 01:13:04,2025-12-19T01:13:04,59.28,7.0,SetByAsk
2025-12-19 01:13:04,2025-12-19T01:13:04,59.28,1.0,SetByAsk
2025-12-19 01:13:04,2025-12-19T01:13:04,59.28,1.0,SetByAsk
2025-12-19 01:13:04,2025-12-19T01:13:04,59.28,20.0,SetByAsk
2025-12-19 01:13:04,2025-12-19T01:13:04,59.28,2.0,SetByAsk
2025-12-19 01:13:04,2025-12-19T01:13:04,59.28,1.0,SetByAsk
2025-12-19 01:13:04,2025-12-19T01:13:04,59.28,1.0,SetByBid
2025-12-19 01:13:04,2025-12-19T01:13:04,59.28,1.0,SetByAsk
2025-12-19 01:13:04,2025-12-19T01:13:04,59.28,1.0,SetByAsk
2025-12-19 01:13:04,2025-12-19T01:13:04,59.28,1.0,SetByAsk
2025-12-19 01:13:04,2025-12-19T01:13:04,59.28,24.0,SetByAsk
2025-12-19 01:13:04,2025-12-19T01:13:04,59.28,1.0,SetByBid
2025-12-19 01:13:04,2025-12-19T01:13:04,59.28,1.0,SetByBid
2025-12-19 01:13:04,2025-12-19T01:13:04,59.28,1.0,SetByBid
2025-12-19 01:13:04,2025-12-19T01:13:04,59.28,4.0,SetByBid
2025-12-19 01:13:04,2025-12-19T01:13:04,59.28,1.0,SetByAsk
2025-12-19 01:13:04,2025-12-19T01:13:04,59.28,1.0,SetByAsk
2025-12-19 01:13:04,2025-12-19T01:13:04,59.28,1.0,SetByBid
2025-12-19 01:13:04,2025-12-19T01:13:04,59.28,1.0,SetByBid
2025-12-19 01:13:04,2025-12-19T01:13:04,59.28,2.0,SetByBid
2025-12-19 01:13:04,2025-12-19T01:13:04,59.28,1.0,SetByAsk
2025-12-19 01:13:04,2025-12-19T01:13:04,59.28,2.0,SetByAsk
2025-12-19 01:13:04,2025-12-19T01:13:04,59.28,1.0,SetByAsk
2025-12-19 01:13:04,2025-12-19T01:13:04,59.28,3.0,SetByAsk
2025-12-19 01:13:04,2025-12-19T01:13:04,59.28,1.0,SetByAsk
2025-12-19 01:13:04,2025-12-19T01:13:04,59.28,2.0,SetByAsk
2025-12-19 01:13:04,2025-12-19T01:13:04,59.28,1.0,SetByAsk
2025-12-19 01:13:04,2025-12-19T01:13:04,59.28,1.0,SetByAsk
2025-12-19 01:13:04,2025-12-19T01:13:04,59.28,1.0,SetByAsk
2025-12-19 01:13:04,2025-12-19T01:13:04,59.28,2.0,SetByAsk
2025-12-19 01:13:04,2025-12-19T01:13:04,59.28,1.0,SetByAsk
2025-12-19 01:13:04,2025-12-19T01:13:04,59.28,1.0,SetByAsk
2025-12-19 01:13:04,2025-12-19T01:13:04,59.28,1.0,SetByAsk
2025-12-19 01:13:04,2025-12-19T01:13:04,59.28,1.0,SetByAsk
2025-12-19 01:13:04,2025-12-19T01:13:04,59.28,2.0,SetByAsk
2025-12-19 01:13:04,2025-12-19T01:13:04,59.28,2.0,SetByAsk
2025-12-19 01:13:04,2025-12-19T01:13:04,59.28,1.0,SetByAsk
2025-12-19 01:13:04,2025-12-19T01:13:04,59.28,1.0,SetByAsk
2025-12-19 01:13:04,2025-12-19T01:13:04,59.28,1.0,SetByAsk
2025-12-19 01:13:04,2025-12-19T01:13:04,59.28,1.0,SetByAsk
2025-12-19 01:13:04,2025-12-19T01:13:04,59.28,2.0,SetByAsk
2025-12-19 01:13:04,2025-12-19T01:13:04,59.28,1.0,SetByAsk
2025-12-19 01:13:04,2025-12-19T01:13:04,59.28,2.0,SetByAsk
2025-12-19 01:13:04,2025-12-19T01:13:04,59.28,1.0,SetByAsk
2025-12-19 01:13:04,2025-12-19T01:13:04,59.27,694.0,SetByAsk
2025-12-19 01:14:45,2025-12-19T01:14:45,59.28,1.0,SetByBid
2025-12-19 01:14:45,2025-12-19T01:14:45,59.28,1.0,SetByBid
2025-12-19 01:14:45,2025-12-19T01:14:45,59.28,1.0,SetByBid
2025-12-19 01:14:45,2025-12-19T01:14:45,59.28,1.0,SetByBid
2025-12-19 01:14:50,2025-12-19T01:14:50,59.26,1.0,SetByAsk
2025-12-19 01:15:47,2025-12-19T01:15:47,59.26,1.0,SetByAsk
2025-12-19 01:16:00,2025-12-19T01:16:00,59.26,1.0,SetByAsk
2025-12-19 01:17:24,2025-12-19T01:17:24,59.27,1.0,SetByBid
2025-12-19 01:17:25,2025-12-19T01:17:25,59.27,1.0,SetByBid
2025-12-19 01:17:57,2025-12-19T01:17:57,59.26,1.0,SetByAsk
2025-12-19 01:19:51,2025-12-19T01:19:51,59.28,1.0,SetByBid
2025-12-19 01:19:51,2025-12-19T01:19:51,59.28,1.0,SetByBid
2025-12-19 01:19:51,2025-12-19T01:19:51,59.28,1.0,SetByAsk
2025-12-19 01:19:51,2025-12-19T01:19:51,59.28,1.0,SetByAsk
2025-12-19 01:19:51,2025-12-19T01:19:51,59.28,1.0,SetByAsk
2025-12-19 01:19:51,2025-12-19T01:19:51,59.28,1.0,SetByAsk
2025-12-19 01:20:34,2025-12-19T01:20:34,59.29,1.0,SetByAsk
2025-12-19 01:20:34,2025-12-19T01:20:34,59.29,1.0,SetByAsk
2025-12-19 01:23:21,2025-12-19T01:23:21,59.29,1.0,SetByAsk
2025-12-19 01:24:00,2025-12-19T01:24:00,59.3,1.0,SetByBid
2025-12-19 01:24:03,2025-12-19T01:24:03,59.3,1.0,SetByAsk
2025-12-19 01:24:24,2025-12-19T01:24:24,59.31,1.0,SetByBid
2025-12-19 01:24:24,2025-12-19T01:24:24,59.31,1.0,SetByBid
2025-12-19 01:24:24,2025-12-19T01:24:24,59.31,1.0,SetByBid
2025-12-19 01:24:24,2025-12-19T01:24:24,59.31,1.0,SetByBid
2025-12-19 01:24:24,2025-12-19T01:24:24,59.31,2.0,SetByBid
2025-12-19 01:24:24,2025-12-19T01:24:24,59.31,2.0,SetByBid
2025-12-19 01:24:24,2025-12-19T01:24:24,59.31,2.0,SetByBid
2025-12-19 01:24:24,2025-12-19T01:24:24,59.31,2.0,SetByBid
2025-12-19 01:24:24,2025-12-19T01:24:24,59.31,2.0,SetByBid
2025-12-19 01:24:24,2025-12-19T01:24:24,59.31,2.0,SetByBid
2025-12-19 01:24:24,2025-12-19T01:24:24,59.31,1.0,SetByAsk
2025-12-19 01:24:24,2025-12-19T01:24:24,59.31,1.0,SetByAsk
2025-12-19 01:24:24,2025-12-19T01:24:24,59.31,1.0,SetByAsk
2025-12-19 01:24:24,2025-12-19T01:24:24,59.31,4.0,SetByAsk
2025-12-19 01:24:24,2025-12-19T01:24:24,59.31,1.0,SetByAsk
2025-12-19 01:24:24,2025-12-19T01:24:24,59.3,1.0,SetByBid
2025-12-19 01:24:40,2025-12-19T01:24:40,59.29,1.0,SetByAsk
2025-12-19 01:25:17,2025-12-19T01:25:17,59.3,1.0,SetByAsk
2025-12-19 01:25:17,2025-12-19T01:25:17,59.3,1.0,SetByAsk
2025-12-19 01:25:20,2025-12-19T01:25:20,59.3,1.0,SetByAsk
2025-12-19 01:25:34,2025-12-19T01:25:34,59.31,1.0,SetByAsk
2025-12-19 01:25:34,2025-12-19T01:25:34,59.32,1.0,SetByAsk
2025-12-19 01:25:34,2025-12-19T01:25:34,59.32,1.0,SetByBid
2025-12-19 01:28:32,2025-12-19T01:28:32,59.32,1.0,SetByBid
2025-12-19 01:28:32,2025-12-19T01:28:32,59.32,1.0,SetByBid
2025-12-19 01:28:32,2025-12-19T01:28:32,59.32,1.0,SetByBid
2025-12-19 01:29:31,2025-12-19T01:29:31,59.31,1.0,SetByBid
2025-12-19 01:29:31,2025-12-19T01:29:31,59.31,1.0,SetByBid
2025-12-19 01:30:09,2025-12-19T01:30:09,59.32,1.0,SetByBid
2025-12-19 01:30:09,2025-12-19T01:30:09,59.33,1.0,SetByAsk
2025-12-19 01:30:31,2025-12-19T01:30:31,59.35,1.0,SetByAsk
2025-12-19 01:30:31,2025-12-19T01:30:31,59.35,1.0,SetByAsk
2025-12-19 01:30:35,2025-12-19T01:30:35,59.35,1.0,SetByAsk
2025-12-19 01:30:35,2025-12-19T01:30:35,59.34,1.0,SetByAsk
2025-12-19 01:31:21,2025-12-19T01:31:21,59.32,1.0,SetByAsk
2025-12-19 01:31:44,2025-12-19T01:31:44,59.33,1.0,SetByAsk
2025-12-19 01:31:44,2025-12-19T01:31:44,59.35,1.0,SetByBid
2025-12-19 01:31:44,2025-12-19T01:31:44,59.35,1.0,SetByAsk
2025-12-19 01:32:10,2025-12-19T01:32:10,59.36,1.0,SetByBid
2025-12-19 01:32:24,2025-12-19T01:32:24,59.35,1.0,SetByAsk
2025-12-19 01:32:24,2025-12-19T01:32:24,59.35,1.0,SetByAsk
2025-12-19 01:32:24,2025-12-19T01:32:24,59.35,1.0,SetByBid
2025-12-19 01:34:56,2025-12-19T01:34:56,59.32,1.0,SetByAsk
2025-12-19 01:34:56,2025-12-19T01:34:56,59.32,1.0,SetByAsk
2025-12-19 01:36:53,2025-12-19T01:36:53,59.3,1.0,SetByAsk
2025-12-19 01:37:00,2025-12-19T01:37:00,59.31,1.0,SetByBid
2025-12-19 01:37:00,2025-12-19T01:37:00,59.31,5.0,SetByBid
2025-12-19 01:37:00,2025-12-19T01:37:00,59.31,1.0,SetByBid
2025-12-19 01:37:00,2025-12-19T01:37:00,59.32,1.0,SetByBid
2025-12-19 01:42:07,2025-12-19T01:42:07,59.32,1.0,SetByBid
2025-12-19 01:44:09,2025-12-19T01:44:09,59.29,1.0,SetByAsk
2025-12-19 01:44:09,2025-12-19T01:44:09,59.29,1.0,SetByAsk
2025-12-19 01:46:51,2025-12-19T01:46:51,59.28,1.0,SetByBid
2025-12-19 01:46:51,2025-12-19T01:46:51,59.27,1.0,SetByAsk
2025-12-19 01:46:51,2025-12-19T01:46:51,59.27,1.0,SetByBid
2025-12-19 01:46:51,2025-12-19T01:46:51,59.27,1.0,SetByBid
2025-12-19 01:46:51,2025-12-19T01:46:51,59.27,1.0,SetByBid
2025-12-19 01:47:18,2025-12-19T01:47:18,59.26,1.0,SetByAsk
2025-12-19 01:47:18,2025-12-19T01:47:18,59.26,1.0,SetByAsk
2025-12-19 01:47:32,2025-12-19T01:47:32,59.26,1.0,SetByAsk
2025-12-19 01:48:45,2025-12-19T01:48:45,59.28,1.0,SetByBid
2025-12-19 01:48:45,2025-12-19T01:48:45,59.28,1.0,SetByBid
2025-12-19 01:50:00,2025-12-19T01:50:00,59.27,1.0,SetByBid
2025-12-19 01:50:00,2025-12-19T01:50:00,59.27,1.0,SetByBid
2025-12-19 01:50:37,2025-12-19T01:50:37,59.26,1.0,SetByAsk
2025-12-19 01:50:41,2025-12-19T01:50:41,59.26,1.0,SetByAsk
2025-12-19 01:50:46,2025-12-19T01:50:46,59.25,1.0,SetByAsk
2025-12-19 01:50:47,2025-12-19T01:50:47,59.25,1.0,SetByAsk
2025-12-19 01:50:49,2025-12-19T01:50:49,59.26,4.0,SetByBid
2025-12-19 01:50:49,2025-12-19T01:50:49,59.26,1.0,SetByBid
2025-12-19 01:51:18,2025-12-19T01:51:18,59.28,1.0,SetByBid
2025-12-19 01:55:33,2025-12-19T01:55:33,59.27,1.0,SetByAsk
2025-12-19 01:55:33,2025-12-19T01:55:33,59.28,1.0,SetByBid
2025-12-19 01:55:34,2025-12-19T01:55:34,59.27,1.0,SetByAsk
2025-12-19 01:55:34,2025-12-19T01:55:34,59.27,1.0,SetByAsk
2025-12-19 01:56:46,2025-12-19T01:56:46,59.29,1.0,SetByBid
2025-12-19 01:56:46,2025-12-19T01:56:46,59.29,1.0,SetByBid
2025-12-19 01:56:46,2025-12-19T01:56:46,59.29,1.0,SetByBid
2025-12-19 01:56:46,2025-12-19T01:56:46,59.29,1.0,SetByBid
2025-12-19 01:56:46,2025-12-19T01:56:46,59.29,2.0,SetByBid
2025-12-19 01:56:46,2025-12-19T01:56:46,59.29,2.0,SetByBid
2025-12-19 01:56:46,2025-12-19T01:56:46,59.29,3.0,SetByBid
2025-12-19 01:56:46,2025-12-19T01:56:46,59.29,1.0,SetByBid
2025-12-19 01:56:46,2025-12-19T01:56:46,59.3,1.0,SetByBid
2025-12-19 01:56:46,2025-12-19T01:56:46,59.3,1.0,SetByBid
2025-12-19 01:56:46,2025-12-19T01:56:46,59.3,1.0,SetByBid
2025-12-19 01:56:46,2025-12-19T01:56:46,59.3,1.0,SetByBid
2025-12-19 01:57:06,2025-12-19T01:57:06,59.29,1.0,SetByAsk
2025-12-19 01:57:52,2025-12-19T01:57:52,59.28,1.0,SetByAsk
2025-12-19 01:58:52,2025-12-19T01:58:52,59.28,1.0,SetByAsk
2025-12-19 01:58:52,2025-12-19T01:58:52,59.28,1.0,SetByBid
2025-12-19 01:59:00,2025-12-19T01:59:00,59.28,1.0,SetByAsk
2025-12-19 01:59:00,2025-12-19T01:59:00,59.28,1.0,SetByBid
2025-12-19 01:59:40,2025-12-19T01:59:40,59.29,1.0,SetByAsk
2025-12-19 01:59:40,2025-12-19T01:59:40,59.29,1.0,SetByAsk
2025-12-19 02:23:15,2025-12-19T02:23:15,59.3,1.0,SetByBid
2025-12-19 02:23:15,2025-12-19T02:23:15,59.3,2.0,SetByBid
2025-12-19 02:23:16,2025-12-19T02:23:16,59.29,1.0,SetByBid
2025-12-19 05:00:00,2025-12-19T05:00:00,59.28,1.0,SetByBid
2025-12-19 05:00:02,2025-12-19T05:00:02,59.29,1.0,SetByBid
2025-12-19 05:00:02,2025-12-19T05:00:02,59.29,1.0,SetByBid
2025-12-19 05:00:16,2025-12-19T05:00:16,59.32,1.0,SetByBid
2025-12-19 05:00:16,2025-12-19T05:00:16,59.32,1.0,SetByBid
2025-12-19 05:00:16,2025-12-19T05:00:16,59.32,1.0,SetByBid
2025-12-19 05:00:16,2025-12-19T05:00:16,59.32,1.0,SetByBid
2025-12-19 05:00:16,2025-12-19T05:00:16,59.32,1.0,SetByBid
2025-12-19 05:00:16,2025-12-19T05:00:16,59.32,1.0,SetByBid
2025-12-19 05:00:16,2025-12-19T05:00:16,59.33,1.0,SetByBid
2025-12-19 05:00:16,2025-12-19T05:00:16,59.33,1.0,SetByBid
2025-12-19 05:00:18,2025-12-19T05:00:18,59.31,2.0,SetByAsk
2025-12-19 05:00:22,2025-12-19T05:00:22,59.33,1.0,SetByAsk
2025-12-19 05:00:22,2025-12-19T05:00:22,59.34,1.0,SetByAsk
2025-12-19 05:00:25,2025-12-19T05:00:25,59.31,1.0,SetByAsk
2025-12-19 05:00:27,2025-12-19T05:00:27,59.32,1.0,SetByBid
2025-12-19 05:00:28,2025-12-19T05:00:28,59.33,1.0,SetByAsk
2025-12-19 05:00:29,2025-12-19T05:00:29,59.33,1.0,SetByAsk
2025-12-19 05:00:29,2025-12-19T05:00:29,59.33,1.0,SetByAsk
2025-12-19 05:00:42,2025-12-19T05:00:42,59.34,1.0,SetByBid
2025-12-19 05:00:42,2025-12-19T05:00:42,59.34,1.0,SetByBid
2025-12-19 05:00:44,2025-12-19T05:00:44,59.32,1.0,SetByAsk
2025-12-19 05:00:52,2025-12-19T05:00:52,59.34,1.0,SetByBid
2025-12-19 05:00:52,2025-12-19T05:00:52,59.34,1.0,SetByBid
2025-12-19 05:00:58,2025-12-19T05:00:58,59.32,1.0,SetByAsk
2025-12-19 05:01:00,2025-12-19T05:01:00,59.32,1.0,SetByAsk
2025-12-19 05:01:00,2025-12-19T05:01:00,59.31,1.0,SetByAsk
2025-12-19 05:01:03,2025-12-19T05:01:03,59.33,1.0,SetByBid
2025-12-19 05:01:03,2025-12-19T05:01:03,59.33,1.0,SetByBid
2025-12-19 05:01:03,2025-12-19T05:01:03,59.33,1.0,SetByBid
2025-12-19 05:01:04,2025-12-19T05:01:04,59.33,1.0,SetByBid
2025-12-19 05:01:04,2025-12-19T05:01:04,59.33,1.0,SetByBid
2025-12-19 05:01:04,2025-12-19T05:01:04,59.33,1.0,SetByBid
2025-12-19 05:01:05,2025-12-19T05:01:05,59.33,1.0,SetByBid
2025-12-19 05:01:05,2025-12-19T05:01:05,59.33,1.0,SetByBid
2025-12-19 05:01:05,2025-12-19T05:01:05,59.33,1.0,SetByBid
2025-12-19 05:01:05,2025-12-19T05:01:05,59.33,1.0,SetByBid
2025-12-19 05:01:06,2025-12-19T05:01:06,59.33,1.0,SetByBid
2025-12-19 05:01:06,2025-12-19T05:01:06,59.33,1.0,SetByBid
2025-12-19 05:01:07,2025-12-19T05:01:07,59.33,1.0,SetByBid
2025-12-19 05:01:07,2025-12-19T05:01:07,59.33,1.0,SetByBid
2025-12-19 05:01:07,2025-12-19T05:01:07,59.34,1.0,SetByBid
2025-12-19 05:01:08,2025-12-19T05:01:08,59.34,1.0,SetByBid
2025-12-19 05:01:15,2025-12-19T05:01:15,59.33,1.0,SetByBid
2025-12-19 05:01:15,2025-12-19T05:01:15,59.33,1.0,SetByBid
2025-12-19 05:01:15,2025-12-19T05:01:15,59.33,1.0,SetByBid
2025-12-19 05:01:16,2025-12-19T05:01:16,59.33,1.0,SetByBid
2025-12-19 05:01:16,2025-12-19T05:01:16,59.33,1.0,SetByBid
2025-12-19 05:01:16,2025-12-19T05:01:16,59.33,1.0,SetByBid
2025-12-19 05:01:17,2025-12-19T05:01:17,59.33,1.0,SetByBid
2025-12-19 05:01:17,2025-12-19T05:01:17,59.33,1.0,SetByBid
2025-12-19 05:01:17,2025-12-19T05:01:17,59.33,1.0,SetByBid
2025-12-19 05:01:17,2025-12-19T05:01:17,59.33,1.0,SetByBid
2025-12-19 05:01:18,2025-12-19T05:01:18,59.33,1.0,SetByBid
2025-12-19 05:01:18,2025-12-19T05:01:18,59.33,1.0,SetByBid
2025-12-19 05:01:20,2025-12-19T05:01:20,59.32,1.0,SetByBid
2025-12-19 05:01:21,2025-12-19T05:01:21,59.32,1.0,SetByBid
2025-12-19 05:01:24,2025-12-19T05:01:24,59.3,1.0,SetByAsk
2025-12-19 05:01:33,2025-12-19T05:01:33,59.31,1.0,SetByBid
2025-12-19 05:01:42,2025-12-19T05:01:42,59.3,1.0,SetByBid
2025-12-19 05:01:43,2025-12-19T05:01:43,59.3,1.0,SetByBid
2025-12-19 05:01:43,2025-12-19T05:01:43,59.3,1.0,SetByBid
2025-12-19 05:01:43,2025-12-19T05:01:43,59.3,1.0,SetByBid
2025-12-19 05:01:44,2025-12-19T05:01:44,59.3,1.0,SetByBid
2025-12-19 05:01:44,2025-12-19T05:01:44,59.3,1.0,SetByBid
2025-12-19 05:01:44,2025-12-19T05:01:44,59.3,1.0,SetByBid
2025-12-19 05:01:45,2025-12-19T05:01:45,59.3,1.0,SetByBid
2025-12-19 05:01:45,2025-12-19T05:01:45,59.3,1.0,SetByBid
2025-12-19 05:01:45,2025-12-19T05:01:45,59.3,1.0,SetByBid
2025-12-19 05:01:45,2025-12-19T05:01:45,59.3,1.0,SetByBid
2025-12-19 05:01:46,2025-12-19T05:01:46,59.3,1.0,SetByBid
2025-12-19 05:01:46,2025-12-19T05:01:46,59.3,1.0,SetByBid
2025-12-19 05:02:03,2025-12-19T05:02:03,59.29,1.0,SetByBid
2025-12-19 05:02:03,2025-12-19T05:02:03,59.29,1.0,SetByBid
2025-12-19 05:02:24,2025-12-19T05:02:24,59.31,1.0,SetByBid
2025-12-19 05:02:35,2025-12-19T05:02:35,59.32,1.0,SetByBid
2025-12-19 05:02:36,2025-12-19T05:02:36,59.33,1.0,SetByBid
2025-12-19 05:02:36,2025-12-19T05:02:36,59.33,1.0,SetByBid
2025-12-19 05:02:36,2025-12-19T05:02:36,59.33,2.0,SetByBid
2025-12-19 05:02:36,2025-12-19T05:02:36,59.33,1.0,SetByBid
2025-12-19 05:02:36,2025-12-19T05:02:36,59.33,1.0,SetByBid
2025-12-19 05:02:36,2025-12-19T05:02:36,59.33,1.0,SetByBid
2025-12-19 05:02:36,2025-12-19T05:02:36,59.33,1.0,SetByBid
2025-12-19 05:02:36,2025-12-19T05:02:36,59.33,1.0,SetByBid
2025-12-19 05:02:36,2025-12-19T05:02:36,59.33,1.0,SetByBid
2025-12-19 05:02:36,2025-12-19T05:02:36,59.33,1.0,SetByBid
2025-12-19 05:02:36,2025-12-19T05:02:36,59.33,1.0,SetByBid
2025-12-19 05:02:36,2025-12-19T05:02:36,59.33,1.0,SetByBid
2025-12-19 05:02:37,2025-12-19T05:02:37,59.33,1.0,SetByBid
2025-12-19 05:02:37,2025-12-19T05:02:37,59.33,1.0,SetByBid
2025-12-19 05:02:37,2025-12-19T05:02:37,59.33,1.0,SetByBid
2025-12-19 05:02:37,2025-12-19T05:02:37,59.33,1.0,SetByBid
2025-12-19 05:02:38,2025-12-19T05:02:38,59.33,1.0,SetByBid
2025-12-19 05:02:38,2025-12-19T05:02:38,59.33,1.0,SetByBid
2025-12-19 05:02:39,2025-12-19T05:02:39,59.33,1.0,SetByBid
2025-12-19 05:02:39,2025-12-19T05:02:39,59.33,1.0,SetByBid
2025-12-19 05:02:39,2025-12-19T05:02:39,59.33,1.0,SetByBid
2025-12-19 05:02:39,2025-12-19T05:02:39,59.33,1.0,SetByBid
2025-12-19 05:02:40,2025-12-19T05:02:40,59.33,1.0,SetByBid
2025-12-19 05:02:40,2025-12-19T05:02:40,59.33,1.0,SetByBid
2025-12-19 05:02:42,2025-12-19T05:02:42,59.32,1.0,SetByAsk
2025-12-19 05:02:42,2025-12-19T05:02:42,59.32,1.0,"SetByAsk, Leg"
2025-12-19 05:02:42,2025-12-19T05:02:42,59.31,1.0,"SetByAsk, Leg"
2025-12-19 05:02:42,2025-12-19T05:02:42,59.31,1.0,SetByAsk
2025-12-19 05:02:42,2025-12-19T05:02:42,59.31,1.0,SetByAsk
2025-12-19 05:02:42,2025-12-19T05:02:42,59.31,1.0,SetByAsk
2025-12-19 05:02:42,2025-12-19T05:02:42,59.31,1.0,SetByAsk
2025-12-19 05:02:42,2025-12-19T05:02:42,59.31,1.0,SetByAsk
2025-12-19 05:02:42,2025-12-19T05:02:42,59.31,1.0,SetByAsk
2025-12-19 05:02:42,2025-12-19T05:02:42,59.31,1.0,SetByAsk
2025-12-19 05:02:42,2025-12-19T05:02:42,59.31,1.0,SetByAsk
2025-12-19 05:02:42,2025-12-19T05:02:42,59.31,1.0,SetByAsk
2025-12-19 05:02:42,2025-12-19T05:02:42,59.31,1.0,SetByAsk
2025-12-19 05:02:42,2025-12-19T05:02:42,59.31,1.0,SetByAsk
2025-12-19 05:02:42,2025-12-19T05:02:42,59.31,2.0,SetByAsk
2025-12-19 05:02:42,2025-12-19T05:02:42,59.31,1.0,SetByAsk
2025-12-19 05:02:42,2025-12-19T05:02:42,59.31,5.0,SetByAsk
2025-12-19 05:02:42,2025-12-19T05:02:42,59.31,4.0,SetByAsk
2025-12-19 05:02:42,2025-12-19T05:02:42,59.31,1.0,SetByAsk
2025-12-19 05:02:42,2025-12-19T05:02:42,59.31,1.0,SetByAsk
2025-12-19 05:02:42,2025-12-19T05:02:42,59.31,2.0,SetByAsk
2025-12-19 05:02:42,2025-12-19T05:02:42,59.31,1.0,SetByAsk
2025-12-19 05:02:42,2025-12-19T05:02:42,59.31,6.0,SetByAsk
2025-12-19 05:02:42,2025-12-19T05:02:42,59.31,2.0,"SetByAsk, Leg"
2025-12-19 05:02:42,2025-12-19T05:02:42,59.3,2.0,"SetByAsk, Leg"
2025-12-19 05:02:42,2025-12-19T05:02:42,59.3,1.0,SetByAsk
2025-12-19 05:02:42,2025-12-19T05:02:42,59.3,1.0,SetByAsk
2025-12-19 05:02:42,2025-12-19T05:02:42,59.3,1.0,SetByAsk
2025-12-19 05:02:42,2025-12-19T05:02:42,59.3,1.0,SetByAsk
2025-12-19 05:02:42,2025-12-19T05:02:42,59.3,1.0,SetByAsk
2025-12-19 05:02:42,2025-12-19T05:02:42,59.3,1.0,SetByAsk
2025-12-19 05:02:42,2025-12-19T05:02:42,59.3,1.0,SetByAsk
2025-12-19 05:02:42,2025-12-19T05:02:42,59.3,1.0,SetByAsk
2025-12-19 05:02:42,2025-12-19T05:02:42,59.3,1.0,SetByAsk
2025-12-19 05:02:42,2025-12-19T05:02:42,59.3,1.0,SetByAsk
2025-12-19 05:02:42,2025-12-19T05:02:42,59.3,3.0,SetByAsk
2025-12-19 05:02:42,2025-12-19T05:02:42,59.3,1.0,SetByAsk
2025-12-19 05:02:42,2025-12-19T05:02:42,59.3,1.0,SetByAsk
2025-12-19 05:02:42,2025-12-19T05:02:42,59.3,1.0,SetByAsk
2025-12-19 05:02:42,2025-12-19T05:02:42,59.3,1.0,SetByAsk
2025-12-19 05:02:42,2025-12-19T05:02:42,59.3,1.0,SetByAsk
2025-12-19 05:02:42,2025-12-19T05:02:42,59.3,1.0,SetByAsk
2025-12-19 05:02:42,2025-12-19T05:02:42,59.3,1.0,SetByAsk
2025-12-19 05:02:42,2025-12-19T05:02:42,59.3,1.0,SetByAsk
2025-12-19 05:02:42,2025-12-19T05:02:42,59.3,1.0,SetByAsk
2025-12-19 05:02:42,2025-12-19T05:02:42,59.3,1.0,SetByAsk
2025-12-19 05:02:42,2025-12-19T05:02:42,59.3,1.0,SetByAsk
2025-12-19 05:02:42,2025-12-19T05:02:42,59.3,1.0,SetByAsk
2025-12-19 05:02:42,2025-12-19T05:02:42,59.3,1.0,SetByAsk
2025-12-19 05:02:42,2025-12-19T05:02:42,59.3,1.0,SetByAsk
2025-12-19 05:02:42,2025-12-19T05:02:42,59.3,1.0,SetByAsk
2025-12-19 05:02:42,2025-12-19T05:02:42,59.3,1.0,SetByAsk
2025-12-19 05:02:42,2025-12-19T05:02:42,59.3,1.0,SetByAsk
2025-12-19 05:02:42,2025-12-19T05:02:42,59.3,1.0,SetByAsk
2025-12-19 05:02:42,2025-12-19T05:02:42,59.29,1.0,SetByAsk
2025-12-19 05:02:42,2025-12-19T05:02:42,59.29,1.0,SetByAsk
2025-12-19 05:02:42,2025-12-19T05:02:42,59.29,1.0,SetByAsk
2025-12-19 05:02:42,2025-12-19T05:02:42,59.29,1.0,SetByAsk
2025-12-19 05:02:42,2025-12-19T05:02:42,59.29,1.0,SetByAsk
2025-12-19 05:02:42,2025-12-19T05:02:42,59.29,1.0,SetByAsk
2025-12-19 05:02:42,2025-12-19T05:02:42,59.29,1.0,SetByAsk
2025-12-19 05:02:42,2025-12-19T05:02:42,59.29,1.0,SetByAsk
2025-12-19 05:02:42,2025-12-19T05:02:42,59.29,1.0,SetByAsk
2025-12-19 05:02:42,2025-12-19T05:02:42,59.29,1.0,SetByAsk
2025-12-19 05:02:42,2025-12-19T05:02:42,59.29,1.0,SetByAsk
2025-12-19 05:02:42,2025-12-19T05:02:42,59.29,1.0,SetByAsk
2025-12-19 05:02:42,2025-12-19T05:02:42,59.29,1.0,SetByAsk
2025-12-19 05:02:42,2025-12-19T05:02:42,59.29,1.0,SetByAsk
2025-12-19 05:02:42,2025-12-19T05:02:42,59.29,1.0,SetByAsk
2025-12-19 05:02:42,2025-12-19T05:02:42,59.29,2.0,SetByAsk
2025-12-19 05:02:42,2025-12-19T05:02:42,59.29,4.0,SetByAsk
2025-12-19 05:02:42,2025-12-19T05:02:42,59.29,1.0,SetByAsk
2025-12-19 05:02:42,2025-12-19T05:02:42,59.29,2.0,SetByAsk
2025-12-19 05:02:42,2025-12-19T05:02:42,59.29,1.0,SetByAsk
2025-12-19 05:02:42,2025-12-19T05:02:42,59.29,2.0,SetByAsk
2025-12-19 05:02:42,2025-12-19T05:02:42,59.29,1.0,SetByAsk
2025-12-19 05:02:42,2025-12-19T05:02:42,59.29,1.0,SetByAsk
2025-12-19 05:02:42,2025-12-19T05:02:42,59.29,1.0,SetByAsk
2025-12-19 05:02:42,2025-12-19T05:02:42,59.29,1.0,SetByAsk
2025-12-19 05:02:42,2025-12-19T05:02:42,59.29,1.0,SetByAsk
2025-12-19 05:02:42,2025-12-19T05:02:42,59.29,2.0,SetByAsk
2025-12-19 05:02:42,2025-12-19T05:02:42,59.29,1.0,SetByAsk
2025-12-19 05:02:42,2025-12-19T05:02:42,59.29,1.0,SetByAsk
2025-12-19 05:02:42,2025-12-19T05:02:42,59.29,1.0,SetByAsk
2025-12-19 05:02:42,2025-12-19T05:02:42,59.29,1.0,SetByAsk
2025-12-19 05:02:42,2025-12-19T05:02:42,59.29,1.0,SetByAsk
2025-12-19 05:02:42,2025-12-19T05:02:42,59.29,1.0,SetByAsk
2025-12-19 05:02:42,2025-12-19T05:02:42,59.29,3.0,SetByAsk
2025-12-19 05:02:42,2025-12-19T05:02:42,59.29,2.0,SetByAsk
2025-12-19 05:02:42,2025-12-19T05:02:42,59.29,1.0,SetByAsk
2025-12-19 05:02:42,2025-12-19T05:02:42,59.29,2.0,SetByAsk
2025-12-19 05:02:42,2025-12-19T05:02:42,59.29,2.0,SetByAsk
2025-12-19 05:02:42,2025-12-19T05:02:42,59.29,1.0,SetByAsk
2025-12-19 05:02:42,2025-12-19T05:02:42,59.29,1.0,SetByAsk
2025-12-19 05:02:42,2025-12-19T05:02:42,59.29,1.0,SetByAsk
2025-12-19 05:02:42,2025-12-19T05:02:42,59.29,1.0,SetByAsk
2025-12-19 05:02:42,2025-12-19T05:02:42,59.29,1.0,"SetByAsk, Leg"
2025-12-19 05:02:42,2025-12-19T05:02:42,59.28,1.0,"SetByAsk, Leg"
2025-12-19 05:02:42,2025-12-19T05:02:42,59.28,1.0,SetByAsk
2025-12-19 05:02:42,2025-12-19T05:02:42,59.28,1.0,SetByAsk
2025-12-19 05:02:42,2025-12-19T05:02:42,59.28,1.0,SetByAsk
2025-12-19 05:02:42,2025-12-19T05:02:42,59.28,1.0,SetByAsk
2025-12-19 05:02:42,2025-12-19T05:02:42,59.28,1.0,SetByAsk
2025-12-19 05:02:42,2025-12-19T05:02:42,59.28,1.0,SetByAsk
2025-12-19 05:02:42,2025-12-19T05:02:42,59.28,1.0,SetByAsk
2025-12-19 05:02:42,2025-12-19T05:02:42,59.28,1.0,SetByAsk
2025-12-19 05:02:42,2025-12-19T05:02:42,59.28,1.0,SetByAsk
2025-12-19 05:02:42,2025-12-19T05:02:42,59.28,1.0,SetByAsk
2025-12-19 05:02:42,2025-12-19T05:02:42,59.28,3.0,SetByAsk
2025-12-19 05:02:42,2025-12-19T05:02:42,59.28,1.0,SetByAsk
2025-12-19 05:02:42,2025-12-19T05:02:42,59.28,2.0,SetByAsk
2025-12-19 05:02:42,2025-12-19T05:02:42,59.28,1.0,SetByAsk
2025-12-19 05:02:42,2025-12-19T05:02:42,59.28,1.0,SetByAsk
2025-12-19 05:02:42,2025-12-19T05:02:42,59.28,1.0,SetByAsk
2025-12-19 05:02:42,2025-12-19T05:02:42,59.28,1.0,SetByAsk
2025-12-19 05:02:42,2025-12-19T05:02:42,59.28,1.0,SetByAsk
2025-12-19 05:02:42,2025-12-19T05:02:42,59.28,1.0,SetByAsk
2025-12-19 05:02:42,2025-12-19T05:02:42,59.28,1.0,SetByAsk
2025-12-19 05:02:42,2025-12-19T05:02:42,59.28,2.0,SetByAsk
2025-12-19 05:02:42,2025-12-19T05:02:42,59.28,1.0,SetByAsk
2025-12-19 05:02:42,2025-12-19T05:02:42,59.28,1.0,SetByAsk
2025-12-19 05:02:42,2025-12-19T05:02:42,59.28,1.0,SetByAsk
2025-12-19 05:02:42,2025-12-19T05:02:42,59.28,1.0,SetByAsk
2025-12-19 05:02:42,2025-12-19T05:02:42,59.28,1.0,SetByAsk
2025-12-19 05:02:42,2025-12-19T05:02:42,59.28,1.0,SetByAsk
2025-12-19 05:02:42,2025-12-19T05:02:42,59.28,1.0,SetByAsk
2025-12-19 05:02:42,2025-12-19T05:02:42,59.28,1.0,SetByAsk
2025-12-19 05:02:42,2025-12-19T05:02:42,59.28,1.0,SetByAsk
2025-12-19 05:02:42,2025-12-19T05:02:42,59.28,1.0,SetByAsk
2025-12-19 05:02:42,2025-12-19T05:02:42,59.28,1.0,SetByAsk
2025-12-19 05:02:42,2025-12-19T05:02:42,59.28,1.0,SetByAsk
2025-12-19 05:02:42,2025-12-19T05:02:42,59.28,2.0,SetByAsk
2025-12-19 05:02:42,2025-12-19T05:02:42,59.28,2.0,SetByAsk
2025-12-19 05:02:42,2025-12-19T05:02:42,59.28,1.0,SetByAsk
2025-12-19 05:02:42,2025-12-19T05:02:42,59.28,1.0,SetByAsk
2025-12-19 05:02:42,2025-12-19T05:02:42,59.28,1.0,SetByAsk
2025-12-19 05:02:42,2025-12-19T05:02:42,59.28,1.0,SetByAsk
2025-12-19 05:02:42,2025-12-19T05:02:42,59.28,1.0,SetByAsk
2025-12-19 05:02:42,2025-12-19T05:02:42,59.28,2.0,"SetByAsk, Leg"
2025-12-19 05:02:42,2025-12-19T05:02:42,59.28,1.0,"SetByAsk, Leg"
2025-12-19 05:02:42,2025-12-19T05:02:42,59.27,1.0,"SetByAsk, Leg"
2025-12-19 05:02:42,2025-12-19T05:02:42,59.27,1.0,SetByAsk
2025-12-19 05:02:42,2025-12-19T05:02:42,59.27,1.0,SetByAsk
2025-12-19 05:02:42,2025-12-19T05:02:42,59.27,1.0,SetByAsk
2025-12-19 05:02:42,2025-12-19T05:02:42,59.27,1.0,SetByAsk
2025-12-19 05:02:42,2025-12-19T05:02:42,59.27,1.0,SetByAsk
2025-12-19 05:02:42,2025-12-19T05:02:42,59.27,1.0,SetByAsk
2025-12-19 05:02:42,2025-12-19T05:02:42,59.27,1.0,SetByAsk
2025-12-19 05:02:42,2025-12-19T05:02:42,59.27,1.0,SetByAsk
2025-12-19 05:02:42,2025-12-19T05:02:42,59.27,1.0,SetByAsk
2025-12-19 05:02:42,2025-12-19T05:02:42,59.27,1.0,SetByAsk
2025-12-19 05:02:42,2025-12-19T05:02:42,59.27,1.0,SetByAsk
2025-12-19 05:02:42,2025-12-19T05:02:42,59.27,1.0,SetByAsk
2025-12-19 05:02:42,2025-12-19T05:02:42,59.27,1.0,SetByAsk
2025-12-19 05:02:42,2025-12-19T05:02:42,59.27,1.0,SetByAsk
2025-12-19 05:02:42,2025-12-19T05:02:42,59.27,2.0,SetByAsk
2025-12-19 05:02:42,2025-12-19T05:02:42,59.27,1.0,SetByAsk
2025-12-19 05:02:42,2025-12-19T05:02:42,59.27,2.0,SetByAsk
2025-12-19 05:02:42,2025-12-19T05:02:42,59.27,3.0,SetByAsk
2025-12-19 05:02:42,2025-12-19T05:02:42,59.27,5.0,SetByAsk
2025-12-19 05:02:42,2025-12-19T05:02:42,59.27,3.0,SetByAsk
2025-12-19 05:02:42,2025-12-19T05:02:42,59.27,1.0,SetByAsk
2025-12-19 05:02:42,2025-12-19T05:02:42,59.27,1.0,SetByAsk
2025-12-19 05:02:42,2025-12-19T05:02:42,59.27,1.0,SetByAsk
2025-12-19 05:02:42,2025-12-19T05:02:42,59.26,1.0,SetByAsk
2025-12-19 05:02:42,2025-12-19T05:02:42,59.26,1.0,SetByAsk
2025-12-19 05:02:42,2025-12-19T05:02:42,59.26,1.0,SetByAsk
2025-12-19 05:02:42,2025-12-19T05:02:42,59.26,1.0,SetByAsk
2025-12-19 05:02:42,2025-12-19T05:02:42,59.26,1.0,SetByAsk
2025-12-19 05:02:42,2025-12-19T05:02:42,59.26,1.0,SetByAsk
2025-12-19 05:02:42,2025-12-19T05:02:42,59.26,1.0,SetByAsk
2025-12-19 05:02:42,2025-12-19T05:02:42,59.26,1.0,SetByAsk
2025-12-19 05:02:42,2025-12-19T05:02:42,59.26,1.0,SetByAsk
2025-12-19 05:02:42,2025-12-19T05:02:42,59.26,1.0,SetByAsk
2025-12-19 05:02:42,2025-12-19T05:02:42,59.26,1.0,SetByAsk
2025-12-19 05:02:42,2025-12-19T05:02:42,59.26,1.0,SetByAsk
2025-12-19 05:02:42,2025-12-19T05:02:42,59.26,1.0,SetByAsk
2025-12-19 05:02:42,2025-12-19T05:02:42,59.26,1.0,SetByAsk
2025-12-19 05:02:42,2025-12-19T05:02:42,59.26,1.0,SetByAsk
2025-12-19 05:02:42,2025-12-19T05:02:42,59.26,1.0,SetByAsk
2025-12-19 05:02:42,2025-12-19T05:02:42,59.26,2.0,SetByAsk
2025-12-19 05:02:42,2025-12-19T05:02:42,59.26,1.0,SetByAsk
2025-12-19 05:02:42,2025-12-19T05:02:42,59.26,3.0,SetByAsk
2025-12-19 05:02:42,2025-12-19T05:02:42,59.26,1.0,SetByAsk
2025-12-19 05:02:42,2025-12-19T05:02:42,59.26,1.0,SetByAsk
2025-12-19 05:02:42,2025-12-19T05:02:42,59.26,1.0,SetByAsk
2025-12-19 05:02:42,2025-12-19T05:02:42,59.26,1.0,SetByAsk
2025-12-19 05:02:42,2025-12-19T05:02:42,59.26,1.0,SetByAsk
2025-12-19 05:02:42,2025-12-19T05:02:42,59.26,1.0,SetByAsk
2025-12-19 05:02:42,2025-12-19T05:02:42,59.26,1.0,SetByAsk
2025-12-19 05:02:42,2025-12-19T05:02:42,59.26,1.0,SetByAsk
2025-12-19 05:02:42,2025-12-19T05:02:42,59.26,1.0,SetByAsk
2025-12-19 05:02:42,2025-12-19T05:02:42,59.26,1.0,SetByAsk
2025-12-19 05:02:42,2025-12-19T05:02:42,59.26,1.0,SetByAsk
2025-12-19 05:02:42,2025-12-19T05:02:42,59.26,2.0,SetByAsk
2025-12-19 05:02:42,2025-12-19T05:02:42,59.26,1.0,SetByAsk
2025-12-19 05:02:42,2025-12-19T05:02:42,59.26,1.0,SetByAsk
2025-12-19 05:02:42,2025-12-19T05:02:42,59.26,1.0,SetByAsk
2025-12-19 05:02:42,2025-12-19T05:02:42,59.26,1.0,SetByAsk
2025-12-19 05:02:42,2025-12-19T05:02:42,59.26,1.0,SetByAsk
2025-12-19 05:02:42,2025-12-19T05:02:42,59.26,1.0,SetByAsk
2025-12-19 05:02:42,2025-12-19T05:02:42,59.26,1.0,SetByAsk
2025-12-19 05:02:42,2025-12-19T05:02:42,59.26,1.0,SetByAsk
2025-12-19 05:02:42,2025-12-19T05:02:42,59.26,1.0,SetByAsk
2025-12-19 05:02:42,2025-12-19T05:02:42,59.26,1.0,SetByAsk
2025-12-19 05:02:42,2025-12-19T05:02:42,59.26,1.0,SetByAsk
2025-12-19 05:02:42,2025-12-19T05:02:42,59.26,1.0,SetByAsk
2025-12-19 05:02:42,2025-12-19T05:02:42,59.26,1.0,SetByAsk
2025-12-19 05:02:42,2025-12-19T05:02:42,59.26,1.0,SetByAsk
2025-12-19 05:02:42,2025-12-19T05:02:42,59.26,1.0,SetByAsk
2025-12-19 05:02:42,2025-12-19T05:02:42,59.25,1.0,SetByAsk
2025-12-19 05:02:42,2025-12-19T05:02:42,59.25,1.0,SetByAsk
2025-12-19 05:02:42,2025-12-19T05:02:42,59.25,1.0,SetByAsk
2025-12-19 05:02:42,2025-12-19T05:02:42,59.25,1.0,SetByAsk
2025-12-19 05:02:42,2025-12-19T05:02:42,59.25,1.0,SetByAsk
2025-12-19 05:02:42,2025-12-19T05:02:42,59.25,1.0,SetByAsk
2025-12-19 05:02:42,2025-12-19T05:02:42,59.25,1.0,SetByAsk
2025-12-19 05:02:42,2025-12-19T05:02:42,59.25,1.0,SetByAsk
2025-12-19 05:02:42,2025-12-19T05:02:42,59.25,1.0,SetByAsk
2025-12-19 05:02:42,2025-12-19T05:02:42,59.25,2.0,SetByAsk
2025-12-19 05:02:42,2025-12-19T05:02:42,59.25,1.0,SetByAsk
2025-12-19 05:02:42,2025-12-19T05:02:42,59.25,1.0,SetByAsk
2025-12-19 05:02:42,2025-12-19T05:02:42,59.25,1.0,SetByAsk
2025-12-19 05:02:42,2025-12-19T05:02:42,59.25,1.0,SetByAsk
2025-12-19 05:02:42,2025-12-19T05:02:42,59.25,1.0,SetByAsk
2025-12-19 05:02:42,2025-12-19T05:02:42,59.25,1.0,SetByAsk
2025-12-19 05:02:42,2025-12-19T05:02:42,59.25,1.0,SetByAsk
2025-12-19 05:02:42,2025-12-19T05:02:42,59.25,2.0,SetByAsk
2025-12-19 05:02:42,2025-12-19T05:02:42,59.25,1.0,SetByAsk
2025-12-19 05:02:42,2025-12-19T05:02:42,59.25,1.0,SetByAsk
2025-12-19 05:02:42,2025-12-19T05:02:42,59.25,5.0,SetByAsk
2025-12-19 05:02:42,2025-12-19T05:02:42,59.25,5.0,SetByAsk
2025-12-19 05:02:42,2025-12-19T05:02:42,59.25,2.0,SetByAsk
2025-12-19 05:02:42,2025-12-19T05:02:42,59.25,1.0,SetByAsk
2025-12-19 05:02:42,2025-12-19T05:02:42,59.25,1.0,SetByAsk
2025-12-19 05:02:42,2025-12-19T05:02:42,59.24,1.0,SetByAsk
2025-12-19 05:02:42,2025-12-19T05:02:42,59.24,1.0,SetByAsk
2025-12-19 05:02:42,2025-12-19T05:02:42,59.24,1.0,SetByAsk
2025-12-19 05:02:42,2025-12-19T05:02:42,59.24,4.0,SetByAsk
2025-12-19 05:02:42,2025-12-19T05:02:42,59.24,1.0,SetByAsk
2025-12-19 05:02:42,2025-12-19T05:02:42,59.24,5.0,SetByAsk
2025-12-19 05:02:42,2025-12-19T05:02:42,59.24,2.0,SetByAsk
2025-12-19 05:02:42,2025-12-19T05:02:42,59.24,1.0,SetByAsk
2025-12-19 05:02:42,2025-12-19T05:02:42,59.24,1.0,SetByAsk
2025-12-19 05:02:42,2025-12-19T05:02:42,59.24,1.0,SetByAsk
2025-12-19 05:02:42,2025-12-19T05:02:42,59.24,1.0,SetByAsk
2025-12-19 05:02:42,2025-12-19T05:02:42,59.24,1.0,SetByAsk
2025-12-19 05:02:42,2025-12-19T05:02:42,59.24,1.0,SetByAsk
2025-12-19 05:02:42,2025-12-19T05:02:42,59.24,1.0,SetByAsk
2025-12-19 05:02:42,2025-12-19T05:02:42,59.24,1.0,SetByAsk
2025-12-19 05:02:42,2025-12-19T05:02:42,59.24,1.0,SetByAsk
2025-12-19 05:02:42,2025-12-19T05:02:42,59.24,1.0,SetByAsk
2025-12-19 05:02:42,2025-12-19T05:02:42,59.24,1.0,SetByAsk
2025-12-19 05:02:42,2025-12-19T05:02:42,59.24,1.0,SetByAsk
2025-12-19 05:02:42,2025-12-19T05:02:42,59.24,3.0,SetByAsk
2025-12-19 05:02:42,2025-12-19T05:02:42,59.24,1.0,SetByAsk
2025-12-19 05:02:42,2025-12-19T05:02:42,59.24,1.0,SetByAsk
2025-12-19 05:02:42,2025-12-19T05:02:42,59.24,1.0,SetByAsk
2025-12-19 05:02:42,2025-12-19T05:02:42,59.24,1.0,SetByAsk
2025-12-19 05:02:42,2025-12-19T05:02:42,59.24,2.0,"SetByAsk, Leg"
2025-12-19 05:02:42,2025-12-19T05:02:42,59.24,2.0,"SetByAsk, Leg"
2025-12-19 05:02:42,2025-12-19T05:02:42,59.24,2.0,"SetByAsk, Leg"
2025-12-19 05:02:42,2025-12-19T05:02:42,59.23,1.0,SetByAsk
2025-12-19 05:02:42,2025-12-19T05:02:42,59.23,1.0,SetByAsk
2025-12-19 05:02:42,2025-12-19T05:02:42,59.23,1.0,SetByAsk
2025-12-19 05:02:42,2025-12-19T05:02:42,59.23,1.0,SetByAsk
2025-12-19 05:02:42,2025-12-19T05:02:42,59.23,1.0,SetByAsk
2025-12-19 05:02:42,2025-12-19T05:02:42,59.23,4.0,SetByAsk
2025-12-19 05:02:42,2025-12-19T05:02:42,59.23,2.0,SetByAsk
2025-12-19 05:02:42,2025-12-19T05:02:42,59.23,1.0,SetByAsk
2025-12-19 05:02:42,2025-12-19T05:02:42,59.23,1.0,SetByAsk
2025-12-19 05:02:42,2025-12-19T05:02:42,59.23,1.0,SetByAsk
2025-12-19 05:02:42,2025-12-19T05:02:42,59.23,1.0,SetByAsk
2025-12-19 05:02:42,2025-12-19T05:02:42,59.23,1.0,SetByAsk
2025-12-19 05:02:42,2025-12-19T05:02:42,59.23,1.0,SetByAsk
2025-12-19 05:02:42,2025-12-19T05:02:42,59.23,2.0,SetByAsk
2025-12-19 05:02:42,2025-12-19T05:02:42,59.23,2.0,SetByAsk
2025-12-19 05:02:42,2025-12-19T05:02:42,59.23,1.0,SetByAsk
2025-12-19 05:02:42,2025-12-19T05:02:42,59.23,1.0,SetByAsk
2025-12-19 05:02:42,2025-12-19T05:02:42,59.23,1.0,SetByAsk
2025-12-19 05:02:42,2025-12-19T05:02:42,59.23,1.0,SetByAsk
2025-12-19 05:02:42,2025-12-19T05:02:42,59.23,2.0,SetByAsk
2025-12-19 05:02:42,2025-12-19T05:02:42,59.23,2.0,SetByAsk
2025-12-19 05:02:42,2025-12-19T05:02:42,59.23,1.0,"SetByAsk, Leg"
2025-12-19 05:02:42,2025-12-19T05:02:42,59.22,1.0,"SetByAsk, Leg"
2025-12-19 05:02:42,2025-12-19T05:02:42,59.22,1.0,SetByAsk
2025-12-19 05:02:42,2025-12-19T05:02:42,59.22,1.0,SetByAsk
2025-12-19 05:02:42,2025-12-19T05:02:42,59.22,1.0,SetByAsk
2025-12-19 05:02:42,2025-12-19T05:02:42,59.22,5.0,SetByAsk
2025-12-19 05:02:42,2025-12-19T05:02:42,59.22,1.0,SetByAsk
2025-12-19 05:02:42,2025-12-19T05:02:42,59.22,1.0,SetByAsk
2025-12-19 05:02:42,2025-12-19T05:02:42,59.22,5.0,SetByAsk
2025-12-19 05:02:42,2025-12-19T05:02:42,59.22,1.0,SetByAsk
2025-12-19 05:02:42,2025-12-19T05:02:42,59.22,1.0,SetByAsk
2025-12-19 05:02:42,2025-12-19T05:02:42,59.22,1.0,SetByAsk
2025-12-19 05:02:42,2025-12-19T05:02:42,59.22,1.0,SetByAsk
2025-12-19 05:02:42,2025-12-19T05:02:42,59.22,2.0,SetByAsk
2025-12-19 05:02:42,2025-12-19T05:02:42,59.22,2.0,SetByAsk
2025-12-19 05:02:42,2025-12-19T05:02:42,59.22,1.0,SetByAsk
2025-12-19 05:02:42,2025-12-19T05:02:42,59.22,1.0,SetByAsk
2025-12-19 05:02:42,2025-12-19T05:02:42,59.22,1.0,SetByAsk
2025-12-19 05:02:42,2025-12-19T05:02:42,59.22,1.0,SetByAsk
2025-12-19 05:02:42,2025-12-19T05:02:42,59.22,2.0,SetByAsk
2025-12-19 05:02:42,2025-12-19T05:02:42,59.22,3.0,SetByAsk
2025-12-19 05:02:42,2025-12-19T05:02:42,59.22,1.0,SetByAsk
2025-12-19 05:02:42,2025-12-19T05:02:42,59.22,1.0,SetByAsk
2025-12-19 05:02:42,2025-12-19T05:02:42,59.22,1.0,SetByAsk
2025-12-19 05:02:42,2025-12-19T05:02:42,59.21,1.0,SetByAsk
2025-12-19 05:02:42,2025-12-19T05:02:42,59.21,1.0,SetByAsk
2025-12-19 05:02:42,2025-12-19T05:02:42,59.21,1.0,SetByAsk
2025-12-19 05:02:42,2025-12-19T05:02:42,59.21,1.0,SetByAsk
2025-12-19 05:02:42,2025-12-19T05:02:42,59.21,1.0,SetByAsk
2025-12-19 05:02:42,2025-12-19T05:02:42,59.21,1.0,SetByAsk
2025-12-19 05:02:42,2025-12-19T05:02:42,59.21,1.0,SetByAsk
2025-12-19 05:02:42,2025-12-19T05:02:42,59.21,1.0,SetByAsk
2025-12-19 05:02:42,2025-12-19T05:02:42,59.21,1.0,SetByAsk
2025-12-19 05:02:42,2025-12-19T05:02:42,59.21,1.0,SetByAsk
2025-12-19 05:02:42,2025-12-19T05:02:42,59.21,1.0,SetByAsk
2025-12-19 05:02:42,2025-12-19T05:02:42,59.21,1.0,SetByAsk
2025-12-19 05:02:42,2025-12-19T05:02:42,59.21,1.0,SetByAsk
2025-12-19 05:02:42,2025-12-19T05:02:42,59.21,2.0,SetByAsk
2025-12-19 05:02:42,2025-12-19T05:02:42,59.21,1.0,SetByAsk
2025-12-19 05:02:42,2025-12-19T05:02:42,59.21,1.0,SetByAsk
2025-12-19 05:02:42,2025-12-19T05:02:42,59.21,1.0,SetByAsk
2025-12-19 05:02:42,2025-12-19T05:02:42,59.21,1.0,SetByAsk
2025-12-19 05:02:42,2025-12-19T05:02:42,59.21,1.0,SetByAsk
2025-12-19 05:02:42,2025-12-19T05:02:42,59.21,2.0,SetByAsk
2025-12-19 05:02:42,2025-12-19T05:02:42,59.21,2.0,SetByAsk
2025-12-19 05:02:42,2025-12-19T05:02:42,59.21,2.0,SetByAsk
2025-12-19 05:02:42,2025-12-19T05:02:42,59.21,1.0,"SetByAsk, Leg"
2025-12-19 05:02:42,2025-12-19T05:02:42,59.2,1.0,"SetByAsk, Leg"
2025-12-19 05:02:42,2025-12-19T05:02:42,59.2,10.0,SetByAsk
2025-12-19 05:02:42,2025-12-19T05:02:42,59.2,1.0,SetByAsk
2025-12-19 05:02:42,2025-12-19T05:02:42,59.2,5.0,SetByAsk
2025-12-19 05:02:42,2025-12-19T05:02:42,59.2,1.0,SetByAsk
2025-12-19 05:02:42,2025-12-19T05:02:42,59.2,2.0,SetByAsk
2025-12-19 05:02:42,2025-12-19T05:02:42,59.2,1.0,SetByAsk
2025-12-19 05:02:42,2025-12-19T05:02:42,59.2,1.0,SetByAsk
2025-12-19 05:02:42,2025-12-19T05:02:42,59.2,1.0,SetByAsk
2025-12-19 05:02:42,2025-12-19T05:02:42,59.2,1.0,SetByAsk
2025-12-19 05:02:42,2025-12-19T05:02:42,59.2,2.0,SetByAsk
2025-12-19 05:02:42,2025-12-19T05:02:42,59.2,1.0,SetByAsk
2025-12-19 05:02:42,2025-12-19T05:02:42,59.2,1.0,SetByAsk
2025-12-19 05:02:42,2025-12-19T05:02:42,59.2,2.0,SetByAsk
2025-12-19 05:02:42,2025-12-19T05:02:42,59.2,1.0,SetByAsk
2025-12-19 05:02:42,2025-12-19T05:02:42,59.2,1.0,SetByAsk
2025-12-19 05:02:42,2025-12-19T05:02:42,59.2,20.0,SetByAsk
2025-12-19 05:02:42,2025-12-19T05:02:42,59.2,1.0,SetByAsk
2025-12-19 05:02:42,2025-12-19T05:02:42,59.2,1.0,SetByAsk
2025-12-19 05:02:42,2025-12-19T05:02:42,59.19,1.0,SetByAsk
2025-12-19 05:02:42,2025-12-19T05:02:42,59.19,1.0,SetByAsk
2025-12-19 05:02:42,2025-12-19T05:02:42,59.19,1.0,SetByAsk
2025-12-19 05:02:42,2025-12-19T05:02:42,59.19,1.0,SetByAsk
2025-12-19 05:02:42,2025-12-19T05:02:42,59.19,1.0,SetByAsk
2025-12-19 05:02:42,2025-12-19T05:02:42,59.19,5.0,SetByAsk
2025-12-19 05:02:42,2025-12-19T05:02:42,59.19,1.0,SetByAsk
2025-12-19 05:02:42,2025-12-19T05:02:42,59.19,1.0,SetByAsk
2025-12-19 05:02:42,2025-12-19T05:02:42,59.19,1.0,SetByAsk
2025-12-19 05:02:42,2025-12-19T05:02:42,59.19,1.0,SetByAsk
2025-12-19 05:02:42,2025-12-19T05:02:42,59.19,1.0,SetByAsk
2025-12-19 05:02:42,2025-12-19T05:02:42,59.19,1.0,SetByAsk
2025-12-19 05:02:42,2025-12-19T05:02:42,59.19,2.0,SetByAsk
2025-12-19 05:02:42,2025-12-19T05:02:42,59.19,2.0,SetByAsk
2025-12-19 05:02:42,2025-12-19T05:02:42,59.19,2.0,SetByAsk
2025-12-19 05:02:42,2025-12-19T05:02:42,59.19,1.0,SetByAsk
2025-12-19 05:02:42,2025-12-19T05:02:42,59.19,1.0,SetByAsk
2025-12-19 05:02:42,2025-12-19T05:02:42,59.19,2.0,SetByAsk
2025-12-19 05:02:42,2025-12-19T05:02:42,59.19,1.0,SetByAsk
2025-12-19 05:02:42,2025-12-19T05:02:42,59.19,1.0,SetByAsk
2025-12-19 05:02:42,2025-12-19T05:02:42,59.19,2.0,SetByAsk
2025-12-19 05:02:42,2025-12-19T05:02:42,59.18,1.0,SetByAsk
2025-12-19 05:02:42,2025-12-19T05:02:42,59.18,1.0,SetByAsk
2025-12-19 05:02:42,2025-12-19T05:02:42,59.18,5.0,SetByAsk
2025-12-19 05:02:42,2025-12-19T05:02:42,59.18,1.0,SetByAsk
2025-12-19 05:02:42,2025-12-19T05:02:42,59.18,1.0,SetByAsk
2025-12-19 05:02:42,2025-12-19T05:02:42,59.18,1.0,SetByAsk
2025-12-19 05:02:42,2025-12-19T05:02:42,59.18,2.0,SetByAsk
2025-12-19 05:02:42,2025-12-19T05:02:42,59.18,1.0,SetByAsk
2025-12-19 05:02:42,2025-12-19T05:02:42,59.18,1.0,SetByAsk
2025-12-19 05:02:42,2025-12-19T05:02:42,59.18,2.0,SetByAsk
2025-12-19 05:02:42,2025-12-19T05:02:42,59.18,2.0,SetByAsk
2025-12-19 05:02:42,2025-12-19T05:02:42,59.18,2.0,SetByAsk
2025-12-19 05:02:42,2025-12-19T05:02:42,59.18,3.0,SetByAsk
2025-12-19 05:02:42,2025-12-19T05:02:42,59.18,1.0,SetByAsk
2025-12-19 05:02:42,2025-12-19T05:02:42,59.18,1.0,SetByAsk
2025-12-19 05:02:42,2025-12-19T05:02:42,59.18,1.0,SetByAsk
2025-12-19 05:02:42,2025-12-19T05:02:42,59.18,1.0,SetByAsk
2025-12-19 05:02:42,2025-12-19T05:02:42,59.17,2.0,SetByAsk
2025-12-19 05:02:42,2025-12-19T05:02:42,59.17,1.0,SetByAsk
2025-12-19 05:02:42,2025-12-19T05:02:42,59.17,1.0,SetByAsk
2025-12-19 05:02:42,2025-12-19T05:02:42,59.17,1.0,SetByAsk
2025-12-19 05:02:42,2025-12-19T05:02:42,59.17,1.0,SetByAsk
2025-12-19 05:02:42,2025-12-19T05:02:42,59.17,1.0,SetByAsk
2025-12-19 05:02:42,2025-12-19T05:02:42,59.17,1.0,SetByAsk
2025-12-19 05:02:42,2025-12-19T05:02:42,59.17,1.0,SetByAsk
2025-12-19 05:02:42,2025-12-19T05:02:42,59.17,3.0,SetByAsk
2025-12-19 05:02:42,2025-12-19T05:02:42,59.17,1.0,SetByAsk
2025-12-19 05:02:42,2025-12-19T05:02:42,59.17,2.0,SetByAsk
2025-12-19 05:02:42,2025-12-19T05:02:42,59.17,1.0,SetByAsk
2025-12-19 05:02:42,2025-12-19T05:02:42,59.17,2.0,SetByAsk
2025-12-19 05:02:42,2025-12-19T05:02:42,59.17,1.0,SetByAsk
2025-12-19 05:02:42,2025-12-19T05:02:42,59.17,8.0,SetByAsk
2025-12-19 05:02:42,2025-12-19T05:02:42,59.17,1.0,SetByAsk
2025-12-19 05:02:42,2025-12-19T05:02:42,59.17,1.0,SetByAsk
2025-12-19 05:02:42,2025-12-19T05:02:42,59.16,1.0,SetByAsk
2025-12-19 05:02:42,2025-12-19T05:02:42,59.16,1.0,SetByAsk
2025-12-19 05:02:42,2025-12-19T05:02:42,59.16,1.0,SetByAsk
2025-12-19 05:02:42,2025-12-19T05:02:42,59.16,3.0,SetByAsk
2025-12-19 05:02:42,2025-12-19T05:02:42,59.16,2.0,SetByAsk
2025-12-19 05:02:42,2025-12-19T05:02:42,59.16,1.0,SetByAsk
2025-12-19 05:02:42,2025-12-19T05:02:42,59.16,1.0,SetByAsk
2025-12-19 05:02:42,2025-12-19T05:02:42,59.16,1.0,SetByAsk
2025-12-19 05:02:42,2025-12-19T05:02:42,59.16,3.0,SetByAsk
2025-12-19 05:02:42,2025-12-19T05:02:42,59.16,1.0,SetByAsk
2025-12-19 05:02:42,2025-12-19T05:02:42,59.16,1.0,SetByAsk
2025-12-19 05:02:42,2025-12-19T05:02:42,59.16,1.0,SetByAsk
2025-12-19 05:02:42,2025-12-19T05:02:42,59.16,1.0,SetByAsk
2025-12-19 05:02:42,2025-12-19T05:02:42,59.15,1.0,SetByAsk
2025-12-19 05:02:42,2025-12-19T05:02:42,59.15,1.0,SetByAsk
2025-12-19 05:02:42,2025-12-19T05:02:42,59.15,1.0,SetByAsk
2025-12-19 05:02:42,2025-12-19T05:02:42,59.15,1.0,SetByAsk
2025-12-19 05:02:42,2025-12-19T05:02:42,59.15,1.0,SetByAsk
2025-12-19 05:02:42,2025-12-19T05:02:42,59.15,1.0,SetByAsk
2025-12-19 05:02:42,2025-12-19T05:02:42,59.15,1.0,SetByAsk
2025-12-19 05:02:42,2025-12-19T05:02:42,59.15,1.0,SetByAsk
2025-12-19 05:02:42,2025-12-19T05:02:42,59.15,1.0,SetByAsk
2025-12-19 05:02:42,2025-12-19T05:02:42,59.15,1.0,SetByAsk
2025-12-19 05:02:42,2025-12-19T05:02:42,59.15,1.0,SetByAsk
2025-12-19 05:02:42,2025-12-19T05:02:42,59.15,1.0,SetByAsk
2025-12-19 05:02:42,2025-12-19T05:02:42,59.15,1.0,SetByAsk
2025-12-19 05:02:42,2025-12-19T05:02:42,59.15,1.0,SetByAsk
2025-12-19 05:02:42,2025-12-19T05:02:42,59.15,1.0,SetByAsk
2025-12-19 05:02:42,2025-12-19T05:02:42,59.15,3.0,SetByAsk
2025-12-19 05:02:42,2025-12-19T05:02:42,59.15,2.0,SetByAsk
2025-12-19 05:02:42,2025-12-19T05:02:42,59.15,2.0,SetByAsk
2025-12-19 05:02:42,2025-12-19T05:02:42,59.15,1.0,SetByAsk
2025-12-19 05:02:42,2025-12-19T05:02:42,59.15,1.0,SetByAsk
2025-12-19 05:02:42,2025-12-19T05:02:42,59.15,1.0,SetByAsk
2025-12-19 05:02:42,2025-12-19T05:02:42,59.15,1.0,SetByAsk
2025-12-19 05:02:42,2025-12-19T05:02:42,59.15,1.0,SetByAsk
2025-12-19 05:02:42,2025-12-19T05:02:42,59.15,1.0,SetByAsk
2025-12-19 05:02:42,2025-12-19T05:02:42,59.15,1.0,SetByAsk
2025-12-19 05:02:42,2025-12-19T05:02:42,59.15,5.0,SetByAsk
2025-12-19 05:02:42,2025-12-19T05:02:42,59.15,4.0,SetByAsk
2025-12-19 05:02:42,2025-12-19T05:02:42,59.15,1.0,SetByAsk
2025-12-19 05:02:42,2025-12-19T05:02:42,59.15,2.0,SetByAsk
2025-12-19 05:02:42,2025-12-19T05:02:42,59.15,3.0,SetByAsk
2025-12-19 05:02:42,2025-12-19T05:02:42,59.15,1.0,SetByAsk
2025-12-19 05:02:42,2025-12-19T05:02:42,59.15,1.0,SetByAsk
2025-12-19 05:02:42,2025-12-19T05:02:42,59.15,1.0,SetByAsk
2025-12-19 05:02:42,2025-12-19T05:02:42,59.15,1.0,SetByAsk
2025-12-19 05:02:42,2025-12-19T05:02:42,59.15,1.0,SetByAsk
2025-12-19 05:02:42,2025-12-19T05:02:42,59.15,1.0,SetByAsk
2025-12-19 05:02:42,2025-12-19T05:02:42,59.15,1.0,"SetByAsk, Leg"
2025-12-19 05:02:42,2025-12-19T05:02:42,59.14,1.0,"SetByAsk, Leg"
2025-12-19 05:02:42,2025-12-19T05:02:42,59.14,60.0,SetByAsk
2025-12-19 05:02:42,2025-12-19T05:02:42,59.27,1.0,SetByBid
2025-12-19 05:02:42,2025-12-19T05:02:42,59.27,1.0,SetByBid
2025-12-19 05:02:42,2025-12-19T05:02:42,59.27,1.0,SetByBid
2025-12-19 05:02:42,2025-12-19T05:02:42,59.27,1.0,SetByBid
2025-12-19 05:02:42,2025-12-19T05:02:42,59.27,1.0,SetByBid
2025-12-19 05:02:42,2025-12-19T05:02:42,59.27,1.0,SetByBid
2025-12-19 05:02:42,2025-12-19T05:02:42,59.27,1.0,SetByBid
2025-12-19 05:02:42,2025-12-19T05:02:42,59.27,1.0,SetByBid
2025-12-19 05:02:42,2025-12-19T05:02:42,59.28,1.0,SetByBid
2025-12-19 05:02:42,2025-12-19T05:02:42,59.28,1.0,SetByAsk
2025-12-19 05:02:43,2025-12-19T05:02:43,59.28,1.0,SetByAsk
2025-12-19 05:02:43,2025-12-19T05:02:43,59.28,1.0,SetByAsk
2025-12-19 05:02:53,2025-12-19T05:02:53,59.27,1.0,SetByBid
2025-12-19 05:03:32,2025-12-19T05:03:32,59.26,1.0,SetByBid
2025-12-19 05:03:53,2025-12-19T05:03:53,59.28,1.0,SetByBid
2025-12-19 05:03:53,2025-12-19T05:03:53,59.28,1.0,SetByBid
2025-12-19 05:04:48,2025-12-19T05:04:48,59.27,1.0,SetByAsk
2025-12-19 05:05:01,2025-12-19T05:05:01,59.27,1.0,SetByBid
2025-12-19 05:05:01,2025-12-19T05:05:01,59.27,1.0,SetByBid
2025-12-19 05:05:01,2025-12-19T05:05:01,59.27,1.0,SetByBid
2025-12-19 05:05:02,2025-12-19T05:05:02,59.28,1.0,SetByBid
2025-12-19 05:05:02,2025-12-19T05:05:02,59.28,1.0,SetByBid
2025-12-19 05:05:03,2025-12-19T05:05:03,59.28,1.0,SetByBid
2025-12-19 05:05:03,2025-12-19T05:05:03,59.28,1.0,SetByBid
2025-12-19 05:05:21,2025-12-19T05:05:21,59.28,1.0,SetByBid
2025-12-19 05:05:21,2025-12-19T05:05:21,59.28,1.0,SetByBid
2025-12-19 05:05:21,2025-12-19T05:05:21,59.28,1.0,SetByBid
2025-12-19 05:05:21,2025-12-19T05:05:21,59.28,1.0,SetByBid
2025-12-19 05:05:22,2025-12-19T05:05:22,59.28,1.0,SetByBid
2025-12-19 05:05:22,2025-12-19T05:05:22,59.28,1.0,SetByBid
2025-12-19 05:06:36,2025-12-19T05:06:36,59.3,1.0,SetByBid
2025-12-19 05:06:36,2025-12-19T05:06:36,59.3,1.0,SetByBid
2025-12-19 05:06:36,2025-12-19T05:06:36,59.3,1.0,SetByBid
2025-12-19 05:06:36,2025-12-19T05:06:36,59.3,1.0,SetByBid
2025-12-19 05:06:37,2025-12-19T05:06:37,59.3,1.0,SetByBid
2025-12-19 05:06:37,2025-12-19T05:06:37,59.3,1.0,SetByBid
2025-12-19 05:06:37,2025-12-19T05:06:37,59.3,1.0,SetByBid
2025-12-19 05:06:38,2025-12-19T05:06:38,59.3,1.0,SetByBid
2025-12-19 05:06:38,2025-12-19T05:06:38,59.3,1.0,SetByBid
2025-12-19 05:06:38,2025-12-19T05:06:38,59.3,1.0,SetByBid
2025-12-19 05:06:39,2025-12-19T05:06:39,59.3,1.0,SetByBid
2025-12-19 05:06:39,2025-12-19T05:06:39,59.3,1.0,SetByBid
2025-12-19 05:06:50,2025-12-19T05:06:50,59.3,1.0,SetByBid
2025-12-19 05:06:50,2025-12-19T05:06:50,59.3,1.0,SetByBid
2025-12-19 05:06:50,2025-12-19T05:06:50,59.3,1.0,SetByBid
2025-12-19 05:06:50,2025-12-19T05:06:50,59.3,1.0,SetByBid
2025-12-19 05:06:50,2025-12-19T05:06:50,59.3,1.0,SetByBid
2025-12-19 05:06:50,2025-12-19T05:06:50,59.3,2.0,SetByBid
2025-12-19 05:06:50,2025-12-19T05:06:50,59.3,1.0,SetByBid
2025-12-19 05:06:50,2025-12-19T05:06:50,59.3,1.0,SetByBid
2025-12-19 05:06:50,2025-12-19T05:06:50,59.3,1.0,SetByBid
2025-12-19 05:06:50,2025-12-19T05:06:50,59.3,2.0,SetByBid
2025-12-19 05:06:50,2025-12-19T05:06:50,59.3,1.0,SetByBid
2025-12-19 05:06:50,2025-12-19T05:06:50,59.3,1.0,SetByBid
2025-12-19 05:06:50,2025-12-19T05:06:50,59.3,1.0,SetByBid
2025-12-19 05:06:50,2025-12-19T05:06:50,59.3,1.0,SetByBid
2025-12-19 05:06:50,2025-12-19T05:06:50,59.3,1.0,SetByBid
2025-12-19 05:06:50,2025-12-19T05:06:50,59.3,1.0,SetByBid
2025-12-19 05:06:50,2025-12-19T05:06:50,59.3,1.0,SetByBid
2025-12-19 05:06:50,2025-12-19T05:06:50,59.3,1.0,SetByBid
2025-12-19 05:06:50,2025-12-19T05:06:50,59.3,3.0,SetByAsk
2025-12-19 05:06:50,2025-12-19T05:06:50,59.3,1.0,SetByAsk
2025-12-19 05:06:51,2025-12-19T05:06:51,59.3,1.0,"SetByBid, Leg"
2025-12-19 05:06:51,2025-12-19T05:06:51,59.31,1.0,"SetByBid, Leg"
2025-12-19 05:06:51,2025-12-19T05:06:51,59.31,1.0,SetByBid
2025-12-19 05:06:51,2025-12-19T05:06:51,59.31,1.0,SetByBid
2025-12-19 05:06:51,2025-12-19T05:06:51,59.31,1.0,SetByBid
2025-12-19 05:06:51,2025-12-19T05:06:51,59.31,1.0,SetByBid
2025-12-19 05:06:51,2025-12-19T05:06:51,59.31,1.0,SetByBid
2025-12-19 05:06:51,2025-12-19T05:06:51,59.31,1.0,SetByBid
2025-12-19 05:06:51,2025-12-19T05:06:51,59.31,1.0,SetByBid
2025-12-19 05:06:51,2025-12-19T05:06:51,59.31,1.0,SetByBid
2025-12-19 05:06:51,2025-12-19T05:06:51,59.31,1.0,SetByBid
2025-12-19 05:06:51,2025-12-19T05:06:51,59.31,1.0,SetByBid
2025-12-19 05:06:51,2025-12-19T05:06:51,59.31,1.0,SetByBid
2025-12-19 05:07:24,2025-12-19T05:07:24,59.3,1.0,SetByBid
2025-12-19 05:10:01,2025-12-19T05:10:01,59.3,1.0,SetByBid
2025-12-19 05:10:01,2025-12-19T05:10:01,59.3,1.0,SetByBid
2025-12-19 05:10:01,2025-12-19T05:10:01,59.29,1.0,SetByAsk
2025-12-19 05:13:20,2025-12-19T05:13:20,59.27,1.0,SetByBid
2025-12-19 05:13:20,2025-12-19T05:13:20,59.28,1.0,SetByBid
2025-12-19 05:13:24,2025-12-19T05:13:24,59.28,1.0,SetByBid
2025-12-19 05:14:46,2025-12-19T05:14:46,59.27,1.0,SetByBid
2025-12-19 05:14:46,2025-12-19T05:14:46,59.28,1.0,SetByBid
2025-12-19 05:15:00,2025-12-19T05:15:00,59.29,1.0,SetByBid
2025-12-19 05:15:01,2025-12-19T05:15:01,59.29,1.0,SetByBid
2025-12-19 05:15:01,2025-12-19T05:15:01,59.29,1.0,SetByBid
2025-12-19 05:15:02,2025-12-19T05:15:02,59.29,1.0,SetByBid
2025-12-19 05:15:02,2025-12-19T05:15:02,59.29,1.0,SetByBid
2025-12-19 05:15:02,2025-12-19T05:15:02,59.29,1.0,SetByBid
2025-12-19 05:15:02,2025-12-19T05:15:02,59.29,1.0,SetByBid
2025-12-19 05:15:02,2025-12-19T05:15:02,59.29,1.0,SetByBid
2025-12-19 05:15:11,2025-12-19T05:15:11,59.28,1.0,SetByAsk
2025-12-19 05:15:11,2025-12-19T05:15:11,59.28,1.0,SetByAsk
2025-12-19 05:15:11,2025-12-19T05:15:11,59.29,1.0,SetByBid
2025-12-19 05:15:11,2025-12-19T05:15:11,59.29,1.0,SetByAsk
2025-12-19 05:15:11,2025-12-19T05:15:11,59.29,1.0,SetByBid
2025-12-19 05:15:11,2025-12-19T05:15:11,59.29,1.0,SetByBid
2025-12-19 05:15:11,2025-12-19T05:15:11,59.3,1.0,SetByBid
2025-12-19 05:15:11,2025-12-19T05:15:11,59.3,1.0,SetByBid
2025-12-19 05:15:12,2025-12-19T05:15:12,59.29,1.0,SetByAsk
2025-12-19 05:16:31,2025-12-19T05:16:31,59.27,1.0,SetByAsk
2025-12-19 05:16:55,2025-12-19T05:16:55,59.28,2.0,SetByAsk
2025-12-19 05:16:55,2025-12-19T05:16:55,59.28,1.0,SetByAsk
2025-12-19 05:16:55,2025-12-19T05:16:55,59.28,1.0,SetByAsk
2025-12-19 05:16:55,2025-12-19T05:16:55,59.28,3.0,SetByAsk
2025-12-19 05:16:55,2025-12-19T05:16:55,59.28,2.0,SetByAsk
2025-12-19 05:16:55,2025-12-19T05:16:55,59.28,1.0,SetByBid
2025-12-19 05:16:55,2025-12-19T05:16:55,59.28,1.0,SetByAsk
2025-12-19 05:16:55,2025-12-19T05:16:55,59.28,2.0,SetByAsk
2025-12-19 05:16:55,2025-12-19T05:16:55,59.28,3.0,SetByAsk
2025-12-19 05:16:55,2025-12-19T05:16:55,59.28,1.0,SetByBid
2025-12-19 05:16:55,2025-12-19T05:16:55,59.28,1.0,SetByAsk
2025-12-19 05:16:55,2025-12-19T05:16:55,59.28,1.0,SetByAsk
2025-12-19 05:16:55,2025-12-19T05:16:55,59.28,1.0,SetByBid
2025-12-19 05:16:55,2025-12-19T05:16:55,59.28,1.0,SetByAsk
2025-12-19 05:16:55,2025-12-19T05:16:55,59.28,2.0,SetByAsk
2025-12-19 05:16:55,2025-12-19T05:16:55,59.28,1.0,SetByBid
2025-12-19 05:16:55,2025-12-19T05:16:55,59.28,1.0,SetByBid
2025-12-19 05:16:55,2025-12-19T05:16:55,59.28,1.0,SetByBid
2025-12-19 05:16:55,2025-12-19T05:16:55,59.28,1.0,SetByBid
2025-12-19 05:16:55,2025-12-19T05:16:55,59.28,1.0,SetByBid
2025-12-19 05:16:55,2025-12-19T05:16:55,59.28,1.0,SetByBid
2025-12-19 05:16:55,2025-12-19T05:16:55,59.28,2.0,SetByBid
2025-12-19 05:16:55,2025-12-19T05:16:55,59.28,1.0,SetByBid
2025-12-19 05:16:55,2025-12-19T05:16:55,59.27,100.0,SetByAsk
2025-12-19 05:17:01,2025-12-19T05:17:01,59.28,1.0,SetByBid
2025-12-19 05:18:11,2025-12-19T05:18:11,59.28,1.0,SetByAsk
2025-12-19 05:18:11,2025-12-19T05:18:11,59.28,2.0,SetByAsk
2025-12-19 05:18:11,2025-12-19T05:18:11,59.28,1.0,SetByAsk
2025-12-19 05:18:11,2025-12-19T05:18:11,59.28,2.0,SetByAsk
2025-12-19 05:18:11,2025-12-19T05:18:11,59.28,1.0,SetByAsk
2025-12-19 05:18:15,2025-12-19T05:18:15,59.28,1.0,SetByAsk
2025-12-19 05:18:15,2025-12-19T05:18:15,59.28,2.0,SetByAsk
2025-12-19 05:18:15,2025-12-19T05:18:15,59.28,1.0,SetByAsk
2025-12-19 05:18:18,2025-12-19T05:18:18,59.29,1.0,SetByBid
2025-12-19 05:18:18,2025-12-19T05:18:18,59.29,1.0,SetByBid
2025-12-19 05:18:18,2025-12-19T05:18:18,59.29,1.0,SetByBid
2025-12-19 05:18:18,2025-12-19T05:18:18,59.29,1.0,SetByBid
2025-12-19 05:18:18,2025-12-19T05:18:18,59.29,3.0,SetByBid
2025-12-19 05:18:18,2025-12-19T05:18:18,59.29,1.0,SetByBid
2025-12-19 05:18:22,2025-12-19T05:18:22,59.28,1.0,SetByAsk
2025-12-19 05:18:22,2025-12-19T05:18:22,59.28,2.0,SetByAsk
2025-12-19 05:18:27,2025-12-19T05:18:27,59.28,1.0,SetByAsk
2025-12-19 05:18:27,2025-12-19T05:18:27,59.28,1.0,SetByAsk
2025-12-19 05:18:27,2025-12-19T05:18:27,59.28,2.0,SetByAsk
2025-12-19 05:18:27,2025-12-19T05:18:27,59.28,1.0,SetByAsk
2025-12-19 05:18:27,2025-12-19T05:18:27,59.28,3.0,SetByAsk
2025-12-19 05:18:28,2025-12-19T05:18:28,59.28,2.0,SetByAsk
2025-12-19 05:18:28,2025-12-19T05:18:28,59.28,1.0,SetByAsk
2025-12-19 05:18:29,2025-12-19T05:18:29,59.28,1.0,SetByAsk
2025-12-19 05:18:29,2025-12-19T05:18:29,59.28,1.0,SetByAsk
2025-12-19 05:18:31,2025-12-19T05:18:31,59.28,1.0,SetByAsk
2025-12-19 05:18:31,2025-12-19T05:18:31,59.28,1.0,SetByAsk
2025-12-19 05:18:31,2025-12-19T05:18:31,59.28,1.0,SetByAsk
2025-12-19 05:18:31,2025-12-19T05:18:31,59.27,1.0,SetByAsk
2025-12-19 05:18:31,2025-12-19T05:18:31,59.27,100.0,SetByAsk
2025-12-19 05:18:31,2025-12-19T05:18:31,59.27,1.0,SetByAsk
2025-12-19 05:18:31,2025-12-19T05:18:31,59.27,1.0,SetByAsk
2025-12-19 05:19:57,2025-12-19T05:19:57,59.27,6.0,SetByAsk
2025-12-19 05:24:22,2025-12-19T05:24:22,59.25,1.0,SetByBid
2025-12-19 05:24:46,2025-12-19T05:24:46,59.24,1.0,SetByBid
2025-12-19 05:25:06,2025-12-19T05:25:06,59.25,1.0,SetByBid
2025-12-19 05:25:06,2025-12-19T05:25:06,59.25,1.0,SetByBid
2025-12-19 05:25:32,2025-12-19T05:25:32,59.25,1.0,SetByBid
2025-12-19 05:25:51,2025-12-19T05:25:51,59.25,1.0,SetByAsk
2025-12-19 05:25:51,2025-12-19T05:25:51,59.24,1.0,SetByAsk
2025-12-19 05:25:51,2025-12-19T05:25:51,59.24,1.0,SetByAsk
2025-12-19 05:25:51,2025-12-19T05:25:51,59.24,1.0,SetByAsk
2025-12-19 05:25:51,2025-12-19T05:25:51,59.24,1.0,SetByAsk
2025-12-19 05:25:51,2025-12-19T05:25:51,59.24,1.0,SetByAsk
2025-12-19 05:25:52,2025-12-19T05:25:52,59.24,1.0,SetByAsk
2025-12-19 05:26:01,2025-12-19T05:26:01,59.24,1.0,SetByAsk
2025-12-19 05:26:02,2025-12-19T05:26:02,59.24,1.0,SetByAsk
2025-12-19 05:26:03,2025-12-19T05:26:03,59.23,1.0,SetByAsk
2025-12-19 05:26:05,2025-12-19T05:26:05,59.23,1.0,SetByBid
2025-12-19 05:26:07,2025-12-19T05:26:07,59.23,1.0,SetByBid
2025-12-19 05:26:12,2025-12-19T05:26:12,59.23,1.0,SetByBid
2025-12-19 05:26:33,2025-12-19T05:26:33,59.25,1.0,SetByAsk
2025-12-19 05:26:44,2025-12-19T05:26:44,59.25,1.0,SetByAsk
2025-12-19 05:26:58,2025-12-19T05:26:58,59.26,1.0,SetByBid
2025-12-19 05:26:58,2025-12-19T05:26:58,59.26,1.0,SetByBid
2025-12-19 05:28:10,2025-12-19T05:28:10,59.25,1.0,SetByAsk
2025-12-19 05:28:10,2025-12-19T05:28:10,59.25,1.0,SetByAsk
2025-12-19 05:28:22,2025-12-19T05:28:22,59.24,1.0,SetByAsk
2025-12-19 05:28:43,2025-12-19T05:28:43,59.24,1.0,SetByAsk
2025-12-19 05:29:10,2025-12-19T05:29:10,59.24,1.0,SetByBid
2025-12-19 05:30:00,2025-12-19T05:30:00,59.23,1.0,SetByBid
2025-12-19 05:30:30,2025-12-19T05:30:30,59.2,1.0,SetByAsk
2025-12-19 05:30:30,2025-12-19T05:30:30,59.2,1.0,SetByAsk
2025-12-19 05:30:30,2025-12-19T05:30:30,59.2,1.0,SetByAsk
2025-12-19 05:30:30,2025-12-19T05:30:30,59.2,1.0,SetByAsk
2025-12-19 05:30:31,2025-12-19T05:30:31,59.19,1.0,SetByAsk
2025-12-19 05:30:31,2025-12-19T05:30:31,59.19,1.0,SetByAsk
2025-12-19 05:30:31,2025-12-19T05:30:31,59.19,1.0,SetByAsk
2025-12-19 05:30:31,2025-12-19T05:30:31,59.19,1.0,SetByAsk
2025-12-19 05:30:31,2025-12-19T05:30:31,59.19,1.0,SetByAsk
2025-12-19 05:30:31,2025-12-19T05:30:31,59.19,1.0,SetByAsk
2025-12-19 05:30:31,2025-12-19T05:30:31,59.19,1.0,SetByAsk
2025-12-19 05:30:31,2025-12-19T05:30:31,59.18,1.0,SetByAsk
2025-12-19 05:30:31,2025-12-19T05:30:31,59.18,1.0,SetByAsk
2025-12-19 05:30:31,2025-12-19T05:30:31,59.19,1.0,SetByAsk
2025-12-19 05:30:31,2025-12-19T05:30:31,59.19,1.0,SetByAsk
2025-12-19 05:30:31,2025-12-19T05:30:31,59.18,1.0,SetByAsk
2025-12-19 05:30:31,2025-12-19T05:30:31,59.18,1.0,SetByAsk
2025-12-19 05:30:31,2025-12-19T05:30:31,59.18,1.0,SetByAsk
2025-12-19 05:30:31,2025-12-19T05:30:31,59.18,1.0,SetByAsk
2025-12-19 05:30:31,2025-12-19T05:30:31,59.18,1.0,SetByAsk
2025-12-19 05:30:31,2025-12-19T05:30:31,59.18,1.0,SetByAsk
2025-12-19 05:30:31,2025-12-19T05:30:31,59.18,2.0,SetByAsk
2025-12-19 05:30:31,2025-12-19T05:30:31,59.18,2.0,SetByAsk
2025-12-19 05:30:31,2025-12-19T05:30:31,59.18,1.0,SetByAsk
2025-12-19 05:30:31,2025-12-19T05:30:31,59.18,1.0,SetByAsk
2025-12-19 05:30:31,2025-12-19T05:30:31,59.18,1.0,SetByAsk
2025-12-19 05:30:31,2025-12-19T05:30:31,59.18,1.0,SetByAsk
2025-12-19 05:30:31,2025-12-19T05:30:31,59.18,1.0,SetByAsk
2025-12-19 05:30:31,2025-12-19T05:30:31,59.18,1.0,SetByAsk
2025-12-19 05:30:31,2025-12-19T05:30:31,59.18,1.0,SetByAsk
2025-12-19 05:30:31,2025-12-19T05:30:31,59.18,1.0,SetByAsk
2025-12-19 05:30:31,2025-12-19T05:30:31,59.18,1.0,SetByAsk
2025-12-19 05:30:31,2025-12-19T05:30:31,59.18,1.0,SetByAsk
2025-12-19 05:30:31,2025-12-19T05:30:31,59.18,1.0,SetByAsk
2025-12-19 05:30:31,2025-12-19T05:30:31,59.18,1.0,SetByAsk
2025-12-19 05:30:31,2025-12-19T05:30:31,59.18,1.0,SetByAsk
2025-12-19 05:30:31,2025-12-19T05:30:31,59.18,1.0,SetByAsk
2025-12-19 05:30:31,2025-12-19T05:30:31,59.18,1.0,SetByAsk
2025-12-19 05:30:31,2025-12-19T05:30:31,59.18,1.0,SetByAsk
2025-12-19 05:30:31,2025-12-19T05:30:31,59.18,1.0,SetByAsk
2025-12-19 05:30:31,2025-12-19T05:30:31,59.18,1.0,SetByAsk
2025-12-19 05:30:31,2025-12-19T05:30:31,59.18,1.0,SetByAsk
2025-12-19 05:30:31,2025-12-19T05:30:31,59.18,1.0,SetByAsk
2025-12-19 05:30:31,2025-12-19T05:30:31,59.18,1.0,SetByAsk
2025-12-19 05:30:31,2025-12-19T05:30:31,59.18,1.0,SetByAsk
2025-12-19 05:30:31,2025-12-19T05:30:31,59.18,1.0,SetByAsk
2025-12-19 05:30:31,2025-12-19T05:30:31,59.18,1.0,SetByAsk
2025-12-19 05:30:31,2025-12-19T05:30:31,59.18,1.0,SetByAsk
2025-12-19 05:30:31,2025-12-19T05:30:31,59.18,1.0,SetByAsk
2025-12-19 05:30:31,2025-12-19T05:30:31,59.18,1.0,SetByAsk
2025-12-19 05:30:31,2025-12-19T05:30:31,59.18,1.0,SetByAsk
2025-12-19 05:30:31,2025-12-19T05:30:31,59.18,1.0,SetByAsk
2025-12-19 05:30:32,2025-12-19T05:30:32,59.18,1.0,SetByAsk
2025-12-19 05:30:32,2025-12-19T05:30:32,59.18,1.0,SetByAsk
2025-12-19 05:30:32,2025-12-19T05:30:32,59.18,1.0,SetByAsk
2025-12-19 05:30:33,2025-12-19T05:30:33,59.18,1.0,SetByAsk
2025-12-19 05:30:33,2025-12-19T05:30:33,59.18,1.0,SetByAsk
2025-12-19 05:30:50,2025-12-19T05:30:50,59.19,1.0,SetByAsk
2025-12-19 05:30:50,2025-12-19T05:30:50,59.19,1.0,SetByAsk
2025-12-19 05:30:50,2025-12-19T05:30:50,59.19,3.0,SetByAsk
2025-12-19 05:30:51,2025-12-19T05:30:51,59.18,2.0,SetByAsk
2025-12-19 05:31:03,2025-12-19T05:31:03,59.17,1.0,SetByBid
2025-12-19 05:31:28,2025-12-19T05:31:28,59.15,1.0,SetByAsk
2025-12-19 05:31:30,2025-12-19T05:31:30,59.16,1.0,SetByBid
2025-12-19 05:32:30,2025-12-19T05:32:30,59.19,1.0,SetByBid
2025-12-19 05:32:30,2025-12-19T05:32:30,59.19,1.0,SetByBid
2025-12-19 05:32:51,2025-12-19T05:32:51,59.2,2.0,SetByBid
2025-12-19 05:32:51,2025-12-19T05:32:51,59.2,1.0,SetByBid
2025-12-19 05:32:51,2025-12-19T05:32:51,59.2,3.0,SetByBid
2025-12-19 05:32:51,2025-12-19T05:32:51,59.2,1.0,SetByBid
2025-12-19 05:32:51,2025-12-19T05:32:51,59.2,2.0,SetByAsk
2025-12-19 05:32:51,2025-12-19T05:32:51,59.2,1.0,SetByAsk
2025-12-19 05:32:51,2025-12-19T05:32:51,59.2,1.0,SetByAsk
2025-12-19 05:32:51,2025-12-19T05:32:51,59.2,2.0,SetByAsk
2025-12-19 05:33:58,2025-12-19T05:33:58,59.19,1.0,SetByAsk
2025-12-19 05:34:11,2025-12-19T05:34:11,59.18,3.0,SetByAsk
2025-12-19 05:34:11,2025-12-19T05:34:11,59.18,7.0,SetByAsk
2025-12-19 05:34:50,2025-12-19T05:34:50,59.15,1.0,SetByAsk
2025-12-19 05:35:01,2025-12-19T05:35:01,59.16,1.0,SetByBid
2025-12-19 05:35:01,2025-12-19T05:35:01,59.16,1.0,SetByBid
2025-12-19 05:35:01,2025-12-19T05:35:01,59.16,1.0,SetByBid
2025-12-19 05:35:01,2025-12-19T05:35:01,59.16,1.0,SetByBid
2025-12-19 05:35:02,2025-12-19T05:35:02,59.16,2.0,SetByBid
2025-12-19 05:35:02,2025-12-19T05:35:02,59.16,1.0,SetByBid
2025-12-19 05:35:02,2025-12-19T05:35:02,59.16,1.0,SetByBid
2025-12-19 05:35:02,2025-12-19T05:35:02,59.16,3.0,SetByBid
2025-12-19 05:35:29,2025-12-19T05:35:29,59.15,1.0,SetByAsk
2025-12-19 05:36:09,2025-12-19T05:36:09,59.15,1.0,SetByAsk
2025-12-19 05:36:46,2025-12-19T05:36:46,59.16,1.0,SetByAsk
2025-12-19 05:36:46,2025-12-19T05:36:46,59.16,1.0,SetByAsk
2025-12-19 05:36:46,2025-12-19T05:36:46,59.16,1.0,SetByAsk
2025-12-19 05:36:46,2025-12-19T05:36:46,59.16,1.0,SetByAsk
2025-12-19 05:36:46,2025-12-19T05:36:46,59.16,1.0,SetByAsk
2025-12-19 05:37:44,2025-12-19T05:37:44,59.17,1.0,SetByBid
2025-12-19 05:37:44,2025-12-19T05:37:44,59.17,1.0,SetByBid
2025-12-19 05:37:44,2025-12-19T05:37:44,59.17,3.0,SetByBid
2025-12-19 05:37:45,2025-12-19T05:37:45,59.17,1.0,SetByAsk
2025-12-19 05:37:45,2025-12-19T05:37:45,59.17,1.0,SetByAsk
2025-12-19 05:37:45,2025-12-19T05:37:45,59.17,1.0,SetByAsk
2025-12-19 05:43:06,2025-12-19T05:43:06,59.18,1.0,SetByAsk
2025-12-19 05:43:08,2025-12-19T05:43:08,59.17,1.0,SetByAsk
2025-12-19 05:43:09,2025-12-19T05:43:09,59.17,1.0,SetByAsk
2025-12-19 05:43:09,2025-12-19T05:43:09,59.17,1.0,SetByAsk
2025-12-19 05:43:09,2025-12-19T05:43:09,59.17,1.0,SetByAsk
2025-12-19 05:43:30,2025-12-19T05:43:30,59.17,1.0,SetByAsk
2025-12-19 05:43:57,2025-12-19T05:43:57,59.19,1.0,SetByBid
2025-12-19 05:44:05,2025-12-19T05:44:05,59.17,1.0,SetByAsk
2025-12-19 05:44:05,2025-12-19T05:44:05,59.17,1.0,SetByAsk
2025-12-19 05:44:16,2025-12-19T05:44:16,59.17,1.0,SetByAsk
2025-12-19 05:44:16,2025-12-19T05:44:16,59.17,1.0,SetByAsk
2025-12-19 05:45:27,2025-12-19T05:45:27,59.17,1.0,SetByAsk
2025-12-19 05:46:01,2025-12-19T05:46:01,59.17,1.0,SetByAsk
2025-12-19 05:51:15,2025-12-19T05:51:15,59.2,1.0,SetByBid
2025-12-19 05:51:15,2025-12-19T05:51:15,59.2,1.0,SetByBid
2025-12-19 05:51:15,2025-12-19T05:51:15,59.2,1.0,SetByBid
2025-12-19 05:51:15,2025-12-19T05:51:15,59.2,1.0,SetByBid
2025-12-19 05:51:38,2025-12-19T05:51:38,59.22,1.0,SetByAsk
2025-12-19 05:51:38,2025-12-19T05:51:38,59.22,1.0,SetByAsk
2025-12-19 05:52:44,2025-12-19T05:52:44,59.25,2.0,SetByBid
2025-12-19 05:52:44,2025-12-19T05:52:44,59.25,1.0,SetByBid
2025-12-19 05:52:44,2025-12-19T05:52:44,59.25,1.0,SetByBid
2025-12-19 05:52:44,2025-12-19T05:52:44,59.25,1.0,SetByBid
2025-12-19 05:52:44,2025-12-19T05:52:44,59.25,5.0,SetByBid
2025-12-19 05:52:44,2025-12-19T05:52:44,59.25,1.0,SetByBid
2025-12-19 05:52:44,2025-12-19T05:52:44,59.25,1.0,SetByBid
2025-12-19 05:52:44,2025-12-19T05:52:44,59.25,1.0,SetByBid
2025-12-19 05:52:44,2025-12-19T05:52:44,59.25,1.0,SetByBid
2025-12-19 05:52:44,2025-12-19T05:52:44,59.25,1.0,SetByBid
2025-12-19 05:52:44,2025-12-19T05:52:44,59.25,1.0,SetByBid
2025-12-19 05:52:44,2025-12-19T05:52:44,59.25,1.0,SetByBid
2025-12-19 05:52:44,2025-12-19T05:52:44,59.25,1.0,SetByBid
2025-12-19 05:52:44,2025-12-19T05:52:44,59.25,1.0,SetByBid
2025-12-19 05:52:44,2025-12-19T05:52:44,59.25,2.0,SetByBid
2025-12-19 05:52:44,2025-12-19T05:52:44,59.25,4.0,SetByBid
2025-12-19 05:52:44,2025-12-19T05:52:44,59.25,2.0,SetByBid
2025-12-19 05:52:44,2025-12-19T05:52:44,59.25,1.0,SetByBid
2025-12-19 05:52:44,2025-12-19T05:52:44,59.25,2.0,SetByBid
2025-12-19 05:52:44,2025-12-19T05:52:44,59.25,1.0,SetByBid
2025-12-19 05:52:44,2025-12-19T05:52:44,59.25,1.0,SetByBid
2025-12-19 05:52:44,2025-12-19T05:52:44,59.25,4.0,SetByBid
2025-12-19 05:52:44,2025-12-19T05:52:44,59.25,1.0,SetByBid
2025-12-19 05:52:44,2025-12-19T05:52:44,59.25,1.0,SetByBid
2025-12-19 05:52:44,2025-12-19T05:52:44,59.25,2.0,SetByBid
2025-12-19 05:52:55,2025-12-19T05:52:55,59.24,1.0,SetByAsk
2025-12-19 05:52:55,2025-12-19T05:52:55,59.24,1.0,SetByAsk
2025-12-19 05:52:56,2025-12-19T05:52:56,59.24,1.0,SetByAsk
2025-12-19 05:52:56,2025-12-19T05:52:56,59.24,1.0,SetByAsk
2025-12-19 05:52:57,2025-12-19T05:52:57,59.24,1.0,SetByAsk
2025-12-19 05:52:57,2025-12-19T05:52:57,59.24,1.0,SetByAsk
2025-12-19 05:53:03,2025-12-19T05:53:03,59.26,1.0,SetByBid
2025-12-19 05:53:03,2025-12-19T05:53:03,59.26,1.0,SetByBid
2025-12-19 05:53:03,2025-12-19T05:53:03,59.26,1.0,SetByBid
2025-12-19 05:53:03,2025-12-19T05:53:03,59.26,1.0,SetByBid
2025-12-19 05:53:03,2025-12-19T05:53:03,59.26,1.0,SetByBid
2025-12-19 05:53:03,2025-12-19T05:53:03,59.26,1.0,SetByBid
2025-12-19 05:53:03,2025-12-19T05:53:03,59.26,1.0,SetByBid
2025-12-19 05:53:03,2025-12-19T05:53:03,59.26,1.0,SetByBid
2025-12-19 05:53:03,2025-12-19T05:53:03,59.26,1.0,SetByBid
2025-12-19 05:53:03,2025-12-19T05:53:03,59.26,1.0,SetByBid
2025-12-19 05:53:03,2025-12-19T05:53:03,59.26,1.0,SetByBid
2025-12-19 05:53:03,2025-12-19T05:53:03,59.26,1.0,SetByBid
2025-12-19 05:53:03,2025-12-19T05:53:03,59.26,1.0,SetByBid
2025-12-19 05:53:03,2025-12-19T05:53:03,59.26,3.0,SetByBid
2025-12-19 05:53:03,2025-12-19T05:53:03,59.26,1.0,SetByBid
2025-12-19 05:53:03,2025-12-19T05:53:03,59.26,2.0,SetByBid
2025-12-19 05:53:03,2025-12-19T05:53:03,59.26,1.0,SetByBid
2025-12-19 05:53:34,2025-12-19T05:53:34,59.26,1.0,SetByBid
2025-12-19 05:53:34,2025-12-19T05:53:34,59.26,1.0,SetByBid
2025-12-19 05:53:34,2025-12-19T05:53:34,59.26,1.0,SetByBid
2025-12-19 05:53:34,2025-12-19T05:53:34,59.26,2.0,SetByBid
2025-12-19 05:53:34,2025-12-19T05:53:34,59.26,1.0,SetByAsk
2025-12-19 05:53:34,2025-12-19T05:53:34,59.26,1.0,SetByAsk
2025-12-19 05:53:34,2025-12-19T05:53:34,59.26,1.0,SetByAsk
2025-12-19 05:53:34,2025-12-19T05:53:34,59.26,6.0,SetByAsk
2025-12-19 05:53:34,2025-12-19T05:53:34,59.26,4.0,SetByAsk
2025-12-19 05:53:35,2025-12-19T05:53:35,59.26,2.0,SetByAsk
2025-12-19 05:55:10,2025-12-19T05:55:10,59.23,1.0,SetByAsk
2025-12-19 05:55:10,2025-12-19T05:55:10,59.23,1.0,SetByAsk
2025-12-19 05:55:10,2025-12-19T05:55:10,59.23,1.0,SetByAsk
2025-12-19 05:55:10,2025-12-19T05:55:10,59.23,1.0,SetByAsk
2025-12-19 05:55:13,2025-12-19T05:55:13,59.23,1.0,SetByAsk
2025-12-19 05:55:14,2025-12-19T05:55:14,59.23,1.0,SetByAsk
2025-12-19 05:55:26,2025-12-19T05:55:26,59.23,1.0,SetByAsk
2025-12-19 05:55:26,2025-12-19T05:55:26,59.23,1.0,SetByAsk
2025-12-19 05:55:28,2025-12-19T05:55:28,59.23,1.0,SetByAsk
2025-12-19 05:55:46,2025-12-19T05:55:46,59.22,1.0,SetByAsk
2025-12-19 05:56:16,2025-12-19T05:56:16,59.22,1.0,SetByAsk
2025-12-19 05:56:50,2025-12-19T05:56:50,59.23,1.0,SetByBid
2025-12-19 05:56:50,2025-12-19T05:56:50,59.23,2.0,SetByBid
2025-12-19 05:56:58,2025-12-19T05:56:58,59.22,1.0,SetByAsk
2025-12-19 05:56:58,2025-12-19T05:56:58,59.22,1.0,SetByAsk
2025-12-19 05:56:59,2025-12-19T05:56:59,59.22,1.0,SetByAsk
2025-12-19 05:57:59,2025-12-19T05:57:59,59.23,1.0,SetByBid
2025-12-19 05:58:18,2025-12-19T05:58:18,59.22,1.0,SetByAsk
2025-12-19 05:58:28,2025-12-19T05:58:28,59.22,1.0,SetByAsk
2025-12-19 05:58:38,2025-12-19T05:58:38,59.22,1.0,SetByAsk
2025-12-19 05:58:43,2025-12-19T05:58:43,59.23,1.0,SetByAsk
2025-12-19 05:58:53,2025-12-19T05:58:53,59.22,1.0,SetByAsk
2025-12-19 05:59:27,2025-12-19T05:59:27,59.21,1.0,SetByAsk
2025-12-19 05:59:27,2025-12-19T05:59:27,59.2,1.0,SetByAsk
2025-12-19 05:59:27,2025-12-19T05:59:27,59.2,1.0,SetByAsk
2025-12-19 05:59:27,2025-12-19T05:59:27,59.2,1.0,SetByAsk
2025-12-19 05:59:27,2025-12-19T05:59:27,59.2,1.0,SetByAsk
2025-12-19 05:59:27,2025-12-19T05:59:27,59.2,1.0,SetByAsk
2025-12-19 05:59:27,2025-12-19T05:59:27,59.2,1.0,SetByAsk
2025-12-19 05:59:55,2025-12-19T05:59:55,59.2,1.0,SetByAsk
2025-12-19 06:00:07,2025-12-19T06:00:07,59.2,1.0,SetByAsk
2025-12-19 06:00:38,2025-12-19T06:00:38,59.19,1.0,SetByAsk
2025-12-19 06:00:56,2025-12-19T06:00:56,59.2,1.0,SetByBid
2025-12-19 06:00:56,2025-12-19T06:00:56,59.2,2.0,SetByBid
2025-12-19 06:00:56,2025-12-19T06:00:56,59.2,1.0,SetByBid
2025-12-19 06:01:03,2025-12-19T06:01:03,59.19,1.0,SetByAsk
2025-12-19 06:01:39,2025-12-19T06:01:39,59.21,1.0,SetByBid
2025-12-19 06:03:22,2025-12-19T06:03:22,59.2,3.0,SetByAsk
2025-12-19 06:03:36,2025-12-19T06:03:36,59.2,1.0,SetByAsk
2025-12-19 06:04:03,2025-12-19T06:04:03,59.2,1.0,SetByAsk
2025-12-19 06:04:03,2025-12-19T06:04:03,59.2,1.0,SetByAsk
2025-12-19 06:04:03,2025-12-19T06:04:03,59.2,1.0,SetByAsk
2025-12-19 06:04:03,2025-12-19T06:04:03,59.2,3.0,SetByAsk
2025-12-19 06:04:17,2025-12-19T06:04:17,59.2,1.0,SetByAsk
2025-12-19 06:04:17,2025-12-19T06:04:17,59.2,1.0,SetByAsk
2025-12-19 06:05:26,2025-12-19T06:05:26,59.2,1.0,SetByAsk
2025-12-19 06:07:38,2025-12-19T06:07:38,59.2,1.0,SetByAsk
2025-12-19 06:07:39,2025-12-19T06:07:39,59.21,1.0,SetByBid
2025-12-19 06:08:14,2025-12-19T06:08:14,59.22,1.0,SetByBid
2025-12-19 06:08:14,2025-12-19T06:08:14,59.22,1.0,SetByBid
2025-12-19 06:08:32,2025-12-19T06:08:32,59.21,1.0,SetByAsk
2025-12-19 06:08:32,2025-12-19T06:08:32,59.21,1.0,SetByAsk
2025-12-19 06:10:02,2025-12-19T06:10:02,59.24,1.0,SetByBid
2025-12-19 06:10:18,2025-12-19T06:10:18,59.24,1.0,SetByBid
2025-12-19 06:11:09,2025-12-19T06:11:09,59.24,1.0,SetByBid
2025-12-19 06:11:09,2025-12-19T06:11:09,59.24,1.0,SetByBid
2025-12-19 06:11:12,2025-12-19T06:11:12,59.24,1.0,SetByBid
2025-12-19 06:11:33,2025-12-19T06:11:33,59.25,1.0,SetByBid
2025-12-19 06:11:33,2025-12-19T06:11:33,59.25,1.0,SetByBid
2025-12-19 06:11:33,2025-12-19T06:11:33,59.25,1.0,SetByBid
2025-12-19 06:11:33,2025-12-19T06:11:33,59.25,1.0,SetByBid
2025-12-19 06:11:33,2025-12-19T06:11:33,59.25,1.0,SetByBid
2025-12-19 06:11:33,2025-12-19T06:11:33,59.25,1.0,SetByBid
2025-12-19 06:11:33,2025-12-19T06:11:33,59.25,1.0,SetByBid
2025-12-19 06:11:33,2025-12-19T06:11:33,59.25,3.0,SetByAsk
2025-12-19 06:15:47,2025-12-19T06:15:47,59.26,1.0,SetByAsk
2025-12-19 06:15:47,2025-12-19T06:15:47,59.26,1.0,SetByAsk
2025-12-19 06:15:47,2025-12-19T06:15:47,59.26,7.0,SetByBid
2025-12-19 06:16:11,2025-12-19T06:16:11,59.26,1.0,SetByAsk
2025-12-19 06:17:41,2025-12-19T06:17:41,59.25,1.0,SetByBid
2025-12-19 06:17:41,2025-12-19T06:17:41,59.25,1.0,SetByBid
2025-12-19 06:17:41,2025-12-19T06:17:41,59.25,1.0,SetByBid
2025-12-19 06:22:58,2025-12-19T06:22:58,59.26,1.0,SetByBid
2025-12-19 06:22:58,2025-12-19T06:22:58,59.26,1.0,SetByBid
2025-12-19 06:22:58,2025-12-19T06:22:58,59.26,3.0,SetByBid
2025-12-19 06:22:58,2025-12-19T06:22:58,59.26,3.0,SetByBid
2025-12-19 06:22:58,2025-12-19T06:22:58,59.26,1.0,SetByBid
2025-12-19 06:22:58,2025-12-19T06:22:58,59.26,1.0,SetByBid
2025-12-19 06:27:15,2025-12-19T06:27:15,59.26,1.0,SetByBid
2025-12-19 06:27:15,2025-12-19T06:27:15,59.27,1.0,SetByBid
2025-12-19 06:27:15,2025-12-19T06:27:15,59.27,1.0,SetByBid
2025-12-19 06:27:15,2025-12-19T06:27:15,59.27,1.0,SetByBid
2025-12-19 06:27:15,2025-12-19T06:27:15,59.27,1.0,SetByBid
2025-12-19 06:27:15,2025-12-19T06:27:15,59.27,1.0,SetByBid
2025-12-19 06:27:15,2025-12-19T06:27:15,59.27,1.0,SetByBid
2025-12-19 06:27:46,2025-12-19T06:27:46,59.27,1.0,SetByBid
2025-12-19 06:27:49,2025-12-19T06:27:49,59.27,1.0,SetByBid
2025-12-19 06:27:49,2025-12-19T06:27:49,59.27,1.0,SetByBid
2025-12-19 06:27:49,2025-12-19T06:27:49,59.27,1.0,SetByBid
2025-12-19 06:28:55,2025-12-19T06:28:55,59.27,1.0,SetByBid
2025-12-19 06:28:55,2025-12-19T06:28:55,59.27,1.0,SetByBid
2025-12-19 06:28:55,2025-12-19T06:28:55,59.27,1.0,SetByBid
2025-12-19 06:28:58,2025-12-19T06:28:58,59.27,1.0,SetByAsk
2025-12-19 06:30:58,2025-12-19T06:30:58,59.25,1.0,SetByAsk
2025-12-19 06:30:58,2025-12-19T06:30:58,59.25,1.0,SetByAsk
2025-12-19 06:31:00,2025-12-19T06:31:00,59.25,1.0,SetByBid
2025-12-19 06:31:44,2025-12-19T06:31:44,59.27,1.0,SetByBid
2025-12-19 06:32:18,2025-12-19T06:32:18,59.27,1.0,SetByBid
2025-12-19 06:32:41,2025-12-19T06:32:41,59.27,1.0,SetByBid
2025-12-19 06:32:41,2025-12-19T06:32:41,59.27,1.0,SetByBid
2025-12-19 06:32:41,2025-12-19T06:32:41,59.27,1.0,SetByBid
2025-12-19 06:32:41,2025-12-19T06:32:41,59.27,1.0,SetByBid
2025-12-19 06:32:41,2025-12-19T06:32:41,59.27,1.0,SetByBid
2025-12-19 06:32:41,2025-12-19T06:32:41,59.27,1.0,SetByBid
2025-12-19 06:32:41,2025-12-19T06:32:41,59.27,1.0,SetByBid
2025-12-19 06:32:41,2025-12-19T06:32:41,59.27,1.0,SetByBid
2025-12-19 06:32:41,2025-12-19T06:32:41,59.27,1.0,SetByBid
2025-12-19 06:32:41,2025-12-19T06:32:41,59.27,1.0,SetByBid
2025-12-19 06:32:41,2025-12-19T06:32:41,59.27,4.0,SetByAsk
2025-12-19 06:32:41,2025-12-19T06:32:41,59.27,2.0,SetByAsk
2025-12-19 06:32:41,2025-12-19T06:32:41,59.27,6.0,SetByAsk
2025-12-19 06:32:41,2025-12-19T06:32:41,59.27,1.0,SetByAsk
2025-12-19 06:33:01,2025-12-19T06:33:01,59.26,1.0,SetByAsk
2025-12-19 06:33:19,2025-12-19T06:33:19,59.26,1.0,SetByBid
2025-12-19 06:33:19,2025-12-19T06:33:19,59.26,1.0,SetByBid
2025-12-19 06:33:19,2025-12-19T06:33:19,59.26,1.0,SetByBid
2025-12-19 06:34:07,2025-12-19T06:34:07,59.27,1.0,SetByBid
2025-12-19 06:34:07,2025-12-19T06:34:07,59.27,1.0,SetByBid
2025-12-19 06:34:07,2025-12-19T06:34:07,59.27,1.0,SetByBid
2025-12-19 06:34:48,2025-12-19T06:34:48,59.28,1.0,SetByBid
2025-12-19 06:35:12,2025-12-19T06:35:12,59.28,1.0,SetByAsk
2025-12-19 06:35:12,2025-12-19T06:35:12,59.28,1.0,SetByAsk
2025-12-19 06:35:12,2025-12-19T06:35:12,59.28,1.0,SetByAsk
2025-12-19 06:35:12,2025-12-19T06:35:12,59.28,1.0,SetByAsk
2025-12-19 06:35:13,2025-12-19T06:35:13,59.28,1.0,SetByAsk
2025-12-19 06:35:13,2025-12-19T06:35:13,59.28,1.0,SetByAsk
2025-12-19 06:36:03,2025-12-19T06:36:03,59.27,1.0,SetByAsk
2025-12-19 06:37:16,2025-12-19T06:37:16,59.24,1.0,SetByAsk
2025-12-19 06:37:16,2025-12-19T06:37:16,59.24,1.0,SetByAsk
2025-12-19 06:37:22,2025-12-19T06:37:22,59.24,1.0,SetByBid
2025-12-19 06:37:43,2025-12-19T06:37:43,59.24,1.0,SetByAsk
2025-12-19 06:37:43,2025-12-19T06:37:43,59.24,1.0,SetByAsk
2025-12-19 06:37:43,2025-12-19T06:37:43,59.24,1.0,SetByAsk
2025-12-19 06:37:43,2025-12-19T06:37:43,59.24,1.0,SetByAsk
2025-12-19 06:40:57,2025-12-19T06:40:57,59.22,1.0,SetByAsk
2025-12-19 06:40:57,2025-12-19T06:40:57,59.22,1.0,SetByAsk
2025-12-19 06:40:57,2025-12-19T06:40:57,59.22,1.0,SetByAsk
2025-12-19 06:40:57,2025-12-19T06:40:57,59.22,1.0,SetByAsk
2025-12-19 06:40:57,2025-12-19T06:40:57,59.22,4.0,SetByAsk
2025-12-19 06:40:57,2025-12-19T06:40:57,59.22,2.0,SetByAsk
2025-12-19 06:40:57,2025-12-19T06:40:57,59.22,2.0,SetByAsk
2025-12-19 06:40:57,2025-12-19T06:40:57,59.22,1.0,SetByAsk
2025-12-19 06:40:57,2025-12-19T06:40:57,59.21,1.0,SetByAsk
2025-12-19 06:41:31,2025-12-19T06:41:31,59.21,4.0,SetByBid
2025-12-19 06:42:33,2025-12-19T06:42:33,59.21,1.0,SetByAsk
2025-12-19 06:44:32,2025-12-19T06:44:32,59.21,1.0,SetByAsk
2025-12-19 06:44:52,2025-12-19T06:44:52,59.21,1.0,SetByAsk
2025-12-19 06:45:06,2025-12-19T06:45:06,59.21,1.0,SetByAsk
2025-12-19 06:45:06,2025-12-19T06:45:06,59.21,1.0,SetByAsk
2025-12-19 06:45:06,2025-12-19T06:45:06,59.21,1.0,SetByAsk
2025-12-19 06:45:06,2025-12-19T06:45:06,59.21,3.0,SetByBid
2025-12-19 06:47:07,2025-12-19T06:47:07,59.18,1.0,SetByAsk
2025-12-19 06:47:50,2025-12-19T06:47:50,59.19,1.0,SetByBid
2025-12-19 06:47:50,2025-12-19T06:47:50,59.19,1.0,SetByBid
2025-12-19 06:48:57,2025-12-19T06:48:57,59.18,2.0,SetByBid
2025-12-19 06:48:57,2025-12-19T06:48:57,59.18,1.0,SetByBid
2025-12-19 06:49:52,2025-12-19T06:49:52,59.18,1.0,SetByBid
2025-12-19 06:49:52,2025-12-19T06:49:52,59.18,1.0,SetByBid
2025-12-19 06:49:52,2025-12-19T06:49:52,59.18,1.0,SetByBid
2025-12-19 06:49:52,2025-12-19T06:49:52,59.18,1.0,SetByBid
2025-12-19 06:50:24,2025-12-19T06:50:24,59.19,1.0,SetByBid
2025-12-19 06:50:29,2025-12-19T06:50:29,59.2,1.0,SetByBid
2025-12-19 06:50:35,2025-12-19T06:50:35,59.2,1.0,SetByBid
2025-12-19 06:50:35,2025-12-19T06:50:35,59.2,1.0,SetByAsk
2025-12-19 06:51:53,2025-12-19T06:51:53,59.23,1.0,SetByBid
2025-12-19 06:55:20,2025-12-19T06:55:20,59.23,1.0,SetByBid
2025-12-19 06:55:20,2025-12-19T06:55:20,59.23,1.0,SetByBid
2025-12-19 06:55:20,2025-12-19T06:55:20,59.23,1.0,SetByBid
2025-12-19 06:55:20,2025-12-19T06:55:20,59.23,1.0,SetByBid
2025-12-19 06:56:07,2025-12-19T06:56:07,59.24,1.0,SetByBid
2025-12-19 06:56:07,2025-12-19T06:56:07,59.24,1.0,SetByBid
2025-12-19 06:56:13,2025-12-19T06:56:13,59.24,1.0,SetByBid
2025-12-19 06:56:21,2025-12-19T06:56:21,59.23,1.0,SetByBid
2025-12-19 06:56:21,2025-12-19T06:56:21,59.23,1.0,SetByBid
2025-12-19 06:56:21,2025-12-19T06:56:21,59.23,1.0,SetByBid
2025-12-19 06:56:21,2025-12-19T06:56:21,59.24,1.0,SetByBid
2025-12-19 06:56:35,2025-12-19T06:56:35,59.23,1.0,SetByBid
2025-12-19 06:56:35,2025-12-19T06:56:35,59.23,1.0,SetByBid
2025-12-19 06:56:35,2025-12-19T06:56:35,59.24,1.0,SetByBid
2025-12-19 06:56:52,2025-12-19T06:56:52,59.24,1.0,SetByBid
2025-12-19 06:56:53,2025-12-19T06:56:53,59.24,1.0,SetByBid
2025-12-19 06:56:55,2025-12-19T06:56:55,59.24,1.0,SetByBid
2025-12-19 06:57:05,2025-12-19T06:57:05,59.24,1.0,SetByBid
2025-12-19 06:57:10,2025-12-19T06:57:10,59.24,1.0,SetByBid
2025-12-19 06:57:15,2025-12-19T06:57:15,59.24,1.0,SetByBid
2025-12-19 06:57:16,2025-12-19T06:57:16,59.24,1.0,SetByBid
2025-12-19 06:57:16,2025-12-19T06:57:16,59.24,1.0,SetByBid
2025-12-19 06:57:53,2025-12-19T06:57:53,59.24,1.0,SetByBid
2025-12-19 06:57:53,2025-12-19T06:57:53,59.24,1.0,SetByBid
2025-12-19 06:57:56,2025-12-19T06:57:56,59.24,1.0,SetByBid
2025-12-19 06:58:02,2025-12-19T06:58:02,59.24,1.0,SetByBid
2025-12-19 06:58:10,2025-12-19T06:58:10,59.24,1.0,SetByBid
2025-12-19 06:59:01,2025-12-19T06:59:01,59.24,1.0,SetByBid
2025-12-19 06:59:02,2025-12-19T06:59:02,59.24,1.0,SetByBid
2025-12-19 06:59:12,2025-12-19T06:59:12,59.24,1.0,SetByBid
2025-12-19 06:59:13,2025-12-19T06:59:13,59.24,1.0,SetByBid
2025-12-19 06:59:13,2025-12-19T06:59:13,59.24,1.0,SetByBid
2025-12-19 06:59:13,2025-12-19T06:59:13,59.24,2.0,SetByBid
2025-12-19 06:59:13,2025-12-19T06:59:13,59.24,1.0,SetByBid
2025-12-19 06:59:13,2025-12-19T06:59:13,59.24,1.0,SetByBid
2025-12-19 06:59:58,2025-12-19T06:59:58,59.24,1.0,SetByBid
2025-12-19 07:00:26,2025-12-19T07:00:26,59.23,1.0,SetByBid
2025-12-19 07:00:26,2025-12-19T07:00:26,59.23,1.0,SetByBid
2025-12-19 07:00:26,2025-12-19T07:00:26,59.23,1.0,SetByBid
2025-12-19 07:04:12,2025-12-19T07:04:12,59.21,1.0,SetByAsk
2025-12-19 07:04:12,2025-12-19T07:04:12,59.21,1.0,SetByAsk
2025-12-19 07:04:12,2025-12-19T07:04:12,59.21,1.0,SetByAsk
2025-12-19 07:04:12,2025-12-19T07:04:12,59.21,1.0,SetByAsk
2025-12-19 07:04:12,2025-12-19T07:04:12,59.21,1.0,SetByBid
2025-12-19 07:04:12,2025-12-19T07:04:12,59.21,1.0,SetByBid
2025-12-19 07:04:12,2025-12-19T07:04:12,59.21,1.0,SetByBid
2025-12-19 07:04:12,2025-12-19T07:04:12,59.21,1.0,SetByBid
2025-12-19 07:04:12,2025-12-19T07:04:12,59.21,1.0,SetByBid
2025-12-19 07:04:12,2025-12-19T07:04:12,59.21,1.0,SetByBid
2025-12-19 07:04:12,2025-12-19T07:04:12,59.21,1.0,SetByBid
2025-12-19 07:04:12,2025-12-19T07:04:12,59.21,1.0,SetByBid
2025-12-19 07:04:12,2025-12-19T07:04:12,59.21,1.0,SetByBid
2025-12-19 07:04:12,2025-12-19T07:04:12,59.21,1.0,SetByBid
2025-12-19 07:04:12,2025-12-19T07:04:12,59.21,1.0,SetByBid
2025-12-19 07:04:12,2025-12-19T07:04:12,59.21,1.0,SetByBid
2025-12-19 07:04:12,2025-12-19T07:04:12,59.21,1.0,SetByBid
2025-12-19 07:04:12,2025-12-19T07:04:12,59.21,1.0,SetByBid
2025-12-19 07:04:12,2025-12-19T07:04:12,59.21,1.0,SetByBid
2025-12-19 07:04:12,2025-12-19T07:04:12,59.21,1.0,SetByBid
2025-12-19 07:04:12,2025-12-19T07:04:12,59.21,1.0,SetByBid
2025-12-19 07:04:12,2025-12-19T07:04:12,59.21,1.0,SetByBid
2025-12-19 07:04:12,2025-12-19T07:04:12,59.21,1.0,SetByBid
2025-12-19 07:04:12,2025-12-19T07:04:12,59.21,1.0,SetByBid
2025-12-19 07:04:12,2025-12-19T07:04:12,59.21,1.0,SetByBid
2025-12-19 07:04:12,2025-12-19T07:04:12,59.21,1.0,SetByBid
2025-12-19 07:04:12,2025-12-19T07:04:12,59.21,1.0,SetByBid
2025-12-19 07:04:12,2025-12-19T07:04:12,59.21,1.0,SetByBid
2025-12-19 07:04:13,2025-12-19T07:04:13,59.21,1.0,SetByBid
2025-12-19 07:04:13,2025-12-19T07:04:13,59.21,1.0,SetByBid
2025-12-19 07:04:13,2025-12-19T07:04:13,59.21,1.0,SetByBid
2025-12-19 07:04:30,2025-12-19T07:04:30,59.22,1.0,SetByBid
2025-12-19 07:04:30,2025-12-19T07:04:30,59.22,1.0,SetByBid
2025-12-19 07:04:30,2025-12-19T07:04:30,59.22,1.0,SetByBid
2025-12-19 07:04:30,2025-12-19T07:04:30,59.22,1.0,SetByBid
2025-12-19 07:04:31,2025-12-19T07:04:31,59.22,1.0,SetByBid
2025-12-19 07:04:32,2025-12-19T07:04:32,59.22,1.0,SetByBid
2025-12-19 07:05:48,2025-12-19T07:05:48,59.21,1.0,SetByBid
2025-12-19 07:07:48,2025-12-19T07:07:48,59.21,1.0,SetByBid
2025-12-19 07:07:48,2025-12-19T07:07:48,59.21,1.0,SetByBid
2025-12-19 07:07:48,2025-12-19T07:07:48,59.21,1.0,SetByBid
2025-12-19 07:07:48,2025-12-19T07:07:48,59.21,1.0,SetByBid
2025-12-19 07:07:48,2025-12-19T07:07:48,59.21,1.0,SetByBid
2025-12-19 07:07:48,2025-12-19T07:07:48,59.21,1.0,SetByBid
2025-12-19 07:07:48,2025-12-19T07:07:48,59.21,1.0,SetByBid
2025-12-19 07:07:48,2025-12-19T07:07:48,59.21,1.0,SetByBid
2025-12-19 07:07:48,2025-12-19T07:07:48,59.21,1.0,SetByBid
2025-12-19 07:07:48,2025-12-19T07:07:48,59.21,1.0,SetByBid
2025-12-19 07:07:48,2025-12-19T07:07:48,59.21,1.0,SetByBid
2025-12-19 07:11:23,2025-12-19T07:11:23,59.22,1.0,SetByBid
2025-12-19 07:11:23,2025-12-19T07:11:23,59.22,1.0,SetByBid
2025-12-19 07:11:23,2025-12-19T07:11:23,59.22,1.0,SetByBid
2025-12-19 07:12:10,2025-12-19T07:12:10,59.22,1.0,SetByBid
2025-12-19 07:12:27,2025-12-19T07:12:27,59.22,1.0,SetByBid
2025-12-19 07:12:27,2025-12-19T07:12:27,59.22,1.0,SetByBid
2025-12-19 07:12:33,2025-12-19T07:12:33,59.23,1.0,SetByBid
2025-12-19 07:12:34,2025-12-19T07:12:34,59.23,1.0,SetByBid
2025-12-19 07:12:34,2025-12-19T07:12:34,59.23,1.0,SetByBid
2025-12-19 07:12:36,2025-12-19T07:12:36,59.23,1.0,SetByBid
2025-12-19 07:12:36,2025-12-19T07:12:36,59.23,1.0,SetByBid
2025-12-19 07:12:43,2025-12-19T07:12:43,59.23,1.0,SetByBid
2025-12-19 07:12:43,2025-12-19T07:12:43,59.23,1.0,SetByBid
2025-12-19 07:12:43,2025-12-19T07:12:43,59.23,1.0,SetByBid
2025-12-19 07:12:43,2025-12-19T07:12:43,59.23,1.0,SetByBid
2025-12-19 07:12:43,2025-12-19T07:12:43,59.22,1.0,SetByAsk
2025-12-19 07:14:37,2025-12-19T07:14:37,59.2,1.0,SetByBid
2025-12-19 07:14:37,2025-12-19T07:14:37,59.2,1.0,SetByBid
2025-12-19 07:14:46,2025-12-19T07:14:46,59.21,1.0,SetByBid
2025-12-19 07:14:46,2025-12-19T07:14:46,59.21,1.0,SetByBid
2025-12-19 07:14:46,2025-12-19T07:14:46,59.21,1.0,SetByBid
2025-12-19 07:14:54,2025-12-19T07:14:54,59.21,1.0,SetByBid
2025-12-19 07:15:06,2025-12-19T07:15:06,59.21,1.0,SetByBid
2025-12-19 07:21:47,2025-12-19T07:21:47,59.18,1.0,SetByBid
2025-12-19 07:21:47,2025-12-19T07:21:47,59.18,1.0,SetByBid
2025-12-19 07:22:52,2025-12-19T07:22:52,59.18,1.0,SetByBid
2025-12-19 07:22:52,2025-12-19T07:22:52,59.18,1.0,SetByBid
2025-12-19 07:23:06,2025-12-19T07:23:06,59.18,1.0,SetByBid
2025-12-19 07:23:06,2025-12-19T07:23:06,59.18,1.0,SetByBid
2025-12-19 07:23:07,2025-12-19T07:23:07,59.18,1.0,SetByBid
2025-12-19 07:23:07,2025-12-19T07:23:07,59.18,1.0,SetByBid
2025-12-19 07:23:07,2025-12-19T07:23:07,59.18,1.0,SetByBid
2025-12-19 07:23:07,2025-12-19T07:23:07,59.18,1.0,SetByBid
2025-12-19 07:23:37,2025-12-19T07:23:37,59.18,1.0,SetByBid
2025-12-19 07:23:37,2025-12-19T07:23:37,59.18,1.0,SetByBid
2025-12-19 07:25:07,2025-12-19T07:25:07,59.19,1.0,SetByAsk
2025-12-19 07:26:27,2025-12-19T07:26:27,59.21,1.0,SetByBid
2025-12-19 07:29:59,2025-12-19T07:29:59,59.22,1.0,SetByAsk
2025-12-19 07:42:02,2025-12-19T07:42:02,59.27,1.0,SetByBid
2025-12-19 07:45:38,2025-12-19T07:45:38,59.28,1.0,SetByAsk
2025-12-19 07:45:38,2025-12-19T07:45:38,59.28,1.0,SetByAsk
2025-12-19 07:45:53,2025-12-19T07:45:53,59.29,1.0,SetByAsk
2025-12-19 07:45:53,2025-12-19T07:45:53,59.29,1.0,SetByAsk
2025-12-19 07:46:27,2025-12-19T07:46:27,59.3,1.0,SetByBid
2025-12-19 07:46:27,2025-12-19T07:46:27,59.3,1.0,SetByBid
2025-12-19 07:46:27,2025-12-19T07:46:27,59.3,1.0,SetByAsk
2025-12-19 07:46:27,2025-12-19T07:46:27,59.3,1.0,SetByAsk
2025-12-19 07:46:27,2025-12-19T07:46:27,59.3,1.0,SetByAsk
2025-12-19 07:46:29,2025-12-19T07:46:29,59.29,1.0,SetByAsk
2025-12-19 07:46:29,2025-12-19T07:46:29,59.29,1.0,SetByAsk
2025-12-19 07:47:37,2025-12-19T07:47:37,59.29,1.0,SetByBid
2025-12-19 07:51:15,2025-12-19T07:51:15,59.27,1.0,SetByAsk
2025-12-19 07:52:21,2025-12-19T07:52:21,59.26,1.0,SetByBid
2025-12-19 07:52:21,2025-12-19T07:52:21,59.26,1.0,SetByBid
2025-12-19 07:53:59,2025-12-19T07:53:59,59.25,1.0,SetByBid
2025-12-19 07:56:43,2025-12-19T07:56:43,59.25,1.0,SetByBid
2025-12-19 08:00:05,2025-12-19T08:00:05,59.23,1.0,SetByAsk
2025-12-19 08:04:21,2025-12-19T08:04:21,59.27,1.0,SetByAsk
2025-12-19 08:04:21,2025-12-19T08:04:21,59.27,1.0,SetByAsk
2025-12-19 08:08:00,2025-12-19T08:08:00,59.31,2.0,SetByAsk
2025-12-19 08:08:00,2025-12-19T08:08:00,59.31,2.0,SetByAsk
2025-12-19 08:08:00,2025-12-19T08:08:00,59.31,3.0,SetByAsk
2025-12-19 08:08:00,2025-12-19T08:08:00,59.31,1.0,SetByBid
2025-12-19 08:08:37,2025-12-19T08:08:37,59.31,3.0,SetByAsk
2025-12-19 08:10:19,2025-12-19T08:10:19,59.33,1.0,SetByAsk
2025-12-19 08:10:32,2025-12-19T08:10:32,59.34,2.0,SetByBid
2025-12-19 08:10:39,2025-12-19T08:10:39,59.34,1.0,SetByAsk
2025-12-19 08:10:39,2025-12-19T08:10:39,59.34,1.0,SetByAsk
2025-12-19 08:10:45,2025-12-19T08:10:45,59.36,1.0,SetByBid
2025-12-19 08:10:45,2025-12-19T08:10:45,59.35,1.0,SetByAsk
2025-12-19 08:10:45,2025-12-19T08:10:45,59.35,1.0,SetByAsk
2025-12-19 08:10:45,2025-12-19T08:10:45,59.35,1.0,SetByAsk
2025-12-19 08:10:45,2025-12-19T08:10:45,59.35,1.0,SetByAsk
2025-12-19 08:10:45,2025-12-19T08:10:45,59.35,1.0,SetByAsk
2025-12-19 08:12:30,2025-12-19T08:12:30,59.36,1.0,SetByAsk
2025-12-19 08:13:54,2025-12-19T08:13:54,59.38,1.0,SetByBid
2025-12-19 08:13:57,2025-12-19T08:13:57,59.39,1.0,SetByBid
2025-12-19 08:14:05,2025-12-19T08:14:05,59.39,1.0,SetByBid
2025-12-19 08:14:41,2025-12-19T08:14:41,59.38,1.0,SetByAsk
2025-12-19 08:16:02,2025-12-19T08:16:02,59.39,1.0,SetByAsk
2025-12-19 08:16:02,2025-12-19T08:16:02,59.39,1.0,SetByAsk
2025-12-19 08:22:31,2025-12-19T08:22:31,59.29,1.0,SetByBid
2025-12-19 08:24:45,2025-12-19T08:24:45,59.28,1.0,SetByAsk
2025-12-19 08:27:52,2025-12-19T08:27:52,59.27,1.0,SetByAsk
2025-12-19 08:33:00,2025-12-19T08:33:00,59.29,1.0,SetByBid
2025-12-19 08:49:15,2025-12-19T08:49:15,59.3,1.0,SetByAsk
2025-12-19 08:50:00,2025-12-19T08:50:00,59.29,1.0,SetByAsk
2025-12-19 08:54:14,2025-12-19T08:54:14,59.3,2.0,SetByAsk
2025-12-19 08:54:26,2025-12-19T08:54:26,59.3,15.0,SetByAsk
2025-12-19 08:56:45,2025-12-19T08:56:45,59.31,1.0,SetByBid
2025-12-19 08:56:45,2025-12-19T08:56:45,59.31,1.0,SetByAsk
2025-12-19 08:58:01,2025-12-19T08:58:01,59.32,2.0,SetByBid
2025-12-19 09:13:33,2025-12-19T09:13:33,59.29,1.0,SetByBid
2025-12-19 09:23:40,2025-12-19T09:23:40,59.27,1.0,SetByAsk
2025-12-19 09:23:40,2025-12-19T09:23:40,59.27,1.0,SetByAsk
2025-12-19 09:23:40,2025-12-19T09:23:40,59.27,1.0,SetByAsk
2025-12-19 09:23:40,2025-12-19T09:23:40,59.27,1.0,SetByAsk
2025-12-19 09:23:40,2025-12-19T09:23:40,59.27,1.0,SetByAsk
2025-12-19 09:23:40,2025-12-19T09:23:40,59.27,1.0,SetByAsk
2025-12-19 09:23:40,2025-12-19T09:23:40,59.27,2.0,SetByAsk
2025-12-19 09:23:40,2025-12-19T09:23:40,59.27,1.0,SetByAsk
2025-12-19 09:23:40,2025-12-19T09:23:40,59.27,1.0,SetByAsk
2025-12-19 09:23:40,2025-12-19T09:23:40,59.27,1.0,SetByAsk
2025-12-19 09:23:40,2025-12-19T09:23:40,59.27,1.0,SetByAsk
2025-12-19 09:23:40,2025-12-19T09:23:40,59.27,1.0,SetByAsk
2025-12-19 09:23:40,2025-12-19T09:23:40,59.27,2.0,SetByAsk
2025-12-19 09:23:40,2025-12-19T09:23:40,59.27,1.0,SetByAsk
2025-12-19 09:23:40,2025-12-19T09:23:40,59.27,1.0,SetByAsk
2025-12-19 09:23:40,2025-12-19T09:23:40,59.27,1.0,SetByAsk
2025-12-19 09:23:40,2025-12-19T09:23:40,59.27,1.0,SetByAsk
2025-12-19 09:23:40,2025-12-19T09:23:40,59.27,2.0,SetByAsk
2025-12-19 09:23:40,2025-12-19T09:23:40,59.27,2.0,SetByAsk
2025-12-19 09:23:40,2025-12-19T09:23:40,59.27,1.0,SetByAsk
2025-12-19 09:23:40,2025-12-19T09:23:40,59.27,2.0,SetByAsk
2025-12-19 09:23:40,2025-12-19T09:23:40,59.27,3.0,SetByAsk
2025-12-19 09:23:40,2025-12-19T09:23:40,59.27,1.0,SetByAsk
2025-12-19 09:23:40,2025-12-19T09:23:40,59.27,1.0,SetByAsk
2025-12-19 09:23:40,2025-12-19T09:23:40,59.27,1.0,SetByAsk
2025-12-19 09:23:40,2025-12-19T09:23:40,59.27,1.0,SetByAsk
2025-12-19 09:23:40,2025-12-19T09:23:40,59.27,1.0,SetByAsk
2025-12-19 09:23:40,2025-12-19T09:23:40,59.27,3.0,SetByBid
2025-12-19 09:23:40,2025-12-19T09:23:40,59.27,1.0,SetByAsk
2025-12-19 09:23:40,2025-12-19T09:23:40,59.27,1.0,SetByBid
2025-12-19 09:23:40,2025-12-19T09:23:40,59.27,1.0,SetByBid
2025-12-19 09:23:40,2025-12-19T09:23:40,59.27,1.0,SetByBid
2025-12-19 09:26:25,2025-12-19T09:26:25,59.26,1.0,SetByAsk
2025-12-19 09:27:57,2025-12-19T09:27:57,59.25,1.0,SetByAsk
2025-12-19 09:27:57,2025-12-19T09:27:57,59.25,1.0,SetByAsk
2025-12-19 09:27:57,2025-12-19T09:27:57,59.24,1.0,SetByAsk
2025-12-19 09:27:57,2025-12-19T09:27:57,59.24,1.0,SetByAsk
2025-12-19 09:27:57,2025-12-19T09:27:57,59.24,1.0,SetByAsk
2025-12-19 09:27:57,2025-12-19T09:27:57,59.24,1.0,SetByAsk
2025-12-19 09:27:57,2025-12-19T09:27:57,59.24,1.0,SetByAsk
2025-12-19 09:27:57,2025-12-19T09:27:57,59.24,1.0,SetByAsk
2025-12-19 09:27:57,2025-12-19T09:27:57,59.24,1.0,SetByAsk
2025-12-19 09:27:57,2025-12-19T09:27:57,59.24,1.0,SetByAsk
2025-12-19 09:27:57,2025-12-19T09:27:57,59.24,1.0,SetByAsk
2025-12-19 09:27:57,2025-12-19T09:27:57,59.24,1.0,SetByAsk
2025-12-19 09:27:57,2025-12-19T09:27:57,59.24,1.0,SetByAsk
2025-12-19 09:27:57,2025-12-19T09:27:57,59.24,1.0,SetByAsk
2025-12-19 09:27:57,2025-12-19T09:27:57,59.24,3.0,SetByAsk
2025-12-19 09:27:57,2025-12-19T09:27:57,59.24,2.0,SetByAsk
2025-12-19 09:27:57,2025-12-19T09:27:57,59.24,1.0,SetByAsk
2025-12-19 09:27:57,2025-12-19T09:27:57,59.24,1.0,SetByAsk
2025-12-19 09:27:57,2025-12-19T09:27:57,59.24,2.0,SetByAsk
2025-12-19 09:27:57,2025-12-19T09:27:57,59.24,2.0,SetByAsk
2025-12-19 09:27:57,2025-12-19T09:27:57,59.24,1.0,SetByAsk
2025-12-19 09:27:57,2025-12-19T09:27:57,59.24,1.0,SetByAsk
2025-12-19 09:27:57,2025-12-19T09:27:57,59.24,1.0,SetByAsk
2025-12-19 09:27:57,2025-12-19T09:27:57,59.24,1.0,SetByAsk
2025-12-19 09:27:57,2025-12-19T09:27:57,59.24,1.0,SetByAsk
2025-12-19 09:27:57,2025-12-19T09:27:57,59.24,2.0,SetByAsk
2025-12-19 09:27:57,2025-12-19T09:27:57,59.24,2.0,SetByAsk
2025-12-19 09:27:57,2025-12-19T09:27:57,59.24,1.0,SetByBid
2025-12-19 09:27:57,2025-12-19T09:27:57,59.24,2.0,SetByBid
2025-12-19 09:27:57,2025-12-19T09:27:57,59.24,1.0,SetByAsk
2025-12-19 09:27:57,2025-12-19T09:27:57,59.24,1.0,SetByAsk
2025-12-19 09:27:57,2025-12-19T09:27:57,59.24,1.0,SetByAsk
2025-12-19 09:27:57,2025-12-19T09:27:57,59.24,1.0,SetByAsk
2025-12-19 09:28:03,2025-12-19T09:28:03,59.24,3.0,SetByBid
2025-12-19 09:28:03,2025-12-19T09:28:03,59.24,1.0,SetByBid
2025-12-19 09:28:03,2025-12-19T09:28:03,59.24,1.0,SetByBid
2025-12-19 09:28:08,2025-12-19T09:28:08,59.24,2.0,SetByBid
2025-12-19 09:31:58,2025-12-19T09:31:58,59.29,1.0,SetByBid
2025-12-19 09:31:58,2025-12-19T09:31:58,59.29,1.0,SetByBid
2025-12-19 09:31:58,2025-12-19T09:31:58,59.29,1.0,SetByBid
2025-12-19 09:31:59,2025-12-19T09:31:59,59.29,1.0,SetByBid
2025-12-19 09:32:05,2025-12-19T09:32:05,59.29,1.0,SetByBid
2025-12-19 09:32:23,2025-12-19T09:32:23,59.28,1.0,SetByAsk
2025-12-19 09:32:23,2025-12-19T09:32:23,59.28,1.0,SetByAsk
2025-12-19 09:32:23,2025-12-19T09:32:23,59.28,1.0,SetByAsk
2025-12-19 09:32:23,2025-12-19T09:32:23,59.28,1.0,SetByAsk
2025-12-19 09:32:23,2025-12-19T09:32:23,59.27,1.0,SetByAsk
2025-12-19 09:32:23,2025-12-19T09:32:23,59.27,1.0,SetByAsk
2025-12-19 09:32:23,2025-12-19T09:32:23,59.27,1.0,SetByAsk
2025-12-19 09:32:23,2025-12-19T09:32:23,59.27,1.0,SetByAsk
2025-12-19 09:32:23,2025-12-19T09:32:23,59.27,1.0,SetByAsk
2025-12-19 09:32:23,2025-12-19T09:32:23,59.27,1.0,SetByAsk
2025-12-19 09:32:23,2025-12-19T09:32:23,59.27,1.0,SetByAsk
2025-12-19 09:32:23,2025-12-19T09:32:23,59.27,1.0,SetByAsk
2025-12-19 09:32:23,2025-12-19T09:32:23,59.27,1.0,SetByAsk
2025-12-19 09:32:23,2025-12-19T09:32:23,59.27,1.0,SetByAsk
2025-12-19 09:32:23,2025-12-19T09:32:23,59.27,1.0,SetByAsk
2025-12-19 09:32:23,2025-12-19T09:32:23,59.27,2.0,SetByAsk
2025-12-19 09:32:23,2025-12-19T09:32:23,59.27,2.0,SetByAsk
2025-12-19 09:32:23,2025-12-19T09:32:23,59.27,1.0,SetByAsk
2025-12-19 09:32:23,2025-12-19T09:32:23,59.27,1.0,SetByAsk
2025-12-19 09:32:23,2025-12-19T09:32:23,59.27,3.0,SetByAsk
2025-12-19 09:32:23,2025-12-19T09:32:23,59.27,1.0,SetByAsk
2025-12-19 09:32:23,2025-12-19T09:32:23,59.27,1.0,SetByAsk
2025-12-19 09:32:23,2025-12-19T09:32:23,59.27,1.0,SetByAsk
2025-12-19 09:32:23,2025-12-19T09:32:23,59.27,2.0,SetByAsk
2025-12-19 09:32:23,2025-12-19T09:32:23,59.27,1.0,SetByAsk
2025-12-19 09:32:23,2025-12-19T09:32:23,59.27,2.0,SetByAsk
2025-12-19 09:32:23,2025-12-19T09:32:23,59.27,2.0,SetByAsk
2025-12-19 09:32:23,2025-12-19T09:32:23,59.27,3.0,SetByAsk
2025-12-19 09:32:23,2025-12-19T09:32:23,59.27,1.0,SetByAsk
2025-12-19 09:32:23,2025-12-19T09:32:23,59.27,1.0,SetByAsk
2025-12-19 09:32:23,2025-12-19T09:32:23,59.27,1.0,SetByBid
2025-12-19 09:32:26,2025-12-19T09:32:26,59.27,1.0,SetByBid
2025-12-19 09:32:31,2025-12-19T09:32:31,59.27,1.0,SetByBid
2025-12-19 09:32:31,2025-12-19T09:32:31,59.27,1.0,SetByBid
2025-12-19 09:32:31,2025-12-19T09:32:31,59.27,1.0,SetByBid
2025-12-19 09:32:31,2025-12-19T09:32:31,59.27,1.0,SetByBid
2025-12-19 09:32:31,2025-12-19T09:32:31,59.27,1.0,SetByBid
2025-12-19 09:32:31,2025-12-19T09:32:31,59.27,4.0,SetByBid
2025-12-19 09:32:31,2025-12-19T09:32:31,59.27,1.0,SetByBid
2025-12-19 09:33:16,2025-12-19T09:33:16,59.26,1.0,SetByAsk
2025-12-19 09:33:16,2025-12-19T09:33:16,59.26,1.0,SetByAsk
2025-12-19 09:33:16,2025-12-19T09:33:16,59.26,1.0,SetByAsk
2025-12-19 09:33:16,2025-12-19T09:33:16,59.26,1.0,SetByAsk
2025-12-19 09:33:16,2025-12-19T09:33:16,59.26,1.0,SetByAsk
2025-12-19 09:33:16,2025-12-19T09:33:16,59.26,1.0,SetByAsk
2025-12-19 09:33:25,2025-12-19T09:33:25,59.25,1.0,SetByBid
2025-12-19 09:34:02,2025-12-19T09:34:02,59.24,1.0,SetByBid
2025-12-19 09:34:02,2025-12-19T09:34:02,59.25,1.0,SetByBid
2025-12-19 09:34:02,2025-12-19T09:34:02,59.25,1.0,SetByBid
2025-12-19 09:34:02,2025-12-19T09:34:02,59.25,1.0,SetByBid
2025-12-19 09:34:38,2025-12-19T09:34:38,59.24,1.0,SetByBid
2025-12-19 09:36:38,2025-12-19T09:36:38,59.23,1.0,SetByBid
2025-12-19 09:39:27,2025-12-19T09:39:27,59.22,1.0,SetByBid
2025-12-19 09:39:36,2025-12-19T09:39:36,59.22,1.0,SetByBid
2025-12-19 09:40:03,2025-12-19T09:40:03,59.24,2.0,SetByBid
2025-12-19 09:43:08,2025-12-19T09:43:08,59.21,1.0,SetByBid
2025-12-19 09:43:08,2025-12-19T09:43:08,59.21,1.0,SetByBid
2025-12-19 09:47:22,2025-12-19T09:47:22,59.2,1.0,SetByAsk
2025-12-19 09:47:37,2025-12-19T09:47:37,59.2,2.0,SetByAsk
2025-12-19 09:47:37,2025-12-19T09:47:37,59.2,1.0,SetByAsk
2025-12-19 09:47:37,2025-12-19T09:47:37,59.2,1.0,SetByAsk
2025-12-19 09:47:37,2025-12-19T09:47:37,59.2,1.0,SetByAsk
2025-12-19 09:47:37,2025-12-19T09:47:37,59.21,1.0,SetByBid
2025-12-19 09:47:37,2025-12-19T09:47:37,59.21,1.0,SetByBid
2025-12-19 09:47:37,2025-12-19T09:47:37,59.22,2.0,SetByBid
2025-12-19 09:48:08,2025-12-19T09:48:08,59.22,2.0,SetByBid
2025-12-19 09:48:15,2025-12-19T09:48:15,59.21,1.0,SetByAsk
2025-12-19 09:48:15,2025-12-19T09:48:15,59.21,1.0,SetByAsk
2025-12-19 09:48:15,2025-12-19T09:48:15,59.21,1.0,SetByAsk
2025-12-19 09:48:15,2025-12-19T09:48:15,59.21,1.0,SetByAsk
2025-12-19 09:48:15,2025-12-19T09:48:15,59.21,1.0,"SetByAsk, Leg"
2025-12-19 09:48:15,2025-12-19T09:48:15,59.2,1.0,"SetByAsk, Leg"
2025-12-19 09:48:15,2025-12-19T09:48:15,59.2,3.0,SetByAsk
2025-12-19 09:48:15,2025-12-19T09:48:15,59.2,1.0,SetByAsk
2025-12-19 09:48:15,2025-12-19T09:48:15,59.2,1.0,SetByAsk
2025-12-19 09:48:15,2025-12-19T09:48:15,59.2,1.0,SetByAsk
2025-12-19 09:48:15,2025-12-19T09:48:15,59.2,1.0,SetByAsk
2025-12-19 09:48:15,2025-12-19T09:48:15,59.2,1.0,SetByAsk
2025-12-19 09:48:15,2025-12-19T09:48:15,59.2,5.0,SetByAsk
2025-12-19 09:48:15,2025-12-19T09:48:15,59.2,1.0,SetByAsk
2025-12-19 09:48:15,2025-12-19T09:48:15,59.2,1.0,SetByAsk
2025-12-19 09:48:15,2025-12-19T09:48:15,59.2,1.0,SetByAsk
2025-12-19 09:48:15,2025-12-19T09:48:15,59.2,1.0,SetByAsk
2025-12-19 09:48:15,2025-12-19T09:48:15,59.2,1.0,SetByAsk
2025-12-19 09:48:15,2025-12-19T09:48:15,59.2,1.0,SetByAsk
2025-12-19 09:48:15,2025-12-19T09:48:15,59.2,1.0,SetByAsk
2025-12-19 09:48:15,2025-12-19T09:48:15,59.2,1.0,SetByAsk
2025-12-19 09:48:15,2025-12-19T09:48:15,59.2,1.0,SetByAsk
2025-12-19 09:48:15,2025-12-19T09:48:15,59.2,1.0,SetByAsk
2025-12-19 09:48:15,2025-12-19T09:48:15,59.2,1.0,SetByAsk
2025-12-19 09:48:15,2025-12-19T09:48:15,59.2,1.0,SetByAsk
2025-12-19 09:48:15,2025-12-19T09:48:15,59.2,1.0,SetByAsk
2025-12-19 09:48:15,2025-12-19T09:48:15,59.2,1.0,SetByAsk
2025-12-19 09:48:15,2025-12-19T09:48:15,59.2,1.0,SetByAsk
2025-12-19 09:48:15,2025-12-19T09:48:15,59.2,3.0,SetByAsk
2025-12-19 09:48:15,2025-12-19T09:48:15,59.2,2.0,SetByAsk
2025-12-19 09:48:15,2025-12-19T09:48:15,59.2,1.0,SetByAsk
2025-12-19 09:48:15,2025-12-19T09:48:15,59.21,1.0,SetByBid
2025-12-19 09:48:55,2025-12-19T09:48:55,59.2,1.0,SetByBid
2025-12-19 09:54:46,2025-12-19T09:54:46,59.2,1.0,SetByBid
2025-12-19 09:54:46,2025-12-19T09:54:46,59.2,1.0,SetByBid
2025-12-19 09:54:46,2025-12-19T09:54:46,59.2,1.0,SetByBid
2025-12-19 09:54:53,2025-12-19T09:54:53,59.22,1.0,SetByBid
2025-12-19 09:54:53,2025-12-19T09:54:53,59.22,1.0,SetByBid
2025-12-19 09:54:53,2025-12-19T09:54:53,59.22,1.0,SetByBid
2025-12-19 09:57:38,2025-12-19T09:57:38,59.19,1.0,SetByBid
2025-12-19 09:58:17,2025-12-19T09:58:17,59.19,1.0,SetByBid
2025-12-19 09:58:35,2025-12-19T09:58:35,59.19,1.0,SetByAsk
2025-12-19 09:58:50,2025-12-19T09:58:50,59.19,1.0,SetByAsk
2025-12-19 09:58:53,2025-12-19T09:58:53,59.2,1.0,SetByBid
2025-12-19 09:58:53,2025-12-19T09:58:53,59.2,1.0,SetByBid
2025-12-19 10:00:01,2025-12-19T10:00:01,59.21,1.0,SetByAsk
2025-12-19 10:00:11,2025-12-19T10:00:11,59.2,2.0,SetByAsk
2025-12-19 10:00:11,2025-12-19T10:00:11,59.2,1.0,SetByAsk
2025-12-19 10:00:11,2025-12-19T10:00:11,59.2,1.0,SetByAsk
2025-12-19 10:00:11,2025-12-19T10:00:11,59.2,1.0,SetByAsk
2025-12-19 10:00:11,2025-12-19T10:00:11,59.2,1.0,SetByAsk
2025-12-19 10:00:12,2025-12-19T10:00:12,59.2,1.0,SetByAsk
2025-12-19 10:00:12,2025-12-19T10:00:12,59.2,1.0,SetByAsk
2025-12-19 10:00:29,2025-12-19T10:00:29,59.21,1.0,SetByBid
2025-12-19 10:00:29,2025-12-19T10:00:29,59.21,1.0,SetByAsk
2025-12-19 10:00:52,2025-12-19T10:00:52,59.22,2.0,SetByBid
2025-12-19 10:03:02,2025-12-19T10:03:02,59.23,1.0,SetByBid
2025-12-19 10:03:02,2025-12-19T10:03:02,59.23,2.0,SetByBid
2025-12-19 10:03:02,2025-12-19T10:03:02,59.23,1.0,SetByBid
2025-12-19 10:06:33,2025-12-19T10:06:33,59.25,1.0,SetByBid
2025-12-19 10:06:33,2025-12-19T10:06:33,59.25,1.0,SetByBid
2025-12-19 10:07:06,2025-12-19T10:07:06,59.26,1.0,SetByBid
2025-12-19 10:07:06,2025-12-19T10:07:06,59.26,1.0,SetByBid
2025-12-19 10:07:19,2025-12-19T10:07:19,59.24,1.0,SetByBid
2025-12-19 10:07:25,2025-12-19T10:07:25,59.22,1.0,SetByAsk
2025-12-19 10:07:25,2025-12-19T10:07:25,59.21,1.0,SetByBid
2025-12-19 10:07:25,2025-12-19T10:07:25,59.21,1.0,SetByAsk
2025-12-19 10:07:25,2025-12-19T10:07:25,59.21,1.0,SetByAsk
2025-12-19 10:08:55,2025-12-19T10:08:55,59.21,1.0,SetByBid
2025-12-19 10:08:55,2025-12-19T10:08:55,59.21,2.0,SetByBid
2025-12-19 10:08:55,2025-12-19T10:08:55,59.21,1.0,SetByBid
2025-12-19 10:08:55,2025-12-19T10:08:55,59.2,1.0,SetByAsk
2025-12-19 10:09:48,2025-12-19T10:09:48,59.21,1.0,SetByAsk
2025-12-19 10:09:48,2025-12-19T10:09:48,59.2,1.0,SetByAsk
2025-12-19 10:09:59,2025-12-19T10:09:59,59.22,1.0,SetByBid
2025-12-19 10:11:00,2025-12-19T10:11:00,59.21,1.0,SetByBid
2025-12-19 10:11:00,2025-12-19T10:11:00,59.21,1.0,SetByBid
2025-12-19 10:12:14,2025-12-19T10:12:14,59.21,1.0,SetByBid
2025-12-19 10:12:14,2025-12-19T10:12:14,59.21,1.0,SetByBid
2025-12-19 10:14:45,2025-12-19T10:14:45,59.2,1.0,SetByAsk
2025-12-19 10:14:58,2025-12-19T10:14:58,59.21,1.0,SetByBid
2025-12-19 10:14:58,2025-12-19T10:14:58,59.21,1.0,SetByBid
2025-12-19 10:15:44,2025-12-19T10:15:44,59.21,2.0,"SetByAsk, Leg"
2025-12-19 10:15:44,2025-12-19T10:15:44,59.2,2.0,"SetByAsk, Leg"
2025-12-19 10:15:44,2025-12-19T10:15:44,59.2,1.0,SetByAsk
2025-12-19 10:15:44,2025-12-19T10:15:44,59.2,3.0,SetByAsk
2025-12-19 10:15:44,2025-12-19T10:15:44,59.2,1.0,SetByAsk
2025-12-19 10:15:44,2025-12-19T10:15:44,59.2,1.0,SetByAsk
2025-12-19 10:15:52,2025-12-19T10:15:52,59.2,2.0,SetByAsk
2025-12-19 10:15:52,2025-12-19T10:15:52,59.2,3.0,SetByAsk
2025-12-19 10:15:52,2025-12-19T10:15:52,59.2,1.0,SetByAsk
2025-12-19 10:15:52,2025-12-19T10:15:52,59.2,1.0,SetByAsk
2025-12-19 10:15:52,2025-12-19T10:15:52,59.2,2.0,SetByBid
2025-12-19 10:15:52,2025-12-19T10:15:52,59.2,1.0,SetByAsk
2025-12-19 10:15:52,2025-12-19T10:15:52,59.2,1.0,SetByAsk
2025-12-19 10:15:52,2025-12-19T10:15:52,59.2,1.0,SetByAsk
2025-12-19 10:15:52,2025-12-19T10:15:52,59.2,1.0,SetByBid
2025-12-19 10:15:52,2025-12-19T10:15:52,59.2,2.0,SetByBid
2025-12-19 10:15:52,2025-12-19T10:15:52,59.2,1.0,SetByAsk
2025-12-19 10:15:52,2025-12-19T10:15:52,59.2,1.0,SetByBid
2025-12-19 10:15:52,2025-12-19T10:15:52,59.2,1.0,SetByBid
2025-12-19 10:15:52,2025-12-19T10:15:52,59.2,1.0,SetByBid
2025-12-19 10:15:52,2025-12-19T10:15:52,59.2,1.0,SetByAsk
2025-12-19 10:15:52,2025-12-19T10:15:52,59.19,99.0,SetByAsk
2025-12-19 10:15:57,2025-12-19T10:15:57,59.18,1.0,SetByAsk
2025-12-19 10:15:57,2025-12-19T10:15:57,59.18,1.0,SetByAsk
2025-12-19 10:15:57,2025-12-19T10:15:57,59.18,1.0,SetByAsk
2025-12-19 10:15:57,2025-12-19T10:15:57,59.18,1.0,SetByAsk
2025-12-19 10:15:57,2025-12-19T10:15:57,59.18,1.0,SetByAsk
2025-12-19 10:15:57,2025-12-19T10:15:57,59.18,1.0,SetByAsk
2025-12-19 10:15:57,2025-12-19T10:15:57,59.18,4.0,SetByAsk
2025-12-19 10:16:04,2025-12-19T10:16:04,59.19,1.0,SetByBid
2025-12-19 10:17:33,2025-12-19T10:17:33,59.18,1.0,SetByAsk
2025-12-19 10:17:33,2025-12-19T10:17:33,59.18,1.0,SetByAsk
2025-12-19 10:17:33,2025-12-19T10:17:33,59.18,1.0,SetByAsk
2025-12-19 10:17:33,2025-12-19T10:17:33,59.18,1.0,SetByAsk
2025-12-19 10:17:41,2025-12-19T10:17:41,59.18,1.0,SetByAsk
2025-12-19 10:18:09,2025-12-19T10:18:09,59.19,1.0,SetByBid
2025-12-19 10:18:14,2025-12-19T10:18:14,59.19,1.0,SetByAsk
2025-12-19 10:18:19,2025-12-19T10:18:19,59.19,1.0,SetByBid
2025-12-19 10:18:19,2025-12-19T10:18:19,59.19,1.0,SetByBid
2025-12-19 10:18:28,2025-12-19T10:18:28,59.18,1.0,SetByAsk
2025-12-19 10:18:28,2025-12-19T10:18:28,59.18,1.0,SetByAsk
2025-12-19 10:18:28,2025-12-19T10:18:28,59.18,1.0,SetByAsk
2025-12-19 10:18:28,2025-12-19T10:18:28,59.18,1.0,SetByAsk
2025-12-19 10:18:35,2025-12-19T10:18:35,59.19,1.0,SetByAsk
2025-12-19 10:18:36,2025-12-19T10:18:36,59.18,1.0,SetByAsk
2025-12-19 10:19:04,2025-12-19T10:19:04,59.18,1.0,SetByAsk
2025-12-19 10:20:41,2025-12-19T10:20:41,59.17,1.0,SetByAsk
2025-12-19 10:20:41,2025-12-19T10:20:41,59.17,1.0,SetByAsk
2025-12-19 10:20:41,2025-12-19T10:20:41,59.17,1.0,SetByAsk
2025-12-19 10:20:45,2025-12-19T10:20:45,59.18,1.0,SetByAsk
2025-12-19 10:20:45,2025-12-19T10:20:45,59.17,1.0,SetByAsk
2025-12-19 10:21:08,2025-12-19T10:21:08,59.19,1.0,SetByBid
2025-12-19 10:21:10,2025-12-19T10:21:10,59.19,1.0,SetByBid
2025-12-19 10:22:07,2025-12-19T10:22:07,59.17,1.0,SetByAsk
2025-12-19 10:22:07,2025-12-19T10:22:07,59.17,1.0,SetByAsk
2025-12-19 10:22:07,2025-12-19T10:22:07,59.17,1.0,SetByAsk
2025-12-19 10:22:07,2025-12-19T10:22:07,59.17,1.0,SetByAsk
2025-12-19 10:22:07,2025-12-19T10:22:07,59.17,1.0,SetByAsk
2025-12-19 10:22:07,2025-12-19T10:22:07,59.17,1.0,SetByAsk
2025-12-19 10:22:07,2025-12-19T10:22:07,59.17,1.0,SetByAsk
2025-12-19 10:22:07,2025-12-19T10:22:07,59.17,1.0,SetByAsk
2025-12-19 10:22:12,2025-12-19T10:22:12,59.19,1.0,SetByBid
2025-12-19 10:22:12,2025-12-19T10:22:12,59.19,1.0,SetByBid
2025-12-19 10:22:12,2025-12-19T10:22:12,59.19,1.0,SetByBid
2025-12-19 10:22:12,2025-12-19T10:22:12,59.19,2.0,SetByBid
2025-12-19 10:22:13,2025-12-19T10:22:13,59.19,1.0,SetByBid
2025-12-19 10:22:18,2025-12-19T10:22:18,59.19,1.0,SetByBid
2025-12-19 10:23:18,2025-12-19T10:23:18,59.2,1.0,SetByBid
2025-12-19 10:27:13,2025-12-19T10:27:13,59.22,1.0,SetByBid
2025-12-19 10:28:41,2025-12-19T10:28:41,59.22,1.0,SetByAsk
2025-12-19 10:28:41,2025-12-19T10:28:41,59.22,1.0,SetByAsk
2025-12-19 10:28:41,2025-12-19T10:28:41,59.22,1.0,SetByAsk
2025-12-19 10:28:41,2025-12-19T10:28:41,59.22,1.0,SetByAsk
2025-12-19 10:28:54,2025-12-19T10:28:54,59.22,1.0,SetByAsk
2025-12-19 10:28:54,2025-12-19T10:28:54,59.22,1.0,SetByAsk
2025-12-19 10:28:54,2025-12-19T10:28:54,59.22,1.0,SetByAsk
2025-12-19 10:29:57,2025-12-19T10:29:57,59.22,1.0,SetByAsk
2025-12-19 10:29:57,2025-12-19T10:29:57,59.22,1.0,SetByAsk
2025-12-19 10:30:01,2025-12-19T10:30:01,59.22,1.0,SetByAsk
2025-12-19 10:30:01,2025-12-19T10:30:01,59.22,1.0,SetByAsk
2025-12-19 10:30:42,2025-12-19T10:30:42,59.24,1.0,SetByBid
2025-12-19 10:31:17,2025-12-19T10:31:17,59.27,1.0,SetByBid
2025-12-19 10:31:17,2025-12-19T10:31:17,59.27,1.0,SetByBid
2025-12-19 10:31:34,2025-12-19T10:31:34,59.27,1.0,SetByBid
2025-12-19 10:31:34,2025-12-19T10:31:34,59.27,1.0,SetByBid
2025-12-19 10:31:44,2025-12-19T10:31:44,59.29,1.0,SetByBid
2025-12-19 10:31:58,2025-12-19T10:31:58,59.3,1.0,SetByAsk
2025-12-19 10:33:03,2025-12-19T10:33:03,59.29,1.0,SetByBid
2025-12-19 10:33:25,2025-12-19T10:33:25,59.3,1.0,SetByBid
2025-12-19 10:33:25,2025-12-19T10:33:25,59.3,1.0,SetByBid
2025-12-19 10:33:25,2025-12-19T10:33:25,59.3,1.0,SetByBid
2025-12-19 10:33:25,2025-12-19T10:33:25,59.3,1.0,SetByBid
2025-12-19 10:33:25,2025-12-19T10:33:25,59.3,1.0,SetByBid
2025-12-19 10:33:25,2025-12-19T10:33:25,59.3,1.0,SetByBid
2025-12-19 10:33:25,2025-12-19T10:33:25,59.3,1.0,SetByBid
2025-12-19 10:33:25,2025-12-19T10:33:25,59.3,1.0,SetByBid
2025-12-19 10:33:25,2025-12-19T10:33:25,59.3,1.0,SetByBid
2025-12-19 10:33:25,2025-12-19T10:33:25,59.3,2.0,SetByBid
2025-12-19 10:33:25,2025-12-19T10:33:25,59.3,1.0,SetByBid
2025-12-19 10:33:25,2025-12-19T10:33:25,59.3,1.0,SetByBid
2025-12-19 10:33:25,2025-12-19T10:33:25,59.3,1.0,SetByBid
2025-12-19 10:33:25,2025-12-19T10:33:25,59.3,1.0,SetByBid
2025-12-19 10:33:25,2025-12-19T10:33:25,59.3,4.0,SetByBid
2025-12-19 10:33:25,2025-12-19T10:33:25,59.3,1.0,SetByBid
2025-12-19 10:33:25,2025-12-19T10:33:25,59.3,3.0,SetByBid
2025-12-19 10:33:25,2025-12-19T10:33:25,59.3,2.0,SetByBid
2025-12-19 10:33:25,2025-12-19T10:33:25,59.3,1.0,SetByAsk
2025-12-19 10:33:25,2025-12-19T10:33:25,59.3,2.0,SetByAsk
2025-12-19 10:33:25,2025-12-19T10:33:25,59.3,1.0,SetByAsk
2025-12-19 10:33:25,2025-12-19T10:33:25,59.3,3.0,SetByAsk
2025-12-19 10:33:36,2025-12-19T10:33:36,59.31,1.0,SetByBid
2025-12-19 10:33:36,2025-12-19T10:33:36,59.31,1.0,SetByBid
2025-12-19 10:33:36,2025-12-19T10:33:36,59.31,1.0,SetByBid
2025-12-19 10:33:36,2025-12-19T10:33:36,59.31,2.0,SetByBid
2025-12-19 10:33:36,2025-12-19T10:33:36,59.31,1.0,SetByBid
2025-12-19 10:33:36,2025-12-19T10:33:36,59.31,2.0,SetByBid
2025-12-19 10:33:36,2025-12-19T10:33:36,59.31,2.0,SetByBid
2025-12-19 10:33:36,2025-12-19T10:33:36,59.31,2.0,"SetByBid, Leg"
2025-12-19 10:33:36,2025-12-19T10:33:36,59.32,2.0,"SetByBid, Leg"
2025-12-19 10:35:19,2025-12-19T10:35:19,59.3,1.0,SetByBid
2025-12-19 10:36:06,2025-12-19T10:36:06,59.29,1.0,SetByBid
2025-12-19 10:36:06,2025-12-19T10:36:06,59.29,3.0,SetByBid
2025-12-19 10:36:06,2025-12-19T10:36:06,59.29,1.0,SetByBid
2025-12-19 10:36:06,2025-12-19T10:36:06,59.28,1.0,SetByAsk
2025-12-19 10:36:06,2025-12-19T10:36:06,59.28,1.0,SetByAsk
2025-12-19 10:36:07,2025-12-19T10:36:07,59.28,1.0,SetByAsk
2025-12-19 10:36:12,2025-12-19T10:36:12,59.29,1.0,SetByBid
2025-12-19 10:36:12,2025-12-19T10:36:12,59.29,1.0,SetByBid
2025-12-19 10:36:12,2025-12-19T10:36:12,59.29,1.0,SetByBid
2025-12-19 10:36:12,2025-12-19T10:36:12,59.29,1.0,SetByBid
2025-12-19 10:36:12,2025-12-19T10:36:12,59.29,1.0,"SetByBid, Leg"
2025-12-19 10:36:12,2025-12-19T10:36:12,59.3,1.0,"SetByBid, Leg"
2025-12-19 10:36:12,2025-12-19T10:36:12,59.3,1.0,SetByBid
2025-12-19 10:36:12,2025-12-19T10:36:12,59.3,1.0,SetByBid
2025-12-19 10:36:12,2025-12-19T10:36:12,59.3,1.0,SetByBid
2025-12-19 10:36:12,2025-12-19T10:36:12,59.3,1.0,SetByBid
2025-12-19 10:36:12,2025-12-19T10:36:12,59.3,1.0,SetByBid
2025-12-19 10:36:12,2025-12-19T10:36:12,59.3,2.0,SetByBid
2025-12-19 10:36:12,2025-12-19T10:36:12,59.3,1.0,SetByBid
2025-12-19 10:36:12,2025-12-19T10:36:12,59.3,1.0,SetByBid
2025-12-19 10:36:12,2025-12-19T10:36:12,59.3,1.0,SetByBid
2025-12-19 10:36:12,2025-12-19T10:36:12,59.3,1.0,SetByBid
2025-12-19 10:36:12,2025-12-19T10:36:12,59.3,1.0,SetByBid
2025-12-19 10:36:12,2025-12-19T10:36:12,59.3,1.0,SetByBid
2025-12-19 10:36:12,2025-12-19T10:36:12,59.3,1.0,SetByBid
2025-12-19 10:36:12,2025-12-19T10:36:12,59.3,1.0,SetByBid
2025-12-19 10:36:12,2025-12-19T10:36:12,59.3,1.0,SetByBid
2025-12-19 10:36:12,2025-12-19T10:36:12,59.3,1.0,SetByBid
2025-12-19 10:36:12,2025-12-19T10:36:12,59.3,1.0,SetByBid
2025-12-19 10:36:12,2025-12-19T10:36:12,59.3,1.0,SetByBid
2025-12-19 10:36:12,2025-12-19T10:36:12,59.3,1.0,SetByBid
2025-12-19 10:36:12,2025-12-19T10:36:12,59.3,1.0,SetByBid
2025-12-19 10:36:12,2025-12-19T10:36:12,59.3,1.0,SetByBid
2025-12-19 10:36:12,2025-12-19T10:36:12,59.3,1.0,SetByBid
2025-12-19 10:36:12,2025-12-19T10:36:12,59.3,1.0,SetByBid
2025-12-19 10:36:12,2025-12-19T10:36:12,59.3,1.0,SetByBid
2025-12-19 10:36:12,2025-12-19T10:36:12,59.3,1.0,SetByBid
2025-12-19 10:36:12,2025-12-19T10:36:12,59.3,3.0,SetByBid
2025-12-19 10:36:12,2025-12-19T10:36:12,59.3,1.0,SetByBid
2025-12-19 10:36:12,2025-12-19T10:36:12,59.3,1.0,SetByBid
2025-12-19 10:36:12,2025-12-19T10:36:12,59.3,1.0,SetByBid
2025-12-19 10:36:12,2025-12-19T10:36:12,59.3,1.0,SetByBid
2025-12-19 10:36:12,2025-12-19T10:36:12,59.3,1.0,SetByAsk
2025-12-19 10:36:12,2025-12-19T10:36:12,59.3,1.0,SetByAsk
2025-12-19 10:36:12,2025-12-19T10:36:12,59.3,1.0,SetByAsk
2025-12-19 10:36:12,2025-12-19T10:36:12,59.3,2.0,SetByAsk
2025-12-19 10:36:12,2025-12-19T10:36:12,59.3,1.0,SetByAsk
2025-12-19 10:36:12,2025-12-19T10:36:12,59.3,1.0,SetByAsk
2025-12-19 10:36:12,2025-12-19T10:36:12,59.3,3.0,SetByAsk
2025-12-19 10:36:12,2025-12-19T10:36:12,59.3,3.0,SetByAsk
2025-12-19 10:36:12,2025-12-19T10:36:12,59.3,1.0,SetByAsk
2025-12-19 10:36:12,2025-12-19T10:36:12,59.3,3.0,SetByAsk
2025-12-19 10:36:12,2025-12-19T10:36:12,59.3,2.0,SetByAsk
2025-12-19 10:36:12,2025-12-19T10:36:12,59.3,1.0,SetByAsk
2025-12-19 10:36:12,2025-12-19T10:36:12,59.3,1.0,SetByAsk
2025-12-19 10:36:12,2025-12-19T10:36:12,59.3,1.0,SetByAsk
2025-12-19 10:36:12,2025-12-19T10:36:12,59.3,1.0,SetByAsk
2025-12-19 10:36:12,2025-12-19T10:36:12,59.3,1.0,SetByAsk
2025-12-19 10:36:12,2025-12-19T10:36:12,59.3,1.0,SetByAsk
2025-12-19 10:36:12,2025-12-19T10:36:12,59.3,3.0,SetByAsk
2025-12-19 10:36:12,2025-12-19T10:36:12,59.28,1.0,SetByAsk
2025-12-19 10:36:12,2025-12-19T10:36:12,59.28,1.0,SetByAsk
2025-12-19 10:36:12,2025-12-19T10:36:12,59.28,1.0,SetByAsk
2025-12-19 10:37:08,2025-12-19T10:37:08,59.3,1.0,SetByBid
2025-12-19 10:41:39,2025-12-19T10:41:39,59.27,2.0,SetByBid
2025-12-19 10:43:16,2025-12-19T10:43:16,59.26,2.0,SetByBid
2025-12-19 10:43:16,2025-12-19T10:43:16,59.26,1.0,SetByBid
2025-12-19 10:44:15,2025-12-19T10:44:15,59.26,1.0,SetByBid
2025-12-19 10:45:14,2025-12-19T10:45:14,59.25,1.0,SetByAsk
2025-12-19 10:46:26,2025-12-19T10:46:26,59.25,1.0,SetByBid
2025-12-19 10:46:26,2025-12-19T10:46:26,59.25,1.0,SetByBid
2025-12-19 10:46:40,2025-12-19T10:46:40,59.26,1.0,SetByBid
2025-12-19 10:48:33,2025-12-19T10:48:33,59.24,3.0,SetByBid
2025-12-19 10:48:33,2025-12-19T10:48:33,59.24,1.0,SetByBid
2025-12-19 10:49:03,2025-12-19T10:49:03,59.25,1.0,SetByBid
2025-12-19 10:50:22,2025-12-19T10:50:22,59.25,1.0,SetByBid
2025-12-19 10:50:22,2025-12-19T10:50:22,59.25,1.0,SetByBid
2025-12-19 10:50:22,2025-12-19T10:50:22,59.25,2.0,SetByBid
2025-12-19 10:50:24,2025-12-19T10:50:24,59.25,1.0,SetByBid
2025-12-19 10:51:47,2025-12-19T10:51:47,59.25,1.0,SetByBid
2025-12-19 10:51:47,2025-12-19T10:51:47,59.26,1.0,SetByBid
2025-12-19 10:51:49,2025-12-19T10:51:49,59.25,1.0,SetByBid
2025-12-19 10:52:32,2025-12-19T10:52:32,59.26,1.0,SetByBid
2025-12-19 10:52:32,2025-12-19T10:52:32,59.26,1.0,SetByBid
2025-12-19 10:53:54,2025-12-19T10:53:54,59.26,1.0,SetByBid
2025-12-19 10:54:16,2025-12-19T10:54:16,59.27,1.0,SetByBid
2025-12-19 10:54:16,2025-12-19T10:54:16,59.27,1.0,SetByBid
2025-12-19 10:54:17,2025-12-19T10:54:17,59.27,1.0,SetByBid
2025-12-19 10:54:25,2025-12-19T10:54:25,59.27,1.0,SetByBid
2025-12-19 10:54:29,2025-12-19T10:54:29,59.27,1.0,SetByBid
2025-12-19 10:54:31,2025-12-19T10:54:31,59.27,1.0,SetByBid
2025-12-19 10:54:31,2025-12-19T10:54:31,59.27,1.0,SetByBid
2025-12-19 10:54:31,2025-12-19T10:54:31,59.28,1.0,SetByBid
2025-12-19 10:54:47,2025-12-19T10:54:47,59.27,1.0,SetByAsk
2025-12-19 10:55:01,2025-12-19T10:55:01,59.28,1.0,SetByBid
2025-12-19 10:55:07,2025-12-19T10:55:07,59.27,1.0,SetByAsk
2025-12-19 10:55:07,2025-12-19T10:55:07,59.27,1.0,SetByAsk
2025-12-19 10:56:05,2025-12-19T10:56:05,59.29,1.0,SetByBid
2025-12-19 10:56:05,2025-12-19T10:56:05,59.29,1.0,SetByBid
2025-12-19 10:56:05,2025-12-19T10:56:05,59.29,1.0,SetByBid
2025-12-19 10:56:05,2025-12-19T10:56:05,59.29,1.0,SetByBid
2025-12-19 10:56:05,2025-12-19T10:56:05,59.29,1.0,SetByBid
2025-12-19 10:56:05,2025-12-19T10:56:05,59.28,1.0,SetByBid
2025-12-19 10:56:05,2025-12-19T10:56:05,59.28,1.0,SetByBid
2025-12-19 10:56:05,2025-12-19T10:56:05,59.28,1.0,SetByBid
2025-12-19 10:56:05,2025-12-19T10:56:05,59.29,1.0,SetByBid
2025-12-19 10:56:05,2025-12-19T10:56:05,59.29,1.0,SetByBid
2025-12-19 10:56:05,2025-12-19T10:56:05,59.29,1.0,SetByBid
2025-12-19 10:56:05,2025-12-19T10:56:05,59.29,1.0,SetByBid
2025-12-19 10:56:06,2025-12-19T10:56:06,59.28,1.0,SetByBid
2025-12-19 10:57:44,2025-12-19T10:57:44,59.28,1.0,SetByAsk
2025-12-19 10:57:44,2025-12-19T10:57:44,59.28,1.0,SetByAsk
2025-12-19 10:57:44,2025-12-19T10:57:44,59.28,1.0,SetByAsk
2025-12-19 10:57:44,2025-12-19T10:57:44,59.28,2.0,SetByAsk
2025-12-19 10:57:44,2025-12-19T10:57:44,59.28,1.0,SetByAsk
2025-12-19 10:58:05,2025-12-19T10:58:05,59.28,2.0,SetByBid
2025-12-19 10:58:05,2025-12-19T10:58:05,59.28,1.0,SetByBid
2025-12-19 10:59:00,2025-12-19T10:59:00,59.3,1.0,SetByBid
2025-12-19 10:59:00,2025-12-19T10:59:00,59.3,1.0,SetByBid
2025-12-19 10:59:00,2025-12-19T10:59:00,59.3,1.0,SetByBid
2025-12-19 10:59:17,2025-12-19T10:59:17,59.3,1.0,SetByBid
2025-12-19 10:59:20,2025-12-19T10:59:20,59.3,1.0,SetByBid
2025-12-19 10:59:30,2025-12-19T10:59:30,59.3,1.0,SetByBid
2025-12-19 10:59:32,2025-12-19T10:59:32,59.3,1.0,SetByBid
2025-12-19 10:59:34,2025-12-19T10:59:34,59.3,1.0,SetByBid
2025-12-19 10:59:34,2025-12-19T10:59:34,59.3,1.0,SetByBid
2025-12-19 10:59:39,2025-12-19T10:59:39,59.29,1.0,SetByBid
2025-12-19 11:00:05,2025-12-19T11:00:05,59.28,1.0,SetByAsk
2025-12-19 11:00:05,2025-12-19T11:00:05,59.28,1.0,SetByAsk
2025-12-19 11:00:30,2025-12-19T11:00:30,59.3,1.0,SetByBid
2025-12-19 11:00:30,2025-12-19T11:00:30,59.3,1.0,SetByBid
2025-12-19 11:00:39,2025-12-19T11:00:39,59.26,1.0,SetByAsk
2025-12-19 11:00:39,2025-12-19T11:00:39,59.26,1.0,SetByAsk
2025-12-19 11:00:39,2025-12-19T11:00:39,59.26,2.0,SetByAsk
2025-12-19 11:00:39,2025-12-19T11:00:39,59.26,1.0,SetByAsk
2025-12-19 11:00:39,2025-12-19T11:00:39,59.26,1.0,SetByAsk
2025-12-19 11:00:39,2025-12-19T11:00:39,59.26,1.0,SetByAsk
2025-12-19 11:00:39,2025-12-19T11:00:39,59.26,1.0,SetByAsk
2025-12-19 11:00:39,2025-12-19T11:00:39,59.26,1.0,SetByAsk
2025-12-19 11:00:39,2025-12-19T11:00:39,59.26,1.0,SetByAsk
2025-12-19 11:01:02,2025-12-19T11:01:02,59.24,8.0,SetByAsk
2025-12-19 11:01:38,2025-12-19T11:01:38,59.26,1.0,SetByBid
2025-12-19 11:01:38,2025-12-19T11:01:38,59.26,1.0,SetByBid
2025-12-19 11:01:38,2025-12-19T11:01:38,59.26,1.0,SetByBid
2025-12-19 11:01:38,2025-12-19T11:01:38,59.26,1.0,SetByBid
2025-12-19 11:05:24,2025-12-19T11:05:24,59.28,1.0,SetByAsk
2025-12-19 11:05:24,2025-12-19T11:05:24,59.28,1.0,SetByAsk
2025-12-19 11:06:52,2025-12-19T11:06:52,59.26,1.0,SetByAsk
2025-12-19 11:06:52,2025-12-19T11:06:52,59.26,1.0,SetByAsk
2025-12-19 11:06:52,2025-12-19T11:06:52,59.26,1.0,SetByAsk
2025-12-19 11:06:52,2025-12-19T11:06:52,59.26,1.0,SetByAsk
2025-12-19 11:06:52,2025-12-19T11:06:52,59.25,1.0,SetByAsk
2025-12-19 11:06:52,2025-12-19T11:06:52,59.25,1.0,SetByAsk
2025-12-19 11:06:52,2025-12-19T11:06:52,59.25,1.0,SetByAsk
2025-12-19 11:06:52,2025-12-19T11:06:52,59.25,1.0,SetByAsk
2025-12-19 11:06:52,2025-12-19T11:06:52,59.25,1.0,SetByAsk
2025-12-19 11:06:52,2025-12-19T11:06:52,59.25,1.0,SetByAsk
2025-12-19 11:06:52,2025-12-19T11:06:52,59.25,1.0,SetByAsk
2025-12-19 11:06:52,2025-12-19T11:06:52,59.25,1.0,SetByAsk
2025-12-19 11:06:52,2025-12-19T11:06:52,59.25,1.0,SetByAsk
2025-12-19 11:06:52,2025-12-19T11:06:52,59.25,1.0,SetByAsk
2025-12-19 11:06:52,2025-12-19T11:06:52,59.25,1.0,SetByAsk
2025-12-19 11:06:52,2025-12-19T11:06:52,59.25,1.0,SetByAsk
2025-12-19 11:07:12,2025-12-19T11:07:12,59.23,1.0,SetByBid
2025-12-19 11:07:19,2025-12-19T11:07:19,59.23,2.0,SetByBid
2025-12-19 11:07:54,2025-12-19T11:07:54,59.24,1.0,SetByBid
2025-12-19 11:11:10,2025-12-19T11:11:10,59.23,1.0,SetByBid
2025-12-19 11:11:12,2025-12-19T11:11:12,59.23,2.0,SetByBid
2025-12-19 11:11:12,2025-12-19T11:11:12,59.23,1.0,SetByBid
2025-12-19 11:11:12,2025-12-19T11:11:12,59.23,1.0,SetByBid
2025-12-19 11:11:46,2025-12-19T11:11:46,59.24,1.0,SetByBid
2025-12-19 11:12:17,2025-12-19T11:12:17,59.24,1.0,SetByAsk
2025-12-19 11:14:51,2025-12-19T11:14:51,59.24,1.0,SetByBid
2025-12-19 11:17:58,2025-12-19T11:17:58,59.26,1.0,SetByAsk
2025-12-19 11:18:24,2025-12-19T11:18:24,59.24,1.0,SetByAsk
2025-12-19 11:18:24,2025-12-19T11:18:24,59.24,1.0,SetByAsk
2025-12-19 11:18:24,2025-12-19T11:18:24,59.24,1.0,SetByBid
2025-12-19 11:18:24,2025-12-19T11:18:24,59.25,1.0,SetByBid
2025-12-19 11:19:35,2025-12-19T11:19:35,59.23,1.0,SetByAsk
2025-12-19 11:19:35,2025-12-19T11:19:35,59.23,1.0,SetByAsk
2025-12-19 11:19:35,2025-12-19T11:19:35,59.22,1.0,SetByAsk
2025-12-19 11:19:35,2025-12-19T11:19:35,59.22,1.0,SetByAsk
2025-12-19 11:19:35,2025-12-19T11:19:35,59.22,1.0,SetByAsk
2025-12-19 11:19:35,2025-12-19T11:19:35,59.22,1.0,SetByAsk
2025-12-19 11:20:26,2025-12-19T11:20:26,59.22,2.0,SetByBid
2025-12-19 11:21:24,2025-12-19T11:21:24,59.21,1.0,SetByBid
2025-12-19 11:21:24,2025-12-19T11:21:24,59.21,1.0,SetByBid
2025-12-19 11:23:40,2025-12-19T11:23:40,59.21,1.0,SetByBid
2025-12-19 11:23:40,2025-12-19T11:23:40,59.21,1.0,SetByBid
2025-12-19 11:27:13,2025-12-19T11:27:13,59.25,1.0,SetByBid
2025-12-19 11:27:13,2025-12-19T11:27:13,59.25,1.0,SetByBid
2025-12-19 11:27:13,2025-12-19T11:27:13,59.25,1.0,SetByBid
2025-12-19 11:27:13,2025-12-19T11:27:13,59.25,1.0,SetByBid
2025-12-19 11:27:13,2025-12-19T11:27:13,59.25,1.0,SetByBid
2025-12-19 11:27:13,2025-12-19T11:27:13,59.25,1.0,SetByBid
2025-12-19 11:27:13,2025-12-19T11:27:13,59.25,2.0,SetByBid
2025-12-19 11:31:29,2025-12-19T11:31:29,59.3,1.0,SetByBid
2025-12-19 11:31:39,2025-12-19T11:31:39,59.31,1.0,SetByBid
2025-12-19 11:31:39,2025-12-19T11:31:39,59.31,1.0,SetByAsk
2025-12-19 11:32:27,2025-12-19T11:32:27,59.34,1.0,SetByAsk
2025-12-19 11:32:27,2025-12-19T11:32:27,59.34,4.0,SetByAsk
2025-12-19 11:32:27,2025-12-19T11:32:27,59.34,1.0,SetByBid
2025-12-19 11:32:51,2025-12-19T11:32:51,59.34,1.0,SetByAsk
2025-12-19 11:33:07,2025-12-19T11:33:07,59.34,1.0,SetByBid
2025-12-19 11:33:07,2025-12-19T11:33:07,59.34,1.0,SetByBid
2025-12-19 11:33:07,2025-12-19T11:33:07,59.34,1.0,SetByBid
2025-12-19 11:33:07,2025-12-19T11:33:07,59.34,1.0,SetByBid
2025-12-19 11:33:07,2025-12-19T11:33:07,59.34,2.0,SetByBid
2025-12-19 11:33:11,2025-12-19T11:33:11,59.34,1.0,"SetByBid, Leg"
2025-12-19 11:33:11,2025-12-19T11:33:11,59.35,1.0,"SetByBid, Leg"
2025-12-19 11:33:11,2025-12-19T11:33:11,59.35,1.0,SetByBid
2025-12-19 11:33:11,2025-12-19T11:33:11,59.35,1.0,SetByBid
2025-12-19 11:33:11,2025-12-19T11:33:11,59.35,1.0,SetByBid
2025-12-19 11:34:07,2025-12-19T11:34:07,59.36,1.0,SetByBid
2025-12-19 11:34:07,2025-12-19T11:34:07,59.36,1.0,SetByBid
2025-12-19 11:34:07,2025-12-19T11:34:07,59.36,7.0,SetByBid
2025-12-19 11:34:07,2025-12-19T11:34:07,59.36,1.0,SetByBid
2025-12-19 11:34:07,2025-12-19T11:34:07,59.36,1.0,SetByAsk
2025-12-19 11:34:30,2025-12-19T11:34:30,59.34,1.0,SetByAsk
2025-12-19 11:34:30,2025-12-19T11:34:30,59.34,1.0,SetByAsk
2025-12-19 11:34:30,2025-12-19T11:34:30,59.34,1.0,SetByAsk
2025-12-19 11:34:30,2025-12-19T11:34:30,59.34,1.0,SetByAsk
2025-12-19 11:34:30,2025-12-19T11:34:30,59.34,1.0,SetByAsk
2025-12-19 11:36:26,2025-12-19T11:36:26,59.32,3.0,SetByAsk
2025-12-19 11:36:26,2025-12-19T11:36:26,59.32,1.0,SetByAsk
2025-12-19 11:36:26,2025-12-19T11:36:26,59.32,5.0,SetByAsk
2025-12-19 11:36:27,2025-12-19T11:36:27,59.32,3.0,SetByAsk
2025-12-19 11:36:28,2025-12-19T11:36:28,59.32,5.0,SetByAsk
2025-12-19 11:36:28,2025-12-19T11:36:28,59.32,5.0,SetByAsk
2025-12-19 11:36:29,2025-12-19T11:36:29,59.32,1.0,SetByAsk
2025-12-19 11:36:30,2025-12-19T11:36:30,59.32,1.0,SetByAsk
2025-12-19 11:36:30,2025-12-19T11:36:30,59.32,3.0,SetByAsk
2025-12-19 11:36:30,2025-12-19T11:36:30,59.32,5.0,SetByAsk
2025-12-19 11:36:30,2025-12-19T11:36:30,59.32,5.0,SetByAsk
2025-12-19 11:36:31,2025-12-19T11:36:31,59.32,5.0,SetByAsk
2025-12-19 11:36:40,2025-12-19T11:36:40,59.32,1.0,SetByAsk
2025-12-19 11:36:40,2025-12-19T11:36:40,59.32,3.0,SetByAsk
2025-12-19 11:36:40,2025-12-19T11:36:40,59.32,2.0,SetByAsk
2025-12-19 11:36:40,2025-12-19T11:36:40,59.32,1.0,SetByAsk
2025-12-19 11:36:40,2025-12-19T11:36:40,59.32,1.0,SetByAsk
2025-12-19 11:36:40,2025-12-19T11:36:40,59.31,1.0,SetByAsk
2025-12-19 11:36:40,2025-12-19T11:36:40,59.31,1.0,SetByAsk
2025-12-19 11:38:21,2025-12-19T11:38:21,59.29,1.0,SetByBid
2025-12-19 11:38:21,2025-12-19T11:38:21,59.29,1.0,SetByAsk
2025-12-19 11:39:09,2025-12-19T11:39:09,59.27,1.0,SetByBid
2025-12-19 11:39:35,2025-12-19T11:39:35,59.28,1.0,SetByBid
2025-12-19 11:39:35,2025-12-19T11:39:35,59.28,1.0,SetByAsk
2025-12-19 11:39:54,2025-12-19T11:39:54,59.28,1.0,SetByAsk
2025-12-19 11:39:54,2025-12-19T11:39:54,59.28,1.0,SetByAsk
2025-12-19 11:40:34,2025-12-19T11:40:34,59.29,1.0,SetByBid
2025-12-19 11:40:34,2025-12-19T11:40:34,59.29,1.0,SetByBid
2025-12-19 11:42:52,2025-12-19T11:42:52,59.3,3.0,SetByBid
2025-12-19 11:43:15,2025-12-19T11:43:15,59.3,6.0,SetByAsk
2025-12-19 11:44:48,2025-12-19T11:44:48,59.3,1.0,SetByBid
2025-12-19 11:44:48,2025-12-19T11:44:48,59.3,1.0,SetByBid
2025-12-19 11:44:48,2025-12-19T11:44:48,59.3,1.0,SetByBid
2025-12-19 11:45:50,2025-12-19T11:45:50,59.28,2.0,SetByAsk
2025-12-19 11:45:50,2025-12-19T11:45:50,59.28,1.0,SetByAsk
2025-12-19 11:45:50,2025-12-19T11:45:50,59.28,1.0,SetByAsk
2025-12-19 11:45:50,2025-12-19T11:45:50,59.28,3.0,SetByAsk
2025-12-19 11:45:50,2025-12-19T11:45:50,59.28,3.0,SetByAsk
2025-12-19 11:45:50,2025-12-19T11:45:50,59.28,1.0,SetByAsk
2025-12-19 11:45:50,2025-12-19T11:45:50,59.28,1.0,SetByAsk
2025-12-19 11:45:50,2025-12-19T11:45:50,59.28,3.0,SetByAsk
2025-12-19 11:46:22,2025-12-19T11:46:22,59.27,1.0,SetByBid
2025-12-19 11:46:52,2025-12-19T11:46:52,59.27,1.0,SetByBid
2025-12-19 11:46:52,2025-12-19T11:46:52,59.27,1.0,SetByAsk
2025-12-19 11:47:14,2025-12-19T11:47:14,59.26,1.0,SetByAsk
2025-12-19 11:47:14,2025-12-19T11:47:14,59.26,1.0,SetByAsk
2025-12-19 11:47:14,2025-12-19T11:47:14,59.26,1.0,SetByAsk
2025-12-19 11:47:14,2025-12-19T11:47:14,59.26,1.0,SetByAsk
2025-12-19 11:47:14,2025-12-19T11:47:14,59.26,1.0,SetByAsk
2025-12-19 11:48:25,2025-12-19T11:48:25,59.26,1.0,SetByBid
2025-12-19 11:48:25,2025-12-19T11:48:25,59.26,1.0,SetByAsk
2025-12-19 11:48:48,2025-12-19T11:48:48,59.27,1.0,SetByBid
2025-12-19 11:48:48,2025-12-19T11:48:48,59.27,1.0,SetByBid
2025-12-19 11:48:48,2025-12-19T11:48:48,59.27,1.0,SetByBid
2025-12-19 11:48:48,2025-12-19T11:48:48,59.27,1.0,SetByBid
2025-12-19 11:48:52,2025-12-19T11:48:52,59.27,1.0,SetByBid
2025-12-19 11:48:52,2025-12-19T11:48:52,59.27,1.0,SetByBid
2025-12-19 11:48:52,2025-12-19T11:48:52,59.27,1.0,SetByBid
2025-12-19 11:48:52,2025-12-19T11:48:52,59.27,1.0,SetByBid
2025-12-19 11:48:52,2025-12-19T11:48:52,59.27,1.0,SetByBid
2025-12-19 11:48:52,2025-12-19T11:48:52,59.27,1.0,SetByBid
2025-12-19 11:49:50,2025-12-19T11:49:50,59.24,1.0,SetByAsk
2025-12-19 11:49:50,2025-12-19T11:49:50,59.24,1.0,SetByAsk
2025-12-19 11:51:26,2025-12-19T11:51:26,59.24,8.0,SetByAsk
2025-12-19 11:51:54,2025-12-19T11:51:54,59.21,1.0,SetByAsk
2025-12-19 11:53:12,2025-12-19T11:53:12,59.2,1.0,SetByAsk
2025-12-19 11:53:12,2025-12-19T11:53:12,59.2,1.0,SetByAsk
2025-12-19 11:53:12,2025-12-19T11:53:12,59.19,1.0,SetByAsk
2025-12-19 11:53:12,2025-12-19T11:53:12,59.19,1.0,SetByAsk
2025-12-19 11:53:13,2025-12-19T11:53:13,59.16,1.0,SetByAsk
2025-12-19 11:53:13,2025-12-19T11:53:13,59.16,1.0,SetByAsk
2025-12-19 11:53:13,2025-12-19T11:53:13,59.16,1.0,SetByAsk
2025-12-19 11:53:13,2025-12-19T11:53:13,59.13,1.0,SetByAsk
2025-12-19 11:53:13,2025-12-19T11:53:13,59.14,1.0,SetByBid
2025-12-19 11:53:13,2025-12-19T11:53:13,59.14,3.0,SetByBid
2025-12-19 11:53:28,2025-12-19T11:53:28,59.14,1.0,SetByBid
2025-12-19 11:53:28,2025-12-19T11:53:28,59.14,1.0,SetByBid
2025-12-19 11:54:02,2025-12-19T11:54:02,59.14,1.0,SetByAsk
2025-12-19 11:54:12,2025-12-19T11:54:12,59.14,1.0,SetByBid
2025-12-19 11:54:12,2025-12-19T11:54:12,59.14,1.0,SetByBid
2025-12-19 11:54:12,2025-12-19T11:54:12,59.14,1.0,SetByBid
2025-12-19 11:54:12,2025-12-19T11:54:12,59.14,1.0,SetByBid
2025-12-19 11:54:12,2025-12-19T11:54:12,59.14,1.0,SetByBid
2025-12-19 11:54:12,2025-12-19T11:54:12,59.14,1.0,SetByBid
2025-12-19 11:54:12,2025-12-19T11:54:12,59.14,1.0,SetByBid
2025-12-19 11:54:12,2025-12-19T11:54:12,59.14,1.0,SetByBid
2025-12-19 11:54:12,2025-12-19T11:54:12,59.14,1.0,SetByBid
2025-12-19 11:54:14,2025-12-19T11:54:14,59.15,1.0,SetByBid
2025-12-19 11:54:14,2025-12-19T11:54:14,59.15,1.0,SetByBid
2025-12-19 11:54:14,2025-12-19T11:54:14,59.15,2.0,SetByBid
2025-12-19 11:54:14,2025-12-19T11:54:14,59.15,1.0,SetByBid
2025-12-19 11:55:11,2025-12-19T11:55:11,59.14,1.0,SetByBid
2025-12-19 11:55:11,2025-12-19T11:55:11,59.14,5.0,SetByBid
2025-12-19 11:55:11,2025-12-19T11:55:11,59.14,1.0,SetByBid
2025-12-19 11:55:22,2025-12-19T11:55:22,59.15,1.0,SetByBid
2025-12-19 11:55:22,2025-12-19T11:55:22,59.15,1.0,SetByBid
2025-12-19 11:55:22,2025-12-19T11:55:22,59.15,1.0,SetByBid
2025-12-19 11:55:22,2025-12-19T11:55:22,59.15,1.0,SetByBid
2025-12-19 11:55:22,2025-12-19T11:55:22,59.15,1.0,SetByBid
2025-12-19 11:55:22,2025-12-19T11:55:22,59.15,1.0,SetByBid
2025-12-19 11:55:30,2025-12-19T11:55:30,59.14,1.0,SetByBid
2025-12-19 11:55:30,2025-12-19T11:55:30,59.14,2.0,SetByBid
2025-12-19 11:55:30,2025-12-19T11:55:30,59.14,1.0,SetByBid
2025-12-19 11:55:46,2025-12-19T11:55:46,59.13,1.0,SetByBid
2025-12-19 11:56:00,2025-12-19T11:56:00,59.13,1.0,SetByBid
2025-12-19 11:56:03,2025-12-19T11:56:03,59.13,1.0,SetByBid
2025-12-19 11:56:03,2025-12-19T11:56:03,59.13,1.0,SetByBid
2025-12-19 11:56:14,2025-12-19T11:56:14,59.13,1.0,SetByBid
2025-12-19 11:56:14,2025-12-19T11:56:14,59.13,1.0,SetByBid
2025-12-19 11:56:37,2025-12-19T11:56:37,59.1,1.0,SetByBid
2025-12-19 11:56:37,2025-12-19T11:56:37,59.1,1.0,SetByBid
2025-12-19 11:56:37,2025-12-19T11:56:37,59.1,1.0,SetByBid
2025-12-19 11:56:41,2025-12-19T11:56:41,59.09,1.0,SetByBid
2025-12-19 11:56:48,2025-12-19T11:56:48,59.1,1.0,SetByBid
2025-12-19 11:56:48,2025-12-19T11:56:48,59.1,3.0,SetByBid
2025-12-19 11:56:48,2025-12-19T11:56:48,59.1,1.0,SetByBid
2025-12-19 11:56:48,2025-12-19T11:56:48,59.1,1.0,SetByBid
2025-12-19 11:57:07,2025-12-19T11:57:07,59.08,1.0,SetByAsk
2025-12-19 11:57:15,2025-12-19T11:57:15,59.08,1.0,SetByBid
2025-12-19 11:57:17,2025-12-19T11:57:17,59.08,3.0,SetByBid
2025-12-19 11:58:56,2025-12-19T11:58:56,59.07,1.0,SetByAsk
2025-12-19 11:58:56,2025-12-19T11:58:56,59.07,1.0,SetByAsk
2025-12-19 11:58:56,2025-12-19T11:58:56,59.07,5.0,SetByAsk
2025-12-19 11:58:56,2025-12-19T11:58:56,59.07,1.0,SetByAsk
2025-12-19 11:58:56,2025-12-19T11:58:56,59.07,1.0,SetByAsk
2025-12-19 11:58:56,2025-12-19T11:58:56,59.07,1.0,SetByAsk
2025-12-19 11:58:56,2025-12-19T11:58:56,59.07,1.0,SetByAsk
2025-12-19 11:58:56,2025-12-19T11:58:56,59.07,1.0,SetByAsk
2025-12-19 11:58:56,2025-12-19T11:58:56,59.07,1.0,SetByAsk
2025-12-19 11:58:56,2025-12-19T11:58:56,59.06,1.0,SetByAsk
2025-12-19 11:58:56,2025-12-19T11:58:56,59.06,1.0,SetByAsk
2025-12-19 11:58:56,2025-12-19T11:58:56,59.06,1.0,SetByAsk
2025-12-19 11:58:56,2025-12-19T11:58:56,59.06,1.0,SetByAsk
2025-12-19 11:58:56,2025-12-19T11:58:56,59.06,1.0,SetByAsk
2025-12-19 11:58:56,2025-12-19T11:58:56,59.06,1.0,SetByBid
2025-12-19 11:58:56,2025-12-19T11:58:56,59.06,1.0,SetByBid
2025-12-19 11:59:23,2025-12-19T11:59:23,59.06,1.0,SetByAsk
2025-12-19 11:59:23,2025-12-19T11:59:23,59.06,1.0,SetByAsk
2025-12-19 11:59:23,2025-12-19T11:59:23,59.06,1.0,SetByAsk
2025-12-19 11:59:23,2025-12-19T11:59:23,59.06,1.0,SetByAsk
2025-12-19 11:59:23,2025-12-19T11:59:23,59.06,1.0,SetByAsk
2025-12-19 11:59:23,2025-12-19T11:59:23,59.06,1.0,SetByAsk
2025-12-19 11:59:23,2025-12-19T11:59:23,59.06,1.0,SetByAsk
2025-12-19 11:59:23,2025-12-19T11:59:23,59.06,1.0,SetByAsk
2025-12-19 11:59:23,2025-12-19T11:59:23,59.06,1.0,SetByAsk
2025-12-19 11:59:23,2025-12-19T11:59:23,59.06,2.0,SetByAsk
2025-12-19 11:59:23,2025-12-19T11:59:23,59.06,1.0,SetByAsk
2025-12-19 11:59:23,2025-12-19T11:59:23,59.06,1.0,SetByAsk
2025-12-19 11:59:23,2025-12-19T11:59:23,59.06,1.0,SetByAsk
2025-12-19 11:59:23,2025-12-19T11:59:23,59.06,1.0,SetByAsk
2025-12-19 11:59:23,2025-12-19T11:59:23,59.06,1.0,SetByAsk
2025-12-19 11:59:23,2025-12-19T11:59:23,59.06,1.0,SetByAsk
2025-12-19 11:59:23,2025-12-19T11:59:23,59.06,3.0,SetByAsk
2025-12-19 11:59:23,2025-12-19T11:59:23,59.06,1.0,SetByAsk
2025-12-19 11:59:23,2025-12-19T11:59:23,59.06,1.0,SetByAsk
2025-12-19 11:59:23,2025-12-19T11:59:23,59.06,1.0,SetByAsk
2025-12-19 11:59:23,2025-12-19T11:59:23,59.06,1.0,SetByAsk
2025-12-19 11:59:23,2025-12-19T11:59:23,59.06,1.0,SetByAsk
2025-12-19 11:59:23,2025-12-19T11:59:23,59.06,1.0,SetByAsk
2025-12-19 11:59:23,2025-12-19T11:59:23,59.06,1.0,SetByAsk
2025-12-19 11:59:23,2025-12-19T11:59:23,59.06,1.0,SetByAsk
2025-12-19 11:59:23,2025-12-19T11:59:23,59.06,1.0,SetByAsk
2025-12-19 11:59:23,2025-12-19T11:59:23,59.05,1.0,SetByAsk
2025-12-19 11:59:23,2025-12-19T11:59:23,59.05,1.0,SetByAsk
2025-12-19 11:59:23,2025-12-19T11:59:23,59.05,1.0,SetByAsk
2025-12-19 11:59:23,2025-12-19T11:59:23,59.05,1.0,SetByAsk
2025-12-19 11:59:23,2025-12-19T11:59:23,59.05,1.0,SetByAsk
2025-12-19 11:59:23,2025-12-19T11:59:23,59.05,1.0,SetByAsk
2025-12-19 11:59:23,2025-12-19T11:59:23,59.05,1.0,SetByAsk
2025-12-19 11:59:23,2025-12-19T11:59:23,59.05,1.0,SetByAsk
2025-12-19 11:59:23,2025-12-19T11:59:23,59.05,1.0,SetByAsk
2025-12-19 11:59:23,2025-12-19T11:59:23,59.05,1.0,SetByAsk
2025-12-19 11:59:23,2025-12-19T11:59:23,59.05,1.0,SetByAsk
2025-12-19 11:59:23,2025-12-19T11:59:23,59.05,1.0,SetByAsk
2025-12-19 11:59:23,2025-12-19T11:59:23,59.05,1.0,SetByAsk
2025-12-19 11:59:23,2025-12-19T11:59:23,59.05,1.0,SetByAsk
2025-12-19 11:59:23,2025-12-19T11:59:23,59.05,1.0,SetByAsk
2025-12-19 11:59:23,2025-12-19T11:59:23,59.05,1.0,SetByAsk
2025-12-19 11:59:23,2025-12-19T11:59:23,59.05,1.0,SetByAsk
2025-12-19 11:59:23,2025-12-19T11:59:23,59.05,1.0,SetByAsk
2025-12-19 11:59:23,2025-12-19T11:59:23,59.05,1.0,SetByAsk
2025-12-19 11:59:23,2025-12-19T11:59:23,59.05,1.0,SetByAsk
2025-12-19 11:59:23,2025-12-19T11:59:23,59.05,1.0,SetByAsk
2025-12-19 11:59:23,2025-12-19T11:59:23,59.05,1.0,SetByAsk
2025-12-19 11:59:23,2025-12-19T11:59:23,59.05,1.0,SetByAsk
2025-12-19 11:59:23,2025-12-19T11:59:23,59.05,1.0,SetByAsk
2025-12-19 11:59:23,2025-12-19T11:59:23,59.05,1.0,SetByAsk
2025-12-19 11:59:23,2025-12-19T11:59:23,59.05,1.0,SetByAsk
2025-12-19 11:59:23,2025-12-19T11:59:23,59.05,1.0,SetByAsk
2025-12-19 11:59:23,2025-12-19T11:59:23,59.05,1.0,SetByAsk
2025-12-19 11:59:23,2025-12-19T11:59:23,59.05,1.0,SetByAsk
2025-12-19 11:59:23,2025-12-19T11:59:23,59.05,2.0,SetByAsk
2025-12-19 11:59:23,2025-12-19T11:59:23,59.05,5.0,SetByAsk
2025-12-19 11:59:23,2025-12-19T11:59:23,59.05,2.0,SetByAsk
2025-12-19 11:59:23,2025-12-19T11:59:23,59.05,9.0,SetByAsk
2025-12-19 11:59:23,2025-12-19T11:59:23,59.05,10.0,SetByAsk
2025-12-19 11:59:23,2025-12-19T11:59:23,59.05,9.0,SetByAsk
2025-12-19 11:59:23,2025-12-19T11:59:23,59.05,2.0,SetByAsk
2025-12-19 11:59:23,2025-12-19T11:59:23,59.05,10.0,SetByAsk
2025-12-19 11:59:23,2025-12-19T11:59:23,59.05,3.0,SetByAsk
2025-12-19 11:59:23,2025-12-19T11:59:23,59.05,1.0,SetByAsk
2025-12-19 11:59:23,2025-12-19T11:59:23,59.05,3.0,SetByAsk
2025-12-19 11:59:23,2025-12-19T11:59:23,59.05,5.0,SetByAsk
2025-12-19 11:59:23,2025-12-19T11:59:23,59.05,1.0,SetByAsk
2025-12-19 11:59:23,2025-12-19T11:59:23,59.05,1.0,SetByAsk
2025-12-19 11:59:23,2025-12-19T11:59:23,59.05,1.0,SetByAsk
2025-12-19 11:59:23,2025-12-19T11:59:23,59.05,1.0,SetByAsk
2025-12-19 11:59:23,2025-12-19T11:59:23,59.05,1.0,SetByAsk
2025-12-19 11:59:23,2025-12-19T11:59:23,59.05,1.0,SetByAsk
2025-12-19 11:59:23,2025-12-19T11:59:23,59.05,1.0,SetByAsk
2025-12-19 11:59:23,2025-12-19T11:59:23,59.05,1.0,SetByAsk
2025-12-19 11:59:23,2025-12-19T11:59:23,59.05,2.0,SetByAsk
2025-12-19 11:59:23,2025-12-19T11:59:23,59.05,1.0,SetByAsk
2025-12-19 11:59:23,2025-12-19T11:59:23,59.05,1.0,SetByAsk
2025-12-19 11:59:23,2025-12-19T11:59:23,59.05,1.0,SetByAsk
2025-12-19 11:59:23,2025-12-19T11:59:23,59.05,2.0,SetByAsk
2025-12-19 11:59:23,2025-12-19T11:59:23,59.05,1.0,SetByAsk
2025-12-19 11:59:23,2025-12-19T11:59:23,59.05,2.0,SetByAsk
2025-12-19 11:59:23,2025-12-19T11:59:23,59.05,3.0,SetByAsk
2025-12-19 11:59:23,2025-12-19T11:59:23,59.05,1.0,SetByAsk
2025-12-19 11:59:23,2025-12-19T11:59:23,59.05,1.0,SetByAsk
2025-12-19 11:59:23,2025-12-19T11:59:23,59.05,3.0,SetByAsk
2025-12-19 11:59:23,2025-12-19T11:59:23,59.05,1.0,SetByAsk
2025-12-19 11:59:23,2025-12-19T11:59:23,59.05,1.0,SetByAsk
2025-12-19 11:59:23,2025-12-19T11:59:23,59.05,3.0,SetByAsk
2025-12-19 11:59:23,2025-12-19T11:59:23,59.05,4.0,SetByAsk
2025-12-19 11:59:23,2025-12-19T11:59:23,59.05,1.0,SetByAsk
2025-12-19 11:59:23,2025-12-19T11:59:23,59.05,1.0,SetByAsk
2025-12-19 11:59:23,2025-12-19T11:59:23,59.05,1.0,SetByAsk
2025-12-19 11:59:23,2025-12-19T11:59:23,59.05,1.0,SetByBid
2025-12-19 11:59:23,2025-12-19T11:59:23,59.05,1.0,SetByBid
2025-12-19 11:59:23,2025-12-19T11:59:23,59.05,2.0,SetByBid
2025-12-19 11:59:23,2025-12-19T11:59:23,59.05,2.0,SetByBid
2025-12-19 11:59:23,2025-12-19T11:59:23,59.05,3.0,SetByBid
2025-12-19 11:59:23,2025-12-19T11:59:23,59.04,1.0,SetByAsk
2025-12-19 11:59:23,2025-12-19T11:59:23,59.04,1.0,SetByAsk
2025-12-19 11:59:23,2025-12-19T11:59:23,59.04,1.0,SetByAsk
2025-12-19 11:59:23,2025-12-19T11:59:23,59.04,1.0,SetByAsk
2025-12-19 11:59:23,2025-12-19T11:59:23,59.04,1.0,SetByAsk
2025-12-19 11:59:23,2025-12-19T11:59:23,59.04,1.0,SetByAsk
2025-12-19 11:59:23,2025-12-19T11:59:23,59.04,1.0,SetByAsk
2025-12-19 11:59:23,2025-12-19T11:59:23,59.04,1.0,SetByAsk
2025-12-19 11:59:23,2025-12-19T11:59:23,59.04,1.0,SetByAsk
2025-12-19 11:59:23,2025-12-19T11:59:23,59.04,1.0,SetByAsk
2025-12-19 11:59:23,2025-12-19T11:59:23,59.04,1.0,SetByAsk
2025-12-19 11:59:23,2025-12-19T11:59:23,59.04,1.0,SetByAsk
2025-12-19 11:59:23,2025-12-19T11:59:23,59.04,1.0,SetByAsk
2025-12-19 11:59:23,2025-12-19T11:59:23,59.04,1.0,SetByAsk
2025-12-19 11:59:23,2025-12-19T11:59:23,59.04,1.0,SetByAsk
2025-12-19 11:59:23,2025-12-19T11:59:23,59.04,1.0,SetByAsk
2025-12-19 11:59:23,2025-12-19T11:59:23,59.04,1.0,SetByAsk
2025-12-19 11:59:23,2025-12-19T11:59:23,59.04,1.0,SetByAsk
2025-12-19 11:59:23,2025-12-19T11:59:23,59.04,1.0,SetByAsk
2025-12-19 11:59:23,2025-12-19T11:59:23,59.04,1.0,SetByAsk
2025-12-19 11:59:23,2025-12-19T11:59:23,59.04,1.0,SetByAsk
2025-12-19 11:59:23,2025-12-19T11:59:23,59.04,1.0,SetByAsk
2025-12-19 11:59:23,2025-12-19T11:59:23,59.04,1.0,SetByAsk
2025-12-19 11:59:23,2025-12-19T11:59:23,59.04,1.0,SetByAsk
2025-12-19 11:59:23,2025-12-19T11:59:23,59.04,1.0,SetByAsk
2025-12-19 11:59:23,2025-12-19T11:59:23,59.04,1.0,SetByAsk
2025-12-19 11:59:23,2025-12-19T11:59:23,59.04,1.0,SetByAsk
2025-12-19 11:59:23,2025-12-19T11:59:23,59.04,2.0,SetByAsk
2025-12-19 11:59:23,2025-12-19T11:59:23,59.04,1.0,SetByAsk
2025-12-19 11:59:23,2025-12-19T11:59:23,59.04,1.0,SetByAsk
2025-12-19 11:59:23,2025-12-19T11:59:23,59.04,1.0,SetByAsk
2025-12-19 11:59:23,2025-12-19T11:59:23,59.04,1.0,SetByAsk
2025-12-19 11:59:23,2025-12-19T11:59:23,59.04,1.0,SetByAsk
2025-12-19 11:59:23,2025-12-19T11:59:23,59.04,3.0,SetByAsk
2025-12-19 11:59:23,2025-12-19T11:59:23,59.04,1.0,SetByAsk
2025-12-19 11:59:23,2025-12-19T11:59:23,59.04,1.0,SetByAsk
2025-12-19 11:59:23,2025-12-19T11:59:23,59.04,3.0,SetByAsk
2025-12-19 11:59:23,2025-12-19T11:59:23,59.04,3.0,SetByAsk
2025-12-19 11:59:23,2025-12-19T11:59:23,59.04,3.0,SetByAsk
2025-12-19 11:59:23,2025-12-19T11:59:23,59.04,3.0,SetByAsk
2025-12-19 11:59:23,2025-12-19T11:59:23,59.04,3.0,SetByAsk
2025-12-19 11:59:23,2025-12-19T11:59:23,59.04,1.0,SetByAsk
2025-12-19 11:59:23,2025-12-19T11:59:23,59.04,2.0,SetByAsk
2025-12-19 11:59:23,2025-12-19T11:59:23,59.04,3.0,SetByAsk
2025-12-19 11:59:23,2025-12-19T11:59:23,59.04,3.0,SetByAsk
2025-12-19 11:59:23,2025-12-19T11:59:23,59.04,3.0,SetByAsk
2025-12-19 11:59:23,2025-12-19T11:59:23,59.04,3.0,SetByAsk
2025-12-19 11:59:23,2025-12-19T11:59:23,59.04,2.0,SetByAsk
2025-12-19 11:59:23,2025-12-19T11:59:23,59.05,9.0,SetByBid
2025-12-19 11:59:23,2025-12-19T11:59:23,59.05,21.0,SetByBid
2025-12-19 11:59:23,2025-12-19T11:59:23,59.05,2.0,SetByBid
2025-12-19 11:59:23,2025-12-19T11:59:23,59.04,2.0,SetByAsk
2025-12-19 11:59:23,2025-12-19T11:59:23,59.04,1.0,SetByAsk
2025-12-19 11:59:23,2025-12-19T11:59:23,59.04,1.0,SetByAsk
2025-12-19 11:59:23,2025-12-19T11:59:23,59.04,1.0,SetByAsk
2025-12-19 11:59:23,2025-12-19T11:59:23,59.05,499.0,SetByBid
2025-12-19 11:59:24,2025-12-19T11:59:24,59.07,1.0,SetByBid
2025-12-19 11:59:24,2025-12-19T11:59:24,59.07,1.0,SetByBid
2025-12-19 11:59:24,2025-12-19T11:59:24,59.07,1.0,SetByBid
2025-12-19 12:00:06,2025-12-19T12:00:06,59.1,1.0,SetByBid
2025-12-19 12:00:09,2025-12-19T12:00:09,59.12,1.0,SetByAsk
2025-12-19 12:00:17,2025-12-19T12:00:17,59.13,1.0,SetByAsk
2025-12-19 12:00:17,2025-12-19T12:00:17,59.13,1.0,SetByAsk
2025-12-19 12:00:31,2025-12-19T12:00:31,59.13,1.0,SetByBid
2025-12-19 12:00:31,2025-12-19T12:00:31,59.13,1.0,SetByAsk
2025-12-19 12:00:31,2025-12-19T12:00:31,59.14,1.0,SetByBid
2025-12-19 12:00:31,2025-12-19T12:00:31,59.14,1.0,SetByBid
2025-12-19 12:00:31,2025-12-19T12:00:31,59.14,1.0,SetByBid
2025-12-19 12:00:31,2025-12-19T12:00:31,59.14,1.0,SetByBid
2025-12-19 12:00:31,2025-12-19T12:00:31,59.14,1.0,SetByBid
2025-12-19 12:00:31,2025-12-19T12:00:31,59.14,1.0,SetByBid
2025-12-19 12:00:31,2025-12-19T12:00:31,59.14,2.0,SetByBid
2025-12-19 12:00:31,2025-12-19T12:00:31,59.14,1.0,SetByBid
2025-12-19 12:00:31,2025-12-19T12:00:31,59.14,1.0,SetByBid
2025-12-19 12:00:31,2025-12-19T12:00:31,59.14,1.0,SetByBid
2025-12-19 12:00:31,2025-12-19T12:00:31,59.14,1.0,SetByBid
2025-12-19 12:01:01,2025-12-19T12:01:01,59.15,1.0,SetByBid
2025-12-19 12:01:01,2025-12-19T12:01:01,59.15,1.0,SetByBid
2025-12-19 12:01:05,2025-12-19T12:01:05,59.15,1.0,SetByBid
2025-12-19 12:01:16,2025-12-19T12:01:16,59.15,1.0,SetByBid
2025-12-19 12:01:16,2025-12-19T12:01:16,59.15,1.0,SetByBid
2025-12-19 12:01:21,2025-12-19T12:01:21,59.15,1.0,SetByBid
2025-12-19 12:01:21,2025-12-19T12:01:21,59.16,1.0,SetByBid
2025-12-19 12:01:21,2025-12-19T12:01:21,59.16,1.0,SetByBid
2025-12-19 12:01:26,2025-12-19T12:01:26,59.16,1.0,SetByAsk
2025-12-19 12:01:26,2025-12-19T12:01:26,59.16,1.0,SetByAsk
2025-12-19 12:02:41,2025-12-19T12:02:41,59.14,1.0,SetByBid
2025-12-19 12:02:41,2025-12-19T12:02:41,59.14,1.0,SetByBid
2025-12-19 12:02:51,2025-12-19T12:02:51,59.13,1.0,SetByAsk
2025-12-19 12:02:51,2025-12-19T12:02:51,59.13,1.0,SetByAsk
2025-12-19 12:02:55,2025-12-19T12:02:55,59.12,1.0,SetByBid
2025-12-19 12:03:38,2025-12-19T12:03:38,59.09,1.0,SetByBid
2025-12-19 12:03:51,2025-12-19T12:03:51,59.1,1.0,SetByBid
2025-12-19 12:05:22,2025-12-19T12:05:22,59.1,1.0,SetByAsk
2025-12-19 12:06:25,2025-12-19T12:06:25,59.14,1.0,SetByBid
2025-12-19 12:06:25,2025-12-19T12:06:25,59.15,1.0,SetByAsk
2025-12-19 12:06:25,2025-12-19T12:06:25,59.15,1.0,SetByAsk
2025-12-19 12:07:23,2025-12-19T12:07:23,59.21,1.0,SetByAsk
2025-12-19 12:07:24,2025-12-19T12:07:24,59.2,1.0,SetByBid
2025-12-19 12:08:00,2025-12-19T12:08:00,59.19,1.0,SetByAsk
2025-12-19 12:10:36,2025-12-19T12:10:36,59.17,1.0,SetByBid
2025-12-19 12:11:22,2025-12-19T12:11:22,59.18,1.0,SetByBid
2025-12-19 12:11:22,2025-12-19T12:11:22,59.18,1.0,SetByBid
2025-12-19 12:11:25,2025-12-19T12:11:25,59.18,1.0,SetByBid
2025-12-19 12:11:43,2025-12-19T12:11:43,59.19,1.0,SetByBid
2025-12-19 12:11:43,2025-12-19T12:11:43,59.19,1.0,SetByBid
2025-12-19 12:11:43,2025-12-19T12:11:43,59.19,1.0,SetByBid
2025-12-19 12:11:43,2025-12-19T12:11:43,59.19,1.0,SetByBid
2025-12-19 12:11:43,2025-12-19T12:11:43,59.19,1.0,SetByBid
2025-12-19 12:11:43,2025-12-19T12:11:43,59.19,1.0,SetByBid
2025-12-19 12:11:43,2025-12-19T12:11:43,59.19,2.0,SetByBid
2025-12-19 12:11:52,2025-12-19T12:11:52,59.18,1.0,SetByBid
2025-12-19 12:11:52,2025-12-19T12:11:52,59.18,1.0,SetByBid
2025-12-19 12:11:52,2025-12-19T12:11:52,59.18,1.0,SetByBid
2025-12-19 12:11:52,2025-12-19T12:11:52,59.18,1.0,SetByBid
2025-12-19 12:11:55,2025-12-19T12:11:55,59.18,1.0,SetByBid
2025-12-19 12:12:03,2025-12-19T12:12:03,59.2,1.0,SetByBid
2025-12-19 12:12:03,2025-12-19T12:12:03,59.2,1.0,SetByBid
2025-12-19 12:13:04,2025-12-19T12:13:04,59.18,1.0,SetByBid
2025-12-19 12:13:18,2025-12-19T12:13:18,59.15,1.0,SetByBid
2025-12-19 12:13:18,2025-12-19T12:13:18,59.15,1.0,SetByBid
2025-12-19 12:13:18,2025-12-19T12:13:18,59.15,1.0,SetByBid
2025-12-19 12:13:20,2025-12-19T12:13:20,59.14,1.0,SetByBid
2025-12-19 12:13:21,2025-12-19T12:13:21,59.14,1.0,SetByBid
2025-12-19 12:13:49,2025-12-19T12:13:49,59.13,1.0,SetByAsk
2025-12-19 12:13:50,2025-12-19T12:13:50,59.14,1.0,SetByAsk
2025-12-19 12:14:06,2025-12-19T12:14:06,59.16,1.0,SetByBid
2025-12-19 12:14:06,2025-12-19T12:14:06,59.16,1.0,SetByBid
2025-12-19 12:14:06,2025-12-19T12:14:06,59.16,1.0,SetByBid
2025-12-19 12:14:06,2025-12-19T12:14:06,59.16,1.0,SetByBid
2025-12-19 12:14:06,2025-12-19T12:14:06,59.16,1.0,SetByBid
2025-12-19 12:14:19,2025-12-19T12:14:19,59.16,1.0,SetByBid
2025-12-19 12:14:19,2025-12-19T12:14:19,59.16,1.0,SetByBid
2025-12-19 12:14:19,2025-12-19T12:14:19,59.16,1.0,SetByBid
2025-12-19 12:14:53,2025-12-19T12:14:53,59.18,1.0,SetByBid
2025-12-19 12:15:08,2025-12-19T12:15:08,59.18,5.0,SetByBid
2025-12-19 12:15:10,2025-12-19T12:15:10,59.17,1.0,SetByAsk
2025-12-19 12:15:49,2025-12-19T12:15:49,59.17,1.0,SetByBid
2025-12-19 12:16:15,2025-12-19T12:16:15,59.17,1.0,SetByBid
2025-12-19 12:16:15,2025-12-19T12:16:15,59.17,5.0,SetByBid
2025-12-19 12:16:15,2025-12-19T12:16:15,59.17,2.0,SetByBid
2025-12-19 12:16:20,2025-12-19T12:16:20,59.18,1.0,SetByBid
2025-12-19 12:16:20,2025-12-19T12:16:20,59.19,1.0,SetByBid
2025-12-19 12:17:14,2025-12-19T12:17:14,59.23,1.0,SetByBid
2025-12-19 12:17:14,2025-12-19T12:17:14,59.24,1.0,SetByBid
2025-12-19 12:17:14,2025-12-19T12:17:14,59.24,1.0,SetByAsk
2025-12-19 12:17:14,2025-12-19T12:17:14,59.24,3.0,SetByAsk
2025-12-19 12:17:14,2025-12-19T12:17:14,59.24,1.0,SetByBid
2025-12-19 12:17:14,2025-12-19T12:17:14,59.24,1.0,SetByAsk
2025-12-19 12:17:14,2025-12-19T12:17:14,59.24,1.0,SetByAsk
2025-12-19 12:17:14,2025-12-19T12:17:14,59.24,3.0,SetByAsk
2025-12-19 12:17:14,2025-12-19T12:17:14,59.24,1.0,SetByBid
2025-12-19 12:17:14,2025-12-19T12:17:14,59.24,1.0,SetByAsk
2025-12-19 12:17:14,2025-12-19T12:17:14,59.24,3.0,SetByAsk
2025-12-19 12:17:14,2025-12-19T12:17:14,59.24,1.0,SetByAsk
2025-12-19 12:17:14,2025-12-19T12:17:14,59.24,1.0,SetByAsk
2025-12-19 12:17:14,2025-12-19T12:17:14,59.24,1.0,SetByBid
2025-12-19 12:17:14,2025-12-19T12:17:14,59.24,2.0,SetByBid
2025-12-19 12:17:14,2025-12-19T12:17:14,59.24,1.0,SetByBid
2025-12-19 12:17:14,2025-12-19T12:17:14,59.24,1.0,SetByBid
2025-12-19 12:17:14,2025-12-19T12:17:14,59.24,1.0,SetByBid
2025-12-19 12:17:14,2025-12-19T12:17:14,59.24,1.0,SetByBid
2025-12-19 12:17:14,2025-12-19T12:17:14,59.24,1.0,SetByBid
2025-12-19 12:17:14,2025-12-19T12:17:14,59.24,5.0,SetByAsk
2025-12-19 12:17:14,2025-12-19T12:17:14,59.24,1.0,SetByAsk
2025-12-19 12:17:14,2025-12-19T12:17:14,59.24,2.0,SetByAsk
2025-12-19 12:17:14,2025-12-19T12:17:14,59.24,1.0,SetByAsk
2025-12-19 12:17:14,2025-12-19T12:17:14,59.24,1.0,SetByAsk
2025-12-19 12:17:14,2025-12-19T12:17:14,59.24,1.0,SetByAsk
2025-12-19 12:17:14,2025-12-19T12:17:14,59.24,2.0,SetByBid
2025-12-19 12:17:14,2025-12-19T12:17:14,59.24,2.0,SetByBid
2025-12-19 12:17:14,2025-12-19T12:17:14,59.23,79.0,SetByAsk
2025-12-19 12:17:29,2025-12-19T12:17:29,59.25,1.0,SetByBid
2025-12-19 12:17:29,2025-12-19T12:17:29,59.25,1.0,SetByBid
2025-12-19 12:17:29,2025-12-19T12:17:29,59.25,1.0,SetByBid
2025-12-19 12:17:29,2025-12-19T12:17:29,59.25,1.0,SetByBid
2025-12-19 12:17:29,2025-12-19T12:17:29,59.25,1.0,SetByBid
2025-12-19 12:17:29,2025-12-19T12:17:29,59.25,1.0,SetByBid
2025-12-19 12:17:29,2025-12-19T12:17:29,59.25,1.0,SetByBid
2025-12-19 12:17:29,2025-12-19T12:17:29,59.25,1.0,SetByBid
2025-12-19 12:17:29,2025-12-19T12:17:29,59.25,1.0,SetByBid
2025-12-19 12:17:29,2025-12-19T12:17:29,59.25,1.0,SetByBid
2025-12-19 12:17:29,2025-12-19T12:17:29,59.25,1.0,SetByBid
2025-12-19 12:17:29,2025-12-19T12:17:29,59.25,1.0,SetByBid
2025-12-19 12:17:29,2025-12-19T12:17:29,59.25,1.0,SetByBid
2025-12-19 12:17:29,2025-12-19T12:17:29,59.25,1.0,SetByBid
2025-12-19 12:17:29,2025-12-19T12:17:29,59.25,1.0,SetByBid
2025-12-19 12:17:29,2025-12-19T12:17:29,59.25,1.0,SetByBid
2025-12-19 12:17:29,2025-12-19T12:17:29,59.25,3.0,SetByBid
2025-12-19 12:17:29,2025-12-19T12:17:29,59.25,1.0,SetByBid
2025-12-19 12:17:29,2025-12-19T12:17:29,59.25,1.0,SetByBid
2025-12-19 12:17:29,2025-12-19T12:17:29,59.25,1.0,SetByBid
2025-12-19 12:17:37,2025-12-19T12:17:37,59.25,1.0,SetByBid
2025-12-19 12:17:54,2025-12-19T12:17:54,59.3,1.0,SetByBid
2025-12-19 12:17:58,2025-12-19T12:17:58,59.29,1.0,SetByAsk
2025-12-19 12:18:25,2025-12-19T12:18:25,59.3,1.0,SetByBid
2025-12-19 12:19:03,2025-12-19T12:19:03,59.33,1.0,SetByBid
2025-12-19 12:19:06,2025-12-19T12:19:06,59.34,1.0,SetByBid
2025-12-19 12:19:07,2025-12-19T12:19:07,59.33,1.0,SetByAsk
2025-12-19 12:19:07,2025-12-19T12:19:07,59.33,1.0,SetByAsk
2025-12-19 12:19:07,2025-12-19T12:19:07,59.33,1.0,SetByAsk
2025-12-19 12:19:07,2025-12-19T12:19:07,59.33,1.0,SetByAsk
2025-12-19 12:19:07,2025-12-19T12:19:07,59.33,1.0,SetByAsk
2025-12-19 12:19:07,2025-12-19T12:19:07,59.33,1.0,SetByAsk
2025-12-19 12:19:07,2025-12-19T12:19:07,59.33,1.0,SetByAsk
2025-12-19 12:19:07,2025-12-19T12:19:07,59.33,1.0,SetByAsk
2025-12-19 12:19:07,2025-12-19T12:19:07,59.33,2.0,SetByAsk
2025-12-19 12:19:07,2025-12-19T12:19:07,59.33,2.0,SetByAsk
2025-12-19 12:19:07,2025-12-19T12:19:07,59.33,1.0,SetByAsk
2025-12-19 12:19:07,2025-12-19T12:19:07,59.33,3.0,SetByAsk
2025-12-19 12:19:07,2025-12-19T12:19:07,59.33,1.0,SetByAsk
2025-12-19 12:19:07,2025-12-19T12:19:07,59.33,4.0,SetByAsk
2025-12-19 12:19:07,2025-12-19T12:19:07,59.33,1.0,SetByAsk
2025-12-19 12:19:07,2025-12-19T12:19:07,59.33,3.0,SetByAsk
2025-12-19 12:19:07,2025-12-19T12:19:07,59.33,1.0,SetByAsk
2025-12-19 12:19:07,2025-12-19T12:19:07,59.33,1.0,SetByAsk
2025-12-19 12:19:07,2025-12-19T12:19:07,59.32,1.0,SetByAsk
2025-12-19 12:19:07,2025-12-19T12:19:07,59.32,1.0,SetByAsk
2025-12-19 12:19:07,2025-12-19T12:19:07,59.32,1.0,SetByAsk
2025-12-19 12:19:07,2025-12-19T12:19:07,59.32,2.0,SetByAsk
2025-12-19 12:19:07,2025-12-19T12:19:07,59.32,1.0,SetByAsk
2025-12-19 12:19:07,2025-12-19T12:19:07,59.32,1.0,SetByAsk
2025-12-19 12:19:07,2025-12-19T12:19:07,59.32,1.0,SetByAsk
2025-12-19 12:19:07,2025-12-19T12:19:07,59.32,1.0,SetByAsk
2025-12-19 12:19:07,2025-12-19T12:19:07,59.32,1.0,SetByAsk
2025-12-19 12:19:07,2025-12-19T12:19:07,59.32,1.0,SetByAsk
2025-12-19 12:19:07,2025-12-19T12:19:07,59.32,1.0,SetByAsk
2025-12-19 12:19:07,2025-12-19T12:19:07,59.32,1.0,SetByAsk
2025-12-19 12:19:09,2025-12-19T12:19:09,59.33,5.0,SetByAsk
2025-12-19 12:19:09,2025-12-19T12:19:09,59.33,5.0,SetByAsk
2025-12-19 12:19:24,2025-12-19T12:19:24,59.33,1.0,SetByAsk
2025-12-19 12:19:24,2025-12-19T12:19:24,59.33,1.0,SetByAsk
2025-12-19 12:19:24,2025-12-19T12:19:24,59.33,1.0,SetByAsk
2025-12-19 12:19:24,2025-12-19T12:19:24,59.33,1.0,SetByAsk
2025-12-19 12:19:24,2025-12-19T12:19:24,59.33,1.0,SetByAsk
2025-12-19 12:19:24,2025-12-19T12:19:24,59.33,1.0,SetByAsk
2025-12-19 12:19:24,2025-12-19T12:19:24,59.33,1.0,SetByAsk
2025-12-19 12:19:24,2025-12-19T12:19:24,59.33,5.0,SetByAsk
2025-12-19 12:19:24,2025-12-19T12:19:24,59.33,1.0,SetByAsk
2025-12-19 12:19:24,2025-12-19T12:19:24,59.33,1.0,SetByAsk
2025-12-19 12:19:24,2025-12-19T12:19:24,59.33,1.0,SetByAsk
2025-12-19 12:19:24,2025-12-19T12:19:24,59.33,3.0,SetByAsk
2025-12-19 12:19:24,2025-12-19T12:19:24,59.33,1.0,SetByAsk
2025-12-19 12:19:24,2025-12-19T12:19:24,59.33,2.0,SetByBid
2025-12-19 12:19:24,2025-12-19T12:19:24,59.33,1.0,SetByBid
2025-12-19 12:19:24,2025-12-19T12:19:24,59.33,1.0,SetByBid
2025-12-19 12:19:32,2025-12-19T12:19:32,59.33,1.0,SetByAsk
2025-12-19 12:19:32,2025-12-19T12:19:32,59.33,1.0,SetByAsk
2025-12-19 12:19:37,2025-12-19T12:19:37,59.32,1.0,SetByAsk
2025-12-19 12:19:37,2025-12-19T12:19:37,59.32,1.0,SetByAsk
2025-12-19 12:19:37,2025-12-19T12:19:37,59.32,1.0,SetByAsk
2025-12-19 12:20:15,2025-12-19T12:20:15,59.31,1.0,SetByAsk
2025-12-19 12:20:15,2025-12-19T12:20:15,59.31,1.0,SetByAsk
2025-12-19 12:20:19,2025-12-19T12:20:19,59.32,1.0,SetByBid
2025-12-19 12:20:19,2025-12-19T12:20:19,59.32,4.0,SetByAsk
2025-12-19 12:20:25,2025-12-19T12:20:25,59.31,1.0,SetByAsk
2025-12-19 12:20:25,2025-12-19T12:20:25,59.31,1.0,SetByAsk
2025-12-19 12:20:25,2025-12-19T12:20:25,59.31,1.0,SetByAsk
2025-12-19 12:20:25,2025-12-19T12:20:25,59.31,1.0,SetByAsk
2025-12-19 12:20:25,2025-12-19T12:20:25,59.31,1.0,SetByAsk
2025-12-19 12:20:25,2025-12-19T12:20:25,59.31,1.0,SetByAsk
2025-12-19 12:20:38,2025-12-19T12:20:38,59.3,1.0,SetByBid
2025-12-19 12:20:53,2025-12-19T12:20:53,59.3,1.0,SetByBid
2025-12-19 12:20:53,2025-12-19T12:20:53,59.3,1.0,SetByBid
2025-12-19 12:21:01,2025-12-19T12:21:01,59.31,1.0,SetByBid
2025-12-19 12:21:01,2025-12-19T12:21:01,59.31,1.0,SetByBid
2025-12-19 12:21:15,2025-12-19T12:21:15,59.31,1.0,SetByBid
2025-12-19 12:21:56,2025-12-19T12:21:56,59.27,1.0,SetByBid
2025-12-19 12:22:18,2025-12-19T12:22:18,59.28,1.0,SetByBid
2025-12-19 12:22:18,2025-12-19T12:22:18,59.28,1.0,SetByBid
2025-12-19 12:22:18,2025-12-19T12:22:18,59.28,1.0,SetByBid
2025-12-19 12:22:20,2025-12-19T12:22:20,59.28,1.0,SetByBid
2025-12-19 12:22:20,2025-12-19T12:22:20,59.28,1.0,SetByBid
2025-12-19 12:22:20,2025-12-19T12:22:20,59.28,1.0,SetByBid
2025-12-19 12:22:20,2025-12-19T12:22:20,59.28,1.0,SetByBid
2025-12-19 12:22:20,2025-12-19T12:22:20,59.28,1.0,SetByBid
2025-12-19 12:22:20,2025-12-19T12:22:20,59.28,1.0,SetByBid
2025-12-19 12:22:20,2025-12-19T12:22:20,59.28,1.0,SetByBid
2025-12-19 12:22:20,2025-12-19T12:22:20,59.28,1.0,SetByBid
2025-12-19 12:22:20,2025-12-19T12:22:20,59.28,2.0,SetByBid
2025-12-19 12:22:20,2025-12-19T12:22:20,59.28,1.0,SetByBid
2025-12-19 12:22:20,2025-12-19T12:22:20,59.28,1.0,SetByBid
2025-12-19 12:22:20,2025-12-19T12:22:20,59.28,2.0,SetByBid
2025-12-19 12:22:20,2025-12-19T12:22:20,59.28,2.0,SetByBid
2025-12-19 12:22:20,2025-12-19T12:22:20,59.28,1.0,SetByBid
2025-12-19 12:22:20,2025-12-19T12:22:20,59.28,3.0,SetByBid
2025-12-19 12:22:20,2025-12-19T12:22:20,59.28,1.0,SetByBid
2025-12-19 12:22:20,2025-12-19T12:22:20,59.28,4.0,SetByBid
2025-12-19 12:22:20,2025-12-19T12:22:20,59.27,1.0,SetByAsk
2025-12-19 12:22:23,2025-12-19T12:22:23,59.27,1.0,SetByAsk
2025-12-19 12:23:02,2025-12-19T12:23:02,59.33,1.0,SetByAsk
2025-12-19 12:24:02,2025-12-19T12:24:02,59.34,1.0,SetByBid
2025-12-19 12:24:02,2025-12-19T12:24:02,59.34,1.0,SetByBid
2025-12-19 12:24:02,2025-12-19T12:24:02,59.34,1.0,SetByBid
2025-12-19 12:24:02,2025-12-19T12:24:02,59.34,1.0,SetByBid
2025-12-19 12:25:47,2025-12-19T12:25:47,59.31,1.0,SetByBid
2025-12-19 12:25:47,2025-12-19T12:25:47,59.31,2.0,SetByBid
2025-12-19 12:25:55,2025-12-19T12:25:55,59.3,1.0,SetByBid
2025-12-19 12:25:55,2025-12-19T12:25:55,59.3,1.0,SetByBid
2025-12-19 12:26:04,2025-12-19T12:26:04,59.3,1.0,SetByBid
2025-12-19 12:26:04,2025-12-19T12:26:04,59.3,2.0,SetByBid
2025-12-19 12:26:04,2025-12-19T12:26:04,59.3,1.0,SetByBid
2025-12-19 12:26:11,2025-12-19T12:26:11,59.31,1.0,SetByBid
2025-12-19 12:26:23,2025-12-19T12:26:23,59.32,1.0,SetByBid
2025-12-19 12:26:23,2025-12-19T12:26:23,59.32,1.0,SetByBid
2025-12-19 12:26:23,2025-12-19T12:26:23,59.32,1.0,SetByBid
2025-12-19 12:26:54,2025-12-19T12:26:54,59.31,1.0,SetByBid
2025-12-19 12:27:09,2025-12-19T12:27:09,59.3,1.0,SetByBid
2025-12-19 12:27:09,2025-12-19T12:27:09,59.3,1.0,SetByBid
2025-12-19 12:27:13,2025-12-19T12:27:13,59.31,1.0,SetByBid
2025-12-19 12:27:13,2025-12-19T12:27:13,59.31,1.0,SetByBid
2025-12-19 12:27:43,2025-12-19T12:27:43,59.32,3.0,SetByBid
2025-12-19 12:27:43,2025-12-19T12:27:43,59.32,2.0,SetByBid
2025-12-19 12:27:52,2025-12-19T12:27:52,59.32,1.0,SetByBid
2025-12-19 12:27:58,2025-12-19T12:27:58,59.31,1.0,SetByBid
2025-12-19 12:28:07,2025-12-19T12:28:07,59.31,1.0,SetByAsk
2025-12-19 12:28:20,2025-12-19T12:28:20,59.32,1.0,SetByBid
2025-12-19 12:28:20,2025-12-19T12:28:20,59.32,1.0,SetByBid
2025-12-19 12:28:20,2025-12-19T12:28:20,59.32,4.0,SetByBid
2025-12-19 12:28:20,2025-12-19T12:28:20,59.32,1.0,SetByBid
2025-12-19 12:28:20,2025-12-19T12:28:20,59.32,1.0,SetByBid
2025-12-19 12:28:20,2025-12-19T12:28:20,59.32,3.0,SetByBid
2025-12-19 12:28:20,2025-12-19T12:28:20,59.32,2.0,SetByBid
2025-12-19 12:28:20,2025-12-19T12:28:20,59.32,1.0,SetByBid
2025-12-19 12:28:20,2025-12-19T12:28:20,59.32,1.0,SetByBid
2025-12-19 12:28:20,2025-12-19T12:28:20,59.32,1.0,SetByBid
2025-12-19 12:28:20,2025-12-19T12:28:20,59.32,4.0,SetByBid
2025-12-19 12:28:20,2025-12-19T12:28:20,59.32,1.0,SetByBid
2025-12-19 12:28:20,2025-12-19T12:28:20,59.32,4.0,SetByBid
2025-12-19 12:28:20,2025-12-19T12:28:20,59.32,1.0,SetByBid
2025-12-19 12:28:20,2025-12-19T12:28:20,59.32,4.0,SetByBid
2025-12-19 12:28:20,2025-12-19T12:28:20,59.32,1.0,SetByBid
2025-12-19 12:28:20,2025-12-19T12:28:20,59.32,4.0,SetByBid
2025-12-19 12:28:20,2025-12-19T12:28:20,59.32,1.0,SetByBid
2025-12-19 12:28:20,2025-12-19T12:28:20,59.32,4.0,SetByBid
2025-12-19 12:28:20,2025-12-19T12:28:20,59.32,1.0,SetByBid
2025-12-19 12:28:20,2025-12-19T12:28:20,59.32,4.0,SetByAsk
2025-12-19 12:28:47,2025-12-19T12:28:47,59.32,7.0,SetByAsk
2025-12-19 12:28:47,2025-12-19T12:28:47,59.33,1.0,SetByBid
2025-12-19 12:28:47,2025-12-19T12:28:47,59.33,1.0,SetByBid
2025-12-19 12:28:53,2025-12-19T12:28:53,59.32,5.0,SetByAsk
2025-12-19 12:29:02,2025-12-19T12:29:02,59.34,1.0,SetByBid
2025-12-19 12:29:02,2025-12-19T12:29:02,59.34,1.0,SetByBid
2025-12-19 12:29:21,2025-12-19T12:29:21,59.33,5.0,SetByAsk
2025-12-19 12:29:21,2025-12-19T12:29:21,59.33,3.0,SetByAsk
2025-12-19 12:29:21,2025-12-19T12:29:21,59.33,2.0,SetByAsk
2025-12-19 12:29:21,2025-12-19T12:29:21,59.33,1.0,SetByAsk
2025-12-19 12:29:21,2025-12-19T12:29:21,59.33,2.0,SetByBid
2025-12-19 12:29:21,2025-12-19T12:29:21,59.33,1.0,SetByBid
2025-12-19 12:29:21,2025-12-19T12:29:21,59.33,1.0,SetByBid
2025-12-19 12:29:21,2025-12-19T12:29:21,59.33,2.0,SetByBid
2025-12-19 12:29:21,2025-12-19T12:29:21,59.33,1.0,SetByBid
2025-12-19 12:29:21,2025-12-19T12:29:21,59.33,2.0,SetByBid
2025-12-19 12:29:21,2025-12-19T12:29:21,59.33,1.0,SetByBid
2025-12-19 12:29:21,2025-12-19T12:29:21,59.32,100.0,SetByAsk
2025-12-19 12:29:21,2025-12-19T12:29:21,59.33,1.0,SetByBid
2025-12-19 12:29:21,2025-12-19T12:29:21,59.33,1.0,SetByBid
2025-12-19 12:29:21,2025-12-19T12:29:21,59.33,1.0,SetByBid
2025-12-19 12:29:28,2025-12-19T12:29:28,59.35,2.0,SetByBid
2025-12-19 12:29:28,2025-12-19T12:29:28,59.35,1.0,SetByBid
2025-12-19 12:29:28,2025-12-19T12:29:28,59.35,1.0,SetByBid
2025-12-19 12:29:29,2025-12-19T12:29:29,59.34,1.0,SetByAsk
2025-12-19 12:29:29,2025-12-19T12:29:29,59.34,1.0,SetByAsk
2025-12-19 12:29:29,2025-12-19T12:29:29,59.34,1.0,SetByAsk
2025-12-19 12:29:29,2025-12-19T12:29:29,59.34,1.0,SetByAsk
2025-12-19 12:29:29,2025-12-19T12:29:29,59.34,1.0,SetByAsk
2025-12-19 12:29:29,2025-12-19T12:29:29,59.34,1.0,SetByAsk
2025-12-19 12:29:29,2025-12-19T12:29:29,59.34,1.0,SetByAsk
2025-12-19 12:29:29,2025-12-19T12:29:29,59.34,1.0,SetByAsk
2025-12-19 12:29:29,2025-12-19T12:29:29,59.34,1.0,SetByAsk
2025-12-19 12:29:29,2025-12-19T12:29:29,59.34,1.0,SetByAsk
2025-12-19 12:29:29,2025-12-19T12:29:29,59.34,1.0,SetByAsk
2025-12-19 12:29:29,2025-12-19T12:29:29,59.34,1.0,SetByAsk
2025-12-19 12:29:29,2025-12-19T12:29:29,59.34,1.0,SetByAsk
2025-12-19 12:29:36,2025-12-19T12:29:36,59.34,1.0,SetByAsk
2025-12-19 12:29:43,2025-12-19T12:29:43,59.34,1.0,SetByAsk
2025-12-19 12:29:43,2025-12-19T12:29:43,59.34,1.0,SetByAsk
2025-12-19 12:29:43,2025-12-19T12:29:43,59.34,1.0,SetByAsk
2025-12-19 12:29:43,2025-12-19T12:29:43,59.34,1.0,SetByAsk
2025-12-19 12:29:43,2025-12-19T12:29:43,59.34,1.0,SetByAsk
2025-12-19 12:29:43,2025-12-19T12:29:43,59.34,1.0,SetByAsk
2025-12-19 12:29:43,2025-12-19T12:29:43,59.34,1.0,SetByAsk
2025-12-19 12:29:43,2025-12-19T12:29:43,59.34,1.0,SetByBid
2025-12-19 12:29:43,2025-12-19T12:29:43,59.34,1.0,SetByBid
2025-12-19 12:29:43,2025-12-19T12:29:43,59.34,2.0,SetByBid
2025-12-19 12:29:43,2025-12-19T12:29:43,59.34,1.0,SetByAsk
2025-12-19 12:29:43,2025-12-19T12:29:43,59.34,1.0,SetByBid
2025-12-19 12:29:43,2025-12-19T12:29:43,59.34,1.0,SetByBid
2025-12-19 12:29:43,2025-12-19T12:29:43,59.34,1.0,SetByBid
2025-12-19 12:29:43,2025-12-19T12:29:43,59.34,2.0,SetByBid
2025-12-19 12:29:43,2025-12-19T12:29:43,59.34,1.0,SetByBid
2025-12-19 12:29:43,2025-12-19T12:29:43,59.34,1.0,SetByBid
2025-12-19 12:29:43,2025-12-19T12:29:43,59.34,1.0,SetByBid
2025-12-19 12:29:44,2025-12-19T12:29:44,59.34,1.0,SetByBid
2025-12-19 12:29:44,2025-12-19T12:29:44,59.34,2.0,SetByBid
2025-12-19 12:29:45,2025-12-19T12:29:45,59.34,2.0,SetByBid
2025-12-19 12:29:46,2025-12-19T12:29:46,59.34,1.0,SetByAsk
2025-12-19 12:29:46,2025-12-19T12:29:46,59.34,1.0,SetByAsk
2025-12-19 12:29:53,2025-12-19T12:29:53,59.33,1.0,SetByAsk
2025-12-19 12:29:56,2025-12-19T12:29:56,59.31,1.0,SetByAsk
2025-12-19 12:29:56,2025-12-19T12:29:56,59.31,1.0,SetByAsk
2025-12-19 12:29:56,2025-12-19T12:29:56,59.31,1.0,SetByAsk
2025-12-19 12:29:56,2025-12-19T12:29:56,59.31,1.0,SetByAsk
2025-12-19 12:30:03,2025-12-19T12:30:03,59.31,1.0,SetByBid
2025-12-19 12:30:03,2025-12-19T12:30:03,59.31,1.0,SetByBid
2025-12-19 12:30:03,2025-12-19T12:30:03,59.31,1.0,SetByBid
2025-12-19 12:30:03,2025-12-19T12:30:03,59.31,1.0,SetByAsk
2025-12-19 12:30:23,2025-12-19T12:30:23,59.29,10.0,SetByAsk
2025-12-19 12:30:26,2025-12-19T12:30:26,59.29,1.0,SetByBid
2025-12-19 12:30:48,2025-12-19T12:30:48,59.28,1.0,SetByAsk
2025-12-19 12:30:48,2025-12-19T12:30:48,59.28,1.0,SetByAsk
2025-12-19 12:30:48,2025-12-19T12:30:48,59.28,1.0,SetByAsk
2025-12-19 12:30:48,2025-12-19T12:30:48,59.28,1.0,SetByBid
2025-12-19 12:30:48,2025-12-19T12:30:48,59.28,1.0,SetByBid
2025-12-19 12:30:48,2025-12-19T12:30:48,59.28,1.0,SetByBid
2025-12-19 12:30:48,2025-12-19T12:30:48,59.28,1.0,SetByBid
2025-12-19 12:30:48,2025-12-19T12:30:48,59.28,1.0,SetByBid
2025-12-19 12:30:48,2025-12-19T12:30:48,59.28,1.0,SetByBid
2025-12-19 12:30:48,2025-12-19T12:30:48,59.28,1.0,SetByBid
2025-12-19 12:30:48,2025-12-19T12:30:48,59.28,1.0,SetByBid
2025-12-19 12:30:48,2025-12-19T12:30:48,59.28,1.0,SetByBid
2025-12-19 12:30:51,2025-12-19T12:30:51,59.28,1.0,SetByBid
2025-12-19 12:30:52,2025-12-19T12:30:52,59.28,1.0,SetByBid
2025-12-19 12:30:56,2025-12-19T12:30:56,59.28,1.0,SetByBid
2025-12-19 12:30:56,2025-12-19T12:30:56,59.28,1.0,SetByAsk
2025-12-19 12:30:56,2025-12-19T12:30:56,59.28,1.0,SetByAsk
2025-12-19 12:30:56,2025-12-19T12:30:56,59.28,1.0,SetByAsk
2025-12-19 12:30:56,2025-12-19T12:30:56,59.28,1.0,SetByAsk
2025-12-19 12:30:56,2025-12-19T12:30:56,59.28,1.0,SetByAsk
2025-12-19 12:30:56,2025-12-19T12:30:56,59.28,1.0,SetByAsk
2025-12-19 12:30:56,2025-12-19T12:30:56,59.28,1.0,SetByAsk
2025-12-19 12:30:56,2025-12-19T12:30:56,59.28,1.0,SetByAsk
2025-12-19 12:30:57,2025-12-19T12:30:57,59.28,1.0,SetByBid
2025-12-19 12:31:04,2025-12-19T12:31:04,59.28,1.0,SetByBid
2025-12-19 12:31:04,2025-12-19T12:31:04,59.28,1.0,SetByAsk
2025-12-19 12:31:04,2025-12-19T12:31:04,59.28,1.0,SetByAsk
2025-12-19 12:31:05,2025-12-19T12:31:05,59.28,1.0,SetByAsk
2025-12-19 12:31:05,2025-12-19T12:31:05,59.28,1.0,SetByBid
2025-12-19 12:31:06,2025-12-19T12:31:06,59.28,1.0,SetByAsk
2025-12-19 12:31:06,2025-12-19T12:31:06,59.28,1.0,SetByAsk
2025-12-19 12:31:06,2025-12-19T12:31:06,59.28,1.0,SetByAsk
2025-12-19 12:31:06,2025-12-19T12:31:06,59.28,1.0,SetByAsk
2025-12-19 12:31:06,2025-12-19T12:31:06,59.28,1.0,SetByAsk
2025-12-19 12:31:06,2025-12-19T12:31:06,59.28,1.0,SetByAsk
2025-12-19 12:31:06,2025-12-19T12:31:06,59.28,1.0,SetByAsk
2025-12-19 12:31:06,2025-12-19T12:31:06,59.28,1.0,SetByAsk
2025-12-19 12:31:06,2025-12-19T12:31:06,59.28,1.0,SetByAsk
2025-12-19 12:31:06,2025-12-19T12:31:06,59.28,1.0,SetByAsk
2025-12-19 12:31:06,2025-12-19T12:31:06,59.28,1.0,SetByAsk
2025-12-19 12:31:06,2025-12-19T12:31:06,59.28,1.0,SetByAsk
2025-12-19 12:31:06,2025-12-19T12:31:06,59.28,1.0,SetByAsk
2025-12-19 12:31:06,2025-12-19T12:31:06,59.28,1.0,SetByAsk
2025-12-19 12:31:06,2025-12-19T12:31:06,59.28,1.0,SetByAsk
2025-12-19 12:31:08,2025-12-19T12:31:08,59.28,1.0,SetByAsk
2025-12-19 12:31:12,2025-12-19T12:31:12,59.28,1.0,SetByAsk
2025-12-19 12:31:12,2025-12-19T12:31:12,59.28,1.0,SetByAsk
2025-12-19 12:31:12,2025-12-19T12:31:12,59.28,1.0,SetByAsk
2025-12-19 12:31:12,2025-12-19T12:31:12,59.28,1.0,SetByAsk
2025-12-19 12:31:12,2025-12-19T12:31:12,59.28,1.0,SetByAsk
2025-12-19 12:31:12,2025-12-19T12:31:12,59.28,1.0,SetByAsk
2025-12-19 12:31:12,2025-12-19T12:31:12,59.28,1.0,SetByAsk
2025-12-19 12:31:12,2025-12-19T12:31:12,59.28,1.0,SetByAsk
2025-12-19 12:31:12,2025-12-19T12:31:12,59.28,1.0,SetByAsk
2025-12-19 12:31:12,2025-12-19T12:31:12,59.28,1.0,SetByAsk
2025-12-19 12:31:12,2025-12-19T12:31:12,59.28,1.0,SetByAsk
2025-12-19 12:31:12,2025-12-19T12:31:12,59.28,1.0,SetByAsk
2025-12-19 12:31:14,2025-12-19T12:31:14,59.28,1.0,SetByBid
2025-12-19 12:31:17,2025-12-19T12:31:17,59.28,1.0,SetByAsk
2025-12-19 12:31:17,2025-12-19T12:31:17,59.28,1.0,SetByAsk
2025-12-19 12:31:17,2025-12-19T12:31:17,59.28,1.0,SetByAsk
2025-12-19 12:31:17,2025-12-19T12:31:17,59.28,1.0,SetByAsk
2025-12-19 12:31:17,2025-12-19T12:31:17,59.28,1.0,SetByAsk
2025-12-19 12:31:17,2025-12-19T12:31:17,59.28,1.0,SetByAsk
2025-12-19 12:31:17,2025-12-19T12:31:17,59.28,1.0,SetByAsk
2025-12-19 12:31:17,2025-12-19T12:31:17,59.28,1.0,SetByAsk
2025-12-19 12:31:17,2025-12-19T12:31:17,59.28,1.0,SetByAsk
2025-12-19 12:31:17,2025-12-19T12:31:17,59.28,1.0,SetByAsk
2025-12-19 12:31:17,2025-12-19T12:31:17,59.28,1.0,SetByAsk
2025-12-19 12:31:17,2025-12-19T12:31:17,59.28,1.0,SetByAsk
2025-12-19 12:31:17,2025-12-19T12:31:17,59.28,1.0,SetByAsk
2025-12-19 12:31:17,2025-12-19T12:31:17,59.28,1.0,SetByAsk
2025-12-19 12:31:17,2025-12-19T12:31:17,59.28,1.0,SetByAsk
2025-12-19 12:31:17,2025-12-19T12:31:17,59.28,1.0,SetByAsk
2025-12-19 12:31:17,2025-12-19T12:31:17,59.28,1.0,SetByAsk
2025-12-19 12:31:17,2025-12-19T12:31:17,59.28,1.0,SetByBid
2025-12-19 12:31:17,2025-12-19T12:31:17,59.28,1.0,SetByAsk
2025-12-19 12:31:20,2025-12-19T12:31:20,59.28,1.0,SetByBid
2025-12-19 12:31:20,2025-12-19T12:31:20,59.28,1.0,SetByAsk
2025-12-19 12:31:20,2025-12-19T12:31:20,59.28,1.0,SetByAsk
2025-12-19 12:31:20,2025-12-19T12:31:20,59.28,1.0,SetByAsk
2025-12-19 12:31:20,2025-12-19T12:31:20,59.28,1.0,SetByAsk
2025-12-19 12:31:20,2025-12-19T12:31:20,59.28,1.0,SetByAsk
2025-12-19 12:31:20,2025-12-19T12:31:20,59.28,1.0,SetByAsk
2025-12-19 12:31:20,2025-12-19T12:31:20,59.28,1.0,SetByAsk
2025-12-19 12:31:20,2025-12-19T12:31:20,59.28,1.0,SetByAsk
2025-12-19 12:31:20,2025-12-19T12:31:20,59.28,1.0,SetByAsk
2025-12-19 12:31:20,2025-12-19T12:31:20,59.28,1.0,SetByAsk
2025-12-19 12:31:20,2025-12-19T12:31:20,59.28,1.0,SetByAsk
2025-12-19 12:31:20,2025-12-19T12:31:20,59.28,1.0,SetByAsk
2025-12-19 12:31:20,2025-12-19T12:31:20,59.28,1.0,SetByAsk
2025-12-19 12:31:20,2025-12-19T12:31:20,59.28,1.0,SetByAsk
2025-12-19 12:31:20,2025-12-19T12:31:20,59.28,1.0,SetByAsk
2025-12-19 12:31:20,2025-12-19T12:31:20,59.28,1.0,SetByAsk
2025-12-19 12:31:20,2025-12-19T12:31:20,59.28,1.0,SetByAsk
2025-12-19 12:31:20,2025-12-19T12:31:20,59.28,1.0,SetByAsk
2025-12-19 12:31:20,2025-12-19T12:31:20,59.28,1.0,SetByAsk
2025-12-19 12:31:20,2025-12-19T12:31:20,59.28,1.0,SetByAsk
2025-12-19 12:31:20,2025-12-19T12:31:20,59.28,1.0,SetByAsk
2025-12-19 12:31:20,2025-12-19T12:31:20,59.28,1.0,SetByAsk
2025-12-19 12:31:20,2025-12-19T12:31:20,59.28,1.0,SetByAsk
2025-12-19 12:31:20,2025-12-19T12:31:20,59.28,1.0,SetByAsk
2025-12-19 12:31:20,2025-12-19T12:31:20,59.28,1.0,SetByAsk
2025-12-19 12:31:20,2025-12-19T12:31:20,59.28,1.0,SetByAsk
2025-12-19 12:31:20,2025-12-19T12:31:20,59.28,1.0,SetByAsk
2025-12-19 12:31:20,2025-12-19T12:31:20,59.28,1.0,SetByAsk
2025-12-19 12:31:20,2025-12-19T12:31:20,59.28,1.0,SetByAsk
2025-12-19 12:31:20,2025-12-19T12:31:20,59.28,1.0,SetByAsk
2025-12-19 12:31:20,2025-12-19T12:31:20,59.28,1.0,SetByAsk
2025-12-19 12:31:20,2025-12-19T12:31:20,59.28,1.0,SetByAsk
2025-12-19 12:31:20,2025-12-19T12:31:20,59.28,1.0,SetByAsk
2025-12-19 12:31:20,2025-12-19T12:31:20,59.28,1.0,SetByAsk
2025-12-19 12:31:20,2025-12-19T12:31:20,59.28,1.0,SetByAsk
2025-12-19 12:31:20,2025-12-19T12:31:20,59.28,1.0,SetByAsk
2025-12-19 12:31:20,2025-12-19T12:31:20,59.28,1.0,SetByAsk
2025-12-19 12:31:20,2025-12-19T12:31:20,59.28,1.0,SetByAsk
2025-12-19 12:31:20,2025-12-19T12:31:20,59.28,1.0,SetByAsk
2025-12-19 12:31:20,2025-12-19T12:31:20,59.28,1.0,SetByAsk
2025-12-19 12:31:20,2025-12-19T12:31:20,59.28,1.0,SetByAsk
2025-12-19 12:31:20,2025-12-19T12:31:20,59.28,1.0,SetByAsk
2025-12-19 12:31:20,2025-12-19T12:31:20,59.28,1.0,SetByAsk
2025-12-19 12:31:20,2025-12-19T12:31:20,59.28,1.0,SetByAsk
2025-12-19 12:31:20,2025-12-19T12:31:20,59.28,1.0,SetByAsk
2025-12-19 12:31:20,2025-12-19T12:31:20,59.28,1.0,SetByAsk
2025-12-19 12:31:20,2025-12-19T12:31:20,59.28,1.0,SetByAsk
2025-12-19 12:31:20,2025-12-19T12:31:20,59.28,1.0,SetByAsk
2025-12-19 12:31:20,2025-12-19T12:31:20,59.28,1.0,SetByAsk
2025-12-19 12:31:20,2025-12-19T12:31:20,59.28,1.0,SetByAsk
2025-12-19 12:31:20,2025-12-19T12:31:20,59.28,1.0,SetByAsk
2025-12-19 12:31:20,2025-12-19T12:31:20,59.28,1.0,SetByAsk
2025-12-19 12:31:20,2025-12-19T12:31:20,59.28,1.0,SetByAsk
2025-12-19 12:31:20,2025-12-19T12:31:20,59.28,1.0,SetByAsk
2025-12-19 12:31:20,2025-12-19T12:31:20,59.28,1.0,SetByAsk
2025-12-19 12:31:20,2025-12-19T12:31:20,59.28,1.0,SetByAsk
2025-12-19 12:31:20,2025-12-19T12:31:20,59.28,1.0,SetByAsk
2025-12-19 12:31:20,2025-12-19T12:31:20,59.28,1.0,SetByAsk
2025-12-19 12:31:20,2025-12-19T12:31:20,59.28,1.0,SetByAsk
2025-12-19 12:31:20,2025-12-19T12:31:20,59.28,1.0,SetByAsk
2025-12-19 12:31:20,2025-12-19T12:31:20,59.28,1.0,SetByAsk
2025-12-19 12:31:20,2025-12-19T12:31:20,59.28,1.0,SetByBid
2025-12-19 12:31:20,2025-12-19T12:31:20,59.28,1.0,SetByBid
2025-12-19 12:31:20,2025-12-19T12:31:20,59.28,1.0,SetByBid
2025-12-19 12:31:22,2025-12-19T12:31:22,59.28,1.0,SetByBid
2025-12-19 12:31:22,2025-12-19T12:31:22,59.28,1.0,SetByBid
2025-12-19 12:31:22,2025-12-19T12:31:22,59.28,1.0,SetByAsk
2025-12-19 12:31:22,2025-12-19T12:31:22,59.28,1.0,SetByAsk
2025-12-19 12:31:22,2025-12-19T12:31:22,59.28,1.0,SetByAsk
2025-12-19 12:31:22,2025-12-19T12:31:22,59.28,1.0,SetByAsk
2025-12-19 12:31:23,2025-12-19T12:31:23,59.28,1.0,SetByBid
2025-12-19 12:31:23,2025-12-19T12:31:23,59.28,1.0,SetByBid
2025-12-19 12:31:24,2025-12-19T12:31:24,59.28,1.0,SetByBid
2025-12-19 12:31:25,2025-12-19T12:31:25,59.28,1.0,SetByBid
2025-12-19 12:31:25,2025-12-19T12:31:25,59.28,1.0,SetByBid
2025-12-19 12:31:25,2025-12-19T12:31:25,59.28,1.0,SetByAsk
2025-12-19 12:31:25,2025-12-19T12:31:25,59.28,1.0,SetByAsk
2025-12-19 12:31:25,2025-12-19T12:31:25,59.28,1.0,SetByAsk
2025-12-19 12:31:25,2025-12-19T12:31:25,59.28,1.0,SetByAsk
2025-12-19 12:31:25,2025-12-19T12:31:25,59.28,1.0,SetByAsk
2025-12-19 12:31:25,2025-12-19T12:31:25,59.28,1.0,SetByAsk
2025-12-19 12:31:33,2025-12-19T12:31:33,59.29,1.0,SetByBid
2025-12-19 12:31:33,2025-12-19T12:31:33,59.29,1.0,SetByBid
2025-12-19 12:31:43,2025-12-19T12:31:43,59.29,1.0,SetByBid
2025-12-19 12:31:43,2025-12-19T12:31:43,59.29,1.0,SetByBid
2025-12-19 12:31:43,2025-12-19T12:31:43,59.29,1.0,SetByBid
2025-12-19 12:31:43,2025-12-19T12:31:43,59.29,1.0,SetByAsk
2025-12-19 12:31:43,2025-12-19T12:31:43,59.29,1.0,SetByAsk
2025-12-19 12:31:53,2025-12-19T12:31:53,59.27,1.0,SetByAsk
2025-12-19 12:31:53,2025-12-19T12:31:53,59.27,1.0,SetByAsk
2025-12-19 12:31:54,2025-12-19T12:31:54,59.27,1.0,SetByAsk
2025-12-19 12:31:54,2025-12-19T12:31:54,59.27,1.0,SetByAsk
2025-12-19 12:31:54,2025-12-19T12:31:54,59.27,1.0,SetByAsk
2025-12-19 12:31:54,2025-12-19T12:31:54,59.27,1.0,SetByAsk
2025-12-19 12:32:03,2025-12-19T12:32:03,59.29,1.0,SetByBid
2025-12-19 12:32:03,2025-12-19T12:32:03,59.29,1.0,SetByBid
2025-12-19 12:32:03,2025-12-19T12:32:03,59.29,1.0,SetByBid
2025-12-19 12:32:03,2025-12-19T12:32:03,59.29,1.0,SetByBid
2025-12-19 12:32:05,2025-12-19T12:32:05,59.29,1.0,SetByBid
2025-12-19 12:32:05,2025-12-19T12:32:05,59.29,1.0,SetByAsk
2025-12-19 12:32:05,2025-12-19T12:32:05,59.29,1.0,SetByBid
2025-12-19 12:32:05,2025-12-19T12:32:05,59.29,1.0,SetByBid
2025-12-19 12:32:12,2025-12-19T12:32:12,59.29,1.0,SetByBid
2025-12-19 12:32:12,2025-12-19T12:32:12,59.29,1.0,SetByAsk
2025-12-19 12:32:12,2025-12-19T12:32:12,59.29,1.0,SetByAsk
2025-12-19 12:32:12,2025-12-19T12:32:12,59.3,1.0,SetByBid
2025-12-19 12:32:12,2025-12-19T12:32:12,59.3,1.0,SetByAsk
2025-12-19 12:32:12,2025-12-19T12:32:12,59.3,1.0,SetByAsk
2025-12-19 12:32:12,2025-12-19T12:32:12,59.3,1.0,SetByAsk
2025-12-19 12:32:12,2025-12-19T12:32:12,59.3,1.0,SetByAsk
2025-12-19 12:32:12,2025-12-19T12:32:12,59.3,1.0,SetByAsk
2025-12-19 12:32:13,2025-12-19T12:32:13,59.3,1.0,SetByBid
2025-12-19 12:32:15,2025-12-19T12:32:15,59.3,1.0,SetByAsk
2025-12-19 12:32:50,2025-12-19T12:32:50,59.3,1.0,SetByBid
2025-12-19 12:32:50,2025-12-19T12:32:50,59.3,1.0,SetByBid
2025-12-19 12:32:50,2025-12-19T12:32:50,59.3,1.0,SetByBid
2025-12-19 12:32:53,2025-12-19T12:32:53,59.3,1.0,SetByBid
2025-12-19 12:32:53,2025-12-19T12:32:53,59.3,1.0,SetByBid
2025-12-19 12:33:08,2025-12-19T12:33:08,59.3,1.0,SetByBid
2025-12-19 12:33:11,2025-12-19T12:33:11,59.3,1.0,SetByAsk
2025-12-19 12:33:11,2025-12-19T12:33:11,59.3,1.0,SetByAsk
2025-12-19 12:33:11,2025-12-19T12:33:11,59.3,1.0,SetByBid
2025-12-19 12:33:11,2025-12-19T12:33:11,59.3,1.0,SetByBid
2025-12-19 12:33:14,2025-12-19T12:33:14,59.3,1.0,SetByAsk
2025-12-19 12:33:14,2025-12-19T12:33:14,59.3,1.0,SetByAsk
2025-12-19 12:33:14,2025-12-19T12:33:14,59.3,1.0,SetByAsk
2025-12-19 12:33:14,2025-12-19T12:33:14,59.3,1.0,SetByBid
2025-12-19 12:33:18,2025-12-19T12:33:18,59.3,1.0,SetByBid
2025-12-19 12:33:20,2025-12-19T12:33:20,59.3,1.0,SetByBid
2025-12-19 12:33:20,2025-12-19T12:33:20,59.3,1.0,SetByAsk
2025-12-19 12:33:20,2025-12-19T12:33:20,59.3,1.0,SetByAsk
2025-12-19 12:33:20,2025-12-19T12:33:20,59.3,1.0,SetByAsk
2025-12-19 12:33:20,2025-12-19T12:33:20,59.3,1.0,SetByAsk
2025-12-19 12:33:20,2025-12-19T12:33:20,59.3,1.0,SetByAsk
2025-12-19 12:33:20,2025-12-19T12:33:20,59.3,1.0,SetByAsk
2025-12-19 12:33:20,2025-12-19T12:33:20,59.3,1.0,SetByBid
2025-12-19 12:33:21,2025-12-19T12:33:21,59.3,1.0,SetByAsk
2025-12-19 12:33:21,2025-12-19T12:33:21,59.3,1.0,SetByAsk
2025-12-19 12:33:21,2025-12-19T12:33:21,59.3,1.0,SetByAsk
2025-12-19 12:33:21,2025-12-19T12:33:21,59.3,1.0,SetByAsk
2025-12-19 12:33:21,2025-12-19T12:33:21,59.3,1.0,SetByBid
2025-12-19 12:33:21,2025-12-19T12:33:21,59.3,1.0,SetByBid
2025-12-19 12:33:21,2025-12-19T12:33:21,59.3,1.0,SetByBid
2025-12-19 12:33:22,2025-12-19T12:33:22,59.3,1.0,SetByBid
2025-12-19 12:33:22,2025-12-19T12:33:22,59.3,1.0,SetByBid
2025-12-19 12:33:32,2025-12-19T12:33:32,59.31,1.0,SetByBid
2025-12-19 12:33:32,2025-12-19T12:33:32,59.31,1.0,SetByAsk
2025-12-19 12:33:32,2025-12-19T12:33:32,59.31,1.0,SetByAsk
2025-12-19 12:33:32,2025-12-19T12:33:32,59.31,1.0,SetByAsk
2025-12-19 12:33:32,2025-12-19T12:33:32,59.31,1.0,SetByAsk
2025-12-19 12:33:32,2025-12-19T12:33:32,59.31,1.0,SetByAsk
2025-12-19 12:33:32,2025-12-19T12:33:32,59.31,1.0,SetByAsk
2025-12-19 12:33:32,2025-12-19T12:33:32,59.31,1.0,SetByAsk
2025-12-19 12:33:32,2025-12-19T12:33:32,59.31,1.0,SetByAsk
2025-12-19 12:33:32,2025-12-19T12:33:32,59.31,1.0,SetByAsk
2025-12-19 12:33:32,2025-12-19T12:33:32,59.31,1.0,SetByAsk
2025-12-19 12:33:32,2025-12-19T12:33:32,59.31,1.0,SetByAsk
2025-12-19 12:33:32,2025-12-19T12:33:32,59.31,1.0,SetByAsk
2025-12-19 12:33:32,2025-12-19T12:33:32,59.31,1.0,SetByAsk
2025-12-19 12:33:32,2025-12-19T12:33:32,59.31,1.0,SetByAsk
2025-12-19 12:33:32,2025-12-19T12:33:32,59.31,1.0,SetByAsk
2025-12-19 12:33:32,2025-12-19T12:33:32,59.31,1.0,SetByAsk
2025-12-19 12:33:32,2025-12-19T12:33:32,59.31,1.0,SetByAsk
2025-12-19 12:33:32,2025-12-19T12:33:32,59.31,1.0,SetByAsk
2025-12-19 12:33:32,2025-12-19T12:33:32,59.31,1.0,SetByAsk
2025-12-19 12:33:32,2025-12-19T12:33:32,59.31,1.0,SetByAsk
2025-12-19 12:33:32,2025-12-19T12:33:32,59.31,1.0,SetByAsk
2025-12-19 12:33:32,2025-12-19T12:33:32,59.31,1.0,SetByAsk
2025-12-19 12:33:32,2025-12-19T12:33:32,59.31,1.0,SetByAsk
2025-12-19 12:33:32,2025-12-19T12:33:32,59.31,1.0,SetByAsk
2025-12-19 12:33:32,2025-12-19T12:33:32,59.31,1.0,SetByAsk
2025-12-19 12:33:32,2025-12-19T12:33:32,59.31,1.0,SetByBid
2025-12-19 12:33:32,2025-12-19T12:33:32,59.31,1.0,SetByAsk
2025-12-19 12:33:32,2025-12-19T12:33:32,59.31,1.0,SetByBid
2025-12-19 12:33:32,2025-12-19T12:33:32,59.31,1.0,SetByBid
2025-12-19 12:33:32,2025-12-19T12:33:32,59.31,1.0,SetByAsk
2025-12-19 12:33:32,2025-12-19T12:33:32,59.31,1.0,SetByAsk
2025-12-19 12:33:44,2025-12-19T12:33:44,59.31,1.0,SetByAsk
2025-12-19 12:33:44,2025-12-19T12:33:44,59.31,1.0,SetByAsk
2025-12-19 12:33:44,2025-12-19T12:33:44,59.31,1.0,SetByAsk
2025-12-19 12:33:44,2025-12-19T12:33:44,59.31,1.0,SetByAsk
2025-12-19 12:33:44,2025-12-19T12:33:44,59.31,1.0,SetByAsk
2025-12-19 12:33:44,2025-12-19T12:33:44,59.31,1.0,SetByAsk
2025-12-19 12:33:45,2025-12-19T12:33:45,59.31,1.0,SetByAsk
2025-12-19 12:33:45,2025-12-19T12:33:45,59.31,1.0,SetByAsk
2025-12-19 12:33:45,2025-12-19T12:33:45,59.31,1.0,SetByAsk
2025-12-19 12:33:46,2025-12-19T12:33:46,59.31,1.0,SetByAsk
2025-12-19 12:33:46,2025-12-19T12:33:46,59.31,1.0,SetByAsk
2025-12-19 12:33:46,2025-12-19T12:33:46,59.31,1.0,SetByAsk
2025-12-19 12:33:46,2025-12-19T12:33:46,59.31,1.0,SetByAsk
2025-12-19 12:33:46,2025-12-19T12:33:46,59.31,1.0,SetByAsk
2025-12-19 12:33:46,2025-12-19T12:33:46,59.31,1.0,SetByAsk
2025-12-19 12:33:46,2025-12-19T12:33:46,59.31,1.0,SetByAsk
2025-12-19 12:33:46,2025-12-19T12:33:46,59.31,1.0,SetByAsk
2025-12-19 12:33:46,2025-12-19T12:33:46,59.31,1.0,SetByAsk
2025-12-19 12:33:46,2025-12-19T12:33:46,59.31,1.0,SetByAsk
2025-12-19 12:33:46,2025-12-19T12:33:46,59.31,1.0,SetByAsk
2025-12-19 12:33:46,2025-12-19T12:33:46,59.31,1.0,SetByAsk
2025-12-19 12:33:46,2025-12-19T12:33:46,59.31,1.0,SetByAsk
2025-12-19 12:33:46,2025-12-19T12:33:46,59.31,1.0,SetByAsk
2025-12-19 12:33:46,2025-12-19T12:33:46,59.31,1.0,SetByAsk
2025-12-19 12:33:46,2025-12-19T12:33:46,59.31,1.0,SetByAsk
2025-12-19 12:33:46,2025-12-19T12:33:46,59.31,1.0,SetByAsk
2025-12-19 12:33:46,2025-12-19T12:33:46,59.31,1.0,SetByAsk
2025-12-19 12:33:47,2025-12-19T12:33:47,59.31,1.0,SetByAsk
2025-12-19 12:34:22,2025-12-19T12:34:22,59.28,1.0,SetByAsk
2025-12-19 12:34:22,2025-12-19T12:34:22,59.28,1.0,SetByAsk
2025-12-19 12:34:22,2025-12-19T12:34:22,59.28,2.0,SetByAsk
2025-12-19 12:34:22,2025-12-19T12:34:22,59.28,1.0,SetByAsk
2025-12-19 12:34:22,2025-12-19T12:34:22,59.28,1.0,SetByAsk
2025-12-19 12:35:24,2025-12-19T12:35:24,59.29,1.0,SetByAsk
2025-12-19 12:36:00,2025-12-19T12:36:00,59.28,1.0,SetByAsk
2025-12-19 12:36:00,2025-12-19T12:36:00,59.27,1.0,SetByAsk
2025-12-19 12:36:00,2025-12-19T12:36:00,59.27,1.0,SetByAsk
2025-12-19 12:36:00,2025-12-19T12:36:00,59.27,5.0,SetByAsk
2025-12-19 12:36:00,2025-12-19T12:36:00,59.27,1.0,SetByAsk
2025-12-19 12:36:00,2025-12-19T12:36:00,59.27,1.0,SetByAsk
2025-12-19 12:36:00,2025-12-19T12:36:00,59.27,1.0,SetByAsk
2025-12-19 12:36:00,2025-12-19T12:36:00,59.27,1.0,SetByAsk
2025-12-19 12:36:00,2025-12-19T12:36:00,59.27,1.0,SetByAsk
2025-12-19 12:36:00,2025-12-19T12:36:00,59.27,1.0,SetByAsk
2025-12-19 12:36:23,2025-12-19T12:36:23,59.25,1.0,SetByBid
2025-12-19 12:36:23,2025-12-19T12:36:23,59.25,1.0,SetByBid
2025-12-19 12:36:23,2025-12-19T12:36:23,59.25,1.0,SetByBid
2025-12-19 12:36:23,2025-12-19T12:36:23,59.25,1.0,SetByBid
2025-12-19 12:36:23,2025-12-19T12:36:23,59.25,1.0,SetByBid
2025-12-19 12:36:23,2025-12-19T12:36:23,59.25,2.0,SetByBid
2025-12-19 12:36:23,2025-12-19T12:36:23,59.25,2.0,SetByBid
2025-12-19 12:36:23,2025-12-19T12:36:23,59.25,1.0,SetByBid
2025-12-19 12:36:56,2025-12-19T12:36:56,59.25,1.0,SetByBid
2025-12-19 12:36:56,2025-12-19T12:36:56,59.25,1.0,SetByAsk
2025-12-19 12:36:56,2025-12-19T12:36:56,59.25,1.0,SetByBid
2025-12-19 12:36:56,2025-12-19T12:36:56,59.25,1.0,SetByAsk
2025-12-19 12:36:59,2025-12-19T12:36:59,59.25,1.0,SetByBid
2025-12-19 12:36:59,2025-12-19T12:36:59,59.25,1.0,SetByBid
2025-12-19 12:36:59,2025-12-19T12:36:59,59.25,2.0,SetByAsk
2025-12-19 12:36:59,2025-12-19T12:36:59,59.25,3.0,SetByAsk
2025-12-19 12:36:59,2025-12-19T12:36:59,59.25,1.0,SetByAsk
2025-12-19 12:36:59,2025-12-19T12:36:59,59.25,1.0,SetByAsk
2025-12-19 12:36:59,2025-12-19T12:36:59,59.25,1.0,SetByAsk
2025-12-19 12:36:59,2025-12-19T12:36:59,59.25,1.0,SetByAsk
2025-12-19 12:36:59,2025-12-19T12:36:59,59.25,1.0,SetByAsk
2025-12-19 12:36:59,2025-12-19T12:36:59,59.25,1.0,SetByAsk
2025-12-19 12:36:59,2025-12-19T12:36:59,59.25,1.0,SetByAsk
2025-12-19 12:36:59,2025-12-19T12:36:59,59.25,1.0,SetByAsk
2025-12-19 12:36:59,2025-12-19T12:36:59,59.25,1.0,SetByAsk
2025-12-19 12:36:59,2025-12-19T12:36:59,59.25,1.0,SetByAsk
2025-12-19 12:36:59,2025-12-19T12:36:59,59.25,1.0,SetByAsk
2025-12-19 12:36:59,2025-12-19T12:36:59,59.25,1.0,SetByAsk
2025-12-19 12:36:59,2025-12-19T12:36:59,59.25,1.0,SetByAsk
2025-12-19 12:36:59,2025-12-19T12:36:59,59.25,1.0,SetByAsk
2025-12-19 12:36:59,2025-12-19T12:36:59,59.25,1.0,SetByAsk
2025-12-19 12:36:59,2025-12-19T12:36:59,59.25,1.0,SetByAsk
2025-12-19 12:36:59,2025-12-19T12:36:59,59.25,1.0,SetByAsk
2025-12-19 12:36:59,2025-12-19T12:36:59,59.25,1.0,SetByAsk
2025-12-19 12:36:59,2025-12-19T12:36:59,59.25,1.0,SetByAsk
2025-12-19 12:36:59,2025-12-19T12:36:59,59.25,1.0,SetByAsk
2025-12-19 12:36:59,2025-12-19T12:36:59,59.25,1.0,SetByAsk
2025-12-19 12:36:59,2025-12-19T12:36:59,59.25,1.0,SetByAsk
2025-12-19 12:36:59,2025-12-19T12:36:59,59.25,1.0,SetByAsk
2025-12-19 12:36:59,2025-12-19T12:36:59,59.25,1.0,SetByAsk
2025-12-19 12:36:59,2025-12-19T12:36:59,59.25,1.0,SetByAsk
2025-12-19 12:36:59,2025-12-19T12:36:59,59.25,1.0,SetByAsk
2025-12-19 12:36:59,2025-12-19T12:36:59,59.25,1.0,SetByAsk
2025-12-19 12:36:59,2025-12-19T12:36:59,59.25,1.0,SetByAsk
2025-12-19 12:36:59,2025-12-19T12:36:59,59.25,1.0,SetByAsk
2025-12-19 12:36:59,2025-12-19T12:36:59,59.25,1.0,SetByAsk
2025-12-19 12:36:59,2025-12-19T12:36:59,59.25,1.0,SetByAsk
2025-12-19 12:36:59,2025-12-19T12:36:59,59.25,1.0,SetByAsk
2025-12-19 12:36:59,2025-12-19T12:36:59,59.25,1.0,SetByAsk
2025-12-19 12:36:59,2025-12-19T12:36:59,59.25,1.0,SetByAsk
2025-12-19 12:36:59,2025-12-19T12:36:59,59.25,1.0,SetByAsk
2025-12-19 12:36:59,2025-12-19T12:36:59,59.25,1.0,SetByAsk
2025-12-19 12:36:59,2025-12-19T12:36:59,59.25,1.0,SetByAsk
2025-12-19 12:36:59,2025-12-19T12:36:59,59.25,1.0,SetByAsk
2025-12-19 12:36:59,2025-12-19T12:36:59,59.25,1.0,SetByAsk
2025-12-19 12:36:59,2025-12-19T12:36:59,59.25,1.0,SetByAsk
2025-12-19 12:36:59,2025-12-19T12:36:59,59.25,1.0,SetByAsk
2025-12-19 12:36:59,2025-12-19T12:36:59,59.25,1.0,SetByAsk
2025-12-19 12:36:59,2025-12-19T12:36:59,59.25,1.0,SetByAsk
2025-12-19 12:36:59,2025-12-19T12:36:59,59.25,1.0,SetByAsk
2025-12-19 12:36:59,2025-12-19T12:36:59,59.25,1.0,SetByAsk
2025-12-19 12:36:59,2025-12-19T12:36:59,59.25,1.0,SetByAsk
2025-12-19 12:36:59,2025-12-19T12:36:59,59.25,1.0,SetByAsk
2025-12-19 12:36:59,2025-12-19T12:36:59,59.25,1.0,SetByAsk
2025-12-19 12:36:59,2025-12-19T12:36:59,59.25,1.0,SetByAsk
2025-12-19 12:36:59,2025-12-19T12:36:59,59.25,1.0,SetByAsk
2025-12-19 12:36:59,2025-12-19T12:36:59,59.25,1.0,SetByAsk
2025-12-19 12:36:59,2025-12-19T12:36:59,59.25,1.0,SetByAsk
2025-12-19 12:36:59,2025-12-19T12:36:59,59.25,1.0,SetByAsk
2025-12-19 12:36:59,2025-12-19T12:36:59,59.25,1.0,SetByAsk
2025-12-19 12:36:59,2025-12-19T12:36:59,59.25,1.0,SetByAsk
2025-12-19 12:36:59,2025-12-19T12:36:59,59.25,1.0,SetByAsk
2025-12-19 12:36:59,2025-12-19T12:36:59,59.25,1.0,SetByAsk
2025-12-19 12:36:59,2025-12-19T12:36:59,59.25,1.0,SetByAsk
2025-12-19 12:36:59,2025-12-19T12:36:59,59.25,2.0,SetByAsk
2025-12-19 12:36:59,2025-12-19T12:36:59,59.25,1.0,SetByAsk
2025-12-19 12:36:59,2025-12-19T12:36:59,59.25,1.0,SetByAsk
2025-12-19 12:36:59,2025-12-19T12:36:59,59.25,1.0,SetByAsk
2025-12-19 12:36:59,2025-12-19T12:36:59,59.25,1.0,SetByAsk
2025-12-19 12:36:59,2025-12-19T12:36:59,59.25,1.0,SetByAsk
2025-12-19 12:36:59,2025-12-19T12:36:59,59.25,1.0,SetByAsk
2025-12-19 12:36:59,2025-12-19T12:36:59,59.25,1.0,SetByAsk
2025-12-19 12:36:59,2025-12-19T12:36:59,59.25,1.0,SetByAsk
2025-12-19 12:36:59,2025-12-19T12:36:59,59.25,1.0,SetByAsk
2025-12-19 12:36:59,2025-12-19T12:36:59,59.25,1.0,SetByAsk
2025-12-19 12:36:59,2025-12-19T12:36:59,59.25,1.0,SetByAsk
2025-12-19 12:36:59,2025-12-19T12:36:59,59.25,1.0,SetByAsk
2025-12-19 12:36:59,2025-12-19T12:36:59,59.25,1.0,SetByAsk
2025-12-19 12:36:59,2025-12-19T12:36:59,59.25,1.0,SetByAsk
2025-12-19 12:36:59,2025-12-19T12:36:59,59.25,1.0,SetByAsk
2025-12-19 12:36:59,2025-12-19T12:36:59,59.25,1.0,SetByAsk
2025-12-19 12:36:59,2025-12-19T12:36:59,59.25,1.0,SetByAsk
2025-12-19 12:36:59,2025-12-19T12:36:59,59.25,1.0,SetByAsk
2025-12-19 12:36:59,2025-12-19T12:36:59,59.25,1.0,SetByAsk
2025-12-19 12:36:59,2025-12-19T12:36:59,59.25,1.0,SetByAsk
2025-12-19 12:36:59,2025-12-19T12:36:59,59.25,1.0,SetByAsk
2025-12-19 12:36:59,2025-12-19T12:36:59,59.25,1.0,SetByAsk
2025-12-19 12:36:59,2025-12-19T12:36:59,59.25,1.0,SetByAsk
2025-12-19 12:36:59,2025-12-19T12:36:59,59.25,1.0,SetByAsk
2025-12-19 12:36:59,2025-12-19T12:36:59,59.25,1.0,SetByAsk
2025-12-19 12:36:59,2025-12-19T12:36:59,59.25,1.0,SetByAsk
2025-12-19 12:36:59,2025-12-19T12:36:59,59.25,1.0,SetByAsk
2025-12-19 12:36:59,2025-12-19T12:36:59,59.25,1.0,SetByAsk
2025-12-19 12:36:59,2025-12-19T12:36:59,59.25,1.0,SetByAsk
2025-12-19 12:36:59,2025-12-19T12:36:59,59.25,1.0,SetByAsk
2025-12-19 12:36:59,2025-12-19T12:36:59,59.25,1.0,SetByAsk
2025-12-19 12:36:59,2025-12-19T12:36:59,59.25,2.0,SetByAsk
2025-12-19 12:37:01,2025-12-19T12:37:01,59.25,1.0,SetByBid
2025-12-19 12:37:01,2025-12-19T12:37:01,59.25,1.0,SetByBid
2025-12-19 12:37:09,2025-12-19T12:37:09,59.26,1.0,SetByBid
2025-12-19 12:37:09,2025-12-19T12:37:09,59.26,1.0,SetByAsk
2025-12-19 12:37:09,2025-12-19T12:37:09,59.26,1.0,SetByAsk
2025-12-19 12:37:09,2025-12-19T12:37:09,59.26,1.0,SetByAsk
2025-12-19 12:37:33,2025-12-19T12:37:33,59.26,1.0,SetByAsk
2025-12-19 12:37:36,2025-12-19T12:37:36,59.26,1.0,SetByAsk
2025-12-19 12:37:47,2025-12-19T12:37:47,59.26,1.0,SetByBid
2025-12-19 12:38:13,2025-12-19T12:38:13,59.25,1.0,SetByAsk
2025-12-19 12:38:13,2025-12-19T12:38:13,59.25,3.0,SetByAsk
2025-12-19 12:38:13,2025-12-19T12:38:13,59.25,1.0,SetByAsk
2025-12-19 12:38:13,2025-12-19T12:38:13,59.25,6.0,SetByAsk
2025-12-19 12:38:13,2025-12-19T12:38:13,59.25,1.0,SetByAsk
2025-12-19 12:38:13,2025-12-19T12:38:13,59.25,1.0,SetByAsk
2025-12-19 12:38:13,2025-12-19T12:38:13,59.25,1.0,SetByAsk
2025-12-19 12:38:17,2025-12-19T12:38:17,59.25,1.0,SetByBid
2025-12-19 12:38:17,2025-12-19T12:38:17,59.25,1.0,SetByBid
2025-12-19 12:38:17,2025-12-19T12:38:17,59.25,1.0,SetByBid
2025-12-19 12:38:17,2025-12-19T12:38:17,59.26,1.0,SetByBid
2025-12-19 12:38:17,2025-12-19T12:38:17,59.26,1.0,SetByBid
2025-12-19 12:38:31,2025-12-19T12:38:31,59.25,1.0,SetByBid
2025-12-19 12:38:31,2025-12-19T12:38:31,59.25,1.0,SetByBid
2025-12-19 12:38:34,2025-12-19T12:38:34,59.24,1.0,SetByAsk
2025-12-19 12:38:34,2025-12-19T12:38:34,59.24,1.0,SetByAsk
2025-12-19 12:38:34,2025-12-19T12:38:34,59.24,1.0,SetByAsk
2025-12-19 12:38:34,2025-12-19T12:38:34,59.24,1.0,SetByAsk
2025-12-19 12:38:34,2025-12-19T12:38:34,59.24,1.0,SetByAsk
2025-12-19 12:38:34,2025-12-19T12:38:34,59.24,1.0,SetByAsk
2025-12-19 12:38:34,2025-12-19T12:38:34,59.24,2.0,SetByAsk
2025-12-19 12:38:34,2025-12-19T12:38:34,59.24,1.0,SetByAsk
2025-12-19 12:38:34,2025-12-19T12:38:34,59.24,1.0,SetByAsk
2025-12-19 12:38:34,2025-12-19T12:38:34,59.24,1.0,SetByAsk
2025-12-19 12:38:34,2025-12-19T12:38:34,59.24,1.0,SetByAsk
2025-12-19 12:38:34,2025-12-19T12:38:34,59.24,1.0,SetByAsk
2025-12-19 12:38:34,2025-12-19T12:38:34,59.24,2.0,SetByAsk
2025-12-19 12:38:34,2025-12-19T12:38:34,59.24,1.0,SetByAsk
2025-12-19 12:38:34,2025-12-19T12:38:34,59.24,1.0,SetByAsk
2025-12-19 12:38:34,2025-12-19T12:38:34,59.24,1.0,SetByAsk
2025-12-19 12:38:34,2025-12-19T12:38:34,59.24,1.0,SetByAsk
2025-12-19 12:38:34,2025-12-19T12:38:34,59.24,1.0,SetByAsk
2025-12-19 12:38:34,2025-12-19T12:38:34,59.24,1.0,SetByAsk
2025-12-19 12:38:34,2025-12-19T12:38:34,59.24,1.0,SetByAsk
2025-12-19 12:38:34,2025-12-19T12:38:34,59.23,1.0,SetByAsk
2025-12-19 12:38:43,2025-12-19T12:38:43,59.24,1.0,SetByAsk
2025-12-19 12:38:43,2025-12-19T12:38:43,59.24,1.0,SetByAsk
2025-12-19 12:38:54,2025-12-19T12:38:54,59.23,1.0,SetByBid
2025-12-19 12:38:54,2025-12-19T12:38:54,59.23,1.0,SetByBid
2025-12-19 12:38:59,2025-12-19T12:38:59,59.22,1.0,SetByAsk
2025-12-19 12:38:59,2025-12-19T12:38:59,59.22,1.0,SetByAsk
2025-12-19 12:38:59,2025-12-19T12:38:59,59.22,1.0,SetByAsk
2025-12-19 12:38:59,2025-12-19T12:38:59,59.22,1.0,SetByAsk
2025-12-19 12:38:59,2025-12-19T12:38:59,59.22,1.0,SetByAsk
2025-12-19 12:38:59,2025-12-19T12:38:59,59.22,1.0,SetByAsk
2025-12-19 12:38:59,2025-12-19T12:38:59,59.22,1.0,SetByAsk
2025-12-19 12:38:59,2025-12-19T12:38:59,59.22,1.0,SetByAsk
2025-12-19 12:38:59,2025-12-19T12:38:59,59.22,1.0,SetByAsk
2025-12-19 12:39:11,2025-12-19T12:39:11,59.23,1.0,SetByBid
2025-12-19 12:39:11,2025-12-19T12:39:11,59.23,1.0,SetByBid
2025-12-19 12:39:11,2025-12-19T12:39:11,59.23,1.0,SetByBid
2025-12-19 12:39:49,2025-12-19T12:39:49,59.22,1.0,SetByBid
2025-12-19 12:39:49,2025-12-19T12:39:49,59.22,1.0,SetByBid
2025-12-19 12:39:49,2025-12-19T12:39:49,59.22,1.0,SetByBid
2025-12-19 12:39:49,2025-12-19T12:39:49,59.22,1.0,SetByBid
2025-12-19 12:40:15,2025-12-19T12:40:15,59.23,1.0,SetByBid
2025-12-19 12:40:48,2025-12-19T12:40:48,59.22,1.0,SetByAsk
2025-12-19 12:40:48,2025-12-19T12:40:48,59.22,1.0,SetByAsk
2025-12-19 12:40:48,2025-12-19T12:40:48,59.21,1.0,SetByAsk
2025-12-19 12:42:01,2025-12-19T12:42:01,59.23,1.0,SetByBid
2025-12-19 12:42:01,2025-12-19T12:42:01,59.23,1.0,SetByBid
2025-12-19 12:42:01,2025-12-19T12:42:01,59.23,1.0,SetByBid
2025-12-19 12:42:01,2025-12-19T12:42:01,59.23,1.0,SetByBid
2025-12-19 12:42:01,2025-12-19T12:42:01,59.23,3.0,SetByBid
2025-12-19 12:42:01,2025-12-19T12:42:01,59.23,1.0,SetByBid
2025-12-19 12:42:03,2025-12-19T12:42:03,59.22,1.0,SetByAsk
2025-12-19 12:42:03,2025-12-19T12:42:03,59.22,1.0,SetByAsk
2025-12-19 12:42:03,2025-12-19T12:42:03,59.22,1.0,SetByAsk
2025-12-19 12:42:03,2025-12-19T12:42:03,59.22,1.0,SetByAsk
2025-12-19 12:43:26,2025-12-19T12:43:26,59.28,1.0,SetByBid
2025-12-19 12:43:26,2025-12-19T12:43:26,59.28,1.0,SetByBid
2025-12-19 12:43:26,2025-12-19T12:43:26,59.28,1.0,SetByBid
2025-12-19 12:43:26,2025-12-19T12:43:26,59.28,1.0,SetByBid
2025-12-19 12:43:26,2025-12-19T12:43:26,59.28,1.0,SetByBid
2025-12-19 12:43:26,2025-12-19T12:43:26,59.28,2.0,SetByBid
2025-12-19 12:43:26,2025-12-19T12:43:26,59.28,2.0,SetByBid
2025-12-19 12:43:26,2025-12-19T12:43:26,59.28,1.0,SetByBid
2025-12-19 12:43:26,2025-12-19T12:43:26,59.28,1.0,SetByBid
2025-12-19 12:43:26,2025-12-19T12:43:26,59.28,1.0,SetByBid
2025-12-19 12:43:26,2025-12-19T12:43:26,59.28,1.0,SetByBid
2025-12-19 12:43:26,2025-12-19T12:43:26,59.28,1.0,SetByBid
2025-12-19 12:43:26,2025-12-19T12:43:26,59.28,1.0,SetByBid
2025-12-19 12:43:26,2025-12-19T12:43:26,59.28,1.0,SetByBid
2025-12-19 12:44:07,2025-12-19T12:44:07,59.27,1.0,SetByAsk
2025-12-19 12:44:07,2025-12-19T12:44:07,59.27,3.0,SetByAsk
2025-12-19 12:44:09,2025-12-19T12:44:09,59.27,1.0,SetByAsk
2025-12-19 12:44:09,2025-12-19T12:44:09,59.27,1.0,SetByAsk
2025-12-19 12:44:09,2025-12-19T12:44:09,59.27,1.0,SetByAsk
2025-12-19 12:44:09,2025-12-19T12:44:09,59.27,3.0,SetByAsk
2025-12-19 12:44:09,2025-12-19T12:44:09,59.27,1.0,SetByAsk
2025-12-19 12:44:09,2025-12-19T12:44:09,59.27,1.0,SetByAsk
2025-12-19 12:44:30,2025-12-19T12:44:30,59.28,1.0,SetByBid
2025-12-19 12:44:30,2025-12-19T12:44:30,59.28,1.0,SetByBid
2025-12-19 12:44:30,2025-12-19T12:44:30,59.28,1.0,SetByBid
2025-12-19 12:44:51,2025-12-19T12:44:51,59.29,1.0,SetByBid
2025-12-19 12:44:51,2025-12-19T12:44:51,59.29,1.0,SetByBid
2025-12-19 12:44:51,2025-12-19T12:44:51,59.29,4.0,SetByAsk
2025-12-19 12:44:51,2025-12-19T12:44:51,59.29,4.0,SetByAsk
2025-12-19 12:45:18,2025-12-19T12:45:18,59.28,1.0,SetByBid
2025-12-19 12:45:18,2025-12-19T12:45:18,59.28,1.0,SetByBid
2025-12-19 12:45:22,2025-12-19T12:45:22,59.28,1.0,SetByBid
2025-12-19 12:45:49,2025-12-19T12:45:49,59.28,1.0,SetByBid
2025-12-19 12:45:49,2025-12-19T12:45:49,59.28,1.0,SetByAsk
2025-12-19 12:45:49,2025-12-19T12:45:49,59.28,1.0,SetByAsk
2025-12-19 12:45:49,2025-12-19T12:45:49,59.28,1.0,SetByAsk
2025-12-19 12:45:49,2025-12-19T12:45:49,59.28,1.0,SetByAsk
2025-12-19 12:45:49,2025-12-19T12:45:49,59.28,1.0,SetByAsk
2025-12-19 12:45:49,2025-12-19T12:45:49,59.28,1.0,SetByAsk
2025-12-19 12:45:49,2025-12-19T12:45:49,59.28,1.0,SetByBid
2025-12-19 12:45:49,2025-12-19T12:45:49,59.28,1.0,SetByBid
2025-12-19 12:45:49,2025-12-19T12:45:49,59.28,1.0,SetByBid
2025-12-19 12:45:49,2025-12-19T12:45:49,59.28,1.0,SetByBid
2025-12-19 12:45:52,2025-12-19T12:45:52,59.28,1.0,SetByBid
2025-12-19 12:45:52,2025-12-19T12:45:52,59.28,1.0,SetByBid
2025-12-19 12:45:52,2025-12-19T12:45:52,59.28,1.0,SetByAsk
2025-12-19 12:45:52,2025-12-19T12:45:52,59.28,1.0,SetByBid
2025-12-19 12:45:52,2025-12-19T12:45:52,59.28,1.0,SetByBid
2025-12-19 12:46:02,2025-12-19T12:46:02,59.27,1.0,SetByAsk
2025-12-19 12:46:18,2025-12-19T12:46:18,59.28,1.0,SetByBid
2025-12-19 12:46:18,2025-12-19T12:46:18,59.28,1.0,SetByBid
2025-12-19 12:46:18,2025-12-19T12:46:18,59.28,1.0,SetByAsk
2025-12-19 12:46:18,2025-12-19T12:46:18,59.28,1.0,SetByAsk
2025-12-19 12:46:18,2025-12-19T12:46:18,59.28,1.0,SetByBid
2025-12-19 12:46:18,2025-12-19T12:46:18,59.28,1.0,SetByAsk
2025-12-19 12:46:18,2025-12-19T12:46:18,59.28,1.0,SetByAsk
2025-12-19 12:46:18,2025-12-19T12:46:18,59.28,1.0,SetByAsk
2025-12-19 12:46:18,2025-12-19T12:46:18,59.28,1.0,SetByAsk
2025-12-19 12:46:18,2025-12-19T12:46:18,59.28,1.0,SetByAsk
2025-12-19 12:46:18,2025-12-19T12:46:18,59.28,1.0,SetByAsk
2025-12-19 12:46:18,2025-12-19T12:46:18,59.28,1.0,SetByAsk
2025-12-19 12:46:18,2025-12-19T12:46:18,59.28,1.0,SetByAsk
2025-12-19 12:46:18,2025-12-19T12:46:18,59.28,1.0,SetByAsk
2025-12-19 12:46:18,2025-12-19T12:46:18,59.28,1.0,SetByAsk
2025-12-19 12:46:18,2025-12-19T12:46:18,59.28,1.0,SetByAsk
2025-12-19 12:46:18,2025-12-19T12:46:18,59.28,1.0,SetByAsk
2025-12-19 12:46:18,2025-12-19T12:46:18,59.28,1.0,SetByAsk
2025-12-19 12:46:18,2025-12-19T12:46:18,59.28,1.0,SetByAsk
2025-12-19 12:46:18,2025-12-19T12:46:18,59.28,1.0,SetByAsk
2025-12-19 12:46:18,2025-12-19T12:46:18,59.28,1.0,SetByAsk
2025-12-19 12:46:18,2025-12-19T12:46:18,59.28,1.0,SetByBid
2025-12-19 12:46:18,2025-12-19T12:46:18,59.28,1.0,SetByBid
2025-12-19 12:46:18,2025-12-19T12:46:18,59.28,1.0,SetByAsk
2025-12-19 12:46:18,2025-12-19T12:46:18,59.28,1.0,SetByAsk
2025-12-19 12:46:18,2025-12-19T12:46:18,59.28,1.0,SetByAsk
2025-12-19 12:46:18,2025-12-19T12:46:18,59.28,1.0,SetByAsk
2025-12-19 12:46:18,2025-12-19T12:46:18,59.28,1.0,SetByAsk
2025-12-19 12:46:18,2025-12-19T12:46:18,59.28,1.0,SetByAsk
2025-12-19 12:46:18,2025-12-19T12:46:18,59.28,1.0,SetByBid
2025-12-19 12:46:18,2025-12-19T12:46:18,59.28,1.0,SetByBid
2025-12-19 12:46:18,2025-12-19T12:46:18,59.28,1.0,SetByBid
2025-12-19 12:46:18,2025-12-19T12:46:18,59.28,1.0,SetByBid
2025-12-19 12:46:18,2025-12-19T12:46:18,59.28,1.0,SetByBid
2025-12-19 12:46:18,2025-12-19T12:46:18,59.28,1.0,SetByAsk
2025-12-19 12:46:18,2025-12-19T12:46:18,59.28,1.0,SetByAsk
2025-12-19 12:46:18,2025-12-19T12:46:18,59.28,1.0,SetByAsk
2025-12-19 12:46:18,2025-12-19T12:46:18,59.28,1.0,SetByBid
2025-12-19 12:46:18,2025-12-19T12:46:18,59.28,1.0,SetByBid
2025-12-19 12:46:18,2025-12-19T12:46:18,59.28,1.0,SetByBid
2025-12-19 12:46:18,2025-12-19T12:46:18,59.28,1.0,SetByAsk
2025-12-19 12:46:18,2025-12-19T12:46:18,59.28,1.0,SetByAsk
2025-12-19 12:46:18,2025-12-19T12:46:18,59.28,1.0,SetByBid
2025-12-19 12:46:18,2025-12-19T12:46:18,59.28,1.0,SetByBid
2025-12-19 12:46:18,2025-12-19T12:46:18,59.28,1.0,SetByBid
2025-12-19 12:46:19,2025-12-19T12:46:19,59.28,1.0,SetByBid
2025-12-19 12:46:19,2025-12-19T12:46:19,59.28,1.0,SetByBid
2025-12-19 12:46:19,2025-12-19T12:46:19,59.28,1.0,SetByBid
2025-12-19 12:46:19,2025-12-19T12:46:19,59.28,1.0,SetByBid
2025-12-19 12:46:19,2025-12-19T12:46:19,59.28,1.0,SetByAsk
2025-12-19 12:46:19,2025-12-19T12:46:19,59.28,1.0,SetByBid
2025-12-19 12:46:19,2025-12-19T12:46:19,59.28,1.0,SetByBid
2025-12-19 12:46:19,2025-12-19T12:46:19,59.28,1.0,SetByAsk
2025-12-19 12:46:19,2025-12-19T12:46:19,59.28,1.0,SetByAsk
2025-12-19 12:46:19,2025-12-19T12:46:19,59.28,1.0,SetByAsk
2025-12-19 12:46:19,2025-12-19T12:46:19,59.28,1.0,SetByAsk
2025-12-19 12:46:19,2025-12-19T12:46:19,59.28,1.0,SetByAsk
2025-12-19 12:46:19,2025-12-19T12:46:19,59.28,1.0,SetByAsk
2025-12-19 12:46:19,2025-12-19T12:46:19,59.28,1.0,SetByAsk
2025-12-19 12:46:19,2025-12-19T12:46:19,59.28,1.0,SetByBid
2025-12-19 12:46:19,2025-12-19T12:46:19,59.28,1.0,SetByBid
2025-12-19 12:46:19,2025-12-19T12:46:19,59.28,1.0,SetByBid
2025-12-19 12:46:19,2025-12-19T12:46:19,59.28,1.0,SetByBid
2025-12-19 12:46:19,2025-12-19T12:46:19,59.28,1.0,SetByBid
2025-12-19 12:46:19,2025-12-19T12:46:19,59.28,1.0,SetByBid
2025-12-19 12:46:19,2025-12-19T12:46:19,59.28,1.0,SetByBid
2025-12-19 12:46:19,2025-12-19T12:46:19,59.28,1.0,SetByBid
2025-12-19 12:46:19,2025-12-19T12:46:19,59.28,1.0,SetByBid
2025-12-19 12:46:19,2025-12-19T12:46:19,59.28,1.0,SetByBid
2025-12-19 12:46:19,2025-12-19T12:46:19,59.28,1.0,SetByBid
2025-12-19 12:46:19,2025-12-19T12:46:19,59.28,1.0,SetByBid
2025-12-19 12:46:19,2025-12-19T12:46:19,59.29,1.0,SetByAsk
2025-12-19 12:46:19,2025-12-19T12:46:19,59.29,1.0,SetByAsk
2025-12-19 12:46:19,2025-12-19T12:46:19,59.28,1.0,SetByAsk
2025-12-19 12:46:19,2025-12-19T12:46:19,59.28,1.0,SetByAsk
2025-12-19 12:46:19,2025-12-19T12:46:19,59.28,1.0,SetByAsk
2025-12-19 12:46:19,2025-12-19T12:46:19,59.28,1.0,SetByAsk
2025-12-19 12:46:19,2025-12-19T12:46:19,59.28,1.0,SetByAsk
2025-12-19 12:46:19,2025-12-19T12:46:19,59.28,1.0,SetByAsk
2025-12-19 12:46:19,2025-12-19T12:46:19,59.28,1.0,SetByAsk
2025-12-19 12:46:19,2025-12-19T12:46:19,59.29,1.0,SetByAsk
2025-12-19 12:46:19,2025-12-19T12:46:19,59.28,1.0,SetByAsk
2025-12-19 12:46:19,2025-12-19T12:46:19,59.28,1.0,SetByAsk
2025-12-19 12:46:19,2025-12-19T12:46:19,59.28,1.0,SetByAsk
2025-12-19 12:46:19,2025-12-19T12:46:19,59.28,1.0,SetByAsk
2025-12-19 12:46:19,2025-12-19T12:46:19,59.28,1.0,SetByAsk
2025-12-19 12:46:19,2025-12-19T12:46:19,59.28,1.0,SetByAsk
2025-12-19 12:46:19,2025-12-19T12:46:19,59.28,1.0,SetByAsk
2025-12-19 12:46:19,2025-12-19T12:46:19,59.28,1.0,SetByAsk
2025-12-19 12:46:19,2025-12-19T12:46:19,59.28,1.0,SetByAsk
2025-12-19 12:46:19,2025-12-19T12:46:19,59.28,1.0,SetByAsk
2025-12-19 12:46:19,2025-12-19T12:46:19,59.28,1.0,SetByAsk
2025-12-19 12:46:19,2025-12-19T12:46:19,59.28,1.0,SetByAsk
2025-12-19 12:46:19,2025-12-19T12:46:19,59.28,1.0,SetByAsk
2025-12-19 12:46:19,2025-12-19T12:46:19,59.28,1.0,SetByAsk
2025-12-19 12:46:19,2025-12-19T12:46:19,59.28,1.0,SetByAsk
2025-12-19 12:46:19,2025-12-19T12:46:19,59.28,1.0,SetByBid
2025-12-19 12:46:19,2025-12-19T12:46:19,59.28,1.0,SetByBid
2025-12-19 12:46:19,2025-12-19T12:46:19,59.28,1.0,SetByAsk
2025-12-19 12:46:19,2025-12-19T12:46:19,59.28,1.0,SetByBid
2025-12-19 12:46:19,2025-12-19T12:46:19,59.28,1.0,SetByAsk
2025-12-19 12:46:19,2025-12-19T12:46:19,59.28,1.0,SetByAsk
2025-12-19 12:46:19,2025-12-19T12:46:19,59.28,1.0,SetByBid
2025-12-19 12:46:19,2025-12-19T12:46:19,59.28,1.0,SetByAsk
2025-12-19 12:46:19,2025-12-19T12:46:19,59.28,1.0,SetByBid
2025-12-19 12:46:19,2025-12-19T12:46:19,59.28,1.0,SetByBid
2025-12-19 12:46:19,2025-12-19T12:46:19,59.28,1.0,SetByBid
2025-12-19 12:46:19,2025-12-19T12:46:19,59.28,1.0,SetByBid
2025-12-19 12:46:19,2025-12-19T12:46:19,59.28,1.0,SetByBid
2025-12-19 12:46:19,2025-12-19T12:46:19,59.28,1.0,SetByBid
2025-12-19 12:46:19,2025-12-19T12:46:19,59.28,1.0,SetByBid
2025-12-19 12:46:19,2025-12-19T12:46:19,59.28,1.0,SetByBid
2025-12-19 12:46:19,2025-12-19T12:46:19,59.28,1.0,SetByBid
2025-12-19 12:46:19,2025-12-19T12:46:19,59.28,1.0,SetByBid
2025-12-19 12:46:19,2025-12-19T12:46:19,59.28,1.0,SetByBid
2025-12-19 12:46:19,2025-12-19T12:46:19,59.28,1.0,SetByBid
2025-12-19 12:46:19,2025-12-19T12:46:19,59.28,1.0,SetByBid
2025-12-19 12:46:19,2025-12-19T12:46:19,59.28,1.0,SetByBid
2025-12-19 12:46:20,2025-12-19T12:46:20,59.28,1.0,SetByAsk
2025-12-19 12:46:20,2025-12-19T12:46:20,59.28,1.0,SetByAsk
2025-12-19 12:46:20,2025-12-19T12:46:20,59.28,1.0,SetByAsk
2025-12-19 12:46:20,2025-12-19T12:46:20,59.28,1.0,SetByAsk
2025-12-19 12:46:20,2025-12-19T12:46:20,59.28,1.0,SetByAsk
2025-12-19 12:46:20,2025-12-19T12:46:20,59.28,1.0,SetByAsk
2025-12-19 12:46:20,2025-12-19T12:46:20,59.28,1.0,SetByAsk
2025-12-19 12:46:20,2025-12-19T12:46:20,59.28,1.0,SetByAsk
2025-12-19 12:46:20,2025-12-19T12:46:20,59.28,1.0,SetByAsk
2025-12-19 12:46:20,2025-12-19T12:46:20,59.28,1.0,SetByAsk
2025-12-19 12:46:20,2025-12-19T12:46:20,59.28,1.0,SetByAsk
2025-12-19 12:46:20,2025-12-19T12:46:20,59.28,1.0,SetByAsk
2025-12-19 12:46:20,2025-12-19T12:46:20,59.28,1.0,SetByAsk
2025-12-19 12:46:20,2025-12-19T12:46:20,59.28,1.0,SetByAsk
2025-12-19 12:46:20,2025-12-19T12:46:20,59.28,1.0,SetByAsk
2025-12-19 12:46:20,2025-12-19T12:46:20,59.28,1.0,SetByAsk
2025-12-19 12:46:20,2025-12-19T12:46:20,59.28,1.0,SetByAsk
2025-12-19 12:46:20,2025-12-19T12:46:20,59.28,1.0,SetByAsk
2025-12-19 12:46:20,2025-12-19T12:46:20,59.28,1.0,SetByAsk
2025-12-19 12:46:20,2025-12-19T12:46:20,59.28,1.0,SetByAsk
2025-12-19 12:46:20,2025-12-19T12:46:20,59.28,1.0,SetByAsk
2025-12-19 12:46:20,2025-12-19T12:46:20,59.28,1.0,SetByAsk
2025-12-19 12:46:20,2025-12-19T12:46:20,59.28,1.0,SetByAsk
2025-12-19 12:46:20,2025-12-19T12:46:20,59.28,1.0,SetByAsk
2025-12-19 12:46:20,2025-12-19T12:46:20,59.28,1.0,SetByAsk
2025-12-19 12:46:20,2025-12-19T12:46:20,59.28,1.0,SetByAsk
2025-12-19 12:46:20,2025-12-19T12:46:20,59.28,1.0,SetByAsk
2025-12-19 12:46:20,2025-12-19T12:46:20,59.28,1.0,SetByAsk
2025-12-19 12:46:20,2025-12-19T12:46:20,59.28,1.0,SetByBid
2025-12-19 12:46:20,2025-12-19T12:46:20,59.28,1.0,SetByBid
2025-12-19 12:46:20,2025-12-19T12:46:20,59.28,1.0,SetByAsk
2025-12-19 12:46:24,2025-12-19T12:46:24,59.28,1.0,SetByBid
2025-12-19 12:47:06,2025-12-19T12:47:06,59.28,1.0,SetByBid
2025-12-19 12:47:06,2025-12-19T12:47:06,59.28,1.0,SetByBid
2025-12-19 12:47:06,2025-12-19T12:47:06,59.28,1.0,SetByBid
2025-12-19 12:47:06,2025-12-19T12:47:06,59.28,1.0,SetByBid
2025-12-19 12:47:06,2025-12-19T12:47:06,59.28,1.0,SetByBid
2025-12-19 12:47:06,2025-12-19T12:47:06,59.28,1.0,SetByAsk
2025-12-19 12:47:06,2025-12-19T12:47:06,59.28,1.0,SetByAsk
2025-12-19 12:47:06,2025-12-19T12:47:06,59.28,1.0,SetByAsk
2025-12-19 12:47:06,2025-12-19T12:47:06,59.28,1.0,SetByBid
2025-12-19 12:47:06,2025-12-19T12:47:06,59.28,1.0,SetByBid
2025-12-19 12:47:06,2025-12-19T12:47:06,59.28,1.0,SetByAsk
2025-12-19 12:47:06,2025-12-19T12:47:06,59.28,1.0,SetByBid
2025-12-19 12:47:06,2025-12-19T12:47:06,59.28,1.0,SetByBid
2025-12-19 12:47:06,2025-12-19T12:47:06,59.28,1.0,SetByBid
2025-12-19 12:47:06,2025-12-19T12:47:06,59.28,1.0,SetByBid
2025-12-19 12:47:06,2025-12-19T12:47:06,59.28,1.0,SetByBid
2025-12-19 12:47:06,2025-12-19T12:47:06,59.28,1.0,SetByBid
2025-12-19 12:47:06,2025-12-19T12:47:06,59.28,1.0,SetByBid
2025-12-19 12:47:06,2025-12-19T12:47:06,59.28,1.0,SetByBid
2025-12-19 12:47:06,2025-12-19T12:47:06,59.28,1.0,SetByBid
2025-12-19 12:47:06,2025-12-19T12:47:06,59.28,1.0,SetByBid
2025-12-19 12:47:06,2025-12-19T12:47:06,59.28,1.0,SetByBid
2025-12-19 12:47:14,2025-12-19T12:47:14,59.28,1.0,SetByBid
2025-12-19 12:47:14,2025-12-19T12:47:14,59.28,1.0,SetByBid
2025-12-19 12:47:14,2025-12-19T12:47:14,59.28,1.0,SetByBid
2025-12-19 12:47:14,2025-12-19T12:47:14,59.28,1.0,SetByBid
2025-12-19 12:47:14,2025-12-19T12:47:14,59.28,1.0,SetByBid
2025-12-19 12:47:14,2025-12-19T12:47:14,59.28,1.0,SetByBid
2025-12-19 12:47:14,2025-12-19T12:47:14,59.28,1.0,SetByBid
2025-12-19 12:47:14,2025-12-19T12:47:14,59.28,1.0,SetByBid
2025-12-19 12:47:14,2025-12-19T12:47:14,59.28,1.0,SetByBid
2025-12-19 12:47:16,2025-12-19T12:47:16,59.28,1.0,SetByBid
2025-12-19 12:47:26,2025-12-19T12:47:26,59.28,1.0,SetByBid
2025-12-19 12:47:26,2025-12-19T12:47:26,59.27,1.0,SetByAsk
2025-12-19 12:47:26,2025-12-19T12:47:26,59.27,1.0,SetByAsk
2025-12-19 12:47:26,2025-12-19T12:47:26,59.27,1.0,SetByAsk
2025-12-19 12:47:26,2025-12-19T12:47:26,59.27,1.0,SetByAsk
2025-12-19 12:47:48,2025-12-19T12:47:48,59.27,1.0,SetByAsk
2025-12-19 12:48:04,2025-12-19T12:48:04,59.25,1.0,SetByAsk
2025-12-19 12:48:04,2025-12-19T12:48:04,59.25,3.0,SetByAsk
2025-12-19 12:48:04,2025-12-19T12:48:04,59.25,1.0,SetByAsk
2025-12-19 12:48:35,2025-12-19T12:48:35,59.27,1.0,SetByBid
2025-12-19 12:48:42,2025-12-19T12:48:42,59.27,1.0,SetByBid
2025-12-19 12:48:42,2025-12-19T12:48:42,59.28,1.0,SetByBid
2025-12-19 12:48:42,2025-12-19T12:48:42,59.28,1.0,SetByAsk
2025-12-19 12:48:42,2025-12-19T12:48:42,59.28,1.0,SetByAsk
2025-12-19 12:48:46,2025-12-19T12:48:46,59.28,1.0,SetByBid
2025-12-19 12:48:46,2025-12-19T12:48:46,59.28,1.0,SetByAsk
2025-12-19 12:48:53,2025-12-19T12:48:53,59.27,1.0,SetByBid
2025-12-19 12:48:53,2025-12-19T12:48:53,59.27,2.0,SetByAsk
2025-12-19 12:48:57,2025-12-19T12:48:57,59.27,6.0,SetByAsk
2025-12-19 12:48:57,2025-12-19T12:48:57,59.27,1.0,SetByAsk
2025-12-19 12:48:57,2025-12-19T12:48:57,59.27,1.0,SetByAsk
2025-12-19 12:48:57,2025-12-19T12:48:57,59.27,1.0,SetByAsk
2025-12-19 12:48:57,2025-12-19T12:48:57,59.27,17.0,SetByAsk
2025-12-19 12:50:46,2025-12-19T12:50:46,59.24,1.0,SetByAsk
2025-12-19 12:50:46,2025-12-19T12:50:46,59.24,1.0,SetByAsk
2025-12-19 12:50:46,2025-12-19T12:50:46,59.24,1.0,SetByAsk
2025-12-19 12:50:46,2025-12-19T12:50:46,59.24,2.0,SetByAsk
2025-12-19 12:50:46,2025-12-19T12:50:46,59.24,1.0,"SetByAsk, Leg"
2025-12-19 12:50:46,2025-12-19T12:50:46,59.23,1.0,"SetByAsk, Leg"
2025-12-19 12:50:46,2025-12-19T12:50:46,59.23,1.0,SetByAsk
2025-12-19 12:50:46,2025-12-19T12:50:46,59.23,1.0,SetByAsk
2025-12-19 12:50:46,2025-12-19T12:50:46,59.23,1.0,SetByAsk
2025-12-19 12:50:46,2025-12-19T12:50:46,59.23,1.0,SetByAsk
2025-12-19 12:50:50,2025-12-19T12:50:50,59.25,2.0,SetByBid
2025-12-19 12:50:50,2025-12-19T12:50:50,59.25,2.0,SetByBid
2025-12-19 12:50:50,2025-12-19T12:50:50,59.25,1.0,SetByBid
2025-12-19 12:50:50,2025-12-19T12:50:50,59.25,1.0,SetByBid
2025-12-19 12:51:03,2025-12-19T12:51:03,59.25,1.0,SetByBid
2025-12-19 12:51:04,2025-12-19T12:51:04,59.25,1.0,SetByBid
2025-12-19 12:51:27,2025-12-19T12:51:27,59.25,1.0,SetByAsk
2025-12-19 12:51:27,2025-12-19T12:51:27,59.25,1.0,SetByAsk
2025-12-19 12:51:27,2025-12-19T12:51:27,59.25,2.0,SetByAsk
2025-12-19 12:51:27,2025-12-19T12:51:27,59.25,1.0,SetByAsk
2025-12-19 12:51:27,2025-12-19T12:51:27,59.25,1.0,SetByAsk
2025-12-19 12:51:27,2025-12-19T12:51:27,59.25,1.0,SetByAsk
2025-12-19 12:51:27,2025-12-19T12:51:27,59.25,1.0,SetByAsk
2025-12-19 12:51:27,2025-12-19T12:51:27,59.25,1.0,SetByAsk
2025-12-19 12:51:27,2025-12-19T12:51:27,59.25,1.0,SetByAsk
2025-12-19 12:51:28,2025-12-19T12:51:28,59.24,1.0,SetByBid
2025-12-19 12:51:31,2025-12-19T12:51:31,59.24,2.0,SetByBid
2025-12-19 12:51:31,2025-12-19T12:51:31,59.24,2.0,SetByBid
2025-12-19 12:52:03,2025-12-19T12:52:03,59.24,1.0,SetByAsk
2025-12-19 12:52:10,2025-12-19T12:52:10,59.23,1.0,SetByAsk
2025-12-19 12:52:11,2025-12-19T12:52:11,59.23,1.0,SetByAsk
2025-12-19 12:52:12,2025-12-19T12:52:12,59.23,1.0,SetByAsk
2025-12-19 12:52:23,2025-12-19T12:52:23,59.23,4.0,SetByAsk
2025-12-19 12:52:23,2025-12-19T12:52:23,59.23,1.0,SetByAsk
2025-12-19 12:52:57,2025-12-19T12:52:57,59.27,1.0,SetByAsk
2025-12-19 12:52:59,2025-12-19T12:52:59,59.27,1.0,SetByAsk
2025-12-19 12:53:01,2025-12-19T12:53:01,59.27,3.0,SetByBid
2025-12-19 12:54:18,2025-12-19T12:54:18,59.28,1.0,SetByBid
2025-12-19 12:54:18,2025-12-19T12:54:18,59.28,1.0,SetByBid
2025-12-19 12:54:18,2025-12-19T12:54:18,59.28,1.0,SetByAsk
2025-12-19 12:54:18,2025-12-19T12:54:18,59.28,1.0,SetByAsk
2025-12-19 12:54:18,2025-12-19T12:54:18,59.28,1.0,SetByBid
2025-12-19 12:54:18,2025-12-19T12:54:18,59.28,1.0,SetByBid
2025-12-19 12:54:40,2025-12-19T12:54:40,59.28,1.0,SetByBid
2025-12-19 12:54:43,2025-12-19T12:54:43,59.28,1.0,SetByBid
2025-12-19 12:54:43,2025-12-19T12:54:43,59.28,1.0,SetByBid
2025-12-19 12:54:48,2025-12-19T12:54:48,59.28,1.0,SetByBid
2025-12-19 12:55:08,2025-12-19T12:55:08,59.27,1.0,SetByBid
2025-12-19 12:55:08,2025-12-19T12:55:08,59.28,3.0,SetByBid
2025-12-19 12:56:15,2025-12-19T12:56:15,59.24,1.0,SetByAsk
2025-12-19 12:56:15,2025-12-19T12:56:15,59.24,1.0,SetByAsk
2025-12-19 12:56:15,2025-12-19T12:56:15,59.24,1.0,SetByAsk
2025-12-19 12:56:15,2025-12-19T12:56:15,59.24,1.0,SetByAsk
2025-12-19 12:56:31,2025-12-19T12:56:31,59.24,1.0,SetByAsk
2025-12-19 12:56:35,2025-12-19T12:56:35,59.23,1.0,SetByAsk
2025-12-19 12:56:35,2025-12-19T12:56:35,59.23,3.0,SetByAsk
2025-12-19 12:56:49,2025-12-19T12:56:49,59.24,1.0,SetByBid
2025-12-19 12:57:17,2025-12-19T12:57:17,59.25,1.0,SetByAsk
2025-12-19 12:58:06,2025-12-19T12:58:06,59.24,2.0,SetByBid
2025-12-19 12:58:15,2025-12-19T12:58:15,59.27,1.0,SetByBid
2025-12-19 12:58:15,2025-12-19T12:58:15,59.27,1.0,SetByBid
2025-12-19 12:59:32,2025-12-19T12:59:32,59.25,1.0,SetByAsk
2025-12-19 13:00:00,2025-12-19T13:00:00,59.27,1.0,SetByBid
2025-12-19 13:00:00,2025-12-19T13:00:00,59.27,1.0,SetByBid
2025-12-19 13:00:00,2025-12-19T13:00:00,59.27,1.0,SetByBid
2025-12-19 13:00:00,2025-12-19T13:00:00,59.27,1.0,SetByBid
2025-12-19 13:00:00,2025-12-19T13:00:00,59.27,1.0,SetByBid
2025-12-19 13:00:00,2025-12-19T13:00:00,59.27,1.0,SetByBid
2025-12-19 13:00:00,2025-12-19T13:00:00,59.27,1.0,SetByBid
2025-12-19 13:00:00,2025-12-19T13:00:00,59.27,1.0,SetByBid
2025-12-19 13:00:00,2025-12-19T13:00:00,59.27,1.0,SetByBid
2025-12-19 13:00:00,2025-12-19T13:00:00,59.28,1.0,SetByBid
2025-12-19 13:00:00,2025-12-19T13:00:00,59.28,1.0,SetByBid
2025-12-19 13:00:00,2025-12-19T13:00:00,59.27,1.0,SetByAsk
2025-12-19 13:00:00,2025-12-19T13:00:00,59.28,1.0,SetByBid
2025-12-19 13:00:00,2025-12-19T13:00:00,59.28,1.0,SetByBid
2025-12-19 13:00:00,2025-12-19T13:00:00,59.28,1.0,SetByAsk
2025-12-19 13:00:00,2025-12-19T13:00:00,59.27,1.0,SetByBid
2025-12-19 13:00:00,2025-12-19T13:00:00,59.26,1.0,SetByAsk
2025-12-19 13:00:00,2025-12-19T13:00:00,59.26,1.0,SetByAsk
2025-12-19 13:00:00,2025-12-19T13:00:00,59.26,1.0,SetByAsk
2025-12-19 13:00:06,2025-12-19T13:00:06,59.26,1.0,SetByAsk
2025-12-19 13:00:06,2025-12-19T13:00:06,59.26,1.0,SetByAsk
2025-12-19 13:00:06,2025-12-19T13:00:06,59.26,1.0,SetByAsk
2025-12-19 13:00:06,2025-12-19T13:00:06,59.26,1.0,SetByAsk
2025-12-19 13:00:27,2025-12-19T13:00:27,59.3,1.0,SetByAsk
2025-12-19 13:00:27,2025-12-19T13:00:27,59.3,1.0,SetByAsk
2025-12-19 13:01:07,2025-12-19T13:01:07,59.3,1.0,SetByBid
2025-12-19 13:01:32,2025-12-19T13:01:32,59.29,1.0,SetByAsk
2025-12-19 13:01:42,2025-12-19T13:01:42,59.29,4.0,SetByBid
2025-12-19 13:01:42,2025-12-19T13:01:42,59.29,3.0,SetByBid
2025-12-19 13:01:42,2025-12-19T13:01:42,59.29,1.0,SetByBid
2025-12-19 13:01:42,2025-12-19T13:01:42,59.29,2.0,SetByBid
2025-12-19 13:01:42,2025-12-19T13:01:42,59.29,2.0,SetByBid
2025-12-19 13:01:42,2025-12-19T13:01:42,59.31,1.0,SetByBid
2025-12-19 13:01:43,2025-12-19T13:01:43,59.31,1.0,SetByAsk
2025-12-19 13:01:46,2025-12-19T13:01:46,59.32,1.0,SetByBid
2025-12-19 13:01:48,2025-12-19T13:01:48,59.32,1.0,SetByAsk
2025-12-19 13:01:48,2025-12-19T13:01:48,59.32,1.0,SetByAsk
2025-12-19 13:01:48,2025-12-19T13:01:48,59.32,1.0,SetByAsk
2025-12-19 13:01:55,2025-12-19T13:01:55,59.32,1.0,SetByAsk
2025-12-19 13:01:55,2025-12-19T13:01:55,59.32,1.0,SetByAsk
2025-12-19 13:01:55,2025-12-19T13:01:55,59.32,2.0,SetByAsk
2025-12-19 13:01:55,2025-12-19T13:01:55,59.32,1.0,SetByAsk
2025-12-19 13:01:55,2025-12-19T13:01:55,59.32,1.0,SetByAsk
2025-12-19 13:03:27,2025-12-19T13:03:27,59.21,1.0,SetByBid
2025-12-19 13:03:53,2025-12-19T13:03:53,59.22,5.0,SetByAsk
2025-12-19 13:03:53,2025-12-19T13:03:53,59.22,2.0,SetByAsk
2025-12-19 13:03:53,2025-12-19T13:03:53,59.22,7.0,SetByAsk
2025-12-19 13:03:53,2025-12-19T13:03:53,59.22,1.0,SetByAsk
2025-12-19 13:03:53,2025-12-19T13:03:53,59.22,3.0,SetByAsk
2025-12-19 13:03:53,2025-12-19T13:03:53,59.22,1.0,SetByAsk
2025-12-19 13:03:53,2025-12-19T13:03:53,59.22,3.0,SetByAsk
2025-12-19 13:03:53,2025-12-19T13:03:53,59.22,1.0,SetByAsk
2025-12-19 13:03:53,2025-12-19T13:03:53,59.22,1.0,SetByAsk
2025-12-19 13:03:53,2025-12-19T13:03:53,59.22,1.0,SetByAsk
2025-12-19 13:03:53,2025-12-19T13:03:53,59.22,9.0,SetByAsk
2025-12-19 13:03:53,2025-12-19T13:03:53,59.22,9.0,SetByAsk
2025-12-19 13:03:53,2025-12-19T13:03:53,59.22,1.0,SetByAsk
2025-12-19 13:04:24,2025-12-19T13:04:24,59.24,1.0,SetByBid
2025-12-19 13:06:23,2025-12-19T13:06:23,59.24,1.0,SetByBid
2025-12-19 13:06:23,2025-12-19T13:06:23,59.24,3.0,SetByBid
2025-12-19 13:07:01,2025-12-19T13:07:01,59.23,1.0,SetByBid
2025-12-19 13:07:01,2025-12-19T13:07:01,59.23,1.0,SetByBid
2025-12-19 13:07:44,2025-12-19T13:07:44,59.21,1.0,SetByBid
2025-12-19 13:07:44,2025-12-19T13:07:44,59.21,1.0,SetByBid
2025-12-19 13:07:44,2025-12-19T13:07:44,59.21,1.0,SetByBid
2025-12-19 13:07:44,2025-12-19T13:07:44,59.21,1.0,SetByBid
2025-12-19 13:07:44,2025-12-19T13:07:44,59.21,1.0,SetByBid
2025-12-19 13:09:28,2025-12-19T13:09:28,59.23,1.0,SetByAsk
2025-12-19 13:09:33,2025-12-19T13:09:33,59.22,1.0,SetByAsk
2025-12-19 13:09:33,2025-12-19T13:09:33,59.22,1.0,SetByAsk
2025-12-19 13:09:33,2025-12-19T13:09:33,59.22,1.0,SetByBid
2025-12-19 13:11:19,2025-12-19T13:11:19,59.24,1.0,SetByBid
2025-12-19 13:11:19,2025-12-19T13:11:19,59.25,1.0,SetByBid
2025-12-19 13:11:19,2025-12-19T13:11:19,59.25,1.0,SetByBid
2025-12-19 13:11:19,2025-12-19T13:11:19,59.25,1.0,SetByBid
2025-12-19 13:11:19,2025-12-19T13:11:19,59.26,1.0,SetByBid
2025-12-19 13:11:19,2025-12-19T13:11:19,59.27,1.0,SetByBid
2025-12-19 13:11:19,2025-12-19T13:11:19,59.27,1.0,SetByBid
2025-12-19 13:11:19,2025-12-19T13:11:19,59.27,1.0,SetByBid
2025-12-19 13:11:19,2025-12-19T13:11:19,59.27,1.0,SetByAsk
2025-12-19 13:11:19,2025-12-19T13:11:19,59.27,1.0,SetByAsk
2025-12-19 13:11:19,2025-12-19T13:11:19,59.27,1.0,SetByAsk
2025-12-19 13:11:39,2025-12-19T13:11:39,59.25,1.0,SetByAsk
2025-12-19 13:11:39,2025-12-19T13:11:39,59.25,1.0,SetByAsk
2025-12-19 13:11:39,2025-12-19T13:11:39,59.25,1.0,SetByAsk
2025-12-19 13:11:39,2025-12-19T13:11:39,59.25,1.0,SetByAsk
2025-12-19 13:12:06,2025-12-19T13:12:06,59.27,1.0,SetByAsk
2025-12-19 13:12:06,2025-12-19T13:12:06,59.27,1.0,SetByAsk
2025-12-19 13:12:48,2025-12-19T13:12:48,59.26,1.0,SetByBid
2025-12-19 13:12:49,2025-12-19T13:12:49,59.25,1.0,SetByAsk
2025-12-19 13:12:49,2025-12-19T13:12:49,59.25,1.0,SetByBid
2025-12-19 13:13:08,2025-12-19T13:13:08,59.27,1.0,SetByAsk
2025-12-19 13:13:17,2025-12-19T13:13:17,59.27,1.0,SetByBid
2025-12-19 13:13:17,2025-12-19T13:13:17,59.27,1.0,SetByBid
2025-12-19 13:13:17,2025-12-19T13:13:17,59.27,1.0,SetByBid
2025-12-19 13:13:17,2025-12-19T13:13:17,59.27,1.0,SetByBid
2025-12-19 13:13:17,2025-12-19T13:13:17,59.27,1.0,SetByBid
2025-12-19 13:14:00,2025-12-19T13:14:00,59.24,1.0,SetByBid
2025-12-19 13:15:02,2025-12-19T13:15:02,59.23,1.0,SetByAsk
2025-12-19 13:15:02,2025-12-19T13:15:02,59.23,1.0,SetByAsk
2025-12-19 13:15:02,2025-12-19T13:15:02,59.23,1.0,SetByAsk
2025-12-19 13:15:02,2025-12-19T13:15:02,59.23,2.0,SetByAsk
2025-12-19 13:15:02,2025-12-19T13:15:02,59.23,1.0,SetByAsk
2025-12-19 13:15:02,2025-12-19T13:15:02,59.23,1.0,SetByAsk
2025-12-19 13:15:02,2025-12-19T13:15:02,59.23,2.0,SetByAsk
2025-12-19 13:15:02,2025-12-19T13:15:02,59.24,1.0,SetByBid
2025-12-19 13:15:02,2025-12-19T13:15:02,59.24,1.0,SetByBid
2025-12-19 13:15:02,2025-12-19T13:15:02,59.24,1.0,SetByBid
2025-12-19 13:15:33,2025-12-19T13:15:33,59.23,1.0,SetByBid
2025-12-19 13:16:02,2025-12-19T13:16:02,59.21,1.0,SetByAsk
2025-12-19 13:16:44,2025-12-19T13:16:44,59.2,1.0,SetByBid
2025-12-19 13:16:52,2025-12-19T13:16:52,59.21,1.0,SetByAsk
2025-12-19 13:16:55,2025-12-19T13:16:55,59.21,1.0,SetByAsk
2025-12-19 13:17:00,2025-12-19T13:17:00,59.22,2.0,SetByBid
2025-12-19 13:17:36,2025-12-19T13:17:36,59.18,1.0,SetByAsk
2025-12-19 13:18:16,2025-12-19T13:18:16,59.17,1.0,SetByBid
2025-12-19 13:18:16,2025-12-19T13:18:16,59.17,1.0,SetByBid
2025-12-19 13:18:16,2025-12-19T13:18:16,59.16,1.0,SetByAsk
2025-12-19 13:18:16,2025-12-19T13:18:16,59.16,1.0,SetByAsk
2025-12-19 13:18:16,2025-12-19T13:18:16,59.16,1.0,SetByAsk
2025-12-19 13:18:16,2025-12-19T13:18:16,59.16,1.0,SetByAsk
2025-12-19 13:18:16,2025-12-19T13:18:16,59.16,1.0,SetByAsk
2025-12-19 13:18:16,2025-12-19T13:18:16,59.16,1.0,SetByAsk
2025-12-19 13:18:51,2025-12-19T13:18:51,59.14,1.0,SetByAsk
2025-12-19 13:19:09,2025-12-19T13:19:09,59.17,1.0,SetByBid
2025-12-19 13:19:09,2025-12-19T13:19:09,59.17,1.0,SetByBid
2025-12-19 13:20:18,2025-12-19T13:20:18,59.15,1.0,SetByBid
2025-12-19 13:20:24,2025-12-19T13:20:24,59.14,1.0,SetByAsk
2025-12-19 13:20:24,2025-12-19T13:20:24,59.14,1.0,SetByAsk
2025-12-19 13:20:24,2025-12-19T13:20:24,59.14,1.0,SetByAsk
2025-12-19 13:20:24,2025-12-19T13:20:24,59.14,1.0,SetByAsk
2025-12-19 13:20:24,2025-12-19T13:20:24,59.13,1.0,SetByAsk
2025-12-19 13:20:24,2025-12-19T13:20:24,59.13,1.0,SetByAsk
2025-12-19 13:20:24,2025-12-19T13:20:24,59.13,1.0,SetByAsk
2025-12-19 13:20:25,2025-12-19T13:20:25,59.13,1.0,SetByAsk
2025-12-19 13:20:25,2025-12-19T13:20:25,59.13,1.0,SetByAsk
2025-12-19 13:20:25,2025-12-19T13:20:25,59.13,1.0,SetByAsk
2025-12-19 13:20:28,2025-12-19T13:20:28,59.13,1.0,SetByBid
2025-12-19 13:20:28,2025-12-19T13:20:28,59.13,2.0,SetByBid
2025-12-19 13:20:56,2025-12-19T13:20:56,59.14,1.0,SetByBid
2025-12-19 13:21:27,2025-12-19T13:21:27,59.15,1.0,SetByBid
2025-12-19 13:21:27,2025-12-19T13:21:27,59.15,1.0,SetByBid
2025-12-19 13:21:30,2025-12-19T13:21:30,59.13,1.0,SetByAsk
2025-12-19 13:21:41,2025-12-19T13:21:41,59.12,1.0,SetByBid
2025-12-19 13:21:41,2025-12-19T13:21:41,59.12,1.0,SetByBid
2025-12-19 13:21:47,2025-12-19T13:21:47,59.13,1.0,SetByBid
2025-12-19 13:21:47,2025-12-19T13:21:47,59.13,1.0,SetByBid
2025-12-19 13:21:47,2025-12-19T13:21:47,59.13,1.0,SetByBid
2025-12-19 13:21:47,2025-12-19T13:21:47,59.13,2.0,SetByAsk
2025-12-19 13:21:47,2025-12-19T13:21:47,59.13,1.0,SetByAsk
2025-12-19 13:22:36,2025-12-19T13:22:36,59.14,1.0,SetByBid
2025-12-19 13:23:13,2025-12-19T13:23:13,59.13,1.0,SetByAsk
2025-12-19 13:23:37,2025-12-19T13:23:37,59.14,1.0,SetByBid
2025-12-19 13:24:46,2025-12-19T13:24:46,59.13,1.0,SetByBid
2025-12-19 13:24:46,2025-12-19T13:24:46,59.13,3.0,SetByBid
2025-12-19 13:24:46,2025-12-19T13:24:46,59.13,1.0,SetByBid
2025-12-19 13:24:46,2025-12-19T13:24:46,59.13,1.0,SetByBid
2025-12-19 13:24:46,2025-12-19T13:24:46,59.13,1.0,SetByBid
2025-12-19 13:24:46,2025-12-19T13:24:46,59.13,1.0,SetByBid
2025-12-19 13:24:54,2025-12-19T13:24:54,59.11,1.0,SetByBid
2025-12-19 13:24:54,2025-12-19T13:24:54,59.1,1.0,SetByAsk
2025-12-19 13:24:54,2025-12-19T13:24:54,59.1,1.0,SetByAsk
2025-12-19 13:26:11,2025-12-19T13:26:11,59.1,1.0,SetByAsk
2025-12-19 13:26:28,2025-12-19T13:26:28,59.1,1.0,SetByBid
2025-12-19 13:26:28,2025-12-19T13:26:28,59.1,1.0,SetByBid
2025-12-19 13:26:28,2025-12-19T13:26:28,59.1,2.0,SetByBid
2025-12-19 13:26:28,2025-12-19T13:26:28,59.1,1.0,SetByBid
2025-12-19 13:26:28,2025-12-19T13:26:28,59.1,1.0,SetByBid
2025-12-19 13:26:46,2025-12-19T13:26:46,59.1,1.0,SetByAsk
2025-12-19 13:26:46,2025-12-19T13:26:46,59.1,1.0,SetByAsk
2025-12-19 13:26:46,2025-12-19T13:26:46,59.1,3.0,SetByBid
2025-12-19 13:27:04,2025-12-19T13:27:04,59.09,1.0,SetByAsk
2025-12-19 13:27:04,2025-12-19T13:27:04,59.08,1.0,SetByAsk
2025-12-19 13:28:00,2025-12-19T13:28:00,59.07,1.0,SetByAsk
2025-12-19 13:28:06,2025-12-19T13:28:06,59.09,1.0,SetByBid
2025-12-19 13:28:06,2025-12-19T13:28:06,59.09,1.0,SetByBid
2025-12-19 13:28:06,2025-12-19T13:28:06,59.09,1.0,SetByBid
2025-12-19 13:28:13,2025-12-19T13:28:13,59.1,1.0,SetByBid
2025-12-19 13:28:18,2025-12-19T13:28:18,59.1,1.0,SetByAsk
2025-12-19 13:28:18,2025-12-19T13:28:18,59.1,1.0,SetByAsk
2025-12-19 13:28:18,2025-12-19T13:28:18,59.1,1.0,SetByAsk
2025-12-19 13:28:18,2025-12-19T13:28:18,59.1,1.0,SetByAsk
2025-12-19 13:28:18,2025-12-19T13:28:18,59.1,1.0,SetByAsk
2025-12-19 13:28:18,2025-12-19T13:28:18,59.1,2.0,SetByAsk
2025-12-19 13:28:18,2025-12-19T13:28:18,59.1,2.0,SetByAsk
2025-12-19 13:28:18,2025-12-19T13:28:18,59.1,1.0,SetByAsk
2025-12-19 13:28:18,2025-12-19T13:28:18,59.1,1.0,SetByAsk
2025-12-19 13:28:18,2025-12-19T13:28:18,59.1,1.0,SetByAsk
2025-12-19 13:28:18,2025-12-19T13:28:18,59.1,1.0,SetByAsk
2025-12-19 13:28:18,2025-12-19T13:28:18,59.1,1.0,SetByAsk
2025-12-19 13:28:18,2025-12-19T13:28:18,59.1,1.0,SetByAsk
2025-12-19 13:28:18,2025-12-19T13:28:18,59.1,1.0,SetByAsk
2025-12-19 13:28:18,2025-12-19T13:28:18,59.1,1.0,SetByAsk
2025-12-19 13:28:18,2025-12-19T13:28:18,59.1,1.0,SetByAsk
2025-12-19 13:28:18,2025-12-19T13:28:18,59.1,1.0,SetByAsk
2025-12-19 13:28:18,2025-12-19T13:28:18,59.1,1.0,SetByAsk
2025-12-19 13:28:18,2025-12-19T13:28:18,59.1,1.0,SetByAsk
2025-12-19 13:28:18,2025-12-19T13:28:18,59.1,1.0,SetByAsk
2025-12-19 13:28:18,2025-12-19T13:28:18,59.1,1.0,SetByAsk
2025-12-19 13:28:18,2025-12-19T13:28:18,59.1,1.0,SetByAsk
2025-12-19 13:28:18,2025-12-19T13:28:18,59.1,1.0,SetByAsk
2025-12-19 13:28:18,2025-12-19T13:28:18,59.1,1.0,SetByAsk
2025-12-19 13:28:18,2025-12-19T13:28:18,59.1,1.0,SetByAsk
2025-12-19 13:28:18,2025-12-19T13:28:18,59.1,1.0,SetByAsk
2025-12-19 13:28:18,2025-12-19T13:28:18,59.1,1.0,SetByAsk
2025-12-19 13:28:18,2025-12-19T13:28:18,59.1,1.0,SetByAsk
2025-12-19 13:28:37,2025-12-19T13:28:37,59.12,1.0,SetByBid
2025-12-19 13:29:50,2025-12-19T13:29:50,59.12,1.0,SetByAsk
2025-12-19 13:29:50,2025-12-19T13:29:50,59.12,1.0,SetByBid
2025-12-19 13:30:10,2025-12-19T13:30:10,59.1,1.0,SetByBid
2025-12-19 13:30:10,2025-12-19T13:30:10,59.1,1.0,SetByBid
2025-12-19 13:30:10,2025-12-19T13:30:10,59.09,1.0,SetByAsk
2025-12-19 13:30:10,2025-12-19T13:30:10,59.09,1.0,SetByAsk
2025-12-19 13:30:10,2025-12-19T13:30:10,59.09,1.0,SetByAsk
2025-12-19 13:30:10,2025-12-19T13:30:10,59.09,1.0,SetByAsk
2025-12-19 13:30:20,2025-12-19T13:30:20,59.09,1.0,SetByAsk
2025-12-19 13:30:23,2025-12-19T13:30:23,59.08,1.0,SetByAsk
2025-12-19 13:30:26,2025-12-19T13:30:26,59.07,1.0,SetByAsk
2025-12-19 13:30:38,2025-12-19T13:30:38,59.08,1.0,SetByBid
2025-12-19 13:30:45,2025-12-19T13:30:45,59.07,1.0,SetByAsk
2025-12-19 13:30:47,2025-12-19T13:30:47,59.07,1.0,SetByAsk
2025-12-19 13:30:47,2025-12-19T13:30:47,59.07,1.0,SetByAsk
2025-12-19 13:30:58,2025-12-19T13:30:58,59.07,1.0,SetByBid
2025-12-19 13:30:58,2025-12-19T13:30:58,59.07,2.0,SetByBid
2025-12-19 13:30:58,2025-12-19T13:30:58,59.07,1.0,SetByBid
2025-12-19 13:31:09,2025-12-19T13:31:09,59.08,1.0,SetByBid
2025-12-19 13:31:23,2025-12-19T13:31:23,59.1,1.0,SetByAsk
2025-12-19 13:31:23,2025-12-19T13:31:23,59.1,1.0,SetByAsk
2025-12-19 13:31:23,2025-12-19T13:31:23,59.1,1.0,SetByAsk
2025-12-19 13:31:23,2025-12-19T13:31:23,59.1,1.0,SetByAsk
2025-12-19 13:31:23,2025-12-19T13:31:23,59.1,1.0,SetByAsk
2025-12-19 13:31:23,2025-12-19T13:31:23,59.1,1.0,SetByAsk
2025-12-19 13:31:23,2025-12-19T13:31:23,59.1,1.0,SetByAsk
2025-12-19 13:31:23,2025-12-19T13:31:23,59.1,1.0,SetByAsk
2025-12-19 13:31:23,2025-12-19T13:31:23,59.1,1.0,SetByAsk
2025-12-19 13:31:23,2025-12-19T13:31:23,59.1,1.0,SetByAsk
2025-12-19 13:31:23,2025-12-19T13:31:23,59.1,1.0,SetByAsk
2025-12-19 13:31:23,2025-12-19T13:31:23,59.1,1.0,SetByAsk
2025-12-19 13:31:23,2025-12-19T13:31:23,59.1,1.0,SetByAsk
2025-12-19 13:31:23,2025-12-19T13:31:23,59.1,1.0,SetByAsk
2025-12-19 13:31:23,2025-12-19T13:31:23,59.1,1.0,SetByAsk
2025-12-19 13:31:23,2025-12-19T13:31:23,59.1,1.0,SetByAsk
2025-12-19 13:31:23,2025-12-19T13:31:23,59.1,2.0,SetByAsk
2025-12-19 13:31:23,2025-12-19T13:31:23,59.1,3.0,SetByBid
2025-12-19 13:31:23,2025-12-19T13:31:23,59.1,2.0,SetByBid
2025-12-19 13:31:24,2025-12-19T13:31:24,59.09,1.0,SetByAsk
2025-12-19 13:31:26,2025-12-19T13:31:26,59.09,1.0,SetByBid
2025-12-19 13:31:26,2025-12-19T13:31:26,59.09,1.0,SetByBid
2025-12-19 13:31:26,2025-12-19T13:31:26,59.09,1.0,SetByBid
2025-12-19 13:31:26,2025-12-19T13:31:26,59.09,1.0,SetByBid
2025-12-19 13:31:27,2025-12-19T13:31:27,59.1,1.0,SetByBid
2025-12-19 13:31:29,2025-12-19T13:31:29,59.11,1.0,SetByBid
2025-12-19 13:31:29,2025-12-19T13:31:29,59.11,1.0,SetByBid
2025-12-19 13:31:29,2025-12-19T13:31:29,59.11,1.0,SetByBid
2025-12-19 13:31:29,2025-12-19T13:31:29,59.11,1.0,SetByAsk
2025-12-19 13:31:34,2025-12-19T13:31:34,59.12,1.0,SetByBid
2025-12-19 13:31:45,2025-12-19T13:31:45,59.17,1.0,SetByBid
2025-12-19 13:31:56,2025-12-19T13:31:56,59.16,1.0,SetByAsk
2025-12-19 13:31:56,2025-12-19T13:31:56,59.16,1.0,SetByAsk
2025-12-19 13:31:56,2025-12-19T13:31:56,59.16,1.0,SetByAsk
2025-12-19 13:31:56,2025-12-19T13:31:56,59.16,1.0,SetByAsk
2025-12-19 13:32:08,2025-12-19T13:32:08,59.2,2.0,SetByAsk
2025-12-19 13:32:21,2025-12-19T13:32:21,59.19,1.0,SetByAsk
2025-12-19 13:32:38,2025-12-19T13:32:38,59.17,1.0,SetByAsk
2025-12-19 13:32:56,2025-12-19T13:32:56,59.17,1.0,SetByBid
2025-12-19 13:32:56,2025-12-19T13:32:56,59.17,1.0,SetByAsk
2025-12-19 13:33:00,2025-12-19T13:33:00,59.16,1.0,SetByAsk
2025-12-19 13:33:00,2025-12-19T13:33:00,59.16,1.0,SetByBid
2025-12-19 13:33:12,2025-12-19T13:33:12,59.17,3.0,SetByAsk
2025-12-19 13:33:12,2025-12-19T13:33:12,59.17,7.0,SetByAsk
2025-12-19 13:33:12,2025-12-19T13:33:12,59.17,2.0,SetByAsk
2025-12-19 13:33:12,2025-12-19T13:33:12,59.17,1.0,SetByAsk
2025-12-19 13:33:12,2025-12-19T13:33:12,59.17,1.0,SetByAsk
2025-12-19 13:33:35,2025-12-19T13:33:35,59.18,1.0,SetByBid
2025-12-19 13:33:41,2025-12-19T13:33:41,59.17,3.0,SetByAsk
2025-12-19 13:33:41,2025-12-19T13:33:41,59.17,1.0,SetByAsk
2025-12-19 13:33:51,2025-12-19T13:33:51,59.18,1.0,SetByBid
2025-12-19 13:33:51,2025-12-19T13:33:51,59.18,1.0,SetByBid
2025-12-19 13:33:51,2025-12-19T13:33:51,59.18,1.0,SetByBid
2025-12-19 13:34:34,2025-12-19T13:34:34,59.19,1.0,SetByBid
2025-12-19 13:34:34,2025-12-19T13:34:34,59.19,1.0,SetByAsk
2025-12-19 13:35:09,2025-12-19T13:35:09,59.18,1.0,SetByAsk
2025-12-19 13:35:09,2025-12-19T13:35:09,59.17,1.0,SetByAsk
2025-12-19 13:35:09,2025-12-19T13:35:09,59.17,1.0,SetByAsk
2025-12-19 13:35:09,2025-12-19T13:35:09,59.17,1.0,SetByAsk
2025-12-19 13:35:09,2025-12-19T13:35:09,59.17,1.0,SetByAsk
2025-12-19 13:35:25,2025-12-19T13:35:25,59.16,1.0,SetByAsk
2025-12-19 13:35:27,2025-12-19T13:35:27,59.15,1.0,SetByAsk
2025-12-19 13:35:27,2025-12-19T13:35:27,59.15,1.0,SetByAsk
2025-12-19 13:35:27,2025-12-19T13:35:27,59.15,2.0,SetByAsk
2025-12-19 13:35:55,2025-12-19T13:35:55,59.16,1.0,SetByBid
2025-12-19 13:35:55,2025-12-19T13:35:55,59.16,1.0,SetByBid
2025-12-19 13:35:55,2025-12-19T13:35:55,59.16,1.0,SetByBid
2025-12-19 13:35:55,2025-12-19T13:35:55,59.17,1.0,SetByBid
2025-12-19 13:35:55,2025-12-19T13:35:55,59.17,1.0,SetByBid
2025-12-19 13:35:55,2025-12-19T13:35:55,59.17,1.0,SetByBid
2025-12-19 13:35:55,2025-12-19T13:35:55,59.17,3.0,SetByBid
2025-12-19 13:35:55,2025-12-19T13:35:55,59.17,1.0,SetByBid
2025-12-19 13:35:55,2025-12-19T13:35:55,59.18,1.0,SetByBid
2025-12-19 13:35:55,2025-12-19T13:35:55,59.18,1.0,SetByBid
2025-12-19 13:35:55,2025-12-19T13:35:55,59.18,1.0,SetByAsk
2025-12-19 13:35:55,2025-12-19T13:35:55,59.17,1.0,SetByAsk
2025-12-19 13:36:06,2025-12-19T13:36:06,59.19,1.0,SetByAsk
2025-12-19 13:36:17,2025-12-19T13:36:17,59.2,1.0,SetByBid
2025-12-19 13:36:52,2025-12-19T13:36:52,59.18,1.0,SetByBid
2025-12-19 13:37:12,2025-12-19T13:37:12,59.15,1.0,SetByBid
2025-12-19 13:37:12,2025-12-19T13:37:12,59.15,1.0,SetByBid
2025-12-19 13:37:12,2025-12-19T13:37:12,59.15,1.0,SetByBid
2025-12-19 13:37:12,2025-12-19T13:37:12,59.14,1.0,SetByAsk
2025-12-19 13:37:12,2025-12-19T13:37:12,59.14,1.0,SetByAsk
2025-12-19 13:37:12,2025-12-19T13:37:12,59.14,1.0,SetByAsk
2025-12-19 13:37:12,2025-12-19T13:37:12,59.14,1.0,SetByAsk
2025-12-19 13:38:08,2025-12-19T13:38:08,59.16,1.0,SetByBid
2025-12-19 13:38:08,2025-12-19T13:38:08,59.16,1.0,SetByAsk
2025-12-19 13:38:31,2025-12-19T13:38:31,59.16,1.0,SetByBid
2025-12-19 13:38:58,2025-12-19T13:38:58,59.15,1.0,SetByAsk
2025-12-19 13:38:58,2025-12-19T13:38:58,59.15,1.0,SetByAsk
2025-12-19 13:38:58,2025-12-19T13:38:58,59.15,1.0,SetByAsk
2025-12-19 13:38:58,2025-12-19T13:38:58,59.15,1.0,SetByAsk
2025-12-19 13:39:25,2025-12-19T13:39:25,59.16,4.0,SetByBid
2025-12-19 13:39:25,2025-12-19T13:39:25,59.16,1.0,SetByBid
2025-12-19 13:39:25,2025-12-19T13:39:25,59.16,4.0,SetByBid
2025-12-19 13:39:25,2025-12-19T13:39:25,59.16,1.0,SetByBid
2025-12-19 13:40:08,2025-12-19T13:40:08,59.14,1.0,SetByBid
2025-12-19 13:40:08,2025-12-19T13:40:08,59.14,2.0,SetByBid
2025-12-19 13:40:08,2025-12-19T13:40:08,59.12,1.0,SetByAsk
2025-12-19 13:40:08,2025-12-19T13:40:08,59.13,1.0,SetByBid
2025-12-19 13:40:08,2025-12-19T13:40:08,59.13,1.0,SetByBid
2025-12-19 13:40:08,2025-12-19T13:40:08,59.13,1.0,SetByBid
2025-12-19 13:40:39,2025-12-19T13:40:39,59.1,2.0,SetByBid
2025-12-19 13:40:44,2025-12-19T13:40:44,59.08,1.0,SetByAsk
2025-12-19 13:40:44,2025-12-19T13:40:44,59.08,1.0,SetByAsk
2025-12-19 13:40:44,2025-12-19T13:40:44,59.08,1.0,SetByAsk
2025-12-19 13:40:44,2025-12-19T13:40:44,59.08,1.0,SetByAsk
2025-12-19 13:40:53,2025-12-19T13:40:53,59.08,1.0,SetByAsk
2025-12-19 13:40:53,2025-12-19T13:40:53,59.08,1.0,SetByAsk
2025-12-19 13:40:53,2025-12-19T13:40:53,59.08,1.0,SetByAsk
2025-12-19 13:41:07,2025-12-19T13:41:07,59.08,1.0,SetByAsk
2025-12-19 13:41:07,2025-12-19T13:41:07,59.08,1.0,SetByAsk
2025-12-19 13:41:10,2025-12-19T13:41:10,59.08,1.0,SetByAsk
2025-12-19 13:41:10,2025-12-19T13:41:10,59.08,1.0,SetByAsk
2025-12-19 13:41:10,2025-12-19T13:41:10,59.08,3.0,SetByAsk
2025-12-19 13:41:10,2025-12-19T13:41:10,59.08,1.0,SetByAsk
2025-12-19 13:41:10,2025-12-19T13:41:10,59.07,1.0,SetByAsk
2025-12-19 13:41:10,2025-12-19T13:41:10,59.07,1.0,SetByAsk
2025-12-19 13:41:10,2025-12-19T13:41:10,59.07,4.0,SetByAsk
2025-12-19 13:41:10,2025-12-19T13:41:10,59.07,2.0,SetByAsk
2025-12-19 13:41:10,2025-12-19T13:41:10,59.07,1.0,SetByAsk
2025-12-19 13:41:10,2025-12-19T13:41:10,59.07,1.0,SetByAsk
2025-12-19 13:41:10,2025-12-19T13:41:10,59.07,1.0,SetByAsk
2025-12-19 13:41:12,2025-12-19T13:41:12,59.08,1.0,SetByAsk
2025-12-19 13:41:17,2025-12-19T13:41:17,59.07,1.0,SetByAsk
2025-12-19 13:41:17,2025-12-19T13:41:17,59.07,1.0,SetByAsk
2025-12-19 13:41:17,2025-12-19T13:41:17,59.07,1.0,SetByAsk
2025-12-19 13:41:18,2025-12-19T13:41:18,59.07,1.0,SetByAsk
2025-12-19 13:41:18,2025-12-19T13:41:18,59.07,2.0,SetByAsk
2025-12-19 13:41:18,2025-12-19T13:41:18,59.07,1.0,SetByAsk
2025-12-19 13:41:18,2025-12-19T13:41:18,59.07,1.0,SetByAsk
2025-12-19 13:41:18,2025-12-19T13:41:18,59.07,1.0,SetByAsk
2025-12-19 13:41:18,2025-12-19T13:41:18,59.07,1.0,SetByAsk
2025-12-19 13:41:47,2025-12-19T13:41:47,59.07,1.0,SetByAsk
2025-12-19 13:42:04,2025-12-19T13:42:04,59.08,2.0,SetByBid
2025-12-19 13:42:04,2025-12-19T13:42:04,59.08,1.0,SetByBid
2025-12-19 13:42:04,2025-12-19T13:42:04,59.08,3.0,SetByBid
2025-12-19 13:42:04,2025-12-19T13:42:04,59.08,3.0,SetByBid
2025-12-19 13:42:04,2025-12-19T13:42:04,59.08,2.0,SetByBid
2025-12-19 13:42:04,2025-12-19T13:42:04,59.08,2.0,SetByBid
2025-12-19 13:42:04,2025-12-19T13:42:04,59.08,2.0,SetByBid
2025-12-19 13:42:04,2025-12-19T13:42:04,59.08,1.0,SetByBid
2025-12-19 13:42:07,2025-12-19T13:42:07,59.09,1.0,SetByAsk
2025-12-19 13:42:19,2025-12-19T13:42:19,59.08,1.0,SetByAsk
2025-12-19 13:42:23,2025-12-19T13:42:23,59.07,1.0,SetByAsk
2025-12-19 13:42:29,2025-12-19T13:42:29,59.07,1.0,SetByAsk
2025-12-19 13:42:29,2025-12-19T13:42:29,59.07,1.0,SetByAsk
2025-12-19 13:42:29,2025-12-19T13:42:29,59.06,1.0,SetByAsk
2025-12-19 13:42:29,2025-12-19T13:42:29,59.06,1.0,SetByAsk
2025-12-19 13:43:32,2025-12-19T13:43:32,59.05,1.0,SetByBid
2025-12-19 13:43:32,2025-12-19T13:43:32,59.05,1.0,SetByBid
2025-12-19 13:44:03,2025-12-19T13:44:03,59.1,1.0,SetByBid
2025-12-19 13:44:03,2025-12-19T13:44:03,59.1,1.0,SetByBid
2025-12-19 13:44:03,2025-12-19T13:44:03,59.1,1.0,SetByBid
2025-12-19 13:44:15,2025-12-19T13:44:15,59.08,1.0,SetByAsk
2025-12-19 13:44:15,2025-12-19T13:44:15,59.08,1.0,SetByAsk
2025-12-19 13:44:15,2025-12-19T13:44:15,59.08,1.0,SetByAsk
2025-12-19 13:44:15,2025-12-19T13:44:15,59.08,1.0,SetByAsk
2025-12-19 13:44:31,2025-12-19T13:44:31,59.07,1.0,SetByAsk
2025-12-19 13:44:31,2025-12-19T13:44:31,59.07,2.0,SetByAsk
2025-12-19 13:44:31,2025-12-19T13:44:31,59.07,2.0,SetByAsk
2025-12-19 13:46:00,2025-12-19T13:46:00,59.05,1.0,SetByAsk
2025-12-19 13:46:00,2025-12-19T13:46:00,59.05,1.0,SetByAsk
2025-12-19 13:46:00,2025-12-19T13:46:00,59.05,1.0,SetByAsk
2025-12-19 13:46:00,2025-12-19T13:46:00,59.05,1.0,SetByAsk
2025-12-19 13:46:16,2025-12-19T13:46:16,59.05,1.0,SetByAsk
2025-12-19 13:46:16,2025-12-19T13:46:16,59.05,1.0,SetByAsk
2025-12-19 13:46:16,2025-12-19T13:46:16,59.04,1.0,SetByAsk
2025-12-19 13:46:16,2025-12-19T13:46:16,59.04,1.0,SetByAsk
2025-12-19 13:46:16,2025-12-19T13:46:16,59.04,1.0,SetByAsk
2025-12-19 13:46:16,2025-12-19T13:46:16,59.04,1.0,SetByAsk
2025-12-19 13:46:16,2025-12-19T13:46:16,59.04,1.0,SetByAsk
2025-12-19 13:46:16,2025-12-19T13:46:16,59.04,1.0,SetByAsk
2025-12-19 13:46:16,2025-12-19T13:46:16,59.04,1.0,SetByAsk
2025-12-19 13:46:16,2025-12-19T13:46:16,59.04,1.0,SetByAsk
2025-12-19 13:46:16,2025-12-19T13:46:16,59.04,1.0,SetByAsk
2025-12-19 13:46:16,2025-12-19T13:46:16,59.04,1.0,SetByAsk
2025-12-19 13:46:16,2025-12-19T13:46:16,59.04,1.0,SetByAsk
2025-12-19 13:46:16,2025-12-19T13:46:16,59.04,1.0,SetByAsk
2025-12-19 13:46:16,2025-12-19T13:46:16,59.04,1.0,SetByAsk
2025-12-19 13:46:16,2025-12-19T13:46:16,59.04,1.0,SetByAsk
2025-12-19 13:46:16,2025-12-19T13:46:16,59.04,1.0,SetByAsk
2025-12-19 13:46:16,2025-12-19T13:46:16,59.04,1.0,SetByAsk
2025-12-19 13:46:16,2025-12-19T13:46:16,59.04,1.0,SetByAsk
2025-12-19 13:46:16,2025-12-19T13:46:16,59.04,1.0,SetByAsk
2025-12-19 13:46:16,2025-12-19T13:46:16,59.04,1.0,SetByAsk
2025-12-19 13:46:16,2025-12-19T13:46:16,59.04,1.0,SetByAsk
2025-12-19 13:46:16,2025-12-19T13:46:16,59.04,1.0,SetByAsk
2025-12-19 13:46:16,2025-12-19T13:46:16,59.04,1.0,SetByAsk
2025-12-19 13:46:16,2025-12-19T13:46:16,59.04,1.0,SetByAsk
2025-12-19 13:46:16,2025-12-19T13:46:16,59.04,1.0,SetByAsk
2025-12-19 13:46:16,2025-12-19T13:46:16,59.04,1.0,SetByAsk
2025-12-19 13:46:16,2025-12-19T13:46:16,59.04,1.0,SetByAsk
2025-12-19 13:46:16,2025-12-19T13:46:16,59.04,1.0,SetByAsk
2025-12-19 13:46:16,2025-12-19T13:46:16,59.04,1.0,SetByAsk
2025-12-19 13:46:16,2025-12-19T13:46:16,59.04,2.0,SetByAsk
2025-12-19 13:46:30,2025-12-19T13:46:30,59.06,1.0,SetByBid
2025-12-19 13:46:44,2025-12-19T13:46:44,59.07,1.0,SetByAsk
2025-12-19 13:46:44,2025-12-19T13:46:44,59.07,1.0,SetByAsk
2025-12-19 13:46:44,2025-12-19T13:46:44,59.07,1.0,SetByAsk
2025-12-19 13:46:44,2025-12-19T13:46:44,59.07,2.0,SetByAsk
2025-12-19 13:46:44,2025-12-19T13:46:44,59.07,1.0,SetByAsk
2025-12-19 13:46:44,2025-12-19T13:46:44,59.07,2.0,SetByAsk
2025-12-19 13:46:44,2025-12-19T13:46:44,59.07,1.0,SetByBid
2025-12-19 13:46:46,2025-12-19T13:46:46,59.08,1.0,SetByBid
2025-12-19 13:46:46,2025-12-19T13:46:46,59.08,1.0,SetByBid
2025-12-19 13:46:46,2025-12-19T13:46:46,59.08,1.0,SetByBid
2025-12-19 13:46:46,2025-12-19T13:46:46,59.08,5.0,SetByBid
2025-12-19 13:46:46,2025-12-19T13:46:46,59.08,1.0,SetByBid
2025-12-19 13:46:46,2025-12-19T13:46:46,59.08,1.0,SetByBid
2025-12-19 13:46:46,2025-12-19T13:46:46,59.08,3.0,SetByBid
2025-12-19 13:47:04,2025-12-19T13:47:04,59.11,1.0,SetByAsk
2025-12-19 13:47:04,2025-12-19T13:47:04,59.11,1.0,SetByAsk
2025-12-19 13:47:04,2025-12-19T13:47:04,59.11,1.0,SetByAsk
2025-12-19 13:47:04,2025-12-19T13:47:04,59.11,1.0,SetByAsk
2025-12-19 13:47:04,2025-12-19T13:47:04,59.11,1.0,SetByAsk
2025-12-19 13:47:46,2025-12-19T13:47:46,59.09,1.0,"SetByAsk, Leg"
2025-12-19 13:47:46,2025-12-19T13:47:46,59.08,1.0,"SetByAsk, Leg"
2025-12-19 13:47:46,2025-12-19T13:47:46,59.08,1.0,SetByAsk
2025-12-19 13:47:46,2025-12-19T13:47:46,59.08,1.0,SetByAsk
2025-12-19 13:47:51,2025-12-19T13:47:51,59.09,1.0,SetByBid
2025-12-19 13:47:51,2025-12-19T13:47:51,59.09,1.0,SetByBid
2025-12-19 13:48:34,2025-12-19T13:48:34,59.1,1.0,SetByAsk
2025-12-19 13:49:15,2025-12-19T13:49:15,59.13,1.0,SetByAsk
2025-12-19 13:49:15,2025-12-19T13:49:15,59.13,1.0,SetByAsk
2025-12-19 13:49:15,2025-12-19T13:49:15,59.13,1.0,SetByAsk
2025-12-19 13:49:15,2025-12-19T13:49:15,59.13,1.0,SetByAsk
2025-12-19 13:49:15,2025-12-19T13:49:15,59.13,1.0,SetByAsk
2025-12-19 13:49:15,2025-12-19T13:49:15,59.13,1.0,SetByAsk
2025-12-19 13:49:15,2025-12-19T13:49:15,59.13,1.0,SetByAsk
2025-12-19 13:49:32,2025-12-19T13:49:32,59.13,1.0,SetByAsk
2025-12-19 13:49:32,2025-12-19T13:49:32,59.13,3.0,SetByAsk
2025-12-19 13:50:00,2025-12-19T13:50:00,59.14,1.0,SetByAsk
2025-12-19 13:50:02,2025-12-19T13:50:02,59.14,1.0,SetByBid
2025-12-19 13:50:25,2025-12-19T13:50:25,59.12,1.0,SetByBid
2025-12-19 13:50:28,2025-12-19T13:50:28,59.12,1.0,SetByAsk
2025-12-19 13:50:30,2025-12-19T13:50:30,59.13,1.0,SetByBid
2025-12-19 13:50:30,2025-12-19T13:50:30,59.13,1.0,SetByBid
2025-12-19 13:51:17,2025-12-19T13:51:17,59.12,3.0,SetByAsk
2025-12-19 13:51:17,2025-12-19T13:51:17,59.11,1.0,SetByAsk
2025-12-19 13:51:37,2025-12-19T13:51:37,59.12,1.0,SetByBid
2025-12-19 13:51:37,2025-12-19T13:51:37,59.12,1.0,SetByBid
2025-12-19 13:52:33,2025-12-19T13:52:33,59.14,2.0,SetByBid
2025-12-19 13:52:33,2025-12-19T13:52:33,59.14,1.0,SetByBid
2025-12-19 13:52:45,2025-12-19T13:52:45,59.18,1.0,SetByBid
2025-12-19 13:52:45,2025-12-19T13:52:45,59.18,1.0,SetByBid
2025-12-19 13:52:45,2025-12-19T13:52:45,59.18,2.0,SetByBid
2025-12-19 13:52:45,2025-12-19T13:52:45,59.18,1.0,SetByBid
2025-12-19 13:52:47,2025-12-19T13:52:47,59.2,1.0,SetByBid
2025-12-19 13:52:47,2025-12-19T13:52:47,59.2,1.0,SetByBid
2025-12-19 13:52:47,2025-12-19T13:52:47,59.2,1.0,SetByBid
2025-12-19 13:52:47,2025-12-19T13:52:47,59.2,1.0,SetByBid
2025-12-19 13:52:47,2025-12-19T13:52:47,59.2,1.0,SetByBid
2025-12-19 13:52:47,2025-12-19T13:52:47,59.2,1.0,SetByBid
2025-12-19 13:52:47,2025-12-19T13:52:47,59.2,1.0,SetByBid
2025-12-19 13:52:47,2025-12-19T13:52:47,59.2,1.0,SetByBid
2025-12-19 13:52:47,2025-12-19T13:52:47,59.2,1.0,SetByAsk
2025-12-19 13:52:47,2025-12-19T13:52:47,59.2,1.0,SetByAsk
2025-12-19 13:52:56,2025-12-19T13:52:56,59.21,1.0,SetByBid
2025-12-19 13:52:56,2025-12-19T13:52:56,59.21,3.0,SetByBid
2025-12-19 13:53:31,2025-12-19T13:53:31,59.21,1.0,SetByBid
2025-12-19 13:53:31,2025-12-19T13:53:31,59.21,1.0,SetByBid
2025-12-19 13:53:34,2025-12-19T13:53:34,59.2,1.0,SetByAsk
2025-12-19 13:53:34,2025-12-19T13:53:34,59.2,1.0,SetByAsk
2025-12-19 13:53:34,2025-12-19T13:53:34,59.2,1.0,SetByAsk
2025-12-19 13:53:46,2025-12-19T13:53:46,59.21,1.0,SetByAsk
2025-12-19 13:53:46,2025-12-19T13:53:46,59.21,1.0,SetByAsk
2025-12-19 13:53:55,2025-12-19T13:53:55,59.22,1.0,SetByBid
2025-12-19 13:53:55,2025-12-19T13:53:55,59.22,1.0,SetByBid
2025-12-19 13:53:55,2025-12-19T13:53:55,59.22,2.0,SetByBid
2025-12-19 13:53:55,2025-12-19T13:53:55,59.22,2.0,SetByBid
2025-12-19 13:54:11,2025-12-19T13:54:11,59.26,1.0,SetByAsk
2025-12-19 13:54:25,2025-12-19T13:54:25,59.23,1.0,SetByAsk
2025-12-19 13:54:26,2025-12-19T13:54:26,59.23,1.0,SetByAsk
2025-12-19 13:54:48,2025-12-19T13:54:48,59.23,1.0,SetByAsk
2025-12-19 13:54:48,2025-12-19T13:54:48,59.23,1.0,SetByAsk
2025-12-19 13:54:48,2025-12-19T13:54:48,59.23,2.0,SetByAsk
2025-12-19 13:55:11,2025-12-19T13:55:11,59.24,1.0,SetByBid
2025-12-19 13:55:29,2025-12-19T13:55:29,59.23,2.0,SetByAsk
2025-12-19 13:55:29,2025-12-19T13:55:29,59.23,1.0,SetByAsk
2025-12-19 13:55:29,2025-12-19T13:55:29,59.23,1.0,SetByAsk
2025-12-19 13:55:29,2025-12-19T13:55:29,59.23,2.0,SetByAsk
2025-12-19 13:55:29,2025-12-19T13:55:29,59.23,1.0,SetByAsk
2025-12-19 13:55:29,2025-12-19T13:55:29,59.23,1.0,SetByAsk
2025-12-19 13:55:29,2025-12-19T13:55:29,59.23,1.0,SetByAsk
2025-12-19 13:55:29,2025-12-19T13:55:29,59.23,1.0,SetByBid
2025-12-19 13:55:36,2025-12-19T13:55:36,59.24,1.0,SetByBid
2025-12-19 13:55:46,2025-12-19T13:55:46,59.23,1.0,SetByAsk
2025-12-19 13:55:46,2025-12-19T13:55:46,59.23,1.0,SetByAsk
2025-12-19 13:55:46,2025-12-19T13:55:46,59.23,1.0,SetByAsk
2025-12-19 13:55:46,2025-12-19T13:55:46,59.23,1.0,SetByAsk
2025-12-19 13:55:46,2025-12-19T13:55:46,59.23,1.0,SetByAsk
2025-12-19 13:56:00,2025-12-19T13:56:00,59.22,1.0,SetByAsk
2025-12-19 13:56:00,2025-12-19T13:56:00,59.22,1.0,SetByAsk
2025-12-19 13:56:11,2025-12-19T13:56:11,59.22,1.0,SetByBid
2025-12-19 13:56:30,2025-12-19T13:56:30,59.2,1.0,SetByAsk
2025-12-19 13:56:30,2025-12-19T13:56:30,59.2,1.0,SetByAsk
2025-12-19 13:56:33,2025-12-19T13:56:33,59.2,1.0,SetByAsk
2025-12-19 13:56:33,2025-12-19T13:56:33,59.2,1.0,SetByAsk
2025-12-19 13:56:33,2025-12-19T13:56:33,59.2,1.0,SetByAsk
2025-12-19 13:56:33,2025-12-19T13:56:33,59.2,1.0,SetByAsk
2025-12-19 13:56:33,2025-12-19T13:56:33,59.2,1.0,SetByAsk
2025-12-19 13:56:33,2025-12-19T13:56:33,59.2,1.0,SetByAsk
2025-12-19 13:56:33,2025-12-19T13:56:33,59.2,1.0,SetByAsk
2025-12-19 13:56:34,2025-12-19T13:56:34,59.2,1.0,SetByAsk
2025-12-19 13:56:34,2025-12-19T13:56:34,59.2,1.0,SetByAsk
2025-12-19 13:56:34,2025-12-19T13:56:34,59.2,1.0,SetByAsk
2025-12-19 13:56:34,2025-12-19T13:56:34,59.2,1.0,SetByAsk
2025-12-19 13:56:34,2025-12-19T13:56:34,59.2,1.0,SetByAsk
2025-12-19 13:56:34,2025-12-19T13:56:34,59.2,1.0,SetByAsk
2025-12-19 13:56:34,2025-12-19T13:56:34,59.2,1.0,SetByAsk
2025-12-19 13:57:23,2025-12-19T13:57:23,59.18,1.0,SetByBid
2025-12-19 13:57:23,2025-12-19T13:57:23,59.18,1.0,SetByBid
2025-12-19 13:57:23,2025-12-19T13:57:23,59.18,1.0,SetByBid
2025-12-19 13:57:23,2025-12-19T13:57:23,59.18,1.0,SetByBid
2025-12-19 13:58:00,2025-12-19T13:58:00,59.19,1.0,SetByBid
2025-12-19 13:58:00,2025-12-19T13:58:00,59.19,1.0,SetByBid
2025-12-19 13:58:00,2025-12-19T13:58:00,59.19,1.0,SetByBid
2025-12-19 13:58:09,2025-12-19T13:58:09,59.2,1.0,SetByAsk
2025-12-19 13:58:09,2025-12-19T13:58:09,59.2,1.0,SetByAsk
2025-12-19 13:58:09,2025-12-19T13:58:09,59.2,1.0,SetByAsk
2025-12-19 13:58:20,2025-12-19T13:58:20,59.18,1.0,SetByAsk
2025-12-19 13:58:20,2025-12-19T13:58:20,59.18,1.0,SetByAsk
2025-12-19 13:58:20,2025-12-19T13:58:20,59.17,1.0,SetByAsk
2025-12-19 13:58:20,2025-12-19T13:58:20,59.17,1.0,SetByAsk
2025-12-19 13:58:27,2025-12-19T13:58:27,59.19,1.0,SetByAsk
2025-12-19 13:58:27,2025-12-19T13:58:27,59.19,1.0,SetByAsk
2025-12-19 13:59:20,2025-12-19T13:59:20,59.2,1.0,SetByBid
2025-12-19 13:59:55,2025-12-19T13:59:55,59.19,1.0,SetByAsk
2025-12-19 13:59:55,2025-12-19T13:59:55,59.19,1.0,SetByAsk
2025-12-19 13:59:55,2025-12-19T13:59:55,59.19,1.0,SetByAsk
2025-12-19 13:59:55,2025-12-19T13:59:55,59.19,1.0,SetByAsk
2025-12-19 13:59:55,2025-12-19T13:59:55,59.2,1.0,SetByBid
2025-12-19 14:01:10,2025-12-19T14:01:10,59.19,1.0,SetByAsk
2025-12-19 14:01:12,2025-12-19T14:01:12,59.2,3.0,SetByBid
2025-12-19 14:01:30,2025-12-19T14:01:30,59.19,1.0,SetByAsk
2025-12-19 14:01:30,2025-12-19T14:01:30,59.19,1.0,SetByAsk
2025-12-19 14:01:30,2025-12-19T14:01:30,59.19,1.0,SetByAsk
2025-12-19 14:01:41,2025-12-19T14:01:41,59.18,1.0,SetByAsk
2025-12-19 14:01:41,2025-12-19T14:01:41,59.18,1.0,SetByAsk
2025-12-19 14:01:41,2025-12-19T14:01:41,59.18,1.0,SetByAsk
2025-12-19 14:01:41,2025-12-19T14:01:41,59.18,1.0,SetByAsk
2025-12-19 14:01:59,2025-12-19T14:01:59,59.17,1.0,SetByBid
2025-12-19 14:01:59,2025-12-19T14:01:59,59.17,1.0,SetByBid
2025-12-19 14:01:59,2025-12-19T14:01:59,59.17,1.0,SetByBid
2025-12-19 14:02:02,2025-12-19T14:02:02,59.17,1.0,SetByBid
2025-12-19 14:02:02,2025-12-19T14:02:02,59.17,2.0,SetByBid
2025-12-19 14:02:04,2025-12-19T14:02:04,59.15,1.0,SetByAsk
2025-12-19 14:02:04,2025-12-19T14:02:04,59.16,1.0,SetByBid
2025-12-19 14:02:04,2025-12-19T14:02:04,59.15,1.0,SetByAsk
2025-12-19 14:02:14,2025-12-19T14:02:14,59.1,1.0,SetByBid
2025-12-19 14:02:14,2025-12-19T14:02:14,59.1,1.0,SetByBid
2025-12-19 14:02:14,2025-12-19T14:02:14,59.09,1.0,SetByAsk
2025-12-19 14:02:14,2025-12-19T14:02:14,59.09,1.0,SetByBid
2025-12-19 14:02:14,2025-12-19T14:02:14,59.09,1.0,SetByBid
2025-12-19 14:02:14,2025-12-19T14:02:14,59.1,1.0,SetByBid
2025-12-19 14:02:14,2025-12-19T14:02:14,59.1,1.0,SetByBid
2025-12-19 14:02:14,2025-12-19T14:02:14,59.1,3.0,SetByBid
2025-12-19 14:02:14,2025-12-19T14:02:14,59.1,1.0,SetByAsk
2025-12-19 14:02:17,2025-12-19T14:02:17,59.1,1.0,SetByBid
2025-12-19 14:02:17,2025-12-19T14:02:17,59.1,3.0,SetByBid
2025-12-19 14:02:29,2025-12-19T14:02:29,59.11,1.0,SetByBid
2025-12-19 14:03:28,2025-12-19T14:03:28,59.14,1.0,SetByBid
2025-12-19 14:03:28,2025-12-19T14:03:28,59.14,1.0,SetByBid
2025-12-19 14:03:28,2025-12-19T14:03:28,59.14,1.0,SetByBid
2025-12-19 14:03:28,2025-12-19T14:03:28,59.14,1.0,SetByBid
2025-12-19 14:03:28,2025-12-19T14:03:28,59.14,1.0,SetByBid
2025-12-19 14:03:28,2025-12-19T14:03:28,59.14,2.0,SetByBid
2025-12-19 14:03:28,2025-12-19T14:03:28,59.14,1.0,SetByBid
2025-12-19 14:03:28,2025-12-19T14:03:28,59.14,1.0,SetByBid
2025-12-19 14:03:28,2025-12-19T14:03:28,59.14,2.0,SetByBid
2025-12-19 14:03:28,2025-12-19T14:03:28,59.14,2.0,SetByBid
2025-12-19 14:03:28,2025-12-19T14:03:28,59.14,2.0,SetByAsk
2025-12-19 14:03:28,2025-12-19T14:03:28,59.14,5.0,SetByAsk
2025-12-19 14:03:28,2025-12-19T14:03:28,59.14,2.0,SetByAsk
2025-12-19 14:03:28,2025-12-19T14:03:28,59.14,5.0,SetByAsk
2025-12-19 14:03:28,2025-12-19T14:03:28,59.14,7.0,SetByAsk
2025-12-19 14:03:28,2025-12-19T14:03:28,59.14,3.0,SetByAsk
2025-12-19 14:03:49,2025-12-19T14:03:49,59.12,1.0,SetByAsk
2025-12-19 14:04:10,2025-12-19T14:04:10,59.11,1.0,SetByAsk
2025-12-19 14:04:25,2025-12-19T14:04:25,59.09,1.0,SetByBid
2025-12-19 14:04:25,2025-12-19T14:04:25,59.09,1.0,SetByBid
2025-12-19 14:04:25,2025-12-19T14:04:25,59.09,1.0,SetByBid
2025-12-19 14:04:25,2025-12-19T14:04:25,59.09,1.0,SetByBid
2025-12-19 14:04:25,2025-12-19T14:04:25,59.09,1.0,SetByBid
2025-12-19 14:04:25,2025-12-19T14:04:25,59.09,1.0,SetByBid
2025-12-19 14:04:41,2025-12-19T14:04:41,59.09,1.0,SetByBid
2025-12-19 14:04:43,2025-12-19T14:04:43,59.08,10.0,SetByBid
2025-12-19 14:04:43,2025-12-19T14:04:43,59.08,4.0,SetByBid
2025-12-19 14:04:43,2025-12-19T14:04:43,59.08,4.0,SetByBid
2025-12-19 14:04:43,2025-12-19T14:04:43,59.07,1.0,SetByAsk
2025-12-19 14:04:43,2025-12-19T14:04:43,59.07,1.0,SetByAsk
2025-12-19 14:04:44,2025-12-19T14:04:44,59.06,7.0,SetByAsk
2025-12-19 14:04:44,2025-12-19T14:04:44,59.06,4.0,SetByAsk
2025-12-19 14:04:44,2025-12-19T14:04:44,59.06,7.0,SetByAsk
2025-12-19 14:04:44,2025-12-19T14:04:44,59.06,4.0,SetByAsk
2025-12-19 14:04:49,2025-12-19T14:04:49,59.05,2.0,SetByBid
2025-12-19 14:05:04,2025-12-19T14:05:04,59.08,1.0,SetByAsk
2025-12-19 14:05:04,2025-12-19T14:05:04,59.08,1.0,SetByAsk
2025-12-19 14:05:04,2025-12-19T14:05:04,59.08,1.0,SetByAsk
2025-12-19 14:05:04,2025-12-19T14:05:04,59.08,6.0,SetByAsk
2025-12-19 14:05:04,2025-12-19T14:05:04,59.08,1.0,SetByAsk
2025-12-19 14:05:04,2025-12-19T14:05:04,59.08,1.0,SetByAsk
2025-12-19 14:05:04,2025-12-19T14:05:04,59.08,1.0,SetByAsk
2025-12-19 14:05:19,2025-12-19T14:05:19,59.06,1.0,SetByBid
2025-12-19 14:05:19,2025-12-19T14:05:19,59.06,2.0,SetByBid
2025-12-19 14:05:19,2025-12-19T14:05:19,59.06,2.0,SetByBid
2025-12-19 14:05:34,2025-12-19T14:05:34,59.05,1.0,SetByBid
2025-12-19 14:05:40,2025-12-19T14:05:40,59.04,1.0,SetByBid
2025-12-19 14:05:54,2025-12-19T14:05:54,59.02,1.0,SetByBid
2025-12-19 14:05:54,2025-12-19T14:05:54,59.02,2.0,SetByBid
2025-12-19 14:06:01,2025-12-19T14:06:01,59.04,1.0,SetByBid
2025-12-19 14:06:01,2025-12-19T14:06:01,59.04,1.0,SetByBid
2025-12-19 14:06:21,2025-12-19T14:06:21,59.04,3.0,SetByBid
2025-12-19 14:06:21,2025-12-19T14:06:21,59.05,1.0,SetByBid
2025-12-19 14:06:21,2025-12-19T14:06:21,59.05,1.0,SetByBid
2025-12-19 14:06:48,2025-12-19T14:06:48,59.0,5.0,SetByAsk
2025-12-19 14:06:48,2025-12-19T14:06:48,59.0,8.0,SetByAsk
2025-12-19 14:07:05,2025-12-19T14:07:05,59.03,1.0,SetByBid
2025-12-19 14:07:05,2025-12-19T14:07:05,59.03,1.0,SetByBid
2025-12-19 14:07:26,2025-12-19T14:07:26,59.03,2.0,SetByBid
2025-12-19 14:07:33,2025-12-19T14:07:33,59.02,3.0,SetByAsk
2025-12-19 14:07:33,2025-12-19T14:07:33,59.03,1.0,SetByBid
2025-12-19 14:07:33,2025-12-19T14:07:33,59.03,1.0,SetByBid
2025-12-19 14:07:33,2025-12-19T14:07:33,59.03,1.0,SetByBid
2025-12-19 14:07:39,2025-12-19T14:07:39,59.04,1.0,SetByBid
2025-12-19 14:07:39,2025-12-19T14:07:39,59.04,1.0,SetByBid
2025-12-19 14:07:39,2025-12-19T14:07:39,59.04,1.0,SetByBid
2025-12-19 14:07:48,2025-12-19T14:07:48,59.04,1.0,SetByBid
2025-12-19 14:07:48,2025-12-19T14:07:48,59.04,4.0,SetByBid
2025-12-19 14:08:04,2025-12-19T14:08:04,59.06,1.0,SetByBid
2025-12-19 14:08:05,2025-12-19T14:08:05,59.06,1.0,SetByBid
2025-12-19 14:08:05,2025-12-19T14:08:05,59.07,1.0,SetByBid
2025-12-19 14:08:05,2025-12-19T14:08:05,59.07,1.0,SetByBid
2025-12-19 14:08:20,2025-12-19T14:08:20,59.06,1.0,SetByBid
2025-12-19 14:08:20,2025-12-19T14:08:20,59.06,1.0,SetByBid
2025-12-19 14:08:20,2025-12-19T14:08:20,59.06,1.0,SetByBid
2025-12-19 14:08:20,2025-12-19T14:08:20,59.06,1.0,SetByBid
2025-12-19 14:08:58,2025-12-19T14:08:58,59.06,1.0,SetByAsk
2025-12-19 14:08:58,2025-12-19T14:08:58,59.06,1.0,SetByAsk
2025-12-19 14:08:58,2025-12-19T14:08:58,59.06,2.0,SetByAsk
2025-12-19 14:09:00,2025-12-19T14:09:00,59.06,1.0,SetByAsk
2025-12-19 14:09:00,2025-12-19T14:09:00,59.06,1.0,SetByAsk
2025-12-19 14:09:00,2025-12-19T14:09:00,59.06,2.0,SetByAsk
2025-12-19 14:09:00,2025-12-19T14:09:00,59.06,2.0,SetByAsk
2025-12-19 14:09:00,2025-12-19T14:09:00,59.06,1.0,SetByAsk
2025-12-19 14:09:00,2025-12-19T14:09:00,59.06,1.0,SetByAsk
2025-12-19 14:09:00,2025-12-19T14:09:00,59.06,1.0,SetByAsk
2025-12-19 14:09:01,2025-12-19T14:09:01,59.06,2.0,SetByAsk
2025-12-19 14:09:01,2025-12-19T14:09:01,59.07,1.0,SetByBid
2025-12-19 14:09:01,2025-12-19T14:09:01,59.07,1.0,SetByBid
2025-12-19 14:09:02,2025-12-19T14:09:02,59.08,1.0,SetByBid
2025-12-19 14:09:02,2025-12-19T14:09:02,59.08,1.0,SetByBid
2025-12-19 14:09:02,2025-12-19T14:09:02,59.08,1.0,SetByBid
2025-12-19 14:09:02,2025-12-19T14:09:02,59.08,1.0,SetByBid
2025-12-19 14:09:02,2025-12-19T14:09:02,59.07,1.0,SetByAsk
2025-12-19 14:09:03,2025-12-19T14:09:03,59.09,1.0,SetByBid
2025-12-19 14:09:03,2025-12-19T14:09:03,59.09,1.0,SetByBid
2025-12-19 14:09:07,2025-12-19T14:09:07,59.12,1.0,SetByAsk
2025-12-19 14:09:07,2025-12-19T14:09:07,59.12,1.0,SetByAsk
2025-12-19 14:09:07,2025-12-19T14:09:07,59.12,1.0,SetByAsk
2025-12-19 14:09:07,2025-12-19T14:09:07,59.12,1.0,SetByAsk
2025-12-19 14:09:07,2025-12-19T14:09:07,59.11,1.0,SetByAsk
2025-12-19 14:09:14,2025-12-19T14:09:14,59.11,1.0,SetByAsk
2025-12-19 14:09:14,2025-12-19T14:09:14,59.11,1.0,SetByBid
2025-12-19 14:09:14,2025-12-19T14:09:14,59.11,1.0,SetByBid
2025-12-19 14:09:19,2025-12-19T14:09:19,59.08,1.0,SetByAsk
2025-12-19 14:10:01,2025-12-19T14:10:01,59.08,1.0,SetByBid
2025-12-19 14:10:05,2025-12-19T14:10:05,59.09,1.0,SetByAsk
2025-12-19 14:10:05,2025-12-19T14:10:05,59.09,1.0,SetByAsk
2025-12-19 14:10:05,2025-12-19T14:10:05,59.09,1.0,SetByAsk
2025-12-19 14:10:05,2025-12-19T14:10:05,59.09,1.0,SetByAsk
2025-12-19 14:10:09,2025-12-19T14:10:09,59.11,1.0,SetByBid
2025-12-19 14:10:22,2025-12-19T14:10:22,59.12,1.0,SetByBid
2025-12-19 14:10:22,2025-12-19T14:10:22,59.12,1.0,SetByBid
2025-12-19 14:10:22,2025-12-19T14:10:22,59.12,1.0,SetByBid
2025-12-19 14:10:22,2025-12-19T14:10:22,59.12,1.0,SetByBid
2025-12-19 14:10:22,2025-12-19T14:10:22,59.12,1.0,SetByBid
2025-12-19 14:10:22,2025-12-19T14:10:22,59.12,1.0,SetByBid
2025-12-19 14:10:22,2025-12-19T14:10:22,59.12,1.0,SetByBid
2025-12-19 14:10:22,2025-12-19T14:10:22,59.12,1.0,SetByBid
2025-12-19 14:10:22,2025-12-19T14:10:22,59.12,1.0,SetByBid
2025-12-19 14:10:22,2025-12-19T14:10:22,59.12,1.0,SetByBid
2025-12-19 14:10:22,2025-12-19T14:10:22,59.12,1.0,SetByBid
2025-12-19 14:10:22,2025-12-19T14:10:22,59.12,1.0,SetByBid
2025-12-19 14:10:22,2025-12-19T14:10:22,59.12,1.0,SetByBid
2025-12-19 14:10:22,2025-12-19T14:10:22,59.12,1.0,SetByBid
2025-12-19 14:10:22,2025-12-19T14:10:22,59.12,1.0,SetByBid
2025-12-19 14:10:22,2025-12-19T14:10:22,59.12,1.0,SetByBid
2025-12-19 14:10:22,2025-12-19T14:10:22,59.12,1.0,SetByBid
2025-12-19 14:10:22,2025-12-19T14:10:22,59.12,1.0,SetByBid
2025-12-19 14:10:22,2025-12-19T14:10:22,59.12,3.0,SetByBid
2025-12-19 14:10:22,2025-12-19T14:10:22,59.12,1.0,SetByBid
2025-12-19 14:10:22,2025-12-19T14:10:22,59.12,1.0,SetByBid
2025-12-19 14:10:22,2025-12-19T14:10:22,59.12,2.0,SetByBid
2025-12-19 14:10:36,2025-12-19T14:10:36,59.11,1.0,SetByAsk
2025-12-19 14:10:36,2025-12-19T14:10:36,59.11,1.0,SetByAsk
2025-12-19 14:11:09,2025-12-19T14:11:09,59.1,1.0,SetByBid
2025-12-19 14:11:09,2025-12-19T14:11:09,59.1,2.0,SetByBid
2025-12-19 14:11:24,2025-12-19T14:11:24,59.12,1.0,SetByBid
2025-12-19 14:11:24,2025-12-19T14:11:24,59.12,1.0,SetByBid
2025-12-19 14:11:24,2025-12-19T14:11:24,59.12,2.0,SetByBid
2025-12-19 14:11:26,2025-12-19T14:11:26,59.14,1.0,SetByBid
2025-12-19 14:11:26,2025-12-19T14:11:26,59.14,1.0,SetByBid
2025-12-19 14:11:26,2025-12-19T14:11:26,59.14,1.0,SetByBid
2025-12-19 14:11:26,2025-12-19T14:11:26,59.14,1.0,SetByBid
2025-12-19 14:11:26,2025-12-19T14:11:26,59.14,1.0,SetByBid
2025-12-19 14:11:27,2025-12-19T14:11:27,59.13,1.0,SetByAsk
2025-12-19 14:11:27,2025-12-19T14:11:27,59.13,1.0,SetByAsk
2025-12-19 14:11:27,2025-12-19T14:11:27,59.13,1.0,SetByAsk
2025-12-19 14:11:27,2025-12-19T14:11:27,59.13,1.0,SetByAsk
2025-12-19 14:11:27,2025-12-19T14:11:27,59.13,1.0,SetByAsk
2025-12-19 14:11:30,2025-12-19T14:11:30,59.13,1.0,SetByBid
2025-12-19 14:11:32,2025-12-19T14:11:32,59.13,1.0,SetByBid
2025-12-19 14:11:37,2025-12-19T14:11:37,59.14,1.0,SetByBid
2025-12-19 14:11:37,2025-12-19T14:11:37,59.14,1.0,SetByBid
2025-12-19 14:11:37,2025-12-19T14:11:37,59.14,1.0,SetByAsk
2025-12-19 14:11:37,2025-12-19T14:11:37,59.14,1.0,SetByAsk
2025-12-19 14:11:37,2025-12-19T14:11:37,59.14,1.0,SetByAsk
2025-12-19 14:11:37,2025-12-19T14:11:37,59.14,1.0,SetByBid
2025-12-19 14:11:43,2025-12-19T14:11:43,59.15,1.0,SetByAsk
2025-12-19 14:11:43,2025-12-19T14:11:43,59.17,1.0,SetByBid
2025-12-19 14:11:44,2025-12-19T14:11:44,59.15,1.0,SetByAsk
2025-12-19 14:11:44,2025-12-19T14:11:44,59.15,1.0,SetByAsk
2025-12-19 14:12:01,2025-12-19T14:12:01,59.14,1.0,SetByBid
2025-12-19 14:12:01,2025-12-19T14:12:01,59.14,1.0,SetByAsk
2025-12-19 14:12:02,2025-12-19T14:12:02,59.15,1.0,SetByBid
2025-12-19 14:12:02,2025-12-19T14:12:02,59.15,1.0,SetByBid
2025-12-19 14:12:09,2025-12-19T14:12:09,59.16,1.0,SetByBid
2025-12-19 14:12:14,2025-12-19T14:12:14,59.17,1.0,SetByAsk
2025-12-19 14:12:18,2025-12-19T14:12:18,59.18,1.0,SetByAsk
2025-12-19 14:12:20,2025-12-19T14:12:20,59.18,1.0,"SetByBid, Leg"
2025-12-19 14:12:20,2025-12-19T14:12:20,59.19,1.0,"SetByBid, Leg"
2025-12-19 14:12:20,2025-12-19T14:12:20,59.19,1.0,SetByBid
2025-12-19 14:12:20,2025-12-19T14:12:20,59.19,1.0,SetByBid
2025-12-19 14:12:20,2025-12-19T14:12:20,59.19,1.0,SetByBid
2025-12-19 14:12:20,2025-12-19T14:12:20,59.19,1.0,SetByBid
2025-12-19 14:12:20,2025-12-19T14:12:20,59.19,1.0,SetByBid
2025-12-19 14:12:20,2025-12-19T14:12:20,59.19,2.0,SetByBid
2025-12-19 14:12:28,2025-12-19T14:12:28,59.2,1.0,SetByBid
2025-12-19 14:12:28,2025-12-19T14:12:28,59.2,1.0,SetByBid
2025-12-19 14:12:28,2025-12-19T14:12:28,59.2,2.0,SetByBid
2025-12-19 14:12:28,2025-12-19T14:12:28,59.19,1.0,SetByAsk
2025-12-19 14:12:28,2025-12-19T14:12:28,59.19,1.0,SetByAsk
2025-12-19 14:12:28,2025-12-19T14:12:28,59.2,1.0,SetByBid
2025-12-19 14:12:28,2025-12-19T14:12:28,59.2,1.0,SetByAsk
2025-12-19 14:12:28,2025-12-19T14:12:28,59.2,1.0,SetByAsk
2025-12-19 14:12:33,2025-12-19T14:12:33,59.21,1.0,SetByBid
2025-12-19 14:12:33,2025-12-19T14:12:33,59.21,1.0,SetByAsk
2025-12-19 14:12:33,2025-12-19T14:12:33,59.22,1.0,SetByBid
2025-12-19 14:12:34,2025-12-19T14:12:34,59.21,2.0,SetByAsk
2025-12-19 14:12:34,2025-12-19T14:12:34,59.21,10.0,SetByAsk
2025-12-19 14:12:35,2025-12-19T14:12:35,59.21,1.0,SetByAsk
2025-12-19 14:12:35,2025-12-19T14:12:35,59.21,6.0,SetByAsk
2025-12-19 14:12:37,2025-12-19T14:12:37,59.21,1.0,SetByAsk
2025-12-19 14:12:37,2025-12-19T14:12:37,59.21,3.0,SetByAsk
2025-12-19 14:12:37,2025-12-19T14:12:37,59.21,1.0,SetByAsk
2025-12-19 14:12:39,2025-12-19T14:12:39,59.2,1.0,SetByAsk
2025-12-19 14:12:39,2025-12-19T14:12:39,59.2,1.0,SetByAsk
2025-12-19 14:13:17,2025-12-19T14:13:17,59.18,2.0,SetByAsk
2025-12-19 14:13:17,2025-12-19T14:13:17,59.18,1.0,SetByAsk
2025-12-19 14:13:35,2025-12-19T14:13:35,59.19,1.0,SetByBid
2025-12-19 14:13:35,2025-12-19T14:13:35,59.19,1.0,SetByBid
2025-12-19 14:13:35,2025-12-19T14:13:35,59.19,1.0,SetByBid
2025-12-19 14:13:35,2025-12-19T14:13:35,59.19,1.0,SetByBid
2025-12-19 14:13:35,2025-12-19T14:13:35,59.19,1.0,SetByBid
2025-12-19 14:13:35,2025-12-19T14:13:35,59.19,1.0,SetByBid
2025-12-19 14:13:35,2025-12-19T14:13:35,59.19,1.0,SetByBid
2025-12-19 14:13:35,2025-12-19T14:13:35,59.19,1.0,"SetByBid, Leg"
2025-12-19 14:13:35,2025-12-19T14:13:35,59.2,1.0,"SetByBid, Leg"
2025-12-19 14:14:09,2025-12-19T14:14:09,59.19,1.0,SetByBid
2025-12-19 14:14:09,2025-12-19T14:14:09,59.19,1.0,SetByBid
2025-12-19 14:14:09,2025-12-19T14:14:09,59.19,1.0,SetByBid
2025-12-19 14:14:09,2025-12-19T14:14:09,59.19,1.0,SetByBid
2025-12-19 14:14:09,2025-12-19T14:14:09,59.2,1.0,SetByBid
2025-12-19 14:14:09,2025-12-19T14:14:09,59.2,1.0,SetByBid
2025-12-19 14:14:09,2025-12-19T14:14:09,59.2,1.0,"SetByAsk, Leg"
2025-12-19 14:14:09,2025-12-19T14:14:09,59.19,1.0,"SetByAsk, Leg"
2025-12-19 14:14:09,2025-12-19T14:14:09,59.19,1.0,SetByAsk
2025-12-19 14:14:09,2025-12-19T14:14:09,59.19,1.0,SetByAsk
2025-12-19 14:14:09,2025-12-19T14:14:09,59.19,1.0,SetByAsk
2025-12-19 14:14:09,2025-12-19T14:14:09,59.2,1.0,SetByBid
2025-12-19 14:14:09,2025-12-19T14:14:09,59.2,1.0,SetByBid
2025-12-19 14:15:43,2025-12-19T14:15:43,59.18,1.0,SetByAsk
2025-12-19 14:16:12,2025-12-19T14:16:12,59.18,1.0,SetByBid
2025-12-19 14:16:12,2025-12-19T14:16:12,59.18,1.0,SetByBid
2025-12-19 14:16:16,2025-12-19T14:16:16,59.18,1.0,SetByAsk
2025-12-19 14:16:16,2025-12-19T14:16:16,59.18,1.0,SetByAsk
2025-12-19 14:16:16,2025-12-19T14:16:16,59.18,1.0,SetByAsk
2025-12-19 14:16:31,2025-12-19T14:16:31,59.16,1.0,SetByBid
2025-12-19 14:16:31,2025-12-19T14:16:31,59.16,1.0,SetByBid
2025-12-19 14:16:31,2025-12-19T14:16:31,59.16,1.0,SetByBid
2025-12-19 14:16:31,2025-12-19T14:16:31,59.16,2.0,SetByBid
2025-12-19 14:16:31,2025-12-19T14:16:31,59.16,1.0,SetByBid
2025-12-19 14:16:31,2025-12-19T14:16:31,59.16,7.0,SetByBid
2025-12-19 14:16:31,2025-12-19T14:16:31,59.16,1.0,SetByBid
2025-12-19 14:16:31,2025-12-19T14:16:31,59.16,1.0,SetByBid
2025-12-19 14:16:33,2025-12-19T14:16:33,59.16,1.0,SetByAsk
2025-12-19 14:16:33,2025-12-19T14:16:33,59.16,1.0,SetByAsk
2025-12-19 14:17:01,2025-12-19T14:17:01,59.16,1.0,SetByBid
2025-12-19 14:17:01,2025-12-19T14:17:01,59.17,1.0,SetByBid
2025-12-19 14:17:01,2025-12-19T14:17:01,59.17,1.0,SetByBid
2025-12-19 14:17:01,2025-12-19T14:17:01,59.17,1.0,SetByBid
2025-12-19 14:17:01,2025-12-19T14:17:01,59.17,3.0,SetByBid
2025-12-19 14:17:01,2025-12-19T14:17:01,59.17,1.0,SetByBid
2025-12-19 14:17:01,2025-12-19T14:17:01,59.17,1.0,SetByBid
2025-12-19 14:17:01,2025-12-19T14:17:01,59.17,1.0,SetByBid
2025-12-19 14:17:01,2025-12-19T14:17:01,59.17,1.0,SetByBid
2025-12-19 14:17:01,2025-12-19T14:17:01,59.17,1.0,SetByBid
2025-12-19 14:17:01,2025-12-19T14:17:01,59.17,1.0,SetByBid
2025-12-19 14:17:01,2025-12-19T14:17:01,59.17,1.0,SetByBid
2025-12-19 14:17:01,2025-12-19T14:17:01,59.17,1.0,SetByBid
2025-12-19 14:17:01,2025-12-19T14:17:01,59.16,1.0,SetByAsk
2025-12-19 14:17:10,2025-12-19T14:17:10,59.18,1.0,SetByBid
2025-12-19 14:17:29,2025-12-19T14:17:29,59.19,1.0,SetByBid
2025-12-19 14:17:36,2025-12-19T14:17:36,59.2,1.0,SetByAsk
2025-12-19 14:18:39,2025-12-19T14:18:39,59.16,1.0,SetByAsk
2025-12-19 14:18:39,2025-12-19T14:18:39,59.16,1.0,SetByAsk
2025-12-19 14:19:45,2025-12-19T14:19:45,59.15,1.0,SetByAsk
2025-12-19 14:20:13,2025-12-19T14:20:13,59.14,1.0,SetByAsk
2025-12-19 14:20:18,2025-12-19T14:20:18,59.14,1.0,SetByAsk
2025-12-19 14:20:27,2025-12-19T14:20:27,59.14,1.0,SetByAsk
2025-12-19 14:21:28,2025-12-19T14:21:28,59.13,1.0,SetByAsk
2025-12-19 14:21:28,2025-12-19T14:21:28,59.13,1.0,SetByAsk
2025-12-19 14:21:35,2025-12-19T14:21:35,59.13,1.0,SetByBid
2025-12-19 14:21:35,2025-12-19T14:21:35,59.13,1.0,SetByBid
2025-12-19 14:21:35,2025-12-19T14:21:35,59.13,1.0,SetByBid
2025-12-19 14:21:35,2025-12-19T14:21:35,59.13,1.0,SetByBid
2025-12-19 14:21:35,2025-12-19T14:21:35,59.13,1.0,SetByBid
2025-12-19 14:21:35,2025-12-19T14:21:35,59.13,1.0,SetByBid
2025-12-19 14:21:35,2025-12-19T14:21:35,59.13,2.0,SetByBid
2025-12-19 14:21:35,2025-12-19T14:21:35,59.14,1.0,SetByBid
2025-12-19 14:21:35,2025-12-19T14:21:35,59.14,1.0,SetByBid
2025-12-19 14:21:35,2025-12-19T14:21:35,59.14,1.0,SetByBid
2025-12-19 14:21:35,2025-12-19T14:21:35,59.14,1.0,SetByBid
2025-12-19 14:21:35,2025-12-19T14:21:35,59.14,1.0,SetByBid
2025-12-19 14:21:35,2025-12-19T14:21:35,59.14,1.0,SetByBid
2025-12-19 14:21:35,2025-12-19T14:21:35,59.14,1.0,SetByBid
2025-12-19 14:21:35,2025-12-19T14:21:35,59.14,1.0,SetByBid
2025-12-19 14:21:35,2025-12-19T14:21:35,59.14,1.0,SetByBid
2025-12-19 14:21:35,2025-12-19T14:21:35,59.14,1.0,SetByBid
2025-12-19 14:21:35,2025-12-19T14:21:35,59.14,1.0,SetByBid
2025-12-19 14:21:35,2025-12-19T14:21:35,59.14,1.0,SetByBid
2025-12-19 14:21:35,2025-12-19T14:21:35,59.14,1.0,SetByBid
2025-12-19 14:21:35,2025-12-19T14:21:35,59.14,1.0,SetByBid
2025-12-19 14:21:35,2025-12-19T14:21:35,59.14,1.0,SetByBid
2025-12-19 14:21:35,2025-12-19T14:21:35,59.14,4.0,SetByBid
2025-12-19 14:21:35,2025-12-19T14:21:35,59.14,1.0,SetByBid
2025-12-19 14:21:35,2025-12-19T14:21:35,59.14,1.0,SetByBid
2025-12-19 14:21:35,2025-12-19T14:21:35,59.14,2.0,SetByBid
2025-12-19 14:21:35,2025-12-19T14:21:35,59.14,1.0,SetByBid
2025-12-19 14:21:35,2025-12-19T14:21:35,59.14,2.0,SetByBid
2025-12-19 14:21:35,2025-12-19T14:21:35,59.14,1.0,SetByBid
2025-12-19 14:21:35,2025-12-19T14:21:35,59.14,1.0,SetByBid
2025-12-19 14:21:35,2025-12-19T14:21:35,59.14,3.0,SetByBid
2025-12-19 14:21:35,2025-12-19T14:21:35,59.14,1.0,SetByBid
2025-12-19 14:21:35,2025-12-19T14:21:35,59.14,2.0,SetByBid
2025-12-19 14:21:35,2025-12-19T14:21:35,59.14,2.0,SetByBid
2025-12-19 14:21:35,2025-12-19T14:21:35,59.14,1.0,SetByBid
2025-12-19 14:21:35,2025-12-19T14:21:35,59.14,5.0,SetByBid
2025-12-19 14:21:35,2025-12-19T14:21:35,59.14,2.0,SetByBid
2025-12-19 14:21:35,2025-12-19T14:21:35,59.14,2.0,SetByBid
2025-12-19 14:21:35,2025-12-19T14:21:35,59.14,2.0,SetByBid
2025-12-19 14:21:35,2025-12-19T14:21:35,59.14,1.0,SetByBid
2025-12-19 14:21:35,2025-12-19T14:21:35,59.14,1.0,SetByBid
2025-12-19 14:21:35,2025-12-19T14:21:35,59.14,3.0,SetByBid
2025-12-19 14:21:35,2025-12-19T14:21:35,59.14,1.0,SetByBid
2025-12-19 14:21:35,2025-12-19T14:21:35,59.14,2.0,SetByBid
2025-12-19 14:21:35,2025-12-19T14:21:35,59.14,1.0,SetByBid
2025-12-19 14:21:35,2025-12-19T14:21:35,59.14,1.0,SetByBid
2025-12-19 14:21:35,2025-12-19T14:21:35,59.14,1.0,SetByBid
2025-12-19 14:21:35,2025-12-19T14:21:35,59.14,1.0,SetByBid
2025-12-19 14:21:35,2025-12-19T14:21:35,59.14,1.0,SetByBid
2025-12-19 14:21:35,2025-12-19T14:21:35,59.14,1.0,SetByBid
2025-12-19 14:21:35,2025-12-19T14:21:35,59.14,3.0,SetByAsk
2025-12-19 14:21:35,2025-12-19T14:21:35,59.14,1.0,SetByAsk
2025-12-19 14:21:38,2025-12-19T14:21:38,59.15,1.0,SetByBid
2025-12-19 14:21:38,2025-12-19T14:21:38,59.16,1.0,SetByBid
2025-12-19 14:21:38,2025-12-19T14:21:38,59.17,1.0,SetByBid
2025-12-19 14:21:38,2025-12-19T14:21:38,59.16,1.0,SetByAsk
2025-12-19 14:21:38,2025-12-19T14:21:38,59.16,1.0,SetByAsk
2025-12-19 14:21:38,2025-12-19T14:21:38,59.16,1.0,SetByAsk
2025-12-19 14:21:39,2025-12-19T14:21:39,59.16,1.0,SetByAsk
2025-12-19 14:21:39,2025-12-19T14:21:39,59.16,1.0,SetByAsk
2025-12-19 14:22:04,2025-12-19T14:22:04,59.14,2.0,SetByAsk
2025-12-19 14:22:04,2025-12-19T14:22:04,59.14,1.0,SetByAsk
2025-12-19 14:22:21,2025-12-19T14:22:21,59.14,1.0,SetByBid
2025-12-19 14:23:09,2025-12-19T14:23:09,59.13,1.0,SetByAsk
2025-12-19 14:23:09,2025-12-19T14:23:09,59.13,1.0,SetByAsk
2025-12-19 14:23:51,2025-12-19T14:23:51,59.16,1.0,SetByAsk
2025-12-19 14:24:56,2025-12-19T14:24:56,59.15,1.0,SetByAsk
2025-12-19 14:25:25,2025-12-19T14:25:25,59.13,1.0,SetByAsk
2025-12-19 14:26:05,2025-12-19T14:26:05,59.14,1.0,SetByBid
2025-12-19 14:26:22,2025-12-19T14:26:22,59.15,1.0,SetByAsk
2025-12-19 14:26:22,2025-12-19T14:26:22,59.16,1.0,SetByBid
2025-12-19 14:26:22,2025-12-19T14:26:22,59.16,1.0,SetByAsk
2025-12-19 14:26:33,2025-12-19T14:26:33,59.15,1.0,SetByAsk
2025-12-19 14:27:32,2025-12-19T14:27:32,59.12,1.0,SetByAsk
2025-12-19 14:27:59,2025-12-19T14:27:59,59.14,1.0,SetByBid
2025-12-19 14:28:11,2025-12-19T14:28:11,59.14,3.0,SetByAsk
2025-12-19 14:28:12,2025-12-19T14:28:12,59.14,1.0,SetByBid
2025-12-19 14:29:41,2025-12-19T14:29:41,59.16,1.0,SetByBid
2025-12-19 14:29:43,2025-12-19T14:29:43,59.14,1.0,SetByAsk
2025-12-19 14:29:43,2025-12-19T14:29:43,59.14,1.0,SetByAsk
2025-12-19 14:30:03,2025-12-19T14:30:03,59.14,1.0,SetByBid
2025-12-19 14:30:03,2025-12-19T14:30:03,59.14,1.0,SetByBid
2025-12-19 14:30:10,2025-12-19T14:30:10,59.16,1.0,SetByBid
2025-12-19 14:30:10,2025-12-19T14:30:10,59.16,1.0,SetByBid
2025-12-19 14:30:16,2025-12-19T14:30:16,59.17,4.0,SetByBid
2025-12-19 14:30:16,2025-12-19T14:30:16,59.17,4.0,SetByBid
2025-12-19 14:30:18,2025-12-19T14:30:18,59.18,3.0,SetByBid
2025-12-19 14:30:18,2025-12-19T14:30:18,59.18,5.0,SetByBid
2025-12-19 14:30:18,2025-12-19T14:30:18,59.18,1.0,SetByBid
2025-12-19 14:30:29,2025-12-19T14:30:29,59.17,2.0,SetByAsk
2025-12-19 14:30:33,2025-12-19T14:30:33,59.14,1.0,SetByAsk
2025-12-19 14:30:33,2025-12-19T14:30:33,59.14,1.0,SetByAsk
2025-12-19 14:30:33,2025-12-19T14:30:33,59.14,1.0,SetByAsk
2025-12-19 14:30:33,2025-12-19T14:30:33,59.14,2.0,SetByAsk
2025-12-19 14:30:33,2025-12-19T14:30:33,59.14,2.0,SetByAsk
2025-12-19 14:31:09,2025-12-19T14:31:09,59.13,1.0,SetByBid
2025-12-19 14:31:34,2025-12-19T14:31:34,59.13,3.0,SetByBid
2025-12-19 14:31:34,2025-12-19T14:31:34,59.13,1.0,SetByBid
2025-12-19 14:31:34,2025-12-19T14:31:34,59.13,1.0,SetByBid
2025-12-19 14:32:35,2025-12-19T14:32:35,59.13,1.0,SetByAsk
2025-12-19 14:33:12,2025-12-19T14:33:12,59.17,1.0,SetByAsk
2025-12-19 14:33:12,2025-12-19T14:33:12,59.17,1.0,SetByAsk
2025-12-19 14:33:20,2025-12-19T14:33:20,59.18,1.0,SetByAsk
2025-12-19 14:33:20,2025-12-19T14:33:20,59.18,1.0,SetByAsk
2025-12-19 14:33:20,2025-12-19T14:33:20,59.18,1.0,SetByAsk
2025-12-19 14:33:20,2025-12-19T14:33:20,59.18,1.0,SetByAsk
2025-12-19 14:34:00,2025-12-19T14:34:00,59.2,1.0,SetByBid
2025-12-19 14:34:00,2025-12-19T14:34:00,59.2,1.0,SetByBid
2025-12-19 14:34:00,2025-12-19T14:34:00,59.2,1.0,SetByBid
2025-12-19 14:34:08,2025-12-19T14:34:08,59.23,1.0,SetByBid
2025-12-19 14:34:21,2025-12-19T14:34:21,59.25,1.0,SetByBid
2025-12-19 14:34:28,2025-12-19T14:34:28,59.25,1.0,SetByAsk
2025-12-19 14:34:28,2025-12-19T14:34:28,59.24,1.0,SetByBid
2025-12-19 14:34:31,2025-12-19T14:34:31,59.25,2.0,SetByBid
2025-12-19 14:34:50,2025-12-19T14:34:50,59.27,1.0,SetByBid
2025-12-19 14:34:56,2025-12-19T14:34:56,59.25,1.0,SetByAsk
2025-12-19 14:34:56,2025-12-19T14:34:56,59.25,1.0,SetByAsk
2025-12-19 14:34:56,2025-12-19T14:34:56,59.25,1.0,SetByAsk
2025-12-19 14:34:56,2025-12-19T14:34:56,59.25,1.0,SetByAsk
2025-12-19 14:34:56,2025-12-19T14:34:56,59.25,1.0,SetByAsk
2025-12-19 14:34:56,2025-12-19T14:34:56,59.25,1.0,SetByAsk
2025-12-19 14:34:56,2025-12-19T14:34:56,59.25,2.0,SetByAsk
2025-12-19 14:35:23,2025-12-19T14:35:23,59.25,1.0,SetByBid
2025-12-19 14:35:27,2025-12-19T14:35:27,59.25,1.0,SetByBid
2025-12-19 14:35:59,2025-12-19T14:35:59,59.25,1.0,SetByBid
2025-12-19 14:35:59,2025-12-19T14:35:59,59.25,1.0,SetByBid
2025-12-19 14:36:36,2025-12-19T14:36:36,59.24,1.0,SetByAsk
2025-12-19 14:36:55,2025-12-19T14:36:55,59.26,1.0,SetByAsk
2025-12-19 14:36:55,2025-12-19T14:36:55,59.26,1.0,SetByAsk
2025-12-19 14:37:10,2025-12-19T14:37:10,59.29,1.0,SetByAsk
2025-12-19 14:37:56,2025-12-19T14:37:56,59.34,1.0,SetByBid
2025-12-19 14:38:00,2025-12-19T14:38:00,59.34,1.0,SetByAsk
2025-12-19 14:38:21,2025-12-19T14:38:21,59.34,3.0,SetByAsk
2025-12-19 14:39:08,2025-12-19T14:39:08,59.34,1.0,SetByBid
2025-12-19 14:39:08,2025-12-19T14:39:08,59.34,1.0,SetByBid
2025-12-19 14:39:08,2025-12-19T14:39:08,59.34,1.0,SetByBid
2025-12-19 14:39:08,2025-12-19T14:39:08,59.34,1.0,SetByBid
2025-12-19 14:39:50,2025-12-19T14:39:50,59.31,1.0,SetByBid
2025-12-19 14:39:55,2025-12-19T14:39:55,59.33,1.0,SetByBid
2025-12-19 14:39:55,2025-12-19T14:39:55,59.34,1.0,SetByAsk
2025-12-19 14:39:55,2025-12-19T14:39:55,59.35,1.0,SetByBid
2025-12-19 14:39:55,2025-12-19T14:39:55,59.35,1.0,SetByBid
2025-12-19 14:39:55,2025-12-19T14:39:55,59.35,1.0,SetByBid
2025-12-19 14:39:55,2025-12-19T14:39:55,59.35,2.0,SetByBid
2025-12-19 14:39:55,2025-12-19T14:39:55,59.34,1.0,SetByBid
2025-12-19 14:39:55,2025-12-19T14:39:55,59.34,2.0,SetByAsk
2025-12-19 14:39:55,2025-12-19T14:39:55,59.34,2.0,SetByAsk
2025-12-19 14:39:55,2025-12-19T14:39:55,59.33,1.0,SetByBid
2025-12-19 14:40:22,2025-12-19T14:40:22,59.35,1.0,SetByBid
2025-12-19 14:40:26,2025-12-19T14:40:26,59.36,1.0,SetByBid
2025-12-19 14:40:27,2025-12-19T14:40:27,59.37,1.0,SetByBid
2025-12-19 14:40:27,2025-12-19T14:40:27,59.37,2.0,SetByBid
2025-12-19 14:40:27,2025-12-19T14:40:27,59.37,1.0,SetByAsk
2025-12-19 14:40:33,2025-12-19T14:40:33,59.35,1.0,SetByBid
2025-12-19 14:40:33,2025-12-19T14:40:33,59.35,1.0,SetByBid
2025-12-19 14:40:33,2025-12-19T14:40:33,59.35,1.0,SetByBid
2025-12-19 14:40:33,2025-12-19T14:40:33,59.35,1.0,SetByBid
2025-12-19 14:40:33,2025-12-19T14:40:33,59.35,1.0,SetByBid
2025-12-19 14:40:33,2025-12-19T14:40:33,59.35,1.0,SetByBid
2025-12-19 14:40:33,2025-12-19T14:40:33,59.35,1.0,SetByBid
2025-12-19 14:41:01,2025-12-19T14:41:01,59.37,1.0,SetByBid
2025-12-19 14:41:01,2025-12-19T14:41:01,59.37,1.0,SetByBid
2025-12-19 14:41:15,2025-12-19T14:41:15,59.36,1.0,SetByBid
2025-12-19 14:41:22,2025-12-19T14:41:22,59.35,1.0,SetByBid
2025-12-19 14:42:08,2025-12-19T14:42:08,59.34,1.0,SetByAsk
2025-12-19 14:42:26,2025-12-19T14:42:26,59.34,1.0,SetByAsk
2025-12-19 14:42:33,2025-12-19T14:42:33,59.34,2.0,SetByAsk
2025-12-19 14:42:33,2025-12-19T14:42:33,59.34,1.0,SetByAsk
2025-12-19 14:42:33,2025-12-19T14:42:33,59.34,1.0,SetByAsk
2025-12-19 14:43:20,2025-12-19T14:43:20,59.37,1.0,SetByBid
2025-12-19 14:43:20,2025-12-19T14:43:20,59.37,1.0,SetByBid
2025-12-19 14:43:20,2025-12-19T14:43:20,59.37,1.0,SetByBid
2025-12-19 14:43:20,2025-12-19T14:43:20,59.37,2.0,SetByBid
2025-12-19 14:43:20,2025-12-19T14:43:20,59.37,1.0,SetByBid
2025-12-19 14:43:48,2025-12-19T14:43:48,59.37,1.0,SetByAsk
2025-12-19 14:43:48,2025-12-19T14:43:48,59.37,1.0,SetByAsk
2025-12-19 14:43:50,2025-12-19T14:43:50,59.36,1.0,SetByBid
2025-12-19 14:44:25,2025-12-19T14:44:25,59.33,3.0,SetByBid
2025-12-19 14:45:25,2025-12-19T14:45:25,59.33,1.0,SetByBid
2025-12-19 14:46:19,2025-12-19T14:46:19,59.34,1.0,SetByBid
2025-12-19 14:46:39,2025-12-19T14:46:39,59.36,1.0,SetByAsk
2025-12-19 14:46:39,2025-12-19T14:46:39,59.36,1.0,SetByAsk
2025-12-19 14:46:39,2025-12-19T14:46:39,59.36,1.0,SetByAsk
2025-12-19 14:46:39,2025-12-19T14:46:39,59.36,1.0,SetByAsk
2025-12-19 14:46:42,2025-12-19T14:46:42,59.38,1.0,SetByAsk
2025-12-19 14:46:42,2025-12-19T14:46:42,59.38,1.0,SetByAsk
2025-12-19 14:46:42,2025-12-19T14:46:42,59.38,1.0,SetByAsk
2025-12-19 14:46:42,2025-12-19T14:46:42,59.38,1.0,SetByAsk
2025-12-19 14:46:42,2025-12-19T14:46:42,59.38,1.0,SetByAsk
2025-12-19 14:47:22,2025-12-19T14:47:22,59.37,2.0,SetByAsk
2025-12-19 14:47:22,2025-12-19T14:47:22,59.37,2.0,SetByAsk
2025-12-19 14:47:22,2025-12-19T14:47:22,59.37,2.0,SetByAsk
2025-12-19 14:48:25,2025-12-19T14:48:25,59.37,1.0,SetByBid
2025-12-19 14:48:39,2025-12-19T14:48:39,59.37,1.0,SetByAsk
2025-12-19 14:48:39,2025-12-19T14:48:39,59.37,1.0,SetByAsk
2025-12-19 14:49:20,2025-12-19T14:49:20,59.39,1.0,SetByBid
2025-12-19 14:49:28,2025-12-19T14:49:28,59.38,1.0,SetByAsk
2025-12-19 14:49:54,2025-12-19T14:49:54,59.4,1.0,SetByAsk
2025-12-19 14:50:06,2025-12-19T14:50:06,59.4,1.0,SetByBid
2025-12-19 14:50:13,2025-12-19T14:50:13,59.39,1.0,SetByAsk
2025-12-19 14:50:32,2025-12-19T14:50:32,59.39,1.0,SetByBid
2025-12-19 14:50:33,2025-12-19T14:50:33,59.39,1.0,SetByBid
2025-12-19 14:50:38,2025-12-19T14:50:38,59.4,1.0,SetByBid
2025-12-19 14:50:38,2025-12-19T14:50:38,59.4,1.0,SetByBid
2025-12-19 14:52:40,2025-12-19T14:52:40,59.43,1.0,SetByAsk
2025-12-19 14:52:40,2025-12-19T14:52:40,59.43,1.0,SetByAsk
2025-12-19 14:52:40,2025-12-19T14:52:40,59.43,1.0,SetByAsk
2025-12-19 14:52:40,2025-12-19T14:52:40,59.43,1.0,SetByAsk
2025-12-19 14:52:41,2025-12-19T14:52:41,59.42,1.0,SetByAsk
2025-12-19 14:52:41,2025-12-19T14:52:41,59.42,1.0,SetByAsk
2025-12-19 14:52:54,2025-12-19T14:52:54,59.44,1.0,SetByAsk
2025-12-19 14:52:54,2025-12-19T14:52:54,59.44,1.0,SetByAsk
2025-12-19 14:52:54,2025-12-19T14:52:54,59.44,1.0,SetByAsk
2025-12-19 14:53:03,2025-12-19T14:53:03,59.45,1.0,SetByBid
2025-12-19 14:53:03,2025-12-19T14:53:03,59.45,1.0,SetByBid
2025-12-19 14:53:03,2025-12-19T14:53:03,59.45,1.0,SetByBid
2025-12-19 14:53:03,2025-12-19T14:53:03,59.45,1.0,SetByBid
2025-12-19 14:53:03,2025-12-19T14:53:03,59.45,1.0,SetByBid
2025-12-19 14:53:03,2025-12-19T14:53:03,59.45,1.0,SetByBid
2025-12-19 14:53:14,2025-12-19T14:53:14,59.43,1.0,SetByAsk
2025-12-19 14:53:14,2025-12-19T14:53:14,59.42,1.0,SetByAsk
2025-12-19 14:53:14,2025-12-19T14:53:14,59.42,1.0,SetByAsk
2025-12-19 14:53:14,2025-12-19T14:53:14,59.42,2.0,SetByAsk
2025-12-19 14:53:15,2025-12-19T14:53:15,59.42,1.0,SetByBid
2025-12-19 14:53:53,2025-12-19T14:53:53,59.42,1.0,SetByBid
2025-12-19 14:53:53,2025-12-19T14:53:53,59.42,2.0,SetByBid
2025-12-19 14:54:12,2025-12-19T14:54:12,59.39,1.0,SetByBid
2025-12-19 14:54:12,2025-12-19T14:54:12,59.39,2.0,SetByBid
2025-12-19 14:54:17,2025-12-19T14:54:17,59.38,1.0,SetByAsk
2025-12-19 14:54:17,2025-12-19T14:54:17,59.38,1.0,SetByAsk
2025-12-19 14:54:17,2025-12-19T14:54:17,59.38,1.0,SetByAsk
2025-12-19 14:54:17,2025-12-19T14:54:17,59.38,1.0,SetByAsk
2025-12-19 14:54:31,2025-12-19T14:54:31,59.39,1.0,SetByBid
2025-12-19 14:54:31,2025-12-19T14:54:31,59.39,1.0,SetByBid
2025-12-19 14:54:31,2025-12-19T14:54:31,59.39,1.0,SetByBid
2025-12-19 14:54:31,2025-12-19T14:54:31,59.39,1.0,SetByBid
2025-12-19 14:55:20,2025-12-19T14:55:20,59.39,3.0,SetByBid
2025-12-19 14:55:20,2025-12-19T14:55:20,59.39,1.0,SetByBid
2025-12-19 14:56:03,2025-12-19T14:56:03,59.39,1.0,SetByAsk
2025-12-19 14:56:03,2025-12-19T14:56:03,59.39,2.0,SetByAsk
2025-12-19 14:56:49,2025-12-19T14:56:49,59.38,1.0,SetByBid
2025-12-19 14:58:15,2025-12-19T14:58:15,59.37,4.0,SetByBid
2025-12-19 14:58:15,2025-12-19T14:58:15,59.37,1.0,SetByBid
2025-12-19 14:58:31,2025-12-19T14:58:31,59.35,1.0,SetByBid
2025-12-19 14:58:31,2025-12-19T14:58:31,59.35,1.0,SetByBid
2025-12-19 14:59:07,2025-12-19T14:59:07,59.34,1.0,SetByBid
2025-12-19 14:59:07,2025-12-19T14:59:07,59.34,1.0,SetByBid
2025-12-19 15:00:26,2025-12-19T15:00:26,59.38,1.0,SetByBid
2025-12-19 15:00:26,2025-12-19T15:00:26,59.37,1.0,SetByAsk
2025-12-19 15:00:40,2025-12-19T15:00:40,59.38,1.0,SetByAsk
2025-12-19 15:00:51,2025-12-19T15:00:51,59.39,1.0,SetByBid
2025-12-19 15:01:07,2025-12-19T15:01:07,59.38,1.0,SetByAsk
2025-12-19 15:01:07,2025-12-19T15:01:07,59.38,1.0,SetByAsk
2025-12-19 15:01:07,2025-12-19T15:01:07,59.38,2.0,SetByAsk
2025-12-19 15:01:07,2025-12-19T15:01:07,59.38,1.0,SetByAsk
2025-12-19 15:01:07,2025-12-19T15:01:07,59.38,1.0,SetByAsk
2025-12-19 15:01:12,2025-12-19T15:01:12,59.39,1.0,SetByBid
2025-12-19 15:01:42,2025-12-19T15:01:42,59.38,1.0,SetByBid
2025-12-19 15:02:31,2025-12-19T15:02:31,59.35,1.0,SetByAsk
2025-12-19 15:02:35,2025-12-19T15:02:35,59.35,1.0,SetByBid
2025-12-19 15:02:35,2025-12-19T15:02:35,59.35,2.0,SetByBid
2025-12-19 15:02:35,2025-12-19T15:02:35,59.35,2.0,SetByBid
2025-12-19 15:02:35,2025-12-19T15:02:35,59.35,2.0,SetByBid
2025-12-19 15:02:35,2025-12-19T15:02:35,59.35,2.0,SetByBid
2025-12-19 15:02:57,2025-12-19T15:02:57,59.37,1.0,SetByBid
2025-12-19 15:04:08,2025-12-19T15:04:08,59.35,1.0,SetByBid
2025-12-19 15:04:08,2025-12-19T15:04:08,59.35,2.0,SetByBid
2025-12-19 15:04:20,2025-12-19T15:04:20,59.37,1.0,SetByBid
2025-12-19 15:04:34,2025-12-19T15:04:34,59.41,1.0,SetByAsk
2025-12-19 15:04:34,2025-12-19T15:04:34,59.41,1.0,SetByAsk
2025-12-19 15:04:34,2025-12-19T15:04:34,59.41,1.0,SetByAsk
2025-12-19 15:04:34,2025-12-19T15:04:34,59.41,1.0,SetByBid
2025-12-19 15:04:34,2025-12-19T15:04:34,59.41,1.0,SetByBid
2025-12-19 15:04:34,2025-12-19T15:04:34,59.4,1.0,SetByAsk
2025-12-19 15:04:34,2025-12-19T15:04:34,59.4,1.0,SetByAsk
2025-12-19 15:04:34,2025-12-19T15:04:34,59.4,2.0,SetByAsk
2025-12-19 15:04:34,2025-12-19T15:04:34,59.4,1.0,SetByAsk
2025-12-19 15:04:34,2025-12-19T15:04:34,59.4,2.0,SetByAsk
2025-12-19 15:04:34,2025-12-19T15:04:34,59.4,2.0,SetByAsk
2025-12-19 15:04:37,2025-12-19T15:04:37,59.41,1.0,SetByBid
2025-12-19 15:04:37,2025-12-19T15:04:37,59.41,1.0,SetByBid
2025-12-19 15:05:15,2025-12-19T15:05:15,59.38,1.0,SetByBid
2025-12-19 15:05:15,2025-12-19T15:05:15,59.38,1.0,SetByBid
2025-12-19 15:06:22,2025-12-19T15:06:22,59.38,1.0,SetByBid
2025-12-19 15:06:22,2025-12-19T15:06:22,59.38,1.0,SetByBid
2025-12-19 15:06:22,2025-12-19T15:06:22,59.38,1.0,SetByBid
2025-12-19 15:07:14,2025-12-19T15:07:14,59.39,1.0,SetByBid
2025-12-19 15:08:26,2025-12-19T15:08:26,59.42,1.0,SetByBid
2025-12-19 15:08:26,2025-12-19T15:08:26,59.42,1.0,SetByBid
2025-12-19 15:08:26,2025-12-19T15:08:26,59.42,1.0,SetByBid
2025-12-19 15:08:26,2025-12-19T15:08:26,59.42,1.0,SetByBid
2025-12-19 15:08:26,2025-12-19T15:08:26,59.42,1.0,SetByBid
2025-12-19 15:08:26,2025-12-19T15:08:26,59.42,1.0,SetByBid
2025-12-19 15:08:26,2025-12-19T15:08:26,59.42,1.0,SetByBid
2025-12-19 15:08:26,2025-12-19T15:08:26,59.42,1.0,SetByBid
2025-12-19 15:08:26,2025-12-19T15:08:26,59.42,1.0,SetByBid
2025-12-19 15:08:26,2025-12-19T15:08:26,59.42,1.0,SetByBid
2025-12-19 15:08:26,2025-12-19T15:08:26,59.42,1.0,SetByBid
2025-12-19 15:08:26,2025-12-19T15:08:26,59.42,2.0,SetByBid
2025-12-19 15:08:26,2025-12-19T15:08:26,59.42,1.0,SetByBid
2025-12-19 15:08:26,2025-12-19T15:08:26,59.42,1.0,SetByBid
2025-12-19 15:08:26,2025-12-19T15:08:26,59.42,1.0,SetByBid
2025-12-19 15:08:26,2025-12-19T15:08:26,59.42,1.0,SetByBid
2025-12-19 15:08:26,2025-12-19T15:08:26,59.42,1.0,SetByBid
2025-12-19 15:08:26,2025-12-19T15:08:26,59.42,1.0,SetByBid
2025-12-19 15:08:26,2025-12-19T15:08:26,59.42,2.0,SetByBid
2025-12-19 15:08:26,2025-12-19T15:08:26,59.42,2.0,SetByBid
2025-12-19 15:08:26,2025-12-19T15:08:26,59.42,1.0,SetByBid
2025-12-19 15:08:26,2025-12-19T15:08:26,59.42,4.0,SetByBid
2025-12-19 15:08:26,2025-12-19T15:08:26,59.42,1.0,SetByBid
2025-12-19 15:08:26,2025-12-19T15:08:26,59.42,2.0,SetByBid
2025-12-19 15:08:26,2025-12-19T15:08:26,59.42,1.0,SetByBid
2025-12-19 15:08:26,2025-12-19T15:08:26,59.42,1.0,SetByBid
2025-12-19 15:08:26,2025-12-19T15:08:26,59.42,1.0,SetByBid
2025-12-19 15:08:26,2025-12-19T15:08:26,59.42,1.0,SetByBid
2025-12-19 15:08:26,2025-12-19T15:08:26,59.43,1.0,SetByBid
2025-12-19 15:08:26,2025-12-19T15:08:26,59.43,1.0,SetByBid
2025-12-19 15:08:26,2025-12-19T15:08:26,59.43,1.0,SetByBid
2025-12-19 15:08:26,2025-12-19T15:08:26,59.43,1.0,SetByBid
2025-12-19 15:08:26,2025-12-19T15:08:26,59.43,1.0,SetByBid
2025-12-19 15:08:26,2025-12-19T15:08:26,59.43,1.0,SetByBid
2025-12-19 15:08:26,2025-12-19T15:08:26,59.43,1.0,SetByBid
2025-12-19 15:08:26,2025-12-19T15:08:26,59.43,1.0,SetByBid
2025-12-19 15:08:26,2025-12-19T15:08:26,59.43,1.0,SetByBid
2025-12-19 15:08:26,2025-12-19T15:08:26,59.43,4.0,SetByBid
2025-12-19 15:08:26,2025-12-19T15:08:26,59.43,1.0,SetByBid
2025-12-19 15:08:26,2025-12-19T15:08:26,59.43,2.0,SetByBid
2025-12-19 15:08:26,2025-12-19T15:08:26,59.43,1.0,SetByBid
2025-12-19 15:08:26,2025-12-19T15:08:26,59.43,2.0,SetByBid
2025-12-19 15:08:26,2025-12-19T15:08:26,59.43,1.0,SetByBid
2025-12-19 15:08:26,2025-12-19T15:08:26,59.43,1.0,SetByBid
2025-12-19 15:08:26,2025-12-19T15:08:26,59.43,1.0,SetByBid
2025-12-19 15:08:26,2025-12-19T15:08:26,59.43,3.0,SetByBid
2025-12-19 15:08:26,2025-12-19T15:08:26,59.43,1.0,SetByBid
2025-12-19 15:08:26,2025-12-19T15:08:26,59.43,1.0,SetByBid
2025-12-19 15:08:26,2025-12-19T15:08:26,59.43,2.0,SetByBid
2025-12-19 15:08:26,2025-12-19T15:08:26,59.43,2.0,SetByBid
2025-12-19 15:08:26,2025-12-19T15:08:26,59.43,1.0,SetByBid
2025-12-19 15:08:26,2025-12-19T15:08:26,59.43,2.0,SetByBid
2025-12-19 15:08:26,2025-12-19T15:08:26,59.43,1.0,SetByBid
2025-12-19 15:08:26,2025-12-19T15:08:26,59.43,1.0,SetByBid
2025-12-19 15:08:26,2025-12-19T15:08:26,59.43,1.0,SetByBid
2025-12-19 15:08:26,2025-12-19T15:08:26,59.43,1.0,SetByBid
2025-12-19 15:08:26,2025-12-19T15:08:26,59.43,6.0,SetByBid
2025-12-19 15:08:26,2025-12-19T15:08:26,59.43,1.0,SetByBid
2025-12-19 15:13:01,2025-12-19T15:13:01,59.4,1.0,SetByAsk
2025-12-19 15:13:01,2025-12-19T15:13:01,59.4,1.0,SetByAsk
2025-12-19 15:13:01,2025-12-19T15:13:01,59.4,1.0,SetByAsk
2025-12-19 15:13:19,2025-12-19T15:13:19,59.4,1.0,SetByBid
2025-12-19 15:14:29,2025-12-19T15:14:29,59.45,1.0,SetByAsk
2025-12-19 15:14:30,2025-12-19T15:14:30,59.45,1.0,SetByAsk
2025-12-19 15:14:30,2025-12-19T15:14:30,59.44,1.0,SetByAsk
2025-12-19 15:14:54,2025-12-19T15:14:54,59.44,1.0,SetByAsk
2025-12-19 15:15:32,2025-12-19T15:15:32,59.47,1.0,SetByAsk
2025-12-19 15:15:32,2025-12-19T15:15:32,59.47,1.0,SetByAsk
2025-12-19 15:15:32,2025-12-19T15:15:32,59.47,1.0,SetByAsk
2025-12-19 15:15:50,2025-12-19T15:15:50,59.47,1.0,SetByBid
2025-12-19 15:15:50,2025-12-19T15:15:50,59.47,1.0,SetByBid
2025-12-19 15:16:14,2025-12-19T15:16:14,59.5,5.0,SetByBid
2025-12-19 15:16:35,2025-12-19T15:16:35,59.53,1.0,SetByBid
2025-12-19 15:17:01,2025-12-19T15:17:01,59.51,1.0,SetByAsk
2025-12-19 15:17:50,2025-12-19T15:17:50,59.52,6.0,SetByAsk
2025-12-19 15:17:50,2025-12-19T15:17:50,59.52,6.0,SetByBid
2025-12-19 15:17:59,2025-12-19T15:17:59,59.51,4.0,SetByAsk
2025-12-19 15:18:09,2025-12-19T15:18:09,59.51,5.0,SetByBid
2025-12-19 15:18:09,2025-12-19T15:18:09,59.51,1.0,SetByBid
2025-12-19 15:18:09,2025-12-19T15:18:09,59.51,1.0,SetByBid
2025-12-19 15:18:09,2025-12-19T15:18:09,59.51,1.0,SetByBid
2025-12-19 15:18:09,2025-12-19T15:18:09,59.51,1.0,SetByBid
2025-12-19 15:18:09,2025-12-19T15:18:09,59.51,1.0,SetByBid
2025-12-19 15:18:09,2025-12-19T15:18:09,59.51,1.0,SetByBid
2025-12-19 15:18:09,2025-12-19T15:18:09,59.51,1.0,SetByBid
2025-12-19 15:18:09,2025-12-19T15:18:09,59.51,1.0,SetByBid
2025-12-19 15:18:09,2025-12-19T15:18:09,59.51,1.0,SetByBid
2025-12-19 15:18:09,2025-12-19T15:18:09,59.51,1.0,SetByBid
2025-12-19 15:18:09,2025-12-19T15:18:09,59.51,1.0,SetByBid
2025-12-19 15:18:09,2025-12-19T15:18:09,59.51,1.0,SetByBid
2025-12-19 15:18:09,2025-12-19T15:18:09,59.51,1.0,SetByBid
2025-12-19 15:18:09,2025-12-19T15:18:09,59.51,1.0,SetByBid
2025-12-19 15:18:09,2025-12-19T15:18:09,59.51,1.0,SetByBid
2025-12-19 15:18:09,2025-12-19T15:18:09,59.51,1.0,SetByAsk
2025-12-19 15:18:09,2025-12-19T15:18:09,59.51,4.0,SetByAsk
2025-12-19 15:18:09,2025-12-19T15:18:09,59.51,2.0,SetByAsk
2025-12-19 15:18:09,2025-12-19T15:18:09,59.51,1.0,SetByAsk
2025-12-19 15:18:09,2025-12-19T15:18:09,59.51,1.0,SetByAsk
2025-12-19 15:18:09,2025-12-19T15:18:09,59.51,1.0,SetByAsk
2025-12-19 15:18:09,2025-12-19T15:18:09,59.51,1.0,SetByAsk
2025-12-19 15:18:09,2025-12-19T15:18:09,59.51,1.0,SetByAsk
2025-12-19 15:18:09,2025-12-19T15:18:09,59.51,1.0,SetByAsk
2025-12-19 15:18:09,2025-12-19T15:18:09,59.51,1.0,SetByAsk
2025-12-19 15:18:09,2025-12-19T15:18:09,59.51,1.0,SetByAsk
2025-12-19 15:18:09,2025-12-19T15:18:09,59.51,1.0,SetByAsk
2025-12-19 15:18:09,2025-12-19T15:18:09,59.51,1.0,SetByAsk
2025-12-19 15:18:09,2025-12-19T15:18:09,59.51,1.0,SetByAsk
2025-12-19 15:18:09,2025-12-19T15:18:09,59.51,1.0,SetByAsk
2025-12-19 15:18:09,2025-12-19T15:18:09,59.51,1.0,SetByAsk
2025-12-19 15:18:09,2025-12-19T15:18:09,59.51,6.0,SetByAsk
2025-12-19 15:18:09,2025-12-19T15:18:09,59.51,4.0,SetByAsk
2025-12-19 15:18:09,2025-12-19T15:18:09,59.51,1.0,SetByBid
2025-12-19 15:18:09,2025-12-19T15:18:09,59.51,3.0,SetByBid
2025-12-19 15:18:15,2025-12-19T15:18:15,59.51,1.0,SetByAsk
2025-12-19 15:19:37,2025-12-19T15:19:37,59.48,3.0,SetByBid
2025-12-19 15:21:58,2025-12-19T15:21:58,59.49,1.0,SetByBid
2025-12-19 15:21:58,2025-12-19T15:21:58,59.5,1.0,SetByAsk
2025-12-19 15:21:58,2025-12-19T15:21:58,59.48,1.0,SetByBid
2025-12-19 15:21:58,2025-12-19T15:21:58,59.48,1.0,SetByBid
2025-12-19 15:21:58,2025-12-19T15:21:58,59.48,2.0,SetByBid
2025-12-19 15:23:06,2025-12-19T15:23:06,59.5,1.0,SetByBid
2025-12-19 15:24:20,2025-12-19T15:24:20,59.52,1.0,SetByAsk
2025-12-19 15:24:40,2025-12-19T15:24:40,59.53,1.0,SetByBid
2025-12-19 15:24:40,2025-12-19T15:24:40,59.53,1.0,SetByBid
2025-12-19 15:24:53,2025-12-19T15:24:53,59.53,1.0,SetByAsk
2025-12-19 15:24:53,2025-12-19T15:24:53,59.53,1.0,SetByAsk
2025-12-19 15:24:53,2025-12-19T15:24:53,59.53,1.0,SetByAsk
2025-12-19 15:24:53,2025-12-19T15:24:53,59.54,2.0,SetByBid
2025-12-19 15:25:00,2025-12-19T15:25:00,59.53,1.0,SetByAsk
2025-12-19 15:25:00,2025-12-19T15:25:00,59.53,1.0,SetByAsk
2025-12-19 15:25:00,2025-12-19T15:25:00,59.53,1.0,SetByAsk
2025-12-19 15:25:00,2025-12-19T15:25:00,59.53,1.0,SetByAsk
2025-12-19 15:25:05,2025-12-19T15:25:05,59.53,1.0,SetByAsk
2025-12-19 15:25:05,2025-12-19T15:25:05,59.53,1.0,SetByAsk
2025-12-19 15:25:05,2025-12-19T15:25:05,59.53,1.0,SetByAsk
2025-12-19 15:25:05,2025-12-19T15:25:05,59.53,1.0,SetByAsk
2025-12-19 15:25:05,2025-12-19T15:25:05,59.53,1.0,SetByAsk
2025-12-19 15:25:05,2025-12-19T15:25:05,59.53,1.0,SetByAsk
2025-12-19 15:25:05,2025-12-19T15:25:05,59.53,1.0,SetByAsk
2025-12-19 15:25:05,2025-12-19T15:25:05,59.53,1.0,SetByAsk
2025-12-19 15:25:05,2025-12-19T15:25:05,59.53,1.0,SetByAsk
2025-12-19 15:25:05,2025-12-19T15:25:05,59.53,1.0,SetByAsk
2025-12-19 15:25:05,2025-12-19T15:25:05,59.53,1.0,SetByAsk
2025-12-19 15:25:37,2025-12-19T15:25:37,59.55,1.0,SetByAsk
2025-12-19 15:25:42,2025-12-19T15:25:42,59.54,1.0,SetByAsk
2025-12-19 15:25:44,2025-12-19T15:25:44,59.54,1.0,SetByAsk
2025-12-19 15:25:55,2025-12-19T15:25:55,59.54,1.0,SetByBid
2025-12-19 15:26:09,2025-12-19T15:26:09,59.53,1.0,SetByAsk
2025-12-19 15:26:41,2025-12-19T15:26:41,59.53,1.0,SetByBid
2025-12-19 15:26:50,2025-12-19T15:26:50,59.52,1.0,SetByBid
2025-12-19 15:26:50,2025-12-19T15:26:50,59.52,1.0,SetByBid
2025-12-19 15:26:50,2025-12-19T15:26:50,59.52,1.0,SetByBid
2025-12-19 15:26:52,2025-12-19T15:26:52,59.52,1.0,SetByBid
2025-12-19 15:26:55,2025-12-19T15:26:55,59.52,1.0,SetByBid
2025-12-19 15:27:16,2025-12-19T15:27:16,59.51,1.0,SetByAsk
2025-12-19 15:27:16,2025-12-19T15:27:16,59.51,1.0,SetByAsk
2025-12-19 15:27:16,2025-12-19T15:27:16,59.51,1.0,SetByAsk
2025-12-19 15:27:28,2025-12-19T15:27:28,59.51,1.0,SetByBid
2025-12-19 15:28:27,2025-12-19T15:28:27,59.49,1.0,SetByAsk
2025-12-19 15:28:27,2025-12-19T15:28:27,59.49,1.0,SetByAsk
2025-12-19 15:28:27,2025-12-19T15:28:27,59.49,1.0,SetByAsk
2025-12-19 15:28:27,2025-12-19T15:28:27,59.49,1.0,SetByAsk
2025-12-19 15:28:27,2025-12-19T15:28:27,59.49,1.0,SetByAsk
2025-12-19 15:28:27,2025-12-19T15:28:27,59.49,1.0,SetByAsk
2025-12-19 15:28:27,2025-12-19T15:28:27,59.49,1.0,SetByAsk
2025-12-19 15:28:27,2025-12-19T15:28:27,59.49,2.0,SetByAsk
2025-12-19 15:28:27,2025-12-19T15:28:27,59.49,1.0,SetByAsk
2025-12-19 15:28:27,2025-12-19T15:28:27,59.49,2.0,SetByAsk
2025-12-19 15:28:27,2025-12-19T15:28:27,59.49,1.0,SetByAsk
2025-12-19 15:28:27,2025-12-19T15:28:27,59.49,2.0,SetByAsk
2025-12-19 15:28:27,2025-12-19T15:28:27,59.49,1.0,SetByAsk
2025-12-19 15:28:27,2025-12-19T15:28:27,59.49,1.0,SetByAsk
2025-12-19 15:28:27,2025-12-19T15:28:27,59.49,1.0,SetByAsk
2025-12-19 15:28:27,2025-12-19T15:28:27,59.49,1.0,SetByAsk
2025-12-19 15:28:27,2025-12-19T15:28:27,59.49,1.0,SetByAsk
2025-12-19 15:29:01,2025-12-19T15:29:01,59.5,1.0,SetByBid
2025-12-19 15:30:25,2025-12-19T15:30:25,59.51,1.0,SetByAsk
2025-12-19 15:30:25,2025-12-19T15:30:25,59.51,1.0,SetByAsk
2025-12-19 15:30:25,2025-12-19T15:30:25,59.51,1.0,SetByAsk
2025-12-19 15:30:25,2025-12-19T15:30:25,59.51,1.0,SetByAsk
2025-12-19 15:30:25,2025-12-19T15:30:25,59.51,1.0,SetByAsk
2025-12-19 15:30:25,2025-12-19T15:30:25,59.51,1.0,SetByAsk
2025-12-19 15:30:25,2025-12-19T15:30:25,59.5,1.0,SetByAsk
2025-12-19 15:30:25,2025-12-19T15:30:25,59.5,1.0,SetByAsk
2025-12-19 15:30:25,2025-12-19T15:30:25,59.5,1.0,SetByAsk
2025-12-19 15:30:25,2025-12-19T15:30:25,59.5,1.0,SetByAsk
2025-12-19 15:30:25,2025-12-19T15:30:25,59.5,1.0,SetByAsk
2025-12-19 15:30:25,2025-12-19T15:30:25,59.53,1.0,SetByBid
2025-12-19 15:30:25,2025-12-19T15:30:25,59.53,1.0,SetByBid
2025-12-19 15:30:25,2025-12-19T15:30:25,59.53,1.0,SetByBid
2025-12-19 15:30:25,2025-12-19T15:30:25,59.53,1.0,SetByBid
2025-12-19 15:30:25,2025-12-19T15:30:25,59.53,1.0,SetByBid
2025-12-19 15:30:25,2025-12-19T15:30:25,59.53,3.0,SetByBid
2025-12-19 15:30:25,2025-12-19T15:30:25,59.53,1.0,SetByBid
2025-12-19 15:30:25,2025-12-19T15:30:25,59.52,1.0,SetByBid
2025-12-19 15:30:25,2025-12-19T15:30:25,59.53,1.0,SetByBid
2025-12-19 15:30:25,2025-12-19T15:30:25,59.52,1.0,SetByBid
2025-12-19 15:30:25,2025-12-19T15:30:25,59.52,1.0,SetByBid
2025-12-19 15:30:25,2025-12-19T15:30:25,59.51,1.0,SetByAsk
2025-12-19 15:30:25,2025-12-19T15:30:25,59.51,2.0,SetByAsk
2025-12-19 15:30:25,2025-12-19T15:30:25,59.51,1.0,SetByAsk
2025-12-19 15:30:25,2025-12-19T15:30:25,59.51,3.0,SetByAsk
2025-12-19 15:30:25,2025-12-19T15:30:25,59.51,1.0,SetByAsk
2025-12-19 15:30:25,2025-12-19T15:30:25,59.51,1.0,SetByAsk
2025-12-19 15:30:25,2025-12-19T15:30:25,59.51,1.0,SetByAsk
2025-12-19 15:30:25,2025-12-19T15:30:25,59.51,1.0,SetByAsk
2025-12-19 15:30:25,2025-12-19T15:30:25,59.51,1.0,SetByAsk
2025-12-19 15:30:25,2025-12-19T15:30:25,59.51,1.0,SetByAsk
2025-12-19 15:30:54,2025-12-19T15:30:54,59.51,1.0,SetByBid
2025-12-19 15:31:02,2025-12-19T15:31:02,59.52,1.0,SetByAsk
2025-12-19 15:31:12,2025-12-19T15:31:12,59.52,1.0,SetByBid
2025-12-19 15:31:12,2025-12-19T15:31:12,59.52,1.0,SetByBid
2025-12-19 15:31:37,2025-12-19T15:31:37,59.51,1.0,SetByBid
2025-12-19 15:31:37,2025-12-19T15:31:37,59.51,1.0,SetByBid
2025-12-19 15:32:02,2025-12-19T15:32:02,59.52,1.0,SetByAsk
2025-12-19 15:33:01,2025-12-19T15:33:01,59.5,1.0,SetByBid
2025-12-19 15:33:01,2025-12-19T15:33:01,59.5,1.0,SetByBid
2025-12-19 15:34:11,2025-12-19T15:34:11,59.51,1.0,SetByBid
2025-12-19 15:34:20,2025-12-19T15:34:20,59.5,1.0,SetByAsk
2025-12-19 15:35:37,2025-12-19T15:35:37,59.48,1.0,SetByAsk
2025-12-19 15:36:08,2025-12-19T15:36:08,59.48,1.0,SetByBid
2025-12-19 15:37:00,2025-12-19T15:37:00,59.48,1.0,SetByBid
2025-12-19 15:37:00,2025-12-19T15:37:00,59.48,1.0,SetByBid
2025-12-19 15:37:09,2025-12-19T15:37:09,59.49,1.0,SetByBid
2025-12-19 15:37:09,2025-12-19T15:37:09,59.49,1.0,SetByBid
2025-12-19 15:37:09,2025-12-19T15:37:09,59.49,1.0,SetByBid
2025-12-19 15:37:09,2025-12-19T15:37:09,59.5,1.0,SetByBid
2025-12-19 15:37:09,2025-12-19T15:37:09,59.5,1.0,SetByBid
2025-12-19 15:37:09,2025-12-19T15:37:09,59.5,1.0,SetByBid
2025-12-19 15:37:09,2025-12-19T15:37:09,59.5,1.0,SetByBid
2025-12-19 15:37:09,2025-12-19T15:37:09,59.5,1.0,SetByBid
2025-12-19 15:37:09,2025-12-19T15:37:09,59.5,1.0,SetByBid
2025-12-19 15:37:26,2025-12-19T15:37:26,59.46,2.0,SetByAsk
2025-12-19 15:37:26,2025-12-19T15:37:26,59.46,1.0,SetByAsk
2025-12-19 15:37:26,2025-12-19T15:37:26,59.46,1.0,SetByAsk
2025-12-19 15:37:26,2025-12-19T15:37:26,59.46,1.0,SetByAsk
2025-12-19 15:41:07,2025-12-19T15:41:07,59.48,3.0,SetByBid
2025-12-19 15:41:08,2025-12-19T15:41:08,59.48,1.0,SetByAsk
2025-12-19 15:41:19,2025-12-19T15:41:19,59.48,2.0,SetByAsk
2025-12-19 15:41:19,2025-12-19T15:41:19,59.48,1.0,SetByAsk
2025-12-19 15:41:19,2025-12-19T15:41:19,59.48,1.0,SetByAsk
2025-12-19 15:41:19,2025-12-19T15:41:19,59.48,1.0,SetByAsk
2025-12-19 15:41:19,2025-12-19T15:41:19,59.48,1.0,SetByAsk
2025-12-19 15:41:19,2025-12-19T15:41:19,59.48,1.0,SetByBid
2025-12-19 15:41:19,2025-12-19T15:41:19,59.48,1.0,SetByAsk
2025-12-19 15:41:19,2025-12-19T15:41:19,59.48,1.0,SetByAsk
2025-12-19 15:41:19,2025-12-19T15:41:19,59.48,2.0,SetByBid
2025-12-19 15:41:25,2025-12-19T15:41:25,59.48,2.0,SetByAsk
2025-12-19 15:41:37,2025-12-19T15:41:37,59.49,1.0,SetByBid
2025-12-19 15:41:37,2025-12-19T15:41:37,59.49,1.0,SetByBid
2025-12-19 15:41:37,2025-12-19T15:41:37,59.49,1.0,SetByBid
2025-12-19 15:41:37,2025-12-19T15:41:37,59.49,1.0,SetByBid
2025-12-19 15:41:37,2025-12-19T15:41:37,59.49,1.0,SetByBid
2025-12-19 15:41:37,2025-12-19T15:41:37,59.49,1.0,SetByBid
2025-12-19 15:41:37,2025-12-19T15:41:37,59.49,1.0,SetByBid
2025-12-19 15:41:37,2025-12-19T15:41:37,59.49,1.0,SetByBid
2025-12-19 15:41:37,2025-12-19T15:41:37,59.49,5.0,SetByBid
2025-12-19 15:41:37,2025-12-19T15:41:37,59.49,1.0,SetByBid
2025-12-19 15:41:37,2025-12-19T15:41:37,59.49,1.0,SetByBid
2025-12-19 15:41:37,2025-12-19T15:41:37,59.49,1.0,SetByBid
2025-12-19 15:41:37,2025-12-19T15:41:37,59.49,1.0,SetByBid
2025-12-19 15:41:37,2025-12-19T15:41:37,59.49,2.0,SetByBid
2025-12-19 15:41:37,2025-12-19T15:41:37,59.49,1.0,SetByAsk
2025-12-19 15:41:37,2025-12-19T15:41:37,59.49,1.0,SetByAsk
2025-12-19 15:41:37,2025-12-19T15:41:37,59.49,1.0,SetByAsk
2025-12-19 15:41:37,2025-12-19T15:41:37,59.49,14.0,SetByAsk
2025-12-19 15:41:37,2025-12-19T15:41:37,59.49,12.0,SetByAsk
2025-12-19 15:41:37,2025-12-19T15:41:37,59.49,21.0,SetByAsk
2025-12-19 15:41:41,2025-12-19T15:41:41,59.49,1.0,SetByBid
2025-12-19 15:41:41,2025-12-19T15:41:41,59.49,1.0,SetByBid
2025-12-19 15:41:41,2025-12-19T15:41:41,59.49,1.0,SetByBid
2025-12-19 15:41:41,2025-12-19T15:41:41,59.49,1.0,SetByBid
2025-12-19 15:41:41,2025-12-19T15:41:41,59.49,1.0,SetByBid
2025-12-19 15:41:53,2025-12-19T15:41:53,59.49,1.0,SetByBid
2025-12-19 15:42:10,2025-12-19T15:42:10,59.5,1.0,SetByBid
2025-12-19 15:42:16,2025-12-19T15:42:16,59.52,1.0,SetByBid
2025-12-19 15:42:16,2025-12-19T15:42:16,59.52,1.0,SetByBid
2025-12-19 15:42:16,2025-12-19T15:42:16,59.52,1.0,SetByBid
2025-12-19 15:42:16,2025-12-19T15:42:16,59.52,1.0,SetByBid
2025-12-19 15:42:16,2025-12-19T15:42:16,59.52,1.0,SetByBid
2025-12-19 15:42:52,2025-12-19T15:42:52,59.51,1.0,SetByAsk
2025-12-19 15:43:42,2025-12-19T15:43:42,59.5,1.0,SetByAsk
2025-12-19 15:43:42,2025-12-19T15:43:42,59.5,1.0,SetByAsk
2025-12-19 15:43:42,2025-12-19T15:43:42,59.5,1.0,SetByAsk
2025-12-19 15:43:42,2025-12-19T15:43:42,59.5,1.0,SetByAsk
2025-12-19 15:43:42,2025-12-19T15:43:42,59.5,1.0,SetByAsk
2025-12-19 15:43:42,2025-12-19T15:43:42,59.5,1.0,SetByAsk
2025-12-19 15:43:42,2025-12-19T15:43:42,59.5,1.0,SetByAsk
2025-12-19 15:43:43,2025-12-19T15:43:43,59.51,1.0,SetByBid
2025-12-19 15:43:43,2025-12-19T15:43:43,59.51,1.0,SetByBid
2025-12-19 15:44:05,2025-12-19T15:44:05,59.47,3.0,SetByAsk
2025-12-19 15:44:05,2025-12-19T15:44:05,59.47,1.0,SetByAsk
2025-12-19 15:44:05,2025-12-19T15:44:05,59.46,1.0,SetByAsk
2025-12-19 15:44:05,2025-12-19T15:44:05,59.46,1.0,SetByAsk
2025-12-19 15:44:05,2025-12-19T15:44:05,59.46,1.0,SetByAsk
2025-12-19 15:44:05,2025-12-19T15:44:05,59.46,1.0,SetByAsk
2025-12-19 15:44:05,2025-12-19T15:44:05,59.46,1.0,SetByAsk
2025-12-19 15:44:05,2025-12-19T15:44:05,59.46,1.0,SetByAsk
2025-12-19 15:44:08,2025-12-19T15:44:08,59.47,1.0,SetByBid
2025-12-19 15:44:17,2025-12-19T15:44:17,59.48,1.0,SetByBid
2025-12-19 15:44:20,2025-12-19T15:44:20,59.49,1.0,SetByAsk
2025-12-19 15:45:16,2025-12-19T15:45:16,59.51,1.0,SetByBid
2025-12-19 15:45:16,2025-12-19T15:45:16,59.51,1.0,SetByBid
2025-12-19 15:45:16,2025-12-19T15:45:16,59.51,1.0,SetByBid
2025-12-19 15:45:16,2025-12-19T15:45:16,59.51,1.0,SetByBid
2025-12-19 15:45:16,2025-12-19T15:45:16,59.51,1.0,SetByBid
2025-12-19 15:45:16,2025-12-19T15:45:16,59.51,1.0,SetByBid
2025-12-19 15:45:16,2025-12-19T15:45:16,59.51,1.0,SetByBid
2025-12-19 15:45:16,2025-12-19T15:45:16,59.51,1.0,SetByBid
2025-12-19 15:45:16,2025-12-19T15:45:16,59.51,1.0,SetByBid
2025-12-19 15:45:16,2025-12-19T15:45:16,59.51,1.0,SetByBid
2025-12-19 15:45:16,2025-12-19T15:45:16,59.51,2.0,SetByBid
2025-12-19 15:45:52,2025-12-19T15:45:52,59.52,2.0,SetByBid
2025-12-19 15:46:00,2025-12-19T15:46:00,59.52,1.0,SetByAsk
2025-12-19 15:46:00,2025-12-19T15:46:00,59.52,1.0,SetByAsk
2025-12-19 15:48:14,2025-12-19T15:48:14,59.55,2.0,SetByAsk
2025-12-19 15:48:26,2025-12-19T15:48:26,59.56,1.0,SetByBid
2025-12-19 15:48:26,2025-12-19T15:48:26,59.56,1.0,SetByBid
2025-12-19 15:48:26,2025-12-19T15:48:26,59.56,1.0,SetByBid
2025-12-19 15:48:28,2025-12-19T15:48:28,59.55,2.0,SetByAsk
2025-12-19 15:49:06,2025-12-19T15:49:06,59.54,1.0,SetByBid
2025-12-19 15:49:06,2025-12-19T15:49:06,59.54,1.0,SetByBid
2025-12-19 15:49:13,2025-12-19T15:49:13,59.55,1.0,SetByAsk
2025-12-19 15:49:13,2025-12-19T15:49:13,59.55,1.0,SetByAsk
2025-12-19 15:49:54,2025-12-19T15:49:54,59.54,1.0,SetByAsk
2025-12-19 15:49:54,2025-12-19T15:49:54,59.54,1.0,SetByAsk
2025-12-19 15:49:54,2025-12-19T15:49:54,59.54,1.0,SetByAsk
2025-12-19 15:50:09,2025-12-19T15:50:09,59.53,2.0,SetByBid
2025-12-19 15:50:09,2025-12-19T15:50:09,59.53,2.0,SetByBid
2025-12-19 15:50:09,2025-12-19T15:50:09,59.54,1.0,SetByBid
2025-12-19 15:50:09,2025-12-19T15:50:09,59.54,1.0,SetByBid
2025-12-19 15:50:09,2025-12-19T15:50:09,59.54,1.0,SetByBid
2025-12-19 15:50:23,2025-12-19T15:50:23,59.55,1.0,SetByBid
2025-12-19 15:52:02,2025-12-19T15:52:02,59.55,1.0,SetByAsk
2025-12-19 15:52:02,2025-12-19T15:52:02,59.55,1.0,SetByAsk
2025-12-19 15:52:02,2025-12-19T15:52:02,59.55,1.0,SetByAsk
2025-12-19 15:52:06,2025-12-19T15:52:06,59.55,1.0,SetByAsk
2025-12-19 15:52:06,2025-12-19T15:52:06,59.55,1.0,SetByAsk
2025-12-19 15:52:06,2025-12-19T15:52:06,59.55,1.0,SetByAsk
2025-12-19 15:52:06,2025-12-19T15:52:06,59.55,1.0,SetByAsk
2025-12-19 15:52:06,2025-12-19T15:52:06,59.55,1.0,SetByAsk
2025-12-19 15:52:06,2025-12-19T15:52:06,59.55,1.0,SetByAsk
2025-12-19 15:52:25,2025-12-19T15:52:25,59.55,1.0,SetByAsk
2025-12-19 15:52:25,2025-12-19T15:52:25,59.55,1.0,SetByAsk
2025-12-19 15:52:25,2025-12-19T15:52:25,59.54,1.0,SetByAsk
2025-12-19 15:52:29,2025-12-19T15:52:29,59.55,1.0,"SetByAsk, Leg"
2025-12-19 15:52:29,2025-12-19T15:52:29,59.54,1.0,"SetByAsk, Leg"
2025-12-19 15:52:29,2025-12-19T15:52:29,59.54,1.0,SetByAsk
2025-12-19 15:52:29,2025-12-19T15:52:29,59.55,1.0,SetByAsk
2025-12-19 15:52:29,2025-12-19T15:52:29,59.55,1.0,SetByAsk
2025-12-19 15:52:29,2025-12-19T15:52:29,59.55,1.0,SetByAsk
2025-12-19 15:52:29,2025-12-19T15:52:29,59.55,1.0,"SetByAsk, Leg"
2025-12-19 15:52:29,2025-12-19T15:52:29,59.54,1.0,"SetByAsk, Leg"
2025-12-19 15:52:29,2025-12-19T15:52:29,59.54,1.0,SetByAsk
2025-12-19 15:52:30,2025-12-19T15:52:30,59.54,1.0,SetByAsk
2025-12-19 15:52:30,2025-12-19T15:52:30,59.54,1.0,SetByAsk
2025-12-19 15:52:30,2025-12-19T15:52:30,59.54,1.0,SetByAsk
2025-12-19 15:52:30,2025-12-19T15:52:30,59.54,1.0,SetByAsk
2025-12-19 15:52:30,2025-12-19T15:52:30,59.54,1.0,SetByAsk
2025-12-19 15:52:30,2025-12-19T15:52:30,59.54,1.0,SetByAsk
2025-12-19 15:52:30,2025-12-19T15:52:30,59.54,1.0,SetByAsk
2025-12-19 15:52:30,2025-12-19T15:52:30,59.54,1.0,SetByAsk
2025-12-19 15:52:30,2025-12-19T15:52:30,59.54,1.0,SetByAsk
2025-12-19 15:52:30,2025-12-19T15:52:30,59.54,1.0,SetByAsk
2025-12-19 15:52:30,2025-12-19T15:52:30,59.54,1.0,SetByAsk
2025-12-19 15:52:30,2025-12-19T15:52:30,59.54,1.0,SetByAsk
2025-12-19 15:52:31,2025-12-19T15:52:31,59.54,1.0,SetByAsk
2025-12-19 15:52:31,2025-12-19T15:52:31,59.54,1.0,SetByAsk
2025-12-19 15:52:31,2025-12-19T15:52:31,59.54,1.0,SetByAsk
2025-12-19 15:52:32,2025-12-19T15:52:32,59.54,1.0,SetByAsk
2025-12-19 15:52:32,2025-12-19T15:52:32,59.54,1.0,SetByAsk
2025-12-19 15:52:32,2025-12-19T15:52:32,59.54,1.0,SetByAsk
2025-12-19 15:52:32,2025-12-19T15:52:32,59.54,1.0,SetByAsk
2025-12-19 15:52:32,2025-12-19T15:52:32,59.54,1.0,SetByAsk
2025-12-19 15:52:32,2025-12-19T15:52:32,59.54,1.0,SetByAsk
2025-12-19 15:52:32,2025-12-19T15:52:32,59.54,1.0,SetByAsk
2025-12-19 15:52:32,2025-12-19T15:52:32,59.54,2.0,SetByAsk
2025-12-19 15:52:32,2025-12-19T15:52:32,59.54,2.0,SetByAsk
2025-12-19 15:52:32,2025-12-19T15:52:32,59.54,1.0,SetByAsk
2025-12-19 15:52:32,2025-12-19T15:52:32,59.54,1.0,SetByAsk
2025-12-19 15:52:32,2025-12-19T15:52:32,59.54,1.0,SetByAsk
2025-12-19 15:52:32,2025-12-19T15:52:32,59.54,1.0,SetByAsk
2025-12-19 15:52:32,2025-12-19T15:52:32,59.54,1.0,SetByAsk
2025-12-19 15:52:32,2025-12-19T15:52:32,59.54,3.0,SetByBid
2025-12-19 15:52:59,2025-12-19T15:52:59,59.54,1.0,SetByAsk
2025-12-19 15:52:59,2025-12-19T15:52:59,59.54,1.0,SetByAsk
2025-12-19 15:52:59,2025-12-19T15:52:59,59.54,1.0,SetByAsk
2025-12-19 15:53:00,2025-12-19T15:53:00,59.54,1.0,SetByAsk
2025-12-19 15:53:00,2025-12-19T15:53:00,59.54,1.0,SetByAsk
2025-12-19 15:53:00,2025-12-19T15:53:00,59.54,1.0,SetByAsk
2025-12-19 15:53:00,2025-12-19T15:53:00,59.54,1.0,SetByAsk
2025-12-19 15:53:00,2025-12-19T15:53:00,59.54,1.0,SetByAsk
2025-12-19 15:53:00,2025-12-19T15:53:00,59.54,1.0,SetByAsk
2025-12-19 15:53:00,2025-12-19T15:53:00,59.54,1.0,SetByAsk
2025-12-19 15:53:23,2025-12-19T15:53:23,59.53,1.0,SetByAsk
2025-12-19 15:53:23,2025-12-19T15:53:23,59.53,1.0,SetByAsk
2025-12-19 15:53:23,2025-12-19T15:53:23,59.53,1.0,SetByAsk
2025-12-19 15:53:23,2025-12-19T15:53:23,59.53,1.0,SetByAsk
2025-12-19 15:53:23,2025-12-19T15:53:23,59.53,1.0,SetByAsk
2025-12-19 15:53:26,2025-12-19T15:53:26,59.53,1.0,SetByBid
2025-12-19 15:53:42,2025-12-19T15:53:42,59.53,1.0,SetByBid
2025-12-19 15:53:42,2025-12-19T15:53:42,59.53,1.0,SetByBid
2025-12-19 15:54:09,2025-12-19T15:54:09,59.54,1.0,SetByAsk
2025-12-19 15:54:09,2025-12-19T15:54:09,59.54,1.0,SetByAsk
2025-12-19 15:54:09,2025-12-19T15:54:09,59.54,1.0,SetByAsk
2025-12-19 15:54:09,2025-12-19T15:54:09,59.54,1.0,SetByAsk
2025-12-19 15:54:09,2025-12-19T15:54:09,59.54,1.0,SetByAsk
2025-12-19 15:54:09,2025-12-19T15:54:09,59.54,1.0,SetByAsk
2025-12-19 15:54:09,2025-12-19T15:54:09,59.54,1.0,SetByAsk
2025-12-19 15:54:09,2025-12-19T15:54:09,59.54,1.0,SetByAsk
2025-12-19 15:54:09,2025-12-19T15:54:09,59.54,1.0,SetByAsk
2025-12-19 15:54:28,2025-12-19T15:54:28,59.54,1.0,SetByAsk
2025-12-19 15:54:39,2025-12-19T15:54:39,59.54,1.0,SetByAsk
2025-12-19 15:54:39,2025-12-19T15:54:39,59.54,1.0,SetByAsk
2025-12-19 15:54:42,2025-12-19T15:54:42,59.53,3.0,SetByAsk
2025-12-19 15:54:42,2025-12-19T15:54:42,59.53,1.0,SetByAsk
2025-12-19 15:54:42,2025-12-19T15:54:42,59.53,1.0,SetByAsk
2025-12-19 15:55:49,2025-12-19T15:55:49,59.54,1.0,SetByAsk
2025-12-19 15:55:49,2025-12-19T15:55:49,59.54,4.0,SetByAsk
2025-12-19 15:55:49,2025-12-19T15:55:49,59.54,1.0,SetByAsk
2025-12-19 15:55:49,2025-12-19T15:55:49,59.54,2.0,SetByAsk
2025-12-19 15:55:49,2025-12-19T15:55:49,59.55,1.0,SetByBid
2025-12-19 15:55:49,2025-12-19T15:55:49,59.55,1.0,SetByBid
2025-12-19 15:57:22,2025-12-19T15:57:22,59.54,1.0,SetByAsk
2025-12-19 15:57:22,2025-12-19T15:57:22,59.54,1.0,SetByBid
2025-12-19 15:57:22,2025-12-19T15:57:22,59.54,1.0,SetByBid
2025-12-19 15:58:53,2025-12-19T15:58:53,59.56,1.0,SetByBid
2025-12-19 15:59:01,2025-12-19T15:59:01,59.54,1.0,SetByAsk
2025-12-19 15:59:01,2025-12-19T15:59:01,59.54,1.0,SetByAsk
2025-12-19 15:59:01,2025-12-19T15:59:01,59.54,1.0,SetByAsk
2025-12-19 15:59:01,2025-12-19T15:59:01,59.54,1.0,SetByAsk
2025-12-19 15:59:01,2025-12-19T15:59:01,59.54,1.0,SetByAsk
2025-12-19 15:59:01,2025-12-19T15:59:01,59.54,3.0,SetByAsk
2025-12-19 15:59:01,2025-12-19T15:59:01,59.54,4.0,SetByAsk
2025-12-19 15:59:01,2025-12-19T15:59:01,59.54,1.0,SetByBid
2025-12-19 15:59:02,2025-12-19T15:59:02,59.54,1.0,SetByBid
2025-12-19 15:59:02,2025-12-19T15:59:02,59.54,1.0,SetByBid
2025-12-19 15:59:55,2025-12-19T15:59:55,59.55,1.0,SetByBid
2025-12-19 16:00:10,2025-12-19T16:00:10,59.56,1.0,SetByAsk
2025-12-19 16:00:25,2025-12-19T16:00:25,59.56,1.0,SetByAsk
2025-12-19 16:00:25,2025-12-19T16:00:25,59.56,1.0,SetByAsk
2025-12-19 16:00:25,2025-12-19T16:00:25,59.56,1.0,SetByAsk
2025-12-19 16:00:25,2025-12-19T16:00:25,59.56,1.0,SetByAsk
2025-12-19 16:00:25,2025-12-19T16:00:25,59.56,1.0,SetByAsk
2025-12-19 16:00:25,2025-12-19T16:00:25,59.56,1.0,SetByAsk
2025-12-19 16:00:25,2025-12-19T16:00:25,59.56,1.0,SetByAsk
2025-12-19 16:00:25,2025-12-19T16:00:25,59.56,1.0,SetByAsk
2025-12-19 16:00:25,2025-12-19T16:00:25,59.56,1.0,SetByAsk
2025-12-19 16:00:25,2025-12-19T16:00:25,59.56,1.0,SetByAsk
2025-12-19 16:00:25,2025-12-19T16:00:25,59.56,1.0,SetByBid
2025-12-19 16:01:06,2025-12-19T16:01:06,59.56,1.0,SetByBid
2025-12-19 16:01:06,2025-12-19T16:01:06,59.56,1.0,SetByBid
2025-12-19 16:01:29,2025-12-19T16:01:29,59.54,1.0,SetByBid
2025-12-19 16:01:29,2025-12-19T16:01:29,59.54,1.0,SetByBid
2025-12-19 16:01:29,2025-12-19T16:01:29,59.54,1.0,SetByBid
2025-12-19 16:01:42,2025-12-19T16:01:42,59.55,1.0,SetByBid
2025-12-19 16:01:42,2025-12-19T16:01:42,59.55,1.0,SetByBid
2025-12-19 16:03:06,2025-12-19T16:03:06,59.54,1.0,SetByBid
2025-12-19 16:03:54,2025-12-19T16:03:54,59.54,1.0,SetByAsk
2025-12-19 16:03:54,2025-12-19T16:03:54,59.53,1.0,SetByAsk
2025-12-19 16:04:25,2025-12-19T16:04:25,59.54,3.0,SetByAsk
2025-12-19 16:05:13,2025-12-19T16:05:13,59.55,1.0,SetByBid
2025-12-19 16:05:13,2025-12-19T16:05:13,59.55,47.0,SetByBid
2025-12-19 16:05:13,2025-12-19T16:05:13,59.55,1.0,SetByBid
2025-12-19 16:05:13,2025-12-19T16:05:13,59.55,1.0,SetByBid
2025-12-19 16:05:13,2025-12-19T16:05:13,59.55,1.0,SetByBid
2025-12-19 16:06:56,2025-12-19T16:06:56,59.55,1.0,SetByBid
2025-12-19 16:06:56,2025-12-19T16:06:56,59.55,3.0,SetByBid
2025-12-19 16:07:12,2025-12-19T16:07:12,59.55,1.0,SetByBid
2025-12-19 16:07:12,2025-12-19T16:07:12,59.55,1.0,SetByBid
2025-12-19 16:07:46,2025-12-19T16:07:46,59.54,1.0,SetByBid
2025-12-19 16:07:46,2025-12-19T16:07:46,59.54,1.0,SetByBid
2025-12-19 16:07:46,2025-12-19T16:07:46,59.54,1.0,SetByBid
2025-12-19 16:07:46,2025-12-19T16:07:46,59.54,1.0,SetByBid
2025-12-19 16:07:46,2025-12-19T16:07:46,59.53,1.0,SetByAsk
2025-12-19 16:07:46,2025-12-19T16:07:46,59.53,1.0,SetByAsk
2025-12-19 16:07:46,2025-12-19T16:07:46,59.53,2.0,SetByAsk
2025-12-19 16:07:46,2025-12-19T16:07:46,59.53,2.0,SetByAsk
2025-12-19 16:07:46,2025-12-19T16:07:46,59.54,1.0,SetByBid
2025-12-19 16:07:46,2025-12-19T16:07:46,59.54,2.0,SetByBid
2025-12-19 16:07:46,2025-12-19T16:07:46,59.54,1.0,SetByBid
2025-12-19 16:07:46,2025-12-19T16:07:46,59.54,1.0,SetByBid
2025-12-19 16:07:46,2025-12-19T16:07:46,59.54,1.0,"SetByBid, Leg"
2025-12-19 16:07:46,2025-12-19T16:07:46,59.54,2.0,"SetByBid, Leg"
2025-12-19 16:08:07,2025-12-19T16:08:07,59.52,5.0,SetByBid
2025-12-19 16:08:07,2025-12-19T16:08:07,59.52,1.0,SetByBid
2025-12-19 16:08:07,2025-12-19T16:08:07,59.52,1.0,SetByBid
2025-12-19 16:09:26,2025-12-19T16:09:26,59.52,1.0,SetByBid
2025-12-19 16:09:26,2025-12-19T16:09:26,59.52,1.0,SetByBid
2025-12-19 16:09:31,2025-12-19T16:09:31,59.52,1.0,SetByAsk
2025-12-19 16:09:54,2025-12-19T16:09:54,59.51,1.0,SetByAsk
2025-12-19 16:10:31,2025-12-19T16:10:31,59.51,1.0,SetByAsk
2025-12-19 16:11:06,2025-12-19T16:11:06,59.5,1.0,SetByAsk
2025-12-19 16:11:14,2025-12-19T16:11:14,59.5,1.0,SetByAsk
2025-12-19 16:11:14,2025-12-19T16:11:14,59.5,1.0,SetByBid
2025-12-19 16:11:18,2025-12-19T16:11:18,59.5,1.0,SetByBid
2025-12-19 16:11:18,2025-12-19T16:11:18,59.5,1.0,SetByBid
2025-12-19 16:12:08,2025-12-19T16:12:08,59.49,1.0,SetByAsk
2025-12-19 16:12:56,2025-12-19T16:12:56,59.49,1.0,SetByAsk
2025-12-19 16:12:56,2025-12-19T16:12:56,59.49,1.0,SetByAsk
2025-12-19 16:12:56,2025-12-19T16:12:56,59.49,1.0,SetByBid
2025-12-19 16:13:00,2025-12-19T16:13:00,59.48,1.0,SetByAsk
2025-12-19 16:14:28,2025-12-19T16:14:28,59.47,1.0,SetByAsk
2025-12-19 16:14:28,2025-12-19T16:14:28,59.47,1.0,SetByAsk
2025-12-19 16:14:30,2025-12-19T16:14:30,59.47,1.0,SetByAsk
2025-12-19 16:14:30,2025-12-19T16:14:30,59.47,1.0,SetByAsk
2025-12-19 16:15:06,2025-12-19T16:15:06,59.47,1.0,SetByBid
2025-12-19 16:15:06,2025-12-19T16:15:06,59.47,2.0,SetByBid
2025-12-19 16:16:18,2025-12-19T16:16:18,59.48,1.0,SetByAsk
2025-12-19 16:16:18,2025-12-19T16:16:18,59.48,1.0,SetByAsk
2025-12-19 16:16:25,2025-12-19T16:16:25,59.48,1.0,SetByAsk
2025-12-19 16:16:25,2025-12-19T16:16:25,59.48,1.0,SetByBid
2025-12-19 16:16:56,2025-12-19T16:16:56,59.48,1.0,SetByBid
2025-12-19 16:17:20,2025-12-19T16:17:20,59.49,1.0,SetByAsk
2025-12-19 16:17:20,2025-12-19T16:17:20,59.49,1.0,SetByAsk
2025-12-19 16:17:20,2025-12-19T16:17:20,59.49,1.0,SetByAsk
2025-12-19 16:17:32,2025-12-19T16:17:32,59.48,1.0,SetByAsk
2025-12-19 16:17:32,2025-12-19T16:17:32,59.48,1.0,SetByAsk
2025-12-19 16:17:32,2025-12-19T16:17:32,59.48,1.0,SetByAsk
2025-12-19 16:17:32,2025-12-19T16:17:32,59.48,1.0,SetByAsk
2025-12-19 16:17:32,2025-12-19T16:17:32,59.48,1.0,SetByBid
2025-12-19 16:17:32,2025-12-19T16:17:32,59.48,1.0,SetByBid
2025-12-19 16:18:22,2025-12-19T16:18:22,59.48,1.0,SetByAsk
2025-12-19 16:19:07,2025-12-19T16:19:07,59.47,1.0,SetByBid
2025-12-19 16:19:07,2025-12-19T16:19:07,59.47,1.0,SetByBid
2025-12-19 16:19:07,2025-12-19T16:19:07,59.47,1.0,SetByBid
2025-12-19 16:19:07,2025-12-19T16:19:07,59.47,1.0,SetByAsk
2025-12-19 16:19:26,2025-12-19T16:19:26,59.46,1.0,SetByBid
2025-12-19 16:19:48,2025-12-19T16:19:48,59.43,1.0,SetByAsk
2025-12-19 16:19:48,2025-12-19T16:19:48,59.44,1.0,SetByBid
2025-12-19 16:19:50,2025-12-19T16:19:50,59.43,1.0,SetByAsk
2025-12-19 16:19:51,2025-12-19T16:19:51,59.43,1.0,SetByAsk
2025-12-19 16:19:51,2025-12-19T16:19:51,59.44,5.0,"SetByBid, Leg"
2025-12-19 16:20:03,2025-12-19T16:20:03,59.44,1.0,SetByAsk
2025-12-19 16:20:03,2025-12-19T16:20:03,59.43,1.0,SetByAsk
2025-12-19 16:20:03,2025-12-19T16:20:03,59.43,1.0,SetByAsk
2025-12-19 16:20:03,2025-12-19T16:20:03,59.43,1.0,SetByAsk
2025-12-19 16:20:03,2025-12-19T16:20:03,59.43,1.0,SetByAsk
2025-12-19 16:20:03,2025-12-19T16:20:03,59.43,1.0,SetByAsk
2025-12-19 16:20:03,2025-12-19T16:20:03,59.43,1.0,SetByAsk
2025-12-19 16:20:03,2025-12-19T16:20:03,59.43,1.0,SetByAsk
2025-12-19 16:20:03,2025-12-19T16:20:03,59.43,1.0,SetByAsk
2025-12-19 16:20:03,2025-12-19T16:20:03,59.43,4.0,SetByAsk
2025-12-19 16:20:03,2025-12-19T16:20:03,59.43,5.0,SetByBid
2025-12-19 16:20:03,2025-12-19T16:20:03,59.43,1.0,SetByBid
2025-12-19 16:20:03,2025-12-19T16:20:03,59.43,1.0,SetByBid
2025-12-19 16:20:03,2025-12-19T16:20:03,59.43,5.0,SetByBid
2025-12-19 16:20:03,2025-12-19T16:20:03,59.43,3.0,SetByBid
2025-12-19 16:20:03,2025-12-19T16:20:03,59.43,2.0,SetByBid
2025-12-19 16:20:03,2025-12-19T16:20:03,59.43,1.0,SetByBid
2025-12-19 16:20:03,2025-12-19T16:20:03,59.43,1.0,SetByBid
2025-12-19 16:20:03,2025-12-19T16:20:03,59.43,13.0,SetByBid
2025-12-19 16:20:03,2025-12-19T16:20:03,59.43,8.0,SetByBid
2025-12-19 16:20:03,2025-12-19T16:20:03,59.43,3.0,SetByBid
2025-12-19 16:20:03,2025-12-19T16:20:03,59.43,2.0,SetByBid
2025-12-19 16:20:03,2025-12-19T16:20:03,59.43,1.0,SetByBid
2025-12-19 16:20:03,2025-12-19T16:20:03,59.43,5.0,SetByBid
2025-12-19 16:20:03,2025-12-19T16:20:03,59.43,2.0,SetByBid
2025-12-19 16:20:03,2025-12-19T16:20:03,59.43,1.0,SetByBid
2025-12-19 16:20:03,2025-12-19T16:20:03,59.43,1.0,SetByBid
2025-12-19 16:20:03,2025-12-19T16:20:03,59.43,6.0,SetByBid
2025-12-19 16:20:03,2025-12-19T16:20:03,59.43,1.0,SetByBid
2025-12-19 16:20:03,2025-12-19T16:20:03,59.43,10.0,SetByBid
2025-12-19 16:20:03,2025-12-19T16:20:03,59.43,3.0,SetByBid
2025-12-19 16:20:03,2025-12-19T16:20:03,59.43,1.0,SetByAsk
2025-12-19 16:20:03,2025-12-19T16:20:03,59.43,1.0,SetByBid
2025-12-19 16:20:03,2025-12-19T16:20:03,59.43,1.0,SetByBid
2025-12-19 16:20:03,2025-12-19T16:20:03,59.43,1.0,SetByBid
2025-12-19 16:20:03,2025-12-19T16:20:03,59.43,2.0,SetByBid
2025-12-19 16:20:03,2025-12-19T16:20:03,59.43,1.0,SetByBid
2025-12-19 16:20:03,2025-12-19T16:20:03,59.43,1.0,SetByBid
2025-12-19 16:20:03,2025-12-19T16:20:03,59.43,3.0,SetByBid
2025-12-19 16:20:03,2025-12-19T16:20:03,59.43,1.0,SetByBid
2025-12-19 16:20:03,2025-12-19T16:20:03,59.43,2.0,SetByBid
2025-12-19 16:20:03,2025-12-19T16:20:03,59.43,1.0,SetByBid
2025-12-19 16:20:03,2025-12-19T16:20:03,59.43,1.0,SetByBid
2025-12-19 16:20:03,2025-12-19T16:20:03,59.43,7.0,SetByBid
2025-12-19 16:20:03,2025-12-19T16:20:03,59.43,1.0,SetByBid
2025-12-19 16:20:03,2025-12-19T16:20:03,59.43,1.0,SetByBid
2025-12-19 16:20:03,2025-12-19T16:20:03,59.43,7.0,SetByBid
2025-12-19 16:20:04,2025-12-19T16:20:04,59.42,1.0,SetByAsk
2025-12-19 16:20:13,2025-12-19T16:20:13,59.42,1.0,SetByAsk
2025-12-19 16:20:28,2025-12-19T16:20:28,59.42,1.0,SetByBid
2025-12-19 16:20:28,2025-12-19T16:20:28,59.42,1.0,SetByBid
2025-12-19 16:20:33,2025-12-19T16:20:33,59.41,1.0,SetByAsk
2025-12-19 16:20:33,2025-12-19T16:20:33,59.41,1.0,SetByAsk
2025-12-19 16:20:33,2025-12-19T16:20:33,59.41,6.0,SetByAsk
2025-12-19 16:20:33,2025-12-19T16:20:33,59.41,1.0,SetByBid
2025-12-19 16:20:33,2025-12-19T16:20:33,59.41,9.0,SetByBid
2025-12-19 16:20:33,2025-12-19T16:20:33,59.41,11.0,SetByBid
2025-12-19 16:20:33,2025-12-19T16:20:33,59.41,4.0,SetByBid
2025-12-19 16:20:33,2025-12-19T16:20:33,59.42,697.0,SetByBid
2025-12-19 16:20:48,2025-12-19T16:20:48,59.44,1.0,SetByBid
2025-12-19 16:20:48,2025-12-19T16:20:48,59.44,1.0,SetByAsk
2025-12-19 16:20:50,2025-12-19T16:20:50,59.44,1.0,SetByAsk
2025-12-19 16:20:54,2025-12-19T16:20:54,59.45,1.0,"SetByBid, Leg"
2025-12-19 16:21:01,2025-12-19T16:21:01,59.44,1.0,SetByBid
2025-12-19 16:21:03,2025-12-19T16:21:03,59.45,1.0,SetByBid
2025-12-19 16:21:03,2025-12-19T16:21:03,59.45,1.0,"SetByBid, Leg"
2025-12-19 16:21:13,2025-12-19T16:21:13,59.46,1.0,SetByBid
2025-12-19 16:21:13,2025-12-19T16:21:13,59.46,1.0,SetByBid
2025-12-19 16:21:13,2025-12-19T16:21:13,59.46,1.0,SetByBid
2025-12-19 16:21:13,2025-12-19T16:21:13,59.46,1.0,SetByBid
2025-12-19 16:21:24,2025-12-19T16:21:24,59.46,2.0,SetByBid
2025-12-19 16:21:57,2025-12-19T16:21:57,59.45,1.0,SetByAsk
2025-12-19 16:22:02,2025-12-19T16:22:02,59.46,1.0,SetByBid
2025-12-19 16:22:02,2025-12-19T16:22:02,59.46,1.0,SetByBid
2025-12-19 16:22:02,2025-12-19T16:22:02,59.46,1.0,SetByBid
2025-12-19 16:22:02,2025-12-19T16:22:02,59.46,3.0,SetByBid
2025-12-19 16:22:02,2025-12-19T16:22:02,59.46,1.0,SetByBid
2025-12-19 16:22:02,2025-12-19T16:22:02,59.46,2.0,SetByAsk
2025-12-19 16:22:02,2025-12-19T16:22:02,59.46,1.0,SetByAsk
2025-12-19 16:22:02,2025-12-19T16:22:02,59.46,1.0,SetByBid
2025-12-19 16:22:16,2025-12-19T16:22:16,59.45,1.0,SetByAsk
2025-12-19 16:22:16,2025-12-19T16:22:16,59.45,1.0,SetByBid
2025-12-19 16:22:19,2025-12-19T16:22:19,59.45,1.0,SetByBid
2025-12-19 16:22:19,2025-12-19T16:22:19,59.45,1.0,SetByBid
2025-12-19 16:22:23,2025-12-19T16:22:23,59.46,1.0,SetByAsk
2025-12-19 16:22:35,2025-12-19T16:22:35,59.46,1.0,SetByBid
2025-12-19 16:23:24,2025-12-19T16:23:24,59.46,2.0,SetByAsk
2025-12-19 16:23:24,2025-12-19T16:23:24,59.46,1.0,SetByAsk
2025-12-19 16:23:24,2025-12-19T16:23:24,59.46,1.0,SetByAsk
2025-12-19 16:24:01,2025-12-19T16:24:01,59.47,1.0,SetByBid
2025-12-19 16:24:34,2025-12-19T16:24:34,59.49,1.0,SetByAsk
2025-12-19 16:24:34,2025-12-19T16:24:34,59.49,1.0,SetByAsk
2025-12-19 16:25:39,2025-12-19T16:25:39,59.5,2.0,SetByBid
2025-12-19 16:26:16,2025-12-19T16:26:16,59.52,3.0,SetByAsk
2025-12-19 16:26:16,2025-12-19T16:26:16,59.52,3.0,SetByAsk
2025-12-19 16:26:16,2025-12-19T16:26:16,59.52,1.0,SetByBid
2025-12-19 16:26:16,2025-12-19T16:26:16,59.52,1.0,SetByBid
2025-12-19 16:26:37,2025-12-19T16:26:37,59.52,1.0,SetByBid
2025-12-19 16:26:37,2025-12-19T16:26:37,59.52,1.0,SetByBid
2025-12-19 16:26:37,2025-12-19T16:26:37,59.52,1.0,SetByBid
2025-12-19 16:26:37,2025-12-19T16:26:37,59.52,1.0,SetByBid
2025-12-19 16:26:38,2025-12-19T16:26:38,59.52,1.0,SetByBid
2025-12-19 16:26:41,2025-12-19T16:26:41,59.53,2.0,SetByBid
2025-12-19 16:26:56,2025-12-19T16:26:56,59.54,2.0,SetByBid
2025-12-19 16:27:23,2025-12-19T16:27:23,59.55,1.0,SetByBid
2025-12-19 16:28:37,2025-12-19T16:28:37,59.55,3.0,SetByAsk
2025-12-19 16:28:37,2025-12-19T16:28:37,59.55,1.0,SetByAsk
2025-12-19 16:28:37,2025-12-19T16:28:37,59.55,3.0,SetByBid
2025-12-19 16:29:02,2025-12-19T16:29:02,59.56,1.0,SetByBid
2025-12-19 16:29:02,2025-12-19T16:29:02,59.56,1.0,SetByBid
2025-12-19 16:29:02,2025-12-19T16:29:02,59.56,1.0,SetByAsk
2025-12-19 16:29:08,2025-12-19T16:29:08,59.56,1.0,SetByAsk
2025-12-19 16:29:26,2025-12-19T16:29:26,59.59,1.0,SetByBid
2025-12-19 16:29:26,2025-12-19T16:29:26,59.59,1.0,SetByBid
2025-12-19 16:29:47,2025-12-19T16:29:47,59.58,1.0,SetByAsk
2025-12-19 16:30:04,2025-12-19T16:30:04,59.59,1.0,SetByBid
2025-12-19 16:30:10,2025-12-19T16:30:10,59.6,2.0,SetByBid
2025-12-19 16:30:23,2025-12-19T16:30:23,59.6,1.0,SetByAsk
2025-12-19 16:30:23,2025-12-19T16:30:23,59.6,1.0,SetByAsk
2025-12-19 16:30:33,2025-12-19T16:30:33,59.59,1.0,SetByAsk
2025-12-19 16:30:56,2025-12-19T16:30:56,59.59,1.0,SetByAsk
2025-12-19 16:30:56,2025-12-19T16:30:56,59.59,1.0,SetByAsk
2025-12-19 16:31:18,2025-12-19T16:31:18,59.6,1.0,SetByAsk
2025-12-19 16:31:52,2025-12-19T16:31:52,59.61,1.0,SetByBid
2025-12-19 16:31:56,2025-12-19T16:31:56,59.62,1.0,SetByBid
2025-12-19 16:32:05,2025-12-19T16:32:05,59.61,1.0,SetByAsk
2025-12-19 16:32:05,2025-12-19T16:32:05,59.61,1.0,SetByAsk
2025-12-19 16:32:21,2025-12-19T16:32:21,59.6,2.0,SetByAsk
2025-12-19 16:32:21,2025-12-19T16:32:21,59.6,1.0,SetByAsk
2025-12-19 16:32:35,2025-12-19T16:32:35,59.6,1.0,SetByBid
2025-12-19 16:32:35,2025-12-19T16:32:35,59.6,2.0,SetByBid
2025-12-19 16:32:35,2025-12-19T16:32:35,59.6,1.0,SetByBid
2025-12-19 16:32:35,2025-12-19T16:32:35,59.6,2.0,SetByBid
2025-12-19 16:33:00,2025-12-19T16:33:00,59.58,1.0,SetByBid
2025-12-19 16:34:17,2025-12-19T16:34:17,59.59,1.0,SetByAsk
2025-12-19 16:34:17,2025-12-19T16:34:17,59.59,1.0,SetByAsk
2025-12-19 16:34:17,2025-12-19T16:34:17,59.59,1.0,SetByBid
2025-12-19 16:34:17,2025-12-19T16:34:17,59.59,1.0,SetByBid
2025-12-19 16:34:33,2025-12-19T16:34:33,59.59,1.0,SetByAsk
2025-12-19 16:34:33,2025-12-19T16:34:33,59.59,1.0,SetByBid
2025-12-19 16:34:33,2025-12-19T16:34:33,59.59,1.0,SetByBid
2025-12-19 16:35:22,2025-12-19T16:35:22,59.59,1.0,SetByAsk
2025-12-19 16:35:22,2025-12-19T16:35:22,59.59,1.0,SetByAsk
2025-12-19 16:35:59,2025-12-19T16:35:59,59.59,1.0,SetByBid
2025-12-19 16:36:01,2025-12-19T16:36:01,59.59,1.0,SetByBid
2025-12-19 16:37:12,2025-12-19T16:37:12,59.62,1.0,SetByBid
2025-12-19 16:37:44,2025-12-19T16:37:44,59.61,1.0,SetByBid
2025-12-19 16:37:49,2025-12-19T16:37:49,59.61,1.0,SetByBid
2025-12-19 16:38:01,2025-12-19T16:38:01,59.6,1.0,SetByAsk
2025-12-19 16:38:01,2025-12-19T16:38:01,59.6,1.0,SetByAsk
2025-12-19 16:38:01,2025-12-19T16:38:01,59.6,1.0,SetByAsk
2025-12-19 16:38:01,2025-12-19T16:38:01,59.6,1.0,SetByAsk
2025-12-19 16:38:01,2025-12-19T16:38:01,59.6,1.0,SetByAsk
2025-12-19 16:38:01,2025-12-19T16:38:01,59.6,1.0,SetByBid
2025-12-19 16:38:06,2025-12-19T16:38:06,59.6,3.0,SetByBid
2025-12-19 16:38:58,2025-12-19T16:38:58,59.62,1.0,SetByBid
2025-12-19 16:39:03,2025-12-19T16:39:03,59.61,1.0,SetByBid
2025-12-19 16:39:09,2025-12-19T16:39:09,59.6,1.0,SetByAsk
2025-12-19 16:39:09,2025-12-19T16:39:09,59.6,1.0,SetByBid
2025-12-19 16:39:53,2025-12-19T16:39:53,59.61,1.0,SetByBid
2025-12-19 16:39:53,2025-12-19T16:39:53,59.61,1.0,SetByBid
2025-12-19 16:39:53,2025-12-19T16:39:53,59.61,1.0,SetByBid
2025-12-19 16:39:53,2025-12-19T16:39:53,59.61,1.0,SetByBid
2025-12-19 16:39:53,2025-12-19T16:39:53,59.61,1.0,SetByBid
2025-12-19 16:39:53,2025-12-19T16:39:53,59.61,2.0,SetByBid
2025-12-19 16:39:53,2025-12-19T16:39:53,59.61,1.0,SetByBid
2025-12-19 16:39:55,2025-12-19T16:39:55,59.61,1.0,SetByAsk
2025-12-19 16:40:20,2025-12-19T16:40:20,59.62,11.0,SetByBid
2025-12-19 16:40:20,2025-12-19T16:40:20,59.63,1.0,SetByBid
2025-12-19 16:40:20,2025-12-19T16:40:20,59.63,1.0,SetByBid
2025-12-19 16:40:20,2025-12-19T16:40:20,59.63,1.0,SetByBid
2025-12-19 16:40:20,2025-12-19T16:40:20,59.63,1.0,SetByBid
2025-12-19 16:40:20,2025-12-19T16:40:20,59.63,1.0,SetByBid
2025-12-19 16:40:20,2025-12-19T16:40:20,59.63,1.0,SetByBid
2025-12-19 16:40:20,2025-12-19T16:40:20,59.63,1.0,SetByBid
2025-12-19 16:40:20,2025-12-19T16:40:20,59.63,1.0,SetByBid
2025-12-19 16:40:20,2025-12-19T16:40:20,59.63,1.0,SetByBid
2025-12-19 16:40:20,2025-12-19T16:40:20,59.63,3.0,SetByBid
2025-12-19 16:40:20,2025-12-19T16:40:20,59.63,1.0,SetByBid
2025-12-19 16:40:20,2025-12-19T16:40:20,59.63,1.0,SetByBid
2025-12-19 16:40:20,2025-12-19T16:40:20,59.63,1.0,SetByBid
2025-12-19 16:40:20,2025-12-19T16:40:20,59.63,5.0,SetByBid
2025-12-19 16:40:20,2025-12-19T16:40:20,59.63,1.0,SetByBid
2025-12-19 16:40:20,2025-12-19T16:40:20,59.63,1.0,SetByBid
2025-12-19 16:40:20,2025-12-19T16:40:20,59.63,1.0,SetByBid
2025-12-19 16:40:20,2025-12-19T16:40:20,59.63,1.0,SetByBid
2025-12-19 16:40:20,2025-12-19T16:40:20,59.63,4.0,SetByBid
2025-12-19 16:40:20,2025-12-19T16:40:20,59.63,1.0,SetByBid
2025-12-19 16:40:20,2025-12-19T16:40:20,59.63,1.0,SetByBid
2025-12-19 16:40:20,2025-12-19T16:40:20,59.63,1.0,SetByBid
2025-12-19 16:40:20,2025-12-19T16:40:20,59.63,2.0,SetByBid
2025-12-19 16:40:44,2025-12-19T16:40:44,59.63,1.0,SetByBid
2025-12-19 16:40:44,2025-12-19T16:40:44,59.63,1.0,SetByBid
2025-12-19 16:40:50,2025-12-19T16:40:50,59.62,1.0,SetByAsk
2025-12-19 16:40:50,2025-12-19T16:40:50,59.62,1.0,SetByAsk
2025-12-19 16:40:50,2025-12-19T16:40:50,59.62,1.0,SetByAsk
2025-12-19 16:40:50,2025-12-19T16:40:50,59.62,1.0,SetByAsk
2025-12-19 16:40:50,2025-12-19T16:40:50,59.61,1.0,SetByAsk
2025-12-19 16:40:53,2025-12-19T16:40:53,59.6,1.0,SetByAsk
2025-12-19 16:40:53,2025-12-19T16:40:53,59.6,1.0,SetByBid
2025-12-19 16:41:01,2025-12-19T16:41:01,59.61,1.0,SetByBid
2025-12-19 16:41:01,2025-12-19T16:41:01,59.61,1.0,SetByBid
2025-12-19 16:41:01,2025-12-19T16:41:01,59.61,1.0,SetByBid
2025-12-19 16:41:01,2025-12-19T16:41:01,59.61,1.0,SetByAsk
2025-12-19 16:41:01,2025-12-19T16:41:01,59.62,1.0,SetByBid
2025-12-19 16:41:01,2025-12-19T16:41:01,59.62,1.0,SetByBid
2025-12-19 16:41:01,2025-12-19T16:41:01,59.62,1.0,SetByBid
2025-12-19 16:41:01,2025-12-19T16:41:01,59.63,1.0,SetByBid
2025-12-19 16:41:01,2025-12-19T16:41:01,59.63,1.0,SetByBid
2025-12-19 16:41:01,2025-12-19T16:41:01,59.63,1.0,SetByAsk
2025-12-19 16:41:02,2025-12-19T16:41:02,59.63,1.0,SetByBid
2025-12-19 16:41:02,2025-12-19T16:41:02,59.63,1.0,SetByAsk
2025-12-19 16:41:07,2025-12-19T16:41:07,59.64,1.0,SetByBid
2025-12-19 16:41:12,2025-12-19T16:41:12,59.64,4.0,SetByAsk
2025-12-19 16:41:12,2025-12-19T16:41:12,59.64,1.0,SetByAsk
2025-12-19 16:41:12,2025-12-19T16:41:12,59.64,2.0,SetByAsk
2025-12-19 16:41:12,2025-12-19T16:41:12,59.64,3.0,SetByAsk
2025-12-19 16:42:02,2025-12-19T16:42:02,59.63,1.0,SetByAsk
2025-12-19 16:42:29,2025-12-19T16:42:29,59.64,1.0,SetByBid
2025-12-19 16:43:07,2025-12-19T16:43:07,59.64,1.0,SetByAsk
2025-12-19 16:43:07,2025-12-19T16:43:07,59.64,1.0,SetByAsk
2025-12-19 16:43:07,2025-12-19T16:43:07,59.64,1.0,SetByAsk
2025-12-19 16:43:10,2025-12-19T16:43:10,59.63,1.0,SetByAsk
2025-12-19 16:43:10,2025-12-19T16:43:10,59.63,1.0,SetByAsk
2025-12-19 16:43:56,2025-12-19T16:43:56,59.66,1.0,SetByBid
2025-12-19 16:43:56,2025-12-19T16:43:56,59.66,1.0,SetByBid
2025-12-19 16:43:56,2025-12-19T16:43:56,59.66,1.0,SetByBid
2025-12-19 16:43:56,2025-12-19T16:43:56,59.66,1.0,SetByBid
2025-12-19 16:43:56,2025-12-19T16:43:56,59.66,1.0,SetByBid
2025-12-19 16:43:56,2025-12-19T16:43:56,59.66,1.0,SetByBid
2025-12-19 16:43:56,2025-12-19T16:43:56,59.66,1.0,SetByBid
2025-12-19 16:43:56,2025-12-19T16:43:56,59.66,1.0,SetByBid
2025-12-19 16:43:56,2025-12-19T16:43:56,59.67,1.0,SetByAsk
2025-12-19 16:43:56,2025-12-19T16:43:56,59.67,1.0,SetByAsk
2025-12-19 16:43:56,2025-12-19T16:43:56,59.67,1.0,SetByAsk
2025-12-19 16:43:56,2025-12-19T16:43:56,59.66,1.0,SetByAsk
2025-12-19 16:44:03,2025-12-19T16:44:03,59.66,1.0,SetByBid
2025-12-19 16:44:03,2025-12-19T16:44:03,59.66,1.0,SetByBid
2025-12-19 16:44:03,2025-12-19T16:44:03,59.66,1.0,SetByBid
2025-12-19 16:44:03,2025-12-19T16:44:03,59.66,1.0,SetByBid
2025-12-19 16:44:15,2025-12-19T16:44:15,59.67,1.0,SetByBid
2025-12-19 16:45:12,2025-12-19T16:45:12,59.66,2.0,SetByBid
2025-12-19 16:45:12,2025-12-19T16:45:12,59.66,3.0,SetByBid
2025-12-19 16:45:12,2025-12-19T16:45:12,59.65,1.0,SetByAsk
2025-12-19 16:45:12,2025-12-19T16:45:12,59.65,1.0,SetByAsk
2025-12-19 16:45:12,2025-12-19T16:45:12,59.65,1.0,SetByAsk
2025-12-19 16:45:33,2025-12-19T16:45:33,59.65,1.0,SetByBid
2025-12-19 16:45:33,2025-12-19T16:45:33,59.65,2.0,SetByBid
2025-12-19 16:46:00,2025-12-19T16:46:00,59.64,1.0,SetByBid
2025-12-19 16:46:01,2025-12-19T16:46:01,59.64,1.0,SetByBid
2025-12-19 16:46:07,2025-12-19T16:46:07,59.63,1.0,SetByAsk
2025-12-19 16:46:07,2025-12-19T16:46:07,59.63,1.0,SetByAsk
2025-12-19 16:46:07,2025-12-19T16:46:07,59.63,1.0,SetByAsk
2025-12-19 16:46:07,2025-12-19T16:46:07,59.63,1.0,SetByAsk
2025-12-19 16:46:14,2025-12-19T16:46:14,59.62,1.0,SetByAsk
2025-12-19 16:46:14,2025-12-19T16:46:14,59.62,1.0,SetByBid
2025-12-19 16:46:29,2025-12-19T16:46:29,59.61,1.0,SetByAsk
2025-12-19 16:46:29,2025-12-19T16:46:29,59.61,1.0,SetByAsk
2025-12-19 16:46:29,2025-12-19T16:46:29,59.61,1.0,SetByAsk
2025-12-19 16:46:29,2025-12-19T16:46:29,59.61,1.0,SetByAsk
2025-12-19 16:46:29,2025-12-19T16:46:29,59.61,1.0,SetByAsk
2025-12-19 16:46:29,2025-12-19T16:46:29,59.61,1.0,SetByAsk
2025-12-19 16:46:29,2025-12-19T16:46:29,59.61,1.0,SetByAsk
2025-12-19 16:46:29,2025-12-19T16:46:29,59.61,1.0,SetByAsk
2025-12-19 16:46:29,2025-12-19T16:46:29,59.61,3.0,SetByAsk
2025-12-19 16:46:29,2025-12-19T16:46:29,59.61,1.0,SetByAsk
2025-12-19 16:46:29,2025-12-19T16:46:29,59.61,1.0,SetByAsk
2025-12-19 16:46:29,2025-12-19T16:46:29,59.61,1.0,SetByAsk
2025-12-19 16:46:29,2025-12-19T16:46:29,59.61,4.0,SetByAsk
2025-12-19 16:46:29,2025-12-19T16:46:29,59.61,1.0,SetByAsk
2025-12-19 16:46:29,2025-12-19T16:46:29,59.61,1.0,SetByAsk
2025-12-19 16:46:29,2025-12-19T16:46:29,59.61,1.0,SetByAsk
2025-12-19 16:46:29,2025-12-19T16:46:29,59.61,1.0,SetByAsk
2025-12-19 16:46:29,2025-12-19T16:46:29,59.61,1.0,SetByAsk
2025-12-19 16:46:29,2025-12-19T16:46:29,59.61,1.0,SetByAsk
2025-12-19 16:46:29,2025-12-19T16:46:29,59.61,1.0,SetByAsk
2025-12-19 16:46:29,2025-12-19T16:46:29,59.61,1.0,SetByAsk
2025-12-19 16:46:29,2025-12-19T16:46:29,59.61,1.0,SetByAsk
2025-12-19 16:46:29,2025-12-19T16:46:29,59.61,2.0,SetByBid
2025-12-19 16:46:29,2025-12-19T16:46:29,59.61,1.0,SetByBid
2025-12-19 16:47:06,2025-12-19T16:47:06,59.61,1.0,SetByAsk
2025-12-19 16:47:06,2025-12-19T16:47:06,59.61,1.0,SetByAsk
2025-12-19 16:47:27,2025-12-19T16:47:27,59.61,1.0,SetByAsk
2025-12-19 16:47:27,2025-12-19T16:47:27,59.61,1.0,SetByAsk
2025-12-19 16:47:46,2025-12-19T16:47:46,59.64,1.0,SetByBid
2025-12-19 16:48:00,2025-12-19T16:48:00,59.62,1.0,SetByAsk
2025-12-19 16:48:18,2025-12-19T16:48:18,59.61,1.0,SetByAsk
2025-12-19 16:48:18,2025-12-19T16:48:18,59.61,1.0,SetByAsk
2025-12-19 16:48:18,2025-12-19T16:48:18,59.61,1.0,SetByAsk
2025-12-19 16:48:18,2025-12-19T16:48:18,59.61,1.0,SetByAsk
2025-12-19 16:48:18,2025-12-19T16:48:18,59.61,1.0,SetByAsk
2025-12-19 16:48:18,2025-12-19T16:48:18,59.61,1.0,SetByAsk
2025-12-19 16:48:18,2025-12-19T16:48:18,59.61,1.0,SetByAsk
2025-12-19 16:48:18,2025-12-19T16:48:18,59.61,2.0,SetByBid
2025-12-19 16:48:24,2025-12-19T16:48:24,59.61,1.0,SetByAsk
2025-12-19 16:48:24,2025-12-19T16:48:24,59.61,1.0,SetByAsk
2025-12-19 16:48:25,2025-12-19T16:48:25,59.61,1.0,SetByBid
2025-12-19 16:48:25,2025-12-19T16:48:25,59.61,1.0,SetByBid
2025-12-19 16:48:32,2025-12-19T16:48:32,59.63,1.0,SetByBid
2025-12-19 16:48:32,2025-12-19T16:48:32,59.63,1.0,SetByBid
2025-12-19 16:48:32,2025-12-19T16:48:32,59.63,1.0,SetByBid
2025-12-19 16:48:32,2025-12-19T16:48:32,59.63,1.0,SetByBid
2025-12-19 16:48:32,2025-12-19T16:48:32,59.63,1.0,SetByBid
2025-12-19 16:48:32,2025-12-19T16:48:32,59.63,1.0,SetByBid
2025-12-19 16:48:32,2025-12-19T16:48:32,59.63,1.0,SetByBid
2025-12-19 16:48:32,2025-12-19T16:48:32,59.63,2.0,SetByBid
2025-12-19 16:48:32,2025-12-19T16:48:32,59.63,1.0,SetByBid
2025-12-19 16:48:32,2025-12-19T16:48:32,59.63,1.0,SetByBid
2025-12-19 16:48:32,2025-12-19T16:48:32,59.63,1.0,SetByBid
2025-12-19 16:48:32,2025-12-19T16:48:32,59.63,1.0,SetByBid
2025-12-19 16:48:32,2025-12-19T16:48:32,59.63,3.0,SetByBid
2025-12-19 16:48:32,2025-12-19T16:48:32,59.63,3.0,SetByBid
2025-12-19 16:48:32,2025-12-19T16:48:32,59.63,2.0,SetByBid
2025-12-19 16:48:32,2025-12-19T16:48:32,59.63,2.0,SetByBid
2025-12-19 16:48:32,2025-12-19T16:48:32,59.63,1.0,SetByBid
2025-12-19 16:48:32,2025-12-19T16:48:32,59.63,1.0,SetByBid
2025-12-19 16:48:32,2025-12-19T16:48:32,59.63,1.0,SetByBid
2025-12-19 16:48:32,2025-12-19T16:48:32,59.63,1.0,SetByBid
2025-12-19 16:48:51,2025-12-19T16:48:51,59.61,1.0,SetByAsk
2025-12-19 16:48:51,2025-12-19T16:48:51,59.61,1.0,SetByAsk
2025-12-19 16:49:14,2025-12-19T16:49:14,59.61,1.0,SetByBid
2025-12-19 16:49:14,2025-12-19T16:49:14,59.61,1.0,SetByBid
2025-12-19 16:49:32,2025-12-19T16:49:32,59.63,1.0,SetByBid
2025-12-19 16:49:47,2025-12-19T16:49:47,59.62,1.0,SetByAsk
2025-12-19 16:50:24,2025-12-19T16:50:24,59.63,1.0,SetByAsk
2025-12-19 16:50:24,2025-12-19T16:50:24,59.63,1.0,SetByAsk
2025-12-19 16:51:17,2025-12-19T16:51:17,59.63,1.0,SetByBid
2025-12-19 16:51:17,2025-12-19T16:51:17,59.64,1.0,SetByBid
2025-12-19 16:52:30,2025-12-19T16:52:30,59.63,1.0,SetByBid
2025-12-19 16:52:39,2025-12-19T16:52:39,59.62,1.0,SetByAsk
2025-12-19 16:52:39,2025-12-19T16:52:39,59.62,2.0,SetByAsk
2025-12-19 16:52:49,2025-12-19T16:52:49,59.62,1.0,SetByAsk
2025-12-19 16:53:03,2025-12-19T16:53:03,59.63,1.0,SetByBid
2025-12-19 16:53:25,2025-12-19T16:53:25,59.62,3.0,SetByAsk
2025-12-19 16:53:25,2025-12-19T16:53:25,59.62,1.0,SetByAsk
2025-12-19 16:54:09,2025-12-19T16:54:09,59.64,1.0,SetByBid
2025-12-19 16:54:10,2025-12-19T16:54:10,59.64,1.0,SetByBid
2025-12-19 16:54:10,2025-12-19T16:54:10,59.64,1.0,SetByBid
2025-12-19 16:54:10,2025-12-19T16:54:10,59.64,1.0,SetByBid
2025-12-19 16:54:10,2025-12-19T16:54:10,59.64,1.0,SetByBid
2025-12-19 16:54:10,2025-12-19T16:54:10,59.64,1.0,SetByBid
2025-12-19 16:54:10,2025-12-19T16:54:10,59.64,1.0,SetByBid
2025-12-19 16:54:10,2025-12-19T16:54:10,59.64,1.0,SetByBid
2025-12-19 16:54:24,2025-12-19T16:54:24,59.63,1.0,SetByAsk
2025-12-19 16:54:24,2025-12-19T16:54:24,59.63,1.0,SetByAsk
2025-12-19 16:54:24,2025-12-19T16:54:24,59.63,1.0,SetByAsk
2025-12-19 16:54:24,2025-12-19T16:54:24,59.63,1.0,SetByAsk
2025-12-19 16:54:24,2025-12-19T16:54:24,59.63,1.0,SetByAsk
2025-12-19 16:54:24,2025-12-19T16:54:24,59.63,1.0,SetByAsk
2025-12-19 16:54:24,2025-12-19T16:54:24,59.63,2.0,SetByAsk
2025-12-19 16:54:24,2025-12-19T16:54:24,59.63,1.0,SetByAsk
2025-12-19 16:54:24,2025-12-19T16:54:24,59.63,1.0,SetByAsk
2025-12-19 16:54:24,2025-12-19T16:54:24,59.63,1.0,SetByAsk
2025-12-19 16:54:24,2025-12-19T16:54:24,59.63,4.0,SetByAsk
2025-12-19 16:54:24,2025-12-19T16:54:24,59.63,1.0,SetByAsk
2025-12-19 16:54:24,2025-12-19T16:54:24,59.63,2.0,SetByAsk
2025-12-19 16:54:31,2025-12-19T16:54:31,59.63,1.0,SetByAsk
2025-12-19 16:54:31,2025-12-19T16:54:31,59.63,1.0,SetByAsk
2025-12-19 16:54:31,2025-12-19T16:54:31,59.63,1.0,SetByAsk
2025-12-19 16:54:31,2025-12-19T16:54:31,59.63,1.0,SetByAsk
2025-12-19 16:54:31,2025-12-19T16:54:31,59.63,4.0,SetByAsk
2025-12-19 16:54:37,2025-12-19T16:54:37,59.63,1.0,SetByAsk
2025-12-19 16:54:37,2025-12-19T16:54:37,59.63,1.0,SetByAsk
2025-12-19 16:54:37,2025-12-19T16:54:37,59.63,1.0,SetByAsk
2025-12-19 16:54:37,2025-12-19T16:54:37,59.63,1.0,SetByAsk
2025-12-19 16:54:37,2025-12-19T16:54:37,59.63,1.0,SetByAsk
2025-12-19 16:54:37,2025-12-19T16:54:37,59.63,1.0,SetByAsk
2025-12-19 16:54:37,2025-12-19T16:54:37,59.63,3.0,SetByAsk
2025-12-19 16:54:37,2025-12-19T16:54:37,59.63,2.0,SetByAsk
2025-12-19 16:54:37,2025-12-19T16:54:37,59.63,1.0,SetByAsk
2025-12-19 16:54:37,2025-12-19T16:54:37,59.63,1.0,SetByAsk
2025-12-19 16:54:42,2025-12-19T16:54:42,59.63,1.0,SetByAsk
2025-12-19 16:54:42,2025-12-19T16:54:42,59.63,1.0,SetByAsk
2025-12-19 16:54:42,2025-12-19T16:54:42,59.63,1.0,SetByAsk
2025-12-19 16:54:42,2025-12-19T16:54:42,59.63,1.0,SetByAsk
2025-12-19 16:54:42,2025-12-19T16:54:42,59.63,1.0,SetByAsk
2025-12-19 16:54:42,2025-12-19T16:54:42,59.63,1.0,SetByAsk
2025-12-19 16:54:42,2025-12-19T16:54:42,59.63,1.0,SetByAsk
2025-12-19 16:54:42,2025-12-19T16:54:42,59.63,2.0,SetByAsk
2025-12-19 16:54:42,2025-12-19T16:54:42,59.63,2.0,SetByAsk
2025-12-19 16:54:42,2025-12-19T16:54:42,59.63,5.0,SetByAsk
2025-12-19 16:54:42,2025-12-19T16:54:42,59.63,2.0,SetByAsk
2025-12-19 16:54:42,2025-12-19T16:54:42,59.63,3.0,SetByAsk
2025-12-19 16:54:42,2025-12-19T16:54:42,59.63,1.0,SetByAsk
2025-12-19 16:54:42,2025-12-19T16:54:42,59.63,1.0,SetByAsk
2025-12-19 16:54:42,2025-12-19T16:54:42,59.63,1.0,SetByAsk
2025-12-19 16:54:42,2025-12-19T16:54:42,59.63,1.0,SetByAsk
2025-12-19 16:54:42,2025-12-19T16:54:42,59.63,1.0,SetByAsk
2025-12-19 16:54:42,2025-12-19T16:54:42,59.63,1.0,SetByAsk
2025-12-19 16:54:42,2025-12-19T16:54:42,59.63,1.0,SetByAsk
2025-12-19 16:54:42,2025-12-19T16:54:42,59.63,2.0,SetByAsk
2025-12-19 16:54:42,2025-12-19T16:54:42,59.63,1.0,SetByAsk
2025-12-19 16:54:42,2025-12-19T16:54:42,59.63,2.0,SetByAsk
2025-12-19 16:54:42,2025-12-19T16:54:42,59.63,1.0,SetByAsk
2025-12-19 16:54:42,2025-12-19T16:54:42,59.63,2.0,SetByAsk
2025-12-19 16:54:42,2025-12-19T16:54:42,59.63,1.0,SetByAsk
2025-12-19 16:54:42,2025-12-19T16:54:42,59.63,3.0,SetByAsk
2025-12-19 16:54:42,2025-12-19T16:54:42,59.63,1.0,SetByAsk
2025-12-19 16:54:42,2025-12-19T16:54:42,59.63,5.0,SetByAsk
2025-12-19 16:54:42,2025-12-19T16:54:42,59.63,2.0,SetByAsk
2025-12-19 16:54:42,2025-12-19T16:54:42,59.63,1.0,SetByAsk
2025-12-19 16:54:42,2025-12-19T16:54:42,59.63,2.0,SetByAsk
2025-12-19 16:54:42,2025-12-19T16:54:42,59.63,1.0,SetByAsk
2025-12-19 16:54:42,2025-12-19T16:54:42,59.63,1.0,SetByAsk
2025-12-19 16:54:42,2025-12-19T16:54:42,59.63,1.0,SetByAsk
2025-12-19 16:54:42,2025-12-19T16:54:42,59.63,1.0,SetByAsk
2025-12-19 16:54:42,2025-12-19T16:54:42,59.63,1.0,SetByAsk
2025-12-19 16:54:42,2025-12-19T16:54:42,59.63,2.0,SetByAsk
2025-12-19 16:54:42,2025-12-19T16:54:42,59.63,3.0,SetByAsk
2025-12-19 16:54:42,2025-12-19T16:54:42,59.63,2.0,SetByAsk
2025-12-19 16:54:42,2025-12-19T16:54:42,59.63,3.0,SetByAsk
2025-12-19 16:54:42,2025-12-19T16:54:42,59.63,5.0,SetByAsk
2025-12-19 16:54:42,2025-12-19T16:54:42,59.63,1.0,SetByAsk
2025-12-19 16:54:42,2025-12-19T16:54:42,59.63,1.0,SetByAsk
2025-12-19 16:54:42,2025-12-19T16:54:42,59.63,3.0,SetByAsk
2025-12-19 16:54:42,2025-12-19T16:54:42,59.63,5.0,SetByAsk
2025-12-19 16:54:42,2025-12-19T16:54:42,59.63,5.0,SetByAsk
2025-12-19 16:54:42,2025-12-19T16:54:42,59.63,3.0,SetByAsk
2025-12-19 16:54:42,2025-12-19T16:54:42,59.63,2.0,SetByAsk
2025-12-19 16:54:42,2025-12-19T16:54:42,59.63,3.0,SetByAsk
2025-12-19 16:54:42,2025-12-19T16:54:42,59.63,2.0,SetByAsk
2025-12-19 16:54:42,2025-12-19T16:54:42,59.63,5.0,SetByAsk
2025-12-19 16:54:42,2025-12-19T16:54:42,59.63,1.0,SetByAsk
2025-12-19 16:54:42,2025-12-19T16:54:42,59.63,4.0,SetByAsk
2025-12-19 16:54:42,2025-12-19T16:54:42,59.63,6.0,SetByAsk
2025-12-19 16:54:42,2025-12-19T16:54:42,59.63,2.0,SetByAsk
2025-12-19 16:54:42,2025-12-19T16:54:42,59.63,1.0,SetByAsk
2025-12-19 16:54:42,2025-12-19T16:54:42,59.63,1.0,SetByAsk
2025-12-19 16:54:42,2025-12-19T16:54:42,59.63,1.0,SetByAsk
2025-12-19 16:54:42,2025-12-19T16:54:42,59.63,4.0,SetByBid
2025-12-19 16:54:42,2025-12-19T16:54:42,59.63,1.0,SetByBid
2025-12-19 16:54:42,2025-12-19T16:54:42,59.63,2.0,SetByBid
2025-12-19 16:54:42,2025-12-19T16:54:42,59.63,13.0,SetByBid
2025-12-19 16:54:42,2025-12-19T16:54:42,59.63,13.0,SetByBid
2025-12-19 16:54:42,2025-12-19T16:54:42,59.62,1.0,SetByAsk
2025-12-19 16:54:42,2025-12-19T16:54:42,59.62,1.0,SetByAsk
2025-12-19 16:54:42,2025-12-19T16:54:42,59.62,2.0,SetByAsk
2025-12-19 16:54:42,2025-12-19T16:54:42,59.62,1.0,SetByAsk
2025-12-19 16:54:42,2025-12-19T16:54:42,59.62,1.0,SetByAsk
2025-12-19 16:54:42,2025-12-19T16:54:42,59.62,2.0,SetByAsk
2025-12-19 16:54:42,2025-12-19T16:54:42,59.62,1.0,SetByAsk
2025-12-19 16:54:42,2025-12-19T16:54:42,59.62,1.0,SetByAsk
2025-12-19 16:54:42,2025-12-19T16:54:42,59.62,1.0,SetByAsk
2025-12-19 16:54:42,2025-12-19T16:54:42,59.62,1.0,SetByAsk
2025-12-19 16:54:42,2025-12-19T16:54:42,59.62,1.0,SetByAsk
2025-12-19 16:54:42,2025-12-19T16:54:42,59.63,163.0,SetByBid
2025-12-19 16:55:50,2025-12-19T16:55:50,59.64,1.0,SetByBid
2025-12-19 16:56:34,2025-12-19T16:56:34,59.63,1.0,SetByBid
2025-12-19 16:57:04,2025-12-19T16:57:04,59.67,1.0,SetByAsk
2025-12-19 16:57:05,2025-12-19T16:57:05,59.66,1.0,SetByAsk
2025-12-19 16:57:45,2025-12-19T16:57:45,59.66,1.0,SetByBid
2025-12-19 16:57:45,2025-12-19T16:57:45,59.65,1.0,SetByAsk
2025-12-19 16:58:20,2025-12-19T16:58:20,59.66,1.0,SetByBid
2025-12-19 16:59:04,2025-12-19T16:59:04,59.64,1.0,SetByAsk
2025-12-19 16:59:29,2025-12-19T16:59:29,59.63,1.0,SetByAsk
2025-12-19 16:59:29,2025-12-19T16:59:29,59.63,1.0,SetByAsk
2025-12-19 16:59:29,2025-12-19T16:59:29,59.63,1.0,SetByAsk
2025-12-19 16:59:29,2025-12-19T16:59:29,59.63,1.0,SetByAsk
2025-12-19 16:59:29,2025-12-19T16:59:29,59.63,1.0,SetByBid
2025-12-19 16:59:55,2025-12-19T16:59:55,59.63,1.0,SetByBid
2025-12-19 17:00:00,2025-12-19T17:00:00,59.62,1.0,SetByAsk
2025-12-19 17:00:00,2025-12-19T17:00:00,59.61,1.0,SetByAsk
2025-12-19 17:00:00,2025-12-19T17:00:00,59.61,1.0,SetByAsk
2025-12-19 17:00:00,2025-12-19T17:00:00,59.61,1.0,SetByAsk
2025-12-19 17:00:00,2025-12-19T17:00:00,59.61,1.0,SetByAsk
2025-12-19 17:00:00,2025-12-19T17:00:00,59.59,1.0,SetByAsk
2025-12-19 17:00:00,2025-12-19T17:00:00,59.59,1.0,SetByAsk
2025-12-19 17:00:00,2025-12-19T17:00:00,59.59,1.0,SetByAsk
2025-12-19 17:00:00,2025-12-19T17:00:00,59.59,1.0,SetByAsk
2025-12-19 17:00:00,2025-12-19T17:00:00,59.59,1.0,SetByAsk
2025-12-19 17:00:00,2025-12-19T17:00:00,59.6,1.0,SetByBid
2025-12-19 17:00:00,2025-12-19T17:00:00,59.6,1.0,SetByBid
2025-12-19 17:00:00,2025-12-19T17:00:00,59.6,1.0,SetByBid
2025-12-19 17:00:00,2025-12-19T17:00:00,59.6,1.0,SetByBid
2025-12-19 17:00:00,2025-12-19T17:00:00,59.6,1.0,SetByBid
2025-12-19 17:00:00,2025-12-19T17:00:00,59.6,1.0,SetByBid
2025-12-19 17:00:00,2025-12-19T17:00:00,59.6,1.0,SetByBid
2025-12-19 17:00:00,2025-12-19T17:00:00,59.6,1.0,SetByBid
2025-12-19 17:00:00,2025-12-19T17:00:00,59.6,1.0,SetByBid
2025-12-19 17:00:00,2025-12-19T17:00:00,59.6,1.0,SetByBid
2025-12-19 17:00:00,2025-12-19T17:00:00,59.6,1.0,SetByBid
2025-12-19 17:00:00,2025-12-19T17:00:00,59.6,1.0,SetByBid
2025-12-19 17:00:00,2025-12-19T17:00:00,59.6,1.0,SetByBid
2025-12-19 17:00:00,2025-12-19T17:00:00,59.6,1.0,SetByBid
2025-12-19 17:00:00,2025-12-19T17:00:00,59.61,1.0,SetByBid
2025-12-19 17:00:00,2025-12-19T17:00:00,59.61,1.0,SetByBid
2025-12-19 17:00:00,2025-12-19T17:00:00,59.61,1.0,SetByBid
2025-12-19 17:00:00,2025-12-19T17:00:00,59.61,1.0,SetByBid
2025-12-19 17:00:00,2025-12-19T17:00:00,59.61,1.0,SetByBid
2025-12-19 17:00:00,2025-12-19T17:00:00,59.61,1.0,SetByBid
2025-12-19 17:00:01,2025-12-19T17:00:01,59.61,1.0,SetByBid
2025-12-19 17:00:01,2025-12-19T17:00:01,59.61,1.0,SetByBid
2025-12-19 17:00:01,2025-12-19T17:00:01,59.61,1.0,SetByBid
2025-12-19 17:00:01,2025-12-19T17:00:01,59.61,1.0,SetByBid
2025-12-19 17:00:01,2025-12-19T17:00:01,59.61,1.0,SetByBid
2025-12-19 17:00:01,2025-12-19T17:00:01,59.61,1.0,SetByBid
2025-12-19 17:00:01,2025-12-19T17:00:01,59.61,1.0,SetByBid
2025-12-19 17:00:01,2025-12-19T17:00:01,59.61,1.0,SetByBid
2025-12-19 17:00:01,2025-12-19T17:00:01,59.61,1.0,SetByBid
2025-12-19 17:00:01,2025-12-19T17:00:01,59.61,1.0,SetByBid
2025-12-19 17:00:01,2025-12-19T17:00:01,59.61,1.0,SetByBid
2025-12-19 17:00:01,2025-12-19T17:00:01,59.61,1.0,SetByBid
2025-12-19 17:00:01,2025-12-19T17:00:01,59.61,1.0,SetByBid
2025-12-19 17:00:01,2025-12-19T17:00:01,59.6,2.0,SetByAsk
2025-12-19 17:00:01,2025-12-19T17:00:01,59.6,1.0,SetByAsk
2025-12-19 17:00:01,2025-12-19T17:00:01,59.6,1.0,SetByAsk
2025-12-19 17:00:01,2025-12-19T17:00:01,59.6,1.0,SetByAsk
2025-12-19 17:00:01,2025-12-19T17:00:01,59.62,1.0,SetByBid
2025-12-19 17:00:01,2025-12-19T17:00:01,59.62,1.0,SetByBid
2025-12-19 17:00:01,2025-12-19T17:00:01,59.62,1.0,SetByAsk
2025-12-19 17:00:01,2025-12-19T17:00:01,59.62,1.0,SetByBid
2025-12-19 17:00:01,2025-12-19T17:00:01,59.62,1.0,SetByBid
2025-12-19 17:00:01,2025-12-19T17:00:01,59.62,1.0,SetByBid
2025-12-19 17:00:02,2025-12-19T17:00:02,59.63,1.0,SetByBid
2025-12-19 17:00:02,2025-12-19T17:00:02,59.63,1.0,SetByBid
2025-12-19 17:00:02,2025-12-19T17:00:02,59.63,1.0,SetByBid
2025-12-19 17:00:02,2025-12-19T17:00:02,59.63,1.0,SetByBid
2025-12-19 17:00:02,2025-12-19T17:00:02,59.63,1.0,SetByBid
2025-12-19 17:00:02,2025-12-19T17:00:02,59.63,1.0,SetByBid
2025-12-19 17:00:02,2025-12-19T17:00:02,59.64,1.0,SetByBid
2025-12-19 17:00:02,2025-12-19T17:00:02,59.64,1.0,SetByBid
2025-12-19 17:00:02,2025-12-19T17:00:02,59.64,1.0,SetByBid
2025-12-19 17:00:02,2025-12-19T17:00:02,59.64,1.0,SetByBid
2025-12-19 17:00:02,2025-12-19T17:00:02,59.64,1.0,SetByBid
2025-12-19 17:00:02,2025-12-19T17:00:02,59.64,1.0,SetByBid
2025-12-19 17:00:02,2025-12-19T17:00:02,59.64,1.0,SetByBid
2025-12-19 17:00:02,2025-12-19T17:00:02,59.64,1.0,SetByBid
2025-12-19 17:00:02,2025-12-19T17:00:02,59.64,1.0,SetByAsk
2025-12-19 17:00:02,2025-12-19T17:00:02,59.64,1.0,SetByAsk
2025-12-19 17:00:02,2025-12-19T17:00:02,59.64,1.0,SetByAsk
2025-12-19 17:00:02,2025-12-19T17:00:02,59.64,3.0,SetByAsk
2025-12-19 17:00:02,2025-12-19T17:00:02,59.64,1.0,SetByAsk
2025-12-19 17:00:02,2025-12-19T17:00:02,59.64,1.0,SetByAsk
2025-12-19 17:00:02,2025-12-19T17:00:02,59.65,1.0,SetByBid
2025-12-19 17:00:02,2025-12-19T17:00:02,59.65,1.0,SetByBid
2025-12-19 17:00:02,2025-12-19T17:00:02,59.65,1.0,SetByBid
2025-12-19 17:00:02,2025-12-19T17:00:02,59.65,1.0,SetByBid
2025-12-19 17:00:02,2025-12-19T17:00:02,59.65,1.0,SetByBid
2025-12-19 17:00:02,2025-12-19T17:00:02,59.65,1.0,SetByBid
2025-12-19 17:00:02,2025-12-19T17:00:02,59.65,1.0,SetByBid
2025-12-19 17:00:03,2025-12-19T17:00:03,59.64,1.0,SetByAsk
2025-12-19 17:00:03,2025-12-19T17:00:03,59.64,1.0,SetByBid
2025-12-19 17:00:03,2025-12-19T17:00:03,59.64,1.0,SetByBid
2025-12-19 17:00:03,2025-12-19T17:00:03,59.64,1.0,SetByBid
2025-12-19 17:00:03,2025-12-19T17:00:03,59.64,1.0,SetByBid
2025-12-19 17:00:03,2025-12-19T17:00:03,59.64,1.0,SetByBid
2025-12-19 17:00:04,2025-12-19T17:00:04,59.64,1.0,SetByBid
2025-12-19 17:00:04,2025-12-19T17:00:04,59.64,1.0,SetByBid
2025-12-19 17:00:04,2025-12-19T17:00:04,59.64,1.0,SetByBid
2025-12-19 17:00:04,2025-12-19T17:00:04,59.64,1.0,SetByBid
2025-12-19 17:00:04,2025-12-19T17:00:04,59.64,1.0,SetByBid
2025-12-19 17:00:04,2025-12-19T17:00:04,59.64,1.0,SetByBid
2025-12-19 17:00:04,2025-12-19T17:00:04,59.64,1.0,SetByBid
2025-12-19 17:00:04,2025-12-19T17:00:04,59.64,1.0,SetByBid
2025-12-19 17:00:04,2025-12-19T17:00:04,59.64,1.0,SetByBid
2025-12-19 17:00:04,2025-12-19T17:00:04,59.64,1.0,SetByBid
2025-12-19 17:00:04,2025-12-19T17:00:04,59.64,1.0,SetByBid
2025-12-19 17:00:04,2025-12-19T17:00:04,59.65,1.0,SetByBid
2025-12-19 17:00:04,2025-12-19T17:00:04,59.65,1.0,SetByBid
2025-12-19 17:00:04,2025-12-19T17:00:04,59.65,1.0,SetByBid
2025-12-19 17:00:04,2025-12-19T17:00:04,59.65,1.0,SetByBid
2025-12-19 17:00:04,2025-12-19T17:00:04,59.64,1.0,SetByBid
2025-12-19 17:00:04,2025-12-19T17:00:04,59.65,1.0,SetByBid
2025-12-19 17:00:04,2025-12-19T17:00:04,59.65,1.0,SetByBid
2025-12-19 17:00:04,2025-12-19T17:00:04,59.65,1.0,SetByBid
2025-12-19 17:00:04,2025-12-19T17:00:04,59.65,1.0,SetByBid
2025-12-19 17:00:04,2025-12-19T17:00:04,59.65,1.0,SetByBid
2025-12-19 17:00:04,2025-12-19T17:00:04,59.65,1.0,SetByBid
2025-12-19 17:00:04,2025-12-19T17:00:04,59.65,1.0,SetByBid
2025-12-19 17:00:04,2025-12-19T17:00:04,59.65,1.0,SetByBid
2025-12-19 17:00:04,2025-12-19T17:00:04,59.65,1.0,SetByBid
2025-12-19 17:00:04,2025-12-19T17:00:04,59.65,1.0,SetByBid
2025-12-19 17:00:04,2025-12-19T17:00:04,59.65,1.0,SetByBid
2025-12-19 17:00:04,2025-12-19T17:00:04,59.65,1.0,SetByBid
2025-12-19 17:00:05,2025-12-19T17:00:05,59.64,1.0,SetByBid
2025-12-19 17:00:05,2025-12-19T17:00:05,59.64,1.0,SetByBid
2025-12-19 17:00:05,2025-12-19T17:00:05,59.64,1.0,SetByBid
2025-12-19 17:00:05,2025-12-19T17:00:05,59.64,1.0,SetByBid
2025-12-19 17:00:05,2025-12-19T17:00:05,59.64,1.0,SetByBid
2025-12-19 17:00:05,2025-12-19T17:00:05,59.64,1.0,SetByBid
2025-12-19 17:00:05,2025-12-19T17:00:05,59.64,1.0,SetByBid
2025-12-19 17:00:05,2025-12-19T17:00:05,59.64,1.0,SetByBid
2025-12-19 17:00:05,2025-12-19T17:00:05,59.64,1.0,SetByBid
2025-12-19 17:00:05,2025-12-19T17:00:05,59.64,1.0,SetByBid
2025-12-19 17:00:20,2025-12-19T17:00:20,59.64,1.0,SetByAsk
2025-12-19 17:00:20,2025-12-19T17:00:20,59.64,1.0,SetByBid
2025-12-19 17:00:40,2025-12-19T17:00:40,59.65,1.0,SetByAsk
2025-12-19 17:00:40,2025-12-19T17:00:40,59.65,1.0,SetByAsk
2025-12-19 17:00:40,2025-12-19T17:00:40,59.65,1.0,SetByAsk
2025-12-19 17:00:42,2025-12-19T17:00:42,59.65,2.0,SetByAsk
2025-12-19 17:00:43,2025-12-19T17:00:43,59.65,1.0,SetByAsk
2025-12-19 17:00:43,2025-12-19T17:00:43,59.65,1.0,SetByAsk
2025-12-19 17:00:43,2025-12-19T17:00:43,59.65,1.0,SetByAsk
2025-12-19 17:00:43,2025-12-19T17:00:43,59.65,1.0,SetByAsk
2025-12-19 17:00:49,2025-12-19T17:00:49,59.65,1.0,SetByAsk
2025-12-19 17:00:49,2025-12-19T17:00:49,59.65,1.0,SetByAsk
2025-12-19 17:00:49,2025-12-19T17:00:49,59.65,1.0,SetByAsk
2025-12-19 17:00:49,2025-12-19T17:00:49,59.65,2.0,SetByAsk
2025-12-19 17:01:01,2025-12-19T17:01:01,59.65,1.0,SetByAsk
2025-12-19 17:01:01,2025-12-19T17:01:01,59.65,1.0,SetByAsk
2025-12-19 17:01:01,2025-12-19T17:01:01,59.65,1.0,SetByAsk
2025-12-19 17:01:01,2025-12-19T17:01:01,59.65,2.0,SetByAsk
2025-12-19 17:01:01,2025-12-19T17:01:01,59.65,1.0,SetByAsk
2025-12-19 17:01:01,2025-12-19T17:01:01,59.66,1.0,SetByBid
2025-12-19 17:01:01,2025-12-19T17:01:01,59.66,1.0,SetByBid
2025-12-19 17:01:01,2025-12-19T17:01:01,59.66,1.0,SetByBid
2025-12-19 17:01:14,2025-12-19T17:01:14,59.65,1.0,SetByAsk
2025-12-19 17:01:14,2025-12-19T17:01:14,59.65,1.0,SetByAsk
2025-12-19 17:01:28,2025-12-19T17:01:28,59.68,1.0,SetByBid
2025-12-19 17:01:28,2025-12-19T17:01:28,59.68,1.0,SetByBid
2025-12-19 17:01:40,2025-12-19T17:01:40,59.69,1.0,SetByAsk
2025-12-19 17:01:40,2025-12-19T17:01:40,59.69,2.0,SetByAsk
2025-12-19 17:01:40,2025-12-19T17:01:40,59.69,1.0,SetByAsk
2025-12-19 17:01:40,2025-12-19T17:01:40,59.69,2.0,SetByAsk
2025-12-19 17:01:41,2025-12-19T17:01:41,59.7,1.0,SetByBid
2025-12-19 17:01:41,2025-12-19T17:01:41,59.7,1.0,SetByAsk
2025-12-19 17:01:41,2025-12-19T17:01:41,59.7,1.0,SetByAsk
2025-12-19 17:01:41,2025-12-19T17:01:41,59.7,1.0,SetByAsk
2025-12-19 17:01:41,2025-12-19T17:01:41,59.7,1.0,SetByAsk
2025-12-19 17:01:41,2025-12-19T17:01:41,59.7,2.0,SetByAsk
2025-12-19 17:01:42,2025-12-19T17:01:42,59.7,1.0,SetByBid
2025-12-19 17:01:50,2025-12-19T17:01:50,59.7,1.0,SetByBid
2025-12-19 17:01:50,2025-12-19T17:01:50,59.7,1.0,SetByBid
2025-12-19 17:01:50,2025-12-19T17:01:50,59.7,1.0,SetByBid
2025-12-19 17:01:51,2025-12-19T17:01:51,59.7,1.0,SetByAsk
2025-12-19 17:01:51,2025-12-19T17:01:51,59.7,1.0,SetByAsk
2025-12-19 17:01:51,2025-12-19T17:01:51,59.71,1.0,SetByBid
2025-12-19 17:01:51,2025-12-19T17:01:51,59.71,1.0,SetByBid
2025-12-19 17:01:51,2025-12-19T17:01:51,59.71,1.0,SetByBid
2025-12-19 17:01:51,2025-12-19T17:01:51,59.71,1.0,SetByBid
2025-12-19 17:01:51,2025-12-19T17:01:51,59.71,1.0,SetByBid
2025-12-19 17:01:51,2025-12-19T17:01:51,59.71,1.0,SetByBid
2025-12-19 17:01:51,2025-12-19T17:01:51,59.71,1.0,SetByBid
2025-12-19 17:01:51,2025-12-19T17:01:51,59.71,1.0,SetByBid
2025-12-19 17:01:51,2025-12-19T17:01:51,59.71,1.0,SetByBid
2025-12-19 17:02:12,2025-12-19T17:02:12,59.7,1.0,SetByAsk
2025-12-19 17:02:12,2025-12-19T17:02:12,59.7,1.0,SetByAsk
2025-12-19 17:02:12,2025-12-19T17:02:12,59.7,3.0,SetByAsk
2025-12-19 17:02:12,2025-12-19T17:02:12,59.7,1.0,SetByAsk
2025-12-19 17:02:12,2025-12-19T17:02:12,59.7,1.0,SetByAsk
2025-12-19 17:02:13,2025-12-19T17:02:13,59.71,1.0,SetByBid
2025-12-19 17:02:13,2025-12-19T17:02:13,59.71,1.0,SetByBid
2025-12-19 17:02:13,2025-12-19T17:02:13,59.71,1.0,SetByBid
2025-12-19 17:02:13,2025-12-19T17:02:13,59.71,1.0,SetByBid
2025-12-19 17:02:13,2025-12-19T17:02:13,59.71,1.0,SetByBid
2025-12-19 17:02:13,2025-12-19T17:02:13,59.71,1.0,SetByBid
2025-12-19 17:02:13,2025-12-19T17:02:13,59.71,1.0,SetByBid
2025-12-19 17:02:13,2025-12-19T17:02:13,59.71,1.0,SetByBid
2025-12-19 17:02:13,2025-12-19T17:02:13,59.71,1.0,SetByBid
2025-12-19 17:02:13,2025-12-19T17:02:13,59.71,1.0,SetByBid
2025-12-19 17:02:13,2025-12-19T17:02:13,59.71,1.0,SetByBid
2025-12-19 17:02:13,2025-12-19T17:02:13,59.71,1.0,SetByBid
2025-12-19 17:02:13,2025-12-19T17:02:13,59.71,1.0,SetByBid
2025-12-19 17:02:13,2025-12-19T17:02:13,59.71,1.0,SetByBid
2025-12-19 17:02:13,2025-12-19T17:02:13,59.71,1.0,SetByBid
2025-12-19 17:02:13,2025-12-19T17:02:13,59.71,1.0,SetByBid
2025-12-19 17:02:13,2025-12-19T17:02:13,59.71,1.0,SetByBid
2025-12-19 17:02:13,2025-12-19T17:02:13,59.71,1.0,SetByBid
2025-12-19 17:02:13,2025-12-19T17:02:13,59.71,1.0,SetByBid
2025-12-19 17:02:13,2025-12-19T17:02:13,59.71,1.0,SetByBid
2025-12-19 17:02:13,2025-12-19T17:02:13,59.7,1.0,SetByAsk
2025-12-19 17:02:13,2025-12-19T17:02:13,59.7,1.0,SetByAsk
2025-12-19 17:02:13,2025-12-19T17:02:13,59.7,1.0,SetByAsk
2025-12-19 17:02:13,2025-12-19T17:02:13,59.7,1.0,SetByAsk
2025-12-19 17:02:13,2025-12-19T17:02:13,59.71,1.0,SetByBid
2025-12-19 17:02:13,2025-12-19T17:02:13,59.71,1.0,SetByBid
2025-12-19 17:02:13,2025-12-19T17:02:13,59.71,1.0,SetByBid
2025-12-19 17:02:13,2025-12-19T17:02:13,59.71,1.0,SetByBid
2025-12-19 17:02:13,2025-12-19T17:02:13,59.71,1.0,SetByBid
2025-12-19 17:02:13,2025-12-19T17:02:13,59.71,3.0,SetByBid
2025-12-19 17:02:13,2025-12-19T17:02:13,59.71,1.0,SetByBid
2025-12-19 17:02:13,2025-12-19T17:02:13,59.71,1.0,SetByBid
2025-12-19 17:02:15,2025-12-19T17:02:15,59.69,1.0,SetByAsk
2025-12-19 17:02:18,2025-12-19T17:02:18,59.68,1.0,SetByAsk
2025-12-19 17:02:18,2025-12-19T17:02:18,59.68,1.0,SetByAsk
2025-12-19 17:02:22,2025-12-19T17:02:22,59.68,1.0,SetByBid
2025-12-19 17:02:22,2025-12-19T17:02:22,59.68,1.0,SetByBid
2025-12-19 17:02:22,2025-12-19T17:02:22,59.68,1.0,SetByBid
2025-12-19 17:02:22,2025-12-19T17:02:22,59.68,1.0,SetByBid
2025-12-19 17:02:22,2025-12-19T17:02:22,59.68,1.0,SetByBid
2025-12-19 17:02:22,2025-12-19T17:02:22,59.68,1.0,SetByBid
2025-12-19 17:02:22,2025-12-19T17:02:22,59.68,1.0,SetByBid
2025-12-19 17:02:22,2025-12-19T17:02:22,59.68,1.0,SetByBid
2025-12-19 17:02:22,2025-12-19T17:02:22,59.68,1.0,SetByBid
2025-12-19 17:02:22,2025-12-19T17:02:22,59.68,1.0,SetByBid
2025-12-19 17:02:22,2025-12-19T17:02:22,59.67,1.0,SetByBid
2025-12-19 17:02:22,2025-12-19T17:02:22,59.68,3.0,SetByBid
2025-12-19 17:02:22,2025-12-19T17:02:22,59.68,1.0,SetByBid
2025-12-19 17:02:22,2025-12-19T17:02:22,59.68,3.0,SetByBid
2025-12-19 17:02:23,2025-12-19T17:02:23,59.68,1.0,SetByBid
2025-12-19 17:02:23,2025-12-19T17:02:23,59.68,1.0,SetByBid
2025-12-19 17:02:23,2025-12-19T17:02:23,59.68,1.0,SetByBid
2025-12-19 17:02:23,2025-12-19T17:02:23,59.68,1.0,SetByAsk
2025-12-19 17:02:23,2025-12-19T17:02:23,59.68,3.0,SetByAsk
2025-12-19 17:02:24,2025-12-19T17:02:24,59.68,1.0,SetByBid
2025-12-19 17:02:24,2025-12-19T17:02:24,59.68,1.0,SetByBid
2025-12-19 17:02:24,2025-12-19T17:02:24,59.68,2.0,SetByAsk
2025-12-19 17:02:26,2025-12-19T17:02:26,59.68,5.0,SetByAsk
2025-12-19 17:02:37,2025-12-19T17:02:37,59.68,3.0,SetByBid
2025-12-19 17:02:37,2025-12-19T17:02:37,59.68,1.0,SetByBid
2025-12-19 17:02:37,2025-12-19T17:02:37,59.68,1.0,SetByAsk
2025-12-19 17:02:37,2025-12-19T17:02:37,59.68,1.0,SetByAsk
2025-12-19 17:02:37,2025-12-19T17:02:37,59.68,1.0,SetByAsk
2025-12-19 17:02:37,2025-12-19T17:02:37,59.68,1.0,SetByAsk
2025-12-19 17:02:47,2025-12-19T17:02:47,59.67,1.0,SetByAsk
2025-12-19 17:02:47,2025-12-19T17:02:47,59.67,1.0,SetByAsk
2025-12-19 17:02:47,2025-12-19T17:02:47,59.67,1.0,SetByAsk
2025-12-19 17:02:47,2025-12-19T17:02:47,59.67,1.0,SetByAsk
2025-12-19 17:02:47,2025-12-19T17:02:47,59.67,1.0,SetByAsk
2025-12-19 17:02:47,2025-12-19T17:02:47,59.67,1.0,SetByAsk
2025-12-19 17:02:47,2025-12-19T17:02:47,59.67,2.0,SetByAsk
2025-12-19 17:02:47,2025-12-19T17:02:47,59.67,2.0,SetByAsk
2025-12-19 17:02:47,2025-12-19T17:02:47,59.67,2.0,SetByAsk
2025-12-19 17:02:47,2025-12-19T17:02:47,59.67,1.0,SetByAsk
2025-12-19 17:02:47,2025-12-19T17:02:47,59.67,1.0,SetByAsk
2025-12-19 17:02:47,2025-12-19T17:02:47,59.67,1.0,SetByAsk
2025-12-19 17:02:47,2025-12-19T17:02:47,59.67,1.0,SetByAsk
2025-12-19 17:02:47,2025-12-19T17:02:47,59.67,1.0,SetByAsk
2025-12-19 17:02:47,2025-12-19T17:02:47,59.67,1.0,SetByAsk
2025-12-19 17:02:47,2025-12-19T17:02:47,59.67,1.0,SetByAsk
2025-12-19 17:02:47,2025-12-19T17:02:47,59.67,1.0,SetByAsk
2025-12-19 17:02:47,2025-12-19T17:02:47,59.67,1.0,SetByAsk
2025-12-19 17:02:47,2025-12-19T17:02:47,59.67,1.0,SetByAsk
2025-12-19 17:02:47,2025-12-19T17:02:47,59.67,1.0,SetByAsk
2025-12-19 17:02:47,2025-12-19T17:02:47,59.67,1.0,SetByAsk
2025-12-19 17:02:47,2025-12-19T17:02:47,59.67,2.0,SetByAsk
2025-12-19 17:02:47,2025-12-19T17:02:47,59.68,1.0,SetByAsk
2025-12-19 17:02:47,2025-12-19T17:02:47,59.69,1.0,SetByBid
2025-12-19 17:02:47,2025-12-19T17:02:47,59.67,1.0,SetByAsk
2025-12-19 17:02:47,2025-12-19T17:02:47,59.67,1.0,SetByAsk
2025-12-19 17:02:47,2025-12-19T17:02:47,59.67,1.0,SetByAsk
2025-12-19 17:02:47,2025-12-19T17:02:47,59.67,1.0,SetByAsk
2025-12-19 17:02:47,2025-12-19T17:02:47,59.67,1.0,SetByAsk
2025-12-19 17:02:47,2025-12-19T17:02:47,59.67,1.0,SetByAsk
2025-12-19 17:02:47,2025-12-19T17:02:47,59.67,1.0,SetByAsk
2025-12-19 17:02:47,2025-12-19T17:02:47,59.67,1.0,SetByAsk
2025-12-19 17:02:48,2025-12-19T17:02:48,59.67,1.0,SetByAsk
2025-12-19 17:02:48,2025-12-19T17:02:48,59.67,1.0,SetByAsk
2025-12-19 17:02:48,2025-12-19T17:02:48,59.67,1.0,SetByAsk
2025-12-19 17:02:48,2025-12-19T17:02:48,59.67,1.0,SetByAsk
2025-12-19 17:02:48,2025-12-19T17:02:48,59.67,1.0,SetByAsk
2025-12-19 17:02:48,2025-12-19T17:02:48,59.67,1.0,SetByAsk
2025-12-19 17:02:48,2025-12-19T17:02:48,59.67,1.0,SetByAsk
2025-12-19 17:02:48,2025-12-19T17:02:48,59.67,1.0,SetByAsk
2025-12-19 17:02:48,2025-12-19T17:02:48,59.67,1.0,SetByAsk
2025-12-19 17:02:48,2025-12-19T17:02:48,59.67,1.0,SetByAsk
2025-12-19 17:02:48,2025-12-19T17:02:48,59.67,1.0,SetByAsk
2025-12-19 17:02:48,2025-12-19T17:02:48,59.67,3.0,SetByAsk
2025-12-19 17:02:48,2025-12-19T17:02:48,59.67,5.0,SetByAsk
2025-12-19 17:02:48,2025-12-19T17:02:48,59.67,1.0,SetByAsk
2025-12-19 17:02:48,2025-12-19T17:02:48,59.69,1.0,SetByBid
2025-12-19 17:02:48,2025-12-19T17:02:48,59.69,1.0,SetByBid
2025-12-19 17:02:48,2025-12-19T17:02:48,59.69,1.0,SetByBid
2025-12-19 17:02:48,2025-12-19T17:02:48,59.69,1.0,SetByBid
2025-12-19 17:02:48,2025-12-19T17:02:48,59.69,1.0,SetByBid
2025-12-19 17:02:48,2025-12-19T17:02:48,59.69,1.0,SetByBid
2025-12-19 17:02:49,2025-12-19T17:02:49,59.67,1.0,SetByAsk
2025-12-19 17:02:49,2025-12-19T17:02:49,59.67,1.0,SetByAsk
2025-12-19 17:02:49,2025-12-19T17:02:49,59.66,1.0,SetByAsk
2025-12-19 17:02:49,2025-12-19T17:02:49,59.66,1.0,SetByAsk
2025-12-19 17:02:49,2025-12-19T17:02:49,59.66,1.0,SetByAsk
2025-12-19 17:02:49,2025-12-19T17:02:49,59.66,1.0,SetByAsk
2025-12-19 17:02:49,2025-12-19T17:02:49,59.66,1.0,SetByAsk
2025-12-19 17:02:49,2025-12-19T17:02:49,59.66,1.0,SetByAsk
2025-12-19 17:02:49,2025-12-19T17:02:49,59.66,1.0,SetByAsk
2025-12-19 17:02:49,2025-12-19T17:02:49,59.66,1.0,SetByAsk
2025-12-19 17:02:49,2025-12-19T17:02:49,59.66,1.0,SetByAsk
2025-12-19 17:02:49,2025-12-19T17:02:49,59.66,1.0,SetByAsk
2025-12-19 17:02:49,2025-12-19T17:02:49,59.66,1.0,SetByAsk
2025-12-19 17:02:49,2025-12-19T17:02:49,59.66,1.0,SetByAsk
2025-12-19 17:02:49,2025-12-19T17:02:49,59.66,1.0,SetByAsk
2025-12-19 17:02:49,2025-12-19T17:02:49,59.68,1.0,SetByBid
2025-12-19 17:02:49,2025-12-19T17:02:49,59.68,1.0,SetByBid
2025-12-19 17:02:49,2025-12-19T17:02:49,59.66,1.0,SetByAsk
2025-12-19 17:02:49,2025-12-19T17:02:49,59.66,1.0,SetByAsk
2025-12-19 17:02:49,2025-12-19T17:02:49,59.66,1.0,SetByAsk
2025-12-19 17:02:49,2025-12-19T17:02:49,59.66,1.0,SetByAsk
2025-12-19 17:02:49,2025-12-19T17:02:49,59.66,1.0,SetByAsk
2025-12-19 17:02:49,2025-12-19T17:02:49,59.66,1.0,SetByAsk
2025-12-19 17:02:49,2025-12-19T17:02:49,59.66,3.0,SetByAsk
2025-12-19 17:02:49,2025-12-19T17:02:49,59.68,1.0,SetByBid
2025-12-19 17:02:49,2025-12-19T17:02:49,59.68,1.0,SetByBid
2025-12-19 17:02:49,2025-12-19T17:02:49,59.68,1.0,SetByBid
2025-12-19 17:02:49,2025-12-19T17:02:49,59.68,1.0,SetByBid
2025-12-19 17:02:49,2025-12-19T17:02:49,59.68,1.0,SetByBid
2025-12-19 17:02:49,2025-12-19T17:02:49,59.68,1.0,SetByBid
2025-12-19 17:02:49,2025-12-19T17:02:49,59.68,1.0,SetByBid
2025-12-19 17:02:49,2025-12-19T17:02:49,59.68,1.0,SetByBid
2025-12-19 17:02:49,2025-12-19T17:02:49,59.68,2.0,SetByAsk
2025-12-19 17:02:49,2025-12-19T17:02:49,59.68,1.0,SetByBid
2025-12-19 17:02:49,2025-12-19T17:02:49,59.68,1.0,SetByAsk
2025-12-19 17:02:49,2025-12-19T17:02:49,59.68,1.0,SetByAsk
2025-12-19 17:02:50,2025-12-19T17:02:50,59.67,1.0,SetByAsk
2025-12-19 17:02:50,2025-12-19T17:02:50,59.66,1.0,SetByAsk
2025-12-19 17:02:50,2025-12-19T17:02:50,59.66,1.0,SetByAsk
2025-12-19 17:02:52,2025-12-19T17:02:52,59.68,1.0,SetByBid
2025-12-19 17:02:52,2025-12-19T17:02:52,59.68,1.0,SetByBid
2025-12-19 17:02:52,2025-12-19T17:02:52,59.68,1.0,SetByBid
2025-12-19 17:02:52,2025-12-19T17:02:52,59.68,1.0,SetByBid
2025-12-19 17:02:52,2025-12-19T17:02:52,59.68,1.0,SetByBid
2025-12-19 17:02:52,2025-12-19T17:02:52,59.68,1.0,SetByBid
2025-12-19 17:02:52,2025-12-19T17:02:52,59.68,1.0,SetByBid
2025-12-19 17:02:52,2025-12-19T17:02:52,59.68,1.0,SetByBid
2025-12-19 17:02:52,2025-12-19T17:02:52,59.68,1.0,SetByBid
2025-12-19 17:02:52,2025-12-19T17:02:52,59.68,1.0,SetByBid
2025-12-19 17:02:52,2025-12-19T17:02:52,59.68,1.0,SetByBid
2025-12-19 17:02:52,2025-12-19T17:02:52,59.68,2.0,SetByBid
2025-12-19 17:02:52,2025-12-19T17:02:52,59.68,5.0,SetByAsk
2025-12-19 17:02:52,2025-12-19T17:02:52,59.68,1.0,SetByBid
2025-12-19 17:02:52,2025-12-19T17:02:52,59.68,1.0,SetByBid
2025-12-19 17:02:52,2025-12-19T17:02:52,59.68,1.0,SetByBid
2025-12-19 17:02:52,2025-12-19T17:02:52,59.68,1.0,SetByBid
2025-12-19 17:02:52,2025-12-19T17:02:52,59.68,1.0,SetByAsk
2025-12-19 17:02:52,2025-12-19T17:02:52,59.68,1.0,SetByAsk
2025-12-19 17:02:52,2025-12-19T17:02:52,59.68,1.0,SetByAsk
2025-12-19 17:02:52,2025-12-19T17:02:52,59.68,1.0,SetByAsk
2025-12-19 17:02:52,2025-12-19T17:02:52,59.67,5.0,SetByBid
2025-12-19 17:02:52,2025-12-19T17:02:52,59.68,1.0,SetByBid
2025-12-19 17:02:52,2025-12-19T17:02:52,59.68,1.0,SetByBid
2025-12-19 17:02:52,2025-12-19T17:02:52,59.68,1.0,SetByAsk
2025-12-19 17:02:52,2025-12-19T17:02:52,59.68,1.0,SetByBid
2025-12-19 17:02:52,2025-12-19T17:02:52,59.68,3.0,SetByAsk
2025-12-19 17:02:53,2025-12-19T17:02:53,59.67,1.0,SetByBid
2025-12-19 17:02:53,2025-12-19T17:02:53,59.68,1.0,SetByAsk
2025-12-19 17:02:53,2025-12-19T17:02:53,59.68,1.0,SetByAsk
2025-12-19 17:02:53,2025-12-19T17:02:53,59.68,2.0,SetByAsk
2025-12-19 17:02:53,2025-12-19T17:02:53,59.67,1.0,SetByBid
2025-12-19 17:02:53,2025-12-19T17:02:53,59.67,1.0,SetByBid
2025-12-19 17:02:54,2025-12-19T17:02:54,59.67,1.0,SetByAsk
2025-12-19 17:02:55,2025-12-19T17:02:55,59.66,1.0,SetByAsk
2025-12-19 17:02:55,2025-12-19T17:02:55,59.66,1.0,SetByAsk
2025-12-19 17:02:55,2025-12-19T17:02:55,59.66,1.0,SetByAsk
2025-12-19 17:02:55,2025-12-19T17:02:55,59.66,1.0,SetByAsk
2025-12-19 17:02:55,2025-12-19T17:02:55,59.66,1.0,SetByAsk
2025-12-19 17:02:55,2025-12-19T17:02:55,59.66,1.0,SetByAsk
2025-12-19 17:02:55,2025-12-19T17:02:55,59.68,1.0,SetByBid
2025-12-19 17:02:55,2025-12-19T17:02:55,59.68,1.0,SetByBid
2025-12-19 17:02:55,2025-12-19T17:02:55,59.68,1.0,SetByBid
2025-12-19 17:02:55,2025-12-19T17:02:55,59.68,1.0,SetByBid
2025-12-19 17:02:55,2025-12-19T17:02:55,59.68,1.0,SetByBid
2025-12-19 17:02:55,2025-12-19T17:02:55,59.68,1.0,SetByBid
2025-12-19 17:02:55,2025-12-19T17:02:55,59.68,3.0,SetByBid
2025-12-19 17:02:55,2025-12-19T17:02:55,59.68,1.0,SetByBid
2025-12-19 17:02:55,2025-12-19T17:02:55,59.68,1.0,SetByAsk
2025-12-19 17:02:55,2025-12-19T17:02:55,59.68,1.0,SetByBid
2025-12-19 17:02:55,2025-12-19T17:02:55,59.68,1.0,SetByAsk
2025-12-19 17:02:56,2025-12-19T17:02:56,59.68,1.0,SetByAsk
2025-12-19 17:02:56,2025-12-19T17:02:56,59.68,3.0,SetByAsk
2025-12-19 17:02:56,2025-12-19T17:02:56,59.68,1.0,SetByAsk
2025-12-19 17:02:56,2025-12-19T17:02:56,59.68,1.0,SetByBid
2025-12-19 17:02:56,2025-12-19T17:02:56,59.68,1.0,SetByBid
2025-12-19 17:02:56,2025-12-19T17:02:56,59.68,2.0,SetByBid
2025-12-19 17:02:56,2025-12-19T17:02:56,59.68,1.0,SetByBid
2025-12-19 17:02:56,2025-12-19T17:02:56,59.68,1.0,SetByBid
2025-12-19 17:02:56,2025-12-19T17:02:56,59.68,1.0,SetByBid
2025-12-19 17:02:58,2025-12-19T17:02:58,59.67,1.0,SetByBid
2025-12-19 17:03:00,2025-12-19T17:03:00,59.67,4.0,SetByBid
2025-12-19 17:03:02,2025-12-19T17:03:02,59.68,1.0,SetByBid
2025-12-19 17:03:04,2025-12-19T17:03:04,59.68,2.0,SetByAsk
2025-12-19 17:03:30,2025-12-19T17:03:30,59.7,1.0,SetByBid
2025-12-19 17:03:30,2025-12-19T17:03:30,59.7,1.0,SetByBid
2025-12-19 17:03:30,2025-12-19T17:03:30,59.7,1.0,SetByBid
2025-12-19 17:03:30,2025-12-19T17:03:30,59.7,1.0,SetByBid
2025-12-19 17:03:30,2025-12-19T17:03:30,59.7,1.0,SetByBid
2025-12-19 17:03:30,2025-12-19T17:03:30,59.7,1.0,SetByBid
2025-12-19 17:03:30,2025-12-19T17:03:30,59.7,1.0,SetByBid
2025-12-19 17:03:30,2025-12-19T17:03:30,59.7,1.0,SetByBid
2025-12-19 17:03:30,2025-12-19T17:03:30,59.7,1.0,SetByBid
2025-12-19 17:03:30,2025-12-19T17:03:30,59.7,1.0,SetByBid
2025-12-19 17:03:31,2025-12-19T17:03:31,59.7,1.0,SetByBid
2025-12-19 17:03:31,2025-12-19T17:03:31,59.7,1.0,SetByBid
2025-12-19 17:03:31,2025-12-19T17:03:31,59.7,1.0,SetByBid
2025-12-19 17:03:31,2025-12-19T17:03:31,59.7,1.0,SetByBid
2025-12-19 17:03:31,2025-12-19T17:03:31,59.7,1.0,SetByBid
2025-12-19 17:03:31,2025-12-19T17:03:31,59.7,1.0,SetByBid
2025-12-19 17:03:31,2025-12-19T17:03:31,59.7,1.0,SetByBid
2025-12-19 17:03:31,2025-12-19T17:03:31,59.7,1.0,SetByBid
2025-12-19 17:03:31,2025-12-19T17:03:31,59.7,1.0,SetByBid
2025-12-19 17:03:31,2025-12-19T17:03:31,59.7,1.0,SetByBid
2025-12-19 17:03:31,2025-12-19T17:03:31,59.7,1.0,SetByBid
2025-12-19 17:03:31,2025-12-19T17:03:31,59.7,2.0,SetByAsk
2025-12-19 17:03:32,2025-12-19T17:03:32,59.7,1.0,SetByBid
2025-12-19 17:03:32,2025-12-19T17:03:32,59.7,1.0,SetByBid
2025-12-19 17:03:33,2025-12-19T17:03:33,59.7,1.0,SetByBid
2025-12-19 17:03:40,2025-12-19T17:03:40,59.7,1.0,SetByAsk
2025-12-19 17:03:52,2025-12-19T17:03:52,59.71,1.0,SetByBid
2025-12-19 17:03:52,2025-12-19T17:03:52,59.71,1.0,SetByBid
2025-12-19 17:03:52,2025-12-19T17:03:52,59.71,1.0,SetByBid
2025-12-19 17:03:52,2025-12-19T17:03:52,59.72,1.0,SetByBid
2025-12-19 17:03:52,2025-12-19T17:03:52,59.71,1.0,SetByBid
2025-12-19 17:03:52,2025-12-19T17:03:52,59.72,1.0,SetByBid
2025-12-19 17:03:52,2025-12-19T17:03:52,59.72,1.0,SetByBid
2025-12-19 17:03:53,2025-12-19T17:03:53,59.73,1.0,SetByBid
2025-12-19 17:03:53,2025-12-19T17:03:53,59.73,1.0,SetByBid
2025-12-19 17:03:53,2025-12-19T17:03:53,59.73,1.0,SetByBid
2025-12-19 17:03:53,2025-12-19T17:03:53,59.73,2.0,SetByBid
2025-12-19 17:03:53,2025-12-19T17:03:53,59.73,1.0,SetByBid
2025-12-19 17:03:53,2025-12-19T17:03:53,59.73,1.0,SetByBid
2025-12-19 17:03:53,2025-12-19T17:03:53,59.73,1.0,SetByBid
2025-12-19 17:03:53,2025-12-19T17:03:53,59.73,3.0,SetByBid
2025-12-19 17:03:53,2025-12-19T17:03:53,59.73,1.0,SetByBid
2025-12-19 17:03:53,2025-12-19T17:03:53,59.73,1.0,SetByBid
2025-12-19 17:03:53,2025-12-19T17:03:53,59.73,1.0,SetByBid
2025-12-19 17:03:53,2025-12-19T17:03:53,59.73,2.0,SetByBid
2025-12-19 17:03:56,2025-12-19T17:03:56,59.72,3.0,SetByBid
2025-12-19 17:03:56,2025-12-19T17:03:56,59.72,1.0,SetByBid
2025-12-19 17:03:56,2025-12-19T17:03:56,59.72,1.0,SetByBid
2025-12-19 17:03:56,2025-12-19T17:03:56,59.72,3.0,SetByBid
2025-12-19 17:03:56,2025-12-19T17:03:56,59.72,2.0,SetByBid
2025-12-19 17:04:01,2025-12-19T17:04:01,59.72,1.0,SetByBid
2025-12-19 17:04:16,2025-12-19T17:04:16,59.73,3.0,SetByBid
2025-12-19 17:04:16,2025-12-19T17:04:16,59.73,3.0,SetByBid
2025-12-19 17:04:16,2025-12-19T17:04:16,59.73,1.0,SetByBid
2025-12-19 17:04:16,2025-12-19T17:04:16,59.73,5.0,SetByBid
2025-12-19 17:04:16,2025-12-19T17:04:16,59.73,3.0,SetByBid
2025-12-19 17:04:16,2025-12-19T17:04:16,59.73,1.0,SetByBid
2025-12-19 17:04:16,2025-12-19T17:04:16,59.73,1.0,SetByBid
2025-12-19 17:04:16,2025-12-19T17:04:16,59.73,1.0,SetByBid
2025-12-19 17:04:16,2025-12-19T17:04:16,59.73,2.0,SetByBid
2025-12-19 17:04:16,2025-12-19T17:04:16,59.73,3.0,SetByBid
2025-12-19 17:04:17,2025-12-19T17:04:17,59.73,1.0,SetByBid
2025-12-19 17:04:17,2025-12-19T17:04:17,59.73,1.0,SetByBid
2025-12-19 17:04:17,2025-12-19T17:04:17,59.73,2.0,SetByBid
2025-12-19 17:04:18,2025-12-19T17:04:18,59.73,2.0,SetByBid
2025-12-19 17:04:18,2025-12-19T17:04:18,59.73,1.0,SetByBid
2025-12-19 17:04:25,2025-12-19T17:04:25,59.74,1.0,SetByBid
2025-12-19 17:04:25,2025-12-19T17:04:25,59.74,1.0,SetByBid
2025-12-19 17:04:30,2025-12-19T17:04:30,59.73,1.0,SetByBid
2025-12-19 17:04:30,2025-12-19T17:04:30,59.74,1.0,SetByBid
2025-12-19 17:04:32,2025-12-19T17:04:32,59.74,1.0,SetByBid
2025-12-19 17:04:32,2025-12-19T17:04:32,59.74,1.0,SetByBid
2025-12-19 17:04:32,2025-12-19T17:04:32,59.74,1.0,SetByBid
2025-12-19 17:04:41,2025-12-19T17:04:41,59.74,1.0,SetByAsk
2025-12-19 17:04:44,2025-12-19T17:04:44,59.75,3.0,SetByAsk
2025-12-19 17:04:47,2025-12-19T17:04:47,59.76,1.0,SetByBid
2025-12-19 17:04:47,2025-12-19T17:04:47,59.76,1.0,SetByBid
2025-12-19 17:04:47,2025-12-19T17:04:47,59.76,1.0,SetByBid
2025-12-19 17:04:47,2025-12-19T17:04:47,59.76,1.0,SetByBid
2025-12-19 17:04:48,2025-12-19T17:04:48,59.76,1.0,SetByBid
2025-12-19 17:04:48,2025-12-19T17:04:48,59.76,1.0,SetByBid
2025-12-19 17:04:48,2025-12-19T17:04:48,59.76,1.0,SetByBid
2025-12-19 17:04:48,2025-12-19T17:04:48,59.76,1.0,SetByBid
2025-12-19 17:04:48,2025-12-19T17:04:48,59.76,1.0,SetByBid
2025-12-19 17:04:48,2025-12-19T17:04:48,59.76,1.0,SetByBid
2025-12-19 17:04:48,2025-12-19T17:04:48,59.76,1.0,SetByBid
2025-12-19 17:04:49,2025-12-19T17:04:49,59.76,1.0,SetByBid
2025-12-19 17:04:49,2025-12-19T17:04:49,59.76,1.0,SetByBid
2025-12-19 17:04:51,2025-12-19T17:04:51,59.76,1.0,SetByBid
2025-12-19 17:04:51,2025-12-19T17:04:51,59.76,1.0,SetByBid
2025-12-19 17:04:51,2025-12-19T17:04:51,59.76,1.0,SetByBid
2025-12-19 17:04:51,2025-12-19T17:04:51,59.76,1.0,SetByBid
2025-12-19 17:04:51,2025-12-19T17:04:51,59.76,1.0,SetByBid
2025-12-19 17:04:51,2025-12-19T17:04:51,59.76,1.0,SetByBid
2025-12-19 17:04:51,2025-12-19T17:04:51,59.76,1.0,SetByBid
2025-12-19 17:04:52,2025-12-19T17:04:52,59.75,1.0,SetByBid
2025-12-19 17:04:59,2025-12-19T17:04:59,59.74,1.0,SetByAsk
2025-12-19 17:05:04,2025-12-19T17:05:04,59.75,1.0,SetByBid
2025-12-19 17:05:04,2025-12-19T17:05:04,59.75,2.0,SetByBid
2025-12-19 17:05:08,2025-12-19T17:05:08,59.76,1.0,SetByBid
2025-12-19 17:05:08,2025-12-19T17:05:08,59.76,1.0,SetByAsk
2025-12-19 17:05:08,2025-12-19T17:05:08,59.76,1.0,SetByAsk
2025-12-19 17:05:09,2025-12-19T17:05:09,59.77,1.0,SetByBid
2025-12-19 17:05:09,2025-12-19T17:05:09,59.77,1.0,SetByBid
2025-12-19 17:05:09,2025-12-19T17:05:09,59.77,1.0,SetByBid
2025-12-19 17:05:13,2025-12-19T17:05:13,59.77,2.0,SetByAsk
2025-12-19 17:05:15,2025-12-19T17:05:15,59.78,1.0,SetByBid
2025-12-19 17:05:15,2025-12-19T17:05:15,59.78,1.0,SetByBid
2025-12-19 17:05:15,2025-12-19T17:05:15,59.78,1.0,SetByBid
2025-12-19 17:05:15,2025-12-19T17:05:15,59.78,1.0,SetByBid
2025-12-19 17:05:15,2025-12-19T17:05:15,59.78,1.0,SetByBid
2025-12-19 17:05:15,2025-12-19T17:05:15,59.78,1.0,SetByBid
2025-12-19 17:05:16,2025-12-19T17:05:16,59.79,1.0,SetByBid
2025-12-19 17:05:16,2025-12-19T17:05:16,59.79,2.0,SetByBid
2025-12-19 17:05:16,2025-12-19T17:05:16,59.79,3.0,SetByBid
2025-12-19 17:05:16,2025-12-19T17:05:16,59.79,1.0,SetByBid
2025-12-19 17:05:16,2025-12-19T17:05:16,59.79,2.0,SetByBid
2025-12-19 17:05:16,2025-12-19T17:05:16,59.79,1.0,SetByBid
2025-12-19 17:05:16,2025-12-19T17:05:16,59.79,1.0,SetByBid
2025-12-19 17:05:16,2025-12-19T17:05:16,59.79,2.0,SetByBid
2025-12-19 17:05:16,2025-12-19T17:05:16,59.79,2.0,SetByBid
2025-12-19 17:05:16,2025-12-19T17:05:16,59.79,2.0,SetByBid
2025-12-19 17:05:16,2025-12-19T17:05:16,59.79,2.0,SetByBid
2025-12-19 17:05:16,2025-12-19T17:05:16,59.79,1.0,SetByBid
2025-12-19 17:05:16,2025-12-19T17:05:16,59.79,1.0,SetByBid
2025-12-19 17:05:16,2025-12-19T17:05:16,59.79,1.0,SetByBid
2025-12-19 17:05:16,2025-12-19T17:05:16,59.79,1.0,SetByBid
2025-12-19 17:05:16,2025-12-19T17:05:16,59.79,1.0,SetByBid
2025-12-19 17:05:16,2025-12-19T17:05:16,59.79,2.0,SetByBid
2025-12-19 17:05:16,2025-12-19T17:05:16,59.79,1.0,SetByBid
2025-12-19 17:05:16,2025-12-19T17:05:16,59.79,1.0,SetByBid
2025-12-19 17:05:16,2025-12-19T17:05:16,59.79,1.0,SetByBid
2025-12-19 17:05:16,2025-12-19T17:05:16,59.79,1.0,SetByBid
2025-12-19 17:05:16,2025-12-19T17:05:16,59.79,1.0,SetByBid
2025-12-19 17:05:16,2025-12-19T17:05:16,59.79,1.0,SetByBid
2025-12-19 17:05:16,2025-12-19T17:05:16,59.79,1.0,SetByBid
2025-12-19 17:05:16,2025-12-19T17:05:16,59.79,9.0,SetByBid
2025-12-19 17:05:16,2025-12-19T17:05:16,59.79,1.0,SetByBid
2025-12-19 17:05:17,2025-12-19T17:05:17,59.79,8.0,SetByBid
2025-12-19 17:05:17,2025-12-19T17:05:17,59.79,2.0,SetByBid
2025-12-19 17:05:17,2025-12-19T17:05:17,59.79,4.0,SetByBid
2025-12-19 17:05:17,2025-12-19T17:05:17,59.79,1.0,SetByBid
2025-12-19 17:05:17,2025-12-19T17:05:17,59.79,1.0,SetByAsk
2025-12-19 17:05:17,2025-12-19T17:05:17,59.79,1.0,SetByBid
2025-12-19 17:05:17,2025-12-19T17:05:17,59.79,1.0,SetByBid
2025-12-19 17:05:17,2025-12-19T17:05:17,59.79,1.0,SetByBid
2025-12-19 17:05:17,2025-12-19T17:05:17,59.79,1.0,SetByBid
2025-12-19 17:05:17,2025-12-19T17:05:17,59.79,1.0,SetByBid
2025-12-19 17:05:17,2025-12-19T17:05:17,59.79,6.0,SetByBid
2025-12-19 17:05:17,2025-12-19T17:05:17,59.79,2.0,SetByBid
2025-12-19 17:05:17,2025-12-19T17:05:17,59.79,4.0,SetByBid
2025-12-19 17:05:17,2025-12-19T17:05:17,59.79,1.0,SetByBid
2025-12-19 17:05:17,2025-12-19T17:05:17,59.79,4.0,SetByBid
2025-12-19 17:05:17,2025-12-19T17:05:17,59.8,1.0,SetByBid
2025-12-19 17:05:17,2025-12-19T17:05:17,59.8,1.0,SetByBid
2025-12-19 17:05:17,2025-12-19T17:05:17,59.8,350.0,SetByBid
2025-12-19 17:05:17,2025-12-19T17:05:17,59.8,1.0,SetByBid
2025-12-19 17:05:17,2025-12-19T17:05:17,59.8,1.0,SetByBid
2025-12-19 17:05:17,2025-12-19T17:05:17,59.8,1.0,SetByBid
2025-12-19 17:05:17,2025-12-19T17:05:17,59.8,1.0,SetByBid
2025-12-19 17:05:17,2025-12-19T17:05:17,59.8,1.0,SetByBid
2025-12-19 17:05:17,2025-12-19T17:05:17,59.8,1.0,SetByBid
2025-12-19 17:05:17,2025-12-19T17:05:17,59.81,1.0,SetByBid
2025-12-19 17:05:17,2025-12-19T17:05:17,59.81,1.0,SetByBid
2025-12-19 17:05:17,2025-12-19T17:05:17,59.81,1.0,SetByBid
2025-12-19 17:05:17,2025-12-19T17:05:17,59.81,1.0,SetByBid
2025-12-19 17:05:17,2025-12-19T17:05:17,59.81,1.0,SetByBid
2025-12-19 17:05:17,2025-12-19T17:05:17,59.81,1.0,SetByBid
2025-12-19 17:05:17,2025-12-19T17:05:17,59.81,1.0,SetByBid
2025-12-19 17:05:17,2025-12-19T17:05:17,59.81,2.0,SetByBid
2025-12-19 17:05:21,2025-12-19T17:05:21,59.79,1.0,SetByAsk
2025-12-19 17:05:21,2025-12-19T17:05:21,59.79,1.0,SetByAsk
2025-12-19 17:05:21,2025-12-19T17:05:21,59.79,1.0,SetByAsk
2025-12-19 17:05:23,2025-12-19T17:05:23,59.8,1.0,SetByAsk
2025-12-19 17:05:29,2025-12-19T17:05:29,59.8,1.0,SetByAsk
2025-12-19 17:05:32,2025-12-19T17:05:32,59.81,1.0,SetByBid
2025-12-19 17:05:33,2025-12-19T17:05:33,59.81,1.0,SetByAsk
2025-12-19 17:05:47,2025-12-19T17:05:47,59.8,1.0,SetByAsk
2025-12-19 17:05:48,2025-12-19T17:05:48,59.8,1.0,SetByBid
2025-12-19 17:05:48,2025-12-19T17:05:48,59.8,3.0,SetByAsk
2025-12-19 17:05:48,2025-12-19T17:05:48,59.8,2.0,SetByAsk
2025-12-19 17:05:48,2025-12-19T17:05:48,59.8,1.0,SetByAsk
2025-12-19 17:05:48,2025-12-19T17:05:48,59.8,1.0,SetByAsk
2025-12-19 17:05:48,2025-12-19T17:05:48,59.8,1.0,SetByBid
2025-12-19 17:05:52,2025-12-19T17:05:52,59.8,1.0,SetByBid
2025-12-19 17:05:52,2025-12-19T17:05:52,59.8,1.0,SetByBid
2025-12-19 17:05:52,2025-12-19T17:05:52,59.8,1.0,SetByBid
2025-12-19 17:06:07,2025-12-19T17:06:07,59.79,1.0,SetByAsk
2025-12-19 17:06:16,2025-12-19T17:06:16,59.78,1.0,SetByAsk
2025-12-19 17:06:38,2025-12-19T17:06:38,59.8,1.0,SetByBid
2025-12-19 17:06:38,2025-12-19T17:06:38,59.8,1.0,SetByBid
2025-12-19 17:06:54,2025-12-19T17:06:54,59.79,1.0,SetByBid
2025-12-19 17:06:54,2025-12-19T17:06:54,59.79,1.0,SetByBid
2025-12-19 17:07:14,2025-12-19T17:07:14,59.79,1.0,SetByBid
2025-12-19 17:07:14,2025-12-19T17:07:14,59.79,1.0,SetByBid
2025-12-19 17:07:14,2025-12-19T17:07:14,59.79,1.0,SetByBid
2025-12-19 17:07:14,2025-12-19T17:07:14,59.79,1.0,SetByBid
2025-12-19 17:07:21,2025-12-19T17:07:21,59.78,1.0,SetByAsk
2025-12-19 17:07:21,2025-12-19T17:07:21,59.77,1.0,SetByAsk
2025-12-19 17:07:21,2025-12-19T17:07:21,59.77,1.0,SetByAsk
2025-12-19 17:07:21,2025-12-19T17:07:21,59.77,1.0,SetByAsk
2025-12-19 17:07:21,2025-12-19T17:07:21,59.77,1.0,SetByAsk
2025-12-19 17:07:48,2025-12-19T17:07:48,59.77,1.0,SetByAsk
2025-12-19 17:07:51,2025-12-19T17:07:51,59.74,1.0,SetByBid
2025-12-19 17:07:56,2025-12-19T17:07:56,59.73,1.0,SetByAsk
2025-12-19 17:09:06,2025-12-19T17:09:06,59.76,1.0,SetByBid
2025-12-19 17:09:06,2025-12-19T17:09:06,59.76,1.0,SetByBid
2025-12-19 17:09:06,2025-12-19T17:09:06,59.76,1.0,SetByAsk
2025-12-19 17:09:06,2025-12-19T17:09:06,59.76,1.0,SetByAsk
2025-12-19 17:09:07,2025-12-19T17:09:07,59.76,2.0,SetByAsk
2025-12-19 17:09:08,2025-12-19T17:09:08,59.76,1.0,SetByBid
2025-12-19 17:09:24,2025-12-19T17:09:24,59.77,1.0,SetByBid
2025-12-19 17:09:24,2025-12-19T17:09:24,59.77,5.0,SetByBid
2025-12-19 17:09:24,2025-12-19T17:09:24,59.77,1.0,SetByBid
2025-12-19 17:09:24,2025-12-19T17:09:24,59.77,5.0,SetByBid
2025-12-19 17:09:25,2025-12-19T17:09:25,59.77,6.0,SetByAsk
2025-12-19 17:09:25,2025-12-19T17:09:25,59.77,1.0,SetByAsk
2025-12-19 17:09:25,2025-12-19T17:09:25,59.77,1.0,SetByBid
2025-12-19 17:09:25,2025-12-19T17:09:25,59.77,1.0,SetByBid
2025-12-19 17:09:25,2025-12-19T17:09:25,59.78,1.0,SetByBid
2025-12-19 17:09:25,2025-12-19T17:09:25,59.78,1.0,SetByBid
2025-12-19 17:09:27,2025-12-19T17:09:27,59.78,1.0,SetByBid
2025-12-19 17:09:27,2025-12-19T17:09:27,59.78,1.0,SetByBid
2025-12-19 17:09:27,2025-12-19T17:09:27,59.78,2.0,SetByBid
2025-12-19 17:09:44,2025-12-19T17:09:44,59.78,1.0,SetByBid
2025-12-19 17:09:44,2025-12-19T17:09:44,59.78,1.0,SetByBid
2025-12-19 17:09:44,2025-12-19T17:09:44,59.78,1.0,SetByBid
2025-12-19 17:09:44,2025-12-19T17:09:44,59.78,1.0,SetByBid
2025-12-19 17:09:44,2025-12-19T17:09:44,59.78,1.0,SetByBid
2025-12-19 17:09:44,2025-12-19T17:09:44,59.78,1.0,SetByBid
2025-12-19 17:09:44,2025-12-19T17:09:44,59.78,3.0,SetByBid
2025-12-19 17:09:46,2025-12-19T17:09:46,59.78,1.0,SetByBid
2025-12-19 17:09:46,2025-12-19T17:09:46,59.78,1.0,SetByBid
2025-12-19 17:09:46,2025-12-19T17:09:46,59.78,1.0,SetByBid
2025-12-19 17:09:53,2025-12-19T17:09:53,59.77,1.0,SetByBid
2025-12-19 17:09:55,2025-12-19T17:09:55,59.78,1.0,SetByBid
2025-12-19 17:09:55,2025-12-19T17:09:55,59.77,1.0,SetByBid
2025-12-19 17:09:55,2025-12-19T17:09:55,59.77,1.0,SetByBid
2025-12-19 17:09:56,2025-12-19T17:09:56,59.77,1.0,SetByAsk
2025-12-19 17:10:02,2025-12-19T17:10:02,59.77,5.0,SetByBid
2025-12-19 17:10:03,2025-12-19T17:10:03,59.78,1.0,SetByBid
2025-12-19 17:10:03,2025-12-19T17:10:03,59.78,1.0,SetByBid
2025-12-19 17:10:03,2025-12-19T17:10:03,59.78,1.0,SetByBid
2025-12-19 17:10:03,2025-12-19T17:10:03,59.78,1.0,SetByBid
2025-12-19 17:10:03,2025-12-19T17:10:03,59.78,1.0,SetByBid
2025-12-19 17:10:06,2025-12-19T17:10:06,59.76,1.0,SetByAsk
2025-12-19 17:10:06,2025-12-19T17:10:06,59.76,1.0,SetByAsk
2025-12-19 17:10:06,2025-12-19T17:10:06,59.76,1.0,SetByAsk
2025-12-19 17:10:06,2025-12-19T17:10:06,59.76,1.0,SetByAsk
2025-12-19 17:10:06,2025-12-19T17:10:06,59.76,1.0,SetByAsk
2025-12-19 17:10:06,2025-12-19T17:10:06,59.76,1.0,SetByAsk
2025-12-19 17:10:07,2025-12-19T17:10:07,59.77,1.0,SetByBid
2025-12-19 17:10:07,2025-12-19T17:10:07,59.77,1.0,SetByBid
2025-12-19 17:10:07,2025-12-19T17:10:07,59.77,1.0,SetByBid
2025-12-19 17:10:07,2025-12-19T17:10:07,59.77,1.0,SetByBid
2025-12-19 17:10:07,2025-12-19T17:10:07,59.77,1.0,SetByBid
2025-12-19 17:10:07,2025-12-19T17:10:07,59.77,2.0,SetByBid
2025-12-19 17:10:07,2025-12-19T17:10:07,59.77,1.0,SetByBid
2025-12-19 17:10:07,2025-12-19T17:10:07,59.77,2.0,SetByBid
2025-12-19 17:10:07,2025-12-19T17:10:07,59.77,1.0,SetByBid
2025-12-19 17:10:07,2025-12-19T17:10:07,59.77,1.0,SetByAsk
2025-12-19 17:10:07,2025-12-19T17:10:07,59.77,1.0,SetByAsk
2025-12-19 17:10:07,2025-12-19T17:10:07,59.77,3.0,"SetByBid, Leg"
2025-12-19 17:10:07,2025-12-19T17:10:07,59.77,1.0,"SetByBid, Leg"
2025-12-19 17:10:07,2025-12-19T17:10:07,59.77,1.0,"SetByBid, Leg"
2025-12-19 17:10:07,2025-12-19T17:10:07,59.77,1.0,"SetByBid, Leg"
2025-12-19 17:10:08,2025-12-19T17:10:08,59.76,1.0,SetByAsk
2025-12-19 17:10:08,2025-12-19T17:10:08,59.76,1.0,SetByAsk
2025-12-19 17:10:11,2025-12-19T17:10:11,59.76,1.0,SetByBid
2025-12-19 17:10:11,2025-12-19T17:10:11,59.76,1.0,SetByBid
2025-12-19 17:10:11,2025-12-19T17:10:11,59.76,1.0,SetByBid
2025-12-19 17:10:11,2025-12-19T17:10:11,59.76,1.0,SetByBid
2025-12-19 17:10:11,2025-12-19T17:10:11,59.76,1.0,SetByBid
2025-12-19 17:10:11,2025-12-19T17:10:11,59.76,1.0,SetByBid
2025-12-19 17:10:11,2025-12-19T17:10:11,59.76,1.0,SetByBid
2025-12-19 17:10:11,2025-12-19T17:10:11,59.76,1.0,SetByBid
2025-12-19 17:10:11,2025-12-19T17:10:11,59.76,1.0,SetByBid
2025-12-19 17:10:11,2025-12-19T17:10:11,59.76,1.0,SetByBid
2025-12-19 17:10:11,2025-12-19T17:10:11,59.76,1.0,SetByBid
2025-12-19 17:10:11,2025-12-19T17:10:11,59.76,1.0,SetByBid
2025-12-19 17:10:11,2025-12-19T17:10:11,59.76,1.0,SetByBid
2025-12-19 17:10:11,2025-12-19T17:10:11,59.76,1.0,SetByBid
2025-12-19 17:10:11,2025-12-19T17:10:11,59.76,1.0,SetByBid
2025-12-19 17:10:11,2025-12-19T17:10:11,59.76,1.0,SetByBid
2025-12-19 17:10:11,2025-12-19T17:10:11,59.76,1.0,SetByBid
2025-12-19 17:10:11,2025-12-19T17:10:11,59.76,1.0,SetByBid
2025-12-19 17:10:11,2025-12-19T17:10:11,59.76,1.0,SetByBid
2025-12-19 17:10:11,2025-12-19T17:10:11,59.76,1.0,SetByBid
2025-12-19 17:10:11,2025-12-19T17:10:11,59.76,2.0,SetByBid
2025-12-19 17:10:11,2025-12-19T17:10:11,59.76,1.0,SetByBid
2025-12-19 17:10:11,2025-12-19T17:10:11,59.76,1.0,SetByAsk
2025-12-19 17:10:11,2025-12-19T17:10:11,59.76,1.0,SetByBid
2025-12-19 17:10:11,2025-12-19T17:10:11,59.76,1.0,SetByAsk
2025-12-19 17:10:11,2025-12-19T17:10:11,59.76,1.0,SetByAsk
2025-12-19 17:10:11,2025-12-19T17:10:11,59.76,1.0,SetByAsk
2025-12-19 17:10:11,2025-12-19T17:10:11,59.76,1.0,SetByAsk
2025-12-19 17:10:11,2025-12-19T17:10:11,59.75,1.0,SetByAsk
2025-12-19 17:10:11,2025-12-19T17:10:11,59.76,1.0,SetByBid
2025-12-19 17:10:11,2025-12-19T17:10:11,59.76,2.0,SetByAsk
2025-12-19 17:10:13,2025-12-19T17:10:13,59.75,2.0,SetByAsk
2025-12-19 17:10:13,2025-12-19T17:10:13,59.74,1.0,SetByAsk
2025-12-19 17:10:25,2025-12-19T17:10:25,59.75,1.0,SetByAsk
2025-12-19 17:10:32,2025-12-19T17:10:32,59.74,1.0,SetByAsk
2025-12-19 17:10:32,2025-12-19T17:10:32,59.74,1.0,SetByAsk
2025-12-19 17:11:14,2025-12-19T17:11:14,59.74,1.0,SetByBid
2025-12-19 17:11:40,2025-12-19T17:11:40,59.72,1.0,SetByAsk
2025-12-19 17:11:40,2025-12-19T17:11:40,59.72,1.0,SetByAsk
2025-12-19 17:11:40,2025-12-19T17:11:40,59.72,1.0,SetByAsk
2025-12-19 17:11:40,2025-12-19T17:11:40,59.72,1.0,SetByAsk
2025-12-19 17:12:14,2025-12-19T17:12:14,59.72,1.0,SetByAsk
2025-12-19 17:13:27,2025-12-19T17:13:27,59.72,1.0,SetByAsk
2025-12-19 17:13:47,2025-12-19T17:13:47,59.71,1.0,SetByAsk
2025-12-19 17:14:13,2025-12-19T17:14:13,59.72,1.0,SetByBid
2025-12-19 17:14:13,2025-12-19T17:14:13,59.72,1.0,SetByBid
2025-12-19 17:14:13,2025-12-19T17:14:13,59.72,1.0,SetByBid
2025-12-19 17:14:13,2025-12-19T17:14:13,59.72,1.0,SetByBid
2025-12-19 17:14:13,2025-12-19T17:14:13,59.72,1.0,SetByBid
2025-12-19 17:14:13,2025-12-19T17:14:13,59.72,1.0,SetByBid
2025-12-19 17:14:13,2025-12-19T17:14:13,59.72,1.0,SetByBid
2025-12-19 17:14:13,2025-12-19T17:14:13,59.72,1.0,SetByBid
2025-12-19 17:14:13,2025-12-19T17:14:13,59.72,1.0,SetByBid
2025-12-19 17:14:13,2025-12-19T17:14:13,59.72,1.0,SetByBid
2025-12-19 17:14:30,2025-12-19T17:14:30,59.74,1.0,SetByAsk
2025-12-19 17:14:30,2025-12-19T17:14:30,59.74,1.0,SetByAsk
2025-12-19 17:14:57,2025-12-19T17:14:57,59.74,1.0,SetByAsk
2025-12-19 17:16:14,2025-12-19T17:16:14,59.73,1.0,SetByAsk
2025-12-19 17:16:31,2025-12-19T17:16:31,59.75,1.0,SetByAsk
2025-12-19 17:16:31,2025-12-19T17:16:31,59.75,1.0,SetByAsk
2025-12-19 17:16:32,2025-12-19T17:16:32,59.74,1.0,SetByAsk
2025-12-19 17:16:32,2025-12-19T17:16:32,59.74,1.0,SetByAsk
2025-12-19 17:16:32,2025-12-19T17:16:32,59.74,1.0,SetByAsk
2025-12-19 17:16:32,2025-12-19T17:16:32,59.74,1.0,SetByAsk
2025-12-19 17:16:32,2025-12-19T17:16:32,59.74,2.0,SetByAsk
2025-12-19 17:16:32,2025-12-19T17:16:32,59.74,3.0,SetByAsk
2025-12-19 17:16:32,2025-12-19T17:16:32,59.74,1.0,SetByAsk
2025-12-19 17:16:32,2025-12-19T17:16:32,59.74,1.0,SetByAsk
2025-12-19 17:16:32,2025-12-19T17:16:32,59.74,2.0,SetByAsk
2025-12-19 17:16:32,2025-12-19T17:16:32,59.74,1.0,SetByAsk
2025-12-19 17:16:32,2025-12-19T17:16:32,59.74,1.0,SetByAsk
2025-12-19 17:16:32,2025-12-19T17:16:32,59.74,1.0,SetByAsk
2025-12-19 17:16:32,2025-12-19T17:16:32,59.74,1.0,SetByAsk
2025-12-19 17:16:32,2025-12-19T17:16:32,59.74,2.0,SetByAsk
2025-12-19 17:16:32,2025-12-19T17:16:32,59.74,1.0,SetByAsk
2025-12-19 17:16:32,2025-12-19T17:16:32,59.74,1.0,SetByAsk
2025-12-19 17:16:32,2025-12-19T17:16:32,59.74,1.0,SetByAsk
2025-12-19 17:16:32,2025-12-19T17:16:32,59.74,1.0,SetByAsk
2025-12-19 17:16:32,2025-12-19T17:16:32,59.74,1.0,SetByAsk
2025-12-19 17:16:37,2025-12-19T17:16:37,59.73,1.0,SetByAsk
2025-12-19 17:16:37,2025-12-19T17:16:37,59.73,1.0,SetByAsk
2025-12-19 17:16:37,2025-12-19T17:16:37,59.73,1.0,SetByAsk
2025-12-19 17:16:37,2025-12-19T17:16:37,59.73,1.0,SetByAsk
2025-12-19 17:16:37,2025-12-19T17:16:37,59.73,1.0,SetByAsk
2025-12-19 17:16:37,2025-12-19T17:16:37,59.73,1.0,SetByAsk
2025-12-19 17:16:37,2025-12-19T17:16:37,59.73,1.0,SetByAsk
2025-12-19 17:16:37,2025-12-19T17:16:37,59.73,1.0,SetByAsk
2025-12-19 17:16:37,2025-12-19T17:16:37,59.73,1.0,SetByAsk
2025-12-19 17:16:37,2025-12-19T17:16:37,59.73,2.0,SetByAsk
2025-12-19 17:16:37,2025-12-19T17:16:37,59.73,1.0,SetByAsk
2025-12-19 17:16:37,2025-12-19T17:16:37,59.73,1.0,SetByAsk
2025-12-19 17:16:37,2025-12-19T17:16:37,59.73,1.0,SetByAsk
2025-12-19 17:16:37,2025-12-19T17:16:37,59.73,1.0,SetByAsk
2025-12-19 17:16:37,2025-12-19T17:16:37,59.73,1.0,SetByAsk
2025-12-19 17:16:37,2025-12-19T17:16:37,59.73,1.0,SetByAsk
2025-12-19 17:16:37,2025-12-19T17:16:37,59.73,1.0,SetByAsk
2025-12-19 17:16:39,2025-12-19T17:16:39,59.73,1.0,SetByAsk
2025-12-19 17:16:39,2025-12-19T17:16:39,59.73,1.0,SetByAsk
2025-12-19 17:16:39,2025-12-19T17:16:39,59.73,1.0,SetByAsk
2025-12-19 17:16:39,2025-12-19T17:16:39,59.73,1.0,SetByAsk
2025-12-19 17:16:39,2025-12-19T17:16:39,59.73,1.0,SetByAsk
2025-12-19 17:16:39,2025-12-19T17:16:39,59.73,1.0,SetByAsk
2025-12-19 17:16:41,2025-12-19T17:16:41,59.73,1.0,SetByAsk
2025-12-19 17:16:41,2025-12-19T17:16:41,59.73,1.0,SetByAsk
2025-12-19 17:16:41,2025-12-19T17:16:41,59.73,1.0,SetByAsk
2025-12-19 17:16:41,2025-12-19T17:16:41,59.73,5.0,SetByAsk
2025-12-19 17:16:41,2025-12-19T17:16:41,59.73,1.0,SetByAsk
2025-12-19 17:17:59,2025-12-19T17:17:59,59.74,1.0,SetByAsk
2025-12-19 17:18:04,2025-12-19T17:18:04,59.74,1.0,SetByBid
2025-12-19 17:18:08,2025-12-19T17:18:08,59.73,1.0,SetByAsk
2025-12-19 17:18:08,2025-12-19T17:18:08,59.73,1.0,SetByAsk
2025-12-19 17:18:08,2025-12-19T17:18:08,59.73,1.0,SetByAsk
2025-12-19 17:18:11,2025-12-19T17:18:11,59.74,1.0,SetByAsk
2025-12-19 17:18:11,2025-12-19T17:18:11,59.74,1.0,SetByAsk
2025-12-19 17:18:11,2025-12-19T17:18:11,59.74,1.0,SetByAsk
2025-12-19 17:18:12,2025-12-19T17:18:12,59.74,1.0,SetByAsk
2025-12-19 17:18:15,2025-12-19T17:18:15,59.74,1.0,SetByBid
2025-12-19 17:18:23,2025-12-19T17:18:23,59.72,1.0,SetByAsk
2025-12-19 17:19:09,2025-12-19T17:19:09,59.71,1.0,SetByAsk
2025-12-19 17:19:11,2025-12-19T17:19:11,59.71,1.0,SetByAsk
2025-12-19 17:19:11,2025-12-19T17:19:11,59.71,1.0,SetByAsk
2025-12-19 17:19:18,2025-12-19T17:19:18,59.71,1.0,SetByAsk
2025-12-19 17:19:18,2025-12-19T17:19:18,59.71,2.0,SetByAsk
2025-12-19 17:20:14,2025-12-19T17:20:14,59.72,1.0,SetByAsk
2025-12-19 17:20:54,2025-12-19T17:20:54,59.72,1.0,SetByAsk
2025-12-19 17:20:54,2025-12-19T17:20:54,59.72,1.0,SetByAsk
2025-12-19 17:20:54,2025-12-19T17:20:54,59.72,1.0,SetByAsk
2025-12-19 17:20:55,2025-12-19T17:20:55,59.71,1.0,SetByAsk
2025-12-19 17:20:55,2025-12-19T17:20:55,59.71,1.0,SetByAsk
2025-12-19 17:20:56,2025-12-19T17:20:56,59.71,1.0,SetByAsk
2025-12-19 17:20:56,2025-12-19T17:20:56,59.71,1.0,SetByAsk
2025-12-19 17:21:02,2025-12-19T17:21:02,59.71,1.0,SetByAsk
2025-12-19 17:21:07,2025-12-19T17:21:07,59.71,1.0,SetByAsk
2025-12-19 17:21:07,2025-12-19T17:21:07,59.71,1.0,SetByAsk
2025-12-19 17:21:08,2025-12-19T17:21:08,59.71,1.0,SetByAsk
2025-12-19 17:21:08,2025-12-19T17:21:08,59.71,1.0,SetByAsk
2025-12-19 17:21:22,2025-12-19T17:21:22,59.71,1.0,SetByAsk
2025-12-19 17:21:23,2025-12-19T17:21:23,59.71,1.0,SetByAsk
2025-12-19 17:21:24,2025-12-19T17:21:24,59.71,1.0,SetByAsk
2025-12-19 17:21:49,2025-12-19T17:21:49,59.71,1.0,SetByBid
2025-12-19 17:22:14,2025-12-19T17:22:14,59.7,1.0,SetByBid
2025-12-19 17:22:14,2025-12-19T17:22:14,59.7,1.0,SetByBid
2025-12-19 17:22:21,2025-12-19T17:22:21,59.71,1.0,SetByBid
2025-12-19 17:22:22,2025-12-19T17:22:22,59.7,1.0,SetByBid
2025-12-19 17:22:22,2025-12-19T17:22:22,59.7,1.0,SetByBid
2025-12-19 17:22:22,2025-12-19T17:22:22,59.7,2.0,SetByBid
2025-12-19 17:22:22,2025-12-19T17:22:22,59.7,1.0,SetByBid
2025-12-19 17:22:33,2025-12-19T17:22:33,59.71,1.0,SetByBid
2025-12-19 17:22:33,2025-12-19T17:22:33,59.71,1.0,SetByBid
2025-12-19 17:22:33,2025-12-19T17:22:33,59.71,1.0,SetByBid
2025-12-19 17:22:33,2025-12-19T17:22:33,59.71,1.0,SetByBid
2025-12-19 17:23:18,2025-12-19T17:23:18,59.7,1.0,SetByAsk
2025-12-19 17:23:18,2025-12-19T17:23:18,59.69,1.0,SetByAsk
2025-12-19 17:23:19,2025-12-19T17:23:19,59.69,1.0,SetByAsk
2025-12-19 17:23:44,2025-12-19T17:23:44,59.72,1.0,SetByBid
2025-12-19 17:23:44,2025-12-19T17:23:44,59.72,1.0,SetByBid
2025-12-19 17:23:44,2025-12-19T17:23:44,59.72,1.0,SetByBid
2025-12-19 17:23:59,2025-12-19T17:23:59,59.72,1.0,SetByAsk
2025-12-19 17:23:59,2025-12-19T17:23:59,59.72,1.0,SetByAsk
2025-12-19 17:23:59,2025-12-19T17:23:59,59.72,1.0,SetByAsk
2025-12-19 17:23:59,2025-12-19T17:23:59,59.72,1.0,SetByAsk
2025-12-19 17:23:59,2025-12-19T17:23:59,59.72,1.0,SetByAsk
2025-12-19 17:23:59,2025-12-19T17:23:59,59.72,1.0,SetByAsk
2025-12-19 17:23:59,2025-12-19T17:23:59,59.72,1.0,SetByAsk
2025-12-19 17:23:59,2025-12-19T17:23:59,59.72,2.0,SetByAsk
2025-12-19 17:23:59,2025-12-19T17:23:59,59.72,2.0,SetByAsk
2025-12-19 17:23:59,2025-12-19T17:23:59,59.72,1.0,SetByAsk
2025-12-19 17:23:59,2025-12-19T17:23:59,59.72,1.0,SetByAsk
2025-12-19 17:24:04,2025-12-19T17:24:04,59.73,1.0,SetByAsk
2025-12-19 17:24:04,2025-12-19T17:24:04,59.73,1.0,SetByAsk
2025-12-19 17:24:04,2025-12-19T17:24:04,59.73,1.0,SetByAsk
2025-12-19 17:24:25,2025-12-19T17:24:25,59.72,1.0,SetByAsk
2025-12-19 17:24:30,2025-12-19T17:24:30,59.71,1.0,SetByAsk
2025-12-19 17:24:30,2025-12-19T17:24:30,59.71,1.0,SetByAsk
2025-12-19 17:25:33,2025-12-19T17:25:33,59.7,1.0,SetByAsk
2025-12-19 17:25:33,2025-12-19T17:25:33,59.7,1.0,SetByAsk
2025-12-19 17:25:33,2025-12-19T17:25:33,59.7,1.0,SetByAsk
2025-12-19 17:25:33,2025-12-19T17:25:33,59.7,1.0,SetByAsk
2025-12-19 17:26:21,2025-12-19T17:26:21,59.71,1.0,SetByAsk
2025-12-19 17:26:21,2025-12-19T17:26:21,59.71,1.0,SetByAsk
2025-12-19 17:26:21,2025-12-19T17:26:21,59.71,1.0,SetByAsk
2025-12-19 17:26:28,2025-12-19T17:26:28,59.69,1.0,SetByAsk
2025-12-19 17:26:28,2025-12-19T17:26:28,59.69,1.0,SetByAsk
2025-12-19 17:26:28,2025-12-19T17:26:28,59.69,1.0,SetByAsk
2025-12-19 17:26:28,2025-12-19T17:26:28,59.69,1.0,SetByAsk
2025-12-19 17:28:03,2025-12-19T17:28:03,59.7,1.0,SetByBid
2025-12-19 17:28:52,2025-12-19T17:28:52,59.7,1.0,SetByAsk
2025-12-19 17:28:52,2025-12-19T17:28:52,59.7,1.0,SetByAsk
2025-12-19 17:29:00,2025-12-19T17:29:00,59.7,1.0,SetByAsk
2025-12-19 17:29:27,2025-12-19T17:29:27,59.7,2.0,SetByAsk
2025-12-19 17:29:53,2025-12-19T17:29:53,59.69,1.0,SetByAsk
2025-12-19 17:29:53,2025-12-19T17:29:53,59.69,6.0,SetByAsk
2025-12-19 17:29:53,2025-12-19T17:29:53,59.69,1.0,SetByAsk
2025-12-19 17:29:53,2025-12-19T17:29:53,59.69,1.0,SetByAsk
2025-12-19 17:29:53,2025-12-19T17:29:53,59.69,1.0,SetByAsk
2025-12-19 17:29:53,2025-12-19T17:29:53,59.69,1.0,SetByAsk
2025-12-19 17:29:53,2025-12-19T17:29:53,59.69,1.0,SetByAsk
2025-12-19 17:29:53,2025-12-19T17:29:53,59.69,7.0,SetByAsk
2025-12-19 17:29:53,2025-12-19T17:29:53,59.69,1.0,SetByAsk
2025-12-19 17:30:10,2025-12-19T17:30:10,59.71,1.0,SetByBid
2025-12-19 17:30:10,2025-12-19T17:30:10,59.71,1.0,SetByBid
2025-12-19 17:30:10,2025-12-19T17:30:10,59.71,1.0,SetByBid
2025-12-19 17:30:10,2025-12-19T17:30:10,59.71,1.0,SetByBid
2025-12-19 17:30:14,2025-12-19T17:30:14,59.7,1.0,SetByAsk
2025-12-19 17:30:14,2025-12-19T17:30:14,59.7,1.0,SetByAsk
2025-12-19 17:31:18,2025-12-19T17:31:18,59.72,1.0,SetByBid
2025-12-19 17:31:18,2025-12-19T17:31:18,59.72,1.0,SetByAsk
2025-12-19 17:31:18,2025-12-19T17:31:18,59.72,1.0,SetByAsk
2025-12-19 17:31:37,2025-12-19T17:31:37,59.73,1.0,SetByBid
2025-12-19 17:31:56,2025-12-19T17:31:56,59.75,1.0,SetByBid
2025-12-19 17:31:56,2025-12-19T17:31:56,59.75,1.0,SetByBid
2025-12-19 17:31:56,2025-12-19T17:31:56,59.75,1.0,SetByBid
2025-12-19 17:32:05,2025-12-19T17:32:05,59.73,1.0,SetByAsk
2025-12-19 17:32:05,2025-12-19T17:32:05,59.73,1.0,SetByAsk
2025-12-19 17:32:05,2025-12-19T17:32:05,59.73,1.0,SetByAsk
2025-12-19 17:32:05,2025-12-19T17:32:05,59.73,1.0,SetByAsk
2025-12-19 17:32:05,2025-12-19T17:32:05,59.73,1.0,SetByAsk
2025-12-19 17:32:43,2025-12-19T17:32:43,59.74,3.0,SetByAsk
2025-12-19 17:32:43,2025-12-19T17:32:43,59.74,2.0,SetByAsk
2025-12-19 17:32:43,2025-12-19T17:32:43,59.74,1.0,SetByAsk
2025-12-19 17:32:47,2025-12-19T17:32:47,59.73,1.0,SetByAsk
2025-12-19 17:32:47,2025-12-19T17:32:47,59.73,1.0,SetByAsk
2025-12-19 17:32:47,2025-12-19T17:32:47,59.73,1.0,SetByAsk
2025-12-19 17:32:54,2025-12-19T17:32:54,59.73,1.0,SetByAsk
2025-12-19 17:32:54,2025-12-19T17:32:54,59.73,1.0,SetByAsk
2025-12-19 17:33:06,2025-12-19T17:33:06,59.73,1.0,SetByAsk
2025-12-19 17:33:06,2025-12-19T17:33:06,59.73,1.0,SetByAsk
2025-12-19 17:33:06,2025-12-19T17:33:06,59.73,1.0,SetByAsk
2025-12-19 17:33:06,2025-12-19T17:33:06,59.73,1.0,SetByAsk
2025-12-19 17:33:06,2025-12-19T17:33:06,59.73,1.0,SetByAsk
2025-12-19 17:33:36,2025-12-19T17:33:36,59.73,1.0,SetByAsk
2025-12-19 17:33:36,2025-12-19T17:33:36,59.74,1.0,SetByBid
2025-12-19 17:33:41,2025-12-19T17:33:41,59.74,1.0,SetByBid
2025-12-19 17:33:41,2025-12-19T17:33:41,59.74,1.0,SetByBid
2025-12-19 17:33:41,2025-12-19T17:33:41,59.74,1.0,SetByBid
2025-12-19 17:33:41,2025-12-19T17:33:41,59.74,1.0,SetByBid
2025-12-19 17:34:15,2025-12-19T17:34:15,59.75,1.0,SetByBid
2025-12-19 17:35:17,2025-12-19T17:35:17,59.75,3.0,SetByBid
2025-12-19 17:35:17,2025-12-19T17:35:17,59.75,4.0,SetByBid
2025-12-19 17:35:17,2025-12-19T17:35:17,59.75,1.0,SetByBid
2025-12-19 17:35:17,2025-12-19T17:35:17,59.75,1.0,SetByBid
2025-12-19 17:35:17,2025-12-19T17:35:17,59.75,1.0,SetByBid
2025-12-19 17:35:26,2025-12-19T17:35:26,59.75,5.0,SetByBid
2025-12-19 17:35:26,2025-12-19T17:35:26,59.75,1.0,SetByBid
2025-12-19 17:35:26,2025-12-19T17:35:26,59.75,1.0,SetByBid
2025-12-19 17:35:26,2025-12-19T17:35:26,59.75,1.0,SetByBid
2025-12-19 17:35:26,2025-12-19T17:35:26,59.75,7.0,SetByBid
2025-12-19 17:35:26,2025-12-19T17:35:26,59.75,1.0,SetByBid
2025-12-19 17:35:26,2025-12-19T17:35:26,59.75,1.0,SetByBid
2025-12-19 17:35:26,2025-12-19T17:35:26,59.75,1.0,SetByBid
2025-12-19 17:35:26,2025-12-19T17:35:26,59.75,1.0,SetByBid
2025-12-19 17:35:26,2025-12-19T17:35:26,59.75,1.0,SetByBid
2025-12-19 17:35:26,2025-12-19T17:35:26,59.75,4.0,SetByBid
2025-12-19 17:35:26,2025-12-19T17:35:26,59.75,1.0,SetByBid
2025-12-19 17:35:27,2025-12-19T17:35:27,59.75,1.0,"SetByBid, Leg"
2025-12-19 17:35:27,2025-12-19T17:35:27,59.76,1.0,"SetByBid, Leg"
2025-12-19 17:35:27,2025-12-19T17:35:27,59.76,1.0,SetByBid
2025-12-19 17:35:31,2025-12-19T17:35:31,59.76,1.0,SetByBid
2025-12-19 17:36:02,2025-12-19T17:36:02,59.76,1.0,SetByAsk
2025-12-19 17:36:03,2025-12-19T17:36:03,59.76,1.0,SetByAsk
2025-12-19 17:36:03,2025-12-19T17:36:03,59.76,1.0,SetByAsk
2025-12-19 17:36:18,2025-12-19T17:36:18,59.76,1.0,SetByBid
2025-12-19 17:37:00,2025-12-19T17:37:00,59.75,1.0,SetByAsk
2025-12-19 17:37:03,2025-12-19T17:37:03,59.75,1.0,SetByBid
2025-12-19 17:37:05,2025-12-19T17:37:05,59.74,4.0,SetByAsk
2025-12-19 17:37:05,2025-12-19T17:37:05,59.74,1.0,SetByAsk
2025-12-19 17:37:05,2025-12-19T17:37:05,59.74,1.0,SetByAsk
2025-12-19 17:37:05,2025-12-19T17:37:05,59.74,1.0,SetByAsk
2025-12-19 17:37:32,2025-12-19T17:37:32,59.75,1.0,SetByBid
2025-12-19 17:37:32,2025-12-19T17:37:32,59.75,1.0,SetByBid
2025-12-19 17:37:35,2025-12-19T17:37:35,59.75,1.0,SetByBid
2025-12-19 17:37:35,2025-12-19T17:37:35,59.75,1.0,SetByBid
2025-12-19 17:37:35,2025-12-19T17:37:35,59.75,6.0,SetByBid
2025-12-19 17:37:35,2025-12-19T17:37:35,59.75,2.0,SetByBid
2025-12-19 17:37:35,2025-12-19T17:37:35,59.75,1.0,SetByBid
2025-12-19 17:37:35,2025-12-19T17:37:35,59.75,1.0,SetByBid
2025-12-19 17:37:35,2025-12-19T17:37:35,59.75,1.0,SetByBid
2025-12-19 17:37:49,2025-12-19T17:37:49,59.75,1.0,SetByAsk
2025-12-19 17:37:49,2025-12-19T17:37:49,59.75,1.0,SetByAsk
2025-12-19 17:38:33,2025-12-19T17:38:33,59.73,1.0,SetByAsk
2025-12-19 17:38:33,2025-12-19T17:38:33,59.73,1.0,SetByAsk
2025-12-19 17:38:33,2025-12-19T17:38:33,59.73,1.0,SetByAsk
2025-12-19 17:38:58,2025-12-19T17:38:58,59.75,1.0,SetByBid
2025-12-19 17:38:58,2025-12-19T17:38:58,59.75,1.0,SetByBid
2025-12-19 17:38:58,2025-12-19T17:38:58,59.76,1.0,SetByBid
2025-12-19 17:39:29,2025-12-19T17:39:29,59.75,1.0,SetByAsk
2025-12-19 17:40:16,2025-12-19T17:40:16,59.75,1.0,SetByAsk
2025-12-19 17:40:44,2025-12-19T17:40:44,59.79,1.0,SetByBid
2025-12-19 17:40:44,2025-12-19T17:40:44,59.79,1.0,SetByBid
2025-12-19 17:40:44,2025-12-19T17:40:44,59.79,1.0,SetByBid
2025-12-19 17:40:44,2025-12-19T17:40:44,59.79,1.0,SetByBid
2025-12-19 17:41:42,2025-12-19T17:41:42,59.76,1.0,SetByAsk
2025-12-19 17:41:47,2025-12-19T17:41:47,59.76,1.0,SetByAsk
2025-12-19 17:41:47,2025-12-19T17:41:47,59.76,1.0,SetByAsk
2025-12-19 17:41:47,2025-12-19T17:41:47,59.76,1.0,SetByAsk
2025-12-19 17:41:47,2025-12-19T17:41:47,59.76,1.0,SetByAsk
2025-12-19 17:41:47,2025-12-19T17:41:47,59.76,1.0,SetByAsk
2025-12-19 17:41:47,2025-12-19T17:41:47,59.76,1.0,SetByAsk
2025-12-19 17:41:47,2025-12-19T17:41:47,59.76,1.0,SetByAsk
2025-12-19 17:41:47,2025-12-19T17:41:47,59.76,1.0,SetByAsk
2025-12-19 17:41:47,2025-12-19T17:41:47,59.76,1.0,SetByAsk
2025-12-19 17:41:47,2025-12-19T17:41:47,59.76,1.0,SetByAsk
2025-12-19 17:41:47,2025-12-19T17:41:47,59.76,1.0,SetByAsk
2025-12-19 17:41:47,2025-12-19T17:41:47,59.76,1.0,SetByAsk
2025-12-19 17:41:47,2025-12-19T17:41:47,59.76,1.0,SetByAsk
2025-12-19 17:41:47,2025-12-19T17:41:47,59.76,1.0,SetByAsk
2025-12-19 17:41:47,2025-12-19T17:41:47,59.76,1.0,SetByAsk
2025-12-19 17:41:47,2025-12-19T17:41:47,59.76,1.0,SetByAsk
2025-12-19 17:41:48,2025-12-19T17:41:48,59.76,1.0,SetByAsk
2025-12-19 17:41:48,2025-12-19T17:41:48,59.76,1.0,SetByAsk
2025-12-19 17:41:48,2025-12-19T17:41:48,59.76,1.0,SetByAsk
2025-12-19 17:41:48,2025-12-19T17:41:48,59.76,1.0,SetByAsk
2025-12-19 17:41:48,2025-12-19T17:41:48,59.76,1.0,SetByAsk
2025-12-19 17:41:56,2025-12-19T17:41:56,59.77,1.0,SetByBid
2025-12-19 17:42:29,2025-12-19T17:42:29,59.78,1.0,SetByBid
2025-12-19 17:42:29,2025-12-19T17:42:29,59.78,1.0,SetByBid
2025-12-19 17:42:29,2025-12-19T17:42:29,59.78,1.0,SetByBid
2025-12-19 17:42:32,2025-12-19T17:42:32,59.78,1.0,SetByBid
2025-12-19 17:42:32,2025-12-19T17:42:32,59.78,1.0,SetByBid
2025-12-19 17:42:36,2025-12-19T17:42:36,59.79,1.0,SetByBid
2025-12-19 17:42:36,2025-12-19T17:42:36,59.79,2.0,SetByBid
2025-12-19 17:42:36,2025-12-19T17:42:36,59.79,1.0,SetByAsk
2025-12-19 17:42:37,2025-12-19T17:42:37,59.79,1.0,SetByAsk
2025-12-19 17:42:37,2025-12-19T17:42:37,59.79,1.0,SetByAsk
2025-12-19 17:42:37,2025-12-19T17:42:37,59.79,1.0,SetByAsk
2025-12-19 17:42:37,2025-12-19T17:42:37,59.79,4.0,SetByAsk
2025-12-19 17:43:00,2025-12-19T17:43:00,59.78,1.0,SetByAsk
2025-12-19 17:43:30,2025-12-19T17:43:30,59.79,1.0,SetByBid
2025-12-19 17:43:45,2025-12-19T17:43:45,59.8,5.0,SetByBid
2025-12-19 17:43:45,2025-12-19T17:43:45,59.8,2.0,SetByBid
2025-12-19 17:43:45,2025-12-19T17:43:45,59.8,1.0,SetByBid
2025-12-19 17:44:04,2025-12-19T17:44:04,59.81,1.0,SetByAsk
2025-12-19 17:44:10,2025-12-19T17:44:10,59.81,3.0,SetByAsk
2025-12-19 17:44:13,2025-12-19T17:44:13,59.81,1.0,SetByBid
2025-12-19 17:44:15,2025-12-19T17:44:15,59.81,1.0,SetByAsk
2025-12-19 17:44:15,2025-12-19T17:44:15,59.81,1.0,SetByAsk
2025-12-19 17:44:15,2025-12-19T17:44:15,59.81,1.0,SetByAsk
2025-12-19 17:44:15,2025-12-19T17:44:15,59.81,1.0,SetByAsk
2025-12-19 17:44:15,2025-12-19T17:44:15,59.81,1.0,SetByAsk
2025-12-19 17:44:15,2025-12-19T17:44:15,59.81,1.0,SetByAsk
2025-12-19 17:44:15,2025-12-19T17:44:15,59.81,1.0,SetByAsk
2025-12-19 17:44:15,2025-12-19T17:44:15,59.81,1.0,SetByAsk
2025-12-19 17:44:15,2025-12-19T17:44:15,59.81,1.0,SetByAsk
2025-12-19 17:44:15,2025-12-19T17:44:15,59.81,1.0,SetByAsk
2025-12-19 17:44:27,2025-12-19T17:44:27,59.82,1.0,SetByBid
2025-12-19 17:44:29,2025-12-19T17:44:29,59.81,1.0,SetByAsk
2025-12-19 17:44:29,2025-12-19T17:44:29,59.81,1.0,SetByAsk
2025-12-19 17:44:31,2025-12-19T17:44:31,59.82,1.0,SetByBid
2025-12-19 17:44:44,2025-12-19T17:44:44,59.82,1.0,SetByBid
2025-12-19 17:44:44,2025-12-19T17:44:44,59.82,1.0,SetByBid
2025-12-19 17:44:44,2025-12-19T17:44:44,59.82,1.0,SetByBid
2025-12-19 17:44:44,2025-12-19T17:44:44,59.82,1.0,SetByBid
2025-12-19 17:44:44,2025-12-19T17:44:44,59.81,1.0,SetByAsk
2025-12-19 17:44:44,2025-12-19T17:44:44,59.81,1.0,SetByAsk
2025-12-19 17:44:44,2025-12-19T17:44:44,59.81,1.0,SetByAsk
2025-12-19 17:44:46,2025-12-19T17:44:46,59.82,1.0,SetByBid
2025-12-19 17:44:49,2025-12-19T17:44:49,59.84,1.0,SetByAsk
2025-12-19 17:44:49,2025-12-19T17:44:49,59.84,1.0,SetByAsk
2025-12-19 17:44:49,2025-12-19T17:44:49,59.84,1.0,SetByAsk
2025-12-19 17:44:51,2025-12-19T17:44:51,59.85,1.0,SetByBid
2025-12-19 17:44:52,2025-12-19T17:44:52,59.83,1.0,SetByAsk
2025-12-19 17:44:52,2025-12-19T17:44:52,59.83,1.0,SetByAsk
2025-12-19 17:44:52,2025-12-19T17:44:52,59.83,1.0,SetByAsk
2025-12-19 17:44:54,2025-12-19T17:44:54,59.85,1.0,SetByBid
2025-12-19 17:44:54,2025-12-19T17:44:54,59.85,1.0,SetByBid
2025-12-19 17:45:12,2025-12-19T17:45:12,59.84,1.0,SetByAsk
2025-12-19 17:45:12,2025-12-19T17:45:12,59.84,1.0,SetByAsk
2025-12-19 17:45:12,2025-12-19T17:45:12,59.84,1.0,SetByAsk
2025-12-19 17:45:12,2025-12-19T17:45:12,59.84,1.0,SetByAsk
2025-12-19 17:45:12,2025-12-19T17:45:12,59.84,2.0,SetByAsk
2025-12-19 17:45:12,2025-12-19T17:45:12,59.84,3.0,SetByAsk
2025-12-19 17:45:12,2025-12-19T17:45:12,59.84,2.0,SetByAsk
2025-12-19 17:45:23,2025-12-19T17:45:23,59.84,1.0,SetByAsk
2025-12-19 17:45:33,2025-12-19T17:45:33,59.84,1.0,SetByBid
2025-12-19 17:45:41,2025-12-19T17:45:41,59.83,1.0,SetByAsk
2025-12-19 17:45:41,2025-12-19T17:45:41,59.83,1.0,SetByAsk
2025-12-19 17:45:41,2025-12-19T17:45:41,59.83,1.0,SetByAsk
2025-12-19 17:45:41,2025-12-19T17:45:41,59.83,1.0,SetByAsk
2025-12-19 17:45:41,2025-12-19T17:45:41,59.83,1.0,SetByAsk
2025-12-19 17:45:41,2025-12-19T17:45:41,59.83,1.0,SetByAsk
2025-12-19 17:45:41,2025-12-19T17:45:41,59.84,1.0,SetByBid
2025-12-19 17:45:43,2025-12-19T17:45:43,59.83,1.0,SetByAsk
2025-12-19 17:45:43,2025-12-19T17:45:43,59.83,1.0,SetByAsk
2025-12-19 17:45:43,2025-12-19T17:45:43,59.83,2.0,SetByAsk
2025-12-19 17:45:53,2025-12-19T17:45:53,59.82,1.0,SetByAsk
2025-12-19 17:45:53,2025-12-19T17:45:53,59.82,1.0,SetByAsk
2025-12-19 17:45:53,2025-12-19T17:45:53,59.82,1.0,SetByAsk
2025-12-19 17:46:01,2025-12-19T17:46:01,59.82,1.0,SetByBid
2025-12-19 17:46:01,2025-12-19T17:46:01,59.82,1.0,SetByBid
2025-12-19 17:46:01,2025-12-19T17:46:01,59.82,1.0,SetByBid
2025-12-19 17:46:01,2025-12-19T17:46:01,59.83,1.0,SetByBid
2025-12-19 17:46:07,2025-12-19T17:46:07,59.82,1.0,SetByBid
2025-12-19 17:46:07,2025-12-19T17:46:07,59.82,1.0,SetByBid
2025-12-19 17:46:08,2025-12-19T17:46:08,59.82,1.0,SetByBid
2025-12-19 17:46:27,2025-12-19T17:46:27,59.83,1.0,SetByBid
2025-12-19 17:47:16,2025-12-19T17:47:16,59.86,1.0,SetByBid
2025-12-19 17:47:16,2025-12-19T17:47:16,59.86,1.0,SetByBid
2025-12-19 17:47:16,2025-12-19T17:47:16,59.86,1.0,SetByBid
2025-12-19 17:47:16,2025-12-19T17:47:16,59.86,4.0,SetByBid
2025-12-19 17:47:16,2025-12-19T17:47:16,59.86,1.0,"SetByBid, Leg"
2025-12-19 17:47:16,2025-12-19T17:47:16,59.87,1.0,"SetByBid, Leg"
2025-12-19 17:47:16,2025-12-19T17:47:16,59.87,1.0,SetByBid
2025-12-19 17:47:16,2025-12-19T17:47:16,59.87,1.0,SetByBid
2025-12-19 17:47:16,2025-12-19T17:47:16,59.87,1.0,SetByBid
2025-12-19 17:47:16,2025-12-19T17:47:16,59.87,1.0,SetByBid
2025-12-19 17:47:16,2025-12-19T17:47:16,59.87,1.0,SetByBid
2025-12-19 17:47:16,2025-12-19T17:47:16,59.87,1.0,SetByBid
2025-12-19 17:47:16,2025-12-19T17:47:16,59.87,1.0,SetByBid
2025-12-19 17:47:16,2025-12-19T17:47:16,59.87,1.0,SetByBid
2025-12-19 17:47:16,2025-12-19T17:47:16,59.87,1.0,SetByBid
2025-12-19 17:47:16,2025-12-19T17:47:16,59.87,1.0,SetByBid
2025-12-19 17:47:16,2025-12-19T17:47:16,59.87,1.0,SetByBid
2025-12-19 17:47:16,2025-12-19T17:47:16,59.87,1.0,SetByBid
2025-12-19 17:47:16,2025-12-19T17:47:16,59.87,3.0,SetByBid
2025-12-19 17:47:16,2025-12-19T17:47:16,59.87,1.0,SetByBid
2025-12-19 17:47:16,2025-12-19T17:47:16,59.85,1.0,SetByAsk
2025-12-19 17:47:30,2025-12-19T17:47:30,59.84,1.0,SetByAsk
2025-12-19 17:47:46,2025-12-19T17:47:46,59.84,1.0,SetByAsk
2025-12-19 17:47:46,2025-12-19T17:47:46,59.84,1.0,SetByAsk
2025-12-19 17:47:46,2025-12-19T17:47:46,59.84,4.0,SetByAsk
2025-12-19 17:48:12,2025-12-19T17:48:12,59.83,1.0,SetByAsk
2025-12-19 17:48:12,2025-12-19T17:48:12,59.83,1.0,SetByAsk
2025-12-19 17:48:56,2025-12-19T17:48:56,59.83,1.0,SetByAsk
2025-12-19 17:49:02,2025-12-19T17:49:02,59.83,1.0,SetByAsk
2025-12-19 17:49:32,2025-12-19T17:49:32,59.83,1.0,SetByBid
2025-12-19 17:49:32,2025-12-19T17:49:32,59.84,2.0,SetByBid
2025-12-19 17:49:40,2025-12-19T17:49:40,59.82,1.0,SetByBid
2025-12-19 17:50:02,2025-12-19T17:50:02,59.83,1.0,SetByBid
2025-12-19 17:50:23,2025-12-19T17:50:23,59.83,4.0,SetByAsk
2025-12-19 17:50:23,2025-12-19T17:50:23,59.83,11.0,SetByAsk
2025-12-19 17:50:23,2025-12-19T17:50:23,59.83,3.0,SetByAsk
2025-12-19 17:50:33,2025-12-19T17:50:33,59.83,1.0,SetByBid
2025-12-19 17:50:43,2025-12-19T17:50:43,59.83,1.0,SetByBid
2025-12-19 17:50:43,2025-12-19T17:50:43,59.83,5.0,SetByBid
2025-12-19 17:50:53,2025-12-19T17:50:53,59.83,1.0,SetByBid
2025-12-19 17:50:53,2025-12-19T17:50:53,59.83,1.0,SetByBid
2025-12-19 17:50:53,2025-12-19T17:50:53,59.83,1.0,SetByBid
2025-12-19 17:50:53,2025-12-19T17:50:53,59.83,3.0,SetByAsk
2025-12-19 17:50:53,2025-12-19T17:50:53,59.83,6.0,SetByAsk
2025-12-19 17:50:53,2025-12-19T17:50:53,59.83,2.0,SetByAsk
2025-12-19 17:50:53,2025-12-19T17:50:53,59.83,1.0,SetByAsk
2025-12-19 17:50:53,2025-12-19T17:50:53,59.83,1.0,SetByAsk
2025-12-19 17:50:53,2025-12-19T17:50:53,59.83,1.0,SetByAsk
2025-12-19 17:50:53,2025-12-19T17:50:53,59.83,2.0,SetByAsk
2025-12-19 17:50:53,2025-12-19T17:50:53,59.83,1.0,SetByAsk
2025-12-19 17:51:01,2025-12-19T17:51:01,59.83,1.0,SetByBid
2025-12-19 17:51:07,2025-12-19T17:51:07,59.83,1.0,SetByBid
2025-12-19 17:51:17,2025-12-19T17:51:17,59.84,1.0,SetByBid
2025-12-19 17:51:17,2025-12-19T17:51:17,59.84,1.0,SetByBid
2025-12-19 17:51:17,2025-12-19T17:51:17,59.84,1.0,SetByBid
2025-12-19 17:51:17,2025-12-19T17:51:17,59.84,1.0,SetByBid
2025-12-19 17:51:20,2025-12-19T17:51:20,59.82,1.0,SetByAsk
2025-12-19 17:51:20,2025-12-19T17:51:20,59.82,1.0,SetByAsk
2025-12-19 17:51:20,2025-12-19T17:51:20,59.82,1.0,SetByAsk
2025-12-19 17:51:20,2025-12-19T17:51:20,59.82,1.0,SetByAsk
2025-12-19 17:51:20,2025-12-19T17:51:20,59.82,1.0,SetByAsk
2025-12-19 17:51:20,2025-12-19T17:51:20,59.82,1.0,SetByAsk
2025-12-19 17:51:20,2025-12-19T17:51:20,59.82,1.0,SetByAsk
2025-12-19 17:51:20,2025-12-19T17:51:20,59.82,1.0,SetByAsk
2025-12-19 17:51:20,2025-12-19T17:51:20,59.82,3.0,SetByAsk
2025-12-19 17:51:20,2025-12-19T17:51:20,59.82,1.0,SetByAsk
2025-12-19 17:51:20,2025-12-19T17:51:20,59.82,5.0,SetByBid
2025-12-19 17:51:20,2025-12-19T17:51:20,59.82,1.0,SetByBid
2025-12-19 17:51:39,2025-12-19T17:51:39,59.82,1.0,SetByBid
2025-12-19 17:52:04,2025-12-19T17:52:04,59.81,1.0,SetByBid
2025-12-19 17:53:03,2025-12-19T17:53:03,59.82,1.0,SetByBid
2025-12-19 17:53:03,2025-12-19T17:53:03,59.82,1.0,SetByBid
2025-12-19 17:53:03,2025-12-19T17:53:03,59.82,1.0,SetByBid
2025-12-19 17:53:32,2025-12-19T17:53:32,59.83,1.0,SetByAsk
2025-12-19 17:53:45,2025-12-19T17:53:45,59.84,1.0,SetByAsk
2025-12-19 17:54:48,2025-12-19T17:54:48,59.84,1.0,SetByBid
2025-12-19 17:54:48,2025-12-19T17:54:48,59.84,2.0,SetByBid
2025-12-19 17:54:48,2025-12-19T17:54:48,59.84,1.0,SetByBid
2025-12-19 17:54:55,2025-12-19T17:54:55,59.85,1.0,SetByBid
2025-12-19 17:54:55,2025-12-19T17:54:55,59.85,1.0,SetByBid
2025-12-19 17:54:55,2025-12-19T17:54:55,59.85,1.0,SetByBid
2025-12-19 17:54:55,2025-12-19T17:54:55,59.85,1.0,SetByBid
2025-12-19 17:54:55,2025-12-19T17:54:55,59.85,1.0,SetByBid
2025-12-19 17:54:55,2025-12-19T17:54:55,59.85,1.0,SetByBid
2025-12-19 17:54:55,2025-12-19T17:54:55,59.85,1.0,SetByBid
2025-12-19 17:54:55,2025-12-19T17:54:55,59.85,1.0,SetByAsk
2025-12-19 17:54:55,2025-12-19T17:54:55,59.85,1.0,SetByAsk
2025-12-19 17:54:59,2025-12-19T17:54:59,59.83,1.0,SetByAsk
2025-12-19 17:54:59,2025-12-19T17:54:59,59.83,1.0,SetByAsk
2025-12-19 17:54:59,2025-12-19T17:54:59,59.83,1.0,SetByAsk
2025-12-19 17:55:06,2025-12-19T17:55:06,59.83,1.0,SetByAsk
2025-12-19 17:55:06,2025-12-19T17:55:06,59.83,1.0,SetByAsk
2025-12-19 17:55:06,2025-12-19T17:55:06,59.83,4.0,SetByAsk
2025-12-19 17:55:06,2025-12-19T17:55:06,59.83,1.0,SetByAsk
2025-12-19 17:55:29,2025-12-19T17:55:29,59.83,1.0,SetByAsk
2025-12-19 17:55:29,2025-12-19T17:55:29,59.83,1.0,SetByAsk
2025-12-19 17:56:14,2025-12-19T17:56:14,59.83,1.0,SetByBid
2025-12-19 17:56:27,2025-12-19T17:56:27,59.82,1.0,SetByAsk
2025-12-19 17:56:34,2025-12-19T17:56:34,59.83,1.0,SetByBid
2025-12-19 17:56:34,2025-12-19T17:56:34,59.83,1.0,SetByBid
2025-12-19 17:56:34,2025-12-19T17:56:34,59.83,1.0,SetByBid
2025-12-19 17:56:41,2025-12-19T17:56:41,59.83,1.0,SetByBid
2025-12-19 17:57:43,2025-12-19T17:57:43,59.83,1.0,SetByAsk
2025-12-19 17:58:08,2025-12-19T17:58:08,59.83,1.0,SetByBid
2025-12-19 17:58:11,2025-12-19T17:58:11,59.83,1.0,SetByAsk
2025-12-19 17:58:20,2025-12-19T17:58:20,59.84,1.0,SetByBid
2025-12-19 17:58:20,2025-12-19T17:58:20,59.84,1.0,SetByBid
2025-12-19 17:58:20,2025-12-19T17:58:20,59.84,1.0,SetByBid
2025-12-19 17:58:20,2025-12-19T17:58:20,59.84,1.0,SetByBid
2025-12-19 17:59:02,2025-12-19T17:59:02,59.82,1.0,SetByAsk
2025-12-19 17:59:02,2025-12-19T17:59:02,59.82,2.0,SetByAsk
2025-12-19 17:59:36,2025-12-19T17:59:36,59.81,1.0,SetByAsk
2025-12-19 17:59:36,2025-12-19T17:59:36,59.8,1.0,SetByAsk
2025-12-19 17:59:45,2025-12-19T17:59:45,59.81,1.0,SetByAsk
2025-12-19 17:59:45,2025-12-19T17:59:45,59.81,1.0,SetByAsk
2025-12-19 17:59:55,2025-12-19T17:59:55,59.81,1.0,SetByBid
2025-12-19 17:59:55,2025-12-19T17:59:55,59.81,2.0,SetByBid
2025-12-19 17:59:59,2025-12-19T17:59:59,59.8,1.0,SetByAsk
2025-12-19 17:59:59,2025-12-19T17:59:59,59.79,1.0,SetByAsk
2025-12-19 17:59:59,2025-12-19T17:59:59,59.79,1.0,SetByAsk
2025-12-19 17:59:59,2025-12-19T17:59:59,59.79,1.0,SetByAsk
2025-12-19 17:59:59,2025-12-19T17:59:59,59.79,1.0,SetByAsk
2025-12-19 17:59:59,2025-12-19T17:59:59,59.79,1.0,SetByAsk
2025-12-19 18:00:00,2025-12-19T18:00:00,59.78,1.0,SetByAsk
2025-12-19 18:00:00,2025-12-19T18:00:00,59.78,1.0,SetByAsk
2025-12-19 18:00:00,2025-12-19T18:00:00,59.76,1.0,SetByAsk
2025-12-19 18:00:00,2025-12-19T18:00:00,59.77,1.0,SetByBid
2025-12-19 18:00:02,2025-12-19T18:00:02,59.75,1.0,SetByBid
2025-12-19 18:00:02,2025-12-19T18:00:02,59.75,1.0,SetByBid
2025-12-19 18:00:02,2025-12-19T18:00:02,59.75,1.0,SetByBid
2025-12-19 18:00:02,2025-12-19T18:00:02,59.75,1.0,SetByBid
2025-12-19 18:00:02,2025-12-19T18:00:02,59.75,1.0,SetByBid
2025-12-19 18:00:05,2025-12-19T18:00:05,59.74,1.0,SetByBid
2025-12-19 18:00:06,2025-12-19T18:00:06,59.73,1.0,SetByAsk
2025-12-19 18:00:08,2025-12-19T18:00:08,59.73,1.0,SetByBid
2025-12-19 18:00:08,2025-12-19T18:00:08,59.73,1.0,SetByBid
2025-12-19 18:00:09,2025-12-19T18:00:09,59.73,1.0,SetByBid
2025-12-19 18:00:09,2025-12-19T18:00:09,59.73,1.0,SetByBid
2025-12-19 18:00:10,2025-12-19T18:00:10,59.74,3.0,SetByBid
2025-12-19 18:00:10,2025-12-19T18:00:10,59.74,1.0,SetByBid
2025-12-19 18:00:11,2025-12-19T18:00:11,59.75,1.0,SetByBid
2025-12-19 18:00:11,2025-12-19T18:00:11,59.75,1.0,SetByBid
2025-12-19 18:00:11,2025-12-19T18:00:11,59.75,1.0,SetByBid
2025-12-19 18:00:11,2025-12-19T18:00:11,59.75,1.0,SetByBid
2025-12-19 18:00:13,2025-12-19T18:00:13,59.75,1.0,SetByBid
2025-12-19 18:00:14,2025-12-19T18:00:14,59.76,1.0,SetByBid
2025-12-19 18:00:14,2025-12-19T18:00:14,59.76,1.0,SetByBid
2025-12-19 18:00:14,2025-12-19T18:00:14,59.76,1.0,SetByBid
2025-12-19 18:00:14,2025-12-19T18:00:14,59.77,2.0,SetByBid
2025-12-19 18:00:19,2025-12-19T18:00:19,59.76,1.0,SetByBid
2025-12-19 18:00:19,2025-12-19T18:00:19,59.76,1.0,SetByBid
2025-12-19 18:00:19,2025-12-19T18:00:19,59.76,1.0,SetByBid
2025-12-19 18:00:19,2025-12-19T18:00:19,59.76,1.0,SetByBid
2025-12-19 18:00:27,2025-12-19T18:00:27,59.76,1.0,SetByAsk
2025-12-19 18:00:28,2025-12-19T18:00:28,59.77,1.0,SetByBid
2025-12-19 18:00:28,2025-12-19T18:00:28,59.77,3.0,SetByBid
2025-12-19 18:00:28,2025-12-19T18:00:28,59.77,1.0,SetByBid
2025-12-19 18:00:28,2025-12-19T18:00:28,59.77,1.0,SetByBid
2025-12-19 18:00:28,2025-12-19T18:00:28,59.77,1.0,SetByBid
2025-12-19 18:00:28,2025-12-19T18:00:28,59.77,1.0,SetByBid
2025-12-19 18:00:28,2025-12-19T18:00:28,59.77,1.0,SetByAsk
2025-12-19 18:00:28,2025-12-19T18:00:28,59.77,1.0,SetByAsk
2025-12-19 18:00:28,2025-12-19T18:00:28,59.77,1.0,SetByAsk
2025-12-19 18:00:28,2025-12-19T18:00:28,59.77,1.0,SetByAsk
2025-12-19 18:00:28,2025-12-19T18:00:28,59.77,2.0,SetByAsk
2025-12-19 18:00:28,2025-12-19T18:00:28,59.77,1.0,SetByAsk
2025-12-19 18:00:28,2025-12-19T18:00:28,59.77,1.0,SetByAsk
2025-12-19 18:00:28,2025-12-19T18:00:28,59.77,1.0,SetByAsk
2025-12-19 18:00:30,2025-12-19T18:00:30,59.77,1.0,SetByAsk
2025-12-19 18:00:30,2025-12-19T18:00:30,59.77,1.0,SetByAsk
2025-12-19 18:00:31,2025-12-19T18:00:31,59.77,1.0,SetByAsk
2025-12-19 18:00:31,2025-12-19T18:00:31,59.77,2.0,SetByAsk
2025-12-19 18:00:31,2025-12-19T18:00:31,59.77,1.0,SetByAsk
2025-12-19 18:00:32,2025-12-19T18:00:32,59.77,1.0,SetByAsk
2025-12-19 18:00:33,2025-12-19T18:00:33,59.77,1.0,SetByAsk
2025-12-19 18:00:33,2025-12-19T18:00:33,59.77,1.0,SetByAsk
2025-12-19 18:00:33,2025-12-19T18:00:33,59.77,1.0,SetByAsk
2025-12-19 18:00:33,2025-12-19T18:00:33,59.77,2.0,SetByAsk
2025-12-19 18:00:33,2025-12-19T18:00:33,59.77,1.0,SetByAsk
2025-12-19 18:00:33,2025-12-19T18:00:33,59.77,1.0,SetByAsk
2025-12-19 18:00:33,2025-12-19T18:00:33,59.77,1.0,SetByAsk
2025-12-19 18:00:33,2025-12-19T18:00:33,59.77,1.0,SetByAsk
2025-12-19 18:00:33,2025-12-19T18:00:33,59.77,1.0,SetByAsk
2025-12-19 18:00:33,2025-12-19T18:00:33,59.77,1.0,SetByAsk
2025-12-19 18:00:33,2025-12-19T18:00:33,59.77,1.0,SetByAsk
2025-12-19 18:00:33,2025-12-19T18:00:33,59.77,1.0,SetByAsk
2025-12-19 18:00:33,2025-12-19T18:00:33,59.77,1.0,SetByAsk
2025-12-19 18:00:33,2025-12-19T18:00:33,59.77,1.0,SetByAsk
2025-12-19 18:00:33,2025-12-19T18:00:33,59.77,1.0,SetByAsk
2025-12-19 18:00:33,2025-12-19T18:00:33,59.77,1.0,SetByAsk
2025-12-19 18:00:36,2025-12-19T18:00:36,59.77,1.0,SetByAsk
2025-12-19 18:00:36,2025-12-19T18:00:36,59.77,1.0,SetByAsk
2025-12-19 18:00:36,2025-12-19T18:00:36,59.77,1.0,SetByAsk
2025-12-19 18:00:36,2025-12-19T18:00:36,59.77,1.0,SetByAsk
2025-12-19 18:00:36,2025-12-19T18:00:36,59.77,1.0,SetByAsk
2025-12-19 18:00:36,2025-12-19T18:00:36,59.77,1.0,SetByAsk
2025-12-19 18:00:36,2025-12-19T18:00:36,59.77,1.0,SetByAsk
2025-12-19 18:00:40,2025-12-19T18:00:40,59.78,1.0,SetByBid
2025-12-19 18:00:41,2025-12-19T18:00:41,59.78,1.0,SetByBid
2025-12-19 18:00:59,2025-12-19T18:00:59,59.8,1.0,SetByBid
2025-12-19 18:01:08,2025-12-19T18:01:08,59.76,1.0,SetByBid
2025-12-19 18:01:29,2025-12-19T18:01:29,59.78,1.0,SetByBid
2025-12-19 18:01:30,2025-12-19T18:01:30,59.79,1.0,SetByBid
2025-12-19 18:02:19,2025-12-19T18:02:19,59.75,1.0,SetByAsk
2025-12-19 18:02:37,2025-12-19T18:02:37,59.71,1.0,SetByAsk
2025-12-19 18:02:37,2025-12-19T18:02:37,59.71,1.0,SetByAsk
2025-12-19 18:02:37,2025-12-19T18:02:37,59.71,1.0,SetByAsk
2025-12-19 18:02:37,2025-12-19T18:02:37,59.71,2.0,SetByBid
2025-12-19 18:02:37,2025-12-19T18:02:37,59.71,2.0,SetByBid
2025-12-19 18:02:45,2025-12-19T18:02:45,59.71,1.0,SetByBid
2025-12-19 18:02:52,2025-12-19T18:02:52,59.7,1.0,SetByBid
2025-12-19 18:02:52,2025-12-19T18:02:52,59.7,1.0,SetByBid
2025-12-19 18:02:52,2025-12-19T18:02:52,59.7,1.0,SetByBid
2025-12-19 18:02:52,2025-12-19T18:02:52,59.7,1.0,SetByBid
2025-12-19 18:02:52,2025-12-19T18:02:52,59.7,1.0,SetByBid
2025-12-19 18:02:52,2025-12-19T18:02:52,59.7,1.0,SetByBid
2025-12-19 18:02:53,2025-12-19T18:02:53,59.7,1.0,SetByBid
2025-12-19 18:03:22,2025-12-19T18:03:22,59.69,1.0,SetByBid
2025-12-19 18:03:24,2025-12-19T18:03:24,59.69,1.0,SetByBid
2025-12-19 18:03:24,2025-12-19T18:03:24,59.69,1.0,SetByBid
2025-12-19 18:03:43,2025-12-19T18:03:43,59.69,3.0,SetByAsk
2025-12-19 18:03:48,2025-12-19T18:03:48,59.68,1.0,SetByAsk
2025-12-19 18:03:55,2025-12-19T18:03:55,59.68,1.0,SetByAsk
2025-12-19 18:03:56,2025-12-19T18:03:56,59.68,1.0,SetByAsk
2025-12-19 18:03:56,2025-12-19T18:03:56,59.68,1.0,SetByAsk
2025-12-19 18:04:26,2025-12-19T18:04:26,59.66,2.0,SetByAsk
2025-12-19 18:04:28,2025-12-19T18:04:28,59.66,1.0,SetByBid
2025-12-19 18:04:36,2025-12-19T18:04:36,59.66,1.0,SetByBid
2025-12-19 18:05:12,2025-12-19T18:05:12,59.69,1.0,SetByBid
2025-12-19 18:05:12,2025-12-19T18:05:12,59.69,1.0,SetByBid
2025-12-19 18:05:45,2025-12-19T18:05:45,59.66,1.0,SetByBid
2025-12-19 18:06:02,2025-12-19T18:06:02,59.66,1.0,SetByBid
2025-12-19 18:06:06,2025-12-19T18:06:06,59.64,1.0,SetByAsk
2025-12-19 18:06:06,2025-12-19T18:06:06,59.64,1.0,SetByAsk
2025-12-19 18:06:06,2025-12-19T18:06:06,59.64,3.0,SetByAsk
2025-12-19 18:06:06,2025-12-19T18:06:06,59.63,1.0,SetByAsk
2025-12-19 18:06:06,2025-12-19T18:06:06,59.63,1.0,SetByAsk
2025-12-19 18:06:06,2025-12-19T18:06:06,59.63,1.0,SetByAsk
2025-12-19 18:06:06,2025-12-19T18:06:06,59.63,1.0,SetByBid
2025-12-19 18:06:15,2025-12-19T18:06:15,59.65,1.0,SetByBid
2025-12-19 18:06:15,2025-12-19T18:06:15,59.66,1.0,SetByBid
2025-12-19 18:06:43,2025-12-19T18:06:43,59.64,1.0,SetByAsk
2025-12-19 18:06:43,2025-12-19T18:06:43,59.64,1.0,SetByBid
2025-12-19 18:06:43,2025-12-19T18:06:43,59.64,1.0,SetByBid
2025-12-19 18:06:59,2025-12-19T18:06:59,59.64,1.0,SetByAsk
2025-12-19 18:08:47,2025-12-19T18:08:47,59.71,1.0,SetByAsk
2025-12-19 18:08:47,2025-12-19T18:08:47,59.71,1.0,SetByBid
2025-12-19 18:08:53,2025-12-19T18:08:53,59.71,1.0,SetByAsk
2025-12-19 18:08:54,2025-12-19T18:08:54,59.72,1.0,SetByBid
2025-12-19 18:08:54,2025-12-19T18:08:54,59.72,1.0,SetByBid
2025-12-19 18:08:54,2025-12-19T18:08:54,59.72,1.0,SetByBid
2025-12-19 18:08:54,2025-12-19T18:08:54,59.72,1.0,SetByBid
2025-12-19 18:08:54,2025-12-19T18:08:54,59.72,1.0,SetByBid
2025-12-19 18:08:54,2025-12-19T18:08:54,59.72,8.0,SetByBid
2025-12-19 18:08:54,2025-12-19T18:08:54,59.72,1.0,SetByBid
2025-12-19 18:08:54,2025-12-19T18:08:54,59.72,1.0,SetByBid
2025-12-19 18:08:54,2025-12-19T18:08:54,59.72,1.0,SetByBid
2025-12-19 18:08:54,2025-12-19T18:08:54,59.72,1.0,SetByBid
2025-12-19 18:08:54,2025-12-19T18:08:54,59.72,1.0,SetByBid
2025-12-19 18:08:54,2025-12-19T18:08:54,59.72,3.0,SetByBid
2025-12-19 18:08:54,2025-12-19T18:08:54,59.72,1.0,SetByBid
2025-12-19 18:08:54,2025-12-19T18:08:54,59.73,1.0,SetByBid
2025-12-19 18:08:54,2025-12-19T18:08:54,59.73,1.0,SetByBid
2025-12-19 18:08:54,2025-12-19T18:08:54,59.73,1.0,SetByBid
2025-12-19 18:08:54,2025-12-19T18:08:54,59.73,1.0,SetByBid
2025-12-19 18:08:54,2025-12-19T18:08:54,59.73,1.0,SetByBid
2025-12-19 18:08:54,2025-12-19T18:08:54,59.73,1.0,SetByBid
2025-12-19 18:08:54,2025-12-19T18:08:54,59.73,1.0,SetByBid
2025-12-19 18:08:54,2025-12-19T18:08:54,59.73,1.0,SetByBid
2025-12-19 18:08:54,2025-12-19T18:08:54,59.73,1.0,SetByBid
2025-12-19 18:08:54,2025-12-19T18:08:54,59.73,1.0,SetByBid
2025-12-19 18:08:54,2025-12-19T18:08:54,59.73,2.0,SetByBid
2025-12-19 18:08:54,2025-12-19T18:08:54,59.73,2.0,SetByBid
2025-12-19 18:08:54,2025-12-19T18:08:54,59.73,1.0,SetByBid
2025-12-19 18:08:54,2025-12-19T18:08:54,59.73,1.0,SetByBid
2025-12-19 18:08:54,2025-12-19T18:08:54,59.73,2.0,SetByBid
2025-12-19 18:08:54,2025-12-19T18:08:54,59.73,1.0,SetByBid
2025-12-19 18:08:54,2025-12-19T18:08:54,59.73,2.0,SetByBid
2025-12-19 18:08:54,2025-12-19T18:08:54,59.73,4.0,SetByBid
2025-12-19 18:08:54,2025-12-19T18:08:54,59.73,1.0,SetByBid
2025-12-19 18:08:54,2025-12-19T18:08:54,59.73,1.0,SetByBid
2025-12-19 18:08:54,2025-12-19T18:08:54,59.73,1.0,SetByBid
2025-12-19 18:08:54,2025-12-19T18:08:54,59.71,1.0,SetByAsk
2025-12-19 18:08:57,2025-12-19T18:08:57,59.72,1.0,SetByBid
2025-12-19 18:08:58,2025-12-19T18:08:58,59.72,1.0,SetByAsk
2025-12-19 18:08:59,2025-12-19T18:08:59,59.72,1.0,SetByBid
2025-12-19 18:08:59,2025-12-19T18:08:59,59.72,1.0,SetByAsk
2025-12-19 18:10:00,2025-12-19T18:10:00,59.74,1.0,SetByBid
2025-12-19 18:10:27,2025-12-19T18:10:27,59.73,1.0,SetByAsk
2025-12-19 18:11:04,2025-12-19T18:11:04,59.74,1.0,"SetByAsk, Leg"
2025-12-19 18:11:04,2025-12-19T18:11:04,59.73,1.0,"SetByAsk, Leg"
2025-12-19 18:11:04,2025-12-19T18:11:04,59.73,1.0,SetByAsk
2025-12-19 18:11:04,2025-12-19T18:11:04,59.73,1.0,SetByAsk
2025-12-19 18:11:04,2025-12-19T18:11:04,59.73,1.0,SetByAsk
2025-12-19 18:11:04,2025-12-19T18:11:04,59.73,1.0,SetByAsk
2025-12-19 18:11:04,2025-12-19T18:11:04,59.73,3.0,SetByAsk
2025-12-19 18:11:04,2025-12-19T18:11:04,59.73,2.0,"SetByAsk, Leg"
2025-12-19 18:11:04,2025-12-19T18:11:04,59.72,2.0,"SetByAsk, Leg"
2025-12-19 18:11:04,2025-12-19T18:11:04,59.72,1.0,SetByAsk
2025-12-19 18:11:04,2025-12-19T18:11:04,59.72,1.0,SetByAsk
2025-12-19 18:11:04,2025-12-19T18:11:04,59.72,1.0,SetByAsk
2025-12-19 18:11:04,2025-12-19T18:11:04,59.72,1.0,SetByAsk
2025-12-19 18:11:04,2025-12-19T18:11:04,59.72,1.0,SetByAsk
2025-12-19 18:11:04,2025-12-19T18:11:04,59.72,3.0,SetByAsk
2025-12-19 18:11:04,2025-12-19T18:11:04,59.72,1.0,SetByAsk
2025-12-19 18:11:04,2025-12-19T18:11:04,59.72,1.0,SetByAsk
2025-12-19 18:11:04,2025-12-19T18:11:04,59.72,2.0,SetByAsk
2025-12-19 18:11:04,2025-12-19T18:11:04,59.72,1.0,SetByAsk
2025-12-19 18:11:04,2025-12-19T18:11:04,59.72,1.0,SetByAsk
2025-12-19 18:11:04,2025-12-19T18:11:04,59.72,1.0,SetByAsk
2025-12-19 18:11:04,2025-12-19T18:11:04,59.72,1.0,SetByAsk
2025-12-19 18:11:04,2025-12-19T18:11:04,59.72,1.0,SetByAsk
2025-12-19 18:11:04,2025-12-19T18:11:04,59.72,1.0,SetByAsk
2025-12-19 18:11:04,2025-12-19T18:11:04,59.72,1.0,SetByAsk
2025-12-19 18:11:04,2025-12-19T18:11:04,59.72,1.0,SetByAsk
2025-12-19 18:11:04,2025-12-19T18:11:04,59.72,1.0,SetByAsk
2025-12-19 18:11:04,2025-12-19T18:11:04,59.72,1.0,SetByAsk
2025-12-19 18:11:04,2025-12-19T18:11:04,59.72,1.0,SetByAsk
2025-12-19 18:11:04,2025-12-19T18:11:04,59.72,1.0,SetByAsk
2025-12-19 18:11:04,2025-12-19T18:11:04,59.72,1.0,SetByAsk
2025-12-19 18:11:04,2025-12-19T18:11:04,59.72,1.0,SetByAsk
2025-12-19 18:11:04,2025-12-19T18:11:04,59.72,1.0,SetByAsk
2025-12-19 18:11:04,2025-12-19T18:11:04,59.72,1.0,SetByAsk
2025-12-19 18:11:04,2025-12-19T18:11:04,59.72,1.0,SetByAsk
2025-12-19 18:11:04,2025-12-19T18:11:04,59.72,1.0,SetByAsk
2025-12-19 18:11:04,2025-12-19T18:11:04,59.72,1.0,SetByAsk
2025-12-19 18:11:04,2025-12-19T18:11:04,59.72,2.0,SetByAsk
2025-12-19 18:11:04,2025-12-19T18:11:04,59.72,3.0,SetByAsk
2025-12-19 18:11:04,2025-12-19T18:11:04,59.72,1.0,SetByAsk
2025-12-19 18:11:20,2025-12-19T18:11:20,59.73,1.0,SetByAsk
2025-12-19 18:11:20,2025-12-19T18:11:20,59.73,1.0,SetByAsk
2025-12-19 18:11:20,2025-12-19T18:11:20,59.73,1.0,SetByAsk
2025-12-19 18:12:17,2025-12-19T18:12:17,59.75,5.0,SetByBid
2025-12-19 18:12:17,2025-12-19T18:12:17,59.75,5.0,SetByBid
2025-12-19 18:12:25,2025-12-19T18:12:25,59.75,1.0,SetByAsk
2025-12-19 18:12:46,2025-12-19T18:12:46,59.75,2.0,SetByAsk
2025-12-19 18:12:46,2025-12-19T18:12:46,59.75,1.0,SetByAsk
2025-12-19 18:12:52,2025-12-19T18:12:52,59.76,1.0,SetByBid
2025-12-19 18:12:52,2025-12-19T18:12:52,59.76,1.0,SetByBid
2025-12-19 18:14:50,2025-12-19T18:14:50,59.73,1.0,SetByBid
2025-12-19 18:15:07,2025-12-19T18:15:07,59.71,1.0,SetByBid
2025-12-19 18:15:16,2025-12-19T18:15:16,59.71,1.0,SetByBid
2025-12-19 18:16:10,2025-12-19T18:16:10,59.73,3.0,SetByAsk
2025-12-19 18:16:19,2025-12-19T18:16:19,59.73,1.0,SetByBid
2025-12-19 18:16:19,2025-12-19T18:16:19,59.73,1.0,SetByBid
2025-12-19 18:16:34,2025-12-19T18:16:34,59.73,1.0,SetByBid
2025-12-19 18:16:34,2025-12-19T18:16:34,59.73,1.0,SetByAsk
2025-12-19 18:16:35,2025-12-19T18:16:35,59.73,1.0,SetByBid
2025-12-19 18:16:35,2025-12-19T18:16:35,59.73,1.0,SetByBid
2025-12-19 18:16:35,2025-12-19T18:16:35,59.73,1.0,SetByBid
2025-12-19 18:16:37,2025-12-19T18:16:37,59.72,1.0,SetByAsk
2025-12-19 18:16:37,2025-12-19T18:16:37,59.72,1.0,SetByAsk
2025-12-19 18:16:37,2025-12-19T18:16:37,59.72,1.0,SetByAsk
2025-12-19 18:16:37,2025-12-19T18:16:37,59.72,1.0,SetByAsk
2025-12-19 18:16:37,2025-12-19T18:16:37,59.71,1.0,SetByAsk
2025-12-19 18:16:37,2025-12-19T18:16:37,59.71,1.0,SetByAsk
2025-12-19 18:16:37,2025-12-19T18:16:37,59.71,1.0,SetByAsk
2025-12-19 18:16:37,2025-12-19T18:16:37,59.7,1.0,SetByAsk
2025-12-19 18:16:38,2025-12-19T18:16:38,59.7,1.0,SetByAsk
2025-12-19 18:16:40,2025-12-19T18:16:40,59.7,1.0,SetByAsk
2025-12-19 18:16:40,2025-12-19T18:16:40,59.7,1.0,SetByAsk
2025-12-19 18:16:45,2025-12-19T18:16:45,59.7,1.0,SetByAsk
2025-12-19 18:16:45,2025-12-19T18:16:45,59.7,1.0,SetByAsk
2025-12-19 18:16:45,2025-12-19T18:16:45,59.7,1.0,SetByAsk
2025-12-19 18:17:16,2025-12-19T18:17:16,59.7,1.0,SetByBid
2025-12-19 18:17:16,2025-12-19T18:17:16,59.7,1.0,SetByBid
2025-12-19 18:17:16,2025-12-19T18:17:16,59.7,1.0,SetByBid
2025-12-19 18:17:16,2025-12-19T18:17:16,59.7,1.0,SetByBid
2025-12-19 18:17:16,2025-12-19T18:17:16,59.7,1.0,SetByBid
2025-12-19 18:17:20,2025-12-19T18:17:20,59.69,2.0,SetByAsk
2025-12-19 18:18:06,2025-12-19T18:18:06,59.7,1.0,SetByAsk
2025-12-19 18:18:06,2025-12-19T18:18:06,59.7,1.0,SetByAsk
2025-12-19 18:18:06,2025-12-19T18:18:06,59.7,1.0,SetByAsk
2025-12-19 18:18:37,2025-12-19T18:18:37,59.69,1.0,SetByAsk
2025-12-19 18:18:41,2025-12-19T18:18:41,59.69,1.0,SetByAsk
2025-12-19 18:18:42,2025-12-19T18:18:42,59.68,1.0,SetByAsk
2025-12-19 18:18:42,2025-12-19T18:18:42,59.68,1.0,SetByAsk
2025-12-19 18:18:42,2025-12-19T18:18:42,59.68,1.0,SetByAsk
2025-12-19 18:18:42,2025-12-19T18:18:42,59.68,1.0,SetByAsk
2025-12-19 18:18:42,2025-12-19T18:18:42,59.68,1.0,SetByBid
2025-12-19 18:19:24,2025-12-19T18:19:24,59.69,1.0,SetByBid
2025-12-19 18:20:26,2025-12-19T18:20:26,59.7,1.0,SetByAsk
2025-12-19 18:20:40,2025-12-19T18:20:40,59.7,1.0,SetByAsk
2025-12-19 18:20:40,2025-12-19T18:20:40,59.7,1.0,SetByAsk
2025-12-19 18:20:40,2025-12-19T18:20:40,59.7,1.0,SetByAsk
2025-12-19 18:20:40,2025-12-19T18:20:40,59.7,1.0,SetByAsk
2025-12-19 18:20:40,2025-12-19T18:20:40,59.7,1.0,SetByAsk
2025-12-19 18:20:40,2025-12-19T18:20:40,59.7,1.0,SetByAsk
2025-12-19 18:20:40,2025-12-19T18:20:40,59.7,1.0,SetByAsk
2025-12-19 18:20:40,2025-12-19T18:20:40,59.7,1.0,SetByAsk
2025-12-19 18:20:40,2025-12-19T18:20:40,59.7,1.0,SetByAsk
2025-12-19 18:20:40,2025-12-19T18:20:40,59.7,1.0,SetByAsk
2025-12-19 18:20:40,2025-12-19T18:20:40,59.7,1.0,SetByAsk
2025-12-19 18:20:40,2025-12-19T18:20:40,59.7,1.0,SetByAsk
2025-12-19 18:20:53,2025-12-19T18:20:53,59.69,1.0,SetByBid
2025-12-19 18:21:18,2025-12-19T18:21:18,59.68,1.0,SetByAsk
2025-12-19 18:21:18,2025-12-19T18:21:18,59.68,1.0,SetByAsk
2025-12-19 18:21:18,2025-12-19T18:21:18,59.68,1.0,SetByAsk
2025-12-19 18:21:29,2025-12-19T18:21:29,59.67,1.0,SetByAsk
2025-12-19 18:21:29,2025-12-19T18:21:29,59.67,1.0,SetByAsk
2025-12-19 18:21:29,2025-12-19T18:21:29,59.67,1.0,SetByAsk
2025-12-19 18:21:29,2025-12-19T18:21:29,59.67,1.0,SetByAsk
2025-12-19 18:22:02,2025-12-19T18:22:02,59.66,1.0,SetByAsk
2025-12-19 18:22:02,2025-12-19T18:22:02,59.66,1.0,SetByAsk
2025-12-19 18:22:33,2025-12-19T18:22:33,59.65,1.0,SetByAsk
2025-12-19 18:22:47,2025-12-19T18:22:47,59.65,1.0,SetByAsk
2025-12-19 18:22:47,2025-12-19T18:22:47,59.65,1.0,SetByAsk
2025-12-19 18:22:52,2025-12-19T18:22:52,59.65,1.0,SetByAsk
2025-12-19 18:22:55,2025-12-19T18:22:55,59.65,1.0,SetByAsk
2025-12-19 18:22:55,2025-12-19T18:22:55,59.65,1.0,SetByAsk
2025-12-19 18:23:05,2025-12-19T18:23:05,59.64,1.0,SetByAsk
2025-12-19 18:23:05,2025-12-19T18:23:05,59.63,1.0,SetByAsk
2025-12-19 18:23:18,2025-12-19T18:23:18,59.64,1.0,SetByAsk
2025-12-19 18:24:00,2025-12-19T18:24:00,59.62,1.0,SetByAsk
2025-12-19 18:24:00,2025-12-19T18:24:00,59.62,1.0,SetByAsk
2025-12-19 18:24:01,2025-12-19T18:24:01,59.62,1.0,SetByBid
2025-12-19 18:24:11,2025-12-19T18:24:11,59.6,1.0,SetByAsk
2025-12-19 18:24:12,2025-12-19T18:24:12,59.59,1.0,SetByAsk
2025-12-19 18:24:12,2025-12-19T18:24:12,59.59,1.0,SetByAsk
2025-12-19 18:24:20,2025-12-19T18:24:20,59.61,1.0,SetByBid
2025-12-19 18:24:20,2025-12-19T18:24:20,59.6,1.0,SetByAsk
2025-12-19 18:24:20,2025-12-19T18:24:20,59.6,2.0,SetByAsk
2025-12-19 18:24:20,2025-12-19T18:24:20,59.6,2.0,SetByAsk
2025-12-19 18:24:25,2025-12-19T18:24:25,59.6,1.0,SetByAsk
2025-12-19 18:24:25,2025-12-19T18:24:25,59.6,1.0,SetByAsk
2025-12-19 18:24:25,2025-12-19T18:24:25,59.6,1.0,SetByAsk
2025-12-19 18:24:25,2025-12-19T18:24:25,59.6,1.0,SetByAsk
2025-12-19 18:24:25,2025-12-19T18:24:25,59.6,1.0,SetByAsk
2025-12-19 18:24:25,2025-12-19T18:24:25,59.6,1.0,SetByAsk
2025-12-19 18:24:25,2025-12-19T18:24:25,59.6,3.0,SetByAsk
2025-12-19 18:24:25,2025-12-19T18:24:25,59.6,1.0,SetByAsk
2025-12-19 18:24:34,2025-12-19T18:24:34,59.6,1.0,SetByBid
2025-12-19 18:24:44,2025-12-19T18:24:44,59.59,1.0,SetByAsk
2025-12-19 18:24:44,2025-12-19T18:24:44,59.59,8.0,SetByAsk
2025-12-19 18:24:44,2025-12-19T18:24:44,59.57,1.0,SetByBid
2025-12-19 18:24:44,2025-12-19T18:24:44,59.57,1.0,SetByBid
2025-12-19 18:24:44,2025-12-19T18:24:44,59.57,1.0,SetByBid
2025-12-19 18:24:46,2025-12-19T18:24:46,59.58,1.0,SetByBid
2025-12-19 18:25:02,2025-12-19T18:25:02,59.56,1.0,SetByAsk
2025-12-19 18:25:02,2025-12-19T18:25:02,59.56,1.0,SetByAsk
2025-12-19 18:25:02,2025-12-19T18:25:02,59.56,1.0,SetByBid
2025-12-19 18:25:15,2025-12-19T18:25:15,59.56,1.0,SetByBid
2025-12-19 18:25:15,2025-12-19T18:25:15,59.56,2.0,SetByBid
2025-12-19 18:25:15,2025-12-19T18:25:15,59.56,2.0,SetByBid
2025-12-19 18:25:21,2025-12-19T18:25:21,59.54,1.0,SetByAsk
2025-12-19 18:25:25,2025-12-19T18:25:25,59.54,1.0,SetByBid
2025-12-19 18:25:25,2025-12-19T18:25:25,59.54,1.0,SetByBid
2025-12-19 18:25:48,2025-12-19T18:25:48,59.55,1.0,SetByBid
2025-12-19 18:25:48,2025-12-19T18:25:48,59.56,1.0,SetByBid
2025-12-19 18:25:48,2025-12-19T18:25:48,59.56,1.0,SetByBid
2025-12-19 18:25:48,2025-12-19T18:25:48,59.56,1.0,SetByBid
2025-12-19 18:25:48,2025-12-19T18:25:48,59.56,1.0,SetByBid
2025-12-19 18:25:48,2025-12-19T18:25:48,59.56,1.0,SetByBid
2025-12-19 18:25:48,2025-12-19T18:25:48,59.56,1.0,SetByBid
2025-12-19 18:25:48,2025-12-19T18:25:48,59.56,1.0,SetByBid
2025-12-19 18:25:48,2025-12-19T18:25:48,59.56,1.0,SetByBid
2025-12-19 18:25:48,2025-12-19T18:25:48,59.56,1.0,SetByBid
2025-12-19 18:25:48,2025-12-19T18:25:48,59.56,1.0,SetByBid
2025-12-19 18:25:48,2025-12-19T18:25:48,59.56,7.0,SetByBid
2025-12-19 18:25:48,2025-12-19T18:25:48,59.56,3.0,SetByBid
2025-12-19 18:25:48,2025-12-19T18:25:48,59.56,4.0,SetByBid
2025-12-19 18:25:48,2025-12-19T18:25:48,59.56,1.0,SetByBid
2025-12-19 18:25:48,2025-12-19T18:25:48,59.56,1.0,SetByBid
2025-12-19 18:25:48,2025-12-19T18:25:48,59.56,2.0,SetByBid
2025-12-19 18:25:48,2025-12-19T18:25:48,59.56,1.0,SetByBid
2025-12-19 18:25:48,2025-12-19T18:25:48,59.56,1.0,SetByBid
2025-12-19 18:25:48,2025-12-19T18:25:48,59.56,1.0,SetByBid
2025-12-19 18:25:48,2025-12-19T18:25:48,59.56,1.0,SetByBid
2025-12-19 18:25:48,2025-12-19T18:25:48,59.56,1.0,SetByBid
2025-12-19 18:25:48,2025-12-19T18:25:48,59.56,1.0,SetByBid
2025-12-19 18:25:48,2025-12-19T18:25:48,59.56,1.0,SetByBid
2025-12-19 18:25:48,2025-12-19T18:25:48,59.56,1.0,SetByBid
2025-12-19 18:25:48,2025-12-19T18:25:48,59.56,1.0,SetByBid
2025-12-19 18:25:48,2025-12-19T18:25:48,59.56,3.0,SetByBid
2025-12-19 18:25:48,2025-12-19T18:25:48,59.56,1.0,SetByBid
2025-12-19 18:25:48,2025-12-19T18:25:48,59.56,1.0,SetByBid
2025-12-19 18:25:48,2025-12-19T18:25:48,59.56,1.0,SetByBid
2025-12-19 18:25:48,2025-12-19T18:25:48,59.56,1.0,SetByBid
2025-12-19 18:25:48,2025-12-19T18:25:48,59.56,1.0,SetByBid
2025-12-19 18:25:48,2025-12-19T18:25:48,59.56,1.0,SetByBid
2025-12-19 18:25:48,2025-12-19T18:25:48,59.56,2.0,SetByBid
2025-12-19 18:25:48,2025-12-19T18:25:48,59.56,1.0,SetByBid
2025-12-19 18:26:04,2025-12-19T18:26:04,59.56,1.0,SetByAsk
2025-12-19 18:26:04,2025-12-19T18:26:04,59.56,1.0,SetByAsk
2025-12-19 18:27:00,2025-12-19T18:27:00,59.56,1.0,SetByBid
2025-12-19 18:27:00,2025-12-19T18:27:00,59.56,1.0,SetByBid
2025-12-19 18:27:00,2025-12-19T18:27:00,59.56,1.0,SetByBid
2025-12-19 18:27:48,2025-12-19T18:27:48,59.56,2.0,SetByAsk
2025-12-19 18:27:48,2025-12-19T18:27:48,59.56,1.0,SetByAsk
2025-12-19 18:27:56,2025-12-19T18:27:56,59.57,1.0,SetByAsk
2025-12-19 18:27:56,2025-12-19T18:27:56,59.57,1.0,SetByAsk
2025-12-19 18:28:39,2025-12-19T18:28:39,59.6,1.0,SetByAsk
2025-12-19 18:28:39,2025-12-19T18:28:39,59.6,1.0,SetByAsk
2025-12-19 18:28:39,2025-12-19T18:28:39,59.6,1.0,SetByAsk
2025-12-19 18:28:39,2025-12-19T18:28:39,59.6,1.0,SetByAsk
2025-12-19 18:28:39,2025-12-19T18:28:39,59.6,1.0,SetByAsk
2025-12-19 18:28:39,2025-12-19T18:28:39,59.6,1.0,SetByAsk
2025-12-19 18:29:01,2025-12-19T18:29:01,59.62,2.0,SetByAsk
2025-12-19 18:29:01,2025-12-19T18:29:01,59.62,1.0,SetByAsk
2025-12-19 18:29:01,2025-12-19T18:29:01,59.62,1.0,SetByAsk
2025-12-19 18:29:01,2025-12-19T18:29:01,59.62,1.0,SetByBid
2025-12-19 18:29:37,2025-12-19T18:29:37,59.62,1.0,SetByBid
2025-12-19 18:29:39,2025-12-19T18:29:39,59.63,1.0,SetByBid
2025-12-19 18:29:39,2025-12-19T18:29:39,59.63,1.0,SetByBid
2025-12-19 18:29:44,2025-12-19T18:29:44,59.64,1.0,SetByBid
2025-12-19 18:29:44,2025-12-19T18:29:44,59.64,1.0,SetByBid
2025-12-19 18:30:00,2025-12-19T18:30:00,59.63,1.0,SetByAsk
2025-12-19 18:30:00,2025-12-19T18:30:00,59.63,1.0,SetByAsk
2025-12-19 18:30:00,2025-12-19T18:30:00,59.63,1.0,SetByAsk
2025-12-19 18:30:00,2025-12-19T18:30:00,59.62,1.0,SetByAsk
2025-12-19 18:30:00,2025-12-19T18:30:00,59.62,1.0,SetByAsk
2025-12-19 18:30:00,2025-12-19T18:30:00,59.62,2.0,SetByAsk
2025-12-19 18:30:00,2025-12-19T18:30:00,59.62,2.0,SetByAsk
2025-12-19 18:30:00,2025-12-19T18:30:00,59.62,2.0,SetByAsk
2025-12-19 18:30:18,2025-12-19T18:30:18,59.65,1.0,SetByBid
2025-12-19 18:30:18,2025-12-19T18:30:18,59.65,1.0,SetByBid
2025-12-19 18:30:18,2025-12-19T18:30:18,59.65,2.0,SetByBid
2025-12-19 18:30:18,2025-12-19T18:30:18,59.65,2.0,SetByBid
2025-12-19 18:30:32,2025-12-19T18:30:32,59.68,1.0,SetByAsk
2025-12-19 18:30:32,2025-12-19T18:30:32,59.68,1.0,SetByAsk
2025-12-19 18:30:33,2025-12-19T18:30:33,59.68,2.0,SetByBid
2025-12-19 18:30:34,2025-12-19T18:30:34,59.69,1.0,SetByBid
2025-12-19 18:30:34,2025-12-19T18:30:34,59.69,1.0,SetByBid
2025-12-19 18:30:42,2025-12-19T18:30:42,59.71,1.0,SetByBid
2025-12-19 18:30:43,2025-12-19T18:30:43,59.72,1.0,SetByBid
2025-12-19 18:30:43,2025-12-19T18:30:43,59.71,1.0,SetByAsk
2025-12-19 18:30:45,2025-12-19T18:30:45,59.71,1.0,SetByBid
2025-12-19 18:30:50,2025-12-19T18:30:50,59.71,1.0,SetByAsk
2025-12-19 18:31:03,2025-12-19T18:31:03,59.75,1.0,SetByBid
2025-12-19 18:31:17,2025-12-19T18:31:17,59.75,1.0,SetByAsk
2025-12-19 18:31:17,2025-12-19T18:31:17,59.75,1.0,SetByAsk
2025-12-19 18:31:17,2025-12-19T18:31:17,59.75,1.0,SetByAsk
2025-12-19 18:31:17,2025-12-19T18:31:17,59.75,3.0,SetByAsk
2025-12-19 18:31:19,2025-12-19T18:31:19,59.76,1.0,SetByAsk
2025-12-19 18:31:21,2025-12-19T18:31:21,59.76,1.0,SetByAsk
2025-12-19 18:31:21,2025-12-19T18:31:21,59.76,1.0,SetByAsk
2025-12-19 18:31:21,2025-12-19T18:31:21,59.77,1.0,SetByBid
2025-12-19 18:31:23,2025-12-19T18:31:23,59.77,1.0,SetByAsk
2025-12-19 18:31:23,2025-12-19T18:31:23,59.77,1.0,SetByAsk
2025-12-19 18:31:23,2025-12-19T18:31:23,59.77,1.0,SetByAsk
2025-12-19 18:31:23,2025-12-19T18:31:23,59.77,1.0,SetByAsk
2025-12-19 18:31:24,2025-12-19T18:31:24,59.77,1.0,SetByAsk
2025-12-19 18:31:24,2025-12-19T18:31:24,59.77,1.0,SetByAsk
2025-12-19 18:31:26,2025-12-19T18:31:26,59.77,1.0,SetByAsk
2025-12-19 18:31:30,2025-12-19T18:31:30,59.78,5.0,SetByAsk
2025-12-19 18:31:30,2025-12-19T18:31:30,59.78,5.0,SetByAsk
2025-12-19 18:31:35,2025-12-19T18:31:35,59.79,2.0,SetByAsk
2025-12-19 18:31:35,2025-12-19T18:31:35,59.79,2.0,SetByBid
2025-12-19 18:31:57,2025-12-19T18:31:57,59.77,1.0,SetByAsk
2025-12-19 18:32:09,2025-12-19T18:32:09,59.77,3.0,SetByBid
2025-12-19 18:32:09,2025-12-19T18:32:09,59.77,1.0,SetByBid
2025-12-19 18:32:10,2025-12-19T18:32:10,59.77,7.0,SetByAsk
2025-12-19 18:32:10,2025-12-19T18:32:10,59.77,1.0,SetByAsk
2025-12-19 18:32:22,2025-12-19T18:32:22,59.75,1.0,SetByAsk
2025-12-19 18:32:33,2025-12-19T18:32:33,59.75,1.0,SetByAsk
2025-12-19 18:32:33,2025-12-19T18:32:33,59.75,1.0,SetByAsk
2025-12-19 18:32:33,2025-12-19T18:32:33,59.75,1.0,SetByAsk
2025-12-19 18:32:33,2025-12-19T18:32:33,59.75,1.0,SetByAsk
2025-12-19 18:32:43,2025-12-19T18:32:43,59.74,1.0,SetByBid
2025-12-19 18:32:44,2025-12-19T18:32:44,59.74,1.0,SetByAsk
2025-12-19 18:32:46,2025-12-19T18:32:46,59.74,1.0,SetByBid
2025-12-19 18:32:48,2025-12-19T18:32:48,59.74,1.0,SetByBid
2025-12-19 18:32:48,2025-12-19T18:32:48,59.74,1.0,SetByBid
2025-12-19 18:32:48,2025-12-19T18:32:48,59.74,1.0,SetByAsk
2025-12-19 18:32:49,2025-12-19T18:32:49,59.74,1.0,SetByBid
2025-12-19 18:32:50,2025-12-19T18:32:50,59.75,1.0,SetByBid
2025-12-19 18:32:56,2025-12-19T18:32:56,59.73,1.0,SetByAsk
2025-12-19 18:32:57,2025-12-19T18:32:57,59.73,1.0,SetByAsk
2025-12-19 18:32:59,2025-12-19T18:32:59,59.72,1.0,SetByBid
2025-12-19 18:32:59,2025-12-19T18:32:59,59.73,1.0,SetByBid
2025-12-19 18:33:00,2025-12-19T18:33:00,59.73,1.0,SetByBid
2025-12-19 18:33:00,2025-12-19T18:33:00,59.73,1.0,SetByAsk
2025-12-19 18:33:01,2025-12-19T18:33:01,59.74,1.0,SetByBid
2025-12-19 18:33:02,2025-12-19T18:33:02,59.74,1.0,SetByBid
2025-12-19 18:33:03,2025-12-19T18:33:03,59.74,1.0,SetByBid
2025-12-19 18:33:03,2025-12-19T18:33:03,59.74,1.0,SetByBid
2025-12-19 18:33:04,2025-12-19T18:33:04,59.74,1.0,SetByBid
2025-12-19 18:33:04,2025-12-19T18:33:04,59.74,1.0,SetByBid
2025-12-19 18:33:05,2025-12-19T18:33:05,59.74,1.0,SetByBid
2025-12-19 18:33:05,2025-12-19T18:33:05,59.74,1.0,SetByBid
2025-12-19 18:33:05,2025-12-19T18:33:05,59.74,1.0,SetByBid
2025-12-19 18:33:05,2025-12-19T18:33:05,59.74,1.0,SetByBid
2025-12-19 18:33:05,2025-12-19T18:33:05,59.74,1.0,SetByBid
2025-12-19 18:33:05,2025-12-19T18:33:05,59.74,1.0,SetByBid
2025-12-19 18:33:05,2025-12-19T18:33:05,59.74,2.0,SetByBid
2025-12-19 18:33:05,2025-12-19T18:33:05,59.74,2.0,SetByBid
2025-12-19 18:33:06,2025-12-19T18:33:06,59.74,1.0,SetByBid
2025-12-19 18:33:11,2025-12-19T18:33:11,59.76,1.0,SetByBid
2025-12-19 18:33:11,2025-12-19T18:33:11,59.76,1.0,SetByBid
2025-12-19 18:33:12,2025-12-19T18:33:12,59.76,1.0,SetByBid
2025-12-19 18:33:13,2025-12-19T18:33:13,59.75,1.0,SetByAsk
2025-12-19 18:33:14,2025-12-19T18:33:14,59.76,1.0,SetByBid
2025-12-19 18:33:15,2025-12-19T18:33:15,59.76,1.0,SetByAsk
2025-12-19 18:34:01,2025-12-19T18:34:01,59.78,1.0,SetByBid
2025-12-19 18:34:02,2025-12-19T18:34:02,59.78,1.0,SetByAsk
2025-12-19 18:34:05,2025-12-19T18:34:05,59.79,1.0,SetByAsk
2025-12-19 18:34:09,2025-12-19T18:34:09,59.77,1.0,SetByAsk
2025-12-19 18:34:21,2025-12-19T18:34:21,59.81,1.0,SetByBid
2025-12-19 18:34:21,2025-12-19T18:34:21,59.81,1.0,SetByBid
2025-12-19 18:34:21,2025-12-19T18:34:21,59.81,1.0,SetByBid
2025-12-19 18:34:21,2025-12-19T18:34:21,59.81,1.0,"SetByBid, Leg"
2025-12-19 18:34:21,2025-12-19T18:34:21,59.82,1.0,"SetByBid, Leg"
2025-12-19 18:34:21,2025-12-19T18:34:21,59.82,1.0,SetByBid
2025-12-19 18:34:21,2025-12-19T18:34:21,59.82,1.0,SetByBid
2025-12-19 18:34:21,2025-12-19T18:34:21,59.82,1.0,SetByBid
2025-12-19 18:34:21,2025-12-19T18:34:21,59.82,1.0,SetByBid
2025-12-19 18:34:21,2025-12-19T18:34:21,59.82,1.0,SetByBid
2025-12-19 18:34:47,2025-12-19T18:34:47,59.79,1.0,SetByAsk
2025-12-19 18:34:47,2025-12-19T18:34:47,59.79,1.0,SetByAsk
2025-12-19 18:34:54,2025-12-19T18:34:54,59.78,1.0,SetByBid
2025-12-19 18:34:54,2025-12-19T18:34:54,59.78,1.0,SetByBid
2025-12-19 18:34:55,2025-12-19T18:34:55,59.78,1.0,SetByBid
2025-12-19 18:34:57,2025-12-19T18:34:57,59.76,1.0,SetByBid
2025-12-19 18:34:58,2025-12-19T18:34:58,59.76,1.0,SetByAsk
2025-12-19 18:34:58,2025-12-19T18:34:58,59.77,1.0,SetByBid
2025-12-19 18:34:58,2025-12-19T18:34:58,59.77,1.0,SetByBid
2025-12-19 18:34:58,2025-12-19T18:34:58,59.77,1.0,SetByBid
2025-12-19 18:34:59,2025-12-19T18:34:59,59.77,1.0,SetByBid
2025-12-19 18:34:59,2025-12-19T18:34:59,59.77,1.0,SetByBid
2025-12-19 18:34:59,2025-12-19T18:34:59,59.77,1.0,SetByBid
2025-12-19 18:34:59,2025-12-19T18:34:59,59.77,1.0,SetByBid
2025-12-19 18:35:00,2025-12-19T18:35:00,59.79,1.0,SetByBid
2025-12-19 18:35:05,2025-12-19T18:35:05,59.78,1.0,SetByBid
2025-12-19 18:35:17,2025-12-19T18:35:17,59.77,1.0,SetByBid
2025-12-19 18:35:23,2025-12-19T18:35:23,59.77,1.0,SetByBid
2025-12-19 18:35:33,2025-12-19T18:35:33,59.77,1.0,SetByAsk
2025-12-19 18:35:36,2025-12-19T18:35:36,59.78,1.0,SetByAsk
2025-12-19 18:35:39,2025-12-19T18:35:39,59.79,1.0,SetByBid
2025-12-19 18:35:41,2025-12-19T18:35:41,59.8,5.0,SetByBid
2025-12-19 18:35:53,2025-12-19T18:35:53,59.79,1.0,SetByBid
2025-12-19 18:35:53,2025-12-19T18:35:53,59.79,1.0,SetByBid
2025-12-19 18:36:13,2025-12-19T18:36:13,59.79,1.0,SetByAsk
2025-12-19 18:36:18,2025-12-19T18:36:18,59.78,1.0,SetByAsk
2025-12-19 18:36:18,2025-12-19T18:36:18,59.78,1.0,SetByAsk
2025-12-19 18:36:23,2025-12-19T18:36:23,59.76,1.0,SetByBid
2025-12-19 18:36:23,2025-12-19T18:36:23,59.76,2.0,SetByBid
2025-12-19 18:36:45,2025-12-19T18:36:45,59.76,2.0,SetByAsk
2025-12-19 18:37:00,2025-12-19T18:37:00,59.74,1.0,SetByAsk
2025-12-19 18:37:01,2025-12-19T18:37:01,59.75,1.0,SetByBid
2025-12-19 18:37:04,2025-12-19T18:37:04,59.75,1.0,SetByBid
2025-12-19 18:37:04,2025-12-19T18:37:04,59.75,1.0,SetByBid
2025-12-19 18:37:17,2025-12-19T18:37:17,59.74,1.0,SetByBid
2025-12-19 18:37:18,2025-12-19T18:37:18,59.73,1.0,SetByAsk
2025-12-19 18:37:18,2025-12-19T18:37:18,59.73,1.0,SetByAsk
2025-12-19 18:37:37,2025-12-19T18:37:37,59.75,1.0,SetByBid
2025-12-19 18:37:37,2025-12-19T18:37:37,59.75,1.0,SetByBid
2025-12-19 18:37:37,2025-12-19T18:37:37,59.75,1.0,SetByBid
2025-12-19 18:37:37,2025-12-19T18:37:37,59.75,1.0,SetByBid
2025-12-19 18:37:37,2025-12-19T18:37:37,59.75,1.0,SetByBid
2025-12-19 18:37:37,2025-12-19T18:37:37,59.75,1.0,SetByBid
2025-12-19 18:37:37,2025-12-19T18:37:37,59.75,1.0,SetByBid
2025-12-19 18:37:37,2025-12-19T18:37:37,59.75,1.0,SetByBid
2025-12-19 18:37:37,2025-12-19T18:37:37,59.75,1.0,SetByBid
2025-12-19 18:37:37,2025-12-19T18:37:37,59.75,1.0,SetByAsk
2025-12-19 18:37:37,2025-12-19T18:37:37,59.74,1.0,SetByAsk
2025-12-19 18:38:00,2025-12-19T18:38:00,59.74,1.0,SetByAsk
2025-12-19 18:38:00,2025-12-19T18:38:00,59.74,1.0,SetByAsk
2025-12-19 18:38:13,2025-12-19T18:38:13,59.74,1.0,SetByAsk
2025-12-19 18:38:33,2025-12-19T18:38:33,59.78,1.0,SetByAsk
2025-12-19 18:38:33,2025-12-19T18:38:33,59.78,1.0,SetByAsk
2025-12-19 18:38:33,2025-12-19T18:38:33,59.78,1.0,SetByAsk
2025-12-19 18:38:44,2025-12-19T18:38:44,59.77,1.0,SetByAsk
2025-12-19 18:39:11,2025-12-19T18:39:11,59.75,1.0,SetByAsk
2025-12-19 18:39:17,2025-12-19T18:39:17,59.76,1.0,SetByBid
2025-12-19 18:39:41,2025-12-19T18:39:41,59.77,1.0,SetByBid
2025-12-19 18:39:41,2025-12-19T18:39:41,59.77,1.0,SetByBid
2025-12-19 18:40:11,2025-12-19T18:40:11,59.79,2.0,SetByBid
2025-12-19 18:40:11,2025-12-19T18:40:11,59.79,1.0,SetByBid
2025-12-19 18:40:12,2025-12-19T18:40:12,59.78,1.0,SetByAsk
2025-12-19 18:40:12,2025-12-19T18:40:12,59.78,1.0,SetByAsk
2025-12-19 18:40:31,2025-12-19T18:40:31,59.78,1.0,SetByBid
2025-12-19 18:40:31,2025-12-19T18:40:31,59.78,1.0,SetByBid
2025-12-19 18:40:56,2025-12-19T18:40:56,59.77,1.0,SetByAsk
2025-12-19 18:40:56,2025-12-19T18:40:56,59.77,1.0,SetByAsk
2025-12-19 18:40:58,2025-12-19T18:40:58,59.76,1.0,SetByAsk
2025-12-19 18:40:58,2025-12-19T18:40:58,59.76,1.0,SetByAsk
2025-12-19 18:40:58,2025-12-19T18:40:58,59.76,1.0,SetByAsk
2025-12-19 18:40:58,2025-12-19T18:40:58,59.76,1.0,SetByAsk
2025-12-19 18:40:58,2025-12-19T18:40:58,59.76,1.0,SetByAsk
2025-12-19 18:41:14,2025-12-19T18:41:14,59.75,1.0,SetByAsk
2025-12-19 18:41:14,2025-12-19T18:41:14,59.75,1.0,SetByAsk
2025-12-19 18:41:14,2025-12-19T18:41:14,59.75,1.0,SetByBid
2025-12-19 18:41:21,2025-12-19T18:41:21,59.76,1.0,SetByBid
2025-12-19 18:41:22,2025-12-19T18:41:22,59.76,1.0,SetByBid
2025-12-19 18:41:24,2025-12-19T18:41:24,59.76,1.0,SetByBid
2025-12-19 18:41:24,2025-12-19T18:41:24,59.76,1.0,SetByBid
2025-12-19 18:41:33,2025-12-19T18:41:33,59.75,1.0,SetByAsk
2025-12-19 18:41:36,2025-12-19T18:41:36,59.76,1.0,SetByBid
2025-12-19 18:41:46,2025-12-19T18:41:46,59.77,1.0,SetByAsk
2025-12-19 18:41:55,2025-12-19T18:41:55,59.77,1.0,SetByAsk
2025-12-19 18:42:00,2025-12-19T18:42:00,59.78,1.0,SetByBid
2025-12-19 18:42:01,2025-12-19T18:42:01,59.78,1.0,SetByAsk
2025-12-19 18:42:22,2025-12-19T18:42:22,59.8,5.0,SetByBid
2025-12-19 18:42:29,2025-12-19T18:42:29,59.81,1.0,SetByAsk
2025-12-19 18:42:41,2025-12-19T18:42:41,59.81,1.0,SetByAsk
2025-12-19 18:42:53,2025-12-19T18:42:53,59.8,1.0,SetByAsk
2025-12-19 18:42:53,2025-12-19T18:42:53,59.8,1.0,SetByAsk
2025-12-19 18:42:59,2025-12-19T18:42:59,59.79,1.0,SetByAsk
2025-12-19 18:43:20,2025-12-19T18:43:20,59.79,1.0,SetByBid
2025-12-19 18:43:20,2025-12-19T18:43:20,59.79,1.0,SetByBid
2025-12-19 18:43:41,2025-12-19T18:43:41,59.79,1.0,SetByBid
2025-12-19 18:43:41,2025-12-19T18:43:41,59.79,1.0,SetByAsk
2025-12-19 18:44:34,2025-12-19T18:44:34,59.81,1.0,SetByBid
2025-12-19 18:44:55,2025-12-19T18:44:55,59.82,1.0,SetByBid
2025-12-19 18:44:55,2025-12-19T18:44:55,59.82,1.0,SetByBid
2025-12-19 18:44:56,2025-12-19T18:44:56,59.83,1.0,SetByBid
2025-12-19 18:44:56,2025-12-19T18:44:56,59.82,1.0,SetByAsk
2025-12-19 18:44:57,2025-12-19T18:44:57,59.83,1.0,SetByBid
2025-12-19 18:45:07,2025-12-19T18:45:07,59.81,1.0,SetByAsk
2025-12-19 18:45:07,2025-12-19T18:45:07,59.81,1.0,SetByAsk
2025-12-19 18:45:07,2025-12-19T18:45:07,59.81,1.0,SetByAsk
2025-12-19 18:45:09,2025-12-19T18:45:09,59.8,1.0,SetByAsk
2025-12-19 18:45:09,2025-12-19T18:45:09,59.8,1.0,SetByAsk
2025-12-19 18:45:09,2025-12-19T18:45:09,59.8,1.0,SetByAsk
2025-12-19 18:45:28,2025-12-19T18:45:28,59.78,1.0,SetByAsk
2025-12-19 18:45:49,2025-12-19T18:45:49,59.77,1.0,SetByAsk
2025-12-19 18:46:04,2025-12-19T18:46:04,59.78,1.0,SetByBid
2025-12-19 18:46:05,2025-12-19T18:46:05,59.77,1.0,SetByAsk
2025-12-19 18:46:10,2025-12-19T18:46:10,59.77,1.0,SetByAsk
2025-12-19 18:46:31,2025-12-19T18:46:31,59.77,1.0,SetByAsk
2025-12-19 18:46:41,2025-12-19T18:46:41,59.76,1.0,SetByAsk
2025-12-19 18:46:41,2025-12-19T18:46:41,59.76,1.0,SetByAsk
2025-12-19 18:46:41,2025-12-19T18:46:41,59.76,1.0,SetByAsk
2025-12-19 18:46:41,2025-12-19T18:46:41,59.76,1.0,SetByAsk
2025-12-19 18:46:41,2025-12-19T18:46:41,59.76,1.0,SetByAsk
2025-12-19 18:46:41,2025-12-19T18:46:41,59.76,1.0,SetByAsk
2025-12-19 18:46:41,2025-12-19T18:46:41,59.76,1.0,SetByAsk
2025-12-19 18:46:44,2025-12-19T18:46:44,59.75,1.0,SetByBid
2025-12-19 18:46:44,2025-12-19T18:46:44,59.75,1.0,SetByBid
2025-12-19 18:47:06,2025-12-19T18:47:06,59.75,1.0,SetByBid
2025-12-19 18:47:26,2025-12-19T18:47:26,59.75,1.0,SetByBid
2025-12-19 18:47:35,2025-12-19T18:47:35,59.74,1.0,SetByBid
2025-12-19 18:47:45,2025-12-19T18:47:45,59.75,1.0,SetByBid
2025-12-19 18:47:46,2025-12-19T18:47:46,59.75,1.0,SetByBid
2025-12-19 18:47:46,2025-12-19T18:47:46,59.75,1.0,SetByBid
2025-12-19 18:47:59,2025-12-19T18:47:59,59.73,1.0,SetByBid
2025-12-19 18:48:17,2025-12-19T18:48:17,59.73,1.0,SetByAsk
2025-12-19 18:48:20,2025-12-19T18:48:20,59.73,1.0,SetByBid
2025-12-19 18:48:26,2025-12-19T18:48:26,59.74,1.0,SetByBid
2025-12-19 18:48:29,2025-12-19T18:48:29,59.75,1.0,SetByBid
2025-12-19 18:48:49,2025-12-19T18:48:49,59.73,1.0,SetByBid
2025-12-19 18:48:49,2025-12-19T18:48:49,59.73,1.0,SetByBid
2025-12-19 18:48:53,2025-12-19T18:48:53,59.74,1.0,SetByBid
2025-12-19 18:49:00,2025-12-19T18:49:00,59.75,1.0,SetByAsk
2025-12-19 18:49:22,2025-12-19T18:49:22,59.77,1.0,SetByBid
2025-12-19 18:49:22,2025-12-19T18:49:22,59.77,1.0,SetByBid
2025-12-19 18:49:22,2025-12-19T18:49:22,59.77,1.0,SetByBid
2025-12-19 18:49:31,2025-12-19T18:49:31,59.76,1.0,SetByBid
2025-12-19 18:49:33,2025-12-19T18:49:33,59.77,1.0,SetByBid
2025-12-19 18:49:45,2025-12-19T18:49:45,59.77,1.0,SetByAsk
2025-12-19 18:49:45,2025-12-19T18:49:45,59.77,1.0,SetByAsk
2025-12-19 18:49:51,2025-12-19T18:49:51,59.76,1.0,SetByAsk
2025-12-19 18:49:51,2025-12-19T18:49:51,59.76,1.0,SetByAsk
2025-12-19 18:50:08,2025-12-19T18:50:08,59.78,1.0,SetByAsk
2025-12-19 18:50:08,2025-12-19T18:50:08,59.78,1.0,SetByAsk
2025-12-19 18:50:08,2025-12-19T18:50:08,59.78,1.0,SetByAsk
2025-12-19 18:50:08,2025-12-19T18:50:08,59.77,1.0,SetByAsk
2025-12-19 18:50:08,2025-12-19T18:50:08,59.77,1.0,SetByAsk
2025-12-19 18:50:08,2025-12-19T18:50:08,59.77,1.0,SetByAsk
2025-12-19 18:50:08,2025-12-19T18:50:08,59.77,1.0,SetByAsk
2025-12-19 18:50:08,2025-12-19T18:50:08,59.77,1.0,SetByAsk
2025-12-19 18:50:08,2025-12-19T18:50:08,59.77,1.0,SetByAsk
2025-12-19 18:50:08,2025-12-19T18:50:08,59.77,1.0,SetByAsk
2025-12-19 18:50:08,2025-12-19T18:50:08,59.77,1.0,SetByAsk
2025-12-19 18:50:08,2025-12-19T18:50:08,59.77,2.0,SetByAsk
2025-12-19 18:50:08,2025-12-19T18:50:08,59.77,1.0,SetByAsk
2025-12-19 18:50:10,2025-12-19T18:50:10,59.77,1.0,SetByAsk
2025-12-19 18:50:10,2025-12-19T18:50:10,59.77,1.0,SetByAsk
2025-12-19 18:50:10,2025-12-19T18:50:10,59.77,1.0,SetByAsk
2025-12-19 18:50:10,2025-12-19T18:50:10,59.77,1.0,SetByAsk
2025-12-19 18:50:10,2025-12-19T18:50:10,59.77,2.0,SetByAsk
2025-12-19 18:50:10,2025-12-19T18:50:10,59.77,1.0,SetByAsk
2025-12-19 18:50:10,2025-12-19T18:50:10,59.77,1.0,SetByAsk
2025-12-19 18:50:10,2025-12-19T18:50:10,59.77,2.0,SetByAsk
2025-12-19 18:50:10,2025-12-19T18:50:10,59.77,1.0,SetByAsk
2025-12-19 18:50:10,2025-12-19T18:50:10,59.77,2.0,SetByAsk
2025-12-19 18:50:12,2025-12-19T18:50:12,59.77,1.0,SetByAsk
2025-12-19 18:50:12,2025-12-19T18:50:12,59.76,1.0,SetByAsk
2025-12-19 18:50:12,2025-12-19T18:50:12,59.76,1.0,SetByAsk
2025-12-19 18:50:21,2025-12-19T18:50:21,59.77,1.0,SetByBid
2025-12-19 18:50:21,2025-12-19T18:50:21,59.77,7.0,SetByBid
2025-12-19 18:50:21,2025-12-19T18:50:21,59.77,1.0,SetByAsk
2025-12-19 18:50:21,2025-12-19T18:50:21,59.77,1.0,SetByAsk
2025-12-19 18:50:21,2025-12-19T18:50:21,59.77,1.0,SetByAsk
2025-12-19 18:50:31,2025-12-19T18:50:31,59.79,1.0,SetByBid
2025-12-19 18:50:35,2025-12-19T18:50:35,59.78,1.0,SetByAsk
2025-12-19 18:50:35,2025-12-19T18:50:35,59.78,1.0,SetByAsk
2025-12-19 18:50:35,2025-12-19T18:50:35,59.78,1.0,SetByAsk
2025-12-19 18:50:51,2025-12-19T18:50:51,59.77,1.0,SetByAsk
2025-12-19 18:50:58,2025-12-19T18:50:58,59.77,1.0,SetByBid
2025-12-19 18:51:03,2025-12-19T18:51:03,59.76,1.0,SetByAsk
2025-12-19 18:51:10,2025-12-19T18:51:10,59.77,1.0,SetByBid
2025-12-19 18:51:24,2025-12-19T18:51:24,59.76,1.0,SetByAsk
2025-12-19 18:51:26,2025-12-19T18:51:26,59.75,1.0,SetByAsk
2025-12-19 18:51:26,2025-12-19T18:51:26,59.74,1.0,SetByAsk
2025-12-19 18:51:28,2025-12-19T18:51:28,59.74,1.0,SetByBid
2025-12-19 18:51:28,2025-12-19T18:51:28,59.74,1.0,SetByBid
2025-12-19 18:51:41,2025-12-19T18:51:41,59.73,1.0,SetByBid
2025-12-19 18:52:10,2025-12-19T18:52:10,59.73,1.0,SetByAsk
2025-12-19 18:52:10,2025-12-19T18:52:10,59.73,1.0,SetByAsk
2025-12-19 18:52:40,2025-12-19T18:52:40,59.71,1.0,SetByAsk
2025-12-19 18:52:42,2025-12-19T18:52:42,59.7,1.0,SetByAsk
2025-12-19 18:52:50,2025-12-19T18:52:50,59.71,1.0,SetByBid
2025-12-19 18:52:50,2025-12-19T18:52:50,59.71,1.0,SetByBid
2025-12-19 18:52:50,2025-12-19T18:52:50,59.71,1.0,SetByBid
2025-12-19 18:52:50,2025-12-19T18:52:50,59.71,1.0,SetByBid
2025-12-19 18:52:50,2025-12-19T18:52:50,59.71,1.0,SetByBid
2025-12-19 18:53:00,2025-12-19T18:53:00,59.69,1.0,SetByAsk
2025-12-19 18:53:00,2025-12-19T18:53:00,59.69,2.0,SetByAsk
2025-12-19 18:53:00,2025-12-19T18:53:00,59.69,1.0,SetByAsk
2025-12-19 18:53:00,2025-12-19T18:53:00,59.69,3.0,SetByAsk
2025-12-19 18:53:00,2025-12-19T18:53:00,59.69,1.0,SetByAsk
2025-12-19 18:53:00,2025-12-19T18:53:00,59.69,1.0,SetByAsk
2025-12-19 18:53:12,2025-12-19T18:53:12,59.66,1.0,SetByAsk
2025-12-19 18:53:12,2025-12-19T18:53:12,59.66,1.0,SetByAsk
2025-12-19 18:53:12,2025-12-19T18:53:12,59.66,1.0,SetByAsk
2025-12-19 18:53:12,2025-12-19T18:53:12,59.66,1.0,SetByBid
2025-12-19 18:53:14,2025-12-19T18:53:14,59.66,1.0,SetByBid
2025-12-19 18:53:14,2025-12-19T18:53:14,59.66,1.0,SetByBid
2025-12-19 18:53:14,2025-12-19T18:53:14,59.66,1.0,SetByBid
2025-12-19 18:53:14,2025-12-19T18:53:14,59.66,1.0,SetByBid
2025-12-19 18:53:14,2025-12-19T18:53:14,59.66,1.0,SetByBid
2025-12-19 18:53:14,2025-12-19T18:53:14,59.66,3.0,SetByBid
2025-12-19 18:53:14,2025-12-19T18:53:14,59.66,1.0,SetByBid
2025-12-19 18:53:14,2025-12-19T18:53:14,59.66,10.0,SetByAsk
2025-12-19 18:53:14,2025-12-19T18:53:14,59.66,1.0,SetByAsk
2025-12-19 18:53:14,2025-12-19T18:53:14,59.66,1.0,SetByAsk
2025-12-19 18:53:14,2025-12-19T18:53:14,59.66,1.0,SetByAsk
2025-12-19 18:53:14,2025-12-19T18:53:14,59.66,1.0,SetByAsk
2025-12-19 18:53:15,2025-12-19T18:53:15,59.66,1.0,SetByAsk
2025-12-19 18:53:15,2025-12-19T18:53:15,59.66,1.0,SetByAsk
2025-12-19 18:53:16,2025-12-19T18:53:16,59.66,10.0,SetByAsk
2025-12-19 18:53:19,2025-12-19T18:53:19,59.67,2.0,SetByBid
2025-12-19 18:53:21,2025-12-19T18:53:21,59.67,1.0,SetByBid
2025-12-19 18:53:21,2025-12-19T18:53:21,59.67,1.0,SetByAsk
2025-12-19 18:53:21,2025-12-19T18:53:21,59.67,1.0,SetByAsk
2025-12-19 18:53:29,2025-12-19T18:53:29,59.67,1.0,SetByAsk
2025-12-19 18:53:32,2025-12-19T18:53:32,59.67,1.0,SetByAsk
2025-12-19 18:53:40,2025-12-19T18:53:40,59.66,1.0,SetByAsk
2025-12-19 18:53:41,2025-12-19T18:53:41,59.67,1.0,SetByBid
2025-12-19 18:53:48,2025-12-19T18:53:48,59.67,1.0,SetByBid
2025-12-19 18:53:56,2025-12-19T18:53:56,59.67,1.0,SetByBid
2025-12-19 18:53:57,2025-12-19T18:53:57,59.67,1.0,SetByBid
2025-12-19 18:54:00,2025-12-19T18:54:00,59.68,1.0,SetByBid
2025-12-19 18:54:22,2025-12-19T18:54:22,59.66,1.0,SetByAsk
2025-12-19 18:54:22,2025-12-19T18:54:22,59.66,2.0,SetByAsk
2025-12-19 18:54:38,2025-12-19T18:54:38,59.67,1.0,SetByBid
2025-12-19 18:54:44,2025-12-19T18:54:44,59.66,1.0,SetByAsk
2025-12-19 18:54:53,2025-12-19T18:54:53,59.66,1.0,SetByAsk
2025-12-19 18:54:53,2025-12-19T18:54:53,59.66,4.0,SetByAsk
2025-12-19 18:54:53,2025-12-19T18:54:53,59.66,2.0,SetByAsk
2025-12-19 18:54:53,2025-12-19T18:54:53,59.66,1.0,SetByAsk
2025-12-19 18:54:53,2025-12-19T18:54:53,59.66,2.0,SetByAsk
2025-12-19 18:54:53,2025-12-19T18:54:53,59.66,1.0,SetByAsk
2025-12-19 18:54:53,2025-12-19T18:54:53,59.66,3.0,SetByAsk
2025-12-19 18:54:53,2025-12-19T18:54:53,59.66,1.0,SetByAsk
2025-12-19 18:54:53,2025-12-19T18:54:53,59.66,1.0,SetByAsk
2025-12-19 18:54:53,2025-12-19T18:54:53,59.66,1.0,SetByAsk
2025-12-19 18:54:53,2025-12-19T18:54:53,59.66,2.0,SetByAsk
2025-12-19 18:54:53,2025-12-19T18:54:53,59.66,1.0,SetByAsk
2025-12-19 18:54:53,2025-12-19T18:54:53,59.66,1.0,SetByAsk
2025-12-19 18:54:53,2025-12-19T18:54:53,59.66,1.0,SetByAsk
2025-12-19 18:54:53,2025-12-19T18:54:53,59.66,11.0,SetByAsk
2025-12-19 18:54:53,2025-12-19T18:54:53,59.66,1.0,SetByAsk
2025-12-19 18:54:53,2025-12-19T18:54:53,59.66,1.0,SetByAsk
2025-12-19 18:54:53,2025-12-19T18:54:53,59.66,1.0,SetByAsk
2025-12-19 18:54:53,2025-12-19T18:54:53,59.66,1.0,SetByAsk
2025-12-19 18:54:53,2025-12-19T18:54:53,59.66,1.0,SetByAsk
2025-12-19 18:54:53,2025-12-19T18:54:53,59.66,1.0,SetByAsk
2025-12-19 18:54:53,2025-12-19T18:54:53,59.66,9.0,SetByAsk
2025-12-19 18:54:53,2025-12-19T18:54:53,59.66,1.0,SetByAsk
2025-12-19 18:54:53,2025-12-19T18:54:53,59.66,1.0,SetByAsk
2025-12-19 18:54:53,2025-12-19T18:54:53,59.66,8.0,SetByAsk
2025-12-19 18:54:53,2025-12-19T18:54:53,59.66,6.0,SetByAsk
2025-12-19 18:54:53,2025-12-19T18:54:53,59.66,4.0,SetByAsk
2025-12-19 18:54:53,2025-12-19T18:54:53,59.66,4.0,SetByAsk
2025-12-19 18:54:53,2025-12-19T18:54:53,59.66,1.0,SetByAsk
2025-12-19 18:54:53,2025-12-19T18:54:53,59.66,8.0,SetByAsk
2025-12-19 18:54:53,2025-12-19T18:54:53,59.66,4.0,SetByAsk
2025-12-19 18:54:53,2025-12-19T18:54:53,59.66,1.0,SetByAsk
2025-12-19 18:54:53,2025-12-19T18:54:53,59.66,1.0,SetByAsk
2025-12-19 18:54:53,2025-12-19T18:54:53,59.66,1.0,SetByAsk
2025-12-19 18:54:53,2025-12-19T18:54:53,59.66,1.0,SetByAsk
2025-12-19 18:54:58,2025-12-19T18:54:58,59.66,5.0,SetByAsk
2025-12-19 18:54:58,2025-12-19T18:54:58,59.66,3.0,SetByAsk
2025-12-19 18:54:58,2025-12-19T18:54:58,59.66,1.0,SetByAsk
2025-12-19 18:54:58,2025-12-19T18:54:58,59.66,1.0,SetByAsk
2025-12-19 18:54:58,2025-12-19T18:54:58,59.66,1.0,SetByAsk
2025-12-19 18:54:58,2025-12-19T18:54:58,59.66,2.0,SetByAsk
2025-12-19 18:54:58,2025-12-19T18:54:58,59.66,4.0,SetByAsk
2025-12-19 18:54:58,2025-12-19T18:54:58,59.66,1.0,SetByAsk
2025-12-19 18:54:58,2025-12-19T18:54:58,59.66,1.0,SetByAsk
2025-12-19 18:54:58,2025-12-19T18:54:58,59.66,1.0,SetByAsk
2025-12-19 18:54:58,2025-12-19T18:54:58,59.66,4.0,SetByAsk
2025-12-19 18:54:58,2025-12-19T18:54:58,59.66,1.0,SetByAsk
2025-12-19 18:54:58,2025-12-19T18:54:58,59.66,1.0,SetByAsk
2025-12-19 18:54:58,2025-12-19T18:54:58,59.66,1.0,SetByAsk
2025-12-19 18:54:58,2025-12-19T18:54:58,59.66,3.0,SetByAsk
2025-12-19 18:54:58,2025-12-19T18:54:58,59.66,1.0,SetByAsk
2025-12-19 18:54:58,2025-12-19T18:54:58,59.66,1.0,SetByAsk
2025-12-19 18:54:58,2025-12-19T18:54:58,59.66,1.0,SetByAsk
2025-12-19 18:54:58,2025-12-19T18:54:58,59.66,1.0,SetByAsk
2025-12-19 18:54:59,2025-12-19T18:54:59,59.66,1.0,SetByAsk
2025-12-19 18:54:59,2025-12-19T18:54:59,59.66,4.0,SetByAsk
2025-12-19 18:54:59,2025-12-19T18:54:59,59.66,8.0,SetByAsk
2025-12-19 18:54:59,2025-12-19T18:54:59,59.66,2.0,SetByAsk
2025-12-19 18:54:59,2025-12-19T18:54:59,59.66,1.0,SetByAsk
2025-12-19 18:54:59,2025-12-19T18:54:59,59.66,1.0,SetByAsk
2025-12-19 18:54:59,2025-12-19T18:54:59,59.66,5.0,SetByAsk
2025-12-19 18:54:59,2025-12-19T18:54:59,59.66,1.0,SetByAsk
2025-12-19 18:54:59,2025-12-19T18:54:59,59.66,4.0,SetByAsk
2025-12-19 18:54:59,2025-12-19T18:54:59,59.66,1.0,SetByAsk
2025-12-19 18:54:59,2025-12-19T18:54:59,59.66,1.0,SetByAsk
2025-12-19 18:54:59,2025-12-19T18:54:59,59.66,1.0,SetByAsk
2025-12-19 18:54:59,2025-12-19T18:54:59,59.66,2.0,SetByAsk
2025-12-19 18:54:59,2025-12-19T18:54:59,59.66,1.0,SetByAsk
2025-12-19 18:54:59,2025-12-19T18:54:59,59.66,1.0,SetByAsk
2025-12-19 18:54:59,2025-12-19T18:54:59,59.66,1.0,SetByAsk
2025-12-19 18:54:59,2025-12-19T18:54:59,59.66,2.0,SetByAsk
2025-12-19 18:54:59,2025-12-19T18:54:59,59.66,2.0,SetByAsk
2025-12-19 18:54:59,2025-12-19T18:54:59,59.66,1.0,SetByAsk
2025-12-19 18:54:59,2025-12-19T18:54:59,59.66,1.0,SetByAsk
2025-12-19 18:55:00,2025-12-19T18:55:00,59.66,1.0,SetByAsk
2025-12-19 18:55:00,2025-12-19T18:55:00,59.66,8.0,SetByAsk
2025-12-19 18:55:00,2025-12-19T18:55:00,59.66,1.0,SetByAsk
2025-12-19 18:55:00,2025-12-19T18:55:00,59.66,2.0,SetByAsk
2025-12-19 18:55:00,2025-12-19T18:55:00,59.66,1.0,SetByAsk
2025-12-19 18:55:01,2025-12-19T18:55:01,59.66,1.0,SetByAsk
2025-12-19 18:55:01,2025-12-19T18:55:01,59.66,4.0,SetByAsk
2025-12-19 18:55:01,2025-12-19T18:55:01,59.66,3.0,SetByAsk
2025-12-19 18:55:01,2025-12-19T18:55:01,59.66,2.0,SetByAsk
2025-12-19 18:55:01,2025-12-19T18:55:01,59.66,5.0,SetByAsk
2025-12-19 18:55:03,2025-12-19T18:55:03,59.66,3.0,SetByAsk
2025-12-19 18:55:03,2025-12-19T18:55:03,59.66,1.0,SetByAsk
2025-12-19 18:55:03,2025-12-19T18:55:03,59.66,1.0,SetByAsk
2025-12-19 18:55:13,2025-12-19T18:55:13,59.66,1.0,SetByAsk
2025-12-19 18:55:13,2025-12-19T18:55:13,59.66,4.0,SetByAsk
2025-12-19 18:55:13,2025-12-19T18:55:13,59.66,1.0,SetByAsk
2025-12-19 18:55:13,2025-12-19T18:55:13,59.66,1.0,SetByAsk
2025-12-19 18:55:13,2025-12-19T18:55:13,59.66,1.0,SetByAsk
2025-12-19 18:55:13,2025-12-19T18:55:13,59.66,1.0,SetByAsk
2025-12-19 18:55:13,2025-12-19T18:55:13,59.66,3.0,SetByAsk
2025-12-19 18:55:13,2025-12-19T18:55:13,59.66,1.0,SetByAsk
2025-12-19 18:55:13,2025-12-19T18:55:13,59.66,3.0,SetByAsk
2025-12-19 18:55:13,2025-12-19T18:55:13,59.66,1.0,SetByAsk
2025-12-19 18:55:13,2025-12-19T18:55:13,59.66,1.0,SetByAsk
2025-12-19 18:55:14,2025-12-19T18:55:14,59.66,1.0,SetByAsk
2025-12-19 18:55:14,2025-12-19T18:55:14,59.66,6.0,SetByAsk
2025-12-19 18:55:14,2025-12-19T18:55:14,59.66,3.0,SetByAsk
2025-12-19 18:55:14,2025-12-19T18:55:14,59.66,1.0,SetByAsk
2025-12-19 18:55:14,2025-12-19T18:55:14,59.66,2.0,SetByAsk
2025-12-19 18:55:14,2025-12-19T18:55:14,59.66,1.0,SetByAsk
2025-12-19 18:55:14,2025-12-19T18:55:14,59.66,1.0,SetByAsk
2025-12-19 18:55:14,2025-12-19T18:55:14,59.66,1.0,SetByAsk
2025-12-19 18:55:14,2025-12-19T18:55:14,59.66,2.0,SetByAsk
2025-12-19 18:55:14,2025-12-19T18:55:14,59.66,1.0,SetByAsk
2025-12-19 18:55:14,2025-12-19T18:55:14,59.66,1.0,SetByAsk
2025-12-19 18:55:14,2025-12-19T18:55:14,59.66,2.0,SetByAsk
2025-12-19 18:55:14,2025-12-19T18:55:14,59.66,1.0,SetByAsk
2025-12-19 18:55:14,2025-12-19T18:55:14,59.66,1.0,SetByAsk
2025-12-19 18:55:14,2025-12-19T18:55:14,59.66,2.0,SetByAsk
2025-12-19 18:55:14,2025-12-19T18:55:14,59.66,1.0,SetByAsk
2025-12-19 18:55:14,2025-12-19T18:55:14,59.66,9.0,SetByAsk
2025-12-19 18:55:14,2025-12-19T18:55:14,59.66,1.0,SetByAsk
2025-12-19 18:55:14,2025-12-19T18:55:14,59.66,1.0,SetByAsk
2025-12-19 18:55:16,2025-12-19T18:55:16,59.66,1.0,SetByAsk
2025-12-19 18:55:16,2025-12-19T18:55:16,59.66,1.0,SetByAsk
2025-12-19 18:55:16,2025-12-19T18:55:16,59.66,1.0,SetByAsk
2025-12-19 18:55:16,2025-12-19T18:55:16,59.66,1.0,SetByAsk
2025-12-19 18:55:16,2025-12-19T18:55:16,59.66,1.0,SetByAsk
2025-12-19 18:55:16,2025-12-19T18:55:16,59.66,1.0,SetByAsk
2025-12-19 18:55:16,2025-12-19T18:55:16,59.66,1.0,SetByAsk
2025-12-19 18:55:17,2025-12-19T18:55:17,59.66,1.0,SetByAsk
2025-12-19 18:55:18,2025-12-19T18:55:18,59.66,1.0,SetByAsk
2025-12-19 18:55:18,2025-12-19T18:55:18,59.66,1.0,SetByAsk
2025-12-19 18:55:18,2025-12-19T18:55:18,59.66,1.0,SetByAsk
2025-12-19 18:55:18,2025-12-19T18:55:18,59.66,7.0,SetByAsk
2025-12-19 18:55:19,2025-12-19T18:55:19,59.66,1.0,SetByAsk
2025-12-19 18:55:19,2025-12-19T18:55:19,59.66,1.0,SetByAsk
2025-12-19 18:55:19,2025-12-19T18:55:19,59.66,1.0,SetByAsk
2025-12-19 18:55:19,2025-12-19T18:55:19,59.66,1.0,SetByAsk
2025-12-19 18:55:19,2025-12-19T18:55:19,59.66,1.0,SetByAsk
2025-12-19 18:55:19,2025-12-19T18:55:19,59.66,2.0,SetByAsk
2025-12-19 18:55:19,2025-12-19T18:55:19,59.66,3.0,SetByAsk
2025-12-19 18:55:19,2025-12-19T18:55:19,59.66,4.0,SetByAsk
2025-12-19 18:55:23,2025-12-19T18:55:23,59.66,1.0,SetByAsk
2025-12-19 18:55:23,2025-12-19T18:55:23,59.66,2.0,SetByAsk
2025-12-19 18:55:23,2025-12-19T18:55:23,59.66,1.0,SetByAsk
2025-12-19 18:55:23,2025-12-19T18:55:23,59.66,2.0,SetByAsk
2025-12-19 18:55:23,2025-12-19T18:55:23,59.66,3.0,SetByAsk
2025-12-19 18:55:23,2025-12-19T18:55:23,59.66,1.0,SetByAsk
2025-12-19 18:55:23,2025-12-19T18:55:23,59.66,3.0,SetByAsk
2025-12-19 18:55:23,2025-12-19T18:55:23,59.66,4.0,SetByAsk
2025-12-19 18:55:25,2025-12-19T18:55:25,59.66,1.0,SetByAsk
2025-12-19 18:55:30,2025-12-19T18:55:30,59.66,1.0,SetByAsk
2025-12-19 18:55:30,2025-12-19T18:55:30,59.67,1.0,SetByBid
2025-12-19 18:55:30,2025-12-19T18:55:30,59.67,1.0,SetByBid
2025-12-19 18:55:34,2025-12-19T18:55:34,59.68,1.0,SetByAsk
2025-12-19 18:55:42,2025-12-19T18:55:42,59.68,1.0,SetByBid
2025-12-19 18:55:51,2025-12-19T18:55:51,59.68,1.0,SetByBid
2025-12-19 18:55:51,2025-12-19T18:55:51,59.68,1.0,SetByBid
2025-12-19 18:55:51,2025-12-19T18:55:51,59.68,1.0,SetByBid
2025-12-19 18:55:51,2025-12-19T18:55:51,59.68,1.0,SetByBid
2025-12-19 18:56:12,2025-12-19T18:56:12,59.68,1.0,SetByBid
2025-12-19 18:56:12,2025-12-19T18:56:12,59.68,2.0,SetByBid
2025-12-19 18:56:12,2025-12-19T18:56:12,59.68,1.0,SetByBid
2025-12-19 18:56:13,2025-12-19T18:56:13,59.69,1.0,SetByBid
2025-12-19 18:56:16,2025-12-19T18:56:16,59.68,1.0,SetByAsk
2025-12-19 18:56:16,2025-12-19T18:56:16,59.68,1.0,SetByAsk
2025-12-19 18:56:16,2025-12-19T18:56:16,59.68,4.0,SetByAsk
2025-12-19 18:56:16,2025-12-19T18:56:16,59.68,8.0,SetByAsk
2025-12-19 18:56:16,2025-12-19T18:56:16,59.68,1.0,SetByAsk
2025-12-19 18:56:16,2025-12-19T18:56:16,59.68,1.0,SetByAsk
2025-12-19 18:56:16,2025-12-19T18:56:16,59.68,1.0,SetByAsk
2025-12-19 18:56:16,2025-12-19T18:56:16,59.68,2.0,SetByAsk
2025-12-19 18:56:16,2025-12-19T18:56:16,59.68,5.0,SetByAsk
2025-12-19 18:56:16,2025-12-19T18:56:16,59.68,1.0,SetByAsk
2025-12-19 18:56:24,2025-12-19T18:56:24,59.69,1.0,SetByBid
2025-12-19 18:56:24,2025-12-19T18:56:24,59.69,1.0,SetByBid
2025-12-19 18:56:30,2025-12-19T18:56:30,59.7,1.0,SetByBid
2025-12-19 18:56:36,2025-12-19T18:56:36,59.7,1.0,SetByAsk
2025-12-19 18:56:55,2025-12-19T18:56:55,59.7,1.0,SetByBid
2025-12-19 18:57:03,2025-12-19T18:57:03,59.7,1.0,SetByBid
2025-12-19 18:57:04,2025-12-19T18:57:04,59.7,1.0,SetByAsk
2025-12-19 18:57:16,2025-12-19T18:57:16,59.7,1.0,SetByAsk
2025-12-19 18:57:16,2025-12-19T18:57:16,59.7,1.0,SetByAsk
2025-12-19 18:57:16,2025-12-19T18:57:16,59.69,1.0,SetByAsk
2025-12-19 18:57:16,2025-12-19T18:57:16,59.69,1.0,SetByAsk
2025-12-19 18:57:16,2025-12-19T18:57:16,59.69,1.0,SetByAsk
2025-12-19 18:57:16,2025-12-19T18:57:16,59.69,1.0,SetByAsk
2025-12-19 18:57:40,2025-12-19T18:57:40,59.7,1.0,SetByBid
2025-12-19 18:57:58,2025-12-19T18:57:58,59.71,1.0,SetByBid
2025-12-19 18:58:31,2025-12-19T18:58:31,59.73,1.0,SetByBid
2025-12-19 18:58:32,2025-12-19T18:58:32,59.73,1.0,SetByAsk
2025-12-19 18:58:32,2025-12-19T18:58:32,59.73,1.0,SetByAsk
2025-12-19 18:58:49,2025-12-19T18:58:49,59.72,1.0,SetByAsk
2025-12-19 18:58:49,2025-12-19T18:58:49,59.72,1.0,SetByAsk
2025-12-19 18:58:49,2025-12-19T18:58:49,59.72,1.0,SetByAsk
2025-12-19 18:58:49,2025-12-19T18:58:49,59.72,1.0,SetByAsk
2025-12-19 18:58:49,2025-12-19T18:58:49,59.72,1.0,SetByAsk
2025-12-19 18:58:49,2025-12-19T18:58:49,59.71,1.0,SetByAsk
2025-12-19 18:58:49,2025-12-19T18:58:49,59.72,1.0,SetByBid
2025-12-19 18:58:49,2025-12-19T18:58:49,59.72,1.0,SetByAsk
2025-12-19 18:58:49,2025-12-19T18:58:49,59.72,1.0,SetByBid
2025-12-19 18:58:49,2025-12-19T18:58:49,59.72,1.0,SetByBid
2025-12-19 18:58:49,2025-12-19T18:58:49,59.72,1.0,SetByAsk
2025-12-19 18:58:49,2025-12-19T18:58:49,59.72,1.0,SetByAsk
2025-12-19 18:58:49,2025-12-19T18:58:49,59.72,1.0,SetByBid
2025-12-19 18:58:49,2025-12-19T18:58:49,59.72,1.0,SetByAsk
2025-12-19 18:58:49,2025-12-19T18:58:49,59.72,1.0,SetByBid
2025-12-19 18:58:49,2025-12-19T18:58:49,59.72,1.0,SetByAsk
2025-12-19 18:58:49,2025-12-19T18:58:49,59.72,1.0,SetByBid
2025-12-19 18:58:49,2025-12-19T18:58:49,59.72,1.0,SetByAsk
2025-12-19 18:58:49,2025-12-19T18:58:49,59.72,1.0,SetByBid
2025-12-19 18:58:49,2025-12-19T18:58:49,59.72,1.0,SetByBid
2025-12-19 18:58:49,2025-12-19T18:58:49,59.72,1.0,SetByBid
2025-12-19 18:58:49,2025-12-19T18:58:49,59.72,1.0,SetByAsk
2025-12-19 18:58:49,2025-12-19T18:58:49,59.72,1.0,SetByBid
2025-12-19 18:58:49,2025-12-19T18:58:49,59.72,1.0,SetByAsk
2025-12-19 18:58:50,2025-12-19T18:58:50,59.71,1.0,SetByAsk
2025-12-19 18:58:50,2025-12-19T18:58:50,59.72,1.0,SetByBid
2025-12-19 18:58:50,2025-12-19T18:58:50,59.72,1.0,SetByBid
2025-12-19 18:58:52,2025-12-19T18:58:52,59.72,1.0,SetByAsk
2025-12-19 18:58:52,2025-12-19T18:58:52,59.72,1.0,SetByAsk
2025-12-19 18:58:52,2025-12-19T18:58:52,59.72,1.0,SetByAsk
2025-12-19 18:59:03,2025-12-19T18:59:03,59.73,1.0,SetByBid
2025-12-19 18:59:03,2025-12-19T18:59:03,59.73,1.0,SetByBid
2025-12-19 18:59:03,2025-12-19T18:59:03,59.73,1.0,SetByBid
2025-12-19 18:59:03,2025-12-19T18:59:03,59.73,1.0,SetByBid
2025-12-19 18:59:03,2025-12-19T18:59:03,59.73,1.0,SetByAsk
2025-12-19 18:59:04,2025-12-19T18:59:04,59.73,1.0,SetByAsk
2025-12-19 18:59:12,2025-12-19T18:59:12,59.71,1.0,SetByAsk
2025-12-19 18:59:12,2025-12-19T18:59:12,59.71,1.0,SetByAsk
2025-12-19 18:59:13,2025-12-19T18:59:13,59.71,1.0,SetByAsk
2025-12-19 18:59:15,2025-12-19T18:59:15,59.72,1.0,SetByBid
2025-12-19 18:59:29,2025-12-19T18:59:29,59.72,1.0,SetByAsk
2025-12-19 18:59:31,2025-12-19T18:59:31,59.72,1.0,SetByBid
2025-12-19 18:59:37,2025-12-19T18:59:37,59.73,1.0,SetByBid
2025-12-19 18:59:37,2025-12-19T18:59:37,59.73,1.0,SetByBid
2025-12-19 18:59:55,2025-12-19T18:59:55,59.74,1.0,SetByAsk
2025-12-19 18:59:58,2025-12-19T18:59:58,59.74,1.0,SetByAsk
2025-12-19 18:59:58,2025-12-19T18:59:58,59.74,1.0,SetByAsk
2025-12-19 18:59:58,2025-12-19T18:59:58,59.73,1.0,SetByAsk
2025-12-19 18:59:58,2025-12-19T18:59:58,59.73,1.0,SetByAsk
2025-12-19 19:00:00,2025-12-19T19:00:00,59.75,1.0,SetByBid
2025-12-19 19:00:00,2025-12-19T19:00:00,59.75,1.0,SetByBid
2025-12-19 19:00:07,2025-12-19T19:00:07,59.78,1.0,SetByBid
2025-12-19 19:00:07,2025-12-19T19:00:07,59.78,1.0,SetByBid
2025-12-19 19:00:16,2025-12-19T19:00:16,59.77,1.0,SetByAsk
2025-12-19 19:00:33,2025-12-19T19:00:33,59.79,1.0,SetByBid
2025-12-19 19:00:50,2025-12-19T19:00:50,59.78,1.0,SetByBid
2025-12-19 19:00:51,2025-12-19T19:00:51,59.78,1.0,SetByBid
2025-12-19 19:00:51,2025-12-19T19:00:51,59.78,1.0,SetByBid
2025-12-19 19:00:51,2025-12-19T19:00:51,59.78,1.0,SetByBid
2025-12-19 19:00:51,2025-12-19T19:00:51,59.78,1.0,SetByBid
2025-12-19 19:00:51,2025-12-19T19:00:51,59.78,1.0,SetByBid
2025-12-19 19:01:07,2025-12-19T19:01:07,59.77,1.0,SetByBid
2025-12-19 19:01:07,2025-12-19T19:01:07,59.77,1.0,SetByBid
2025-12-19 19:01:12,2025-12-19T19:01:12,59.75,1.0,SetByAsk
2025-12-19 19:01:26,2025-12-19T19:01:26,59.77,1.0,SetByBid
2025-12-19 19:01:26,2025-12-19T19:01:26,59.77,1.0,SetByBid
2025-12-19 19:01:45,2025-12-19T19:01:45,59.77,1.0,SetByAsk
2025-12-19 19:01:47,2025-12-19T19:01:47,59.77,1.0,SetByAsk
2025-12-19 19:01:54,2025-12-19T19:01:54,59.76,1.0,SetByAsk
2025-12-19 19:01:54,2025-12-19T19:01:54,59.76,1.0,SetByAsk
2025-12-19 19:01:54,2025-12-19T19:01:54,59.76,1.0,SetByAsk
2025-12-19 19:02:01,2025-12-19T19:02:01,59.76,1.0,SetByBid
2025-12-19 19:02:05,2025-12-19T19:02:05,59.76,1.0,SetByBid
2025-12-19 19:02:10,2025-12-19T19:02:10,59.75,1.0,SetByAsk
2025-12-19 19:02:11,2025-12-19T19:02:11,59.75,1.0,SetByBid
2025-12-19 19:02:11,2025-12-19T19:02:11,59.75,1.0,SetByBid
2025-12-19 19:02:11,2025-12-19T19:02:11,59.75,1.0,SetByBid
2025-12-19 19:02:22,2025-12-19T19:02:22,59.73,1.0,SetByAsk
2025-12-19 19:02:22,2025-12-19T19:02:22,59.73,1.0,SetByAsk
2025-12-19 19:02:22,2025-12-19T19:02:22,59.73,1.0,SetByAsk
2025-12-19 19:02:22,2025-12-19T19:02:22,59.73,1.0,SetByAsk
2025-12-19 19:02:31,2025-12-19T19:02:31,59.72,1.0,SetByAsk
2025-12-19 19:02:31,2025-12-19T19:02:31,59.72,1.0,SetByAsk
2025-12-19 19:02:52,2025-12-19T19:02:52,59.7,1.0,SetByAsk
2025-12-19 19:02:54,2025-12-19T19:02:54,59.69,1.0,SetByBid
2025-12-19 19:02:56,2025-12-19T19:02:56,59.68,1.0,SetByAsk
2025-12-19 19:02:56,2025-12-19T19:02:56,59.69,1.0,SetByBid
2025-12-19 19:02:56,2025-12-19T19:02:56,59.69,1.0,SetByBid
2025-12-19 19:02:56,2025-12-19T19:02:56,59.69,1.0,SetByAsk
2025-12-19 19:02:56,2025-12-19T19:02:56,59.69,1.0,SetByAsk
2025-12-19 19:02:57,2025-12-19T19:02:57,59.69,1.0,SetByBid
2025-12-19 19:02:57,2025-12-19T19:02:57,59.69,1.0,SetByBid
2025-12-19 19:03:05,2025-12-19T19:03:05,59.69,1.0,SetByBid
2025-12-19 19:03:05,2025-12-19T19:03:05,59.69,1.0,SetByBid
2025-12-19 19:03:05,2025-12-19T19:03:05,59.69,1.0,SetByBid
2025-12-19 19:03:15,2025-12-19T19:03:15,59.68,1.0,SetByAsk
2025-12-19 19:03:15,2025-12-19T19:03:15,59.68,1.0,SetByAsk
2025-12-19 19:03:15,2025-12-19T19:03:15,59.68,1.0,SetByAsk
2025-12-19 19:03:15,2025-12-19T19:03:15,59.68,1.0,SetByBid
2025-12-19 19:03:16,2025-12-19T19:03:16,59.68,1.0,SetByAsk
2025-12-19 19:03:20,2025-12-19T19:03:20,59.68,1.0,SetByAsk
2025-12-19 19:03:23,2025-12-19T19:03:23,59.68,1.0,SetByAsk
2025-12-19 19:03:28,2025-12-19T19:03:28,59.67,1.0,SetByAsk
2025-12-19 19:03:30,2025-12-19T19:03:30,59.68,1.0,SetByBid
2025-12-19 19:03:30,2025-12-19T19:03:30,59.68,1.0,SetByBid
2025-12-19 19:03:30,2025-12-19T19:03:30,59.68,1.0,SetByAsk
2025-12-19 19:03:30,2025-12-19T19:03:30,59.68,1.0,SetByAsk
2025-12-19 19:03:30,2025-12-19T19:03:30,59.68,1.0,SetByAsk
2025-12-19 19:03:30,2025-12-19T19:03:30,59.68,1.0,SetByAsk
2025-12-19 19:03:30,2025-12-19T19:03:30,59.68,1.0,SetByAsk
2025-12-19 19:03:30,2025-12-19T19:03:30,59.68,1.0,SetByAsk
2025-12-19 19:03:43,2025-12-19T19:03:43,59.68,1.0,SetByAsk
2025-12-19 19:03:43,2025-12-19T19:03:43,59.68,1.0,SetByAsk
2025-12-19 19:03:43,2025-12-19T19:03:43,59.67,1.0,SetByAsk
2025-12-19 19:03:49,2025-12-19T19:03:49,59.67,1.0,SetByAsk
2025-12-19 19:03:50,2025-12-19T19:03:50,59.65,1.0,SetByAsk
2025-12-19 19:03:52,2025-12-19T19:03:52,59.64,1.0,SetByAsk
2025-12-19 19:03:52,2025-12-19T19:03:52,59.64,1.0,SetByAsk
2025-12-19 19:03:52,2025-12-19T19:03:52,59.63,1.0,SetByAsk
2025-12-19 19:03:52,2025-12-19T19:03:52,59.63,1.0,SetByAsk
2025-12-19 19:03:52,2025-12-19T19:03:52,59.63,1.0,SetByAsk
2025-12-19 19:03:52,2025-12-19T19:03:52,59.63,1.0,SetByAsk
2025-12-19 19:03:59,2025-12-19T19:03:59,59.64,1.0,SetByBid
2025-12-19 19:04:01,2025-12-19T19:04:01,59.64,1.0,SetByAsk
2025-12-19 19:04:01,2025-12-19T19:04:01,59.64,1.0,SetByAsk
2025-12-19 19:04:02,2025-12-19T19:04:02,59.64,1.0,SetByBid
2025-12-19 19:04:02,2025-12-19T19:04:02,59.65,1.0,SetByBid
2025-12-19 19:04:02,2025-12-19T19:04:02,59.65,1.0,SetByBid
2025-12-19 19:04:09,2025-12-19T19:04:09,59.66,1.0,SetByBid
2025-12-19 19:04:14,2025-12-19T19:04:14,59.66,1.0,SetByAsk
2025-12-19 19:04:33,2025-12-19T19:04:33,59.65,1.0,SetByBid
2025-12-19 19:04:35,2025-12-19T19:04:35,59.65,1.0,SetByBid
2025-12-19 19:04:39,2025-12-19T19:04:39,59.65,1.0,SetByBid
2025-12-19 19:04:39,2025-12-19T19:04:39,59.65,1.0,SetByBid
2025-12-19 19:04:39,2025-12-19T19:04:39,59.65,1.0,SetByBid
2025-12-19 19:05:08,2025-12-19T19:05:08,59.67,1.0,SetByAsk
2025-12-19 19:05:08,2025-12-19T19:05:08,59.67,1.0,SetByAsk
2025-12-19 19:05:11,2025-12-19T19:05:11,59.67,1.0,SetByAsk
2025-12-19 19:05:14,2025-12-19T19:05:14,59.67,1.0,SetByBid
2025-12-19 19:05:34,2025-12-19T19:05:34,59.67,1.0,SetByBid
2025-12-19 19:05:34,2025-12-19T19:05:34,59.67,1.0,SetByBid
2025-12-19 19:05:48,2025-12-19T19:05:48,59.68,1.0,SetByAsk
2025-12-19 19:05:48,2025-12-19T19:05:48,59.68,1.0,SetByAsk
2025-12-19 19:05:48,2025-12-19T19:05:48,59.69,1.0,SetByBid
2025-12-19 19:06:06,2025-12-19T19:06:06,59.67,1.0,SetByAsk
2025-12-19 19:06:08,2025-12-19T19:06:08,59.66,1.0,SetByAsk
2025-12-19 19:06:08,2025-12-19T19:06:08,59.66,1.0,SetByAsk
2025-12-19 19:06:08,2025-12-19T19:06:08,59.65,1.0,SetByAsk
2025-12-19 19:06:15,2025-12-19T19:06:15,59.66,1.0,SetByAsk
2025-12-19 19:06:16,2025-12-19T19:06:16,59.65,1.0,SetByAsk
2025-12-19 19:06:16,2025-12-19T19:06:16,59.65,1.0,SetByAsk
2025-12-19 19:06:26,2025-12-19T19:06:26,59.68,1.0,SetByBid
2025-12-19 19:06:26,2025-12-19T19:06:26,59.68,1.0,SetByBid
2025-12-19 19:06:26,2025-12-19T19:06:26,59.68,1.0,SetByBid
2025-12-19 19:06:26,2025-12-19T19:06:26,59.68,1.0,SetByAsk
2025-12-19 19:06:26,2025-12-19T19:06:26,59.68,1.0,SetByAsk
2025-12-19 19:06:26,2025-12-19T19:06:26,59.68,1.0,SetByBid
2025-12-19 19:06:26,2025-12-19T19:06:26,59.68,1.0,SetByBid
2025-12-19 19:06:29,2025-12-19T19:06:29,59.67,1.0,SetByAsk
2025-12-19 19:06:29,2025-12-19T19:06:29,59.67,1.0,SetByAsk
2025-12-19 19:06:29,2025-12-19T19:06:29,59.67,1.0,SetByAsk
2025-12-19 19:06:39,2025-12-19T19:06:39,59.67,1.0,SetByAsk
2025-12-19 19:06:40,2025-12-19T19:06:40,59.66,1.0,SetByAsk
2025-12-19 19:06:40,2025-12-19T19:06:40,59.66,1.0,SetByAsk
2025-12-19 19:06:40,2025-12-19T19:06:40,59.66,1.0,SetByAsk
2025-12-19 19:06:40,2025-12-19T19:06:40,59.66,1.0,SetByAsk
2025-12-19 19:06:56,2025-12-19T19:06:56,59.65,1.0,SetByAsk
2025-12-19 19:06:56,2025-12-19T19:06:56,59.65,1.0,SetByAsk
2025-12-19 19:07:00,2025-12-19T19:07:00,59.66,1.0,SetByBid
2025-12-19 19:07:00,2025-12-19T19:07:00,59.66,1.0,SetByBid
2025-12-19 19:07:00,2025-12-19T19:07:00,59.66,1.0,SetByBid
2025-12-19 19:07:16,2025-12-19T19:07:16,59.67,1.0,SetByBid
2025-12-19 19:07:16,2025-12-19T19:07:16,59.67,1.0,SetByBid
2025-12-19 19:07:46,2025-12-19T19:07:46,59.65,1.0,SetByAsk
2025-12-19 19:07:59,2025-12-19T19:07:59,59.64,1.0,SetByAsk
2025-12-19 19:07:59,2025-12-19T19:07:59,59.64,1.0,SetByAsk
2025-12-19 19:07:59,2025-12-19T19:07:59,59.64,1.0,SetByAsk
2025-12-19 19:08:01,2025-12-19T19:08:01,59.63,1.0,SetByBid
2025-12-19 19:08:02,2025-12-19T19:08:02,59.63,1.0,SetByBid
2025-12-19 19:08:02,2025-12-19T19:08:02,59.63,1.0,SetByBid
2025-12-19 19:08:02,2025-12-19T19:08:02,59.63,1.0,SetByBid
2025-12-19 19:08:12,2025-12-19T19:08:12,59.64,1.0,SetByBid
2025-12-19 19:08:12,2025-12-19T19:08:12,59.64,1.0,SetByBid
2025-12-19 19:08:12,2025-12-19T19:08:12,59.64,1.0,SetByBid
2025-12-19 19:08:24,2025-12-19T19:08:24,59.65,1.0,SetByBid
2025-12-19 19:08:53,2025-12-19T19:08:53,59.67,1.0,SetByAsk
2025-12-19 19:08:53,2025-12-19T19:08:53,59.67,1.0,SetByAsk
2025-12-19 19:09:29,2025-12-19T19:09:29,59.67,1.0,SetByAsk
2025-12-19 19:09:31,2025-12-19T19:09:31,59.68,1.0,SetByBid
2025-12-19 19:09:31,2025-12-19T19:09:31,59.68,1.0,SetByBid
2025-12-19 19:10:36,2025-12-19T19:10:36,59.69,1.0,SetByBid
2025-12-19 19:10:55,2025-12-19T19:10:55,59.69,1.0,SetByAsk
2025-12-19 19:11:07,2025-12-19T19:11:07,59.68,1.0,SetByAsk
2025-12-19 19:11:36,2025-12-19T19:11:36,59.68,1.0,SetByAsk
2025-12-19 19:11:36,2025-12-19T19:11:36,59.68,1.0,SetByAsk
2025-12-19 19:11:36,2025-12-19T19:11:36,59.68,1.0,SetByAsk
2025-12-19 19:11:36,2025-12-19T19:11:36,59.67,1.0,SetByBid
2025-12-19 19:11:36,2025-12-19T19:11:36,59.67,1.0,SetByBid
2025-12-19 19:11:36,2025-12-19T19:11:36,59.67,1.0,SetByBid
2025-12-19 19:11:41,2025-12-19T19:11:41,59.66,1.0,SetByAsk
2025-12-19 19:11:45,2025-12-19T19:11:45,59.66,1.0,SetByBid
2025-12-19 19:11:45,2025-12-19T19:11:45,59.66,1.0,SetByAsk
2025-12-19 19:11:46,2025-12-19T19:11:46,59.67,1.0,SetByBid
2025-12-19 19:11:46,2025-12-19T19:11:46,59.67,1.0,SetByBid
2025-12-19 19:12:08,2025-12-19T19:12:08,59.67,2.0,SetByBid
2025-12-19 19:12:08,2025-12-19T19:12:08,59.67,1.0,SetByBid
2025-12-19 19:12:08,2025-12-19T19:12:08,59.67,1.0,SetByBid
2025-12-19 19:12:20,2025-12-19T19:12:20,59.68,1.0,SetByBid
2025-12-19 19:12:20,2025-12-19T19:12:20,59.68,1.0,SetByBid
2025-12-19 19:12:21,2025-12-19T19:12:21,59.68,1.0,SetByBid
2025-12-19 19:12:29,2025-12-19T19:12:29,59.68,1.0,SetByBid
2025-12-19 19:12:43,2025-12-19T19:12:43,59.69,1.0,SetByBid
2025-12-19 19:13:05,2025-12-19T19:13:05,59.7,1.0,SetByBid
2025-12-19 19:13:05,2025-12-19T19:13:05,59.7,1.0,SetByBid
2025-12-19 19:13:05,2025-12-19T19:13:05,59.7,1.0,SetByBid
2025-12-19 19:13:05,2025-12-19T19:13:05,59.7,1.0,SetByBid
2025-12-19 19:13:05,2025-12-19T19:13:05,59.7,1.0,SetByBid
2025-12-19 19:13:05,2025-12-19T19:13:05,59.7,1.0,SetByBid
2025-12-19 19:13:05,2025-12-19T19:13:05,59.7,1.0,SetByBid
2025-12-19 19:13:10,2025-12-19T19:13:10,59.7,1.0,SetByAsk
2025-12-19 19:13:10,2025-12-19T19:13:10,59.7,1.0,SetByAsk
2025-12-19 19:13:10,2025-12-19T19:13:10,59.7,1.0,SetByAsk
2025-12-19 19:13:10,2025-12-19T19:13:10,59.7,1.0,SetByAsk
2025-12-19 19:13:14,2025-12-19T19:13:14,59.72,1.0,SetByBid
2025-12-19 19:13:15,2025-12-19T19:13:15,59.72,1.0,SetByBid
2025-12-19 19:13:15,2025-12-19T19:13:15,59.72,1.0,SetByBid
2025-12-19 19:13:15,2025-12-19T19:13:15,59.72,1.0,SetByBid
2025-12-19 19:13:15,2025-12-19T19:13:15,59.72,1.0,SetByBid
2025-12-19 19:13:15,2025-12-19T19:13:15,59.72,1.0,SetByBid
2025-12-19 19:13:15,2025-12-19T19:13:15,59.72,1.0,SetByBid
2025-12-19 19:13:16,2025-12-19T19:13:16,59.72,1.0,SetByBid
2025-12-19 19:13:16,2025-12-19T19:13:16,59.72,1.0,SetByBid
2025-12-19 19:13:16,2025-12-19T19:13:16,59.72,1.0,SetByBid
2025-12-19 19:13:16,2025-12-19T19:13:16,59.72,1.0,SetByBid
2025-12-19 19:13:16,2025-12-19T19:13:16,59.72,1.0,SetByBid
2025-12-19 19:13:19,2025-12-19T19:13:19,59.71,1.0,SetByBid
2025-12-19 19:13:20,2025-12-19T19:13:20,59.71,1.0,SetByBid
2025-12-19 19:13:20,2025-12-19T19:13:20,59.72,1.0,SetByBid
2025-12-19 19:13:30,2025-12-19T19:13:30,59.72,1.0,SetByBid
2025-12-19 19:13:31,2025-12-19T19:13:31,59.71,1.0,SetByAsk
2025-12-19 19:13:31,2025-12-19T19:13:31,59.71,1.0,SetByAsk
2025-12-19 19:13:31,2025-12-19T19:13:31,59.71,1.0,SetByBid
2025-12-19 19:13:40,2025-12-19T19:13:40,59.71,1.0,SetByBid
2025-12-19 19:13:45,2025-12-19T19:13:45,59.72,1.0,SetByBid
2025-12-19 19:13:45,2025-12-19T19:13:45,59.72,1.0,SetByBid
2025-12-19 19:13:45,2025-12-19T19:13:45,59.72,1.0,SetByBid
2025-12-19 19:13:53,2025-12-19T19:13:53,59.71,1.0,SetByAsk
2025-12-19 19:13:56,2025-12-19T19:13:56,59.72,1.0,SetByBid
2025-12-19 19:13:56,2025-12-19T19:13:56,59.72,1.0,SetByBid
2025-12-19 19:14:08,2025-12-19T19:14:08,59.72,1.0,SetByBid
2025-12-19 19:14:08,2025-12-19T19:14:08,59.72,1.0,SetByBid
2025-12-19 19:14:08,2025-12-19T19:14:08,59.72,1.0,SetByBid
2025-12-19 19:14:11,2025-12-19T19:14:11,59.72,1.0,SetByBid
2025-12-19 19:14:39,2025-12-19T19:14:39,59.71,1.0,SetByAsk
2025-12-19 19:14:42,2025-12-19T19:14:42,59.72,1.0,SetByBid
2025-12-19 19:14:59,2025-12-19T19:14:59,59.71,1.0,SetByAsk
2025-12-19 19:15:00,2025-12-19T19:15:00,59.71,1.0,SetByBid
2025-12-19 19:15:05,2025-12-19T19:15:05,59.68,1.0,SetByBid
2025-12-19 19:15:05,2025-12-19T19:15:05,59.68,1.0,SetByBid
2025-12-19 19:15:05,2025-12-19T19:15:05,59.69,1.0,SetByBid
2025-12-19 19:15:05,2025-12-19T19:15:05,59.69,1.0,SetByBid
2025-12-19 19:15:05,2025-12-19T19:15:05,59.69,1.0,SetByBid
2025-12-19 19:15:05,2025-12-19T19:15:05,59.69,1.0,SetByBid
2025-12-19 19:15:05,2025-12-19T19:15:05,59.69,1.0,SetByBid
2025-12-19 19:15:05,2025-12-19T19:15:05,59.69,1.0,SetByBid
2025-12-19 19:15:05,2025-12-19T19:15:05,59.69,1.0,SetByBid
2025-12-19 19:15:05,2025-12-19T19:15:05,59.69,1.0,SetByBid
2025-12-19 19:15:05,2025-12-19T19:15:05,59.69,1.0,SetByBid
2025-12-19 19:15:05,2025-12-19T19:15:05,59.69,1.0,SetByBid
2025-12-19 19:15:08,2025-12-19T19:15:08,59.68,1.0,SetByBid
2025-12-19 19:15:08,2025-12-19T19:15:08,59.68,1.0,SetByBid
2025-12-19 19:15:08,2025-12-19T19:15:08,59.68,1.0,SetByBid
2025-12-19 19:15:09,2025-12-19T19:15:09,59.68,1.0,SetByBid
2025-12-19 19:15:09,2025-12-19T19:15:09,59.68,1.0,SetByBid
2025-12-19 19:15:10,2025-12-19T19:15:10,59.68,1.0,SetByBid
2025-12-19 19:15:10,2025-12-19T19:15:10,59.68,1.0,SetByBid
2025-12-19 19:15:10,2025-12-19T19:15:10,59.68,1.0,SetByBid
2025-12-19 19:15:12,2025-12-19T19:15:12,59.68,1.0,SetByBid
2025-12-19 19:15:13,2025-12-19T19:15:13,59.68,1.0,SetByBid
2025-12-19 19:15:15,2025-12-19T19:15:15,59.68,1.0,SetByBid
2025-12-19 19:15:16,2025-12-19T19:15:16,59.68,1.0,SetByBid
2025-12-19 19:15:17,2025-12-19T19:15:17,59.68,1.0,SetByBid
2025-12-19 19:15:17,2025-12-19T19:15:17,59.68,1.0,SetByAsk
2025-12-19 19:15:19,2025-12-19T19:15:19,59.68,1.0,SetByBid
2025-12-19 19:15:20,2025-12-19T19:15:20,59.68,1.0,SetByBid
2025-12-19 19:15:21,2025-12-19T19:15:21,59.68,1.0,SetByBid
2025-12-19 19:15:22,2025-12-19T19:15:22,59.67,1.0,SetByAsk
2025-12-19 19:15:26,2025-12-19T19:15:26,59.67,1.0,SetByBid
2025-12-19 19:15:29,2025-12-19T19:15:29,59.67,1.0,SetByAsk
2025-12-19 19:15:41,2025-12-19T19:15:41,59.66,1.0,SetByAsk
2025-12-19 19:15:41,2025-12-19T19:15:41,59.66,1.0,SetByBid
2025-12-19 19:15:45,2025-12-19T19:15:45,59.65,1.0,SetByAsk
2025-12-19 19:15:45,2025-12-19T19:15:45,59.65,1.0,SetByAsk
2025-12-19 19:15:45,2025-12-19T19:15:45,59.65,1.0,SetByAsk
2025-12-19 19:15:46,2025-12-19T19:15:46,59.66,1.0,SetByBid
2025-12-19 19:16:07,2025-12-19T19:16:07,59.66,1.0,SetByBid
2025-12-19 19:16:07,2025-12-19T19:16:07,59.66,1.0,SetByBid
2025-12-19 19:16:08,2025-12-19T19:16:08,59.66,1.0,SetByAsk
2025-12-19 19:16:34,2025-12-19T19:16:34,59.65,1.0,SetByAsk
2025-12-19 19:16:34,2025-12-19T19:16:34,59.65,1.0,SetByAsk
2025-12-19 19:16:34,2025-12-19T19:16:34,59.65,1.0,SetByAsk
2025-12-19 19:16:39,2025-12-19T19:16:39,59.64,1.0,SetByBid
2025-12-19 19:16:39,2025-12-19T19:16:39,59.64,1.0,SetByBid
2025-12-19 19:16:39,2025-12-19T19:16:39,59.64,1.0,SetByBid
2025-12-19 19:16:39,2025-12-19T19:16:39,59.64,1.0,SetByBid
2025-12-19 19:16:39,2025-12-19T19:16:39,59.64,1.0,SetByBid
2025-12-19 19:16:39,2025-12-19T19:16:39,59.64,1.0,SetByBid
2025-12-19 19:16:39,2025-12-19T19:16:39,59.64,1.0,SetByBid
2025-12-19 19:16:39,2025-12-19T19:16:39,59.64,1.0,SetByBid
2025-12-19 19:16:39,2025-12-19T19:16:39,59.64,1.0,SetByBid
2025-12-19 19:16:39,2025-12-19T19:16:39,59.64,1.0,SetByBid
2025-12-19 19:16:39,2025-12-19T19:16:39,59.63,1.0,SetByAsk
2025-12-19 19:16:52,2025-12-19T19:16:52,59.63,1.0,SetByBid
2025-12-19 19:16:52,2025-12-19T19:16:52,59.63,1.0,SetByBid
2025-12-19 19:16:52,2025-12-19T19:16:52,59.63,1.0,SetByBid
2025-12-19 19:17:00,2025-12-19T19:17:00,59.62,1.0,SetByAsk
2025-12-19 19:17:07,2025-12-19T19:17:07,59.64,1.0,SetByBid
2025-12-19 19:17:07,2025-12-19T19:17:07,59.64,1.0,SetByBid
2025-12-19 19:17:24,2025-12-19T19:17:24,59.63,1.0,SetByBid
2025-12-19 19:17:24,2025-12-19T19:17:24,59.63,1.0,SetByBid
2025-12-19 19:17:24,2025-12-19T19:17:24,59.63,1.0,SetByBid
2025-12-19 19:17:24,2025-12-19T19:17:24,59.63,1.0,SetByBid
2025-12-19 19:17:24,2025-12-19T19:17:24,59.63,2.0,SetByBid
2025-12-19 19:17:24,2025-12-19T19:17:24,59.63,1.0,SetByBid
2025-12-19 19:17:24,2025-12-19T19:17:24,59.63,1.0,SetByBid
2025-12-19 19:17:24,2025-12-19T19:17:24,59.64,1.0,SetByBid
2025-12-19 19:17:24,2025-12-19T19:17:24,59.64,1.0,SetByBid
2025-12-19 19:17:24,2025-12-19T19:17:24,59.64,1.0,SetByBid
2025-12-19 19:17:24,2025-12-19T19:17:24,59.64,1.0,SetByBid
2025-12-19 19:17:28,2025-12-19T19:17:28,59.64,1.0,SetByBid
2025-12-19 19:17:28,2025-12-19T19:17:28,59.64,1.0,SetByBid
2025-12-19 19:17:28,2025-12-19T19:17:28,59.64,1.0,SetByBid
2025-12-19 19:17:28,2025-12-19T19:17:28,59.64,1.0,SetByBid
2025-12-19 19:17:28,2025-12-19T19:17:28,59.64,1.0,SetByBid
2025-12-19 19:17:28,2025-12-19T19:17:28,59.64,1.0,SetByBid
2025-12-19 19:17:28,2025-12-19T19:17:28,59.64,1.0,SetByBid
2025-12-19 19:17:28,2025-12-19T19:17:28,59.64,1.0,SetByBid
2025-12-19 19:17:28,2025-12-19T19:17:28,59.64,1.0,SetByBid
2025-12-19 19:17:29,2025-12-19T19:17:29,59.63,1.0,SetByBid
2025-12-19 19:17:29,2025-12-19T19:17:29,59.64,1.0,SetByBid
2025-12-19 19:17:29,2025-12-19T19:17:29,59.64,1.0,SetByAsk
2025-12-19 19:17:29,2025-12-19T19:17:29,59.64,1.0,SetByBid
2025-12-19 19:17:29,2025-12-19T19:17:29,59.64,1.0,SetByBid
2025-12-19 19:17:40,2025-12-19T19:17:40,59.64,1.0,SetByAsk
2025-12-19 19:17:52,2025-12-19T19:17:52,59.65,1.0,SetByBid
2025-12-19 19:17:52,2025-12-19T19:17:52,59.65,1.0,SetByBid
2025-12-19 19:18:03,2025-12-19T19:18:03,59.66,1.0,SetByAsk
2025-12-19 19:18:04,2025-12-19T19:18:04,59.65,1.0,SetByAsk
2025-12-19 19:18:18,2025-12-19T19:18:18,59.66,1.0,SetByBid
2025-12-19 19:18:18,2025-12-19T19:18:18,59.66,1.0,SetByBid
2025-12-19 19:18:24,2025-12-19T19:18:24,59.64,1.0,SetByAsk
2025-12-19 19:18:25,2025-12-19T19:18:25,59.64,1.0,SetByBid
2025-12-19 19:18:25,2025-12-19T19:18:25,59.64,1.0,SetByBid
2025-12-19 19:18:25,2025-12-19T19:18:25,59.64,1.0,SetByBid
2025-12-19 19:18:25,2025-12-19T19:18:25,59.64,1.0,SetByBid
2025-12-19 19:18:25,2025-12-19T19:18:25,59.64,1.0,SetByBid
2025-12-19 19:18:25,2025-12-19T19:18:25,59.65,1.0,SetByBid
2025-12-19 19:18:25,2025-12-19T19:18:25,59.64,1.0,SetByBid
2025-12-19 19:18:25,2025-12-19T19:18:25,59.64,1.0,SetByBid
2025-12-19 19:18:25,2025-12-19T19:18:25,59.65,1.0,SetByBid
2025-12-19 19:18:25,2025-12-19T19:18:25,59.64,1.0,SetByBid
2025-12-19 19:18:25,2025-12-19T19:18:25,59.64,1.0,SetByBid
2025-12-19 19:18:25,2025-12-19T19:18:25,59.64,1.0,SetByBid
2025-12-19 19:18:25,2025-12-19T19:18:25,59.64,1.0,SetByBid
2025-12-19 19:18:25,2025-12-19T19:18:25,59.64,1.0,SetByBid
2025-12-19 19:18:25,2025-12-19T19:18:25,59.64,1.0,SetByBid
2025-12-19 19:18:25,2025-12-19T19:18:25,59.65,1.0,SetByBid
2025-12-19 19:18:25,2025-12-19T19:18:25,59.64,1.0,SetByBid
2025-12-19 19:18:25,2025-12-19T19:18:25,59.65,1.0,SetByBid
2025-12-19 19:18:25,2025-12-19T19:18:25,59.65,1.0,SetByBid
2025-12-19 19:18:25,2025-12-19T19:18:25,59.65,1.0,SetByBid
2025-12-19 19:18:25,2025-12-19T19:18:25,59.65,1.0,SetByBid
2025-12-19 19:18:25,2025-12-19T19:18:25,59.64,1.0,SetByBid
2025-12-19 19:18:28,2025-12-19T19:18:28,59.64,1.0,SetByBid
2025-12-19 19:18:37,2025-12-19T19:18:37,59.65,1.0,SetByAsk
2025-12-19 19:18:37,2025-12-19T19:18:37,59.65,1.0,SetByAsk
2025-12-19 19:18:43,2025-12-19T19:18:43,59.64,1.0,SetByAsk
2025-12-19 19:19:00,2025-12-19T19:19:00,59.63,1.0,SetByAsk
2025-12-19 19:19:00,2025-12-19T19:19:00,59.63,1.0,SetByAsk
2025-12-19 19:19:18,2025-12-19T19:19:18,59.63,1.0,SetByBid
2025-12-19 19:19:18,2025-12-19T19:19:18,59.63,1.0,SetByBid
2025-12-19 19:19:18,2025-12-19T19:19:18,59.63,1.0,SetByBid
2025-12-19 19:19:18,2025-12-19T19:19:18,59.63,1.0,SetByBid
2025-12-19 19:19:18,2025-12-19T19:19:18,59.63,1.0,SetByBid
2025-12-19 19:19:18,2025-12-19T19:19:18,59.63,1.0,SetByBid
2025-12-19 19:19:18,2025-12-19T19:19:18,59.63,1.0,SetByBid
2025-12-19 19:19:18,2025-12-19T19:19:18,59.63,1.0,SetByBid
2025-12-19 19:19:18,2025-12-19T19:19:18,59.63,1.0,SetByBid
2025-12-19 19:19:18,2025-12-19T19:19:18,59.63,1.0,SetByBid
2025-12-19 19:19:18,2025-12-19T19:19:18,59.63,1.0,SetByBid
2025-12-19 19:19:18,2025-12-19T19:19:18,59.63,1.0,SetByBid
2025-12-19 19:19:18,2025-12-19T19:19:18,59.63,1.0,SetByBid
2025-12-19 19:19:18,2025-12-19T19:19:18,59.63,1.0,SetByBid
2025-12-19 19:19:18,2025-12-19T19:19:18,59.63,1.0,SetByBid
2025-12-19 19:19:18,2025-12-19T19:19:18,59.63,1.0,SetByBid
2025-12-19 19:19:18,2025-12-19T19:19:18,59.63,2.0,SetByBid
2025-12-19 19:19:18,2025-12-19T19:19:18,59.63,1.0,SetByBid
2025-12-19 19:19:39,2025-12-19T19:19:39,59.6,1.0,SetByAsk
2025-12-19 19:19:39,2025-12-19T19:19:39,59.6,1.0,SetByAsk
2025-12-19 19:19:39,2025-12-19T19:19:39,59.6,1.0,SetByAsk
2025-12-19 19:19:39,2025-12-19T19:19:39,59.6,1.0,SetByAsk
2025-12-19 19:20:00,2025-12-19T19:20:00,59.6,1.0,SetByAsk
2025-12-19 19:20:00,2025-12-19T19:20:00,59.6,1.0,SetByAsk
2025-12-19 19:20:00,2025-12-19T19:20:00,59.6,1.0,SetByAsk
2025-12-19 19:20:00,2025-12-19T19:20:00,59.6,1.0,SetByAsk
2025-12-19 19:20:07,2025-12-19T19:20:07,59.58,1.0,SetByAsk
2025-12-19 19:20:15,2025-12-19T19:20:15,59.57,2.0,SetByBid
2025-12-19 19:20:15,2025-12-19T19:20:15,59.57,1.0,SetByBid
2025-12-19 19:20:15,2025-12-19T19:20:15,59.57,2.0,SetByBid
2025-12-19 19:20:15,2025-12-19T19:20:15,59.57,1.0,SetByBid
2025-12-19 19:20:16,2025-12-19T19:20:16,59.58,1.0,SetByBid
2025-12-19 19:20:16,2025-12-19T19:20:16,59.58,1.0,SetByBid
2025-12-19 19:20:22,2025-12-19T19:20:22,59.58,1.0,SetByBid
2025-12-19 19:20:28,2025-12-19T19:20:28,59.58,1.0,SetByBid
2025-12-19 19:20:28,2025-12-19T19:20:28,59.58,1.0,SetByBid
2025-12-19 19:20:48,2025-12-19T19:20:48,59.58,1.0,SetByAsk
2025-12-19 19:20:48,2025-12-19T19:20:48,59.58,1.0,SetByAsk
2025-12-19 19:20:48,2025-12-19T19:20:48,59.58,1.0,SetByAsk
2025-12-19 19:20:48,2025-12-19T19:20:48,59.58,1.0,SetByAsk
2025-12-19 19:20:48,2025-12-19T19:20:48,59.58,1.0,SetByAsk
2025-12-19 19:20:48,2025-12-19T19:20:48,59.58,1.0,SetByAsk
2025-12-19 19:20:48,2025-12-19T19:20:48,59.58,1.0,SetByAsk
2025-12-19 19:20:48,2025-12-19T19:20:48,59.58,1.0,SetByAsk
2025-12-19 19:21:06,2025-12-19T19:21:06,59.58,1.0,SetByBid
2025-12-19 19:21:12,2025-12-19T19:21:12,59.58,1.0,SetByAsk
2025-12-19 19:21:20,2025-12-19T19:21:20,59.6,1.0,SetByBid
2025-12-19 19:21:39,2025-12-19T19:21:39,59.59,1.0,SetByAsk
2025-12-19 19:21:46,2025-12-19T19:21:46,59.57,1.0,SetByAsk
2025-12-19 19:21:55,2025-12-19T19:21:55,59.56,1.0,SetByAsk
2025-12-19 19:21:55,2025-12-19T19:21:55,59.56,1.0,SetByAsk
2025-12-19 19:21:55,2025-12-19T19:21:55,59.55,1.0,SetByAsk
2025-12-19 19:22:00,2025-12-19T19:22:00,59.55,1.0,SetByBid
2025-12-19 19:22:00,2025-12-19T19:22:00,59.55,1.0,SetByBid
2025-12-19 19:22:00,2025-12-19T19:22:00,59.55,1.0,SetByBid
2025-12-19 19:22:12,2025-12-19T19:22:12,59.54,1.0,SetByAsk
2025-12-19 19:22:24,2025-12-19T19:22:24,59.55,1.0,SetByAsk
2025-12-19 19:22:30,2025-12-19T19:22:30,59.56,4.0,SetByBid
2025-12-19 19:22:41,2025-12-19T19:22:41,59.56,1.0,SetByBid
2025-12-19 19:22:41,2025-12-19T19:22:41,59.56,1.0,SetByBid
2025-12-19 19:22:42,2025-12-19T19:22:42,59.56,1.0,SetByBid
2025-12-19 19:22:42,2025-12-19T19:22:42,59.56,1.0,SetByBid
2025-12-19 19:22:42,2025-12-19T19:22:42,59.56,1.0,SetByBid
2025-12-19 19:22:42,2025-12-19T19:22:42,59.57,1.0,SetByBid
2025-12-19 19:22:50,2025-12-19T19:22:50,59.56,1.0,SetByBid
2025-12-19 19:22:52,2025-12-19T19:22:52,59.56,1.0,SetByBid
2025-12-19 19:22:52,2025-12-19T19:22:52,59.57,1.0,SetByBid
2025-12-19 19:22:55,2025-12-19T19:22:55,59.56,1.0,SetByBid
2025-12-19 19:22:55,2025-12-19T19:22:55,59.56,1.0,SetByBid
2025-12-19 19:22:55,2025-12-19T19:22:55,59.56,1.0,"SetByBid, Leg"
2025-12-19 19:22:55,2025-12-19T19:22:55,59.57,1.0,"SetByBid, Leg"
2025-12-19 19:22:55,2025-12-19T19:22:55,59.57,1.0,SetByBid
2025-12-19 19:22:55,2025-12-19T19:22:55,59.57,1.0,SetByBid
2025-12-19 19:22:55,2025-12-19T19:22:55,59.57,1.0,SetByBid
2025-12-19 19:22:55,2025-12-19T19:22:55,59.57,1.0,SetByBid
2025-12-19 19:22:55,2025-12-19T19:22:55,59.57,1.0,SetByBid
2025-12-19 19:22:55,2025-12-19T19:22:55,59.57,1.0,SetByBid
2025-12-19 19:22:55,2025-12-19T19:22:55,59.57,1.0,SetByBid
2025-12-19 19:22:55,2025-12-19T19:22:55,59.57,1.0,SetByBid
2025-12-19 19:22:55,2025-12-19T19:22:55,59.57,3.0,SetByBid
2025-12-19 19:22:55,2025-12-19T19:22:55,59.57,1.0,SetByBid
2025-12-19 19:22:55,2025-12-19T19:22:55,59.57,1.0,SetByBid
2025-12-19 19:22:55,2025-12-19T19:22:55,59.57,2.0,SetByBid
2025-12-19 19:22:55,2025-12-19T19:22:55,59.57,1.0,SetByBid
2025-12-19 19:22:55,2025-12-19T19:22:55,59.57,1.0,SetByBid
2025-12-19 19:22:55,2025-12-19T19:22:55,59.57,1.0,SetByBid
2025-12-19 19:22:55,2025-12-19T19:22:55,59.57,1.0,SetByBid
2025-12-19 19:22:55,2025-12-19T19:22:55,59.57,1.0,SetByBid
2025-12-19 19:22:55,2025-12-19T19:22:55,59.57,1.0,SetByBid
2025-12-19 19:22:55,2025-12-19T19:22:55,59.57,1.0,SetByBid
2025-12-19 19:22:55,2025-12-19T19:22:55,59.57,1.0,SetByBid
2025-12-19 19:22:55,2025-12-19T19:22:55,59.57,1.0,SetByBid
2025-12-19 19:22:55,2025-12-19T19:22:55,59.57,1.0,SetByBid
2025-12-19 19:22:55,2025-12-19T19:22:55,59.57,1.0,SetByBid
2025-12-19 19:22:55,2025-12-19T19:22:55,59.57,1.0,SetByBid
2025-12-19 19:22:55,2025-12-19T19:22:55,59.57,1.0,SetByBid
2025-12-19 19:22:55,2025-12-19T19:22:55,59.57,1.0,SetByBid
2025-12-19 19:22:55,2025-12-19T19:22:55,59.57,2.0,"SetByBid, Leg"
2025-12-19 19:22:55,2025-12-19T19:22:55,59.58,2.0,"SetByBid, Leg"
2025-12-19 19:22:55,2025-12-19T19:22:55,59.58,1.0,SetByBid
2025-12-19 19:22:55,2025-12-19T19:22:55,59.58,1.0,SetByBid
2025-12-19 19:22:55,2025-12-19T19:22:55,59.58,1.0,SetByBid
2025-12-19 19:22:55,2025-12-19T19:22:55,59.58,1.0,SetByBid
2025-12-19 19:22:55,2025-12-19T19:22:55,59.58,1.0,SetByBid
2025-12-19 19:22:55,2025-12-19T19:22:55,59.58,1.0,SetByBid
2025-12-19 19:22:55,2025-12-19T19:22:55,59.58,1.0,SetByBid
2025-12-19 19:22:55,2025-12-19T19:22:55,59.58,2.0,SetByBid
2025-12-19 19:22:55,2025-12-19T19:22:55,59.58,1.0,SetByBid
2025-12-19 19:22:55,2025-12-19T19:22:55,59.58,1.0,SetByBid
2025-12-19 19:22:55,2025-12-19T19:22:55,59.58,1.0,SetByBid
2025-12-19 19:22:55,2025-12-19T19:22:55,59.58,1.0,SetByBid
2025-12-19 19:22:55,2025-12-19T19:22:55,59.58,1.0,SetByBid
2025-12-19 19:23:02,2025-12-19T19:23:02,59.57,1.0,SetByAsk
2025-12-19 19:23:02,2025-12-19T19:23:02,59.57,1.0,SetByAsk
2025-12-19 19:23:02,2025-12-19T19:23:02,59.57,1.0,SetByBid
2025-12-19 19:23:03,2025-12-19T19:23:03,59.57,1.0,SetByBid
2025-12-19 19:23:06,2025-12-19T19:23:06,59.59,1.0,SetByBid
2025-12-19 19:23:07,2025-12-19T19:23:07,59.59,1.0,SetByBid
2025-12-19 19:23:08,2025-12-19T19:23:08,59.59,1.0,SetByBid
2025-12-19 19:23:08,2025-12-19T19:23:08,59.6,1.0,SetByBid
2025-12-19 19:23:09,2025-12-19T19:23:09,59.59,1.0,SetByBid
2025-12-19 19:23:09,2025-12-19T19:23:09,59.59,1.0,SetByBid
2025-12-19 19:23:10,2025-12-19T19:23:10,59.59,1.0,SetByBid
2025-12-19 19:23:10,2025-12-19T19:23:10,59.6,1.0,SetByBid
2025-12-19 19:23:12,2025-12-19T19:23:12,59.59,1.0,SetByBid
2025-12-19 19:23:12,2025-12-19T19:23:12,59.59,1.0,SetByBid
2025-12-19 19:23:13,2025-12-19T19:23:13,59.6,1.0,SetByBid
2025-12-19 19:23:17,2025-12-19T19:23:17,59.59,1.0,SetByBid
2025-12-19 19:23:19,2025-12-19T19:23:19,59.59,1.0,SetByAsk
2025-12-19 19:23:22,2025-12-19T19:23:22,59.59,1.0,SetByAsk
2025-12-19 19:23:22,2025-12-19T19:23:22,59.59,1.0,SetByAsk
2025-12-19 19:23:28,2025-12-19T19:23:28,59.59,1.0,SetByAsk
2025-12-19 19:23:28,2025-12-19T19:23:28,59.59,1.0,SetByAsk
2025-12-19 19:23:42,2025-12-19T19:23:42,59.59,1.0,SetByBid
2025-12-19 19:23:50,2025-12-19T19:23:50,59.58,1.0,SetByAsk
2025-12-19 19:24:18,2025-12-19T19:24:18,59.58,1.0,SetByBid
2025-12-19 19:24:30,2025-12-19T19:24:30,59.59,1.0,SetByAsk
2025-12-19 19:24:30,2025-12-19T19:24:30,59.59,1.0,SetByAsk
2025-12-19 19:24:40,2025-12-19T19:24:40,59.6,1.0,SetByBid
2025-12-19 19:24:40,2025-12-19T19:24:40,59.6,1.0,SetByBid
2025-12-19 19:24:57,2025-12-19T19:24:57,59.58,1.0,SetByAsk
2025-12-19 19:25:05,2025-12-19T19:25:05,59.56,1.0,SetByAsk
2025-12-19 19:25:30,2025-12-19T19:25:30,59.58,1.0,SetByBid
2025-12-19 19:25:30,2025-12-19T19:25:30,59.58,1.0,SetByBid
2025-12-19 19:25:46,2025-12-19T19:25:46,59.59,1.0,SetByBid
2025-12-19 19:25:46,2025-12-19T19:25:46,59.59,1.0,SetByBid
2025-12-19 19:26:04,2025-12-19T19:26:04,59.58,1.0,SetByAsk
2025-12-19 19:26:08,2025-12-19T19:26:08,59.58,1.0,SetByAsk
2025-12-19 19:26:08,2025-12-19T19:26:08,59.58,1.0,SetByAsk
2025-12-19 19:26:08,2025-12-19T19:26:08,59.58,1.0,SetByAsk
2025-12-19 19:26:11,2025-12-19T19:26:11,59.58,1.0,SetByAsk
2025-12-19 19:26:25,2025-12-19T19:26:25,59.58,1.0,SetByAsk
2025-12-19 19:26:45,2025-12-19T19:26:45,59.59,1.0,SetByBid
2025-12-19 19:27:14,2025-12-19T19:27:14,59.58,1.0,SetByAsk
2025-12-19 19:27:25,2025-12-19T19:27:25,59.59,1.0,SetByAsk
2025-12-19 19:27:26,2025-12-19T19:27:26,59.59,2.0,SetByAsk
2025-12-19 19:27:36,2025-12-19T19:27:36,59.6,1.0,SetByBid
2025-12-19 19:27:46,2025-12-19T19:27:46,59.61,1.0,SetByBid
2025-12-19 19:28:00,2025-12-19T19:28:00,59.6,1.0,SetByAsk
2025-12-19 19:28:08,2025-12-19T19:28:08,59.62,1.0,SetByBid
2025-12-19 19:29:20,2025-12-19T19:29:20,59.63,1.0,SetByAsk
2025-12-19 19:29:20,2025-12-19T19:29:20,59.63,1.0,SetByAsk
2025-12-19 19:29:20,2025-12-19T19:29:20,59.63,1.0,SetByAsk
2025-12-19 19:30:01,2025-12-19T19:30:01,59.63,1.0,SetByAsk
2025-12-19 19:30:01,2025-12-19T19:30:01,59.63,1.0,SetByAsk
2025-12-19 19:30:01,2025-12-19T19:30:01,59.63,1.0,SetByAsk
2025-12-19 19:30:01,2025-12-19T19:30:01,59.63,1.0,SetByAsk
2025-12-19 19:30:01,2025-12-19T19:30:01,59.62,1.0,SetByAsk
2025-12-19 19:30:08,2025-12-19T19:30:08,59.62,1.0,SetByBid
2025-12-19 19:30:08,2025-12-19T19:30:08,59.62,1.0,SetByBid
2025-12-19 19:30:08,2025-12-19T19:30:08,59.62,1.0,SetByBid
2025-12-19 19:30:08,2025-12-19T19:30:08,59.62,1.0,SetByAsk
2025-12-19 19:30:11,2025-12-19T19:30:11,59.62,1.0,SetByAsk
2025-12-19 19:30:13,2025-12-19T19:30:13,59.62,1.0,SetByAsk
2025-12-19 19:30:19,2025-12-19T19:30:19,59.62,1.0,SetByBid
2025-12-19 19:30:19,2025-12-19T19:30:19,59.62,1.0,SetByBid
2025-12-19 19:30:19,2025-12-19T19:30:19,59.62,1.0,SetByBid
2025-12-19 19:30:35,2025-12-19T19:30:35,59.62,1.0,SetByAsk
2025-12-19 19:30:37,2025-12-19T19:30:37,59.62,1.0,SetByAsk
2025-12-19 19:30:37,2025-12-19T19:30:37,59.62,1.0,SetByAsk
2025-12-19 19:30:49,2025-12-19T19:30:49,59.62,1.0,SetByAsk
2025-12-19 19:30:49,2025-12-19T19:30:49,59.62,1.0,SetByAsk
2025-12-19 19:30:57,2025-12-19T19:30:57,59.61,1.0,SetByAsk
2025-12-19 19:30:58,2025-12-19T19:30:58,59.61,1.0,SetByAsk
2025-12-19 19:31:32,2025-12-19T19:31:32,59.6,1.0,SetByAsk
2025-12-19 19:31:54,2025-12-19T19:31:54,59.58,1.0,SetByAsk
2025-12-19 19:32:01,2025-12-19T19:32:01,59.61,1.0,SetByBid
2025-12-19 19:32:01,2025-12-19T19:32:01,59.61,1.0,SetByBid
2025-12-19 19:32:01,2025-12-19T19:32:01,59.61,1.0,SetByAsk
2025-12-19 19:32:01,2025-12-19T19:32:01,59.61,3.0,SetByAsk
2025-12-19 19:32:31,2025-12-19T19:32:31,59.6,1.0,SetByBid
2025-12-19 19:32:36,2025-12-19T19:32:36,59.6,1.0,SetByAsk
2025-12-19 19:32:59,2025-12-19T19:32:59,59.59,1.0,SetByAsk
2025-12-19 19:33:40,2025-12-19T19:33:40,59.59,1.0,SetByAsk
2025-12-19 19:33:42,2025-12-19T19:33:42,59.59,1.0,SetByBid
2025-12-19 19:34:02,2025-12-19T19:34:02,59.58,1.0,SetByAsk
2025-12-19 19:34:02,2025-12-19T19:34:02,59.58,1.0,SetByAsk
2025-12-19 19:34:20,2025-12-19T19:34:20,59.56,1.0,SetByAsk
2025-12-19 19:34:20,2025-12-19T19:34:20,59.56,1.0,SetByAsk
2025-12-19 19:34:20,2025-12-19T19:34:20,59.56,1.0,SetByAsk
2025-12-19 19:34:20,2025-12-19T19:34:20,59.56,1.0,SetByAsk
2025-12-19 19:34:20,2025-12-19T19:34:20,59.56,3.0,SetByAsk
2025-12-19 19:34:20,2025-12-19T19:34:20,59.56,2.0,SetByBid
2025-12-19 19:34:20,2025-12-19T19:34:20,59.56,3.0,SetByBid
2025-12-19 19:34:31,2025-12-19T19:34:31,59.56,1.0,SetByBid
2025-12-19 19:34:31,2025-12-19T19:34:31,59.56,2.0,SetByBid
2025-12-19 19:34:31,2025-12-19T19:34:31,59.56,1.0,SetByBid
2025-12-19 19:34:31,2025-12-19T19:34:31,59.56,1.0,SetByBid
2025-12-19 19:34:53,2025-12-19T19:34:53,59.55,1.0,SetByBid
2025-12-19 19:34:53,2025-12-19T19:34:53,59.55,1.0,SetByBid
2025-12-19 19:34:53,2025-12-19T19:34:53,59.55,1.0,SetByAsk
2025-12-19 19:34:56,2025-12-19T19:34:56,59.54,1.0,SetByAsk
2025-12-19 19:34:57,2025-12-19T19:34:57,59.54,1.0,SetByAsk
2025-12-19 19:35:00,2025-12-19T19:35:00,59.53,6.0,SetByAsk
2025-12-19 19:35:00,2025-12-19T19:35:00,59.53,3.0,SetByAsk
2025-12-19 19:35:00,2025-12-19T19:35:00,59.53,1.0,SetByBid
2025-12-19 19:35:00,2025-12-19T19:35:00,59.53,1.0,SetByBid
2025-12-19 19:35:00,2025-12-19T19:35:00,59.53,1.0,SetByBid
2025-12-19 19:35:00,2025-12-19T19:35:00,59.53,1.0,SetByBid
2025-12-19 19:35:06,2025-12-19T19:35:06,59.51,1.0,SetByAsk
2025-12-19 19:35:08,2025-12-19T19:35:08,59.53,1.0,SetByBid
2025-12-19 19:35:08,2025-12-19T19:35:08,59.53,1.0,SetByBid
2025-12-19 19:35:08,2025-12-19T19:35:08,59.53,1.0,SetByBid
2025-12-19 19:35:30,2025-12-19T19:35:30,59.55,1.0,SetByBid
2025-12-19 19:35:30,2025-12-19T19:35:30,59.55,1.0,SetByBid
2025-12-19 19:35:30,2025-12-19T19:35:30,59.55,1.0,SetByBid
2025-12-19 19:35:37,2025-12-19T19:35:37,59.55,1.0,SetByAsk
2025-12-19 19:35:37,2025-12-19T19:35:37,59.55,3.0,SetByAsk
2025-12-19 19:35:43,2025-12-19T19:35:43,59.54,1.0,SetByAsk
2025-12-19 19:35:43,2025-12-19T19:35:43,59.54,1.0,SetByAsk
2025-12-19 19:35:43,2025-12-19T19:35:43,59.54,1.0,SetByBid
2025-12-19 19:35:50,2025-12-19T19:35:50,59.52,1.0,SetByAsk
2025-12-19 19:35:55,2025-12-19T19:35:55,59.51,1.0,SetByAsk
2025-12-19 19:35:55,2025-12-19T19:35:55,59.51,1.0,SetByAsk
2025-12-19 19:35:55,2025-12-19T19:35:55,59.51,1.0,SetByBid
2025-12-19 19:36:00,2025-12-19T19:36:00,59.51,1.0,SetByBid
2025-12-19 19:36:00,2025-12-19T19:36:00,59.51,1.0,SetByBid
2025-12-19 19:36:00,2025-12-19T19:36:00,59.51,2.0,SetByAsk
2025-12-19 19:36:04,2025-12-19T19:36:04,59.5,2.0,SetByAsk
2025-12-19 19:36:04,2025-12-19T19:36:04,59.5,1.0,SetByAsk
2025-12-19 19:36:10,2025-12-19T19:36:10,59.49,1.0,SetByAsk
2025-12-19 19:36:15,2025-12-19T19:36:15,59.5,1.0,SetByBid
2025-12-19 19:36:24,2025-12-19T19:36:24,59.51,1.0,SetByAsk
2025-12-19 19:36:24,2025-12-19T19:36:24,59.51,1.0,SetByAsk
2025-12-19 19:36:24,2025-12-19T19:36:24,59.51,1.0,SetByBid
2025-12-19 19:36:30,2025-12-19T19:36:30,59.51,1.0,SetByAsk
2025-12-19 19:36:30,2025-12-19T19:36:30,59.51,1.0,SetByBid
2025-12-19 19:36:30,2025-12-19T19:36:30,59.52,1.0,SetByBid
2025-12-19 19:36:30,2025-12-19T19:36:30,59.52,1.0,SetByBid
2025-12-19 19:36:32,2025-12-19T19:36:32,59.53,1.0,SetByBid
2025-12-19 19:36:32,2025-12-19T19:36:32,59.53,1.0,SetByBid
2025-12-19 19:36:53,2025-12-19T19:36:53,59.52,1.0,SetByAsk
2025-12-19 19:37:22,2025-12-19T19:37:22,59.51,1.0,SetByAsk
2025-12-19 19:37:22,2025-12-19T19:37:22,59.51,1.0,SetByAsk
2025-12-19 19:37:23,2025-12-19T19:37:23,59.52,1.0,SetByBid
2025-12-19 19:37:23,2025-12-19T19:37:23,59.52,1.0,SetByBid
2025-12-19 19:37:26,2025-12-19T19:37:26,59.52,1.0,SetByAsk
2025-12-19 19:37:26,2025-12-19T19:37:26,59.52,1.0,SetByBid
2025-12-19 19:37:44,2025-12-19T19:37:44,59.52,1.0,SetByAsk
2025-12-19 19:37:44,2025-12-19T19:37:44,59.51,1.0,SetByAsk
2025-12-19 19:37:46,2025-12-19T19:37:46,59.51,1.0,SetByAsk
2025-12-19 19:37:46,2025-12-19T19:37:46,59.52,1.0,SetByBid
2025-12-19 19:37:46,2025-12-19T19:37:46,59.52,1.0,SetByBid
2025-12-19 19:37:46,2025-12-19T19:37:46,59.52,1.0,SetByBid
2025-12-19 19:37:56,2025-12-19T19:37:56,59.51,1.0,SetByAsk
2025-12-19 19:38:01,2025-12-19T19:38:01,59.52,1.0,SetByAsk
2025-12-19 19:38:01,2025-12-19T19:38:01,59.52,1.0,SetByAsk
2025-12-19 19:38:01,2025-12-19T19:38:01,59.51,1.0,SetByAsk
2025-12-19 19:38:01,2025-12-19T19:38:01,59.51,1.0,SetByAsk
2025-12-19 19:38:13,2025-12-19T19:38:13,59.5,1.0,SetByAsk
2025-12-19 19:38:21,2025-12-19T19:38:21,59.48,1.0,SetByBid
2025-12-19 19:38:21,2025-12-19T19:38:21,59.49,1.0,SetByBid
2025-12-19 19:38:21,2025-12-19T19:38:21,59.49,1.0,SetByBid
2025-12-19 19:38:31,2025-12-19T19:38:31,59.47,1.0,SetByAsk
2025-12-19 19:38:41,2025-12-19T19:38:41,59.48,1.0,SetByBid
2025-12-19 19:38:41,2025-12-19T19:38:41,59.48,1.0,SetByBid
2025-12-19 19:39:07,2025-12-19T19:39:07,59.47,1.0,SetByAsk
2025-12-19 19:39:08,2025-12-19T19:39:08,59.47,1.0,SetByAsk
2025-12-19 19:39:08,2025-12-19T19:39:08,59.47,1.0,SetByAsk
2025-12-19 19:39:08,2025-12-19T19:39:08,59.47,2.0,SetByBid
2025-12-19 19:39:08,2025-12-19T19:39:08,59.47,5.0,SetByBid
2025-12-19 19:39:08,2025-12-19T19:39:08,59.47,1.0,SetByBid
2025-12-19 19:39:08,2025-12-19T19:39:08,59.47,1.0,SetByBid
2025-12-19 19:39:31,2025-12-19T19:39:31,59.48,1.0,SetByAsk
2025-12-19 19:39:34,2025-12-19T19:39:34,59.47,1.0,SetByAsk
2025-12-19 19:39:34,2025-12-19T19:39:34,59.49,1.0,SetByBid
2025-12-19 19:39:34,2025-12-19T19:39:34,59.49,1.0,SetByBid
2025-12-19 19:39:34,2025-12-19T19:39:34,59.49,1.0,SetByAsk
2025-12-19 19:39:34,2025-12-19T19:39:34,59.49,1.0,SetByAsk
2025-12-19 19:39:34,2025-12-19T19:39:34,59.49,4.0,SetByAsk
2025-12-19 19:39:35,2025-12-19T19:39:35,59.5,1.0,SetByBid
2025-12-19 19:39:41,2025-12-19T19:39:41,59.5,1.0,SetByBid
2025-12-19 19:39:41,2025-12-19T19:39:41,59.5,1.0,SetByBid
2025-12-19 19:39:41,2025-12-19T19:39:41,59.5,1.0,SetByBid
2025-12-19 19:39:41,2025-12-19T19:39:41,59.5,1.0,SetByBid
2025-12-19 19:39:41,2025-12-19T19:39:41,59.5,1.0,SetByBid
2025-12-19 19:39:41,2025-12-19T19:39:41,59.5,1.0,SetByBid
2025-12-19 19:39:41,2025-12-19T19:39:41,59.5,1.0,SetByBid
2025-12-19 19:39:41,2025-12-19T19:39:41,59.5,1.0,SetByBid
2025-12-19 19:39:41,2025-12-19T19:39:41,59.5,3.0,SetByBid
2025-12-19 19:39:41,2025-12-19T19:39:41,59.5,1.0,SetByBid
2025-12-19 19:39:41,2025-12-19T19:39:41,59.5,1.0,SetByBid
2025-12-19 19:39:41,2025-12-19T19:39:41,59.5,1.0,SetByBid
2025-12-19 19:39:41,2025-12-19T19:39:41,59.5,1.0,SetByBid
2025-12-19 19:39:41,2025-12-19T19:39:41,59.5,1.0,SetByBid
2025-12-19 19:39:41,2025-12-19T19:39:41,59.5,1.0,SetByBid
2025-12-19 19:39:41,2025-12-19T19:39:41,59.5,1.0,SetByBid
2025-12-19 19:39:41,2025-12-19T19:39:41,59.5,3.0,"SetByBid, Leg"
2025-12-19 19:39:41,2025-12-19T19:39:41,59.51,3.0,"SetByBid, Leg"
2025-12-19 19:39:41,2025-12-19T19:39:41,59.51,1.0,SetByBid
2025-12-19 19:39:41,2025-12-19T19:39:41,59.51,1.0,SetByBid
2025-12-19 19:39:41,2025-12-19T19:39:41,59.51,1.0,SetByBid
2025-12-19 19:39:41,2025-12-19T19:39:41,59.51,1.0,SetByBid
2025-12-19 19:39:41,2025-12-19T19:39:41,59.51,1.0,SetByBid
2025-12-19 19:39:41,2025-12-19T19:39:41,59.51,1.0,SetByBid
2025-12-19 19:39:41,2025-12-19T19:39:41,59.51,1.0,SetByBid
2025-12-19 19:39:41,2025-12-19T19:39:41,59.51,1.0,SetByBid
2025-12-19 19:39:41,2025-12-19T19:39:41,59.51,1.0,SetByBid
2025-12-19 19:39:41,2025-12-19T19:39:41,59.51,1.0,SetByBid
2025-12-19 19:39:41,2025-12-19T19:39:41,59.51,1.0,SetByBid
2025-12-19 19:39:41,2025-12-19T19:39:41,59.51,1.0,SetByBid
2025-12-19 19:39:41,2025-12-19T19:39:41,59.51,3.0,SetByBid
2025-12-19 19:39:41,2025-12-19T19:39:41,59.51,2.0,SetByBid
2025-12-19 19:39:41,2025-12-19T19:39:41,59.51,1.0,SetByBid
2025-12-19 19:39:41,2025-12-19T19:39:41,59.51,1.0,SetByBid
2025-12-19 19:39:41,2025-12-19T19:39:41,59.51,2.0,SetByBid
2025-12-19 19:39:41,2025-12-19T19:39:41,59.51,1.0,SetByBid
2025-12-19 19:39:41,2025-12-19T19:39:41,59.51,1.0,SetByBid
2025-12-19 19:39:41,2025-12-19T19:39:41,59.51,1.0,SetByBid
2025-12-19 19:39:41,2025-12-19T19:39:41,59.51,1.0,SetByBid
2025-12-19 19:39:41,2025-12-19T19:39:41,59.51,1.0,SetByBid
2025-12-19 19:40:04,2025-12-19T19:40:04,59.51,5.0,SetByAsk
2025-12-19 19:40:04,2025-12-19T19:40:04,59.51,1.0,SetByAsk
2025-12-19 19:40:04,2025-12-19T19:40:04,59.51,17.0,SetByAsk
2025-12-19 19:40:04,2025-12-19T19:40:04,59.51,5.0,SetByAsk
2025-12-19 19:40:04,2025-12-19T19:40:04,59.51,2.0,SetByAsk
2025-12-19 19:41:06,2025-12-19T19:41:06,59.49,1.0,SetByAsk
2025-12-19 19:41:06,2025-12-19T19:41:06,59.48,1.0,SetByAsk
2025-12-19 19:41:10,2025-12-19T19:41:10,59.49,1.0,SetByBid
2025-12-19 19:41:29,2025-12-19T19:41:29,59.5,2.0,SetByBid
2025-12-19 19:41:34,2025-12-19T19:41:34,59.51,1.0,SetByBid
2025-12-19 19:41:34,2025-12-19T19:41:34,59.51,1.0,SetByBid
2025-12-19 19:41:34,2025-12-19T19:41:34,59.51,1.0,SetByBid
2025-12-19 19:41:34,2025-12-19T19:41:34,59.51,1.0,SetByBid
2025-12-19 19:41:34,2025-12-19T19:41:34,59.51,1.0,SetByBid
2025-12-19 19:41:34,2025-12-19T19:41:34,59.51,1.0,SetByBid
2025-12-19 19:41:34,2025-12-19T19:41:34,59.51,1.0,SetByBid
2025-12-19 19:41:40,2025-12-19T19:41:40,59.52,1.0,SetByBid
2025-12-19 19:41:44,2025-12-19T19:41:44,59.53,1.0,SetByBid
2025-12-19 19:41:53,2025-12-19T19:41:53,59.52,1.0,SetByAsk
2025-12-19 19:41:53,2025-12-19T19:41:53,59.52,1.0,SetByAsk
2025-12-19 19:41:53,2025-12-19T19:41:53,59.52,1.0,SetByAsk
2025-12-19 19:41:53,2025-12-19T19:41:53,59.52,1.0,SetByAsk
2025-12-19 19:42:44,2025-12-19T19:42:44,59.55,1.0,SetByBid
2025-12-19 19:42:44,2025-12-19T19:42:44,59.55,1.0,SetByBid
2025-12-19 19:42:44,2025-12-19T19:42:44,59.55,3.0,SetByBid
2025-12-19 19:42:44,2025-12-19T19:42:44,59.55,1.0,SetByBid
2025-12-19 19:42:46,2025-12-19T19:42:46,59.56,1.0,SetByBid
2025-12-19 19:42:47,2025-12-19T19:42:47,59.56,1.0,SetByBid
2025-12-19 19:42:48,2025-12-19T19:42:48,59.56,1.0,SetByBid
2025-12-19 19:42:51,2025-12-19T19:42:51,59.55,3.0,SetByAsk
2025-12-19 19:42:51,2025-12-19T19:42:51,59.55,1.0,SetByAsk
2025-12-19 19:42:58,2025-12-19T19:42:58,59.55,3.0,SetByAsk
2025-12-19 19:42:58,2025-12-19T19:42:58,59.55,1.0,SetByAsk
2025-12-19 19:42:58,2025-12-19T19:42:58,59.55,3.0,SetByAsk
2025-12-19 19:43:07,2025-12-19T19:43:07,59.55,1.0,SetByAsk
2025-12-19 19:43:07,2025-12-19T19:43:07,59.55,3.0,SetByAsk
2025-12-19 19:43:08,2025-12-19T19:43:08,59.55,3.0,SetByAsk
2025-12-19 19:43:10,2025-12-19T19:43:10,59.54,3.0,SetByAsk
2025-12-19 19:43:11,2025-12-19T19:43:11,59.54,3.0,SetByBid
2025-12-19 19:43:19,2025-12-19T19:43:19,59.54,2.0,SetByAsk
2025-12-19 19:43:20,2025-12-19T19:43:20,59.54,1.0,SetByAsk
2025-12-19 19:43:26,2025-12-19T19:43:26,59.55,1.0,SetByBid
2025-12-19 19:43:31,2025-12-19T19:43:31,59.55,3.0,SetByAsk
2025-12-19 19:43:32,2025-12-19T19:43:32,59.55,3.0,SetByAsk
2025-12-19 19:43:34,2025-12-19T19:43:34,59.55,1.0,SetByAsk
2025-12-19 19:43:34,2025-12-19T19:43:34,59.55,3.0,SetByAsk
2025-12-19 19:43:37,2025-12-19T19:43:37,59.54,3.0,SetByAsk
2025-12-19 19:43:40,2025-12-19T19:43:40,59.54,3.0,SetByAsk
2025-12-19 19:43:40,2025-12-19T19:43:40,59.54,1.0,SetByBid
2025-12-19 19:43:40,2025-12-19T19:43:40,59.54,1.0,SetByBid
2025-12-19 19:43:41,2025-12-19T19:43:41,59.53,1.0,SetByAsk
2025-12-19 19:43:41,2025-12-19T19:43:41,59.53,1.0,SetByAsk
2025-12-19 19:43:41,2025-12-19T19:43:41,59.51,1.0,SetByAsk
2025-12-19 19:43:46,2025-12-19T19:43:46,59.52,5.0,SetByBid
2025-12-19 19:43:58,2025-12-19T19:43:58,59.51,1.0,SetByBid
2025-12-19 19:43:58,2025-12-19T19:43:58,59.51,1.0,SetByBid
2025-12-19 19:43:58,2025-12-19T19:43:58,59.51,1.0,SetByBid
2025-12-19 19:44:02,2025-12-19T19:44:02,59.49,3.0,SetByBid
2025-12-19 19:44:02,2025-12-19T19:44:02,59.49,1.0,SetByAsk
2025-12-19 19:44:05,2025-12-19T19:44:05,59.48,1.0,SetByAsk
2025-12-19 19:44:08,2025-12-19T19:44:08,59.48,1.0,SetByAsk
2025-12-19 19:44:10,2025-12-19T19:44:10,59.48,1.0,SetByAsk
2025-12-19 19:44:10,2025-12-19T19:44:10,59.49,2.0,SetByBid
2025-12-19 19:44:42,2025-12-19T19:44:42,59.5,1.0,SetByBid
2025-12-19 19:45:13,2025-12-19T19:45:13,59.5,1.0,SetByAsk
2025-12-19 19:45:14,2025-12-19T19:45:14,59.51,1.0,SetByBid
2025-12-19 19:45:14,2025-12-19T19:45:14,59.51,1.0,SetByBid
2025-12-19 19:45:40,2025-12-19T19:45:40,59.49,1.0,SetByBid
2025-12-19 19:45:40,2025-12-19T19:45:40,59.49,1.0,SetByBid
2025-12-19 19:45:46,2025-12-19T19:45:46,59.49,1.0,SetByBid
2025-12-19 19:45:46,2025-12-19T19:45:46,59.49,1.0,SetByBid
2025-12-19 19:45:49,2025-12-19T19:45:49,59.5,1.0,SetByBid
2025-12-19 19:45:56,2025-12-19T19:45:56,59.51,1.0,SetByAsk
2025-12-19 19:46:02,2025-12-19T19:46:02,59.51,3.0,SetByBid
2025-12-19 19:46:02,2025-12-19T19:46:02,59.51,1.0,SetByBid
2025-12-19 19:46:02,2025-12-19T19:46:02,59.51,1.0,SetByBid
2025-12-19 19:46:02,2025-12-19T19:46:02,59.51,3.0,SetByBid
2025-12-19 19:46:02,2025-12-19T19:46:02,59.51,1.0,SetByAsk
2025-12-19 19:46:23,2025-12-19T19:46:23,59.51,1.0,SetByBid
2025-12-19 19:46:42,2025-12-19T19:46:42,59.52,1.0,SetByBid
2025-12-19 19:46:46,2025-12-19T19:46:46,59.52,1.0,SetByBid
2025-12-19 19:46:55,2025-12-19T19:46:55,59.53,1.0,SetByBid
2025-12-19 19:46:55,2025-12-19T19:46:55,59.53,1.0,SetByAsk
2025-12-19 19:47:08,2025-12-19T19:47:08,59.54,1.0,SetByBid
2025-12-19 19:47:08,2025-12-19T19:47:08,59.54,1.0,SetByBid
2025-12-19 19:47:08,2025-12-19T19:47:08,59.54,1.0,SetByBid
2025-12-19 19:47:08,2025-12-19T19:47:08,59.54,1.0,SetByBid
2025-12-19 19:47:08,2025-12-19T19:47:08,59.54,1.0,SetByBid
2025-12-19 19:47:08,2025-12-19T19:47:08,59.54,1.0,SetByBid
2025-12-19 19:47:08,2025-12-19T19:47:08,59.54,1.0,SetByBid
2025-12-19 19:47:08,2025-12-19T19:47:08,59.54,3.0,SetByBid
2025-12-19 19:47:08,2025-12-19T19:47:08,59.54,1.0,SetByBid
2025-12-19 19:47:08,2025-12-19T19:47:08,59.54,1.0,SetByBid
2025-12-19 19:47:08,2025-12-19T19:47:08,59.54,1.0,SetByBid
2025-12-19 19:47:08,2025-12-19T19:47:08,59.54,1.0,SetByBid
2025-12-19 19:47:08,2025-12-19T19:47:08,59.54,1.0,SetByBid
2025-12-19 19:47:08,2025-12-19T19:47:08,59.54,1.0,SetByBid
2025-12-19 19:47:08,2025-12-19T19:47:08,59.54,1.0,SetByBid
2025-12-19 19:47:08,2025-12-19T19:47:08,59.54,1.0,SetByBid
2025-12-19 19:47:08,2025-12-19T19:47:08,59.54,1.0,SetByBid
2025-12-19 19:47:08,2025-12-19T19:47:08,59.54,3.0,SetByBid
2025-12-19 19:47:08,2025-12-19T19:47:08,59.54,1.0,SetByBid
2025-12-19 19:47:08,2025-12-19T19:47:08,59.54,2.0,SetByBid
2025-12-19 19:47:18,2025-12-19T19:47:18,59.5,1.0,SetByAsk
2025-12-19 19:47:29,2025-12-19T19:47:29,59.51,1.0,SetByBid
2025-12-19 19:47:32,2025-12-19T19:47:32,59.52,1.0,SetByBid
2025-12-19 19:47:32,2025-12-19T19:47:32,59.52,1.0,SetByBid
2025-12-19 19:47:32,2025-12-19T19:47:32,59.52,1.0,SetByBid
2025-12-19 19:47:32,2025-12-19T19:47:32,59.52,1.0,SetByBid
2025-12-19 19:47:32,2025-12-19T19:47:32,59.52,1.0,SetByBid
2025-12-19 19:47:32,2025-12-19T19:47:32,59.52,1.0,SetByBid
2025-12-19 19:47:32,2025-12-19T19:47:32,59.52,1.0,SetByBid
2025-12-19 19:47:32,2025-12-19T19:47:32,59.52,1.0,SetByBid
2025-12-19 19:47:32,2025-12-19T19:47:32,59.52,1.0,SetByBid
2025-12-19 19:47:32,2025-12-19T19:47:32,59.52,3.0,SetByBid
2025-12-19 19:47:32,2025-12-19T19:47:32,59.52,1.0,SetByBid
2025-12-19 19:47:32,2025-12-19T19:47:32,59.52,1.0,SetByBid
2025-12-19 19:47:32,2025-12-19T19:47:32,59.52,1.0,SetByBid
2025-12-19 19:47:39,2025-12-19T19:47:39,59.51,1.0,SetByAsk
2025-12-19 19:48:02,2025-12-19T19:48:02,59.49,1.0,SetByAsk
2025-12-19 19:48:02,2025-12-19T19:48:02,59.49,1.0,SetByAsk
2025-12-19 19:48:02,2025-12-19T19:48:02,59.49,1.0,SetByAsk
2025-12-19 19:48:11,2025-12-19T19:48:11,59.47,1.0,SetByAsk
2025-12-19 19:48:40,2025-12-19T19:48:40,59.47,1.0,SetByAsk
2025-12-19 19:48:45,2025-12-19T19:48:45,59.47,1.0,SetByAsk
2025-12-19 19:49:01,2025-12-19T19:49:01,59.47,1.0,SetByAsk
2025-12-19 19:49:08,2025-12-19T19:49:08,59.45,1.0,SetByAsk
2025-12-19 19:49:08,2025-12-19T19:49:08,59.45,1.0,SetByAsk
2025-12-19 19:49:08,2025-12-19T19:49:08,59.45,1.0,SetByAsk
2025-12-19 19:49:08,2025-12-19T19:49:08,59.45,4.0,SetByAsk
2025-12-19 19:49:14,2025-12-19T19:49:14,59.45,1.0,SetByBid
2025-12-19 19:49:20,2025-12-19T19:49:20,59.46,1.0,SetByBid
2025-12-19 19:49:20,2025-12-19T19:49:20,59.46,1.0,SetByBid
2025-12-19 19:49:20,2025-12-19T19:49:20,59.46,1.0,SetByBid
2025-12-19 19:49:24,2025-12-19T19:49:24,59.47,1.0,SetByBid
2025-12-19 19:49:31,2025-12-19T19:49:31,59.47,1.0,SetByBid
2025-12-19 19:49:49,2025-12-19T19:49:49,59.46,1.0,SetByAsk
2025-12-19 19:49:49,2025-12-19T19:49:49,59.46,1.0,SetByAsk
2025-12-19 19:49:49,2025-12-19T19:49:49,59.45,1.0,SetByBid
2025-12-19 19:49:50,2025-12-19T19:49:50,59.45,1.0,SetByBid
2025-12-19 19:49:54,2025-12-19T19:49:54,59.44,1.0,SetByAsk
2025-12-19 19:49:54,2025-12-19T19:49:54,59.44,1.0,SetByAsk
2025-12-19 19:49:54,2025-12-19T19:49:54,59.44,1.0,SetByAsk
2025-12-19 19:49:55,2025-12-19T19:49:55,59.44,1.0,SetByAsk
2025-12-19 19:49:55,2025-12-19T19:49:55,59.44,1.0,SetByAsk
2025-12-19 19:49:55,2025-12-19T19:49:55,59.44,1.0,SetByAsk
2025-12-19 19:49:55,2025-12-19T19:49:55,59.43,1.0,SetByAsk
2025-12-19 19:49:55,2025-12-19T19:49:55,59.43,1.0,SetByAsk
2025-12-19 19:49:55,2025-12-19T19:49:55,59.43,1.0,SetByAsk
2025-12-19 19:49:55,2025-12-19T19:49:55,59.44,1.0,SetByAsk
2025-12-19 19:49:55,2025-12-19T19:49:55,59.44,1.0,SetByBid
2025-12-19 19:49:55,2025-12-19T19:49:55,59.43,1.0,SetByAsk
2025-12-19 19:49:55,2025-12-19T19:49:55,59.44,1.0,SetByBid
2025-12-19 19:49:55,2025-12-19T19:49:55,59.43,1.0,SetByAsk
2025-12-19 19:49:55,2025-12-19T19:49:55,59.43,1.0,SetByAsk
2025-12-19 19:49:55,2025-12-19T19:49:55,59.43,1.0,SetByAsk
2025-12-19 19:49:55,2025-12-19T19:49:55,59.44,1.0,SetByBid
2025-12-19 19:49:55,2025-12-19T19:49:55,59.44,1.0,SetByAsk
2025-12-19 19:49:55,2025-12-19T19:49:55,59.44,1.0,SetByAsk
2025-12-19 19:49:55,2025-12-19T19:49:55,59.44,1.0,SetByAsk
2025-12-19 19:49:56,2025-12-19T19:49:56,59.44,1.0,SetByAsk
2025-12-19 19:49:56,2025-12-19T19:49:56,59.44,1.0,SetByAsk
2025-12-19 19:49:56,2025-12-19T19:49:56,59.44,1.0,SetByAsk
2025-12-19 19:49:57,2025-12-19T19:49:57,59.44,1.0,SetByAsk
2025-12-19 19:49:57,2025-12-19T19:49:57,59.44,1.0,SetByAsk
2025-12-19 19:49:58,2025-12-19T19:49:58,59.44,1.0,SetByAsk
2025-12-19 19:49:58,2025-12-19T19:49:58,59.44,1.0,SetByAsk
2025-12-19 19:49:58,2025-12-19T19:49:58,59.44,1.0,SetByBid
2025-12-19 19:50:00,2025-12-19T19:50:00,59.43,1.0,SetByAsk
2025-12-19 19:50:00,2025-12-19T19:50:00,59.43,1.0,SetByAsk
2025-12-19 19:50:00,2025-12-19T19:50:00,59.43,1.0,SetByAsk
2025-12-19 19:50:00,2025-12-19T19:50:00,59.43,1.0,SetByAsk
2025-12-19 19:50:01,2025-12-19T19:50:01,59.43,1.0,SetByAsk
2025-12-19 19:50:01,2025-12-19T19:50:01,59.44,1.0,SetByBid
2025-12-19 19:50:01,2025-12-19T19:50:01,59.44,1.0,SetByBid
2025-12-19 19:50:01,2025-12-19T19:50:01,59.44,1.0,SetByBid
2025-12-19 19:50:01,2025-12-19T19:50:01,59.44,1.0,SetByAsk
2025-12-19 19:50:01,2025-12-19T19:50:01,59.44,1.0,SetByAsk
2025-12-19 19:50:01,2025-12-19T19:50:01,59.43,1.0,SetByAsk
2025-12-19 19:50:02,2025-12-19T19:50:02,59.44,1.0,SetByAsk
2025-12-19 19:50:02,2025-12-19T19:50:02,59.44,1.0,SetByAsk
2025-12-19 19:50:02,2025-12-19T19:50:02,59.44,1.0,SetByAsk
2025-12-19 19:50:02,2025-12-19T19:50:02,59.44,1.0,SetByAsk
2025-12-19 19:50:03,2025-12-19T19:50:03,59.44,1.0,SetByAsk
2025-12-19 19:50:03,2025-12-19T19:50:03,59.44,1.0,SetByAsk
2025-12-19 19:50:03,2025-12-19T19:50:03,59.44,1.0,SetByAsk
2025-12-19 19:50:03,2025-12-19T19:50:03,59.44,1.0,SetByAsk
2025-12-19 19:50:03,2025-12-19T19:50:03,59.44,1.0,SetByAsk
2025-12-19 19:50:04,2025-12-19T19:50:04,59.43,1.0,SetByAsk
2025-12-19 19:50:04,2025-12-19T19:50:04,59.43,1.0,SetByAsk
2025-12-19 19:50:04,2025-12-19T19:50:04,59.43,1.0,SetByAsk
2025-12-19 19:50:04,2025-12-19T19:50:04,59.44,1.0,SetByBid
2025-12-19 19:50:04,2025-12-19T19:50:04,59.43,1.0,SetByAsk
2025-12-19 19:50:05,2025-12-19T19:50:05,59.43,1.0,SetByAsk
2025-12-19 19:50:05,2025-12-19T19:50:05,59.43,1.0,SetByAsk
2025-12-19 19:50:08,2025-12-19T19:50:08,59.44,1.0,SetByAsk
2025-12-19 19:50:08,2025-12-19T19:50:08,59.44,1.0,SetByAsk
2025-12-19 19:50:09,2025-12-19T19:50:09,59.45,1.0,SetByBid
2025-12-19 19:50:09,2025-12-19T19:50:09,59.45,1.0,SetByBid
2025-12-19 19:50:18,2025-12-19T19:50:18,59.45,1.0,SetByAsk
2025-12-19 19:50:18,2025-12-19T19:50:18,59.45,1.0,SetByAsk
2025-12-19 19:50:18,2025-12-19T19:50:18,59.45,1.0,SetByAsk
2025-12-19 19:50:18,2025-12-19T19:50:18,59.45,1.0,SetByAsk
2025-12-19 19:50:19,2025-12-19T19:50:19,59.45,1.0,SetByAsk
2025-12-19 19:50:19,2025-12-19T19:50:19,59.45,1.0,SetByAsk
2025-12-19 19:50:19,2025-12-19T19:50:19,59.45,1.0,SetByAsk
2025-12-19 19:50:19,2025-12-19T19:50:19,59.45,1.0,SetByAsk
2025-12-19 19:50:19,2025-12-19T19:50:19,59.45,1.0,SetByAsk
2025-12-19 19:50:19,2025-12-19T19:50:19,59.45,1.0,SetByAsk
2025-12-19 19:50:19,2025-12-19T19:50:19,59.45,1.0,SetByAsk
2025-12-19 19:50:19,2025-12-19T19:50:19,59.45,1.0,SetByAsk
2025-12-19 19:50:21,2025-12-19T19:50:21,59.45,1.0,SetByAsk
2025-12-19 19:50:25,2025-12-19T19:50:25,59.47,1.0,SetByBid
2025-12-19 19:50:59,2025-12-19T19:50:59,59.47,1.0,SetByBid
2025-12-19 19:50:59,2025-12-19T19:50:59,59.47,1.0,SetByBid
2025-12-19 19:51:02,2025-12-19T19:51:02,59.48,1.0,SetByBid
2025-12-19 19:51:02,2025-12-19T19:51:02,59.48,1.0,SetByBid
2025-12-19 19:51:02,2025-12-19T19:51:02,59.48,1.0,SetByBid
2025-12-19 19:51:02,2025-12-19T19:51:02,59.48,1.0,SetByBid
2025-12-19 19:51:02,2025-12-19T19:51:02,59.48,1.0,SetByBid
2025-12-19 19:51:02,2025-12-19T19:51:02,59.48,2.0,SetByBid
2025-12-19 19:51:02,2025-12-19T19:51:02,59.48,1.0,SetByBid
2025-12-19 19:51:02,2025-12-19T19:51:02,59.48,1.0,SetByAsk
2025-12-19 19:51:02,2025-12-19T19:51:02,59.48,1.0,SetByAsk
2025-12-19 19:51:02,2025-12-19T19:51:02,59.48,1.0,SetByAsk
2025-12-19 19:51:04,2025-12-19T19:51:04,59.47,1.0,SetByBid
2025-12-19 19:51:12,2025-12-19T19:51:12,59.48,1.0,SetByBid
2025-12-19 19:51:40,2025-12-19T19:51:40,59.46,1.0,SetByAsk
2025-12-19 19:52:21,2025-12-19T19:52:21,59.44,1.0,SetByAsk
2025-12-19 19:52:21,2025-12-19T19:52:21,59.44,1.0,SetByAsk
2025-12-19 19:52:21,2025-12-19T19:52:21,59.44,1.0,SetByAsk
2025-12-19 19:52:21,2025-12-19T19:52:21,59.44,1.0,SetByAsk
2025-12-19 19:52:21,2025-12-19T19:52:21,59.44,1.0,SetByAsk
2025-12-19 19:52:21,2025-12-19T19:52:21,59.44,1.0,SetByAsk
2025-12-19 19:52:21,2025-12-19T19:52:21,59.44,1.0,SetByAsk
2025-12-19 19:52:21,2025-12-19T19:52:21,59.44,1.0,SetByAsk
2025-12-19 19:52:21,2025-12-19T19:52:21,59.44,1.0,SetByAsk
2025-12-19 19:52:22,2025-12-19T19:52:22,59.44,1.0,SetByAsk
2025-12-19 19:52:23,2025-12-19T19:52:23,59.44,1.0,SetByAsk
2025-12-19 19:52:24,2025-12-19T19:52:24,59.44,1.0,SetByAsk
2025-12-19 19:52:24,2025-12-19T19:52:24,59.44,1.0,SetByAsk
2025-12-19 19:52:24,2025-12-19T19:52:24,59.44,1.0,SetByAsk
2025-12-19 19:52:24,2025-12-19T19:52:24,59.44,1.0,SetByAsk
2025-12-19 19:52:24,2025-12-19T19:52:24,59.44,1.0,SetByAsk
2025-12-19 19:52:24,2025-12-19T19:52:24,59.44,1.0,SetByAsk
2025-12-19 19:52:24,2025-12-19T19:52:24,59.44,1.0,SetByAsk
2025-12-19 19:52:24,2025-12-19T19:52:24,59.44,1.0,SetByAsk
2025-12-19 19:52:25,2025-12-19T19:52:25,59.44,1.0,SetByAsk
2025-12-19 19:52:25,2025-12-19T19:52:25,59.44,1.0,SetByAsk
2025-12-19 19:52:26,2025-12-19T19:52:26,59.45,1.0,SetByBid
2025-12-19 19:52:26,2025-12-19T19:52:26,59.45,1.0,SetByBid
2025-12-19 19:52:26,2025-12-19T19:52:26,59.45,1.0,SetByBid
2025-12-19 19:52:26,2025-12-19T19:52:26,59.45,1.0,SetByBid
2025-12-19 19:52:26,2025-12-19T19:52:26,59.45,1.0,SetByBid
2025-12-19 19:52:29,2025-12-19T19:52:29,59.45,1.0,SetByAsk
2025-12-19 19:52:29,2025-12-19T19:52:29,59.45,1.0,SetByAsk
2025-12-19 19:52:29,2025-12-19T19:52:29,59.45,1.0,SetByAsk
2025-12-19 19:52:30,2025-12-19T19:52:30,59.44,1.0,SetByAsk
2025-12-19 19:52:55,2025-12-19T19:52:55,59.43,1.0,SetByAsk
2025-12-19 19:52:55,2025-12-19T19:52:55,59.43,1.0,SetByAsk
2025-12-19 19:52:59,2025-12-19T19:52:59,59.42,1.0,SetByBid
2025-12-19 19:52:59,2025-12-19T19:52:59,59.42,1.0,SetByBid
2025-12-19 19:52:59,2025-12-19T19:52:59,59.42,1.0,SetByBid
2025-12-19 19:53:11,2025-12-19T19:53:11,59.44,1.0,SetByAsk
2025-12-19 19:53:18,2025-12-19T19:53:18,59.43,1.0,SetByAsk
2025-12-19 19:53:23,2025-12-19T19:53:23,59.43,1.0,SetByBid
2025-12-19 19:53:39,2025-12-19T19:53:39,59.42,1.0,SetByAsk
2025-12-19 19:53:56,2025-12-19T19:53:56,59.43,1.0,SetByBid
2025-12-19 19:53:56,2025-12-19T19:53:56,59.43,1.0,SetByBid
2025-12-19 19:54:11,2025-12-19T19:54:11,59.47,1.0,SetByBid
2025-12-19 19:54:11,2025-12-19T19:54:11,59.47,1.0,SetByBid
2025-12-19 19:54:29,2025-12-19T19:54:29,59.48,1.0,SetByAsk
2025-12-19 19:54:35,2025-12-19T19:54:35,59.47,1.0,SetByAsk
2025-12-19 19:54:35,2025-12-19T19:54:35,59.47,2.0,SetByAsk
2025-12-19 19:54:41,2025-12-19T19:54:41,59.47,1.0,SetByAsk
2025-12-19 19:54:41,2025-12-19T19:54:41,59.47,2.0,SetByAsk
2025-12-19 19:54:43,2025-12-19T19:54:43,59.47,1.0,SetByAsk
2025-12-19 19:54:43,2025-12-19T19:54:43,59.47,1.0,SetByAsk
2025-12-19 19:54:43,2025-12-19T19:54:43,59.47,2.0,SetByAsk
2025-12-19 19:54:43,2025-12-19T19:54:43,59.47,1.0,SetByAsk
2025-12-19 19:54:48,2025-12-19T19:54:48,59.49,1.0,SetByAsk
2025-12-19 19:54:48,2025-12-19T19:54:48,59.49,1.0,SetByAsk
2025-12-19 19:54:48,2025-12-19T19:54:48,59.49,1.0,SetByAsk
2025-12-19 19:55:00,2025-12-19T19:55:00,59.5,2.0,SetByBid
2025-12-19 19:55:00,2025-12-19T19:55:00,59.5,4.0,SetByBid
2025-12-19 19:55:00,2025-12-19T19:55:00,59.5,12.0,SetByBid
2025-12-19 19:55:00,2025-12-19T19:55:00,59.5,1.0,SetByBid
2025-12-19 19:55:00,2025-12-19T19:55:00,59.5,1.0,SetByBid
2025-12-19 19:55:02,2025-12-19T19:55:02,59.5,1.0,SetByBid
2025-12-19 19:55:02,2025-12-19T19:55:02,59.5,1.0,SetByBid
2025-12-19 19:55:02,2025-12-19T19:55:02,59.5,3.0,SetByBid
2025-12-19 19:55:02,2025-12-19T19:55:02,59.5,2.0,SetByBid
2025-12-19 19:55:02,2025-12-19T19:55:02,59.5,3.0,SetByBid
2025-12-19 19:55:02,2025-12-19T19:55:02,59.5,1.0,SetByBid
2025-12-19 19:55:02,2025-12-19T19:55:02,59.5,5.0,SetByBid
2025-12-19 19:55:02,2025-12-19T19:55:02,59.5,1.0,SetByAsk
2025-12-19 19:55:02,2025-12-19T19:55:02,59.5,2.0,SetByAsk
2025-12-19 19:55:02,2025-12-19T19:55:02,59.49,1.0,SetByAsk
2025-12-19 19:55:12,2025-12-19T19:55:12,59.51,1.0,SetByBid
2025-12-19 19:55:12,2025-12-19T19:55:12,59.51,1.0,SetByBid
2025-12-19 19:55:12,2025-12-19T19:55:12,59.51,1.0,SetByBid
2025-12-19 19:55:12,2025-12-19T19:55:12,59.51,2.0,SetByAsk
2025-12-19 19:55:12,2025-12-19T19:55:12,59.51,1.0,SetByAsk
2025-12-19 19:55:14,2025-12-19T19:55:14,59.5,1.0,SetByAsk
2025-12-19 19:55:22,2025-12-19T19:55:22,59.49,1.0,SetByAsk
2025-12-19 19:55:22,2025-12-19T19:55:22,59.49,1.0,SetByAsk
2025-12-19 19:55:22,2025-12-19T19:55:22,59.49,1.0,SetByAsk
2025-12-19 19:55:22,2025-12-19T19:55:22,59.49,3.0,SetByAsk
2025-12-19 19:55:22,2025-12-19T19:55:22,59.49,1.0,SetByAsk
2025-12-19 19:55:22,2025-12-19T19:55:22,59.49,1.0,SetByAsk
2025-12-19 19:55:22,2025-12-19T19:55:22,59.49,1.0,SetByAsk
2025-12-19 19:55:22,2025-12-19T19:55:22,59.49,1.0,SetByAsk
2025-12-19 19:55:22,2025-12-19T19:55:22,59.49,1.0,SetByAsk
2025-12-19 19:55:22,2025-12-19T19:55:22,59.49,1.0,SetByAsk
2025-12-19 19:55:22,2025-12-19T19:55:22,59.49,1.0,SetByAsk
2025-12-19 19:55:24,2025-12-19T19:55:24,59.5,1.0,SetByBid
2025-12-19 19:56:03,2025-12-19T19:56:03,59.5,1.0,SetByAsk
2025-12-19 19:56:03,2025-12-19T19:56:03,59.49,1.0,SetByBid
2025-12-19 19:56:03,2025-12-19T19:56:03,59.49,1.0,SetByBid
2025-12-19 19:56:03,2025-12-19T19:56:03,59.49,1.0,SetByBid
2025-12-19 19:56:03,2025-12-19T19:56:03,59.49,1.0,SetByBid
2025-12-19 19:56:03,2025-12-19T19:56:03,59.49,1.0,SetByBid
2025-12-19 19:56:03,2025-12-19T19:56:03,59.48,1.0,SetByAsk
2025-12-19 19:56:03,2025-12-19T19:56:03,59.48,1.0,SetByAsk
2025-12-19 19:56:03,2025-12-19T19:56:03,59.48,1.0,SetByAsk
2025-12-19 19:56:03,2025-12-19T19:56:03,59.47,1.0,SetByAsk
2025-12-19 19:56:03,2025-12-19T19:56:03,59.48,1.0,SetByBid
2025-12-19 19:56:27,2025-12-19T19:56:27,59.48,1.0,SetByBid
2025-12-19 19:56:27,2025-12-19T19:56:27,59.48,1.0,SetByBid
2025-12-19 19:57:16,2025-12-19T19:57:16,59.48,1.0,SetByAsk
2025-12-19 19:57:26,2025-12-19T19:57:26,59.48,1.0,SetByBid
2025-12-19 19:57:42,2025-12-19T19:57:42,59.47,2.0,SetByBid
2025-12-19 19:57:42,2025-12-19T19:57:42,59.47,4.0,SetByBid
2025-12-19 19:57:42,2025-12-19T19:57:42,59.47,2.0,SetByBid
2025-12-19 19:57:42,2025-12-19T19:57:42,59.47,1.0,SetByBid
2025-12-19 19:57:42,2025-12-19T19:57:42,59.47,1.0,SetByBid
2025-12-19 19:57:42,2025-12-19T19:57:42,59.47,1.0,SetByBid
2025-12-19 19:57:42,2025-12-19T19:57:42,59.47,1.0,SetByBid
2025-12-19 19:57:42,2025-12-19T19:57:42,59.47,1.0,SetByBid
2025-12-19 19:57:42,2025-12-19T19:57:42,59.47,3.0,SetByBid
2025-12-19 19:57:57,2025-12-19T19:57:57,59.47,2.0,SetByBid
2025-12-19 19:57:57,2025-12-19T19:57:57,59.47,1.0,SetByBid
2025-12-19 19:57:57,2025-12-19T19:57:57,59.47,5.0,SetByBid
2025-12-19 19:57:57,2025-12-19T19:57:57,59.47,4.0,SetByBid
2025-12-19 19:57:57,2025-12-19T19:57:57,59.47,3.0,SetByBid
2025-12-19 19:57:57,2025-12-19T19:57:57,59.47,1.0,SetByBid
2025-12-19 19:57:57,2025-12-19T19:57:57,59.47,2.0,SetByBid
2025-12-19 19:57:57,2025-12-19T19:57:57,59.47,1.0,SetByBid
2025-12-19 19:57:57,2025-12-19T19:57:57,59.47,1.0,SetByBid
2025-12-19 19:57:57,2025-12-19T19:57:57,59.47,5.0,SetByBid
2025-12-19 19:57:57,2025-12-19T19:57:57,59.47,1.0,SetByBid
2025-12-19 19:57:57,2025-12-19T19:57:57,59.47,1.0,SetByBid
2025-12-19 19:57:57,2025-12-19T19:57:57,59.47,4.0,SetByBid
2025-12-19 19:57:57,2025-12-19T19:57:57,59.47,5.0,SetByBid
2025-12-19 19:57:57,2025-12-19T19:57:57,59.47,4.0,SetByBid
2025-12-19 19:57:57,2025-12-19T19:57:57,59.47,4.0,SetByBid
2025-12-19 19:57:57,2025-12-19T19:57:57,59.47,4.0,SetByBid
2025-12-19 19:57:57,2025-12-19T19:57:57,59.47,1.0,SetByBid
2025-12-19 19:57:57,2025-12-19T19:57:57,59.47,2.0,SetByBid
2025-12-19 19:58:14,2025-12-19T19:58:14,59.48,1.0,SetByBid
2025-12-19 19:58:36,2025-12-19T19:58:36,59.47,1.0,SetByAsk
2025-12-19 19:59:05,2025-12-19T19:59:05,59.51,1.0,SetByBid
2025-12-19 19:59:28,2025-12-19T19:59:28,59.51,1.0,SetByAsk
2025-12-19 19:59:52,2025-12-19T19:59:52,59.49,1.0,SetByBid
2025-12-19 19:59:52,2025-12-19T19:59:52,59.49,1.0,SetByBid
2025-12-19 19:59:52,2025-12-19T19:59:52,59.49,1.0,SetByBid
2025-12-19 20:00:28,2025-12-19T20:00:28,59.52,1.0,SetByAsk
2025-12-19 20:00:28,2025-12-19T20:00:28,59.52,1.0,SetByAsk
2025-12-19 20:00:28,2025-12-19T20:00:28,59.52,1.0,SetByAsk
2025-12-19 20:00:42,2025-12-19T20:00:42,59.53,1.0,SetByAsk
2025-12-19 20:00:43,2025-12-19T20:00:43,59.53,1.0,SetByAsk
2025-12-19 20:00:45,2025-12-19T20:00:45,59.53,1.0,SetByAsk
2025-12-19 20:00:49,2025-12-19T20:00:49,59.52,1.0,SetByAsk
2025-12-19 20:01:00,2025-12-19T20:01:00,59.51,1.0,SetByAsk
2025-12-19 20:01:00,2025-12-19T20:01:00,59.51,1.0,SetByAsk
2025-12-19 20:01:13,2025-12-19T20:01:13,59.51,1.0,SetByBid
2025-12-19 20:01:13,2025-12-19T20:01:13,59.51,1.0,SetByBid
2025-12-19 20:01:19,2025-12-19T20:01:19,59.49,1.0,SetByAsk
2025-12-19 20:01:19,2025-12-19T20:01:19,59.49,1.0,SetByAsk
2025-12-19 20:01:19,2025-12-19T20:01:19,59.49,1.0,SetByAsk
2025-12-19 20:01:19,2025-12-19T20:01:19,59.49,1.0,SetByAsk
2025-12-19 20:01:19,2025-12-19T20:01:19,59.49,1.0,SetByAsk
2025-12-19 20:01:20,2025-12-19T20:01:20,59.51,1.0,SetByBid
2025-12-19 20:01:20,2025-12-19T20:01:20,59.51,1.0,SetByBid
2025-12-19 20:01:20,2025-12-19T20:01:20,59.51,1.0,SetByBid
2025-12-19 20:01:20,2025-12-19T20:01:20,59.51,1.0,SetByAsk
2025-12-19 20:01:33,2025-12-19T20:01:33,59.54,1.0,SetByBid
2025-12-19 20:01:33,2025-12-19T20:01:33,59.54,1.0,SetByBid
2025-12-19 20:01:33,2025-12-19T20:01:33,59.54,1.0,SetByBid
2025-12-19 20:01:33,2025-12-19T20:01:33,59.54,1.0,SetByBid
2025-12-19 20:01:33,2025-12-19T20:01:33,59.54,1.0,SetByBid
2025-12-19 20:01:33,2025-12-19T20:01:33,59.54,1.0,SetByBid
2025-12-19 20:01:33,2025-12-19T20:01:33,59.54,1.0,SetByBid
2025-12-19 20:01:33,2025-12-19T20:01:33,59.54,4.0,SetByAsk
2025-12-19 20:01:33,2025-12-19T20:01:33,59.54,4.0,SetByAsk
2025-12-19 20:01:33,2025-12-19T20:01:33,59.54,11.0,SetByAsk
2025-12-19 20:01:33,2025-12-19T20:01:33,59.54,9.0,SetByAsk
2025-12-19 20:01:46,2025-12-19T20:01:46,59.52,1.0,SetByAsk
2025-12-19 20:02:03,2025-12-19T20:02:03,59.52,1.0,SetByBid
2025-12-19 20:02:22,2025-12-19T20:02:22,59.51,1.0,SetByAsk
2025-12-19 20:02:22,2025-12-19T20:02:22,59.51,1.0,SetByAsk
2025-12-19 20:02:33,2025-12-19T20:02:33,59.52,1.0,SetByBid
2025-12-19 20:02:42,2025-12-19T20:02:42,59.5,1.0,SetByAsk
2025-12-19 20:02:44,2025-12-19T20:02:44,59.52,1.0,SetByBid
2025-12-19 20:02:44,2025-12-19T20:02:44,59.52,1.0,SetByBid
2025-12-19 20:02:44,2025-12-19T20:02:44,59.52,1.0,SetByBid
2025-12-19 20:02:44,2025-12-19T20:02:44,59.52,1.0,SetByBid
2025-12-19 20:02:44,2025-12-19T20:02:44,59.52,1.0,SetByBid
2025-12-19 20:03:08,2025-12-19T20:03:08,59.53,1.0,SetByAsk
2025-12-19 20:03:08,2025-12-19T20:03:08,59.53,1.0,SetByAsk
2025-12-19 20:03:08,2025-12-19T20:03:08,59.53,1.0,SetByAsk
2025-12-19 20:03:08,2025-12-19T20:03:08,59.53,2.0,SetByAsk
2025-12-19 20:03:08,2025-12-19T20:03:08,59.53,1.0,SetByAsk
2025-12-19 20:03:08,2025-12-19T20:03:08,59.53,2.0,SetByAsk
2025-12-19 20:03:08,2025-12-19T20:03:08,59.53,1.0,SetByAsk
2025-12-19 20:03:08,2025-12-19T20:03:08,59.53,1.0,SetByAsk
2025-12-19 20:03:08,2025-12-19T20:03:08,59.53,1.0,SetByAsk
2025-12-19 20:03:08,2025-12-19T20:03:08,59.53,1.0,SetByAsk
2025-12-19 20:03:08,2025-12-19T20:03:08,59.53,1.0,SetByAsk
2025-12-19 20:03:08,2025-12-19T20:03:08,59.53,1.0,SetByAsk
2025-12-19 20:03:08,2025-12-19T20:03:08,59.53,3.0,SetByAsk
2025-12-19 20:03:08,2025-12-19T20:03:08,59.53,1.0,SetByAsk
2025-12-19 20:03:08,2025-12-19T20:03:08,59.53,3.0,SetByAsk
2025-12-19 20:03:08,2025-12-19T20:03:08,59.53,2.0,SetByAsk
2025-12-19 20:03:08,2025-12-19T20:03:08,59.53,3.0,SetByAsk
2025-12-19 20:03:15,2025-12-19T20:03:15,59.54,1.0,SetByBid
2025-12-19 20:03:32,2025-12-19T20:03:32,59.52,1.0,SetByAsk
2025-12-19 20:03:32,2025-12-19T20:03:32,59.52,1.0,SetByAsk
2025-12-19 20:03:32,2025-12-19T20:03:32,59.52,1.0,SetByAsk
2025-12-19 20:03:32,2025-12-19T20:03:32,59.52,1.0,SetByAsk
2025-12-19 20:03:32,2025-12-19T20:03:32,59.52,1.0,SetByBid
2025-12-19 20:03:32,2025-12-19T20:03:32,59.52,1.0,SetByBid
2025-12-19 20:03:32,2025-12-19T20:03:32,59.52,1.0,SetByBid
2025-12-19 20:03:32,2025-12-19T20:03:32,59.52,1.0,SetByBid
2025-12-19 20:03:32,2025-12-19T20:03:32,59.52,1.0,SetByBid
2025-12-19 20:04:00,2025-12-19T20:04:00,59.5,1.0,SetByAsk
2025-12-19 20:04:01,2025-12-19T20:04:01,59.5,1.0,SetByBid
2025-12-19 20:04:32,2025-12-19T20:04:32,59.51,1.0,SetByBid
2025-12-19 20:04:32,2025-12-19T20:04:32,59.51,1.0,SetByBid
2025-12-19 20:04:32,2025-12-19T20:04:32,59.51,1.0,SetByBid
2025-12-19 20:04:58,2025-12-19T20:04:58,59.52,1.0,SetByAsk
2025-12-19 20:05:01,2025-12-19T20:05:01,59.53,1.0,SetByBid
2025-12-19 20:05:01,2025-12-19T20:05:01,59.53,3.0,SetByBid
2025-12-19 20:05:09,2025-12-19T20:05:09,59.53,1.0,SetByBid
2025-12-19 20:05:25,2025-12-19T20:05:25,59.53,1.0,SetByAsk
2025-12-19 20:05:25,2025-12-19T20:05:25,59.53,1.0,SetByAsk
2025-12-19 20:05:25,2025-12-19T20:05:25,59.53,1.0,SetByAsk
2025-12-19 20:05:25,2025-12-19T20:05:25,59.53,1.0,SetByAsk
2025-12-19 20:05:25,2025-12-19T20:05:25,59.53,1.0,SetByAsk
2025-12-19 20:05:25,2025-12-19T20:05:25,59.53,1.0,SetByAsk
2025-12-19 20:05:37,2025-12-19T20:05:37,59.55,1.0,SetByBid
2025-12-19 20:06:04,2025-12-19T20:06:04,59.55,1.0,SetByBid
2025-12-19 20:06:04,2025-12-19T20:06:04,59.55,1.0,SetByBid
2025-12-19 20:06:07,2025-12-19T20:06:07,59.56,1.0,SetByBid
2025-12-19 20:06:20,2025-12-19T20:06:20,59.58,1.0,SetByBid
2025-12-19 20:06:21,2025-12-19T20:06:21,59.59,1.0,SetByAsk
2025-12-19 20:06:21,2025-12-19T20:06:21,59.59,1.0,SetByAsk
2025-12-19 20:06:33,2025-12-19T20:06:33,59.58,1.0,SetByAsk
2025-12-19 20:06:33,2025-12-19T20:06:33,59.58,1.0,SetByAsk
2025-12-19 20:06:59,2025-12-19T20:06:59,59.58,1.0,SetByBid
2025-12-19 20:07:05,2025-12-19T20:07:05,59.58,5.0,SetByAsk
2025-12-19 20:07:09,2025-12-19T20:07:09,59.58,1.0,SetByAsk
2025-12-19 20:07:09,2025-12-19T20:07:09,59.58,1.0,SetByAsk
2025-12-19 20:07:10,2025-12-19T20:07:10,59.59,1.0,SetByBid
2025-12-19 20:07:10,2025-12-19T20:07:10,59.59,1.0,SetByBid
2025-12-19 20:07:10,2025-12-19T20:07:10,59.59,1.0,SetByBid
2025-12-19 20:07:10,2025-12-19T20:07:10,59.59,1.0,SetByBid
2025-12-19 20:07:10,2025-12-19T20:07:10,59.59,1.0,SetByBid
2025-12-19 20:07:10,2025-12-19T20:07:10,59.59,1.0,SetByBid
2025-12-19 20:07:10,2025-12-19T20:07:10,59.59,3.0,SetByBid
2025-12-19 20:07:10,2025-12-19T20:07:10,59.59,1.0,SetByBid
2025-12-19 20:07:10,2025-12-19T20:07:10,59.59,3.0,SetByBid
2025-12-19 20:07:32,2025-12-19T20:07:32,59.57,1.0,SetByAsk
2025-12-19 20:07:51,2025-12-19T20:07:51,59.57,1.0,SetByBid
2025-12-19 20:07:51,2025-12-19T20:07:51,59.57,1.0,SetByBid
2025-12-19 20:09:12,2025-12-19T20:09:12,59.57,1.0,SetByAsk
2025-12-19 20:09:23,2025-12-19T20:09:23,59.59,1.0,SetByBid
2025-12-19 20:09:23,2025-12-19T20:09:23,59.59,1.0,SetByBid
2025-12-19 20:09:23,2025-12-19T20:09:23,59.59,1.0,SetByBid
2025-12-19 20:09:23,2025-12-19T20:09:23,59.59,1.0,SetByBid
2025-12-19 20:09:23,2025-12-19T20:09:23,59.59,1.0,SetByBid
2025-12-19 20:09:23,2025-12-19T20:09:23,59.59,1.0,SetByBid
2025-12-19 20:09:23,2025-12-19T20:09:23,59.6,1.0,SetByBid
2025-12-19 20:09:23,2025-12-19T20:09:23,59.59,1.0,SetByAsk
2025-12-19 20:09:23,2025-12-19T20:09:23,59.6,1.0,SetByBid
2025-12-19 20:09:23,2025-12-19T20:09:23,59.6,1.0,SetByBid
2025-12-19 20:09:28,2025-12-19T20:09:28,59.6,1.0,SetByBid
2025-12-19 20:09:28,2025-12-19T20:09:28,59.6,1.0,SetByAsk
2025-12-19 20:09:36,2025-12-19T20:09:36,59.59,2.0,SetByAsk
2025-12-19 20:09:36,2025-12-19T20:09:36,59.59,1.0,SetByAsk
2025-12-19 20:09:36,2025-12-19T20:09:36,59.6,1.0,SetByBid
2025-12-19 20:09:36,2025-12-19T20:09:36,59.6,1.0,SetByBid
2025-12-19 20:09:41,2025-12-19T20:09:41,59.6,1.0,SetByBid
2025-12-19 20:09:41,2025-12-19T20:09:41,59.6,1.0,SetByBid
2025-12-19 20:09:41,2025-12-19T20:09:41,59.6,1.0,SetByBid
2025-12-19 20:09:41,2025-12-19T20:09:41,59.6,2.0,SetByAsk
2025-12-19 20:09:41,2025-12-19T20:09:41,59.6,1.0,SetByAsk
2025-12-19 20:10:13,2025-12-19T20:10:13,59.59,1.0,SetByAsk
2025-12-19 20:10:14,2025-12-19T20:10:14,59.59,1.0,SetByAsk
2025-12-19 20:10:14,2025-12-19T20:10:14,59.59,3.0,SetByAsk
2025-12-19 20:10:14,2025-12-19T20:10:14,59.59,1.0,SetByAsk
2025-12-19 20:10:14,2025-12-19T20:10:14,59.59,1.0,SetByAsk
2025-12-19 20:10:14,2025-12-19T20:10:14,59.59,1.0,SetByAsk
2025-12-19 20:10:14,2025-12-19T20:10:14,59.59,3.0,SetByAsk
2025-12-19 20:10:14,2025-12-19T20:10:14,59.59,1.0,SetByAsk
2025-12-19 20:10:14,2025-12-19T20:10:14,59.59,1.0,SetByAsk
2025-12-19 20:10:14,2025-12-19T20:10:14,59.59,4.0,SetByAsk
2025-12-19 20:10:37,2025-12-19T20:10:37,59.55,1.0,SetByAsk
2025-12-19 20:10:37,2025-12-19T20:10:37,59.55,1.0,SetByAsk
2025-12-19 20:10:45,2025-12-19T20:10:45,59.55,1.0,SetByAsk
2025-12-19 20:10:46,2025-12-19T20:10:46,59.56,1.0,SetByBid
2025-12-19 20:10:46,2025-12-19T20:10:46,59.56,1.0,SetByBid
2025-12-19 20:10:46,2025-12-19T20:10:46,59.56,1.0,SetByBid
2025-12-19 20:11:06,2025-12-19T20:11:06,59.55,1.0,SetByBid
2025-12-19 20:11:13,2025-12-19T20:11:13,59.56,1.0,SetByBid
2025-12-19 20:11:37,2025-12-19T20:11:37,59.59,1.0,SetByAsk
2025-12-19 20:11:50,2025-12-19T20:11:50,59.58,1.0,SetByAsk
2025-12-19 20:11:50,2025-12-19T20:11:50,59.58,1.0,SetByBid
2025-12-19 20:12:06,2025-12-19T20:12:06,59.59,1.0,SetByBid
2025-12-19 20:12:06,2025-12-19T20:12:06,59.59,1.0,SetByAsk
2025-12-19 20:12:33,2025-12-19T20:12:33,59.58,1.0,SetByAsk
2025-12-19 20:12:44,2025-12-19T20:12:44,59.57,1.0,SetByAsk
2025-12-19 20:12:44,2025-12-19T20:12:44,59.57,1.0,SetByAsk
2025-12-19 20:12:50,2025-12-19T20:12:50,59.55,1.0,SetByAsk
2025-12-19 20:13:53,2025-12-19T20:13:53,59.56,1.0,SetByAsk
2025-12-19 20:14:15,2025-12-19T20:14:15,59.56,1.0,SetByBid
2025-12-19 20:14:21,2025-12-19T20:14:21,59.55,1.0,SetByAsk
2025-12-19 20:14:29,2025-12-19T20:14:29,59.55,1.0,SetByAsk
2025-12-19 20:14:40,2025-12-19T20:14:40,59.55,1.0,SetByBid
2025-12-19 20:15:06,2025-12-19T20:15:06,59.55,1.0,SetByBid
2025-12-19 20:15:06,2025-12-19T20:15:06,59.55,1.0,SetByBid
2025-12-19 20:15:12,2025-12-19T20:15:12,59.55,1.0,SetByAsk
2025-12-19 20:15:12,2025-12-19T20:15:12,59.55,1.0,SetByAsk
2025-12-19 20:15:14,2025-12-19T20:15:14,59.56,1.0,SetByBid
2025-12-19 20:15:14,2025-12-19T20:15:14,59.56,1.0,SetByBid
2025-12-19 20:15:14,2025-12-19T20:15:14,59.56,1.0,SetByAsk
2025-12-19 20:15:14,2025-12-19T20:15:14,59.56,1.0,SetByAsk
2025-12-19 20:15:14,2025-12-19T20:15:14,59.56,7.0,SetByAsk
2025-12-19 20:15:14,2025-12-19T20:15:14,59.56,6.0,SetByAsk
2025-12-19 20:15:14,2025-12-19T20:15:14,59.56,1.0,SetByAsk
2025-12-19 20:15:14,2025-12-19T20:15:14,59.56,1.0,SetByAsk
2025-12-19 20:15:19,2025-12-19T20:15:19,59.57,1.0,SetByAsk
2025-12-19 20:15:21,2025-12-19T20:15:21,59.58,1.0,SetByBid
2025-12-19 20:15:21,2025-12-19T20:15:21,59.58,1.0,SetByBid
2025-12-19 20:15:21,2025-12-19T20:15:21,59.58,1.0,SetByBid
2025-12-19 20:15:21,2025-12-19T20:15:21,59.58,1.0,SetByBid
2025-12-19 20:15:21,2025-12-19T20:15:21,59.58,1.0,SetByBid
2025-12-19 20:15:21,2025-12-19T20:15:21,59.58,1.0,SetByBid
2025-12-19 20:15:21,2025-12-19T20:15:21,59.58,3.0,SetByBid
2025-12-19 20:15:21,2025-12-19T20:15:21,59.58,1.0,SetByBid
2025-12-19 20:15:21,2025-12-19T20:15:21,59.58,2.0,SetByBid
2025-12-19 20:15:34,2025-12-19T20:15:34,59.56,1.0,SetByAsk
2025-12-19 20:15:34,2025-12-19T20:15:34,59.56,1.0,SetByAsk
2025-12-19 20:15:41,2025-12-19T20:15:41,59.55,1.0,SetByBid
2025-12-19 20:15:42,2025-12-19T20:15:42,59.55,1.0,SetByBid
2025-12-19 20:15:42,2025-12-19T20:15:42,59.55,2.0,SetByBid
2025-12-19 20:15:42,2025-12-19T20:15:42,59.55,1.0,SetByBid
2025-12-19 20:15:42,2025-12-19T20:15:42,59.55,1.0,SetByBid
2025-12-19 20:15:42,2025-12-19T20:15:42,59.55,1.0,SetByBid
2025-12-19 20:15:42,2025-12-19T20:15:42,59.55,1.0,SetByBid
2025-12-19 20:15:42,2025-12-19T20:15:42,59.55,1.0,SetByBid
2025-12-19 20:16:28,2025-12-19T20:16:28,59.56,1.0,SetByBid
2025-12-19 20:16:28,2025-12-19T20:16:28,59.56,1.0,SetByBid
2025-12-19 20:16:36,2025-12-19T20:16:36,59.55,1.0,SetByAsk
2025-12-19 20:18:05,2025-12-19T20:18:05,59.55,1.0,SetByAsk
2025-12-19 20:18:05,2025-12-19T20:18:05,59.55,1.0,SetByAsk
2025-12-19 20:18:22,2025-12-19T20:18:22,59.56,1.0,SetByBid
2025-12-19 20:18:22,2025-12-19T20:18:22,59.56,1.0,SetByBid
2025-12-19 20:18:22,2025-12-19T20:18:22,59.56,1.0,SetByBid
2025-12-19 20:18:22,2025-12-19T20:18:22,59.56,1.0,SetByBid
2025-12-19 20:18:31,2025-12-19T20:18:31,59.55,1.0,SetByAsk
2025-12-19 20:18:35,2025-12-19T20:18:35,59.54,1.0,SetByAsk
2025-12-19 20:18:35,2025-12-19T20:18:35,59.54,1.0,SetByAsk
2025-12-19 20:18:35,2025-12-19T20:18:35,59.54,1.0,SetByAsk
2025-12-19 20:18:41,2025-12-19T20:18:41,59.53,1.0,SetByAsk
2025-12-19 20:19:15,2025-12-19T20:19:15,59.54,2.0,SetByBid
2025-12-19 20:19:23,2025-12-19T20:19:23,59.55,1.0,SetByBid
2025-12-19 20:19:39,2025-12-19T20:19:39,59.56,1.0,SetByBid
2025-12-19 20:19:54,2025-12-19T20:19:54,59.57,2.0,SetByBid
2025-12-19 20:19:54,2025-12-19T20:19:54,59.57,2.0,SetByAsk
2025-12-19 20:20:10,2025-12-19T20:20:10,59.59,1.0,SetByBid
2025-12-19 20:20:42,2025-12-19T20:20:42,59.61,1.0,SetByBid
2025-12-19 20:21:07,2025-12-19T20:21:07,59.6,1.0,SetByAsk
2025-12-19 20:21:07,2025-12-19T20:21:07,59.61,1.0,SetByBid
2025-12-19 20:21:12,2025-12-19T20:21:12,59.61,1.0,SetByAsk
2025-12-19 20:21:12,2025-12-19T20:21:12,59.61,1.0,SetByAsk
2025-12-19 20:21:12,2025-12-19T20:21:12,59.61,1.0,SetByAsk
2025-12-19 20:21:12,2025-12-19T20:21:12,59.61,1.0,SetByAsk
2025-12-19 20:21:14,2025-12-19T20:21:14,59.61,1.0,SetByAsk
2025-12-19 20:21:22,2025-12-19T20:21:22,59.61,1.0,SetByBid
2025-12-19 20:21:22,2025-12-19T20:21:22,59.61,1.0,SetByBid
2025-12-19 20:21:22,2025-12-19T20:21:22,59.61,1.0,SetByBid
2025-12-19 20:21:22,2025-12-19T20:21:22,59.61,5.0,SetByAsk
2025-12-19 20:21:27,2025-12-19T20:21:27,59.61,1.0,SetByAsk
2025-12-19 20:21:41,2025-12-19T20:21:41,59.67,1.0,SetByBid
2025-12-19 20:21:41,2025-12-19T20:21:41,59.67,1.0,SetByBid
2025-12-19 20:21:41,2025-12-19T20:21:41,59.67,1.0,SetByAsk
2025-12-19 20:21:41,2025-12-19T20:21:41,59.67,1.0,SetByAsk
2025-12-19 20:21:46,2025-12-19T20:21:46,59.67,2.0,SetByBid
2025-12-19 20:21:46,2025-12-19T20:21:46,59.67,1.0,SetByBid
2025-12-19 20:21:46,2025-12-19T20:21:46,59.67,1.0,SetByBid
2025-12-19 20:21:46,2025-12-19T20:21:46,59.68,1.0,SetByBid
2025-12-19 20:21:46,2025-12-19T20:21:46,59.68,1.0,SetByBid
2025-12-19 20:21:47,2025-12-19T20:21:47,59.68,1.0,SetByBid
2025-12-19 20:21:47,2025-12-19T20:21:47,59.68,2.0,SetByBid
2025-12-19 20:21:53,2025-12-19T20:21:53,59.67,2.0,SetByAsk
2025-12-19 20:21:53,2025-12-19T20:21:53,59.67,1.0,SetByAsk
2025-12-19 20:21:54,2025-12-19T20:21:54,59.67,1.0,SetByAsk
2025-12-19 20:21:55,2025-12-19T20:21:55,59.67,1.0,SetByAsk
2025-12-19 20:21:55,2025-12-19T20:21:55,59.67,1.0,SetByAsk
2025-12-19 20:21:59,2025-12-19T20:21:59,59.66,1.0,SetByAsk
2025-12-19 20:21:59,2025-12-19T20:21:59,59.66,1.0,SetByAsk
2025-12-19 20:21:59,2025-12-19T20:21:59,59.66,1.0,SetByAsk
2025-12-19 20:22:01,2025-12-19T20:22:01,59.66,1.0,SetByBid
2025-12-19 20:22:07,2025-12-19T20:22:07,59.65,1.0,SetByAsk
2025-12-19 20:22:12,2025-12-19T20:22:12,59.65,1.0,SetByBid
2025-12-19 20:22:25,2025-12-19T20:22:25,59.66,1.0,SetByBid
2025-12-19 20:22:31,2025-12-19T20:22:31,59.66,1.0,SetByBid
2025-12-19 20:22:31,2025-12-19T20:22:31,59.66,1.0,SetByBid
2025-12-19 20:22:47,2025-12-19T20:22:47,59.64,1.0,SetByAsk
2025-12-19 20:22:47,2025-12-19T20:22:47,59.64,1.0,SetByAsk
2025-12-19 20:22:47,2025-12-19T20:22:47,59.64,1.0,SetByAsk
2025-12-19 20:22:52,2025-12-19T20:22:52,59.63,1.0,SetByAsk
2025-12-19 20:22:52,2025-12-19T20:22:52,59.63,1.0,SetByAsk
2025-12-19 20:23:01,2025-12-19T20:23:01,59.61,1.0,SetByAsk
2025-12-19 20:23:10,2025-12-19T20:23:10,59.62,2.0,SetByBid
2025-12-19 20:23:36,2025-12-19T20:23:36,59.61,1.0,SetByBid
2025-12-19 20:23:38,2025-12-19T20:23:38,59.61,1.0,SetByAsk
2025-12-19 20:23:47,2025-12-19T20:23:47,59.61,1.0,SetByBid
2025-12-19 20:23:56,2025-12-19T20:23:56,59.6,1.0,SetByAsk
2025-12-19 20:23:56,2025-12-19T20:23:56,59.6,1.0,SetByBid
2025-12-19 20:24:11,2025-12-19T20:24:11,59.61,1.0,SetByBid
2025-12-19 20:24:11,2025-12-19T20:24:11,59.61,3.0,SetByBid
2025-12-19 20:24:13,2025-12-19T20:24:13,59.62,1.0,SetByBid
2025-12-19 20:25:03,2025-12-19T20:25:03,59.61,1.0,SetByBid
2025-12-19 20:25:22,2025-12-19T20:25:22,59.62,2.0,SetByBid
2025-12-19 20:25:22,2025-12-19T20:25:22,59.62,1.0,SetByBid
2025-12-19 20:25:22,2025-12-19T20:25:22,59.62,1.0,SetByBid
2025-12-19 20:25:53,2025-12-19T20:25:53,59.62,1.0,SetByAsk
2025-12-19 20:26:09,2025-12-19T20:26:09,59.64,1.0,SetByAsk
2025-12-19 20:26:11,2025-12-19T20:26:11,59.63,1.0,SetByAsk
2025-12-19 20:26:24,2025-12-19T20:26:24,59.63,1.0,SetByBid
2025-12-19 20:26:31,2025-12-19T20:26:31,59.64,1.0,SetByAsk
2025-12-19 20:26:43,2025-12-19T20:26:43,59.64,1.0,SetByAsk
2025-12-19 20:26:48,2025-12-19T20:26:48,59.63,1.0,SetByAsk
2025-12-19 20:26:48,2025-12-19T20:26:48,59.63,1.0,SetByAsk
2025-12-19 20:26:55,2025-12-19T20:26:55,59.63,1.0,SetByAsk
2025-12-19 20:27:05,2025-12-19T20:27:05,59.63,1.0,SetByBid
2025-12-19 20:27:05,2025-12-19T20:27:05,59.63,1.0,SetByBid
2025-12-19 20:27:05,2025-12-19T20:27:05,59.63,2.0,SetByBid
2025-12-19 20:27:15,2025-12-19T20:27:15,59.64,1.0,SetByBid
2025-12-19 20:27:15,2025-12-19T20:27:15,59.64,1.0,SetByBid
2025-12-19 20:27:15,2025-12-19T20:27:15,59.64,1.0,SetByBid
2025-12-19 20:27:15,2025-12-19T20:27:15,59.64,1.0,SetByBid
2025-12-19 20:27:15,2025-12-19T20:27:15,59.64,1.0,SetByBid
2025-12-19 20:27:15,2025-12-19T20:27:15,59.64,2.0,SetByBid
2025-12-19 20:27:15,2025-12-19T20:27:15,59.64,1.0,SetByBid
2025-12-19 20:27:18,2025-12-19T20:27:18,59.63,1.0,SetByAsk
2025-12-19 20:27:18,2025-12-19T20:27:18,59.63,2.0,SetByAsk
2025-12-19 20:27:20,2025-12-19T20:27:20,59.64,7.0,SetByAsk
2025-12-19 20:27:20,2025-12-19T20:27:20,59.64,7.0,SetByAsk
2025-12-19 20:27:20,2025-12-19T20:27:20,59.64,7.0,SetByAsk
2025-12-19 20:27:20,2025-12-19T20:27:20,59.64,3.0,SetByAsk
2025-12-19 20:27:20,2025-12-19T20:27:20,59.64,4.0,SetByAsk
2025-12-19 20:27:20,2025-12-19T20:27:20,59.64,7.0,SetByAsk
2025-12-19 20:27:20,2025-12-19T20:27:20,59.64,2.0,SetByAsk
2025-12-19 20:27:23,2025-12-19T20:27:23,59.63,1.0,SetByAsk
2025-12-19 20:27:33,2025-12-19T20:27:33,59.62,1.0,SetByAsk
2025-12-19 20:27:33,2025-12-19T20:27:33,59.62,1.0,SetByAsk
2025-12-19 20:27:33,2025-12-19T20:27:33,59.62,1.0,SetByAsk
2025-12-19 20:27:33,2025-12-19T20:27:33,59.62,1.0,SetByAsk
2025-12-19 20:28:04,2025-12-19T20:28:04,59.62,1.0,SetByAsk
2025-12-19 20:28:04,2025-12-19T20:28:04,59.62,1.0,SetByAsk
2025-12-19 20:28:26,2025-12-19T20:28:26,59.63,1.0,SetByAsk
2025-12-19 20:28:44,2025-12-19T20:28:44,59.62,1.0,SetByAsk
2025-12-19 20:28:47,2025-12-19T20:28:47,59.63,1.0,SetByBid
2025-12-19 20:29:01,2025-12-19T20:29:01,59.64,1.0,SetByAsk
2025-12-19 20:29:01,2025-12-19T20:29:01,59.64,1.0,SetByBid
2025-12-19 20:29:03,2025-12-19T20:29:03,59.64,1.0,SetByAsk
2025-12-19 20:29:07,2025-12-19T20:29:07,59.65,2.0,SetByAsk
2025-12-19 20:29:07,2025-12-19T20:29:07,59.65,1.0,SetByAsk
2025-12-19 20:29:07,2025-12-19T20:29:07,59.65,3.0,SetByAsk
2025-12-19 20:29:08,2025-12-19T20:29:08,59.65,1.0,SetByAsk
2025-12-19 20:29:08,2025-12-19T20:29:08,59.65,1.0,SetByAsk
2025-12-19 20:29:08,2025-12-19T20:29:08,59.65,1.0,SetByAsk
2025-12-19 20:29:09,2025-12-19T20:29:09,59.66,1.0,SetByBid
2025-12-19 20:29:09,2025-12-19T20:29:09,59.66,1.0,SetByBid
2025-12-19 20:29:09,2025-12-19T20:29:09,59.66,1.0,SetByBid
2025-12-19 20:29:09,2025-12-19T20:29:09,59.66,1.0,SetByBid
2025-12-19 20:29:09,2025-12-19T20:29:09,59.66,2.0,SetByBid
2025-12-19 20:29:09,2025-12-19T20:29:09,59.66,2.0,SetByBid
2025-12-19 20:29:09,2025-12-19T20:29:09,59.66,1.0,SetByBid
2025-12-19 20:29:09,2025-12-19T20:29:09,59.66,3.0,SetByBid
2025-12-19 20:29:09,2025-12-19T20:29:09,59.66,1.0,SetByBid
2025-12-19 20:29:09,2025-12-19T20:29:09,59.66,1.0,SetByBid
2025-12-19 20:29:09,2025-12-19T20:29:09,59.66,1.0,SetByBid
2025-12-19 20:29:09,2025-12-19T20:29:09,59.66,2.0,SetByBid
2025-12-19 20:29:09,2025-12-19T20:29:09,59.66,2.0,SetByBid
2025-12-19 20:29:09,2025-12-19T20:29:09,59.67,1.0,SetByBid
2025-12-19 20:29:09,2025-12-19T20:29:09,59.67,1.0,SetByBid
2025-12-19 20:29:09,2025-12-19T20:29:09,59.67,1.0,SetByBid
2025-12-19 20:29:09,2025-12-19T20:29:09,59.67,1.0,SetByBid
2025-12-19 20:29:09,2025-12-19T20:29:09,59.67,4.0,SetByBid
2025-12-19 20:29:14,2025-12-19T20:29:14,59.67,1.0,SetByAsk
2025-12-19 20:29:20,2025-12-19T20:29:20,59.68,1.0,SetByBid
2025-12-19 20:29:22,2025-12-19T20:29:22,59.68,1.0,SetByAsk
2025-12-19 20:29:28,2025-12-19T20:29:28,59.69,1.0,SetByBid
2025-12-19 20:29:28,2025-12-19T20:29:28,59.69,1.0,SetByBid
2025-12-19 20:29:28,2025-12-19T20:29:28,59.69,1.0,SetByBid
2025-12-19 20:29:28,2025-12-19T20:29:28,59.69,1.0,SetByBid
2025-12-19 20:29:33,2025-12-19T20:29:33,59.69,6.0,SetByBid
2025-12-19 20:29:33,2025-12-19T20:29:33,59.69,1.0,SetByBid
2025-12-19 20:29:39,2025-12-19T20:29:39,59.69,5.0,SetByAsk
2025-12-19 20:29:39,2025-12-19T20:29:39,59.69,1.0,SetByBid
2025-12-19 20:29:39,2025-12-19T20:29:39,59.69,1.0,SetByBid
2025-12-19 20:29:39,2025-12-19T20:29:39,59.69,1.0,SetByBid
2025-12-19 20:29:39,2025-12-19T20:29:39,59.69,1.0,SetByBid
2025-12-19 20:29:39,2025-12-19T20:29:39,59.69,2.0,SetByBid
2025-12-19 20:29:39,2025-12-19T20:29:39,59.69,1.0,SetByBid
2025-12-19 20:29:41,2025-12-19T20:29:41,59.69,1.0,SetByBid
2025-12-19 20:29:43,2025-12-19T20:29:43,59.7,1.0,SetByBid
2025-12-19 20:29:43,2025-12-19T20:29:43,59.7,1.0,SetByBid
2025-12-19 20:29:43,2025-12-19T20:29:43,59.7,1.0,SetByBid
2025-12-19 20:29:43,2025-12-19T20:29:43,59.7,1.0,SetByBid
2025-12-19 20:29:43,2025-12-19T20:29:43,59.7,1.0,SetByBid
2025-12-19 20:29:46,2025-12-19T20:29:46,59.68,1.0,SetByAsk
2025-12-19 20:29:46,2025-12-19T20:29:46,59.68,3.0,SetByAsk
2025-12-19 20:29:49,2025-12-19T20:29:49,59.69,2.0,SetByBid
2025-12-19 20:29:49,2025-12-19T20:29:49,59.69,1.0,SetByBid
2025-12-19 20:29:49,2025-12-19T20:29:49,59.69,1.0,SetByBid
2025-12-19 20:29:49,2025-12-19T20:29:49,59.69,1.0,SetByBid
2025-12-19 20:29:49,2025-12-19T20:29:49,59.7,1.0,SetByBid
2025-12-19 20:29:49,2025-12-19T20:29:49,59.7,1.0,SetByBid
2025-12-19 20:29:49,2025-12-19T20:29:49,59.7,1.0,SetByBid
2025-12-19 20:29:56,2025-12-19T20:29:56,59.71,2.0,SetByBid
2025-12-19 20:29:57,2025-12-19T20:29:57,59.71,1.0,SetByBid
2025-12-19 20:29:57,2025-12-19T20:29:57,59.71,1.0,SetByAsk
2025-12-19 20:29:57,2025-12-19T20:29:57,59.72,2.0,SetByAsk
2025-12-19 20:29:57,2025-12-19T20:29:57,59.72,1.0,SetByAsk
2025-12-19 20:29:57,2025-12-19T20:29:57,59.72,1.0,SetByAsk
2025-12-19 20:29:57,2025-12-19T20:29:57,59.72,1.0,SetByAsk
2025-12-19 20:29:57,2025-12-19T20:29:57,59.72,1.0,SetByAsk
2025-12-19 20:29:57,2025-12-19T20:29:57,59.71,1.0,SetByBid
2025-12-19 20:29:57,2025-12-19T20:29:57,59.71,1.0,SetByBid
2025-12-19 20:29:57,2025-12-19T20:29:57,59.71,1.0,SetByBid
2025-12-19 20:30:09,2025-12-19T20:30:09,59.72,1.0,SetByAsk
2025-12-19 20:30:11,2025-12-19T20:30:11,59.73,1.0,SetByBid
2025-12-19 20:30:11,2025-12-19T20:30:11,59.73,1.0,SetByBid
2025-12-19 20:30:11,2025-12-19T20:30:11,59.73,3.0,SetByBid
2025-12-19 20:30:17,2025-12-19T20:30:17,59.73,1.0,SetByBid
2025-12-19 20:30:20,2025-12-19T20:30:20,59.72,1.0,SetByAsk
2025-12-19 20:30:20,2025-12-19T20:30:20,59.72,1.0,SetByAsk
2025-12-19 20:30:21,2025-12-19T20:30:21,59.71,1.0,SetByAsk
2025-12-19 20:30:21,2025-12-19T20:30:21,59.71,1.0,SetByBid
2025-12-19 20:30:22,2025-12-19T20:30:22,59.7,5.0,SetByAsk
2025-12-19 20:30:22,2025-12-19T20:30:22,59.7,1.0,SetByAsk
2025-12-19 20:30:22,2025-12-19T20:30:22,59.7,1.0,SetByAsk
2025-12-19 20:30:25,2025-12-19T20:30:25,59.7,1.0,SetByBid
2025-12-19 20:30:32,2025-12-19T20:30:32,59.69,1.0,SetByAsk
2025-12-19 20:30:36,2025-12-19T20:30:36,59.68,1.0,SetByAsk
2025-12-19 20:30:40,2025-12-19T20:30:40,59.68,1.0,SetByAsk
2025-12-19 20:30:44,2025-12-19T20:30:44,59.66,1.0,SetByAsk
2025-12-19 20:30:44,2025-12-19T20:30:44,59.66,2.0,SetByBid
2025-12-19 20:30:49,2025-12-19T20:30:49,59.66,2.0,SetByBid
2025-12-19 20:30:54,2025-12-19T20:30:54,59.67,1.0,SetByBid
2025-12-19 20:31:00,2025-12-19T20:31:00,59.69,1.0,SetByBid
2025-12-19 20:31:02,2025-12-19T20:31:02,59.69,1.0,SetByBid
2025-12-19 20:31:06,2025-12-19T20:31:06,59.68,4.0,SetByAsk
2025-12-19 20:31:06,2025-12-19T20:31:06,59.68,1.0,SetByAsk
2025-12-19 20:31:06,2025-12-19T20:31:06,59.69,1.0,SetByBid
2025-12-19 20:31:09,2025-12-19T20:31:09,59.7,1.0,SetByBid
2025-12-19 20:31:17,2025-12-19T20:31:17,59.72,1.0,SetByBid
2025-12-19 20:31:17,2025-12-19T20:31:17,59.72,1.0,SetByBid
2025-12-19 20:31:17,2025-12-19T20:31:17,59.72,1.0,SetByBid
2025-12-19 20:31:18,2025-12-19T20:31:18,59.71,1.0,SetByAsk
2025-12-19 20:31:18,2025-12-19T20:31:18,59.71,1.0,SetByAsk
2025-12-19 20:31:38,2025-12-19T20:31:38,59.72,1.0,SetByAsk
2025-12-19 20:31:38,2025-12-19T20:31:38,59.72,1.0,SetByAsk
2025-12-19 20:31:44,2025-12-19T20:31:44,59.74,1.0,SetByBid
2025-12-19 20:31:44,2025-12-19T20:31:44,59.73,1.0,"SetByBid, Leg"
2025-12-19 20:31:44,2025-12-19T20:31:44,59.74,1.0,"SetByBid, Leg"
2025-12-19 20:31:44,2025-12-19T20:31:44,59.74,1.0,SetByBid
2025-12-19 20:31:45,2025-12-19T20:31:45,59.74,1.0,SetByBid
2025-12-19 20:31:51,2025-12-19T20:31:51,59.73,1.0,SetByAsk
2025-12-19 20:31:57,2025-12-19T20:31:57,59.74,1.0,SetByBid
2025-12-19 20:32:05,2025-12-19T20:32:05,59.76,1.0,SetByBid
2025-12-19 20:32:05,2025-12-19T20:32:05,59.76,1.0,SetByBid
2025-12-19 20:32:09,2025-12-19T20:32:09,59.77,1.0,SetByAsk
2025-12-19 20:32:16,2025-12-19T20:32:16,59.77,1.0,SetByBid
2025-12-19 20:32:16,2025-12-19T20:32:16,59.77,1.0,SetByBid
2025-12-19 20:32:18,2025-12-19T20:32:18,59.76,2.0,SetByAsk
2025-12-19 20:32:18,2025-12-19T20:32:18,59.76,1.0,SetByAsk
2025-12-19 20:32:18,2025-12-19T20:32:18,59.76,1.0,SetByAsk
2025-12-19 20:32:31,2025-12-19T20:32:31,59.76,1.0,SetByAsk
2025-12-19 20:32:31,2025-12-19T20:32:31,59.76,1.0,SetByAsk
2025-12-19 20:32:31,2025-12-19T20:32:31,59.76,1.0,SetByAsk
2025-12-19 20:32:31,2025-12-19T20:32:31,59.76,1.0,SetByAsk
2025-12-19 20:32:31,2025-12-19T20:32:31,59.76,1.0,SetByAsk
2025-12-19 20:32:31,2025-12-19T20:32:31,59.76,1.0,SetByBid
2025-12-19 20:32:31,2025-12-19T20:32:31,59.76,1.0,SetByBid
2025-12-19 20:32:36,2025-12-19T20:32:36,59.76,1.0,SetByAsk
2025-12-19 20:32:41,2025-12-19T20:32:41,59.76,1.0,SetByAsk
2025-12-19 20:32:42,2025-12-19T20:32:42,59.75,1.0,SetByAsk
2025-12-19 20:32:42,2025-12-19T20:32:42,59.75,1.0,SetByAsk
2025-12-19 20:32:42,2025-12-19T20:32:42,59.75,1.0,SetByAsk
2025-12-19 20:32:59,2025-12-19T20:32:59,59.75,1.0,SetByBid
2025-12-19 20:33:05,2025-12-19T20:33:05,59.75,5.0,SetByBid
2025-12-19 20:33:13,2025-12-19T20:33:13,59.76,1.0,SetByBid
2025-12-19 20:33:13,2025-12-19T20:33:13,59.76,1.0,SetByAsk
2025-12-19 20:33:20,2025-12-19T20:33:20,59.76,1.0,SetByAsk
2025-12-19 20:33:20,2025-12-19T20:33:20,59.77,1.0,SetByBid
2025-12-19 20:33:20,2025-12-19T20:33:20,59.77,1.0,SetByBid
2025-12-19 20:33:20,2025-12-19T20:33:20,59.77,1.0,SetByBid
2025-12-19 20:33:20,2025-12-19T20:33:20,59.76,1.0,SetByAsk
2025-12-19 20:33:31,2025-12-19T20:33:31,59.77,1.0,SetByBid
2025-12-19 20:33:31,2025-12-19T20:33:31,59.77,1.0,SetByBid
2025-12-19 20:33:33,2025-12-19T20:33:33,59.78,1.0,SetByBid
2025-12-19 20:33:36,2025-12-19T20:33:36,59.78,1.0,SetByAsk
2025-12-19 20:33:39,2025-12-19T20:33:39,59.77,1.0,SetByAsk
2025-12-19 20:33:39,2025-12-19T20:33:39,59.77,1.0,SetByAsk
2025-12-19 20:33:42,2025-12-19T20:33:42,59.77,2.0,SetByBid
2025-12-19 20:33:42,2025-12-19T20:33:42,59.77,1.0,SetByBid
2025-12-19 20:33:42,2025-12-19T20:33:42,59.77,5.0,SetByBid
2025-12-19 20:33:42,2025-12-19T20:33:42,59.77,1.0,SetByBid
2025-12-19 20:33:45,2025-12-19T20:33:45,59.78,1.0,SetByBid
2025-12-19 20:33:45,2025-12-19T20:33:45,59.78,1.0,SetByBid
2025-12-19 20:33:56,2025-12-19T20:33:56,59.78,2.0,SetByBid
2025-12-19 20:33:56,2025-12-19T20:33:56,59.78,1.0,SetByBid
2025-12-19 20:33:56,2025-12-19T20:33:56,59.78,1.0,SetByBid
2025-12-19 20:33:56,2025-12-19T20:33:56,59.78,1.0,SetByBid
2025-12-19 20:33:56,2025-12-19T20:33:56,59.78,2.0,SetByBid
2025-12-19 20:33:56,2025-12-19T20:33:56,59.78,2.0,SetByBid
2025-12-19 20:33:56,2025-12-19T20:33:56,59.78,1.0,SetByBid
2025-12-19 20:33:56,2025-12-19T20:33:56,59.78,1.0,SetByBid
2025-12-19 20:33:56,2025-12-19T20:33:56,59.78,1.0,SetByBid
2025-12-19 20:33:56,2025-12-19T20:33:56,59.78,1.0,SetByBid
2025-12-19 20:33:56,2025-12-19T20:33:56,59.78,1.0,SetByBid
2025-12-19 20:33:56,2025-12-19T20:33:56,59.78,2.0,SetByBid
2025-12-19 20:33:56,2025-12-19T20:33:56,59.78,1.0,SetByBid
2025-12-19 20:33:56,2025-12-19T20:33:56,59.78,1.0,SetByBid
2025-12-19 20:33:56,2025-12-19T20:33:56,59.78,1.0,SetByBid
2025-12-19 20:33:56,2025-12-19T20:33:56,59.78,2.0,SetByBid
2025-12-19 20:33:56,2025-12-19T20:33:56,59.78,1.0,SetByBid
2025-12-19 20:33:56,2025-12-19T20:33:56,59.78,1.0,SetByBid
2025-12-19 20:33:56,2025-12-19T20:33:56,59.78,2.0,SetByBid
2025-12-19 20:33:56,2025-12-19T20:33:56,59.78,2.0,SetByBid
2025-12-19 20:33:56,2025-12-19T20:33:56,59.78,2.0,SetByBid
2025-12-19 20:33:56,2025-12-19T20:33:56,59.78,1.0,SetByBid
2025-12-19 20:33:56,2025-12-19T20:33:56,59.78,1.0,SetByBid
2025-12-19 20:33:57,2025-12-19T20:33:57,59.78,2.0,SetByBid
2025-12-19 20:33:57,2025-12-19T20:33:57,59.78,1.0,SetByBid
2025-12-19 20:33:57,2025-12-19T20:33:57,59.78,2.0,SetByBid
2025-12-19 20:33:57,2025-12-19T20:33:57,59.78,1.0,SetByBid
2025-12-19 20:33:57,2025-12-19T20:33:57,59.78,1.0,SetByBid
2025-12-19 20:33:57,2025-12-19T20:33:57,59.78,1.0,SetByBid
2025-12-19 20:33:57,2025-12-19T20:33:57,59.78,2.0,SetByBid
2025-12-19 20:33:57,2025-12-19T20:33:57,59.78,2.0,SetByBid
2025-12-19 20:33:57,2025-12-19T20:33:57,59.78,1.0,SetByBid
2025-12-19 20:33:57,2025-12-19T20:33:57,59.78,2.0,SetByBid
2025-12-19 20:33:57,2025-12-19T20:33:57,59.78,1.0,SetByBid
2025-12-19 20:33:57,2025-12-19T20:33:57,59.78,1.0,SetByBid
2025-12-19 20:33:57,2025-12-19T20:33:57,59.78,2.0,SetByBid
2025-12-19 20:33:57,2025-12-19T20:33:57,59.78,2.0,SetByBid
2025-12-19 20:33:57,2025-12-19T20:33:57,59.78,1.0,SetByBid
2025-12-19 20:33:57,2025-12-19T20:33:57,59.78,1.0,SetByBid
2025-12-19 20:33:57,2025-12-19T20:33:57,59.78,1.0,SetByBid
2025-12-19 20:33:57,2025-12-19T20:33:57,59.78,1.0,SetByBid
2025-12-19 20:33:57,2025-12-19T20:33:57,59.78,1.0,SetByBid
2025-12-19 20:33:57,2025-12-19T20:33:57,59.78,1.0,SetByBid
2025-12-19 20:33:57,2025-12-19T20:33:57,59.78,1.0,SetByBid
2025-12-19 20:33:57,2025-12-19T20:33:57,59.78,1.0,SetByBid
2025-12-19 20:33:57,2025-12-19T20:33:57,59.78,1.0,SetByBid
2025-12-19 20:33:57,2025-12-19T20:33:57,59.78,1.0,SetByBid
2025-12-19 20:33:57,2025-12-19T20:33:57,59.78,2.0,SetByBid
2025-12-19 20:33:57,2025-12-19T20:33:57,59.78,2.0,SetByBid
2025-12-19 20:33:57,2025-12-19T20:33:57,59.78,2.0,SetByBid
2025-12-19 20:33:57,2025-12-19T20:33:57,59.78,1.0,SetByBid
2025-12-19 20:33:57,2025-12-19T20:33:57,59.78,2.0,SetByBid
2025-12-19 20:33:57,2025-12-19T20:33:57,59.78,1.0,SetByBid
2025-12-19 20:33:57,2025-12-19T20:33:57,59.78,1.0,SetByBid
2025-12-19 20:33:57,2025-12-19T20:33:57,59.78,1.0,SetByBid
2025-12-19 20:33:57,2025-12-19T20:33:57,59.78,1.0,SetByBid
2025-12-19 20:33:57,2025-12-19T20:33:57,59.78,2.0,SetByBid
2025-12-19 20:33:57,2025-12-19T20:33:57,59.78,1.0,SetByBid
2025-12-19 20:33:57,2025-12-19T20:33:57,59.78,2.0,SetByBid
2025-12-19 20:33:57,2025-12-19T20:33:57,59.78,1.0,SetByBid
2025-12-19 20:33:57,2025-12-19T20:33:57,59.78,1.0,SetByBid
2025-12-19 20:33:57,2025-12-19T20:33:57,59.78,1.0,SetByBid
2025-12-19 20:33:57,2025-12-19T20:33:57,59.78,1.0,SetByBid
2025-12-19 20:33:57,2025-12-19T20:33:57,59.79,1.0,SetByBid
2025-12-19 20:33:58,2025-12-19T20:33:58,59.8,1.0,SetByBid
2025-12-19 20:33:58,2025-12-19T20:33:58,59.8,1.0,SetByBid
2025-12-19 20:33:58,2025-12-19T20:33:58,59.8,1.0,SetByBid
2025-12-19 20:34:01,2025-12-19T20:34:01,59.8,1.0,SetByBid
2025-12-19 20:34:01,2025-12-19T20:34:01,59.8,1.0,SetByBid
2025-12-19 20:34:04,2025-12-19T20:34:04,59.79,1.0,SetByAsk
2025-12-19 20:34:08,2025-12-19T20:34:08,59.77,1.0,SetByAsk
2025-12-19 20:34:31,2025-12-19T20:34:31,59.77,1.0,SetByAsk
2025-12-19 20:34:31,2025-12-19T20:34:31,59.77,1.0,SetByAsk
2025-12-19 20:34:31,2025-12-19T20:34:31,59.77,1.0,SetByAsk
2025-12-19 20:34:31,2025-12-19T20:34:31,59.77,1.0,SetByAsk
2025-12-19 20:34:31,2025-12-19T20:34:31,59.77,1.0,SetByAsk
2025-12-19 20:34:31,2025-12-19T20:34:31,59.77,1.0,SetByAsk
2025-12-19 20:34:31,2025-12-19T20:34:31,59.77,1.0,SetByAsk
2025-12-19 20:34:31,2025-12-19T20:34:31,59.77,1.0,SetByAsk
2025-12-19 20:34:37,2025-12-19T20:34:37,59.78,3.0,SetByBid
2025-12-19 20:34:37,2025-12-19T20:34:37,59.78,1.0,SetByBid
2025-12-19 20:34:37,2025-12-19T20:34:37,59.78,1.0,SetByBid
2025-12-19 20:34:37,2025-12-19T20:34:37,59.78,1.0,SetByBid
2025-12-19 20:34:37,2025-12-19T20:34:37,59.78,1.0,SetByAsk
2025-12-19 20:34:37,2025-12-19T20:34:37,59.78,1.0,SetByAsk
2025-12-19 20:34:37,2025-12-19T20:34:37,59.78,1.0,SetByAsk
2025-12-19 20:34:37,2025-12-19T20:34:37,59.78,1.0,SetByBid
2025-12-19 20:34:55,2025-12-19T20:34:55,59.77,1.0,SetByAsk
2025-12-19 20:35:00,2025-12-19T20:35:00,59.77,1.0,SetByBid
2025-12-19 20:35:00,2025-12-19T20:35:00,59.77,2.0,SetByBid
2025-12-19 20:35:00,2025-12-19T20:35:00,59.77,1.0,SetByBid
2025-12-19 20:35:00,2025-12-19T20:35:00,59.77,1.0,SetByBid
2025-12-19 20:35:00,2025-12-19T20:35:00,59.78,1.0,SetByBid
2025-12-19 20:35:27,2025-12-19T20:35:27,59.8,1.0,SetByBid
2025-12-19 20:35:27,2025-12-19T20:35:27,59.8,1.0,SetByBid
2025-12-19 20:35:27,2025-12-19T20:35:27,59.8,1.0,SetByBid
2025-12-19 20:35:27,2025-12-19T20:35:27,59.8,1.0,SetByBid
2025-12-19 20:35:37,2025-12-19T20:35:37,59.8,1.0,SetByBid
2025-12-19 20:35:44,2025-12-19T20:35:44,59.8,1.0,SetByAsk
2025-12-19 20:35:54,2025-12-19T20:35:54,59.79,1.0,SetByAsk
2025-12-19 20:35:54,2025-12-19T20:35:54,59.79,1.0,SetByBid
2025-12-19 20:35:55,2025-12-19T20:35:55,59.79,1.0,SetByBid
2025-12-19 20:36:15,2025-12-19T20:36:15,59.77,1.0,SetByAsk
2025-12-19 20:36:21,2025-12-19T20:36:21,59.77,1.0,SetByAsk
2025-12-19 20:36:21,2025-12-19T20:36:21,59.77,1.0,SetByAsk
2025-12-19 20:36:23,2025-12-19T20:36:23,59.77,1.0,SetByAsk
2025-12-19 20:36:23,2025-12-19T20:36:23,59.77,1.0,SetByAsk
2025-12-19 20:36:23,2025-12-19T20:36:23,59.77,1.0,SetByAsk
2025-12-19 20:36:23,2025-12-19T20:36:23,59.77,1.0,SetByAsk
2025-12-19 20:36:23,2025-12-19T20:36:23,59.77,1.0,SetByAsk
2025-12-19 20:36:24,2025-12-19T20:36:24,59.77,1.0,SetByAsk
2025-12-19 20:36:24,2025-12-19T20:36:24,59.77,1.0,SetByAsk
2025-12-19 20:36:24,2025-12-19T20:36:24,59.77,1.0,SetByAsk
2025-12-19 20:36:24,2025-12-19T20:36:24,59.77,1.0,SetByAsk
2025-12-19 20:36:24,2025-12-19T20:36:24,59.77,1.0,SetByBid
2025-12-19 20:36:24,2025-12-19T20:36:24,59.77,1.0,SetByBid
2025-12-19 20:36:24,2025-12-19T20:36:24,59.77,1.0,SetByBid
2025-12-19 20:36:24,2025-12-19T20:36:24,59.77,1.0,SetByBid
2025-12-19 20:36:24,2025-12-19T20:36:24,59.77,3.0,SetByBid
2025-12-19 20:36:24,2025-12-19T20:36:24,59.77,1.0,SetByBid
2025-12-19 20:36:24,2025-12-19T20:36:24,59.77,1.0,SetByBid
2025-12-19 20:36:24,2025-12-19T20:36:24,59.77,1.0,SetByBid
2025-12-19 20:36:24,2025-12-19T20:36:24,59.77,2.0,SetByBid
2025-12-19 20:36:24,2025-12-19T20:36:24,59.77,1.0,SetByBid
2025-12-19 20:36:24,2025-12-19T20:36:24,59.77,2.0,SetByBid
2025-12-19 20:36:25,2025-12-19T20:36:25,59.77,1.0,SetByBid
2025-12-19 20:36:26,2025-12-19T20:36:26,59.77,1.0,SetByBid
2025-12-19 20:36:27,2025-12-19T20:36:27,59.77,1.0,SetByBid
2025-12-19 20:36:27,2025-12-19T20:36:27,59.77,1.0,SetByBid
2025-12-19 20:36:27,2025-12-19T20:36:27,59.77,1.0,SetByBid
2025-12-19 20:36:27,2025-12-19T20:36:27,59.77,6.0,SetByBid
2025-12-19 20:36:27,2025-12-19T20:36:27,59.77,1.0,SetByBid
2025-12-19 20:36:27,2025-12-19T20:36:27,59.77,1.0,SetByBid
2025-12-19 20:36:27,2025-12-19T20:36:27,59.77,1.0,SetByBid
2025-12-19 20:36:27,2025-12-19T20:36:27,59.77,2.0,SetByBid
2025-12-19 20:36:27,2025-12-19T20:36:27,59.77,1.0,SetByBid
2025-12-19 20:36:38,2025-12-19T20:36:38,59.78,1.0,SetByBid
2025-12-19 20:36:38,2025-12-19T20:36:38,59.78,1.0,SetByBid
2025-12-19 20:36:38,2025-12-19T20:36:38,59.78,1.0,SetByBid
2025-12-19 20:36:38,2025-12-19T20:36:38,59.78,1.0,SetByBid
2025-12-19 20:36:38,2025-12-19T20:36:38,59.78,1.0,SetByBid
2025-12-19 20:36:40,2025-12-19T20:36:40,59.79,1.0,SetByBid
2025-12-19 20:36:46,2025-12-19T20:36:46,59.78,1.0,SetByAsk
2025-12-19 20:36:46,2025-12-19T20:36:46,59.78,1.0,SetByAsk
2025-12-19 20:36:46,2025-12-19T20:36:46,59.78,1.0,SetByAsk
2025-12-19 20:36:54,2025-12-19T20:36:54,59.79,1.0,SetByBid
2025-12-19 20:36:54,2025-12-19T20:36:54,59.79,1.0,SetByBid
2025-12-19 20:36:54,2025-12-19T20:36:54,59.79,1.0,SetByBid
2025-12-19 20:36:54,2025-12-19T20:36:54,59.79,1.0,SetByBid
2025-12-19 20:36:54,2025-12-19T20:36:54,59.79,1.0,SetByBid
2025-12-19 20:36:54,2025-12-19T20:36:54,59.79,1.0,SetByBid
2025-12-19 20:36:54,2025-12-19T20:36:54,59.8,1.0,SetByBid
2025-12-19 20:36:54,2025-12-19T20:36:54,59.8,1.0,SetByBid
2025-12-19 20:36:56,2025-12-19T20:36:56,59.79,1.0,SetByBid
2025-12-19 20:36:56,2025-12-19T20:36:56,59.79,1.0,SetByBid
2025-12-19 20:36:56,2025-12-19T20:36:56,59.79,1.0,SetByBid
2025-12-19 20:36:56,2025-12-19T20:36:56,59.79,1.0,SetByBid
2025-12-19 20:37:00,2025-12-19T20:37:00,59.77,1.0,SetByAsk
2025-12-19 20:37:06,2025-12-19T20:37:06,59.76,1.0,SetByAsk
2025-12-19 20:37:06,2025-12-19T20:37:06,59.76,1.0,SetByAsk
2025-12-19 20:37:06,2025-12-19T20:37:06,59.76,1.0,SetByAsk
2025-12-19 20:37:06,2025-12-19T20:37:06,59.75,1.0,SetByAsk
2025-12-19 20:37:06,2025-12-19T20:37:06,59.75,1.0,SetByBid
2025-12-19 20:37:17,2025-12-19T20:37:17,59.76,1.0,SetByBid
2025-12-19 20:37:37,2025-12-19T20:37:37,59.75,1.0,SetByAsk
2025-12-19 20:37:40,2025-12-19T20:37:40,59.75,1.0,SetByBid
2025-12-19 20:38:00,2025-12-19T20:38:00,59.74,1.0,SetByBid
2025-12-19 20:38:08,2025-12-19T20:38:08,59.75,1.0,SetByBid
2025-12-19 20:38:08,2025-12-19T20:38:08,59.75,1.0,SetByBid
2025-12-19 20:38:08,2025-12-19T20:38:08,59.75,1.0,SetByBid
2025-12-19 20:38:08,2025-12-19T20:38:08,59.75,1.0,SetByBid
2025-12-19 20:38:08,2025-12-19T20:38:08,59.75,1.0,SetByBid
2025-12-19 20:38:08,2025-12-19T20:38:08,59.75,1.0,SetByBid
2025-12-19 20:38:08,2025-12-19T20:38:08,59.75,1.0,SetByBid
2025-12-19 20:38:08,2025-12-19T20:38:08,59.75,1.0,SetByBid
2025-12-19 20:38:08,2025-12-19T20:38:08,59.75,1.0,SetByBid
2025-12-19 20:38:08,2025-12-19T20:38:08,59.75,1.0,SetByBid
2025-12-19 20:38:09,2025-12-19T20:38:09,59.75,1.0,SetByBid
2025-12-19 20:38:09,2025-12-19T20:38:09,59.75,1.0,SetByBid
2025-12-19 20:38:09,2025-12-19T20:38:09,59.75,1.0,SetByBid
2025-12-19 20:38:09,2025-12-19T20:38:09,59.75,1.0,SetByBid
2025-12-19 20:38:09,2025-12-19T20:38:09,59.75,1.0,SetByBid
2025-12-19 20:38:09,2025-12-19T20:38:09,59.75,1.0,SetByBid
2025-12-19 20:38:09,2025-12-19T20:38:09,59.75,1.0,SetByBid
2025-12-19 20:38:09,2025-12-19T20:38:09,59.75,1.0,SetByBid
2025-12-19 20:38:09,2025-12-19T20:38:09,59.75,1.0,SetByBid
2025-12-19 20:38:09,2025-12-19T20:38:09,59.75,1.0,SetByBid
2025-12-19 20:38:10,2025-12-19T20:38:10,59.74,1.0,SetByAsk
2025-12-19 20:38:10,2025-12-19T20:38:10,59.75,1.0,SetByBid
2025-12-19 20:38:10,2025-12-19T20:38:10,59.75,1.0,SetByBid
2025-12-19 20:38:10,2025-12-19T20:38:10,59.75,1.0,SetByBid
2025-12-19 20:38:10,2025-12-19T20:38:10,59.75,1.0,SetByBid
2025-12-19 20:38:10,2025-12-19T20:38:10,59.75,1.0,SetByBid
2025-12-19 20:38:10,2025-12-19T20:38:10,59.75,1.0,SetByBid
2025-12-19 20:38:10,2025-12-19T20:38:10,59.75,1.0,SetByBid
2025-12-19 20:38:10,2025-12-19T20:38:10,59.75,1.0,SetByBid
2025-12-19 20:38:10,2025-12-19T20:38:10,59.75,2.0,SetByBid
2025-12-19 20:38:11,2025-12-19T20:38:11,59.73,1.0,SetByAsk
2025-12-19 20:38:11,2025-12-19T20:38:11,59.73,1.0,SetByAsk
2025-12-19 20:38:11,2025-12-19T20:38:11,59.73,1.0,SetByAsk
2025-12-19 20:38:11,2025-12-19T20:38:11,59.73,1.0,SetByAsk
2025-12-19 20:38:11,2025-12-19T20:38:11,59.73,1.0,SetByAsk
2025-12-19 20:38:11,2025-12-19T20:38:11,59.73,1.0,SetByAsk
2025-12-19 20:38:11,2025-12-19T20:38:11,59.73,3.0,SetByAsk
2025-12-19 20:38:11,2025-12-19T20:38:11,59.73,1.0,SetByAsk
2025-12-19 20:38:11,2025-12-19T20:38:11,59.73,1.0,SetByAsk
2025-12-19 20:38:11,2025-12-19T20:38:11,59.73,2.0,SetByAsk
2025-12-19 20:38:11,2025-12-19T20:38:11,59.73,1.0,SetByAsk
2025-12-19 20:38:11,2025-12-19T20:38:11,59.73,1.0,SetByAsk
2025-12-19 20:38:11,2025-12-19T20:38:11,59.73,1.0,SetByAsk
2025-12-19 20:38:11,2025-12-19T20:38:11,59.73,1.0,SetByAsk
2025-12-19 20:38:11,2025-12-19T20:38:11,59.73,1.0,SetByAsk
2025-12-19 20:38:11,2025-12-19T20:38:11,59.73,3.0,SetByAsk
2025-12-19 20:38:11,2025-12-19T20:38:11,59.73,1.0,SetByAsk
2025-12-19 20:38:11,2025-12-19T20:38:11,59.73,1.0,SetByAsk
2025-12-19 20:38:11,2025-12-19T20:38:11,59.73,1.0,SetByAsk
2025-12-19 20:38:11,2025-12-19T20:38:11,59.73,1.0,SetByAsk
2025-12-19 20:38:11,2025-12-19T20:38:11,59.72,1.0,SetByAsk
2025-12-19 20:38:11,2025-12-19T20:38:11,59.72,1.0,SetByAsk
2025-12-19 20:38:11,2025-12-19T20:38:11,59.72,1.0,SetByAsk
2025-12-19 20:38:11,2025-12-19T20:38:11,59.72,1.0,SetByAsk
2025-12-19 20:38:11,2025-12-19T20:38:11,59.72,2.0,SetByAsk
2025-12-19 20:38:11,2025-12-19T20:38:11,59.72,1.0,SetByAsk
2025-12-19 20:38:11,2025-12-19T20:38:11,59.72,1.0,SetByAsk
2025-12-19 20:38:11,2025-12-19T20:38:11,59.72,1.0,SetByAsk
2025-12-19 20:38:11,2025-12-19T20:38:11,59.72,1.0,SetByAsk
2025-12-19 20:38:11,2025-12-19T20:38:11,59.72,1.0,SetByAsk
2025-12-19 20:38:11,2025-12-19T20:38:11,59.72,1.0,SetByAsk
2025-12-19 20:38:11,2025-12-19T20:38:11,59.72,3.0,SetByAsk
2025-12-19 20:38:11,2025-12-19T20:38:11,59.72,1.0,SetByAsk
2025-12-19 20:38:11,2025-12-19T20:38:11,59.72,1.0,SetByAsk
2025-12-19 20:38:11,2025-12-19T20:38:11,59.72,1.0,SetByAsk
2025-12-19 20:38:11,2025-12-19T20:38:11,59.72,1.0,SetByAsk
2025-12-19 20:38:11,2025-12-19T20:38:11,59.72,3.0,SetByAsk
2025-12-19 20:38:11,2025-12-19T20:38:11,59.72,2.0,SetByAsk
2025-12-19 20:38:11,2025-12-19T20:38:11,59.72,3.0,SetByAsk
2025-12-19 20:38:11,2025-12-19T20:38:11,59.72,1.0,SetByAsk
2025-12-19 20:38:11,2025-12-19T20:38:11,59.72,1.0,SetByAsk
2025-12-19 20:38:11,2025-12-19T20:38:11,59.72,1.0,SetByAsk
2025-12-19 20:38:11,2025-12-19T20:38:11,59.72,1.0,SetByAsk
2025-12-19 20:38:11,2025-12-19T20:38:11,59.72,2.0,SetByAsk
2025-12-19 20:38:11,2025-12-19T20:38:11,59.72,1.0,SetByAsk
2025-12-19 20:38:11,2025-12-19T20:38:11,59.72,1.0,SetByAsk
2025-12-19 20:38:11,2025-12-19T20:38:11,59.72,1.0,SetByAsk
2025-12-19 20:38:11,2025-12-19T20:38:11,59.72,1.0,SetByAsk
2025-12-19 20:38:11,2025-12-19T20:38:11,59.72,1.0,SetByAsk
2025-12-19 20:38:11,2025-12-19T20:38:11,59.72,4.0,SetByAsk
2025-12-19 20:38:11,2025-12-19T20:38:11,59.72,1.0,SetByAsk
2025-12-19 20:38:11,2025-12-19T20:38:11,59.72,1.0,SetByAsk
2025-12-19 20:38:11,2025-12-19T20:38:11,59.72,1.0,SetByAsk
2025-12-19 20:38:11,2025-12-19T20:38:11,59.72,2.0,SetByAsk
2025-12-19 20:38:11,2025-12-19T20:38:11,59.72,1.0,SetByAsk
2025-12-19 20:38:11,2025-12-19T20:38:11,59.72,3.0,SetByAsk
2025-12-19 20:38:11,2025-12-19T20:38:11,59.72,1.0,SetByAsk
2025-12-19 20:38:11,2025-12-19T20:38:11,59.72,1.0,SetByAsk
2025-12-19 20:38:11,2025-12-19T20:38:11,59.72,1.0,SetByAsk
2025-12-19 20:38:11,2025-12-19T20:38:11,59.72,1.0,SetByAsk
2025-12-19 20:38:11,2025-12-19T20:38:11,59.72,1.0,SetByAsk
2025-12-19 20:38:11,2025-12-19T20:38:11,59.72,1.0,SetByAsk
2025-12-19 20:38:11,2025-12-19T20:38:11,59.72,1.0,SetByBid
2025-12-19 20:38:11,2025-12-19T20:38:11,59.72,1.0,SetByBid
2025-12-19 20:38:11,2025-12-19T20:38:11,59.72,2.0,SetByBid
2025-12-19 20:38:11,2025-12-19T20:38:11,59.72,1.0,SetByBid
2025-12-19 20:38:11,2025-12-19T20:38:11,59.72,3.0,SetByBid
2025-12-19 20:38:11,2025-12-19T20:38:11,59.72,1.0,SetByBid
2025-12-19 20:38:11,2025-12-19T20:38:11,59.73,1.0,SetByAsk
2025-12-19 20:38:11,2025-12-19T20:38:11,59.73,1.0,SetByAsk
2025-12-19 20:38:14,2025-12-19T20:38:14,59.73,3.0,SetByAsk
2025-12-19 20:38:14,2025-12-19T20:38:14,59.73,1.0,SetByAsk
2025-12-19 20:38:14,2025-12-19T20:38:14,59.72,1.0,SetByAsk
2025-12-19 20:38:14,2025-12-19T20:38:14,59.72,1.0,SetByAsk
2025-12-19 20:38:14,2025-12-19T20:38:14,59.72,1.0,SetByAsk
2025-12-19 20:38:14,2025-12-19T20:38:14,59.72,1.0,SetByAsk
2025-12-19 20:38:14,2025-12-19T20:38:14,59.72,1.0,SetByAsk
2025-12-19 20:38:14,2025-12-19T20:38:14,59.72,1.0,SetByAsk
2025-12-19 20:38:14,2025-12-19T20:38:14,59.72,1.0,SetByAsk
2025-12-19 20:38:14,2025-12-19T20:38:14,59.72,4.0,SetByAsk
2025-12-19 20:38:14,2025-12-19T20:38:14,59.72,1.0,SetByAsk
2025-12-19 20:38:14,2025-12-19T20:38:14,59.72,1.0,SetByBid
2025-12-19 20:38:14,2025-12-19T20:38:14,59.72,2.0,SetByBid
2025-12-19 20:38:14,2025-12-19T20:38:14,59.72,1.0,SetByBid
2025-12-19 20:38:14,2025-12-19T20:38:14,59.72,1.0,SetByBid
2025-12-19 20:38:14,2025-12-19T20:38:14,59.72,1.0,SetByBid
2025-12-19 20:38:14,2025-12-19T20:38:14,59.72,1.0,SetByBid
2025-12-19 20:38:14,2025-12-19T20:38:14,59.72,12.0,SetByBid
2025-12-19 20:38:14,2025-12-19T20:38:14,59.72,3.0,SetByBid
2025-12-19 20:38:14,2025-12-19T20:38:14,59.72,5.0,SetByBid
2025-12-19 20:38:14,2025-12-19T20:38:14,59.72,12.0,SetByBid
2025-12-19 20:38:14,2025-12-19T20:38:14,59.72,1.0,SetByBid
2025-12-19 20:38:14,2025-12-19T20:38:14,59.72,1.0,SetByBid
2025-12-19 20:38:16,2025-12-19T20:38:16,59.74,1.0,SetByBid
2025-12-19 20:38:16,2025-12-19T20:38:16,59.74,1.0,SetByBid
2025-12-19 20:38:16,2025-12-19T20:38:16,59.74,1.0,SetByBid
2025-12-19 20:38:16,2025-12-19T20:38:16,59.74,1.0,SetByBid
2025-12-19 20:38:16,2025-12-19T20:38:16,59.74,1.0,SetByBid
2025-12-19 20:38:23,2025-12-19T20:38:23,59.75,1.0,SetByBid
2025-12-19 20:38:23,2025-12-19T20:38:23,59.76,1.0,SetByBid
2025-12-19 20:38:24,2025-12-19T20:38:24,59.75,1.0,SetByAsk
2025-12-19 20:38:24,2025-12-19T20:38:24,59.76,1.0,SetByBid
2025-12-19 20:38:26,2025-12-19T20:38:26,59.74,1.0,SetByAsk
2025-12-19 20:38:26,2025-12-19T20:38:26,59.74,2.0,SetByAsk
2025-12-19 20:38:26,2025-12-19T20:38:26,59.74,1.0,SetByAsk
2025-12-19 20:38:26,2025-12-19T20:38:26,59.74,1.0,SetByAsk
2025-12-19 20:38:26,2025-12-19T20:38:26,59.74,1.0,SetByAsk
2025-12-19 20:38:26,2025-12-19T20:38:26,59.74,1.0,SetByAsk
2025-12-19 20:38:26,2025-12-19T20:38:26,59.74,1.0,SetByAsk
2025-12-19 20:38:26,2025-12-19T20:38:26,59.74,2.0,SetByAsk
2025-12-19 20:38:26,2025-12-19T20:38:26,59.74,1.0,SetByAsk
2025-12-19 20:38:26,2025-12-19T20:38:26,59.74,1.0,SetByAsk
2025-12-19 20:38:26,2025-12-19T20:38:26,59.74,1.0,SetByAsk
2025-12-19 20:38:26,2025-12-19T20:38:26,59.74,2.0,SetByAsk
2025-12-19 20:38:26,2025-12-19T20:38:26,59.74,1.0,SetByAsk
2025-12-19 20:38:26,2025-12-19T20:38:26,59.74,1.0,SetByAsk
2025-12-19 20:38:26,2025-12-19T20:38:26,59.74,1.0,SetByAsk
2025-12-19 20:38:26,2025-12-19T20:38:26,59.74,1.0,SetByAsk
2025-12-19 20:38:26,2025-12-19T20:38:26,59.74,1.0,SetByAsk
2025-12-19 20:38:26,2025-12-19T20:38:26,59.74,1.0,SetByAsk
2025-12-19 20:38:26,2025-12-19T20:38:26,59.74,3.0,SetByAsk
2025-12-19 20:38:26,2025-12-19T20:38:26,59.74,4.0,SetByAsk
2025-12-19 20:38:26,2025-12-19T20:38:26,59.74,1.0,SetByBid
2025-12-19 20:38:26,2025-12-19T20:38:26,59.74,21.0,SetByBid
2025-12-19 20:38:26,2025-12-19T20:38:26,59.75,2.0,SetByBid
2025-12-19 20:38:26,2025-12-19T20:38:26,59.75,1.0,SetByBid
2025-12-19 20:38:26,2025-12-19T20:38:26,59.75,1.0,SetByBid
2025-12-19 20:38:26,2025-12-19T20:38:26,59.75,1.0,SetByBid
2025-12-19 20:38:27,2025-12-19T20:38:27,59.75,1.0,SetByBid
2025-12-19 20:38:27,2025-12-19T20:38:27,59.75,1.0,SetByBid
2025-12-19 20:38:27,2025-12-19T20:38:27,59.75,1.0,SetByBid
2025-12-19 20:38:27,2025-12-19T20:38:27,59.75,2.0,SetByBid
2025-12-19 20:38:27,2025-12-19T20:38:27,59.75,1.0,SetByBid
2025-12-19 20:38:27,2025-12-19T20:38:27,59.75,1.0,SetByBid
2025-12-19 20:38:28,2025-12-19T20:38:28,59.74,1.0,SetByAsk
2025-12-19 20:38:28,2025-12-19T20:38:28,59.74,1.0,SetByAsk
2025-12-19 20:38:28,2025-12-19T20:38:28,59.74,1.0,SetByAsk
2025-12-19 20:38:28,2025-12-19T20:38:28,59.74,1.0,SetByAsk
2025-12-19 20:38:28,2025-12-19T20:38:28,59.72,1.0,SetByAsk
2025-12-19 20:38:30,2025-12-19T20:38:30,59.72,1.0,SetByAsk
2025-12-19 20:38:30,2025-12-19T20:38:30,59.72,1.0,SetByAsk
2025-12-19 20:38:30,2025-12-19T20:38:30,59.72,1.0,SetByAsk
2025-12-19 20:38:30,2025-12-19T20:38:30,59.72,1.0,SetByAsk
2025-12-19 20:38:30,2025-12-19T20:38:30,59.72,2.0,SetByAsk
2025-12-19 20:38:30,2025-12-19T20:38:30,59.72,1.0,SetByAsk
2025-12-19 20:38:30,2025-12-19T20:38:30,59.72,1.0,SetByAsk
2025-12-19 20:38:30,2025-12-19T20:38:30,59.72,1.0,SetByAsk
2025-12-19 20:38:30,2025-12-19T20:38:30,59.72,1.0,SetByAsk
2025-12-19 20:38:30,2025-12-19T20:38:30,59.72,1.0,SetByAsk
2025-12-19 20:38:30,2025-12-19T20:38:30,59.72,1.0,SetByAsk
2025-12-19 20:38:30,2025-12-19T20:38:30,59.72,1.0,SetByAsk
2025-12-19 20:38:30,2025-12-19T20:38:30,59.72,1.0,SetByAsk
2025-12-19 20:38:30,2025-12-19T20:38:30,59.72,1.0,SetByAsk
2025-12-19 20:38:30,2025-12-19T20:38:30,59.72,2.0,SetByAsk
2025-12-19 20:38:30,2025-12-19T20:38:30,59.72,1.0,SetByAsk
2025-12-19 20:38:30,2025-12-19T20:38:30,59.72,1.0,SetByAsk
2025-12-19 20:38:30,2025-12-19T20:38:30,59.72,1.0,SetByAsk
2025-12-19 20:38:30,2025-12-19T20:38:30,59.72,1.0,SetByAsk
2025-12-19 20:38:30,2025-12-19T20:38:30,59.72,1.0,SetByAsk
2025-12-19 20:38:30,2025-12-19T20:38:30,59.72,28.0,SetByBid
2025-12-19 20:38:36,2025-12-19T20:38:36,59.75,1.0,SetByAsk
2025-12-19 20:38:38,2025-12-19T20:38:38,59.74,1.0,SetByAsk
2025-12-19 20:38:38,2025-12-19T20:38:38,59.74,1.0,SetByAsk
2025-12-19 20:38:38,2025-12-19T20:38:38,59.74,1.0,SetByAsk
2025-12-19 20:38:38,2025-12-19T20:38:38,59.74,1.0,SetByAsk
2025-12-19 20:38:38,2025-12-19T20:38:38,59.74,1.0,SetByAsk
2025-12-19 20:38:38,2025-12-19T20:38:38,59.74,1.0,SetByAsk
2025-12-19 20:38:38,2025-12-19T20:38:38,59.74,1.0,SetByAsk
2025-12-19 20:38:38,2025-12-19T20:38:38,59.74,1.0,SetByAsk
2025-12-19 20:38:38,2025-12-19T20:38:38,59.74,1.0,SetByAsk
2025-12-19 20:38:38,2025-12-19T20:38:38,59.74,2.0,SetByAsk
2025-12-19 20:38:38,2025-12-19T20:38:38,59.74,5.0,SetByAsk
2025-12-19 20:38:38,2025-12-19T20:38:38,59.74,4.0,SetByAsk
2025-12-19 20:38:38,2025-12-19T20:38:38,59.74,1.0,SetByAsk
2025-12-19 20:38:38,2025-12-19T20:38:38,59.74,1.0,SetByAsk
2025-12-19 20:38:38,2025-12-19T20:38:38,59.74,1.0,SetByAsk
2025-12-19 20:38:38,2025-12-19T20:38:38,59.74,1.0,SetByAsk
2025-12-19 20:38:38,2025-12-19T20:38:38,59.74,1.0,SetByAsk
2025-12-19 20:38:38,2025-12-19T20:38:38,59.74,1.0,SetByAsk
2025-12-19 20:38:38,2025-12-19T20:38:38,59.74,1.0,SetByAsk
2025-12-19 20:38:38,2025-12-19T20:38:38,59.74,1.0,SetByAsk
2025-12-19 20:38:38,2025-12-19T20:38:38,59.74,1.0,SetByAsk
2025-12-19 20:38:38,2025-12-19T20:38:38,59.74,3.0,SetByAsk
2025-12-19 20:38:38,2025-12-19T20:38:38,59.74,1.0,SetByAsk
2025-12-19 20:38:38,2025-12-19T20:38:38,59.74,1.0,SetByBid
2025-12-19 20:38:38,2025-12-19T20:38:38,59.74,1.0,SetByBid
2025-12-19 20:38:39,2025-12-19T20:38:39,59.74,28.0,SetByBid
2025-12-19 20:38:39,2025-12-19T20:38:39,59.74,1.0,SetByBid
2025-12-19 20:38:39,2025-12-19T20:38:39,59.74,12.0,SetByBid
2025-12-19 20:38:39,2025-12-19T20:38:39,59.74,1.0,SetByBid
2025-12-19 20:38:39,2025-12-19T20:38:39,59.74,2.0,SetByBid
2025-12-19 20:38:48,2025-12-19T20:38:48,59.74,1.0,SetByAsk
2025-12-19 20:38:48,2025-12-19T20:38:48,59.74,1.0,SetByAsk
2025-12-19 20:38:48,2025-12-19T20:38:48,59.74,2.0,SetByAsk
2025-12-19 20:38:48,2025-12-19T20:38:48,59.74,1.0,SetByAsk
2025-12-19 20:38:56,2025-12-19T20:38:56,59.74,1.0,SetByBid
2025-12-19 20:38:56,2025-12-19T20:38:56,59.74,12.0,SetByBid
2025-12-19 20:39:00,2025-12-19T20:39:00,59.74,13.0,SetByBid
2025-12-19 20:39:00,2025-12-19T20:39:00,59.74,1.0,SetByBid
2025-12-19 20:39:00,2025-12-19T20:39:00,59.74,13.0,SetByBid
2025-12-19 20:39:06,2025-12-19T20:39:06,59.75,1.0,SetByBid
2025-12-19 20:39:06,2025-12-19T20:39:06,59.75,2.0,SetByAsk
2025-12-19 20:39:06,2025-12-19T20:39:06,59.75,2.0,SetByAsk
2025-12-19 20:39:27,2025-12-19T20:39:27,59.74,1.0,SetByAsk
2025-12-19 20:39:27,2025-12-19T20:39:27,59.74,1.0,SetByAsk
2025-12-19 20:39:37,2025-12-19T20:39:37,59.73,1.0,SetByBid
2025-12-19 20:39:37,2025-12-19T20:39:37,59.73,7.0,SetByBid
2025-12-19 20:39:42,2025-12-19T20:39:42,59.72,1.0,SetByAsk
2025-12-19 20:39:42,2025-12-19T20:39:42,59.72,1.0,SetByAsk
2025-12-19 20:39:42,2025-12-19T20:39:42,59.72,1.0,SetByAsk
2025-12-19 20:39:42,2025-12-19T20:39:42,59.72,1.0,SetByAsk
2025-12-19 20:39:42,2025-12-19T20:39:42,59.72,2.0,SetByAsk
2025-12-19 20:39:42,2025-12-19T20:39:42,59.72,1.0,SetByAsk
2025-12-19 20:39:42,2025-12-19T20:39:42,59.72,1.0,SetByAsk
2025-12-19 20:39:42,2025-12-19T20:39:42,59.72,1.0,SetByAsk
2025-12-19 20:39:42,2025-12-19T20:39:42,59.72,1.0,SetByAsk
2025-12-19 20:39:42,2025-12-19T20:39:42,59.72,3.0,SetByAsk
2025-12-19 20:39:42,2025-12-19T20:39:42,59.72,2.0,SetByAsk
2025-12-19 20:39:42,2025-12-19T20:39:42,59.72,3.0,SetByAsk
2025-12-19 20:39:42,2025-12-19T20:39:42,59.72,1.0,SetByAsk
2025-12-19 20:39:42,2025-12-19T20:39:42,59.72,1.0,SetByAsk
2025-12-19 20:39:42,2025-12-19T20:39:42,59.72,1.0,SetByAsk
2025-12-19 20:39:42,2025-12-19T20:39:42,59.72,1.0,SetByAsk
2025-12-19 20:39:42,2025-12-19T20:39:42,59.72,1.0,SetByAsk
2025-12-19 20:39:42,2025-12-19T20:39:42,59.72,1.0,SetByAsk
2025-12-19 20:39:42,2025-12-19T20:39:42,59.72,1.0,SetByAsk
2025-12-19 20:39:42,2025-12-19T20:39:42,59.72,1.0,SetByAsk
2025-12-19 20:39:42,2025-12-19T20:39:42,59.72,3.0,SetByAsk
2025-12-19 20:39:42,2025-12-19T20:39:42,59.72,1.0,SetByAsk
2025-12-19 20:39:42,2025-12-19T20:39:42,59.72,1.0,SetByAsk
2025-12-19 20:39:42,2025-12-19T20:39:42,59.72,1.0,SetByAsk
2025-12-19 20:39:42,2025-12-19T20:39:42,59.72,2.0,SetByAsk
2025-12-19 20:39:42,2025-12-19T20:39:42,59.72,1.0,SetByAsk
2025-12-19 20:39:42,2025-12-19T20:39:42,59.72,1.0,SetByAsk
2025-12-19 20:39:42,2025-12-19T20:39:42,59.72,1.0,SetByAsk
2025-12-19 20:39:42,2025-12-19T20:39:42,59.72,2.0,SetByAsk
2025-12-19 20:39:42,2025-12-19T20:39:42,59.72,1.0,SetByAsk
2025-12-19 20:40:06,2025-12-19T20:40:06,59.72,1.0,SetByAsk
2025-12-19 20:40:11,2025-12-19T20:40:11,59.72,1.0,SetByAsk
2025-12-19 20:40:11,2025-12-19T20:40:11,59.72,1.0,SetByAsk
2025-12-19 20:40:32,2025-12-19T20:40:32,59.72,1.0,SetByBid
2025-12-19 20:40:32,2025-12-19T20:40:32,59.73,1.0,SetByBid
2025-12-19 20:40:32,2025-12-19T20:40:32,59.73,1.0,SetByBid
2025-12-19 20:40:37,2025-12-19T20:40:37,59.71,1.0,SetByAsk
2025-12-19 20:40:37,2025-12-19T20:40:37,59.71,1.0,SetByAsk
2025-12-19 20:40:37,2025-12-19T20:40:37,59.71,1.0,SetByAsk
2025-12-19 20:40:41,2025-12-19T20:40:41,59.7,1.0,SetByAsk
2025-12-19 20:40:41,2025-12-19T20:40:41,59.7,1.0,SetByAsk
2025-12-19 20:40:41,2025-12-19T20:40:41,59.7,1.0,SetByAsk
2025-12-19 20:40:42,2025-12-19T20:40:42,59.7,2.0,SetByBid
2025-12-19 20:40:42,2025-12-19T20:40:42,59.7,1.0,SetByBid
2025-12-19 20:40:42,2025-12-19T20:40:42,59.7,1.0,SetByBid
2025-12-19 20:40:42,2025-12-19T20:40:42,59.7,1.0,SetByBid
2025-12-19 20:40:42,2025-12-19T20:40:42,59.7,1.0,SetByBid
2025-12-19 20:40:42,2025-12-19T20:40:42,59.7,2.0,SetByBid
2025-12-19 20:40:50,2025-12-19T20:40:50,59.7,1.0,SetByBid
2025-12-19 20:41:38,2025-12-19T20:41:38,59.74,1.0,SetByBid
2025-12-19 20:41:49,2025-12-19T20:41:49,59.73,1.0,SetByAsk
2025-12-19 20:41:49,2025-12-19T20:41:49,59.73,1.0,SetByAsk
2025-12-19 20:42:05,2025-12-19T20:42:05,59.73,1.0,SetByAsk
2025-12-19 20:42:18,2025-12-19T20:42:18,59.74,1.0,SetByAsk
2025-12-19 20:42:31,2025-12-19T20:42:31,59.73,1.0,SetByAsk
2025-12-19 20:42:31,2025-12-19T20:42:31,59.73,1.0,SetByAsk
2025-12-19 20:42:31,2025-12-19T20:42:31,59.73,1.0,SetByAsk
2025-12-19 20:42:31,2025-12-19T20:42:31,59.73,1.0,SetByAsk
2025-12-19 20:42:32,2025-12-19T20:42:32,59.73,1.0,SetByAsk
2025-12-19 20:42:47,2025-12-19T20:42:47,59.73,1.0,SetByBid
2025-12-19 20:42:47,2025-12-19T20:42:47,59.73,1.0,SetByBid
2025-12-19 20:42:47,2025-12-19T20:42:47,59.73,1.0,SetByBid
2025-12-19 20:42:47,2025-12-19T20:42:47,59.73,1.0,SetByBid
2025-12-19 20:42:47,2025-12-19T20:42:47,59.73,1.0,SetByBid
2025-12-19 20:42:52,2025-12-19T20:42:52,59.72,1.0,SetByAsk
2025-12-19 20:42:52,2025-12-19T20:42:52,59.72,1.0,SetByAsk
2025-12-19 20:42:55,2025-12-19T20:42:55,59.71,2.0,SetByBid
2025-12-19 20:42:55,2025-12-19T20:42:55,59.71,1.0,SetByBid
2025-12-19 20:42:55,2025-12-19T20:42:55,59.71,1.0,SetByBid
2025-12-19 20:42:55,2025-12-19T20:42:55,59.71,1.0,SetByBid
2025-12-19 20:42:55,2025-12-19T20:42:55,59.71,1.0,SetByBid
2025-12-19 20:42:55,2025-12-19T20:42:55,59.71,1.0,SetByBid
2025-12-19 20:42:55,2025-12-19T20:42:55,59.71,1.0,SetByAsk
2025-12-19 20:42:55,2025-12-19T20:42:55,59.71,1.0,SetByBid
2025-12-19 20:42:55,2025-12-19T20:42:55,59.71,1.0,SetByBid
2025-12-19 20:42:55,2025-12-19T20:42:55,59.71,1.0,SetByAsk
2025-12-19 20:42:55,2025-12-19T20:42:55,59.71,1.0,SetByBid
2025-12-19 20:42:55,2025-12-19T20:42:55,59.71,1.0,SetByBid
2025-12-19 20:42:55,2025-12-19T20:42:55,59.72,1.0,SetByBid
2025-12-19 20:42:55,2025-12-19T20:42:55,59.72,1.0,SetByBid
2025-12-19 20:42:55,2025-12-19T20:42:55,59.72,1.0,SetByBid
2025-12-19 20:42:58,2025-12-19T20:42:58,59.72,1.0,SetByAsk
2025-12-19 20:42:58,2025-12-19T20:42:58,59.72,1.0,SetByAsk
2025-12-19 20:43:06,2025-12-19T20:43:06,59.72,1.0,SetByAsk
2025-12-19 20:43:06,2025-12-19T20:43:06,59.72,1.0,SetByAsk
2025-12-19 20:43:06,2025-12-19T20:43:06,59.72,1.0,SetByAsk
2025-12-19 20:43:06,2025-12-19T20:43:06,59.72,1.0,SetByAsk
2025-12-19 20:43:06,2025-12-19T20:43:06,59.72,1.0,SetByAsk
2025-12-19 20:43:06,2025-12-19T20:43:06,59.72,1.0,SetByBid
2025-12-19 20:43:21,2025-12-19T20:43:21,59.72,1.0,SetByBid
2025-12-19 20:43:46,2025-12-19T20:43:46,59.73,1.0,SetByAsk
2025-12-19 20:43:46,2025-12-19T20:43:46,59.73,1.0,SetByAsk
2025-12-19 20:44:02,2025-12-19T20:44:02,59.72,1.0,SetByAsk
2025-12-19 20:44:02,2025-12-19T20:44:02,59.73,1.0,SetByBid
2025-12-19 20:44:07,2025-12-19T20:44:07,59.73,1.0,SetByBid
2025-12-19 20:44:34,2025-12-19T20:44:34,59.72,1.0,SetByAsk
2025-12-19 20:44:34,2025-12-19T20:44:34,59.72,1.0,SetByAsk
2025-12-19 20:44:34,2025-12-19T20:44:34,59.72,1.0,SetByAsk
2025-12-19 20:44:43,2025-12-19T20:44:43,59.73,1.0,SetByBid
2025-12-19 20:44:43,2025-12-19T20:44:43,59.73,1.0,SetByBid
2025-12-19 20:44:43,2025-12-19T20:44:43,59.72,1.0,SetByAsk
2025-12-19 20:44:43,2025-12-19T20:44:43,59.72,1.0,SetByAsk
2025-12-19 20:44:43,2025-12-19T20:44:43,59.72,1.0,SetByAsk
2025-12-19 20:44:44,2025-12-19T20:44:44,59.73,1.0,SetByBid
2025-12-19 20:44:44,2025-12-19T20:44:44,59.73,1.0,SetByBid
2025-12-19 20:44:44,2025-12-19T20:44:44,59.73,1.0,SetByBid
2025-12-19 20:44:44,2025-12-19T20:44:44,59.73,1.0,SetByBid
2025-12-19 20:44:44,2025-12-19T20:44:44,59.73,1.0,SetByBid
2025-12-19 20:44:44,2025-12-19T20:44:44,59.73,1.0,SetByBid
2025-12-19 20:44:44,2025-12-19T20:44:44,59.73,1.0,SetByBid
2025-12-19 20:44:45,2025-12-19T20:44:45,59.73,1.0,SetByBid
2025-12-19 20:44:45,2025-12-19T20:44:45,59.73,1.0,SetByBid
2025-12-19 20:44:45,2025-12-19T20:44:45,59.73,1.0,SetByBid
2025-12-19 20:44:45,2025-12-19T20:44:45,59.73,1.0,SetByBid
2025-12-19 20:44:45,2025-12-19T20:44:45,59.73,1.0,SetByBid
2025-12-19 20:44:55,2025-12-19T20:44:55,59.73,1.0,SetByAsk
2025-12-19 20:44:57,2025-12-19T20:44:57,59.74,1.0,SetByBid
2025-12-19 20:44:57,2025-12-19T20:44:57,59.72,1.0,SetByAsk
2025-12-19 20:44:57,2025-12-19T20:44:57,59.72,1.0,SetByAsk
2025-12-19 20:45:48,2025-12-19T20:45:48,59.74,1.0,SetByBid
2025-12-19 20:46:06,2025-12-19T20:46:06,59.73,1.0,SetByAsk
2025-12-19 20:46:06,2025-12-19T20:46:06,59.73,1.0,SetByAsk
2025-12-19 20:46:06,2025-12-19T20:46:06,59.73,1.0,SetByAsk
2025-12-19 20:46:06,2025-12-19T20:46:06,59.73,1.0,SetByAsk
2025-12-19 20:46:06,2025-12-19T20:46:06,59.73,1.0,SetByAsk
2025-12-19 20:46:06,2025-12-19T20:46:06,59.73,1.0,SetByAsk
2025-12-19 20:46:27,2025-12-19T20:46:27,59.73,1.0,SetByAsk
2025-12-19 20:46:31,2025-12-19T20:46:31,59.74,1.0,SetByAsk
2025-12-19 20:46:35,2025-12-19T20:46:35,59.74,1.0,SetByBid
2025-12-19 20:46:44,2025-12-19T20:46:44,59.74,1.0,SetByAsk
2025-12-19 20:46:54,2025-12-19T20:46:54,59.75,1.0,SetByBid
2025-12-19 20:47:01,2025-12-19T20:47:01,59.74,1.0,SetByBid
2025-12-19 20:47:01,2025-12-19T20:47:01,59.74,1.0,SetByBid
2025-12-19 20:47:01,2025-12-19T20:47:01,59.74,1.0,SetByBid
2025-12-19 20:47:01,2025-12-19T20:47:01,59.74,1.0,SetByBid
2025-12-19 20:47:23,2025-12-19T20:47:23,59.74,1.0,SetByBid
2025-12-19 20:47:23,2025-12-19T20:47:23,59.73,1.0,SetByAsk
2025-12-19 20:47:23,2025-12-19T20:47:23,59.74,1.0,SetByBid
2025-12-19 20:47:23,2025-12-19T20:47:23,59.74,1.0,SetByBid
2025-12-19 20:47:23,2025-12-19T20:47:23,59.74,1.0,SetByBid
2025-12-19 20:47:23,2025-12-19T20:47:23,59.74,1.0,SetByBid
2025-12-19 20:47:23,2025-12-19T20:47:23,59.74,1.0,SetByBid
2025-12-19 20:47:29,2025-12-19T20:47:29,59.73,1.0,SetByBid
2025-12-19 20:47:29,2025-12-19T20:47:29,59.73,1.0,SetByBid
2025-12-19 20:47:29,2025-12-19T20:47:29,59.73,1.0,SetByBid
2025-12-19 20:47:43,2025-12-19T20:47:43,59.74,1.0,SetByBid
2025-12-19 20:47:45,2025-12-19T20:47:45,59.74,1.0,SetByBid
2025-12-19 20:47:45,2025-12-19T20:47:45,59.74,1.0,SetByBid
2025-12-19 20:47:45,2025-12-19T20:47:45,59.74,1.0,SetByBid
2025-12-19 20:47:45,2025-12-19T20:47:45,59.74,3.0,SetByBid
2025-12-19 20:47:58,2025-12-19T20:47:58,59.73,1.0,SetByAsk
2025-12-19 20:48:28,2025-12-19T20:48:28,59.75,1.0,SetByBid
2025-12-19 20:48:28,2025-12-19T20:48:28,59.75,1.0,SetByBid
2025-12-19 20:48:28,2025-12-19T20:48:28,59.75,1.0,SetByBid
2025-12-19 20:48:28,2025-12-19T20:48:28,59.75,6.0,SetByBid
2025-12-19 20:48:28,2025-12-19T20:48:28,59.75,3.0,SetByBid
2025-12-19 20:48:28,2025-12-19T20:48:28,59.75,1.0,SetByBid
2025-12-19 20:48:28,2025-12-19T20:48:28,59.75,1.0,SetByBid
2025-12-19 20:49:02,2025-12-19T20:49:02,59.72,1.0,SetByBid
2025-12-19 20:49:07,2025-12-19T20:49:07,59.72,1.0,SetByAsk
2025-12-19 20:50:10,2025-12-19T20:50:10,59.72,1.0,SetByAsk
2025-12-19 20:50:30,2025-12-19T20:50:30,59.71,1.0,SetByAsk
2025-12-19 20:50:30,2025-12-19T20:50:30,59.71,1.0,SetByAsk
2025-12-19 20:50:30,2025-12-19T20:50:30,59.71,1.0,SetByAsk
2025-12-19 20:50:39,2025-12-19T20:50:39,59.7,1.0,SetByAsk
2025-12-19 20:50:48,2025-12-19T20:50:48,59.7,1.0,SetByAsk
2025-12-19 20:51:00,2025-12-19T20:51:00,59.71,1.0,SetByBid
2025-12-19 20:51:00,2025-12-19T20:51:00,59.71,1.0,SetByBid
2025-12-19 20:51:11,2025-12-19T20:51:11,59.7,1.0,SetByAsk
2025-12-19 20:51:21,2025-12-19T20:51:21,59.7,1.0,SetByAsk
2025-12-19 20:51:29,2025-12-19T20:51:29,59.7,1.0,SetByAsk
2025-12-19 20:52:14,2025-12-19T20:52:14,59.73,1.0,SetByAsk
2025-12-19 20:52:19,2025-12-19T20:52:19,59.73,1.0,SetByBid
2025-12-19 20:52:19,2025-12-19T20:52:19,59.73,1.0,SetByAsk
2025-12-19 20:52:19,2025-12-19T20:52:19,59.73,1.0,SetByAsk
2025-12-19 20:52:22,2025-12-19T20:52:22,59.74,1.0,SetByBid
2025-12-19 20:52:37,2025-12-19T20:52:37,59.74,1.0,SetByBid
2025-12-19 20:52:55,2025-12-19T20:52:55,59.74,1.0,SetByAsk
2025-12-19 20:53:14,2025-12-19T20:53:14,59.74,1.0,SetByAsk
2025-12-19 20:53:26,2025-12-19T20:53:26,59.74,1.0,SetByBid
2025-12-19 20:53:53,2025-12-19T20:53:53,59.73,1.0,SetByAsk
2025-12-19 20:53:53,2025-12-19T20:53:53,59.73,2.0,SetByAsk
2025-12-19 20:53:53,2025-12-19T20:53:53,59.73,1.0,SetByAsk
2025-12-19 20:53:53,2025-12-19T20:53:53,59.73,1.0,SetByAsk
2025-12-19 20:53:53,2025-12-19T20:53:53,59.73,1.0,SetByAsk
2025-12-19 20:53:53,2025-12-19T20:53:53,59.73,1.0,SetByBid
2025-12-19 20:54:04,2025-12-19T20:54:04,59.71,1.0,SetByAsk
2025-12-19 20:54:23,2025-12-19T20:54:23,59.69,1.0,SetByBid
2025-12-19 20:54:23,2025-12-19T20:54:23,59.69,1.0,SetByBid
2025-12-19 20:54:23,2025-12-19T20:54:23,59.69,1.0,SetByBid
2025-12-19 20:54:43,2025-12-19T20:54:43,59.67,1.0,SetByAsk
2025-12-19 20:54:43,2025-12-19T20:54:43,59.67,1.0,SetByAsk
2025-12-19 20:54:43,2025-12-19T20:54:43,59.67,1.0,SetByAsk
2025-12-19 20:54:43,2025-12-19T20:54:43,59.67,1.0,SetByAsk
2025-12-19 20:54:43,2025-12-19T20:54:43,59.67,1.0,SetByAsk
2025-12-19 20:54:43,2025-12-19T20:54:43,59.67,1.0,SetByAsk
2025-12-19 20:54:43,2025-12-19T20:54:43,59.68,1.0,SetByBid
2025-12-19 20:54:48,2025-12-19T20:54:48,59.69,1.0,SetByBid
2025-12-19 20:54:48,2025-12-19T20:54:48,59.69,1.0,SetByBid
2025-12-19 20:54:48,2025-12-19T20:54:48,59.69,1.0,SetByBid
2025-12-19 20:54:48,2025-12-19T20:54:48,59.69,1.0,SetByBid
2025-12-19 20:54:48,2025-12-19T20:54:48,59.69,1.0,SetByBid
2025-12-19 20:54:48,2025-12-19T20:54:48,59.69,1.0,SetByBid
2025-12-19 20:54:48,2025-12-19T20:54:48,59.69,3.0,SetByBid
2025-12-19 20:54:48,2025-12-19T20:54:48,59.69,1.0,SetByBid
2025-12-19 20:54:55,2025-12-19T20:54:55,59.69,1.0,SetByBid
2025-12-19 20:54:55,2025-12-19T20:54:55,59.69,1.0,SetByBid
2025-12-19 20:55:02,2025-12-19T20:55:02,59.69,1.0,SetByBid
2025-12-19 20:55:02,2025-12-19T20:55:02,59.69,2.0,SetByBid
2025-12-19 20:55:02,2025-12-19T20:55:02,59.69,1.0,SetByBid
2025-12-19 20:55:02,2025-12-19T20:55:02,59.69,2.0,SetByBid
2025-12-19 20:55:02,2025-12-19T20:55:02,59.69,1.0,SetByBid
2025-12-19 20:55:02,2025-12-19T20:55:02,59.69,2.0,SetByBid
2025-12-19 20:55:02,2025-12-19T20:55:02,59.69,1.0,SetByBid
2025-12-19 20:55:02,2025-12-19T20:55:02,59.69,1.0,SetByBid
2025-12-19 20:55:05,2025-12-19T20:55:05,59.69,1.0,SetByBid
2025-12-19 20:55:05,2025-12-19T20:55:05,59.69,1.0,SetByBid
2025-12-19 20:55:28,2025-12-19T20:55:28,59.7,1.0,SetByBid
2025-12-19 20:55:28,2025-12-19T20:55:28,59.7,1.0,SetByBid
2025-12-19 20:55:36,2025-12-19T20:55:36,59.7,1.0,SetByBid
2025-12-19 20:55:36,2025-12-19T20:55:36,59.7,1.0,SetByBid
2025-12-19 20:55:45,2025-12-19T20:55:45,59.71,1.0,SetByBid
2025-12-19 20:55:45,2025-12-19T20:55:45,59.71,1.0,SetByBid
2025-12-19 20:55:45,2025-12-19T20:55:45,59.71,1.0,SetByBid
2025-12-19 20:55:46,2025-12-19T20:55:46,59.7,1.0,SetByAsk
2025-12-19 20:55:46,2025-12-19T20:55:46,59.7,1.0,SetByAsk
2025-12-19 20:55:46,2025-12-19T20:55:46,59.7,1.0,SetByAsk
2025-12-19 20:55:48,2025-12-19T20:55:48,59.69,1.0,SetByAsk
2025-12-19 20:55:53,2025-12-19T20:55:53,59.69,1.0,SetByBid
2025-12-19 20:55:53,2025-12-19T20:55:53,59.69,1.0,SetByBid
2025-12-19 20:56:20,2025-12-19T20:56:20,59.69,1.0,SetByBid
2025-12-19 20:56:20,2025-12-19T20:56:20,59.69,1.0,SetByBid
2025-12-19 20:56:20,2025-12-19T20:56:20,59.69,1.0,SetByBid
2025-12-19 20:56:20,2025-12-19T20:56:20,59.69,1.0,SetByAsk
2025-12-19 20:56:21,2025-12-19T20:56:21,59.68,1.0,SetByAsk
2025-12-19 20:56:21,2025-12-19T20:56:21,59.68,1.0,SetByBid
2025-12-19 20:56:21,2025-12-19T20:56:21,59.68,1.0,SetByBid
2025-12-19 20:56:22,2025-12-19T20:56:22,59.68,1.0,SetByBid
2025-12-19 20:56:22,2025-12-19T20:56:22,59.68,1.0,SetByBid
2025-12-19 20:56:24,2025-12-19T20:56:24,59.68,1.0,SetByBid
2025-12-19 20:56:24,2025-12-19T20:56:24,59.68,1.0,SetByBid
2025-12-19 20:56:24,2025-12-19T20:56:24,59.68,1.0,SetByBid
2025-12-19 20:56:25,2025-12-19T20:56:25,59.68,1.0,SetByAsk
2025-12-19 20:56:25,2025-12-19T20:56:25,59.68,1.0,SetByBid
2025-12-19 20:56:29,2025-12-19T20:56:29,59.66,1.0,SetByBid
2025-12-19 20:56:31,2025-12-19T20:56:31,59.66,1.0,SetByBid
2025-12-19 20:56:34,2025-12-19T20:56:34,59.66,1.0,SetByBid
2025-12-19 20:56:34,2025-12-19T20:56:34,59.66,1.0,SetByBid
2025-12-19 20:56:52,2025-12-19T20:56:52,59.67,1.0,SetByAsk
2025-12-19 20:56:53,2025-12-19T20:56:53,59.67,1.0,SetByAsk
2025-12-19 20:56:54,2025-12-19T20:56:54,59.67,1.0,SetByAsk
2025-12-19 20:57:13,2025-12-19T20:57:13,59.68,1.0,SetByBid
2025-12-19 20:57:13,2025-12-19T20:57:13,59.68,1.0,SetByBid
2025-12-19 20:57:24,2025-12-19T20:57:24,59.68,6.0,SetByBid
2025-12-19 20:57:24,2025-12-19T20:57:24,59.68,3.0,SetByBid
2025-12-19 20:57:25,2025-12-19T20:57:25,59.68,1.0,SetByBid
2025-12-19 20:57:26,2025-12-19T20:57:26,59.68,1.0,SetByBid
2025-12-19 20:57:45,2025-12-19T20:57:45,59.69,1.0,SetByBid
2025-12-19 20:57:45,2025-12-19T20:57:45,59.69,1.0,SetByBid
2025-12-19 20:57:45,2025-12-19T20:57:45,59.69,1.0,SetByBid
2025-12-19 20:58:04,2025-12-19T20:58:04,59.69,2.0,SetByAsk
2025-12-19 20:58:43,2025-12-19T20:58:43,59.69,1.0,SetByBid
2025-12-19 20:58:49,2025-12-19T20:58:49,59.68,1.0,SetByAsk
2025-12-19 20:58:49,2025-12-19T20:58:49,59.68,1.0,SetByAsk
2025-12-19 20:59:23,2025-12-19T20:59:23,59.69,1.0,SetByBid
2025-12-19 20:59:34,2025-12-19T20:59:34,59.69,1.0,SetByBid
2025-12-19 20:59:34,2025-12-19T20:59:34,59.69,1.0,SetByBid
2025-12-19 20:59:55,2025-12-19T20:59:55,59.68,1.0,SetByAsk
2025-12-19 21:00:00,2025-12-19T21:00:00,59.7,1.0,SetByBid
2025-12-19 21:00:41,2025-12-19T21:00:41,59.68,1.0,SetByAsk
2025-12-19 21:01:21,2025-12-19T21:01:21,59.7,1.0,SetByBid
2025-12-19 21:01:21,2025-12-19T21:01:21,59.7,1.0,SetByBid
2025-12-19 21:01:52,2025-12-19T21:01:52,59.72,1.0,SetByBid
2025-12-19 21:01:52,2025-12-19T21:01:52,59.72,1.0,SetByBid
2025-12-19 21:02:22,2025-12-19T21:02:22,59.71,1.0,SetByAsk
2025-12-19 21:02:22,2025-12-19T21:02:22,59.71,1.0,SetByAsk
2025-12-19 21:02:22,2025-12-19T21:02:22,59.7,1.0,SetByAsk
2025-12-19 21:02:22,2025-12-19T21:02:22,59.7,1.0,SetByAsk
2025-12-19 21:02:23,2025-12-19T21:02:23,59.71,1.0,SetByAsk
2025-12-19 21:02:30,2025-12-19T21:02:30,59.72,1.0,SetByBid
2025-12-19 21:02:35,2025-12-19T21:02:35,59.7,1.0,SetByAsk
2025-12-19 21:02:35,2025-12-19T21:02:35,59.7,1.0,SetByAsk
2025-12-19 21:02:35,2025-12-19T21:02:35,59.7,1.0,SetByAsk
2025-12-19 21:02:35,2025-12-19T21:02:35,59.7,1.0,SetByBid
2025-12-19 21:02:35,2025-12-19T21:02:35,59.7,1.0,SetByAsk
2025-12-19 21:02:48,2025-12-19T21:02:48,59.72,1.0,SetByBid
2025-12-19 21:02:48,2025-12-19T21:02:48,59.72,1.0,SetByBid
2025-12-19 21:02:48,2025-12-19T21:02:48,59.72,1.0,SetByBid
2025-12-19 21:02:48,2025-12-19T21:02:48,59.72,2.0,SetByBid
2025-12-19 21:03:29,2025-12-19T21:03:29,59.71,1.0,SetByAsk
2025-12-19 21:03:29,2025-12-19T21:03:29,59.7,1.0,SetByAsk
2025-12-19 21:03:34,2025-12-19T21:03:34,59.71,1.0,SetByBid
2025-12-19 21:04:19,2025-12-19T21:04:19,59.7,1.0,SetByBid
2025-12-19 21:04:19,2025-12-19T21:04:19,59.7,1.0,SetByBid
2025-12-19 21:04:38,2025-12-19T21:04:38,59.69,1.0,SetByAsk
2025-12-19 21:04:38,2025-12-19T21:04:38,59.69,1.0,SetByAsk
2025-12-19 21:04:38,2025-12-19T21:04:38,59.69,1.0,SetByAsk
2025-12-19 21:04:59,2025-12-19T21:04:59,59.69,1.0,SetByAsk
2025-12-19 21:05:02,2025-12-19T21:05:02,59.7,1.0,SetByBid
2025-12-19 21:05:02,2025-12-19T21:05:02,59.7,1.0,SetByBid
2025-12-19 21:05:02,2025-12-19T21:05:02,59.7,1.0,SetByBid
2025-12-19 21:05:02,2025-12-19T21:05:02,59.7,1.0,SetByBid
2025-12-19 21:06:01,2025-12-19T21:06:01,59.72,1.0,SetByAsk
2025-12-19 21:06:43,2025-12-19T21:06:43,59.74,1.0,SetByBid
2025-12-19 21:06:44,2025-12-19T21:06:44,59.76,1.0,SetByBid
2025-12-19 21:07:07,2025-12-19T21:07:07,59.75,1.0,SetByAsk
2025-12-19 21:08:55,2025-12-19T21:08:55,59.75,1.0,SetByAsk
2025-12-19 21:08:57,2025-12-19T21:08:57,59.75,1.0,SetByBid
2025-12-19 21:08:57,2025-12-19T21:08:57,59.75,1.0,SetByAsk
2025-12-19 21:09:09,2025-12-19T21:09:09,59.75,1.0,SetByAsk
2025-12-19 21:09:09,2025-12-19T21:09:09,59.75,1.0,SetByAsk
2025-12-19 21:09:26,2025-12-19T21:09:26,59.72,1.0,SetByAsk
2025-12-19 21:10:01,2025-12-19T21:10:01,59.73,1.0,SetByAsk
2025-12-19 21:10:16,2025-12-19T21:10:16,59.71,1.0,SetByBid
2025-12-19 21:10:49,2025-12-19T21:10:49,59.69,1.0,SetByAsk
2025-12-19 21:10:49,2025-12-19T21:10:49,59.69,1.0,SetByAsk
2025-12-19 21:10:49,2025-12-19T21:10:49,59.69,1.0,SetByAsk
2025-12-19 21:11:37,2025-12-19T21:11:37,59.7,1.0,SetByBid
2025-12-19 21:12:45,2025-12-19T21:12:45,59.67,1.0,SetByAsk
2025-12-19 21:13:01,2025-12-19T21:13:01,59.68,1.0,SetByBid
2025-12-19 21:13:01,2025-12-19T21:13:01,59.68,1.0,SetByBid
2025-12-19 21:13:01,2025-12-19T21:13:01,59.68,9.0,SetByBid
2025-12-19 21:13:26,2025-12-19T21:13:26,59.68,1.0,SetByAsk
2025-12-19 21:13:36,2025-12-19T21:13:36,59.67,1.0,SetByBid
2025-12-19 21:13:36,2025-12-19T21:13:36,59.67,1.0,SetByBid
2025-12-19 21:13:37,2025-12-19T21:13:37,59.67,1.0,SetByBid
2025-12-19 21:13:37,2025-12-19T21:13:37,59.67,1.0,SetByBid
2025-12-19 21:13:48,2025-12-19T21:13:48,59.67,1.0,SetByBid
2025-12-19 21:13:48,2025-12-19T21:13:48,59.67,1.0,SetByBid
2025-12-19 21:13:52,2025-12-19T21:13:52,59.67,1.0,SetByAsk
2025-12-19 21:14:05,2025-12-19T21:14:05,59.67,1.0,SetByAsk
2025-12-19 21:14:05,2025-12-19T21:14:05,59.67,1.0,SetByAsk
2025-12-19 21:14:57,2025-12-19T21:14:57,59.68,1.0,SetByBid
2025-12-19 21:15:07,2025-12-19T21:15:07,59.67,1.0,SetByAsk
2025-12-19 21:15:10,2025-12-19T21:15:10,59.67,1.0,SetByAsk
2025-12-19 21:15:10,2025-12-19T21:15:10,59.66,1.0,SetByAsk
2025-12-19 21:15:16,2025-12-19T21:15:16,59.66,1.0,SetByAsk
2025-12-19 21:15:58,2025-12-19T21:15:58,59.67,1.0,SetByBid
2025-12-19 21:15:58,2025-12-19T21:15:58,59.67,1.0,SetByBid
2025-12-19 21:16:30,2025-12-19T21:16:30,59.69,1.0,SetByAsk
2025-12-19 21:17:18,2025-12-19T21:17:18,59.7,1.0,SetByAsk
2025-12-19 21:17:18,2025-12-19T21:17:18,59.7,1.0,SetByAsk
2025-12-19 21:17:18,2025-12-19T21:17:18,59.7,1.0,SetByAsk
2025-12-19 21:17:18,2025-12-19T21:17:18,59.7,1.0,SetByAsk
2025-12-19 21:17:18,2025-12-19T21:17:18,59.69,1.0,SetByAsk
2025-12-19 21:17:22,2025-12-19T21:17:22,59.7,1.0,SetByBid
2025-12-19 21:17:56,2025-12-19T21:17:56,59.7,1.0,SetByBid
2025-12-19 21:17:56,2025-12-19T21:17:56,59.7,1.0,SetByBid
2025-12-19 21:17:56,2025-12-19T21:17:56,59.7,1.0,SetByBid
2025-12-19 21:17:56,2025-12-19T21:17:56,59.7,1.0,SetByBid
2025-12-19 21:17:56,2025-12-19T21:17:56,59.7,2.0,SetByBid
2025-12-19 21:17:56,2025-12-19T21:17:56,59.7,1.0,SetByBid
2025-12-19 21:18:21,2025-12-19T21:18:21,59.71,1.0,SetByBid
2025-12-19 21:19:06,2025-12-19T21:19:06,59.7,1.0,SetByAsk
2025-12-19 21:19:11,2025-12-19T21:19:11,59.71,1.0,SetByBid
2025-12-19 21:19:21,2025-12-19T21:19:21,59.7,1.0,SetByAsk
2025-12-19 21:20:07,2025-12-19T21:20:07,59.69,1.0,SetByAsk
2025-12-19 21:21:49,2025-12-19T21:21:49,59.69,1.0,SetByAsk
2025-12-19 21:22:15,2025-12-19T21:22:15,59.69,1.0,SetByAsk
2025-12-19 21:22:38,2025-12-19T21:22:38,59.69,1.0,SetByAsk
2025-12-19 21:22:38,2025-12-19T21:22:38,59.69,1.0,SetByAsk
2025-12-19 21:22:38,2025-12-19T21:22:38,59.69,1.0,SetByAsk
2025-12-19 21:22:51,2025-12-19T21:22:51,59.7,1.0,SetByBid
2025-12-19 21:23:45,2025-12-19T21:23:45,59.7,1.0,SetByAsk
2025-12-19 21:25:48,2025-12-19T21:25:48,59.73,1.0,SetByAsk
2025-12-19 21:26:01,2025-12-19T21:26:01,59.73,1.0,SetByAsk
2025-12-19 21:26:01,2025-12-19T21:26:01,59.73,1.0,SetByAsk
2025-12-19 21:26:01,2025-12-19T21:26:01,59.73,1.0,SetByAsk
2025-12-19 21:26:01,2025-12-19T21:26:01,59.73,1.0,SetByAsk
2025-12-19 21:26:01,2025-12-19T21:26:01,59.73,1.0,SetByAsk
2025-12-19 21:26:01,2025-12-19T21:26:01,59.73,1.0,SetByAsk
2025-12-19 21:26:01,2025-12-19T21:26:01,59.73,1.0,SetByAsk
2025-12-19 21:27:04,2025-12-19T21:27:04,59.78,1.0,SetByBid
2025-12-19 21:27:04,2025-12-19T21:27:04,59.78,1.0,SetByBid
2025-12-19 21:27:04,2025-12-19T21:27:04,59.78,1.0,SetByBid
2025-12-19 21:27:04,2025-12-19T21:27:04,59.78,1.0,SetByBid
2025-12-19 21:27:04,2025-12-19T21:27:04,59.78,1.0,SetByBid
2025-12-19 21:27:04,2025-12-19T21:27:04,59.77,1.0,SetByAsk
2025-12-19 21:27:07,2025-12-19T21:27:07,59.77,1.0,SetByBid
2025-12-19 21:27:07,2025-12-19T21:27:07,59.78,1.0,SetByBid
2025-12-19 21:27:07,2025-12-19T21:27:07,59.78,1.0,SetByBid
2025-12-19 21:27:08,2025-12-19T21:27:08,59.78,1.0,SetByBid
2025-12-19 21:27:08,2025-12-19T21:27:08,59.78,1.0,SetByBid
2025-12-19 21:27:13,2025-12-19T21:27:13,59.76,1.0,SetByAsk
2025-12-19 21:27:13,2025-12-19T21:27:13,59.76,1.0,SetByAsk
2025-12-19 21:27:19,2025-12-19T21:27:19,59.76,1.0,SetByAsk
2025-12-19 21:27:38,2025-12-19T21:27:38,59.76,1.0,SetByBid
2025-12-19 21:27:38,2025-12-19T21:27:38,59.76,1.0,SetByBid
2025-12-19 21:27:38,2025-12-19T21:27:38,59.76,1.0,SetByBid
2025-12-19 21:27:43,2025-12-19T21:27:43,59.76,1.0,SetByAsk
2025-12-19 21:27:55,2025-12-19T21:27:55,59.75,1.0,SetByAsk
2025-12-19 21:28:20,2025-12-19T21:28:20,59.76,1.0,SetByAsk
2025-12-19 21:28:58,2025-12-19T21:28:58,59.77,1.0,SetByAsk
2025-12-19 21:29:13,2025-12-19T21:29:13,59.78,1.0,SetByBid
2025-12-19 21:29:32,2025-12-19T21:29:32,59.77,1.0,SetByAsk
2025-12-19 21:29:32,2025-12-19T21:29:32,59.77,1.0,SetByAsk
2025-12-19 21:30:10,2025-12-19T21:30:10,59.77,1.0,SetByBid
2025-12-19 21:30:10,2025-12-19T21:30:10,59.77,1.0,SetByBid
2025-12-19 21:30:10,2025-12-19T21:30:10,59.77,1.0,SetByBid
2025-12-19 21:31:12,2025-12-19T21:31:12,59.78,1.0,SetByAsk
2025-12-19 21:31:37,2025-12-19T21:31:37,59.77,1.0,SetByAsk
2025-12-19 21:31:56,2025-12-19T21:31:56,59.77,1.0,SetByBid
2025-12-19 21:31:56,2025-12-19T21:31:56,59.77,1.0,SetByBid
2025-12-19 21:32:05,2025-12-19T21:32:05,59.74,1.0,SetByBid
2025-12-19 21:32:16,2025-12-19T21:32:16,59.74,1.0,SetByAsk
2025-12-19 21:32:16,2025-12-19T21:32:16,59.74,1.0,SetByAsk
2025-12-19 21:32:16,2025-12-19T21:32:16,59.74,1.0,SetByBid
2025-12-19 21:33:02,2025-12-19T21:33:02,59.75,1.0,SetByBid
2025-12-19 21:33:02,2025-12-19T21:33:02,59.75,1.0,SetByAsk
2025-12-19 21:33:16,2025-12-19T21:33:16,59.76,1.0,SetByAsk
2025-12-19 21:33:26,2025-12-19T21:33:26,59.76,1.0,SetByBid
2025-12-19 21:33:26,2025-12-19T21:33:26,59.76,1.0,SetByBid
2025-12-19 21:33:26,2025-12-19T21:33:26,59.76,1.0,SetByBid
2025-12-19 21:33:26,2025-12-19T21:33:26,59.76,1.0,SetByBid
2025-12-19 21:33:26,2025-12-19T21:33:26,59.75,2.0,SetByAsk
2025-12-19 21:33:41,2025-12-19T21:33:41,59.76,1.0,SetByBid
2025-12-19 21:33:41,2025-12-19T21:33:41,59.76,1.0,SetByBid
2025-12-19 21:34:17,2025-12-19T21:34:17,59.75,1.0,SetByAsk
2025-12-19 21:35:16,2025-12-19T21:35:16,59.76,1.0,SetByAsk
2025-12-19 21:35:25,2025-12-19T21:35:25,59.75,1.0,SetByAsk
2025-12-19 21:35:25,2025-12-19T21:35:25,59.75,2.0,SetByAsk
2025-12-19 21:35:46,2025-12-19T21:35:46,59.73,1.0,SetByAsk
2025-12-19 21:36:34,2025-12-19T21:36:34,59.74,1.0,SetByAsk
2025-12-19 21:36:40,2025-12-19T21:36:40,59.74,2.0,SetByBid
2025-12-19 21:37:12,2025-12-19T21:37:12,59.74,1.0,SetByBid
2025-12-19 21:37:12,2025-12-19T21:37:12,59.74,1.0,SetByBid
2025-12-19 21:37:12,2025-12-19T21:37:12,59.74,1.0,SetByBid
2025-12-19 21:37:54,2025-12-19T21:37:54,59.73,1.0,SetByAsk
2025-12-19 21:38:00,2025-12-19T21:38:00,59.72,1.0,SetByAsk
2025-12-19 21:38:17,2025-12-19T21:38:17,59.71,1.0,SetByAsk
2025-12-19 21:38:27,2025-12-19T21:38:27,59.71,1.0,SetByAsk
2025-12-19 21:38:33,2025-12-19T21:38:33,59.72,1.0,SetByBid
2025-12-19 21:38:58,2025-12-19T21:38:58,59.73,1.0,SetByBid
2025-12-19 21:38:58,2025-12-19T21:38:58,59.73,1.0,SetByBid
2025-12-19 21:39:37,2025-12-19T21:39:37,59.74,1.0,SetByBid
2025-12-19 21:39:37,2025-12-19T21:39:37,59.73,1.0,SetByAsk
2025-12-19 21:39:38,2025-12-19T21:39:38,59.73,1.0,SetByBid
2025-12-19 21:39:38,2025-12-19T21:39:38,59.73,2.0,SetByBid
2025-12-19 21:39:42,2025-12-19T21:39:42,59.73,1.0,SetByAsk
2025-12-19 21:40:02,2025-12-19T21:40:02,59.73,1.0,SetByAsk
2025-12-19 21:40:44,2025-12-19T21:40:44,59.74,1.0,SetByBid
2025-12-19 21:40:44,2025-12-19T21:40:44,59.74,1.0,SetByBid
2025-12-19 21:42:02,2025-12-19T21:42:02,59.72,1.0,SetByAsk
2025-12-19 21:42:04,2025-12-19T21:42:04,59.72,1.0,SetByAsk
2025-12-19 21:42:29,2025-12-19T21:42:29,59.73,1.0,SetByBid
2025-12-19 21:42:29,2025-12-19T21:42:29,59.73,1.0,SetByBid
2025-12-19 21:42:29,2025-12-19T21:42:29,59.72,1.0,SetByAsk
2025-12-19 21:42:40,2025-12-19T21:42:40,59.72,1.0,SetByAsk
2025-12-19 21:43:41,2025-12-19T21:43:41,59.71,1.0,SetByAsk
2025-12-19 21:44:05,2025-12-19T21:44:05,59.71,3.0,SetByAsk
2025-12-19 21:44:05,2025-12-19T21:44:05,59.71,1.0,SetByAsk
2025-12-19 21:44:05,2025-12-19T21:44:05,59.71,1.0,SetByAsk
2025-12-19 21:44:05,2025-12-19T21:44:05,59.71,1.0,SetByAsk
2025-12-19 21:44:05,2025-12-19T21:44:05,59.71,1.0,SetByAsk
2025-12-19 21:44:35,2025-12-19T21:44:35,59.71,1.0,SetByAsk
2025-12-19 21:44:38,2025-12-19T21:44:38,59.71,1.0,SetByBid
2025-12-19 21:44:38,2025-12-19T21:44:38,59.71,1.0,SetByBid
2025-12-19 21:44:38,2025-12-19T21:44:38,59.71,1.0,SetByBid
2025-12-19 21:44:59,2025-12-19T21:44:59,59.7,1.0,SetByAsk
2025-12-19 21:45:05,2025-12-19T21:45:05,59.71,1.0,SetByAsk
2025-12-19 21:46:00,2025-12-19T21:46:00,59.71,1.0,SetByBid
2025-12-19 21:46:00,2025-12-19T21:46:00,59.71,1.0,SetByBid
2025-12-19 21:46:24,2025-12-19T21:46:24,59.71,1.0,SetByAsk
2025-12-19 21:46:42,2025-12-19T21:46:42,59.72,1.0,SetByBid
2025-12-19 21:46:42,2025-12-19T21:46:42,59.72,1.0,SetByBid
2025-12-19 21:46:42,2025-12-19T21:46:42,59.72,12.0,SetByBid
2025-12-19 21:46:42,2025-12-19T21:46:42,59.72,12.0,SetByBid
2025-12-19 21:46:42,2025-12-19T21:46:42,59.72,1.0,SetByBid
2025-12-19 21:46:42,2025-12-19T21:46:42,59.74,1.0,SetByBid
2025-12-19 21:46:42,2025-12-19T21:46:42,59.74,1.0,SetByBid
2025-12-19 21:46:42,2025-12-19T21:46:42,59.74,1.0,SetByBid
2025-12-19 21:46:42,2025-12-19T21:46:42,59.74,1.0,SetByBid
2025-12-19 21:46:42,2025-12-19T21:46:42,59.74,1.0,SetByBid
2025-12-19 21:46:57,2025-12-19T21:46:57,59.74,6.0,SetByAsk
2025-12-19 21:47:00,2025-12-19T21:47:00,59.74,1.0,SetByAsk
2025-12-19 21:47:04,2025-12-19T21:47:04,59.74,1.0,SetByAsk
2025-12-19 21:47:05,2025-12-19T21:47:05,59.73,1.0,SetByAsk
2025-12-19 21:47:06,2025-12-19T21:47:06,59.73,1.0,SetByAsk
2025-12-19 21:47:46,2025-12-19T21:47:46,59.74,1.0,"SetByBid, Leg"
2025-12-19 21:47:46,2025-12-19T21:47:46,59.75,1.0,"SetByBid, Leg"
2025-12-19 21:48:24,2025-12-19T21:48:24,59.75,1.0,SetByBid
2025-12-19 21:48:24,2025-12-19T21:48:24,59.75,1.0,SetByBid
2025-12-19 21:48:31,2025-12-19T21:48:31,59.76,1.0,SetByBid
2025-12-19 21:49:00,2025-12-19T21:49:00,59.76,1.0,SetByAsk
2025-12-19 21:49:03,2025-12-19T21:49:03,59.76,1.0,SetByAsk
2025-12-19 21:49:32,2025-12-19T21:49:32,59.78,1.0,SetByBid
2025-12-19 21:49:32,2025-12-19T21:49:32,59.78,1.0,SetByBid
2025-12-19 21:49:32,2025-12-19T21:49:32,59.78,1.0,SetByBid
2025-12-19 21:49:56,2025-12-19T21:49:56,59.78,1.0,SetByBid
2025-12-19 21:50:05,2025-12-19T21:50:05,59.77,1.0,SetByAsk
2025-12-19 21:50:05,2025-12-19T21:50:05,59.77,1.0,SetByBid
2025-12-19 21:50:24,2025-12-19T21:50:24,59.78,1.0,SetByBid
2025-12-19 21:50:25,2025-12-19T21:50:25,59.78,1.0,SetByBid
2025-12-19 21:50:25,2025-12-19T21:50:25,59.78,1.0,SetByBid
2025-12-19 21:50:36,2025-12-19T21:50:36,59.77,1.0,SetByAsk
2025-12-19 21:51:17,2025-12-19T21:51:17,59.78,1.0,SetByBid
2025-12-19 21:51:17,2025-12-19T21:51:17,59.78,1.0,SetByBid
2025-12-19 21:51:52,2025-12-19T21:51:52,59.79,1.0,SetByBid
2025-12-19 21:51:52,2025-12-19T21:51:52,59.79,1.0,SetByBid
2025-12-19 21:51:52,2025-12-19T21:51:52,59.79,1.0,SetByBid
2025-12-19 21:52:26,2025-12-19T21:52:26,59.8,1.0,SetByBid
2025-12-19 21:52:26,2025-12-19T21:52:26,59.8,1.0,SetByBid
2025-12-19 21:52:32,2025-12-19T21:52:32,59.8,1.0,SetByBid
2025-12-19 21:52:50,2025-12-19T21:52:50,59.79,1.0,SetByAsk
2025-12-19 21:52:50,2025-12-19T21:52:50,59.79,1.0,SetByAsk
2025-12-19 21:52:59,2025-12-19T21:52:59,59.79,1.0,SetByBid
2025-12-19 21:53:00,2025-12-19T21:53:00,59.78,1.0,SetByAsk
2025-12-19 21:53:00,2025-12-19T21:53:00,59.78,1.0,SetByAsk
2025-12-19 21:53:00,2025-12-19T21:53:00,59.78,1.0,SetByAsk
2025-12-19 21:53:00,2025-12-19T21:53:00,59.78,1.0,SetByAsk
2025-12-19 21:53:00,2025-12-19T21:53:00,59.78,1.0,SetByAsk
2025-12-19 21:53:00,2025-12-19T21:53:00,59.78,2.0,SetByAsk
2025-12-19 21:53:02,2025-12-19T21:53:02,59.78,1.0,SetByAsk
2025-12-19 21:53:03,2025-12-19T21:53:03,59.78,1.0,SetByAsk
2025-12-19 21:53:03,2025-12-19T21:53:03,59.78,1.0,SetByAsk
2025-12-19 21:53:03,2025-12-19T21:53:03,59.78,1.0,SetByAsk
2025-12-19 21:53:03,2025-12-19T21:53:03,59.78,1.0,SetByAsk
2025-12-19 21:53:03,2025-12-19T21:53:03,59.78,1.0,SetByAsk
2025-12-19 21:53:03,2025-12-19T21:53:03,59.78,1.0,SetByAsk
2025-12-19 21:53:03,2025-12-19T21:53:03,59.78,1.0,SetByAsk
2025-12-19 21:53:03,2025-12-19T21:53:03,59.78,1.0,SetByAsk
2025-12-19 21:53:03,2025-12-19T21:53:03,59.78,1.0,SetByAsk
2025-12-19 21:53:03,2025-12-19T21:53:03,59.78,1.0,SetByAsk
2025-12-19 21:53:03,2025-12-19T21:53:03,59.78,1.0,SetByAsk
2025-12-19 21:53:03,2025-12-19T21:53:03,59.78,1.0,SetByAsk
2025-12-19 21:53:03,2025-12-19T21:53:03,59.78,1.0,SetByAsk
2025-12-19 21:53:03,2025-12-19T21:53:03,59.78,1.0,SetByAsk
2025-12-19 21:53:03,2025-12-19T21:53:03,59.78,1.0,SetByAsk
2025-12-19 21:53:04,2025-12-19T21:53:04,59.78,1.0,SetByAsk
2025-12-19 21:53:11,2025-12-19T21:53:11,59.78,1.0,SetByBid
2025-12-19 21:53:32,2025-12-19T21:53:32,59.74,1.0,SetByAsk
2025-12-19 21:53:37,2025-12-19T21:53:37,59.74,1.0,SetByAsk
2025-12-19 21:53:38,2025-12-19T21:53:38,59.74,1.0,SetByAsk
2025-12-19 21:53:38,2025-12-19T21:53:38,59.74,1.0,SetByAsk
2025-12-19 21:53:39,2025-12-19T21:53:39,59.74,3.0,SetByBid
2025-12-19 21:53:39,2025-12-19T21:53:39,59.74,1.0,SetByBid
2025-12-19 21:53:40,2025-12-19T21:53:40,59.74,1.0,SetByBid
2025-12-19 21:53:40,2025-12-19T21:53:40,59.74,1.0,SetByBid
2025-12-19 21:53:51,2025-12-19T21:53:51,59.76,1.0,SetByAsk
2025-12-19 21:54:48,2025-12-19T21:54:48,59.76,1.0,SetByBid
2025-12-19 21:54:48,2025-12-19T21:54:48,59.76,1.0,SetByBid
2025-12-19 21:54:51,2025-12-19T21:54:51,59.76,1.0,SetByBid
2025-12-19 21:54:57,2025-12-19T21:54:57,59.76,2.0,SetByBid
2025-12-19 21:54:57,2025-12-19T21:54:57,59.76,2.0,SetByBid
2025-12-19 21:56:29,2025-12-19T21:56:29,59.77,1.0,SetByBid
2025-12-19 21:56:34,2025-12-19T21:56:34,59.78,1.0,SetByBid
2025-12-19 21:56:34,2025-12-19T21:56:34,59.78,1.0,SetByBid
2025-12-19 21:56:34,2025-12-19T21:56:34,59.78,1.0,SetByBid
2025-12-19 21:57:00,2025-12-19T21:57:00,59.77,1.0,SetByAsk
2025-12-19 21:57:30,2025-12-19T21:57:30,59.78,1.0,SetByBid
2025-12-19 21:57:30,2025-12-19T21:57:30,59.78,1.0,SetByBid
2025-12-19 21:57:46,2025-12-19T21:57:46,59.77,1.0,SetByAsk
2025-12-19 21:57:46,2025-12-19T21:57:46,59.77,1.0,SetByAsk
2025-12-19 21:58:06,2025-12-19T21:58:06,59.76,1.0,SetByAsk
2025-12-19 21:58:06,2025-12-19T21:58:06,59.76,1.0,SetByAsk
2025-12-19 21:58:06,2025-12-19T21:58:06,59.76,1.0,SetByAsk
2025-12-19 21:58:06,2025-12-19T21:58:06,59.76,2.0,SetByAsk
2025-12-19 21:58:06,2025-12-19T21:58:06,59.76,1.0,SetByAsk
2025-12-19 21:58:06,2025-12-19T21:58:06,59.76,2.0,SetByAsk
2025-12-19 21:58:06,2025-12-19T21:58:06,59.76,1.0,SetByAsk
2025-12-19 21:58:06,2025-12-19T21:58:06,59.76,1.0,SetByAsk
2025-12-19 21:58:06,2025-12-19T21:58:06,59.76,1.0,SetByAsk
2025-12-19 21:58:20,2025-12-19T21:58:20,59.78,1.0,SetByBid
2025-12-19 21:58:20,2025-12-19T21:58:20,59.78,1.0,SetByBid
2025-12-19 21:59:55,2025-12-19T21:59:55,59.78,1.0,SetByBid
2025-12-19 21:59:55,2025-12-19T21:59:55,59.78,1.0,SetByBid
2025-12-19 22:00:09,2025-12-19T22:00:09,59.76,1.0,SetByAsk
2025-12-19 22:00:09,2025-12-19T22:00:09,59.76,1.0,SetByAsk
2025-12-19 22:00:15,2025-12-19T22:00:15,59.75,1.0,SetByAsk
2025-12-19 22:00:15,2025-12-19T22:00:15,59.76,1.0,SetByBid
2025-12-19 22:00:53,2025-12-19T22:00:53,59.74,1.0,SetByAsk
2025-12-19 22:01:38,2025-12-19T22:01:38,59.75,1.0,SetByBid
2025-12-19 22:01:49,2025-12-19T22:01:49,59.75,1.0,SetByBid
2025-12-19 22:01:49,2025-12-19T22:01:49,59.75,1.0,SetByBid
2025-12-19 22:01:49,2025-12-19T22:01:49,59.75,4.0,SetByBid
2025-12-19 22:01:49,2025-12-19T22:01:49,59.75,1.0,SetByBid
2025-12-19 22:01:49,2025-12-19T22:01:49,59.75,1.0,SetByBid
2025-12-19 22:02:00,2025-12-19T22:02:00,59.75,1.0,SetByAsk
2025-12-19 22:02:00,2025-12-19T22:02:00,59.75,1.0,SetByAsk
2025-12-19 22:02:00,2025-12-19T22:02:00,59.75,1.0,SetByAsk
2025-12-19 22:02:00,2025-12-19T22:02:00,59.75,1.0,SetByAsk
2025-12-19 22:02:00,2025-12-19T22:02:00,59.75,1.0,SetByAsk
2025-12-19 22:02:59,2025-12-19T22:02:59,59.76,1.0,SetByBid
2025-12-19 22:04:14,2025-12-19T22:04:14,59.8,1.0,SetByBid
2025-12-19 22:04:25,2025-12-19T22:04:25,59.79,1.0,SetByBid
2025-12-19 22:04:25,2025-12-19T22:04:25,59.79,1.0,SetByBid
2025-12-19 22:04:25,2025-12-19T22:04:25,59.79,1.0,SetByBid
2025-12-19 22:04:25,2025-12-19T22:04:25,59.79,1.0,SetByBid
2025-12-19 22:04:25,2025-12-19T22:04:25,59.79,1.0,SetByBid
2025-12-19 22:04:25,2025-12-19T22:04:25,59.79,1.0,SetByBid
2025-12-19 22:04:25,2025-12-19T22:04:25,59.79,1.0,SetByBid
2025-12-19 22:04:26,2025-12-19T22:04:26,59.79,2.0,SetByBid
2025-12-19 22:04:27,2025-12-19T22:04:27,59.79,1.0,SetByBid
2025-12-19 22:04:27,2025-12-19T22:04:27,59.79,1.0,SetByBid
2025-12-19 22:04:27,2025-12-19T22:04:27,59.79,1.0,SetByBid
2025-12-19 22:05:07,2025-12-19T22:05:07,59.81,1.0,SetByBid
2025-12-19 22:05:07,2025-12-19T22:05:07,59.81,1.0,SetByBid
2025-12-19 22:05:26,2025-12-19T22:05:26,59.83,1.0,SetByBid
2025-12-19 22:05:26,2025-12-19T22:05:26,59.83,1.0,SetByBid
2025-12-19 22:05:26,2025-12-19T22:05:26,59.83,1.0,SetByBid
2025-12-19 22:05:35,2025-12-19T22:05:35,59.85,1.0,SetByAsk
2025-12-19 22:05:35,2025-12-19T22:05:35,59.85,1.0,SetByAsk
2025-12-19 22:05:35,2025-12-19T22:05:35,59.85,3.0,SetByAsk
2025-12-19 22:05:35,2025-12-19T22:05:35,59.85,1.0,SetByAsk
2025-12-19 22:05:35,2025-12-19T22:05:35,59.85,1.0,SetByAsk
2025-12-19 22:05:35,2025-12-19T22:05:35,59.85,2.0,SetByAsk
2025-12-19 22:05:35,2025-12-19T22:05:35,59.85,1.0,SetByAsk
2025-12-19 22:05:35,2025-12-19T22:05:35,59.85,2.0,SetByAsk
2025-12-19 22:05:35,2025-12-19T22:05:35,59.86,1.0,SetByBid
2025-12-19 22:05:35,2025-12-19T22:05:35,59.86,1.0,SetByBid
2025-12-19 22:05:35,2025-12-19T22:05:35,59.86,1.0,SetByAsk
2025-12-19 22:05:35,2025-12-19T22:05:35,59.87,1.0,SetByBid
2025-12-19 22:05:35,2025-12-19T22:05:35,59.87,1.0,SetByBid
2025-12-19 22:05:36,2025-12-19T22:05:36,59.88,1.0,SetByBid
2025-12-19 22:05:36,2025-12-19T22:05:36,59.88,1.0,SetByBid
2025-12-19 22:05:36,2025-12-19T22:05:36,59.88,1.0,SetByBid
2025-12-19 22:05:38,2025-12-19T22:05:38,59.88,1.0,SetByBid
2025-12-19 22:05:38,2025-12-19T22:05:38,59.88,1.0,SetByBid
2025-12-19 22:05:38,2025-12-19T22:05:38,59.88,1.0,SetByBid
2025-12-19 22:05:38,2025-12-19T22:05:38,59.88,1.0,SetByBid
2025-12-19 22:05:38,2025-12-19T22:05:38,59.88,1.0,SetByBid
2025-12-19 22:05:40,2025-12-19T22:05:40,59.87,1.0,SetByBid
2025-12-19 22:05:40,2025-12-19T22:05:40,59.87,1.0,SetByBid
2025-12-19 22:05:40,2025-12-19T22:05:40,59.86,1.0,SetByAsk
2025-12-19 22:05:40,2025-12-19T22:05:40,59.86,1.0,SetByAsk
2025-12-19 22:05:40,2025-12-19T22:05:40,59.86,3.0,SetByAsk
2025-12-19 22:05:40,2025-12-19T22:05:40,59.86,1.0,SetByAsk
2025-12-19 22:05:48,2025-12-19T22:05:48,59.86,1.0,SetByAsk
2025-12-19 22:05:49,2025-12-19T22:05:49,59.86,1.0,SetByAsk
2025-12-19 22:05:49,2025-12-19T22:05:49,59.85,1.0,SetByAsk
2025-12-19 22:05:49,2025-12-19T22:05:49,59.85,1.0,SetByAsk
2025-12-19 22:05:49,2025-12-19T22:05:49,59.85,1.0,SetByAsk
2025-12-19 22:06:01,2025-12-19T22:06:01,59.86,1.0,SetByBid
2025-12-19 22:06:01,2025-12-19T22:06:01,59.86,1.0,SetByBid
2025-12-19 22:06:01,2025-12-19T22:06:01,59.86,1.0,SetByBid
2025-12-19 22:06:02,2025-12-19T22:06:02,59.87,1.0,SetByBid
2025-12-19 22:06:02,2025-12-19T22:06:02,59.87,1.0,SetByBid
2025-12-19 22:06:02,2025-12-19T22:06:02,59.87,1.0,SetByBid
2025-12-19 22:06:02,2025-12-19T22:06:02,59.87,2.0,SetByBid
2025-12-19 22:06:02,2025-12-19T22:06:02,59.86,1.0,SetByAsk
2025-12-19 22:06:08,2025-12-19T22:06:08,59.87,1.0,SetByBid
2025-12-19 22:06:08,2025-12-19T22:06:08,59.87,1.0,SetByBid
2025-12-19 22:06:08,2025-12-19T22:06:08,59.87,1.0,SetByBid
2025-12-19 22:06:27,2025-12-19T22:06:27,59.87,1.0,SetByBid
2025-12-19 22:06:32,2025-12-19T22:06:32,59.88,1.0,SetByBid
2025-12-19 22:06:33,2025-12-19T22:06:33,59.9,1.0,SetByAsk
2025-12-19 22:06:33,2025-12-19T22:06:33,59.91,1.0,SetByBid
2025-12-19 22:06:33,2025-12-19T22:06:33,59.91,1.0,SetByBid
2025-12-19 22:06:33,2025-12-19T22:06:33,59.91,1.0,SetByBid
2025-12-19 22:06:47,2025-12-19T22:06:47,59.92,1.0,SetByAsk
2025-12-19 22:06:47,2025-12-19T22:06:47,59.92,1.0,SetByAsk
2025-12-19 22:06:49,2025-12-19T22:06:49,59.93,1.0,SetByAsk
2025-12-19 22:06:49,2025-12-19T22:06:49,59.93,1.0,SetByAsk
2025-12-19 22:06:49,2025-12-19T22:06:49,59.93,2.0,SetByAsk
2025-12-19 22:06:49,2025-12-19T22:06:49,59.93,1.0,SetByAsk
2025-12-19 22:06:49,2025-12-19T22:06:49,59.93,1.0,SetByAsk
2025-12-19 22:06:49,2025-12-19T22:06:49,59.93,1.0,SetByAsk
2025-12-19 22:06:49,2025-12-19T22:06:49,59.93,1.0,SetByAsk
2025-12-19 22:06:49,2025-12-19T22:06:49,59.93,1.0,SetByAsk
2025-12-19 22:06:49,2025-12-19T22:06:49,59.93,1.0,SetByAsk
2025-12-19 22:06:51,2025-12-19T22:06:51,59.94,7.0,SetByBid
2025-12-19 22:06:51,2025-12-19T22:06:51,59.94,13.0,SetByBid
2025-12-19 22:06:51,2025-12-19T22:06:51,59.94,21.0,SetByBid
2025-12-19 22:06:51,2025-12-19T22:06:51,59.94,3.0,SetByBid
2025-12-19 22:06:51,2025-12-19T22:06:51,59.94,1.0,SetByAsk
2025-12-19 22:06:51,2025-12-19T22:06:51,59.94,1.0,SetByAsk
2025-12-19 22:06:51,2025-12-19T22:06:51,59.94,3.0,SetByAsk
2025-12-19 22:06:51,2025-12-19T22:06:51,59.94,1.0,SetByAsk
2025-12-19 22:06:51,2025-12-19T22:06:51,59.94,1.0,SetByAsk
2025-12-19 22:06:51,2025-12-19T22:06:51,59.94,3.0,SetByAsk
2025-12-19 22:06:51,2025-12-19T22:06:51,59.94,2.0,SetByAsk
2025-12-19 22:06:51,2025-12-19T22:06:51,59.94,1.0,SetByAsk
2025-12-19 22:06:51,2025-12-19T22:06:51,59.94,1.0,SetByAsk
2025-12-19 22:06:51,2025-12-19T22:06:51,59.94,3.0,SetByAsk
2025-12-19 22:06:51,2025-12-19T22:06:51,59.94,1.0,SetByAsk
2025-12-19 22:06:51,2025-12-19T22:06:51,59.94,1.0,SetByAsk
2025-12-19 22:06:51,2025-12-19T22:06:51,59.94,1.0,SetByAsk
2025-12-19 22:06:51,2025-12-19T22:06:51,59.94,1.0,SetByAsk
2025-12-19 22:06:51,2025-12-19T22:06:51,59.94,1.0,SetByAsk
2025-12-19 22:06:51,2025-12-19T22:06:51,59.94,1.0,SetByAsk
2025-12-19 22:06:51,2025-12-19T22:06:51,59.94,6.0,SetByAsk
2025-12-19 22:06:51,2025-12-19T22:06:51,59.94,1.0,SetByAsk
2025-12-19 22:06:51,2025-12-19T22:06:51,59.94,1.0,SetByAsk
2025-12-19 22:06:51,2025-12-19T22:06:51,59.94,1.0,SetByAsk
2025-12-19 22:06:51,2025-12-19T22:06:51,59.94,1.0,SetByAsk
2025-12-19 22:06:51,2025-12-19T22:06:51,59.94,1.0,SetByAsk
2025-12-19 22:06:51,2025-12-19T22:06:51,59.94,1.0,SetByAsk
2025-12-19 22:06:51,2025-12-19T22:06:51,59.94,1.0,SetByAsk
2025-12-19 22:06:51,2025-12-19T22:06:51,59.95,1.0,SetByBid
2025-12-19 22:06:51,2025-12-19T22:06:51,59.95,350.0,SetByBid
2025-12-19 22:06:59,2025-12-19T22:06:59,59.95,4.0,SetByAsk
2025-12-19 22:06:59,2025-12-19T22:06:59,59.95,1.0,SetByAsk
2025-12-19 22:07:01,2025-12-19T22:07:01,59.95,1.0,SetByAsk
2025-12-19 22:07:01,2025-12-19T22:07:01,59.95,1.0,SetByAsk
2025-12-19 22:07:01,2025-12-19T22:07:01,59.95,1.0,SetByAsk
2025-12-19 22:07:02,2025-12-19T22:07:02,59.96,1.0,SetByBid
2025-12-19 22:07:15,2025-12-19T22:07:15,59.95,1.0,SetByBid
2025-12-19 22:07:15,2025-12-19T22:07:15,59.95,1.0,SetByAsk
2025-12-19 22:07:16,2025-12-19T22:07:16,59.96,1.0,SetByBid
2025-12-19 22:07:16,2025-12-19T22:07:16,59.96,1.0,SetByBid
2025-12-19 22:07:16,2025-12-19T22:07:16,59.96,1.0,SetByBid
2025-12-19 22:07:16,2025-12-19T22:07:16,59.96,1.0,SetByBid
2025-12-19 22:07:16,2025-12-19T22:07:16,59.96,1.0,SetByBid
2025-12-19 22:07:16,2025-12-19T22:07:16,59.96,1.0,SetByBid
2025-12-19 22:07:16,2025-12-19T22:07:16,59.96,1.0,SetByBid
2025-12-19 22:07:16,2025-12-19T22:07:16,59.96,1.0,SetByBid
2025-12-19 22:07:16,2025-12-19T22:07:16,59.96,1.0,SetByBid
2025-12-19 22:07:16,2025-12-19T22:07:16,59.96,1.0,SetByBid
2025-12-19 22:07:16,2025-12-19T22:07:16,59.96,1.0,SetByBid
2025-12-19 22:07:16,2025-12-19T22:07:16,59.96,1.0,SetByBid
2025-12-19 22:07:16,2025-12-19T22:07:16,59.96,1.0,SetByBid
2025-12-19 22:07:16,2025-12-19T22:07:16,59.96,1.0,SetByBid
2025-12-19 22:07:16,2025-12-19T22:07:16,59.96,1.0,SetByBid
2025-12-19 22:07:16,2025-12-19T22:07:16,59.96,1.0,SetByBid
2025-12-19 22:07:16,2025-12-19T22:07:16,59.96,1.0,SetByBid
2025-12-19 22:07:16,2025-12-19T22:07:16,59.95,1.0,SetByBid
2025-12-19 22:07:16,2025-12-19T22:07:16,59.95,1.0,SetByBid
2025-12-19 22:07:16,2025-12-19T22:07:16,59.95,1.0,SetByBid
2025-12-19 22:07:16,2025-12-19T22:07:16,59.94,1.0,SetByBid
2025-12-19 22:07:16,2025-12-19T22:07:16,59.94,1.0,SetByBid
2025-12-19 22:07:16,2025-12-19T22:07:16,59.95,1.0,SetByBid
2025-12-19 22:07:16,2025-12-19T22:07:16,59.95,1.0,SetByBid
2025-12-19 22:07:16,2025-12-19T22:07:16,59.95,1.0,SetByBid
2025-12-19 22:07:16,2025-12-19T22:07:16,59.95,1.0,SetByBid
2025-12-19 22:07:16,2025-12-19T22:07:16,59.94,1.0,"SetByBid, Leg"
2025-12-19 22:07:16,2025-12-19T22:07:16,59.95,1.0,"SetByBid, Leg"
2025-12-19 22:07:16,2025-12-19T22:07:16,59.95,1.0,SetByBid
2025-12-19 22:07:16,2025-12-19T22:07:16,59.95,1.0,SetByBid
2025-12-19 22:07:16,2025-12-19T22:07:16,59.95,1.0,SetByBid
2025-12-19 22:07:16,2025-12-19T22:07:16,59.95,1.0,SetByBid
2025-12-19 22:07:16,2025-12-19T22:07:16,59.95,1.0,SetByBid
2025-12-19 22:07:16,2025-12-19T22:07:16,59.95,1.0,SetByBid
2025-12-19 22:07:16,2025-12-19T22:07:16,59.95,1.0,SetByBid
2025-12-19 22:07:16,2025-12-19T22:07:16,59.95,1.0,SetByBid
2025-12-19 22:07:16,2025-12-19T22:07:16,59.95,2.0,SetByBid
2025-12-19 22:07:17,2025-12-19T22:07:17,59.94,1.0,SetByBid
2025-12-19 22:07:17,2025-12-19T22:07:17,59.94,1.0,SetByBid
2025-12-19 22:07:37,2025-12-19T22:07:37,59.95,1.0,SetByAsk
2025-12-19 22:07:37,2025-12-19T22:07:37,59.95,1.0,SetByAsk
2025-12-19 22:07:37,2025-12-19T22:07:37,59.95,1.0,SetByAsk
2025-12-19 22:07:37,2025-12-19T22:07:37,59.95,1.0,SetByAsk
2025-12-19 22:07:37,2025-12-19T22:07:37,59.95,1.0,SetByAsk
2025-12-19 22:07:37,2025-12-19T22:07:37,59.95,3.0,SetByAsk
2025-12-19 22:07:37,2025-12-19T22:07:37,59.95,1.0,SetByAsk
2025-12-19 22:07:37,2025-12-19T22:07:37,59.95,1.0,SetByAsk
2025-12-19 22:07:37,2025-12-19T22:07:37,59.95,2.0,SetByAsk
2025-12-19 22:07:37,2025-12-19T22:07:37,59.95,1.0,SetByAsk
2025-12-19 22:07:37,2025-12-19T22:07:37,59.95,1.0,SetByAsk
2025-12-19 22:07:37,2025-12-19T22:07:37,59.95,1.0,SetByAsk
2025-12-19 22:07:37,2025-12-19T22:07:37,59.95,1.0,SetByAsk
2025-12-19 22:07:37,2025-12-19T22:07:37,59.95,1.0,SetByAsk
2025-12-19 22:07:37,2025-12-19T22:07:37,59.95,1.0,SetByAsk
2025-12-19 22:07:37,2025-12-19T22:07:37,59.95,4.0,SetByAsk
2025-12-19 22:07:37,2025-12-19T22:07:37,59.94,1.0,SetByAsk
2025-12-19 22:07:37,2025-12-19T22:07:37,59.94,1.0,SetByAsk
2025-12-19 22:07:37,2025-12-19T22:07:37,59.94,1.0,SetByAsk
2025-12-19 22:07:37,2025-12-19T22:07:37,59.94,1.0,SetByAsk
2025-12-19 22:07:37,2025-12-19T22:07:37,59.94,2.0,SetByAsk
2025-12-19 22:07:37,2025-12-19T22:07:37,59.94,1.0,SetByAsk
2025-12-19 22:07:37,2025-12-19T22:07:37,59.94,1.0,SetByAsk
2025-12-19 22:07:37,2025-12-19T22:07:37,59.94,1.0,SetByAsk
2025-12-19 22:07:37,2025-12-19T22:07:37,59.94,1.0,SetByAsk
2025-12-19 22:07:37,2025-12-19T22:07:37,59.94,1.0,SetByAsk
2025-12-19 22:07:37,2025-12-19T22:07:37,59.94,1.0,SetByAsk
2025-12-19 22:07:37,2025-12-19T22:07:37,59.94,1.0,SetByAsk
2025-12-19 22:07:37,2025-12-19T22:07:37,59.94,1.0,SetByAsk
2025-12-19 22:07:37,2025-12-19T22:07:37,59.94,1.0,SetByAsk
2025-12-19 22:07:37,2025-12-19T22:07:37,59.94,2.0,SetByAsk
2025-12-19 22:07:37,2025-12-19T22:07:37,59.94,1.0,SetByAsk
2025-12-19 22:07:37,2025-12-19T22:07:37,59.94,1.0,SetByAsk
2025-12-19 22:07:37,2025-12-19T22:07:37,59.94,3.0,SetByAsk
2025-12-19 22:07:37,2025-12-19T22:07:37,59.94,1.0,SetByAsk
2025-12-19 22:07:37,2025-12-19T22:07:37,59.94,3.0,SetByAsk
2025-12-19 22:07:37,2025-12-19T22:07:37,59.94,2.0,SetByAsk
2025-12-19 22:07:53,2025-12-19T22:07:53,59.95,3.0,SetByAsk
2025-12-19 22:08:00,2025-12-19T22:08:00,59.97,1.0,SetByBid
2025-12-19 22:08:01,2025-12-19T22:08:01,59.97,1.0,SetByAsk
2025-12-19 22:08:01,2025-12-19T22:08:01,59.97,1.0,SetByAsk
2025-12-19 22:08:01,2025-12-19T22:08:01,59.99,1.0,SetByBid
2025-12-19 22:08:01,2025-12-19T22:08:01,59.99,1.0,SetByAsk
2025-12-19 22:08:01,2025-12-19T22:08:01,59.99,1.0,SetByAsk
2025-12-19 22:08:01,2025-12-19T22:08:01,59.99,1.0,SetByAsk
2025-12-19 22:08:01,2025-12-19T22:08:01,59.99,1.0,SetByAsk
2025-12-19 22:08:01,2025-12-19T22:08:01,59.99,1.0,SetByAsk
2025-12-19 22:08:01,2025-12-19T22:08:01,59.99,1.0,SetByAsk
2025-12-19 22:08:01,2025-12-19T22:08:01,59.99,1.0,SetByAsk
2025-12-19 22:08:01,2025-12-19T22:08:01,59.99,2.0,SetByAsk
2025-12-19 22:08:01,2025-12-19T22:08:01,59.98,1.0,SetByAsk
2025-12-19 22:08:01,2025-12-19T22:08:01,59.98,1.0,SetByAsk
2025-12-19 22:08:02,2025-12-19T22:08:02,59.98,1.0,SetByAsk
2025-12-19 22:08:11,2025-12-19T22:08:11,59.97,1.0,SetByAsk
2025-12-19 22:08:11,2025-12-19T22:08:11,59.97,1.0,SetByAsk
2025-12-19 22:08:32,2025-12-19T22:08:32,59.97,3.0,SetByBid
2025-12-19 22:09:03,2025-12-19T22:09:03,59.94,1.0,SetByBid
2025-12-19 22:09:03,2025-12-19T22:09:03,59.94,1.0,SetByBid
2025-12-19 22:09:03,2025-12-19T22:09:03,59.94,1.0,SetByBid
2025-12-19 22:09:03,2025-12-19T22:09:03,59.94,1.0,SetByBid
2025-12-19 22:09:03,2025-12-19T22:09:03,59.94,2.0,SetByBid
2025-12-19 22:09:10,2025-12-19T22:09:10,59.94,1.0,SetByAsk
2025-12-19 22:09:16,2025-12-19T22:09:16,59.94,2.0,SetByBid
2025-12-19 22:09:24,2025-12-19T22:09:24,59.95,1.0,SetByBid
2025-12-19 22:09:25,2025-12-19T22:09:25,59.94,1.0,SetByAsk
2025-12-19 22:09:27,2025-12-19T22:09:27,59.93,1.0,SetByAsk
2025-12-19 22:09:42,2025-12-19T22:09:42,59.94,1.0,SetByAsk
2025-12-19 22:10:01,2025-12-19T22:10:01,59.95,1.0,SetByBid
2025-12-19 22:10:20,2025-12-19T22:10:20,59.95,1.0,SetByAsk
2025-12-19 22:10:41,2025-12-19T22:10:41,59.95,1.0,SetByAsk
2025-12-19 22:10:41,2025-12-19T22:10:41,59.95,1.0,SetByAsk
2025-12-19 22:10:41,2025-12-19T22:10:41,59.95,1.0,SetByAsk
2025-12-19 22:10:41,2025-12-19T22:10:41,59.95,1.0,SetByAsk
2025-12-19 22:10:41,2025-12-19T22:10:41,59.95,1.0,SetByAsk
2025-12-19 22:10:41,2025-12-19T22:10:41,59.95,2.0,SetByAsk
2025-12-19 22:10:41,2025-12-19T22:10:41,59.95,1.0,SetByAsk
2025-12-19 22:10:41,2025-12-19T22:10:41,59.95,1.0,SetByAsk
2025-12-19 22:10:41,2025-12-19T22:10:41,59.95,1.0,SetByAsk
2025-12-19 22:10:41,2025-12-19T22:10:41,59.95,1.0,SetByAsk
2025-12-19 22:10:41,2025-12-19T22:10:41,59.95,1.0,SetByAsk
2025-12-19 22:10:41,2025-12-19T22:10:41,59.95,1.0,SetByAsk
2025-12-19 22:10:41,2025-12-19T22:10:41,59.95,1.0,SetByAsk
2025-12-19 22:10:41,2025-12-19T22:10:41,59.95,1.0,SetByAsk
2025-12-19 22:10:41,2025-12-19T22:10:41,59.95,1.0,SetByAsk
2025-12-19 22:10:41,2025-12-19T22:10:41,59.95,1.0,SetByAsk
2025-12-19 22:10:41,2025-12-19T22:10:41,59.95,1.0,SetByAsk
2025-12-19 22:10:41,2025-12-19T22:10:41,59.95,1.0,SetByAsk
2025-12-19 22:10:41,2025-12-19T22:10:41,59.95,1.0,SetByAsk
2025-12-19 22:10:41,2025-12-19T22:10:41,59.95,2.0,SetByAsk
2025-12-19 22:10:42,2025-12-19T22:10:42,59.95,1.0,SetByAsk
2025-12-19 22:10:42,2025-12-19T22:10:42,59.95,1.0,SetByBid
2025-12-19 22:10:42,2025-12-19T22:10:42,59.95,2.0,SetByBid
2025-12-19 22:10:42,2025-12-19T22:10:42,59.95,2.0,SetByBid
2025-12-19 22:10:42,2025-12-19T22:10:42,59.95,2.0,SetByBid
2025-12-19 22:11:02,2025-12-19T22:11:02,59.94,1.0,SetByAsk
2025-12-19 22:12:27,2025-12-19T22:12:27,59.91,1.0,SetByBid
2025-12-19 22:13:01,2025-12-19T22:13:01,59.92,1.0,SetByBid
2025-12-19 22:13:01,2025-12-19T22:13:01,59.92,1.0,SetByBid
2025-12-19 22:13:02,2025-12-19T22:13:02,59.91,1.0,SetByAsk
2025-12-19 22:13:10,2025-12-19T22:13:10,59.92,1.0,SetByAsk
2025-12-19 22:13:12,2025-12-19T22:13:12,59.92,1.0,SetByBid
2025-12-19 22:13:23,2025-12-19T22:13:23,59.94,1.0,SetByAsk
2025-12-19 22:13:23,2025-12-19T22:13:23,59.94,1.0,SetByAsk
2025-12-19 22:13:23,2025-12-19T22:13:23,59.94,1.0,SetByAsk
2025-12-19 22:13:23,2025-12-19T22:13:23,59.94,1.0,SetByAsk
2025-12-19 22:13:23,2025-12-19T22:13:23,59.94,1.0,SetByAsk
2025-12-19 22:13:23,2025-12-19T22:13:23,59.94,1.0,SetByAsk
2025-12-19 22:14:41,2025-12-19T22:14:41,59.94,1.0,SetByBid
2025-12-19 22:14:57,2025-12-19T22:14:57,59.94,1.0,SetByBid
2025-12-19 22:15:13,2025-12-19T22:15:13,59.94,1.0,SetByBid
2025-12-19 22:15:13,2025-12-19T22:15:13,59.94,1.0,SetByBid
2025-12-19 22:15:13,2025-12-19T22:15:13,59.94,1.0,SetByBid
2025-12-19 22:15:13,2025-12-19T22:15:13,59.94,1.0,SetByBid
2025-12-19 22:15:13,2025-12-19T22:15:13,59.94,1.0,SetByBid
2025-12-19 22:15:13,2025-12-19T22:15:13,59.94,1.0,SetByBid
2025-12-19 22:15:13,2025-12-19T22:15:13,59.94,1.0,SetByBid
2025-12-19 22:15:13,2025-12-19T22:15:13,59.94,1.0,SetByBid
2025-12-19 22:15:13,2025-12-19T22:15:13,59.94,1.0,SetByBid
2025-12-19 22:15:14,2025-12-19T22:15:14,59.94,1.0,SetByBid
2025-12-19 22:15:14,2025-12-19T22:15:14,59.94,1.0,SetByBid
2025-12-19 22:15:14,2025-12-19T22:15:14,59.94,1.0,SetByBid
2025-12-19 22:15:14,2025-12-19T22:15:14,59.94,1.0,SetByBid
2025-12-19 22:15:14,2025-12-19T22:15:14,59.94,1.0,SetByBid
2025-12-19 22:15:14,2025-12-19T22:15:14,59.94,1.0,SetByBid
2025-12-19 22:15:14,2025-12-19T22:15:14,59.94,1.0,SetByBid
2025-12-19 22:15:14,2025-12-19T22:15:14,59.94,1.0,SetByBid
2025-12-19 22:15:14,2025-12-19T22:15:14,59.94,1.0,SetByBid
2025-12-19 22:15:14,2025-12-19T22:15:14,59.94,1.0,SetByBid
2025-12-19 22:15:14,2025-12-19T22:15:14,59.95,1.0,SetByBid
2025-12-19 22:15:14,2025-12-19T22:15:14,59.94,1.0,SetByBid
2025-12-19 22:15:14,2025-12-19T22:15:14,59.95,1.0,SetByBid
2025-12-19 22:15:14,2025-12-19T22:15:14,59.95,1.0,SetByBid
2025-12-19 22:15:18,2025-12-19T22:15:18,59.93,1.0,SetByAsk
2025-12-19 22:15:37,2025-12-19T22:15:37,59.92,1.0,SetByAsk
2025-12-19 22:15:37,2025-12-19T22:15:37,59.92,1.0,SetByAsk
2025-12-19 22:15:37,2025-12-19T22:15:37,59.92,1.0,SetByAsk
2025-12-19 22:15:37,2025-12-19T22:15:37,59.92,1.0,SetByAsk
2025-12-19 22:15:37,2025-12-19T22:15:37,59.92,1.0,SetByAsk
2025-12-19 22:15:37,2025-12-19T22:15:37,59.92,1.0,SetByAsk
2025-12-19 22:15:38,2025-12-19T22:15:38,59.92,1.0,SetByAsk
2025-12-19 22:15:44,2025-12-19T22:15:44,59.92,1.0,SetByAsk
2025-12-19 22:15:47,2025-12-19T22:15:47,59.93,1.0,SetByBid
2025-12-19 22:15:47,2025-12-19T22:15:47,59.93,1.0,SetByBid
2025-12-19 22:15:47,2025-12-19T22:15:47,59.93,1.0,SetByBid
2025-12-19 22:15:47,2025-12-19T22:15:47,59.93,1.0,SetByBid
2025-12-19 22:15:47,2025-12-19T22:15:47,59.93,1.0,SetByBid
2025-12-19 22:15:47,2025-12-19T22:15:47,59.93,1.0,SetByBid
2025-12-19 22:15:47,2025-12-19T22:15:47,59.93,1.0,SetByBid
2025-12-19 22:15:47,2025-12-19T22:15:47,59.93,1.0,SetByBid
2025-12-19 22:15:47,2025-12-19T22:15:47,59.94,1.0,SetByBid
2025-12-19 22:15:47,2025-12-19T22:15:47,59.94,1.0,SetByBid
2025-12-19 22:15:47,2025-12-19T22:15:47,59.94,1.0,SetByBid
2025-12-19 22:15:47,2025-12-19T22:15:47,59.94,1.0,SetByBid
2025-12-19 22:15:47,2025-12-19T22:15:47,59.94,3.0,SetByBid
2025-12-19 22:15:47,2025-12-19T22:15:47,59.94,1.0,SetByBid
2025-12-19 22:15:47,2025-12-19T22:15:47,59.94,1.0,SetByBid
2025-12-19 22:15:47,2025-12-19T22:15:47,59.94,1.0,SetByBid
2025-12-19 22:15:47,2025-12-19T22:15:47,59.94,1.0,SetByBid
2025-12-19 22:15:47,2025-12-19T22:15:47,59.94,2.0,SetByBid
2025-12-19 22:15:47,2025-12-19T22:15:47,59.94,1.0,SetByBid
2025-12-19 22:15:47,2025-12-19T22:15:47,59.94,1.0,SetByBid
2025-12-19 22:16:00,2025-12-19T22:16:00,59.94,1.0,SetByAsk
2025-12-19 22:16:00,2025-12-19T22:16:00,59.94,1.0,SetByAsk
2025-12-19 22:16:00,2025-12-19T22:16:00,59.94,1.0,SetByAsk
2025-12-19 22:16:00,2025-12-19T22:16:00,59.93,1.0,SetByAsk
2025-12-19 22:16:00,2025-12-19T22:16:00,59.93,1.0,SetByAsk
2025-12-19 22:16:33,2025-12-19T22:16:33,59.96,1.0,SetByBid
2025-12-19 22:16:57,2025-12-19T22:16:57,59.94,1.0,SetByAsk
2025-12-19 22:17:01,2025-12-19T22:17:01,59.92,1.0,SetByAsk
2025-12-19 22:18:16,2025-12-19T22:18:16,59.91,1.0,SetByAsk
2025-12-19 22:18:26,2025-12-19T22:18:26,59.89,2.0,SetByBid
2025-12-19 22:18:26,2025-12-19T22:18:26,59.89,1.0,SetByBid
2025-12-19 22:18:26,2025-12-19T22:18:26,59.89,2.0,SetByBid
2025-12-19 22:18:26,2025-12-19T22:18:26,59.89,1.0,SetByBid
2025-12-19 22:18:26,2025-12-19T22:18:26,59.89,4.0,SetByBid
2025-12-19 22:18:26,2025-12-19T22:18:26,59.89,1.0,SetByBid
2025-12-19 22:18:26,2025-12-19T22:18:26,59.89,1.0,SetByBid
2025-12-19 22:18:26,2025-12-19T22:18:26,59.89,1.0,SetByBid
2025-12-19 22:18:26,2025-12-19T22:18:26,59.89,1.0,SetByBid
2025-12-19 22:18:26,2025-12-19T22:18:26,59.89,2.0,SetByBid
2025-12-19 22:18:26,2025-12-19T22:18:26,59.89,2.0,SetByBid
2025-12-19 22:18:26,2025-12-19T22:18:26,59.89,1.0,SetByBid
2025-12-19 22:18:26,2025-12-19T22:18:26,59.89,1.0,SetByBid
2025-12-19 22:18:34,2025-12-19T22:18:34,59.9,1.0,SetByBid
2025-12-19 22:18:38,2025-12-19T22:18:38,59.89,1.0,SetByAsk
2025-12-19 22:18:39,2025-12-19T22:18:39,59.89,2.0,SetByBid
2025-12-19 22:19:02,2025-12-19T22:19:02,59.89,1.0,SetByAsk
2025-12-19 22:19:37,2025-12-19T22:19:37,59.9,1.0,SetByBid
2025-12-19 22:19:37,2025-12-19T22:19:37,59.9,1.0,SetByBid
2025-12-19 22:19:37,2025-12-19T22:19:37,59.9,1.0,SetByBid
2025-12-19 22:19:37,2025-12-19T22:19:37,59.9,1.0,SetByBid
2025-12-19 22:19:37,2025-12-19T22:19:37,59.9,3.0,SetByBid
2025-12-19 22:19:37,2025-12-19T22:19:37,59.9,1.0,SetByBid
2025-12-19 22:19:37,2025-12-19T22:19:37,59.9,1.0,SetByBid
2025-12-19 22:19:37,2025-12-19T22:19:37,59.9,1.0,SetByBid
2025-12-19 22:19:37,2025-12-19T22:19:37,59.9,1.0,SetByBid
2025-12-19 22:19:37,2025-12-19T22:19:37,59.9,1.0,SetByBid
2025-12-19 22:19:37,2025-12-19T22:19:37,59.9,1.0,SetByAsk
2025-12-19 22:19:37,2025-12-19T22:19:37,59.9,12.0,SetByAsk
2025-12-19 22:19:37,2025-12-19T22:19:37,59.9,1.0,SetByAsk
2025-12-19 22:19:41,2025-12-19T22:19:41,59.89,1.0,SetByBid
2025-12-19 22:20:22,2025-12-19T22:20:22,59.9,1.0,SetByAsk
2025-12-19 22:20:34,2025-12-19T22:20:34,59.88,1.0,SetByBid
2025-12-19 22:20:34,2025-12-19T22:20:34,59.88,4.0,SetByBid
2025-12-19 22:20:53,2025-12-19T22:20:53,59.89,1.0,SetByAsk
2025-12-19 22:21:10,2025-12-19T22:21:10,59.88,1.0,SetByAsk
2025-12-19 22:22:03,2025-12-19T22:22:03,59.9,1.0,SetByAsk
2025-12-19 22:22:26,2025-12-19T22:22:26,59.89,1.0,SetByBid
2025-12-19 22:22:26,2025-12-19T22:22:26,59.89,1.0,SetByBid
2025-12-19 22:22:26,2025-12-19T22:22:26,59.89,1.0,SetByBid
2025-12-19 22:24:44,2025-12-19T22:24:44,59.89,1.0,SetByAsk
2025-12-19 22:24:44,2025-12-19T22:24:44,59.89,1.0,SetByBid
2025-12-19 22:26:01,2025-12-19T22:26:01,59.9,1.0,SetByBid
2025-12-19 22:28:11,2025-12-19T22:28:11,59.88,1.0,SetByAsk
2025-12-19 22:28:11,2025-12-19T22:28:11,59.88,1.0,SetByAsk
2025-12-19 22:28:11,2025-12-19T22:28:11,59.88,2.0,SetByAsk
2025-12-19 22:28:11,2025-12-19T22:28:11,59.88,1.0,SetByAsk
2025-12-19 22:28:11,2025-12-19T22:28:11,59.88,1.0,SetByBid
2025-12-19 22:28:11,2025-12-19T22:28:11,59.88,1.0,SetByBid
2025-12-19 22:28:11,2025-12-19T22:28:11,59.88,4.0,SetByBid
2025-12-19 22:28:11,2025-12-19T22:28:11,59.88,2.0,SetByBid
2025-12-19 22:28:14,2025-12-19T22:28:14,59.87,1.0,SetByAsk
2025-12-19 22:28:14,2025-12-19T22:28:14,59.87,2.0,SetByAsk
2025-12-19 22:28:14,2025-12-19T22:28:14,59.87,1.0,SetByAsk
2025-12-19 22:28:14,2025-12-19T22:28:14,59.87,1.0,SetByAsk
2025-12-19 22:28:14,2025-12-19T22:28:14,59.87,1.0,SetByAsk
2025-12-19 22:28:14,2025-12-19T22:28:14,59.87,1.0,SetByAsk
2025-12-19 22:28:14,2025-12-19T22:28:14,59.87,1.0,SetByAsk
2025-12-19 22:28:14,2025-12-19T22:28:14,59.87,4.0,SetByAsk
2025-12-19 22:28:14,2025-12-19T22:28:14,59.87,1.0,SetByAsk
2025-12-19 22:28:14,2025-12-19T22:28:14,59.87,1.0,SetByAsk
2025-12-19 22:28:14,2025-12-19T22:28:14,59.87,1.0,SetByAsk
2025-12-19 22:28:14,2025-12-19T22:28:14,59.87,2.0,SetByAsk
2025-12-19 22:28:14,2025-12-19T22:28:14,59.87,1.0,SetByAsk
2025-12-19 22:28:14,2025-12-19T22:28:14,59.87,4.0,SetByAsk
2025-12-19 22:28:14,2025-12-19T22:28:14,59.87,1.0,SetByAsk
2025-12-19 22:28:14,2025-12-19T22:28:14,59.88,1.0,SetByBid
2025-12-19 22:28:52,2025-12-19T22:28:52,59.89,1.0,SetByBid
2025-12-19 22:29:14,2025-12-19T22:29:14,59.88,1.0,SetByAsk
2025-12-19 22:29:14,2025-12-19T22:29:14,59.88,1.0,SetByAsk
2025-12-19 22:29:14,2025-12-19T22:29:14,59.88,1.0,SetByAsk
2025-12-19 22:29:14,2025-12-19T22:29:14,59.88,1.0,SetByAsk
2025-12-19 22:29:14,2025-12-19T22:29:14,59.88,1.0,SetByAsk
2025-12-19 22:29:14,2025-12-19T22:29:14,59.88,2.0,SetByAsk
2025-12-19 22:29:14,2025-12-19T22:29:14,59.88,1.0,SetByAsk
2025-12-19 22:29:14,2025-12-19T22:29:14,59.88,1.0,SetByAsk
2025-12-19 22:29:14,2025-12-19T22:29:14,59.88,1.0,SetByAsk
2025-12-19 22:29:53,2025-12-19T22:29:53,59.89,1.0,SetByBid
2025-12-19 22:29:53,2025-12-19T22:29:53,59.89,1.0,SetByBid
2025-12-19 22:29:53,2025-12-19T22:29:53,59.89,2.0,SetByBid
2025-12-19 22:29:54,2025-12-19T22:29:54,59.89,1.0,SetByBid
2025-12-19 22:29:54,2025-12-19T22:29:54,59.89,1.0,SetByBid
2025-12-19 22:29:54,2025-12-19T22:29:54,59.89,1.0,SetByBid
2025-12-19 22:29:54,2025-12-19T22:29:54,59.89,1.0,SetByBid
2025-12-19 22:29:54,2025-12-19T22:29:54,59.89,1.0,SetByBid
2025-12-19 22:29:54,2025-12-19T22:29:54,59.88,4.0,SetByAsk
2025-12-19 22:29:55,2025-12-19T22:29:55,59.89,1.0,SetByBid
2025-12-19 22:29:58,2025-12-19T22:29:58,59.89,1.0,SetByBid
2025-12-19 22:29:58,2025-12-19T22:29:58,59.89,1.0,SetByBid
2025-12-19 22:30:10,2025-12-19T22:30:10,59.89,1.0,SetByBid
2025-12-19 22:30:10,2025-12-19T22:30:10,59.89,2.0,SetByBid
2025-12-19 22:30:10,2025-12-19T22:30:10,59.89,1.0,SetByBid
2025-12-19 22:30:10,2025-12-19T22:30:10,59.89,1.0,SetByAsk
2025-12-19 22:30:27,2025-12-19T22:30:27,59.88,1.0,SetByAsk
2025-12-19 22:30:27,2025-12-19T22:30:27,59.88,1.0,SetByAsk
2025-12-19 22:30:27,2025-12-19T22:30:27,59.88,1.0,SetByAsk
2025-12-19 22:30:27,2025-12-19T22:30:27,59.88,1.0,SetByAsk
2025-12-19 22:30:27,2025-12-19T22:30:27,59.88,1.0,SetByAsk
2025-12-19 22:30:27,2025-12-19T22:30:27,59.88,1.0,SetByAsk
2025-12-19 22:30:27,2025-12-19T22:30:27,59.88,1.0,SetByBid
2025-12-19 22:30:31,2025-12-19T22:30:31,59.88,1.0,SetByBid
2025-12-19 22:30:48,2025-12-19T22:30:48,59.84,2.0,SetByAsk
2025-12-19 22:30:55,2025-12-19T22:30:55,59.84,1.0,SetByAsk
2025-12-19 22:30:55,2025-12-19T22:30:55,59.84,1.0,SetByAsk
2025-12-19 22:31:12,2025-12-19T22:31:12,59.82,1.0,SetByAsk
2025-12-19 22:31:33,2025-12-19T22:31:33,59.84,1.0,SetByAsk
2025-12-19 22:31:56,2025-12-19T22:31:56,59.84,1.0,"SetByBid, Leg"
2025-12-19 22:31:56,2025-12-19T22:31:56,59.85,1.0,"SetByBid, Leg"
2025-12-19 22:31:56,2025-12-19T22:31:56,59.85,1.0,SetByBid
2025-12-19 22:32:01,2025-12-19T22:32:01,59.84,1.0,SetByAsk
2025-12-19 22:32:28,2025-12-19T22:32:28,59.83,1.0,SetByAsk
2025-12-19 22:32:29,2025-12-19T22:32:29,59.84,1.0,SetByAsk
2025-12-19 22:32:59,2025-12-19T22:32:59,59.85,1.0,SetByBid
2025-12-19 22:32:59,2025-12-19T22:32:59,59.85,2.0,SetByBid
2025-12-19 22:32:59,2025-12-19T22:32:59,59.85,2.0,SetByBid
2025-12-19 22:33:41,2025-12-19T22:33:41,59.85,1.0,SetByBid
2025-12-19 22:33:41,2025-12-19T22:33:41,59.85,1.0,SetByBid
2025-12-19 22:33:41,2025-12-19T22:33:41,59.85,1.0,SetByBid
2025-12-19 22:33:48,2025-12-19T22:33:48,59.84,1.0,SetByAsk
2025-12-19 22:33:48,2025-12-19T22:33:48,59.85,1.0,SetByBid
2025-12-19 22:35:07,2025-12-19T22:35:07,59.84,1.0,SetByBid
2025-12-19 22:35:07,2025-12-19T22:35:07,59.84,1.0,SetByBid
2025-12-19 22:35:07,2025-12-19T22:35:07,59.85,1.0,SetByBid
2025-12-19 22:35:09,2025-12-19T22:35:09,59.85,1.0,SetByAsk
2025-12-19 22:35:22,2025-12-19T22:35:22,59.87,2.0,SetByAsk
2025-12-19 22:35:22,2025-12-19T22:35:22,59.87,2.0,SetByAsk
2025-12-19 22:35:27,2025-12-19T22:35:27,59.88,1.0,SetByBid
2025-12-19 22:35:27,2025-12-19T22:35:27,59.88,1.0,SetByBid
2025-12-19 22:35:27,2025-12-19T22:35:27,59.88,1.0,SetByBid
2025-12-19 22:35:27,2025-12-19T22:35:27,59.88,1.0,SetByBid
2025-12-19 22:35:37,2025-12-19T22:35:37,59.88,1.0,SetByBid
2025-12-19 22:35:37,2025-12-19T22:35:37,59.88,1.0,SetByBid
2025-12-19 22:35:37,2025-12-19T22:35:37,59.88,1.0,SetByBid
2025-12-19 22:35:37,2025-12-19T22:35:37,59.88,1.0,SetByBid
2025-12-19 22:35:46,2025-12-19T22:35:46,59.88,1.0,SetByAsk
2025-12-19 22:35:46,2025-12-19T22:35:46,59.88,1.0,SetByAsk
2025-12-19 22:36:07,2025-12-19T22:36:07,59.89,1.0,SetByAsk
2025-12-19 22:36:07,2025-12-19T22:36:07,59.89,1.0,SetByAsk
2025-12-19 22:36:07,2025-12-19T22:36:07,59.89,1.0,SetByBid
2025-12-19 22:36:26,2025-12-19T22:36:26,59.88,1.0,SetByAsk
2025-12-19 22:36:36,2025-12-19T22:36:36,59.88,1.0,SetByAsk
2025-12-19 22:36:36,2025-12-19T22:36:36,59.88,1.0,SetByBid
2025-12-19 22:36:36,2025-12-19T22:36:36,59.88,1.0,SetByBid
2025-12-19 22:36:36,2025-12-19T22:36:36,59.88,1.0,SetByBid
2025-12-19 22:36:36,2025-12-19T22:36:36,59.88,3.0,SetByBid
2025-12-19 22:36:41,2025-12-19T22:36:41,59.88,1.0,SetByBid
2025-12-19 22:36:41,2025-12-19T22:36:41,59.88,1.0,SetByBid
2025-12-19 22:36:41,2025-12-19T22:36:41,59.88,1.0,SetByBid
2025-12-19 22:36:41,2025-12-19T22:36:41,59.88,1.0,SetByBid
2025-12-19 22:36:41,2025-12-19T22:36:41,59.88,1.0,SetByBid
2025-12-19 22:36:41,2025-12-19T22:36:41,59.88,1.0,SetByBid
2025-12-19 22:36:41,2025-12-19T22:36:41,59.88,1.0,SetByBid
2025-12-19 22:36:41,2025-12-19T22:36:41,59.88,2.0,SetByBid
2025-12-19 22:36:41,2025-12-19T22:36:41,59.88,1.0,SetByBid
2025-12-19 22:36:45,2025-12-19T22:36:45,59.88,1.0,SetByBid
2025-12-19 22:36:46,2025-12-19T22:36:46,59.88,2.0,SetByBid
2025-12-19 22:36:46,2025-12-19T22:36:46,59.88,1.0,SetByBid
2025-12-19 22:36:46,2025-12-19T22:36:46,59.88,1.0,SetByBid
2025-12-19 22:36:46,2025-12-19T22:36:46,59.88,1.0,SetByBid
2025-12-19 22:36:46,2025-12-19T22:36:46,59.88,1.0,SetByBid
2025-12-19 22:36:46,2025-12-19T22:36:46,59.88,1.0,SetByBid
2025-12-19 22:36:46,2025-12-19T22:36:46,59.88,1.0,SetByBid
2025-12-19 22:36:46,2025-12-19T22:36:46,59.88,1.0,SetByBid
2025-12-19 22:36:46,2025-12-19T22:36:46,59.88,1.0,SetByBid
2025-12-19 22:36:46,2025-12-19T22:36:46,59.88,1.0,SetByBid
2025-12-19 22:36:46,2025-12-19T22:36:46,59.88,1.0,SetByBid
2025-12-19 22:36:46,2025-12-19T22:36:46,59.88,1.0,SetByBid
2025-12-19 22:36:46,2025-12-19T22:36:46,59.88,1.0,SetByBid
2025-12-19 22:36:46,2025-12-19T22:36:46,59.88,1.0,SetByBid
2025-12-19 22:36:46,2025-12-19T22:36:46,59.88,1.0,SetByBid
2025-12-19 22:36:46,2025-12-19T22:36:46,59.88,1.0,SetByBid
2025-12-19 22:36:46,2025-12-19T22:36:46,59.88,1.0,SetByBid
2025-12-19 22:36:54,2025-12-19T22:36:54,59.88,1.0,SetByAsk
2025-12-19 22:36:54,2025-12-19T22:36:54,59.88,7.0,SetByAsk
2025-12-19 22:36:54,2025-12-19T22:36:54,59.88,11.0,SetByAsk
2025-12-19 22:36:54,2025-12-19T22:36:54,59.88,1.0,SetByAsk
2025-12-19 22:36:54,2025-12-19T22:36:54,59.88,1.0,SetByAsk
2025-12-19 22:36:54,2025-12-19T22:36:54,59.88,1.0,SetByAsk
2025-12-19 22:37:07,2025-12-19T22:37:07,59.89,10.0,SetByBid
2025-12-19 22:37:12,2025-12-19T22:37:12,59.9,1.0,SetByBid
2025-12-19 22:37:12,2025-12-19T22:37:12,59.9,1.0,SetByBid
2025-12-19 22:37:12,2025-12-19T22:37:12,59.9,1.0,SetByBid
2025-12-19 22:37:17,2025-12-19T22:37:17,59.91,1.0,SetByBid
2025-12-19 22:37:18,2025-12-19T22:37:18,59.9,1.0,SetByAsk
2025-12-19 22:37:35,2025-12-19T22:37:35,59.91,1.0,SetByBid
2025-12-19 22:37:35,2025-12-19T22:37:35,59.91,1.0,SetByBid
2025-12-19 22:38:01,2025-12-19T22:38:01,59.92,1.0,SetByAsk
2025-12-19 22:38:13,2025-12-19T22:38:13,59.92,1.0,SetByAsk
2025-12-19 22:38:46,2025-12-19T22:38:46,59.91,1.0,SetByAsk
2025-12-19 22:38:53,2025-12-19T22:38:53,59.94,1.0,SetByBid
2025-12-19 22:38:53,2025-12-19T22:38:53,59.94,1.0,SetByBid
2025-12-19 22:38:53,2025-12-19T22:38:53,59.94,1.0,SetByBid
2025-12-19 22:38:53,2025-12-19T22:38:53,59.94,1.0,SetByBid
2025-12-19 22:38:53,2025-12-19T22:38:53,59.94,1.0,SetByBid
2025-12-19 22:38:53,2025-12-19T22:38:53,59.94,1.0,SetByBid
2025-12-19 22:38:53,2025-12-19T22:38:53,59.94,1.0,SetByBid
2025-12-19 22:38:53,2025-12-19T22:38:53,59.94,1.0,SetByBid
2025-12-19 22:38:53,2025-12-19T22:38:53,59.94,1.0,SetByBid
2025-12-19 22:38:53,2025-12-19T22:38:53,59.95,1.0,SetByBid
2025-12-19 22:38:58,2025-12-19T22:38:58,59.94,1.0,SetByBid
2025-12-19 22:38:58,2025-12-19T22:38:58,59.94,1.0,SetByBid
2025-12-19 22:38:58,2025-12-19T22:38:58,59.94,1.0,SetByBid
2025-12-19 22:39:18,2025-12-19T22:39:18,59.94,1.0,SetByAsk
2025-12-19 22:39:18,2025-12-19T22:39:18,59.94,1.0,SetByAsk
2025-12-19 22:39:18,2025-12-19T22:39:18,59.94,1.0,SetByAsk
2025-12-19 22:39:18,2025-12-19T22:39:18,59.94,1.0,SetByAsk
2025-12-19 22:39:18,2025-12-19T22:39:18,59.94,1.0,SetByAsk
2025-12-19 22:39:29,2025-12-19T22:39:29,59.95,1.0,SetByAsk
2025-12-19 22:39:29,2025-12-19T22:39:29,59.95,1.0,SetByAsk
2025-12-19 22:39:39,2025-12-19T22:39:39,59.94,1.0,SetByAsk
2025-12-19 22:39:39,2025-12-19T22:39:39,59.94,1.0,SetByAsk
2025-12-19 22:39:39,2025-12-19T22:39:39,59.94,2.0,SetByAsk
2025-12-19 22:39:54,2025-12-19T22:39:54,59.94,1.0,SetByAsk
2025-12-19 22:40:04,2025-12-19T22:40:04,59.97,2.0,SetByAsk
2025-12-19 22:40:12,2025-12-19T22:40:12,59.96,1.0,SetByAsk
2025-12-19 22:40:12,2025-12-19T22:40:12,59.96,1.0,SetByAsk
2025-12-19 22:40:29,2025-12-19T22:40:29,59.96,2.0,SetByAsk
2025-12-19 22:40:32,2025-12-19T22:40:32,59.95,1.0,SetByAsk
2025-12-19 22:40:34,2025-12-19T22:40:34,59.95,1.0,SetByAsk
2025-12-19 22:40:34,2025-12-19T22:40:34,59.95,1.0,SetByAsk
2025-12-19 22:40:34,2025-12-19T22:40:34,59.95,2.0,SetByBid
2025-12-19 22:40:42,2025-12-19T22:40:42,59.95,1.0,SetByBid
2025-12-19 22:40:42,2025-12-19T22:40:42,59.95,1.0,SetByBid
2025-12-19 22:40:44,2025-12-19T22:40:44,59.97,1.0,SetByBid
2025-12-19 22:40:44,2025-12-19T22:40:44,59.97,1.0,SetByBid
2025-12-19 22:40:44,2025-12-19T22:40:44,59.97,1.0,SetByBid
2025-12-19 22:40:44,2025-12-19T22:40:44,59.97,1.0,SetByBid
2025-12-19 22:41:00,2025-12-19T22:41:00,59.96,1.0,SetByAsk
2025-12-19 22:41:01,2025-12-19T22:41:01,59.96,1.0,SetByAsk
2025-12-19 22:41:23,2025-12-19T22:41:23,59.96,1.0,SetByAsk
2025-12-19 22:41:23,2025-12-19T22:41:23,59.96,1.0,SetByAsk
2025-12-19 22:41:38,2025-12-19T22:41:38,59.96,1.0,SetByAsk
2025-12-19 22:42:01,2025-12-19T22:42:01,59.97,1.0,SetByBid
2025-12-19 22:42:29,2025-12-19T22:42:29,59.98,1.0,SetByBid
2025-12-19 22:42:29,2025-12-19T22:42:29,59.99,2.0,SetByBid
2025-12-19 22:42:50,2025-12-19T22:42:50,59.99,1.0,SetByAsk
2025-12-19 22:42:50,2025-12-19T22:42:50,59.99,1.0,SetByAsk
2025-12-19 22:42:50,2025-12-19T22:42:50,59.99,1.0,SetByAsk
2025-12-19 22:42:50,2025-12-19T22:42:50,59.99,1.0,SetByAsk
2025-12-19 22:42:50,2025-12-19T22:42:50,59.99,1.0,SetByAsk
2025-12-19 22:42:50,2025-12-19T22:42:50,59.99,1.0,SetByAsk
2025-12-19 22:42:50,2025-12-19T22:42:50,59.99,1.0,SetByAsk
2025-12-19 22:42:50,2025-12-19T22:42:50,59.99,3.0,SetByAsk
2025-12-19 22:42:50,2025-12-19T22:42:50,59.99,1.0,SetByAsk
2025-12-19 22:42:50,2025-12-19T22:42:50,59.99,1.0,SetByAsk
2025-12-19 22:42:50,2025-12-19T22:42:50,59.99,2.0,SetByAsk
2025-12-19 22:42:50,2025-12-19T22:42:50,60.0,5.0,SetByBid
2025-12-19 22:42:50,2025-12-19T22:42:50,60.0,50.0,SetByBid
2025-12-19 22:42:50,2025-12-19T22:42:50,60.0,10.0,SetByBid
2025-12-19 22:42:50,2025-12-19T22:42:50,60.0,1.0,SetByBid
2025-12-19 22:43:06,2025-12-19T22:43:06,59.98,1.0,SetByAsk
2025-12-19 22:43:06,2025-12-19T22:43:06,59.98,1.0,SetByAsk
2025-12-19 22:43:14,2025-12-19T22:43:14,60.0,10.0,SetByBid
2025-12-19 22:43:14,2025-12-19T22:43:14,60.0,9.0,SetByBid
2025-12-19 22:43:14,2025-12-19T22:43:14,60.0,6.0,SetByBid
2025-12-19 22:43:16,2025-12-19T22:43:16,60.0,2.0,SetByAsk
2025-12-19 22:43:30,2025-12-19T22:43:30,60.0,1.0,SetByAsk
2025-12-19 22:43:30,2025-12-19T22:43:30,60.01,1.0,SetByBid
2025-12-19 22:43:32,2025-12-19T22:43:32,60.0,1.0,SetByAsk
2025-12-19 22:43:32,2025-12-19T22:43:32,60.0,1.0,SetByAsk
2025-12-19 22:43:42,2025-12-19T22:43:42,60.01,1.0,SetByBid
2025-12-19 22:43:47,2025-12-19T22:43:47,60.0,1.0,SetByAsk
2025-12-19 22:44:15,2025-12-19T22:44:15,60.01,1.0,SetByBid
2025-12-19 22:44:15,2025-12-19T22:44:15,60.01,1.0,SetByBid
2025-12-19 22:44:15,2025-12-19T22:44:15,60.01,1.0,SetByBid
2025-12-19 22:44:34,2025-12-19T22:44:34,59.99,2.0,SetByAsk
2025-12-19 22:44:45,2025-12-19T22:44:45,59.98,1.0,SetByBid
2025-12-19 22:44:45,2025-12-19T22:44:45,59.98,1.0,SetByBid
2025-12-19 22:45:04,2025-12-19T22:45:04,59.97,1.0,SetByAsk
2025-12-19 22:45:19,2025-12-19T22:45:19,59.97,1.0,SetByAsk
2025-12-19 22:45:27,2025-12-19T22:45:27,59.97,1.0,SetByAsk
2025-12-19 22:45:50,2025-12-19T22:45:50,59.97,1.0,SetByBid
2025-12-19 22:46:00,2025-12-19T22:46:00,59.97,1.0,SetByBid
2025-12-19 22:46:00,2025-12-19T22:46:00,59.98,1.0,SetByBid
2025-12-19 22:46:00,2025-12-19T22:46:00,59.98,1.0,SetByBid
2025-12-19 22:46:00,2025-12-19T22:46:00,59.98,1.0,SetByBid
2025-12-19 22:46:04,2025-12-19T22:46:04,59.96,1.0,SetByAsk
2025-12-19 22:46:04,2025-12-19T22:46:04,59.96,1.0,SetByAsk
2025-12-19 22:46:04,2025-12-19T22:46:04,59.96,1.0,SetByAsk
2025-12-19 22:46:04,2025-12-19T22:46:04,59.96,1.0,SetByAsk
2025-12-19 22:46:04,2025-12-19T22:46:04,59.96,1.0,SetByAsk
2025-12-19 22:46:04,2025-12-19T22:46:04,59.96,1.0,SetByAsk
2025-12-19 22:46:08,2025-12-19T22:46:08,59.96,1.0,SetByAsk
2025-12-19 22:46:08,2025-12-19T22:46:08,59.96,1.0,SetByAsk
2025-12-19 22:46:08,2025-12-19T22:46:08,59.96,2.0,SetByAsk
2025-12-19 22:46:08,2025-12-19T22:46:08,59.96,1.0,SetByAsk
2025-12-19 22:46:08,2025-12-19T22:46:08,59.96,1.0,SetByAsk
2025-12-19 22:46:08,2025-12-19T22:46:08,59.96,1.0,SetByAsk
2025-12-19 22:46:08,2025-12-19T22:46:08,59.96,1.0,SetByAsk
2025-12-19 22:46:08,2025-12-19T22:46:08,59.96,1.0,SetByAsk
2025-12-19 22:46:08,2025-12-19T22:46:08,59.96,1.0,SetByAsk
2025-12-19 22:46:08,2025-12-19T22:46:08,59.96,1.0,SetByAsk
2025-12-19 22:46:08,2025-12-19T22:46:08,59.96,1.0,SetByAsk
2025-12-19 22:46:08,2025-12-19T22:46:08,59.96,1.0,SetByAsk
2025-12-19 22:46:08,2025-12-19T22:46:08,59.96,1.0,SetByAsk
2025-12-19 22:46:08,2025-12-19T22:46:08,59.96,1.0,SetByAsk
2025-12-19 22:46:08,2025-12-19T22:46:08,59.96,1.0,SetByAsk
2025-12-19 22:46:08,2025-12-19T22:46:08,59.96,1.0,SetByAsk
2025-12-19 22:46:10,2025-12-19T22:46:10,59.96,1.0,SetByAsk
2025-12-19 22:46:10,2025-12-19T22:46:10,59.96,1.0,SetByBid
2025-12-19 22:46:27,2025-12-19T22:46:27,59.96,1.0,SetByAsk
2025-12-19 22:46:27,2025-12-19T22:46:27,59.96,1.0,SetByAsk
2025-12-19 22:46:27,2025-12-19T22:46:27,59.96,1.0,SetByAsk
2025-12-19 22:46:27,2025-12-19T22:46:27,59.96,1.0,SetByAsk
2025-12-19 22:46:27,2025-12-19T22:46:27,59.96,1.0,SetByAsk
2025-12-19 22:46:27,2025-12-19T22:46:27,59.96,1.0,SetByAsk
2025-12-19 22:46:27,2025-12-19T22:46:27,59.96,3.0,SetByBid
2025-12-19 22:46:27,2025-12-19T22:46:27,59.96,1.0,SetByAsk
2025-12-19 22:46:27,2025-12-19T22:46:27,59.96,1.0,SetByAsk
2025-12-19 22:46:27,2025-12-19T22:46:27,59.96,1.0,SetByAsk
2025-12-19 22:46:50,2025-12-19T22:46:50,59.97,1.0,SetByBid
2025-12-19 22:46:50,2025-12-19T22:46:50,59.96,1.0,SetByAsk
2025-12-19 22:46:51,2025-12-19T22:46:51,59.96,1.0,SetByAsk
2025-12-19 22:46:51,2025-12-19T22:46:51,59.96,2.0,SetByAsk
2025-12-19 22:46:51,2025-12-19T22:46:51,59.96,1.0,SetByAsk
2025-12-19 22:46:51,2025-12-19T22:46:51,59.96,1.0,SetByAsk
2025-12-19 22:47:19,2025-12-19T22:47:19,59.97,1.0,SetByAsk
2025-12-19 22:47:19,2025-12-19T22:47:19,59.97,1.0,SetByAsk
2025-12-19 22:47:19,2025-12-19T22:47:19,59.97,1.0,SetByAsk
2025-12-19 22:47:19,2025-12-19T22:47:19,59.97,1.0,SetByAsk
2025-12-19 22:47:19,2025-12-19T22:47:19,59.97,1.0,SetByAsk
2025-12-19 22:47:19,2025-12-19T22:47:19,59.97,1.0,SetByAsk
2025-12-19 22:47:19,2025-12-19T22:47:19,59.97,1.0,SetByAsk
2025-12-19 22:47:19,2025-12-19T22:47:19,59.97,1.0,SetByAsk
2025-12-19 22:47:19,2025-12-19T22:47:19,59.97,1.0,SetByAsk
2025-12-19 22:47:19,2025-12-19T22:47:19,59.96,1.0,SetByAsk
2025-12-19 22:47:19,2025-12-19T22:47:19,59.96,1.0,SetByAsk
2025-12-19 22:47:19,2025-12-19T22:47:19,59.97,1.0,SetByBid
2025-12-19 22:47:19,2025-12-19T22:47:19,59.97,1.0,SetByBid
2025-12-19 22:47:19,2025-12-19T22:47:19,59.96,1.0,SetByAsk
2025-12-19 22:47:19,2025-12-19T22:47:19,59.96,1.0,SetByAsk
2025-12-19 22:47:19,2025-12-19T22:47:19,59.96,2.0,SetByAsk
2025-12-19 22:47:19,2025-12-19T22:47:19,59.96,1.0,SetByAsk
2025-12-19 22:47:19,2025-12-19T22:47:19,59.96,1.0,SetByAsk
2025-12-19 22:47:19,2025-12-19T22:47:19,59.96,1.0,SetByAsk
2025-12-19 22:47:19,2025-12-19T22:47:19,59.96,1.0,SetByAsk
2025-12-19 22:47:19,2025-12-19T22:47:19,59.96,1.0,SetByAsk
2025-12-19 22:47:19,2025-12-19T22:47:19,59.96,1.0,SetByAsk
2025-12-19 22:47:19,2025-12-19T22:47:19,59.96,1.0,SetByAsk
2025-12-19 22:47:19,2025-12-19T22:47:19,59.96,1.0,SetByAsk
2025-12-19 22:47:19,2025-12-19T22:47:19,59.96,1.0,SetByAsk
2025-12-19 22:47:19,2025-12-19T22:47:19,59.96,2.0,SetByAsk
2025-12-19 22:47:19,2025-12-19T22:47:19,59.96,1.0,SetByAsk
2025-12-19 22:47:19,2025-12-19T22:47:19,59.96,1.0,SetByAsk
2025-12-19 22:47:19,2025-12-19T22:47:19,59.96,1.0,SetByAsk
2025-12-19 22:47:19,2025-12-19T22:47:19,59.96,1.0,SetByAsk
2025-12-19 22:47:19,2025-12-19T22:47:19,59.96,1.0,SetByAsk
2025-12-19 22:47:19,2025-12-19T22:47:19,59.96,1.0,SetByAsk
2025-12-19 22:47:19,2025-12-19T22:47:19,59.96,1.0,SetByAsk
2025-12-19 22:47:19,2025-12-19T22:47:19,59.96,2.0,SetByAsk
2025-12-19 22:47:22,2025-12-19T22:47:22,59.97,1.0,SetByAsk
2025-12-19 22:47:22,2025-12-19T22:47:22,59.97,1.0,SetByAsk
2025-12-19 22:47:30,2025-12-19T22:47:30,59.97,2.0,SetByBid
2025-12-19 22:47:30,2025-12-19T22:47:30,59.97,1.0,SetByBid
2025-12-19 22:47:30,2025-12-19T22:47:30,59.97,1.0,SetByAsk
2025-12-19 22:47:30,2025-12-19T22:47:30,59.96,1.0,SetByAsk
2025-12-19 22:47:30,2025-12-19T22:47:30,59.96,1.0,SetByAsk
2025-12-19 22:47:30,2025-12-19T22:47:30,59.96,1.0,SetByAsk
2025-12-19 22:47:30,2025-12-19T22:47:30,59.97,1.0,SetByAsk
2025-12-19 22:47:32,2025-12-19T22:47:32,59.97,1.0,SetByAsk
2025-12-19 22:47:33,2025-12-19T22:47:33,59.96,1.0,SetByAsk
2025-12-19 22:47:33,2025-12-19T22:47:33,59.96,1.0,SetByAsk
2025-12-19 22:47:33,2025-12-19T22:47:33,59.96,1.0,SetByAsk
2025-12-19 22:47:33,2025-12-19T22:47:33,59.96,1.0,SetByAsk
2025-12-19 22:47:33,2025-12-19T22:47:33,59.96,1.0,SetByBid
2025-12-19 22:47:46,2025-12-19T22:47:46,59.96,1.0,SetByBid
2025-12-19 22:47:46,2025-12-19T22:47:46,59.96,1.0,SetByBid
2025-12-19 22:47:46,2025-12-19T22:47:46,59.96,1.0,SetByBid
2025-12-19 22:48:33,2025-12-19T22:48:33,59.95,1.0,SetByAsk
2025-12-19 22:48:55,2025-12-19T22:48:55,59.95,1.0,SetByAsk
2025-12-19 22:48:58,2025-12-19T22:48:58,59.94,1.0,SetByAsk
2025-12-19 22:48:58,2025-12-19T22:48:58,59.94,1.0,SetByAsk
2025-12-19 22:48:58,2025-12-19T22:48:58,59.94,1.0,SetByAsk
2025-12-19 22:48:58,2025-12-19T22:48:58,59.94,1.0,SetByAsk
2025-12-19 22:49:09,2025-12-19T22:49:09,59.93,1.0,SetByAsk
2025-12-19 22:49:32,2025-12-19T22:49:32,59.95,1.0,SetByBid
2025-12-19 22:49:32,2025-12-19T22:49:32,59.95,1.0,SetByBid
2025-12-19 22:49:32,2025-12-19T22:49:32,59.95,1.0,SetByBid
2025-12-19 22:49:34,2025-12-19T22:49:34,59.94,1.0,SetByAsk
2025-12-19 22:49:34,2025-12-19T22:49:34,59.94,1.0,SetByAsk
2025-12-19 22:50:16,2025-12-19T22:50:16,59.95,1.0,SetByAsk
2025-12-19 22:51:14,2025-12-19T22:51:14,59.94,1.0,SetByAsk
2025-12-19 22:51:14,2025-12-19T22:51:14,59.94,1.0,SetByAsk
2025-12-19 22:51:14,2025-12-19T22:51:14,59.94,1.0,SetByAsk
2025-12-19 22:51:14,2025-12-19T22:51:14,59.94,1.0,SetByAsk
2025-12-19 22:51:14,2025-12-19T22:51:14,59.94,4.0,SetByAsk
2025-12-19 22:51:14,2025-12-19T22:51:14,59.94,1.0,SetByAsk
2025-12-19 22:51:14,2025-12-19T22:51:14,59.94,1.0,SetByAsk
2025-12-19 22:51:14,2025-12-19T22:51:14,59.94,1.0,SetByAsk
2025-12-19 22:51:14,2025-12-19T22:51:14,59.94,2.0,SetByAsk
2025-12-19 22:51:14,2025-12-19T22:51:14,59.94,5.0,SetByAsk
2025-12-19 22:51:14,2025-12-19T22:51:14,59.94,1.0,SetByAsk
2025-12-19 22:51:14,2025-12-19T22:51:14,59.94,1.0,SetByAsk
2025-12-19 22:51:14,2025-12-19T22:51:14,59.94,1.0,SetByAsk
2025-12-19 22:51:14,2025-12-19T22:51:14,59.94,1.0,SetByAsk
2025-12-19 22:51:14,2025-12-19T22:51:14,59.94,1.0,SetByAsk
2025-12-19 22:51:14,2025-12-19T22:51:14,59.94,1.0,SetByAsk
2025-12-19 22:51:14,2025-12-19T22:51:14,59.94,1.0,SetByAsk
2025-12-19 22:51:14,2025-12-19T22:51:14,59.94,1.0,SetByAsk
2025-12-19 22:51:14,2025-12-19T22:51:14,59.94,1.0,SetByAsk
2025-12-19 22:51:14,2025-12-19T22:51:14,59.94,2.0,SetByAsk
2025-12-19 22:51:14,2025-12-19T22:51:14,59.94,2.0,SetByAsk
2025-12-19 22:51:14,2025-12-19T22:51:14,59.94,6.0,SetByAsk
2025-12-19 22:51:14,2025-12-19T22:51:14,59.94,1.0,SetByAsk
2025-12-19 22:51:14,2025-12-19T22:51:14,59.94,1.0,SetByAsk
2025-12-19 22:51:14,2025-12-19T22:51:14,59.94,2.0,SetByAsk
2025-12-19 22:51:14,2025-12-19T22:51:14,59.94,1.0,SetByAsk
2025-12-19 22:51:14,2025-12-19T22:51:14,59.94,1.0,SetByAsk
2025-12-19 22:51:14,2025-12-19T22:51:14,59.94,1.0,SetByAsk
2025-12-19 22:51:14,2025-12-19T22:51:14,59.94,1.0,SetByAsk
2025-12-19 22:51:14,2025-12-19T22:51:14,59.94,1.0,SetByAsk
2025-12-19 22:51:14,2025-12-19T22:51:14,59.94,1.0,SetByAsk
2025-12-19 22:51:14,2025-12-19T22:51:14,59.94,3.0,SetByAsk
2025-12-19 22:51:17,2025-12-19T22:51:17,59.95,1.0,SetByBid
2025-12-19 22:51:17,2025-12-19T22:51:17,59.95,2.0,SetByBid
2025-12-19 22:51:17,2025-12-19T22:51:17,59.95,1.0,SetByBid
2025-12-19 22:51:17,2025-12-19T22:51:17,59.95,1.0,SetByBid
2025-12-19 22:51:17,2025-12-19T22:51:17,59.95,1.0,SetByBid
2025-12-19 22:51:25,2025-12-19T22:51:25,59.95,1.0,SetByAsk
2025-12-19 22:51:25,2025-12-19T22:51:25,59.95,1.0,SetByAsk
2025-12-19 22:51:25,2025-12-19T22:51:25,59.95,1.0,SetByAsk
2025-12-19 22:51:25,2025-12-19T22:51:25,59.95,1.0,SetByAsk
2025-12-19 22:51:25,2025-12-19T22:51:25,59.95,1.0,SetByAsk
2025-12-19 22:51:25,2025-12-19T22:51:25,59.95,1.0,SetByAsk
2025-12-19 22:51:25,2025-12-19T22:51:25,59.95,1.0,SetByBid
2025-12-19 22:52:12,2025-12-19T22:52:12,59.95,1.0,SetByBid
2025-12-19 22:52:53,2025-12-19T22:52:53,59.95,1.0,SetByAsk
2025-12-19 22:52:53,2025-12-19T22:52:53,59.95,1.0,SetByAsk
2025-12-19 22:53:03,2025-12-19T22:53:03,59.95,1.0,SetByBid
2025-12-19 22:53:03,2025-12-19T22:53:03,59.95,1.0,SetByBid
2025-12-19 22:53:03,2025-12-19T22:53:03,59.95,1.0,SetByBid
2025-12-19 22:53:23,2025-12-19T22:53:23,59.95,1.0,SetByBid
2025-12-19 22:53:39,2025-12-19T22:53:39,59.93,1.0,SetByAsk
2025-12-19 22:53:39,2025-12-19T22:53:39,59.93,1.0,SetByAsk
2025-12-19 22:53:39,2025-12-19T22:53:39,59.93,1.0,SetByAsk
2025-12-19 22:54:48,2025-12-19T22:54:48,59.95,2.0,SetByBid
2025-12-19 22:54:48,2025-12-19T22:54:48,59.95,1.0,SetByBid
2025-12-19 22:54:52,2025-12-19T22:54:52,59.94,1.0,SetByBid
2025-12-19 22:55:00,2025-12-19T22:55:00,59.94,1.0,SetByBid
2025-12-19 22:55:00,2025-12-19T22:55:00,59.94,1.0,SetByBid
2025-12-19 22:55:00,2025-12-19T22:55:00,59.94,1.0,SetByBid
2025-12-19 22:55:00,2025-12-19T22:55:00,59.95,1.0,SetByBid
2025-12-19 22:55:00,2025-12-19T22:55:00,59.95,1.0,SetByBid
2025-12-19 22:55:00,2025-12-19T22:55:00,59.95,1.0,SetByBid
2025-12-19 22:55:00,2025-12-19T22:55:00,59.95,1.0,SetByBid
2025-12-19 22:55:00,2025-12-19T22:55:00,59.95,1.0,SetByBid
2025-12-19 22:55:00,2025-12-19T22:55:00,59.95,1.0,SetByBid
2025-12-19 22:55:00,2025-12-19T22:55:00,59.95,1.0,SetByBid
2025-12-19 22:55:00,2025-12-19T22:55:00,59.95,1.0,SetByBid
2025-12-19 22:55:00,2025-12-19T22:55:00,59.95,1.0,SetByBid
2025-12-19 22:55:00,2025-12-19T22:55:00,59.95,3.0,SetByBid
2025-12-19 22:55:00,2025-12-19T22:55:00,59.95,1.0,SetByBid
2025-12-19 22:55:00,2025-12-19T22:55:00,59.95,2.0,SetByBid
2025-12-19 22:55:00,2025-12-19T22:55:00,59.95,1.0,SetByBid
2025-12-19 22:55:00,2025-12-19T22:55:00,59.95,1.0,SetByBid
2025-12-19 22:55:00,2025-12-19T22:55:00,59.94,1.0,SetByAsk
2025-12-19 22:55:00,2025-12-19T22:55:00,59.94,1.0,SetByAsk
2025-12-19 22:55:00,2025-12-19T22:55:00,59.94,1.0,SetByAsk
2025-12-19 22:55:00,2025-12-19T22:55:00,59.94,1.0,SetByAsk
2025-12-19 22:55:00,2025-12-19T22:55:00,59.95,1.0,SetByAsk
2025-12-19 22:55:00,2025-12-19T22:55:00,59.95,1.0,SetByAsk
2025-12-19 22:55:00,2025-12-19T22:55:00,59.95,1.0,SetByAsk
2025-12-19 22:55:00,2025-12-19T22:55:00,59.95,1.0,SetByAsk
2025-12-19 22:55:01,2025-12-19T22:55:01,59.95,1.0,SetByAsk
2025-12-19 22:55:11,2025-12-19T22:55:11,59.95,1.0,SetByBid
2025-12-19 22:55:17,2025-12-19T22:55:17,59.94,1.0,SetByAsk
2025-12-19 22:55:27,2025-12-19T22:55:27,59.95,1.0,SetByBid
2025-12-19 22:56:18,2025-12-19T22:56:18,59.96,1.0,SetByBid
2025-12-19 22:56:24,2025-12-19T22:56:24,59.96,1.0,SetByBid
2025-12-19 22:56:34,2025-12-19T22:56:34,59.96,1.0,SetByBid
2025-12-19 22:56:34,2025-12-19T22:56:34,59.96,1.0,SetByBid
2025-12-19 22:56:34,2025-12-19T22:56:34,59.96,1.0,SetByBid
2025-12-19 22:56:34,2025-12-19T22:56:34,59.96,1.0,SetByBid
2025-12-19 22:56:36,2025-12-19T22:56:36,59.96,1.0,SetByBid
2025-12-19 22:56:39,2025-12-19T22:56:39,59.97,1.0,SetByBid
2025-12-19 22:57:16,2025-12-19T22:57:16,59.97,1.0,SetByBid
2025-12-19 22:57:28,2025-12-19T22:57:28,59.97,1.0,SetByBid
2025-12-19 22:57:28,2025-12-19T22:57:28,59.97,1.0,SetByBid
2025-12-19 22:57:28,2025-12-19T22:57:28,59.97,1.0,SetByBid
2025-12-19 22:57:33,2025-12-19T22:57:33,59.97,1.0,SetByBid
2025-12-19 22:57:33,2025-12-19T22:57:33,59.97,1.0,SetByBid
2025-12-19 22:57:33,2025-12-19T22:57:33,59.97,1.0,SetByBid
2025-12-19 22:57:33,2025-12-19T22:57:33,59.97,1.0,SetByBid
2025-12-19 22:57:33,2025-12-19T22:57:33,59.97,2.0,SetByBid
2025-12-19 22:57:33,2025-12-19T22:57:33,59.97,1.0,SetByBid
2025-12-19 22:57:33,2025-12-19T22:57:33,59.97,1.0,SetByBid
2025-12-19 22:57:34,2025-12-19T22:57:34,59.97,1.0,SetByBid
2025-12-19 22:57:59,2025-12-19T22:57:59,59.97,1.0,SetByAsk
2025-12-19 22:57:59,2025-12-19T22:57:59,59.97,1.0,SetByAsk
2025-12-19 22:58:04,2025-12-19T22:58:04,59.97,1.0,SetByAsk
2025-12-19 22:58:04,2025-12-19T22:58:04,59.97,1.0,SetByAsk
2025-12-19 22:58:04,2025-12-19T22:58:04,59.97,1.0,SetByAsk
2025-12-19 22:58:04,2025-12-19T22:58:04,59.97,1.0,SetByBid
2025-12-19 22:58:04,2025-12-19T22:58:04,59.97,1.0,SetByBid
2025-12-19 22:58:04,2025-12-19T22:58:04,59.97,1.0,SetByBid
2025-12-19 22:58:20,2025-12-19T22:58:20,59.97,1.0,SetByBid
2025-12-19 22:58:20,2025-12-19T22:58:20,59.97,1.0,SetByBid
2025-12-19 22:58:20,2025-12-19T22:58:20,59.97,1.0,SetByBid
2025-12-19 22:58:26,2025-12-19T22:58:26,59.97,1.0,SetByBid
2025-12-19 22:58:26,2025-12-19T22:58:26,59.97,1.0,SetByBid
2025-12-19 22:58:35,2025-12-19T22:58:35,59.97,1.0,SetByAsk
2025-12-19 22:59:17,2025-12-19T22:59:17,59.97,1.0,SetByBid
2025-12-19 22:59:17,2025-12-19T22:59:17,59.97,1.0,SetByBid
2025-12-19 22:59:29,2025-12-19T22:59:29,59.97,1.0,SetByBid
2025-12-19 22:59:29,2025-12-19T22:59:29,59.97,1.0,SetByBid
2025-12-19 22:59:29,2025-12-19T22:59:29,59.97,3.0,SetByBid
2025-12-19 22:59:38,2025-12-19T22:59:38,59.96,1.0,SetByBid
2025-12-19 22:59:38,2025-12-19T22:59:38,59.96,1.0,SetByBid
2025-12-19 22:59:55,2025-12-19T22:59:55,59.95,1.0,SetByBid
2025-12-19 22:59:55,2025-12-19T22:59:55,59.96,1.0,SetByBid
2025-12-19 22:59:55,2025-12-19T22:59:55,59.96,1.0,SetByBid
2025-12-19 22:59:55,2025-12-19T22:59:55,59.96,1.0,SetByBid
2025-12-19 23:00:08,2025-12-19T23:00:08,59.92,1.0,SetByAsk
2025-12-19 23:00:17,2025-12-19T23:00:17,59.9,1.0,SetByAsk
2025-12-19 23:00:17,2025-12-19T23:00:17,59.9,1.0,SetByBid
2025-12-19 23:00:17,2025-12-19T23:00:17,59.9,2.0,SetByBid
2025-12-19 23:00:24,2025-12-19T23:00:24,59.89,1.0,SetByAsk
2025-12-19 23:00:27,2025-12-19T23:00:27,59.9,1.0,SetByBid
2025-12-19 23:00:42,2025-12-19T23:00:42,59.91,1.0,SetByBid
2025-12-19 23:00:42,2025-12-19T23:00:42,59.91,1.0,SetByBid
2025-12-19 23:00:46,2025-12-19T23:00:46,59.9,1.0,SetByAsk
2025-12-19 23:00:46,2025-12-19T23:00:46,59.9,1.0,SetByAsk
2025-12-19 23:00:55,2025-12-19T23:00:55,59.89,1.0,SetByAsk
2025-12-19 23:00:57,2025-12-19T23:00:57,59.89,2.0,SetByAsk
2025-12-19 23:01:20,2025-12-19T23:01:20,59.89,1.0,SetByAsk
2025-12-19 23:01:29,2025-12-19T23:01:29,59.89,1.0,SetByBid
2025-12-19 23:01:29,2025-12-19T23:01:29,59.9,1.0,SetByBid
2025-12-19 23:01:31,2025-12-19T23:01:31,59.9,1.0,SetByAsk
2025-12-19 23:01:31,2025-12-19T23:01:31,59.91,1.0,SetByBid
2025-12-19 23:01:36,2025-12-19T23:01:36,59.91,1.0,SetByAsk
2025-12-19 23:02:07,2025-12-19T23:02:07,59.9,1.0,SetByAsk
2025-12-19 23:02:21,2025-12-19T23:02:21,59.9,1.0,SetByBid
2025-12-19 23:02:50,2025-12-19T23:02:50,59.86,1.0,SetByAsk
2025-12-19 23:02:52,2025-12-19T23:02:52,59.86,1.0,SetByAsk
2025-12-19 23:02:52,2025-12-19T23:02:52,59.86,1.0,SetByBid
2025-12-19 23:03:02,2025-12-19T23:03:02,59.86,1.0,SetByBid
2025-12-19 23:03:18,2025-12-19T23:03:18,59.85,1.0,SetByAsk
2025-12-19 23:03:18,2025-12-19T23:03:18,59.85,1.0,SetByAsk
2025-12-19 23:03:22,2025-12-19T23:03:22,59.85,1.0,SetByAsk
2025-12-19 23:03:55,2025-12-19T23:03:55,59.83,1.0,SetByAsk
2025-12-19 23:04:17,2025-12-19T23:04:17,59.83,1.0,SetByBid
2025-12-19 23:04:17,2025-12-19T23:04:17,59.83,1.0,SetByBid
2025-12-19 23:04:17,2025-12-19T23:04:17,59.83,1.0,SetByBid
2025-12-19 23:04:17,2025-12-19T23:04:17,59.83,2.0,SetByBid
2025-12-19 23:04:24,2025-12-19T23:04:24,59.82,1.0,SetByAsk
2025-12-19 23:04:25,2025-12-19T23:04:25,59.82,1.0,SetByAsk
2025-12-19 23:04:32,2025-12-19T23:04:32,59.82,1.0,SetByBid
2025-12-19 23:04:58,2025-12-19T23:04:58,59.84,1.0,SetByAsk
2025-12-19 23:05:26,2025-12-19T23:05:26,59.83,1.0,SetByAsk
2025-12-19 23:05:52,2025-12-19T23:05:52,59.81,1.0,SetByAsk
2025-12-19 23:05:52,2025-12-19T23:05:52,59.81,1.0,SetByAsk
2025-12-19 23:06:14,2025-12-19T23:06:14,59.8,1.0,SetByAsk
2025-12-19 23:06:14,2025-12-19T23:06:14,59.8,5.0,SetByAsk
2025-12-19 23:06:14,2025-12-19T23:06:14,59.8,1.0,SetByBid
2025-12-19 23:06:30,2025-12-19T23:06:30,59.81,1.0,SetByBid
2025-12-19 23:06:59,2025-12-19T23:06:59,59.81,1.0,SetByAsk
2025-12-19 23:07:00,2025-12-19T23:07:00,59.81,1.0,SetByAsk
2025-12-19 23:07:44,2025-12-19T23:07:44,59.8,1.0,SetByBid
2025-12-19 23:07:57,2025-12-19T23:07:57,59.79,1.0,SetByAsk
2025-12-19 23:08:04,2025-12-19T23:08:04,59.78,1.0,SetByAsk
2025-12-19 23:08:04,2025-12-19T23:08:04,59.77,1.0,SetByAsk
2025-12-19 23:08:04,2025-12-19T23:08:04,59.77,1.0,SetByBid
2025-12-19 23:08:14,2025-12-19T23:08:14,59.77,1.0,SetByBid
2025-12-19 23:08:21,2025-12-19T23:08:21,59.77,1.0,SetByBid
2025-12-19 23:08:28,2025-12-19T23:08:28,59.76,1.0,SetByBid
2025-12-19 23:09:04,2025-12-19T23:09:04,59.77,2.0,SetByBid
2025-12-19 23:09:04,2025-12-19T23:09:04,59.77,10.0,SetByBid
2025-12-19 23:09:15,2025-12-19T23:09:15,59.77,1.0,SetByBid
2025-12-19 23:09:15,2025-12-19T23:09:15,59.77,1.0,SetByBid
2025-12-19 23:09:20,2025-12-19T23:09:20,59.77,1.0,SetByAsk
2025-12-19 23:09:55,2025-12-19T23:09:55,59.77,1.0,SetByBid
2025-12-19 23:10:00,2025-12-19T23:10:00,59.79,1.0,SetByBid
2025-12-19 23:10:18,2025-12-19T23:10:18,59.82,1.0,SetByAsk
2025-12-19 23:10:18,2025-12-19T23:10:18,59.82,1.0,SetByAsk
2025-12-19 23:11:27,2025-12-19T23:11:27,59.84,1.0,SetByAsk
2025-12-19 23:11:52,2025-12-19T23:11:52,59.83,1.0,SetByBid
2025-12-19 23:11:53,2025-12-19T23:11:53,59.82,1.0,SetByAsk
2025-12-19 23:11:53,2025-12-19T23:11:53,59.82,1.0,SetByAsk
2025-12-19 23:12:39,2025-12-19T23:12:39,59.86,1.0,SetByBid
2025-12-19 23:12:44,2025-12-19T23:12:44,59.87,1.0,SetByAsk
2025-12-19 23:13:30,2025-12-19T23:13:30,59.87,1.0,SetByAsk
2025-12-19 23:14:11,2025-12-19T23:14:11,59.87,1.0,SetByAsk
2025-12-19 23:14:11,2025-12-19T23:14:11,59.87,1.0,SetByAsk
2025-12-19 23:14:37,2025-12-19T23:14:37,59.85,1.0,SetByBid
2025-12-19 23:14:41,2025-12-19T23:14:41,59.85,1.0,SetByAsk
2025-12-19 23:15:00,2025-12-19T23:15:00,59.86,1.0,SetByAsk
2025-12-19 23:15:00,2025-12-19T23:15:00,59.86,1.0,SetByBid
2025-12-19 23:15:01,2025-12-19T23:15:01,59.87,2.0,SetByAsk
2025-12-19 23:15:05,2025-12-19T23:15:05,59.87,1.0,SetByAsk
2025-12-19 23:15:09,2025-12-19T23:15:09,59.86,2.0,SetByAsk
2025-12-19 23:15:09,2025-12-19T23:15:09,59.86,1.0,SetByAsk
2025-12-19 23:15:24,2025-12-19T23:15:24,59.86,1.0,SetByBid
2025-12-19 23:15:29,2025-12-19T23:15:29,59.85,1.0,SetByAsk
2025-12-19 23:15:29,2025-12-19T23:15:29,59.85,1.0,SetByAsk
2025-12-19 23:16:02,2025-12-19T23:16:02,59.85,1.0,SetByBid
2025-12-19 23:16:02,2025-12-19T23:16:02,59.85,1.0,SetByBid
2025-12-19 23:16:02,2025-12-19T23:16:02,59.85,1.0,SetByBid
2025-12-19 23:16:14,2025-12-19T23:16:14,59.85,1.0,SetByBid
2025-12-19 23:16:14,2025-12-19T23:16:14,59.85,1.0,SetByBid
2025-12-19 23:16:14,2025-12-19T23:16:14,59.85,2.0,SetByBid
2025-12-19 23:16:14,2025-12-19T23:16:14,59.86,1.0,SetByBid
2025-12-19 23:16:14,2025-12-19T23:16:14,59.86,1.0,SetByBid
2025-12-19 23:16:14,2025-12-19T23:16:14,59.86,1.0,SetByBid
2025-12-19 23:16:14,2025-12-19T23:16:14,59.86,1.0,SetByBid
2025-12-19 23:16:48,2025-12-19T23:16:48,59.87,1.0,SetByBid
2025-12-19 23:16:48,2025-12-19T23:16:48,59.87,1.0,SetByBid
2025-12-19 23:17:19,2025-12-19T23:17:19,59.84,1.0,SetByBid
2025-12-19 23:17:19,2025-12-19T23:17:19,59.83,1.0,SetByAsk
2025-12-19 23:17:19,2025-12-19T23:17:19,59.83,1.0,SetByAsk
2025-12-19 23:17:19,2025-12-19T23:17:19,59.83,1.0,SetByAsk
2025-12-19 23:17:19,2025-12-19T23:17:19,59.83,1.0,SetByAsk
2025-12-19 23:17:21,2025-12-19T23:17:21,59.83,1.0,SetByAsk
2025-12-19 23:17:21,2025-12-19T23:17:21,59.83,2.0,SetByAsk
2025-12-19 23:17:34,2025-12-19T23:17:34,59.82,2.0,SetByAsk
2025-12-19 23:19:36,2025-12-19T23:19:36,59.82,1.0,SetByAsk
2025-12-19 23:19:36,2025-12-19T23:19:36,59.82,1.0,SetByAsk
2025-12-19 23:19:36,2025-12-19T23:19:36,59.82,1.0,SetByAsk
2025-12-19 23:20:01,2025-12-19T23:20:01,59.84,1.0,SetByBid
2025-12-19 23:20:01,2025-12-19T23:20:01,59.84,1.0,SetByAsk
2025-12-19 23:20:26,2025-12-19T23:20:26,59.82,1.0,SetByBid
2025-12-19 23:20:26,2025-12-19T23:20:26,59.82,1.0,SetByBid
2025-12-19 23:20:28,2025-12-19T23:20:28,59.81,1.0,SetByAsk
2025-12-19 23:20:28,2025-12-19T23:20:28,59.81,1.0,SetByAsk
2025-12-19 23:20:28,2025-12-19T23:20:28,59.81,1.0,SetByAsk
2025-12-19 23:20:28,2025-12-19T23:20:28,59.81,1.0,SetByAsk
2025-12-19 23:20:28,2025-12-19T23:20:28,59.81,1.0,SetByAsk
2025-12-19 23:20:28,2025-12-19T23:20:28,59.81,1.0,SetByAsk
2025-12-19 23:20:28,2025-12-19T23:20:28,59.81,1.0,SetByAsk
2025-12-19 23:20:28,2025-12-19T23:20:28,59.81,1.0,SetByAsk
2025-12-19 23:20:28,2025-12-19T23:20:28,59.81,2.0,SetByBid
2025-12-19 23:20:28,2025-12-19T23:20:28,59.81,1.0,SetByBid
2025-12-19 23:20:28,2025-12-19T23:20:28,59.81,1.0,SetByBid
2025-12-19 23:20:28,2025-12-19T23:20:28,59.81,4.0,SetByBid
2025-12-19 23:20:28,2025-12-19T23:20:28,59.81,4.0,SetByBid
2025-12-19 23:20:28,2025-12-19T23:20:28,59.81,1.0,SetByBid
2025-12-19 23:20:28,2025-12-19T23:20:28,59.81,2.0,SetByBid
2025-12-19 23:20:28,2025-12-19T23:20:28,59.81,7.0,SetByBid
2025-12-19 23:20:28,2025-12-19T23:20:28,59.81,1.0,SetByBid
2025-12-19 23:20:28,2025-12-19T23:20:28,59.82,1.0,SetByBid
2025-12-19 23:20:28,2025-12-19T23:20:28,59.82,1.0,SetByBid
2025-12-19 23:20:52,2025-12-19T23:20:52,59.82,1.0,SetByBid
2025-12-19 23:20:59,2025-12-19T23:20:59,59.81,2.0,SetByAsk
2025-12-19 23:20:59,2025-12-19T23:20:59,59.81,1.0,SetByAsk
2025-12-19 23:21:10,2025-12-19T23:21:10,59.82,1.0,SetByBid
2025-12-19 23:21:10,2025-12-19T23:21:10,59.82,1.0,SetByBid
2025-12-19 23:21:17,2025-12-19T23:21:17,59.83,1.0,SetByBid
2025-12-19 23:21:17,2025-12-19T23:21:17,59.83,1.0,SetByBid
2025-12-19 23:21:28,2025-12-19T23:21:28,59.83,1.0,SetByBid
2025-12-19 23:21:33,2025-12-19T23:21:33,59.83,1.0,SetByAsk
2025-12-19 23:21:34,2025-12-19T23:21:34,59.82,2.0,SetByAsk
2025-12-19 23:21:34,2025-12-19T23:21:34,59.82,1.0,SetByAsk
2025-12-19 23:21:34,2025-12-19T23:21:34,59.82,1.0,SetByAsk
2025-12-19 23:21:34,2025-12-19T23:21:34,59.82,1.0,SetByAsk
2025-12-19 23:21:34,2025-12-19T23:21:34,59.82,1.0,SetByAsk
2025-12-19 23:21:34,2025-12-19T23:21:34,59.82,1.0,SetByAsk
2025-12-19 23:21:34,2025-12-19T23:21:34,59.82,1.0,SetByAsk
2025-12-19 23:21:34,2025-12-19T23:21:34,59.82,2.0,SetByAsk
2025-12-19 23:21:34,2025-12-19T23:21:34,59.82,1.0,SetByBid
2025-12-19 23:21:34,2025-12-19T23:21:34,59.82,1.0,SetByBid
2025-12-19 23:21:34,2025-12-19T23:21:34,59.82,1.0,SetByBid
2025-12-19 23:21:54,2025-12-19T23:21:54,59.82,1.0,SetByBid
2025-12-19 23:21:54,2025-12-19T23:21:54,59.82,1.0,SetByBid
2025-12-19 23:21:54,2025-12-19T23:21:54,59.82,1.0,SetByBid
2025-12-19 23:22:00,2025-12-19T23:22:00,59.82,1.0,SetByBid
2025-12-19 23:22:02,2025-12-19T23:22:02,59.82,2.0,"SetByAsk, Leg"
2025-12-19 23:22:02,2025-12-19T23:22:02,59.81,2.0,"SetByAsk, Leg"
2025-12-19 23:22:02,2025-12-19T23:22:02,59.81,1.0,SetByAsk
2025-12-19 23:22:05,2025-12-19T23:22:05,59.81,1.0,SetByAsk
2025-12-19 23:22:05,2025-12-19T23:22:05,59.81,1.0,SetByAsk
2025-12-19 23:22:05,2025-12-19T23:22:05,59.81,1.0,SetByAsk
2025-12-19 23:22:05,2025-12-19T23:22:05,59.81,1.0,SetByAsk
2025-12-19 23:22:05,2025-12-19T23:22:05,59.81,1.0,SetByAsk
2025-12-19 23:22:28,2025-12-19T23:22:28,59.81,1.0,SetByBid
2025-12-19 23:22:28,2025-12-19T23:22:28,59.81,1.0,SetByBid
2025-12-19 23:22:35,2025-12-19T23:22:35,59.82,1.0,SetByBid
2025-12-19 23:22:35,2025-12-19T23:22:35,59.82,2.0,SetByBid
2025-12-19 23:22:35,2025-12-19T23:22:35,59.82,1.0,SetByBid
2025-12-19 23:22:36,2025-12-19T23:22:36,59.82,1.0,SetByBid
2025-12-19 23:22:36,2025-12-19T23:22:36,59.82,1.0,SetByBid
2025-12-19 23:22:43,2025-12-19T23:22:43,59.82,1.0,SetByAsk
2025-12-19 23:23:12,2025-12-19T23:23:12,59.83,1.0,SetByBid
2025-12-19 23:23:12,2025-12-19T23:23:12,59.83,1.0,SetByBid
2025-12-19 23:23:18,2025-12-19T23:23:18,59.82,1.0,SetByBid
2025-12-19 23:23:18,2025-12-19T23:23:18,59.82,1.0,SetByBid
2025-12-19 23:23:29,2025-12-19T23:23:29,59.82,1.0,SetByAsk
2025-12-19 23:23:40,2025-12-19T23:23:40,59.83,1.0,SetByBid
2025-12-19 23:24:02,2025-12-19T23:24:02,59.81,1.0,SetByAsk
2025-12-19 23:24:34,2025-12-19T23:24:34,59.81,1.0,SetByBid
2025-12-19 23:24:34,2025-12-19T23:24:34,59.81,1.0,SetByBid
2025-12-19 23:25:00,2025-12-19T23:25:00,59.83,2.0,SetByBid
2025-12-19 23:25:02,2025-12-19T23:25:02,59.83,1.0,SetByAsk
2025-12-19 23:25:02,2025-12-19T23:25:02,59.83,1.0,SetByAsk
2025-12-19 23:25:02,2025-12-19T23:25:02,59.83,1.0,SetByAsk
2025-12-19 23:25:02,2025-12-19T23:25:02,59.83,1.0,SetByAsk
2025-12-19 23:25:20,2025-12-19T23:25:20,59.82,1.0,SetByAsk
2025-12-19 23:25:31,2025-12-19T23:25:31,59.81,1.0,SetByAsk
2025-12-19 23:25:41,2025-12-19T23:25:41,59.83,5.0,SetByBid
2025-12-19 23:26:05,2025-12-19T23:26:05,59.84,1.0,SetByBid
2025-12-19 23:26:08,2025-12-19T23:26:08,59.84,1.0,SetByBid
2025-12-19 23:26:08,2025-12-19T23:26:08,59.84,1.0,SetByBid
2025-12-19 23:26:08,2025-12-19T23:26:08,59.84,1.0,SetByBid
2025-12-19 23:26:08,2025-12-19T23:26:08,59.84,1.0,SetByAsk
2025-12-19 23:26:08,2025-12-19T23:26:08,59.84,7.0,SetByAsk
2025-12-19 23:26:08,2025-12-19T23:26:08,59.84,1.0,SetByAsk
2025-12-19 23:26:08,2025-12-19T23:26:08,59.84,1.0,SetByAsk
2025-12-19 23:26:08,2025-12-19T23:26:08,59.84,1.0,SetByAsk
2025-12-19 23:26:08,2025-12-19T23:26:08,59.84,1.0,SetByAsk
2025-12-19 23:26:09,2025-12-19T23:26:09,59.84,12.0,SetByAsk
2025-12-19 23:26:09,2025-12-19T23:26:09,59.84,1.0,SetByAsk
2025-12-19 23:26:09,2025-12-19T23:26:09,59.84,1.0,SetByAsk
2025-12-19 23:26:31,2025-12-19T23:26:31,59.84,1.0,SetByBid
2025-12-19 23:26:37,2025-12-19T23:26:37,59.86,1.0,SetByBid
2025-12-19 23:26:37,2025-12-19T23:26:37,59.86,1.0,SetByBid
2025-12-19 23:26:52,2025-12-19T23:26:52,59.86,1.0,SetByAsk
2025-12-19 23:26:55,2025-12-19T23:26:55,59.88,1.0,SetByBid
2025-12-19 23:26:59,2025-12-19T23:26:59,59.86,1.0,SetByAsk
2025-12-19 23:27:04,2025-12-19T23:27:04,59.85,2.0,SetByAsk
2025-12-19 23:27:04,2025-12-19T23:27:04,59.85,1.0,SetByAsk
2025-12-19 23:27:04,2025-12-19T23:27:04,59.85,1.0,SetByAsk
2025-12-19 23:27:04,2025-12-19T23:27:04,59.85,1.0,SetByBid
2025-12-19 23:27:04,2025-12-19T23:27:04,59.85,1.0,SetByBid
2025-12-19 23:27:13,2025-12-19T23:27:13,59.85,1.0,SetByAsk
2025-12-19 23:27:13,2025-12-19T23:27:13,59.85,1.0,SetByBid
2025-12-19 23:27:18,2025-12-19T23:27:18,59.86,1.0,SetByBid
2025-12-19 23:27:19,2025-12-19T23:27:19,59.85,1.0,SetByAsk
2025-12-19 23:27:19,2025-12-19T23:27:19,59.85,1.0,SetByAsk
2025-12-19 23:27:19,2025-12-19T23:27:19,59.85,1.0,SetByAsk
2025-12-19 23:27:24,2025-12-19T23:27:24,59.85,1.0,SetByBid
2025-12-19 23:27:30,2025-12-19T23:27:30,59.85,1.0,SetByBid
2025-12-19 23:27:30,2025-12-19T23:27:30,59.85,1.0,SetByBid
2025-12-19 23:27:38,2025-12-19T23:27:38,59.86,1.0,SetByBid
2025-12-19 23:27:43,2025-12-19T23:27:43,59.86,1.0,SetByAsk
2025-12-19 23:27:43,2025-12-19T23:27:43,59.86,1.0,SetByAsk
2025-12-19 23:27:46,2025-12-19T23:27:46,59.88,1.0,SetByBid
2025-12-19 23:27:46,2025-12-19T23:27:46,59.88,1.0,SetByBid
2025-12-19 23:27:46,2025-12-19T23:27:46,59.87,1.0,SetByAsk
2025-12-19 23:27:59,2025-12-19T23:27:59,59.85,1.0,SetByAsk
2025-12-19 23:27:59,2025-12-19T23:27:59,59.84,1.0,SetByAsk
2025-12-19 23:28:00,2025-12-19T23:28:00,59.84,1.0,SetByBid
2025-12-19 23:28:00,2025-12-19T23:28:00,59.83,2.0,SetByAsk
2025-12-19 23:28:00,2025-12-19T23:28:00,59.83,1.0,SetByBid
2025-12-19 23:28:00,2025-12-19T23:28:00,59.82,2.0,SetByAsk
2025-12-19 23:28:00,2025-12-19T23:28:00,59.81,1.0,SetByAsk
2025-12-19 23:28:00,2025-12-19T23:28:00,59.82,1.0,SetByBid
2025-12-19 23:28:00,2025-12-19T23:28:00,59.82,1.0,SetByBid
2025-12-19 23:28:00,2025-12-19T23:28:00,59.82,1.0,SetByAsk
2025-12-19 23:28:00,2025-12-19T23:28:00,59.82,1.0,SetByAsk
2025-12-19 23:28:02,2025-12-19T23:28:02,59.8,1.0,SetByAsk
2025-12-19 23:28:04,2025-12-19T23:28:04,59.8,1.0,SetByAsk
2025-12-19 23:28:05,2025-12-19T23:28:05,59.81,1.0,SetByBid
2025-12-19 23:28:05,2025-12-19T23:28:05,59.81,6.0,SetByBid
2025-12-19 23:28:05,2025-12-19T23:28:05,59.81,1.0,SetByBid
2025-12-19 23:28:05,2025-12-19T23:28:05,59.81,3.0,SetByAsk
2025-12-19 23:28:05,2025-12-19T23:28:05,59.81,2.0,SetByAsk
2025-12-19 23:28:06,2025-12-19T23:28:06,59.82,1.0,SetByAsk
2025-12-19 23:28:07,2025-12-19T23:28:07,59.83,1.0,SetByBid
2025-12-19 23:28:07,2025-12-19T23:28:07,59.83,2.0,SetByAsk
2025-12-19 23:28:07,2025-12-19T23:28:07,59.83,1.0,SetByAsk
2025-12-19 23:28:07,2025-12-19T23:28:07,59.83,1.0,SetByAsk
2025-12-19 23:28:08,2025-12-19T23:28:08,59.84,1.0,SetByBid
2025-12-19 23:28:09,2025-12-19T23:28:09,59.84,1.0,SetByBid
2025-12-19 23:28:10,2025-12-19T23:28:10,59.84,1.0,SetByAsk
2025-12-19 23:28:10,2025-12-19T23:28:10,59.84,1.0,SetByAsk
2025-12-19 23:28:10,2025-12-19T23:28:10,59.84,1.0,SetByAsk
2025-12-19 23:28:11,2025-12-19T23:28:11,59.83,1.0,SetByBid
2025-12-19 23:28:12,2025-12-19T23:28:12,59.82,1.0,SetByAsk
2025-12-19 23:28:12,2025-12-19T23:28:12,59.82,1.0,SetByAsk
2025-12-19 23:28:12,2025-12-19T23:28:12,59.82,1.0,SetByAsk
2025-12-19 23:28:12,2025-12-19T23:28:12,59.82,1.0,SetByAsk
2025-12-19 23:28:12,2025-12-19T23:28:12,59.82,1.0,SetByAsk
2025-12-19 23:28:12,2025-12-19T23:28:12,59.82,1.0,SetByAsk
2025-12-19 23:28:12,2025-12-19T23:28:12,59.82,1.0,SetByAsk
2025-12-19 23:28:12,2025-12-19T23:28:12,59.82,1.0,SetByAsk
2025-12-19 23:28:12,2025-12-19T23:28:12,59.82,1.0,SetByAsk
2025-12-19 23:28:12,2025-12-19T23:28:12,59.82,1.0,SetByAsk
2025-12-19 23:28:13,2025-12-19T23:28:13,59.83,1.0,SetByBid
2025-12-19 23:28:13,2025-12-19T23:28:13,59.83,2.0,SetByBid
2025-12-19 23:28:13,2025-12-19T23:28:13,59.83,1.0,SetByBid
2025-12-19 23:28:13,2025-12-19T23:28:13,59.83,1.0,SetByBid
2025-12-19 23:28:13,2025-12-19T23:28:13,59.83,1.0,SetByBid
2025-12-19 23:28:13,2025-12-19T23:28:13,59.83,1.0,SetByBid
2025-12-19 23:28:13,2025-12-19T23:28:13,59.83,1.0,SetByBid
2025-12-19 23:28:13,2025-12-19T23:28:13,59.83,1.0,SetByAsk
2025-12-19 23:28:14,2025-12-19T23:28:14,59.84,1.0,SetByBid
2025-12-19 23:28:15,2025-12-19T23:28:15,59.85,1.0,SetByBid
2025-12-19 23:28:15,2025-12-19T23:28:15,59.84,1.0,SetByAsk
2025-12-19 23:28:15,2025-12-19T23:28:15,59.84,1.0,SetByAsk
2025-12-19 23:28:15,2025-12-19T23:28:15,59.83,1.0,SetByAsk
2025-12-19 23:28:15,2025-12-19T23:28:15,59.83,1.0,SetByAsk
2025-12-19 23:28:16,2025-12-19T23:28:16,59.84,1.0,SetByBid
2025-12-19 23:28:16,2025-12-19T23:28:16,59.83,1.0,SetByAsk
2025-12-19 23:28:16,2025-12-19T23:28:16,59.85,1.0,SetByBid
2025-12-19 23:28:16,2025-12-19T23:28:16,59.84,1.0,SetByAsk
2025-12-19 23:28:16,2025-12-19T23:28:16,59.84,1.0,SetByAsk
2025-12-19 23:28:16,2025-12-19T23:28:16,59.84,1.0,SetByBid
2025-12-19 23:28:16,2025-12-19T23:28:16,59.84,1.0,SetByBid
2025-12-19 23:28:17,2025-12-19T23:28:17,59.84,1.0,SetByAsk
2025-12-19 23:28:17,2025-12-19T23:28:17,59.84,1.0,SetByAsk
2025-12-19 23:28:17,2025-12-19T23:28:17,59.84,1.0,SetByAsk
2025-12-19 23:28:17,2025-12-19T23:28:17,59.84,1.0,SetByAsk
2025-12-19 23:28:17,2025-12-19T23:28:17,59.84,1.0,SetByAsk
2025-12-19 23:28:17,2025-12-19T23:28:17,59.83,1.0,SetByAsk
2025-12-19 23:28:17,2025-12-19T23:28:17,59.83,1.0,SetByAsk
2025-12-19 23:28:17,2025-12-19T23:28:17,59.83,1.0,SetByAsk
2025-12-19 23:28:18,2025-12-19T23:28:18,59.84,1.0,SetByBid
2025-12-19 23:28:18,2025-12-19T23:28:18,59.84,1.0,SetByBid
2025-12-19 23:28:19,2025-12-19T23:28:19,59.84,1.0,SetByAsk
2025-12-19 23:28:19,2025-12-19T23:28:19,59.84,1.0,SetByAsk
2025-12-19 23:28:19,2025-12-19T23:28:19,59.85,1.0,SetByBid
2025-12-19 23:28:20,2025-12-19T23:28:20,59.84,1.0,SetByBid
2025-12-19 23:28:24,2025-12-19T23:28:24,59.84,1.0,SetByBid
2025-12-19 23:28:25,2025-12-19T23:28:25,59.83,1.0,SetByAsk
2025-12-19 23:28:25,2025-12-19T23:28:25,59.83,1.0,SetByAsk
2025-12-19 23:28:27,2025-12-19T23:28:27,59.83,1.0,SetByAsk
2025-12-19 23:28:27,2025-12-19T23:28:27,59.83,1.0,SetByAsk
2025-12-19 23:28:27,2025-12-19T23:28:27,59.83,1.0,SetByAsk
2025-12-19 23:28:27,2025-12-19T23:28:27,59.83,1.0,SetByAsk
2025-12-19 23:28:27,2025-12-19T23:28:27,59.83,1.0,SetByAsk
2025-12-19 23:28:27,2025-12-19T23:28:27,59.83,1.0,SetByAsk
2025-12-19 23:28:30,2025-12-19T23:28:30,59.82,1.0,SetByBid
2025-12-19 23:28:36,2025-12-19T23:28:36,59.83,1.0,SetByBid
2025-12-19 23:28:38,2025-12-19T23:28:38,59.82,1.0,SetByAsk
2025-12-19 23:28:40,2025-12-19T23:28:40,59.82,1.0,SetByAsk
2025-12-19 23:28:41,2025-12-19T23:28:41,59.82,1.0,SetByAsk
2025-12-19 23:28:41,2025-12-19T23:28:41,59.83,1.0,SetByBid
2025-12-19 23:28:41,2025-12-19T23:28:41,59.83,3.0,SetByBid
2025-12-19 23:28:41,2025-12-19T23:28:41,59.83,1.0,SetByBid
2025-12-19 23:28:41,2025-12-19T23:28:41,59.83,1.0,SetByBid
2025-12-19 23:28:41,2025-12-19T23:28:41,59.83,5.0,SetByBid
2025-12-19 23:28:41,2025-12-19T23:28:41,59.83,2.0,SetByBid
2025-12-19 23:28:41,2025-12-19T23:28:41,59.83,2.0,SetByBid
2025-12-19 23:28:41,2025-12-19T23:28:41,59.83,1.0,SetByAsk
2025-12-19 23:28:41,2025-12-19T23:28:41,59.83,1.0,SetByAsk
2025-12-19 23:28:43,2025-12-19T23:28:43,59.83,1.0,SetByAsk
2025-12-19 23:28:43,2025-12-19T23:28:43,59.82,1.0,SetByAsk
2025-12-19 23:28:44,2025-12-19T23:28:44,59.82,1.0,SetByAsk
2025-12-19 23:28:44,2025-12-19T23:28:44,59.82,1.0,SetByAsk
2025-12-19 23:28:45,2025-12-19T23:28:45,59.82,1.0,SetByAsk
2025-12-19 23:28:48,2025-12-19T23:28:48,59.81,1.0,SetByBid
2025-12-19 23:28:49,2025-12-19T23:28:49,59.82,1.0,SetByBid
2025-12-19 23:28:49,2025-12-19T23:28:49,59.82,1.0,SetByBid
2025-12-19 23:28:49,2025-12-19T23:28:49,59.82,1.0,SetByBid
2025-12-19 23:28:49,2025-12-19T23:28:49,59.82,1.0,SetByBid
2025-12-19 23:28:49,2025-12-19T23:28:49,59.82,1.0,SetByBid
2025-12-19 23:28:49,2025-12-19T23:28:49,59.82,1.0,SetByBid
2025-12-19 23:28:51,2025-12-19T23:28:51,59.82,5.0,SetByBid
2025-12-19 23:28:51,2025-12-19T23:28:51,59.82,1.0,SetByBid
2025-12-19 23:28:54,2025-12-19T23:28:54,59.83,1.0,SetByBid
2025-12-19 23:28:55,2025-12-19T23:28:55,59.81,1.0,SetByAsk
2025-12-19 23:28:55,2025-12-19T23:28:55,59.82,1.0,SetByAsk
2025-12-19 23:28:55,2025-12-19T23:28:55,59.81,1.0,SetByAsk
2025-12-19 23:28:55,2025-12-19T23:28:55,59.83,1.0,SetByBid
2025-12-19 23:28:57,2025-12-19T23:28:57,59.83,1.0,SetByBid
2025-12-19 23:28:58,2025-12-19T23:28:58,59.82,1.0,SetByAsk
2025-12-19 23:28:58,2025-12-19T23:28:58,59.82,1.0,SetByAsk
2025-12-19 23:28:58,2025-12-19T23:28:58,59.82,1.0,SetByAsk
2025-12-19 23:28:58,2025-12-19T23:28:58,59.82,1.0,SetByAsk
2025-12-19 23:29:00,2025-12-19T23:29:00,59.83,1.0,SetByBid
2025-12-19 23:29:01,2025-12-19T23:29:01,59.83,1.0,SetByBid
2025-12-19 23:29:05,2025-12-19T23:29:05,59.82,1.0,SetByAsk
2025-12-19 23:29:07,2025-12-19T23:29:07,59.83,1.0,SetByBid
2025-12-19 23:29:10,2025-12-19T23:29:10,59.82,2.0,SetByAsk
2025-12-19 23:29:10,2025-12-19T23:29:10,59.82,1.0,SetByAsk
2025-12-19 23:29:10,2025-12-19T23:29:10,59.82,1.0,SetByAsk
2025-12-19 23:29:10,2025-12-19T23:29:10,59.82,1.0,SetByAsk
2025-12-19 23:29:10,2025-12-19T23:29:10,59.82,1.0,SetByAsk
2025-12-19 23:29:10,2025-12-19T23:29:10,59.82,1.0,SetByAsk
2025-12-19 23:29:10,2025-12-19T23:29:10,59.82,3.0,SetByBid
2025-12-19 23:29:11,2025-12-19T23:29:11,59.82,1.0,SetByAsk
2025-12-19 23:29:11,2025-12-19T23:29:11,59.83,1.0,SetByBid
2025-12-19 23:29:13,2025-12-19T23:29:13,59.82,2.0,SetByBid
2025-12-19 23:29:13,2025-12-19T23:29:13,59.82,2.0,SetByBid
2025-12-19 23:29:13,2025-12-19T23:29:13,59.82,1.0,SetByBid
2025-12-19 23:29:13,2025-12-19T23:29:13,59.82,1.0,SetByAsk
2025-12-19 23:29:13,2025-12-19T23:29:13,59.82,1.0,SetByBid
2025-12-19 23:29:13,2025-12-19T23:29:13,59.82,1.0,SetByBid
2025-12-19 23:29:18,2025-12-19T23:29:18,59.83,1.0,SetByBid
2025-12-19 23:29:20,2025-12-19T23:29:20,59.83,1.0,SetByBid
2025-12-19 23:29:20,2025-12-19T23:29:20,59.83,2.0,SetByBid
2025-12-19 23:29:20,2025-12-19T23:29:20,59.83,1.0,SetByBid
2025-12-19 23:29:20,2025-12-19T23:29:20,59.83,1.0,SetByBid
2025-12-19 23:29:20,2025-12-19T23:29:20,59.83,1.0,SetByBid
2025-12-19 23:29:21,2025-12-19T23:29:21,59.82,1.0,SetByAsk
2025-12-19 23:29:21,2025-12-19T23:29:21,59.83,5.0,SetByBid
2025-12-19 23:29:21,2025-12-19T23:29:21,59.83,10.0,SetByBid
2025-12-19 23:29:21,2025-12-19T23:29:21,59.83,1.0,SetByBid
2025-12-19 23:29:21,2025-12-19T23:29:21,59.83,1.0,SetByAsk
2025-12-19 23:29:21,2025-12-19T23:29:21,59.83,2.0,SetByBid
2025-12-19 23:29:21,2025-12-19T23:29:21,59.83,1.0,SetByBid
2025-12-19 23:29:21,2025-12-19T23:29:21,59.83,1.0,SetByBid
2025-12-19 23:29:22,2025-12-19T23:29:22,59.83,1.0,SetByBid
2025-12-19 23:29:23,2025-12-19T23:29:23,59.84,1.0,SetByBid
2025-12-19 23:29:24,2025-12-19T23:29:24,59.83,1.0,SetByAsk
2025-12-19 23:29:27,2025-12-19T23:29:27,59.83,1.0,SetByBid
2025-12-19 23:29:27,2025-12-19T23:29:27,59.83,2.0,SetByBid
2025-12-19 23:29:27,2025-12-19T23:29:27,59.83,1.0,SetByBid
2025-12-19 23:29:27,2025-12-19T23:29:27,59.83,1.0,SetByBid
2025-12-19 23:29:27,2025-12-19T23:29:27,59.83,1.0,SetByBid
2025-12-19 23:29:29,2025-12-19T23:29:29,59.84,2.0,SetByBid
2025-12-19 23:29:29,2025-12-19T23:29:29,59.84,1.0,SetByBid
2025-12-19 23:29:29,2025-12-19T23:29:29,59.84,1.0,SetByBid
2025-12-19 23:29:29,2025-12-19T23:29:29,59.84,2.0,SetByBid
2025-12-19 23:29:29,2025-12-19T23:29:29,59.84,2.0,SetByBid
2025-12-19 23:29:29,2025-12-19T23:29:29,59.84,1.0,SetByBid
2025-12-19 23:29:29,2025-12-19T23:29:29,59.84,2.0,SetByBid
2025-12-19 23:29:29,2025-12-19T23:29:29,59.84,1.0,SetByBid
2025-12-19 23:29:29,2025-12-19T23:29:29,59.85,1.0,SetByBid
2025-12-19 23:29:33,2025-12-19T23:29:33,59.83,1.0,SetByAsk
2025-12-19 23:29:34,2025-12-19T23:29:34,59.84,2.0,SetByBid
2025-12-19 23:29:34,2025-12-19T23:29:34,59.84,1.0,SetByBid
2025-12-19 23:29:34,2025-12-19T23:29:34,59.84,1.0,SetByBid
2025-12-19 23:29:34,2025-12-19T23:29:34,59.84,2.0,SetByBid
2025-12-19 23:29:34,2025-12-19T23:29:34,59.84,5.0,SetByAsk
2025-12-19 23:29:34,2025-12-19T23:29:34,59.84,2.0,SetByAsk
2025-12-19 23:29:34,2025-12-19T23:29:34,59.84,1.0,SetByAsk
2025-12-19 23:29:36,2025-12-19T23:29:36,59.84,1.0,SetByBid
2025-12-19 23:29:37,2025-12-19T23:29:37,59.85,1.0,SetByBid
2025-12-19 23:29:37,2025-12-19T23:29:37,59.84,1.0,SetByAsk
2025-12-19 23:29:40,2025-12-19T23:29:40,59.85,1.0,SetByBid
2025-12-19 23:29:40,2025-12-19T23:29:40,59.85,1.0,SetByBid
2025-12-19 23:29:40,2025-12-19T23:29:40,59.85,1.0,SetByBid
2025-12-19 23:29:40,2025-12-19T23:29:40,59.85,1.0,SetByBid
2025-12-19 23:29:40,2025-12-19T23:29:40,59.85,1.0,SetByBid
2025-12-19 23:29:41,2025-12-19T23:29:41,59.86,1.0,SetByBid
2025-12-19 23:29:43,2025-12-19T23:29:43,59.85,1.0,SetByBid
2025-12-19 23:29:45,2025-12-19T23:29:45,59.86,1.0,SetByBid
2025-12-19 23:29:47,2025-12-19T23:29:47,59.85,1.0,SetByBid
2025-12-19 23:29:49,2025-12-19T23:29:49,59.85,1.0,SetByBid
2025-12-19 23:29:49,2025-12-19T23:29:49,59.85,2.0,SetByAsk
2025-12-19 23:29:50,2025-12-19T23:29:50,59.85,1.0,SetByBid
2025-12-19 23:29:50,2025-12-19T23:29:50,59.85,4.0,SetByAsk
2025-12-19 23:29:50,2025-12-19T23:29:50,59.85,2.0,SetByAsk
2025-12-19 23:29:50,2025-12-19T23:29:50,59.85,6.0,SetByAsk
2025-12-19 23:29:50,2025-12-19T23:29:50,59.85,4.0,SetByAsk
2025-12-19 23:29:50,2025-12-19T23:29:50,59.85,7.0,SetByAsk
2025-12-19 23:29:50,2025-12-19T23:29:50,59.86,1.0,SetByBid
2025-12-19 23:29:55,2025-12-19T23:29:55,59.85,2.0,SetByBid
2025-12-19 23:29:55,2025-12-19T23:29:55,59.84,1.0,SetByAsk
2025-12-19 23:29:55,2025-12-19T23:29:55,59.84,1.0,SetByAsk
2025-12-19 23:29:55,2025-12-19T23:29:55,59.84,1.0,SetByAsk
2025-12-19 23:29:55,2025-12-19T23:29:55,59.84,1.0,SetByAsk
2025-12-19 23:29:55,2025-12-19T23:29:55,59.84,1.0,SetByAsk
2025-12-19 23:29:56,2025-12-19T23:29:56,59.83,1.0,SetByAsk
2025-12-19 23:29:56,2025-12-19T23:29:56,59.84,2.0,SetByBid
2025-12-19 23:29:56,2025-12-19T23:29:56,59.83,1.0,SetByAsk
2025-12-19 23:29:56,2025-12-19T23:29:56,59.84,1.0,SetByBid
2025-12-19 23:29:58,2025-12-19T23:29:58,59.84,2.0,"SetByAsk, Leg"
2025-12-19 23:29:58,2025-12-19T23:29:58,59.83,2.0,"SetByAsk, Leg"
2025-12-19 23:29:58,2025-12-19T23:29:58,59.83,2.0,SetByAsk
2025-12-19 23:29:58,2025-12-19T23:29:58,59.83,1.0,SetByAsk
2025-12-19 23:29:59,2025-12-19T23:29:59,59.83,1.0,SetByAsk
2025-12-19 23:29:59,2025-12-19T23:29:59,59.84,5.0,SetByBid
2025-12-19 23:29:59,2025-12-19T23:29:59,59.84,1.0,SetByBid
2025-12-19 23:30:00,2025-12-19T23:30:00,59.84,1.0,SetByBid
2025-12-19 23:30:09,2025-12-19T23:30:09,59.83,2.0,SetByAsk
2025-12-19 23:30:09,2025-12-19T23:30:09,59.83,1.0,SetByAsk
2025-12-19 23:30:09,2025-12-19T23:30:09,59.83,2.0,SetByAsk
2025-12-19 23:30:10,2025-12-19T23:30:10,59.81,1.0,SetByAsk
2025-12-19 23:30:11,2025-12-19T23:30:11,59.82,1.0,SetByAsk
2025-12-19 23:30:26,2025-12-19T23:30:26,59.84,8.0,SetByAsk
2025-12-19 23:30:42,2025-12-19T23:30:42,59.84,1.0,SetByAsk
2025-12-19 23:30:55,2025-12-19T23:30:55,59.83,1.0,SetByAsk
2025-12-19 23:30:55,2025-12-19T23:30:55,59.83,1.0,SetByAsk
2025-12-19 23:30:55,2025-12-19T23:30:55,59.83,2.0,SetByAsk
2025-12-19 23:30:55,2025-12-19T23:30:55,59.83,1.0,SetByAsk
2025-12-19 23:31:04,2025-12-19T23:31:04,59.83,1.0,SetByBid
2025-12-19 23:31:06,2025-12-19T23:31:06,59.83,9.0,SetByAsk
2025-12-19 23:31:08,2025-12-19T23:31:08,59.83,1.0,SetByBid
2025-12-19 23:31:08,2025-12-19T23:31:08,59.83,1.0,SetByBid
2025-12-19 23:31:08,2025-12-19T23:31:08,59.83,7.0,SetByBid
2025-12-19 23:31:08,2025-12-19T23:31:08,59.83,9.0,SetByBid
2025-12-19 23:31:14,2025-12-19T23:31:14,59.84,1.0,SetByBid
2025-12-19 23:33:13,2025-12-19T23:33:13,59.84,1.0,SetByAsk
2025-12-19 23:33:18,2025-12-19T23:33:18,59.83,2.0,SetByAsk
2025-12-19 23:33:18,2025-12-19T23:33:18,59.83,1.0,SetByAsk
2025-12-19 23:33:18,2025-12-19T23:33:18,59.83,1.0,SetByAsk
2025-12-19 23:33:18,2025-12-19T23:33:18,59.83,3.0,SetByAsk
2025-12-19 23:33:18,2025-12-19T23:33:18,59.83,6.0,SetByAsk
2025-12-19 23:33:23,2025-12-19T23:33:23,59.83,1.0,SetByBid
2025-12-19 23:33:23,2025-12-19T23:33:23,59.83,1.0,SetByBid
2025-12-19 23:33:23,2025-12-19T23:33:23,59.83,2.0,SetByBid
2025-12-19 23:33:44,2025-12-19T23:33:44,59.83,1.0,SetByAsk
2025-12-19 23:34:20,2025-12-19T23:34:20,59.83,1.0,SetByAsk
2025-12-19 23:34:20,2025-12-19T23:34:20,59.83,1.0,SetByAsk
2025-12-19 23:34:41,2025-12-19T23:34:41,59.83,1.0,SetByAsk
2025-12-19 23:35:30,2025-12-19T23:35:30,59.83,1.0,SetByAsk
2025-12-19 23:35:30,2025-12-19T23:35:30,59.83,1.0,SetByBid
2025-12-19 23:36:40,2025-12-19T23:36:40,59.83,1.0,SetByAsk
2025-12-19 23:36:40,2025-12-19T23:36:40,59.83,1.0,SetByAsk
2025-12-19 23:36:40,2025-12-19T23:36:40,59.83,1.0,SetByAsk
2025-12-19 23:36:40,2025-12-19T23:36:40,59.83,1.0,SetByAsk
2025-12-19 23:36:40,2025-12-19T23:36:40,59.83,1.0,SetByAsk
2025-12-19 23:36:44,2025-12-19T23:36:44,59.83,2.0,SetByBid
2025-12-19 23:36:44,2025-12-19T23:36:44,59.83,2.0,SetByBid
2025-12-19 23:36:44,2025-12-19T23:36:44,59.83,1.0,SetByBid
2025-12-19 23:36:48,2025-12-19T23:36:48,59.83,2.0,SetByAsk
2025-12-19 23:36:48,2025-12-19T23:36:48,59.83,1.0,SetByAsk
2025-12-19 23:36:48,2025-12-19T23:36:48,59.83,1.0,SetByAsk
2025-12-19 23:36:48,2025-12-19T23:36:48,59.83,1.0,SetByAsk
2025-12-19 23:36:53,2025-12-19T23:36:53,59.83,1.0,SetByBid
2025-12-19 23:36:53,2025-12-19T23:36:53,59.83,1.0,SetByBid
2025-12-19 23:36:58,2025-12-19T23:36:58,59.83,2.0,SetByBid
2025-12-19 23:36:58,2025-12-19T23:36:58,59.83,1.0,SetByBid
2025-12-19 23:36:58,2025-12-19T23:36:58,59.83,1.0,SetByBid
2025-12-19 23:36:58,2025-12-19T23:36:58,59.83,4.0,SetByBid
2025-12-19 23:36:58,2025-12-19T23:36:58,59.83,2.0,SetByBid
2025-12-19 23:37:00,2025-12-19T23:37:00,59.83,1.0,SetByBid
2025-12-19 23:37:03,2025-12-19T23:37:03,59.83,1.0,SetByBid
2025-12-19 23:37:03,2025-12-19T23:37:03,59.83,2.0,SetByBid
2025-12-19 23:37:03,2025-12-19T23:37:03,59.83,4.0,SetByBid
2025-12-19 23:37:03,2025-12-19T23:37:03,59.83,3.0,SetByBid
2025-12-19 23:37:03,2025-12-19T23:37:03,59.83,1.0,SetByBid
2025-12-19 23:37:03,2025-12-19T23:37:03,59.83,4.0,SetByBid
2025-12-19 23:37:03,2025-12-19T23:37:03,59.83,2.0,SetByBid
2025-12-19 23:37:40,2025-12-19T23:37:40,59.84,1.0,SetByAsk
2025-12-19 23:37:40,2025-12-19T23:37:40,59.84,1.0,SetByAsk
2025-12-19 23:37:40,2025-12-19T23:37:40,59.84,1.0,SetByAsk
2025-12-19 23:37:52,2025-12-19T23:37:52,59.85,1.0,SetByAsk
2025-12-19 23:39:22,2025-12-19T23:39:22,59.84,1.0,SetByAsk
2025-12-19 23:40:00,2025-12-19T23:40:00,59.84,1.0,SetByAsk
2025-12-19 23:40:00,2025-12-19T23:40:00,59.84,1.0,SetByAsk
2025-12-19 23:42:09,2025-12-19T23:42:09,59.84,1.0,SetByBid
2025-12-19 23:42:09,2025-12-19T23:42:09,59.84,1.0,SetByBid
2025-12-19 23:42:33,2025-12-19T23:42:33,59.86,1.0,SetByAsk
2025-12-19 23:42:39,2025-12-19T23:42:39,59.87,1.0,SetByBid
2025-12-19 23:42:39,2025-12-19T23:42:39,59.87,1.0,SetByBid
2025-12-19 23:42:39,2025-12-19T23:42:39,59.87,1.0,SetByBid
2025-12-19 23:42:39,2025-12-19T23:42:39,59.87,1.0,SetByBid
2025-12-19 23:42:39,2025-12-19T23:42:39,59.87,1.0,SetByBid
2025-12-19 23:42:39,2025-12-19T23:42:39,59.87,1.0,SetByAsk
2025-12-19 23:42:39,2025-12-19T23:42:39,59.87,1.0,SetByAsk
2025-12-19 23:42:56,2025-12-19T23:42:56,59.87,2.0,SetByBid
2025-12-19 23:42:56,2025-12-19T23:42:56,59.87,1.0,SetByBid
2025-12-19 23:42:56,2025-12-19T23:42:56,59.87,1.0,SetByBid
2025-12-19 23:42:56,2025-12-19T23:42:56,59.87,1.0,SetByBid
2025-12-19 23:43:00,2025-12-19T23:43:00,59.88,1.0,SetByBid
2025-12-19 23:43:00,2025-12-19T23:43:00,59.88,1.0,SetByBid
2025-12-19 23:43:00,2025-12-19T23:43:00,59.88,1.0,SetByBid
2025-12-19 23:43:00,2025-12-19T23:43:00,59.88,1.0,SetByBid
2025-12-19 23:43:00,2025-12-19T23:43:00,59.88,2.0,SetByBid
2025-12-19 23:43:00,2025-12-19T23:43:00,59.88,1.0,SetByBid
2025-12-19 23:43:00,2025-12-19T23:43:00,59.87,1.0,SetByAsk
2025-12-19 23:43:07,2025-12-19T23:43:07,59.88,1.0,SetByBid
2025-12-19 23:43:07,2025-12-19T23:43:07,59.88,5.0,SetByBid
2025-12-19 23:43:07,2025-12-19T23:43:07,59.88,1.0,SetByBid
2025-12-19 23:43:07,2025-12-19T23:43:07,59.88,1.0,SetByBid
2025-12-19 23:43:07,2025-12-19T23:43:07,59.88,2.0,SetByBid
2025-12-19 23:43:33,2025-12-19T23:43:33,59.88,1.0,SetByBid
2025-12-19 23:43:33,2025-12-19T23:43:33,59.88,1.0,SetByBid
2025-12-19 23:43:33,2025-12-19T23:43:33,59.88,1.0,SetByBid
2025-12-19 23:43:33,2025-12-19T23:43:33,59.88,1.0,SetByBid
2025-12-19 23:43:33,2025-12-19T23:43:33,59.88,1.0,SetByBid
2025-12-19 23:46:00,2025-12-19T23:46:00,59.86,1.0,SetByAsk
2025-12-19 23:46:00,2025-12-19T23:46:00,59.86,1.0,SetByAsk
2025-12-19 23:46:00,2025-12-19T23:46:00,59.86,1.0,SetByAsk
2025-12-19 23:47:27,2025-12-19T23:47:27,59.86,1.0,SetByAsk
2025-12-19 23:47:27,2025-12-19T23:47:27,59.86,1.0,SetByAsk
2025-12-19 23:48:03,2025-12-19T23:48:03,59.87,1.0,SetByBid
2025-12-19 23:48:03,2025-12-19T23:48:03,59.87,1.0,SetByBid
2025-12-19 23:48:03,2025-12-19T23:48:03,59.87,1.0,SetByBid
2025-12-19 23:48:03,2025-12-19T23:48:03,59.87,3.0,SetByAsk
2025-12-19 23:48:03,2025-12-19T23:48:03,59.87,17.0,SetByAsk
2025-12-19 23:48:03,2025-12-19T23:48:03,59.87,32.0,SetByAsk
2025-12-19 23:48:31,2025-12-19T23:48:31,59.85,1.0,SetByBid
2025-12-19 23:48:31,2025-12-19T23:48:31,59.85,1.0,SetByBid
2025-12-19 23:48:57,2025-12-19T23:48:57,59.86,1.0,SetByBid
2025-12-19 23:49:58,2025-12-19T23:49:58,59.87,1.0,SetByBid
2025-12-19 23:49:58,2025-12-19T23:49:58,59.87,1.0,SetByBid
2025-12-19 23:49:59,2025-12-19T23:49:59,59.88,1.0,SetByBid
2025-12-19 23:54:45,2025-12-19T23:54:45,59.86,1.0,SetByBid
2025-12-19 23:55:09,2025-12-19T23:55:09,59.85,1.0,SetByBid
2025-12-19 23:55:09,2025-12-19T23:55:09,59.85,1.0,SetByAsk
2025-12-20 00:01:14,2025-12-20T00:01:14,59.83,1.0,SetByBid
2025-12-20 00:01:48,2025-12-20T00:01:48,59.84,1.0,SetByBid
2025-12-20 00:02:38,2025-12-20T00:02:38,59.83,1.0,SetByAsk
2025-12-20 00:02:38,2025-12-20T00:02:38,59.83,1.0,SetByAsk
2025-12-20 00:02:38,2025-12-20T00:02:38,59.82,1.0,SetByAsk
2025-12-20 00:02:38,2025-12-20T00:02:38,59.83,1.0,SetByAsk
2025-12-20 00:02:38,2025-12-20T00:02:38,59.83,1.0,SetByAsk
2025-12-20 00:03:19,2025-12-20T00:03:19,59.84,1.0,SetByBid
2025-12-20 00:03:19,2025-12-20T00:03:19,59.84,1.0,SetByBid
2025-12-20 00:03:19,2025-12-20T00:03:19,59.84,1.0,SetByBid
2025-12-20 00:03:19,2025-12-20T00:03:19,59.84,2.0,SetByAsk
2025-12-20 00:03:19,2025-12-20T00:03:19,59.84,9.0,SetByAsk
2025-12-20 00:03:19,2025-12-20T00:03:19,59.84,1.0,SetByAsk
2025-12-20 00:04:13,2025-12-20T00:04:13,59.84,1.0,SetByAsk
2025-12-20 00:04:13,2025-12-20T00:04:13,59.84,7.0,SetByAsk
2025-12-20 00:04:13,2025-12-20T00:04:13,59.84,1.0,SetByAsk
2025-12-20 00:04:13,2025-12-20T00:04:13,59.84,7.0,SetByAsk
2025-12-20 00:04:22,2025-12-20T00:04:22,59.85,1.0,SetByBid
2025-12-20 00:04:22,2025-12-20T00:04:22,59.85,1.0,SetByBid
2025-12-20 00:04:22,2025-12-20T00:04:22,59.85,1.0,SetByBid
2025-12-20 00:04:22,2025-12-20T00:04:22,59.85,1.0,SetByBid
2025-12-20 00:04:22,2025-12-20T00:04:22,59.85,1.0,SetByBid
2025-12-20 00:04:22,2025-12-20T00:04:22,59.85,1.0,SetByBid
2025-12-20 00:04:22,2025-12-20T00:04:22,59.85,1.0,SetByBid
2025-12-20 00:04:22,2025-12-20T00:04:22,59.85,1.0,SetByBid
2025-12-20 00:04:27,2025-12-20T00:04:27,59.86,1.0,SetByBid
2025-12-20 00:04:27,2025-12-20T00:04:27,59.86,1.0,SetByBid
2025-12-20 00:04:27,2025-12-20T00:04:27,59.86,1.0,SetByBid
2025-12-20 00:04:27,2025-12-20T00:04:27,59.86,2.0,SetByBid
2025-12-20 00:04:27,2025-12-20T00:04:27,59.86,1.0,SetByAsk
2025-12-20 00:04:49,2025-12-20T00:04:49,59.86,1.0,SetByBid
2025-12-20 00:04:53,2025-12-20T00:04:53,59.86,1.0,SetByBid
2025-12-20 00:04:56,2025-12-20T00:04:56,59.86,1.0,SetByBid
2025-12-20 00:05:02,2025-12-20T00:05:02,59.86,1.0,SetByBid
2025-12-20 00:09:05,2025-12-20T00:09:05,59.85,1.0,SetByAsk
2025-12-20 00:09:32,2025-12-20T00:09:32,59.85,1.0,SetByBid
2025-12-20 00:09:32,2025-12-20T00:09:32,59.85,1.0,SetByBid
2025-12-20 00:10:55,2025-12-20T00:10:55,59.83,1.0,SetByAsk
2025-12-20 00:11:35,2025-12-20T00:11:35,59.82,1.0,SetByAsk
2025-12-20 00:11:35,2025-12-20T00:11:35,59.82,1.0,SetByAsk
2025-12-20 00:13:09,2025-12-20T00:13:09,59.81,1.0,SetByAsk
2025-12-20 00:13:09,2025-12-20T00:13:09,59.81,1.0,SetByAsk
2025-12-20 00:13:36,2025-12-20T00:13:36,59.81,2.0,SetByAsk
2025-12-20 00:13:39,2025-12-20T00:13:39,59.82,1.0,SetByAsk
2025-12-20 00:13:39,2025-12-20T00:13:39,59.82,1.0,SetByAsk
2025-12-20 00:13:39,2025-12-20T00:13:39,59.82,1.0,SetByAsk
2025-12-20 00:13:39,2025-12-20T00:13:39,59.82,1.0,SetByAsk
2025-12-20 00:13:39,2025-12-20T00:13:39,59.82,1.0,SetByAsk
2025-12-20 00:14:15,2025-12-20T00:14:15,59.8,1.0,SetByAsk
2025-12-20 00:15:45,2025-12-20T00:15:45,59.79,1.0,SetByBid
2025-12-20 00:16:51,2025-12-20T00:16:51,59.8,1.0,SetByAsk
2025-12-20 00:18:04,2025-12-20T00:18:04,59.8,1.0,SetByAsk
2025-12-20 00:20:13,2025-12-20T00:20:13,59.81,1.0,SetByAsk
2025-12-20 00:20:36,2025-12-20T00:20:36,59.83,1.0,SetByBid
2025-12-20 00:20:38,2025-12-20T00:20:38,59.83,1.0,SetByBid
2025-12-20 00:20:40,2025-12-20T00:20:40,59.83,1.0,SetByBid
2025-12-20 00:20:42,2025-12-20T00:20:42,59.83,1.0,SetByBid
2025-12-20 00:20:45,2025-12-20T00:20:45,59.83,1.0,SetByBid
2025-12-20 00:20:47,2025-12-20T00:20:47,59.83,1.0,SetByBid
2025-12-20 00:20:49,2025-12-20T00:20:49,59.83,1.0,SetByBid
2025-12-20 00:20:51,2025-12-20T00:20:51,59.83,1.0,SetByBid
2025-12-20 00:20:55,2025-12-20T00:20:55,59.83,1.0,SetByBid
2025-12-20 00:20:55,2025-12-20T00:20:55,59.83,1.0,SetByBid
2025-12-20 00:20:55,2025-12-20T00:20:55,59.83,1.0,SetByBid
2025-12-20 00:20:55,2025-12-20T00:20:55,59.83,1.0,SetByBid
2025-12-20 00:20:55,2025-12-20T00:20:55,59.83,1.0,SetByBid
2025-12-20 00:21:13,2025-12-20T00:21:13,59.82,1.0,SetByAsk
2025-12-20 00:21:13,2025-12-20T00:21:13,59.82,1.0,SetByAsk
2025-12-20 00:21:13,2025-12-20T00:21:13,59.82,1.0,SetByAsk
2025-12-20 00:21:13,2025-12-20T00:21:13,59.82,1.0,SetByAsk
2025-12-20 00:25:09,2025-12-20T00:25:09,59.84,1.0,SetByAsk
2025-12-20 00:25:31,2025-12-20T00:25:31,59.82,1.0,SetByAsk
2025-12-20 00:25:35,2025-12-20T00:25:35,59.83,1.0,SetByAsk
2025-12-20 00:29:09,2025-12-20T00:29:09,59.85,1.0,SetByAsk
2025-12-20 00:29:09,2025-12-20T00:29:09,59.85,1.0,SetByAsk
2025-12-20 00:29:09,2025-12-20T00:29:09,59.85,1.0,SetByAsk
2025-12-20 00:29:27,2025-12-20T00:29:27,59.86,1.0,SetByBid
2025-12-20 00:29:31,2025-12-20T00:29:31,59.86,1.0,SetByBid
2025-12-20 00:33:20,2025-12-20T00:33:20,59.91,1.0,SetByBid
2025-12-20 00:34:11,2025-12-20T00:34:11,59.9,1.0,SetByAsk
2025-12-20 00:34:11,2025-12-20T00:34:11,59.9,1.0,SetByAsk
2025-12-20 00:34:11,2025-12-20T00:34:11,59.9,2.0,SetByAsk
2025-12-20 00:34:11,2025-12-20T00:34:11,59.9,1.0,SetByAsk
2025-12-20 00:34:11,2025-12-20T00:34:11,59.9,2.0,SetByBid
2025-12-20 00:34:11,2025-12-20T00:34:11,59.9,2.0,SetByBid
2025-12-20 00:34:11,2025-12-20T00:34:11,59.9,1.0,SetByAsk
2025-12-20 00:34:11,2025-12-20T00:34:11,59.9,3.0,SetByAsk
2025-12-20 00:34:11,2025-12-20T00:34:11,59.9,3.0,SetByAsk
2025-12-20 00:34:11,2025-12-20T00:34:11,59.9,1.0,SetByBid
2025-12-20 00:34:11,2025-12-20T00:34:11,59.9,1.0,SetByBid
2025-12-20 00:34:11,2025-12-20T00:34:11,59.9,1.0,SetByAsk
2025-12-20 00:34:11,2025-12-20T00:34:11,59.9,1.0,SetByAsk
2025-12-20 00:34:11,2025-12-20T00:34:11,59.9,3.0,SetByAsk
2025-12-20 00:34:11,2025-12-20T00:34:11,59.9,1.0,SetByAsk
2025-12-20 00:34:11,2025-12-20T00:34:11,59.9,1.0,SetByAsk
2025-12-20 00:34:11,2025-12-20T00:34:11,59.9,1.0,SetByAsk
2025-12-20 00:34:11,2025-12-20T00:34:11,59.9,3.0,SetByAsk
2025-12-20 00:34:11,2025-12-20T00:34:11,59.9,1.0,SetByAsk
2025-12-20 00:34:11,2025-12-20T00:34:11,59.9,1.0,SetByAsk
2025-12-20 00:34:11,2025-12-20T00:34:11,59.9,1.0,SetByAsk
2025-12-20 00:34:11,2025-12-20T00:34:11,59.9,1.0,SetByAsk
2025-12-20 00:34:11,2025-12-20T00:34:11,59.9,1.0,SetByAsk
2025-12-20 00:34:11,2025-12-20T00:34:11,59.9,1.0,SetByAsk
2025-12-20 00:34:11,2025-12-20T00:34:11,59.9,1.0,SetByAsk
2025-12-20 00:34:11,2025-12-20T00:34:11,59.9,3.0,SetByAsk
2025-12-20 00:34:11,2025-12-20T00:34:11,59.9,1.0,SetByAsk
2025-12-20 00:34:11,2025-12-20T00:34:11,59.9,1.0,SetByAsk
2025-12-20 00:34:11,2025-12-20T00:34:11,59.9,1.0,SetByBid
2025-12-20 00:34:11,2025-12-20T00:34:11,59.91,350.0,SetByBid
2025-12-20 00:34:11,2025-12-20T00:34:11,59.91,1.0,SetByBid
2025-12-20 00:34:11,2025-12-20T00:34:11,59.91,1.0,SetByBid
2025-12-20 00:34:30,2025-12-20T00:34:30,59.92,1.0,SetByBid
2025-12-20 00:35:09,2025-12-20T00:35:09,59.93,1.0,SetByAsk
2025-12-20 00:35:09,2025-12-20T00:35:09,59.93,2.0,SetByAsk
2025-12-20 00:35:09,2025-12-20T00:35:09,59.93,1.0,SetByAsk
2025-12-20 00:35:09,2025-12-20T00:35:09,59.93,1.0,SetByAsk
2025-12-20 00:36:30,2025-12-20T00:36:30,59.95,1.0,SetByBid
2025-12-20 00:36:30,2025-12-20T00:36:30,59.95,1.0,SetByBid
2025-12-20 00:36:30,2025-12-20T00:36:30,59.95,1.0,SetByBid
2025-12-20 00:39:48,2025-12-20T00:39:48,59.95,1.0,SetByBid
2025-12-20 00:39:48,2025-12-20T00:39:48,59.94,1.0,SetByAsk
2025-12-20 00:39:48,2025-12-20T00:39:48,59.95,1.0,SetByAsk
2025-12-20 00:39:56,2025-12-20T00:39:56,59.94,1.0,SetByAsk
2025-12-20 00:39:59,2025-12-20T00:39:59,59.94,1.0,SetByAsk
2025-12-20 00:39:59,2025-12-20T00:39:59,59.94,1.0,SetByAsk
2025-12-20 00:39:59,2025-12-20T00:39:59,59.94,1.0,SetByAsk
2025-12-20 00:39:59,2025-12-20T00:39:59,59.94,1.0,SetByAsk
2025-12-20 00:39:59,2025-12-20T00:39:59,59.94,1.0,SetByAsk
2025-12-20 00:39:59,2025-12-20T00:39:59,59.94,1.0,SetByAsk
2025-12-20 00:42:11,2025-12-20T00:42:11,59.94,1.0,SetByBid
2025-12-20 00:42:11,2025-12-20T00:42:11,59.94,1.0,SetByBid
2025-12-20 00:42:11,2025-12-20T00:42:11,59.94,1.0,SetByBid
2025-12-20 00:42:11,2025-12-20T00:42:11,59.94,1.0,SetByBid
2025-12-20 00:42:11,2025-12-20T00:42:11,59.94,3.0,SetByBid
2025-12-20 00:42:11,2025-12-20T00:42:11,59.94,1.0,SetByBid
2025-12-20 00:42:11,2025-12-20T00:42:11,59.94,1.0,SetByBid
2025-12-20 00:42:11,2025-12-20T00:42:11,59.94,2.0,SetByAsk
2025-12-20 00:42:18,2025-12-20T00:42:18,59.93,1.0,SetByAsk
2025-12-20 00:42:23,2025-12-20T00:42:23,59.94,2.0,SetByBid
2025-12-20 00:43:35,2025-12-20T00:43:35,59.95,1.0,SetByBid
2025-12-20 00:43:35,2025-12-20T00:43:35,59.95,1.0,SetByBid
2025-12-20 00:43:35,2025-12-20T00:43:35,59.95,1.0,SetByAsk
2025-12-20 00:47:32,2025-12-20T00:47:32,59.91,1.0,SetByBid
2025-12-20 00:47:50,2025-12-20T00:47:50,59.91,1.0,SetByBid
2025-12-20 00:47:50,2025-12-20T00:47:50,59.91,1.0,SetByBid
2025-12-20 00:47:50,2025-12-20T00:47:50,59.92,1.0,SetByBid
2025-12-20 00:50:26,2025-12-20T00:50:26,59.91,1.0,SetByBid
2025-12-20 00:50:26,2025-12-20T00:50:26,59.91,1.0,SetByBid
2025-12-20 00:51:12,2025-12-20T00:51:12,59.91,1.0,SetByBid
2025-12-20 00:51:27,2025-12-20T00:51:27,59.92,1.0,SetByBid
2025-12-20 00:51:36,2025-12-20T00:51:36,59.91,1.0,SetByAsk
2025-12-20 00:51:36,2025-12-20T00:51:36,59.91,1.0,SetByAsk
2025-12-20 00:51:36,2025-12-20T00:51:36,59.91,1.0,SetByAsk
2025-12-20 00:51:36,2025-12-20T00:51:36,59.91,3.0,SetByAsk
2025-12-20 00:51:36,2025-12-20T00:51:36,59.91,1.0,SetByAsk
2025-12-20 00:51:36,2025-12-20T00:51:36,59.91,1.0,SetByAsk
2025-12-20 00:51:36,2025-12-20T00:51:36,59.91,1.0,SetByBid
2025-12-20 00:51:36,2025-12-20T00:51:36,59.91,2.0,SetByBid
2025-12-20 00:51:36,2025-12-20T00:51:36,59.9,1.0,SetByAsk
2025-12-20 00:51:36,2025-12-20T00:51:36,59.9,1.0,SetByAsk
2025-12-20 00:51:36,2025-12-20T00:51:36,59.9,1.0,SetByAsk
2025-12-20 00:51:36,2025-12-20T00:51:36,59.9,1.0,SetByAsk
2025-12-20 00:51:36,2025-12-20T00:51:36,59.9,1.0,SetByAsk
2025-12-20 00:51:36,2025-12-20T00:51:36,59.9,1.0,SetByAsk
2025-12-20 00:51:36,2025-12-20T00:51:36,59.9,1.0,SetByAsk
2025-12-20 00:51:36,2025-12-20T00:51:36,59.9,1.0,SetByAsk
2025-12-20 00:51:36,2025-12-20T00:51:36,59.9,1.0,SetByAsk
2025-12-20 00:51:36,2025-12-20T00:51:36,59.9,1.0,SetByAsk
2025-12-20 00:51:36,2025-12-20T00:51:36,59.9,1.0,SetByAsk
2025-12-20 00:51:36,2025-12-20T00:51:36,59.9,1.0,SetByAsk
2025-12-20 00:51:36,2025-12-20T00:51:36,59.9,13.0,SetByBid
2025-12-20 00:51:36,2025-12-20T00:51:36,59.9,1.0,SetByBid
2025-12-20 00:51:36,2025-12-20T00:51:36,59.9,3.0,SetByAsk
2025-12-20 00:51:36,2025-12-20T00:51:36,59.9,1.0,SetByAsk
2025-12-20 00:51:36,2025-12-20T00:51:36,59.9,2.0,SetByBid
2025-12-20 00:51:36,2025-12-20T00:51:36,59.9,1.0,SetByBid
2025-12-20 00:51:36,2025-12-20T00:51:36,59.9,3.0,SetByAsk
2025-12-20 00:51:36,2025-12-20T00:51:36,59.9,2.0,SetByBid
2025-12-20 00:51:36,2025-12-20T00:51:36,59.9,1.0,SetByBid
2025-12-20 00:51:36,2025-12-20T00:51:36,59.9,1.0,SetByBid
2025-12-20 00:51:36,2025-12-20T00:51:36,59.9,1.0,SetByBid
2025-12-20 00:51:36,2025-12-20T00:51:36,59.9,1.0,SetByBid
2025-12-20 00:51:36,2025-12-20T00:51:36,59.91,339.0,SetByBid
2025-12-20 00:56:17,2025-12-20T00:56:17,59.9,1.0,SetByBid
2025-12-20 00:57:09,2025-12-20T00:57:09,59.88,1.0,SetByAsk
2025-12-20 00:57:21,2025-12-20T00:57:21,59.88,1.0,SetByBid
2025-12-20 00:58:08,2025-12-20T00:58:08,59.89,1.0,SetByAsk
2025-12-20 00:59:45,2025-12-20T00:59:45,59.88,1.0,SetByBid
2025-12-20 01:04:18,2025-12-20T01:04:18,59.89,1.0,SetByBid
2025-12-20 01:04:18,2025-12-20T01:04:18,59.89,1.0,SetByBid
2025-12-20 01:06:54,2025-12-20T01:06:54,59.9,1.0,SetByBid
2025-12-20 01:06:54,2025-12-20T01:06:54,59.9,1.0,SetByBid
2025-12-20 01:08:02,2025-12-20T01:08:02,59.9,1.0,SetByAsk
2025-12-20 01:08:02,2025-12-20T01:08:02,59.9,1.0,SetByAsk
2025-12-20 01:11:21,2025-12-20T01:11:21,59.88,1.0,SetByAsk
2025-12-20 01:15:34,2025-12-20T01:15:34,59.87,1.0,SetByBid
2025-12-20 01:16:00,2025-12-20T01:16:00,59.88,1.0,SetByBid
2025-12-20 01:16:00,2025-12-20T01:16:00,59.88,1.0,SetByBid
2025-12-20 01:16:45,2025-12-20T01:16:45,59.86,1.0,SetByAsk
2025-12-20 01:16:45,2025-12-20T01:16:45,59.86,1.0,SetByAsk
2025-12-20 01:20:25,2025-12-20T01:20:25,59.85,1.0,SetByAsk
2025-12-20 01:21:32,2025-12-20T01:21:32,59.89,1.0,SetByAsk
2025-12-20 01:21:32,2025-12-20T01:21:32,59.89,3.0,SetByAsk
2025-12-20 01:21:32,2025-12-20T01:21:32,59.89,1.0,SetByAsk
2025-12-20 01:21:32,2025-12-20T01:21:32,59.89,1.0,SetByAsk
2025-12-20 01:21:32,2025-12-20T01:21:32,59.9,1.0,SetByBid
2025-12-20 01:21:32,2025-12-20T01:21:32,59.9,1.0,SetByBid
2025-12-20 01:21:32,2025-12-20T01:21:32,59.9,1.0,SetByBid
2025-12-20 01:21:32,2025-12-20T01:21:32,59.9,1.0,SetByBid
2025-12-20 01:21:32,2025-12-20T01:21:32,59.89,1.0,SetByAsk
2025-12-20 01:21:32,2025-12-20T01:21:32,59.89,2.0,SetByAsk
2025-12-20 01:21:33,2025-12-20T01:21:33,59.9,1.0,SetByAsk
2025-12-20 01:21:38,2025-12-20T01:21:38,59.91,1.0,SetByAsk
2025-12-20 01:21:38,2025-12-20T01:21:38,59.91,1.0,SetByAsk
2025-12-20 01:21:38,2025-12-20T01:21:38,59.91,1.0,SetByAsk
2025-12-20 01:21:38,2025-12-20T01:21:38,59.91,1.0,SetByAsk
2025-12-20 01:21:38,2025-12-20T01:21:38,59.91,1.0,SetByAsk
2025-12-20 01:21:38,2025-12-20T01:21:38,59.91,1.0,SetByAsk
2025-12-20 01:21:39,2025-12-20T01:21:39,59.9,1.0,SetByAsk
2025-12-20 01:21:39,2025-12-20T01:21:39,59.89,1.0,SetByAsk
2025-12-20 01:21:39,2025-12-20T01:21:39,59.89,1.0,SetByAsk
2025-12-20 01:21:39,2025-12-20T01:21:39,59.89,1.0,SetByAsk
2025-12-20 01:23:57,2025-12-20T01:23:57,59.9,1.0,SetByBid
2025-12-20 01:26:32,2025-12-20T01:26:32,59.87,1.0,SetByAsk
2025-12-20 01:30:00,2025-12-20T01:30:00,59.86,1.0,SetByAsk
2025-12-20 01:34:41,2025-12-20T01:34:41,59.85,1.0,SetByAsk
2025-12-20 01:36:19,2025-12-20T01:36:19,59.83,1.0,SetByBid
2025-12-20 01:36:45,2025-12-20T01:36:45,59.83,1.0,SetByAsk
2025-12-20 01:36:45,2025-12-20T01:36:45,59.83,1.0,SetByAsk
2025-12-20 01:38:08,2025-12-20T01:38:08,59.81,1.0,SetByAsk
2025-12-20 01:40:28,2025-12-20T01:40:28,59.83,1.0,SetByAsk
2025-12-20 01:40:28,2025-12-20T01:40:28,59.83,1.0,SetByAsk
2025-12-20 01:41:25,2025-12-20T01:41:25,59.82,1.0,SetByBid
2025-12-20 01:41:25,2025-12-20T01:41:25,59.82,1.0,SetByBid
2025-12-20 01:41:25,2025-12-20T01:41:25,59.82,1.0,SetByBid
2025-12-20 01:41:25,2025-12-20T01:41:25,59.82,2.0,SetByBid
2025-12-20 01:41:25,2025-12-20T01:41:25,59.82,1.0,SetByBid
2025-12-20 01:41:57,2025-12-20T01:41:57,59.83,1.0,SetByBid
2025-12-20 01:41:57,2025-12-20T01:41:57,59.83,1.0,SetByBid
2025-12-20 01:41:57,2025-12-20T01:41:57,59.83,1.0,SetByBid
2025-12-20 01:45:07,2025-12-20T01:45:07,59.86,1.0,SetByAsk
2025-12-20 01:45:07,2025-12-20T01:45:07,59.86,1.0,SetByAsk
2025-12-20 01:50:21,2025-12-20T01:50:21,59.87,1.0,SetByAsk
2025-12-20 01:56:28,2025-12-20T01:56:28,59.89,1.0,SetByBid
2025-12-20 01:56:28,2025-12-20T01:56:28,59.89,1.0,SetByBid
2025-12-20 01:56:28,2025-12-20T01:56:28,59.89,1.0,SetByBid
2025-12-20 01:56:28,2025-12-20T01:56:28,59.89,1.0,SetByBid
2025-12-20 01:56:28,2025-12-20T01:56:28,59.89,1.0,SetByBid
2025-12-20 01:58:58,2025-12-20T01:58:58,59.88,1.0,SetByAsk
2025-12-20 01:59:59,2025-12-20T01:59:59,59.88,1.0,SetByAsk
2025-12-20 01:59:59,2025-12-20T01:59:59,59.88,1.0,SetByAsk
2025-12-20 01:59:59,2025-12-20T01:59:59,59.88,1.0,SetByAsk
2025-12-20 01:59:59,2025-12-20T01:59:59,59.88,1.0,SetByAsk
