Time,Time,%BRN 1!-ICE.Price,%BRN 1!-ICE.Size,%BRN 1!-ICE.Conditions
2025-12-30 00:02:44,2025-12-30T00:02:44,61.05,2.0,SetByAsk
2025-12-30 00:02:44,2025-12-30T00:02:44,61.05,1.0,SetByAsk
2025-12-30 00:02:44,2025-12-30T00:02:44,61.05,1.0,SetByAsk
2025-12-30 00:02:44,2025-12-30T00:02:44,61.05,2.0,SetByAsk
2025-12-30 00:02:44,2025-12-30T00:02:44,61.05,1.0,SetByAsk
2025-12-30 00:02:44,2025-12-30T00:02:44,61.05,2.0,SetByAsk
2025-12-30 00:02:44,2025-12-30T00:02:44,61.05,1.0,SetByAsk
2025-12-30 00:02:44,2025-12-30T00:02:44,61.05,4.0,SetByAsk
2025-12-30 00:02:45,2025-12-30T00:02:45,61.05,1.0,SetByAsk
2025-12-30 00:02:45,2025-12-30T00:02:45,61.05,1.0,SetByAsk
2025-12-30 00:02:45,2025-12-30T00:02:45,61.05,1.0,SetByAsk
2025-12-30 00:03:02,2025-12-30T00:03:02,61.06,2.0,SetByBid
2025-12-30 00:03:32,2025-12-30T00:03:32,61.06,1.0,SetByBid
2025-12-30 00:03:32,2025-12-30T00:03:32,61.06,2.0,SetByBid
2025-12-30 00:03:32,2025-12-30T00:03:32,61.06,1.0,"SetByBid, Leg"
2025-12-30 00:03:32,2025-12-30T00:03:32,61.07,1.0,"SetByBid, Leg"
2025-12-30 00:03:32,2025-12-30T00:03:32,61.07,2.0,SetByBid
2025-12-30 00:03:32,2025-12-30T00:03:32,61.07,1.0,SetByBid
2025-12-30 00:03:32,2025-12-30T00:03:32,61.07,1.0,SetByBid
2025-12-30 00:04:22,2025-12-30T00:04:22,61.08,1.0,SetByBid
2025-12-30 00:07:20,2025-12-30T00:07:20,61.07,1.0,SetByAsk
2025-12-30 00:08:10,2025-12-30T00:08:10,61.06,2.0,SetByAsk
2025-12-30 00:08:10,2025-12-30T00:08:10,61.06,1.0,SetByAsk
2025-12-30 00:08:10,2025-12-30T00:08:10,61.06,1.0,SetByAsk
2025-12-30 00:08:10,2025-12-30T00:08:10,61.06,3.0,SetByAsk
2025-12-30 00:08:10,2025-12-30T00:08:10,61.06,1.0,SetByAsk
2025-12-30 00:10:04,2025-12-30T00:10:04,61.07,1.0,SetByAsk
2025-12-30 00:10:04,2025-12-30T00:10:04,61.07,2.0,SetByAsk
2025-12-30 00:10:04,2025-12-30T00:10:04,61.07,1.0,SetByAsk
2025-12-30 00:11:45,2025-12-30T00:11:45,61.05,1.0,SetByAsk
2025-12-30 00:11:45,2025-12-30T00:11:45,61.05,6.0,SetByAsk
2025-12-30 00:11:45,2025-12-30T00:11:45,61.05,1.0,SetByAsk
2025-12-30 00:11:45,2025-12-30T00:11:45,61.05,2.0,SetByAsk
2025-12-30 00:13:33,2025-12-30T00:13:33,61.07,1.0,SetByAsk
2025-12-30 00:14:09,2025-12-30T00:14:09,61.07,1.0,SetByAsk
2025-12-30 00:14:37,2025-12-30T00:14:37,61.07,1.0,SetByAsk
2025-12-30 00:15:18,2025-12-30T00:15:18,61.05,1.0,SetByAsk
2025-12-30 00:15:18,2025-12-30T00:15:18,61.05,1.0,SetByAsk
2025-12-30 00:15:19,2025-12-30T00:15:19,61.05,1.0,SetByAsk
2025-12-30 00:15:19,2025-12-30T00:15:19,61.05,1.0,SetByAsk
2025-12-30 00:15:45,2025-12-30T00:15:45,61.05,1.0,SetByBid
2025-12-30 00:15:45,2025-12-30T00:15:45,61.05,1.0,SetByAsk
2025-12-30 00:15:45,2025-12-30T00:15:45,61.05,1.0,SetByAsk
2025-12-30 00:15:45,2025-12-30T00:15:45,61.06,1.0,"SetByAsk, Leg"
2025-12-30 00:15:45,2025-12-30T00:15:45,61.05,1.0,"SetByAsk, Leg"
2025-12-30 00:15:45,2025-12-30T00:15:45,61.05,1.0,SetByAsk
2025-12-30 00:15:45,2025-12-30T00:15:45,61.05,1.0,SetByAsk
2025-12-30 00:15:45,2025-12-30T00:15:45,61.05,2.0,SetByAsk
2025-12-30 00:15:45,2025-12-30T00:15:45,61.05,3.0,SetByAsk
2025-12-30 00:15:45,2025-12-30T00:15:45,61.05,1.0,SetByAsk
2025-12-30 00:15:45,2025-12-30T00:15:45,61.05,1.0,SetByAsk
2025-12-30 00:15:45,2025-12-30T00:15:45,61.05,1.0,SetByAsk
2025-12-30 00:15:45,2025-12-30T00:15:45,61.05,1.0,SetByAsk
2025-12-30 00:15:45,2025-12-30T00:15:45,61.05,1.0,SetByAsk
2025-12-30 00:15:45,2025-12-30T00:15:45,61.05,1.0,SetByBid
2025-12-30 00:15:50,2025-12-30T00:15:50,61.05,2.0,SetByBid
2025-12-30 00:15:50,2025-12-30T00:15:50,61.05,2.0,SetByAsk
2025-12-30 00:15:50,2025-12-30T00:15:50,61.05,1.0,SetByBid
2025-12-30 00:15:50,2025-12-30T00:15:50,61.05,1.0,SetByBid
2025-12-30 00:15:50,2025-12-30T00:15:50,61.05,1.0,SetByAsk
2025-12-30 00:16:00,2025-12-30T00:16:00,61.05,1.0,SetByAsk
2025-12-30 00:16:00,2025-12-30T00:16:00,61.05,1.0,SetByAsk
2025-12-30 00:16:00,2025-12-30T00:16:00,61.05,1.0,SetByAsk
2025-12-30 00:16:02,2025-12-30T00:16:02,61.05,1.0,SetByBid
2025-12-30 00:16:02,2025-12-30T00:16:02,61.05,1.0,SetByBid
2025-12-30 00:16:22,2025-12-30T00:16:22,61.03,1.0,SetByAsk
2025-12-30 00:16:27,2025-12-30T00:16:27,61.03,1.0,SetByBid
2025-12-30 00:16:27,2025-12-30T00:16:27,61.03,1.0,SetByAsk
2025-12-30 00:19:40,2025-12-30T00:19:40,61.02,1.0,SetByAsk
2025-12-30 00:20:35,2025-12-30T00:20:35,61.01,1.0,SetByAsk
2025-12-30 00:20:35,2025-12-30T00:20:35,61.01,2.0,SetByAsk
2025-12-30 00:20:35,2025-12-30T00:20:35,61.01,3.0,SetByAsk
2025-12-30 00:20:35,2025-12-30T00:20:35,61.01,3.0,SetByAsk
2025-12-30 00:20:35,2025-12-30T00:20:35,61.01,1.0,SetByAsk
2025-12-30 00:20:35,2025-12-30T00:20:35,61.01,1.0,SetByAsk
2025-12-30 00:20:57,2025-12-30T00:20:57,61.01,1.0,SetByBid
2025-12-30 00:20:57,2025-12-30T00:20:57,61.01,2.0,SetByBid
2025-12-30 00:20:57,2025-12-30T00:20:57,61.01,2.0,SetByAsk
2025-12-30 00:20:57,2025-12-30T00:20:57,61.02,3.0,SetByBid
2025-12-30 00:21:41,2025-12-30T00:21:41,61.0,1.0,SetByAsk
2025-12-30 00:21:41,2025-12-30T00:21:41,61.0,1.0,SetByAsk
2025-12-30 00:23:06,2025-12-30T00:23:06,61.0,1.0,SetByAsk
2025-12-30 00:23:06,2025-12-30T00:23:06,61.0,1.0,SetByAsk
2025-12-30 00:23:06,2025-12-30T00:23:06,61.0,1.0,SetByAsk
2025-12-30 00:23:06,2025-12-30T00:23:06,61.0,2.0,SetByAsk
2025-12-30 00:23:06,2025-12-30T00:23:06,61.0,1.0,SetByAsk
2025-12-30 00:23:06,2025-12-30T00:23:06,61.0,1.0,SetByAsk
2025-12-30 00:23:06,2025-12-30T00:23:06,61.0,2.0,SetByAsk
2025-12-30 00:23:06,2025-12-30T00:23:06,61.0,1.0,SetByAsk
2025-12-30 00:23:06,2025-12-30T00:23:06,61.0,2.0,SetByAsk
2025-12-30 00:23:06,2025-12-30T00:23:06,61.0,1.0,SetByAsk
2025-12-30 00:23:06,2025-12-30T00:23:06,61.0,2.0,SetByAsk
2025-12-30 00:23:06,2025-12-30T00:23:06,61.0,1.0,SetByAsk
2025-12-30 00:23:06,2025-12-30T00:23:06,61.0,2.0,SetByAsk
2025-12-30 00:23:06,2025-12-30T00:23:06,61.0,1.0,SetByAsk
2025-12-30 00:23:06,2025-12-30T00:23:06,61.0,2.0,SetByAsk
2025-12-30 00:23:06,2025-12-30T00:23:06,61.0,1.0,SetByAsk
2025-12-30 00:23:06,2025-12-30T00:23:06,61.0,1.0,SetByAsk
2025-12-30 00:24:24,2025-12-30T00:24:24,61.0,2.0,SetByBid
2025-12-30 00:24:24,2025-12-30T00:24:24,61.0,1.0,SetByAsk
2025-12-30 00:24:24,2025-12-30T00:24:24,61.0,1.0,SetByAsk
2025-12-30 00:24:24,2025-12-30T00:24:24,61.0,1.0,SetByAsk
2025-12-30 00:26:20,2025-12-30T00:26:20,61.01,1.0,SetByAsk
2025-12-30 00:26:37,2025-12-30T00:26:37,61.01,1.0,SetByAsk
2025-12-30 00:26:37,2025-12-30T00:26:37,61.01,1.0,SetByBid
2025-12-30 00:26:37,2025-12-30T00:26:37,61.01,1.0,SetByBid
2025-12-30 00:26:37,2025-12-30T00:26:37,61.01,1.0,SetByAsk
2025-12-30 00:26:37,2025-12-30T00:26:37,61.01,1.0,SetByBid
2025-12-30 00:26:37,2025-12-30T00:26:37,61.01,1.0,SetByBid
2025-12-30 00:26:37,2025-12-30T00:26:37,61.01,1.0,SetByAsk
2025-12-30 00:26:37,2025-12-30T00:26:37,61.01,1.0,SetByBid
2025-12-30 00:26:47,2025-12-30T00:26:47,61.0,1.0,SetByAsk
2025-12-30 00:27:26,2025-12-30T00:27:26,61.0,1.0,SetByAsk
2025-12-30 00:27:43,2025-12-30T00:27:43,61.0,1.0,SetByBid
2025-12-30 00:29:14,2025-12-30T00:29:14,60.99,1.0,SetByAsk
2025-12-30 00:29:14,2025-12-30T00:29:14,60.99,1.0,SetByAsk
2025-12-30 00:29:29,2025-12-30T00:29:29,61.0,1.0,SetByAsk
2025-12-30 00:29:54,2025-12-30T00:29:54,60.99,1.0,SetByAsk
2025-12-30 00:29:59,2025-12-30T00:29:59,60.98,2.0,SetByAsk
2025-12-30 00:29:59,2025-12-30T00:29:59,60.98,1.0,SetByAsk
2025-12-30 00:29:59,2025-12-30T00:29:59,60.98,1.0,SetByAsk
2025-12-30 00:29:59,2025-12-30T00:29:59,60.98,1.0,SetByAsk
2025-12-30 00:31:45,2025-12-30T00:31:45,60.99,8.0,SetByAsk
2025-12-30 00:31:46,2025-12-30T00:31:46,60.98,1.0,SetByAsk
2025-12-30 00:32:27,2025-12-30T00:32:27,61.0,1.0,SetByAsk
2025-12-30 00:32:34,2025-12-30T00:32:34,61.01,1.0,SetByBid
2025-12-30 00:32:56,2025-12-30T00:32:56,61.02,1.0,SetByAsk
2025-12-30 00:34:17,2025-12-30T00:34:17,61.02,1.0,SetByBid
2025-12-30 00:34:31,2025-12-30T00:34:31,61.01,1.0,SetByAsk
2025-12-30 00:34:31,2025-12-30T00:34:31,61.01,1.0,SetByAsk
2025-12-30 00:34:31,2025-12-30T00:34:31,61.01,2.0,SetByBid
2025-12-30 00:36:07,2025-12-30T00:36:07,61.02,1.0,SetByBid
2025-12-30 00:36:07,2025-12-30T00:36:07,61.02,1.0,SetByBid
2025-12-30 00:36:07,2025-12-30T00:36:07,61.02,1.0,SetByBid
2025-12-30 00:36:41,2025-12-30T00:36:41,61.01,1.0,SetByAsk
2025-12-30 00:41:17,2025-12-30T00:41:17,61.02,1.0,SetByAsk
2025-12-30 00:41:17,2025-12-30T00:41:17,61.02,1.0,SetByAsk
2025-12-30 00:44:05,2025-12-30T00:44:05,61.0,1.0,SetByBid
2025-12-30 00:44:07,2025-12-30T00:44:07,60.99,2.0,SetByAsk
2025-12-30 00:44:56,2025-12-30T00:44:56,60.99,1.0,SetByBid
2025-12-30 00:47:06,2025-12-30T00:47:06,60.99,1.0,SetByAsk
2025-12-30 00:48:12,2025-12-30T00:48:12,61.0,2.0,SetByBid
2025-12-30 00:49:10,2025-12-30T00:49:10,61.01,3.0,SetByBid
2025-12-30 00:49:10,2025-12-30T00:49:10,61.01,2.0,SetByBid
2025-12-30 00:49:10,2025-12-30T00:49:10,61.01,1.0,SetByBid
2025-12-30 00:49:10,2025-12-30T00:49:10,61.01,2.0,SetByBid
2025-12-30 00:49:10,2025-12-30T00:49:10,61.01,2.0,SetByBid
2025-12-30 00:49:10,2025-12-30T00:49:10,61.01,1.0,SetByBid
2025-12-30 00:49:10,2025-12-30T00:49:10,61.01,1.0,SetByBid
2025-12-30 00:49:10,2025-12-30T00:49:10,61.01,1.0,SetByBid
2025-12-30 00:49:10,2025-12-30T00:49:10,61.01,1.0,SetByBid
2025-12-30 00:49:10,2025-12-30T00:49:10,61.01,1.0,SetByBid
2025-12-30 00:49:10,2025-12-30T00:49:10,61.01,1.0,SetByBid
2025-12-30 00:51:07,2025-12-30T00:51:07,61.0,1.0,SetByAsk
2025-12-30 00:51:08,2025-12-30T00:51:08,61.0,2.0,SetByAsk
2025-12-30 00:51:08,2025-12-30T00:51:08,61.0,2.0,SetByAsk
2025-12-30 00:51:08,2025-12-30T00:51:08,61.0,1.0,SetByAsk
2025-12-30 00:51:21,2025-12-30T00:51:21,60.98,2.0,SetByBid
2025-12-30 00:51:28,2025-12-30T00:51:28,60.98,2.0,SetByBid
2025-12-30 00:51:28,2025-12-30T00:51:28,60.98,2.0,SetByBid
2025-12-30 00:51:28,2025-12-30T00:51:28,60.98,1.0,SetByBid
2025-12-30 00:51:38,2025-12-30T00:51:38,60.98,2.0,SetByBid
2025-12-30 00:51:46,2025-12-30T00:51:46,60.98,1.0,SetByBid
2025-12-30 00:52:10,2025-12-30T00:52:10,60.96,1.0,SetByAsk
2025-12-30 00:52:35,2025-12-30T00:52:35,60.95,1.0,SetByAsk
2025-12-30 00:52:58,2025-12-30T00:52:58,60.96,1.0,SetByBid
2025-12-30 00:52:58,2025-12-30T00:52:58,60.96,1.0,SetByAsk
2025-12-30 00:53:56,2025-12-30T00:53:56,60.93,1.0,SetByAsk
2025-12-30 00:54:00,2025-12-30T00:54:00,60.93,2.0,SetByAsk
2025-12-30 00:54:00,2025-12-30T00:54:00,60.93,1.0,SetByAsk
2025-12-30 00:54:00,2025-12-30T00:54:00,60.93,1.0,SetByAsk
2025-12-30 00:54:02,2025-12-30T00:54:02,60.92,2.0,SetByAsk
2025-12-30 00:54:33,2025-12-30T00:54:33,60.93,1.0,SetByBid
2025-12-30 00:54:33,2025-12-30T00:54:33,60.93,1.0,SetByAsk
2025-12-30 00:54:33,2025-12-30T00:54:33,60.93,1.0,SetByAsk
2025-12-30 00:55:00,2025-12-30T00:55:00,60.93,1.0,SetByAsk
2025-12-30 00:55:09,2025-12-30T00:55:09,60.93,1.0,SetByAsk
2025-12-30 00:55:11,2025-12-30T00:55:11,60.91,2.0,SetByAsk
2025-12-30 00:55:11,2025-12-30T00:55:11,60.91,1.0,SetByBid
2025-12-30 00:55:27,2025-12-30T00:55:27,60.91,1.0,SetByAsk
2025-12-30 00:55:27,2025-12-30T00:55:27,60.91,1.0,SetByAsk
2025-12-30 00:55:43,2025-12-30T00:55:43,60.92,2.0,SetByBid
2025-12-30 00:55:46,2025-12-30T00:55:46,60.91,1.0,SetByAsk
2025-12-30 00:55:46,2025-12-30T00:55:46,60.91,1.0,SetByBid
2025-12-30 00:55:46,2025-12-30T00:55:46,60.91,1.0,SetByBid
2025-12-30 00:55:46,2025-12-30T00:55:46,60.91,1.0,SetByBid
2025-12-30 00:55:51,2025-12-30T00:55:51,60.91,1.0,SetByBid
2025-12-30 00:56:08,2025-12-30T00:56:08,60.91,1.0,SetByBid
2025-12-30 00:56:08,2025-12-30T00:56:08,60.91,1.0,SetByAsk
2025-12-30 00:56:08,2025-12-30T00:56:08,60.91,1.0,SetByAsk
2025-12-30 00:57:06,2025-12-30T00:57:06,60.91,1.0,SetByAsk
2025-12-30 00:58:01,2025-12-30T00:58:01,60.91,1.0,SetByBid
2025-12-30 00:58:24,2025-12-30T00:58:24,60.92,1.0,SetByBid
2025-12-30 00:58:24,2025-12-30T00:58:24,60.92,2.0,SetByBid
2025-12-30 00:58:24,2025-12-30T00:58:24,60.92,1.0,SetByBid
2025-12-30 00:58:24,2025-12-30T00:58:24,60.92,1.0,SetByBid
2025-12-30 00:58:24,2025-12-30T00:58:24,60.92,1.0,SetByAsk
2025-12-30 00:58:24,2025-12-30T00:58:24,60.92,1.0,SetByAsk
2025-12-30 00:58:33,2025-12-30T00:58:33,60.91,1.0,SetByAsk
2025-12-30 00:58:36,2025-12-30T00:58:36,60.91,1.0,SetByAsk
2025-12-30 00:58:38,2025-12-30T00:58:38,60.92,1.0,SetByBid
2025-12-30 00:58:46,2025-12-30T00:58:46,60.91,1.0,SetByAsk
2025-12-30 00:59:04,2025-12-30T00:59:04,60.91,1.0,SetByAsk
2025-12-30 00:59:28,2025-12-30T00:59:28,60.91,1.0,SetByBid
2025-12-30 00:59:32,2025-12-30T00:59:32,60.91,1.0,SetByAsk
2025-12-30 00:59:41,2025-12-30T00:59:41,60.91,1.0,SetByAsk
2025-12-30 00:59:54,2025-12-30T00:59:54,60.92,1.0,SetByBid
2025-12-30 00:59:55,2025-12-30T00:59:55,60.92,1.0,SetByBid
2025-12-30 00:59:55,2025-12-30T00:59:55,60.93,1.0,SetByBid
2025-12-30 00:59:59,2025-12-30T00:59:59,60.92,1.0,SetByAsk
2025-12-30 01:00:08,2025-12-30T01:00:08,60.92,1.0,SetByAsk
2025-12-30 01:00:26,2025-12-30T01:00:26,60.94,2.0,SetByBid
2025-12-30 01:00:26,2025-12-30T01:00:26,60.94,1.0,SetByBid
2025-12-30 01:00:26,2025-12-30T01:00:26,60.94,1.0,SetByBid
2025-12-30 01:02:17,2025-12-30T01:02:17,60.94,2.0,SetByAsk
2025-12-30 01:02:17,2025-12-30T01:02:17,60.94,1.0,SetByAsk
2025-12-30 01:02:37,2025-12-30T01:02:37,60.94,1.0,SetByAsk
2025-12-30 01:02:37,2025-12-30T01:02:37,60.94,2.0,SetByAsk
2025-12-30 01:02:37,2025-12-30T01:02:37,60.94,1.0,SetByAsk
2025-12-30 01:02:50,2025-12-30T01:02:50,60.94,3.0,SetByAsk
2025-12-30 01:02:50,2025-12-30T01:02:50,60.94,3.0,SetByAsk
2025-12-30 01:04:03,2025-12-30T01:04:03,60.93,1.0,SetByBid
2025-12-30 01:08:59,2025-12-30T01:08:59,60.94,5.0,SetByAsk
2025-12-30 01:10:04,2025-12-30T01:10:04,60.93,1.0,SetByAsk
2025-12-30 01:11:32,2025-12-30T01:11:32,60.94,1.0,SetByBid
2025-12-30 01:12:09,2025-12-30T01:12:09,60.92,2.0,SetByAsk
2025-12-30 01:12:09,2025-12-30T01:12:09,60.92,1.0,SetByAsk
2025-12-30 01:12:09,2025-12-30T01:12:09,60.92,1.0,SetByBid
2025-12-30 01:12:32,2025-12-30T01:12:32,60.91,1.0,SetByAsk
2025-12-30 01:12:32,2025-12-30T01:12:32,60.91,1.0,SetByAsk
2025-12-30 01:15:00,2025-12-30T01:15:00,60.9,1.0,SetByAsk
2025-12-30 01:16:37,2025-12-30T01:16:37,60.89,1.0,SetByAsk
2025-12-30 01:16:37,2025-12-30T01:16:37,60.89,1.0,SetByAsk
2025-12-30 01:16:38,2025-12-30T01:16:38,60.89,1.0,SetByBid
2025-12-30 01:16:59,2025-12-30T01:16:59,60.89,2.0,SetByBid
2025-12-30 01:17:11,2025-12-30T01:17:11,60.89,1.0,SetByAsk
2025-12-30 01:17:11,2025-12-30T01:17:11,60.89,1.0,SetByAsk
2025-12-30 01:17:11,2025-12-30T01:17:11,60.89,1.0,SetByAsk
2025-12-30 01:18:47,2025-12-30T01:18:47,60.88,1.0,SetByBid
2025-12-30 01:18:47,2025-12-30T01:18:47,60.88,1.0,SetByBid
2025-12-30 01:18:47,2025-12-30T01:18:47,60.88,1.0,SetByBid
2025-12-30 01:18:47,2025-12-30T01:18:47,60.88,1.0,SetByBid
2025-12-30 01:24:55,2025-12-30T01:24:55,60.89,1.0,SetByAsk
2025-12-30 01:24:55,2025-12-30T01:24:55,60.89,1.0,SetByAsk
2025-12-30 01:26:01,2025-12-30T01:26:01,60.89,2.0,SetByBid
2025-12-30 01:26:01,2025-12-30T01:26:01,60.89,1.0,SetByBid
2025-12-30 01:26:01,2025-12-30T01:26:01,60.89,2.0,SetByBid
2025-12-30 01:26:01,2025-12-30T01:26:01,60.89,1.0,SetByBid
2025-12-30 01:26:01,2025-12-30T01:26:01,60.89,1.0,SetByBid
2025-12-30 01:26:01,2025-12-30T01:26:01,60.89,1.0,SetByBid
2025-12-30 01:26:01,2025-12-30T01:26:01,60.89,1.0,SetByBid
2025-12-30 01:26:01,2025-12-30T01:26:01,60.89,1.0,SetByBid
2025-12-30 01:26:01,2025-12-30T01:26:01,60.89,1.0,SetByBid
2025-12-30 01:26:01,2025-12-30T01:26:01,60.89,1.0,SetByBid
2025-12-30 01:26:01,2025-12-30T01:26:01,60.89,1.0,SetByBid
2025-12-30 01:26:08,2025-12-30T01:26:08,60.89,2.0,SetByBid
2025-12-30 01:26:08,2025-12-30T01:26:08,60.89,2.0,SetByBid
2025-12-30 01:26:08,2025-12-30T01:26:08,60.89,1.0,SetByBid
2025-12-30 01:26:08,2025-12-30T01:26:08,60.89,2.0,SetByBid
2025-12-30 01:26:08,2025-12-30T01:26:08,60.89,1.0,SetByBid
2025-12-30 01:26:08,2025-12-30T01:26:08,60.89,1.0,SetByBid
2025-12-30 01:26:10,2025-12-30T01:26:10,60.89,2.0,SetByBid
2025-12-30 01:26:10,2025-12-30T01:26:10,60.89,1.0,SetByBid
2025-12-30 01:27:02,2025-12-30T01:27:02,60.88,2.0,SetByAsk
2025-12-30 01:27:02,2025-12-30T01:27:02,60.88,1.0,SetByAsk
2025-12-30 01:27:58,2025-12-30T01:27:58,60.88,1.0,SetByAsk
2025-12-30 01:28:12,2025-12-30T01:28:12,60.89,1.0,SetByBid
2025-12-30 01:28:12,2025-12-30T01:28:12,60.89,2.0,SetByBid
2025-12-30 01:28:12,2025-12-30T01:28:12,60.9,1.0,SetByBid
2025-12-30 01:28:12,2025-12-30T01:28:12,60.9,2.0,SetByBid
2025-12-30 01:28:12,2025-12-30T01:28:12,60.9,1.0,SetByBid
2025-12-30 01:28:12,2025-12-30T01:28:12,60.9,1.0,SetByBid
2025-12-30 01:28:12,2025-12-30T01:28:12,60.9,2.0,SetByBid
2025-12-30 01:28:12,2025-12-30T01:28:12,60.9,1.0,SetByBid
2025-12-30 01:28:12,2025-12-30T01:28:12,60.9,2.0,SetByBid
2025-12-30 01:28:12,2025-12-30T01:28:12,60.9,1.0,SetByBid
2025-12-30 01:28:12,2025-12-30T01:28:12,60.9,2.0,SetByBid
2025-12-30 01:28:12,2025-12-30T01:28:12,60.9,1.0,SetByBid
2025-12-30 01:28:12,2025-12-30T01:28:12,60.9,1.0,SetByBid
2025-12-30 01:28:12,2025-12-30T01:28:12,60.9,1.0,SetByBid
2025-12-30 01:28:12,2025-12-30T01:28:12,60.9,1.0,SetByBid
2025-12-30 01:28:12,2025-12-30T01:28:12,60.9,1.0,SetByBid
2025-12-30 01:28:12,2025-12-30T01:28:12,60.9,1.0,SetByBid
2025-12-30 01:28:12,2025-12-30T01:28:12,60.9,3.0,SetByBid
2025-12-30 01:28:55,2025-12-30T01:28:55,60.89,1.0,SetByBid
2025-12-30 01:28:55,2025-12-30T01:28:55,60.89,2.0,SetByBid
2025-12-30 01:28:55,2025-12-30T01:28:55,60.89,1.0,SetByBid
2025-12-30 01:28:55,2025-12-30T01:28:55,60.89,1.0,SetByAsk
2025-12-30 01:28:55,2025-12-30T01:28:55,60.89,1.0,SetByAsk
2025-12-30 01:28:55,2025-12-30T01:28:55,60.89,1.0,SetByAsk
2025-12-30 01:28:55,2025-12-30T01:28:55,60.89,1.0,SetByAsk
2025-12-30 01:28:55,2025-12-30T01:28:55,60.89,1.0,SetByAsk
2025-12-30 01:28:56,2025-12-30T01:28:56,60.89,1.0,SetByAsk
2025-12-30 01:28:56,2025-12-30T01:28:56,60.89,1.0,SetByAsk
2025-12-30 01:28:56,2025-12-30T01:28:56,60.89,2.0,SetByAsk
2025-12-30 01:28:56,2025-12-30T01:28:56,60.89,1.0,SetByAsk
2025-12-30 01:28:56,2025-12-30T01:28:56,60.89,1.0,SetByAsk
2025-12-30 01:28:56,2025-12-30T01:28:56,60.89,1.0,SetByAsk
2025-12-30 01:28:56,2025-12-30T01:28:56,60.89,1.0,SetByAsk
2025-12-30 01:28:56,2025-12-30T01:28:56,60.89,1.0,SetByAsk
2025-12-30 01:28:56,2025-12-30T01:28:56,60.89,1.0,SetByAsk
2025-12-30 01:28:56,2025-12-30T01:28:56,60.89,2.0,SetByAsk
2025-12-30 01:28:56,2025-12-30T01:28:56,60.89,2.0,SetByAsk
2025-12-30 01:28:56,2025-12-30T01:28:56,60.89,1.0,SetByAsk
2025-12-30 01:28:56,2025-12-30T01:28:56,60.89,1.0,SetByAsk
2025-12-30 01:28:56,2025-12-30T01:28:56,60.89,2.0,SetByAsk
2025-12-30 01:28:56,2025-12-30T01:28:56,60.89,1.0,SetByAsk
2025-12-30 01:28:56,2025-12-30T01:28:56,60.89,1.0,SetByAsk
2025-12-30 01:29:10,2025-12-30T01:29:10,60.89,1.0,SetByBid
2025-12-30 01:29:10,2025-12-30T01:29:10,60.89,1.0,SetByAsk
2025-12-30 01:29:10,2025-12-30T01:29:10,60.89,1.0,SetByAsk
2025-12-30 01:29:10,2025-12-30T01:29:10,60.89,1.0,SetByAsk
2025-12-30 01:30:32,2025-12-30T01:30:32,60.89,1.0,SetByBid
2025-12-30 01:31:02,2025-12-30T01:31:02,60.88,1.0,SetByAsk
2025-12-30 01:31:03,2025-12-30T01:31:03,60.87,1.0,SetByAsk
2025-12-30 01:31:57,2025-12-30T01:31:57,60.87,1.0,SetByBid
2025-12-30 01:38:17,2025-12-30T01:38:17,60.9,1.0,SetByAsk
2025-12-30 01:39:58,2025-12-30T01:39:58,60.89,1.0,SetByAsk
2025-12-30 01:39:58,2025-12-30T01:39:58,60.89,1.0,SetByAsk
2025-12-30 01:40:10,2025-12-30T01:40:10,60.89,1.0,SetByAsk
2025-12-30 01:40:10,2025-12-30T01:40:10,60.89,1.0,SetByAsk
2025-12-30 01:40:10,2025-12-30T01:40:10,60.89,2.0,SetByAsk
2025-12-30 01:40:18,2025-12-30T01:40:18,60.89,1.0,SetByBid
2025-12-30 01:40:18,2025-12-30T01:40:18,60.89,1.0,SetByBid
2025-12-30 01:43:25,2025-12-30T01:43:25,60.88,1.0,SetByAsk
2025-12-30 01:43:25,2025-12-30T01:43:25,60.88,1.0,SetByAsk
2025-12-30 01:43:48,2025-12-30T01:43:48,60.88,1.0,SetByAsk
2025-12-30 01:43:48,2025-12-30T01:43:48,60.88,1.0,SetByAsk
2025-12-30 01:43:48,2025-12-30T01:43:48,60.88,1.0,SetByAsk
2025-12-30 01:43:48,2025-12-30T01:43:48,60.88,1.0,SetByAsk
2025-12-30 01:43:48,2025-12-30T01:43:48,60.88,1.0,SetByAsk
2025-12-30 01:44:05,2025-12-30T01:44:05,60.89,1.0,SetByBid
2025-12-30 01:44:05,2025-12-30T01:44:05,60.89,1.0,SetByAsk
2025-12-30 01:44:05,2025-12-30T01:44:05,60.89,1.0,SetByAsk
2025-12-30 01:44:29,2025-12-30T01:44:29,60.89,1.0,SetByBid
2025-12-30 01:44:29,2025-12-30T01:44:29,60.89,1.0,SetByAsk
2025-12-30 01:44:57,2025-12-30T01:44:57,60.88,1.0,SetByAsk
2025-12-30 01:44:57,2025-12-30T01:44:57,60.88,1.0,SetByAsk
2025-12-30 01:44:58,2025-12-30T01:44:58,60.88,1.0,SetByAsk
2025-12-30 01:44:58,2025-12-30T01:44:58,60.88,1.0,SetByAsk
2025-12-30 01:44:58,2025-12-30T01:44:58,60.88,1.0,SetByAsk
2025-12-30 01:44:58,2025-12-30T01:44:58,60.88,1.0,SetByAsk
2025-12-30 01:44:58,2025-12-30T01:44:58,60.88,1.0,SetByAsk
2025-12-30 01:44:58,2025-12-30T01:44:58,60.88,1.0,SetByAsk
2025-12-30 01:44:58,2025-12-30T01:44:58,60.88,1.0,SetByAsk
2025-12-30 01:45:00,2025-12-30T01:45:00,60.88,1.0,SetByAsk
2025-12-30 01:45:00,2025-12-30T01:45:00,60.88,1.0,SetByAsk
2025-12-30 01:45:18,2025-12-30T01:45:18,60.88,1.0,SetByAsk
2025-12-30 01:45:18,2025-12-30T01:45:18,60.88,1.0,SetByAsk
2025-12-30 01:45:18,2025-12-30T01:45:18,60.88,1.0,SetByAsk
2025-12-30 01:45:18,2025-12-30T01:45:18,60.88,1.0,SetByAsk
2025-12-30 01:45:18,2025-12-30T01:45:18,60.88,1.0,SetByAsk
2025-12-30 01:46:10,2025-12-30T01:46:10,60.87,1.0,SetByAsk
2025-12-30 01:46:12,2025-12-30T01:46:12,60.87,1.0,SetByBid
2025-12-30 01:46:12,2025-12-30T01:46:12,60.87,1.0,SetByBid
2025-12-30 01:47:44,2025-12-30T01:47:44,60.87,1.0,SetByAsk
2025-12-30 01:47:44,2025-12-30T01:47:44,60.87,1.0,SetByAsk
2025-12-30 01:48:21,2025-12-30T01:48:21,60.87,1.0,SetByAsk
2025-12-30 01:48:42,2025-12-30T01:48:42,60.87,1.0,SetByAsk
2025-12-30 01:48:44,2025-12-30T01:48:44,60.87,1.0,SetByAsk
2025-12-30 01:48:45,2025-12-30T01:48:45,60.87,1.0,SetByAsk
2025-12-30 01:48:45,2025-12-30T01:48:45,60.88,1.0,SetByAsk
2025-12-30 01:50:01,2025-12-30T01:50:01,60.89,2.0,SetByBid
2025-12-30 01:52:01,2025-12-30T01:52:01,60.89,1.0,SetByAsk
2025-12-30 01:52:05,2025-12-30T01:52:05,60.9,1.0,SetByBid
2025-12-30 01:52:55,2025-12-30T01:52:55,60.9,1.0,SetByBid
2025-12-30 01:52:55,2025-12-30T01:52:55,60.9,1.0,SetByBid
2025-12-30 01:58:57,2025-12-30T01:58:57,60.91,1.0,SetByBid
2025-12-30 01:59:00,2025-12-30T01:59:00,60.91,1.0,SetByAsk
2025-12-30 01:59:00,2025-12-30T01:59:00,60.9,1.0,SetByAsk
2025-12-30 01:59:19,2025-12-30T01:59:19,60.9,1.0,SetByAsk
2025-12-30 01:59:19,2025-12-30T01:59:19,60.89,1.0,SetByAsk
2025-12-30 01:59:19,2025-12-30T01:59:19,60.89,1.0,SetByAsk
2025-12-30 01:59:19,2025-12-30T01:59:19,60.89,3.0,SetByAsk
2025-12-30 01:59:19,2025-12-30T01:59:19,60.89,1.0,SetByBid
2025-12-30 01:59:19,2025-12-30T01:59:19,60.9,2.0,SetByBid
2025-12-30 01:59:19,2025-12-30T01:59:19,60.9,2.0,SetByBid
2025-12-30 01:59:19,2025-12-30T01:59:19,60.9,1.0,SetByBid
2025-12-30 01:59:19,2025-12-30T01:59:19,60.9,2.0,SetByBid
2025-12-30 01:59:19,2025-12-30T01:59:19,60.9,1.0,SetByBid
2025-12-30 01:59:19,2025-12-30T01:59:19,60.9,2.0,SetByAsk
2025-12-30 01:59:19,2025-12-30T01:59:19,60.9,1.0,SetByAsk
2025-12-30 01:59:19,2025-12-30T01:59:19,60.9,1.0,SetByAsk
2025-12-30 01:59:19,2025-12-30T01:59:19,60.9,1.0,SetByAsk
2025-12-30 01:59:19,2025-12-30T01:59:19,60.9,1.0,SetByAsk
2025-12-30 01:59:19,2025-12-30T01:59:19,60.9,1.0,SetByAsk
2025-12-30 01:59:19,2025-12-30T01:59:19,60.9,1.0,SetByAsk
2025-12-30 01:59:19,2025-12-30T01:59:19,60.91,1.0,SetByBid
2025-12-30 01:59:19,2025-12-30T01:59:19,60.91,1.0,SetByBid
2025-12-30 01:59:19,2025-12-30T01:59:19,60.91,1.0,SetByAsk
2025-12-30 01:59:19,2025-12-30T01:59:19,60.91,2.0,SetByAsk
2025-12-30 01:59:19,2025-12-30T01:59:19,60.91,1.0,SetByBid
2025-12-30 01:59:19,2025-12-30T01:59:19,60.91,1.0,SetByAsk
2025-12-30 01:59:19,2025-12-30T01:59:19,60.91,1.0,SetByAsk
2025-12-30 01:59:19,2025-12-30T01:59:19,60.91,1.0,SetByAsk
2025-12-30 01:59:19,2025-12-30T01:59:19,60.91,1.0,SetByAsk
2025-12-30 01:59:19,2025-12-30T01:59:19,60.91,1.0,SetByAsk
2025-12-30 01:59:19,2025-12-30T01:59:19,60.91,1.0,SetByBid
2025-12-30 01:59:19,2025-12-30T01:59:19,60.91,1.0,SetByAsk
2025-12-30 01:59:19,2025-12-30T01:59:19,60.91,1.0,SetByAsk
2025-12-30 01:59:19,2025-12-30T01:59:19,60.9,1.0,SetByAsk
2025-12-30 01:59:20,2025-12-30T01:59:20,60.91,1.0,SetByBid
2025-12-30 01:59:20,2025-12-30T01:59:20,60.91,1.0,SetByBid
2025-12-30 01:59:20,2025-12-30T01:59:20,60.91,1.0,SetByAsk
2025-12-30 01:59:20,2025-12-30T01:59:20,60.91,1.0,SetByAsk
2025-12-30 01:59:20,2025-12-30T01:59:20,60.91,1.0,SetByBid
2025-12-30 01:59:23,2025-12-30T01:59:23,60.9,1.0,SetByBid
2025-12-30 01:59:23,2025-12-30T01:59:23,60.9,2.0,SetByBid
2025-12-30 01:59:23,2025-12-30T01:59:23,60.9,2.0,SetByBid
2025-12-30 01:59:23,2025-12-30T01:59:23,60.9,1.0,SetByBid
2025-12-30 01:59:26,2025-12-30T01:59:26,60.9,1.0,SetByBid
2025-12-30 01:59:40,2025-12-30T01:59:40,60.9,1.0,SetByAsk
2025-12-30 01:59:43,2025-12-30T01:59:43,60.9,1.0,SetByAsk
2025-12-30 01:59:43,2025-12-30T01:59:43,60.9,1.0,SetByBid
2025-12-30 01:59:43,2025-12-30T01:59:43,60.9,1.0,SetByAsk
2025-12-30 01:59:43,2025-12-30T01:59:43,60.9,2.0,SetByBid
2025-12-30 01:59:43,2025-12-30T01:59:43,60.9,2.0,SetByBid
2025-12-30 01:59:43,2025-12-30T01:59:43,60.9,2.0,SetByBid
2025-12-30 01:59:43,2025-12-30T01:59:43,60.9,1.0,SetByBid
2025-12-30 01:59:43,2025-12-30T01:59:43,60.9,2.0,SetByBid
2025-12-30 01:59:44,2025-12-30T01:59:44,60.9,2.0,SetByBid
2025-12-30 01:59:44,2025-12-30T01:59:44,60.9,1.0,SetByBid
2025-12-30 01:59:45,2025-12-30T01:59:45,60.9,2.0,SetByBid
2025-12-30 01:59:45,2025-12-30T01:59:45,60.9,1.0,SetByBid
2025-12-30 01:59:45,2025-12-30T01:59:45,60.9,1.0,SetByBid
2025-12-30 01:59:45,2025-12-30T01:59:45,60.9,1.0,SetByBid
2025-12-30 01:59:50,2025-12-30T01:59:50,60.9,2.0,SetByBid
2025-12-30 01:59:50,2025-12-30T01:59:50,60.9,1.0,SetByBid
2025-12-30 01:59:54,2025-12-30T01:59:54,60.9,1.0,SetByBid
2025-12-30 01:59:54,2025-12-30T01:59:54,60.9,1.0,SetByBid
2025-12-30 01:59:58,2025-12-30T01:59:58,60.9,1.0,SetByBid
2025-12-30 01:59:58,2025-12-30T01:59:58,60.89,1.0,SetByAsk
2025-12-30 01:59:58,2025-12-30T01:59:58,60.9,1.0,SetByBid
2025-12-30 02:07:24,2025-12-30T02:07:24,60.94,1.0,SetByBid
2025-12-30 02:07:24,2025-12-30T02:07:24,60.94,1.0,SetByBid
2025-12-30 02:08:09,2025-12-30T02:08:09,60.96,1.0,SetByBid
2025-12-30 02:08:13,2025-12-30T02:08:13,60.97,1.0,SetByBid
2025-12-30 02:18:54,2025-12-30T02:18:54,60.99,3.0,SetByAsk
2025-12-30 02:18:54,2025-12-30T02:18:54,60.99,1.0,SetByAsk
2025-12-30 02:48:17,2025-12-30T02:48:17,60.91,1.0,SetByAsk
2025-12-30 02:48:17,2025-12-30T02:48:17,60.91,1.0,SetByAsk
2025-12-30 02:48:17,2025-12-30T02:48:17,60.91,1.0,SetByAsk
2025-12-30 05:00:00,2025-12-30T05:00:00,60.84,1.0,SetByAsk
2025-12-30 05:00:00,2025-12-30T05:00:00,60.83,1.0,SetByAsk
2025-12-30 05:00:01,2025-12-30T05:00:01,60.83,1.0,SetByAsk
2025-12-30 05:00:01,2025-12-30T05:00:01,60.84,1.0,SetByBid
2025-12-30 05:00:01,2025-12-30T05:00:01,60.84,1.0,SetByBid
2025-12-30 05:00:01,2025-12-30T05:00:01,60.84,1.0,SetByBid
2025-12-30 05:00:01,2025-12-30T05:00:01,60.84,1.0,SetByBid
2025-12-30 05:00:01,2025-12-30T05:00:01,60.83,1.0,SetByBid
2025-12-30 05:00:01,2025-12-30T05:00:01,60.82,1.0,SetByAsk
2025-12-30 05:00:01,2025-12-30T05:00:01,60.81,1.0,SetByAsk
2025-12-30 05:00:01,2025-12-30T05:00:01,60.82,1.0,SetByBid
2025-12-30 05:00:01,2025-12-30T05:00:01,60.81,4.0,SetByAsk
2025-12-30 05:00:01,2025-12-30T05:00:01,60.82,1.0,SetByBid
2025-12-30 05:00:01,2025-12-30T05:00:01,60.81,1.0,SetByAsk
2025-12-30 05:00:01,2025-12-30T05:00:01,60.81,1.0,SetByAsk
2025-12-30 05:00:01,2025-12-30T05:00:01,60.81,1.0,SetByAsk
2025-12-30 05:00:01,2025-12-30T05:00:01,60.81,1.0,SetByBid
2025-12-30 05:00:01,2025-12-30T05:00:01,60.81,1.0,SetByBid
2025-12-30 05:00:01,2025-12-30T05:00:01,60.81,1.0,SetByBid
2025-12-30 05:00:01,2025-12-30T05:00:01,60.81,2.0,SetByBid
2025-12-30 05:00:01,2025-12-30T05:00:01,60.81,1.0,SetByAsk
2025-12-30 05:00:01,2025-12-30T05:00:01,60.81,1.0,SetByAsk
2025-12-30 05:00:01,2025-12-30T05:00:01,60.8,1.0,SetByAsk
2025-12-30 05:00:01,2025-12-30T05:00:01,60.8,4.0,SetByAsk
2025-12-30 05:00:01,2025-12-30T05:00:01,60.81,1.0,SetByBid
2025-12-30 05:00:01,2025-12-30T05:00:01,60.81,2.0,SetByBid
2025-12-30 05:00:01,2025-12-30T05:00:01,60.81,1.0,SetByBid
2025-12-30 05:00:01,2025-12-30T05:00:01,60.81,3.0,SetByBid
2025-12-30 05:00:01,2025-12-30T05:00:01,60.8,1.0,SetByAsk
2025-12-30 05:00:01,2025-12-30T05:00:01,60.8,4.0,SetByAsk
2025-12-30 05:00:01,2025-12-30T05:00:01,60.8,1.0,SetByBid
2025-12-30 05:00:01,2025-12-30T05:00:01,60.75,1.0,SetByBid
2025-12-30 05:00:01,2025-12-30T05:00:01,60.76,1.0,SetByBid
2025-12-30 05:00:01,2025-12-30T05:00:01,60.75,1.0,SetByBid
2025-12-30 05:00:01,2025-12-30T05:00:01,60.75,1.0,SetByBid
2025-12-30 05:00:01,2025-12-30T05:00:01,60.73,1.0,SetByAsk
2025-12-30 05:00:01,2025-12-30T05:00:01,60.74,1.0,SetByBid
2025-12-30 05:00:01,2025-12-30T05:00:01,60.74,1.0,SetByBid
2025-12-30 05:00:01,2025-12-30T05:00:01,60.74,1.0,SetByBid
2025-12-30 05:00:01,2025-12-30T05:00:01,60.74,1.0,SetByAsk
2025-12-30 05:00:01,2025-12-30T05:00:01,60.74,1.0,SetByAsk
2025-12-30 05:00:01,2025-12-30T05:00:01,60.75,1.0,SetByBid
2025-12-30 05:00:01,2025-12-30T05:00:01,60.75,1.0,SetByAsk
2025-12-30 05:00:01,2025-12-30T05:00:01,60.75,1.0,SetByBid
2025-12-30 05:00:02,2025-12-30T05:00:02,60.75,1.0,SetByBid
2025-12-30 05:00:02,2025-12-30T05:00:02,60.75,1.0,SetByAsk
2025-12-30 05:00:02,2025-12-30T05:00:02,60.76,1.0,SetByBid
2025-12-30 05:00:02,2025-12-30T05:00:02,60.75,1.0,SetByAsk
2025-12-30 05:00:02,2025-12-30T05:00:02,60.75,1.0,SetByAsk
2025-12-30 05:00:02,2025-12-30T05:00:02,60.75,1.0,SetByAsk
2025-12-30 05:00:02,2025-12-30T05:00:02,60.75,1.0,SetByAsk
2025-12-30 05:00:02,2025-12-30T05:00:02,60.75,1.0,SetByAsk
2025-12-30 05:00:02,2025-12-30T05:00:02,60.74,1.0,SetByAsk
2025-12-30 05:00:02,2025-12-30T05:00:02,60.74,1.0,SetByAsk
2025-12-30 05:00:02,2025-12-30T05:00:02,60.75,1.0,SetByAsk
2025-12-30 05:00:02,2025-12-30T05:00:02,60.74,1.0,SetByAsk
2025-12-30 05:00:02,2025-12-30T05:00:02,60.75,1.0,SetByAsk
2025-12-30 05:00:02,2025-12-30T05:00:02,60.74,1.0,SetByAsk
2025-12-30 05:00:02,2025-12-30T05:00:02,60.74,1.0,SetByAsk
2025-12-30 05:00:02,2025-12-30T05:00:02,60.74,1.0,SetByAsk
2025-12-30 05:00:02,2025-12-30T05:00:02,60.74,1.0,SetByAsk
2025-12-30 05:00:02,2025-12-30T05:00:02,60.74,1.0,SetByAsk
2025-12-30 05:00:02,2025-12-30T05:00:02,60.74,1.0,SetByBid
2025-12-30 05:00:02,2025-12-30T05:00:02,60.74,2.0,SetByBid
2025-12-30 05:00:02,2025-12-30T05:00:02,60.74,1.0,SetByBid
2025-12-30 05:00:02,2025-12-30T05:00:02,60.74,3.0,SetByBid
2025-12-30 05:00:02,2025-12-30T05:00:02,60.74,1.0,SetByBid
2025-12-30 05:00:02,2025-12-30T05:00:02,60.74,1.0,SetByBid
2025-12-30 05:00:02,2025-12-30T05:00:02,60.74,1.0,SetByBid
2025-12-30 05:00:02,2025-12-30T05:00:02,60.74,1.0,SetByBid
2025-12-30 05:00:02,2025-12-30T05:00:02,60.74,1.0,SetByBid
2025-12-30 05:00:02,2025-12-30T05:00:02,60.74,1.0,SetByBid
2025-12-30 05:00:02,2025-12-30T05:00:02,60.73,1.0,SetByAsk
2025-12-30 05:00:03,2025-12-30T05:00:03,60.73,1.0,SetByAsk
2025-12-30 05:00:03,2025-12-30T05:00:03,60.72,2.0,SetByAsk
2025-12-30 05:00:03,2025-12-30T05:00:03,60.72,1.0,SetByAsk
2025-12-30 05:00:03,2025-12-30T05:00:03,60.73,1.0,SetByBid
2025-12-30 05:00:03,2025-12-30T05:00:03,60.72,2.0,SetByAsk
2025-12-30 05:00:03,2025-12-30T05:00:03,60.72,1.0,SetByAsk
2025-12-30 05:00:03,2025-12-30T05:00:03,60.72,1.0,SetByAsk
2025-12-30 05:00:03,2025-12-30T05:00:03,60.72,1.0,SetByAsk
2025-12-30 05:00:03,2025-12-30T05:00:03,60.71,1.0,SetByAsk
2025-12-30 05:00:03,2025-12-30T05:00:03,60.72,1.0,SetByBid
2025-12-30 05:00:03,2025-12-30T05:00:03,60.72,1.0,SetByBid
2025-12-30 05:00:03,2025-12-30T05:00:03,60.73,1.0,SetByBid
2025-12-30 05:00:03,2025-12-30T05:00:03,60.71,1.0,SetByAsk
2025-12-30 05:00:03,2025-12-30T05:00:03,60.71,1.0,SetByAsk
2025-12-30 05:00:03,2025-12-30T05:00:03,60.71,1.0,"SetByAsk, Leg"
2025-12-30 05:00:03,2025-12-30T05:00:03,60.7,1.0,"SetByAsk, Leg"
2025-12-30 05:00:03,2025-12-30T05:00:03,60.7,1.0,SetByAsk
2025-12-30 05:00:03,2025-12-30T05:00:03,60.7,1.0,SetByAsk
2025-12-30 05:00:03,2025-12-30T05:00:03,60.7,3.0,SetByAsk
2025-12-30 05:00:03,2025-12-30T05:00:03,60.7,1.0,SetByAsk
2025-12-30 05:00:03,2025-12-30T05:00:03,60.7,1.0,SetByAsk
2025-12-30 05:00:03,2025-12-30T05:00:03,60.7,1.0,SetByAsk
2025-12-30 05:00:03,2025-12-30T05:00:03,60.7,1.0,SetByAsk
2025-12-30 05:00:03,2025-12-30T05:00:03,60.7,3.0,SetByBid
2025-12-30 05:00:04,2025-12-30T05:00:04,60.69,1.0,SetByAsk
2025-12-30 05:00:04,2025-12-30T05:00:04,60.69,1.0,SetByAsk
2025-12-30 05:00:04,2025-12-30T05:00:04,60.71,1.0,SetByBid
2025-12-30 05:00:04,2025-12-30T05:00:04,60.71,1.0,SetByBid
2025-12-30 05:00:04,2025-12-30T05:00:04,60.71,1.0,SetByBid
2025-12-30 05:00:04,2025-12-30T05:00:04,60.71,1.0,SetByBid
2025-12-30 05:00:05,2025-12-30T05:00:05,60.72,1.0,SetByBid
2025-12-30 05:00:05,2025-12-30T05:00:05,60.72,1.0,SetByBid
2025-12-30 05:00:05,2025-12-30T05:00:05,60.74,1.0,SetByBid
2025-12-30 05:00:05,2025-12-30T05:00:05,60.74,1.0,SetByBid
2025-12-30 05:00:07,2025-12-30T05:00:07,60.74,1.0,SetByBid
2025-12-30 05:00:08,2025-12-30T05:00:08,60.76,1.0,SetByBid
2025-12-30 05:00:08,2025-12-30T05:00:08,60.76,1.0,SetByBid
2025-12-30 05:00:09,2025-12-30T05:00:09,60.74,1.0,SetByAsk
2025-12-30 05:00:10,2025-12-30T05:00:10,60.75,1.0,SetByBid
2025-12-30 05:00:13,2025-12-30T05:00:13,60.76,1.0,SetByBid
2025-12-30 05:00:16,2025-12-30T05:00:16,60.77,1.0,SetByBid
2025-12-30 05:00:16,2025-12-30T05:00:16,60.77,1.0,SetByBid
2025-12-30 05:00:16,2025-12-30T05:00:16,60.78,1.0,SetByBid
2025-12-30 05:00:16,2025-12-30T05:00:16,60.78,1.0,SetByBid
2025-12-30 05:00:17,2025-12-30T05:00:17,60.76,1.0,SetByBid
2025-12-30 05:00:23,2025-12-30T05:00:23,60.79,1.0,SetByAsk
2025-12-30 05:00:24,2025-12-30T05:00:24,60.78,1.0,SetByAsk
2025-12-30 05:00:24,2025-12-30T05:00:24,60.78,1.0,SetByBid
2025-12-30 05:00:24,2025-12-30T05:00:24,60.78,1.0,SetByBid
2025-12-30 05:00:29,2025-12-30T05:00:29,60.78,1.0,SetByBid
2025-12-30 05:00:29,2025-12-30T05:00:29,60.78,1.0,SetByBid
2025-12-30 05:00:33,2025-12-30T05:00:33,60.77,1.0,SetByBid
2025-12-30 05:00:37,2025-12-30T05:00:37,60.76,1.0,SetByBid
2025-12-30 05:00:37,2025-12-30T05:00:37,60.76,1.0,SetByBid
2025-12-30 05:00:51,2025-12-30T05:00:51,60.74,1.0,SetByAsk
2025-12-30 05:00:51,2025-12-30T05:00:51,60.74,1.0,SetByAsk
2025-12-30 05:00:52,2025-12-30T05:00:52,60.73,1.0,SetByAsk
2025-12-30 05:00:53,2025-12-30T05:00:53,60.72,1.0,SetByBid
2025-12-30 05:00:54,2025-12-30T05:00:54,60.72,1.0,SetByBid
2025-12-30 05:00:57,2025-12-30T05:00:57,60.71,1.0,SetByBid
2025-12-30 05:00:58,2025-12-30T05:00:58,60.71,1.0,SetByBid
2025-12-30 05:00:58,2025-12-30T05:00:58,60.71,1.0,SetByBid
2025-12-30 05:00:58,2025-12-30T05:00:58,60.7,1.0,SetByBid
2025-12-30 05:00:59,2025-12-30T05:00:59,60.7,1.0,SetByBid
2025-12-30 05:01:05,2025-12-30T05:01:05,60.68,1.0,SetByAsk
2025-12-30 05:01:05,2025-12-30T05:01:05,60.67,1.0,SetByAsk
2025-12-30 05:01:05,2025-12-30T05:01:05,60.67,1.0,SetByAsk
2025-12-30 05:01:05,2025-12-30T05:01:05,60.67,1.0,SetByAsk
2025-12-30 05:01:05,2025-12-30T05:01:05,60.67,1.0,SetByAsk
2025-12-30 05:01:05,2025-12-30T05:01:05,60.67,1.0,SetByBid
2025-12-30 05:01:05,2025-12-30T05:01:05,60.67,1.0,SetByBid
2025-12-30 05:01:05,2025-12-30T05:01:05,60.67,1.0,SetByBid
2025-12-30 05:01:05,2025-12-30T05:01:05,60.67,1.0,SetByBid
2025-12-30 05:01:05,2025-12-30T05:01:05,60.67,1.0,"SetByBid, Leg"
2025-12-30 05:01:08,2025-12-30T05:01:08,60.66,1.0,SetByBid
2025-12-30 05:01:08,2025-12-30T05:01:08,60.66,1.0,SetByBid
2025-12-30 05:01:08,2025-12-30T05:01:08,60.66,1.0,SetByBid
2025-12-30 05:01:14,2025-12-30T05:01:14,60.69,1.0,SetByBid
2025-12-30 05:01:16,2025-12-30T05:01:16,60.69,1.0,SetByAsk
2025-12-30 05:01:16,2025-12-30T05:01:16,60.69,1.0,SetByAsk
2025-12-30 05:01:34,2025-12-30T05:01:34,60.73,1.0,SetByBid
2025-12-30 05:01:34,2025-12-30T05:01:34,60.73,1.0,SetByBid
2025-12-30 05:01:42,2025-12-30T05:01:42,60.74,1.0,SetByAsk
2025-12-30 05:01:42,2025-12-30T05:01:42,60.74,1.0,SetByAsk
2025-12-30 05:01:49,2025-12-30T05:01:49,60.73,1.0,SetByAsk
2025-12-30 05:01:49,2025-12-30T05:01:49,60.73,1.0,SetByAsk
2025-12-30 05:01:50,2025-12-30T05:01:50,60.72,1.0,SetByAsk
2025-12-30 05:02:00,2025-12-30T05:02:00,60.72,1.0,SetByAsk
2025-12-30 05:02:41,2025-12-30T05:02:41,60.72,1.0,SetByAsk
2025-12-30 05:03:10,2025-12-30T05:03:10,60.72,1.0,SetByAsk
2025-12-30 05:03:10,2025-12-30T05:03:10,60.72,2.0,SetByAsk
2025-12-30 05:03:10,2025-12-30T05:03:10,60.72,1.0,SetByAsk
2025-12-30 05:03:41,2025-12-30T05:03:41,60.74,1.0,SetByAsk
2025-12-30 05:03:50,2025-12-30T05:03:50,60.76,1.0,SetByAsk
2025-12-30 05:04:27,2025-12-30T05:04:27,60.77,1.0,SetByBid
2025-12-30 05:04:34,2025-12-30T05:04:34,60.76,1.0,SetByAsk
2025-12-30 05:04:35,2025-12-30T05:04:35,60.77,1.0,SetByBid
2025-12-30 05:04:35,2025-12-30T05:04:35,60.77,1.0,SetByBid
2025-12-30 05:04:35,2025-12-30T05:04:35,60.77,1.0,SetByBid
2025-12-30 05:04:35,2025-12-30T05:04:35,60.77,1.0,SetByBid
2025-12-30 05:04:35,2025-12-30T05:04:35,60.78,1.0,SetByBid
2025-12-30 05:04:35,2025-12-30T05:04:35,60.78,1.0,SetByBid
2025-12-30 05:04:35,2025-12-30T05:04:35,60.78,1.0,SetByBid
2025-12-30 05:04:35,2025-12-30T05:04:35,60.78,1.0,SetByBid
2025-12-30 05:04:35,2025-12-30T05:04:35,60.78,1.0,SetByBid
2025-12-30 05:04:35,2025-12-30T05:04:35,60.78,1.0,SetByBid
2025-12-30 05:04:35,2025-12-30T05:04:35,60.78,1.0,SetByBid
2025-12-30 05:04:35,2025-12-30T05:04:35,60.78,1.0,SetByBid
2025-12-30 05:04:35,2025-12-30T05:04:35,60.78,1.0,SetByBid
2025-12-30 05:04:35,2025-12-30T05:04:35,60.78,1.0,SetByBid
2025-12-30 05:04:35,2025-12-30T05:04:35,60.78,1.0,SetByBid
2025-12-30 05:04:35,2025-12-30T05:04:35,60.78,1.0,SetByBid
2025-12-30 05:04:35,2025-12-30T05:04:35,60.78,1.0,SetByBid
2025-12-30 05:04:35,2025-12-30T05:04:35,60.78,1.0,SetByBid
2025-12-30 05:04:35,2025-12-30T05:04:35,60.78,1.0,SetByBid
2025-12-30 05:04:35,2025-12-30T05:04:35,60.78,1.0,SetByBid
2025-12-30 05:04:35,2025-12-30T05:04:35,60.77,1.0,SetByAsk
2025-12-30 05:05:04,2025-12-30T05:05:04,60.78,1.0,SetByAsk
2025-12-30 05:05:25,2025-12-30T05:05:25,60.79,1.0,SetByAsk
2025-12-30 05:05:25,2025-12-30T05:05:25,60.79,1.0,SetByAsk
2025-12-30 05:05:25,2025-12-30T05:05:25,60.79,1.0,SetByAsk
2025-12-30 05:05:42,2025-12-30T05:05:42,60.8,1.0,SetByBid
2025-12-30 05:05:42,2025-12-30T05:05:42,60.8,1.0,SetByBid
2025-12-30 05:05:42,2025-12-30T05:05:42,60.8,1.0,SetByBid
2025-12-30 05:05:45,2025-12-30T05:05:45,60.8,2.0,SetByAsk
2025-12-30 05:05:45,2025-12-30T05:05:45,60.8,1.0,SetByAsk
2025-12-30 05:05:45,2025-12-30T05:05:45,60.79,1.0,SetByAsk
2025-12-30 05:05:45,2025-12-30T05:05:45,60.79,2.0,SetByAsk
2025-12-30 05:05:45,2025-12-30T05:05:45,60.79,1.0,SetByAsk
2025-12-30 05:05:45,2025-12-30T05:05:45,60.79,1.0,SetByAsk
2025-12-30 05:05:45,2025-12-30T05:05:45,60.79,1.0,SetByBid
2025-12-30 05:06:05,2025-12-30T05:06:05,60.77,1.0,SetByBid
2025-12-30 05:06:05,2025-12-30T05:06:05,60.77,2.0,SetByBid
2025-12-30 05:06:14,2025-12-30T05:06:14,60.76,1.0,SetByBid
2025-12-30 05:06:43,2025-12-30T05:06:43,60.75,1.0,SetByAsk
2025-12-30 05:06:50,2025-12-30T05:06:50,60.77,1.0,SetByBid
2025-12-30 05:06:50,2025-12-30T05:06:50,60.77,1.0,SetByBid
2025-12-30 05:06:50,2025-12-30T05:06:50,60.77,1.0,SetByBid
2025-12-30 05:06:50,2025-12-30T05:06:50,60.78,1.0,SetByBid
2025-12-30 05:06:50,2025-12-30T05:06:50,60.78,1.0,SetByBid
2025-12-30 05:06:50,2025-12-30T05:06:50,60.78,1.0,SetByBid
2025-12-30 05:06:50,2025-12-30T05:06:50,60.78,1.0,SetByBid
2025-12-30 05:06:50,2025-12-30T05:06:50,60.78,1.0,SetByBid
2025-12-30 05:06:50,2025-12-30T05:06:50,60.78,1.0,SetByBid
2025-12-30 05:06:50,2025-12-30T05:06:50,60.78,1.0,SetByBid
2025-12-30 05:06:50,2025-12-30T05:06:50,60.78,1.0,SetByBid
2025-12-30 05:06:50,2025-12-30T05:06:50,60.78,1.0,SetByBid
2025-12-30 05:06:50,2025-12-30T05:06:50,60.78,1.0,SetByBid
2025-12-30 05:06:50,2025-12-30T05:06:50,60.78,1.0,SetByBid
2025-12-30 05:06:50,2025-12-30T05:06:50,60.78,1.0,SetByBid
2025-12-30 05:06:50,2025-12-30T05:06:50,60.78,1.0,SetByBid
2025-12-30 05:06:50,2025-12-30T05:06:50,60.78,1.0,SetByBid
2025-12-30 05:06:50,2025-12-30T05:06:50,60.78,1.0,SetByBid
2025-12-30 05:06:50,2025-12-30T05:06:50,60.78,1.0,SetByBid
2025-12-30 05:06:50,2025-12-30T05:06:50,60.78,1.0,SetByBid
2025-12-30 05:06:50,2025-12-30T05:06:50,60.78,1.0,SetByBid
2025-12-30 05:06:50,2025-12-30T05:06:50,60.78,1.0,SetByBid
2025-12-30 05:06:50,2025-12-30T05:06:50,60.78,1.0,SetByBid
2025-12-30 05:06:50,2025-12-30T05:06:50,60.78,1.0,SetByBid
2025-12-30 05:06:50,2025-12-30T05:06:50,60.78,1.0,SetByBid
2025-12-30 05:06:50,2025-12-30T05:06:50,60.78,1.0,SetByBid
2025-12-30 05:06:50,2025-12-30T05:06:50,60.79,1.0,SetByBid
2025-12-30 05:06:50,2025-12-30T05:06:50,60.79,1.0,SetByBid
2025-12-30 05:06:50,2025-12-30T05:06:50,60.79,2.0,SetByBid
2025-12-30 05:06:50,2025-12-30T05:06:50,60.79,1.0,SetByBid
2025-12-30 05:06:50,2025-12-30T05:06:50,60.79,1.0,SetByBid
2025-12-30 05:06:50,2025-12-30T05:06:50,60.79,1.0,SetByBid
2025-12-30 05:06:50,2025-12-30T05:06:50,60.79,2.0,SetByBid
2025-12-30 05:06:50,2025-12-30T05:06:50,60.79,1.0,SetByBid
2025-12-30 05:06:50,2025-12-30T05:06:50,60.79,1.0,SetByBid
2025-12-30 05:06:50,2025-12-30T05:06:50,60.79,1.0,SetByBid
2025-12-30 05:06:50,2025-12-30T05:06:50,60.79,2.0,SetByBid
2025-12-30 05:06:50,2025-12-30T05:06:50,60.79,1.0,SetByBid
2025-12-30 05:06:50,2025-12-30T05:06:50,60.79,1.0,SetByBid
2025-12-30 05:06:50,2025-12-30T05:06:50,60.79,1.0,SetByBid
2025-12-30 05:06:50,2025-12-30T05:06:50,60.79,1.0,SetByBid
2025-12-30 05:06:50,2025-12-30T05:06:50,60.79,1.0,SetByBid
2025-12-30 05:06:50,2025-12-30T05:06:50,60.79,1.0,SetByBid
2025-12-30 05:06:50,2025-12-30T05:06:50,60.79,1.0,SetByBid
2025-12-30 05:06:50,2025-12-30T05:06:50,60.79,1.0,SetByBid
2025-12-30 05:06:50,2025-12-30T05:06:50,60.79,2.0,SetByBid
2025-12-30 05:06:50,2025-12-30T05:06:50,60.77,1.0,SetByAsk
2025-12-30 05:07:12,2025-12-30T05:07:12,60.78,1.0,SetByAsk
2025-12-30 05:07:32,2025-12-30T05:07:32,60.78,1.0,SetByAsk
2025-12-30 05:07:55,2025-12-30T05:07:55,60.78,1.0,SetByAsk
2025-12-30 05:08:07,2025-12-30T05:08:07,60.8,1.0,SetByBid
2025-12-30 05:08:07,2025-12-30T05:08:07,60.8,1.0,SetByBid
2025-12-30 05:08:07,2025-12-30T05:08:07,60.8,1.0,SetByBid
2025-12-30 05:10:13,2025-12-30T05:10:13,60.84,1.0,SetByBid
2025-12-30 05:10:13,2025-12-30T05:10:13,60.84,1.0,SetByBid
2025-12-30 05:10:13,2025-12-30T05:10:13,60.84,1.0,SetByBid
2025-12-30 05:11:22,2025-12-30T05:11:22,60.83,2.0,SetByAsk
2025-12-30 05:11:39,2025-12-30T05:11:39,60.83,1.0,SetByAsk
2025-12-30 05:11:47,2025-12-30T05:11:47,60.82,1.0,SetByAsk
2025-12-30 05:11:47,2025-12-30T05:11:47,60.82,1.0,SetByAsk
2025-12-30 05:11:47,2025-12-30T05:11:47,60.82,1.0,SetByAsk
2025-12-30 05:12:26,2025-12-30T05:12:26,60.82,1.0,SetByAsk
2025-12-30 05:12:27,2025-12-30T05:12:27,60.82,1.0,SetByBid
2025-12-30 05:12:35,2025-12-30T05:12:35,60.82,1.0,SetByAsk
2025-12-30 05:12:35,2025-12-30T05:12:35,60.82,1.0,SetByAsk
2025-12-30 05:13:37,2025-12-30T05:13:37,60.85,1.0,SetByBid
2025-12-30 05:13:53,2025-12-30T05:13:53,60.84,1.0,SetByBid
2025-12-30 05:13:53,2025-12-30T05:13:53,60.84,1.0,SetByBid
2025-12-30 05:13:53,2025-12-30T05:13:53,60.84,1.0,SetByBid
2025-12-30 05:13:53,2025-12-30T05:13:53,60.84,2.0,SetByBid
2025-12-30 05:13:53,2025-12-30T05:13:53,60.84,3.0,"SetByBid, Leg"
2025-12-30 05:13:53,2025-12-30T05:13:53,60.85,1.0,SetByBid
2025-12-30 05:13:53,2025-12-30T05:13:53,60.85,1.0,SetByBid
2025-12-30 05:13:53,2025-12-30T05:13:53,60.85,1.0,SetByBid
2025-12-30 05:13:53,2025-12-30T05:13:53,60.85,2.0,SetByBid
2025-12-30 05:13:53,2025-12-30T05:13:53,60.85,1.0,SetByBid
2025-12-30 05:13:53,2025-12-30T05:13:53,60.85,2.0,SetByBid
2025-12-30 05:13:53,2025-12-30T05:13:53,60.85,1.0,SetByBid
2025-12-30 05:13:53,2025-12-30T05:13:53,60.85,1.0,SetByBid
2025-12-30 05:13:53,2025-12-30T05:13:53,60.85,1.0,SetByBid
2025-12-30 05:13:53,2025-12-30T05:13:53,60.85,1.0,SetByBid
2025-12-30 05:13:53,2025-12-30T05:13:53,60.85,1.0,SetByBid
2025-12-30 05:13:53,2025-12-30T05:13:53,60.85,1.0,SetByBid
2025-12-30 05:13:53,2025-12-30T05:13:53,60.85,1.0,SetByBid
2025-12-30 05:13:53,2025-12-30T05:13:53,60.85,1.0,SetByBid
2025-12-30 05:13:53,2025-12-30T05:13:53,60.85,1.0,SetByBid
2025-12-30 05:13:53,2025-12-30T05:13:53,60.85,1.0,SetByBid
2025-12-30 05:13:53,2025-12-30T05:13:53,60.85,1.0,SetByBid
2025-12-30 05:13:53,2025-12-30T05:13:53,60.85,3.0,SetByBid
2025-12-30 05:14:15,2025-12-30T05:14:15,60.83,1.0,SetByAsk
2025-12-30 05:16:09,2025-12-30T05:16:09,60.84,1.0,SetByAsk
2025-12-30 05:16:09,2025-12-30T05:16:09,60.84,1.0,SetByAsk
2025-12-30 05:16:09,2025-12-30T05:16:09,60.84,2.0,SetByAsk
2025-12-30 05:16:13,2025-12-30T05:16:13,60.84,1.0,SetByAsk
2025-12-30 05:16:13,2025-12-30T05:16:13,60.84,3.0,SetByBid
2025-12-30 05:16:13,2025-12-30T05:16:13,60.84,2.0,SetByBid
2025-12-30 05:16:13,2025-12-30T05:16:13,60.84,1.0,SetByBid
2025-12-30 05:16:13,2025-12-30T05:16:13,60.84,2.0,SetByBid
2025-12-30 05:16:13,2025-12-30T05:16:13,60.84,1.0,SetByBid
2025-12-30 05:16:14,2025-12-30T05:16:14,60.85,1.0,SetByBid
2025-12-30 05:16:14,2025-12-30T05:16:14,60.85,2.0,SetByBid
2025-12-30 05:16:26,2025-12-30T05:16:26,60.87,1.0,SetByBid
2025-12-30 05:16:37,2025-12-30T05:16:37,60.87,1.0,SetByAsk
2025-12-30 05:16:52,2025-12-30T05:16:52,60.88,1.0,SetByBid
2025-12-30 05:16:52,2025-12-30T05:16:52,60.88,1.0,SetByBid
2025-12-30 05:16:52,2025-12-30T05:16:52,60.88,1.0,SetByBid
2025-12-30 05:16:52,2025-12-30T05:16:52,60.88,1.0,SetByBid
2025-12-30 05:16:52,2025-12-30T05:16:52,60.89,1.0,SetByBid
2025-12-30 05:16:52,2025-12-30T05:16:52,60.89,1.0,SetByBid
2025-12-30 05:16:52,2025-12-30T05:16:52,60.89,1.0,SetByBid
2025-12-30 05:16:52,2025-12-30T05:16:52,60.89,1.0,SetByBid
2025-12-30 05:16:52,2025-12-30T05:16:52,60.89,1.0,SetByBid
2025-12-30 05:16:52,2025-12-30T05:16:52,60.89,1.0,SetByBid
2025-12-30 05:16:52,2025-12-30T05:16:52,60.88,1.0,SetByBid
2025-12-30 05:16:52,2025-12-30T05:16:52,60.88,1.0,SetByBid
2025-12-30 05:16:52,2025-12-30T05:16:52,60.88,1.0,SetByBid
2025-12-30 05:16:52,2025-12-30T05:16:52,60.89,1.0,SetByBid
2025-12-30 05:16:52,2025-12-30T05:16:52,60.89,1.0,SetByBid
2025-12-30 05:16:52,2025-12-30T05:16:52,60.89,1.0,SetByBid
2025-12-30 05:16:52,2025-12-30T05:16:52,60.89,1.0,SetByBid
2025-12-30 05:16:52,2025-12-30T05:16:52,60.89,1.0,SetByBid
2025-12-30 05:16:52,2025-12-30T05:16:52,60.89,1.0,SetByBid
2025-12-30 05:16:52,2025-12-30T05:16:52,60.89,1.0,SetByBid
2025-12-30 05:16:52,2025-12-30T05:16:52,60.89,1.0,SetByBid
2025-12-30 05:16:52,2025-12-30T05:16:52,60.89,1.0,SetByBid
2025-12-30 05:16:52,2025-12-30T05:16:52,60.89,1.0,SetByBid
2025-12-30 05:16:52,2025-12-30T05:16:52,60.89,1.0,SetByBid
2025-12-30 05:16:52,2025-12-30T05:16:52,60.89,1.0,SetByBid
2025-12-30 05:16:52,2025-12-30T05:16:52,60.89,1.0,SetByBid
2025-12-30 05:16:52,2025-12-30T05:16:52,60.89,1.0,SetByBid
2025-12-30 05:16:52,2025-12-30T05:16:52,60.89,1.0,SetByBid
2025-12-30 05:16:52,2025-12-30T05:16:52,60.89,1.0,SetByBid
2025-12-30 05:17:11,2025-12-30T05:17:11,60.9,1.0,SetByBid
2025-12-30 05:17:11,2025-12-30T05:17:11,60.9,1.0,SetByBid
2025-12-30 05:17:11,2025-12-30T05:17:11,60.9,1.0,SetByBid
2025-12-30 05:17:11,2025-12-30T05:17:11,60.9,1.0,SetByBid
2025-12-30 05:17:11,2025-12-30T05:17:11,60.9,1.0,SetByBid
2025-12-30 05:17:11,2025-12-30T05:17:11,60.9,1.0,SetByBid
2025-12-30 05:17:11,2025-12-30T05:17:11,60.9,1.0,SetByBid
2025-12-30 05:17:11,2025-12-30T05:17:11,60.9,1.0,SetByBid
2025-12-30 05:17:11,2025-12-30T05:17:11,60.9,1.0,SetByBid
2025-12-30 05:17:11,2025-12-30T05:17:11,60.9,1.0,SetByBid
2025-12-30 05:17:11,2025-12-30T05:17:11,60.9,1.0,SetByBid
2025-12-30 05:17:11,2025-12-30T05:17:11,60.9,1.0,SetByBid
2025-12-30 05:17:11,2025-12-30T05:17:11,60.9,2.0,SetByBid
2025-12-30 05:17:11,2025-12-30T05:17:11,60.9,1.0,SetByBid
2025-12-30 05:17:11,2025-12-30T05:17:11,60.9,1.0,SetByBid
2025-12-30 05:17:11,2025-12-30T05:17:11,60.9,1.0,SetByBid
2025-12-30 05:17:11,2025-12-30T05:17:11,60.9,1.0,SetByBid
2025-12-30 05:17:11,2025-12-30T05:17:11,60.9,1.0,SetByBid
2025-12-30 05:17:11,2025-12-30T05:17:11,60.9,1.0,SetByBid
2025-12-30 05:17:11,2025-12-30T05:17:11,60.9,1.0,SetByBid
2025-12-30 05:17:11,2025-12-30T05:17:11,60.9,1.0,SetByBid
2025-12-30 05:17:11,2025-12-30T05:17:11,60.9,2.0,SetByBid
2025-12-30 05:17:11,2025-12-30T05:17:11,60.9,1.0,SetByBid
2025-12-30 05:17:11,2025-12-30T05:17:11,60.9,1.0,SetByBid
2025-12-30 05:17:11,2025-12-30T05:17:11,60.91,1.0,SetByBid
2025-12-30 05:17:11,2025-12-30T05:17:11,60.91,1.0,SetByBid
2025-12-30 05:17:11,2025-12-30T05:17:11,60.9,1.0,SetByBid
2025-12-30 05:17:11,2025-12-30T05:17:11,60.9,1.0,SetByBid
2025-12-30 05:17:11,2025-12-30T05:17:11,60.91,1.0,SetByBid
2025-12-30 05:17:11,2025-12-30T05:17:11,60.91,1.0,SetByBid
2025-12-30 05:17:11,2025-12-30T05:17:11,60.91,1.0,SetByBid
2025-12-30 05:17:11,2025-12-30T05:17:11,60.91,1.0,SetByBid
2025-12-30 05:17:11,2025-12-30T05:17:11,60.91,1.0,SetByBid
2025-12-30 05:17:11,2025-12-30T05:17:11,60.91,2.0,SetByBid
2025-12-30 05:17:11,2025-12-30T05:17:11,60.91,1.0,SetByBid
2025-12-30 05:17:11,2025-12-30T05:17:11,60.91,1.0,SetByBid
2025-12-30 05:17:20,2025-12-30T05:17:20,60.9,1.0,SetByAsk
2025-12-30 05:17:24,2025-12-30T05:17:24,60.89,1.0,SetByAsk
2025-12-30 05:17:24,2025-12-30T05:17:24,60.89,2.0,SetByAsk
2025-12-30 05:17:24,2025-12-30T05:17:24,60.89,1.0,SetByAsk
2025-12-30 05:17:33,2025-12-30T05:17:33,60.89,1.0,SetByAsk
2025-12-30 05:17:53,2025-12-30T05:17:53,60.91,1.0,SetByBid
2025-12-30 05:17:53,2025-12-30T05:17:53,60.91,1.0,SetByBid
2025-12-30 05:17:53,2025-12-30T05:17:53,60.92,1.0,SetByBid
2025-12-30 05:18:48,2025-12-30T05:18:48,60.93,1.0,SetByBid
2025-12-30 05:20:14,2025-12-30T05:20:14,60.93,1.0,SetByBid
2025-12-30 05:20:18,2025-12-30T05:20:18,60.94,1.0,SetByBid
2025-12-30 05:20:22,2025-12-30T05:20:22,60.94,1.0,SetByAsk
2025-12-30 05:20:53,2025-12-30T05:20:53,60.94,1.0,SetByAsk
2025-12-30 05:20:53,2025-12-30T05:20:53,60.94,1.0,SetByAsk
2025-12-30 05:20:53,2025-12-30T05:20:53,60.94,1.0,SetByAsk
2025-12-30 05:20:53,2025-12-30T05:20:53,60.94,1.0,SetByAsk
2025-12-30 05:21:53,2025-12-30T05:21:53,60.95,1.0,SetByAsk
2025-12-30 05:24:00,2025-12-30T05:24:00,60.97,1.0,SetByBid
2025-12-30 05:24:00,2025-12-30T05:24:00,60.97,2.0,SetByBid
2025-12-30 05:24:00,2025-12-30T05:24:00,60.97,1.0,SetByBid
2025-12-30 05:24:00,2025-12-30T05:24:00,60.97,1.0,SetByBid
2025-12-30 05:24:00,2025-12-30T05:24:00,60.97,2.0,SetByAsk
2025-12-30 05:24:00,2025-12-30T05:24:00,60.97,1.0,SetByAsk
2025-12-30 05:24:00,2025-12-30T05:24:00,60.97,4.0,SetByAsk
2025-12-30 05:24:00,2025-12-30T05:24:00,60.97,1.0,SetByAsk
2025-12-30 05:24:00,2025-12-30T05:24:00,60.97,1.0,SetByAsk
2025-12-30 05:24:00,2025-12-30T05:24:00,60.97,1.0,SetByAsk
2025-12-30 05:24:00,2025-12-30T05:24:00,60.97,1.0,SetByAsk
2025-12-30 05:24:00,2025-12-30T05:24:00,60.97,1.0,SetByAsk
2025-12-30 05:24:00,2025-12-30T05:24:00,60.97,8.0,SetByAsk
2025-12-30 05:24:00,2025-12-30T05:24:00,60.96,2.0,SetByAsk
2025-12-30 05:24:00,2025-12-30T05:24:00,60.96,1.0,SetByBid
2025-12-30 05:24:00,2025-12-30T05:24:00,60.96,1.0,SetByAsk
2025-12-30 05:25:24,2025-12-30T05:25:24,60.97,1.0,SetByAsk
2025-12-30 05:25:24,2025-12-30T05:25:24,60.97,1.0,SetByAsk
2025-12-30 05:25:56,2025-12-30T05:25:56,60.99,1.0,SetByBid
2025-12-30 05:25:56,2025-12-30T05:25:56,61.0,1.0,SetByBid
2025-12-30 05:26:05,2025-12-30T05:26:05,61.0,1.0,SetByBid
2025-12-30 05:26:06,2025-12-30T05:26:06,61.01,1.0,SetByBid
2025-12-30 05:26:06,2025-12-30T05:26:06,61.01,1.0,SetByBid
2025-12-30 05:26:06,2025-12-30T05:26:06,61.01,1.0,SetByBid
2025-12-30 05:26:06,2025-12-30T05:26:06,61.01,1.0,SetByBid
2025-12-30 05:26:06,2025-12-30T05:26:06,61.01,1.0,SetByBid
2025-12-30 05:26:07,2025-12-30T05:26:07,61.0,1.0,SetByAsk
2025-12-30 05:26:07,2025-12-30T05:26:07,61.0,3.0,SetByAsk
2025-12-30 05:26:07,2025-12-30T05:26:07,61.0,1.0,SetByAsk
2025-12-30 05:27:28,2025-12-30T05:27:28,60.98,1.0,SetByAsk
2025-12-30 05:27:28,2025-12-30T05:27:28,60.98,1.0,SetByAsk
2025-12-30 05:28:02,2025-12-30T05:28:02,60.98,1.0,SetByBid
2025-12-30 05:30:00,2025-12-30T05:30:00,60.96,1.0,SetByAsk
2025-12-30 05:30:45,2025-12-30T05:30:45,60.97,1.0,SetByAsk
2025-12-30 05:30:45,2025-12-30T05:30:45,60.97,1.0,SetByAsk
2025-12-30 05:30:45,2025-12-30T05:30:45,60.96,1.0,SetByAsk
2025-12-30 05:30:45,2025-12-30T05:30:45,60.96,1.0,SetByAsk
2025-12-30 05:30:45,2025-12-30T05:30:45,60.96,1.0,SetByAsk
2025-12-30 05:31:16,2025-12-30T05:31:16,60.96,1.0,SetByAsk
2025-12-30 05:31:16,2025-12-30T05:31:16,60.96,1.0,SetByAsk
2025-12-30 05:31:16,2025-12-30T05:31:16,60.96,1.0,SetByAsk
2025-12-30 05:31:16,2025-12-30T05:31:16,60.96,1.0,SetByAsk
2025-12-30 05:31:16,2025-12-30T05:31:16,60.96,3.0,SetByAsk
2025-12-30 05:31:16,2025-12-30T05:31:16,60.96,1.0,SetByAsk
2025-12-30 05:31:16,2025-12-30T05:31:16,60.96,1.0,SetByAsk
2025-12-30 05:31:16,2025-12-30T05:31:16,60.96,1.0,SetByAsk
2025-12-30 05:31:51,2025-12-30T05:31:51,60.94,1.0,SetByAsk
2025-12-30 05:32:05,2025-12-30T05:32:05,60.94,1.0,SetByBid
2025-12-30 05:32:05,2025-12-30T05:32:05,60.94,2.0,SetByBid
2025-12-30 05:34:00,2025-12-30T05:34:00,60.97,1.0,SetByAsk
2025-12-30 05:35:05,2025-12-30T05:35:05,60.97,1.0,SetByBid
2025-12-30 05:35:05,2025-12-30T05:35:05,60.97,1.0,SetByAsk
2025-12-30 05:36:38,2025-12-30T05:36:38,60.97,1.0,SetByBid
2025-12-30 05:36:38,2025-12-30T05:36:38,60.97,1.0,SetByBid
2025-12-30 05:36:38,2025-12-30T05:36:38,60.97,1.0,SetByBid
2025-12-30 05:36:38,2025-12-30T05:36:38,60.97,1.0,SetByBid
2025-12-30 05:36:38,2025-12-30T05:36:38,60.97,2.0,SetByBid
2025-12-30 05:36:38,2025-12-30T05:36:38,60.97,1.0,SetByBid
2025-12-30 05:36:38,2025-12-30T05:36:38,60.97,1.0,SetByBid
2025-12-30 05:36:38,2025-12-30T05:36:38,60.97,5.0,SetByBid
2025-12-30 05:36:38,2025-12-30T05:36:38,60.97,5.0,SetByBid
2025-12-30 05:36:38,2025-12-30T05:36:38,60.97,1.0,SetByBid
2025-12-30 05:36:38,2025-12-30T05:36:38,60.97,1.0,SetByBid
2025-12-30 05:36:38,2025-12-30T05:36:38,60.98,1.0,SetByBid
2025-12-30 05:36:38,2025-12-30T05:36:38,60.97,1.0,SetByAsk
2025-12-30 05:36:38,2025-12-30T05:36:38,60.97,1.0,SetByAsk
2025-12-30 05:36:38,2025-12-30T05:36:38,60.97,1.0,SetByAsk
2025-12-30 05:36:38,2025-12-30T05:36:38,60.97,1.0,SetByAsk
2025-12-30 05:36:38,2025-12-30T05:36:38,60.97,1.0,SetByAsk
2025-12-30 05:36:38,2025-12-30T05:36:38,60.97,2.0,SetByAsk
2025-12-30 05:36:38,2025-12-30T05:36:38,60.97,1.0,SetByAsk
2025-12-30 05:36:48,2025-12-30T05:36:48,60.97,1.0,SetByAsk
2025-12-30 05:38:13,2025-12-30T05:38:13,60.97,1.0,SetByAsk
2025-12-30 05:38:13,2025-12-30T05:38:13,60.97,1.0,SetByAsk
2025-12-30 05:38:13,2025-12-30T05:38:13,60.97,1.0,SetByAsk
2025-12-30 05:38:13,2025-12-30T05:38:13,60.96,1.0,SetByAsk
2025-12-30 05:38:13,2025-12-30T05:38:13,60.96,1.0,SetByAsk
2025-12-30 05:38:32,2025-12-30T05:38:32,60.97,1.0,SetByAsk
2025-12-30 05:38:32,2025-12-30T05:38:32,60.97,1.0,SetByBid
2025-12-30 05:38:32,2025-12-30T05:38:32,60.97,3.0,SetByBid
2025-12-30 05:38:44,2025-12-30T05:38:44,60.96,1.0,SetByAsk
2025-12-30 05:38:44,2025-12-30T05:38:44,60.96,1.0,SetByAsk
2025-12-30 05:39:31,2025-12-30T05:39:31,60.94,2.0,SetByBid
2025-12-30 05:39:31,2025-12-30T05:39:31,60.94,11.0,SetByBid
2025-12-30 05:40:02,2025-12-30T05:40:02,60.93,1.0,SetByAsk
2025-12-30 05:40:02,2025-12-30T05:40:02,60.93,1.0,SetByBid
2025-12-30 05:43:34,2025-12-30T05:43:34,60.95,1.0,SetByBid
2025-12-30 05:45:32,2025-12-30T05:45:32,60.98,1.0,SetByBid
2025-12-30 05:45:32,2025-12-30T05:45:32,60.98,1.0,SetByBid
2025-12-30 05:45:32,2025-12-30T05:45:32,60.98,1.0,SetByBid
2025-12-30 05:45:32,2025-12-30T05:45:32,60.98,2.0,SetByBid
2025-12-30 05:45:32,2025-12-30T05:45:32,60.98,3.0,SetByBid
2025-12-30 05:45:32,2025-12-30T05:45:32,60.98,3.0,SetByBid
2025-12-30 05:47:36,2025-12-30T05:47:36,60.97,1.0,SetByAsk
2025-12-30 05:48:05,2025-12-30T05:48:05,60.97,1.0,"SetByAsk, Leg"
2025-12-30 05:48:05,2025-12-30T05:48:05,60.96,1.0,"SetByAsk, Leg"
2025-12-30 05:48:10,2025-12-30T05:48:10,60.96,1.0,SetByAsk
2025-12-30 05:48:10,2025-12-30T05:48:10,60.96,1.0,SetByAsk
2025-12-30 05:48:15,2025-12-30T05:48:15,60.95,1.0,SetByAsk
2025-12-30 05:48:30,2025-12-30T05:48:30,60.95,1.0,SetByAsk
2025-12-30 05:48:44,2025-12-30T05:48:44,60.94,1.0,SetByAsk
2025-12-30 05:48:46,2025-12-30T05:48:46,60.94,1.0,SetByAsk
2025-12-30 05:48:46,2025-12-30T05:48:46,60.94,1.0,SetByAsk
2025-12-30 05:48:47,2025-12-30T05:48:47,60.95,1.0,"SetByAsk, Leg"
2025-12-30 05:48:47,2025-12-30T05:48:47,60.94,1.0,"SetByAsk, Leg"
2025-12-30 05:49:23,2025-12-30T05:49:23,60.95,1.0,"SetByAsk, Leg"
2025-12-30 05:49:23,2025-12-30T05:49:23,60.94,1.0,"SetByAsk, Leg"
2025-12-30 05:49:25,2025-12-30T05:49:25,60.94,1.0,SetByAsk
2025-12-30 05:50:01,2025-12-30T05:50:01,60.96,1.0,SetByAsk
2025-12-30 05:50:21,2025-12-30T05:50:21,60.96,4.0,SetByAsk
2025-12-30 05:51:01,2025-12-30T05:51:01,60.95,1.0,SetByAsk
2025-12-30 05:52:39,2025-12-30T05:52:39,60.95,1.0,SetByAsk
2025-12-30 05:52:41,2025-12-30T05:52:41,60.95,1.0,SetByAsk
2025-12-30 05:52:46,2025-12-30T05:52:46,60.96,1.0,"SetByAsk, Leg"
2025-12-30 05:52:46,2025-12-30T05:52:46,60.95,1.0,"SetByAsk, Leg"
2025-12-30 05:52:56,2025-12-30T05:52:56,60.95,1.0,SetByAsk
2025-12-30 05:52:56,2025-12-30T05:52:56,60.95,1.0,SetByAsk
2025-12-30 05:52:56,2025-12-30T05:52:56,60.95,1.0,SetByAsk
2025-12-30 05:53:19,2025-12-30T05:53:19,60.97,1.0,SetByBid
2025-12-30 05:53:57,2025-12-30T05:53:57,60.96,1.0,SetByAsk
2025-12-30 05:53:57,2025-12-30T05:53:57,60.96,1.0,SetByAsk
2025-12-30 05:54:44,2025-12-30T05:54:44,60.97,1.0,SetByAsk
2025-12-30 05:55:22,2025-12-30T05:55:22,60.97,1.0,SetByAsk
2025-12-30 05:55:22,2025-12-30T05:55:22,60.97,1.0,SetByAsk
2025-12-30 05:55:22,2025-12-30T05:55:22,60.97,1.0,SetByAsk
2025-12-30 05:55:44,2025-12-30T05:55:44,60.97,1.0,SetByBid
2025-12-30 05:55:44,2025-12-30T05:55:44,60.97,1.0,SetByBid
2025-12-30 05:55:56,2025-12-30T05:55:56,60.97,1.0,SetByAsk
2025-12-30 05:56:06,2025-12-30T05:56:06,60.97,1.0,SetByAsk
2025-12-30 05:56:16,2025-12-30T05:56:16,60.98,1.0,"SetByAsk, Leg"
2025-12-30 05:56:16,2025-12-30T05:56:16,60.97,1.0,"SetByAsk, Leg"
2025-12-30 05:58:11,2025-12-30T05:58:11,60.97,1.0,SetByAsk
2025-12-30 05:59:03,2025-12-30T05:59:03,60.98,1.0,SetByAsk
2025-12-30 05:59:04,2025-12-30T05:59:04,60.98,1.0,SetByAsk
2025-12-30 05:59:26,2025-12-30T05:59:26,60.98,1.0,SetByAsk
2025-12-30 06:00:30,2025-12-30T06:00:30,61.0,1.0,SetByAsk
2025-12-30 06:00:30,2025-12-30T06:00:30,61.0,1.0,SetByAsk
2025-12-30 06:00:30,2025-12-30T06:00:30,61.0,7.0,SetByAsk
2025-12-30 06:00:30,2025-12-30T06:00:30,61.0,3.0,SetByAsk
2025-12-30 06:00:30,2025-12-30T06:00:30,61.0,1.0,SetByAsk
2025-12-30 06:00:30,2025-12-30T06:00:30,61.0,1.0,SetByAsk
2025-12-30 06:00:30,2025-12-30T06:00:30,61.0,1.0,SetByAsk
2025-12-30 06:00:30,2025-12-30T06:00:30,61.0,1.0,SetByAsk
2025-12-30 06:00:30,2025-12-30T06:00:30,61.0,1.0,SetByAsk
2025-12-30 06:00:30,2025-12-30T06:00:30,61.0,1.0,SetByAsk
2025-12-30 06:00:30,2025-12-30T06:00:30,61.0,1.0,SetByAsk
2025-12-30 06:00:30,2025-12-30T06:00:30,61.0,1.0,SetByAsk
2025-12-30 06:00:30,2025-12-30T06:00:30,61.0,1.0,SetByAsk
2025-12-30 06:00:30,2025-12-30T06:00:30,61.0,1.0,SetByAsk
2025-12-30 06:00:30,2025-12-30T06:00:30,61.0,1.0,SetByAsk
2025-12-30 06:00:30,2025-12-30T06:00:30,61.0,1.0,SetByAsk
2025-12-30 06:00:30,2025-12-30T06:00:30,61.0,1.0,SetByAsk
2025-12-30 06:00:30,2025-12-30T06:00:30,61.0,1.0,SetByAsk
2025-12-30 06:00:30,2025-12-30T06:00:30,61.0,1.0,SetByAsk
2025-12-30 06:00:30,2025-12-30T06:00:30,61.0,1.0,SetByAsk
2025-12-30 06:00:30,2025-12-30T06:00:30,61.0,1.0,SetByAsk
2025-12-30 06:00:30,2025-12-30T06:00:30,61.0,1.0,SetByAsk
2025-12-30 06:00:30,2025-12-30T06:00:30,61.0,1.0,SetByAsk
2025-12-30 06:00:30,2025-12-30T06:00:30,61.0,1.0,SetByAsk
2025-12-30 06:00:30,2025-12-30T06:00:30,61.0,1.0,SetByAsk
2025-12-30 06:00:30,2025-12-30T06:00:30,61.0,1.0,SetByAsk
2025-12-30 06:00:30,2025-12-30T06:00:30,61.0,1.0,SetByAsk
2025-12-30 06:00:30,2025-12-30T06:00:30,61.0,1.0,SetByAsk
2025-12-30 06:00:30,2025-12-30T06:00:30,61.0,1.0,SetByAsk
2025-12-30 06:00:30,2025-12-30T06:00:30,61.0,4.0,SetByAsk
2025-12-30 06:00:31,2025-12-30T06:00:31,61.01,1.0,SetByBid
2025-12-30 06:00:31,2025-12-30T06:00:31,61.01,2.0,SetByBid
2025-12-30 06:00:36,2025-12-30T06:00:36,61.01,1.0,SetByAsk
2025-12-30 06:00:43,2025-12-30T06:00:43,61.02,2.0,SetByAsk
2025-12-30 06:00:43,2025-12-30T06:00:43,61.02,2.0,SetByAsk
2025-12-30 06:00:43,2025-12-30T06:00:43,61.02,1.0,SetByAsk
2025-12-30 06:00:43,2025-12-30T06:00:43,61.02,1.0,SetByAsk
2025-12-30 06:00:43,2025-12-30T06:00:43,61.02,1.0,SetByAsk
2025-12-30 06:00:43,2025-12-30T06:00:43,61.02,1.0,SetByAsk
2025-12-30 06:00:43,2025-12-30T06:00:43,61.02,1.0,SetByAsk
2025-12-30 06:00:43,2025-12-30T06:00:43,61.02,1.0,SetByAsk
2025-12-30 06:00:43,2025-12-30T06:00:43,61.02,1.0,SetByAsk
2025-12-30 06:00:43,2025-12-30T06:00:43,61.02,1.0,SetByAsk
2025-12-30 06:00:43,2025-12-30T06:00:43,61.02,1.0,SetByAsk
2025-12-30 06:00:43,2025-12-30T06:00:43,61.02,1.0,SetByAsk
2025-12-30 06:00:43,2025-12-30T06:00:43,61.02,1.0,"SetByAsk, Leg"
2025-12-30 06:00:43,2025-12-30T06:00:43,61.01,1.0,"SetByAsk, Leg"
2025-12-30 06:00:43,2025-12-30T06:00:43,61.01,1.0,SetByAsk
2025-12-30 06:00:43,2025-12-30T06:00:43,61.01,1.0,SetByAsk
2025-12-30 06:00:43,2025-12-30T06:00:43,61.01,1.0,SetByAsk
2025-12-30 06:00:43,2025-12-30T06:00:43,61.01,1.0,SetByAsk
2025-12-30 06:00:43,2025-12-30T06:00:43,61.01,3.0,SetByAsk
2025-12-30 06:00:44,2025-12-30T06:00:44,61.02,2.0,SetByBid
2025-12-30 06:00:44,2025-12-30T06:00:44,61.02,1.0,SetByBid
2025-12-30 06:00:44,2025-12-30T06:00:44,61.02,1.0,SetByBid
2025-12-30 06:00:44,2025-12-30T06:00:44,61.02,2.0,SetByBid
2025-12-30 06:00:44,2025-12-30T06:00:44,61.02,2.0,SetByBid
2025-12-30 06:00:44,2025-12-30T06:00:44,61.02,1.0,SetByBid
2025-12-30 06:00:44,2025-12-30T06:00:44,61.02,1.0,SetByBid
2025-12-30 06:00:44,2025-12-30T06:00:44,61.02,1.0,SetByBid
2025-12-30 06:00:44,2025-12-30T06:00:44,61.02,1.0,SetByBid
2025-12-30 06:00:44,2025-12-30T06:00:44,61.02,1.0,SetByBid
2025-12-30 06:00:44,2025-12-30T06:00:44,61.02,1.0,SetByBid
2025-12-30 06:00:44,2025-12-30T06:00:44,61.02,1.0,SetByBid
2025-12-30 06:00:44,2025-12-30T06:00:44,61.02,2.0,SetByBid
2025-12-30 06:00:44,2025-12-30T06:00:44,61.02,2.0,SetByBid
2025-12-30 06:00:44,2025-12-30T06:00:44,61.02,1.0,SetByBid
2025-12-30 06:00:44,2025-12-30T06:00:44,61.02,1.0,SetByBid
2025-12-30 06:00:44,2025-12-30T06:00:44,61.02,1.0,SetByBid
2025-12-30 06:00:44,2025-12-30T06:00:44,61.02,1.0,SetByBid
2025-12-30 06:00:44,2025-12-30T06:00:44,61.02,1.0,SetByBid
2025-12-30 06:00:44,2025-12-30T06:00:44,61.02,1.0,SetByBid
2025-12-30 06:00:44,2025-12-30T06:00:44,61.02,1.0,SetByBid
2025-12-30 06:00:51,2025-12-30T06:00:51,61.03,1.0,SetByAsk
2025-12-30 06:00:55,2025-12-30T06:00:55,61.02,2.0,SetByAsk
2025-12-30 06:01:06,2025-12-30T06:01:06,61.01,2.0,SetByAsk
2025-12-30 06:01:06,2025-12-30T06:01:06,61.01,1.0,SetByAsk
2025-12-30 06:01:06,2025-12-30T06:01:06,61.01,1.0,SetByAsk
2025-12-30 06:01:06,2025-12-30T06:01:06,61.01,1.0,SetByAsk
2025-12-30 06:01:06,2025-12-30T06:01:06,61.01,1.0,SetByAsk
2025-12-30 06:01:06,2025-12-30T06:01:06,61.01,2.0,SetByAsk
2025-12-30 06:01:06,2025-12-30T06:01:06,61.01,1.0,SetByAsk
2025-12-30 06:01:06,2025-12-30T06:01:06,61.01,1.0,SetByAsk
2025-12-30 06:01:06,2025-12-30T06:01:06,61.01,2.0,SetByAsk
2025-12-30 06:01:06,2025-12-30T06:01:06,61.01,1.0,SetByAsk
2025-12-30 06:01:06,2025-12-30T06:01:06,61.01,1.0,SetByAsk
2025-12-30 06:01:06,2025-12-30T06:01:06,61.01,1.0,SetByAsk
2025-12-30 06:01:06,2025-12-30T06:01:06,61.01,1.0,SetByAsk
2025-12-30 06:01:06,2025-12-30T06:01:06,61.01,1.0,SetByAsk
2025-12-30 06:01:06,2025-12-30T06:01:06,61.01,1.0,SetByAsk
2025-12-30 06:01:06,2025-12-30T06:01:06,61.01,1.0,SetByAsk
2025-12-30 06:01:06,2025-12-30T06:01:06,61.01,1.0,SetByAsk
2025-12-30 06:02:08,2025-12-30T06:02:08,60.99,1.0,SetByAsk
2025-12-30 06:02:08,2025-12-30T06:02:08,60.99,1.0,SetByAsk
2025-12-30 06:02:47,2025-12-30T06:02:47,60.99,1.0,SetByAsk
2025-12-30 06:02:47,2025-12-30T06:02:47,60.99,3.0,SetByAsk
2025-12-30 06:03:52,2025-12-30T06:03:52,60.97,1.0,SetByAsk
2025-12-30 06:03:52,2025-12-30T06:03:52,60.97,1.0,SetByBid
2025-12-30 06:07:05,2025-12-30T06:07:05,60.97,1.0,SetByBid
2025-12-30 06:07:53,2025-12-30T06:07:53,60.98,1.0,SetByAsk
2025-12-30 06:08:02,2025-12-30T06:08:02,60.99,1.0,SetByBid
2025-12-30 06:12:47,2025-12-30T06:12:47,60.97,1.0,SetByAsk
2025-12-30 06:14:33,2025-12-30T06:14:33,61.0,1.0,SetByBid
2025-12-30 06:14:33,2025-12-30T06:14:33,61.0,1.0,SetByBid
2025-12-30 06:14:33,2025-12-30T06:14:33,61.0,1.0,SetByBid
2025-12-30 06:14:33,2025-12-30T06:14:33,61.0,1.0,SetByBid
2025-12-30 06:14:33,2025-12-30T06:14:33,61.0,1.0,SetByBid
2025-12-30 06:15:18,2025-12-30T06:15:18,60.99,1.0,SetByBid
2025-12-30 06:15:18,2025-12-30T06:15:18,60.99,1.0,SetByAsk
2025-12-30 06:15:18,2025-12-30T06:15:18,60.99,1.0,SetByAsk
2025-12-30 06:15:18,2025-12-30T06:15:18,60.99,2.0,SetByAsk
2025-12-30 06:15:18,2025-12-30T06:15:18,60.99,1.0,SetByAsk
2025-12-30 06:15:18,2025-12-30T06:15:18,60.99,3.0,SetByAsk
2025-12-30 06:15:22,2025-12-30T06:15:22,60.99,1.0,SetByAsk
2025-12-30 06:15:54,2025-12-30T06:15:54,61.0,1.0,SetByBid
2025-12-30 06:16:54,2025-12-30T06:16:54,61.01,2.0,SetByBid
2025-12-30 06:16:54,2025-12-30T06:16:54,61.01,1.0,SetByBid
2025-12-30 06:17:32,2025-12-30T06:17:32,61.01,1.0,SetByAsk
2025-12-30 06:17:32,2025-12-30T06:17:32,61.0,1.0,SetByAsk
2025-12-30 06:17:32,2025-12-30T06:17:32,61.0,1.0,SetByAsk
2025-12-30 06:17:57,2025-12-30T06:17:57,60.97,1.0,SetByBid
2025-12-30 06:17:57,2025-12-30T06:17:57,60.97,1.0,SetByBid
2025-12-30 06:17:57,2025-12-30T06:17:57,60.96,1.0,SetByAsk
2025-12-30 06:17:57,2025-12-30T06:17:57,60.96,1.0,SetByAsk
2025-12-30 06:17:57,2025-12-30T06:17:57,60.96,1.0,SetByAsk
2025-12-30 06:17:57,2025-12-30T06:17:57,60.96,11.0,SetByAsk
2025-12-30 06:17:57,2025-12-30T06:17:57,60.96,4.0,SetByAsk
2025-12-30 06:17:57,2025-12-30T06:17:57,60.97,1.0,SetByBid
2025-12-30 06:17:57,2025-12-30T06:17:57,60.96,1.0,SetByAsk
2025-12-30 06:17:57,2025-12-30T06:17:57,60.96,1.0,SetByAsk
2025-12-30 06:17:57,2025-12-30T06:17:57,60.96,1.0,SetByAsk
2025-12-30 06:17:57,2025-12-30T06:17:57,60.96,1.0,SetByAsk
2025-12-30 06:17:57,2025-12-30T06:17:57,60.96,4.0,SetByAsk
2025-12-30 06:17:57,2025-12-30T06:17:57,60.96,1.0,SetByAsk
2025-12-30 06:17:57,2025-12-30T06:17:57,60.96,2.0,SetByAsk
2025-12-30 06:18:02,2025-12-30T06:18:02,60.96,2.0,SetByAsk
2025-12-30 06:18:02,2025-12-30T06:18:02,60.96,2.0,SetByAsk
2025-12-30 06:18:02,2025-12-30T06:18:02,60.96,2.0,SetByAsk
2025-12-30 06:18:02,2025-12-30T06:18:02,60.96,4.0,SetByAsk
2025-12-30 06:18:02,2025-12-30T06:18:02,60.96,19.0,SetByAsk
2025-12-30 06:18:02,2025-12-30T06:18:02,60.96,5.0,SetByAsk
2025-12-30 06:18:02,2025-12-30T06:18:02,60.96,3.0,SetByAsk
2025-12-30 06:18:02,2025-12-30T06:18:02,60.96,2.0,SetByAsk
2025-12-30 06:18:02,2025-12-30T06:18:02,60.96,2.0,SetByAsk
2025-12-30 06:18:02,2025-12-30T06:18:02,60.96,2.0,SetByAsk
2025-12-30 06:18:02,2025-12-30T06:18:02,60.96,2.0,SetByAsk
2025-12-30 06:18:02,2025-12-30T06:18:02,60.96,1.0,SetByAsk
2025-12-30 06:18:02,2025-12-30T06:18:02,60.97,1.0,SetByBid
2025-12-30 06:18:02,2025-12-30T06:18:02,60.97,1.0,SetByBid
2025-12-30 06:18:02,2025-12-30T06:18:02,60.97,1.0,SetByBid
2025-12-30 06:18:02,2025-12-30T06:18:02,60.97,1.0,SetByBid
2025-12-30 06:18:02,2025-12-30T06:18:02,60.97,2.0,SetByBid
2025-12-30 06:18:02,2025-12-30T06:18:02,60.97,1.0,SetByBid
2025-12-30 06:18:02,2025-12-30T06:18:02,60.98,1.0,SetByBid
2025-12-30 06:18:02,2025-12-30T06:18:02,60.97,1.0,SetByAsk
2025-12-30 06:18:02,2025-12-30T06:18:02,60.98,1.0,SetByBid
2025-12-30 06:18:02,2025-12-30T06:18:02,60.97,2.0,SetByAsk
2025-12-30 06:18:02,2025-12-30T06:18:02,61.02,2.0,SetByAsk
2025-12-30 06:18:02,2025-12-30T06:18:02,61.02,2.0,SetByAsk
2025-12-30 06:18:02,2025-12-30T06:18:02,61.02,5.0,SetByAsk
2025-12-30 06:18:02,2025-12-30T06:18:02,61.02,1.0,SetByAsk
2025-12-30 06:18:02,2025-12-30T06:18:02,61.02,4.0,SetByAsk
2025-12-30 06:18:02,2025-12-30T06:18:02,61.02,2.0,SetByAsk
2025-12-30 06:18:02,2025-12-30T06:18:02,61.02,1.0,SetByAsk
2025-12-30 06:18:02,2025-12-30T06:18:02,61.02,15.0,SetByAsk
2025-12-30 06:18:02,2025-12-30T06:18:02,61.02,1.0,SetByAsk
2025-12-30 06:18:02,2025-12-30T06:18:02,61.02,4.0,SetByAsk
2025-12-30 06:18:02,2025-12-30T06:18:02,61.02,1.0,SetByAsk
2025-12-30 06:18:02,2025-12-30T06:18:02,61.02,1.0,SetByAsk
2025-12-30 06:18:02,2025-12-30T06:18:02,61.02,1.0,SetByAsk
2025-12-30 06:18:02,2025-12-30T06:18:02,61.02,1.0,SetByAsk
2025-12-30 06:18:03,2025-12-30T06:18:03,61.02,3.0,SetByAsk
2025-12-30 06:18:03,2025-12-30T06:18:03,61.02,1.0,SetByAsk
2025-12-30 06:18:03,2025-12-30T06:18:03,61.02,1.0,SetByAsk
2025-12-30 06:18:03,2025-12-30T06:18:03,61.02,1.0,SetByAsk
2025-12-30 06:18:03,2025-12-30T06:18:03,61.02,2.0,SetByAsk
2025-12-30 06:18:03,2025-12-30T06:18:03,61.02,2.0,SetByAsk
2025-12-30 06:18:03,2025-12-30T06:18:03,61.02,1.0,SetByAsk
2025-12-30 06:18:03,2025-12-30T06:18:03,61.01,1.0,SetByBid
2025-12-30 06:18:25,2025-12-30T06:18:25,61.0,1.0,SetByAsk
2025-12-30 06:18:25,2025-12-30T06:18:25,61.0,1.0,SetByAsk
2025-12-30 06:18:25,2025-12-30T06:18:25,61.0,1.0,SetByAsk
2025-12-30 06:18:25,2025-12-30T06:18:25,61.0,1.0,SetByAsk
2025-12-30 06:18:25,2025-12-30T06:18:25,61.0,1.0,SetByAsk
2025-12-30 06:19:14,2025-12-30T06:19:14,61.0,1.0,SetByAsk
2025-12-30 06:19:15,2025-12-30T06:19:15,61.0,1.0,SetByAsk
2025-12-30 06:20:52,2025-12-30T06:20:52,61.0,1.0,SetByAsk
2025-12-30 06:22:26,2025-12-30T06:22:26,61.01,1.0,SetByAsk
2025-12-30 06:23:07,2025-12-30T06:23:07,60.99,1.0,SetByAsk
2025-12-30 06:23:07,2025-12-30T06:23:07,60.99,1.0,SetByAsk
2025-12-30 06:23:44,2025-12-30T06:23:44,60.97,2.0,SetByBid
2025-12-30 06:23:44,2025-12-30T06:23:44,60.97,2.0,SetByBid
2025-12-30 06:23:44,2025-12-30T06:23:44,60.98,1.0,SetByBid
2025-12-30 06:23:44,2025-12-30T06:23:44,60.98,1.0,SetByBid
2025-12-30 06:23:44,2025-12-30T06:23:44,60.98,1.0,SetByBid
2025-12-30 06:23:44,2025-12-30T06:23:44,60.98,1.0,SetByBid
2025-12-30 06:23:44,2025-12-30T06:23:44,60.98,1.0,SetByAsk
2025-12-30 06:23:44,2025-12-30T06:23:44,60.98,1.0,SetByAsk
2025-12-30 06:25:00,2025-12-30T06:25:00,60.98,1.0,SetByBid
2025-12-30 06:25:31,2025-12-30T06:25:31,60.99,1.0,SetByAsk
2025-12-30 06:27:38,2025-12-30T06:27:38,60.98,1.0,SetByBid
2025-12-30 06:27:38,2025-12-30T06:27:38,60.98,1.0,SetByBid
2025-12-30 06:27:47,2025-12-30T06:27:47,60.98,1.0,SetByAsk
2025-12-30 06:27:47,2025-12-30T06:27:47,60.98,1.0,SetByAsk
2025-12-30 06:29:10,2025-12-30T06:29:10,60.97,1.0,SetByAsk
2025-12-30 06:29:15,2025-12-30T06:29:15,60.97,1.0,SetByAsk
2025-12-30 06:29:20,2025-12-30T06:29:20,60.97,1.0,SetByAsk
2025-12-30 06:31:00,2025-12-30T06:31:00,60.91,1.0,SetByBid
2025-12-30 06:31:00,2025-12-30T06:31:00,60.91,3.0,SetByBid
2025-12-30 06:31:04,2025-12-30T06:31:04,60.92,1.0,SetByBid
2025-12-30 06:31:04,2025-12-30T06:31:04,60.92,1.0,SetByBid
2025-12-30 06:31:04,2025-12-30T06:31:04,60.92,1.0,SetByBid
2025-12-30 06:31:04,2025-12-30T06:31:04,60.92,3.0,SetByBid
2025-12-30 06:31:04,2025-12-30T06:31:04,60.92,3.0,SetByBid
2025-12-30 06:31:04,2025-12-30T06:31:04,60.92,3.0,"SetByBid, Leg"
2025-12-30 06:31:04,2025-12-30T06:31:04,60.93,3.0,"SetByBid, Leg"
2025-12-30 06:31:04,2025-12-30T06:31:04,60.93,1.0,SetByBid
2025-12-30 06:31:04,2025-12-30T06:31:04,60.93,1.0,SetByBid
2025-12-30 06:31:04,2025-12-30T06:31:04,60.93,1.0,SetByBid
2025-12-30 06:31:04,2025-12-30T06:31:04,60.93,2.0,SetByBid
2025-12-30 06:31:04,2025-12-30T06:31:04,60.93,1.0,SetByBid
2025-12-30 06:31:04,2025-12-30T06:31:04,60.93,3.0,SetByBid
2025-12-30 06:31:04,2025-12-30T06:31:04,60.93,1.0,SetByBid
2025-12-30 06:31:04,2025-12-30T06:31:04,60.93,1.0,SetByBid
2025-12-30 06:31:04,2025-12-30T06:31:04,60.93,1.0,SetByBid
2025-12-30 06:31:04,2025-12-30T06:31:04,60.93,1.0,SetByBid
2025-12-30 06:31:04,2025-12-30T06:31:04,60.93,1.0,SetByBid
2025-12-30 06:31:04,2025-12-30T06:31:04,60.93,1.0,SetByBid
2025-12-30 06:31:04,2025-12-30T06:31:04,60.93,1.0,SetByBid
2025-12-30 06:31:04,2025-12-30T06:31:04,60.93,1.0,SetByBid
2025-12-30 06:31:04,2025-12-30T06:31:04,60.93,1.0,SetByBid
2025-12-30 06:31:04,2025-12-30T06:31:04,60.93,1.0,SetByBid
2025-12-30 06:31:04,2025-12-30T06:31:04,60.93,2.0,"SetByBid, Leg"
2025-12-30 06:31:04,2025-12-30T06:31:04,60.94,2.0,"SetByBid, Leg"
2025-12-30 06:31:04,2025-12-30T06:31:04,60.93,2.0,"SetByBid, Leg"
2025-12-30 06:31:04,2025-12-30T06:31:04,60.94,2.0,"SetByBid, Leg"
2025-12-30 06:31:04,2025-12-30T06:31:04,60.94,2.0,SetByBid
2025-12-30 06:31:04,2025-12-30T06:31:04,60.94,1.0,SetByBid
2025-12-30 06:31:04,2025-12-30T06:31:04,60.94,1.0,SetByBid
2025-12-30 06:31:04,2025-12-30T06:31:04,60.94,1.0,SetByBid
2025-12-30 06:31:04,2025-12-30T06:31:04,60.94,3.0,SetByBid
2025-12-30 06:31:04,2025-12-30T06:31:04,60.92,1.0,SetByAsk
2025-12-30 06:31:27,2025-12-30T06:31:27,60.93,1.0,SetByBid
2025-12-30 06:31:27,2025-12-30T06:31:27,60.93,2.0,SetByBid
2025-12-30 06:31:27,2025-12-30T06:31:27,60.93,1.0,SetByBid
2025-12-30 06:31:27,2025-12-30T06:31:27,60.93,1.0,SetByBid
2025-12-30 06:31:27,2025-12-30T06:31:27,60.93,3.0,SetByBid
2025-12-30 06:31:27,2025-12-30T06:31:27,60.93,1.0,SetByBid
2025-12-30 06:31:27,2025-12-30T06:31:27,60.93,3.0,SetByBid
2025-12-30 06:31:27,2025-12-30T06:31:27,60.93,3.0,SetByBid
2025-12-30 06:31:27,2025-12-30T06:31:27,60.93,1.0,SetByBid
2025-12-30 06:31:27,2025-12-30T06:31:27,60.93,4.0,SetByBid
2025-12-30 06:31:27,2025-12-30T06:31:27,60.93,3.0,"SetByBid, Leg"
2025-12-30 06:31:27,2025-12-30T06:31:27,60.94,3.0,"SetByBid, Leg"
2025-12-30 06:31:27,2025-12-30T06:31:27,60.94,4.0,SetByBid
2025-12-30 06:31:27,2025-12-30T06:31:27,60.94,4.0,SetByBid
2025-12-30 06:31:27,2025-12-30T06:31:27,60.94,2.0,SetByBid
2025-12-30 06:31:27,2025-12-30T06:31:27,60.94,1.0,SetByBid
2025-12-30 06:31:27,2025-12-30T06:31:27,60.94,2.0,SetByBid
2025-12-30 06:31:27,2025-12-30T06:31:27,60.94,3.0,SetByBid
2025-12-30 06:31:27,2025-12-30T06:31:27,60.94,1.0,SetByBid
2025-12-30 06:31:27,2025-12-30T06:31:27,60.94,3.0,SetByBid
2025-12-30 06:31:27,2025-12-30T06:31:27,60.94,1.0,SetByBid
2025-12-30 06:31:27,2025-12-30T06:31:27,60.94,2.0,SetByBid
2025-12-30 06:31:27,2025-12-30T06:31:27,60.94,1.0,SetByBid
2025-12-30 06:31:53,2025-12-30T06:31:53,60.93,1.0,SetByBid
2025-12-30 06:31:53,2025-12-30T06:31:53,60.93,1.0,SetByBid
2025-12-30 06:31:53,2025-12-30T06:31:53,60.93,1.0,SetByBid
2025-12-30 06:31:53,2025-12-30T06:31:53,60.93,3.0,SetByBid
2025-12-30 06:31:53,2025-12-30T06:31:53,60.93,1.0,SetByBid
2025-12-30 06:31:53,2025-12-30T06:31:53,60.93,2.0,SetByBid
2025-12-30 06:31:53,2025-12-30T06:31:53,60.93,1.0,SetByBid
2025-12-30 06:31:53,2025-12-30T06:31:53,60.93,3.0,"SetByBid, Leg"
2025-12-30 06:31:53,2025-12-30T06:31:53,60.94,3.0,"SetByBid, Leg"
2025-12-30 06:31:53,2025-12-30T06:31:53,60.93,2.0,"SetByBid, Leg"
2025-12-30 06:31:53,2025-12-30T06:31:53,60.94,2.0,"SetByBid, Leg"
2025-12-30 06:31:53,2025-12-30T06:31:53,60.94,1.0,SetByBid
2025-12-30 06:31:53,2025-12-30T06:31:53,60.94,1.0,SetByBid
2025-12-30 06:31:53,2025-12-30T06:31:53,60.94,1.0,SetByBid
2025-12-30 06:31:53,2025-12-30T06:31:53,60.94,1.0,SetByBid
2025-12-30 06:31:53,2025-12-30T06:31:53,60.94,1.0,SetByBid
2025-12-30 06:31:53,2025-12-30T06:31:53,60.94,1.0,SetByBid
2025-12-30 06:31:53,2025-12-30T06:31:53,60.94,1.0,SetByBid
2025-12-30 06:31:53,2025-12-30T06:31:53,60.94,3.0,SetByBid
2025-12-30 06:31:53,2025-12-30T06:31:53,60.94,1.0,SetByBid
2025-12-30 06:31:53,2025-12-30T06:31:53,60.94,2.0,SetByBid
2025-12-30 06:31:53,2025-12-30T06:31:53,60.94,2.0,SetByBid
2025-12-30 06:31:53,2025-12-30T06:31:53,60.94,1.0,SetByBid
2025-12-30 06:31:53,2025-12-30T06:31:53,60.94,1.0,SetByBid
2025-12-30 06:31:53,2025-12-30T06:31:53,60.94,1.0,SetByBid
2025-12-30 06:31:53,2025-12-30T06:31:53,60.94,1.0,SetByBid
2025-12-30 06:31:53,2025-12-30T06:31:53,60.94,1.0,SetByBid
2025-12-30 06:31:53,2025-12-30T06:31:53,60.94,1.0,SetByBid
2025-12-30 06:31:53,2025-12-30T06:31:53,60.94,1.0,SetByBid
2025-12-30 06:31:53,2025-12-30T06:31:53,60.94,1.0,SetByBid
2025-12-30 06:31:53,2025-12-30T06:31:53,60.94,1.0,SetByBid
2025-12-30 06:31:53,2025-12-30T06:31:53,60.94,1.0,SetByBid
2025-12-30 06:31:53,2025-12-30T06:31:53,60.94,2.0,SetByBid
2025-12-30 06:31:53,2025-12-30T06:31:53,60.94,2.0,SetByBid
2025-12-30 06:31:53,2025-12-30T06:31:53,60.94,1.0,SetByBid
2025-12-30 06:32:02,2025-12-30T06:32:02,60.93,1.0,SetByAsk
2025-12-30 06:32:46,2025-12-30T06:32:46,60.94,1.0,SetByAsk
2025-12-30 06:32:46,2025-12-30T06:32:46,60.94,1.0,SetByAsk
2025-12-30 06:32:46,2025-12-30T06:32:46,60.94,1.0,SetByAsk
2025-12-30 06:32:54,2025-12-30T06:32:54,60.93,1.0,SetByAsk
2025-12-30 06:32:54,2025-12-30T06:32:54,60.93,1.0,SetByAsk
2025-12-30 06:33:01,2025-12-30T06:33:01,60.95,2.0,SetByBid
2025-12-30 06:33:01,2025-12-30T06:33:01,60.95,1.0,SetByBid
2025-12-30 06:34:00,2025-12-30T06:34:00,60.95,1.0,SetByBid
2025-12-30 06:34:00,2025-12-30T06:34:00,60.95,2.0,SetByBid
2025-12-30 06:34:00,2025-12-30T06:34:00,60.95,1.0,SetByBid
2025-12-30 06:34:00,2025-12-30T06:34:00,60.95,1.0,SetByBid
2025-12-30 06:34:00,2025-12-30T06:34:00,60.95,1.0,SetByBid
2025-12-30 06:34:18,2025-12-30T06:34:18,60.95,1.0,SetByAsk
2025-12-30 06:34:32,2025-12-30T06:34:32,60.95,1.0,SetByAsk
2025-12-30 06:34:32,2025-12-30T06:34:32,60.95,1.0,SetByAsk
2025-12-30 06:34:48,2025-12-30T06:34:48,60.95,1.0,SetByAsk
2025-12-30 06:34:48,2025-12-30T06:34:48,60.95,1.0,SetByAsk
2025-12-30 06:35:30,2025-12-30T06:35:30,60.95,1.0,SetByBid
2025-12-30 06:35:46,2025-12-30T06:35:46,60.94,2.0,"SetByBid, Leg"
2025-12-30 06:35:46,2025-12-30T06:35:46,60.95,2.0,"SetByBid, Leg"
2025-12-30 06:35:46,2025-12-30T06:35:46,60.95,1.0,SetByBid
2025-12-30 06:35:46,2025-12-30T06:35:46,60.95,2.0,SetByBid
2025-12-30 06:35:46,2025-12-30T06:35:46,60.95,1.0,SetByBid
2025-12-30 06:35:46,2025-12-30T06:35:46,60.95,1.0,SetByBid
2025-12-30 06:35:46,2025-12-30T06:35:46,60.95,1.0,SetByBid
2025-12-30 06:35:46,2025-12-30T06:35:46,60.95,3.0,SetByBid
2025-12-30 06:35:46,2025-12-30T06:35:46,60.95,1.0,SetByBid
2025-12-30 06:35:46,2025-12-30T06:35:46,60.95,2.0,SetByBid
2025-12-30 06:35:46,2025-12-30T06:35:46,60.95,1.0,SetByBid
2025-12-30 06:35:46,2025-12-30T06:35:46,60.95,1.0,SetByBid
2025-12-30 06:35:46,2025-12-30T06:35:46,60.95,3.0,"SetByBid, Leg"
2025-12-30 06:35:46,2025-12-30T06:35:46,60.96,3.0,"SetByBid, Leg"
2025-12-30 06:35:46,2025-12-30T06:35:46,60.96,1.0,SetByBid
2025-12-30 06:35:46,2025-12-30T06:35:46,60.96,1.0,SetByBid
2025-12-30 06:35:46,2025-12-30T06:35:46,60.96,1.0,SetByBid
2025-12-30 06:35:46,2025-12-30T06:35:46,60.96,2.0,SetByBid
2025-12-30 06:35:46,2025-12-30T06:35:46,60.96,2.0,SetByBid
2025-12-30 06:35:46,2025-12-30T06:35:46,60.96,1.0,SetByBid
2025-12-30 06:35:46,2025-12-30T06:35:46,60.96,3.0,SetByBid
2025-12-30 06:35:46,2025-12-30T06:35:46,60.96,3.0,SetByBid
2025-12-30 06:35:46,2025-12-30T06:35:46,60.96,2.0,SetByBid
2025-12-30 06:35:46,2025-12-30T06:35:46,60.96,1.0,SetByBid
2025-12-30 06:35:46,2025-12-30T06:35:46,60.96,2.0,SetByBid
2025-12-30 06:35:46,2025-12-30T06:35:46,60.96,1.0,SetByBid
2025-12-30 06:35:46,2025-12-30T06:35:46,60.96,1.0,SetByBid
2025-12-30 06:35:46,2025-12-30T06:35:46,60.96,1.0,SetByBid
2025-12-30 06:35:46,2025-12-30T06:35:46,60.96,4.0,SetByBid
2025-12-30 06:36:35,2025-12-30T06:36:35,60.95,2.0,SetByAsk
2025-12-30 06:36:35,2025-12-30T06:36:35,60.95,1.0,SetByAsk
2025-12-30 06:36:35,2025-12-30T06:36:35,60.95,1.0,SetByAsk
2025-12-30 06:37:50,2025-12-30T06:37:50,60.97,1.0,SetByAsk
2025-12-30 06:38:18,2025-12-30T06:38:18,60.95,1.0,SetByAsk
2025-12-30 06:38:18,2025-12-30T06:38:18,60.95,3.0,SetByAsk
2025-12-30 06:38:58,2025-12-30T06:38:58,60.97,1.0,SetByAsk
2025-12-30 06:38:58,2025-12-30T06:38:58,60.97,1.0,SetByAsk
2025-12-30 06:39:44,2025-12-30T06:39:44,60.97,1.0,SetByAsk
2025-12-30 06:39:54,2025-12-30T06:39:54,60.97,1.0,SetByAsk
2025-12-30 06:40:04,2025-12-30T06:40:04,60.97,1.0,SetByAsk
2025-12-30 06:40:14,2025-12-30T06:40:14,60.97,1.0,SetByAsk
2025-12-30 06:40:19,2025-12-30T06:40:19,60.97,1.0,SetByAsk
2025-12-30 06:41:12,2025-12-30T06:41:12,60.97,1.0,SetByAsk
2025-12-30 06:41:17,2025-12-30T06:41:17,60.97,1.0,SetByAsk
2025-12-30 06:41:19,2025-12-30T06:41:19,60.97,1.0,SetByAsk
2025-12-30 06:41:41,2025-12-30T06:41:41,60.96,1.0,SetByBid
2025-12-30 06:41:41,2025-12-30T06:41:41,60.96,1.0,SetByBid
2025-12-30 06:42:15,2025-12-30T06:42:15,60.96,1.0,SetByAsk
2025-12-30 06:42:25,2025-12-30T06:42:25,60.95,1.0,SetByAsk
2025-12-30 06:44:12,2025-12-30T06:44:12,60.95,1.0,SetByBid
2025-12-30 06:45:08,2025-12-30T06:45:08,60.97,1.0,SetByAsk
2025-12-30 06:45:08,2025-12-30T06:45:08,60.97,1.0,SetByAsk
2025-12-30 06:45:08,2025-12-30T06:45:08,60.97,1.0,SetByAsk
2025-12-30 06:45:15,2025-12-30T06:45:15,60.98,1.0,SetByBid
2025-12-30 06:45:43,2025-12-30T06:45:43,60.98,1.0,SetByBid
2025-12-30 06:48:01,2025-12-30T06:48:01,60.96,1.0,SetByBid
2025-12-30 06:48:01,2025-12-30T06:48:01,60.96,1.0,SetByBid
2025-12-30 06:48:01,2025-12-30T06:48:01,60.96,2.0,SetByBid
2025-12-30 06:48:01,2025-12-30T06:48:01,60.96,1.0,SetByAsk
2025-12-30 06:48:01,2025-12-30T06:48:01,60.96,1.0,SetByBid
2025-12-30 06:48:29,2025-12-30T06:48:29,60.97,2.0,SetByBid
2025-12-30 06:48:29,2025-12-30T06:48:29,60.97,1.0,SetByBid
2025-12-30 06:48:29,2025-12-30T06:48:29,60.97,1.0,SetByBid
2025-12-30 06:48:29,2025-12-30T06:48:29,60.97,2.0,SetByBid
2025-12-30 06:48:29,2025-12-30T06:48:29,60.97,1.0,SetByBid
2025-12-30 06:48:29,2025-12-30T06:48:29,60.97,2.0,SetByBid
2025-12-30 06:48:29,2025-12-30T06:48:29,60.97,1.0,SetByBid
2025-12-30 06:48:29,2025-12-30T06:48:29,60.97,1.0,SetByBid
2025-12-30 06:48:29,2025-12-30T06:48:29,60.97,1.0,SetByBid
2025-12-30 06:48:29,2025-12-30T06:48:29,60.97,1.0,SetByBid
2025-12-30 06:48:29,2025-12-30T06:48:29,60.97,1.0,SetByBid
2025-12-30 06:48:29,2025-12-30T06:48:29,60.97,1.0,SetByBid
2025-12-30 06:48:29,2025-12-30T06:48:29,60.97,1.0,SetByBid
2025-12-30 06:48:29,2025-12-30T06:48:29,60.97,2.0,"SetByBid, Leg"
2025-12-30 06:48:29,2025-12-30T06:48:29,60.98,2.0,"SetByBid, Leg"
2025-12-30 06:49:07,2025-12-30T06:49:07,60.95,1.0,SetByAsk
2025-12-30 06:49:07,2025-12-30T06:49:07,60.95,1.0,SetByAsk
2025-12-30 06:49:07,2025-12-30T06:49:07,60.95,1.0,SetByAsk
2025-12-30 06:49:07,2025-12-30T06:49:07,60.95,1.0,SetByAsk
2025-12-30 06:49:07,2025-12-30T06:49:07,60.95,1.0,SetByAsk
2025-12-30 06:49:07,2025-12-30T06:49:07,60.95,1.0,SetByAsk
2025-12-30 06:49:07,2025-12-30T06:49:07,60.95,1.0,SetByAsk
2025-12-30 06:49:07,2025-12-30T06:49:07,60.95,1.0,SetByAsk
2025-12-30 06:49:07,2025-12-30T06:49:07,60.95,1.0,SetByAsk
2025-12-30 06:49:07,2025-12-30T06:49:07,60.95,1.0,SetByAsk
2025-12-30 06:49:15,2025-12-30T06:49:15,60.97,1.0,SetByBid
2025-12-30 06:49:15,2025-12-30T06:49:15,60.97,2.0,SetByBid
2025-12-30 06:49:15,2025-12-30T06:49:15,60.97,1.0,SetByBid
2025-12-30 06:49:15,2025-12-30T06:49:15,60.97,1.0,SetByBid
2025-12-30 06:49:15,2025-12-30T06:49:15,60.97,1.0,SetByBid
2025-12-30 06:49:15,2025-12-30T06:49:15,60.97,3.0,SetByBid
2025-12-30 06:49:15,2025-12-30T06:49:15,60.97,1.0,SetByBid
2025-12-30 06:49:15,2025-12-30T06:49:15,60.97,1.0,SetByBid
2025-12-30 06:49:15,2025-12-30T06:49:15,60.97,1.0,SetByBid
2025-12-30 06:49:15,2025-12-30T06:49:15,60.97,2.0,"SetByBid, Leg"
2025-12-30 06:49:15,2025-12-30T06:49:15,60.98,2.0,"SetByBid, Leg"
2025-12-30 06:49:15,2025-12-30T06:49:15,60.98,2.0,SetByBid
2025-12-30 06:49:15,2025-12-30T06:49:15,60.98,1.0,SetByBid
2025-12-30 06:49:15,2025-12-30T06:49:15,60.98,1.0,SetByBid
2025-12-30 06:49:22,2025-12-30T06:49:22,60.95,1.0,SetByAsk
2025-12-30 06:49:22,2025-12-30T06:49:22,60.95,1.0,SetByAsk
2025-12-30 06:49:22,2025-12-30T06:49:22,60.95,1.0,SetByAsk
2025-12-30 06:49:22,2025-12-30T06:49:22,60.95,1.0,SetByAsk
2025-12-30 06:49:22,2025-12-30T06:49:22,60.95,1.0,SetByAsk
2025-12-30 06:49:22,2025-12-30T06:49:22,60.95,1.0,SetByAsk
2025-12-30 06:49:22,2025-12-30T06:49:22,60.95,1.0,SetByAsk
2025-12-30 06:49:22,2025-12-30T06:49:22,60.95,1.0,SetByAsk
2025-12-30 06:49:22,2025-12-30T06:49:22,60.95,1.0,SetByAsk
2025-12-30 06:49:22,2025-12-30T06:49:22,60.95,1.0,SetByAsk
2025-12-30 06:49:22,2025-12-30T06:49:22,60.95,1.0,SetByAsk
2025-12-30 06:49:22,2025-12-30T06:49:22,60.95,1.0,SetByAsk
2025-12-30 06:49:22,2025-12-30T06:49:22,60.95,1.0,SetByAsk
2025-12-30 06:49:22,2025-12-30T06:49:22,60.95,1.0,SetByAsk
2025-12-30 06:49:22,2025-12-30T06:49:22,60.95,1.0,SetByAsk
2025-12-30 06:49:22,2025-12-30T06:49:22,60.95,2.0,SetByAsk
2025-12-30 06:49:22,2025-12-30T06:49:22,60.95,1.0,SetByAsk
2025-12-30 06:49:22,2025-12-30T06:49:22,60.95,1.0,SetByAsk
2025-12-30 06:49:48,2025-12-30T06:49:48,60.97,1.0,SetByBid
2025-12-30 06:49:48,2025-12-30T06:49:48,60.97,1.0,SetByBid
2025-12-30 06:49:48,2025-12-30T06:49:48,60.97,1.0,SetByBid
2025-12-30 06:49:48,2025-12-30T06:49:48,60.97,2.0,SetByBid
2025-12-30 06:49:48,2025-12-30T06:49:48,60.97,1.0,SetByBid
2025-12-30 06:49:48,2025-12-30T06:49:48,60.97,1.0,SetByBid
2025-12-30 06:49:48,2025-12-30T06:49:48,60.97,1.0,SetByBid
2025-12-30 06:49:48,2025-12-30T06:49:48,60.97,1.0,SetByBid
2025-12-30 06:49:48,2025-12-30T06:49:48,60.98,1.0,SetByBid
2025-12-30 06:49:48,2025-12-30T06:49:48,60.98,1.0,SetByBid
2025-12-30 06:49:48,2025-12-30T06:49:48,60.98,3.0,SetByBid
2025-12-30 06:49:48,2025-12-30T06:49:48,60.98,1.0,SetByBid
2025-12-30 06:49:48,2025-12-30T06:49:48,60.98,1.0,SetByBid
2025-12-30 06:49:48,2025-12-30T06:49:48,60.98,4.0,SetByBid
2025-12-30 06:51:19,2025-12-30T06:51:19,60.99,1.0,SetByBid
2025-12-30 06:51:41,2025-12-30T06:51:41,61.02,1.0,SetByBid
2025-12-30 06:52:40,2025-12-30T06:52:40,61.05,2.0,SetByBid
2025-12-30 06:52:40,2025-12-30T06:52:40,61.05,1.0,SetByBid
2025-12-30 06:52:40,2025-12-30T06:52:40,61.05,2.0,SetByBid
2025-12-30 06:52:40,2025-12-30T06:52:40,61.05,5.0,SetByBid
2025-12-30 06:52:40,2025-12-30T06:52:40,61.05,5.0,SetByBid
2025-12-30 06:52:40,2025-12-30T06:52:40,61.05,1.0,SetByBid
2025-12-30 06:52:40,2025-12-30T06:52:40,61.05,2.0,SetByBid
2025-12-30 06:52:40,2025-12-30T06:52:40,61.05,1.0,SetByBid
2025-12-30 06:52:40,2025-12-30T06:52:40,61.05,1.0,SetByBid
2025-12-30 06:52:40,2025-12-30T06:52:40,61.05,1.0,SetByBid
2025-12-30 06:52:40,2025-12-30T06:52:40,61.05,1.0,SetByBid
2025-12-30 06:52:40,2025-12-30T06:52:40,61.05,1.0,SetByBid
2025-12-30 06:52:40,2025-12-30T06:52:40,61.05,1.0,SetByBid
2025-12-30 06:52:40,2025-12-30T06:52:40,61.05,2.0,SetByBid
2025-12-30 06:52:40,2025-12-30T06:52:40,61.05,1.0,SetByBid
2025-12-30 06:52:40,2025-12-30T06:52:40,61.05,1.0,SetByBid
2025-12-30 06:52:40,2025-12-30T06:52:40,61.05,2.0,SetByBid
2025-12-30 06:52:40,2025-12-30T06:52:40,61.05,1.0,SetByBid
2025-12-30 06:52:40,2025-12-30T06:52:40,61.06,2.0,SetByBid
2025-12-30 06:52:40,2025-12-30T06:52:40,61.06,1.0,SetByBid
2025-12-30 06:52:40,2025-12-30T06:52:40,61.06,1.0,SetByBid
2025-12-30 06:52:40,2025-12-30T06:52:40,61.06,1.0,SetByBid
2025-12-30 06:52:40,2025-12-30T06:52:40,61.06,4.0,SetByBid
2025-12-30 06:53:27,2025-12-30T06:53:27,61.05,1.0,SetByBid
2025-12-30 06:53:27,2025-12-30T06:53:27,61.05,2.0,SetByBid
2025-12-30 06:53:27,2025-12-30T06:53:27,61.05,1.0,SetByBid
2025-12-30 06:53:27,2025-12-30T06:53:27,61.06,1.0,SetByBid
2025-12-30 06:53:27,2025-12-30T06:53:27,61.06,5.0,SetByBid
2025-12-30 06:53:27,2025-12-30T06:53:27,61.06,1.0,SetByBid
2025-12-30 06:53:27,2025-12-30T06:53:27,61.06,1.0,SetByBid
2025-12-30 06:53:27,2025-12-30T06:53:27,61.06,2.0,SetByBid
2025-12-30 06:53:27,2025-12-30T06:53:27,61.06,3.0,SetByBid
2025-12-30 06:53:27,2025-12-30T06:53:27,61.06,1.0,SetByBid
2025-12-30 06:53:27,2025-12-30T06:53:27,61.06,1.0,SetByBid
2025-12-30 06:53:27,2025-12-30T06:53:27,61.06,1.0,SetByBid
2025-12-30 06:53:27,2025-12-30T06:53:27,61.06,1.0,SetByBid
2025-12-30 06:53:27,2025-12-30T06:53:27,61.06,1.0,SetByBid
2025-12-30 06:53:27,2025-12-30T06:53:27,61.06,1.0,SetByBid
2025-12-30 06:53:27,2025-12-30T06:53:27,61.06,1.0,SetByBid
2025-12-30 06:53:27,2025-12-30T06:53:27,61.06,1.0,SetByBid
2025-12-30 06:53:27,2025-12-30T06:53:27,61.06,1.0,SetByBid
2025-12-30 06:53:27,2025-12-30T06:53:27,61.06,1.0,SetByBid
2025-12-30 06:53:27,2025-12-30T06:53:27,61.06,1.0,SetByBid
2025-12-30 06:53:27,2025-12-30T06:53:27,61.06,1.0,SetByBid
2025-12-30 06:53:27,2025-12-30T06:53:27,61.06,2.0,SetByBid
2025-12-30 06:53:27,2025-12-30T06:53:27,61.06,1.0,SetByBid
2025-12-30 06:53:27,2025-12-30T06:53:27,61.06,4.0,SetByBid
2025-12-30 06:53:27,2025-12-30T06:53:27,61.06,2.0,SetByBid
2025-12-30 06:53:27,2025-12-30T06:53:27,61.06,2.0,SetByBid
2025-12-30 06:53:27,2025-12-30T06:53:27,61.06,1.0,SetByBid
2025-12-30 06:53:27,2025-12-30T06:53:27,61.06,1.0,SetByBid
2025-12-30 06:53:27,2025-12-30T06:53:27,61.06,1.0,SetByBid
2025-12-30 06:53:27,2025-12-30T06:53:27,61.07,2.0,SetByBid
2025-12-30 06:53:27,2025-12-30T06:53:27,61.07,1.0,SetByBid
2025-12-30 06:53:27,2025-12-30T06:53:27,61.07,1.0,SetByBid
2025-12-30 06:53:27,2025-12-30T06:53:27,61.07,1.0,SetByBid
2025-12-30 06:53:27,2025-12-30T06:53:27,61.07,2.0,SetByBid
2025-12-30 06:53:49,2025-12-30T06:53:49,61.05,1.0,SetByBid
2025-12-30 06:53:49,2025-12-30T06:53:49,61.05,1.0,SetByBid
2025-12-30 06:53:49,2025-12-30T06:53:49,61.05,1.0,SetByBid
2025-12-30 06:53:49,2025-12-30T06:53:49,61.05,1.0,SetByBid
2025-12-30 06:53:49,2025-12-30T06:53:49,61.05,5.0,SetByBid
2025-12-30 06:53:49,2025-12-30T06:53:49,61.05,9.0,SetByBid
2025-12-30 06:53:49,2025-12-30T06:53:49,61.05,1.0,SetByBid
2025-12-30 06:53:49,2025-12-30T06:53:49,61.05,15.0,SetByBid
2025-12-30 06:53:49,2025-12-30T06:53:49,61.06,1.0,SetByBid
2025-12-30 06:53:49,2025-12-30T06:53:49,61.06,1.0,SetByBid
2025-12-30 06:53:49,2025-12-30T06:53:49,61.06,2.0,SetByBid
2025-12-30 06:53:49,2025-12-30T06:53:49,61.06,1.0,SetByBid
2025-12-30 06:53:49,2025-12-30T06:53:49,61.06,2.0,SetByBid
2025-12-30 06:53:49,2025-12-30T06:53:49,61.06,1.0,SetByBid
2025-12-30 06:53:49,2025-12-30T06:53:49,61.06,3.0,SetByBid
2025-12-30 06:53:49,2025-12-30T06:53:49,61.06,3.0,SetByBid
2025-12-30 06:53:49,2025-12-30T06:53:49,61.06,2.0,SetByBid
2025-12-30 06:55:07,2025-12-30T06:55:07,61.03,1.0,SetByAsk
2025-12-30 06:55:07,2025-12-30T06:55:07,61.03,2.0,SetByAsk
2025-12-30 06:55:07,2025-12-30T06:55:07,61.03,2.0,SetByAsk
2025-12-30 06:55:07,2025-12-30T06:55:07,61.03,1.0,SetByAsk
2025-12-30 06:55:07,2025-12-30T06:55:07,61.03,1.0,SetByAsk
2025-12-30 06:55:07,2025-12-30T06:55:07,61.02,1.0,SetByAsk
2025-12-30 06:55:07,2025-12-30T06:55:07,61.03,1.0,"SetByAsk, Leg"
2025-12-30 06:55:07,2025-12-30T06:55:07,61.02,1.0,"SetByAsk, Leg"
2025-12-30 06:55:07,2025-12-30T06:55:07,61.02,1.0,SetByAsk
2025-12-30 06:55:07,2025-12-30T06:55:07,61.02,1.0,SetByAsk
2025-12-30 06:55:07,2025-12-30T06:55:07,61.02,2.0,SetByAsk
2025-12-30 06:55:07,2025-12-30T06:55:07,61.02,1.0,SetByAsk
2025-12-30 06:55:07,2025-12-30T06:55:07,61.02,1.0,SetByAsk
2025-12-30 06:55:07,2025-12-30T06:55:07,61.02,1.0,SetByBid
2025-12-30 06:55:07,2025-12-30T06:55:07,61.02,2.0,SetByBid
2025-12-30 06:55:07,2025-12-30T06:55:07,61.02,1.0,SetByBid
2025-12-30 06:55:07,2025-12-30T06:55:07,61.02,1.0,SetByBid
2025-12-30 06:55:07,2025-12-30T06:55:07,61.02,4.0,SetByBid
2025-12-30 06:55:09,2025-12-30T06:55:09,61.02,1.0,SetByBid
2025-12-30 06:55:09,2025-12-30T06:55:09,61.01,1.0,SetByAsk
2025-12-30 06:55:09,2025-12-30T06:55:09,61.01,1.0,SetByAsk
2025-12-30 06:55:09,2025-12-30T06:55:09,61.01,1.0,SetByAsk
2025-12-30 06:55:09,2025-12-30T06:55:09,61.01,1.0,SetByAsk
2025-12-30 06:55:09,2025-12-30T06:55:09,61.01,1.0,SetByAsk
2025-12-30 06:55:09,2025-12-30T06:55:09,61.01,1.0,SetByAsk
2025-12-30 06:55:09,2025-12-30T06:55:09,61.01,1.0,SetByAsk
2025-12-30 06:55:09,2025-12-30T06:55:09,61.01,2.0,SetByAsk
2025-12-30 06:55:17,2025-12-30T06:55:17,61.04,2.0,SetByBid
2025-12-30 06:55:17,2025-12-30T06:55:17,61.04,1.0,SetByBid
2025-12-30 06:55:17,2025-12-30T06:55:17,61.04,1.0,SetByBid
2025-12-30 06:55:17,2025-12-30T06:55:17,61.04,1.0,SetByBid
2025-12-30 06:55:17,2025-12-30T06:55:17,61.04,1.0,SetByBid
2025-12-30 06:55:17,2025-12-30T06:55:17,61.04,1.0,SetByBid
2025-12-30 06:55:17,2025-12-30T06:55:17,61.04,4.0,SetByBid
2025-12-30 06:55:17,2025-12-30T06:55:17,61.04,4.0,SetByBid
2025-12-30 06:55:17,2025-12-30T06:55:17,61.04,2.0,SetByBid
2025-12-30 06:55:17,2025-12-30T06:55:17,61.04,1.0,SetByBid
2025-12-30 06:55:17,2025-12-30T06:55:17,61.04,2.0,SetByBid
2025-12-30 06:55:17,2025-12-30T06:55:17,61.04,1.0,SetByBid
2025-12-30 06:55:17,2025-12-30T06:55:17,61.04,1.0,SetByBid
2025-12-30 06:55:17,2025-12-30T06:55:17,61.04,1.0,SetByBid
2025-12-30 06:55:17,2025-12-30T06:55:17,61.04,1.0,SetByBid
2025-12-30 06:55:17,2025-12-30T06:55:17,61.04,1.0,SetByBid
2025-12-30 06:55:17,2025-12-30T06:55:17,61.04,2.0,SetByBid
2025-12-30 06:55:17,2025-12-30T06:55:17,61.04,1.0,SetByBid
2025-12-30 06:55:17,2025-12-30T06:55:17,61.04,1.0,SetByBid
2025-12-30 06:55:17,2025-12-30T06:55:17,61.04,1.0,SetByBid
2025-12-30 06:55:17,2025-12-30T06:55:17,61.04,1.0,SetByBid
2025-12-30 06:55:17,2025-12-30T06:55:17,61.04,1.0,SetByBid
2025-12-30 06:55:17,2025-12-30T06:55:17,61.05,1.0,SetByBid
2025-12-30 06:55:17,2025-12-30T06:55:17,61.05,2.0,SetByBid
2025-12-30 06:55:17,2025-12-30T06:55:17,61.05,1.0,SetByBid
2025-12-30 06:55:17,2025-12-30T06:55:17,61.05,1.0,SetByBid
2025-12-30 06:55:17,2025-12-30T06:55:17,61.05,1.0,SetByBid
2025-12-30 06:55:17,2025-12-30T06:55:17,61.05,3.0,SetByBid
2025-12-30 06:55:17,2025-12-30T06:55:17,61.05,3.0,SetByBid
2025-12-30 06:55:17,2025-12-30T06:55:17,61.05,3.0,SetByBid
2025-12-30 06:55:17,2025-12-30T06:55:17,61.05,1.0,SetByBid
2025-12-30 06:55:17,2025-12-30T06:55:17,61.05,1.0,SetByBid
2025-12-30 06:55:17,2025-12-30T06:55:17,61.05,1.0,SetByBid
2025-12-30 06:55:33,2025-12-30T06:55:33,61.04,1.0,"SetByAsk, Leg"
2025-12-30 06:55:33,2025-12-30T06:55:33,61.03,1.0,"SetByAsk, Leg"
2025-12-30 06:55:33,2025-12-30T06:55:33,61.03,1.0,SetByAsk
2025-12-30 06:55:33,2025-12-30T06:55:33,61.03,1.0,SetByAsk
2025-12-30 06:55:33,2025-12-30T06:55:33,61.03,1.0,SetByAsk
2025-12-30 06:55:33,2025-12-30T06:55:33,61.03,1.0,SetByAsk
2025-12-30 06:55:40,2025-12-30T06:55:40,61.04,1.0,SetByBid
2025-12-30 06:55:40,2025-12-30T06:55:40,61.04,2.0,SetByBid
2025-12-30 06:55:40,2025-12-30T06:55:40,61.05,1.0,SetByBid
2025-12-30 06:55:40,2025-12-30T06:55:40,61.05,2.0,SetByBid
2025-12-30 06:55:40,2025-12-30T06:55:40,61.05,1.0,SetByBid
2025-12-30 06:55:40,2025-12-30T06:55:40,61.05,1.0,SetByBid
2025-12-30 06:55:40,2025-12-30T06:55:40,61.05,3.0,SetByBid
2025-12-30 06:55:40,2025-12-30T06:55:40,61.05,1.0,SetByBid
2025-12-30 06:55:40,2025-12-30T06:55:40,61.05,3.0,SetByBid
2025-12-30 06:55:40,2025-12-30T06:55:40,61.05,3.0,SetByBid
2025-12-30 06:55:40,2025-12-30T06:55:40,61.05,1.0,SetByBid
2025-12-30 06:55:40,2025-12-30T06:55:40,61.05,1.0,SetByBid
2025-12-30 06:55:40,2025-12-30T06:55:40,61.05,2.0,SetByBid
2025-12-30 06:55:40,2025-12-30T06:55:40,61.05,1.0,SetByBid
2025-12-30 06:55:40,2025-12-30T06:55:40,61.05,1.0,SetByBid
2025-12-30 06:55:40,2025-12-30T06:55:40,61.05,1.0,SetByBid
2025-12-30 06:55:40,2025-12-30T06:55:40,61.05,1.0,SetByBid
2025-12-30 06:55:40,2025-12-30T06:55:40,61.05,2.0,SetByBid
2025-12-30 06:55:40,2025-12-30T06:55:40,61.05,1.0,SetByBid
2025-12-30 06:55:40,2025-12-30T06:55:40,61.05,1.0,SetByBid
2025-12-30 06:55:40,2025-12-30T06:55:40,61.06,1.0,SetByBid
2025-12-30 06:55:40,2025-12-30T06:55:40,61.06,1.0,SetByBid
2025-12-30 06:55:40,2025-12-30T06:55:40,61.06,1.0,SetByBid
2025-12-30 06:55:40,2025-12-30T06:55:40,61.06,2.0,SetByBid
2025-12-30 06:55:40,2025-12-30T06:55:40,61.06,1.0,SetByBid
2025-12-30 06:55:40,2025-12-30T06:55:40,61.06,1.0,SetByBid
2025-12-30 06:55:40,2025-12-30T06:55:40,61.06,3.0,SetByBid
2025-12-30 06:55:40,2025-12-30T06:55:40,61.06,1.0,SetByBid
2025-12-30 06:55:40,2025-12-30T06:55:40,61.06,1.0,SetByBid
2025-12-30 06:55:40,2025-12-30T06:55:40,61.06,1.0,SetByBid
2025-12-30 06:55:40,2025-12-30T06:55:40,61.06,2.0,SetByBid
2025-12-30 06:55:40,2025-12-30T06:55:40,61.06,1.0,SetByBid
2025-12-30 06:55:40,2025-12-30T06:55:40,61.06,1.0,SetByBid
2025-12-30 06:55:40,2025-12-30T06:55:40,61.06,1.0,SetByBid
2025-12-30 06:55:40,2025-12-30T06:55:40,61.06,1.0,SetByBid
2025-12-30 06:55:40,2025-12-30T06:55:40,61.06,1.0,SetByBid
2025-12-30 06:56:02,2025-12-30T06:56:02,61.08,1.0,SetByBid
2025-12-30 06:57:02,2025-12-30T06:57:02,61.09,2.0,SetByAsk
2025-12-30 06:57:02,2025-12-30T06:57:02,61.09,2.0,SetByAsk
2025-12-30 06:57:02,2025-12-30T06:57:02,61.09,1.0,SetByAsk
2025-12-30 06:57:14,2025-12-30T06:57:14,61.06,1.0,SetByAsk
2025-12-30 06:57:54,2025-12-30T06:57:54,61.05,1.0,SetByBid
2025-12-30 06:57:54,2025-12-30T06:57:54,61.05,1.0,SetByBid
2025-12-30 06:57:54,2025-12-30T06:57:54,61.05,1.0,SetByBid
2025-12-30 06:57:54,2025-12-30T06:57:54,61.05,1.0,SetByBid
2025-12-30 06:57:54,2025-12-30T06:57:54,61.05,1.0,SetByBid
2025-12-30 06:57:54,2025-12-30T06:57:54,61.05,1.0,SetByBid
2025-12-30 06:57:54,2025-12-30T06:57:54,61.05,1.0,SetByBid
2025-12-30 06:57:54,2025-12-30T06:57:54,61.05,1.0,SetByBid
2025-12-30 06:57:54,2025-12-30T06:57:54,61.05,1.0,SetByBid
2025-12-30 06:57:54,2025-12-30T06:57:54,61.05,1.0,SetByBid
2025-12-30 06:57:54,2025-12-30T06:57:54,61.06,1.0,SetByBid
2025-12-30 06:57:54,2025-12-30T06:57:54,61.06,1.0,SetByBid
2025-12-30 06:57:54,2025-12-30T06:57:54,61.06,1.0,SetByBid
2025-12-30 06:57:54,2025-12-30T06:57:54,61.06,2.0,SetByBid
2025-12-30 06:57:54,2025-12-30T06:57:54,61.06,3.0,SetByBid
2025-12-30 06:57:54,2025-12-30T06:57:54,61.06,1.0,SetByBid
2025-12-30 06:57:54,2025-12-30T06:57:54,61.06,3.0,SetByBid
2025-12-30 06:57:54,2025-12-30T06:57:54,61.06,3.0,SetByBid
2025-12-30 06:57:54,2025-12-30T06:57:54,61.06,1.0,SetByBid
2025-12-30 06:57:54,2025-12-30T06:57:54,61.06,2.0,SetByBid
2025-12-30 06:57:54,2025-12-30T06:57:54,61.06,1.0,SetByBid
2025-12-30 06:57:54,2025-12-30T06:57:54,61.06,1.0,SetByBid
2025-12-30 06:57:54,2025-12-30T06:57:54,61.06,1.0,SetByBid
2025-12-30 06:57:54,2025-12-30T06:57:54,61.06,1.0,SetByBid
2025-12-30 06:57:54,2025-12-30T06:57:54,61.06,2.0,SetByBid
2025-12-30 06:57:54,2025-12-30T06:57:54,61.06,1.0,SetByBid
2025-12-30 06:57:54,2025-12-30T06:57:54,61.06,1.0,SetByBid
2025-12-30 06:57:54,2025-12-30T06:57:54,61.06,1.0,SetByBid
2025-12-30 06:57:54,2025-12-30T06:57:54,61.06,1.0,SetByBid
2025-12-30 06:57:54,2025-12-30T06:57:54,61.06,4.0,SetByBid
2025-12-30 06:57:54,2025-12-30T06:57:54,61.06,4.0,SetByBid
2025-12-30 06:57:54,2025-12-30T06:57:54,61.06,2.0,SetByBid
2025-12-30 06:57:54,2025-12-30T06:57:54,61.06,1.0,SetByBid
2025-12-30 06:57:54,2025-12-30T06:57:54,61.06,1.0,SetByBid
2025-12-30 06:57:54,2025-12-30T06:57:54,61.06,1.0,SetByBid
2025-12-30 06:58:30,2025-12-30T06:58:30,61.06,1.0,SetByAsk
2025-12-30 06:58:57,2025-12-30T06:58:57,61.07,1.0,SetByBid
2025-12-30 06:58:57,2025-12-30T06:58:57,61.07,1.0,SetByBid
2025-12-30 06:58:57,2025-12-30T06:58:57,61.07,1.0,SetByBid
2025-12-30 06:58:57,2025-12-30T06:58:57,61.07,1.0,SetByBid
2025-12-30 06:58:57,2025-12-30T06:58:57,61.07,1.0,SetByBid
2025-12-30 06:58:57,2025-12-30T06:58:57,61.07,1.0,SetByBid
2025-12-30 06:58:57,2025-12-30T06:58:57,61.07,2.0,SetByBid
2025-12-30 06:58:57,2025-12-30T06:58:57,61.07,3.0,SetByBid
2025-12-30 06:58:57,2025-12-30T06:58:57,61.07,1.0,SetByBid
2025-12-30 06:58:57,2025-12-30T06:58:57,61.07,1.0,SetByBid
2025-12-30 06:58:57,2025-12-30T06:58:57,61.07,2.0,SetByBid
2025-12-30 06:58:57,2025-12-30T06:58:57,61.07,1.0,SetByBid
2025-12-30 06:58:57,2025-12-30T06:58:57,61.07,1.0,SetByBid
2025-12-30 06:58:57,2025-12-30T06:58:57,61.07,1.0,SetByBid
2025-12-30 06:58:57,2025-12-30T06:58:57,61.07,1.0,SetByBid
2025-12-30 06:58:57,2025-12-30T06:58:57,61.07,1.0,SetByBid
2025-12-30 06:58:57,2025-12-30T06:58:57,61.07,1.0,SetByBid
2025-12-30 06:58:57,2025-12-30T06:58:57,61.07,1.0,SetByBid
2025-12-30 06:58:57,2025-12-30T06:58:57,61.07,1.0,SetByBid
2025-12-30 06:58:57,2025-12-30T06:58:57,61.08,1.0,SetByBid
2025-12-30 06:58:57,2025-12-30T06:58:57,61.08,1.0,SetByBid
2025-12-30 06:58:57,2025-12-30T06:58:57,61.08,1.0,SetByBid
2025-12-30 06:58:57,2025-12-30T06:58:57,61.08,4.0,SetByBid
2025-12-30 06:58:57,2025-12-30T06:58:57,61.08,3.0,SetByBid
2025-12-30 06:58:57,2025-12-30T06:58:57,61.08,3.0,SetByBid
2025-12-30 06:58:57,2025-12-30T06:58:57,61.08,1.0,SetByBid
2025-12-30 06:58:57,2025-12-30T06:58:57,61.08,2.0,SetByBid
2025-12-30 06:58:57,2025-12-30T06:58:57,61.08,1.0,SetByBid
2025-12-30 06:58:57,2025-12-30T06:58:57,61.08,2.0,SetByBid
2025-12-30 06:58:57,2025-12-30T06:58:57,61.08,1.0,SetByBid
2025-12-30 06:58:57,2025-12-30T06:58:57,61.08,1.0,SetByBid
2025-12-30 06:58:57,2025-12-30T06:58:57,61.08,1.0,SetByBid
2025-12-30 06:58:57,2025-12-30T06:58:57,61.08,1.0,SetByBid
2025-12-30 06:58:57,2025-12-30T06:58:57,61.08,1.0,SetByBid
2025-12-30 06:58:57,2025-12-30T06:58:57,61.08,1.0,SetByBid
2025-12-30 06:58:57,2025-12-30T06:58:57,61.08,1.0,SetByBid
2025-12-30 06:58:57,2025-12-30T06:58:57,61.08,1.0,SetByBid
2025-12-30 06:58:57,2025-12-30T06:58:57,61.07,1.0,SetByAsk
2025-12-30 06:58:57,2025-12-30T06:58:57,61.07,1.0,SetByAsk
2025-12-30 06:59:30,2025-12-30T06:59:30,61.05,1.0,SetByBid
2025-12-30 07:00:03,2025-12-30T07:00:03,61.05,1.0,SetByAsk
2025-12-30 07:00:21,2025-12-30T07:00:21,61.05,1.0,SetByAsk
2025-12-30 07:02:00,2025-12-30T07:02:00,61.05,1.0,SetByAsk
2025-12-30 07:02:41,2025-12-30T07:02:41,61.05,1.0,SetByAsk
2025-12-30 07:03:11,2025-12-30T07:03:11,61.05,2.0,SetByAsk
2025-12-30 07:03:11,2025-12-30T07:03:11,61.05,1.0,SetByAsk
2025-12-30 07:03:55,2025-12-30T07:03:55,61.06,1.0,SetByBid
2025-12-30 07:05:23,2025-12-30T07:05:23,61.06,1.0,SetByBid
2025-12-30 07:05:23,2025-12-30T07:05:23,61.06,1.0,SetByBid
2025-12-30 07:05:23,2025-12-30T07:05:23,61.06,1.0,SetByBid
2025-12-30 07:05:23,2025-12-30T07:05:23,61.06,1.0,SetByBid
2025-12-30 07:05:23,2025-12-30T07:05:23,61.06,1.0,SetByBid
2025-12-30 07:05:23,2025-12-30T07:05:23,61.06,3.0,SetByBid
2025-12-30 07:05:23,2025-12-30T07:05:23,61.06,1.0,SetByBid
2025-12-30 07:05:23,2025-12-30T07:05:23,61.06,1.0,SetByBid
2025-12-30 07:05:23,2025-12-30T07:05:23,61.06,1.0,SetByBid
2025-12-30 07:05:23,2025-12-30T07:05:23,61.06,1.0,SetByBid
2025-12-30 07:05:23,2025-12-30T07:05:23,61.06,2.0,SetByBid
2025-12-30 07:05:23,2025-12-30T07:05:23,61.06,2.0,SetByBid
2025-12-30 07:05:23,2025-12-30T07:05:23,61.06,1.0,SetByBid
2025-12-30 07:05:23,2025-12-30T07:05:23,61.06,1.0,SetByBid
2025-12-30 07:05:23,2025-12-30T07:05:23,61.06,1.0,SetByBid
2025-12-30 07:05:23,2025-12-30T07:05:23,61.07,1.0,SetByBid
2025-12-30 07:05:23,2025-12-30T07:05:23,61.07,1.0,SetByBid
2025-12-30 07:05:23,2025-12-30T07:05:23,61.07,1.0,SetByBid
2025-12-30 07:05:23,2025-12-30T07:05:23,61.07,1.0,SetByBid
2025-12-30 07:05:23,2025-12-30T07:05:23,61.07,1.0,SetByBid
2025-12-30 07:05:23,2025-12-30T07:05:23,61.07,3.0,SetByBid
2025-12-30 07:05:23,2025-12-30T07:05:23,61.07,3.0,SetByBid
2025-12-30 07:05:23,2025-12-30T07:05:23,61.07,3.0,SetByBid
2025-12-30 07:05:23,2025-12-30T07:05:23,61.07,1.0,SetByBid
2025-12-30 07:05:23,2025-12-30T07:05:23,61.07,1.0,SetByBid
2025-12-30 07:05:23,2025-12-30T07:05:23,61.07,1.0,SetByBid
2025-12-30 07:05:23,2025-12-30T07:05:23,61.07,1.0,SetByBid
2025-12-30 07:05:23,2025-12-30T07:05:23,61.07,1.0,SetByBid
2025-12-30 07:05:23,2025-12-30T07:05:23,61.07,1.0,SetByBid
2025-12-30 07:05:23,2025-12-30T07:05:23,61.07,5.0,SetByBid
2025-12-30 07:05:23,2025-12-30T07:05:23,61.07,3.0,SetByBid
2025-12-30 07:05:23,2025-12-30T07:05:23,61.07,2.0,SetByBid
2025-12-30 07:05:23,2025-12-30T07:05:23,61.07,1.0,SetByBid
2025-12-30 07:05:23,2025-12-30T07:05:23,61.06,1.0,SetByBid
2025-12-30 07:05:43,2025-12-30T07:05:43,61.06,1.0,SetByBid
2025-12-30 07:05:43,2025-12-30T07:05:43,61.06,2.0,SetByBid
2025-12-30 07:05:43,2025-12-30T07:05:43,61.06,1.0,SetByBid
2025-12-30 07:05:43,2025-12-30T07:05:43,61.07,1.0,SetByBid
2025-12-30 07:05:43,2025-12-30T07:05:43,61.07,1.0,SetByBid
2025-12-30 07:05:43,2025-12-30T07:05:43,61.07,1.0,SetByBid
2025-12-30 07:05:43,2025-12-30T07:05:43,61.07,2.0,SetByBid
2025-12-30 07:05:43,2025-12-30T07:05:43,61.07,2.0,SetByBid
2025-12-30 07:05:43,2025-12-30T07:05:43,61.07,1.0,SetByBid
2025-12-30 07:05:43,2025-12-30T07:05:43,61.07,3.0,SetByBid
2025-12-30 07:05:43,2025-12-30T07:05:43,61.07,1.0,SetByBid
2025-12-30 07:05:43,2025-12-30T07:05:43,61.07,1.0,SetByBid
2025-12-30 07:05:43,2025-12-30T07:05:43,61.07,1.0,SetByBid
2025-12-30 07:05:43,2025-12-30T07:05:43,61.07,1.0,SetByBid
2025-12-30 07:05:43,2025-12-30T07:05:43,61.07,1.0,SetByBid
2025-12-30 07:05:43,2025-12-30T07:05:43,61.07,10.0,SetByBid
2025-12-30 07:05:43,2025-12-30T07:05:43,61.07,2.0,SetByBid
2025-12-30 07:05:43,2025-12-30T07:05:43,61.07,1.0,SetByBid
2025-12-30 07:05:43,2025-12-30T07:05:43,61.07,2.0,SetByBid
2025-12-30 07:05:43,2025-12-30T07:05:43,61.07,4.0,SetByBid
2025-12-30 07:05:43,2025-12-30T07:05:43,61.07,9.0,SetByBid
2025-12-30 07:05:43,2025-12-30T07:05:43,61.07,1.0,SetByBid
2025-12-30 07:05:43,2025-12-30T07:05:43,61.07,1.0,SetByBid
2025-12-30 07:05:43,2025-12-30T07:05:43,61.07,1.0,SetByBid
2025-12-30 07:05:43,2025-12-30T07:05:43,61.08,1.0,SetByBid
2025-12-30 07:05:52,2025-12-30T07:05:52,61.09,1.0,SetByAsk
2025-12-30 07:05:52,2025-12-30T07:05:52,61.09,1.0,SetByAsk
2025-12-30 07:06:15,2025-12-30T07:06:15,61.1,1.0,SetByBid
2025-12-30 07:06:15,2025-12-30T07:06:15,61.1,3.0,SetByBid
2025-12-30 07:06:15,2025-12-30T07:06:15,61.1,3.0,SetByBid
2025-12-30 07:06:27,2025-12-30T07:06:27,61.09,1.0,SetByBid
2025-12-30 07:06:27,2025-12-30T07:06:27,61.09,1.0,SetByAsk
2025-12-30 07:06:27,2025-12-30T07:06:27,61.09,1.0,SetByBid
2025-12-30 07:06:34,2025-12-30T07:06:34,61.1,1.0,SetByBid
2025-12-30 07:06:34,2025-12-30T07:06:34,61.1,1.0,SetByBid
2025-12-30 07:06:34,2025-12-30T07:06:34,61.1,1.0,SetByBid
2025-12-30 07:06:34,2025-12-30T07:06:34,61.1,2.0,SetByBid
2025-12-30 07:06:34,2025-12-30T07:06:34,61.1,1.0,SetByBid
2025-12-30 07:06:34,2025-12-30T07:06:34,61.1,1.0,SetByBid
2025-12-30 07:06:34,2025-12-30T07:06:34,61.1,1.0,SetByBid
2025-12-30 07:06:34,2025-12-30T07:06:34,61.1,1.0,SetByBid
2025-12-30 07:06:34,2025-12-30T07:06:34,61.1,1.0,SetByBid
2025-12-30 07:06:34,2025-12-30T07:06:34,61.1,1.0,SetByBid
2025-12-30 07:06:34,2025-12-30T07:06:34,61.1,2.0,SetByBid
2025-12-30 07:06:34,2025-12-30T07:06:34,61.1,2.0,SetByBid
2025-12-30 07:06:34,2025-12-30T07:06:34,61.1,1.0,SetByBid
2025-12-30 07:06:34,2025-12-30T07:06:34,61.11,1.0,SetByBid
2025-12-30 07:06:34,2025-12-30T07:06:34,61.11,1.0,SetByBid
2025-12-30 07:06:34,2025-12-30T07:06:34,61.11,1.0,SetByBid
2025-12-30 07:06:34,2025-12-30T07:06:34,61.11,1.0,SetByBid
2025-12-30 07:06:34,2025-12-30T07:06:34,61.09,1.0,SetByAsk
2025-12-30 07:06:47,2025-12-30T07:06:47,61.1,1.0,SetByAsk
2025-12-30 07:06:50,2025-12-30T07:06:50,61.1,1.0,SetByAsk
2025-12-30 07:06:50,2025-12-30T07:06:50,61.1,2.0,SetByAsk
2025-12-30 07:06:50,2025-12-30T07:06:50,61.1,1.0,SetByAsk
2025-12-30 07:06:50,2025-12-30T07:06:50,61.1,1.0,SetByAsk
2025-12-30 07:08:40,2025-12-30T07:08:40,61.09,1.0,SetByAsk
2025-12-30 07:10:05,2025-12-30T07:10:05,61.09,1.0,SetByAsk
2025-12-30 07:10:05,2025-12-30T07:10:05,61.09,1.0,SetByAsk
2025-12-30 07:10:15,2025-12-30T07:10:15,61.09,1.0,SetByAsk
2025-12-30 07:10:15,2025-12-30T07:10:15,61.09,1.0,SetByAsk
2025-12-30 07:10:15,2025-12-30T07:10:15,61.09,1.0,SetByAsk
2025-12-30 07:10:32,2025-12-30T07:10:32,61.09,2.0,SetByBid
2025-12-30 07:10:32,2025-12-30T07:10:32,61.09,1.0,SetByBid
2025-12-30 07:10:32,2025-12-30T07:10:32,61.09,1.0,SetByBid
2025-12-30 07:10:32,2025-12-30T07:10:32,61.09,1.0,SetByBid
2025-12-30 07:10:32,2025-12-30T07:10:32,61.09,1.0,SetByBid
2025-12-30 07:10:32,2025-12-30T07:10:32,61.09,3.0,SetByBid
2025-12-30 07:10:32,2025-12-30T07:10:32,61.09,1.0,SetByBid
2025-12-30 07:10:32,2025-12-30T07:10:32,61.09,1.0,SetByBid
2025-12-30 07:10:32,2025-12-30T07:10:32,61.09,1.0,SetByBid
2025-12-30 07:10:32,2025-12-30T07:10:32,61.09,1.0,SetByBid
2025-12-30 07:10:32,2025-12-30T07:10:32,61.09,2.0,SetByBid
2025-12-30 07:10:32,2025-12-30T07:10:32,61.09,1.0,SetByBid
2025-12-30 07:10:32,2025-12-30T07:10:32,61.09,1.0,SetByBid
2025-12-30 07:10:32,2025-12-30T07:10:32,61.09,1.0,SetByBid
2025-12-30 07:10:32,2025-12-30T07:10:32,61.09,1.0,SetByBid
2025-12-30 07:10:32,2025-12-30T07:10:32,61.09,1.0,SetByBid
2025-12-30 07:10:32,2025-12-30T07:10:32,61.09,1.0,SetByBid
2025-12-30 07:10:32,2025-12-30T07:10:32,61.1,1.0,SetByBid
2025-12-30 07:10:32,2025-12-30T07:10:32,61.1,2.0,SetByBid
2025-12-30 07:10:32,2025-12-30T07:10:32,61.1,1.0,SetByBid
2025-12-30 07:10:32,2025-12-30T07:10:32,61.1,1.0,SetByBid
2025-12-30 07:10:32,2025-12-30T07:10:32,61.1,1.0,SetByBid
2025-12-30 07:10:32,2025-12-30T07:10:32,61.1,1.0,SetByBid
2025-12-30 07:10:32,2025-12-30T07:10:32,61.1,4.0,SetByBid
2025-12-30 07:10:32,2025-12-30T07:10:32,61.1,4.0,SetByBid
2025-12-30 07:10:32,2025-12-30T07:10:32,61.1,2.0,SetByBid
2025-12-30 07:10:32,2025-12-30T07:10:32,61.1,1.0,SetByBid
2025-12-30 07:10:32,2025-12-30T07:10:32,61.1,2.0,SetByBid
2025-12-30 07:10:32,2025-12-30T07:10:32,61.1,2.0,SetByBid
2025-12-30 07:10:32,2025-12-30T07:10:32,61.1,1.0,SetByBid
2025-12-30 07:10:32,2025-12-30T07:10:32,61.1,1.0,SetByBid
2025-12-30 07:10:32,2025-12-30T07:10:32,61.1,1.0,SetByBid
2025-12-30 07:10:32,2025-12-30T07:10:32,61.1,1.0,SetByBid
2025-12-30 07:10:32,2025-12-30T07:10:32,61.1,1.0,SetByBid
2025-12-30 07:10:32,2025-12-30T07:10:32,61.1,1.0,SetByBid
2025-12-30 07:10:32,2025-12-30T07:10:32,61.1,1.0,SetByBid
2025-12-30 07:10:32,2025-12-30T07:10:32,61.1,2.0,SetByBid
2025-12-30 07:10:32,2025-12-30T07:10:32,61.1,1.0,SetByBid
2025-12-30 07:10:32,2025-12-30T07:10:32,61.1,1.0,SetByBid
2025-12-30 07:10:32,2025-12-30T07:10:32,61.1,1.0,SetByBid
2025-12-30 07:10:32,2025-12-30T07:10:32,61.09,1.0,SetByAsk
2025-12-30 07:10:34,2025-12-30T07:10:34,61.1,1.0,SetByBid
2025-12-30 07:10:34,2025-12-30T07:10:34,61.1,2.0,SetByBid
2025-12-30 07:10:34,2025-12-30T07:10:34,61.1,1.0,SetByBid
2025-12-30 07:10:34,2025-12-30T07:10:34,61.1,1.0,SetByBid
2025-12-30 07:10:57,2025-12-30T07:10:57,61.09,1.0,SetByBid
2025-12-30 07:10:57,2025-12-30T07:10:57,61.09,2.0,SetByBid
2025-12-30 07:10:57,2025-12-30T07:10:57,61.09,1.0,SetByBid
2025-12-30 07:10:57,2025-12-30T07:10:57,61.09,1.0,SetByBid
2025-12-30 07:10:57,2025-12-30T07:10:57,61.09,1.0,SetByBid
2025-12-30 07:10:57,2025-12-30T07:10:57,61.09,3.0,SetByBid
2025-12-30 07:10:57,2025-12-30T07:10:57,61.09,1.0,SetByBid
2025-12-30 07:10:57,2025-12-30T07:10:57,61.09,1.0,SetByBid
2025-12-30 07:10:57,2025-12-30T07:10:57,61.09,2.0,SetByBid
2025-12-30 07:10:57,2025-12-30T07:10:57,61.09,1.0,SetByBid
2025-12-30 07:10:57,2025-12-30T07:10:57,61.09,1.0,SetByBid
2025-12-30 07:10:57,2025-12-30T07:10:57,61.09,1.0,SetByBid
2025-12-30 07:10:57,2025-12-30T07:10:57,61.09,1.0,SetByBid
2025-12-30 07:10:57,2025-12-30T07:10:57,61.09,1.0,SetByBid
2025-12-30 07:10:57,2025-12-30T07:10:57,61.09,4.0,SetByBid
2025-12-30 07:10:57,2025-12-30T07:10:57,61.09,5.0,SetByBid
2025-12-30 07:10:57,2025-12-30T07:10:57,61.09,1.0,SetByBid
2025-12-30 07:10:57,2025-12-30T07:10:57,61.09,1.0,SetByBid
2025-12-30 07:10:57,2025-12-30T07:10:57,61.1,1.0,SetByBid
2025-12-30 07:10:57,2025-12-30T07:10:57,61.1,1.0,SetByBid
2025-12-30 07:10:57,2025-12-30T07:10:57,61.1,2.0,SetByBid
2025-12-30 07:10:57,2025-12-30T07:10:57,61.1,1.0,SetByBid
2025-12-30 07:10:57,2025-12-30T07:10:57,61.1,1.0,SetByBid
2025-12-30 07:10:57,2025-12-30T07:10:57,61.1,3.0,SetByBid
2025-12-30 07:10:57,2025-12-30T07:10:57,61.1,3.0,SetByBid
2025-12-30 07:10:57,2025-12-30T07:10:57,61.1,4.0,SetByBid
2025-12-30 07:11:28,2025-12-30T07:11:28,61.1,2.0,SetByAsk
2025-12-30 07:11:28,2025-12-30T07:11:28,61.1,1.0,SetByAsk
2025-12-30 07:11:28,2025-12-30T07:11:28,61.1,1.0,SetByAsk
2025-12-30 07:11:28,2025-12-30T07:11:28,61.1,2.0,SetByAsk
2025-12-30 07:12:26,2025-12-30T07:12:26,61.07,2.0,SetByAsk
2025-12-30 07:12:26,2025-12-30T07:12:26,61.07,1.0,SetByAsk
2025-12-30 07:12:26,2025-12-30T07:12:26,61.07,2.0,SetByBid
2025-12-30 07:12:26,2025-12-30T07:12:26,61.07,1.0,SetByBid
2025-12-30 07:12:26,2025-12-30T07:12:26,61.07,1.0,SetByBid
2025-12-30 07:12:26,2025-12-30T07:12:26,61.07,4.0,SetByBid
2025-12-30 07:12:26,2025-12-30T07:12:26,61.07,3.0,SetByBid
2025-12-30 07:12:26,2025-12-30T07:12:26,61.07,1.0,SetByBid
2025-12-30 07:12:26,2025-12-30T07:12:26,61.07,1.0,SetByBid
2025-12-30 07:12:26,2025-12-30T07:12:26,61.08,1.0,SetByBid
2025-12-30 07:12:26,2025-12-30T07:12:26,61.08,1.0,SetByBid
2025-12-30 07:12:26,2025-12-30T07:12:26,61.08,1.0,SetByBid
2025-12-30 07:12:26,2025-12-30T07:12:26,61.08,2.0,SetByAsk
2025-12-30 07:12:52,2025-12-30T07:12:52,61.1,1.0,SetByBid
2025-12-30 07:12:52,2025-12-30T07:12:52,61.1,1.0,SetByAsk
2025-12-30 07:12:53,2025-12-30T07:12:53,61.1,1.0,SetByAsk
2025-12-30 07:13:02,2025-12-30T07:13:02,61.11,2.0,SetByAsk
2025-12-30 07:13:02,2025-12-30T07:13:02,61.11,2.0,SetByAsk
2025-12-30 07:13:02,2025-12-30T07:13:02,61.11,2.0,SetByAsk
2025-12-30 07:13:02,2025-12-30T07:13:02,61.11,1.0,SetByAsk
2025-12-30 07:14:32,2025-12-30T07:14:32,61.11,2.0,SetByBid
2025-12-30 07:14:32,2025-12-30T07:14:32,61.11,1.0,SetByBid
2025-12-30 07:14:32,2025-12-30T07:14:32,61.11,1.0,SetByBid
2025-12-30 07:14:32,2025-12-30T07:14:32,61.11,1.0,SetByBid
2025-12-30 07:14:47,2025-12-30T07:14:47,61.09,1.0,SetByAsk
2025-12-30 07:14:51,2025-12-30T07:14:51,61.1,1.0,SetByBid
2025-12-30 07:14:51,2025-12-30T07:14:51,61.09,1.0,SetByAsk
2025-12-30 07:14:51,2025-12-30T07:14:51,61.09,1.0,SetByAsk
2025-12-30 07:14:51,2025-12-30T07:14:51,61.09,1.0,SetByAsk
2025-12-30 07:14:51,2025-12-30T07:14:51,61.09,1.0,SetByAsk
2025-12-30 07:14:51,2025-12-30T07:14:51,61.09,1.0,SetByAsk
2025-12-30 07:14:51,2025-12-30T07:14:51,61.09,1.0,SetByAsk
2025-12-30 07:16:46,2025-12-30T07:16:46,61.09,1.0,SetByAsk
2025-12-30 07:18:06,2025-12-30T07:18:06,61.11,1.0,SetByBid
2025-12-30 07:18:19,2025-12-30T07:18:19,61.11,2.0,SetByAsk
2025-12-30 07:18:19,2025-12-30T07:18:19,61.11,1.0,SetByAsk
2025-12-30 07:18:19,2025-12-30T07:18:19,61.11,1.0,SetByAsk
2025-12-30 07:18:19,2025-12-30T07:18:19,61.11,1.0,SetByAsk
2025-12-30 07:18:59,2025-12-30T07:18:59,61.11,1.0,SetByAsk
2025-12-30 07:19:11,2025-12-30T07:19:11,61.13,1.0,SetByAsk
2025-12-30 07:20:29,2025-12-30T07:20:29,61.14,1.0,SetByBid
2025-12-30 07:20:52,2025-12-30T07:20:52,61.14,2.0,SetByAsk
2025-12-30 07:20:52,2025-12-30T07:20:52,61.14,1.0,SetByBid
2025-12-30 07:20:52,2025-12-30T07:20:52,61.14,1.0,SetByBid
2025-12-30 07:21:10,2025-12-30T07:21:10,61.13,1.0,SetByAsk
2025-12-30 07:21:10,2025-12-30T07:21:10,61.13,1.0,SetByAsk
2025-12-30 07:21:11,2025-12-30T07:21:11,61.12,1.0,SetByAsk
2025-12-30 07:21:11,2025-12-30T07:21:11,61.12,1.0,SetByAsk
2025-12-30 07:21:12,2025-12-30T07:21:12,61.13,1.0,SetByBid
2025-12-30 07:21:51,2025-12-30T07:21:51,61.12,1.0,SetByBid
2025-12-30 07:21:53,2025-12-30T07:21:53,61.12,1.0,SetByAsk
2025-12-30 07:25:38,2025-12-30T07:25:38,61.16,1.0,SetByBid
2025-12-30 07:25:38,2025-12-30T07:25:38,61.16,1.0,SetByBid
2025-12-30 07:25:38,2025-12-30T07:25:38,61.16,1.0,SetByBid
2025-12-30 07:25:38,2025-12-30T07:25:38,61.16,2.0,SetByBid
2025-12-30 07:27:14,2025-12-30T07:27:14,61.16,1.0,SetByBid
2025-12-30 07:27:14,2025-12-30T07:27:14,61.16,1.0,SetByAsk
2025-12-30 07:27:52,2025-12-30T07:27:52,61.17,1.0,SetByAsk
2025-12-30 07:27:52,2025-12-30T07:27:52,61.17,1.0,SetByAsk
2025-12-30 07:27:54,2025-12-30T07:27:54,61.17,2.0,SetByBid
2025-12-30 07:27:54,2025-12-30T07:27:54,61.17,1.0,SetByBid
2025-12-30 07:27:54,2025-12-30T07:27:54,61.17,2.0,SetByAsk
2025-12-30 07:27:54,2025-12-30T07:27:54,61.17,2.0,SetByAsk
2025-12-30 07:27:54,2025-12-30T07:27:54,61.17,1.0,SetByAsk
2025-12-30 07:27:54,2025-12-30T07:27:54,61.18,1.0,SetByBid
2025-12-30 07:27:54,2025-12-30T07:27:54,61.18,1.0,SetByBid
2025-12-30 07:27:56,2025-12-30T07:27:56,61.17,1.0,SetByBid
2025-12-30 07:28:18,2025-12-30T07:28:18,61.17,1.0,SetByAsk
2025-12-30 07:28:24,2025-12-30T07:28:24,61.17,2.0,SetByAsk
2025-12-30 07:29:14,2025-12-30T07:29:14,61.19,2.0,SetByBid
2025-12-30 07:29:33,2025-12-30T07:29:33,61.19,1.0,SetByBid
2025-12-30 07:29:33,2025-12-30T07:29:33,61.2,2.0,SetByBid
2025-12-30 07:29:33,2025-12-30T07:29:33,61.2,1.0,SetByBid
2025-12-30 07:29:33,2025-12-30T07:29:33,61.19,1.0,SetByBid
2025-12-30 07:29:33,2025-12-30T07:29:33,61.2,1.0,SetByBid
2025-12-30 07:29:33,2025-12-30T07:29:33,61.2,1.0,SetByBid
2025-12-30 07:29:33,2025-12-30T07:29:33,61.2,1.0,SetByBid
2025-12-30 07:29:33,2025-12-30T07:29:33,61.2,1.0,SetByBid
2025-12-30 07:29:33,2025-12-30T07:29:33,61.2,1.0,SetByBid
2025-12-30 07:30:34,2025-12-30T07:30:34,61.16,1.0,SetByBid
2025-12-30 07:32:43,2025-12-30T07:32:43,61.19,1.0,SetByBid
2025-12-30 07:32:43,2025-12-30T07:32:43,61.19,1.0,SetByBid
2025-12-30 07:32:59,2025-12-30T07:32:59,61.19,1.0,SetByAsk
2025-12-30 07:32:59,2025-12-30T07:32:59,61.2,2.0,SetByBid
2025-12-30 07:32:59,2025-12-30T07:32:59,61.2,1.0,SetByBid
2025-12-30 07:32:59,2025-12-30T07:32:59,61.2,1.0,SetByBid
2025-12-30 07:32:59,2025-12-30T07:32:59,61.2,1.0,SetByBid
2025-12-30 07:32:59,2025-12-30T07:32:59,61.2,1.0,SetByAsk
2025-12-30 07:33:59,2025-12-30T07:33:59,61.2,2.0,SetByBid
2025-12-30 07:34:02,2025-12-30T07:34:02,61.21,1.0,SetByBid
2025-12-30 07:34:02,2025-12-30T07:34:02,61.21,1.0,SetByBid
2025-12-30 07:43:20,2025-12-30T07:43:20,61.16,1.0,SetByAsk
2025-12-30 07:43:20,2025-12-30T07:43:20,61.16,1.0,SetByAsk
2025-12-30 07:43:25,2025-12-30T07:43:25,61.15,1.0,SetByAsk
2025-12-30 07:43:25,2025-12-30T07:43:25,61.15,1.0,SetByAsk
2025-12-30 07:43:25,2025-12-30T07:43:25,61.15,1.0,SetByAsk
2025-12-30 07:43:41,2025-12-30T07:43:41,61.14,1.0,SetByAsk
2025-12-30 07:43:41,2025-12-30T07:43:41,61.14,1.0,SetByBid
2025-12-30 07:43:54,2025-12-30T07:43:54,61.14,1.0,SetByAsk
2025-12-30 07:44:03,2025-12-30T07:44:03,61.14,1.0,SetByAsk
2025-12-30 07:47:58,2025-12-30T07:47:58,61.14,10.0,SetByBid
2025-12-30 07:49:53,2025-12-30T07:49:53,61.12,1.0,SetByAsk
2025-12-30 07:49:53,2025-12-30T07:49:53,61.12,1.0,SetByAsk
2025-12-30 07:49:57,2025-12-30T07:49:57,61.11,1.0,SetByAsk
2025-12-30 07:50:40,2025-12-30T07:50:40,61.11,1.0,SetByAsk
2025-12-30 07:50:40,2025-12-30T07:50:40,61.11,1.0,SetByBid
2025-12-30 07:51:51,2025-12-30T07:51:51,61.11,1.0,SetByAsk
2025-12-30 07:51:51,2025-12-30T07:51:51,61.11,1.0,SetByAsk
2025-12-30 07:51:51,2025-12-30T07:51:51,61.11,2.0,SetByAsk
2025-12-30 07:51:51,2025-12-30T07:51:51,61.11,2.0,SetByAsk
2025-12-30 07:51:51,2025-12-30T07:51:51,61.11,1.0,SetByAsk
2025-12-30 07:51:51,2025-12-30T07:51:51,61.11,2.0,SetByAsk
2025-12-30 07:51:51,2025-12-30T07:51:51,61.11,2.0,SetByAsk
2025-12-30 07:51:51,2025-12-30T07:51:51,61.11,1.0,SetByAsk
2025-12-30 07:51:51,2025-12-30T07:51:51,61.11,5.0,SetByAsk
2025-12-30 07:51:51,2025-12-30T07:51:51,61.11,1.0,SetByAsk
2025-12-30 07:51:51,2025-12-30T07:51:51,61.11,1.0,SetByAsk
2025-12-30 07:51:51,2025-12-30T07:51:51,61.11,3.0,SetByAsk
2025-12-30 07:51:51,2025-12-30T07:51:51,61.11,1.0,SetByAsk
2025-12-30 07:51:51,2025-12-30T07:51:51,61.11,1.0,SetByAsk
2025-12-30 07:51:51,2025-12-30T07:51:51,61.11,1.0,SetByAsk
2025-12-30 07:51:51,2025-12-30T07:51:51,61.11,1.0,SetByAsk
2025-12-30 07:51:51,2025-12-30T07:51:51,61.11,1.0,SetByAsk
2025-12-30 07:51:51,2025-12-30T07:51:51,61.11,1.0,SetByAsk
2025-12-30 07:51:51,2025-12-30T07:51:51,61.11,1.0,SetByAsk
2025-12-30 07:51:51,2025-12-30T07:51:51,61.1,1.0,SetByAsk
2025-12-30 07:51:51,2025-12-30T07:51:51,61.1,2.0,SetByAsk
2025-12-30 07:52:15,2025-12-30T07:52:15,61.11,1.0,SetByAsk
2025-12-30 07:52:21,2025-12-30T07:52:21,61.11,1.0,SetByAsk
2025-12-30 07:52:24,2025-12-30T07:52:24,61.11,2.0,SetByAsk
2025-12-30 07:53:54,2025-12-30T07:53:54,61.1,1.0,SetByAsk
2025-12-30 07:54:27,2025-12-30T07:54:27,61.09,1.0,SetByAsk
2025-12-30 07:54:27,2025-12-30T07:54:27,61.09,10.0,SetByAsk
2025-12-30 07:54:27,2025-12-30T07:54:27,61.09,1.0,SetByAsk
2025-12-30 07:57:00,2025-12-30T07:57:00,61.09,1.0,SetByAsk
2025-12-30 07:57:50,2025-12-30T07:57:50,61.1,1.0,SetByBid
2025-12-30 07:57:50,2025-12-30T07:57:50,61.1,1.0,SetByBid
2025-12-30 07:57:50,2025-12-30T07:57:50,61.1,1.0,SetByBid
2025-12-30 07:57:50,2025-12-30T07:57:50,61.11,2.0,SetByBid
2025-12-30 07:57:50,2025-12-30T07:57:50,61.11,1.0,SetByBid
2025-12-30 07:57:50,2025-12-30T07:57:50,61.11,1.0,SetByBid
2025-12-30 07:57:50,2025-12-30T07:57:50,61.11,1.0,SetByBid
2025-12-30 07:57:50,2025-12-30T07:57:50,61.11,1.0,SetByBid
2025-12-30 07:57:51,2025-12-30T07:57:51,61.11,2.0,SetByBid
2025-12-30 07:58:00,2025-12-30T07:58:00,61.11,2.0,SetByAsk
2025-12-30 08:01:23,2025-12-30T08:01:23,61.11,1.0,SetByBid
2025-12-30 08:02:07,2025-12-30T08:02:07,61.12,2.0,SetByBid
2025-12-30 08:02:07,2025-12-30T08:02:07,61.12,1.0,SetByBid
2025-12-30 08:02:07,2025-12-30T08:02:07,61.12,1.0,SetByBid
2025-12-30 08:02:07,2025-12-30T08:02:07,61.12,1.0,SetByBid
2025-12-30 08:02:07,2025-12-30T08:02:07,61.12,1.0,SetByBid
2025-12-30 08:02:07,2025-12-30T08:02:07,61.12,1.0,SetByBid
2025-12-30 08:03:08,2025-12-30T08:03:08,61.12,3.0,SetByAsk
2025-12-30 08:10:02,2025-12-30T08:10:02,61.14,2.0,SetByBid
2025-12-30 08:11:52,2025-12-30T08:11:52,61.12,1.0,SetByAsk
2025-12-30 08:11:52,2025-12-30T08:11:52,61.12,2.0,SetByAsk
2025-12-30 08:11:52,2025-12-30T08:11:52,61.12,1.0,SetByAsk
2025-12-30 08:11:52,2025-12-30T08:11:52,61.12,2.0,SetByAsk
2025-12-30 08:11:52,2025-12-30T08:11:52,61.12,1.0,SetByAsk
2025-12-30 08:11:52,2025-12-30T08:11:52,61.12,1.0,SetByAsk
2025-12-30 08:11:52,2025-12-30T08:11:52,61.12,3.0,SetByAsk
2025-12-30 08:11:52,2025-12-30T08:11:52,61.12,1.0,SetByBid
2025-12-30 08:11:52,2025-12-30T08:11:52,61.12,1.0,SetByBid
2025-12-30 08:11:52,2025-12-30T08:11:52,61.12,1.0,SetByBid
2025-12-30 08:11:52,2025-12-30T08:11:52,61.12,1.0,SetByBid
2025-12-30 08:11:52,2025-12-30T08:11:52,61.12,7.0,SetByBid
2025-12-30 08:11:52,2025-12-30T08:11:52,61.12,1.0,SetByBid
2025-12-30 08:11:52,2025-12-30T08:11:52,61.12,1.0,SetByBid
2025-12-30 08:11:52,2025-12-30T08:11:52,61.12,1.0,SetByBid
2025-12-30 08:11:52,2025-12-30T08:11:52,61.12,1.0,SetByBid
2025-12-30 08:11:52,2025-12-30T08:11:52,61.12,1.0,SetByBid
2025-12-30 08:11:52,2025-12-30T08:11:52,61.12,1.0,SetByBid
2025-12-30 08:11:52,2025-12-30T08:11:52,61.12,1.0,SetByBid
2025-12-30 08:11:52,2025-12-30T08:11:52,61.12,1.0,SetByBid
2025-12-30 08:11:52,2025-12-30T08:11:52,61.12,2.0,SetByBid
2025-12-30 08:11:52,2025-12-30T08:11:52,61.12,1.0,SetByBid
2025-12-30 08:11:52,2025-12-30T08:11:52,61.12,3.0,SetByBid
2025-12-30 08:11:52,2025-12-30T08:11:52,61.12,2.0,SetByBid
2025-12-30 08:11:52,2025-12-30T08:11:52,61.12,1.0,SetByBid
2025-12-30 08:11:52,2025-12-30T08:11:52,61.12,1.0,SetByBid
2025-12-30 08:11:52,2025-12-30T08:11:52,61.12,1.0,SetByBid
2025-12-30 08:11:52,2025-12-30T08:11:52,61.12,1.0,SetByBid
2025-12-30 08:11:52,2025-12-30T08:11:52,61.13,4.0,SetByBid
2025-12-30 08:11:52,2025-12-30T08:11:52,61.13,2.0,SetByBid
2025-12-30 08:11:52,2025-12-30T08:11:52,61.13,2.0,SetByBid
2025-12-30 08:12:01,2025-12-30T08:12:01,61.12,1.0,SetByAsk
2025-12-30 08:17:02,2025-12-30T08:17:02,61.12,1.0,SetByBid
2025-12-30 08:17:14,2025-12-30T08:17:14,61.13,1.0,SetByBid
2025-12-30 08:18:11,2025-12-30T08:18:11,61.11,2.0,SetByAsk
2025-12-30 08:18:11,2025-12-30T08:18:11,61.11,1.0,SetByAsk
2025-12-30 08:22:20,2025-12-30T08:22:20,61.11,1.0,SetByBid
2025-12-30 08:37:36,2025-12-30T08:37:36,61.11,1.0,SetByAsk
2025-12-30 08:39:43,2025-12-30T08:39:43,61.13,2.0,SetByBid
2025-12-30 08:39:43,2025-12-30T08:39:43,61.13,1.0,SetByBid
2025-12-30 08:44:26,2025-12-30T08:44:26,61.13,1.0,SetByAsk
2025-12-30 08:50:30,2025-12-30T08:50:30,61.1,1.0,SetByBid
2025-12-30 08:55:43,2025-12-30T08:55:43,61.11,1.0,SetByAsk
2025-12-30 08:58:33,2025-12-30T08:58:33,61.1,1.0,SetByBid
2025-12-30 08:58:33,2025-12-30T08:58:33,61.11,2.0,SetByBid
2025-12-30 08:58:33,2025-12-30T08:58:33,61.11,1.0,SetByBid
2025-12-30 08:58:33,2025-12-30T08:58:33,61.11,1.0,SetByBid
2025-12-30 08:58:33,2025-12-30T08:58:33,61.11,1.0,SetByBid
2025-12-30 08:58:33,2025-12-30T08:58:33,61.11,1.0,SetByBid
2025-12-30 08:58:33,2025-12-30T08:58:33,61.11,2.0,SetByBid
2025-12-30 08:58:33,2025-12-30T08:58:33,61.11,2.0,SetByBid
2025-12-30 09:00:51,2025-12-30T09:00:51,61.1,1.0,SetByAsk
2025-12-30 09:00:52,2025-12-30T09:00:52,61.1,1.0,SetByAsk
2025-12-30 09:03:36,2025-12-30T09:03:36,61.08,1.0,SetByAsk
2025-12-30 09:04:18,2025-12-30T09:04:18,61.07,1.0,SetByAsk
2025-12-30 09:04:54,2025-12-30T09:04:54,61.07,1.0,SetByAsk
2025-12-30 09:04:54,2025-12-30T09:04:54,61.07,1.0,SetByAsk
2025-12-30 09:04:54,2025-12-30T09:04:54,61.07,1.0,SetByAsk
2025-12-30 09:05:13,2025-12-30T09:05:13,61.07,1.0,SetByAsk
2025-12-30 09:05:23,2025-12-30T09:05:23,61.07,1.0,SetByAsk
2025-12-30 09:05:44,2025-12-30T09:05:44,61.06,1.0,SetByAsk
2025-12-30 09:05:45,2025-12-30T09:05:45,61.06,1.0,SetByAsk
2025-12-30 09:05:45,2025-12-30T09:05:45,61.06,1.0,SetByAsk
2025-12-30 09:05:45,2025-12-30T09:05:45,61.06,1.0,SetByBid
2025-12-30 09:05:48,2025-12-30T09:05:48,61.06,1.0,SetByAsk
2025-12-30 09:16:10,2025-12-30T09:16:10,61.09,2.0,SetByAsk
2025-12-30 09:16:10,2025-12-30T09:16:10,61.09,1.0,SetByAsk
2025-12-30 09:19:59,2025-12-30T09:19:59,61.11,1.0,SetByBid
2025-12-30 09:19:59,2025-12-30T09:19:59,61.11,1.0,SetByBid
2025-12-30 09:20:26,2025-12-30T09:20:26,61.12,2.0,SetByBid
2025-12-30 09:21:00,2025-12-30T09:21:00,61.12,2.0,SetByBid
2025-12-30 09:21:11,2025-12-30T09:21:11,61.12,2.0,SetByAsk
2025-12-30 09:21:11,2025-12-30T09:21:11,61.12,1.0,SetByAsk
2025-12-30 09:23:49,2025-12-30T09:23:49,61.14,2.0,SetByBid
2025-12-30 09:23:49,2025-12-30T09:23:49,61.14,1.0,SetByBid
2025-12-30 09:23:49,2025-12-30T09:23:49,61.14,1.0,SetByBid
2025-12-30 09:23:49,2025-12-30T09:23:49,61.14,1.0,SetByBid
2025-12-30 09:25:49,2025-12-30T09:25:49,61.15,1.0,SetByBid
2025-12-30 09:28:42,2025-12-30T09:28:42,61.15,3.0,SetByAsk
2025-12-30 09:30:00,2025-12-30T09:30:00,61.17,1.0,SetByBid
2025-12-30 09:30:00,2025-12-30T09:30:00,61.17,1.0,SetByBid
2025-12-30 09:30:00,2025-12-30T09:30:00,61.17,1.0,SetByBid
2025-12-30 09:30:00,2025-12-30T09:30:00,61.17,1.0,SetByBid
2025-12-30 09:30:00,2025-12-30T09:30:00,61.17,1.0,SetByBid
2025-12-30 09:30:01,2025-12-30T09:30:01,61.2,1.0,SetByAsk
2025-12-30 09:30:01,2025-12-30T09:30:01,61.2,2.0,SetByAsk
2025-12-30 09:30:01,2025-12-30T09:30:01,61.21,3.0,SetByBid
2025-12-30 09:30:01,2025-12-30T09:30:01,61.21,1.0,SetByBid
2025-12-30 09:30:01,2025-12-30T09:30:01,61.21,1.0,SetByBid
2025-12-30 09:30:01,2025-12-30T09:30:01,61.21,2.0,SetByBid
2025-12-30 09:30:02,2025-12-30T09:30:02,61.21,1.0,SetByBid
2025-12-30 09:30:02,2025-12-30T09:30:02,61.21,2.0,SetByBid
2025-12-30 09:30:02,2025-12-30T09:30:02,61.21,1.0,SetByBid
2025-12-30 09:30:02,2025-12-30T09:30:02,61.22,2.0,SetByBid
2025-12-30 09:30:02,2025-12-30T09:30:02,61.22,2.0,SetByBid
2025-12-30 09:30:02,2025-12-30T09:30:02,61.22,1.0,SetByBid
2025-12-30 09:30:02,2025-12-30T09:30:02,61.22,1.0,SetByBid
2025-12-30 09:30:02,2025-12-30T09:30:02,61.22,1.0,SetByBid
2025-12-30 09:30:02,2025-12-30T09:30:02,61.22,1.0,SetByBid
2025-12-30 09:30:02,2025-12-30T09:30:02,61.22,1.0,SetByBid
2025-12-30 09:30:02,2025-12-30T09:30:02,61.22,1.0,SetByBid
2025-12-30 09:30:02,2025-12-30T09:30:02,61.22,1.0,SetByBid
2025-12-30 09:30:02,2025-12-30T09:30:02,61.21,1.0,SetByAsk
2025-12-30 09:30:02,2025-12-30T09:30:02,61.22,1.0,SetByBid
2025-12-30 09:30:02,2025-12-30T09:30:02,61.22,1.0,SetByBid
2025-12-30 09:30:02,2025-12-30T09:30:02,61.22,2.0,SetByAsk
2025-12-30 09:30:02,2025-12-30T09:30:02,61.22,1.0,SetByAsk
2025-12-30 09:30:02,2025-12-30T09:30:02,61.22,2.0,SetByAsk
2025-12-30 09:30:02,2025-12-30T09:30:02,61.22,1.0,SetByAsk
2025-12-30 09:30:02,2025-12-30T09:30:02,61.22,1.0,SetByBid
2025-12-30 09:30:02,2025-12-30T09:30:02,61.22,1.0,SetByBid
2025-12-30 09:30:02,2025-12-30T09:30:02,61.22,1.0,SetByAsk
2025-12-30 09:30:02,2025-12-30T09:30:02,61.22,1.0,SetByAsk
2025-12-30 09:30:02,2025-12-30T09:30:02,61.22,1.0,SetByAsk
2025-12-30 09:30:02,2025-12-30T09:30:02,61.22,5.0,SetByAsk
2025-12-30 09:30:02,2025-12-30T09:30:02,61.22,2.0,SetByAsk
2025-12-30 09:30:02,2025-12-30T09:30:02,61.23,1.0,SetByBid
2025-12-30 09:30:02,2025-12-30T09:30:02,61.23,1.0,SetByBid
2025-12-30 09:30:02,2025-12-30T09:30:02,61.23,1.0,SetByBid
2025-12-30 09:30:02,2025-12-30T09:30:02,61.23,2.0,SetByBid
2025-12-30 09:30:02,2025-12-30T09:30:02,61.23,1.0,SetByBid
2025-12-30 09:30:02,2025-12-30T09:30:02,61.23,1.0,SetByBid
2025-12-30 09:30:03,2025-12-30T09:30:03,61.24,1.0,SetByBid
2025-12-30 09:30:03,2025-12-30T09:30:03,61.24,1.0,SetByBid
2025-12-30 09:30:04,2025-12-30T09:30:04,61.23,1.0,SetByAsk
2025-12-30 09:30:04,2025-12-30T09:30:04,61.23,1.0,SetByAsk
2025-12-30 09:30:04,2025-12-30T09:30:04,61.23,1.0,SetByAsk
2025-12-30 09:30:05,2025-12-30T09:30:05,61.23,1.0,SetByAsk
2025-12-30 09:30:05,2025-12-30T09:30:05,61.23,1.0,SetByBid
2025-12-30 09:30:06,2025-12-30T09:30:06,61.23,1.0,SetByAsk
2025-12-30 09:30:09,2025-12-30T09:30:09,61.23,1.0,SetByBid
2025-12-30 09:30:09,2025-12-30T09:30:09,61.23,2.0,SetByAsk
2025-12-30 09:30:09,2025-12-30T09:30:09,61.23,2.0,SetByAsk
2025-12-30 09:30:09,2025-12-30T09:30:09,61.23,1.0,SetByAsk
2025-12-30 09:30:12,2025-12-30T09:30:12,61.24,7.0,SetByAsk
2025-12-30 09:30:12,2025-12-30T09:30:12,61.24,24.0,SetByAsk
2025-12-30 09:30:12,2025-12-30T09:30:12,61.24,1.0,SetByAsk
2025-12-30 09:30:12,2025-12-30T09:30:12,61.24,1.0,SetByAsk
2025-12-30 09:30:12,2025-12-30T09:30:12,61.24,67.0,SetByAsk
2025-12-30 09:30:21,2025-12-30T09:30:21,61.24,1.0,SetByAsk
2025-12-30 09:30:26,2025-12-30T09:30:26,61.25,1.0,SetByAsk
2025-12-30 09:30:26,2025-12-30T09:30:26,61.25,1.0,SetByAsk
2025-12-30 09:30:26,2025-12-30T09:30:26,61.25,3.0,SetByAsk
2025-12-30 09:30:35,2025-12-30T09:30:35,61.26,2.0,SetByBid
2025-12-30 09:30:35,2025-12-30T09:30:35,61.26,1.0,SetByBid
2025-12-30 09:30:35,2025-12-30T09:30:35,61.26,1.0,SetByBid
2025-12-30 09:30:35,2025-12-30T09:30:35,61.26,1.0,SetByBid
2025-12-30 09:30:35,2025-12-30T09:30:35,61.26,2.0,SetByBid
2025-12-30 09:30:35,2025-12-30T09:30:35,61.26,1.0,SetByBid
2025-12-30 09:30:35,2025-12-30T09:30:35,61.27,1.0,SetByBid
2025-12-30 09:30:35,2025-12-30T09:30:35,61.27,1.0,SetByBid
2025-12-30 09:30:35,2025-12-30T09:30:35,61.27,1.0,SetByBid
2025-12-30 09:30:35,2025-12-30T09:30:35,61.27,1.0,SetByBid
2025-12-30 09:30:35,2025-12-30T09:30:35,61.27,5.0,SetByBid
2025-12-30 09:30:35,2025-12-30T09:30:35,61.27,2.0,SetByBid
2025-12-30 09:30:35,2025-12-30T09:30:35,61.27,1.0,SetByBid
2025-12-30 09:30:35,2025-12-30T09:30:35,61.27,4.0,SetByBid
2025-12-30 09:30:35,2025-12-30T09:30:35,61.27,2.0,SetByBid
2025-12-30 09:30:35,2025-12-30T09:30:35,61.27,1.0,SetByBid
2025-12-30 09:30:35,2025-12-30T09:30:35,61.27,1.0,SetByBid
2025-12-30 09:30:35,2025-12-30T09:30:35,61.27,1.0,SetByBid
2025-12-30 09:30:35,2025-12-30T09:30:35,61.27,1.0,SetByBid
2025-12-30 09:30:35,2025-12-30T09:30:35,61.27,1.0,SetByBid
2025-12-30 09:30:35,2025-12-30T09:30:35,61.27,3.0,SetByBid
2025-12-30 09:30:35,2025-12-30T09:30:35,61.27,1.0,SetByBid
2025-12-30 09:30:35,2025-12-30T09:30:35,61.27,1.0,SetByBid
2025-12-30 09:30:35,2025-12-30T09:30:35,61.27,1.0,SetByBid
2025-12-30 09:30:35,2025-12-30T09:30:35,61.27,1.0,SetByBid
2025-12-30 09:30:35,2025-12-30T09:30:35,61.27,3.0,SetByBid
2025-12-30 09:30:35,2025-12-30T09:30:35,61.27,4.0,SetByBid
2025-12-30 09:30:35,2025-12-30T09:30:35,61.27,4.0,SetByBid
2025-12-30 09:30:35,2025-12-30T09:30:35,61.27,1.0,SetByBid
2025-12-30 09:30:35,2025-12-30T09:30:35,61.27,1.0,SetByBid
2025-12-30 09:30:35,2025-12-30T09:30:35,61.27,1.0,SetByBid
2025-12-30 09:30:35,2025-12-30T09:30:35,61.27,1.0,SetByBid
2025-12-30 09:30:35,2025-12-30T09:30:35,61.28,1.0,SetByBid
2025-12-30 09:30:35,2025-12-30T09:30:35,61.28,2.0,SetByBid
2025-12-30 09:30:35,2025-12-30T09:30:35,61.28,1.0,SetByBid
2025-12-30 09:30:35,2025-12-30T09:30:35,61.28,1.0,SetByBid
2025-12-30 09:30:35,2025-12-30T09:30:35,61.28,1.0,SetByBid
2025-12-30 09:30:35,2025-12-30T09:30:35,61.28,2.0,SetByBid
2025-12-30 09:30:35,2025-12-30T09:30:35,61.28,5.0,SetByBid
2025-12-30 09:30:35,2025-12-30T09:30:35,61.28,1.0,SetByBid
2025-12-30 09:30:35,2025-12-30T09:30:35,61.28,1.0,SetByBid
2025-12-30 09:30:35,2025-12-30T09:30:35,61.28,1.0,SetByBid
2025-12-30 09:30:35,2025-12-30T09:30:35,61.28,1.0,SetByBid
2025-12-30 09:30:35,2025-12-30T09:30:35,61.28,1.0,SetByBid
2025-12-30 09:30:35,2025-12-30T09:30:35,61.28,1.0,SetByBid
2025-12-30 09:30:35,2025-12-30T09:30:35,61.28,1.0,SetByBid
2025-12-30 09:30:35,2025-12-30T09:30:35,61.28,1.0,SetByBid
2025-12-30 09:30:35,2025-12-30T09:30:35,61.28,1.0,SetByBid
2025-12-30 09:30:35,2025-12-30T09:30:35,61.28,1.0,SetByBid
2025-12-30 09:30:35,2025-12-30T09:30:35,61.28,1.0,SetByBid
2025-12-30 09:30:35,2025-12-30T09:30:35,61.28,1.0,SetByBid
2025-12-30 09:30:35,2025-12-30T09:30:35,61.28,1.0,SetByBid
2025-12-30 09:30:35,2025-12-30T09:30:35,61.28,1.0,SetByBid
2025-12-30 09:30:35,2025-12-30T09:30:35,61.28,4.0,SetByBid
2025-12-30 09:30:35,2025-12-30T09:30:35,61.28,1.0,SetByBid
2025-12-30 09:30:35,2025-12-30T09:30:35,61.28,1.0,SetByBid
2025-12-30 09:30:35,2025-12-30T09:30:35,61.28,1.0,SetByBid
2025-12-30 09:30:35,2025-12-30T09:30:35,61.28,1.0,SetByBid
2025-12-30 09:30:35,2025-12-30T09:30:35,61.28,1.0,SetByBid
2025-12-30 09:30:35,2025-12-30T09:30:35,61.28,1.0,SetByBid
2025-12-30 09:30:35,2025-12-30T09:30:35,61.28,4.0,SetByBid
2025-12-30 09:30:35,2025-12-30T09:30:35,61.28,4.0,SetByBid
2025-12-30 09:30:35,2025-12-30T09:30:35,61.28,2.0,SetByBid
2025-12-30 09:31:04,2025-12-30T09:31:04,61.26,1.0,SetByAsk
2025-12-30 09:31:10,2025-12-30T09:31:10,61.25,1.0,SetByAsk
2025-12-30 09:31:28,2025-12-30T09:31:28,61.23,2.0,SetByAsk
2025-12-30 09:31:28,2025-12-30T09:31:28,61.23,1.0,SetByBid
2025-12-30 09:32:02,2025-12-30T09:32:02,61.22,1.0,SetByBid
2025-12-30 09:32:02,2025-12-30T09:32:02,61.22,1.0,SetByBid
2025-12-30 09:34:45,2025-12-30T09:34:45,61.24,2.0,SetByAsk
2025-12-30 09:34:45,2025-12-30T09:34:45,61.24,1.0,SetByAsk
2025-12-30 09:34:45,2025-12-30T09:34:45,61.24,1.0,SetByAsk
2025-12-30 09:34:45,2025-12-30T09:34:45,61.24,1.0,SetByAsk
2025-12-30 09:34:45,2025-12-30T09:34:45,61.24,1.0,SetByAsk
2025-12-30 09:34:45,2025-12-30T09:34:45,61.24,1.0,SetByAsk
2025-12-30 09:34:45,2025-12-30T09:34:45,61.24,1.0,SetByAsk
2025-12-30 09:34:45,2025-12-30T09:34:45,61.24,1.0,SetByBid
2025-12-30 09:34:45,2025-12-30T09:34:45,61.24,1.0,SetByAsk
2025-12-30 09:34:45,2025-12-30T09:34:45,61.24,1.0,SetByAsk
2025-12-30 09:34:45,2025-12-30T09:34:45,61.24,2.0,SetByAsk
2025-12-30 09:34:45,2025-12-30T09:34:45,61.24,1.0,SetByAsk
2025-12-30 09:34:45,2025-12-30T09:34:45,61.24,1.0,SetByAsk
2025-12-30 09:34:45,2025-12-30T09:34:45,61.24,1.0,SetByAsk
2025-12-30 09:34:45,2025-12-30T09:34:45,61.24,1.0,SetByAsk
2025-12-30 09:35:49,2025-12-30T09:35:49,61.2,1.0,SetByAsk
2025-12-30 09:35:49,2025-12-30T09:35:49,61.2,1.0,SetByAsk
2025-12-30 09:35:49,2025-12-30T09:35:49,61.2,2.0,SetByAsk
2025-12-30 09:35:49,2025-12-30T09:35:49,61.2,1.0,SetByAsk
2025-12-30 09:35:49,2025-12-30T09:35:49,61.2,1.0,SetByAsk
2025-12-30 09:35:49,2025-12-30T09:35:49,61.2,1.0,SetByBid
2025-12-30 09:35:49,2025-12-30T09:35:49,61.2,1.0,SetByAsk
2025-12-30 09:35:49,2025-12-30T09:35:49,61.2,1.0,SetByAsk
2025-12-30 09:35:49,2025-12-30T09:35:49,61.2,1.0,SetByBid
2025-12-30 09:35:49,2025-12-30T09:35:49,61.2,1.0,SetByBid
2025-12-30 09:35:49,2025-12-30T09:35:49,61.2,1.0,SetByBid
2025-12-30 09:35:49,2025-12-30T09:35:49,61.2,2.0,SetByBid
2025-12-30 09:35:49,2025-12-30T09:35:49,61.2,1.0,SetByBid
2025-12-30 09:35:49,2025-12-30T09:35:49,61.2,1.0,SetByBid
2025-12-30 09:35:49,2025-12-30T09:35:49,61.2,1.0,SetByBid
2025-12-30 09:43:07,2025-12-30T09:43:07,61.17,2.0,SetByAsk
2025-12-30 09:43:07,2025-12-30T09:43:07,61.17,1.0,SetByAsk
2025-12-30 09:43:07,2025-12-30T09:43:07,61.17,1.0,SetByAsk
2025-12-30 09:43:07,2025-12-30T09:43:07,61.17,1.0,SetByAsk
2025-12-30 09:43:11,2025-12-30T09:43:11,61.16,1.0,SetByAsk
2025-12-30 09:43:11,2025-12-30T09:43:11,61.16,1.0,SetByAsk
2025-12-30 09:43:36,2025-12-30T09:43:36,61.12,1.0,SetByAsk
2025-12-30 09:43:36,2025-12-30T09:43:36,61.12,1.0,SetByAsk
2025-12-30 09:43:36,2025-12-30T09:43:36,61.12,3.0,SetByAsk
2025-12-30 09:43:36,2025-12-30T09:43:36,61.12,2.0,SetByAsk
2025-12-30 09:43:36,2025-12-30T09:43:36,61.12,1.0,SetByAsk
2025-12-30 09:43:36,2025-12-30T09:43:36,61.12,2.0,SetByAsk
2025-12-30 09:43:36,2025-12-30T09:43:36,61.12,1.0,SetByAsk
2025-12-30 09:43:36,2025-12-30T09:43:36,61.12,1.0,SetByAsk
2025-12-30 09:43:36,2025-12-30T09:43:36,61.12,1.0,SetByAsk
2025-12-30 09:43:36,2025-12-30T09:43:36,61.12,1.0,SetByAsk
2025-12-30 09:43:36,2025-12-30T09:43:36,61.12,1.0,SetByAsk
2025-12-30 09:43:36,2025-12-30T09:43:36,61.12,1.0,SetByAsk
2025-12-30 09:43:36,2025-12-30T09:43:36,61.12,1.0,SetByAsk
2025-12-30 09:43:36,2025-12-30T09:43:36,61.12,1.0,SetByAsk
2025-12-30 09:43:36,2025-12-30T09:43:36,61.12,1.0,SetByAsk
2025-12-30 09:43:36,2025-12-30T09:43:36,61.12,1.0,SetByAsk
2025-12-30 09:43:36,2025-12-30T09:43:36,61.12,1.0,SetByAsk
2025-12-30 09:43:36,2025-12-30T09:43:36,61.12,3.0,"SetByAsk, Leg"
2025-12-30 09:43:36,2025-12-30T09:43:36,61.11,3.0,"SetByAsk, Leg"
2025-12-30 09:43:36,2025-12-30T09:43:36,61.11,1.0,SetByAsk
2025-12-30 09:43:36,2025-12-30T09:43:36,61.11,1.0,SetByAsk
2025-12-30 09:43:36,2025-12-30T09:43:36,61.11,2.0,SetByAsk
2025-12-30 09:43:36,2025-12-30T09:43:36,61.11,1.0,SetByAsk
2025-12-30 09:43:36,2025-12-30T09:43:36,61.11,1.0,SetByAsk
2025-12-30 09:43:36,2025-12-30T09:43:36,61.11,2.0,SetByAsk
2025-12-30 09:43:36,2025-12-30T09:43:36,61.11,1.0,SetByAsk
2025-12-30 09:43:36,2025-12-30T09:43:36,61.11,1.0,SetByAsk
2025-12-30 09:43:36,2025-12-30T09:43:36,61.11,2.0,SetByAsk
2025-12-30 09:43:36,2025-12-30T09:43:36,61.11,1.0,SetByAsk
2025-12-30 09:43:36,2025-12-30T09:43:36,61.11,1.0,SetByAsk
2025-12-30 09:43:36,2025-12-30T09:43:36,61.11,1.0,SetByAsk
2025-12-30 09:43:36,2025-12-30T09:43:36,61.11,1.0,SetByAsk
2025-12-30 09:43:36,2025-12-30T09:43:36,61.11,1.0,SetByAsk
2025-12-30 09:43:36,2025-12-30T09:43:36,61.11,1.0,SetByAsk
2025-12-30 09:43:36,2025-12-30T09:43:36,61.11,1.0,SetByAsk
2025-12-30 09:43:36,2025-12-30T09:43:36,61.11,1.0,SetByAsk
2025-12-30 09:43:36,2025-12-30T09:43:36,61.11,3.0,SetByAsk
2025-12-30 09:43:36,2025-12-30T09:43:36,61.11,1.0,SetByAsk
2025-12-30 09:43:36,2025-12-30T09:43:36,61.11,1.0,SetByAsk
2025-12-30 09:43:36,2025-12-30T09:43:36,61.11,4.0,SetByAsk
2025-12-30 09:43:36,2025-12-30T09:43:36,61.11,1.0,SetByAsk
2025-12-30 09:43:36,2025-12-30T09:43:36,61.11,1.0,SetByAsk
2025-12-30 09:43:36,2025-12-30T09:43:36,61.11,1.0,SetByAsk
2025-12-30 09:43:36,2025-12-30T09:43:36,61.11,1.0,SetByAsk
2025-12-30 09:43:36,2025-12-30T09:43:36,61.11,2.0,"SetByAsk, Leg"
2025-12-30 09:43:36,2025-12-30T09:43:36,61.1,2.0,"SetByAsk, Leg"
2025-12-30 09:43:36,2025-12-30T09:43:36,61.1,1.0,SetByAsk
2025-12-30 09:43:36,2025-12-30T09:43:36,61.12,1.0,SetByBid
2025-12-30 09:45:48,2025-12-30T09:45:48,61.13,1.0,SetByBid
2025-12-30 09:45:48,2025-12-30T09:45:48,61.13,2.0,SetByBid
2025-12-30 09:45:48,2025-12-30T09:45:48,61.14,2.0,SetByBid
2025-12-30 09:45:48,2025-12-30T09:45:48,61.14,1.0,SetByBid
2025-12-30 09:45:48,2025-12-30T09:45:48,61.14,1.0,SetByBid
2025-12-30 09:45:48,2025-12-30T09:45:48,61.14,1.0,SetByBid
2025-12-30 09:45:48,2025-12-30T09:45:48,61.14,1.0,SetByBid
2025-12-30 09:45:48,2025-12-30T09:45:48,61.14,1.0,SetByBid
2025-12-30 09:45:48,2025-12-30T09:45:48,61.14,3.0,SetByBid
2025-12-30 09:45:48,2025-12-30T09:45:48,61.14,3.0,SetByBid
2025-12-30 09:45:48,2025-12-30T09:45:48,61.14,2.0,SetByBid
2025-12-30 09:45:48,2025-12-30T09:45:48,61.14,1.0,SetByBid
2025-12-30 09:45:48,2025-12-30T09:45:48,61.14,3.0,SetByBid
2025-12-30 09:45:48,2025-12-30T09:45:48,61.14,1.0,SetByBid
2025-12-30 09:45:48,2025-12-30T09:45:48,61.14,1.0,SetByBid
2025-12-30 09:45:48,2025-12-30T09:45:48,61.14,1.0,SetByBid
2025-12-30 09:45:48,2025-12-30T09:45:48,61.14,1.0,SetByBid
2025-12-30 09:45:48,2025-12-30T09:45:48,61.14,1.0,SetByBid
2025-12-30 09:45:48,2025-12-30T09:45:48,61.14,1.0,SetByBid
2025-12-30 09:45:48,2025-12-30T09:45:48,61.14,2.0,SetByBid
2025-12-30 09:45:48,2025-12-30T09:45:48,61.14,1.0,SetByBid
2025-12-30 09:45:48,2025-12-30T09:45:48,61.14,1.0,SetByBid
2025-12-30 09:45:48,2025-12-30T09:45:48,61.14,1.0,SetByBid
2025-12-30 09:45:48,2025-12-30T09:45:48,61.14,2.0,SetByBid
2025-12-30 09:45:48,2025-12-30T09:45:48,61.14,1.0,SetByBid
2025-12-30 09:45:48,2025-12-30T09:45:48,61.14,1.0,SetByBid
2025-12-30 09:45:48,2025-12-30T09:45:48,61.14,1.0,SetByBid
2025-12-30 09:45:48,2025-12-30T09:45:48,61.14,1.0,SetByBid
2025-12-30 09:45:48,2025-12-30T09:45:48,61.14,1.0,SetByBid
2025-12-30 09:45:48,2025-12-30T09:45:48,61.14,3.0,SetByBid
2025-12-30 09:45:48,2025-12-30T09:45:48,61.14,1.0,SetByBid
2025-12-30 09:45:48,2025-12-30T09:45:48,61.14,1.0,SetByBid
2025-12-30 09:45:48,2025-12-30T09:45:48,61.14,1.0,SetByBid
2025-12-30 09:45:48,2025-12-30T09:45:48,61.14,1.0,SetByBid
2025-12-30 09:45:50,2025-12-30T09:45:50,61.15,1.0,SetByBid
2025-12-30 09:46:12,2025-12-30T09:46:12,61.14,3.0,SetByAsk
2025-12-30 09:47:07,2025-12-30T09:47:07,61.16,1.0,SetByBid
2025-12-30 09:47:07,2025-12-30T09:47:07,61.16,1.0,SetByBid
2025-12-30 09:51:11,2025-12-30T09:51:11,61.2,2.0,SetByAsk
2025-12-30 09:51:11,2025-12-30T09:51:11,61.2,1.0,SetByAsk
2025-12-30 09:51:23,2025-12-30T09:51:23,61.19,1.0,SetByAsk
2025-12-30 09:51:23,2025-12-30T09:51:23,61.19,1.0,SetByAsk
2025-12-30 09:51:23,2025-12-30T09:51:23,61.18,2.0,SetByAsk
2025-12-30 09:51:23,2025-12-30T09:51:23,61.18,1.0,SetByAsk
2025-12-30 09:51:23,2025-12-30T09:51:23,61.18,1.0,SetByAsk
2025-12-30 09:51:23,2025-12-30T09:51:23,61.2,2.0,SetByBid
2025-12-30 09:51:23,2025-12-30T09:51:23,61.2,1.0,SetByBid
2025-12-30 09:51:23,2025-12-30T09:51:23,61.2,2.0,SetByBid
2025-12-30 09:51:23,2025-12-30T09:51:23,61.2,1.0,SetByBid
2025-12-30 09:51:23,2025-12-30T09:51:23,61.2,1.0,SetByBid
2025-12-30 09:51:23,2025-12-30T09:51:23,61.2,1.0,SetByBid
2025-12-30 09:51:23,2025-12-30T09:51:23,61.2,3.0,SetByBid
2025-12-30 09:51:23,2025-12-30T09:51:23,61.2,2.0,SetByBid
2025-12-30 09:51:23,2025-12-30T09:51:23,61.2,1.0,SetByBid
2025-12-30 09:51:23,2025-12-30T09:51:23,61.2,1.0,SetByBid
2025-12-30 09:51:23,2025-12-30T09:51:23,61.2,2.0,SetByBid
2025-12-30 09:51:23,2025-12-30T09:51:23,61.2,1.0,SetByBid
2025-12-30 09:51:23,2025-12-30T09:51:23,61.2,1.0,SetByBid
2025-12-30 09:51:23,2025-12-30T09:51:23,61.21,1.0,SetByBid
2025-12-30 09:51:23,2025-12-30T09:51:23,61.21,2.0,SetByBid
2025-12-30 09:51:23,2025-12-30T09:51:23,61.21,1.0,SetByBid
2025-12-30 09:51:23,2025-12-30T09:51:23,61.21,1.0,SetByBid
2025-12-30 09:51:23,2025-12-30T09:51:23,61.21,1.0,SetByBid
2025-12-30 09:51:23,2025-12-30T09:51:23,61.21,1.0,SetByBid
2025-12-30 09:51:23,2025-12-30T09:51:23,61.21,4.0,SetByBid
2025-12-30 09:51:23,2025-12-30T09:51:23,61.21,3.0,SetByBid
2025-12-30 09:51:23,2025-12-30T09:51:23,61.21,3.0,SetByBid
2025-12-30 09:51:23,2025-12-30T09:51:23,61.21,2.0,SetByBid
2025-12-30 09:51:23,2025-12-30T09:51:23,61.21,2.0,SetByBid
2025-12-30 09:51:23,2025-12-30T09:51:23,61.21,1.0,SetByBid
2025-12-30 09:51:23,2025-12-30T09:51:23,61.21,1.0,SetByBid
2025-12-30 09:51:23,2025-12-30T09:51:23,61.21,1.0,SetByBid
2025-12-30 09:51:23,2025-12-30T09:51:23,61.21,1.0,SetByBid
2025-12-30 09:51:23,2025-12-30T09:51:23,61.21,1.0,SetByBid
2025-12-30 09:51:23,2025-12-30T09:51:23,61.21,2.0,SetByBid
2025-12-30 09:51:23,2025-12-30T09:51:23,61.21,1.0,SetByBid
2025-12-30 09:51:23,2025-12-30T09:51:23,61.21,1.0,SetByBid
2025-12-30 09:51:23,2025-12-30T09:51:23,61.21,1.0,SetByBid
2025-12-30 09:51:23,2025-12-30T09:51:23,61.21,1.0,SetByBid
2025-12-30 09:51:23,2025-12-30T09:51:23,61.21,1.0,SetByBid
2025-12-30 09:51:23,2025-12-30T09:51:23,61.21,1.0,SetByBid
2025-12-30 09:51:23,2025-12-30T09:51:23,61.21,1.0,SetByBid
2025-12-30 09:51:23,2025-12-30T09:51:23,61.21,1.0,SetByBid
2025-12-30 09:51:23,2025-12-30T09:51:23,61.21,1.0,SetByBid
2025-12-30 09:51:23,2025-12-30T09:51:23,61.21,1.0,SetByBid
2025-12-30 09:51:23,2025-12-30T09:51:23,61.21,1.0,SetByBid
2025-12-30 09:51:23,2025-12-30T09:51:23,61.21,1.0,SetByBid
2025-12-30 09:51:23,2025-12-30T09:51:23,61.22,1.0,SetByBid
2025-12-30 09:51:23,2025-12-30T09:51:23,61.22,2.0,SetByBid
2025-12-30 09:51:23,2025-12-30T09:51:23,61.22,1.0,SetByBid
2025-12-30 09:51:23,2025-12-30T09:51:23,61.22,1.0,SetByBid
2025-12-30 09:51:23,2025-12-30T09:51:23,61.22,1.0,SetByBid
2025-12-30 09:51:23,2025-12-30T09:51:23,61.22,2.0,SetByBid
2025-12-30 09:51:23,2025-12-30T09:51:23,61.22,3.0,SetByBid
2025-12-30 09:51:23,2025-12-30T09:51:23,61.19,1.0,SetByAsk
2025-12-30 09:51:23,2025-12-30T09:51:23,61.19,1.0,SetByAsk
2025-12-30 09:51:23,2025-12-30T09:51:23,61.19,1.0,SetByAsk
2025-12-30 09:51:23,2025-12-30T09:51:23,61.19,1.0,SetByAsk
2025-12-30 09:51:23,2025-12-30T09:51:23,61.19,1.0,SetByAsk
2025-12-30 09:51:23,2025-12-30T09:51:23,61.19,1.0,SetByAsk
2025-12-30 09:51:23,2025-12-30T09:51:23,61.19,1.0,SetByAsk
2025-12-30 09:51:23,2025-12-30T09:51:23,61.19,1.0,SetByAsk
2025-12-30 09:51:23,2025-12-30T09:51:23,61.19,1.0,SetByAsk
2025-12-30 09:51:23,2025-12-30T09:51:23,61.19,1.0,SetByAsk
2025-12-30 09:51:23,2025-12-30T09:51:23,61.19,1.0,SetByAsk
2025-12-30 09:51:23,2025-12-30T09:51:23,61.19,1.0,SetByAsk
2025-12-30 09:51:23,2025-12-30T09:51:23,61.19,1.0,SetByAsk
2025-12-30 09:51:24,2025-12-30T09:51:24,61.19,1.0,SetByAsk
2025-12-30 09:51:24,2025-12-30T09:51:24,61.19,2.0,SetByAsk
2025-12-30 09:51:24,2025-12-30T09:51:24,61.19,1.0,SetByAsk
2025-12-30 09:51:42,2025-12-30T09:51:42,61.2,2.0,SetByBid
2025-12-30 09:51:42,2025-12-30T09:51:42,61.2,1.0,SetByBid
2025-12-30 09:51:42,2025-12-30T09:51:42,61.2,1.0,SetByBid
2025-12-30 09:51:42,2025-12-30T09:51:42,61.2,1.0,SetByBid
2025-12-30 09:51:42,2025-12-30T09:51:42,61.2,1.0,SetByBid
2025-12-30 09:51:42,2025-12-30T09:51:42,61.2,1.0,SetByBid
2025-12-30 09:51:42,2025-12-30T09:51:42,61.2,1.0,SetByBid
2025-12-30 09:51:42,2025-12-30T09:51:42,61.2,2.0,SetByBid
2025-12-30 09:51:42,2025-12-30T09:51:42,61.2,1.0,SetByBid
2025-12-30 09:51:42,2025-12-30T09:51:42,61.2,2.0,SetByBid
2025-12-30 09:51:42,2025-12-30T09:51:42,61.2,1.0,SetByBid
2025-12-30 09:51:42,2025-12-30T09:51:42,61.2,1.0,SetByBid
2025-12-30 09:51:42,2025-12-30T09:51:42,61.2,1.0,SetByBid
2025-12-30 09:51:42,2025-12-30T09:51:42,61.2,1.0,SetByBid
2025-12-30 09:51:42,2025-12-30T09:51:42,61.21,1.0,SetByBid
2025-12-30 09:51:42,2025-12-30T09:51:42,61.21,1.0,SetByBid
2025-12-30 09:51:42,2025-12-30T09:51:42,61.21,2.0,SetByBid
2025-12-30 09:51:42,2025-12-30T09:51:42,61.21,1.0,SetByBid
2025-12-30 09:51:42,2025-12-30T09:51:42,61.21,1.0,SetByBid
2025-12-30 09:51:42,2025-12-30T09:51:42,61.21,1.0,SetByBid
2025-12-30 09:51:42,2025-12-30T09:51:42,61.21,1.0,SetByBid
2025-12-30 09:51:42,2025-12-30T09:51:42,61.21,3.0,SetByBid
2025-12-30 09:51:42,2025-12-30T09:51:42,61.21,2.0,SetByBid
2025-12-30 09:51:42,2025-12-30T09:51:42,61.21,1.0,SetByBid
2025-12-30 09:51:42,2025-12-30T09:51:42,61.21,1.0,SetByBid
2025-12-30 09:51:42,2025-12-30T09:51:42,61.21,1.0,SetByBid
2025-12-30 09:51:42,2025-12-30T09:51:42,61.21,1.0,SetByBid
2025-12-30 09:51:42,2025-12-30T09:51:42,61.21,1.0,SetByBid
2025-12-30 09:51:42,2025-12-30T09:51:42,61.21,2.0,SetByBid
2025-12-30 09:51:42,2025-12-30T09:51:42,61.21,1.0,SetByBid
2025-12-30 09:51:42,2025-12-30T09:51:42,61.21,1.0,SetByBid
2025-12-30 09:51:42,2025-12-30T09:51:42,61.21,1.0,SetByBid
2025-12-30 09:51:42,2025-12-30T09:51:42,61.21,1.0,SetByBid
2025-12-30 09:51:42,2025-12-30T09:51:42,61.21,1.0,SetByBid
2025-12-30 09:51:42,2025-12-30T09:51:42,61.21,1.0,SetByBid
2025-12-30 09:51:42,2025-12-30T09:51:42,61.21,4.0,SetByBid
2025-12-30 09:51:42,2025-12-30T09:51:42,61.21,5.0,SetByBid
2025-12-30 09:51:42,2025-12-30T09:51:42,61.21,4.0,SetByBid
2025-12-30 09:51:42,2025-12-30T09:51:42,61.21,4.0,SetByBid
2025-12-30 09:51:42,2025-12-30T09:51:42,61.21,1.0,SetByBid
2025-12-30 09:51:42,2025-12-30T09:51:42,61.21,1.0,SetByBid
2025-12-30 09:51:42,2025-12-30T09:51:42,61.21,1.0,SetByBid
2025-12-30 09:51:42,2025-12-30T09:51:42,61.21,1.0,SetByBid
2025-12-30 09:51:42,2025-12-30T09:51:42,61.21,1.0,SetByBid
2025-12-30 09:51:42,2025-12-30T09:51:42,61.21,1.0,SetByBid
2025-12-30 09:51:42,2025-12-30T09:51:42,61.21,1.0,SetByBid
2025-12-30 09:51:42,2025-12-30T09:51:42,61.21,1.0,SetByBid
2025-12-30 09:51:42,2025-12-30T09:51:42,61.21,1.0,SetByBid
2025-12-30 09:51:42,2025-12-30T09:51:42,61.21,1.0,SetByBid
2025-12-30 09:51:42,2025-12-30T09:51:42,61.21,1.0,SetByBid
2025-12-30 09:51:42,2025-12-30T09:51:42,61.21,1.0,SetByBid
2025-12-30 09:51:42,2025-12-30T09:51:42,61.21,1.0,SetByBid
2025-12-30 09:51:42,2025-12-30T09:51:42,61.21,1.0,SetByBid
2025-12-30 09:51:42,2025-12-30T09:51:42,61.21,1.0,SetByBid
2025-12-30 09:51:42,2025-12-30T09:51:42,61.21,1.0,SetByBid
2025-12-30 09:51:42,2025-12-30T09:51:42,61.21,1.0,SetByBid
2025-12-30 09:51:42,2025-12-30T09:51:42,61.21,1.0,SetByBid
2025-12-30 09:51:42,2025-12-30T09:51:42,61.22,1.0,SetByBid
2025-12-30 09:51:42,2025-12-30T09:51:42,61.22,1.0,SetByBid
2025-12-30 09:51:42,2025-12-30T09:51:42,61.22,1.0,SetByBid
2025-12-30 09:51:42,2025-12-30T09:51:42,61.22,2.0,SetByBid
2025-12-30 09:51:42,2025-12-30T09:51:42,61.22,1.0,SetByBid
2025-12-30 09:51:42,2025-12-30T09:51:42,61.22,5.0,SetByBid
2025-12-30 09:51:42,2025-12-30T09:51:42,61.22,2.0,SetByBid
2025-12-30 09:51:42,2025-12-30T09:51:42,61.22,1.0,SetByBid
2025-12-30 09:51:42,2025-12-30T09:51:42,61.22,1.0,SetByBid
2025-12-30 09:51:42,2025-12-30T09:51:42,61.22,1.0,SetByBid
2025-12-30 09:51:42,2025-12-30T09:51:42,61.22,1.0,SetByBid
2025-12-30 09:51:42,2025-12-30T09:51:42,61.22,1.0,SetByBid
2025-12-30 09:51:42,2025-12-30T09:51:42,61.22,1.0,SetByBid
2025-12-30 09:51:42,2025-12-30T09:51:42,61.22,1.0,SetByBid
2025-12-30 09:51:42,2025-12-30T09:51:42,61.22,1.0,SetByBid
2025-12-30 09:51:42,2025-12-30T09:51:42,61.22,1.0,SetByBid
2025-12-30 09:51:43,2025-12-30T09:51:43,61.2,1.0,SetByAsk
2025-12-30 09:51:44,2025-12-30T09:51:44,61.2,1.0,SetByAsk
2025-12-30 09:51:44,2025-12-30T09:51:44,61.2,2.0,SetByAsk
2025-12-30 09:52:02,2025-12-30T09:52:02,61.2,1.0,SetByAsk
2025-12-30 09:52:02,2025-12-30T09:52:02,61.2,2.0,SetByAsk
2025-12-30 09:52:02,2025-12-30T09:52:02,61.19,1.0,SetByAsk
2025-12-30 09:52:17,2025-12-30T09:52:17,61.19,1.0,SetByBid
2025-12-30 09:52:17,2025-12-30T09:52:17,61.2,2.0,SetByBid
2025-12-30 09:52:17,2025-12-30T09:52:17,61.2,2.0,SetByBid
2025-12-30 09:52:17,2025-12-30T09:52:17,61.2,1.0,SetByBid
2025-12-30 09:52:17,2025-12-30T09:52:17,61.2,1.0,SetByBid
2025-12-30 09:52:17,2025-12-30T09:52:17,61.2,2.0,SetByBid
2025-12-30 09:52:17,2025-12-30T09:52:17,61.2,2.0,SetByBid
2025-12-30 09:52:17,2025-12-30T09:52:17,61.2,2.0,SetByBid
2025-12-30 09:52:17,2025-12-30T09:52:17,61.2,1.0,SetByBid
2025-12-30 09:52:17,2025-12-30T09:52:17,61.2,1.0,SetByBid
2025-12-30 09:52:17,2025-12-30T09:52:17,61.2,1.0,SetByBid
2025-12-30 09:52:17,2025-12-30T09:52:17,61.2,1.0,SetByBid
2025-12-30 09:52:17,2025-12-30T09:52:17,61.2,1.0,SetByBid
2025-12-30 09:52:17,2025-12-30T09:52:17,61.2,1.0,SetByBid
2025-12-30 09:52:17,2025-12-30T09:52:17,61.2,1.0,SetByBid
2025-12-30 09:52:17,2025-12-30T09:52:17,61.2,1.0,SetByBid
2025-12-30 09:52:17,2025-12-30T09:52:17,61.2,1.0,SetByBid
2025-12-30 09:52:17,2025-12-30T09:52:17,61.2,1.0,SetByBid
2025-12-30 09:52:17,2025-12-30T09:52:17,61.2,1.0,SetByBid
2025-12-30 09:52:17,2025-12-30T09:52:17,61.2,1.0,SetByBid
2025-12-30 09:52:17,2025-12-30T09:52:17,61.21,1.0,SetByBid
2025-12-30 09:52:17,2025-12-30T09:52:17,61.21,1.0,SetByBid
2025-12-30 09:52:17,2025-12-30T09:52:17,61.21,2.0,SetByBid
2025-12-30 09:52:17,2025-12-30T09:52:17,61.21,1.0,SetByBid
2025-12-30 09:52:17,2025-12-30T09:52:17,61.21,1.0,SetByBid
2025-12-30 09:52:17,2025-12-30T09:52:17,61.21,1.0,SetByBid
2025-12-30 09:52:17,2025-12-30T09:52:17,61.21,1.0,SetByBid
2025-12-30 09:52:17,2025-12-30T09:52:17,61.21,3.0,SetByBid
2025-12-30 09:52:17,2025-12-30T09:52:17,61.21,2.0,SetByBid
2025-12-30 09:52:17,2025-12-30T09:52:17,61.21,1.0,SetByBid
2025-12-30 09:52:17,2025-12-30T09:52:17,61.21,1.0,SetByBid
2025-12-30 09:52:17,2025-12-30T09:52:17,61.21,1.0,SetByBid
2025-12-30 09:52:17,2025-12-30T09:52:17,61.21,1.0,SetByBid
2025-12-30 09:52:17,2025-12-30T09:52:17,61.21,1.0,SetByBid
2025-12-30 09:52:17,2025-12-30T09:52:17,61.21,1.0,SetByBid
2025-12-30 09:52:17,2025-12-30T09:52:17,61.21,1.0,SetByBid
2025-12-30 09:52:17,2025-12-30T09:52:17,61.21,1.0,SetByBid
2025-12-30 09:52:17,2025-12-30T09:52:17,61.21,1.0,SetByBid
2025-12-30 09:52:17,2025-12-30T09:52:17,61.21,2.0,SetByBid
2025-12-30 09:52:17,2025-12-30T09:52:17,61.21,1.0,SetByBid
2025-12-30 09:52:17,2025-12-30T09:52:17,61.2,1.0,SetByAsk
2025-12-30 09:52:41,2025-12-30T09:52:41,61.2,2.0,SetByBid
2025-12-30 09:52:41,2025-12-30T09:52:41,61.2,2.0,SetByBid
2025-12-30 09:52:41,2025-12-30T09:52:41,61.2,1.0,SetByBid
2025-12-30 09:52:41,2025-12-30T09:52:41,61.2,1.0,SetByBid
2025-12-30 09:52:41,2025-12-30T09:52:41,61.2,1.0,SetByBid
2025-12-30 09:52:41,2025-12-30T09:52:41,61.2,2.0,SetByBid
2025-12-30 09:52:41,2025-12-30T09:52:41,61.2,1.0,SetByBid
2025-12-30 09:52:41,2025-12-30T09:52:41,61.2,2.0,SetByBid
2025-12-30 09:52:41,2025-12-30T09:52:41,61.2,1.0,SetByBid
2025-12-30 09:52:41,2025-12-30T09:52:41,61.2,1.0,SetByBid
2025-12-30 09:52:41,2025-12-30T09:52:41,61.2,1.0,SetByBid
2025-12-30 09:52:41,2025-12-30T09:52:41,61.21,5.0,SetByBid
2025-12-30 09:52:41,2025-12-30T09:52:41,61.21,1.0,SetByBid
2025-12-30 09:52:41,2025-12-30T09:52:41,61.21,1.0,SetByBid
2025-12-30 09:52:41,2025-12-30T09:52:41,61.21,2.0,SetByBid
2025-12-30 09:52:41,2025-12-30T09:52:41,61.21,1.0,SetByBid
2025-12-30 09:52:41,2025-12-30T09:52:41,61.21,3.0,SetByBid
2025-12-30 09:52:41,2025-12-30T09:52:41,61.21,1.0,SetByBid
2025-12-30 09:52:41,2025-12-30T09:52:41,61.21,1.0,SetByBid
2025-12-30 09:52:41,2025-12-30T09:52:41,61.21,2.0,SetByBid
2025-12-30 09:52:41,2025-12-30T09:52:41,61.21,1.0,SetByBid
2025-12-30 09:52:41,2025-12-30T09:52:41,61.21,1.0,SetByBid
2025-12-30 09:52:41,2025-12-30T09:52:41,61.21,2.0,SetByBid
2025-12-30 09:52:41,2025-12-30T09:52:41,61.21,4.0,SetByBid
2025-12-30 09:52:41,2025-12-30T09:52:41,61.21,1.0,SetByBid
2025-12-30 09:52:41,2025-12-30T09:52:41,61.21,4.0,SetByBid
2025-12-30 09:52:41,2025-12-30T09:52:41,61.21,1.0,SetByBid
2025-12-30 09:52:41,2025-12-30T09:52:41,61.21,1.0,SetByBid
2025-12-30 09:52:41,2025-12-30T09:52:41,61.21,2.0,SetByBid
2025-12-30 09:52:41,2025-12-30T09:52:41,61.21,1.0,SetByBid
2025-12-30 09:53:30,2025-12-30T09:53:30,61.19,1.0,SetByAsk
2025-12-30 09:53:32,2025-12-30T09:53:32,61.19,1.0,SetByBid
2025-12-30 09:53:58,2025-12-30T09:53:58,61.19,2.0,SetByAsk
2025-12-30 09:53:58,2025-12-30T09:53:58,61.19,1.0,SetByAsk
2025-12-30 09:53:58,2025-12-30T09:53:58,61.19,1.0,SetByAsk
2025-12-30 09:54:11,2025-12-30T09:54:11,61.2,1.0,SetByAsk
2025-12-30 09:54:46,2025-12-30T09:54:46,61.19,1.0,SetByAsk
2025-12-30 09:54:52,2025-12-30T09:54:52,61.19,1.0,SetByAsk
2025-12-30 09:54:56,2025-12-30T09:54:56,61.19,1.0,SetByBid
2025-12-30 09:54:56,2025-12-30T09:54:56,61.19,1.0,SetByBid
2025-12-30 09:54:56,2025-12-30T09:54:56,61.19,2.0,SetByBid
2025-12-30 09:54:56,2025-12-30T09:54:56,61.19,1.0,SetByBid
2025-12-30 09:54:56,2025-12-30T09:54:56,61.19,2.0,SetByBid
2025-12-30 09:54:56,2025-12-30T09:54:56,61.19,1.0,SetByBid
2025-12-30 09:54:56,2025-12-30T09:54:56,61.19,1.0,SetByBid
2025-12-30 09:54:56,2025-12-30T09:54:56,61.2,1.0,SetByBid
2025-12-30 09:54:56,2025-12-30T09:54:56,61.2,2.0,SetByBid
2025-12-30 09:54:56,2025-12-30T09:54:56,61.2,1.0,SetByBid
2025-12-30 09:54:56,2025-12-30T09:54:56,61.2,1.0,SetByBid
2025-12-30 09:54:56,2025-12-30T09:54:56,61.2,4.0,SetByBid
2025-12-30 09:54:56,2025-12-30T09:54:56,61.2,2.0,SetByBid
2025-12-30 09:54:56,2025-12-30T09:54:56,61.2,1.0,SetByBid
2025-12-30 09:54:56,2025-12-30T09:54:56,61.2,2.0,SetByBid
2025-12-30 09:54:56,2025-12-30T09:54:56,61.2,1.0,SetByBid
2025-12-30 09:54:56,2025-12-30T09:54:56,61.2,1.0,SetByBid
2025-12-30 09:54:56,2025-12-30T09:54:56,61.2,1.0,SetByBid
2025-12-30 09:54:56,2025-12-30T09:54:56,61.2,1.0,SetByBid
2025-12-30 09:54:56,2025-12-30T09:54:56,61.2,1.0,SetByBid
2025-12-30 09:54:56,2025-12-30T09:54:56,61.2,2.0,SetByBid
2025-12-30 09:54:56,2025-12-30T09:54:56,61.2,1.0,SetByBid
2025-12-30 09:54:56,2025-12-30T09:54:56,61.2,1.0,SetByBid
2025-12-30 09:54:56,2025-12-30T09:54:56,61.2,1.0,SetByBid
2025-12-30 09:54:56,2025-12-30T09:54:56,61.2,1.0,SetByBid
2025-12-30 09:54:56,2025-12-30T09:54:56,61.2,1.0,SetByBid
2025-12-30 09:54:56,2025-12-30T09:54:56,61.2,1.0,SetByBid
2025-12-30 09:54:56,2025-12-30T09:54:56,61.2,2.0,SetByBid
2025-12-30 09:54:56,2025-12-30T09:54:56,61.2,1.0,SetByBid
2025-12-30 09:54:56,2025-12-30T09:54:56,61.2,2.0,SetByBid
2025-12-30 09:54:56,2025-12-30T09:54:56,61.2,1.0,SetByBid
2025-12-30 09:54:56,2025-12-30T09:54:56,61.2,1.0,SetByBid
2025-12-30 09:54:56,2025-12-30T09:54:56,61.2,1.0,SetByBid
2025-12-30 09:54:56,2025-12-30T09:54:56,61.2,1.0,SetByBid
2025-12-30 09:54:56,2025-12-30T09:54:56,61.2,1.0,SetByBid
2025-12-30 09:54:56,2025-12-30T09:54:56,61.2,1.0,SetByBid
2025-12-30 09:54:56,2025-12-30T09:54:56,61.21,2.0,SetByBid
2025-12-30 09:54:56,2025-12-30T09:54:56,61.21,1.0,SetByBid
2025-12-30 09:56:05,2025-12-30T09:56:05,61.21,1.0,SetByAsk
2025-12-30 09:56:05,2025-12-30T09:56:05,61.21,1.0,SetByAsk
2025-12-30 09:56:05,2025-12-30T09:56:05,61.21,1.0,SetByAsk
2025-12-30 09:56:06,2025-12-30T09:56:06,61.21,2.0,SetByAsk
2025-12-30 09:57:00,2025-12-30T09:57:00,61.21,1.0,SetByAsk
2025-12-30 09:57:30,2025-12-30T09:57:30,61.17,1.0,SetByAsk
2025-12-30 09:58:02,2025-12-30T09:58:02,61.19,1.0,SetByBid
2025-12-30 09:58:02,2025-12-30T09:58:02,61.19,1.0,SetByBid
2025-12-30 09:58:02,2025-12-30T09:58:02,61.19,1.0,SetByBid
2025-12-30 09:58:02,2025-12-30T09:58:02,61.19,1.0,SetByBid
2025-12-30 09:58:45,2025-12-30T09:58:45,61.19,1.0,SetByAsk
2025-12-30 09:59:50,2025-12-30T09:59:50,61.19,1.0,SetByAsk
2025-12-30 10:00:21,2025-12-30T10:00:21,61.18,1.0,SetByAsk
2025-12-30 10:01:10,2025-12-30T10:01:10,61.19,2.0,SetByBid
2025-12-30 10:01:10,2025-12-30T10:01:10,61.19,1.0,SetByBid
2025-12-30 10:01:12,2025-12-30T10:01:12,61.18,1.0,SetByAsk
2025-12-30 10:01:12,2025-12-30T10:01:12,61.18,1.0,SetByAsk
2025-12-30 10:03:37,2025-12-30T10:03:37,61.17,1.0,SetByAsk
2025-12-30 10:06:00,2025-12-30T10:06:00,61.15,1.0,SetByBid
2025-12-30 10:06:00,2025-12-30T10:06:00,61.15,1.0,SetByAsk
2025-12-30 10:06:15,2025-12-30T10:06:15,61.16,1.0,SetByAsk
2025-12-30 10:06:55,2025-12-30T10:06:55,61.18,1.0,SetByBid
2025-12-30 10:06:55,2025-12-30T10:06:55,61.18,1.0,SetByBid
2025-12-30 10:06:55,2025-12-30T10:06:55,61.18,1.0,SetByBid
2025-12-30 10:06:55,2025-12-30T10:06:55,61.18,1.0,SetByAsk
2025-12-30 10:06:59,2025-12-30T10:06:59,61.18,1.0,SetByAsk
2025-12-30 10:06:59,2025-12-30T10:06:59,61.18,1.0,SetByAsk
2025-12-30 10:06:59,2025-12-30T10:06:59,61.18,1.0,SetByAsk
2025-12-30 10:06:59,2025-12-30T10:06:59,61.19,1.0,SetByAsk
2025-12-30 10:07:14,2025-12-30T10:07:14,61.2,7.0,SetByAsk
2025-12-30 10:08:30,2025-12-30T10:08:30,61.2,1.0,SetByAsk
2025-12-30 10:10:00,2025-12-30T10:10:00,61.21,1.0,SetByBid
2025-12-30 10:10:08,2025-12-30T10:10:08,61.21,1.0,SetByAsk
2025-12-30 10:10:50,2025-12-30T10:10:50,61.21,1.0,SetByAsk
2025-12-30 10:10:50,2025-12-30T10:10:50,61.21,1.0,SetByBid
2025-12-30 10:10:51,2025-12-30T10:10:51,61.21,1.0,SetByAsk
2025-12-30 10:10:51,2025-12-30T10:10:51,61.21,1.0,SetByAsk
2025-12-30 10:10:51,2025-12-30T10:10:51,61.21,1.0,SetByAsk
2025-12-30 10:10:51,2025-12-30T10:10:51,61.21,1.0,SetByAsk
2025-12-30 10:11:03,2025-12-30T10:11:03,61.22,2.0,SetByAsk
2025-12-30 10:11:30,2025-12-30T10:11:30,61.23,1.0,SetByBid
2025-12-30 10:11:30,2025-12-30T10:11:30,61.23,1.0,SetByBid
2025-12-30 10:11:30,2025-12-30T10:11:30,61.23,2.0,SetByAsk
2025-12-30 10:11:30,2025-12-30T10:11:30,61.23,1.0,SetByAsk
2025-12-30 10:11:31,2025-12-30T10:11:31,61.23,1.0,SetByAsk
2025-12-30 10:11:31,2025-12-30T10:11:31,61.23,1.0,SetByAsk
2025-12-30 10:12:01,2025-12-30T10:12:01,61.21,1.0,SetByAsk
2025-12-30 10:13:54,2025-12-30T10:13:54,61.2,2.0,SetByBid
2025-12-30 10:14:03,2025-12-30T10:14:03,61.19,1.0,SetByAsk
2025-12-30 10:14:03,2025-12-30T10:14:03,61.19,1.0,SetByAsk
2025-12-30 10:14:03,2025-12-30T10:14:03,61.18,1.0,SetByAsk
2025-12-30 10:14:03,2025-12-30T10:14:03,61.18,1.0,SetByAsk
2025-12-30 10:14:03,2025-12-30T10:14:03,61.18,1.0,SetByAsk
2025-12-30 10:14:03,2025-12-30T10:14:03,61.18,1.0,SetByAsk
2025-12-30 10:14:03,2025-12-30T10:14:03,61.18,2.0,SetByAsk
2025-12-30 10:14:03,2025-12-30T10:14:03,61.18,2.0,SetByAsk
2025-12-30 10:14:03,2025-12-30T10:14:03,61.18,3.0,SetByAsk
2025-12-30 10:14:03,2025-12-30T10:14:03,61.18,1.0,SetByAsk
2025-12-30 10:14:03,2025-12-30T10:14:03,61.18,2.0,SetByAsk
2025-12-30 10:14:03,2025-12-30T10:14:03,61.18,1.0,SetByAsk
2025-12-30 10:14:03,2025-12-30T10:14:03,61.18,1.0,SetByAsk
2025-12-30 10:14:03,2025-12-30T10:14:03,61.18,1.0,SetByBid
2025-12-30 10:14:03,2025-12-30T10:14:03,61.18,1.0,SetByBid
2025-12-30 10:14:03,2025-12-30T10:14:03,61.18,1.0,SetByBid
2025-12-30 10:14:50,2025-12-30T10:14:50,61.17,1.0,SetByAsk
2025-12-30 10:14:50,2025-12-30T10:14:50,61.17,1.0,SetByAsk
2025-12-30 10:14:50,2025-12-30T10:14:50,61.17,2.0,SetByAsk
2025-12-30 10:14:51,2025-12-30T10:14:51,61.17,1.0,SetByBid
2025-12-30 10:15:01,2025-12-30T10:15:01,61.16,2.0,SetByAsk
2025-12-30 10:15:01,2025-12-30T10:15:01,61.16,1.0,SetByAsk
2025-12-30 10:15:02,2025-12-30T10:15:02,61.13,1.0,SetByAsk
2025-12-30 10:15:06,2025-12-30T10:15:06,61.13,1.0,SetByAsk
2025-12-30 10:15:06,2025-12-30T10:15:06,61.13,1.0,SetByAsk
2025-12-30 10:15:06,2025-12-30T10:15:06,61.13,1.0,SetByAsk
2025-12-30 10:15:06,2025-12-30T10:15:06,61.13,2.0,SetByAsk
2025-12-30 10:15:06,2025-12-30T10:15:06,61.13,1.0,SetByAsk
2025-12-30 10:15:06,2025-12-30T10:15:06,61.13,2.0,SetByAsk
2025-12-30 10:15:06,2025-12-30T10:15:06,61.13,1.0,SetByAsk
2025-12-30 10:15:06,2025-12-30T10:15:06,61.13,3.0,SetByAsk
2025-12-30 10:15:06,2025-12-30T10:15:06,61.13,2.0,SetByAsk
2025-12-30 10:15:06,2025-12-30T10:15:06,61.13,1.0,SetByAsk
2025-12-30 10:15:06,2025-12-30T10:15:06,61.13,1.0,SetByAsk
2025-12-30 10:15:06,2025-12-30T10:15:06,61.13,1.0,SetByAsk
2025-12-30 10:15:06,2025-12-30T10:15:06,61.13,1.0,SetByAsk
2025-12-30 10:15:06,2025-12-30T10:15:06,61.13,1.0,SetByAsk
2025-12-30 10:15:07,2025-12-30T10:15:07,61.13,1.0,SetByAsk
2025-12-30 10:15:07,2025-12-30T10:15:07,61.13,1.0,SetByAsk
2025-12-30 10:15:07,2025-12-30T10:15:07,61.13,1.0,SetByAsk
2025-12-30 10:15:07,2025-12-30T10:15:07,61.13,2.0,SetByAsk
2025-12-30 10:15:07,2025-12-30T10:15:07,61.13,1.0,SetByAsk
2025-12-30 10:15:07,2025-12-30T10:15:07,61.13,1.0,SetByBid
2025-12-30 10:15:07,2025-12-30T10:15:07,61.13,1.0,SetByBid
2025-12-30 10:15:07,2025-12-30T10:15:07,61.13,1.0,SetByBid
2025-12-30 10:15:07,2025-12-30T10:15:07,61.13,1.0,SetByBid
2025-12-30 10:15:07,2025-12-30T10:15:07,61.13,1.0,SetByBid
2025-12-30 10:15:07,2025-12-30T10:15:07,61.13,1.0,SetByBid
2025-12-30 10:15:18,2025-12-30T10:15:18,61.13,1.0,SetByAsk
2025-12-30 10:15:18,2025-12-30T10:15:18,61.13,1.0,SetByAsk
2025-12-30 10:15:18,2025-12-30T10:15:18,61.13,2.0,SetByAsk
2025-12-30 10:15:18,2025-12-30T10:15:18,61.13,1.0,SetByAsk
2025-12-30 10:15:18,2025-12-30T10:15:18,61.13,1.0,SetByAsk
2025-12-30 10:15:18,2025-12-30T10:15:18,61.13,1.0,SetByAsk
2025-12-30 10:15:18,2025-12-30T10:15:18,61.13,1.0,SetByAsk
2025-12-30 10:15:18,2025-12-30T10:15:18,61.13,1.0,SetByAsk
2025-12-30 10:15:18,2025-12-30T10:15:18,61.13,1.0,SetByAsk
2025-12-30 10:15:18,2025-12-30T10:15:18,61.13,2.0,SetByAsk
2025-12-30 10:15:18,2025-12-30T10:15:18,61.13,1.0,SetByAsk
2025-12-30 10:15:18,2025-12-30T10:15:18,61.13,2.0,SetByAsk
2025-12-30 10:15:30,2025-12-30T10:15:30,61.13,1.0,SetByBid
2025-12-30 10:15:53,2025-12-30T10:15:53,61.12,1.0,SetByAsk
2025-12-30 10:15:53,2025-12-30T10:15:53,61.12,1.0,SetByAsk
2025-12-30 10:15:53,2025-12-30T10:15:53,61.12,1.0,SetByAsk
2025-12-30 10:15:53,2025-12-30T10:15:53,61.12,1.0,SetByAsk
2025-12-30 10:15:53,2025-12-30T10:15:53,61.12,2.0,SetByAsk
2025-12-30 10:15:53,2025-12-30T10:15:53,61.12,1.0,SetByAsk
2025-12-30 10:15:58,2025-12-30T10:15:58,61.13,1.0,SetByAsk
2025-12-30 10:15:58,2025-12-30T10:15:58,61.13,1.0,SetByAsk
2025-12-30 10:15:59,2025-12-30T10:15:59,61.13,1.0,SetByAsk
2025-12-30 10:15:59,2025-12-30T10:15:59,61.13,1.0,SetByAsk
2025-12-30 10:15:59,2025-12-30T10:15:59,61.13,1.0,SetByAsk
2025-12-30 10:15:59,2025-12-30T10:15:59,61.13,1.0,SetByAsk
2025-12-30 10:15:59,2025-12-30T10:15:59,61.13,1.0,SetByAsk
2025-12-30 10:15:59,2025-12-30T10:15:59,61.13,1.0,SetByAsk
2025-12-30 10:15:59,2025-12-30T10:15:59,61.13,1.0,SetByAsk
2025-12-30 10:15:59,2025-12-30T10:15:59,61.13,1.0,SetByAsk
2025-12-30 10:15:59,2025-12-30T10:15:59,61.13,1.0,SetByAsk
2025-12-30 10:15:59,2025-12-30T10:15:59,61.13,1.0,SetByAsk
2025-12-30 10:15:59,2025-12-30T10:15:59,61.13,1.0,SetByAsk
2025-12-30 10:15:59,2025-12-30T10:15:59,61.13,1.0,SetByAsk
2025-12-30 10:17:20,2025-12-30T10:17:20,61.14,1.0,SetByAsk
2025-12-30 10:17:47,2025-12-30T10:17:47,61.14,1.0,SetByAsk
2025-12-30 10:17:47,2025-12-30T10:17:47,61.14,1.0,SetByAsk
2025-12-30 10:17:47,2025-12-30T10:17:47,61.14,1.0,SetByAsk
2025-12-30 10:17:47,2025-12-30T10:17:47,61.14,3.0,SetByAsk
2025-12-30 10:17:47,2025-12-30T10:17:47,61.14,1.0,SetByAsk
2025-12-30 10:17:47,2025-12-30T10:17:47,61.14,2.0,SetByAsk
2025-12-30 10:17:47,2025-12-30T10:17:47,61.14,3.0,SetByAsk
2025-12-30 10:17:47,2025-12-30T10:17:47,61.14,1.0,SetByAsk
2025-12-30 10:17:47,2025-12-30T10:17:47,61.14,1.0,SetByAsk
2025-12-30 10:17:47,2025-12-30T10:17:47,61.14,1.0,SetByAsk
2025-12-30 10:17:47,2025-12-30T10:17:47,61.12,1.0,SetByAsk
2025-12-30 10:17:52,2025-12-30T10:17:52,61.12,1.0,SetByAsk
2025-12-30 10:18:42,2025-12-30T10:18:42,61.11,1.0,SetByAsk
2025-12-30 10:18:43,2025-12-30T10:18:43,61.1,1.0,SetByAsk
2025-12-30 10:18:47,2025-12-30T10:18:47,61.1,1.0,SetByAsk
2025-12-30 10:18:47,2025-12-30T10:18:47,61.1,1.0,SetByAsk
2025-12-30 10:18:47,2025-12-30T10:18:47,61.1,1.0,SetByAsk
2025-12-30 10:18:47,2025-12-30T10:18:47,61.09,1.0,SetByAsk
2025-12-30 10:18:47,2025-12-30T10:18:47,61.09,2.0,SetByAsk
2025-12-30 10:18:47,2025-12-30T10:18:47,61.09,2.0,SetByAsk
2025-12-30 10:18:47,2025-12-30T10:18:47,61.09,2.0,SetByAsk
2025-12-30 10:18:47,2025-12-30T10:18:47,61.09,1.0,SetByAsk
2025-12-30 10:18:47,2025-12-30T10:18:47,61.09,1.0,SetByAsk
2025-12-30 10:19:01,2025-12-30T10:19:01,61.11,1.0,SetByBid
2025-12-30 10:19:01,2025-12-30T10:19:01,61.11,2.0,SetByBid
2025-12-30 10:19:01,2025-12-30T10:19:01,61.12,2.0,SetByBid
2025-12-30 10:19:01,2025-12-30T10:19:01,61.12,1.0,SetByBid
2025-12-30 10:19:01,2025-12-30T10:19:01,61.12,1.0,SetByBid
2025-12-30 10:19:01,2025-12-30T10:19:01,61.12,1.0,SetByBid
2025-12-30 10:19:01,2025-12-30T10:19:01,61.12,3.0,SetByBid
2025-12-30 10:19:01,2025-12-30T10:19:01,61.12,1.0,SetByBid
2025-12-30 10:19:01,2025-12-30T10:19:01,61.12,2.0,SetByBid
2025-12-30 10:19:01,2025-12-30T10:19:01,61.12,1.0,SetByBid
2025-12-30 10:19:01,2025-12-30T10:19:01,61.12,1.0,SetByBid
2025-12-30 10:19:01,2025-12-30T10:19:01,61.12,1.0,SetByBid
2025-12-30 10:19:01,2025-12-30T10:19:01,61.12,1.0,SetByBid
2025-12-30 10:19:01,2025-12-30T10:19:01,61.12,1.0,SetByBid
2025-12-30 10:19:01,2025-12-30T10:19:01,61.12,3.0,SetByBid
2025-12-30 10:19:01,2025-12-30T10:19:01,61.12,6.0,SetByBid
2025-12-30 10:19:01,2025-12-30T10:19:01,61.12,1.0,SetByBid
2025-12-30 10:19:01,2025-12-30T10:19:01,61.12,1.0,SetByBid
2025-12-30 10:19:01,2025-12-30T10:19:01,61.12,1.0,SetByBid
2025-12-30 10:19:01,2025-12-30T10:19:01,61.12,1.0,SetByBid
2025-12-30 10:19:01,2025-12-30T10:19:01,61.12,1.0,SetByBid
2025-12-30 10:19:01,2025-12-30T10:19:01,61.12,1.0,SetByBid
2025-12-30 10:19:01,2025-12-30T10:19:01,61.13,1.0,SetByBid
2025-12-30 10:19:01,2025-12-30T10:19:01,61.13,1.0,SetByBid
2025-12-30 10:19:01,2025-12-30T10:19:01,61.13,2.0,SetByBid
2025-12-30 10:19:01,2025-12-30T10:19:01,61.13,1.0,SetByBid
2025-12-30 10:19:01,2025-12-30T10:19:01,61.13,1.0,SetByBid
2025-12-30 10:19:01,2025-12-30T10:19:01,61.13,2.0,SetByBid
2025-12-30 10:19:01,2025-12-30T10:19:01,61.13,1.0,SetByBid
2025-12-30 10:19:01,2025-12-30T10:19:01,61.13,2.0,SetByBid
2025-12-30 10:19:01,2025-12-30T10:19:01,61.13,1.0,SetByBid
2025-12-30 10:19:01,2025-12-30T10:19:01,61.13,2.0,SetByBid
2025-12-30 10:19:01,2025-12-30T10:19:01,61.13,2.0,SetByBid
2025-12-30 10:19:58,2025-12-30T10:19:58,61.11,1.0,SetByAsk
2025-12-30 10:19:58,2025-12-30T10:19:58,61.11,1.0,SetByAsk
2025-12-30 10:22:01,2025-12-30T10:22:01,61.09,2.0,SetByAsk
2025-12-30 10:22:01,2025-12-30T10:22:01,61.09,1.0,SetByAsk
2025-12-30 10:22:02,2025-12-30T10:22:02,61.09,2.0,SetByAsk
2025-12-30 10:22:02,2025-12-30T10:22:02,61.09,1.0,SetByAsk
2025-12-30 10:22:02,2025-12-30T10:22:02,61.09,2.0,SetByAsk
2025-12-30 10:22:03,2025-12-30T10:22:03,61.09,1.0,SetByAsk
2025-12-30 10:22:03,2025-12-30T10:22:03,61.09,2.0,SetByAsk
2025-12-30 10:22:03,2025-12-30T10:22:03,61.09,1.0,SetByBid
2025-12-30 10:22:03,2025-12-30T10:22:03,61.09,1.0,SetByAsk
2025-12-30 10:22:03,2025-12-30T10:22:03,61.09,2.0,SetByAsk
2025-12-30 10:22:04,2025-12-30T10:22:04,61.09,1.0,SetByBid
2025-12-30 10:22:07,2025-12-30T10:22:07,61.08,1.0,SetByAsk
2025-12-30 10:22:07,2025-12-30T10:22:07,61.08,3.0,SetByAsk
2025-12-30 10:22:08,2025-12-30T10:22:08,61.08,3.0,SetByAsk
2025-12-30 10:22:11,2025-12-30T10:22:11,61.08,1.0,SetByAsk
2025-12-30 10:22:11,2025-12-30T10:22:11,61.08,1.0,SetByAsk
2025-12-30 10:22:11,2025-12-30T10:22:11,61.08,1.0,SetByAsk
2025-12-30 10:22:11,2025-12-30T10:22:11,61.08,2.0,SetByAsk
2025-12-30 10:22:11,2025-12-30T10:22:11,61.08,2.0,SetByAsk
2025-12-30 10:22:12,2025-12-30T10:22:12,61.08,1.0,SetByAsk
2025-12-30 10:22:12,2025-12-30T10:22:12,61.08,1.0,SetByAsk
2025-12-30 10:22:12,2025-12-30T10:22:12,61.08,1.0,SetByAsk
2025-12-30 10:22:12,2025-12-30T10:22:12,61.08,1.0,SetByAsk
2025-12-30 10:22:15,2025-12-30T10:22:15,61.1,1.0,SetByBid
2025-12-30 10:22:15,2025-12-30T10:22:15,61.1,1.0,SetByBid
2025-12-30 10:22:15,2025-12-30T10:22:15,61.1,1.0,SetByBid
2025-12-30 10:22:15,2025-12-30T10:22:15,61.1,2.0,SetByBid
2025-12-30 10:22:15,2025-12-30T10:22:15,61.1,1.0,SetByBid
2025-12-30 10:22:15,2025-12-30T10:22:15,61.1,2.0,SetByBid
2025-12-30 10:22:15,2025-12-30T10:22:15,61.1,2.0,SetByBid
2025-12-30 10:22:15,2025-12-30T10:22:15,61.11,1.0,SetByBid
2025-12-30 10:22:15,2025-12-30T10:22:15,61.11,1.0,SetByBid
2025-12-30 10:22:15,2025-12-30T10:22:15,61.11,2.0,SetByBid
2025-12-30 10:22:15,2025-12-30T10:22:15,61.11,1.0,SetByBid
2025-12-30 10:22:15,2025-12-30T10:22:15,61.11,2.0,SetByBid
2025-12-30 10:22:15,2025-12-30T10:22:15,61.11,1.0,SetByBid
2025-12-30 10:22:15,2025-12-30T10:22:15,61.11,2.0,SetByBid
2025-12-30 10:22:15,2025-12-30T10:22:15,61.11,1.0,SetByBid
2025-12-30 10:22:15,2025-12-30T10:22:15,61.11,1.0,SetByBid
2025-12-30 10:22:15,2025-12-30T10:22:15,61.11,1.0,SetByBid
2025-12-30 10:22:15,2025-12-30T10:22:15,61.11,2.0,SetByBid
2025-12-30 10:22:15,2025-12-30T10:22:15,61.11,1.0,SetByBid
2025-12-30 10:22:15,2025-12-30T10:22:15,61.11,1.0,SetByBid
2025-12-30 10:22:15,2025-12-30T10:22:15,61.11,1.0,SetByBid
2025-12-30 10:22:15,2025-12-30T10:22:15,61.11,1.0,SetByBid
2025-12-30 10:22:15,2025-12-30T10:22:15,61.11,1.0,SetByBid
2025-12-30 10:22:15,2025-12-30T10:22:15,61.11,1.0,SetByBid
2025-12-30 10:22:15,2025-12-30T10:22:15,61.11,4.0,SetByBid
2025-12-30 10:22:15,2025-12-30T10:22:15,61.11,1.0,SetByBid
2025-12-30 10:22:15,2025-12-30T10:22:15,61.11,1.0,SetByBid
2025-12-30 10:22:15,2025-12-30T10:22:15,61.11,1.0,SetByBid
2025-12-30 10:22:15,2025-12-30T10:22:15,61.11,1.0,SetByBid
2025-12-30 10:22:15,2025-12-30T10:22:15,61.12,1.0,SetByBid
2025-12-30 10:22:15,2025-12-30T10:22:15,61.12,2.0,SetByBid
2025-12-30 10:22:15,2025-12-30T10:22:15,61.12,1.0,SetByBid
2025-12-30 10:22:15,2025-12-30T10:22:15,61.12,4.0,SetByBid
2025-12-30 10:22:15,2025-12-30T10:22:15,61.12,1.0,SetByBid
2025-12-30 10:22:15,2025-12-30T10:22:15,61.12,2.0,SetByBid
2025-12-30 10:22:16,2025-12-30T10:22:16,61.1,2.0,SetByAsk
2025-12-30 10:22:16,2025-12-30T10:22:16,61.1,1.0,SetByAsk
2025-12-30 10:22:16,2025-12-30T10:22:16,61.09,2.0,SetByAsk
2025-12-30 10:22:16,2025-12-30T10:22:16,61.09,2.0,SetByAsk
2025-12-30 10:22:16,2025-12-30T10:22:16,61.09,1.0,SetByAsk
2025-12-30 10:22:16,2025-12-30T10:22:16,61.09,2.0,SetByAsk
2025-12-30 10:22:16,2025-12-30T10:22:16,61.09,1.0,SetByAsk
2025-12-30 10:22:16,2025-12-30T10:22:16,61.09,1.0,SetByAsk
2025-12-30 10:22:16,2025-12-30T10:22:16,61.09,2.0,SetByAsk
2025-12-30 10:22:20,2025-12-30T10:22:20,61.1,1.0,SetByBid
2025-12-30 10:22:24,2025-12-30T10:22:24,61.1,3.0,SetByAsk
2025-12-30 10:22:33,2025-12-30T10:22:33,61.09,1.0,SetByAsk
2025-12-30 10:22:34,2025-12-30T10:22:34,61.09,1.0,SetByAsk
2025-12-30 10:22:34,2025-12-30T10:22:34,61.09,1.0,SetByAsk
2025-12-30 10:22:34,2025-12-30T10:22:34,61.09,1.0,SetByAsk
2025-12-30 10:22:34,2025-12-30T10:22:34,61.09,2.0,SetByAsk
2025-12-30 10:22:34,2025-12-30T10:22:34,61.09,1.0,SetByAsk
2025-12-30 10:22:34,2025-12-30T10:22:34,61.09,1.0,SetByBid
2025-12-30 10:22:35,2025-12-30T10:22:35,61.09,2.0,SetByAsk
2025-12-30 10:22:35,2025-12-30T10:22:35,61.09,1.0,SetByBid
2025-12-30 10:22:39,2025-12-30T10:22:39,61.08,2.0,SetByAsk
2025-12-30 10:22:41,2025-12-30T10:22:41,61.08,1.0,SetByAsk
2025-12-30 10:22:41,2025-12-30T10:22:41,61.08,1.0,SetByAsk
2025-12-30 10:22:41,2025-12-30T10:22:41,61.08,1.0,SetByAsk
2025-12-30 10:22:41,2025-12-30T10:22:41,61.08,1.0,SetByAsk
2025-12-30 10:22:42,2025-12-30T10:22:42,61.08,1.0,SetByAsk
2025-12-30 10:22:42,2025-12-30T10:22:42,61.08,1.0,SetByAsk
2025-12-30 10:22:42,2025-12-30T10:22:42,61.08,1.0,SetByAsk
2025-12-30 10:22:42,2025-12-30T10:22:42,61.08,1.0,SetByAsk
2025-12-30 10:22:42,2025-12-30T10:22:42,61.08,1.0,SetByBid
2025-12-30 10:22:42,2025-12-30T10:22:42,61.08,2.0,SetByBid
2025-12-30 10:22:47,2025-12-30T10:22:47,61.08,1.0,SetByAsk
2025-12-30 10:22:48,2025-12-30T10:22:48,61.08,1.0,SetByBid
2025-12-30 10:22:48,2025-12-30T10:22:48,61.08,1.0,SetByBid
2025-12-30 10:22:48,2025-12-30T10:22:48,61.08,1.0,SetByBid
2025-12-30 10:22:48,2025-12-30T10:22:48,61.09,1.0,SetByBid
2025-12-30 10:22:48,2025-12-30T10:22:48,61.09,1.0,SetByBid
2025-12-30 10:22:48,2025-12-30T10:22:48,61.09,2.0,SetByBid
2025-12-30 10:22:48,2025-12-30T10:22:48,61.09,1.0,SetByBid
2025-12-30 10:22:48,2025-12-30T10:22:48,61.09,1.0,SetByBid
2025-12-30 10:22:48,2025-12-30T10:22:48,61.09,1.0,SetByBid
2025-12-30 10:22:48,2025-12-30T10:22:48,61.09,1.0,SetByBid
2025-12-30 10:22:48,2025-12-30T10:22:48,61.09,2.0,SetByBid
2025-12-30 10:22:48,2025-12-30T10:22:48,61.09,1.0,SetByBid
2025-12-30 10:22:48,2025-12-30T10:22:48,61.09,2.0,SetByBid
2025-12-30 10:22:48,2025-12-30T10:22:48,61.09,2.0,SetByBid
2025-12-30 10:22:48,2025-12-30T10:22:48,61.09,7.0,SetByBid
2025-12-30 10:22:48,2025-12-30T10:22:48,61.09,1.0,SetByBid
2025-12-30 10:22:48,2025-12-30T10:22:48,61.09,1.0,SetByBid
2025-12-30 10:22:48,2025-12-30T10:22:48,61.09,1.0,SetByBid
2025-12-30 10:22:48,2025-12-30T10:22:48,61.09,1.0,SetByBid
2025-12-30 10:22:48,2025-12-30T10:22:48,61.1,1.0,SetByBid
2025-12-30 10:22:48,2025-12-30T10:22:48,61.1,1.0,SetByBid
2025-12-30 10:22:48,2025-12-30T10:22:48,61.1,1.0,SetByBid
2025-12-30 10:22:48,2025-12-30T10:22:48,61.1,1.0,SetByBid
2025-12-30 10:22:48,2025-12-30T10:22:48,61.1,1.0,SetByBid
2025-12-30 10:22:48,2025-12-30T10:22:48,61.1,1.0,SetByBid
2025-12-30 10:22:48,2025-12-30T10:22:48,61.1,2.0,SetByBid
2025-12-30 10:22:48,2025-12-30T10:22:48,61.1,3.0,SetByBid
2025-12-30 10:22:48,2025-12-30T10:22:48,61.1,1.0,SetByBid
2025-12-30 10:22:48,2025-12-30T10:22:48,61.1,1.0,SetByBid
2025-12-30 10:22:48,2025-12-30T10:22:48,61.1,1.0,SetByBid
2025-12-30 10:22:48,2025-12-30T10:22:48,61.1,1.0,SetByBid
2025-12-30 10:22:48,2025-12-30T10:22:48,61.1,1.0,SetByBid
2025-12-30 10:22:48,2025-12-30T10:22:48,61.1,1.0,SetByBid
2025-12-30 10:22:48,2025-12-30T10:22:48,61.1,2.0,SetByBid
2025-12-30 10:22:48,2025-12-30T10:22:48,61.1,1.0,SetByBid
2025-12-30 10:22:48,2025-12-30T10:22:48,61.1,1.0,SetByBid
2025-12-30 10:22:48,2025-12-30T10:22:48,61.09,2.0,SetByBid
2025-12-30 10:22:48,2025-12-30T10:22:48,61.08,1.0,SetByAsk
2025-12-30 10:22:48,2025-12-30T10:22:48,61.08,1.0,SetByAsk
2025-12-30 10:22:48,2025-12-30T10:22:48,61.08,1.0,SetByAsk
2025-12-30 10:22:49,2025-12-30T10:22:49,61.08,1.0,SetByAsk
2025-12-30 10:22:49,2025-12-30T10:22:49,61.08,1.0,SetByAsk
2025-12-30 10:22:49,2025-12-30T10:22:49,61.08,1.0,SetByAsk
2025-12-30 10:22:49,2025-12-30T10:22:49,61.08,1.0,SetByAsk
2025-12-30 10:22:49,2025-12-30T10:22:49,61.08,2.0,SetByAsk
2025-12-30 10:22:49,2025-12-30T10:22:49,61.08,1.0,SetByAsk
2025-12-30 10:22:49,2025-12-30T10:22:49,61.08,2.0,SetByAsk
2025-12-30 10:22:49,2025-12-30T10:22:49,61.08,1.0,SetByAsk
2025-12-30 10:22:49,2025-12-30T10:22:49,61.08,1.0,SetByAsk
2025-12-30 10:22:49,2025-12-30T10:22:49,61.08,1.0,SetByAsk
2025-12-30 10:22:49,2025-12-30T10:22:49,61.08,1.0,SetByBid
2025-12-30 10:22:50,2025-12-30T10:22:50,61.08,1.0,SetByAsk
2025-12-30 10:22:50,2025-12-30T10:22:50,61.08,2.0,SetByAsk
2025-12-30 10:23:45,2025-12-30T10:23:45,61.06,1.0,SetByAsk
2025-12-30 10:23:46,2025-12-30T10:23:46,61.06,1.0,SetByAsk
2025-12-30 10:23:46,2025-12-30T10:23:46,61.06,1.0,SetByBid
2025-12-30 10:23:46,2025-12-30T10:23:46,61.06,1.0,SetByBid
2025-12-30 10:23:46,2025-12-30T10:23:46,61.06,3.0,SetByBid
2025-12-30 10:23:48,2025-12-30T10:23:48,61.06,1.0,SetByBid
2025-12-30 10:23:52,2025-12-30T10:23:52,61.06,1.0,SetByBid
2025-12-30 10:23:54,2025-12-30T10:23:54,61.06,1.0,SetByBid
2025-12-30 10:24:10,2025-12-30T10:24:10,61.06,1.0,SetByAsk
2025-12-30 10:24:11,2025-12-30T10:24:11,61.06,3.0,SetByAsk
2025-12-30 10:24:11,2025-12-30T10:24:11,61.06,1.0,SetByAsk
2025-12-30 10:24:11,2025-12-30T10:24:11,61.06,1.0,SetByAsk
2025-12-30 10:24:11,2025-12-30T10:24:11,61.06,1.0,SetByAsk
2025-12-30 10:24:11,2025-12-30T10:24:11,61.06,1.0,SetByAsk
2025-12-30 10:24:11,2025-12-30T10:24:11,61.06,1.0,SetByAsk
2025-12-30 10:24:11,2025-12-30T10:24:11,61.06,1.0,SetByAsk
2025-12-30 10:24:11,2025-12-30T10:24:11,61.06,1.0,SetByAsk
2025-12-30 10:24:11,2025-12-30T10:24:11,61.06,1.0,SetByAsk
2025-12-30 10:24:11,2025-12-30T10:24:11,61.06,1.0,SetByAsk
2025-12-30 10:24:11,2025-12-30T10:24:11,61.06,1.0,SetByAsk
2025-12-30 10:24:11,2025-12-30T10:24:11,61.06,1.0,SetByBid
2025-12-30 10:24:11,2025-12-30T10:24:11,61.06,1.0,SetByAsk
2025-12-30 10:24:11,2025-12-30T10:24:11,61.06,1.0,SetByAsk
2025-12-30 10:24:11,2025-12-30T10:24:11,61.06,1.0,SetByAsk
2025-12-30 10:24:11,2025-12-30T10:24:11,61.06,1.0,SetByAsk
2025-12-30 10:24:11,2025-12-30T10:24:11,61.06,2.0,SetByAsk
2025-12-30 10:24:11,2025-12-30T10:24:11,61.06,1.0,SetByAsk
2025-12-30 10:24:11,2025-12-30T10:24:11,61.06,3.0,SetByAsk
2025-12-30 10:24:11,2025-12-30T10:24:11,61.06,1.0,SetByAsk
2025-12-30 10:24:11,2025-12-30T10:24:11,61.06,1.0,SetByAsk
2025-12-30 10:24:11,2025-12-30T10:24:11,61.06,1.0,SetByAsk
2025-12-30 10:24:11,2025-12-30T10:24:11,61.06,1.0,SetByAsk
2025-12-30 10:24:11,2025-12-30T10:24:11,61.06,1.0,SetByAsk
2025-12-30 10:24:18,2025-12-30T10:24:18,61.07,1.0,SetByAsk
2025-12-30 10:24:22,2025-12-30T10:24:22,61.06,1.0,SetByAsk
2025-12-30 10:24:23,2025-12-30T10:24:23,61.06,1.0,SetByAsk
2025-12-30 10:24:23,2025-12-30T10:24:23,61.06,1.0,SetByAsk
2025-12-30 10:24:45,2025-12-30T10:24:45,61.06,1.0,SetByAsk
2025-12-30 10:24:45,2025-12-30T10:24:45,61.06,1.0,SetByAsk
2025-12-30 10:25:51,2025-12-30T10:25:51,61.08,2.0,SetByAsk
2025-12-30 10:25:51,2025-12-30T10:25:51,61.09,1.0,SetByBid
2025-12-30 10:25:51,2025-12-30T10:25:51,61.09,1.0,SetByBid
2025-12-30 10:25:51,2025-12-30T10:25:51,61.09,1.0,SetByBid
2025-12-30 10:25:51,2025-12-30T10:25:51,61.09,1.0,SetByAsk
2025-12-30 10:25:51,2025-12-30T10:25:51,61.09,1.0,SetByAsk
2025-12-30 10:26:09,2025-12-30T10:26:09,61.08,1.0,SetByAsk
2025-12-30 10:26:09,2025-12-30T10:26:09,61.08,1.0,SetByAsk
2025-12-30 10:26:09,2025-12-30T10:26:09,61.08,1.0,SetByAsk
2025-12-30 10:26:09,2025-12-30T10:26:09,61.08,1.0,SetByAsk
2025-12-30 10:26:17,2025-12-30T10:26:17,61.08,1.0,SetByBid
2025-12-30 10:26:17,2025-12-30T10:26:17,61.08,2.0,SetByBid
2025-12-30 10:26:17,2025-12-30T10:26:17,61.08,1.0,SetByBid
2025-12-30 10:26:18,2025-12-30T10:26:18,61.08,1.0,SetByBid
2025-12-30 10:26:18,2025-12-30T10:26:18,61.08,1.0,SetByBid
2025-12-30 10:26:29,2025-12-30T10:26:29,61.07,1.0,SetByAsk
2025-12-30 10:26:41,2025-12-30T10:26:41,61.07,1.0,SetByAsk
2025-12-30 10:26:42,2025-12-30T10:26:42,61.06,1.0,SetByAsk
2025-12-30 10:27:13,2025-12-30T10:27:13,61.08,1.0,SetByAsk
2025-12-30 10:27:13,2025-12-30T10:27:13,61.08,1.0,SetByAsk
2025-12-30 10:27:13,2025-12-30T10:27:13,61.08,1.0,SetByAsk
2025-12-30 10:27:14,2025-12-30T10:27:14,61.08,1.0,SetByAsk
2025-12-30 10:30:01,2025-12-30T10:30:01,61.05,1.0,SetByBid
2025-12-30 10:30:01,2025-12-30T10:30:01,61.05,2.0,SetByBid
2025-12-30 10:30:01,2025-12-30T10:30:01,61.05,3.0,SetByBid
2025-12-30 10:30:01,2025-12-30T10:30:01,61.05,1.0,SetByBid
2025-12-30 10:30:01,2025-12-30T10:30:01,61.05,1.0,SetByBid
2025-12-30 10:30:01,2025-12-30T10:30:01,61.05,2.0,SetByBid
2025-12-30 10:30:01,2025-12-30T10:30:01,61.05,1.0,SetByBid
2025-12-30 10:30:01,2025-12-30T10:30:01,61.05,1.0,SetByBid
2025-12-30 10:30:01,2025-12-30T10:30:01,61.05,4.0,SetByAsk
2025-12-30 10:30:01,2025-12-30T10:30:01,61.05,3.0,SetByAsk
2025-12-30 10:30:01,2025-12-30T10:30:01,61.05,1.0,SetByAsk
2025-12-30 10:30:01,2025-12-30T10:30:01,61.05,4.0,SetByAsk
2025-12-30 10:30:01,2025-12-30T10:30:01,61.05,2.0,SetByBid
2025-12-30 10:30:01,2025-12-30T10:30:01,61.05,1.0,SetByAsk
2025-12-30 10:30:01,2025-12-30T10:30:01,61.05,1.0,SetByAsk
2025-12-30 10:30:53,2025-12-30T10:30:53,61.05,1.0,SetByAsk
2025-12-30 10:30:53,2025-12-30T10:30:53,61.05,1.0,SetByAsk
2025-12-30 10:30:53,2025-12-30T10:30:53,61.05,1.0,SetByAsk
2025-12-30 10:30:53,2025-12-30T10:30:53,61.05,1.0,SetByAsk
2025-12-30 10:31:03,2025-12-30T10:31:03,61.05,1.0,SetByAsk
2025-12-30 10:31:03,2025-12-30T10:31:03,61.05,2.0,SetByAsk
2025-12-30 10:31:03,2025-12-30T10:31:03,61.05,1.0,SetByAsk
2025-12-30 10:31:03,2025-12-30T10:31:03,61.05,1.0,SetByBid
2025-12-30 10:31:03,2025-12-30T10:31:03,61.05,3.0,SetByBid
2025-12-30 10:31:03,2025-12-30T10:31:03,61.05,1.0,SetByBid
2025-12-30 10:31:03,2025-12-30T10:31:03,61.05,2.0,SetByBid
2025-12-30 10:31:03,2025-12-30T10:31:03,61.05,1.0,SetByBid
2025-12-30 10:31:03,2025-12-30T10:31:03,61.05,1.0,SetByBid
2025-12-30 10:31:03,2025-12-30T10:31:03,61.05,1.0,SetByBid
2025-12-30 10:31:03,2025-12-30T10:31:03,61.05,1.0,SetByBid
2025-12-30 10:31:03,2025-12-30T10:31:03,61.04,1.0,SetByAsk
2025-12-30 10:31:26,2025-12-30T10:31:26,61.05,1.0,SetByBid
2025-12-30 10:31:59,2025-12-30T10:31:59,61.07,1.0,SetByBid
2025-12-30 10:32:31,2025-12-30T10:32:31,61.08,1.0,SetByBid
2025-12-30 10:33:12,2025-12-30T10:33:12,61.08,1.0,SetByAsk
2025-12-30 10:33:12,2025-12-30T10:33:12,61.08,1.0,SetByAsk
2025-12-30 10:33:12,2025-12-30T10:33:12,61.08,1.0,SetByAsk
2025-12-30 10:33:12,2025-12-30T10:33:12,61.07,2.0,SetByAsk
2025-12-30 10:33:12,2025-12-30T10:33:12,61.07,1.0,SetByAsk
2025-12-30 10:33:12,2025-12-30T10:33:12,61.07,1.0,SetByAsk
2025-12-30 10:33:12,2025-12-30T10:33:12,61.07,3.0,SetByAsk
2025-12-30 10:33:12,2025-12-30T10:33:12,61.07,1.0,SetByAsk
2025-12-30 10:33:12,2025-12-30T10:33:12,61.07,1.0,SetByAsk
2025-12-30 10:33:20,2025-12-30T10:33:20,61.04,1.0,SetByAsk
2025-12-30 10:33:29,2025-12-30T10:33:29,61.05,1.0,SetByBid
2025-12-30 10:33:35,2025-12-30T10:33:35,61.05,1.0,SetByBid
2025-12-30 10:34:40,2025-12-30T10:34:40,61.06,1.0,SetByAsk
2025-12-30 10:35:54,2025-12-30T10:35:54,61.08,1.0,SetByAsk
2025-12-30 10:35:54,2025-12-30T10:35:54,61.08,2.0,SetByBid
2025-12-30 10:36:14,2025-12-30T10:36:14,61.08,1.0,SetByBid
2025-12-30 10:36:14,2025-12-30T10:36:14,61.08,2.0,SetByBid
2025-12-30 10:36:46,2025-12-30T10:36:46,61.07,1.0,SetByAsk
2025-12-30 10:36:46,2025-12-30T10:36:46,61.07,1.0,SetByAsk
2025-12-30 10:37:50,2025-12-30T10:37:50,61.06,1.0,SetByBid
2025-12-30 10:37:55,2025-12-30T10:37:55,61.05,1.0,SetByAsk
2025-12-30 10:37:56,2025-12-30T10:37:56,61.04,1.0,SetByBid
2025-12-30 10:37:57,2025-12-30T10:37:57,61.04,2.0,SetByAsk
2025-12-30 10:37:57,2025-12-30T10:37:57,61.04,1.0,SetByAsk
2025-12-30 10:37:57,2025-12-30T10:37:57,61.04,2.0,SetByAsk
2025-12-30 10:37:57,2025-12-30T10:37:57,61.04,1.0,SetByAsk
2025-12-30 10:37:57,2025-12-30T10:37:57,61.04,1.0,SetByAsk
2025-12-30 10:37:57,2025-12-30T10:37:57,61.04,1.0,SetByAsk
2025-12-30 10:37:57,2025-12-30T10:37:57,61.04,2.0,SetByAsk
2025-12-30 10:37:57,2025-12-30T10:37:57,61.04,1.0,SetByAsk
2025-12-30 10:37:57,2025-12-30T10:37:57,61.04,1.0,SetByAsk
2025-12-30 10:37:57,2025-12-30T10:37:57,61.04,2.0,SetByAsk
2025-12-30 10:37:57,2025-12-30T10:37:57,61.04,1.0,SetByAsk
2025-12-30 10:37:57,2025-12-30T10:37:57,61.04,1.0,SetByAsk
2025-12-30 10:37:57,2025-12-30T10:37:57,61.04,1.0,SetByAsk
2025-12-30 10:37:57,2025-12-30T10:37:57,61.04,1.0,SetByAsk
2025-12-30 10:37:57,2025-12-30T10:37:57,61.04,1.0,SetByAsk
2025-12-30 10:37:57,2025-12-30T10:37:57,61.03,1.0,SetByAsk
2025-12-30 10:37:57,2025-12-30T10:37:57,61.04,1.0,SetByAsk
2025-12-30 10:37:57,2025-12-30T10:37:57,61.03,2.0,SetByAsk
2025-12-30 10:37:57,2025-12-30T10:37:57,61.03,1.0,SetByAsk
2025-12-30 10:37:57,2025-12-30T10:37:57,61.03,1.0,SetByAsk
2025-12-30 10:37:57,2025-12-30T10:37:57,61.03,1.0,SetByAsk
2025-12-30 10:37:57,2025-12-30T10:37:57,61.04,1.0,SetByAsk
2025-12-30 10:37:57,2025-12-30T10:37:57,61.03,3.0,SetByAsk
2025-12-30 10:37:57,2025-12-30T10:37:57,61.03,1.0,SetByAsk
2025-12-30 10:37:57,2025-12-30T10:37:57,61.03,1.0,SetByAsk
2025-12-30 10:37:57,2025-12-30T10:37:57,61.03,1.0,SetByAsk
2025-12-30 10:37:57,2025-12-30T10:37:57,61.03,1.0,SetByAsk
2025-12-30 10:37:57,2025-12-30T10:37:57,61.03,1.0,SetByAsk
2025-12-30 10:37:57,2025-12-30T10:37:57,61.03,1.0,SetByAsk
2025-12-30 10:37:57,2025-12-30T10:37:57,61.03,1.0,SetByAsk
2025-12-30 10:37:57,2025-12-30T10:37:57,61.03,1.0,SetByAsk
2025-12-30 10:37:57,2025-12-30T10:37:57,61.03,1.0,SetByAsk
2025-12-30 10:37:57,2025-12-30T10:37:57,61.03,1.0,SetByAsk
2025-12-30 10:37:57,2025-12-30T10:37:57,61.03,2.0,SetByAsk
2025-12-30 10:37:57,2025-12-30T10:37:57,61.03,1.0,SetByAsk
2025-12-30 10:37:57,2025-12-30T10:37:57,61.03,1.0,SetByAsk
2025-12-30 10:37:57,2025-12-30T10:37:57,61.03,1.0,SetByAsk
2025-12-30 10:37:57,2025-12-30T10:37:57,61.03,3.0,SetByAsk
2025-12-30 10:37:57,2025-12-30T10:37:57,61.03,1.0,SetByAsk
2025-12-30 10:37:57,2025-12-30T10:37:57,61.03,1.0,SetByAsk
2025-12-30 10:37:57,2025-12-30T10:37:57,61.03,1.0,SetByAsk
2025-12-30 10:37:57,2025-12-30T10:37:57,61.03,1.0,SetByAsk
2025-12-30 10:37:57,2025-12-30T10:37:57,61.03,1.0,SetByAsk
2025-12-30 10:37:57,2025-12-30T10:37:57,61.03,1.0,SetByAsk
2025-12-30 10:37:57,2025-12-30T10:37:57,61.03,1.0,SetByAsk
2025-12-30 10:37:57,2025-12-30T10:37:57,61.03,2.0,SetByAsk
2025-12-30 10:37:57,2025-12-30T10:37:57,61.03,1.0,SetByAsk
2025-12-30 10:37:57,2025-12-30T10:37:57,61.03,1.0,SetByAsk
2025-12-30 10:40:01,2025-12-30T10:40:01,61.03,1.0,SetByAsk
2025-12-30 10:42:17,2025-12-30T10:42:17,61.04,1.0,SetByBid
2025-12-30 10:45:11,2025-12-30T10:45:11,61.03,2.0,SetByBid
2025-12-30 10:45:11,2025-12-30T10:45:11,61.03,1.0,SetByBid
2025-12-30 10:45:41,2025-12-30T10:45:41,61.05,1.0,SetByBid
2025-12-30 10:45:41,2025-12-30T10:45:41,61.05,1.0,SetByBid
2025-12-30 10:45:41,2025-12-30T10:45:41,61.05,1.0,SetByBid
2025-12-30 10:45:41,2025-12-30T10:45:41,61.05,1.0,SetByBid
2025-12-30 10:45:42,2025-12-30T10:45:42,61.04,1.0,SetByAsk
2025-12-30 10:45:42,2025-12-30T10:45:42,61.04,1.0,SetByAsk
2025-12-30 10:45:42,2025-12-30T10:45:42,61.04,1.0,SetByAsk
2025-12-30 10:45:42,2025-12-30T10:45:42,61.03,1.0,SetByAsk
2025-12-30 10:45:42,2025-12-30T10:45:42,61.03,1.0,SetByAsk
2025-12-30 10:45:42,2025-12-30T10:45:42,61.03,1.0,SetByAsk
2025-12-30 10:45:42,2025-12-30T10:45:42,61.03,1.0,SetByAsk
2025-12-30 10:45:42,2025-12-30T10:45:42,61.03,1.0,SetByAsk
2025-12-30 10:45:42,2025-12-30T10:45:42,61.03,1.0,SetByAsk
2025-12-30 10:45:42,2025-12-30T10:45:42,61.03,2.0,SetByAsk
2025-12-30 10:45:42,2025-12-30T10:45:42,61.03,1.0,SetByAsk
2025-12-30 10:45:42,2025-12-30T10:45:42,61.03,1.0,SetByAsk
2025-12-30 10:45:42,2025-12-30T10:45:42,61.03,1.0,SetByAsk
2025-12-30 10:45:42,2025-12-30T10:45:42,61.03,1.0,SetByAsk
2025-12-30 10:45:42,2025-12-30T10:45:42,61.03,1.0,SetByAsk
2025-12-30 10:45:42,2025-12-30T10:45:42,61.03,1.0,SetByAsk
2025-12-30 10:45:42,2025-12-30T10:45:42,61.03,1.0,SetByAsk
2025-12-30 10:45:42,2025-12-30T10:45:42,61.03,1.0,SetByAsk
2025-12-30 10:45:42,2025-12-30T10:45:42,61.03,1.0,SetByAsk
2025-12-30 10:45:42,2025-12-30T10:45:42,61.03,1.0,SetByAsk
2025-12-30 10:45:42,2025-12-30T10:45:42,61.03,2.0,SetByAsk
2025-12-30 10:45:42,2025-12-30T10:45:42,61.03,1.0,SetByAsk
2025-12-30 10:45:42,2025-12-30T10:45:42,61.03,1.0,SetByAsk
2025-12-30 10:45:42,2025-12-30T10:45:42,61.03,1.0,SetByAsk
2025-12-30 10:45:42,2025-12-30T10:45:42,61.03,1.0,SetByAsk
2025-12-30 10:45:42,2025-12-30T10:45:42,61.03,1.0,SetByAsk
2025-12-30 10:45:42,2025-12-30T10:45:42,61.03,2.0,SetByAsk
2025-12-30 10:45:42,2025-12-30T10:45:42,61.03,1.0,SetByAsk
2025-12-30 10:45:42,2025-12-30T10:45:42,61.03,1.0,SetByAsk
2025-12-30 10:45:42,2025-12-30T10:45:42,61.03,1.0,SetByBid
2025-12-30 10:45:42,2025-12-30T10:45:42,61.03,1.0,SetByAsk
2025-12-30 10:45:42,2025-12-30T10:45:42,61.02,1.0,SetByAsk
2025-12-30 10:47:30,2025-12-30T10:47:30,61.06,1.0,SetByBid
2025-12-30 10:49:22,2025-12-30T10:49:22,61.06,1.0,SetByAsk
2025-12-30 10:50:45,2025-12-30T10:50:45,61.05,1.0,SetByAsk
2025-12-30 10:50:45,2025-12-30T10:50:45,61.04,1.0,SetByAsk
2025-12-30 10:50:45,2025-12-30T10:50:45,61.04,2.0,SetByAsk
2025-12-30 10:50:45,2025-12-30T10:50:45,61.04,1.0,SetByAsk
2025-12-30 10:51:00,2025-12-30T10:51:00,61.03,1.0,SetByAsk
2025-12-30 10:51:00,2025-12-30T10:51:00,61.02,1.0,SetByAsk
2025-12-30 10:51:00,2025-12-30T10:51:00,61.02,1.0,SetByAsk
2025-12-30 10:51:00,2025-12-30T10:51:00,61.02,1.0,SetByAsk
2025-12-30 10:51:00,2025-12-30T10:51:00,61.02,1.0,SetByAsk
2025-12-30 10:51:48,2025-12-30T10:51:48,61.06,1.0,SetByBid
2025-12-30 10:53:29,2025-12-30T10:53:29,61.03,1.0,SetByAsk
2025-12-30 10:53:54,2025-12-30T10:53:54,61.01,1.0,SetByBid
2025-12-30 10:53:54,2025-12-30T10:53:54,61.01,1.0,SetByBid
2025-12-30 10:54:57,2025-12-30T10:54:57,61.04,1.0,SetByAsk
2025-12-30 10:57:25,2025-12-30T10:57:25,61.03,1.0,SetByAsk
2025-12-30 10:57:25,2025-12-30T10:57:25,61.02,2.0,SetByAsk
2025-12-30 10:57:26,2025-12-30T10:57:26,61.02,1.0,SetByAsk
2025-12-30 10:57:28,2025-12-30T10:57:28,61.02,1.0,SetByAsk
2025-12-30 10:57:29,2025-12-30T10:57:29,61.02,1.0,SetByAsk
2025-12-30 10:57:30,2025-12-30T10:57:30,61.02,1.0,SetByAsk
2025-12-30 10:57:35,2025-12-30T10:57:35,61.02,1.0,SetByAsk
2025-12-30 10:57:39,2025-12-30T10:57:39,61.02,1.0,SetByAsk
2025-12-30 10:57:39,2025-12-30T10:57:39,61.02,1.0,SetByAsk
2025-12-30 10:58:53,2025-12-30T10:58:53,61.0,1.0,SetByAsk
2025-12-30 10:58:54,2025-12-30T10:58:54,61.0,1.0,SetByAsk
2025-12-30 10:58:57,2025-12-30T10:58:57,61.0,1.0,SetByAsk
2025-12-30 10:59:00,2025-12-30T10:59:00,61.0,1.0,SetByAsk
2025-12-30 10:59:01,2025-12-30T10:59:01,61.0,1.0,SetByAsk
2025-12-30 10:59:09,2025-12-30T10:59:09,61.0,1.0,SetByAsk
2025-12-30 10:59:11,2025-12-30T10:59:11,61.0,1.0,SetByAsk
2025-12-30 10:59:16,2025-12-30T10:59:16,61.0,1.0,SetByAsk
2025-12-30 10:59:23,2025-12-30T10:59:23,61.0,1.0,SetByAsk
2025-12-30 11:00:00,2025-12-30T11:00:00,61.02,1.0,SetByAsk
2025-12-30 11:00:00,2025-12-30T11:00:00,61.02,1.0,SetByAsk
2025-12-30 11:00:00,2025-12-30T11:00:00,61.02,1.0,SetByAsk
2025-12-30 11:00:00,2025-12-30T11:00:00,61.02,1.0,SetByAsk
2025-12-30 11:00:00,2025-12-30T11:00:00,61.02,2.0,SetByAsk
2025-12-30 11:00:00,2025-12-30T11:00:00,61.02,1.0,SetByAsk
2025-12-30 11:00:00,2025-12-30T11:00:00,61.01,1.0,SetByAsk
2025-12-30 11:00:00,2025-12-30T11:00:00,61.01,1.0,SetByAsk
2025-12-30 11:00:00,2025-12-30T11:00:00,61.01,1.0,SetByBid
2025-12-30 11:00:11,2025-12-30T11:00:11,61.01,1.0,SetByAsk
2025-12-30 11:00:11,2025-12-30T11:00:11,61.01,1.0,SetByAsk
2025-12-30 11:00:59,2025-12-30T11:00:59,61.01,1.0,SetByBid
2025-12-30 11:01:03,2025-12-30T11:01:03,61.0,2.0,SetByAsk
2025-12-30 11:01:03,2025-12-30T11:01:03,61.0,1.0,SetByAsk
2025-12-30 11:01:03,2025-12-30T11:01:03,61.0,1.0,SetByAsk
2025-12-30 11:01:03,2025-12-30T11:01:03,61.0,1.0,SetByAsk
2025-12-30 11:01:34,2025-12-30T11:01:34,61.0,2.0,SetByBid
2025-12-30 11:01:34,2025-12-30T11:01:34,61.0,1.0,SetByBid
2025-12-30 11:01:34,2025-12-30T11:01:34,61.0,1.0,SetByBid
2025-12-30 11:01:34,2025-12-30T11:01:34,61.0,1.0,SetByBid
2025-12-30 11:01:34,2025-12-30T11:01:34,61.0,1.0,SetByBid
2025-12-30 11:01:34,2025-12-30T11:01:34,61.0,1.0,SetByBid
2025-12-30 11:01:34,2025-12-30T11:01:34,61.0,1.0,SetByBid
2025-12-30 11:01:47,2025-12-30T11:01:47,60.98,1.0,SetByAsk
2025-12-30 11:08:16,2025-12-30T11:08:16,61.03,1.0,SetByAsk
2025-12-30 11:08:23,2025-12-30T11:08:23,61.03,1.0,SetByAsk
2025-12-30 11:08:28,2025-12-30T11:08:28,61.02,1.0,SetByAsk
2025-12-30 11:09:25,2025-12-30T11:09:25,61.03,1.0,SetByAsk
2025-12-30 11:09:33,2025-12-30T11:09:33,61.03,1.0,SetByAsk
2025-12-30 11:09:38,2025-12-30T11:09:38,61.03,1.0,SetByAsk
2025-12-30 11:09:42,2025-12-30T11:09:42,61.03,1.0,SetByAsk
2025-12-30 11:09:44,2025-12-30T11:09:44,61.03,1.0,SetByAsk
2025-12-30 11:10:39,2025-12-30T11:10:39,61.04,1.0,SetByBid
2025-12-30 11:10:39,2025-12-30T11:10:39,61.04,1.0,SetByAsk
2025-12-30 11:10:39,2025-12-30T11:10:39,61.04,1.0,SetByAsk
2025-12-30 11:10:43,2025-12-30T11:10:43,61.04,1.0,SetByAsk
2025-12-30 11:10:55,2025-12-30T11:10:55,61.03,1.0,SetByAsk
2025-12-30 11:10:57,2025-12-30T11:10:57,61.02,1.0,SetByAsk
2025-12-30 11:10:59,2025-12-30T11:10:59,61.02,1.0,SetByAsk
2025-12-30 11:11:02,2025-12-30T11:11:02,61.02,1.0,SetByAsk
2025-12-30 11:11:02,2025-12-30T11:11:02,61.02,1.0,SetByAsk
2025-12-30 11:11:02,2025-12-30T11:11:02,61.02,1.0,SetByAsk
2025-12-30 11:11:03,2025-12-30T11:11:03,61.02,1.0,SetByAsk
2025-12-30 11:11:06,2025-12-30T11:11:06,61.02,1.0,SetByAsk
2025-12-30 11:11:13,2025-12-30T11:11:13,61.02,1.0,SetByAsk
2025-12-30 11:11:25,2025-12-30T11:11:25,61.02,1.0,SetByAsk
2025-12-30 11:11:39,2025-12-30T11:11:39,61.02,1.0,SetByAsk
2025-12-30 11:11:57,2025-12-30T11:11:57,61.02,1.0,SetByAsk
2025-12-30 11:12:07,2025-12-30T11:12:07,61.03,1.0,SetByAsk
2025-12-30 11:12:09,2025-12-30T11:12:09,61.02,1.0,SetByAsk
2025-12-30 11:12:11,2025-12-30T11:12:11,61.02,1.0,SetByAsk
2025-12-30 11:12:28,2025-12-30T11:12:28,61.01,1.0,SetByAsk
2025-12-30 11:12:28,2025-12-30T11:12:28,61.01,1.0,SetByAsk
2025-12-30 11:12:36,2025-12-30T11:12:36,61.01,1.0,SetByAsk
2025-12-30 11:12:39,2025-12-30T11:12:39,61.01,1.0,SetByBid
2025-12-30 11:12:39,2025-12-30T11:12:39,61.02,2.0,SetByBid
2025-12-30 11:12:39,2025-12-30T11:12:39,61.02,3.0,SetByBid
2025-12-30 11:12:39,2025-12-30T11:12:39,61.02,1.0,SetByAsk
2025-12-30 11:12:39,2025-12-30T11:12:39,61.03,1.0,SetByBid
2025-12-30 11:12:39,2025-12-30T11:12:39,61.03,1.0,SetByBid
2025-12-30 11:12:39,2025-12-30T11:12:39,61.03,1.0,SetByBid
2025-12-30 11:12:39,2025-12-30T11:12:39,61.03,1.0,SetByAsk
2025-12-30 11:12:39,2025-12-30T11:12:39,61.04,1.0,SetByBid
2025-12-30 11:12:39,2025-12-30T11:12:39,61.04,1.0,SetByBid
2025-12-30 11:12:39,2025-12-30T11:12:39,61.04,1.0,SetByBid
2025-12-30 11:12:39,2025-12-30T11:12:39,61.04,1.0,SetByBid
2025-12-30 11:12:39,2025-12-30T11:12:39,61.04,1.0,SetByBid
2025-12-30 11:12:39,2025-12-30T11:12:39,61.04,1.0,SetByBid
2025-12-30 11:12:55,2025-12-30T11:12:55,61.06,1.0,SetByBid
2025-12-30 11:13:32,2025-12-30T11:13:32,61.05,1.0,SetByAsk
2025-12-30 11:14:15,2025-12-30T11:14:15,61.06,1.0,SetByBid
2025-12-30 11:14:19,2025-12-30T11:14:19,61.06,1.0,SetByBid
2025-12-30 11:14:21,2025-12-30T11:14:21,61.06,1.0,SetByBid
2025-12-30 11:14:24,2025-12-30T11:14:24,61.06,1.0,SetByBid
2025-12-30 11:14:26,2025-12-30T11:14:26,61.06,1.0,SetByBid
2025-12-30 11:14:28,2025-12-30T11:14:28,61.06,1.0,SetByBid
2025-12-30 11:14:32,2025-12-30T11:14:32,61.06,1.0,SetByBid
2025-12-30 11:14:51,2025-12-30T11:14:51,61.06,1.0,SetByAsk
2025-12-30 11:15:27,2025-12-30T11:15:27,61.07,1.0,SetByAsk
2025-12-30 11:15:27,2025-12-30T11:15:27,61.07,1.0,SetByAsk
2025-12-30 11:15:35,2025-12-30T11:15:35,61.07,1.0,SetByBid
2025-12-30 11:15:59,2025-12-30T11:15:59,61.09,1.0,SetByBid
2025-12-30 11:16:02,2025-12-30T11:16:02,61.09,1.0,SetByBid
2025-12-30 11:16:03,2025-12-30T11:16:03,61.09,1.0,SetByBid
2025-12-30 11:16:06,2025-12-30T11:16:06,61.09,1.0,SetByBid
2025-12-30 11:16:08,2025-12-30T11:16:08,61.09,1.0,SetByBid
2025-12-30 11:16:10,2025-12-30T11:16:10,61.08,1.0,SetByAsk
2025-12-30 11:17:01,2025-12-30T11:17:01,61.07,1.0,SetByAsk
2025-12-30 11:17:01,2025-12-30T11:17:01,61.07,1.0,SetByBid
2025-12-30 11:17:32,2025-12-30T11:17:32,61.06,1.0,SetByAsk
2025-12-30 11:17:34,2025-12-30T11:17:34,61.06,1.0,SetByAsk
2025-12-30 11:17:39,2025-12-30T11:17:39,61.07,1.0,SetByBid
2025-12-30 11:17:39,2025-12-30T11:17:39,61.07,1.0,SetByBid
2025-12-30 11:17:39,2025-12-30T11:17:39,61.07,1.0,SetByAsk
2025-12-30 11:17:39,2025-12-30T11:17:39,61.07,1.0,SetByAsk
2025-12-30 11:17:39,2025-12-30T11:17:39,61.07,1.0,SetByAsk
2025-12-30 11:17:39,2025-12-30T11:17:39,61.07,1.0,SetByBid
2025-12-30 11:17:40,2025-12-30T11:17:40,61.07,1.0,SetByAsk
2025-12-30 11:17:41,2025-12-30T11:17:41,61.07,1.0,SetByAsk
2025-12-30 11:17:41,2025-12-30T11:17:41,61.06,2.0,SetByBid
2025-12-30 11:17:41,2025-12-30T11:17:41,61.06,1.0,SetByBid
2025-12-30 11:17:43,2025-12-30T11:17:43,61.06,1.0,SetByAsk
2025-12-30 11:17:52,2025-12-30T11:17:52,61.05,1.0,SetByAsk
2025-12-30 11:17:52,2025-12-30T11:17:52,61.05,1.0,SetByBid
2025-12-30 11:17:52,2025-12-30T11:17:52,61.05,1.0,SetByAsk
2025-12-30 11:17:52,2025-12-30T11:17:52,61.05,1.0,SetByAsk
2025-12-30 11:17:52,2025-12-30T11:17:52,61.05,1.0,SetByAsk
2025-12-30 11:17:52,2025-12-30T11:17:52,61.05,1.0,SetByBid
2025-12-30 11:18:05,2025-12-30T11:18:05,61.04,1.0,SetByAsk
2025-12-30 11:18:05,2025-12-30T11:18:05,61.04,1.0,SetByAsk
2025-12-30 11:18:05,2025-12-30T11:18:05,61.04,1.0,SetByAsk
2025-12-30 11:19:15,2025-12-30T11:19:15,61.05,1.0,SetByBid
2025-12-30 11:19:15,2025-12-30T11:19:15,61.05,1.0,SetByAsk
2025-12-30 11:19:15,2025-12-30T11:19:15,61.06,1.0,SetByAsk
2025-12-30 11:19:30,2025-12-30T11:19:30,61.06,1.0,SetByAsk
2025-12-30 11:19:41,2025-12-30T11:19:41,61.06,1.0,SetByAsk
2025-12-30 11:19:58,2025-12-30T11:19:58,61.05,1.0,SetByAsk
2025-12-30 11:20:19,2025-12-30T11:20:19,61.06,1.0,SetByBid
2025-12-30 11:20:22,2025-12-30T11:20:22,61.06,1.0,SetByBid
2025-12-30 11:20:25,2025-12-30T11:20:25,61.07,1.0,SetByBid
2025-12-30 11:20:27,2025-12-30T11:20:27,61.07,1.0,SetByBid
2025-12-30 11:20:29,2025-12-30T11:20:29,61.07,1.0,SetByBid
2025-12-30 11:20:32,2025-12-30T11:20:32,61.06,1.0,SetByAsk
2025-12-30 11:20:32,2025-12-30T11:20:32,61.06,1.0,SetByBid
2025-12-30 11:20:33,2025-12-30T11:20:33,61.07,1.0,SetByBid
2025-12-30 11:20:34,2025-12-30T11:20:34,61.07,1.0,SetByAsk
2025-12-30 11:20:36,2025-12-30T11:20:36,61.07,1.0,SetByAsk
2025-12-30 11:20:38,2025-12-30T11:20:38,61.07,1.0,SetByAsk
2025-12-30 11:21:00,2025-12-30T11:21:00,61.07,1.0,SetByBid
2025-12-30 11:21:00,2025-12-30T11:21:00,61.07,1.0,SetByAsk
2025-12-30 11:21:00,2025-12-30T11:21:00,61.08,1.0,SetByAsk
2025-12-30 11:21:00,2025-12-30T11:21:00,61.07,1.0,SetByAsk
2025-12-30 11:21:00,2025-12-30T11:21:00,61.08,1.0,SetByAsk
2025-12-30 11:21:00,2025-12-30T11:21:00,61.08,1.0,SetByAsk
2025-12-30 11:21:00,2025-12-30T11:21:00,61.08,1.0,SetByBid
2025-12-30 11:21:00,2025-12-30T11:21:00,61.08,1.0,SetByBid
2025-12-30 11:21:00,2025-12-30T11:21:00,61.08,1.0,SetByAsk
2025-12-30 11:21:00,2025-12-30T11:21:00,61.08,1.0,SetByAsk
2025-12-30 11:21:00,2025-12-30T11:21:00,61.08,1.0,SetByAsk
2025-12-30 11:21:00,2025-12-30T11:21:00,61.08,1.0,SetByAsk
2025-12-30 11:21:02,2025-12-30T11:21:02,61.09,1.0,SetByAsk
2025-12-30 11:21:03,2025-12-30T11:21:03,61.09,1.0,SetByAsk
2025-12-30 11:21:21,2025-12-30T11:21:21,61.1,1.0,SetByBid
2025-12-30 11:21:34,2025-12-30T11:21:34,61.11,1.0,SetByBid
2025-12-30 11:21:50,2025-12-30T11:21:50,61.11,1.0,SetByAsk
2025-12-30 11:21:53,2025-12-30T11:21:53,61.11,1.0,SetByAsk
2025-12-30 11:22:02,2025-12-30T11:22:02,61.11,1.0,SetByAsk
2025-12-30 11:22:05,2025-12-30T11:22:05,61.11,1.0,SetByAsk
2025-12-30 11:22:17,2025-12-30T11:22:17,61.12,1.0,SetByBid
2025-12-30 11:22:23,2025-12-30T11:22:23,61.13,1.0,SetByAsk
2025-12-30 11:22:28,2025-12-30T11:22:28,61.12,1.0,SetByAsk
2025-12-30 11:22:28,2025-12-30T11:22:28,61.12,1.0,SetByBid
2025-12-30 11:22:34,2025-12-30T11:22:34,61.12,1.0,SetByAsk
2025-12-30 11:22:36,2025-12-30T11:22:36,61.12,1.0,SetByAsk
2025-12-30 11:22:44,2025-12-30T11:22:44,61.11,1.0,SetByAsk
2025-12-30 11:22:45,2025-12-30T11:22:45,61.11,1.0,SetByAsk
2025-12-30 11:22:45,2025-12-30T11:22:45,61.1,1.0,SetByBid
2025-12-30 11:22:45,2025-12-30T11:22:45,61.1,1.0,SetByAsk
2025-12-30 11:22:45,2025-12-30T11:22:45,61.1,1.0,SetByAsk
2025-12-30 11:22:47,2025-12-30T11:22:47,61.1,1.0,SetByAsk
2025-12-30 11:22:48,2025-12-30T11:22:48,61.1,1.0,SetByAsk
2025-12-30 11:22:48,2025-12-30T11:22:48,61.1,1.0,SetByAsk
2025-12-30 11:22:48,2025-12-30T11:22:48,61.1,1.0,SetByAsk
2025-12-30 11:22:52,2025-12-30T11:22:52,61.09,1.0,SetByBid
2025-12-30 11:22:52,2025-12-30T11:22:52,61.09,1.0,SetByBid
2025-12-30 11:22:55,2025-12-30T11:22:55,61.09,1.0,SetByAsk
2025-12-30 11:22:55,2025-12-30T11:22:55,61.09,1.0,SetByAsk
2025-12-30 11:23:28,2025-12-30T11:23:28,61.1,1.0,SetByBid
2025-12-30 11:23:28,2025-12-30T11:23:28,61.1,1.0,SetByBid
2025-12-30 11:23:28,2025-12-30T11:23:28,61.1,1.0,SetByAsk
2025-12-30 11:23:41,2025-12-30T11:23:41,61.1,1.0,SetByBid
2025-12-30 11:24:00,2025-12-30T11:24:00,61.12,1.0,SetByAsk
2025-12-30 11:24:07,2025-12-30T11:24:07,61.11,1.0,SetByAsk
2025-12-30 11:24:07,2025-12-30T11:24:07,61.11,1.0,SetByAsk
2025-12-30 11:24:07,2025-12-30T11:24:07,61.11,2.0,SetByAsk
2025-12-30 11:24:15,2025-12-30T11:24:15,61.11,1.0,SetByAsk
2025-12-30 11:24:23,2025-12-30T11:24:23,61.1,1.0,SetByAsk
2025-12-30 11:24:57,2025-12-30T11:24:57,61.1,1.0,SetByBid
2025-12-30 11:25:02,2025-12-30T11:25:02,61.1,1.0,SetByBid
2025-12-30 11:25:02,2025-12-30T11:25:02,61.1,1.0,SetByBid
2025-12-30 11:25:02,2025-12-30T11:25:02,61.11,1.0,SetByBid
2025-12-30 11:28:06,2025-12-30T11:28:06,61.1,2.0,SetByAsk
2025-12-30 11:30:10,2025-12-30T11:30:10,61.06,1.0,SetByBid
2025-12-30 11:30:48,2025-12-30T11:30:48,61.08,1.0,SetByBid
2025-12-30 11:30:48,2025-12-30T11:30:48,61.08,1.0,SetByAsk
2025-12-30 11:30:48,2025-12-30T11:30:48,61.06,1.0,SetByBid
2025-12-30 11:33:17,2025-12-30T11:33:17,61.09,1.0,SetByBid
2025-12-30 11:33:17,2025-12-30T11:33:17,61.09,1.0,SetByBid
2025-12-30 11:33:17,2025-12-30T11:33:17,61.11,1.0,SetByAsk
2025-12-30 11:33:18,2025-12-30T11:33:18,61.11,1.0,SetByAsk
2025-12-30 11:33:23,2025-12-30T11:33:23,61.11,1.0,SetByAsk
2025-12-30 11:33:28,2025-12-30T11:33:28,61.12,1.0,SetByBid
2025-12-30 11:33:28,2025-12-30T11:33:28,61.12,1.0,SetByBid
2025-12-30 11:33:29,2025-12-30T11:33:29,61.11,1.0,SetByAsk
2025-12-30 11:33:31,2025-12-30T11:33:31,61.11,1.0,SetByAsk
2025-12-30 11:33:53,2025-12-30T11:33:53,61.12,1.0,SetByBid
2025-12-30 11:33:53,2025-12-30T11:33:53,61.12,1.0,SetByBid
2025-12-30 11:33:53,2025-12-30T11:33:53,61.11,1.0,SetByAsk
2025-12-30 11:34:00,2025-12-30T11:34:00,61.12,1.0,SetByAsk
2025-12-30 11:34:01,2025-12-30T11:34:01,61.12,1.0,SetByAsk
2025-12-30 11:34:02,2025-12-30T11:34:02,61.12,1.0,SetByAsk
2025-12-30 11:34:06,2025-12-30T11:34:06,61.12,1.0,SetByAsk
2025-12-30 11:34:17,2025-12-30T11:34:17,61.12,1.0,SetByAsk
2025-12-30 11:34:37,2025-12-30T11:34:37,61.12,1.0,SetByAsk
2025-12-30 11:34:39,2025-12-30T11:34:39,61.12,1.0,SetByAsk
2025-12-30 11:34:50,2025-12-30T11:34:50,61.12,1.0,SetByAsk
2025-12-30 11:35:54,2025-12-30T11:35:54,61.12,1.0,SetByAsk
2025-12-30 11:37:24,2025-12-30T11:37:24,61.11,1.0,SetByAsk
2025-12-30 11:37:40,2025-12-30T11:37:40,61.1,1.0,SetByBid
2025-12-30 11:37:40,2025-12-30T11:37:40,61.1,1.0,SetByBid
2025-12-30 11:37:41,2025-12-30T11:37:41,61.1,1.0,SetByBid
2025-12-30 11:37:48,2025-12-30T11:37:48,61.11,2.0,SetByAsk
2025-12-30 11:38:20,2025-12-30T11:38:20,61.13,1.0,SetByBid
2025-12-30 11:38:20,2025-12-30T11:38:20,61.12,1.0,SetByAsk
2025-12-30 11:38:23,2025-12-30T11:38:23,61.12,2.0,SetByAsk
2025-12-30 11:38:23,2025-12-30T11:38:23,61.12,1.0,SetByAsk
2025-12-30 11:38:50,2025-12-30T11:38:50,61.12,2.0,SetByBid
2025-12-30 11:38:50,2025-12-30T11:38:50,61.12,1.0,SetByBid
2025-12-30 11:38:50,2025-12-30T11:38:50,61.12,1.0,SetByAsk
2025-12-30 11:38:50,2025-12-30T11:38:50,61.12,2.0,SetByAsk
2025-12-30 11:38:50,2025-12-30T11:38:50,61.12,5.0,SetByAsk
2025-12-30 11:38:50,2025-12-30T11:38:50,61.12,1.0,SetByAsk
2025-12-30 11:38:56,2025-12-30T11:38:56,61.12,1.0,SetByAsk
2025-12-30 11:38:58,2025-12-30T11:38:58,61.12,1.0,SetByAsk
2025-12-30 11:39:31,2025-12-30T11:39:31,61.14,1.0,SetByAsk
2025-12-30 11:39:38,2025-12-30T11:39:38,61.14,1.0,SetByAsk
2025-12-30 11:40:16,2025-12-30T11:40:16,61.13,1.0,SetByAsk
2025-12-30 11:41:55,2025-12-30T11:41:55,61.13,1.0,SetByBid
2025-12-30 11:41:55,2025-12-30T11:41:55,61.14,1.0,SetByAsk
2025-12-30 11:42:43,2025-12-30T11:42:43,61.14,1.0,SetByBid
2025-12-30 11:42:43,2025-12-30T11:42:43,61.14,1.0,SetByBid
2025-12-30 11:43:00,2025-12-30T11:43:00,61.15,1.0,SetByAsk
2025-12-30 11:43:02,2025-12-30T11:43:02,61.15,1.0,SetByAsk
2025-12-30 11:43:05,2025-12-30T11:43:05,61.15,1.0,SetByAsk
2025-12-30 11:43:44,2025-12-30T11:43:44,61.15,1.0,SetByAsk
2025-12-30 11:43:52,2025-12-30T11:43:52,61.13,1.0,SetByAsk
2025-12-30 11:43:52,2025-12-30T11:43:52,61.13,1.0,SetByAsk
2025-12-30 11:44:00,2025-12-30T11:44:00,61.13,1.0,SetByAsk
2025-12-30 11:45:50,2025-12-30T11:45:50,61.13,1.0,SetByBid
2025-12-30 11:45:51,2025-12-30T11:45:51,61.12,1.0,SetByAsk
2025-12-30 11:46:01,2025-12-30T11:46:01,61.11,1.0,SetByAsk
2025-12-30 11:46:01,2025-12-30T11:46:01,61.1,1.0,SetByAsk
2025-12-30 11:46:01,2025-12-30T11:46:01,61.1,1.0,SetByAsk
2025-12-30 11:46:03,2025-12-30T11:46:03,61.1,1.0,SetByAsk
2025-12-30 11:46:46,2025-12-30T11:46:46,61.11,1.0,SetByBid
2025-12-30 11:46:49,2025-12-30T11:46:49,61.11,1.0,SetByBid
2025-12-30 11:46:53,2025-12-30T11:46:53,61.11,1.0,SetByBid
2025-12-30 11:46:56,2025-12-30T11:46:56,61.11,1.0,SetByBid
2025-12-30 11:47:00,2025-12-30T11:47:00,61.12,1.0,SetByBid
2025-12-30 11:47:04,2025-12-30T11:47:04,61.12,1.0,SetByBid
2025-12-30 11:47:08,2025-12-30T11:47:08,61.12,1.0,SetByBid
2025-12-30 11:47:11,2025-12-30T11:47:11,61.12,1.0,SetByBid
2025-12-30 11:47:13,2025-12-30T11:47:13,61.12,1.0,SetByBid
2025-12-30 11:47:15,2025-12-30T11:47:15,61.12,1.0,SetByBid
2025-12-30 11:47:20,2025-12-30T11:47:20,61.12,1.0,SetByBid
2025-12-30 11:47:21,2025-12-30T11:47:21,61.12,1.0,SetByBid
2025-12-30 11:47:25,2025-12-30T11:47:25,61.11,1.0,SetByAsk
2025-12-30 11:47:27,2025-12-30T11:47:27,61.1,1.0,SetByAsk
2025-12-30 11:47:28,2025-12-30T11:47:28,61.1,1.0,SetByAsk
2025-12-30 11:47:29,2025-12-30T11:47:29,61.1,1.0,SetByAsk
2025-12-30 11:47:31,2025-12-30T11:47:31,61.1,1.0,SetByAsk
2025-12-30 11:47:33,2025-12-30T11:47:33,61.09,1.0,SetByAsk
2025-12-30 11:47:53,2025-12-30T11:47:53,61.09,1.0,SetByAsk
2025-12-30 11:47:53,2025-12-30T11:47:53,61.09,1.0,SetByBid
2025-12-30 11:47:53,2025-12-30T11:47:53,61.09,1.0,SetByBid
2025-12-30 11:47:53,2025-12-30T11:47:53,61.09,1.0,SetByAsk
2025-12-30 11:47:55,2025-12-30T11:47:55,61.09,1.0,SetByAsk
2025-12-30 11:47:58,2025-12-30T11:47:58,61.09,1.0,SetByAsk
2025-12-30 11:47:59,2025-12-30T11:47:59,61.08,1.0,SetByAsk
2025-12-30 11:48:10,2025-12-30T11:48:10,61.08,1.0,SetByBid
2025-12-30 11:48:10,2025-12-30T11:48:10,61.08,1.0,SetByAsk
2025-12-30 11:48:10,2025-12-30T11:48:10,61.08,1.0,SetByAsk
2025-12-30 11:48:10,2025-12-30T11:48:10,61.08,1.0,SetByAsk
2025-12-30 11:48:10,2025-12-30T11:48:10,61.08,1.0,SetByAsk
2025-12-30 11:48:18,2025-12-30T11:48:18,61.09,1.0,SetByAsk
2025-12-30 11:49:03,2025-12-30T11:49:03,61.1,1.0,SetByAsk
2025-12-30 11:49:03,2025-12-30T11:49:03,61.1,1.0,SetByAsk
2025-12-30 11:49:33,2025-12-30T11:49:33,61.1,1.0,SetByBid
2025-12-30 11:49:35,2025-12-30T11:49:35,61.09,1.0,SetByAsk
2025-12-30 11:49:38,2025-12-30T11:49:38,61.11,1.0,SetByBid
2025-12-30 11:49:38,2025-12-30T11:49:38,61.11,2.0,SetByBid
2025-12-30 11:49:45,2025-12-30T11:49:45,61.11,1.0,SetByAsk
2025-12-30 11:49:45,2025-12-30T11:49:45,61.11,1.0,SetByAsk
2025-12-30 11:49:48,2025-12-30T11:49:48,61.11,1.0,SetByAsk
2025-12-30 11:49:49,2025-12-30T11:49:49,61.11,1.0,SetByAsk
2025-12-30 11:50:02,2025-12-30T11:50:02,61.1,1.0,SetByAsk
2025-12-30 11:50:02,2025-12-30T11:50:02,61.1,1.0,SetByBid
2025-12-30 11:50:04,2025-12-30T11:50:04,61.1,1.0,SetByAsk
2025-12-30 11:50:06,2025-12-30T11:50:06,61.1,1.0,SetByAsk
2025-12-30 11:50:06,2025-12-30T11:50:06,61.1,1.0,SetByAsk
2025-12-30 11:50:11,2025-12-30T11:50:11,61.1,1.0,SetByAsk
2025-12-30 11:50:15,2025-12-30T11:50:15,61.11,1.0,SetByBid
2025-12-30 11:50:15,2025-12-30T11:50:15,61.11,1.0,SetByBid
2025-12-30 11:50:15,2025-12-30T11:50:15,61.11,1.0,SetByBid
2025-12-30 11:50:15,2025-12-30T11:50:15,61.11,2.0,SetByBid
2025-12-30 11:50:15,2025-12-30T11:50:15,61.11,2.0,SetByBid
2025-12-30 11:50:15,2025-12-30T11:50:15,61.11,1.0,SetByBid
2025-12-30 11:50:15,2025-12-30T11:50:15,61.11,1.0,SetByBid
2025-12-30 11:50:16,2025-12-30T11:50:16,61.11,1.0,SetByAsk
2025-12-30 11:50:19,2025-12-30T11:50:19,61.11,1.0,SetByBid
2025-12-30 11:50:26,2025-12-30T11:50:26,61.12,1.0,SetByAsk
2025-12-30 11:50:56,2025-12-30T11:50:56,61.11,1.0,SetByAsk
2025-12-30 11:51:22,2025-12-30T11:51:22,61.1,1.0,SetByAsk
2025-12-30 11:52:01,2025-12-30T11:52:01,61.09,1.0,SetByAsk
2025-12-30 11:52:02,2025-12-30T11:52:02,61.09,1.0,SetByAsk
2025-12-30 11:52:28,2025-12-30T11:52:28,61.1,1.0,SetByAsk
2025-12-30 11:53:04,2025-12-30T11:53:04,61.09,1.0,SetByBid
2025-12-30 11:53:06,2025-12-30T11:53:06,61.1,1.0,SetByAsk
2025-12-30 11:53:08,2025-12-30T11:53:08,61.1,1.0,SetByAsk
2025-12-30 11:53:40,2025-12-30T11:53:40,61.11,1.0,SetByAsk
2025-12-30 11:53:48,2025-12-30T11:53:48,61.11,1.0,SetByAsk
2025-12-30 11:53:55,2025-12-30T11:53:55,61.11,1.0,SetByAsk
2025-12-30 11:54:21,2025-12-30T11:54:21,61.11,1.0,SetByAsk
2025-12-30 11:54:33,2025-12-30T11:54:33,61.1,1.0,SetByAsk
2025-12-30 11:54:41,2025-12-30T11:54:41,61.11,1.0,SetByAsk
2025-12-30 11:54:44,2025-12-30T11:54:44,61.13,1.0,SetByBid
2025-12-30 11:54:44,2025-12-30T11:54:44,61.13,1.0,SetByBid
2025-12-30 11:54:44,2025-12-30T11:54:44,61.13,1.0,SetByBid
2025-12-30 11:54:44,2025-12-30T11:54:44,61.13,1.0,SetByAsk
2025-12-30 11:54:44,2025-12-30T11:54:44,61.13,1.0,SetByAsk
2025-12-30 11:54:51,2025-12-30T11:54:51,61.13,1.0,SetByAsk
2025-12-30 11:54:55,2025-12-30T11:54:55,61.12,1.0,SetByAsk
2025-12-30 11:55:12,2025-12-30T11:55:12,61.11,1.0,SetByAsk
2025-12-30 11:55:27,2025-12-30T11:55:27,61.11,1.0,SetByAsk
2025-12-30 11:55:30,2025-12-30T11:55:30,61.11,1.0,SetByAsk
2025-12-30 11:55:42,2025-12-30T11:55:42,61.11,1.0,SetByAsk
2025-12-30 11:55:46,2025-12-30T11:55:46,61.11,1.0,SetByAsk
2025-12-30 11:56:00,2025-12-30T11:56:00,61.09,1.0,SetByAsk
2025-12-30 11:56:00,2025-12-30T11:56:00,61.08,1.0,SetByBid
2025-12-30 11:56:00,2025-12-30T11:56:00,61.08,1.0,SetByBid
2025-12-30 11:56:00,2025-12-30T11:56:00,61.08,2.0,SetByBid
2025-12-30 11:56:00,2025-12-30T11:56:00,61.08,1.0,SetByBid
2025-12-30 11:56:00,2025-12-30T11:56:00,61.08,1.0,SetByBid
2025-12-30 11:56:09,2025-12-30T11:56:09,61.08,1.0,SetByAsk
2025-12-30 11:56:19,2025-12-30T11:56:19,61.08,1.0,SetByBid
2025-12-30 11:56:30,2025-12-30T11:56:30,61.08,1.0,SetByAsk
2025-12-30 11:56:41,2025-12-30T11:56:41,61.08,1.0,SetByAsk
2025-12-30 11:56:46,2025-12-30T11:56:46,61.08,1.0,SetByBid
2025-12-30 11:56:46,2025-12-30T11:56:46,61.09,2.0,SetByBid
2025-12-30 11:56:46,2025-12-30T11:56:46,61.09,1.0,SetByBid
2025-12-30 11:56:46,2025-12-30T11:56:46,61.09,1.0,SetByBid
2025-12-30 11:56:46,2025-12-30T11:56:46,61.09,1.0,SetByBid
2025-12-30 11:56:46,2025-12-30T11:56:46,61.09,3.0,SetByBid
2025-12-30 11:56:46,2025-12-30T11:56:46,61.09,1.0,SetByBid
2025-12-30 11:56:46,2025-12-30T11:56:46,61.09,1.0,SetByBid
2025-12-30 11:56:48,2025-12-30T11:56:48,61.1,1.0,SetByBid
2025-12-30 11:56:48,2025-12-30T11:56:48,61.1,1.0,SetByBid
2025-12-30 11:56:48,2025-12-30T11:56:48,61.1,2.0,SetByBid
2025-12-30 11:56:48,2025-12-30T11:56:48,61.1,1.0,SetByBid
2025-12-30 11:56:48,2025-12-30T11:56:48,61.1,1.0,SetByBid
2025-12-30 11:56:59,2025-12-30T11:56:59,61.11,1.0,SetByAsk
2025-12-30 11:57:00,2025-12-30T11:57:00,61.1,1.0,SetByAsk
2025-12-30 11:57:18,2025-12-30T11:57:18,61.1,1.0,SetByBid
2025-12-30 11:57:18,2025-12-30T11:57:18,61.11,1.0,SetByAsk
2025-12-30 11:57:29,2025-12-30T11:57:29,61.11,1.0,SetByAsk
2025-12-30 11:57:47,2025-12-30T11:57:47,61.12,1.0,SetByBid
2025-12-30 11:57:47,2025-12-30T11:57:47,61.12,1.0,SetByBid
2025-12-30 11:57:47,2025-12-30T11:57:47,61.12,2.0,SetByBid
2025-12-30 11:57:47,2025-12-30T11:57:47,61.12,1.0,SetByBid
2025-12-30 11:57:47,2025-12-30T11:57:47,61.12,2.0,SetByBid
2025-12-30 11:57:47,2025-12-30T11:57:47,61.12,1.0,SetByBid
2025-12-30 11:57:55,2025-12-30T11:57:55,61.11,1.0,SetByAsk
2025-12-30 11:57:55,2025-12-30T11:57:55,61.11,1.0,SetByAsk
2025-12-30 11:57:57,2025-12-30T11:57:57,61.11,1.0,SetByBid
2025-12-30 11:57:59,2025-12-30T11:57:59,61.11,1.0,SetByAsk
2025-12-30 11:58:10,2025-12-30T11:58:10,61.12,1.0,SetByBid
2025-12-30 11:58:10,2025-12-30T11:58:10,61.12,1.0,SetByBid
2025-12-30 11:58:12,2025-12-30T11:58:12,61.13,1.0,SetByAsk
2025-12-30 11:58:19,2025-12-30T11:58:19,61.13,1.0,SetByAsk
2025-12-30 11:58:19,2025-12-30T11:58:19,61.12,1.0,SetByAsk
2025-12-30 11:58:22,2025-12-30T11:58:22,61.12,1.0,SetByAsk
2025-12-30 11:58:22,2025-12-30T11:58:22,61.12,1.0,SetByAsk
2025-12-30 11:58:22,2025-12-30T11:58:22,61.12,1.0,SetByAsk
2025-12-30 11:58:30,2025-12-30T11:58:30,61.11,1.0,SetByAsk
2025-12-30 11:58:39,2025-12-30T11:58:39,61.12,1.0,SetByAsk
2025-12-30 11:58:42,2025-12-30T11:58:42,61.12,1.0,SetByAsk
2025-12-30 11:58:53,2025-12-30T11:58:53,61.12,1.0,SetByAsk
2025-12-30 11:59:00,2025-12-30T11:59:00,61.11,1.0,SetByAsk
2025-12-30 11:59:04,2025-12-30T11:59:04,61.12,1.0,SetByBid
2025-12-30 11:59:04,2025-12-30T11:59:04,61.12,1.0,SetByBid
2025-12-30 11:59:04,2025-12-30T11:59:04,61.12,1.0,SetByBid
2025-12-30 11:59:04,2025-12-30T11:59:04,61.12,1.0,SetByBid
2025-12-30 11:59:04,2025-12-30T11:59:04,61.12,1.0,SetByAsk
2025-12-30 11:59:13,2025-12-30T11:59:13,61.12,1.0,SetByAsk
2025-12-30 11:59:13,2025-12-30T11:59:13,61.12,1.0,SetByAsk
2025-12-30 11:59:13,2025-12-30T11:59:13,61.12,1.0,SetByAsk
2025-12-30 11:59:13,2025-12-30T11:59:13,61.12,1.0,SetByAsk
2025-12-30 11:59:13,2025-12-30T11:59:13,61.12,1.0,SetByBid
2025-12-30 11:59:15,2025-12-30T11:59:15,61.12,1.0,SetByAsk
2025-12-30 11:59:57,2025-12-30T11:59:57,61.13,1.0,SetByBid
2025-12-30 11:59:57,2025-12-30T11:59:57,61.12,1.0,SetByBid
2025-12-30 11:59:57,2025-12-30T11:59:57,61.12,1.0,SetByBid
2025-12-30 12:00:00,2025-12-30T12:00:00,61.11,1.0,SetByAsk
2025-12-30 12:00:00,2025-12-30T12:00:00,61.11,1.0,SetByAsk
2025-12-30 12:00:00,2025-12-30T12:00:00,61.11,1.0,SetByAsk
2025-12-30 12:00:00,2025-12-30T12:00:00,61.11,2.0,SetByAsk
2025-12-30 12:00:00,2025-12-30T12:00:00,61.11,1.0,SetByAsk
2025-12-30 12:00:00,2025-12-30T12:00:00,61.11,1.0,SetByAsk
2025-12-30 12:00:00,2025-12-30T12:00:00,61.1,1.0,SetByAsk
2025-12-30 12:00:00,2025-12-30T12:00:00,61.1,1.0,SetByBid
2025-12-30 12:00:00,2025-12-30T12:00:00,61.1,1.0,SetByBid
2025-12-30 12:00:00,2025-12-30T12:00:00,61.1,3.0,SetByBid
2025-12-30 12:00:01,2025-12-30T12:00:01,61.1,1.0,SetByAsk
2025-12-30 12:00:03,2025-12-30T12:00:03,61.11,1.0,SetByBid
2025-12-30 12:00:07,2025-12-30T12:00:07,61.11,1.0,SetByBid
2025-12-30 12:00:31,2025-12-30T12:00:31,61.06,2.0,SetByBid
2025-12-30 12:00:31,2025-12-30T12:00:31,61.06,1.0,SetByBid
2025-12-30 12:00:31,2025-12-30T12:00:31,61.06,1.0,SetByBid
2025-12-30 12:00:31,2025-12-30T12:00:31,61.06,1.0,SetByBid
2025-12-30 12:00:44,2025-12-30T12:00:44,61.07,1.0,SetByBid
2025-12-30 12:00:44,2025-12-30T12:00:44,61.07,1.0,SetByBid
2025-12-30 12:00:44,2025-12-30T12:00:44,61.07,1.0,SetByBid
2025-12-30 12:00:46,2025-12-30T12:00:46,61.08,1.0,SetByBid
2025-12-30 12:00:46,2025-12-30T12:00:46,61.08,1.0,SetByBid
2025-12-30 12:01:16,2025-12-30T12:01:16,61.07,1.0,SetByAsk
2025-12-30 12:01:30,2025-12-30T12:01:30,61.09,1.0,SetByBid
2025-12-30 12:01:32,2025-12-30T12:01:32,61.1,1.0,SetByBid
2025-12-30 12:01:32,2025-12-30T12:01:32,61.1,1.0,SetByBid
2025-12-30 12:01:32,2025-12-30T12:01:32,61.1,1.0,SetByBid
2025-12-30 12:01:32,2025-12-30T12:01:32,61.1,3.0,SetByBid
2025-12-30 12:01:32,2025-12-30T12:01:32,61.1,2.0,SetByBid
2025-12-30 12:01:32,2025-12-30T12:01:32,61.1,1.0,SetByBid
2025-12-30 12:01:32,2025-12-30T12:01:32,61.09,2.0,SetByAsk
2025-12-30 12:01:32,2025-12-30T12:01:32,61.09,1.0,SetByAsk
2025-12-30 12:01:41,2025-12-30T12:01:41,61.09,1.0,SetByAsk
2025-12-30 12:02:02,2025-12-30T12:02:02,61.1,2.0,SetByAsk
2025-12-30 12:02:02,2025-12-30T12:02:02,61.1,1.0,SetByAsk
2025-12-30 12:02:02,2025-12-30T12:02:02,61.1,1.0,SetByAsk
2025-12-30 12:02:02,2025-12-30T12:02:02,61.1,1.0,SetByAsk
2025-12-30 12:02:03,2025-12-30T12:02:03,61.11,1.0,SetByBid
2025-12-30 12:02:03,2025-12-30T12:02:03,61.11,1.0,SetByBid
2025-12-30 12:02:03,2025-12-30T12:02:03,61.11,1.0,SetByAsk
2025-12-30 12:02:04,2025-12-30T12:02:04,61.12,2.0,SetByBid
2025-12-30 12:02:04,2025-12-30T12:02:04,61.12,1.0,SetByBid
2025-12-30 12:02:05,2025-12-30T12:02:05,61.13,1.0,SetByBid
2025-12-30 12:02:19,2025-12-30T12:02:19,61.14,1.0,SetByBid
2025-12-30 12:02:30,2025-12-30T12:02:30,61.14,9.0,SetByAsk
2025-12-30 12:02:36,2025-12-30T12:02:36,61.13,1.0,SetByAsk
2025-12-30 12:02:36,2025-12-30T12:02:36,61.13,1.0,SetByAsk
2025-12-30 12:03:22,2025-12-30T12:03:22,61.15,1.0,SetByBid
2025-12-30 12:03:38,2025-12-30T12:03:38,61.14,2.0,SetByAsk
2025-12-30 12:03:38,2025-12-30T12:03:38,61.14,1.0,SetByAsk
2025-12-30 12:03:38,2025-12-30T12:03:38,61.14,1.0,SetByAsk
2025-12-30 12:03:59,2025-12-30T12:03:59,61.11,1.0,SetByAsk
2025-12-30 12:04:12,2025-12-30T12:04:12,61.09,2.0,SetByBid
2025-12-30 12:04:33,2025-12-30T12:04:33,61.1,1.0,SetByBid
2025-12-30 12:04:34,2025-12-30T12:04:34,61.1,1.0,SetByBid
2025-12-30 12:04:35,2025-12-30T12:04:35,61.09,3.0,SetByAsk
2025-12-30 12:06:26,2025-12-30T12:06:26,61.1,1.0,SetByAsk
2025-12-30 12:06:50,2025-12-30T12:06:50,61.11,2.0,SetByAsk
2025-12-30 12:06:50,2025-12-30T12:06:50,61.11,2.0,SetByAsk
2025-12-30 12:06:56,2025-12-30T12:06:56,61.1,2.0,SetByBid
2025-12-30 12:07:18,2025-12-30T12:07:18,61.12,1.0,SetByBid
2025-12-30 12:07:47,2025-12-30T12:07:47,61.13,1.0,SetByAsk
2025-12-30 12:07:51,2025-12-30T12:07:51,61.13,1.0,SetByBid
2025-12-30 12:07:52,2025-12-30T12:07:52,61.13,2.0,SetByBid
2025-12-30 12:08:33,2025-12-30T12:08:33,61.13,2.0,SetByAsk
2025-12-30 12:08:33,2025-12-30T12:08:33,61.13,2.0,SetByAsk
2025-12-30 12:08:36,2025-12-30T12:08:36,61.14,2.0,SetByBid
2025-12-30 12:08:54,2025-12-30T12:08:54,61.15,1.0,SetByAsk
2025-12-30 12:09:18,2025-12-30T12:09:18,61.14,1.0,SetByAsk
2025-12-30 12:09:30,2025-12-30T12:09:30,61.15,2.0,SetByAsk
2025-12-30 12:09:34,2025-12-30T12:09:34,61.16,1.0,SetByBid
2025-12-30 12:09:34,2025-12-30T12:09:34,61.16,1.0,SetByBid
2025-12-30 12:09:34,2025-12-30T12:09:34,61.16,1.0,SetByBid
2025-12-30 12:09:34,2025-12-30T12:09:34,61.16,2.0,SetByBid
2025-12-30 12:09:34,2025-12-30T12:09:34,61.16,1.0,SetByAsk
2025-12-30 12:09:34,2025-12-30T12:09:34,61.16,1.0,SetByAsk
2025-12-30 12:09:53,2025-12-30T12:09:53,61.16,1.0,SetByBid
2025-12-30 12:10:00,2025-12-30T12:10:00,61.17,1.0,SetByBid
2025-12-30 12:10:00,2025-12-30T12:10:00,61.16,1.0,SetByBid
2025-12-30 12:10:11,2025-12-30T12:10:11,61.15,1.0,SetByAsk
2025-12-30 12:10:11,2025-12-30T12:10:11,61.15,1.0,SetByAsk
2025-12-30 12:10:29,2025-12-30T12:10:29,61.16,1.0,SetByBid
2025-12-30 12:10:29,2025-12-30T12:10:29,61.16,1.0,SetByAsk
2025-12-30 12:10:34,2025-12-30T12:10:34,61.15,1.0,SetByAsk
2025-12-30 12:10:34,2025-12-30T12:10:34,61.15,2.0,SetByBid
2025-12-30 12:10:56,2025-12-30T12:10:56,61.15,1.0,SetByBid
2025-12-30 12:10:56,2025-12-30T12:10:56,61.15,1.0,SetByBid
2025-12-30 12:10:58,2025-12-30T12:10:58,61.13,1.0,SetByBid
2025-12-30 12:10:58,2025-12-30T12:10:58,61.13,1.0,SetByBid
2025-12-30 12:10:58,2025-12-30T12:10:58,61.13,1.0,SetByBid
2025-12-30 12:10:58,2025-12-30T12:10:58,61.13,1.0,SetByBid
2025-12-30 12:10:58,2025-12-30T12:10:58,61.13,1.0,SetByBid
2025-12-30 12:10:58,2025-12-30T12:10:58,61.12,1.0,SetByAsk
2025-12-30 12:10:58,2025-12-30T12:10:58,61.12,1.0,SetByAsk
2025-12-30 12:10:58,2025-12-30T12:10:58,61.12,2.0,SetByAsk
2025-12-30 12:10:58,2025-12-30T12:10:58,61.11,1.0,SetByAsk
2025-12-30 12:10:58,2025-12-30T12:10:58,61.11,2.0,SetByBid
2025-12-30 12:10:58,2025-12-30T12:10:58,61.11,1.0,SetByBid
2025-12-30 12:10:58,2025-12-30T12:10:58,61.11,1.0,SetByBid
2025-12-30 12:10:58,2025-12-30T12:10:58,61.11,1.0,SetByBid
2025-12-30 12:11:04,2025-12-30T12:11:04,61.13,1.0,SetByBid
2025-12-30 12:11:04,2025-12-30T12:11:04,61.13,1.0,SetByBid
2025-12-30 12:11:04,2025-12-30T12:11:04,61.13,1.0,SetByAsk
2025-12-30 12:11:04,2025-12-30T12:11:04,61.14,3.0,SetByBid
2025-12-30 12:11:04,2025-12-30T12:11:04,61.14,1.0,SetByBid
2025-12-30 12:11:04,2025-12-30T12:11:04,61.14,1.0,SetByBid
2025-12-30 12:11:04,2025-12-30T12:11:04,61.14,1.0,SetByBid
2025-12-30 12:11:04,2025-12-30T12:11:04,61.14,1.0,SetByBid
2025-12-30 12:11:09,2025-12-30T12:11:09,61.15,1.0,SetByAsk
2025-12-30 12:11:22,2025-12-30T12:11:22,61.14,1.0,SetByAsk
2025-12-30 12:11:36,2025-12-30T12:11:36,61.16,1.0,SetByBid
2025-12-30 12:11:57,2025-12-30T12:11:57,61.17,1.0,SetByBid
2025-12-30 12:11:57,2025-12-30T12:11:57,61.17,1.0,SetByBid
2025-12-30 12:12:09,2025-12-30T12:12:09,61.18,1.0,SetByBid
2025-12-30 12:12:15,2025-12-30T12:12:15,61.18,2.0,SetByBid
2025-12-30 12:12:15,2025-12-30T12:12:15,61.18,1.0,SetByBid
2025-12-30 12:12:15,2025-12-30T12:12:15,61.18,1.0,SetByAsk
2025-12-30 12:12:15,2025-12-30T12:12:15,61.19,2.0,SetByBid
2025-12-30 12:12:15,2025-12-30T12:12:15,61.19,1.0,SetByBid
2025-12-30 12:12:15,2025-12-30T12:12:15,61.19,2.0,SetByBid
2025-12-30 12:12:15,2025-12-30T12:12:15,61.19,1.0,SetByBid
2025-12-30 12:12:15,2025-12-30T12:12:15,61.19,1.0,SetByBid
2025-12-30 12:12:15,2025-12-30T12:12:15,61.19,2.0,SetByBid
2025-12-30 12:12:15,2025-12-30T12:12:15,61.19,1.0,SetByBid
2025-12-30 12:12:15,2025-12-30T12:12:15,61.19,4.0,SetByBid
2025-12-30 12:12:15,2025-12-30T12:12:15,61.19,2.0,SetByBid
2025-12-30 12:12:15,2025-12-30T12:12:15,61.19,2.0,SetByBid
2025-12-30 12:12:15,2025-12-30T12:12:15,61.18,1.0,SetByAsk
2025-12-30 12:12:15,2025-12-30T12:12:15,61.18,2.0,SetByAsk
2025-12-30 12:12:15,2025-12-30T12:12:15,61.18,2.0,SetByAsk
2025-12-30 12:12:15,2025-12-30T12:12:15,61.18,2.0,SetByAsk
2025-12-30 12:12:15,2025-12-30T12:12:15,61.18,2.0,SetByAsk
2025-12-30 12:12:15,2025-12-30T12:12:15,61.18,3.0,SetByAsk
2025-12-30 12:12:15,2025-12-30T12:12:15,61.18,2.0,SetByAsk
2025-12-30 12:12:15,2025-12-30T12:12:15,61.17,1.0,SetByAsk
2025-12-30 12:12:15,2025-12-30T12:12:15,61.17,1.0,SetByAsk
2025-12-30 12:12:15,2025-12-30T12:12:15,61.17,1.0,SetByAsk
2025-12-30 12:12:15,2025-12-30T12:12:15,61.17,1.0,SetByAsk
2025-12-30 12:12:19,2025-12-30T12:12:19,61.18,1.0,SetByBid
2025-12-30 12:12:20,2025-12-30T12:12:20,61.18,1.0,SetByBid
2025-12-30 12:12:22,2025-12-30T12:12:22,61.19,1.0,SetByBid
2025-12-30 12:12:22,2025-12-30T12:12:22,61.19,1.0,SetByBid
2025-12-30 12:12:37,2025-12-30T12:12:37,61.2,1.0,SetByBid
2025-12-30 12:12:48,2025-12-30T12:12:48,61.2,1.0,SetByBid
2025-12-30 12:12:48,2025-12-30T12:12:48,61.2,1.0,SetByAsk
2025-12-30 12:12:51,2025-12-30T12:12:51,61.2,1.0,SetByBid
2025-12-30 12:14:03,2025-12-30T12:14:03,61.18,1.0,SetByBid
2025-12-30 12:14:03,2025-12-30T12:14:03,61.18,1.0,SetByAsk
2025-12-30 12:14:08,2025-12-30T12:14:08,61.18,2.0,SetByAsk
2025-12-30 12:15:21,2025-12-30T12:15:21,61.17,1.0,SetByAsk
2025-12-30 12:15:53,2025-12-30T12:15:53,61.18,2.0,SetByAsk
2025-12-30 12:15:53,2025-12-30T12:15:53,61.18,1.0,SetByAsk
2025-12-30 12:18:02,2025-12-30T12:18:02,61.22,3.0,SetByAsk
2025-12-30 12:18:02,2025-12-30T12:18:02,61.22,4.0,SetByAsk
2025-12-30 12:18:17,2025-12-30T12:18:17,61.21,3.0,SetByAsk
2025-12-30 12:18:26,2025-12-30T12:18:26,61.21,2.0,SetByBid
2025-12-30 12:18:26,2025-12-30T12:18:26,61.21,1.0,SetByBid
2025-12-30 12:18:26,2025-12-30T12:18:26,61.21,1.0,SetByBid
2025-12-30 12:18:35,2025-12-30T12:18:35,61.22,1.0,SetByBid
2025-12-30 12:18:35,2025-12-30T12:18:35,61.22,1.0,SetByBid
2025-12-30 12:18:35,2025-12-30T12:18:35,61.22,1.0,SetByBid
2025-12-30 12:18:35,2025-12-30T12:18:35,61.22,1.0,SetByBid
2025-12-30 12:18:35,2025-12-30T12:18:35,61.22,1.0,SetByBid
2025-12-30 12:18:35,2025-12-30T12:18:35,61.22,1.0,SetByBid
2025-12-30 12:18:35,2025-12-30T12:18:35,61.22,1.0,SetByBid
2025-12-30 12:18:35,2025-12-30T12:18:35,61.22,1.0,SetByBid
2025-12-30 12:18:46,2025-12-30T12:18:46,61.23,1.0,SetByAsk
2025-12-30 12:19:04,2025-12-30T12:19:04,61.23,1.0,SetByBid
2025-12-30 12:19:04,2025-12-30T12:19:04,61.23,2.0,SetByBid
2025-12-30 12:19:13,2025-12-30T12:19:13,61.23,1.0,SetByAsk
2025-12-30 12:19:13,2025-12-30T12:19:13,61.23,2.0,SetByAsk
2025-12-30 12:20:31,2025-12-30T12:20:31,61.24,2.0,SetByAsk
2025-12-30 12:20:31,2025-12-30T12:20:31,61.24,1.0,SetByAsk
2025-12-30 12:21:01,2025-12-30T12:21:01,61.26,1.0,SetByBid
2025-12-30 12:21:01,2025-12-30T12:21:01,61.26,4.0,SetByBid
2025-12-30 12:21:01,2025-12-30T12:21:01,61.26,1.0,SetByBid
2025-12-30 12:21:01,2025-12-30T12:21:01,61.26,1.0,SetByBid
2025-12-30 12:21:01,2025-12-30T12:21:01,61.26,1.0,SetByBid
2025-12-30 12:21:01,2025-12-30T12:21:01,61.26,2.0,SetByBid
2025-12-30 12:21:04,2025-12-30T12:21:04,61.26,1.0,SetByAsk
2025-12-30 12:21:04,2025-12-30T12:21:04,61.26,3.0,SetByAsk
2025-12-30 12:21:21,2025-12-30T12:21:21,61.25,2.0,SetByBid
2025-12-30 12:21:21,2025-12-30T12:21:21,61.25,3.0,SetByBid
2025-12-30 12:21:32,2025-12-30T12:21:32,61.25,1.0,SetByBid
2025-12-30 12:21:36,2025-12-30T12:21:36,61.25,1.0,SetByAsk
2025-12-30 12:21:38,2025-12-30T12:21:38,61.25,1.0,SetByAsk
2025-12-30 12:21:38,2025-12-30T12:21:38,61.25,2.0,SetByAsk
2025-12-30 12:21:40,2025-12-30T12:21:40,61.27,1.0,SetByBid
2025-12-30 12:22:15,2025-12-30T12:22:15,61.27,1.0,SetByAsk
2025-12-30 12:22:15,2025-12-30T12:22:15,61.27,1.0,SetByAsk
2025-12-30 12:22:44,2025-12-30T12:22:44,61.28,1.0,SetByBid
2025-12-30 12:22:44,2025-12-30T12:22:44,61.28,1.0,SetByBid
2025-12-30 12:22:57,2025-12-30T12:22:57,61.28,1.0,SetByAsk
2025-12-30 12:23:02,2025-12-30T12:23:02,61.27,3.0,SetByAsk
2025-12-30 12:23:34,2025-12-30T12:23:34,61.26,1.0,SetByAsk
2025-12-30 12:23:48,2025-12-30T12:23:48,61.26,3.0,SetByAsk
2025-12-30 12:23:54,2025-12-30T12:23:54,61.25,1.0,SetByAsk
2025-12-30 12:24:28,2025-12-30T12:24:28,61.26,3.0,SetByAsk
2025-12-30 12:25:06,2025-12-30T12:25:06,61.25,17.0,SetByAsk
2025-12-30 12:25:06,2025-12-30T12:25:06,61.25,1.0,SetByAsk
2025-12-30 12:25:06,2025-12-30T12:25:06,61.25,12.0,SetByAsk
2025-12-30 12:25:06,2025-12-30T12:25:06,61.25,1.0,SetByAsk
2025-12-30 12:25:06,2025-12-30T12:25:06,61.25,3.0,SetByAsk
2025-12-30 12:25:14,2025-12-30T12:25:14,61.25,1.0,SetByAsk
2025-12-30 12:25:14,2025-12-30T12:25:14,61.25,1.0,SetByAsk
2025-12-30 12:25:30,2025-12-30T12:25:30,61.23,3.0,SetByAsk
2025-12-30 12:25:41,2025-12-30T12:25:41,61.23,1.0,SetByBid
2025-12-30 12:25:41,2025-12-30T12:25:41,61.23,1.0,SetByBid
2025-12-30 12:26:10,2025-12-30T12:26:10,61.21,2.0,SetByBid
2025-12-30 12:26:11,2025-12-30T12:26:11,61.2,1.0,SetByBid
2025-12-30 12:26:15,2025-12-30T12:26:15,61.2,1.0,SetByBid
2025-12-30 12:26:15,2025-12-30T12:26:15,61.2,1.0,SetByBid
2025-12-30 12:26:15,2025-12-30T12:26:15,61.2,2.0,SetByBid
2025-12-30 12:26:15,2025-12-30T12:26:15,61.2,1.0,SetByBid
2025-12-30 12:26:15,2025-12-30T12:26:15,61.2,1.0,SetByBid
2025-12-30 12:26:15,2025-12-30T12:26:15,61.2,1.0,SetByBid
2025-12-30 12:26:15,2025-12-30T12:26:15,61.2,1.0,SetByBid
2025-12-30 12:26:15,2025-12-30T12:26:15,61.2,1.0,SetByBid
2025-12-30 12:26:15,2025-12-30T12:26:15,61.2,1.0,SetByBid
2025-12-30 12:26:15,2025-12-30T12:26:15,61.2,1.0,SetByBid
2025-12-30 12:26:15,2025-12-30T12:26:15,61.2,1.0,SetByBid
2025-12-30 12:26:15,2025-12-30T12:26:15,61.2,1.0,SetByBid
2025-12-30 12:26:15,2025-12-30T12:26:15,61.2,1.0,SetByBid
2025-12-30 12:26:15,2025-12-30T12:26:15,61.2,1.0,SetByBid
2025-12-30 12:26:15,2025-12-30T12:26:15,61.2,1.0,SetByBid
2025-12-30 12:26:15,2025-12-30T12:26:15,61.2,1.0,SetByBid
2025-12-30 12:26:15,2025-12-30T12:26:15,61.2,1.0,SetByBid
2025-12-30 12:26:15,2025-12-30T12:26:15,61.2,1.0,SetByBid
2025-12-30 12:26:15,2025-12-30T12:26:15,61.2,1.0,SetByAsk
2025-12-30 12:26:15,2025-12-30T12:26:15,61.2,1.0,SetByBid
2025-12-30 12:26:16,2025-12-30T12:26:16,61.2,1.0,SetByBid
2025-12-30 12:26:16,2025-12-30T12:26:16,61.2,1.0,SetByBid
2025-12-30 12:26:20,2025-12-30T12:26:20,61.2,1.0,SetByBid
2025-12-30 12:26:34,2025-12-30T12:26:34,61.2,1.0,SetByBid
2025-12-30 12:26:34,2025-12-30T12:26:34,61.2,1.0,SetByBid
2025-12-30 12:26:34,2025-12-30T12:26:34,61.2,1.0,SetByBid
2025-12-30 12:26:34,2025-12-30T12:26:34,61.2,1.0,SetByBid
2025-12-30 12:26:34,2025-12-30T12:26:34,61.2,1.0,SetByBid
2025-12-30 12:26:34,2025-12-30T12:26:34,61.2,1.0,SetByBid
2025-12-30 12:26:34,2025-12-30T12:26:34,61.2,1.0,SetByBid
2025-12-30 12:26:34,2025-12-30T12:26:34,61.2,1.0,SetByBid
2025-12-30 12:26:34,2025-12-30T12:26:34,61.2,1.0,SetByAsk
2025-12-30 12:26:36,2025-12-30T12:26:36,61.2,2.0,SetByBid
2025-12-30 12:26:52,2025-12-30T12:26:52,61.21,1.0,SetByAsk
2025-12-30 12:26:52,2025-12-30T12:26:52,61.21,1.0,SetByAsk
2025-12-30 12:26:58,2025-12-30T12:26:58,61.19,1.0,SetByAsk
2025-12-30 12:26:58,2025-12-30T12:26:58,61.19,1.0,SetByAsk
2025-12-30 12:27:01,2025-12-30T12:27:01,61.21,2.0,SetByBid
2025-12-30 12:27:31,2025-12-30T12:27:31,61.19,2.0,SetByBid
2025-12-30 12:27:31,2025-12-30T12:27:31,61.19,1.0,SetByBid
2025-12-30 12:27:31,2025-12-30T12:27:31,61.17,1.0,SetByAsk
2025-12-30 12:28:02,2025-12-30T12:28:02,61.19,1.0,SetByAsk
2025-12-30 12:28:02,2025-12-30T12:28:02,61.18,2.0,SetByAsk
2025-12-30 12:28:02,2025-12-30T12:28:02,61.18,1.0,SetByAsk
2025-12-30 12:28:02,2025-12-30T12:28:02,61.18,1.0,SetByAsk
2025-12-30 12:28:02,2025-12-30T12:28:02,61.18,1.0,SetByAsk
2025-12-30 12:28:02,2025-12-30T12:28:02,61.18,2.0,SetByAsk
2025-12-30 12:28:02,2025-12-30T12:28:02,61.18,1.0,SetByAsk
2025-12-30 12:28:02,2025-12-30T12:28:02,61.18,1.0,SetByAsk
2025-12-30 12:28:02,2025-12-30T12:28:02,61.18,1.0,SetByAsk
2025-12-30 12:28:02,2025-12-30T12:28:02,61.18,1.0,SetByAsk
2025-12-30 12:28:04,2025-12-30T12:28:04,61.17,1.0,SetByAsk
2025-12-30 12:28:07,2025-12-30T12:28:07,61.17,2.0,SetByAsk
2025-12-30 12:28:07,2025-12-30T12:28:07,61.17,1.0,SetByAsk
2025-12-30 12:28:13,2025-12-30T12:28:13,61.15,1.0,SetByBid
2025-12-30 12:28:19,2025-12-30T12:28:19,61.14,1.0,SetByAsk
2025-12-30 12:28:19,2025-12-30T12:28:19,61.14,19.0,SetByAsk
2025-12-30 12:28:22,2025-12-30T12:28:22,61.15,1.0,SetByBid
2025-12-30 12:28:25,2025-12-30T12:28:25,61.14,2.0,SetByBid
2025-12-30 12:28:27,2025-12-30T12:28:27,61.14,1.0,SetByAsk
2025-12-30 12:28:27,2025-12-30T12:28:27,61.14,1.0,SetByAsk
2025-12-30 12:28:27,2025-12-30T12:28:27,61.14,1.0,SetByAsk
2025-12-30 12:28:28,2025-12-30T12:28:28,61.14,1.0,SetByBid
2025-12-30 12:28:30,2025-12-30T12:28:30,61.16,2.0,SetByBid
2025-12-30 12:28:30,2025-12-30T12:28:30,61.16,1.0,SetByBid
2025-12-30 12:28:32,2025-12-30T12:28:32,61.15,1.0,SetByAsk
2025-12-30 12:28:32,2025-12-30T12:28:32,61.15,3.0,SetByAsk
2025-12-30 12:28:34,2025-12-30T12:28:34,61.15,1.0,SetByBid
2025-12-30 12:28:34,2025-12-30T12:28:34,61.15,1.0,SetByBid
2025-12-30 12:28:38,2025-12-30T12:28:38,61.16,1.0,SetByBid
2025-12-30 12:28:38,2025-12-30T12:28:38,61.16,2.0,SetByBid
2025-12-30 12:28:38,2025-12-30T12:28:38,61.16,1.0,SetByBid
2025-12-30 12:28:38,2025-12-30T12:28:38,61.16,1.0,SetByBid
2025-12-30 12:28:38,2025-12-30T12:28:38,61.16,5.0,SetByBid
2025-12-30 12:28:38,2025-12-30T12:28:38,61.16,1.0,SetByBid
2025-12-30 12:28:38,2025-12-30T12:28:38,61.16,1.0,SetByBid
2025-12-30 12:28:38,2025-12-30T12:28:38,61.16,1.0,SetByBid
2025-12-30 12:28:38,2025-12-30T12:28:38,61.16,1.0,SetByBid
2025-12-30 12:28:41,2025-12-30T12:28:41,61.17,2.0,SetByAsk
2025-12-30 12:28:47,2025-12-30T12:28:47,61.16,1.0,SetByAsk
2025-12-30 12:28:48,2025-12-30T12:28:48,61.16,2.0,SetByAsk
2025-12-30 12:28:54,2025-12-30T12:28:54,61.16,1.0,SetByAsk
2025-12-30 12:28:54,2025-12-30T12:28:54,61.16,30.0,SetByAsk
2025-12-30 12:28:54,2025-12-30T12:28:54,61.16,13.0,SetByAsk
2025-12-30 12:28:56,2025-12-30T12:28:56,61.15,1.0,SetByAsk
2025-12-30 12:28:59,2025-12-30T12:28:59,61.16,1.0,SetByBid
2025-12-30 12:28:59,2025-12-30T12:28:59,61.16,1.0,SetByBid
2025-12-30 12:28:59,2025-12-30T12:28:59,61.16,1.0,SetByBid
2025-12-30 12:28:59,2025-12-30T12:28:59,61.16,2.0,SetByBid
2025-12-30 12:29:00,2025-12-30T12:29:00,61.17,1.0,SetByAsk
2025-12-30 12:29:00,2025-12-30T12:29:00,61.17,2.0,SetByAsk
2025-12-30 12:29:02,2025-12-30T12:29:02,61.16,1.0,SetByAsk
2025-12-30 12:29:02,2025-12-30T12:29:02,61.16,1.0,SetByAsk
2025-12-30 12:29:05,2025-12-30T12:29:05,61.17,2.0,SetByAsk
2025-12-30 12:29:05,2025-12-30T12:29:05,61.18,1.0,SetByBid
2025-12-30 12:29:05,2025-12-30T12:29:05,61.18,2.0,SetByBid
2025-12-30 12:29:06,2025-12-30T12:29:06,61.18,1.0,SetByBid
2025-12-30 12:29:06,2025-12-30T12:29:06,61.18,5.0,SetByBid
2025-12-30 12:29:06,2025-12-30T12:29:06,61.18,1.0,SetByBid
2025-12-30 12:29:06,2025-12-30T12:29:06,61.18,1.0,SetByBid
2025-12-30 12:29:06,2025-12-30T12:29:06,61.18,1.0,SetByAsk
2025-12-30 12:29:07,2025-12-30T12:29:07,61.18,1.0,SetByAsk
2025-12-30 12:29:09,2025-12-30T12:29:09,61.18,1.0,SetByAsk
2025-12-30 12:29:13,2025-12-30T12:29:13,61.18,1.0,SetByAsk
2025-12-30 12:29:15,2025-12-30T12:29:15,61.19,1.0,SetByBid
2025-12-30 12:29:16,2025-12-30T12:29:16,61.19,3.0,SetByBid
2025-12-30 12:29:16,2025-12-30T12:29:16,61.19,1.0,SetByBid
2025-12-30 12:29:16,2025-12-30T12:29:16,61.19,1.0,SetByBid
2025-12-30 12:29:20,2025-12-30T12:29:20,61.18,1.0,SetByBid
2025-12-30 12:29:28,2025-12-30T12:29:28,61.18,1.0,SetByAsk
2025-12-30 12:29:32,2025-12-30T12:29:32,61.18,1.0,SetByAsk
2025-12-30 12:29:40,2025-12-30T12:29:40,61.18,1.0,SetByAsk
2025-12-30 12:29:45,2025-12-30T12:29:45,61.18,1.0,SetByAsk
2025-12-30 12:29:46,2025-12-30T12:29:46,61.18,1.0,SetByBid
2025-12-30 12:29:46,2025-12-30T12:29:46,61.18,1.0,SetByAsk
2025-12-30 12:29:47,2025-12-30T12:29:47,61.18,1.0,SetByBid
2025-12-30 12:29:47,2025-12-30T12:29:47,61.18,1.0,SetByBid
2025-12-30 12:29:47,2025-12-30T12:29:47,61.18,1.0,SetByBid
2025-12-30 12:29:47,2025-12-30T12:29:47,61.18,1.0,SetByAsk
2025-12-30 12:29:47,2025-12-30T12:29:47,61.18,1.0,SetByBid
2025-12-30 12:29:47,2025-12-30T12:29:47,61.18,1.0,SetByBid
2025-12-30 12:29:47,2025-12-30T12:29:47,61.18,1.0,SetByBid
2025-12-30 12:29:47,2025-12-30T12:29:47,61.18,1.0,SetByBid
2025-12-30 12:29:47,2025-12-30T12:29:47,61.18,1.0,SetByBid
2025-12-30 12:29:47,2025-12-30T12:29:47,61.18,1.0,SetByBid
2025-12-30 12:29:48,2025-12-30T12:29:48,61.18,1.0,SetByAsk
2025-12-30 12:29:49,2025-12-30T12:29:49,61.18,1.0,SetByAsk
2025-12-30 12:29:49,2025-12-30T12:29:49,61.18,1.0,SetByAsk
2025-12-30 12:29:49,2025-12-30T12:29:49,61.18,1.0,SetByAsk
2025-12-30 12:29:49,2025-12-30T12:29:49,61.18,1.0,SetByAsk
2025-12-30 12:29:49,2025-12-30T12:29:49,61.18,1.0,SetByAsk
2025-12-30 12:29:49,2025-12-30T12:29:49,61.18,1.0,SetByAsk
2025-12-30 12:29:49,2025-12-30T12:29:49,61.18,1.0,SetByAsk
2025-12-30 12:29:49,2025-12-30T12:29:49,61.18,1.0,SetByAsk
2025-12-30 12:29:50,2025-12-30T12:29:50,61.19,1.0,SetByBid
2025-12-30 12:29:50,2025-12-30T12:29:50,61.19,1.0,SetByBid
2025-12-30 12:29:51,2025-12-30T12:29:51,61.18,1.0,SetByAsk
2025-12-30 12:29:51,2025-12-30T12:29:51,61.18,1.0,SetByAsk
2025-12-30 12:29:51,2025-12-30T12:29:51,61.18,1.0,SetByAsk
2025-12-30 12:29:51,2025-12-30T12:29:51,61.18,2.0,SetByAsk
2025-12-30 12:29:51,2025-12-30T12:29:51,61.18,1.0,SetByAsk
2025-12-30 12:29:51,2025-12-30T12:29:51,61.18,1.0,SetByAsk
2025-12-30 12:29:52,2025-12-30T12:29:52,61.18,1.0,SetByBid
2025-12-30 12:29:52,2025-12-30T12:29:52,61.18,1.0,SetByBid
2025-12-30 12:29:52,2025-12-30T12:29:52,61.18,1.0,SetByAsk
2025-12-30 12:29:52,2025-12-30T12:29:52,61.18,1.0,SetByAsk
2025-12-30 12:29:52,2025-12-30T12:29:52,61.18,1.0,SetByAsk
2025-12-30 12:29:52,2025-12-30T12:29:52,61.18,1.0,SetByAsk
2025-12-30 12:29:53,2025-12-30T12:29:53,61.18,1.0,SetByAsk
2025-12-30 12:29:53,2025-12-30T12:29:53,61.18,1.0,SetByAsk
2025-12-30 12:29:53,2025-12-30T12:29:53,61.18,1.0,SetByAsk
2025-12-30 12:29:54,2025-12-30T12:29:54,61.18,1.0,SetByAsk
2025-12-30 12:29:54,2025-12-30T12:29:54,61.18,2.0,SetByAsk
2025-12-30 12:29:54,2025-12-30T12:29:54,61.18,1.0,SetByAsk
2025-12-30 12:29:54,2025-12-30T12:29:54,61.18,1.0,SetByBid
2025-12-30 12:29:54,2025-12-30T12:29:54,61.18,1.0,SetByAsk
2025-12-30 12:29:54,2025-12-30T12:29:54,61.18,1.0,SetByAsk
2025-12-30 12:29:54,2025-12-30T12:29:54,61.18,1.0,SetByAsk
2025-12-30 12:29:54,2025-12-30T12:29:54,61.18,1.0,SetByAsk
2025-12-30 12:29:54,2025-12-30T12:29:54,61.18,1.0,SetByAsk
2025-12-30 12:29:54,2025-12-30T12:29:54,61.18,1.0,SetByAsk
2025-12-30 12:29:54,2025-12-30T12:29:54,61.18,1.0,SetByAsk
2025-12-30 12:29:54,2025-12-30T12:29:54,61.18,1.0,SetByAsk
2025-12-30 12:29:54,2025-12-30T12:29:54,61.18,1.0,SetByAsk
2025-12-30 12:29:54,2025-12-30T12:29:54,61.18,1.0,SetByAsk
2025-12-30 12:29:54,2025-12-30T12:29:54,61.18,1.0,SetByAsk
2025-12-30 12:29:54,2025-12-30T12:29:54,61.18,1.0,SetByAsk
2025-12-30 12:29:54,2025-12-30T12:29:54,61.18,1.0,SetByBid
2025-12-30 12:29:54,2025-12-30T12:29:54,61.18,1.0,SetByBid
2025-12-30 12:29:54,2025-12-30T12:29:54,61.18,1.0,SetByBid
2025-12-30 12:29:54,2025-12-30T12:29:54,61.18,1.0,SetByBid
2025-12-30 12:29:54,2025-12-30T12:29:54,61.18,1.0,SetByBid
2025-12-30 12:29:54,2025-12-30T12:29:54,61.18,1.0,SetByBid
2025-12-30 12:29:54,2025-12-30T12:29:54,61.18,1.0,SetByAsk
2025-12-30 12:29:54,2025-12-30T12:29:54,61.18,1.0,SetByAsk
2025-12-30 12:29:54,2025-12-30T12:29:54,61.18,1.0,SetByBid
2025-12-30 12:29:54,2025-12-30T12:29:54,61.18,1.0,SetByBid
2025-12-30 12:29:54,2025-12-30T12:29:54,61.18,1.0,SetByAsk
2025-12-30 12:29:54,2025-12-30T12:29:54,61.18,1.0,SetByAsk
2025-12-30 12:29:54,2025-12-30T12:29:54,61.18,1.0,SetByAsk
2025-12-30 12:29:54,2025-12-30T12:29:54,61.18,1.0,SetByAsk
2025-12-30 12:29:54,2025-12-30T12:29:54,61.18,1.0,SetByAsk
2025-12-30 12:29:54,2025-12-30T12:29:54,61.18,1.0,SetByAsk
2025-12-30 12:29:54,2025-12-30T12:29:54,61.18,1.0,SetByBid
2025-12-30 12:29:54,2025-12-30T12:29:54,61.18,1.0,SetByAsk
2025-12-30 12:29:54,2025-12-30T12:29:54,61.18,1.0,SetByAsk
2025-12-30 12:29:54,2025-12-30T12:29:54,61.18,1.0,SetByAsk
2025-12-30 12:29:54,2025-12-30T12:29:54,61.18,1.0,SetByAsk
2025-12-30 12:29:54,2025-12-30T12:29:54,61.18,1.0,SetByAsk
2025-12-30 12:29:54,2025-12-30T12:29:54,61.18,1.0,SetByBid
2025-12-30 12:29:55,2025-12-30T12:29:55,61.18,1.0,SetByAsk
2025-12-30 12:29:55,2025-12-30T12:29:55,61.18,1.0,SetByAsk
2025-12-30 12:29:55,2025-12-30T12:29:55,61.18,2.0,SetByAsk
2025-12-30 12:29:56,2025-12-30T12:29:56,61.18,1.0,SetByBid
2025-12-30 12:29:56,2025-12-30T12:29:56,61.18,1.0,SetByBid
2025-12-30 12:29:57,2025-12-30T12:29:57,61.18,1.0,SetByBid
2025-12-30 12:29:58,2025-12-30T12:29:58,61.19,1.0,SetByBid
2025-12-30 12:29:58,2025-12-30T12:29:58,61.19,1.0,SetByBid
2025-12-30 12:29:58,2025-12-30T12:29:58,61.19,3.0,SetByBid
2025-12-30 12:29:58,2025-12-30T12:29:58,61.19,1.0,SetByBid
2025-12-30 12:29:58,2025-12-30T12:29:58,61.19,1.0,SetByBid
2025-12-30 12:29:58,2025-12-30T12:29:58,61.19,1.0,SetByBid
2025-12-30 12:29:59,2025-12-30T12:29:59,61.19,1.0,SetByBid
2025-12-30 12:29:59,2025-12-30T12:29:59,61.19,2.0,SetByAsk
2025-12-30 12:29:59,2025-12-30T12:29:59,61.19,2.0,SetByBid
2025-12-30 12:29:59,2025-12-30T12:29:59,61.19,2.0,SetByBid
2025-12-30 12:29:59,2025-12-30T12:29:59,61.19,2.0,SetByBid
2025-12-30 12:29:59,2025-12-30T12:29:59,61.19,1.0,SetByBid
2025-12-30 12:29:59,2025-12-30T12:29:59,61.19,5.0,SetByBid
2025-12-30 12:29:59,2025-12-30T12:29:59,61.19,2.0,SetByBid
2025-12-30 12:29:59,2025-12-30T12:29:59,61.19,3.0,SetByBid
2025-12-30 12:29:59,2025-12-30T12:29:59,61.19,1.0,SetByBid
2025-12-30 12:29:59,2025-12-30T12:29:59,61.19,3.0,SetByBid
2025-12-30 12:29:59,2025-12-30T12:29:59,61.19,1.0,SetByBid
2025-12-30 12:29:59,2025-12-30T12:29:59,61.19,1.0,SetByBid
2025-12-30 12:29:59,2025-12-30T12:29:59,61.19,2.0,SetByBid
2025-12-30 12:29:59,2025-12-30T12:29:59,61.19,1.0,SetByBid
2025-12-30 12:29:59,2025-12-30T12:29:59,61.19,1.0,SetByBid
2025-12-30 12:29:59,2025-12-30T12:29:59,61.19,1.0,SetByBid
2025-12-30 12:29:59,2025-12-30T12:29:59,61.19,1.0,SetByBid
2025-12-30 12:29:59,2025-12-30T12:29:59,61.19,2.0,SetByBid
2025-12-30 12:29:59,2025-12-30T12:29:59,61.19,2.0,SetByBid
2025-12-30 12:29:59,2025-12-30T12:29:59,61.19,1.0,SetByBid
2025-12-30 12:29:59,2025-12-30T12:29:59,61.19,1.0,SetByBid
2025-12-30 12:29:59,2025-12-30T12:29:59,61.19,1.0,SetByBid
2025-12-30 12:29:59,2025-12-30T12:29:59,61.19,1.0,SetByBid
2025-12-30 12:29:59,2025-12-30T12:29:59,61.19,2.0,SetByBid
2025-12-30 12:29:59,2025-12-30T12:29:59,61.19,1.0,SetByBid
2025-12-30 12:29:59,2025-12-30T12:29:59,61.19,5.0,SetByBid
2025-12-30 12:29:59,2025-12-30T12:29:59,61.19,3.0,SetByBid
2025-12-30 12:29:59,2025-12-30T12:29:59,61.19,3.0,SetByBid
2025-12-30 12:29:59,2025-12-30T12:29:59,61.19,1.0,SetByBid
2025-12-30 12:29:59,2025-12-30T12:29:59,61.19,1.0,SetByBid
2025-12-30 12:30:00,2025-12-30T12:30:00,61.19,1.0,SetByBid
2025-12-30 12:30:00,2025-12-30T12:30:00,61.19,1.0,SetByBid
2025-12-30 12:30:00,2025-12-30T12:30:00,61.19,1.0,SetByBid
2025-12-30 12:30:00,2025-12-30T12:30:00,61.2,1.0,SetByBid
2025-12-30 12:30:00,2025-12-30T12:30:00,61.2,1.0,SetByBid
2025-12-30 12:30:00,2025-12-30T12:30:00,61.2,1.0,SetByBid
2025-12-30 12:30:01,2025-12-30T12:30:01,61.21,1.0,SetByBid
2025-12-30 12:30:02,2025-12-30T12:30:02,61.22,1.0,SetByBid
2025-12-30 12:30:06,2025-12-30T12:30:06,61.24,1.0,SetByAsk
2025-12-30 12:30:11,2025-12-30T12:30:11,61.23,1.0,SetByBid
2025-12-30 12:30:13,2025-12-30T12:30:13,61.25,1.0,SetByBid
2025-12-30 12:30:13,2025-12-30T12:30:13,61.25,1.0,SetByBid
2025-12-30 12:30:15,2025-12-30T12:30:15,61.24,1.0,SetByBid
2025-12-30 12:30:15,2025-12-30T12:30:15,61.24,1.0,SetByBid
2025-12-30 12:30:15,2025-12-30T12:30:15,61.24,1.0,SetByBid
2025-12-30 12:30:16,2025-12-30T12:30:16,61.25,1.0,SetByBid
2025-12-30 12:30:16,2025-12-30T12:30:16,61.26,1.0,SetByBid
2025-12-30 12:30:16,2025-12-30T12:30:16,61.26,1.0,SetByAsk
2025-12-30 12:30:17,2025-12-30T12:30:17,61.25,2.0,SetByAsk
2025-12-30 12:30:19,2025-12-30T12:30:19,61.24,1.0,SetByAsk
2025-12-30 12:30:22,2025-12-30T12:30:22,61.24,1.0,SetByAsk
2025-12-30 12:30:24,2025-12-30T12:30:24,61.25,1.0,SetByBid
2025-12-30 12:30:24,2025-12-30T12:30:24,61.25,1.0,SetByBid
2025-12-30 12:30:24,2025-12-30T12:30:24,61.25,2.0,SetByBid
2025-12-30 12:30:24,2025-12-30T12:30:24,61.25,3.0,SetByBid
2025-12-30 12:30:24,2025-12-30T12:30:24,61.25,1.0,SetByBid
2025-12-30 12:30:24,2025-12-30T12:30:24,61.25,1.0,SetByAsk
2025-12-30 12:30:34,2025-12-30T12:30:34,61.25,1.0,SetByBid
2025-12-30 12:30:34,2025-12-30T12:30:34,61.25,1.0,SetByBid
2025-12-30 12:30:35,2025-12-30T12:30:35,61.24,2.0,SetByAsk
2025-12-30 12:30:38,2025-12-30T12:30:38,61.25,1.0,SetByBid
2025-12-30 12:30:38,2025-12-30T12:30:38,61.25,1.0,SetByBid
2025-12-30 12:30:48,2025-12-30T12:30:48,61.23,1.0,SetByAsk
2025-12-30 12:30:57,2025-12-30T12:30:57,61.25,1.0,SetByBid
2025-12-30 12:30:57,2025-12-30T12:30:57,61.25,2.0,SetByBid
2025-12-30 12:30:57,2025-12-30T12:30:57,61.25,1.0,SetByBid
2025-12-30 12:30:57,2025-12-30T12:30:57,61.25,1.0,SetByBid
2025-12-30 12:30:57,2025-12-30T12:30:57,61.25,2.0,SetByBid
2025-12-30 12:30:57,2025-12-30T12:30:57,61.25,1.0,SetByBid
2025-12-30 12:30:57,2025-12-30T12:30:57,61.25,1.0,SetByBid
2025-12-30 12:30:57,2025-12-30T12:30:57,61.25,1.0,SetByBid
2025-12-30 12:30:57,2025-12-30T12:30:57,61.25,1.0,SetByBid
2025-12-30 12:30:57,2025-12-30T12:30:57,61.25,1.0,SetByBid
2025-12-30 12:30:57,2025-12-30T12:30:57,61.25,1.0,SetByBid
2025-12-30 12:30:57,2025-12-30T12:30:57,61.25,1.0,SetByBid
2025-12-30 12:30:57,2025-12-30T12:30:57,61.25,1.0,SetByBid
2025-12-30 12:30:57,2025-12-30T12:30:57,61.25,1.0,SetByBid
2025-12-30 12:30:57,2025-12-30T12:30:57,61.25,1.0,SetByBid
2025-12-30 12:30:57,2025-12-30T12:30:57,61.25,1.0,SetByBid
2025-12-30 12:30:57,2025-12-30T12:30:57,61.25,1.0,SetByBid
2025-12-30 12:30:57,2025-12-30T12:30:57,61.25,1.0,SetByBid
2025-12-30 12:30:57,2025-12-30T12:30:57,61.25,1.0,SetByBid
2025-12-30 12:30:57,2025-12-30T12:30:57,61.25,1.0,SetByBid
2025-12-30 12:30:57,2025-12-30T12:30:57,61.25,1.0,SetByBid
2025-12-30 12:30:57,2025-12-30T12:30:57,61.25,1.0,SetByBid
2025-12-30 12:30:57,2025-12-30T12:30:57,61.25,1.0,SetByBid
2025-12-30 12:30:57,2025-12-30T12:30:57,61.25,1.0,SetByBid
2025-12-30 12:30:57,2025-12-30T12:30:57,61.25,1.0,SetByBid
2025-12-30 12:30:57,2025-12-30T12:30:57,61.25,1.0,SetByBid
2025-12-30 12:30:57,2025-12-30T12:30:57,61.25,1.0,SetByBid
2025-12-30 12:30:57,2025-12-30T12:30:57,61.25,1.0,SetByBid
2025-12-30 12:30:57,2025-12-30T12:30:57,61.25,1.0,SetByBid
2025-12-30 12:30:58,2025-12-30T12:30:58,61.25,1.0,SetByBid
2025-12-30 12:30:58,2025-12-30T12:30:58,61.25,1.0,SetByBid
2025-12-30 12:30:58,2025-12-30T12:30:58,61.25,1.0,SetByBid
2025-12-30 12:30:58,2025-12-30T12:30:58,61.25,1.0,SetByBid
2025-12-30 12:30:58,2025-12-30T12:30:58,61.25,1.0,SetByBid
2025-12-30 12:30:58,2025-12-30T12:30:58,61.25,1.0,SetByBid
2025-12-30 12:30:58,2025-12-30T12:30:58,61.25,1.0,SetByBid
2025-12-30 12:30:58,2025-12-30T12:30:58,61.26,1.0,SetByBid
2025-12-30 12:30:58,2025-12-30T12:30:58,61.26,1.0,SetByBid
2025-12-30 12:30:58,2025-12-30T12:30:58,61.26,1.0,SetByAsk
2025-12-30 12:30:58,2025-12-30T12:30:58,61.26,1.0,SetByAsk
2025-12-30 12:31:12,2025-12-30T12:31:12,61.27,1.0,SetByBid
2025-12-30 12:31:17,2025-12-30T12:31:17,61.28,1.0,SetByBid
2025-12-30 12:31:17,2025-12-30T12:31:17,61.28,1.0,SetByBid
2025-12-30 12:31:20,2025-12-30T12:31:20,61.29,1.0,SetByBid
2025-12-30 12:31:20,2025-12-30T12:31:20,61.29,2.0,SetByBid
2025-12-30 12:31:20,2025-12-30T12:31:20,61.29,1.0,SetByBid
2025-12-30 12:31:20,2025-12-30T12:31:20,61.29,1.0,SetByBid
2025-12-30 12:31:20,2025-12-30T12:31:20,61.29,1.0,SetByBid
2025-12-30 12:31:20,2025-12-30T12:31:20,61.29,1.0,SetByBid
2025-12-30 12:31:20,2025-12-30T12:31:20,61.29,1.0,SetByBid
2025-12-30 12:31:20,2025-12-30T12:31:20,61.29,3.0,SetByBid
2025-12-30 12:31:20,2025-12-30T12:31:20,61.29,1.0,SetByBid
2025-12-30 12:31:20,2025-12-30T12:31:20,61.29,1.0,SetByBid
2025-12-30 12:31:20,2025-12-30T12:31:20,61.29,4.0,SetByBid
2025-12-30 12:31:20,2025-12-30T12:31:20,61.29,2.0,SetByBid
2025-12-30 12:31:20,2025-12-30T12:31:20,61.29,2.0,SetByBid
2025-12-30 12:31:21,2025-12-30T12:31:21,61.28,1.0,SetByAsk
2025-12-30 12:31:21,2025-12-30T12:31:21,61.28,2.0,SetByAsk
2025-12-30 12:31:25,2025-12-30T12:31:25,61.29,1.0,SetByAsk
2025-12-30 12:31:33,2025-12-30T12:31:33,61.3,2.0,SetByAsk
2025-12-30 12:31:33,2025-12-30T12:31:33,61.3,1.0,SetByAsk
2025-12-30 12:31:34,2025-12-30T12:31:34,61.29,3.0,SetByAsk
2025-12-30 12:31:34,2025-12-30T12:31:34,61.29,1.0,SetByAsk
2025-12-30 12:31:34,2025-12-30T12:31:34,61.29,2.0,SetByAsk
2025-12-30 12:31:34,2025-12-30T12:31:34,61.29,1.0,SetByAsk
2025-12-30 12:31:49,2025-12-30T12:31:49,61.28,1.0,SetByAsk
2025-12-30 12:31:49,2025-12-30T12:31:49,61.28,1.0,SetByAsk
2025-12-30 12:31:49,2025-12-30T12:31:49,61.28,1.0,SetByAsk
2025-12-30 12:31:53,2025-12-30T12:31:53,61.27,1.0,SetByBid
2025-12-30 12:31:55,2025-12-30T12:31:55,61.28,1.0,SetByBid
2025-12-30 12:32:09,2025-12-30T12:32:09,61.27,1.0,SetByAsk
2025-12-30 12:32:09,2025-12-30T12:32:09,61.27,2.0,SetByAsk
2025-12-30 12:32:10,2025-12-30T12:32:10,61.25,1.0,SetByAsk
2025-12-30 12:32:20,2025-12-30T12:32:20,61.23,1.0,SetByAsk
2025-12-30 12:32:50,2025-12-30T12:32:50,61.24,2.0,SetByBid
2025-12-30 12:32:50,2025-12-30T12:32:50,61.24,2.0,SetByBid
2025-12-30 12:32:50,2025-12-30T12:32:50,61.24,2.0,SetByBid
2025-12-30 12:33:17,2025-12-30T12:33:17,61.22,2.0,SetByBid
2025-12-30 12:33:17,2025-12-30T12:33:17,61.22,1.0,SetByBid
2025-12-30 12:33:17,2025-12-30T12:33:17,61.22,1.0,SetByBid
2025-12-30 12:33:17,2025-12-30T12:33:17,61.21,1.0,SetByAsk
2025-12-30 12:33:17,2025-12-30T12:33:17,61.21,1.0,SetByAsk
2025-12-30 12:33:22,2025-12-30T12:33:22,61.21,2.0,SetByBid
2025-12-30 12:33:37,2025-12-30T12:33:37,61.21,1.0,SetByAsk
2025-12-30 12:33:55,2025-12-30T12:33:55,61.2,1.0,SetByBid
2025-12-30 12:33:55,2025-12-30T12:33:55,61.2,1.0,SetByBid
2025-12-30 12:33:55,2025-12-30T12:33:55,61.2,1.0,SetByBid
2025-12-30 12:34:02,2025-12-30T12:34:02,61.18,3.0,SetByAsk
2025-12-30 12:34:02,2025-12-30T12:34:02,61.18,1.0,SetByBid
2025-12-30 12:34:02,2025-12-30T12:34:02,61.18,2.0,SetByBid
2025-12-30 12:34:02,2025-12-30T12:34:02,61.18,2.0,SetByAsk
2025-12-30 12:34:28,2025-12-30T12:34:28,61.18,1.0,SetByAsk
2025-12-30 12:34:28,2025-12-30T12:34:28,61.18,1.0,SetByAsk
2025-12-30 12:34:31,2025-12-30T12:34:31,61.19,1.0,SetByAsk
2025-12-30 12:34:31,2025-12-30T12:34:31,61.19,1.0,SetByAsk
2025-12-30 12:34:44,2025-12-30T12:34:44,61.2,1.0,SetByBid
2025-12-30 12:34:45,2025-12-30T12:34:45,61.2,1.0,SetByBid
2025-12-30 12:35:00,2025-12-30T12:35:00,61.2,1.0,SetByBid
2025-12-30 12:35:07,2025-12-30T12:35:07,61.19,3.0,SetByAsk
2025-12-30 12:35:07,2025-12-30T12:35:07,61.19,2.0,SetByAsk
2025-12-30 12:35:07,2025-12-30T12:35:07,61.19,1.0,SetByAsk
2025-12-30 12:35:07,2025-12-30T12:35:07,61.19,6.0,SetByAsk
2025-12-30 12:35:07,2025-12-30T12:35:07,61.19,4.0,SetByAsk
2025-12-30 12:35:07,2025-12-30T12:35:07,61.19,1.0,SetByAsk
2025-12-30 12:35:07,2025-12-30T12:35:07,61.19,8.0,SetByAsk
2025-12-30 12:35:12,2025-12-30T12:35:12,61.19,1.0,SetByAsk
2025-12-30 12:35:12,2025-12-30T12:35:12,61.19,35.0,SetByAsk
2025-12-30 12:35:12,2025-12-30T12:35:12,61.19,6.0,SetByAsk
2025-12-30 12:35:12,2025-12-30T12:35:12,61.18,2.0,SetByAsk
2025-12-30 12:35:12,2025-12-30T12:35:12,61.18,1.0,SetByBid
2025-12-30 12:35:12,2025-12-30T12:35:12,61.18,1.0,SetByAsk
2025-12-30 12:35:13,2025-12-30T12:35:13,61.2,1.0,SetByBid
2025-12-30 12:35:13,2025-12-30T12:35:13,61.2,1.0,SetByBid
2025-12-30 12:35:13,2025-12-30T12:35:13,61.21,2.0,SetByAsk
2025-12-30 12:35:13,2025-12-30T12:35:13,61.21,1.0,SetByAsk
2025-12-30 12:35:13,2025-12-30T12:35:13,61.21,1.0,SetByAsk
2025-12-30 12:35:21,2025-12-30T12:35:21,61.22,2.0,SetByBid
2025-12-30 12:35:21,2025-12-30T12:35:21,61.23,2.0,SetByBid
2025-12-30 12:35:21,2025-12-30T12:35:21,61.23,1.0,SetByBid
2025-12-30 12:35:21,2025-12-30T12:35:21,61.23,1.0,SetByBid
2025-12-30 12:35:21,2025-12-30T12:35:21,61.23,3.0,SetByBid
2025-12-30 12:35:21,2025-12-30T12:35:21,61.23,1.0,SetByBid
2025-12-30 12:35:48,2025-12-30T12:35:48,61.25,1.0,SetByAsk
2025-12-30 12:36:06,2025-12-30T12:36:06,61.25,1.0,SetByAsk
2025-12-30 12:36:20,2025-12-30T12:36:20,61.25,1.0,SetByAsk
2025-12-30 12:36:50,2025-12-30T12:36:50,61.25,3.0,SetByAsk
2025-12-30 12:36:50,2025-12-30T12:36:50,61.24,1.0,SetByAsk
2025-12-30 12:36:50,2025-12-30T12:36:50,61.24,1.0,SetByAsk
2025-12-30 12:37:33,2025-12-30T12:37:33,61.23,1.0,SetByBid
2025-12-30 12:37:47,2025-12-30T12:37:47,61.24,1.0,SetByBid
2025-12-30 12:37:47,2025-12-30T12:37:47,61.24,1.0,SetByBid
2025-12-30 12:38:18,2025-12-30T12:38:18,61.26,1.0,SetByBid
2025-12-30 12:38:20,2025-12-30T12:38:20,61.26,2.0,SetByAsk
2025-12-30 12:39:34,2025-12-30T12:39:34,61.26,1.0,SetByBid
2025-12-30 12:39:34,2025-12-30T12:39:34,61.26,1.0,SetByAsk
2025-12-30 12:39:34,2025-12-30T12:39:34,61.26,1.0,SetByAsk
2025-12-30 12:39:35,2025-12-30T12:39:35,61.27,1.0,SetByBid
2025-12-30 12:39:44,2025-12-30T12:39:44,61.27,1.0,SetByBid
2025-12-30 12:39:51,2025-12-30T12:39:51,61.26,1.0,SetByAsk
2025-12-30 12:39:51,2025-12-30T12:39:51,61.28,1.0,SetByBid
2025-12-30 12:40:28,2025-12-30T12:40:28,61.28,2.0,SetByAsk
2025-12-30 12:40:34,2025-12-30T12:40:34,61.29,1.0,SetByBid
2025-12-30 12:40:34,2025-12-30T12:40:34,61.29,1.0,SetByAsk
2025-12-30 12:40:34,2025-12-30T12:40:34,61.29,1.0,SetByAsk
2025-12-30 12:40:34,2025-12-30T12:40:34,61.29,1.0,SetByAsk
2025-12-30 12:40:49,2025-12-30T12:40:49,61.28,1.0,SetByAsk
2025-12-30 12:41:00,2025-12-30T12:41:00,61.28,1.0,SetByAsk
2025-12-30 12:41:23,2025-12-30T12:41:23,61.25,1.0,SetByAsk
2025-12-30 12:41:31,2025-12-30T12:41:31,61.27,2.0,SetByAsk
2025-12-30 12:41:54,2025-12-30T12:41:54,61.28,1.0,SetByAsk
2025-12-30 12:42:20,2025-12-30T12:42:20,61.26,1.0,SetByBid
2025-12-30 12:42:44,2025-12-30T12:42:44,61.26,1.0,SetByAsk
2025-12-30 12:42:44,2025-12-30T12:42:44,61.26,2.0,SetByAsk
2025-12-30 12:42:44,2025-12-30T12:42:44,61.26,1.0,"SetByAsk, Leg"
2025-12-30 12:42:44,2025-12-30T12:42:44,61.25,1.0,"SetByAsk, Leg"
2025-12-30 12:42:51,2025-12-30T12:42:51,61.25,2.0,SetByAsk
2025-12-30 12:43:12,2025-12-30T12:43:12,61.25,2.0,SetByAsk
2025-12-30 12:43:12,2025-12-30T12:43:12,61.25,1.0,SetByAsk
2025-12-30 12:43:43,2025-12-30T12:43:43,61.25,1.0,SetByAsk
2025-12-30 12:44:22,2025-12-30T12:44:22,61.25,1.0,SetByAsk
2025-12-30 12:45:25,2025-12-30T12:45:25,61.25,1.0,SetByAsk
2025-12-30 12:45:53,2025-12-30T12:45:53,61.27,1.0,SetByAsk
2025-12-30 12:45:56,2025-12-30T12:45:56,61.27,1.0,SetByAsk
2025-12-30 12:46:42,2025-12-30T12:46:42,61.25,1.0,SetByAsk
2025-12-30 12:46:42,2025-12-30T12:46:42,61.25,1.0,SetByAsk
2025-12-30 12:46:49,2025-12-30T12:46:49,61.25,1.0,SetByBid
2025-12-30 12:47:50,2025-12-30T12:47:50,61.26,1.0,SetByAsk
2025-12-30 12:47:50,2025-12-30T12:47:50,61.26,2.0,SetByAsk
2025-12-30 12:47:50,2025-12-30T12:47:50,61.26,2.0,SetByAsk
2025-12-30 12:47:50,2025-12-30T12:47:50,61.26,1.0,SetByAsk
2025-12-30 12:47:50,2025-12-30T12:47:50,61.25,2.0,SetByAsk
2025-12-30 12:47:50,2025-12-30T12:47:50,61.25,1.0,SetByAsk
2025-12-30 12:47:50,2025-12-30T12:47:50,61.25,1.0,SetByAsk
2025-12-30 12:47:50,2025-12-30T12:47:50,61.25,3.0,SetByAsk
2025-12-30 12:47:50,2025-12-30T12:47:50,61.25,1.0,SetByAsk
2025-12-30 12:47:50,2025-12-30T12:47:50,61.25,1.0,SetByAsk
2025-12-30 12:47:50,2025-12-30T12:47:50,61.25,1.0,SetByAsk
2025-12-30 12:47:50,2025-12-30T12:47:50,61.25,1.0,SetByAsk
2025-12-30 12:47:50,2025-12-30T12:47:50,61.25,1.0,SetByAsk
2025-12-30 12:47:50,2025-12-30T12:47:50,61.25,1.0,SetByAsk
2025-12-30 12:47:50,2025-12-30T12:47:50,61.25,1.0,SetByAsk
2025-12-30 12:47:50,2025-12-30T12:47:50,61.25,1.0,SetByAsk
2025-12-30 12:47:50,2025-12-30T12:47:50,61.25,1.0,SetByAsk
2025-12-30 12:47:50,2025-12-30T12:47:50,61.25,1.0,SetByAsk
2025-12-30 12:47:50,2025-12-30T12:47:50,61.25,1.0,SetByAsk
2025-12-30 12:47:50,2025-12-30T12:47:50,61.25,1.0,SetByAsk
2025-12-30 12:47:50,2025-12-30T12:47:50,61.25,1.0,SetByAsk
2025-12-30 12:47:50,2025-12-30T12:47:50,61.25,2.0,SetByAsk
2025-12-30 12:47:50,2025-12-30T12:47:50,61.24,1.0,SetByAsk
2025-12-30 12:47:50,2025-12-30T12:47:50,61.24,1.0,SetByAsk
2025-12-30 12:47:50,2025-12-30T12:47:50,61.24,2.0,SetByAsk
2025-12-30 12:47:50,2025-12-30T12:47:50,61.24,1.0,SetByAsk
2025-12-30 12:47:50,2025-12-30T12:47:50,61.24,1.0,SetByAsk
2025-12-30 12:47:50,2025-12-30T12:47:50,61.24,1.0,SetByAsk
2025-12-30 12:47:50,2025-12-30T12:47:50,61.24,1.0,SetByAsk
2025-12-30 12:47:50,2025-12-30T12:47:50,61.24,1.0,SetByAsk
2025-12-30 12:47:50,2025-12-30T12:47:50,61.24,1.0,SetByAsk
2025-12-30 12:47:50,2025-12-30T12:47:50,61.24,1.0,SetByAsk
2025-12-30 12:47:50,2025-12-30T12:47:50,61.23,2.0,SetByAsk
2025-12-30 12:47:50,2025-12-30T12:47:50,61.23,1.0,SetByBid
2025-12-30 12:47:50,2025-12-30T12:47:50,61.23,2.0,SetByAsk
2025-12-30 12:48:16,2025-12-30T12:48:16,61.25,1.0,SetByAsk
2025-12-30 12:48:16,2025-12-30T12:48:16,61.25,2.0,SetByAsk
2025-12-30 12:48:18,2025-12-30T12:48:18,61.25,1.0,SetByBid
2025-12-30 12:48:18,2025-12-30T12:48:18,61.25,4.0,SetByBid
2025-12-30 12:48:18,2025-12-30T12:48:18,61.25,1.0,SetByBid
2025-12-30 12:48:18,2025-12-30T12:48:18,61.25,1.0,SetByBid
2025-12-30 12:48:18,2025-12-30T12:48:18,61.26,1.0,SetByAsk
2025-12-30 12:48:25,2025-12-30T12:48:25,61.26,2.0,SetByBid
2025-12-30 12:48:25,2025-12-30T12:48:25,61.26,2.0,SetByBid
2025-12-30 12:48:25,2025-12-30T12:48:25,61.26,1.0,SetByBid
2025-12-30 12:48:25,2025-12-30T12:48:25,61.27,1.0,SetByBid
2025-12-30 12:48:25,2025-12-30T12:48:25,61.27,2.0,SetByBid
2025-12-30 12:48:25,2025-12-30T12:48:25,61.27,1.0,SetByBid
2025-12-30 12:48:25,2025-12-30T12:48:25,61.27,1.0,SetByBid
2025-12-30 12:48:25,2025-12-30T12:48:25,61.27,3.0,SetByBid
2025-12-30 12:48:25,2025-12-30T12:48:25,61.27,2.0,SetByBid
2025-12-30 12:48:25,2025-12-30T12:48:25,61.27,1.0,SetByBid
2025-12-30 12:48:25,2025-12-30T12:48:25,61.27,1.0,SetByBid
2025-12-30 12:48:25,2025-12-30T12:48:25,61.27,1.0,SetByBid
2025-12-30 12:48:25,2025-12-30T12:48:25,61.27,1.0,SetByBid
2025-12-30 12:48:25,2025-12-30T12:48:25,61.27,1.0,SetByBid
2025-12-30 12:48:25,2025-12-30T12:48:25,61.27,1.0,SetByBid
2025-12-30 12:48:25,2025-12-30T12:48:25,61.27,1.0,SetByBid
2025-12-30 12:48:25,2025-12-30T12:48:25,61.27,1.0,SetByBid
2025-12-30 12:48:25,2025-12-30T12:48:25,61.27,1.0,SetByBid
2025-12-30 12:48:25,2025-12-30T12:48:25,61.28,1.0,SetByBid
2025-12-30 12:48:25,2025-12-30T12:48:25,61.28,3.0,SetByBid
2025-12-30 12:49:01,2025-12-30T12:49:01,61.28,1.0,SetByAsk
2025-12-30 12:49:11,2025-12-30T12:49:11,61.28,1.0,SetByAsk
2025-12-30 12:49:28,2025-12-30T12:49:28,61.28,1.0,SetByAsk
2025-12-30 12:49:28,2025-12-30T12:49:28,61.28,1.0,SetByAsk
2025-12-30 12:49:57,2025-12-30T12:49:57,61.27,1.0,SetByAsk
2025-12-30 12:49:58,2025-12-30T12:49:58,61.27,2.0,SetByAsk
2025-12-30 12:49:58,2025-12-30T12:49:58,61.27,1.0,SetByAsk
2025-12-30 12:49:58,2025-12-30T12:49:58,61.27,1.0,SetByAsk
2025-12-30 12:50:06,2025-12-30T12:50:06,61.26,1.0,SetByAsk
2025-12-30 12:50:12,2025-12-30T12:50:12,61.27,2.0,SetByBid
2025-12-30 12:50:12,2025-12-30T12:50:12,61.27,1.0,SetByBid
2025-12-30 12:50:12,2025-12-30T12:50:12,61.27,1.0,SetByBid
2025-12-30 12:50:12,2025-12-30T12:50:12,61.27,1.0,SetByBid
2025-12-30 12:50:12,2025-12-30T12:50:12,61.27,1.0,SetByBid
2025-12-30 12:50:12,2025-12-30T12:50:12,61.27,1.0,SetByBid
2025-12-30 12:50:12,2025-12-30T12:50:12,61.27,1.0,SetByAsk
2025-12-30 12:50:12,2025-12-30T12:50:12,61.27,1.0,SetByAsk
2025-12-30 12:50:23,2025-12-30T12:50:23,61.27,1.0,SetByAsk
2025-12-30 12:50:56,2025-12-30T12:50:56,61.25,2.0,SetByAsk
2025-12-30 12:50:56,2025-12-30T12:50:56,61.25,1.0,SetByAsk
2025-12-30 12:50:56,2025-12-30T12:50:56,61.25,1.0,SetByAsk
2025-12-30 12:50:56,2025-12-30T12:50:56,61.25,2.0,SetByAsk
2025-12-30 12:50:56,2025-12-30T12:50:56,61.25,2.0,SetByAsk
2025-12-30 12:50:56,2025-12-30T12:50:56,61.25,1.0,SetByAsk
2025-12-30 12:50:56,2025-12-30T12:50:56,61.24,1.0,SetByAsk
2025-12-30 12:50:56,2025-12-30T12:50:56,61.24,2.0,SetByAsk
2025-12-30 12:50:56,2025-12-30T12:50:56,61.24,2.0,SetByAsk
2025-12-30 12:50:56,2025-12-30T12:50:56,61.24,1.0,SetByAsk
2025-12-30 12:50:56,2025-12-30T12:50:56,61.24,1.0,SetByAsk
2025-12-30 12:50:56,2025-12-30T12:50:56,61.24,3.0,SetByAsk
2025-12-30 12:50:56,2025-12-30T12:50:56,61.24,1.0,SetByAsk
2025-12-30 12:50:56,2025-12-30T12:50:56,61.24,1.0,SetByAsk
2025-12-30 12:50:56,2025-12-30T12:50:56,61.24,1.0,SetByAsk
2025-12-30 12:50:56,2025-12-30T12:50:56,61.23,2.0,SetByAsk
2025-12-30 12:50:56,2025-12-30T12:50:56,61.23,1.0,SetByAsk
2025-12-30 12:50:56,2025-12-30T12:50:56,61.23,1.0,SetByBid
2025-12-30 12:50:56,2025-12-30T12:50:56,61.22,1.0,SetByAsk
2025-12-30 12:50:56,2025-12-30T12:50:56,61.22,1.0,SetByAsk
2025-12-30 12:50:56,2025-12-30T12:50:56,61.22,1.0,SetByBid
2025-12-30 12:50:56,2025-12-30T12:50:56,61.22,1.0,SetByBid
2025-12-30 12:50:56,2025-12-30T12:50:56,61.23,2.0,SetByBid
2025-12-30 12:50:56,2025-12-30T12:50:56,61.23,1.0,SetByBid
2025-12-30 12:50:56,2025-12-30T12:50:56,61.23,1.0,SetByBid
2025-12-30 12:50:56,2025-12-30T12:50:56,61.23,1.0,SetByBid
2025-12-30 12:50:56,2025-12-30T12:50:56,61.23,1.0,SetByBid
2025-12-30 12:50:56,2025-12-30T12:50:56,61.24,1.0,SetByBid
2025-12-30 12:50:56,2025-12-30T12:50:56,61.24,1.0,SetByBid
2025-12-30 12:50:56,2025-12-30T12:50:56,61.24,2.0,SetByBid
2025-12-30 12:50:56,2025-12-30T12:50:56,61.24,1.0,SetByBid
2025-12-30 12:50:56,2025-12-30T12:50:56,61.24,1.0,SetByBid
2025-12-30 12:50:56,2025-12-30T12:50:56,61.24,1.0,SetByBid
2025-12-30 12:50:56,2025-12-30T12:50:56,61.24,1.0,SetByBid
2025-12-30 12:50:56,2025-12-30T12:50:56,61.24,1.0,SetByBid
2025-12-30 12:50:56,2025-12-30T12:50:56,61.23,1.0,SetByAsk
2025-12-30 12:50:56,2025-12-30T12:50:56,61.24,1.0,SetByAsk
2025-12-30 12:50:56,2025-12-30T12:50:56,61.24,1.0,SetByAsk
2025-12-30 12:50:56,2025-12-30T12:50:56,61.24,2.0,SetByAsk
2025-12-30 12:50:56,2025-12-30T12:50:56,61.24,1.0,SetByAsk
2025-12-30 12:50:56,2025-12-30T12:50:56,61.24,2.0,SetByAsk
2025-12-30 12:50:56,2025-12-30T12:50:56,61.24,1.0,SetByBid
2025-12-30 12:50:59,2025-12-30T12:50:59,61.24,2.0,SetByBid
2025-12-30 12:50:59,2025-12-30T12:50:59,61.24,1.0,SetByBid
2025-12-30 12:51:57,2025-12-30T12:51:57,61.26,1.0,SetByAsk
2025-12-30 12:52:18,2025-12-30T12:52:18,61.26,1.0,SetByBid
2025-12-30 12:52:49,2025-12-30T12:52:49,61.26,1.0,SetByAsk
2025-12-30 12:53:30,2025-12-30T12:53:30,61.25,1.0,SetByBid
2025-12-30 12:53:30,2025-12-30T12:53:30,61.25,1.0,SetByBid
2025-12-30 12:53:30,2025-12-30T12:53:30,61.25,1.0,SetByBid
2025-12-30 12:54:18,2025-12-30T12:54:18,61.25,1.0,SetByAsk
2025-12-30 12:54:18,2025-12-30T12:54:18,61.25,1.0,SetByAsk
2025-12-30 12:54:32,2025-12-30T12:54:32,61.25,1.0,SetByBid
2025-12-30 12:54:39,2025-12-30T12:54:39,61.25,1.0,SetByAsk
2025-12-30 12:54:39,2025-12-30T12:54:39,61.25,1.0,SetByAsk
2025-12-30 12:55:16,2025-12-30T12:55:16,61.25,1.0,SetByAsk
2025-12-30 12:55:16,2025-12-30T12:55:16,61.25,2.0,SetByAsk
2025-12-30 12:56:03,2025-12-30T12:56:03,61.25,10.0,SetByBid
2025-12-30 12:56:27,2025-12-30T12:56:27,61.26,2.0,SetByBid
2025-12-30 12:56:27,2025-12-30T12:56:27,61.26,1.0,SetByBid
2025-12-30 12:56:27,2025-12-30T12:56:27,61.26,1.0,SetByBid
2025-12-30 12:56:27,2025-12-30T12:56:27,61.26,1.0,SetByBid
2025-12-30 12:56:27,2025-12-30T12:56:27,61.26,1.0,SetByBid
2025-12-30 12:56:27,2025-12-30T12:56:27,61.26,1.0,SetByBid
2025-12-30 12:56:27,2025-12-30T12:56:27,61.26,1.0,SetByBid
2025-12-30 12:56:27,2025-12-30T12:56:27,61.26,1.0,SetByBid
2025-12-30 12:56:27,2025-12-30T12:56:27,61.26,1.0,SetByBid
2025-12-30 12:56:27,2025-12-30T12:56:27,61.26,1.0,SetByBid
2025-12-30 12:56:27,2025-12-30T12:56:27,61.26,1.0,SetByBid
2025-12-30 12:56:27,2025-12-30T12:56:27,61.26,1.0,SetByBid
2025-12-30 12:56:27,2025-12-30T12:56:27,61.26,1.0,SetByBid
2025-12-30 12:56:27,2025-12-30T12:56:27,61.26,1.0,SetByAsk
2025-12-30 12:56:29,2025-12-30T12:56:29,61.26,1.0,SetByAsk
2025-12-30 12:56:29,2025-12-30T12:56:29,61.25,1.0,SetByAsk
2025-12-30 12:56:48,2025-12-30T12:56:48,61.28,1.0,SetByBid
2025-12-30 12:56:53,2025-12-30T12:56:53,61.29,1.0,SetByBid
2025-12-30 12:56:59,2025-12-30T12:56:59,61.3,1.0,SetByBid
2025-12-30 12:57:01,2025-12-30T12:57:01,61.31,1.0,SetByBid
2025-12-30 12:57:01,2025-12-30T12:57:01,61.31,1.0,SetByBid
2025-12-30 12:57:02,2025-12-30T12:57:02,61.3,1.0,SetByAsk
2025-12-30 12:57:02,2025-12-30T12:57:02,61.3,1.0,SetByAsk
2025-12-30 12:57:04,2025-12-30T12:57:04,61.3,1.0,SetByAsk
2025-12-30 12:57:28,2025-12-30T12:57:28,61.31,2.0,SetByBid
2025-12-30 12:57:28,2025-12-30T12:57:28,61.31,1.0,SetByBid
2025-12-30 12:57:28,2025-12-30T12:57:28,61.31,1.0,SetByBid
2025-12-30 12:57:28,2025-12-30T12:57:28,61.31,1.0,SetByBid
2025-12-30 12:57:28,2025-12-30T12:57:28,61.31,1.0,SetByBid
2025-12-30 12:57:28,2025-12-30T12:57:28,61.31,1.0,SetByBid
2025-12-30 12:57:28,2025-12-30T12:57:28,61.31,1.0,SetByBid
2025-12-30 12:57:28,2025-12-30T12:57:28,61.31,2.0,SetByBid
2025-12-30 12:57:28,2025-12-30T12:57:28,61.31,1.0,SetByBid
2025-12-30 12:57:28,2025-12-30T12:57:28,61.31,2.0,SetByBid
2025-12-30 12:57:28,2025-12-30T12:57:28,61.31,1.0,SetByBid
2025-12-30 12:57:28,2025-12-30T12:57:28,61.31,4.0,SetByBid
2025-12-30 12:57:28,2025-12-30T12:57:28,61.31,1.0,SetByBid
2025-12-30 12:57:28,2025-12-30T12:57:28,61.31,1.0,SetByBid
2025-12-30 12:57:28,2025-12-30T12:57:28,61.31,1.0,SetByBid
2025-12-30 12:57:28,2025-12-30T12:57:28,61.31,1.0,SetByBid
2025-12-30 12:57:28,2025-12-30T12:57:28,61.31,1.0,SetByBid
2025-12-30 12:57:28,2025-12-30T12:57:28,61.31,1.0,SetByBid
2025-12-30 12:57:28,2025-12-30T12:57:28,61.31,1.0,SetByBid
2025-12-30 12:57:28,2025-12-30T12:57:28,61.31,1.0,SetByBid
2025-12-30 12:57:28,2025-12-30T12:57:28,61.31,1.0,SetByBid
2025-12-30 12:57:28,2025-12-30T12:57:28,61.31,1.0,SetByBid
2025-12-30 12:57:28,2025-12-30T12:57:28,61.31,1.0,SetByBid
2025-12-30 12:57:28,2025-12-30T12:57:28,61.31,1.0,SetByBid
2025-12-30 12:57:28,2025-12-30T12:57:28,61.31,1.0,SetByAsk
2025-12-30 12:57:28,2025-12-30T12:57:28,61.31,1.0,SetByAsk
2025-12-30 12:57:28,2025-12-30T12:57:28,61.31,18.0,SetByAsk
2025-12-30 12:57:31,2025-12-30T12:57:31,61.3,1.0,SetByAsk
2025-12-30 12:57:55,2025-12-30T12:57:55,61.28,1.0,SetByAsk
2025-12-30 12:57:58,2025-12-30T12:57:58,61.29,1.0,SetByBid
2025-12-30 12:57:58,2025-12-30T12:57:58,61.29,2.0,SetByBid
2025-12-30 12:57:58,2025-12-30T12:57:58,61.29,2.0,SetByBid
2025-12-30 12:57:58,2025-12-30T12:57:58,61.29,1.0,SetByBid
2025-12-30 12:57:58,2025-12-30T12:57:58,61.29,1.0,SetByBid
2025-12-30 12:57:58,2025-12-30T12:57:58,61.29,3.0,SetByBid
2025-12-30 12:57:58,2025-12-30T12:57:58,61.29,1.0,SetByBid
2025-12-30 12:57:58,2025-12-30T12:57:58,61.29,1.0,SetByBid
2025-12-30 12:57:58,2025-12-30T12:57:58,61.29,38.0,SetByAsk
2025-12-30 12:58:00,2025-12-30T12:58:00,61.29,1.0,SetByBid
2025-12-30 12:58:00,2025-12-30T12:58:00,61.29,1.0,SetByBid
2025-12-30 12:58:15,2025-12-30T12:58:15,61.31,1.0,SetByAsk
2025-12-30 12:58:22,2025-12-30T12:58:22,61.32,2.0,SetByBid
2025-12-30 12:58:22,2025-12-30T12:58:22,61.32,1.0,SetByBid
2025-12-30 12:58:22,2025-12-30T12:58:22,61.32,1.0,SetByBid
2025-12-30 12:58:22,2025-12-30T12:58:22,61.32,1.0,SetByBid
2025-12-30 12:58:22,2025-12-30T12:58:22,61.32,1.0,SetByBid
2025-12-30 12:58:22,2025-12-30T12:58:22,61.32,1.0,SetByBid
2025-12-30 12:58:22,2025-12-30T12:58:22,61.32,1.0,SetByBid
2025-12-30 12:58:22,2025-12-30T12:58:22,61.32,1.0,SetByBid
2025-12-30 12:58:22,2025-12-30T12:58:22,61.32,1.0,SetByBid
2025-12-30 12:58:22,2025-12-30T12:58:22,61.32,1.0,SetByBid
2025-12-30 12:58:22,2025-12-30T12:58:22,61.32,1.0,SetByBid
2025-12-30 12:58:22,2025-12-30T12:58:22,61.32,1.0,SetByBid
2025-12-30 12:58:22,2025-12-30T12:58:22,61.32,1.0,SetByBid
2025-12-30 12:58:22,2025-12-30T12:58:22,61.32,1.0,SetByBid
2025-12-30 12:58:22,2025-12-30T12:58:22,61.32,1.0,SetByBid
2025-12-30 12:58:22,2025-12-30T12:58:22,61.33,1.0,SetByBid
2025-12-30 12:58:22,2025-12-30T12:58:22,61.33,1.0,SetByBid
2025-12-30 12:58:22,2025-12-30T12:58:22,61.33,1.0,SetByBid
2025-12-30 12:58:22,2025-12-30T12:58:22,61.33,5.0,SetByBid
2025-12-30 12:58:22,2025-12-30T12:58:22,61.33,1.0,SetByBid
2025-12-30 12:58:22,2025-12-30T12:58:22,61.33,1.0,SetByBid
2025-12-30 12:58:22,2025-12-30T12:58:22,61.33,1.0,SetByBid
2025-12-30 12:58:22,2025-12-30T12:58:22,61.33,1.0,SetByBid
2025-12-30 12:58:22,2025-12-30T12:58:22,61.33,1.0,SetByBid
2025-12-30 12:58:22,2025-12-30T12:58:22,61.33,1.0,SetByBid
2025-12-30 12:58:22,2025-12-30T12:58:22,61.33,1.0,SetByBid
2025-12-30 12:58:22,2025-12-30T12:58:22,61.33,1.0,SetByBid
2025-12-30 12:58:22,2025-12-30T12:58:22,61.33,1.0,SetByBid
2025-12-30 12:58:22,2025-12-30T12:58:22,61.33,1.0,SetByBid
2025-12-30 12:58:22,2025-12-30T12:58:22,61.33,2.0,SetByBid
2025-12-30 12:58:22,2025-12-30T12:58:22,61.33,1.0,SetByBid
2025-12-30 12:58:22,2025-12-30T12:58:22,61.33,5.0,SetByBid
2025-12-30 12:58:22,2025-12-30T12:58:22,61.33,1.0,SetByBid
2025-12-30 12:58:22,2025-12-30T12:58:22,61.33,4.0,SetByBid
2025-12-30 12:58:22,2025-12-30T12:58:22,61.33,1.0,SetByBid
2025-12-30 12:58:22,2025-12-30T12:58:22,61.33,1.0,SetByBid
2025-12-30 12:58:22,2025-12-30T12:58:22,61.33,1.0,SetByBid
2025-12-30 12:58:22,2025-12-30T12:58:22,61.32,1.0,SetByAsk
2025-12-30 12:58:22,2025-12-30T12:58:22,61.32,2.0,SetByAsk
2025-12-30 12:58:22,2025-12-30T12:58:22,61.32,1.0,SetByAsk
2025-12-30 12:58:33,2025-12-30T12:58:33,61.31,1.0,SetByAsk
2025-12-30 12:58:40,2025-12-30T12:58:40,61.31,2.0,SetByAsk
2025-12-30 12:58:40,2025-12-30T12:58:40,61.3,3.0,SetByAsk
2025-12-30 12:58:40,2025-12-30T12:58:40,61.3,6.0,SetByAsk
2025-12-30 12:58:55,2025-12-30T12:58:55,61.28,1.0,SetByAsk
2025-12-30 12:59:08,2025-12-30T12:59:08,61.27,1.0,SetByBid
2025-12-30 12:59:25,2025-12-30T12:59:25,61.26,1.0,SetByBid
2025-12-30 12:59:51,2025-12-30T12:59:51,61.27,1.0,SetByAsk
2025-12-30 13:00:00,2025-12-30T13:00:00,61.28,3.0,SetByBid
2025-12-30 13:00:00,2025-12-30T13:00:00,61.28,1.0,SetByBid
2025-12-30 13:00:00,2025-12-30T13:00:00,61.28,1.0,SetByBid
2025-12-30 13:00:00,2025-12-30T13:00:00,61.28,5.0,SetByBid
2025-12-30 13:00:00,2025-12-30T13:00:00,61.24,1.0,SetByBid
2025-12-30 13:00:00,2025-12-30T13:00:00,61.25,1.0,SetByBid
2025-12-30 13:00:00,2025-12-30T13:00:00,61.25,1.0,SetByBid
2025-12-30 13:00:00,2025-12-30T13:00:00,61.25,1.0,SetByBid
2025-12-30 13:00:00,2025-12-30T13:00:00,61.25,1.0,SetByBid
2025-12-30 13:00:00,2025-12-30T13:00:00,61.25,1.0,SetByBid
2025-12-30 13:00:01,2025-12-30T13:00:01,61.24,1.0,SetByAsk
2025-12-30 13:00:03,2025-12-30T13:00:03,61.24,1.0,SetByAsk
2025-12-30 13:00:05,2025-12-30T13:00:05,61.23,1.0,SetByAsk
2025-12-30 13:00:06,2025-12-30T13:00:06,61.22,3.0,"SetByAsk, Leg"
2025-12-30 13:00:06,2025-12-30T13:00:06,61.21,3.0,"SetByAsk, Leg"
2025-12-30 13:00:06,2025-12-30T13:00:06,61.21,1.0,SetByAsk
2025-12-30 13:00:07,2025-12-30T13:00:07,61.24,2.0,SetByBid
2025-12-30 13:00:20,2025-12-30T13:00:20,61.24,1.0,SetByAsk
2025-12-30 13:00:39,2025-12-30T13:00:39,61.25,1.0,SetByAsk
2025-12-30 13:01:24,2025-12-30T13:01:24,61.28,1.0,SetByAsk
2025-12-30 13:01:41,2025-12-30T13:01:41,61.27,2.0,SetByAsk
2025-12-30 13:01:41,2025-12-30T13:01:41,61.27,1.0,SetByAsk
2025-12-30 13:01:41,2025-12-30T13:01:41,61.27,2.0,SetByAsk
2025-12-30 13:01:41,2025-12-30T13:01:41,61.27,1.0,SetByAsk
2025-12-30 13:01:41,2025-12-30T13:01:41,61.27,5.0,SetByAsk
2025-12-30 13:01:41,2025-12-30T13:01:41,61.27,1.0,SetByBid
2025-12-30 13:01:41,2025-12-30T13:01:41,61.27,1.0,SetByBid
2025-12-30 13:01:41,2025-12-30T13:01:41,61.27,1.0,SetByBid
2025-12-30 13:01:41,2025-12-30T13:01:41,61.27,1.0,SetByBid
2025-12-30 13:02:11,2025-12-30T13:02:11,61.28,1.0,SetByAsk
2025-12-30 13:02:22,2025-12-30T13:02:22,61.27,3.0,SetByAsk
2025-12-30 13:02:35,2025-12-30T13:02:35,61.27,2.0,SetByAsk
2025-12-30 13:02:35,2025-12-30T13:02:35,61.27,2.0,SetByAsk
2025-12-30 13:02:35,2025-12-30T13:02:35,61.27,1.0,SetByAsk
2025-12-30 13:02:35,2025-12-30T13:02:35,61.26,1.0,SetByAsk
2025-12-30 13:02:35,2025-12-30T13:02:35,61.25,1.0,SetByAsk
2025-12-30 13:02:35,2025-12-30T13:02:35,61.25,1.0,SetByAsk
2025-12-30 13:02:35,2025-12-30T13:02:35,61.25,1.0,SetByAsk
2025-12-30 13:02:35,2025-12-30T13:02:35,61.25,3.0,SetByAsk
2025-12-30 13:02:35,2025-12-30T13:02:35,61.25,5.0,SetByAsk
2025-12-30 13:02:35,2025-12-30T13:02:35,61.25,2.0,SetByAsk
2025-12-30 13:02:35,2025-12-30T13:02:35,61.25,1.0,SetByAsk
2025-12-30 13:02:35,2025-12-30T13:02:35,61.25,1.0,SetByAsk
2025-12-30 13:02:35,2025-12-30T13:02:35,61.25,3.0,SetByAsk
2025-12-30 13:02:35,2025-12-30T13:02:35,61.25,1.0,SetByAsk
2025-12-30 13:02:35,2025-12-30T13:02:35,61.25,1.0,SetByAsk
2025-12-30 13:02:35,2025-12-30T13:02:35,61.25,1.0,SetByBid
2025-12-30 13:02:35,2025-12-30T13:02:35,61.24,1.0,SetByAsk
2025-12-30 13:02:35,2025-12-30T13:02:35,61.24,3.0,SetByAsk
2025-12-30 13:02:40,2025-12-30T13:02:40,61.26,1.0,SetByAsk
2025-12-30 13:02:50,2025-12-30T13:02:50,61.29,1.0,SetByAsk
2025-12-30 13:03:01,2025-12-30T13:03:01,61.27,1.0,SetByAsk
2025-12-30 13:03:20,2025-12-30T13:03:20,61.25,1.0,SetByAsk
2025-12-30 13:03:38,2025-12-30T13:03:38,61.24,2.0,SetByBid
2025-12-30 13:03:38,2025-12-30T13:03:38,61.24,1.0,SetByBid
2025-12-30 13:04:05,2025-12-30T13:04:05,61.24,1.0,SetByAsk
2025-12-30 13:04:32,2025-12-30T13:04:32,61.26,1.0,SetByBid
2025-12-30 13:04:33,2025-12-30T13:04:33,61.27,1.0,SetByAsk
2025-12-30 13:04:52,2025-12-30T13:04:52,61.27,1.0,SetByBid
2025-12-30 13:04:52,2025-12-30T13:04:52,61.27,1.0,SetByBid
2025-12-30 13:05:01,2025-12-30T13:05:01,61.26,1.0,SetByAsk
2025-12-30 13:05:07,2025-12-30T13:05:07,61.26,1.0,SetByBid
2025-12-30 13:05:12,2025-12-30T13:05:12,61.28,1.0,SetByBid
2025-12-30 13:05:12,2025-12-30T13:05:12,61.28,1.0,SetByBid
2025-12-30 13:05:12,2025-12-30T13:05:12,61.28,1.0,SetByBid
2025-12-30 13:05:15,2025-12-30T13:05:15,61.28,1.0,SetByBid
2025-12-30 13:05:15,2025-12-30T13:05:15,61.28,1.0,SetByBid
2025-12-30 13:05:15,2025-12-30T13:05:15,61.28,1.0,SetByBid
2025-12-30 13:05:23,2025-12-30T13:05:23,61.28,1.0,SetByAsk
2025-12-30 13:05:47,2025-12-30T13:05:47,61.3,2.0,SetByBid
2025-12-30 13:05:47,2025-12-30T13:05:47,61.3,2.0,SetByBid
2025-12-30 13:05:47,2025-12-30T13:05:47,61.3,5.0,SetByBid
2025-12-30 13:05:47,2025-12-30T13:05:47,61.3,1.0,SetByBid
2025-12-30 13:05:47,2025-12-30T13:05:47,61.3,1.0,SetByBid
2025-12-30 13:05:47,2025-12-30T13:05:47,61.3,2.0,SetByBid
2025-12-30 13:05:47,2025-12-30T13:05:47,61.3,1.0,SetByBid
2025-12-30 13:05:47,2025-12-30T13:05:47,61.3,3.0,SetByBid
2025-12-30 13:05:47,2025-12-30T13:05:47,61.31,1.0,SetByBid
2025-12-30 13:05:47,2025-12-30T13:05:47,61.31,2.0,SetByBid
2025-12-30 13:05:47,2025-12-30T13:05:47,61.31,1.0,SetByBid
2025-12-30 13:05:47,2025-12-30T13:05:47,61.31,3.0,SetByBid
2025-12-30 13:05:47,2025-12-30T13:05:47,61.31,1.0,SetByBid
2025-12-30 13:05:47,2025-12-30T13:05:47,61.32,1.0,SetByAsk
2025-12-30 13:05:47,2025-12-30T13:05:47,61.32,3.0,SetByAsk
2025-12-30 13:05:47,2025-12-30T13:05:47,61.32,1.0,SetByAsk
2025-12-30 13:05:47,2025-12-30T13:05:47,61.33,2.0,SetByBid
2025-12-30 13:05:47,2025-12-30T13:05:47,61.33,1.0,SetByBid
2025-12-30 13:05:47,2025-12-30T13:05:47,61.33,1.0,SetByBid
2025-12-30 13:05:47,2025-12-30T13:05:47,61.33,1.0,SetByBid
2025-12-30 13:05:47,2025-12-30T13:05:47,61.33,1.0,SetByBid
2025-12-30 13:05:47,2025-12-30T13:05:47,61.33,1.0,SetByBid
2025-12-30 13:05:47,2025-12-30T13:05:47,61.33,1.0,SetByBid
2025-12-30 13:05:47,2025-12-30T13:05:47,61.33,1.0,SetByBid
2025-12-30 13:05:47,2025-12-30T13:05:47,61.33,1.0,SetByBid
2025-12-30 13:05:47,2025-12-30T13:05:47,61.33,1.0,SetByBid
2025-12-30 13:05:47,2025-12-30T13:05:47,61.33,1.0,SetByBid
2025-12-30 13:05:47,2025-12-30T13:05:47,61.33,1.0,SetByBid
2025-12-30 13:05:47,2025-12-30T13:05:47,61.33,1.0,SetByBid
2025-12-30 13:05:47,2025-12-30T13:05:47,61.33,1.0,SetByBid
2025-12-30 13:05:47,2025-12-30T13:05:47,61.33,1.0,SetByBid
2025-12-30 13:05:47,2025-12-30T13:05:47,61.33,1.0,SetByBid
2025-12-30 13:05:47,2025-12-30T13:05:47,61.33,1.0,SetByBid
2025-12-30 13:05:48,2025-12-30T13:05:48,61.33,2.0,SetByAsk
2025-12-30 13:05:48,2025-12-30T13:05:48,61.32,1.0,SetByAsk
2025-12-30 13:05:48,2025-12-30T13:05:48,61.32,1.0,SetByAsk
2025-12-30 13:05:48,2025-12-30T13:05:48,61.32,2.0,SetByAsk
2025-12-30 13:05:48,2025-12-30T13:05:48,61.31,1.0,SetByAsk
2025-12-30 13:05:48,2025-12-30T13:05:48,61.31,1.0,SetByAsk
2025-12-30 13:05:48,2025-12-30T13:05:48,61.31,2.0,SetByAsk
2025-12-30 13:05:48,2025-12-30T13:05:48,61.31,1.0,SetByAsk
2025-12-30 13:05:48,2025-12-30T13:05:48,61.31,2.0,SetByAsk
2025-12-30 13:05:48,2025-12-30T13:05:48,61.31,2.0,SetByAsk
2025-12-30 13:05:48,2025-12-30T13:05:48,61.31,1.0,SetByAsk
2025-12-30 13:05:48,2025-12-30T13:05:48,61.31,1.0,SetByAsk
2025-12-30 13:05:48,2025-12-30T13:05:48,61.31,2.0,SetByAsk
2025-12-30 13:05:48,2025-12-30T13:05:48,61.31,1.0,SetByAsk
2025-12-30 13:05:48,2025-12-30T13:05:48,61.31,1.0,SetByAsk
2025-12-30 13:05:48,2025-12-30T13:05:48,61.31,1.0,SetByAsk
2025-12-30 13:05:48,2025-12-30T13:05:48,61.31,4.0,SetByAsk
2025-12-30 13:05:48,2025-12-30T13:05:48,61.31,1.0,SetByAsk
2025-12-30 13:05:48,2025-12-30T13:05:48,61.31,1.0,SetByAsk
2025-12-30 13:05:48,2025-12-30T13:05:48,61.31,1.0,SetByAsk
2025-12-30 13:05:48,2025-12-30T13:05:48,61.31,1.0,SetByAsk
2025-12-30 13:05:48,2025-12-30T13:05:48,61.31,3.0,SetByAsk
2025-12-30 13:05:48,2025-12-30T13:05:48,61.31,1.0,SetByAsk
2025-12-30 13:05:48,2025-12-30T13:05:48,61.31,1.0,SetByBid
2025-12-30 13:05:48,2025-12-30T13:05:48,61.3,1.0,SetByAsk
2025-12-30 13:05:48,2025-12-30T13:05:48,61.3,2.0,SetByAsk
2025-12-30 13:05:48,2025-12-30T13:05:48,61.3,1.0,SetByAsk
2025-12-30 13:05:48,2025-12-30T13:05:48,61.3,1.0,SetByAsk
2025-12-30 13:05:48,2025-12-30T13:05:48,61.3,2.0,SetByAsk
2025-12-30 13:05:48,2025-12-30T13:05:48,61.3,1.0,SetByAsk
2025-12-30 13:05:48,2025-12-30T13:05:48,61.3,1.0,SetByAsk
2025-12-30 13:05:48,2025-12-30T13:05:48,61.3,2.0,SetByBid
2025-12-30 13:05:48,2025-12-30T13:05:48,61.3,2.0,SetByBid
2025-12-30 13:05:56,2025-12-30T13:05:56,61.3,3.0,SetByBid
2025-12-30 13:06:04,2025-12-30T13:06:04,61.31,2.0,SetByAsk
2025-12-30 13:06:09,2025-12-30T13:06:09,61.32,1.0,SetByAsk
2025-12-30 13:06:36,2025-12-30T13:06:36,61.31,1.0,SetByAsk
2025-12-30 13:06:36,2025-12-30T13:06:36,61.31,1.0,SetByAsk
2025-12-30 13:06:55,2025-12-30T13:06:55,61.31,1.0,SetByAsk
2025-12-30 13:06:57,2025-12-30T13:06:57,61.31,1.0,SetByAsk
2025-12-30 13:07:00,2025-12-30T13:07:00,61.3,1.0,SetByAsk
2025-12-30 13:07:00,2025-12-30T13:07:00,61.3,2.0,SetByAsk
2025-12-30 13:07:00,2025-12-30T13:07:00,61.3,3.0,SetByAsk
2025-12-30 13:07:00,2025-12-30T13:07:00,61.3,1.0,SetByAsk
2025-12-30 13:07:04,2025-12-30T13:07:04,61.29,1.0,SetByAsk
2025-12-30 13:07:18,2025-12-30T13:07:18,61.3,2.0,SetByBid
2025-12-30 13:07:18,2025-12-30T13:07:18,61.3,1.0,SetByBid
2025-12-30 13:07:18,2025-12-30T13:07:18,61.3,1.0,SetByAsk
2025-12-30 13:07:37,2025-12-30T13:07:37,61.32,1.0,SetByAsk
2025-12-30 13:07:46,2025-12-30T13:07:46,61.33,1.0,SetByAsk
2025-12-30 13:07:47,2025-12-30T13:07:47,61.32,1.0,SetByAsk
2025-12-30 13:07:47,2025-12-30T13:07:47,61.32,1.0,SetByAsk
2025-12-30 13:07:47,2025-12-30T13:07:47,61.32,1.0,SetByAsk
2025-12-30 13:08:37,2025-12-30T13:08:37,61.3,1.0,SetByAsk
2025-12-30 13:08:59,2025-12-30T13:08:59,61.29,2.0,SetByAsk
2025-12-30 13:08:59,2025-12-30T13:08:59,61.29,1.0,SetByAsk
2025-12-30 13:08:59,2025-12-30T13:08:59,61.29,1.0,SetByAsk
2025-12-30 13:08:59,2025-12-30T13:08:59,61.29,1.0,SetByAsk
2025-12-30 13:08:59,2025-12-30T13:08:59,61.29,1.0,SetByAsk
2025-12-30 13:09:00,2025-12-30T13:09:00,61.29,1.0,SetByAsk
2025-12-30 13:10:08,2025-12-30T13:10:08,61.25,3.0,SetByBid
2025-12-30 13:10:08,2025-12-30T13:10:08,61.25,1.0,SetByBid
2025-12-30 13:10:08,2025-12-30T13:10:08,61.25,1.0,SetByBid
2025-12-30 13:10:08,2025-12-30T13:10:08,61.25,1.0,SetByBid
2025-12-30 13:10:08,2025-12-30T13:10:08,61.25,1.0,SetByBid
2025-12-30 13:10:24,2025-12-30T13:10:24,61.25,1.0,SetByAsk
2025-12-30 13:10:33,2025-12-30T13:10:33,61.24,2.0,SetByBid
2025-12-30 13:10:35,2025-12-30T13:10:35,61.24,1.0,SetByBid
2025-12-30 13:10:54,2025-12-30T13:10:54,61.24,1.0,SetByBid
2025-12-30 13:10:54,2025-12-30T13:10:54,61.24,1.0,SetByBid
2025-12-30 13:10:54,2025-12-30T13:10:54,61.24,1.0,SetByBid
2025-12-30 13:10:54,2025-12-30T13:10:54,61.24,1.0,SetByBid
2025-12-30 13:10:54,2025-12-30T13:10:54,61.24,1.0,SetByBid
2025-12-30 13:10:55,2025-12-30T13:10:55,61.24,1.0,SetByBid
2025-12-30 13:10:55,2025-12-30T13:10:55,61.24,1.0,SetByBid
2025-12-30 13:11:20,2025-12-30T13:11:20,61.23,1.0,SetByAsk
2025-12-30 13:11:53,2025-12-30T13:11:53,61.25,1.0,SetByBid
2025-12-30 13:11:55,2025-12-30T13:11:55,61.25,1.0,SetByBid
2025-12-30 13:11:55,2025-12-30T13:11:55,61.25,1.0,SetByBid
2025-12-30 13:11:55,2025-12-30T13:11:55,61.25,1.0,SetByBid
2025-12-30 13:11:55,2025-12-30T13:11:55,61.25,2.0,SetByBid
2025-12-30 13:11:55,2025-12-30T13:11:55,61.25,1.0,SetByBid
2025-12-30 13:11:55,2025-12-30T13:11:55,61.25,1.0,SetByBid
2025-12-30 13:11:55,2025-12-30T13:11:55,61.25,1.0,SetByBid
2025-12-30 13:12:00,2025-12-30T13:12:00,61.27,2.0,SetByBid
2025-12-30 13:12:00,2025-12-30T13:12:00,61.27,1.0,SetByBid
2025-12-30 13:12:03,2025-12-30T13:12:03,61.26,1.0,SetByAsk
2025-12-30 13:12:12,2025-12-30T13:12:12,61.25,2.0,SetByAsk
2025-12-30 13:12:12,2025-12-30T13:12:12,61.25,2.0,SetByAsk
2025-12-30 13:12:34,2025-12-30T13:12:34,61.24,2.0,SetByBid
2025-12-30 13:12:34,2025-12-30T13:12:34,61.24,2.0,SetByBid
2025-12-30 13:12:34,2025-12-30T13:12:34,61.24,1.0,SetByBid
2025-12-30 13:12:34,2025-12-30T13:12:34,61.25,1.0,SetByAsk
2025-12-30 13:13:00,2025-12-30T13:13:00,61.23,1.0,SetByAsk
2025-12-30 13:13:19,2025-12-30T13:13:19,61.25,1.0,SetByBid
2025-12-30 13:13:36,2025-12-30T13:13:36,61.25,2.0,SetByBid
2025-12-30 13:13:36,2025-12-30T13:13:36,61.25,1.0,SetByBid
2025-12-30 13:13:36,2025-12-30T13:13:36,61.25,1.0,SetByBid
2025-12-30 13:13:36,2025-12-30T13:13:36,61.26,3.0,SetByBid
2025-12-30 13:13:36,2025-12-30T13:13:36,61.26,1.0,SetByBid
2025-12-30 13:13:36,2025-12-30T13:13:36,61.26,1.0,SetByBid
2025-12-30 13:13:36,2025-12-30T13:13:36,61.26,2.0,SetByBid
2025-12-30 13:13:36,2025-12-30T13:13:36,61.26,1.0,SetByBid
2025-12-30 13:13:36,2025-12-30T13:13:36,61.26,1.0,SetByBid
2025-12-30 13:13:36,2025-12-30T13:13:36,61.27,2.0,SetByBid
2025-12-30 13:13:36,2025-12-30T13:13:36,61.27,1.0,SetByBid
2025-12-30 13:13:36,2025-12-30T13:13:36,61.27,2.0,SetByBid
2025-12-30 13:13:36,2025-12-30T13:13:36,61.27,1.0,SetByBid
2025-12-30 13:13:36,2025-12-30T13:13:36,61.27,1.0,SetByBid
2025-12-30 13:13:36,2025-12-30T13:13:36,61.27,3.0,SetByBid
2025-12-30 13:13:36,2025-12-30T13:13:36,61.27,3.0,SetByBid
2025-12-30 13:13:36,2025-12-30T13:13:36,61.26,1.0,SetByBid
2025-12-30 13:13:36,2025-12-30T13:13:36,61.26,1.0,SetByBid
2025-12-30 13:13:36,2025-12-30T13:13:36,61.27,2.0,SetByBid
2025-12-30 13:13:36,2025-12-30T13:13:36,61.27,1.0,SetByBid
2025-12-30 13:13:36,2025-12-30T13:13:36,61.27,2.0,SetByBid
2025-12-30 13:13:36,2025-12-30T13:13:36,61.28,1.0,SetByBid
2025-12-30 13:13:36,2025-12-30T13:13:36,61.28,1.0,SetByBid
2025-12-30 13:13:40,2025-12-30T13:13:40,61.29,2.0,SetByAsk
2025-12-30 13:13:40,2025-12-30T13:13:40,61.29,1.0,SetByAsk
2025-12-30 13:14:02,2025-12-30T13:14:02,61.31,1.0,SetByBid
2025-12-30 13:14:02,2025-12-30T13:14:02,61.31,2.0,SetByBid
2025-12-30 13:14:13,2025-12-30T13:14:13,61.3,1.0,SetByAsk
2025-12-30 13:14:32,2025-12-30T13:14:32,61.29,1.0,SetByAsk
2025-12-30 13:14:46,2025-12-30T13:14:46,61.29,1.0,SetByAsk
2025-12-30 13:14:47,2025-12-30T13:14:47,61.3,1.0,SetByAsk
2025-12-30 13:14:47,2025-12-30T13:14:47,61.29,1.0,SetByAsk
2025-12-30 13:14:50,2025-12-30T13:14:50,61.29,1.0,SetByAsk
2025-12-30 13:14:53,2025-12-30T13:14:53,61.29,2.0,SetByAsk
2025-12-30 13:14:53,2025-12-30T13:14:53,61.29,1.0,SetByAsk
2025-12-30 13:14:53,2025-12-30T13:14:53,61.29,1.0,SetByAsk
2025-12-30 13:14:53,2025-12-30T13:14:53,61.29,1.0,SetByAsk
2025-12-30 13:14:53,2025-12-30T13:14:53,61.29,1.0,SetByAsk
2025-12-30 13:14:53,2025-12-30T13:14:53,61.29,1.0,SetByBid
2025-12-30 13:14:54,2025-12-30T13:14:54,61.29,3.0,SetByAsk
2025-12-30 13:15:36,2025-12-30T13:15:36,61.3,1.0,SetByAsk
2025-12-30 13:16:12,2025-12-30T13:16:12,61.29,1.0,SetByAsk
2025-12-30 13:16:29,2025-12-30T13:16:29,61.28,1.0,SetByBid
2025-12-30 13:16:29,2025-12-30T13:16:29,61.28,1.0,SetByBid
2025-12-30 13:16:29,2025-12-30T13:16:29,61.28,3.0,SetByBid
2025-12-30 13:16:29,2025-12-30T13:16:29,61.28,1.0,SetByBid
2025-12-30 13:16:29,2025-12-30T13:16:29,61.28,1.0,SetByBid
2025-12-30 13:16:29,2025-12-30T13:16:29,61.28,4.0,SetByBid
2025-12-30 13:16:29,2025-12-30T13:16:29,61.28,1.0,SetByBid
2025-12-30 13:16:29,2025-12-30T13:16:29,61.28,2.0,SetByBid
2025-12-30 13:16:29,2025-12-30T13:16:29,61.28,2.0,SetByBid
2025-12-30 13:16:29,2025-12-30T13:16:29,61.28,1.0,SetByBid
2025-12-30 13:16:29,2025-12-30T13:16:29,61.28,1.0,SetByBid
2025-12-30 13:16:29,2025-12-30T13:16:29,61.28,1.0,SetByBid
2025-12-30 13:16:29,2025-12-30T13:16:29,61.28,1.0,SetByBid
2025-12-30 13:16:29,2025-12-30T13:16:29,61.28,1.0,SetByBid
2025-12-30 13:16:35,2025-12-30T13:16:35,61.28,1.0,SetByAsk
2025-12-30 13:16:42,2025-12-30T13:16:42,61.28,2.0,SetByAsk
2025-12-30 13:16:59,2025-12-30T13:16:59,61.27,1.0,SetByAsk
2025-12-30 13:17:12,2025-12-30T13:17:12,61.27,1.0,SetByAsk
2025-12-30 13:17:36,2025-12-30T13:17:36,61.25,2.0,SetByBid
2025-12-30 13:17:36,2025-12-30T13:17:36,61.25,6.0,SetByBid
2025-12-30 13:17:36,2025-12-30T13:17:36,61.25,1.0,SetByBid
2025-12-30 13:18:00,2025-12-30T13:18:00,61.24,1.0,SetByAsk
2025-12-30 13:18:00,2025-12-30T13:18:00,61.23,1.0,SetByAsk
2025-12-30 13:18:00,2025-12-30T13:18:00,61.24,1.0,SetByBid
2025-12-30 13:18:00,2025-12-30T13:18:00,61.24,1.0,SetByBid
2025-12-30 13:18:00,2025-12-30T13:18:00,61.24,1.0,SetByBid
2025-12-30 13:18:00,2025-12-30T13:18:00,61.24,1.0,SetByBid
2025-12-30 13:18:00,2025-12-30T13:18:00,61.24,1.0,SetByAsk
2025-12-30 13:18:00,2025-12-30T13:18:00,61.24,1.0,SetByAsk
2025-12-30 13:18:00,2025-12-30T13:18:00,61.24,1.0,SetByAsk
2025-12-30 13:18:01,2025-12-30T13:18:01,61.23,1.0,SetByBid
2025-12-30 13:18:08,2025-12-30T13:18:08,61.25,1.0,SetByAsk
2025-12-30 13:18:08,2025-12-30T13:18:08,61.25,2.0,SetByAsk
2025-12-30 13:18:08,2025-12-30T13:18:08,61.25,1.0,SetByAsk
2025-12-30 13:18:24,2025-12-30T13:18:24,61.26,1.0,SetByAsk
2025-12-30 13:18:24,2025-12-30T13:18:24,61.26,1.0,SetByAsk
2025-12-30 13:18:24,2025-12-30T13:18:24,61.26,1.0,SetByAsk
2025-12-30 13:18:24,2025-12-30T13:18:24,61.26,2.0,SetByAsk
2025-12-30 13:18:24,2025-12-30T13:18:24,61.26,2.0,SetByAsk
2025-12-30 13:18:42,2025-12-30T13:18:42,61.25,1.0,SetByAsk
2025-12-30 13:18:51,2025-12-30T13:18:51,61.25,1.0,SetByAsk
2025-12-30 13:18:51,2025-12-30T13:18:51,61.25,1.0,SetByAsk
2025-12-30 13:19:05,2025-12-30T13:19:05,61.25,1.0,SetByBid
2025-12-30 13:19:05,2025-12-30T13:19:05,61.25,1.0,SetByBid
2025-12-30 13:19:05,2025-12-30T13:19:05,61.25,1.0,SetByBid
2025-12-30 13:19:05,2025-12-30T13:19:05,61.25,3.0,SetByBid
2025-12-30 13:19:05,2025-12-30T13:19:05,61.26,1.0,SetByBid
2025-12-30 13:19:05,2025-12-30T13:19:05,61.26,1.0,SetByBid
2025-12-30 13:19:08,2025-12-30T13:19:08,61.27,1.0,SetByBid
2025-12-30 13:19:08,2025-12-30T13:19:08,61.27,1.0,SetByAsk
2025-12-30 13:19:08,2025-12-30T13:19:08,61.28,1.0,SetByBid
2025-12-30 13:19:08,2025-12-30T13:19:08,61.28,1.0,SetByBid
2025-12-30 13:19:08,2025-12-30T13:19:08,61.28,1.0,SetByBid
2025-12-30 13:19:08,2025-12-30T13:19:08,61.28,2.0,SetByAsk
2025-12-30 13:19:08,2025-12-30T13:19:08,61.27,2.0,SetByBid
2025-12-30 13:19:10,2025-12-30T13:19:10,61.28,1.0,SetByBid
2025-12-30 13:19:30,2025-12-30T13:19:30,61.29,1.0,SetByBid
2025-12-30 13:19:30,2025-12-30T13:19:30,61.29,1.0,SetByBid
2025-12-30 13:19:30,2025-12-30T13:19:30,61.29,1.0,SetByBid
2025-12-30 13:19:30,2025-12-30T13:19:30,61.29,1.0,SetByBid
2025-12-30 13:19:30,2025-12-30T13:19:30,61.29,1.0,SetByBid
2025-12-30 13:19:30,2025-12-30T13:19:30,61.29,1.0,SetByBid
2025-12-30 13:19:30,2025-12-30T13:19:30,61.29,5.0,SetByBid
2025-12-30 13:19:30,2025-12-30T13:19:30,61.3,1.0,SetByAsk
2025-12-30 13:19:37,2025-12-30T13:19:37,61.3,3.0,SetByAsk
2025-12-30 13:20:15,2025-12-30T13:20:15,61.29,1.0,SetByBid
2025-12-30 13:20:17,2025-12-30T13:20:17,61.28,1.0,SetByAsk
2025-12-30 13:20:27,2025-12-30T13:20:27,61.31,1.0,SetByBid
2025-12-30 13:20:30,2025-12-30T13:20:30,61.3,1.0,SetByAsk
2025-12-30 13:20:30,2025-12-30T13:20:30,61.3,2.0,SetByAsk
2025-12-30 13:20:30,2025-12-30T13:20:30,61.3,3.0,SetByAsk
2025-12-30 13:20:30,2025-12-30T13:20:30,61.3,2.0,SetByAsk
2025-12-30 13:20:30,2025-12-30T13:20:30,61.3,1.0,SetByAsk
2025-12-30 13:20:33,2025-12-30T13:20:33,61.31,1.0,SetByBid
2025-12-30 13:20:33,2025-12-30T13:20:33,61.31,1.0,SetByBid
2025-12-30 13:20:33,2025-12-30T13:20:33,61.31,1.0,SetByBid
2025-12-30 13:20:33,2025-12-30T13:20:33,61.31,1.0,SetByBid
2025-12-30 13:20:33,2025-12-30T13:20:33,61.31,1.0,SetByBid
2025-12-30 13:20:33,2025-12-30T13:20:33,61.31,1.0,SetByBid
2025-12-30 13:20:33,2025-12-30T13:20:33,61.31,1.0,SetByBid
2025-12-30 13:20:33,2025-12-30T13:20:33,61.31,1.0,SetByBid
2025-12-30 13:20:40,2025-12-30T13:20:40,61.3,1.0,SetByAsk
2025-12-30 13:20:51,2025-12-30T13:20:51,61.29,2.0,SetByBid
2025-12-30 13:20:51,2025-12-30T13:20:51,61.29,2.0,SetByBid
2025-12-30 13:20:51,2025-12-30T13:20:51,61.29,1.0,SetByBid
2025-12-30 13:20:51,2025-12-30T13:20:51,61.3,1.0,SetByBid
2025-12-30 13:20:51,2025-12-30T13:20:51,61.3,1.0,SetByBid
2025-12-30 13:20:52,2025-12-30T13:20:52,61.31,1.0,SetByBid
2025-12-30 13:20:52,2025-12-30T13:20:52,61.31,1.0,SetByBid
2025-12-30 13:20:52,2025-12-30T13:20:52,61.31,1.0,SetByBid
2025-12-30 13:20:52,2025-12-30T13:20:52,61.31,1.0,SetByBid
2025-12-30 13:20:52,2025-12-30T13:20:52,61.31,1.0,SetByBid
2025-12-30 13:20:52,2025-12-30T13:20:52,61.31,1.0,SetByBid
2025-12-30 13:21:02,2025-12-30T13:21:02,61.31,2.0,SetByBid
2025-12-30 13:21:04,2025-12-30T13:21:04,61.31,2.0,SetByBid
2025-12-30 13:21:09,2025-12-30T13:21:09,61.3,1.0,SetByAsk
2025-12-30 13:21:25,2025-12-30T13:21:25,61.31,1.0,SetByBid
2025-12-30 13:21:53,2025-12-30T13:21:53,61.31,1.0,SetByAsk
2025-12-30 13:22:02,2025-12-30T13:22:02,61.31,1.0,SetByAsk
2025-12-30 13:22:02,2025-12-30T13:22:02,61.31,1.0,SetByAsk
2025-12-30 13:22:06,2025-12-30T13:22:06,61.32,1.0,SetByBid
2025-12-30 13:22:06,2025-12-30T13:22:06,61.32,1.0,SetByBid
2025-12-30 13:22:06,2025-12-30T13:22:06,61.32,1.0,SetByAsk
2025-12-30 13:22:14,2025-12-30T13:22:14,61.31,3.0,SetByAsk
2025-12-30 13:22:14,2025-12-30T13:22:14,61.31,4.0,SetByAsk
2025-12-30 13:22:28,2025-12-30T13:22:28,61.32,1.0,SetByAsk
2025-12-30 13:22:28,2025-12-30T13:22:28,61.32,1.0,SetByAsk
2025-12-30 13:22:28,2025-12-30T13:22:28,61.32,1.0,SetByAsk
2025-12-30 13:22:28,2025-12-30T13:22:28,61.32,1.0,SetByAsk
2025-12-30 13:22:28,2025-12-30T13:22:28,61.32,1.0,SetByAsk
2025-12-30 13:22:28,2025-12-30T13:22:28,61.32,2.0,SetByAsk
2025-12-30 13:22:28,2025-12-30T13:22:28,61.32,1.0,SetByAsk
2025-12-30 13:22:28,2025-12-30T13:22:28,61.32,2.0,SetByAsk
2025-12-30 13:22:28,2025-12-30T13:22:28,61.31,1.0,SetByAsk
2025-12-30 13:22:28,2025-12-30T13:22:28,61.31,1.0,SetByAsk
2025-12-30 13:22:28,2025-12-30T13:22:28,61.31,1.0,SetByAsk
2025-12-30 13:22:28,2025-12-30T13:22:28,61.31,1.0,SetByBid
2025-12-30 13:22:44,2025-12-30T13:22:44,61.31,1.0,SetByAsk
2025-12-30 13:22:54,2025-12-30T13:22:54,61.3,2.0,SetByAsk
2025-12-30 13:22:54,2025-12-30T13:22:54,61.3,1.0,SetByAsk
2025-12-30 13:22:59,2025-12-30T13:22:59,61.3,1.0,SetByAsk
2025-12-30 13:22:59,2025-12-30T13:22:59,61.3,1.0,SetByBid
2025-12-30 13:22:59,2025-12-30T13:22:59,61.3,1.0,SetByBid
2025-12-30 13:22:59,2025-12-30T13:22:59,61.3,1.0,SetByBid
2025-12-30 13:23:28,2025-12-30T13:23:28,61.29,1.0,SetByAsk
2025-12-30 13:23:28,2025-12-30T13:23:28,61.29,1.0,SetByBid
2025-12-30 13:23:33,2025-12-30T13:23:33,61.3,1.0,SetByBid
2025-12-30 13:23:33,2025-12-30T13:23:33,61.3,1.0,SetByBid
2025-12-30 13:23:33,2025-12-30T13:23:33,61.3,2.0,SetByBid
2025-12-30 13:24:49,2025-12-30T13:24:49,61.34,1.0,SetByBid
2025-12-30 13:24:50,2025-12-30T13:24:50,61.35,1.0,SetByBid
2025-12-30 13:24:50,2025-12-30T13:24:50,61.35,1.0,SetByBid
2025-12-30 13:24:50,2025-12-30T13:24:50,61.34,2.0,SetByAsk
2025-12-30 13:24:50,2025-12-30T13:24:50,61.34,2.0,SetByAsk
2025-12-30 13:24:53,2025-12-30T13:24:53,61.35,1.0,SetByBid
2025-12-30 13:24:53,2025-12-30T13:24:53,61.35,1.0,SetByBid
2025-12-30 13:24:53,2025-12-30T13:24:53,61.35,1.0,SetByBid
2025-12-30 13:24:53,2025-12-30T13:24:53,61.35,1.0,SetByBid
2025-12-30 13:24:53,2025-12-30T13:24:53,61.35,1.0,SetByBid
2025-12-30 13:24:53,2025-12-30T13:24:53,61.35,2.0,SetByBid
2025-12-30 13:24:53,2025-12-30T13:24:53,61.35,3.0,SetByBid
2025-12-30 13:24:53,2025-12-30T13:24:53,61.35,1.0,SetByBid
2025-12-30 13:24:53,2025-12-30T13:24:53,61.35,1.0,SetByBid
2025-12-30 13:25:01,2025-12-30T13:25:01,61.36,1.0,SetByBid
2025-12-30 13:25:01,2025-12-30T13:25:01,61.37,1.0,SetByBid
2025-12-30 13:25:01,2025-12-30T13:25:01,61.36,1.0,SetByAsk
2025-12-30 13:25:02,2025-12-30T13:25:02,61.37,1.0,SetByBid
2025-12-30 13:25:02,2025-12-30T13:25:02,61.37,2.0,SetByBid
2025-12-30 13:25:02,2025-12-30T13:25:02,61.37,1.0,SetByBid
2025-12-30 13:25:03,2025-12-30T13:25:03,61.36,1.0,SetByAsk
2025-12-30 13:25:04,2025-12-30T13:25:04,61.36,1.0,SetByAsk
2025-12-30 13:25:04,2025-12-30T13:25:04,61.36,1.0,SetByAsk
2025-12-30 13:25:20,2025-12-30T13:25:20,61.34,1.0,SetByBid
2025-12-30 13:25:28,2025-12-30T13:25:28,61.33,1.0,SetByAsk
2025-12-30 13:25:28,2025-12-30T13:25:28,61.33,1.0,SetByAsk
2025-12-30 13:25:33,2025-12-30T13:25:33,61.32,1.0,SetByAsk
2025-12-30 13:25:41,2025-12-30T13:25:41,61.32,1.0,SetByBid
2025-12-30 13:25:41,2025-12-30T13:25:41,61.32,1.0,SetByAsk
2025-12-30 13:25:41,2025-12-30T13:25:41,61.32,1.0,SetByAsk
2025-12-30 13:26:29,2025-12-30T13:26:29,61.33,2.0,SetByAsk
2025-12-30 13:26:35,2025-12-30T13:26:35,61.34,2.0,SetByBid
2025-12-30 13:26:35,2025-12-30T13:26:35,61.34,1.0,SetByBid
2025-12-30 13:26:35,2025-12-30T13:26:35,61.34,1.0,SetByBid
2025-12-30 13:26:35,2025-12-30T13:26:35,61.34,3.0,SetByBid
2025-12-30 13:26:35,2025-12-30T13:26:35,61.34,1.0,SetByBid
2025-12-30 13:26:35,2025-12-30T13:26:35,61.34,3.0,SetByBid
2025-12-30 13:26:35,2025-12-30T13:26:35,61.34,1.0,SetByBid
2025-12-30 13:26:35,2025-12-30T13:26:35,61.34,2.0,SetByBid
2025-12-30 13:26:35,2025-12-30T13:26:35,61.34,2.0,SetByBid
2025-12-30 13:26:35,2025-12-30T13:26:35,61.34,3.0,SetByBid
2025-12-30 13:26:35,2025-12-30T13:26:35,61.34,3.0,SetByBid
2025-12-30 13:26:35,2025-12-30T13:26:35,61.34,1.0,SetByBid
2025-12-30 13:26:35,2025-12-30T13:26:35,61.34,1.0,SetByBid
2025-12-30 13:26:35,2025-12-30T13:26:35,61.34,2.0,SetByBid
2025-12-30 13:26:35,2025-12-30T13:26:35,61.34,1.0,SetByBid
2025-12-30 13:26:35,2025-12-30T13:26:35,61.34,2.0,SetByBid
2025-12-30 13:26:35,2025-12-30T13:26:35,61.34,1.0,SetByBid
2025-12-30 13:26:35,2025-12-30T13:26:35,61.34,1.0,SetByBid
2025-12-30 13:26:35,2025-12-30T13:26:35,61.34,3.0,SetByBid
2025-12-30 13:26:35,2025-12-30T13:26:35,61.34,2.0,SetByBid
2025-12-30 13:26:35,2025-12-30T13:26:35,61.34,1.0,SetByBid
2025-12-30 13:26:35,2025-12-30T13:26:35,61.34,1.0,SetByBid
2025-12-30 13:26:37,2025-12-30T13:26:37,61.34,1.0,SetByAsk
2025-12-30 13:26:37,2025-12-30T13:26:37,61.34,1.0,SetByBid
2025-12-30 13:26:42,2025-12-30T13:26:42,61.33,1.0,SetByAsk
2025-12-30 13:27:21,2025-12-30T13:27:21,61.33,2.0,SetByAsk
2025-12-30 13:27:24,2025-12-30T13:27:24,61.33,1.0,SetByAsk
2025-12-30 13:27:35,2025-12-30T13:27:35,61.32,2.0,SetByAsk
2025-12-30 13:27:35,2025-12-30T13:27:35,61.32,1.0,SetByAsk
2025-12-30 13:27:56,2025-12-30T13:27:56,61.31,1.0,SetByAsk
2025-12-30 13:27:56,2025-12-30T13:27:56,61.31,1.0,SetByAsk
2025-12-30 13:27:56,2025-12-30T13:27:56,61.31,1.0,SetByAsk
2025-12-30 13:27:56,2025-12-30T13:27:56,61.31,3.0,SetByAsk
2025-12-30 13:27:56,2025-12-30T13:27:56,61.31,2.0,SetByAsk
2025-12-30 13:27:56,2025-12-30T13:27:56,61.31,5.0,SetByAsk
2025-12-30 13:27:56,2025-12-30T13:27:56,61.31,2.0,SetByAsk
2025-12-30 13:28:01,2025-12-30T13:28:01,61.3,1.0,SetByBid
2025-12-30 13:28:11,2025-12-30T13:28:11,61.31,1.0,SetByAsk
2025-12-30 13:28:27,2025-12-30T13:28:27,61.3,2.0,SetByAsk
2025-12-30 13:28:27,2025-12-30T13:28:27,61.3,1.0,SetByAsk
2025-12-30 13:28:48,2025-12-30T13:28:48,61.32,1.0,SetByBid
2025-12-30 13:28:48,2025-12-30T13:28:48,61.32,1.0,SetByBid
2025-12-30 13:28:48,2025-12-30T13:28:48,61.32,2.0,SetByBid
2025-12-30 13:28:48,2025-12-30T13:28:48,61.32,1.0,SetByBid
2025-12-30 13:28:56,2025-12-30T13:28:56,61.32,1.0,SetByBid
2025-12-30 13:29:29,2025-12-30T13:29:29,61.34,1.0,SetByBid
2025-12-30 13:29:29,2025-12-30T13:29:29,61.34,2.0,SetByBid
2025-12-30 13:29:29,2025-12-30T13:29:29,61.34,1.0,SetByBid
2025-12-30 13:29:43,2025-12-30T13:29:43,61.36,1.0,SetByBid
2025-12-30 13:29:59,2025-12-30T13:29:59,61.34,2.0,SetByBid
2025-12-30 13:30:02,2025-12-30T13:30:02,61.35,2.0,SetByBid
2025-12-30 13:30:02,2025-12-30T13:30:02,61.35,1.0,SetByBid
2025-12-30 13:30:04,2025-12-30T13:30:04,61.34,1.0,SetByAsk
2025-12-30 13:30:04,2025-12-30T13:30:04,61.34,2.0,SetByAsk
2025-12-30 13:30:04,2025-12-30T13:30:04,61.34,1.0,SetByBid
2025-12-30 13:30:17,2025-12-30T13:30:17,61.34,1.0,SetByAsk
2025-12-30 13:30:17,2025-12-30T13:30:17,61.34,2.0,SetByAsk
2025-12-30 13:30:17,2025-12-30T13:30:17,61.34,1.0,SetByAsk
2025-12-30 13:30:17,2025-12-30T13:30:17,61.34,1.0,SetByAsk
2025-12-30 13:30:17,2025-12-30T13:30:17,61.34,2.0,SetByAsk
2025-12-30 13:30:17,2025-12-30T13:30:17,61.34,1.0,SetByAsk
2025-12-30 13:30:33,2025-12-30T13:30:33,61.37,2.0,SetByBid
2025-12-30 13:30:35,2025-12-30T13:30:35,61.37,1.0,SetByAsk
2025-12-30 13:30:42,2025-12-30T13:30:42,61.38,1.0,SetByBid
2025-12-30 13:30:49,2025-12-30T13:30:49,61.38,1.0,SetByBid
2025-12-30 13:31:01,2025-12-30T13:31:01,61.37,1.0,SetByAsk
2025-12-30 13:31:10,2025-12-30T13:31:10,61.38,1.0,SetByBid
2025-12-30 13:31:10,2025-12-30T13:31:10,61.39,1.0,SetByBid
2025-12-30 13:31:10,2025-12-30T13:31:10,61.4,1.0,SetByBid
2025-12-30 13:31:10,2025-12-30T13:31:10,61.4,1.0,SetByBid
2025-12-30 13:31:10,2025-12-30T13:31:10,61.4,1.0,SetByAsk
2025-12-30 13:31:10,2025-12-30T13:31:10,61.4,1.0,SetByAsk
2025-12-30 13:31:10,2025-12-30T13:31:10,61.4,2.0,SetByAsk
2025-12-30 13:31:11,2025-12-30T13:31:11,61.41,1.0,SetByBid
2025-12-30 13:31:16,2025-12-30T13:31:16,61.4,1.0,SetByAsk
2025-12-30 13:31:18,2025-12-30T13:31:18,61.41,2.0,SetByBid
2025-12-30 13:31:18,2025-12-30T13:31:18,61.41,2.0,SetByBid
2025-12-30 13:31:18,2025-12-30T13:31:18,61.41,1.0,SetByBid
2025-12-30 13:31:18,2025-12-30T13:31:18,61.41,1.0,SetByBid
2025-12-30 13:31:18,2025-12-30T13:31:18,61.41,1.0,SetByBid
2025-12-30 13:31:18,2025-12-30T13:31:18,61.41,1.0,SetByBid
2025-12-30 13:31:18,2025-12-30T13:31:18,61.41,1.0,SetByBid
2025-12-30 13:31:18,2025-12-30T13:31:18,61.41,3.0,SetByBid
2025-12-30 13:31:18,2025-12-30T13:31:18,61.41,2.0,SetByBid
2025-12-30 13:31:18,2025-12-30T13:31:18,61.41,1.0,SetByBid
2025-12-30 13:31:18,2025-12-30T13:31:18,61.41,1.0,SetByBid
2025-12-30 13:31:18,2025-12-30T13:31:18,61.41,1.0,SetByBid
2025-12-30 13:31:18,2025-12-30T13:31:18,61.41,1.0,SetByBid
2025-12-30 13:31:18,2025-12-30T13:31:18,61.41,2.0,SetByBid
2025-12-30 13:31:18,2025-12-30T13:31:18,61.41,1.0,SetByBid
2025-12-30 13:31:18,2025-12-30T13:31:18,61.41,1.0,SetByBid
2025-12-30 13:31:18,2025-12-30T13:31:18,61.41,1.0,SetByBid
2025-12-30 13:31:18,2025-12-30T13:31:18,61.41,1.0,SetByBid
2025-12-30 13:31:18,2025-12-30T13:31:18,61.41,3.0,SetByAsk
2025-12-30 13:31:18,2025-12-30T13:31:18,61.41,2.0,SetByAsk
2025-12-30 13:31:18,2025-12-30T13:31:18,61.41,21.0,SetByAsk
2025-12-30 13:31:18,2025-12-30T13:31:18,61.41,1.0,SetByAsk
2025-12-30 13:31:21,2025-12-30T13:31:21,61.42,1.0,SetByAsk
2025-12-30 13:31:29,2025-12-30T13:31:29,61.44,3.0,SetByBid
2025-12-30 13:31:30,2025-12-30T13:31:30,61.45,1.0,SetByAsk
2025-12-30 13:31:30,2025-12-30T13:31:30,61.45,1.0,SetByAsk
2025-12-30 13:31:30,2025-12-30T13:31:30,61.45,1.0,SetByAsk
2025-12-30 13:31:30,2025-12-30T13:31:30,61.44,1.0,SetByAsk
2025-12-30 13:31:30,2025-12-30T13:31:30,61.44,1.0,SetByAsk
2025-12-30 13:31:33,2025-12-30T13:31:33,61.43,1.0,SetByAsk
2025-12-30 13:31:53,2025-12-30T13:31:53,61.46,1.0,SetByBid
2025-12-30 13:31:53,2025-12-30T13:31:53,61.46,1.0,SetByBid
2025-12-30 13:31:53,2025-12-30T13:31:53,61.46,1.0,SetByBid
2025-12-30 13:31:58,2025-12-30T13:31:58,61.47,1.0,"SetByAsk, Leg"
2025-12-30 13:31:58,2025-12-30T13:31:58,61.46,1.0,"SetByAsk, Leg"
2025-12-30 13:31:58,2025-12-30T13:31:58,61.46,2.0,SetByAsk
2025-12-30 13:31:58,2025-12-30T13:31:58,61.46,2.0,SetByAsk
2025-12-30 13:31:58,2025-12-30T13:31:58,61.46,1.0,SetByAsk
2025-12-30 13:31:58,2025-12-30T13:31:58,61.46,3.0,SetByAsk
2025-12-30 13:31:58,2025-12-30T13:31:58,61.46,1.0,SetByAsk
2025-12-30 13:31:58,2025-12-30T13:31:58,61.46,2.0,SetByAsk
2025-12-30 13:31:58,2025-12-30T13:31:58,61.46,1.0,SetByAsk
2025-12-30 13:31:58,2025-12-30T13:31:58,61.46,1.0,SetByAsk
2025-12-30 13:31:58,2025-12-30T13:31:58,61.46,1.0,SetByAsk
2025-12-30 13:32:01,2025-12-30T13:32:01,61.46,2.0,SetByAsk
2025-12-30 13:32:01,2025-12-30T13:32:01,61.46,1.0,SetByAsk
2025-12-30 13:32:01,2025-12-30T13:32:01,61.46,1.0,SetByAsk
2025-12-30 13:32:01,2025-12-30T13:32:01,61.46,1.0,SetByAsk
2025-12-30 13:32:01,2025-12-30T13:32:01,61.46,1.0,SetByAsk
2025-12-30 13:32:08,2025-12-30T13:32:08,61.44,1.0,SetByAsk
2025-12-30 13:32:08,2025-12-30T13:32:08,61.44,2.0,SetByAsk
2025-12-30 13:32:08,2025-12-30T13:32:08,61.44,1.0,SetByAsk
2025-12-30 13:32:08,2025-12-30T13:32:08,61.44,1.0,SetByAsk
2025-12-30 13:32:08,2025-12-30T13:32:08,61.44,2.0,SetByAsk
2025-12-30 13:32:08,2025-12-30T13:32:08,61.44,1.0,SetByAsk
2025-12-30 13:32:08,2025-12-30T13:32:08,61.44,1.0,SetByBid
2025-12-30 13:32:08,2025-12-30T13:32:08,61.44,1.0,SetByAsk
2025-12-30 13:32:11,2025-12-30T13:32:11,61.44,2.0,SetByBid
2025-12-30 13:32:13,2025-12-30T13:32:13,61.43,1.0,SetByAsk
2025-12-30 13:32:13,2025-12-30T13:32:13,61.43,1.0,SetByAsk
2025-12-30 13:32:13,2025-12-30T13:32:13,61.43,1.0,SetByAsk
2025-12-30 13:32:16,2025-12-30T13:32:16,61.43,2.0,SetByBid
2025-12-30 13:32:16,2025-12-30T13:32:16,61.43,1.0,SetByBid
2025-12-30 13:32:16,2025-12-30T13:32:16,61.43,1.0,SetByBid
2025-12-30 13:32:31,2025-12-30T13:32:31,61.43,1.0,SetByAsk
2025-12-30 13:32:38,2025-12-30T13:32:38,61.43,1.0,SetByAsk
2025-12-30 13:32:38,2025-12-30T13:32:38,61.43,1.0,SetByBid
2025-12-30 13:32:38,2025-12-30T13:32:38,61.43,1.0,SetByBid
2025-12-30 13:32:38,2025-12-30T13:32:38,61.43,3.0,SetByBid
2025-12-30 13:32:38,2025-12-30T13:32:38,61.42,1.0,SetByAsk
2025-12-30 13:32:38,2025-12-30T13:32:38,61.42,1.0,SetByAsk
2025-12-30 13:32:53,2025-12-30T13:32:53,61.39,1.0,SetByBid
2025-12-30 13:32:53,2025-12-30T13:32:53,61.39,1.0,SetByBid
2025-12-30 13:32:56,2025-12-30T13:32:56,61.39,1.0,SetByBid
2025-12-30 13:33:17,2025-12-30T13:33:17,61.4,1.0,SetByBid
2025-12-30 13:33:50,2025-12-30T13:33:50,61.37,3.0,SetByBid
2025-12-30 13:33:50,2025-12-30T13:33:50,61.37,2.0,SetByBid
2025-12-30 13:33:50,2025-12-30T13:33:50,61.37,2.0,SetByBid
2025-12-30 13:33:50,2025-12-30T13:33:50,61.37,2.0,SetByBid
2025-12-30 13:33:50,2025-12-30T13:33:50,61.37,1.0,SetByBid
2025-12-30 13:33:50,2025-12-30T13:33:50,61.37,1.0,SetByBid
2025-12-30 13:33:50,2025-12-30T13:33:50,61.37,1.0,SetByBid
2025-12-30 13:33:50,2025-12-30T13:33:50,61.37,1.0,SetByBid
2025-12-30 13:33:50,2025-12-30T13:33:50,61.37,1.0,SetByBid
2025-12-30 13:33:50,2025-12-30T13:33:50,61.37,2.0,SetByBid
2025-12-30 13:33:50,2025-12-30T13:33:50,61.38,1.0,SetByBid
2025-12-30 13:33:50,2025-12-30T13:33:50,61.38,1.0,SetByBid
2025-12-30 13:33:50,2025-12-30T13:33:50,61.38,1.0,SetByBid
2025-12-30 13:33:50,2025-12-30T13:33:50,61.38,1.0,SetByBid
2025-12-30 13:33:50,2025-12-30T13:33:50,61.38,1.0,SetByBid
2025-12-30 13:33:50,2025-12-30T13:33:50,61.38,1.0,SetByBid
2025-12-30 13:33:50,2025-12-30T13:33:50,61.38,3.0,SetByBid
2025-12-30 13:33:50,2025-12-30T13:33:50,61.38,1.0,SetByBid
2025-12-30 13:33:51,2025-12-30T13:33:51,61.35,1.0,SetByAsk
2025-12-30 13:33:58,2025-12-30T13:33:58,61.36,2.0,SetByBid
2025-12-30 13:33:58,2025-12-30T13:33:58,61.36,1.0,SetByBid
2025-12-30 13:34:01,2025-12-30T13:34:01,61.34,1.0,SetByAsk
2025-12-30 13:34:06,2025-12-30T13:34:06,61.35,1.0,SetByBid
2025-12-30 13:34:36,2025-12-30T13:34:36,61.37,1.0,SetByAsk
2025-12-30 13:34:42,2025-12-30T13:34:42,61.38,1.0,SetByAsk
2025-12-30 13:34:59,2025-12-30T13:34:59,61.39,1.0,SetByAsk
2025-12-30 13:35:01,2025-12-30T13:35:01,61.38,1.0,SetByAsk
2025-12-30 13:35:01,2025-12-30T13:35:01,61.38,1.0,SetByBid
2025-12-30 13:35:01,2025-12-30T13:35:01,61.38,1.0,SetByBid
2025-12-30 13:35:01,2025-12-30T13:35:01,61.38,1.0,SetByBid
2025-12-30 13:35:01,2025-12-30T13:35:01,61.38,1.0,SetByBid
2025-12-30 13:35:01,2025-12-30T13:35:01,61.38,1.0,SetByBid
2025-12-30 13:35:01,2025-12-30T13:35:01,61.38,1.0,SetByBid
2025-12-30 13:35:01,2025-12-30T13:35:01,61.38,1.0,SetByBid
2025-12-30 13:35:11,2025-12-30T13:35:11,61.37,1.0,SetByAsk
2025-12-30 13:35:23,2025-12-30T13:35:23,61.37,1.0,SetByAsk
2025-12-30 13:36:05,2025-12-30T13:36:05,61.38,1.0,SetByAsk
2025-12-30 13:36:11,2025-12-30T13:36:11,61.37,1.0,SetByAsk
2025-12-30 13:36:11,2025-12-30T13:36:11,61.37,1.0,SetByAsk
2025-12-30 13:36:11,2025-12-30T13:36:11,61.37,1.0,SetByAsk
2025-12-30 13:36:24,2025-12-30T13:36:24,61.37,2.0,SetByBid
2025-12-30 13:36:24,2025-12-30T13:36:24,61.37,2.0,SetByBid
2025-12-30 13:36:52,2025-12-30T13:36:52,61.4,1.0,SetByAsk
2025-12-30 13:36:52,2025-12-30T13:36:52,61.4,1.0,SetByAsk
2025-12-30 13:37:04,2025-12-30T13:37:04,61.37,1.0,SetByAsk
2025-12-30 13:37:17,2025-12-30T13:37:17,61.37,2.0,SetByBid
2025-12-30 13:37:25,2025-12-30T13:37:25,61.38,1.0,SetByBid
2025-12-30 13:37:39,2025-12-30T13:37:39,61.42,1.0,SetByAsk
2025-12-30 13:37:41,2025-12-30T13:37:41,61.41,1.0,SetByAsk
2025-12-30 13:37:51,2025-12-30T13:37:51,61.42,1.0,SetByAsk
2025-12-30 13:38:25,2025-12-30T13:38:25,61.44,1.0,SetByAsk
2025-12-30 13:38:40,2025-12-30T13:38:40,61.43,1.0,SetByAsk
2025-12-30 13:38:40,2025-12-30T13:38:40,61.43,1.0,SetByAsk
2025-12-30 13:39:15,2025-12-30T13:39:15,61.42,2.0,SetByAsk
2025-12-30 13:39:15,2025-12-30T13:39:15,61.42,1.0,SetByAsk
2025-12-30 13:39:32,2025-12-30T13:39:32,61.42,3.0,SetByAsk
2025-12-30 13:39:32,2025-12-30T13:39:32,61.42,2.0,SetByAsk
2025-12-30 13:39:32,2025-12-30T13:39:32,61.42,1.0,SetByAsk
2025-12-30 13:39:32,2025-12-30T13:39:32,61.42,1.0,SetByBid
2025-12-30 13:39:33,2025-12-30T13:39:33,61.42,2.0,SetByBid
2025-12-30 13:40:03,2025-12-30T13:40:03,61.42,2.0,SetByAsk
2025-12-30 13:40:03,2025-12-30T13:40:03,61.42,1.0,SetByAsk
2025-12-30 13:40:03,2025-12-30T13:40:03,61.42,1.0,SetByAsk
2025-12-30 13:40:03,2025-12-30T13:40:03,61.42,2.0,SetByAsk
2025-12-30 13:40:03,2025-12-30T13:40:03,61.42,1.0,SetByAsk
2025-12-30 13:40:03,2025-12-30T13:40:03,61.42,1.0,SetByAsk
2025-12-30 13:40:03,2025-12-30T13:40:03,61.42,1.0,SetByAsk
2025-12-30 13:40:03,2025-12-30T13:40:03,61.42,1.0,SetByAsk
2025-12-30 13:40:03,2025-12-30T13:40:03,61.42,1.0,SetByAsk
2025-12-30 13:40:03,2025-12-30T13:40:03,61.42,1.0,SetByAsk
2025-12-30 13:40:03,2025-12-30T13:40:03,61.42,1.0,SetByAsk
2025-12-30 13:40:03,2025-12-30T13:40:03,61.42,1.0,SetByAsk
2025-12-30 13:40:03,2025-12-30T13:40:03,61.42,1.0,SetByAsk
2025-12-30 13:40:03,2025-12-30T13:40:03,61.42,1.0,SetByAsk
2025-12-30 13:40:03,2025-12-30T13:40:03,61.42,1.0,SetByAsk
2025-12-30 13:40:03,2025-12-30T13:40:03,61.42,1.0,SetByAsk
2025-12-30 13:40:03,2025-12-30T13:40:03,61.42,1.0,SetByAsk
2025-12-30 13:40:03,2025-12-30T13:40:03,61.42,1.0,SetByAsk
2025-12-30 13:40:03,2025-12-30T13:40:03,61.42,1.0,SetByAsk
2025-12-30 13:40:03,2025-12-30T13:40:03,61.42,1.0,SetByAsk
2025-12-30 13:40:03,2025-12-30T13:40:03,61.42,1.0,SetByAsk
2025-12-30 13:40:03,2025-12-30T13:40:03,61.42,1.0,SetByAsk
2025-12-30 13:40:03,2025-12-30T13:40:03,61.42,1.0,SetByAsk
2025-12-30 13:40:03,2025-12-30T13:40:03,61.42,1.0,SetByAsk
2025-12-30 13:40:03,2025-12-30T13:40:03,61.42,1.0,SetByAsk
2025-12-30 13:40:03,2025-12-30T13:40:03,61.42,1.0,SetByAsk
2025-12-30 13:40:03,2025-12-30T13:40:03,61.42,1.0,SetByAsk
2025-12-30 13:40:03,2025-12-30T13:40:03,61.42,1.0,SetByAsk
2025-12-30 13:40:03,2025-12-30T13:40:03,61.42,1.0,SetByAsk
2025-12-30 13:40:03,2025-12-30T13:40:03,61.42,1.0,SetByAsk
2025-12-30 13:40:03,2025-12-30T13:40:03,61.42,2.0,SetByAsk
2025-12-30 13:40:03,2025-12-30T13:40:03,61.42,1.0,SetByAsk
2025-12-30 13:40:03,2025-12-30T13:40:03,61.42,1.0,SetByAsk
2025-12-30 13:40:03,2025-12-30T13:40:03,61.42,1.0,SetByAsk
2025-12-30 13:40:03,2025-12-30T13:40:03,61.42,1.0,SetByAsk
2025-12-30 13:40:09,2025-12-30T13:40:09,61.41,2.0,SetByAsk
2025-12-30 13:40:09,2025-12-30T13:40:09,61.41,1.0,SetByAsk
2025-12-30 13:40:09,2025-12-30T13:40:09,61.41,1.0,SetByAsk
2025-12-30 13:40:09,2025-12-30T13:40:09,61.41,4.0,SetByAsk
2025-12-30 13:40:09,2025-12-30T13:40:09,61.41,1.0,SetByAsk
2025-12-30 13:40:11,2025-12-30T13:40:11,61.41,1.0,SetByAsk
2025-12-30 13:40:11,2025-12-30T13:40:11,61.4,2.0,SetByAsk
2025-12-30 13:40:11,2025-12-30T13:40:11,61.4,3.0,SetByAsk
2025-12-30 13:40:11,2025-12-30T13:40:11,61.4,1.0,SetByAsk
2025-12-30 13:40:11,2025-12-30T13:40:11,61.4,1.0,SetByAsk
2025-12-30 13:40:22,2025-12-30T13:40:22,61.42,1.0,SetByBid
2025-12-30 13:40:32,2025-12-30T13:40:32,61.41,1.0,SetByAsk
2025-12-30 13:40:32,2025-12-30T13:40:32,61.41,1.0,SetByAsk
2025-12-30 13:40:38,2025-12-30T13:40:38,61.43,2.0,SetByBid
2025-12-30 13:40:38,2025-12-30T13:40:38,61.43,1.0,SetByBid
2025-12-30 13:40:42,2025-12-30T13:40:42,61.41,1.0,SetByAsk
2025-12-30 13:42:02,2025-12-30T13:42:02,61.42,1.0,SetByAsk
2025-12-30 13:42:12,2025-12-30T13:42:12,61.41,1.0,SetByAsk
2025-12-30 13:42:50,2025-12-30T13:42:50,61.4,2.0,SetByBid
2025-12-30 13:42:50,2025-12-30T13:42:50,61.4,1.0,SetByBid
2025-12-30 13:42:50,2025-12-30T13:42:50,61.4,1.0,SetByAsk
2025-12-30 13:42:52,2025-12-30T13:42:52,61.41,1.0,SetByBid
2025-12-30 13:42:52,2025-12-30T13:42:52,61.41,2.0,SetByBid
2025-12-30 13:42:52,2025-12-30T13:42:52,61.41,2.0,SetByBid
2025-12-30 13:42:52,2025-12-30T13:42:52,61.41,1.0,SetByBid
2025-12-30 13:42:52,2025-12-30T13:42:52,61.41,1.0,SetByBid
2025-12-30 13:42:52,2025-12-30T13:42:52,61.41,1.0,SetByBid
2025-12-30 13:42:52,2025-12-30T13:42:52,61.41,1.0,SetByBid
2025-12-30 13:42:52,2025-12-30T13:42:52,61.41,5.0,SetByBid
2025-12-30 13:42:52,2025-12-30T13:42:52,61.41,2.0,SetByBid
2025-12-30 13:42:52,2025-12-30T13:42:52,61.41,1.0,SetByBid
2025-12-30 13:42:52,2025-12-30T13:42:52,61.41,2.0,SetByBid
2025-12-30 13:42:52,2025-12-30T13:42:52,61.41,2.0,SetByBid
2025-12-30 13:42:52,2025-12-30T13:42:52,61.41,1.0,SetByBid
2025-12-30 13:42:52,2025-12-30T13:42:52,61.41,1.0,SetByBid
2025-12-30 13:42:52,2025-12-30T13:42:52,61.41,1.0,SetByBid
2025-12-30 13:42:52,2025-12-30T13:42:52,61.41,1.0,SetByBid
2025-12-30 13:42:52,2025-12-30T13:42:52,61.41,1.0,SetByAsk
2025-12-30 13:42:52,2025-12-30T13:42:52,61.41,3.0,SetByAsk
2025-12-30 13:42:52,2025-12-30T13:42:52,61.41,17.0,SetByAsk
2025-12-30 13:42:52,2025-12-30T13:42:52,61.41,1.0,SetByAsk
2025-12-30 13:43:02,2025-12-30T13:43:02,61.42,1.0,SetByBid
2025-12-30 13:43:02,2025-12-30T13:43:02,61.42,1.0,SetByBid
2025-12-30 13:44:12,2025-12-30T13:44:12,61.43,1.0,SetByAsk
2025-12-30 13:44:15,2025-12-30T13:44:15,61.43,1.0,"SetByBid, Leg"
2025-12-30 13:44:15,2025-12-30T13:44:15,61.44,1.0,"SetByBid, Leg"
2025-12-30 13:44:15,2025-12-30T13:44:15,61.44,1.0,SetByBid
2025-12-30 13:44:26,2025-12-30T13:44:26,61.44,1.0,SetByBid
2025-12-30 13:44:26,2025-12-30T13:44:26,61.44,1.0,SetByBid
2025-12-30 13:44:26,2025-12-30T13:44:26,61.44,1.0,SetByBid
2025-12-30 13:44:26,2025-12-30T13:44:26,61.44,1.0,SetByBid
2025-12-30 13:44:26,2025-12-30T13:44:26,61.44,1.0,SetByBid
2025-12-30 13:44:26,2025-12-30T13:44:26,61.44,1.0,SetByBid
2025-12-30 13:44:26,2025-12-30T13:44:26,61.44,4.0,SetByBid
2025-12-30 13:44:32,2025-12-30T13:44:32,61.44,1.0,SetByBid
2025-12-30 13:45:14,2025-12-30T13:45:14,61.43,1.0,SetByBid
2025-12-30 13:45:20,2025-12-30T13:45:20,61.44,4.0,SetByBid
2025-12-30 13:45:20,2025-12-30T13:45:20,61.44,4.0,SetByBid
2025-12-30 13:45:20,2025-12-30T13:45:20,61.44,1.0,SetByBid
2025-12-30 13:45:20,2025-12-30T13:45:20,61.44,1.0,SetByBid
2025-12-30 13:45:47,2025-12-30T13:45:47,61.43,1.0,SetByAsk
2025-12-30 13:45:47,2025-12-30T13:45:47,61.42,1.0,SetByAsk
2025-12-30 13:45:47,2025-12-30T13:45:47,61.42,1.0,SetByBid
2025-12-30 13:45:59,2025-12-30T13:45:59,61.42,1.0,SetByBid
2025-12-30 13:46:08,2025-12-30T13:46:08,61.41,2.0,SetByAsk
2025-12-30 13:46:29,2025-12-30T13:46:29,61.41,2.0,SetByAsk
2025-12-30 13:46:29,2025-12-30T13:46:29,61.41,1.0,SetByAsk
2025-12-30 13:46:29,2025-12-30T13:46:29,61.41,1.0,SetByBid
2025-12-30 13:46:29,2025-12-30T13:46:29,61.41,3.0,SetByBid
2025-12-30 13:46:29,2025-12-30T13:46:29,61.41,3.0,SetByBid
2025-12-30 13:46:32,2025-12-30T13:46:32,61.42,2.0,SetByBid
2025-12-30 13:46:55,2025-12-30T13:46:55,61.44,1.0,SetByBid
2025-12-30 13:46:55,2025-12-30T13:46:55,61.44,1.0,SetByBid
2025-12-30 13:46:55,2025-12-30T13:46:55,61.44,1.0,SetByBid
2025-12-30 13:46:55,2025-12-30T13:46:55,61.44,1.0,SetByBid
2025-12-30 13:46:55,2025-12-30T13:46:55,61.44,1.0,SetByBid
2025-12-30 13:47:17,2025-12-30T13:47:17,61.44,1.0,SetByBid
2025-12-30 13:47:17,2025-12-30T13:47:17,61.44,1.0,SetByBid
2025-12-30 13:47:17,2025-12-30T13:47:17,61.44,1.0,SetByBid
2025-12-30 13:47:17,2025-12-30T13:47:17,61.44,1.0,SetByBid
2025-12-30 13:47:17,2025-12-30T13:47:17,61.44,1.0,SetByBid
2025-12-30 13:47:21,2025-12-30T13:47:21,61.44,4.0,SetByBid
2025-12-30 13:47:21,2025-12-30T13:47:21,61.44,4.0,SetByBid
2025-12-30 13:47:21,2025-12-30T13:47:21,61.44,2.0,SetByBid
2025-12-30 13:47:22,2025-12-30T13:47:22,61.44,2.0,SetByAsk
2025-12-30 13:48:10,2025-12-30T13:48:10,61.44,1.0,SetByAsk
2025-12-30 13:48:36,2025-12-30T13:48:36,61.44,1.0,SetByAsk
2025-12-30 13:48:36,2025-12-30T13:48:36,61.44,1.0,SetByAsk
2025-12-30 13:48:36,2025-12-30T13:48:36,61.44,2.0,SetByAsk
2025-12-30 13:48:36,2025-12-30T13:48:36,61.44,1.0,SetByAsk
2025-12-30 13:49:27,2025-12-30T13:49:27,61.43,2.0,SetByBid
2025-12-30 13:49:30,2025-12-30T13:49:30,61.43,1.0,SetByAsk
2025-12-30 13:49:30,2025-12-30T13:49:30,61.43,1.0,SetByAsk
2025-12-30 13:49:41,2025-12-30T13:49:41,61.44,2.0,SetByBid
2025-12-30 13:49:41,2025-12-30T13:49:41,61.44,2.0,SetByBid
2025-12-30 13:49:41,2025-12-30T13:49:41,61.44,1.0,SetByBid
2025-12-30 13:49:41,2025-12-30T13:49:41,61.44,1.0,SetByBid
2025-12-30 13:49:41,2025-12-30T13:49:41,61.44,1.0,SetByAsk
2025-12-30 13:49:41,2025-12-30T13:49:41,61.44,1.0,SetByBid
2025-12-30 13:49:50,2025-12-30T13:49:50,61.43,1.0,SetByAsk
2025-12-30 13:49:50,2025-12-30T13:49:50,61.43,1.0,SetByAsk
2025-12-30 13:50:16,2025-12-30T13:50:16,61.43,1.0,SetByAsk
2025-12-30 13:50:32,2025-12-30T13:50:32,61.44,1.0,SetByBid
2025-12-30 13:50:32,2025-12-30T13:50:32,61.44,2.0,SetByBid
2025-12-30 13:50:54,2025-12-30T13:50:54,61.44,2.0,SetByAsk
2025-12-30 13:51:19,2025-12-30T13:51:19,61.43,2.0,SetByAsk
2025-12-30 13:51:19,2025-12-30T13:51:19,61.43,1.0,SetByAsk
2025-12-30 13:51:19,2025-12-30T13:51:19,61.43,1.0,SetByAsk
2025-12-30 13:51:19,2025-12-30T13:51:19,61.42,1.0,SetByAsk
2025-12-30 13:51:19,2025-12-30T13:51:19,61.42,2.0,SetByAsk
2025-12-30 13:51:19,2025-12-30T13:51:19,61.42,1.0,SetByAsk
2025-12-30 13:51:38,2025-12-30T13:51:38,61.41,1.0,SetByAsk
2025-12-30 13:51:38,2025-12-30T13:51:38,61.41,1.0,SetByAsk
2025-12-30 13:51:38,2025-12-30T13:51:38,61.41,1.0,SetByAsk
2025-12-30 13:51:38,2025-12-30T13:51:38,61.41,1.0,SetByAsk
2025-12-30 13:51:38,2025-12-30T13:51:38,61.41,1.0,SetByAsk
2025-12-30 13:51:38,2025-12-30T13:51:38,61.41,2.0,SetByAsk
2025-12-30 13:51:40,2025-12-30T13:51:40,61.42,1.0,SetByBid
2025-12-30 13:51:40,2025-12-30T13:51:40,61.42,3.0,SetByBid
2025-12-30 13:51:40,2025-12-30T13:51:40,61.42,2.0,SetByBid
2025-12-30 13:51:40,2025-12-30T13:51:40,61.42,1.0,SetByBid
2025-12-30 13:51:48,2025-12-30T13:51:48,61.43,1.0,SetByBid
2025-12-30 13:51:48,2025-12-30T13:51:48,61.43,2.0,SetByBid
2025-12-30 13:51:48,2025-12-30T13:51:48,61.43,1.0,SetByBid
2025-12-30 13:51:48,2025-12-30T13:51:48,61.43,1.0,SetByBid
2025-12-30 13:51:48,2025-12-30T13:51:48,61.43,2.0,SetByBid
2025-12-30 13:51:48,2025-12-30T13:51:48,61.43,1.0,SetByBid
2025-12-30 13:51:50,2025-12-30T13:51:50,61.45,3.0,SetByBid
2025-12-30 13:51:50,2025-12-30T13:51:50,61.45,1.0,SetByBid
2025-12-30 13:51:59,2025-12-30T13:51:59,61.46,1.0,SetByBid
2025-12-30 13:51:59,2025-12-30T13:51:59,61.45,2.0,SetByAsk
2025-12-30 13:51:59,2025-12-30T13:51:59,61.45,1.0,SetByAsk
2025-12-30 13:51:59,2025-12-30T13:51:59,61.45,3.0,SetByAsk
2025-12-30 13:51:59,2025-12-30T13:51:59,61.45,2.0,SetByAsk
2025-12-30 13:51:59,2025-12-30T13:51:59,61.45,1.0,SetByAsk
2025-12-30 13:51:59,2025-12-30T13:51:59,61.45,3.0,SetByAsk
2025-12-30 13:51:59,2025-12-30T13:51:59,61.45,2.0,SetByAsk
2025-12-30 13:51:59,2025-12-30T13:51:59,61.45,1.0,SetByAsk
2025-12-30 13:52:02,2025-12-30T13:52:02,61.45,2.0,SetByBid
2025-12-30 13:52:02,2025-12-30T13:52:02,61.45,1.0,SetByBid
2025-12-30 13:52:05,2025-12-30T13:52:05,61.45,1.0,SetByBid
2025-12-30 13:52:13,2025-12-30T13:52:13,61.45,1.0,SetByAsk
2025-12-30 13:52:48,2025-12-30T13:52:48,61.44,1.0,SetByAsk
2025-12-30 13:52:48,2025-12-30T13:52:48,61.43,1.0,SetByAsk
2025-12-30 13:52:53,2025-12-30T13:52:53,61.44,3.0,SetByBid
2025-12-30 13:52:53,2025-12-30T13:52:53,61.44,1.0,SetByBid
2025-12-30 13:53:54,2025-12-30T13:53:54,61.44,1.0,SetByAsk
2025-12-30 13:54:45,2025-12-30T13:54:45,61.45,1.0,SetByBid
2025-12-30 13:54:48,2025-12-30T13:54:48,61.44,1.0,SetByAsk
2025-12-30 13:54:48,2025-12-30T13:54:48,61.44,2.0,SetByAsk
2025-12-30 13:55:22,2025-12-30T13:55:22,61.45,2.0,SetByBid
2025-12-30 13:55:24,2025-12-30T13:55:24,61.45,1.0,SetByBid
2025-12-30 13:55:33,2025-12-30T13:55:33,61.45,1.0,SetByAsk
2025-12-30 13:55:33,2025-12-30T13:55:33,61.45,1.0,SetByAsk
2025-12-30 13:55:40,2025-12-30T13:55:40,61.45,1.0,SetByAsk
2025-12-30 13:56:43,2025-12-30T13:56:43,61.42,2.0,SetByAsk
2025-12-30 13:56:43,2025-12-30T13:56:43,61.42,2.0,SetByBid
2025-12-30 13:57:11,2025-12-30T13:57:11,61.41,2.0,SetByAsk
2025-12-30 13:57:23,2025-12-30T13:57:23,61.42,1.0,SetByBid
2025-12-30 13:57:33,2025-12-30T13:57:33,61.4,1.0,SetByAsk
2025-12-30 13:57:38,2025-12-30T13:57:38,61.4,3.0,SetByAsk
2025-12-30 13:57:38,2025-12-30T13:57:38,61.4,3.0,SetByAsk
2025-12-30 13:57:38,2025-12-30T13:57:38,61.4,7.0,SetByBid
2025-12-30 13:57:38,2025-12-30T13:57:38,61.4,19.0,SetByBid
2025-12-30 13:57:40,2025-12-30T13:57:40,61.42,1.0,SetByBid
2025-12-30 13:57:40,2025-12-30T13:57:40,61.42,2.0,SetByBid
2025-12-30 13:58:21,2025-12-30T13:58:21,61.42,1.0,SetByBid
2025-12-30 13:58:35,2025-12-30T13:58:35,61.41,1.0,SetByAsk
2025-12-30 13:58:35,2025-12-30T13:58:35,61.41,1.0,SetByAsk
2025-12-30 13:59:00,2025-12-30T13:59:00,61.42,1.0,SetByBid
2025-12-30 13:59:54,2025-12-30T13:59:54,61.41,2.0,SetByAsk
2025-12-30 14:00:45,2025-12-30T14:00:45,61.42,2.0,SetByBid
2025-12-30 14:00:56,2025-12-30T14:00:56,61.43,1.0,SetByAsk
2025-12-30 14:00:56,2025-12-30T14:00:56,61.43,5.0,SetByBid
2025-12-30 14:00:56,2025-12-30T14:00:56,61.43,1.0,SetByBid
2025-12-30 14:00:56,2025-12-30T14:00:56,61.43,1.0,SetByBid
2025-12-30 14:00:56,2025-12-30T14:00:56,61.43,3.0,SetByBid
2025-12-30 14:00:56,2025-12-30T14:00:56,61.43,1.0,SetByBid
2025-12-30 14:00:56,2025-12-30T14:00:56,61.43,1.0,SetByBid
2025-12-30 14:00:56,2025-12-30T14:00:56,61.43,1.0,SetByBid
2025-12-30 14:00:56,2025-12-30T14:00:56,61.43,1.0,SetByBid
2025-12-30 14:00:56,2025-12-30T14:00:56,61.43,1.0,SetByBid
2025-12-30 14:00:56,2025-12-30T14:00:56,61.43,1.0,SetByBid
2025-12-30 14:00:57,2025-12-30T14:00:57,61.43,1.0,SetByBid
2025-12-30 14:01:00,2025-12-30T14:01:00,61.43,1.0,SetByBid
2025-12-30 14:01:00,2025-12-30T14:01:00,61.43,1.0,SetByBid
2025-12-30 14:01:00,2025-12-30T14:01:00,61.43,1.0,SetByBid
2025-12-30 14:01:00,2025-12-30T14:01:00,61.43,4.0,SetByBid
2025-12-30 14:01:00,2025-12-30T14:01:00,61.43,2.0,SetByBid
2025-12-30 14:01:00,2025-12-30T14:01:00,61.43,4.0,SetByBid
2025-12-30 14:01:00,2025-12-30T14:01:00,61.43,2.0,SetByBid
2025-12-30 14:01:00,2025-12-30T14:01:00,61.43,3.0,SetByBid
2025-12-30 14:01:00,2025-12-30T14:01:00,61.43,1.0,SetByBid
2025-12-30 14:01:00,2025-12-30T14:01:00,61.43,4.0,SetByBid
2025-12-30 14:01:00,2025-12-30T14:01:00,61.43,2.0,SetByBid
2025-12-30 14:01:00,2025-12-30T14:01:00,61.43,1.0,SetByBid
2025-12-30 14:01:00,2025-12-30T14:01:00,61.43,1.0,SetByBid
2025-12-30 14:01:00,2025-12-30T14:01:00,61.43,1.0,SetByBid
2025-12-30 14:01:00,2025-12-30T14:01:00,61.43,1.0,SetByBid
2025-12-30 14:01:02,2025-12-30T14:01:02,61.43,1.0,SetByBid
2025-12-30 14:01:02,2025-12-30T14:01:02,61.43,1.0,SetByBid
2025-12-30 14:01:02,2025-12-30T14:01:02,61.43,3.0,SetByBid
2025-12-30 14:01:04,2025-12-30T14:01:04,61.43,1.0,SetByAsk
2025-12-30 14:01:04,2025-12-30T14:01:04,61.43,1.0,SetByBid
2025-12-30 14:01:04,2025-12-30T14:01:04,61.43,1.0,SetByBid
2025-12-30 14:01:04,2025-12-30T14:01:04,61.43,1.0,SetByBid
2025-12-30 14:01:13,2025-12-30T14:01:13,61.43,1.0,SetByAsk
2025-12-30 14:01:24,2025-12-30T14:01:24,61.43,1.0,SetByAsk
2025-12-30 14:01:30,2025-12-30T14:01:30,61.44,1.0,SetByAsk
2025-12-30 14:01:31,2025-12-30T14:01:31,61.43,1.0,SetByBid
2025-12-30 14:01:31,2025-12-30T14:01:31,61.43,1.0,SetByBid
2025-12-30 14:01:31,2025-12-30T14:01:31,61.43,1.0,SetByBid
2025-12-30 14:01:31,2025-12-30T14:01:31,61.43,1.0,SetByBid
2025-12-30 14:01:31,2025-12-30T14:01:31,61.43,1.0,SetByBid
2025-12-30 14:01:31,2025-12-30T14:01:31,61.43,1.0,SetByBid
2025-12-30 14:01:31,2025-12-30T14:01:31,61.43,1.0,SetByBid
2025-12-30 14:01:32,2025-12-30T14:01:32,61.43,1.0,SetByAsk
2025-12-30 14:01:32,2025-12-30T14:01:32,61.44,1.0,SetByBid
2025-12-30 14:01:33,2025-12-30T14:01:33,61.43,2.0,SetByAsk
2025-12-30 14:01:33,2025-12-30T14:01:33,61.43,1.0,SetByAsk
2025-12-30 14:01:33,2025-12-30T14:01:33,61.43,1.0,SetByAsk
2025-12-30 14:01:33,2025-12-30T14:01:33,61.43,1.0,SetByAsk
2025-12-30 14:01:33,2025-12-30T14:01:33,61.43,1.0,SetByBid
2025-12-30 14:02:02,2025-12-30T14:02:02,61.43,1.0,SetByBid
2025-12-30 14:02:02,2025-12-30T14:02:02,61.43,1.0,SetByBid
2025-12-30 14:02:02,2025-12-30T14:02:02,61.43,3.0,SetByBid
2025-12-30 14:02:02,2025-12-30T14:02:02,61.43,1.0,SetByBid
2025-12-30 14:02:02,2025-12-30T14:02:02,61.44,1.0,SetByBid
2025-12-30 14:02:04,2025-12-30T14:02:04,61.43,2.0,SetByAsk
2025-12-30 14:02:04,2025-12-30T14:02:04,61.43,2.0,SetByAsk
2025-12-30 14:02:04,2025-12-30T14:02:04,61.43,1.0,SetByAsk
2025-12-30 14:02:04,2025-12-30T14:02:04,61.43,1.0,SetByAsk
2025-12-30 14:02:04,2025-12-30T14:02:04,61.43,1.0,SetByAsk
2025-12-30 14:03:02,2025-12-30T14:03:02,61.44,2.0,SetByBid
2025-12-30 14:03:02,2025-12-30T14:03:02,61.44,1.0,SetByBid
2025-12-30 14:03:10,2025-12-30T14:03:10,61.45,1.0,SetByAsk
2025-12-30 14:03:10,2025-12-30T14:03:10,61.45,1.0,SetByAsk
2025-12-30 14:03:10,2025-12-30T14:03:10,61.45,1.0,SetByAsk
2025-12-30 14:03:28,2025-12-30T14:03:28,61.46,1.0,SetByBid
2025-12-30 14:03:28,2025-12-30T14:03:28,61.46,1.0,SetByAsk
2025-12-30 14:03:59,2025-12-30T14:03:59,61.45,2.0,SetByAsk
2025-12-30 14:03:59,2025-12-30T14:03:59,61.45,1.0,SetByAsk
2025-12-30 14:03:59,2025-12-30T14:03:59,61.45,1.0,SetByAsk
2025-12-30 14:03:59,2025-12-30T14:03:59,61.45,1.0,SetByAsk
2025-12-30 14:04:39,2025-12-30T14:04:39,61.46,1.0,SetByBid
2025-12-30 14:04:39,2025-12-30T14:04:39,61.46,1.0,SetByBid
2025-12-30 14:04:39,2025-12-30T14:04:39,61.46,1.0,SetByBid
2025-12-30 14:04:39,2025-12-30T14:04:39,61.46,1.0,SetByBid
2025-12-30 14:04:39,2025-12-30T14:04:39,61.46,1.0,SetByBid
2025-12-30 14:04:39,2025-12-30T14:04:39,61.46,1.0,SetByBid
2025-12-30 14:04:39,2025-12-30T14:04:39,61.46,1.0,SetByBid
2025-12-30 14:04:39,2025-12-30T14:04:39,61.46,1.0,SetByBid
2025-12-30 14:04:39,2025-12-30T14:04:39,61.45,1.0,SetByAsk
2025-12-30 14:04:39,2025-12-30T14:04:39,61.45,3.0,SetByAsk
2025-12-30 14:04:39,2025-12-30T14:04:39,61.46,1.0,SetByBid
2025-12-30 14:04:39,2025-12-30T14:04:39,61.45,1.0,SetByAsk
2025-12-30 14:04:39,2025-12-30T14:04:39,61.45,1.0,SetByBid
2025-12-30 14:04:39,2025-12-30T14:04:39,61.46,1.0,SetByBid
2025-12-30 14:04:44,2025-12-30T14:04:44,61.46,1.0,SetByBid
2025-12-30 14:04:46,2025-12-30T14:04:46,61.46,1.0,SetByBid
2025-12-30 14:04:46,2025-12-30T14:04:46,61.46,1.0,SetByBid
2025-12-30 14:04:46,2025-12-30T14:04:46,61.46,1.0,SetByBid
2025-12-30 14:05:26,2025-12-30T14:05:26,61.46,1.0,SetByBid
2025-12-30 14:05:26,2025-12-30T14:05:26,61.46,1.0,SetByBid
2025-12-30 14:05:26,2025-12-30T14:05:26,61.46,1.0,SetByBid
2025-12-30 14:05:26,2025-12-30T14:05:26,61.46,1.0,SetByBid
2025-12-30 14:05:26,2025-12-30T14:05:26,61.46,1.0,SetByBid
2025-12-30 14:05:26,2025-12-30T14:05:26,61.46,1.0,SetByBid
2025-12-30 14:05:26,2025-12-30T14:05:26,61.46,2.0,SetByBid
2025-12-30 14:06:03,2025-12-30T14:06:03,61.46,2.0,SetByBid
2025-12-30 14:06:03,2025-12-30T14:06:03,61.46,1.0,SetByBid
2025-12-30 14:06:03,2025-12-30T14:06:03,61.46,1.0,SetByBid
2025-12-30 14:06:16,2025-12-30T14:06:16,61.47,1.0,SetByBid
2025-12-30 14:06:23,2025-12-30T14:06:23,61.47,1.0,SetByAsk
2025-12-30 14:06:48,2025-12-30T14:06:48,61.47,1.0,SetByAsk
2025-12-30 14:06:48,2025-12-30T14:06:48,61.47,1.0,SetByAsk
2025-12-30 14:07:35,2025-12-30T14:07:35,61.44,1.0,SetByBid
2025-12-30 14:07:35,2025-12-30T14:07:35,61.44,1.0,SetByBid
2025-12-30 14:07:40,2025-12-30T14:07:40,61.44,1.0,SetByBid
2025-12-30 14:07:49,2025-12-30T14:07:49,61.45,1.0,SetByBid
2025-12-30 14:07:49,2025-12-30T14:07:49,61.46,1.0,SetByBid
2025-12-30 14:07:49,2025-12-30T14:07:49,61.46,1.0,SetByBid
2025-12-30 14:07:49,2025-12-30T14:07:49,61.46,1.0,SetByBid
2025-12-30 14:07:49,2025-12-30T14:07:49,61.47,1.0,SetByBid
2025-12-30 14:07:49,2025-12-30T14:07:49,61.47,1.0,SetByBid
2025-12-30 14:07:49,2025-12-30T14:07:49,61.47,1.0,SetByBid
2025-12-30 14:07:49,2025-12-30T14:07:49,61.47,1.0,SetByBid
2025-12-30 14:07:49,2025-12-30T14:07:49,61.47,1.0,SetByBid
2025-12-30 14:07:49,2025-12-30T14:07:49,61.47,1.0,SetByBid
2025-12-30 14:07:49,2025-12-30T14:07:49,61.47,1.0,SetByBid
2025-12-30 14:07:49,2025-12-30T14:07:49,61.47,1.0,SetByBid
2025-12-30 14:07:49,2025-12-30T14:07:49,61.47,1.0,SetByBid
2025-12-30 14:07:49,2025-12-30T14:07:49,61.47,1.0,SetByBid
2025-12-30 14:07:49,2025-12-30T14:07:49,61.47,1.0,SetByBid
2025-12-30 14:07:49,2025-12-30T14:07:49,61.47,1.0,SetByBid
2025-12-30 14:07:49,2025-12-30T14:07:49,61.47,1.0,SetByBid
2025-12-30 14:07:49,2025-12-30T14:07:49,61.47,1.0,SetByBid
2025-12-30 14:07:49,2025-12-30T14:07:49,61.47,1.0,SetByBid
2025-12-30 14:07:49,2025-12-30T14:07:49,61.47,1.0,SetByBid
2025-12-30 14:07:49,2025-12-30T14:07:49,61.47,1.0,SetByBid
2025-12-30 14:07:49,2025-12-30T14:07:49,61.47,1.0,SetByBid
2025-12-30 14:07:49,2025-12-30T14:07:49,61.47,1.0,SetByBid
2025-12-30 14:07:49,2025-12-30T14:07:49,61.46,1.0,SetByAsk
2025-12-30 14:07:49,2025-12-30T14:07:49,61.47,1.0,SetByBid
2025-12-30 14:07:49,2025-12-30T14:07:49,61.47,1.0,SetByBid
2025-12-30 14:07:49,2025-12-30T14:07:49,61.47,1.0,SetByBid
2025-12-30 14:07:49,2025-12-30T14:07:49,61.47,1.0,SetByBid
2025-12-30 14:07:49,2025-12-30T14:07:49,61.47,1.0,SetByBid
2025-12-30 14:07:54,2025-12-30T14:07:54,61.45,2.0,SetByAsk
2025-12-30 14:08:17,2025-12-30T14:08:17,61.44,1.0,SetByAsk
2025-12-30 14:08:17,2025-12-30T14:08:17,61.44,2.0,SetByAsk
2025-12-30 14:08:17,2025-12-30T14:08:17,61.44,1.0,SetByAsk
2025-12-30 14:08:17,2025-12-30T14:08:17,61.44,1.0,SetByAsk
2025-12-30 14:08:17,2025-12-30T14:08:17,61.44,3.0,SetByAsk
2025-12-30 14:08:17,2025-12-30T14:08:17,61.44,1.0,SetByAsk
2025-12-30 14:09:13,2025-12-30T14:09:13,61.48,1.0,SetByBid
2025-12-30 14:10:00,2025-12-30T14:10:00,61.49,1.0,SetByBid
2025-12-30 14:10:49,2025-12-30T14:10:49,61.47,2.0,SetByAsk
2025-12-30 14:10:49,2025-12-30T14:10:49,61.47,1.0,SetByBid
2025-12-30 14:11:31,2025-12-30T14:11:31,61.45,1.0,SetByBid
2025-12-30 14:11:31,2025-12-30T14:11:31,61.45,1.0,SetByBid
2025-12-30 14:11:31,2025-12-30T14:11:31,61.45,1.0,SetByBid
2025-12-30 14:11:43,2025-12-30T14:11:43,61.46,2.0,SetByBid
2025-12-30 14:11:43,2025-12-30T14:11:43,61.46,1.0,SetByBid
2025-12-30 14:11:43,2025-12-30T14:11:43,61.46,1.0,SetByBid
2025-12-30 14:11:54,2025-12-30T14:11:54,61.44,2.0,SetByAsk
2025-12-30 14:11:54,2025-12-30T14:11:54,61.44,2.0,SetByAsk
2025-12-30 14:11:57,2025-12-30T14:11:57,61.42,2.0,SetByAsk
2025-12-30 14:11:57,2025-12-30T14:11:57,61.42,1.0,SetByAsk
2025-12-30 14:11:57,2025-12-30T14:11:57,61.42,1.0,SetByAsk
2025-12-30 14:11:57,2025-12-30T14:11:57,61.42,1.0,SetByAsk
2025-12-30 14:11:59,2025-12-30T14:11:59,61.43,3.0,SetByBid
2025-12-30 14:11:59,2025-12-30T14:11:59,61.43,1.0,SetByBid
2025-12-30 14:11:59,2025-12-30T14:11:59,61.43,1.0,SetByBid
2025-12-30 14:11:59,2025-12-30T14:11:59,61.43,2.0,SetByBid
2025-12-30 14:11:59,2025-12-30T14:11:59,61.43,1.0,SetByBid
2025-12-30 14:11:59,2025-12-30T14:11:59,61.43,1.0,SetByBid
2025-12-30 14:12:33,2025-12-30T14:12:33,61.43,3.0,SetByBid
2025-12-30 14:12:33,2025-12-30T14:12:33,61.43,1.0,SetByBid
2025-12-30 14:12:33,2025-12-30T14:12:33,61.43,1.0,SetByBid
2025-12-30 14:12:33,2025-12-30T14:12:33,61.43,2.0,SetByBid
2025-12-30 14:12:36,2025-12-30T14:12:36,61.43,2.0,SetByAsk
2025-12-30 14:12:36,2025-12-30T14:12:36,61.43,1.0,SetByAsk
2025-12-30 14:12:36,2025-12-30T14:12:36,61.43,1.0,SetByAsk
2025-12-30 14:12:36,2025-12-30T14:12:36,61.43,3.0,SetByAsk
2025-12-30 14:12:37,2025-12-30T14:12:37,61.44,1.0,SetByBid
2025-12-30 14:12:37,2025-12-30T14:12:37,61.44,1.0,SetByBid
2025-12-30 14:12:37,2025-12-30T14:12:37,61.44,1.0,SetByBid
2025-12-30 14:12:54,2025-12-30T14:12:54,61.44,1.0,SetByAsk
2025-12-30 14:12:54,2025-12-30T14:12:54,61.45,1.0,SetByBid
2025-12-30 14:12:54,2025-12-30T14:12:54,61.45,1.0,SetByBid
2025-12-30 14:12:54,2025-12-30T14:12:54,61.45,1.0,SetByBid
2025-12-30 14:12:54,2025-12-30T14:12:54,61.45,1.0,SetByBid
2025-12-30 14:12:54,2025-12-30T14:12:54,61.44,1.0,SetByBid
2025-12-30 14:13:03,2025-12-30T14:13:03,61.44,2.0,SetByBid
2025-12-30 14:13:03,2025-12-30T14:13:03,61.44,2.0,SetByBid
2025-12-30 14:13:03,2025-12-30T14:13:03,61.44,2.0,SetByBid
2025-12-30 14:14:11,2025-12-30T14:14:11,61.45,2.0,SetByAsk
2025-12-30 14:14:11,2025-12-30T14:14:11,61.45,1.0,SetByBid
2025-12-30 14:14:43,2025-12-30T14:14:43,61.45,1.0,SetByBid
2025-12-30 14:15:21,2025-12-30T14:15:21,61.45,1.0,SetByAsk
2025-12-30 14:15:21,2025-12-30T14:15:21,61.45,2.0,SetByAsk
2025-12-30 14:15:21,2025-12-30T14:15:21,61.45,1.0,SetByAsk
2025-12-30 14:15:22,2025-12-30T14:15:22,61.44,1.0,SetByAsk
2025-12-30 14:15:22,2025-12-30T14:15:22,61.45,1.0,SetByBid
2025-12-30 14:15:22,2025-12-30T14:15:22,61.45,1.0,SetByBid
2025-12-30 14:15:22,2025-12-30T14:15:22,61.45,1.0,SetByBid
2025-12-30 14:16:23,2025-12-30T14:16:23,61.43,1.0,SetByBid
2025-12-30 14:16:24,2025-12-30T14:16:24,61.43,1.0,SetByBid
2025-12-30 14:16:24,2025-12-30T14:16:24,61.43,1.0,SetByBid
2025-12-30 14:16:24,2025-12-30T14:16:24,61.43,1.0,SetByBid
2025-12-30 14:16:25,2025-12-30T14:16:25,61.43,1.0,SetByBid
2025-12-30 14:16:36,2025-12-30T14:16:36,61.43,1.0,SetByBid
2025-12-30 14:16:36,2025-12-30T14:16:36,61.43,1.0,SetByBid
2025-12-30 14:16:51,2025-12-30T14:16:51,61.42,1.0,SetByAsk
2025-12-30 14:17:13,2025-12-30T14:17:13,61.42,1.0,SetByBid
2025-12-30 14:17:14,2025-12-30T14:17:14,61.42,1.0,SetByBid
2025-12-30 14:17:14,2025-12-30T14:17:14,61.42,1.0,SetByBid
2025-12-30 14:17:14,2025-12-30T14:17:14,61.42,1.0,SetByBid
2025-12-30 14:17:14,2025-12-30T14:17:14,61.42,1.0,SetByBid
2025-12-30 14:17:43,2025-12-30T14:17:43,61.42,1.0,SetByBid
2025-12-30 14:17:43,2025-12-30T14:17:43,61.41,1.0,SetByAsk
2025-12-30 14:17:53,2025-12-30T14:17:53,61.42,1.0,SetByBid
2025-12-30 14:18:03,2025-12-30T14:18:03,61.42,1.0,SetByBid
2025-12-30 14:18:03,2025-12-30T14:18:03,61.42,1.0,SetByBid
2025-12-30 14:18:03,2025-12-30T14:18:03,61.42,1.0,SetByBid
2025-12-30 14:18:03,2025-12-30T14:18:03,61.42,1.0,SetByBid
2025-12-30 14:18:05,2025-12-30T14:18:05,61.42,1.0,SetByBid
2025-12-30 14:18:05,2025-12-30T14:18:05,61.42,1.0,SetByBid
2025-12-30 14:18:07,2025-12-30T14:18:07,61.42,1.0,SetByBid
2025-12-30 14:18:07,2025-12-30T14:18:07,61.42,1.0,SetByBid
2025-12-30 14:18:07,2025-12-30T14:18:07,61.42,1.0,SetByBid
2025-12-30 14:18:10,2025-12-30T14:18:10,61.43,1.0,SetByBid
2025-12-30 14:18:10,2025-12-30T14:18:10,61.43,1.0,SetByBid
2025-12-30 14:18:10,2025-12-30T14:18:10,61.43,1.0,SetByBid
2025-12-30 14:18:10,2025-12-30T14:18:10,61.43,2.0,SetByBid
2025-12-30 14:18:10,2025-12-30T14:18:10,61.43,1.0,SetByBid
2025-12-30 14:18:21,2025-12-30T14:18:21,61.45,2.0,SetByBid
2025-12-30 14:18:21,2025-12-30T14:18:21,61.45,1.0,SetByBid
2025-12-30 14:18:21,2025-12-30T14:18:21,61.45,2.0,SetByBid
2025-12-30 14:18:21,2025-12-30T14:18:21,61.45,1.0,SetByBid
2025-12-30 14:18:21,2025-12-30T14:18:21,61.45,1.0,SetByBid
2025-12-30 14:18:21,2025-12-30T14:18:21,61.45,1.0,SetByBid
2025-12-30 14:18:21,2025-12-30T14:18:21,61.45,1.0,SetByBid
2025-12-30 14:18:21,2025-12-30T14:18:21,61.45,1.0,SetByBid
2025-12-30 14:18:21,2025-12-30T14:18:21,61.45,1.0,SetByBid
2025-12-30 14:18:21,2025-12-30T14:18:21,61.45,1.0,SetByBid
2025-12-30 14:18:21,2025-12-30T14:18:21,61.45,3.0,SetByBid
2025-12-30 14:18:27,2025-12-30T14:18:27,61.46,1.0,SetByBid
2025-12-30 14:18:27,2025-12-30T14:18:27,61.46,1.0,SetByBid
2025-12-30 14:18:27,2025-12-30T14:18:27,61.45,1.0,SetByBid
2025-12-30 14:18:27,2025-12-30T14:18:27,61.45,1.0,SetByBid
2025-12-30 14:18:28,2025-12-30T14:18:28,61.44,1.0,SetByAsk
2025-12-30 14:18:42,2025-12-30T14:18:42,61.42,1.0,SetByBid
2025-12-30 14:19:08,2025-12-30T14:19:08,61.43,3.0,SetByBid
2025-12-30 14:19:08,2025-12-30T14:19:08,61.43,1.0,SetByBid
2025-12-30 14:19:08,2025-12-30T14:19:08,61.43,1.0,SetByBid
2025-12-30 14:19:08,2025-12-30T14:19:08,61.44,2.0,SetByBid
2025-12-30 14:19:08,2025-12-30T14:19:08,61.44,3.0,SetByBid
2025-12-30 14:19:08,2025-12-30T14:19:08,61.44,1.0,SetByBid
2025-12-30 14:19:08,2025-12-30T14:19:08,61.44,2.0,SetByBid
2025-12-30 14:19:08,2025-12-30T14:19:08,61.44,1.0,SetByBid
2025-12-30 14:19:08,2025-12-30T14:19:08,61.44,1.0,SetByBid
2025-12-30 14:19:08,2025-12-30T14:19:08,61.44,3.0,SetByBid
2025-12-30 14:19:08,2025-12-30T14:19:08,61.44,2.0,SetByBid
2025-12-30 14:19:13,2025-12-30T14:19:13,61.45,1.0,SetByBid
2025-12-30 14:19:13,2025-12-30T14:19:13,61.45,1.0,SetByBid
2025-12-30 14:19:13,2025-12-30T14:19:13,61.45,2.0,SetByBid
2025-12-30 14:19:13,2025-12-30T14:19:13,61.45,1.0,SetByBid
2025-12-30 14:19:13,2025-12-30T14:19:13,61.45,1.0,SetByBid
2025-12-30 14:19:13,2025-12-30T14:19:13,61.45,2.0,SetByBid
2025-12-30 14:19:13,2025-12-30T14:19:13,61.45,2.0,SetByBid
2025-12-30 14:19:13,2025-12-30T14:19:13,61.45,1.0,SetByBid
2025-12-30 14:19:13,2025-12-30T14:19:13,61.45,1.0,SetByBid
2025-12-30 14:19:13,2025-12-30T14:19:13,61.45,1.0,SetByBid
2025-12-30 14:19:13,2025-12-30T14:19:13,61.45,1.0,SetByBid
2025-12-30 14:19:13,2025-12-30T14:19:13,61.45,4.0,SetByBid
2025-12-30 14:19:13,2025-12-30T14:19:13,61.45,2.0,SetByBid
2025-12-30 14:19:13,2025-12-30T14:19:13,61.45,1.0,SetByBid
2025-12-30 14:19:13,2025-12-30T14:19:13,61.45,1.0,SetByBid
2025-12-30 14:19:13,2025-12-30T14:19:13,61.45,1.0,SetByBid
2025-12-30 14:19:13,2025-12-30T14:19:13,61.45,3.0,SetByBid
2025-12-30 14:19:13,2025-12-30T14:19:13,61.45,3.0,SetByBid
2025-12-30 14:19:13,2025-12-30T14:19:13,61.44,1.0,SetByAsk
2025-12-30 14:19:20,2025-12-30T14:19:20,61.46,1.0,SetByBid
2025-12-30 14:19:29,2025-12-30T14:19:29,61.45,1.0,SetByAsk
2025-12-30 14:19:29,2025-12-30T14:19:29,61.45,1.0,SetByAsk
2025-12-30 14:19:34,2025-12-30T14:19:34,61.44,1.0,SetByBid
2025-12-30 14:19:50,2025-12-30T14:19:50,61.44,1.0,SetByAsk
2025-12-30 14:19:58,2025-12-30T14:19:58,61.44,1.0,SetByAsk
2025-12-30 14:21:44,2025-12-30T14:21:44,61.41,2.0,SetByAsk
2025-12-30 14:21:55,2025-12-30T14:21:55,61.43,1.0,SetByBid
2025-12-30 14:22:25,2025-12-30T14:22:25,61.43,1.0,SetByBid
2025-12-30 14:22:25,2025-12-30T14:22:25,61.43,1.0,SetByBid
2025-12-30 14:22:25,2025-12-30T14:22:25,61.43,1.0,SetByBid
2025-12-30 14:22:25,2025-12-30T14:22:25,61.43,1.0,SetByBid
2025-12-30 14:22:35,2025-12-30T14:22:35,61.43,1.0,SetByAsk
2025-12-30 14:23:00,2025-12-30T14:23:00,61.42,1.0,SetByAsk
2025-12-30 14:23:00,2025-12-30T14:23:00,61.42,1.0,SetByAsk
2025-12-30 14:24:03,2025-12-30T14:24:03,61.41,1.0,SetByAsk
2025-12-30 14:24:19,2025-12-30T14:24:19,61.41,1.0,SetByBid
2025-12-30 14:24:19,2025-12-30T14:24:19,61.41,5.0,SetByBid
2025-12-30 14:24:19,2025-12-30T14:24:19,61.41,1.0,SetByBid
2025-12-30 14:24:19,2025-12-30T14:24:19,61.41,1.0,SetByBid
2025-12-30 14:24:19,2025-12-30T14:24:19,61.41,1.0,SetByBid
2025-12-30 14:24:19,2025-12-30T14:24:19,61.41,1.0,SetByBid
2025-12-30 14:24:19,2025-12-30T14:24:19,61.41,1.0,SetByBid
2025-12-30 14:25:26,2025-12-30T14:25:26,61.4,1.0,SetByAsk
2025-12-30 14:25:43,2025-12-30T14:25:43,61.39,1.0,SetByAsk
2025-12-30 14:26:02,2025-12-30T14:26:02,61.39,1.0,SetByAsk
2025-12-30 14:26:02,2025-12-30T14:26:02,61.39,1.0,SetByAsk
2025-12-30 14:26:07,2025-12-30T14:26:07,61.39,1.0,SetByBid
2025-12-30 14:26:32,2025-12-30T14:26:32,61.41,1.0,SetByBid
2025-12-30 14:26:43,2025-12-30T14:26:43,61.39,1.0,SetByAsk
2025-12-30 14:27:13,2025-12-30T14:27:13,61.37,2.0,SetByAsk
2025-12-30 14:27:13,2025-12-30T14:27:13,61.37,1.0,SetByAsk
2025-12-30 14:27:13,2025-12-30T14:27:13,61.37,1.0,SetByAsk
2025-12-30 14:27:13,2025-12-30T14:27:13,61.37,3.0,SetByAsk
2025-12-30 14:27:13,2025-12-30T14:27:13,61.37,3.0,SetByAsk
2025-12-30 14:27:15,2025-12-30T14:27:15,61.36,1.0,SetByAsk
2025-12-30 14:27:15,2025-12-30T14:27:15,61.36,1.0,SetByAsk
2025-12-30 14:27:15,2025-12-30T14:27:15,61.36,1.0,SetByAsk
2025-12-30 14:27:15,2025-12-30T14:27:15,61.36,5.0,SetByAsk
2025-12-30 14:27:15,2025-12-30T14:27:15,61.36,1.0,SetByAsk
2025-12-30 14:27:16,2025-12-30T14:27:16,61.37,1.0,SetByBid
2025-12-30 14:27:16,2025-12-30T14:27:16,61.37,1.0,SetByBid
2025-12-30 14:27:31,2025-12-30T14:27:31,61.35,1.0,SetByBid
2025-12-30 14:27:31,2025-12-30T14:27:31,61.36,2.0,SetByBid
2025-12-30 14:27:31,2025-12-30T14:27:31,61.36,1.0,SetByBid
2025-12-30 14:27:31,2025-12-30T14:27:31,61.36,2.0,SetByBid
2025-12-30 14:27:31,2025-12-30T14:27:31,61.36,1.0,SetByBid
2025-12-30 14:27:32,2025-12-30T14:27:32,61.36,2.0,SetByBid
2025-12-30 14:27:38,2025-12-30T14:27:38,61.37,1.0,SetByBid
2025-12-30 14:27:39,2025-12-30T14:27:39,61.37,1.0,SetByBid
2025-12-30 14:27:39,2025-12-30T14:27:39,61.37,1.0,SetByBid
2025-12-30 14:27:45,2025-12-30T14:27:45,61.37,1.0,SetByBid
2025-12-30 14:27:48,2025-12-30T14:27:48,61.37,1.0,SetByBid
2025-12-30 14:27:49,2025-12-30T14:27:49,61.37,2.0,SetByBid
2025-12-30 14:27:52,2025-12-30T14:27:52,61.37,1.0,SetByBid
2025-12-30 14:27:52,2025-12-30T14:27:52,61.36,5.0,SetByBid
2025-12-30 14:27:53,2025-12-30T14:27:53,61.36,1.0,SetByBid
2025-12-30 14:27:53,2025-12-30T14:27:53,61.36,1.0,SetByBid
2025-12-30 14:28:15,2025-12-30T14:28:15,61.37,1.0,SetByBid
2025-12-30 14:28:15,2025-12-30T14:28:15,61.37,1.0,SetByBid
2025-12-30 14:28:17,2025-12-30T14:28:17,61.37,1.0,SetByAsk
2025-12-30 14:28:29,2025-12-30T14:28:29,61.36,1.0,SetByBid
2025-12-30 14:28:29,2025-12-30T14:28:29,61.36,2.0,SetByBid
2025-12-30 14:28:40,2025-12-30T14:28:40,61.34,2.0,SetByBid
2025-12-30 14:28:40,2025-12-30T14:28:40,61.34,2.0,SetByBid
2025-12-30 14:28:48,2025-12-30T14:28:48,61.34,1.0,SetByBid
2025-12-30 14:28:53,2025-12-30T14:28:53,61.34,3.0,SetByBid
2025-12-30 14:29:20,2025-12-30T14:29:20,61.32,1.0,SetByBid
2025-12-30 14:29:20,2025-12-30T14:29:20,61.32,1.0,SetByBid
2025-12-30 14:29:20,2025-12-30T14:29:20,61.32,1.0,SetByBid
2025-12-30 14:29:20,2025-12-30T14:29:20,61.32,1.0,SetByBid
2025-12-30 14:29:20,2025-12-30T14:29:20,61.32,2.0,SetByBid
2025-12-30 14:29:20,2025-12-30T14:29:20,61.32,1.0,SetByBid
2025-12-30 14:29:20,2025-12-30T14:29:20,61.32,1.0,SetByBid
2025-12-30 14:29:28,2025-12-30T14:29:28,61.31,1.0,SetByBid
2025-12-30 14:29:28,2025-12-30T14:29:28,61.31,2.0,SetByBid
2025-12-30 14:29:28,2025-12-30T14:29:28,61.31,2.0,SetByBid
2025-12-30 14:29:28,2025-12-30T14:29:28,61.31,3.0,SetByBid
2025-12-30 14:29:37,2025-12-30T14:29:37,61.32,2.0,SetByBid
2025-12-30 14:29:37,2025-12-30T14:29:37,61.32,4.0,SetByBid
2025-12-30 14:29:37,2025-12-30T14:29:37,61.32,1.0,SetByBid
2025-12-30 14:29:46,2025-12-30T14:29:46,61.31,4.0,SetByBid
2025-12-30 14:29:46,2025-12-30T14:29:46,61.31,3.0,SetByBid
2025-12-30 14:29:46,2025-12-30T14:29:46,61.31,1.0,SetByBid
2025-12-30 14:29:50,2025-12-30T14:29:50,61.31,1.0,SetByBid
2025-12-30 14:29:54,2025-12-30T14:29:54,61.32,1.0,SetByBid
2025-12-30 14:29:54,2025-12-30T14:29:54,61.32,1.0,SetByBid
2025-12-30 14:29:58,2025-12-30T14:29:58,61.32,7.0,SetByBid
2025-12-30 14:29:58,2025-12-30T14:29:58,61.32,1.0,SetByBid
2025-12-30 14:29:59,2025-12-30T14:29:59,61.31,1.0,SetByBid
2025-12-30 14:30:00,2025-12-30T14:30:00,61.31,1.0,SetByBid
2025-12-30 14:30:00,2025-12-30T14:30:00,61.31,2.0,SetByBid
2025-12-30 14:30:00,2025-12-30T14:30:00,61.31,1.0,SetByBid
2025-12-30 14:30:07,2025-12-30T14:30:07,61.32,1.0,SetByBid
2025-12-30 14:30:25,2025-12-30T14:30:25,61.29,1.0,SetByBid
2025-12-30 14:30:25,2025-12-30T14:30:25,61.29,2.0,SetByBid
2025-12-30 14:30:25,2025-12-30T14:30:25,61.29,1.0,SetByBid
2025-12-30 14:30:25,2025-12-30T14:30:25,61.29,1.0,SetByBid
2025-12-30 14:30:28,2025-12-30T14:30:28,61.28,1.0,SetByBid
2025-12-30 14:30:28,2025-12-30T14:30:28,61.28,1.0,SetByBid
2025-12-30 14:30:28,2025-12-30T14:30:28,61.28,1.0,SetByBid
2025-12-30 14:30:28,2025-12-30T14:30:28,61.28,1.0,SetByBid
2025-12-30 14:30:28,2025-12-30T14:30:28,61.28,1.0,SetByBid
2025-12-30 14:30:28,2025-12-30T14:30:28,61.28,1.0,SetByBid
2025-12-30 14:30:28,2025-12-30T14:30:28,61.28,1.0,SetByBid
2025-12-30 14:30:28,2025-12-30T14:30:28,61.28,1.0,SetByBid
2025-12-30 14:30:28,2025-12-30T14:30:28,61.28,4.0,SetByBid
2025-12-30 14:30:28,2025-12-30T14:30:28,61.28,4.0,SetByBid
2025-12-30 14:30:28,2025-12-30T14:30:28,61.28,1.0,SetByBid
2025-12-30 14:30:28,2025-12-30T14:30:28,61.28,1.0,SetByBid
2025-12-30 14:30:29,2025-12-30T14:30:29,61.28,2.0,SetByBid
2025-12-30 14:30:32,2025-12-30T14:30:32,61.28,1.0,SetByBid
2025-12-30 14:30:32,2025-12-30T14:30:32,61.28,1.0,SetByBid
2025-12-30 14:30:32,2025-12-30T14:30:32,61.28,1.0,SetByBid
2025-12-30 14:30:32,2025-12-30T14:30:32,61.28,2.0,SetByBid
2025-12-30 14:30:32,2025-12-30T14:30:32,61.28,2.0,SetByBid
2025-12-30 14:30:32,2025-12-30T14:30:32,61.28,2.0,SetByBid
2025-12-30 14:30:32,2025-12-30T14:30:32,61.28,1.0,SetByBid
2025-12-30 14:30:32,2025-12-30T14:30:32,61.28,1.0,SetByBid
2025-12-30 14:30:32,2025-12-30T14:30:32,61.28,3.0,SetByBid
2025-12-30 14:30:32,2025-12-30T14:30:32,61.28,7.0,SetByBid
2025-12-30 14:30:32,2025-12-30T14:30:32,61.28,7.0,SetByBid
2025-12-30 14:30:32,2025-12-30T14:30:32,61.27,1.0,SetByAsk
2025-12-30 14:30:32,2025-12-30T14:30:32,61.27,1.0,SetByAsk
2025-12-30 14:30:32,2025-12-30T14:30:32,61.27,1.0,SetByBid
2025-12-30 14:30:39,2025-12-30T14:30:39,61.27,1.0,SetByBid
2025-12-30 14:30:39,2025-12-30T14:30:39,61.27,3.0,SetByBid
2025-12-30 14:30:39,2025-12-30T14:30:39,61.27,3.0,SetByBid
2025-12-30 14:30:39,2025-12-30T14:30:39,61.27,3.0,SetByBid
2025-12-30 14:30:39,2025-12-30T14:30:39,61.27,3.0,SetByBid
2025-12-30 14:30:39,2025-12-30T14:30:39,61.27,2.0,SetByBid
2025-12-30 14:30:44,2025-12-30T14:30:44,61.27,1.0,SetByAsk
2025-12-30 14:30:44,2025-12-30T14:30:44,61.27,1.0,SetByBid
2025-12-30 14:30:44,2025-12-30T14:30:44,61.27,2.0,SetByBid
2025-12-30 14:30:52,2025-12-30T14:30:52,61.27,2.0,SetByAsk
2025-12-30 14:30:53,2025-12-30T14:30:53,61.27,1.0,SetByBid
2025-12-30 14:30:55,2025-12-30T14:30:55,61.26,2.0,SetByBid
2025-12-30 14:31:15,2025-12-30T14:31:15,61.26,2.0,SetByBid
2025-12-30 14:31:15,2025-12-30T14:31:15,61.26,1.0,SetByBid
2025-12-30 14:31:15,2025-12-30T14:31:15,61.26,1.0,SetByBid
2025-12-30 14:31:15,2025-12-30T14:31:15,61.26,1.0,SetByBid
2025-12-30 14:31:15,2025-12-30T14:31:15,61.26,1.0,SetByBid
2025-12-30 14:31:15,2025-12-30T14:31:15,61.26,3.0,SetByBid
2025-12-30 14:31:15,2025-12-30T14:31:15,61.26,1.0,SetByBid
2025-12-30 14:31:20,2025-12-30T14:31:20,61.26,1.0,SetByBid
2025-12-30 14:31:23,2025-12-30T14:31:23,61.26,2.0,SetByBid
2025-12-30 14:31:24,2025-12-30T14:31:24,61.26,1.0,SetByBid
2025-12-30 14:31:24,2025-12-30T14:31:24,61.26,1.0,SetByBid
2025-12-30 14:31:30,2025-12-30T14:31:30,61.25,1.0,SetByBid
2025-12-30 14:31:30,2025-12-30T14:31:30,61.25,1.0,SetByBid
2025-12-30 14:31:31,2025-12-30T14:31:31,61.25,1.0,SetByBid
2025-12-30 14:31:31,2025-12-30T14:31:31,61.25,1.0,SetByBid
2025-12-30 14:31:32,2025-12-30T14:31:32,61.25,1.0,SetByBid
2025-12-30 14:31:32,2025-12-30T14:31:32,61.25,1.0,SetByBid
2025-12-30 14:31:48,2025-12-30T14:31:48,61.24,1.0,SetByAsk
2025-12-30 14:31:48,2025-12-30T14:31:48,61.24,1.0,SetByBid
2025-12-30 14:31:48,2025-12-30T14:31:48,61.24,1.0,SetByBid
2025-12-30 14:31:48,2025-12-30T14:31:48,61.24,1.0,SetByBid
2025-12-30 14:31:52,2025-12-30T14:31:52,61.24,3.0,SetByBid
2025-12-30 14:31:55,2025-12-30T14:31:55,61.25,1.0,SetByBid
2025-12-30 14:31:55,2025-12-30T14:31:55,61.25,3.0,SetByBid
2025-12-30 14:31:55,2025-12-30T14:31:55,61.25,1.0,SetByBid
2025-12-30 14:31:55,2025-12-30T14:31:55,61.25,1.0,SetByBid
2025-12-30 14:31:55,2025-12-30T14:31:55,61.25,1.0,SetByBid
2025-12-30 14:32:05,2025-12-30T14:32:05,61.25,1.0,SetByBid
2025-12-30 14:32:05,2025-12-30T14:32:05,61.25,1.0,SetByBid
2025-12-30 14:32:05,2025-12-30T14:32:05,61.25,2.0,SetByBid
2025-12-30 14:32:05,2025-12-30T14:32:05,61.25,1.0,SetByBid
2025-12-30 14:32:05,2025-12-30T14:32:05,61.25,1.0,SetByBid
2025-12-30 14:32:05,2025-12-30T14:32:05,61.25,1.0,SetByBid
2025-12-30 14:32:05,2025-12-30T14:32:05,61.26,1.0,SetByBid
2025-12-30 14:32:05,2025-12-30T14:32:05,61.26,2.0,SetByBid
2025-12-30 14:32:05,2025-12-30T14:32:05,61.26,2.0,SetByBid
2025-12-30 14:32:05,2025-12-30T14:32:05,61.26,1.0,SetByBid
2025-12-30 14:32:05,2025-12-30T14:32:05,61.26,1.0,SetByBid
2025-12-30 14:32:05,2025-12-30T14:32:05,61.26,2.0,SetByBid
2025-12-30 14:32:05,2025-12-30T14:32:05,61.26,1.0,SetByBid
2025-12-30 14:32:05,2025-12-30T14:32:05,61.26,2.0,SetByBid
2025-12-30 14:32:05,2025-12-30T14:32:05,61.26,1.0,SetByBid
2025-12-30 14:32:05,2025-12-30T14:32:05,61.26,1.0,SetByBid
2025-12-30 14:32:05,2025-12-30T14:32:05,61.26,1.0,SetByBid
2025-12-30 14:32:05,2025-12-30T14:32:05,61.26,2.0,SetByBid
2025-12-30 14:32:05,2025-12-30T14:32:05,61.26,3.0,SetByBid
2025-12-30 14:32:05,2025-12-30T14:32:05,61.26,1.0,SetByBid
2025-12-30 14:32:05,2025-12-30T14:32:05,61.26,1.0,SetByBid
2025-12-30 14:32:05,2025-12-30T14:32:05,61.26,1.0,SetByBid
2025-12-30 14:32:05,2025-12-30T14:32:05,61.26,1.0,SetByBid
2025-12-30 14:32:05,2025-12-30T14:32:05,61.26,1.0,SetByBid
2025-12-30 14:32:05,2025-12-30T14:32:05,61.26,1.0,SetByBid
2025-12-30 14:32:05,2025-12-30T14:32:05,61.26,1.0,SetByBid
2025-12-30 14:32:05,2025-12-30T14:32:05,61.26,1.0,SetByBid
2025-12-30 14:32:05,2025-12-30T14:32:05,61.26,1.0,SetByBid
2025-12-30 14:32:05,2025-12-30T14:32:05,61.26,2.0,SetByBid
2025-12-30 14:32:05,2025-12-30T14:32:05,61.26,3.0,SetByBid
2025-12-30 14:32:05,2025-12-30T14:32:05,61.26,7.0,SetByBid
2025-12-30 14:32:05,2025-12-30T14:32:05,61.26,7.0,SetByBid
2025-12-30 14:32:05,2025-12-30T14:32:05,61.26,2.0,SetByBid
2025-12-30 14:32:05,2025-12-30T14:32:05,61.26,2.0,SetByBid
2025-12-30 14:32:05,2025-12-30T14:32:05,61.25,2.0,SetByAsk
2025-12-30 14:32:05,2025-12-30T14:32:05,61.25,1.0,SetByAsk
2025-12-30 14:32:05,2025-12-30T14:32:05,61.25,1.0,SetByAsk
2025-12-30 14:32:05,2025-12-30T14:32:05,61.25,2.0,SetByAsk
2025-12-30 14:32:05,2025-12-30T14:32:05,61.25,1.0,SetByAsk
2025-12-30 14:32:05,2025-12-30T14:32:05,61.25,1.0,SetByAsk
2025-12-30 14:32:05,2025-12-30T14:32:05,61.25,1.0,SetByAsk
2025-12-30 14:32:05,2025-12-30T14:32:05,61.25,1.0,SetByAsk
2025-12-30 14:32:05,2025-12-30T14:32:05,61.25,3.0,SetByAsk
2025-12-30 14:32:05,2025-12-30T14:32:05,61.25,5.0,SetByAsk
2025-12-30 14:32:05,2025-12-30T14:32:05,61.25,2.0,SetByBid
2025-12-30 14:32:05,2025-12-30T14:32:05,61.25,1.0,SetByBid
2025-12-30 14:32:05,2025-12-30T14:32:05,61.25,1.0,SetByBid
2025-12-30 14:32:05,2025-12-30T14:32:05,61.25,1.0,SetByBid
2025-12-30 14:32:05,2025-12-30T14:32:05,61.25,1.0,SetByBid
2025-12-30 14:32:05,2025-12-30T14:32:05,61.25,1.0,SetByBid
2025-12-30 14:32:05,2025-12-30T14:32:05,61.25,3.0,SetByBid
2025-12-30 14:32:05,2025-12-30T14:32:05,61.25,2.0,SetByBid
2025-12-30 14:32:05,2025-12-30T14:32:05,61.25,1.0,SetByBid
2025-12-30 14:32:05,2025-12-30T14:32:05,61.25,4.0,SetByBid
2025-12-30 14:32:05,2025-12-30T14:32:05,61.25,1.0,SetByBid
2025-12-30 14:32:05,2025-12-30T14:32:05,61.25,1.0,SetByBid
2025-12-30 14:32:05,2025-12-30T14:32:05,61.25,1.0,SetByBid
2025-12-30 14:32:05,2025-12-30T14:32:05,61.25,1.0,SetByBid
2025-12-30 14:32:05,2025-12-30T14:32:05,61.25,1.0,SetByBid
2025-12-30 14:32:05,2025-12-30T14:32:05,61.25,1.0,SetByBid
2025-12-30 14:32:05,2025-12-30T14:32:05,61.26,2.0,SetByBid
2025-12-30 14:32:05,2025-12-30T14:32:05,61.26,1.0,SetByBid
2025-12-30 14:32:15,2025-12-30T14:32:15,61.26,1.0,SetByBid
2025-12-30 14:32:15,2025-12-30T14:32:15,61.26,1.0,SetByBid
2025-12-30 14:32:15,2025-12-30T14:32:15,61.26,6.0,SetByBid
2025-12-30 14:32:15,2025-12-30T14:32:15,61.26,1.0,SetByBid
2025-12-30 14:32:15,2025-12-30T14:32:15,61.26,1.0,SetByBid
2025-12-30 14:32:16,2025-12-30T14:32:16,61.26,2.0,SetByBid
2025-12-30 14:32:16,2025-12-30T14:32:16,61.26,2.0,SetByBid
2025-12-30 14:32:16,2025-12-30T14:32:16,61.26,2.0,SetByBid
2025-12-30 14:32:16,2025-12-30T14:32:16,61.26,1.0,SetByBid
2025-12-30 14:32:16,2025-12-30T14:32:16,61.26,1.0,SetByBid
2025-12-30 14:32:16,2025-12-30T14:32:16,61.27,1.0,SetByBid
2025-12-30 14:32:16,2025-12-30T14:32:16,61.27,1.0,SetByBid
2025-12-30 14:32:16,2025-12-30T14:32:16,61.27,1.0,SetByBid
2025-12-30 14:32:16,2025-12-30T14:32:16,61.27,1.0,SetByBid
2025-12-30 14:32:16,2025-12-30T14:32:16,61.27,1.0,SetByBid
2025-12-30 14:32:16,2025-12-30T14:32:16,61.27,2.0,SetByBid
2025-12-30 14:32:16,2025-12-30T14:32:16,61.27,1.0,SetByBid
2025-12-30 14:32:16,2025-12-30T14:32:16,61.27,1.0,SetByBid
2025-12-30 14:32:16,2025-12-30T14:32:16,61.27,1.0,SetByBid
2025-12-30 14:32:16,2025-12-30T14:32:16,61.27,5.0,SetByBid
2025-12-30 14:32:16,2025-12-30T14:32:16,61.27,1.0,SetByBid
2025-12-30 14:32:16,2025-12-30T14:32:16,61.27,1.0,SetByAsk
2025-12-30 14:32:16,2025-12-30T14:32:16,61.27,1.0,SetByAsk
2025-12-30 14:32:16,2025-12-30T14:32:16,61.28,1.0,SetByBid
2025-12-30 14:32:16,2025-12-30T14:32:16,61.28,1.0,SetByBid
2025-12-30 14:32:18,2025-12-30T14:32:18,61.27,1.0,SetByBid
2025-12-30 14:32:26,2025-12-30T14:32:26,61.26,1.0,SetByAsk
2025-12-30 14:32:26,2025-12-30T14:32:26,61.26,2.0,SetByAsk
2025-12-30 14:33:34,2025-12-30T14:33:34,61.26,2.0,SetByBid
2025-12-30 14:33:34,2025-12-30T14:33:34,61.26,2.0,SetByBid
2025-12-30 14:33:34,2025-12-30T14:33:34,61.26,2.0,SetByBid
2025-12-30 14:33:38,2025-12-30T14:33:38,61.25,1.0,SetByAsk
2025-12-30 14:33:38,2025-12-30T14:33:38,61.25,1.0,SetByAsk
2025-12-30 14:33:38,2025-12-30T14:33:38,61.25,1.0,SetByAsk
2025-12-30 14:33:38,2025-12-30T14:33:38,61.25,1.0,SetByAsk
2025-12-30 14:33:38,2025-12-30T14:33:38,61.25,1.0,SetByAsk
2025-12-30 14:33:38,2025-12-30T14:33:38,61.25,1.0,SetByAsk
2025-12-30 14:33:38,2025-12-30T14:33:38,61.25,1.0,SetByBid
2025-12-30 14:33:38,2025-12-30T14:33:38,61.25,1.0,SetByBid
2025-12-30 14:33:38,2025-12-30T14:33:38,61.25,1.0,SetByBid
2025-12-30 14:34:07,2025-12-30T14:34:07,61.24,1.0,SetByAsk
2025-12-30 14:34:07,2025-12-30T14:34:07,61.24,1.0,SetByAsk
2025-12-30 14:34:07,2025-12-30T14:34:07,61.24,1.0,SetByAsk
2025-12-30 14:34:07,2025-12-30T14:34:07,61.24,1.0,SetByAsk
2025-12-30 14:34:56,2025-12-30T14:34:56,61.25,1.0,SetByBid
2025-12-30 14:34:56,2025-12-30T14:34:56,61.25,1.0,SetByAsk
2025-12-30 14:34:56,2025-12-30T14:34:56,61.25,1.0,SetByAsk
2025-12-30 14:34:56,2025-12-30T14:34:56,61.25,1.0,SetByBid
2025-12-30 14:35:39,2025-12-30T14:35:39,61.25,1.0,SetByAsk
2025-12-30 14:35:39,2025-12-30T14:35:39,61.25,4.0,SetByAsk
2025-12-30 14:35:39,2025-12-30T14:35:39,61.25,1.0,SetByAsk
2025-12-30 14:35:39,2025-12-30T14:35:39,61.25,1.0,SetByBid
2025-12-30 14:35:39,2025-12-30T14:35:39,61.24,1.0,SetByAsk
2025-12-30 14:35:39,2025-12-30T14:35:39,61.25,1.0,SetByBid
2025-12-30 14:35:40,2025-12-30T14:35:40,61.25,1.0,SetByBid
2025-12-30 14:36:07,2025-12-30T14:36:07,61.23,1.0,SetByAsk
2025-12-30 14:36:07,2025-12-30T14:36:07,61.23,2.0,SetByAsk
2025-12-30 14:36:44,2025-12-30T14:36:44,61.24,1.0,SetByBid
2025-12-30 14:36:44,2025-12-30T14:36:44,61.24,2.0,SetByBid
2025-12-30 14:36:44,2025-12-30T14:36:44,61.24,1.0,SetByBid
2025-12-30 14:36:58,2025-12-30T14:36:58,61.27,2.0,SetByBid
2025-12-30 14:37:00,2025-12-30T14:37:00,61.28,1.0,SetByBid
2025-12-30 14:37:00,2025-12-30T14:37:00,61.28,1.0,SetByBid
2025-12-30 14:37:02,2025-12-30T14:37:02,61.28,1.0,SetByBid
2025-12-30 14:37:02,2025-12-30T14:37:02,61.28,1.0,SetByBid
2025-12-30 14:37:02,2025-12-30T14:37:02,61.28,1.0,SetByBid
2025-12-30 14:37:19,2025-12-30T14:37:19,61.3,1.0,SetByBid
2025-12-30 14:37:19,2025-12-30T14:37:19,61.3,1.0,SetByBid
2025-12-30 14:37:31,2025-12-30T14:37:31,61.31,3.0,SetByAsk
2025-12-30 14:37:31,2025-12-30T14:37:31,61.31,3.0,SetByAsk
2025-12-30 14:37:31,2025-12-30T14:37:31,61.31,1.0,SetByBid
2025-12-30 14:37:31,2025-12-30T14:37:31,61.31,1.0,SetByAsk
2025-12-30 14:38:00,2025-12-30T14:38:00,61.31,1.0,SetByAsk
2025-12-30 14:38:00,2025-12-30T14:38:00,61.31,1.0,SetByBid
2025-12-30 14:38:00,2025-12-30T14:38:00,61.31,1.0,SetByBid
2025-12-30 14:38:02,2025-12-30T14:38:02,61.3,1.0,SetByAsk
2025-12-30 14:38:02,2025-12-30T14:38:02,61.3,1.0,SetByAsk
2025-12-30 14:38:02,2025-12-30T14:38:02,61.3,1.0,SetByAsk
2025-12-30 14:38:02,2025-12-30T14:38:02,61.3,3.0,SetByBid
2025-12-30 14:38:10,2025-12-30T14:38:10,61.3,2.0,SetByAsk
2025-12-30 14:38:10,2025-12-30T14:38:10,61.3,2.0,SetByAsk
2025-12-30 14:39:06,2025-12-30T14:39:06,61.35,1.0,SetByBid
2025-12-30 14:39:06,2025-12-30T14:39:06,61.35,3.0,SetByBid
2025-12-30 14:39:06,2025-12-30T14:39:06,61.35,1.0,SetByBid
2025-12-30 14:39:06,2025-12-30T14:39:06,61.35,1.0,SetByBid
2025-12-30 14:39:06,2025-12-30T14:39:06,61.35,2.0,SetByBid
2025-12-30 14:39:06,2025-12-30T14:39:06,61.35,1.0,SetByBid
2025-12-30 14:39:06,2025-12-30T14:39:06,61.35,1.0,SetByBid
2025-12-30 14:39:06,2025-12-30T14:39:06,61.35,1.0,SetByBid
2025-12-30 14:39:06,2025-12-30T14:39:06,61.35,1.0,SetByBid
2025-12-30 14:39:06,2025-12-30T14:39:06,61.35,1.0,SetByBid
2025-12-30 14:39:06,2025-12-30T14:39:06,61.35,1.0,SetByBid
2025-12-30 14:39:06,2025-12-30T14:39:06,61.35,1.0,SetByBid
2025-12-30 14:39:06,2025-12-30T14:39:06,61.35,1.0,SetByBid
2025-12-30 14:39:06,2025-12-30T14:39:06,61.35,1.0,SetByBid
2025-12-30 14:39:06,2025-12-30T14:39:06,61.35,1.0,SetByBid
2025-12-30 14:39:06,2025-12-30T14:39:06,61.35,1.0,SetByBid
2025-12-30 14:39:06,2025-12-30T14:39:06,61.35,1.0,SetByBid
2025-12-30 14:39:06,2025-12-30T14:39:06,61.35,1.0,SetByBid
2025-12-30 14:39:06,2025-12-30T14:39:06,61.35,1.0,SetByBid
2025-12-30 14:39:06,2025-12-30T14:39:06,61.35,1.0,SetByBid
2025-12-30 14:39:06,2025-12-30T14:39:06,61.35,1.0,SetByBid
2025-12-30 14:39:06,2025-12-30T14:39:06,61.35,1.0,SetByBid
2025-12-30 14:39:06,2025-12-30T14:39:06,61.35,1.0,SetByBid
2025-12-30 14:39:06,2025-12-30T14:39:06,61.35,1.0,SetByBid
2025-12-30 14:39:06,2025-12-30T14:39:06,61.35,1.0,SetByBid
2025-12-30 14:39:06,2025-12-30T14:39:06,61.35,1.0,SetByBid
2025-12-30 14:39:06,2025-12-30T14:39:06,61.35,1.0,SetByBid
2025-12-30 14:39:06,2025-12-30T14:39:06,61.35,1.0,SetByBid
2025-12-30 14:39:06,2025-12-30T14:39:06,61.34,1.0,SetByAsk
2025-12-30 14:39:06,2025-12-30T14:39:06,61.34,1.0,SetByAsk
2025-12-30 14:39:06,2025-12-30T14:39:06,61.34,1.0,SetByAsk
2025-12-30 14:39:06,2025-12-30T14:39:06,61.34,1.0,SetByAsk
2025-12-30 14:39:06,2025-12-30T14:39:06,61.34,1.0,SetByAsk
2025-12-30 14:39:06,2025-12-30T14:39:06,61.34,2.0,SetByAsk
2025-12-30 14:39:06,2025-12-30T14:39:06,61.34,1.0,SetByAsk
2025-12-30 14:39:06,2025-12-30T14:39:06,61.34,2.0,SetByAsk
2025-12-30 14:39:06,2025-12-30T14:39:06,61.34,2.0,SetByAsk
2025-12-30 14:39:06,2025-12-30T14:39:06,61.34,1.0,SetByAsk
2025-12-30 14:39:06,2025-12-30T14:39:06,61.34,1.0,SetByAsk
2025-12-30 14:39:06,2025-12-30T14:39:06,61.34,1.0,SetByBid
2025-12-30 14:39:06,2025-12-30T14:39:06,61.34,1.0,SetByBid
2025-12-30 14:39:06,2025-12-30T14:39:06,61.34,1.0,SetByBid
2025-12-30 14:39:06,2025-12-30T14:39:06,61.34,1.0,SetByBid
2025-12-30 14:39:06,2025-12-30T14:39:06,61.34,1.0,SetByBid
2025-12-30 14:39:12,2025-12-30T14:39:12,61.33,2.0,SetByBid
2025-12-30 14:39:12,2025-12-30T14:39:12,61.33,3.0,SetByBid
2025-12-30 14:39:16,2025-12-30T14:39:16,61.34,4.0,SetByBid
2025-12-30 14:39:16,2025-12-30T14:39:16,61.34,1.0,SetByBid
2025-12-30 14:39:16,2025-12-30T14:39:16,61.34,2.0,SetByBid
2025-12-30 14:39:16,2025-12-30T14:39:16,61.34,1.0,SetByBid
2025-12-30 14:39:24,2025-12-30T14:39:24,61.33,1.0,SetByAsk
2025-12-30 14:39:44,2025-12-30T14:39:44,61.32,1.0,SetByAsk
2025-12-30 14:39:44,2025-12-30T14:39:44,61.32,1.0,SetByAsk
2025-12-30 14:39:44,2025-12-30T14:39:44,61.32,1.0,SetByAsk
2025-12-30 14:40:15,2025-12-30T14:40:15,61.32,1.0,SetByAsk
2025-12-30 14:42:02,2025-12-30T14:42:02,61.33,1.0,SetByBid
2025-12-30 14:42:11,2025-12-30T14:42:11,61.34,1.0,SetByAsk
2025-12-30 14:42:11,2025-12-30T14:42:11,61.34,1.0,SetByAsk
2025-12-30 14:43:01,2025-12-30T14:43:01,61.35,1.0,SetByBid
2025-12-30 14:43:01,2025-12-30T14:43:01,61.35,2.0,SetByBid
2025-12-30 14:43:01,2025-12-30T14:43:01,61.35,1.0,SetByBid
2025-12-30 14:43:01,2025-12-30T14:43:01,61.35,1.0,SetByBid
2025-12-30 14:43:01,2025-12-30T14:43:01,61.35,4.0,SetByBid
2025-12-30 14:43:09,2025-12-30T14:43:09,61.36,1.0,SetByAsk
2025-12-30 14:43:09,2025-12-30T14:43:09,61.36,1.0,SetByAsk
2025-12-30 14:43:15,2025-12-30T14:43:15,61.37,2.0,SetByBid
2025-12-30 14:43:15,2025-12-30T14:43:15,61.37,1.0,SetByBid
2025-12-30 14:43:15,2025-12-30T14:43:15,61.37,2.0,SetByBid
2025-12-30 14:43:15,2025-12-30T14:43:15,61.37,1.0,SetByBid
2025-12-30 14:43:20,2025-12-30T14:43:20,61.36,1.0,SetByAsk
2025-12-30 14:43:20,2025-12-30T14:43:20,61.36,1.0,SetByBid
2025-12-30 14:43:24,2025-12-30T14:43:24,61.37,1.0,SetByBid
2025-12-30 14:44:34,2025-12-30T14:44:34,61.35,1.0,SetByAsk
2025-12-30 14:44:34,2025-12-30T14:44:34,61.35,1.0,SetByAsk
2025-12-30 14:44:34,2025-12-30T14:44:34,61.35,1.0,SetByAsk
2025-12-30 14:44:34,2025-12-30T14:44:34,61.34,1.0,SetByAsk
2025-12-30 14:44:51,2025-12-30T14:44:51,61.34,1.0,SetByBid
2025-12-30 14:44:51,2025-12-30T14:44:51,61.34,1.0,SetByBid
2025-12-30 14:44:51,2025-12-30T14:44:51,61.34,1.0,SetByBid
2025-12-30 14:44:51,2025-12-30T14:44:51,61.34,1.0,SetByBid
2025-12-30 14:44:59,2025-12-30T14:44:59,61.35,3.0,SetByBid
2025-12-30 14:44:59,2025-12-30T14:44:59,61.35,1.0,SetByBid
2025-12-30 14:44:59,2025-12-30T14:44:59,61.35,3.0,SetByBid
2025-12-30 14:44:59,2025-12-30T14:44:59,61.35,1.0,SetByBid
2025-12-30 14:44:59,2025-12-30T14:44:59,61.35,1.0,SetByAsk
2025-12-30 14:44:59,2025-12-30T14:44:59,61.36,3.0,SetByBid
2025-12-30 14:44:59,2025-12-30T14:44:59,61.36,1.0,SetByBid
2025-12-30 14:44:59,2025-12-30T14:44:59,61.35,1.0,SetByAsk
2025-12-30 14:44:59,2025-12-30T14:44:59,61.35,1.0,SetByAsk
2025-12-30 14:45:09,2025-12-30T14:45:09,61.36,1.0,SetByAsk
2025-12-30 14:45:09,2025-12-30T14:45:09,61.36,1.0,SetByAsk
2025-12-30 14:45:20,2025-12-30T14:45:20,61.37,1.0,SetByAsk
2025-12-30 14:45:30,2025-12-30T14:45:30,61.37,1.0,SetByAsk
2025-12-30 14:45:30,2025-12-30T14:45:30,61.37,1.0,SetByAsk
2025-12-30 14:46:39,2025-12-30T14:46:39,61.36,2.0,SetByAsk
2025-12-30 14:46:45,2025-12-30T14:46:45,61.35,1.0,SetByAsk
2025-12-30 14:47:03,2025-12-30T14:47:03,61.35,1.0,SetByAsk
2025-12-30 14:47:03,2025-12-30T14:47:03,61.35,1.0,SetByAsk
2025-12-30 14:47:03,2025-12-30T14:47:03,61.35,1.0,SetByBid
2025-12-30 14:47:44,2025-12-30T14:47:44,61.34,2.0,"SetByAsk, Leg"
2025-12-30 14:47:44,2025-12-30T14:47:44,61.33,2.0,"SetByAsk, Leg"
2025-12-30 14:47:44,2025-12-30T14:47:44,61.33,2.0,SetByAsk
2025-12-30 14:47:44,2025-12-30T14:47:44,61.33,1.0,SetByAsk
2025-12-30 14:47:44,2025-12-30T14:47:44,61.33,1.0,SetByAsk
2025-12-30 14:47:44,2025-12-30T14:47:44,61.33,1.0,SetByAsk
2025-12-30 14:47:44,2025-12-30T14:47:44,61.33,1.0,SetByAsk
2025-12-30 14:51:20,2025-12-30T14:51:20,61.36,1.0,SetByAsk
2025-12-30 14:51:22,2025-12-30T14:51:22,61.36,1.0,SetByAsk
2025-12-30 14:51:36,2025-12-30T14:51:36,61.35,1.0,SetByAsk
2025-12-30 14:51:36,2025-12-30T14:51:36,61.35,1.0,SetByAsk
2025-12-30 14:52:59,2025-12-30T14:52:59,61.36,1.0,SetByBid
2025-12-30 14:53:00,2025-12-30T14:53:00,61.35,1.0,SetByAsk
2025-12-30 14:56:18,2025-12-30T14:56:18,61.33,1.0,SetByAsk
2025-12-30 14:56:35,2025-12-30T14:56:35,61.34,2.0,SetByAsk
2025-12-30 14:57:52,2025-12-30T14:57:52,61.33,1.0,SetByAsk
2025-12-30 14:58:25,2025-12-30T14:58:25,61.35,1.0,SetByBid
2025-12-30 14:58:30,2025-12-30T14:58:30,61.33,1.0,SetByAsk
2025-12-30 14:58:30,2025-12-30T14:58:30,61.33,1.0,SetByAsk
2025-12-30 14:58:30,2025-12-30T14:58:30,61.33,5.0,SetByAsk
2025-12-30 14:58:36,2025-12-30T14:58:36,61.33,1.0,SetByAsk
2025-12-30 14:59:43,2025-12-30T14:59:43,61.33,1.0,SetByBid
2025-12-30 14:59:43,2025-12-30T14:59:43,61.33,2.0,SetByBid
2025-12-30 14:59:43,2025-12-30T14:59:43,61.34,3.0,SetByBid
2025-12-30 14:59:43,2025-12-30T14:59:43,61.34,2.0,SetByBid
2025-12-30 14:59:43,2025-12-30T14:59:43,61.34,1.0,SetByBid
2025-12-30 14:59:43,2025-12-30T14:59:43,61.34,1.0,SetByBid
2025-12-30 14:59:47,2025-12-30T14:59:47,61.34,1.0,SetByBid
2025-12-30 14:59:47,2025-12-30T14:59:47,61.34,1.0,SetByBid
2025-12-30 14:59:47,2025-12-30T14:59:47,61.34,2.0,SetByBid
2025-12-30 14:59:47,2025-12-30T14:59:47,61.34,1.0,SetByBid
2025-12-30 14:59:47,2025-12-30T14:59:47,61.34,5.0,SetByBid
2025-12-30 14:59:47,2025-12-30T14:59:47,61.34,3.0,SetByBid
2025-12-30 14:59:47,2025-12-30T14:59:47,61.34,1.0,SetByBid
2025-12-30 14:59:47,2025-12-30T14:59:47,61.34,3.0,SetByBid
2025-12-30 14:59:47,2025-12-30T14:59:47,61.34,1.0,SetByBid
2025-12-30 14:59:47,2025-12-30T14:59:47,61.34,1.0,SetByBid
2025-12-30 14:59:47,2025-12-30T14:59:47,61.35,1.0,SetByBid
2025-12-30 14:59:47,2025-12-30T14:59:47,61.35,4.0,SetByBid
2025-12-30 14:59:47,2025-12-30T14:59:47,61.35,1.0,SetByBid
2025-12-30 14:59:47,2025-12-30T14:59:47,61.35,1.0,SetByBid
2025-12-30 14:59:47,2025-12-30T14:59:47,61.35,3.0,SetByBid
2025-12-30 14:59:47,2025-12-30T14:59:47,61.35,5.0,SetByBid
2025-12-30 14:59:47,2025-12-30T14:59:47,61.35,1.0,SetByBid
2025-12-30 14:59:47,2025-12-30T14:59:47,61.35,2.0,SetByBid
2025-12-30 14:59:47,2025-12-30T14:59:47,61.35,1.0,SetByBid
2025-12-30 14:59:47,2025-12-30T14:59:47,61.35,1.0,SetByBid
2025-12-30 14:59:47,2025-12-30T14:59:47,61.35,1.0,SetByBid
2025-12-30 14:59:47,2025-12-30T14:59:47,61.35,1.0,SetByBid
2025-12-30 14:59:47,2025-12-30T14:59:47,61.35,1.0,SetByBid
2025-12-30 14:59:47,2025-12-30T14:59:47,61.36,1.0,SetByBid
2025-12-30 14:59:47,2025-12-30T14:59:47,61.36,1.0,SetByBid
2025-12-30 14:59:47,2025-12-30T14:59:47,61.36,2.0,SetByBid
2025-12-30 14:59:47,2025-12-30T14:59:47,61.36,1.0,SetByBid
2025-12-30 14:59:47,2025-12-30T14:59:47,61.36,5.0,SetByBid
2025-12-30 14:59:47,2025-12-30T14:59:47,61.36,1.0,SetByBid
2025-12-30 14:59:47,2025-12-30T14:59:47,61.36,2.0,SetByBid
2025-12-30 14:59:47,2025-12-30T14:59:47,61.36,1.0,SetByBid
2025-12-30 14:59:47,2025-12-30T14:59:47,61.36,2.0,SetByBid
2025-12-30 14:59:47,2025-12-30T14:59:47,61.36,1.0,SetByBid
2025-12-30 14:59:47,2025-12-30T14:59:47,61.36,1.0,SetByBid
2025-12-30 14:59:47,2025-12-30T14:59:47,61.36,1.0,SetByBid
2025-12-30 14:59:47,2025-12-30T14:59:47,61.36,1.0,SetByBid
2025-12-30 14:59:47,2025-12-30T14:59:47,61.36,1.0,SetByBid
2025-12-30 14:59:47,2025-12-30T14:59:47,61.36,1.0,SetByBid
2025-12-30 14:59:47,2025-12-30T14:59:47,61.36,1.0,SetByBid
2025-12-30 14:59:47,2025-12-30T14:59:47,61.34,2.0,SetByAsk
2025-12-30 14:59:47,2025-12-30T14:59:47,61.35,1.0,SetByBid
2025-12-30 14:59:47,2025-12-30T14:59:47,61.35,1.0,SetByAsk
2025-12-30 14:59:47,2025-12-30T14:59:47,61.36,1.0,SetByBid
2025-12-30 14:59:47,2025-12-30T14:59:47,61.36,1.0,SetByBid
2025-12-30 14:59:47,2025-12-30T14:59:47,61.36,1.0,SetByBid
2025-12-30 14:59:47,2025-12-30T14:59:47,61.36,1.0,SetByBid
2025-12-30 14:59:47,2025-12-30T14:59:47,61.36,1.0,SetByBid
2025-12-30 14:59:47,2025-12-30T14:59:47,61.36,1.0,SetByBid
2025-12-30 14:59:47,2025-12-30T14:59:47,61.35,1.0,SetByAsk
2025-12-30 14:59:47,2025-12-30T14:59:47,61.35,1.0,SetByAsk
2025-12-30 14:59:47,2025-12-30T14:59:47,61.35,1.0,SetByAsk
2025-12-30 14:59:47,2025-12-30T14:59:47,61.35,1.0,SetByAsk
2025-12-30 14:59:47,2025-12-30T14:59:47,61.35,1.0,SetByAsk
2025-12-30 14:59:47,2025-12-30T14:59:47,61.35,3.0,SetByAsk
2025-12-30 14:59:47,2025-12-30T14:59:47,61.35,1.0,SetByAsk
2025-12-30 14:59:47,2025-12-30T14:59:47,61.35,2.0,SetByAsk
2025-12-30 14:59:47,2025-12-30T14:59:47,61.35,1.0,SetByAsk
2025-12-30 14:59:47,2025-12-30T14:59:47,61.35,2.0,SetByAsk
2025-12-30 14:59:47,2025-12-30T14:59:47,61.35,1.0,SetByAsk
2025-12-30 14:59:47,2025-12-30T14:59:47,61.36,1.0,SetByAsk
2025-12-30 14:59:47,2025-12-30T14:59:47,61.37,1.0,SetByBid
2025-12-30 14:59:47,2025-12-30T14:59:47,61.37,1.0,SetByAsk
2025-12-30 14:59:47,2025-12-30T14:59:47,61.37,1.0,SetByAsk
2025-12-30 14:59:47,2025-12-30T14:59:47,61.37,1.0,SetByAsk
2025-12-30 14:59:47,2025-12-30T14:59:47,61.37,1.0,SetByBid
2025-12-30 14:59:47,2025-12-30T14:59:47,61.38,1.0,SetByBid
2025-12-30 14:59:47,2025-12-30T14:59:47,61.38,1.0,SetByBid
2025-12-30 14:59:47,2025-12-30T14:59:47,61.38,1.0,SetByBid
2025-12-30 14:59:47,2025-12-30T14:59:47,61.37,1.0,SetByAsk
2025-12-30 14:59:47,2025-12-30T14:59:47,61.37,1.0,SetByAsk
2025-12-30 14:59:54,2025-12-30T14:59:54,61.36,1.0,SetByAsk
2025-12-30 14:59:54,2025-12-30T14:59:54,61.36,1.0,SetByBid
2025-12-30 15:00:40,2025-12-30T15:00:40,61.36,1.0,SetByAsk
2025-12-30 15:02:00,2025-12-30T15:02:00,61.36,2.0,SetByAsk
2025-12-30 15:02:25,2025-12-30T15:02:25,61.34,1.0,SetByAsk
2025-12-30 15:02:25,2025-12-30T15:02:25,61.34,2.0,SetByAsk
2025-12-30 15:02:25,2025-12-30T15:02:25,61.34,2.0,SetByAsk
2025-12-30 15:02:25,2025-12-30T15:02:25,61.34,2.0,SetByAsk
2025-12-30 15:02:25,2025-12-30T15:02:25,61.34,1.0,SetByAsk
2025-12-30 15:02:25,2025-12-30T15:02:25,61.34,4.0,SetByAsk
2025-12-30 15:02:25,2025-12-30T15:02:25,61.34,2.0,SetByAsk
2025-12-30 15:02:25,2025-12-30T15:02:25,61.34,1.0,SetByAsk
2025-12-30 15:02:25,2025-12-30T15:02:25,61.34,1.0,SetByAsk
2025-12-30 15:02:25,2025-12-30T15:02:25,61.34,1.0,SetByAsk
2025-12-30 15:04:36,2025-12-30T15:04:36,61.36,1.0,SetByAsk
2025-12-30 15:04:43,2025-12-30T15:04:43,61.37,1.0,SetByBid
2025-12-30 15:04:43,2025-12-30T15:04:43,61.37,2.0,SetByBid
2025-12-30 15:04:43,2025-12-30T15:04:43,61.37,1.0,SetByBid
2025-12-30 15:04:43,2025-12-30T15:04:43,61.38,1.0,SetByBid
2025-12-30 15:04:43,2025-12-30T15:04:43,61.38,3.0,SetByBid
2025-12-30 15:04:43,2025-12-30T15:04:43,61.38,3.0,SetByBid
2025-12-30 15:04:43,2025-12-30T15:04:43,61.38,3.0,SetByBid
2025-12-30 15:04:43,2025-12-30T15:04:43,61.38,1.0,SetByBid
2025-12-30 15:04:43,2025-12-30T15:04:43,61.38,5.0,SetByBid
2025-12-30 15:04:43,2025-12-30T15:04:43,61.38,3.0,SetByBid
2025-12-30 15:04:45,2025-12-30T15:04:45,61.37,1.0,SetByBid
2025-12-30 15:05:15,2025-12-30T15:05:15,61.38,1.0,SetByBid
2025-12-30 15:05:15,2025-12-30T15:05:15,61.38,2.0,SetByBid
2025-12-30 15:05:15,2025-12-30T15:05:15,61.38,1.0,SetByBid
2025-12-30 15:05:15,2025-12-30T15:05:15,61.38,1.0,SetByBid
2025-12-30 15:05:15,2025-12-30T15:05:15,61.38,1.0,SetByBid
2025-12-30 15:05:15,2025-12-30T15:05:15,61.39,3.0,SetByAsk
2025-12-30 15:05:15,2025-12-30T15:05:15,61.39,2.0,SetByAsk
2025-12-30 15:05:15,2025-12-30T15:05:15,61.39,3.0,SetByAsk
2025-12-30 15:05:16,2025-12-30T15:05:16,61.4,1.0,SetByAsk
2025-12-30 15:05:16,2025-12-30T15:05:16,61.4,1.0,SetByAsk
2025-12-30 15:05:16,2025-12-30T15:05:16,61.4,1.0,SetByBid
2025-12-30 15:05:26,2025-12-30T15:05:26,61.41,8.0,SetByAsk
2025-12-30 15:05:26,2025-12-30T15:05:26,61.41,1.0,SetByAsk
2025-12-30 15:05:26,2025-12-30T15:05:26,61.41,1.0,SetByAsk
2025-12-30 15:05:26,2025-12-30T15:05:26,61.41,2.0,SetByAsk
2025-12-30 15:05:26,2025-12-30T15:05:26,61.41,1.0,SetByAsk
2025-12-30 15:05:26,2025-12-30T15:05:26,61.41,3.0,SetByAsk
2025-12-30 15:05:26,2025-12-30T15:05:26,61.41,4.0,SetByAsk
2025-12-30 15:05:26,2025-12-30T15:05:26,61.41,3.0,SetByAsk
2025-12-30 15:05:26,2025-12-30T15:05:26,61.41,1.0,SetByAsk
2025-12-30 15:05:26,2025-12-30T15:05:26,61.41,1.0,SetByAsk
2025-12-30 15:05:26,2025-12-30T15:05:26,61.41,3.0,SetByAsk
2025-12-30 15:05:26,2025-12-30T15:05:26,61.41,1.0,SetByAsk
2025-12-30 15:05:26,2025-12-30T15:05:26,61.41,1.0,SetByAsk
2025-12-30 15:05:26,2025-12-30T15:05:26,61.41,1.0,SetByAsk
2025-12-30 15:05:26,2025-12-30T15:05:26,61.41,1.0,SetByAsk
2025-12-30 15:05:26,2025-12-30T15:05:26,61.41,1.0,SetByAsk
2025-12-30 15:05:26,2025-12-30T15:05:26,61.41,3.0,SetByAsk
2025-12-30 15:05:26,2025-12-30T15:05:26,61.41,1.0,SetByAsk
2025-12-30 15:05:26,2025-12-30T15:05:26,61.41,2.0,SetByAsk
2025-12-30 15:05:26,2025-12-30T15:05:26,61.41,1.0,SetByAsk
2025-12-30 15:05:26,2025-12-30T15:05:26,61.4,1.0,SetByAsk
2025-12-30 15:05:26,2025-12-30T15:05:26,61.4,1.0,SetByAsk
2025-12-30 15:05:26,2025-12-30T15:05:26,61.4,2.0,SetByBid
2025-12-30 15:05:26,2025-12-30T15:05:26,61.41,1.0,SetByBid
2025-12-30 15:05:26,2025-12-30T15:05:26,61.41,1.0,SetByBid
2025-12-30 15:05:26,2025-12-30T15:05:26,61.41,1.0,SetByBid
2025-12-30 15:05:26,2025-12-30T15:05:26,61.41,1.0,SetByBid
2025-12-30 15:05:26,2025-12-30T15:05:26,61.41,1.0,SetByBid
2025-12-30 15:05:37,2025-12-30T15:05:37,61.39,1.0,SetByBid
2025-12-30 15:06:17,2025-12-30T15:06:17,61.39,4.0,SetByBid
2025-12-30 15:06:17,2025-12-30T15:06:17,61.39,1.0,SetByBid
2025-12-30 15:07:00,2025-12-30T15:07:00,61.42,1.0,SetByBid
2025-12-30 15:07:00,2025-12-30T15:07:00,61.42,1.0,SetByBid
2025-12-30 15:07:00,2025-12-30T15:07:00,61.42,1.0,SetByBid
2025-12-30 15:07:00,2025-12-30T15:07:00,61.42,4.0,SetByBid
2025-12-30 15:07:00,2025-12-30T15:07:00,61.41,1.0,SetByAsk
2025-12-30 15:07:06,2025-12-30T15:07:06,61.41,1.0,SetByAsk
2025-12-30 15:08:25,2025-12-30T15:08:25,61.43,1.0,SetByAsk
2025-12-30 15:08:25,2025-12-30T15:08:25,61.43,1.0,SetByAsk
2025-12-30 15:08:25,2025-12-30T15:08:25,61.43,1.0,SetByAsk
2025-12-30 15:08:34,2025-12-30T15:08:34,61.42,1.0,SetByAsk
2025-12-30 15:08:34,2025-12-30T15:08:34,61.42,1.0,SetByAsk
2025-12-30 15:08:34,2025-12-30T15:08:34,61.42,1.0,SetByAsk
2025-12-30 15:08:39,2025-12-30T15:08:39,61.43,1.0,SetByAsk
2025-12-30 15:08:39,2025-12-30T15:08:39,61.43,1.0,SetByAsk
2025-12-30 15:08:39,2025-12-30T15:08:39,61.43,1.0,SetByAsk
2025-12-30 15:08:39,2025-12-30T15:08:39,61.43,1.0,SetByAsk
2025-12-30 15:08:39,2025-12-30T15:08:39,61.43,2.0,SetByAsk
2025-12-30 15:08:59,2025-12-30T15:08:59,61.43,1.0,SetByAsk
2025-12-30 15:09:22,2025-12-30T15:09:22,61.43,1.0,SetByAsk
2025-12-30 15:10:51,2025-12-30T15:10:51,61.42,1.0,SetByAsk
2025-12-30 15:10:51,2025-12-30T15:10:51,61.42,1.0,SetByAsk
2025-12-30 15:10:51,2025-12-30T15:10:51,61.42,1.0,SetByAsk
2025-12-30 15:11:08,2025-12-30T15:11:08,61.41,1.0,SetByAsk
2025-12-30 15:11:08,2025-12-30T15:11:08,61.41,1.0,SetByBid
2025-12-30 15:11:45,2025-12-30T15:11:45,61.41,1.0,SetByBid
2025-12-30 15:12:01,2025-12-30T15:12:01,61.4,2.0,SetByAsk
2025-12-30 15:12:01,2025-12-30T15:12:01,61.4,1.0,SetByAsk
2025-12-30 15:12:44,2025-12-30T15:12:44,61.41,2.0,SetByBid
2025-12-30 15:12:44,2025-12-30T15:12:44,61.41,1.0,SetByBid
2025-12-30 15:12:59,2025-12-30T15:12:59,61.41,2.0,SetByBid
2025-12-30 15:12:59,2025-12-30T15:12:59,61.41,1.0,SetByBid
2025-12-30 15:12:59,2025-12-30T15:12:59,61.41,1.0,SetByBid
2025-12-30 15:12:59,2025-12-30T15:12:59,61.41,1.0,SetByBid
2025-12-30 15:12:59,2025-12-30T15:12:59,61.41,2.0,SetByBid
2025-12-30 15:12:59,2025-12-30T15:12:59,61.4,1.0,SetByAsk
2025-12-30 15:12:59,2025-12-30T15:12:59,61.4,1.0,SetByAsk
2025-12-30 15:14:24,2025-12-30T15:14:24,61.42,1.0,SetByAsk
2025-12-30 15:14:44,2025-12-30T15:14:44,61.43,2.0,SetByBid
2025-12-30 15:14:44,2025-12-30T15:14:44,61.43,3.0,SetByBid
2025-12-30 15:14:44,2025-12-30T15:14:44,61.43,1.0,SetByBid
2025-12-30 15:14:44,2025-12-30T15:14:44,61.43,1.0,SetByBid
2025-12-30 15:14:44,2025-12-30T15:14:44,61.43,1.0,SetByBid
2025-12-30 15:14:44,2025-12-30T15:14:44,61.43,1.0,SetByAsk
2025-12-30 15:15:11,2025-12-30T15:15:11,61.43,1.0,SetByAsk
2025-12-30 15:15:21,2025-12-30T15:15:21,61.44,1.0,SetByBid
2025-12-30 15:15:24,2025-12-30T15:15:24,61.44,2.0,SetByAsk
2025-12-30 15:15:34,2025-12-30T15:15:34,61.44,1.0,SetByBid
2025-12-30 15:15:36,2025-12-30T15:15:36,61.44,1.0,SetByBid
2025-12-30 15:15:47,2025-12-30T15:15:47,61.44,1.0,SetByBid
2025-12-30 15:16:22,2025-12-30T15:16:22,61.43,1.0,SetByAsk
2025-12-30 15:16:22,2025-12-30T15:16:22,61.43,1.0,SetByAsk
2025-12-30 15:16:55,2025-12-30T15:16:55,61.44,1.0,SetByBid
2025-12-30 15:17:46,2025-12-30T15:17:46,61.43,1.0,SetByBid
2025-12-30 15:18:02,2025-12-30T15:18:02,61.44,1.0,SetByBid
2025-12-30 15:18:02,2025-12-30T15:18:02,61.44,1.0,SetByAsk
2025-12-30 15:18:02,2025-12-30T15:18:02,61.44,1.0,SetByAsk
2025-12-30 15:18:02,2025-12-30T15:18:02,61.44,1.0,SetByBid
2025-12-30 15:18:30,2025-12-30T15:18:30,61.44,1.0,SetByAsk
2025-12-30 15:18:30,2025-12-30T15:18:30,61.44,1.0,SetByAsk
2025-12-30 15:18:56,2025-12-30T15:18:56,61.44,1.0,SetByBid
2025-12-30 15:18:56,2025-12-30T15:18:56,61.44,1.0,SetByBid
2025-12-30 15:18:56,2025-12-30T15:18:56,61.44,1.0,SetByBid
2025-12-30 15:18:56,2025-12-30T15:18:56,61.44,1.0,SetByBid
2025-12-30 15:19:20,2025-12-30T15:19:20,61.43,1.0,SetByAsk
2025-12-30 15:19:38,2025-12-30T15:19:38,61.43,1.0,SetByAsk
2025-12-30 15:19:50,2025-12-30T15:19:50,61.44,1.0,SetByBid
2025-12-30 15:20:13,2025-12-30T15:20:13,61.43,1.0,SetByAsk
2025-12-30 15:20:13,2025-12-30T15:20:13,61.43,1.0,SetByAsk
2025-12-30 15:20:13,2025-12-30T15:20:13,61.43,1.0,SetByAsk
2025-12-30 15:20:13,2025-12-30T15:20:13,61.43,1.0,SetByAsk
2025-12-30 15:20:13,2025-12-30T15:20:13,61.43,1.0,SetByAsk
2025-12-30 15:20:24,2025-12-30T15:20:24,61.42,1.0,SetByAsk
2025-12-30 15:21:00,2025-12-30T15:21:00,61.41,1.0,SetByAsk
2025-12-30 15:21:44,2025-12-30T15:21:44,61.41,1.0,SetByAsk
2025-12-30 15:21:44,2025-12-30T15:21:44,61.42,1.0,SetByBid
2025-12-30 15:21:44,2025-12-30T15:21:44,61.42,1.0,SetByBid
2025-12-30 15:21:44,2025-12-30T15:21:44,61.42,1.0,SetByBid
2025-12-30 15:21:44,2025-12-30T15:21:44,61.42,1.0,SetByBid
2025-12-30 15:21:44,2025-12-30T15:21:44,61.42,1.0,SetByBid
2025-12-30 15:23:31,2025-12-30T15:23:31,61.42,2.0,SetByAsk
2025-12-30 15:23:37,2025-12-30T15:23:37,61.42,1.0,SetByAsk
2025-12-30 15:24:12,2025-12-30T15:24:12,61.44,1.0,SetByBid
2025-12-30 15:24:12,2025-12-30T15:24:12,61.44,3.0,SetByBid
2025-12-30 15:24:12,2025-12-30T15:24:12,61.44,1.0,SetByBid
2025-12-30 15:24:12,2025-12-30T15:24:12,61.44,1.0,SetByBid
2025-12-30 15:24:12,2025-12-30T15:24:12,61.44,1.0,SetByBid
2025-12-30 15:24:12,2025-12-30T15:24:12,61.44,1.0,SetByBid
2025-12-30 15:24:12,2025-12-30T15:24:12,61.44,2.0,SetByBid
2025-12-30 15:24:12,2025-12-30T15:24:12,61.44,1.0,SetByBid
2025-12-30 15:24:12,2025-12-30T15:24:12,61.44,1.0,SetByBid
2025-12-30 15:24:35,2025-12-30T15:24:35,61.43,1.0,SetByAsk
2025-12-30 15:24:35,2025-12-30T15:24:35,61.43,1.0,SetByAsk
2025-12-30 15:24:35,2025-12-30T15:24:35,61.43,1.0,SetByAsk
2025-12-30 15:24:50,2025-12-30T15:24:50,61.42,1.0,SetByBid
2025-12-30 15:24:50,2025-12-30T15:24:50,61.42,2.0,SetByBid
2025-12-30 15:24:57,2025-12-30T15:24:57,61.42,1.0,SetByAsk
2025-12-30 15:24:57,2025-12-30T15:24:57,61.41,1.0,SetByAsk
2025-12-30 15:24:57,2025-12-30T15:24:57,61.41,1.0,SetByAsk
2025-12-30 15:24:57,2025-12-30T15:24:57,61.41,1.0,SetByAsk
2025-12-30 15:25:59,2025-12-30T15:25:59,61.41,1.0,SetByAsk
2025-12-30 15:26:29,2025-12-30T15:26:29,61.42,1.0,SetByAsk
2025-12-30 15:27:21,2025-12-30T15:27:21,61.39,2.0,SetByAsk
2025-12-30 15:27:22,2025-12-30T15:27:22,61.39,1.0,SetByAsk
2025-12-30 15:27:53,2025-12-30T15:27:53,61.4,1.0,SetByAsk
2025-12-30 15:27:53,2025-12-30T15:27:53,61.4,2.0,SetByAsk
2025-12-30 15:27:53,2025-12-30T15:27:53,61.4,2.0,SetByAsk
2025-12-30 15:27:53,2025-12-30T15:27:53,61.4,1.0,SetByAsk
2025-12-30 15:27:53,2025-12-30T15:27:53,61.4,1.0,SetByAsk
2025-12-30 15:27:53,2025-12-30T15:27:53,61.4,1.0,SetByAsk
2025-12-30 15:27:53,2025-12-30T15:27:53,61.4,1.0,SetByAsk
2025-12-30 15:27:53,2025-12-30T15:27:53,61.4,1.0,SetByBid
2025-12-30 15:28:38,2025-12-30T15:28:38,61.38,1.0,SetByBid
2025-12-30 15:28:38,2025-12-30T15:28:38,61.38,1.0,SetByBid
2025-12-30 15:28:38,2025-12-30T15:28:38,61.38,1.0,SetByBid
2025-12-30 15:28:38,2025-12-30T15:28:38,61.38,1.0,SetByBid
2025-12-30 15:28:38,2025-12-30T15:28:38,61.38,1.0,SetByBid
2025-12-30 15:28:38,2025-12-30T15:28:38,61.38,1.0,SetByBid
2025-12-30 15:28:38,2025-12-30T15:28:38,61.38,1.0,SetByBid
2025-12-30 15:28:38,2025-12-30T15:28:38,61.38,1.0,SetByBid
2025-12-30 15:29:11,2025-12-30T15:29:11,61.38,1.0,SetByBid
2025-12-30 15:29:11,2025-12-30T15:29:11,61.38,1.0,SetByBid
2025-12-30 15:29:11,2025-12-30T15:29:11,61.38,1.0,SetByBid
2025-12-30 15:29:11,2025-12-30T15:29:11,61.38,1.0,SetByBid
2025-12-30 15:29:11,2025-12-30T15:29:11,61.38,1.0,SetByBid
2025-12-30 15:29:11,2025-12-30T15:29:11,61.38,1.0,SetByBid
2025-12-30 15:29:11,2025-12-30T15:29:11,61.38,1.0,SetByBid
2025-12-30 15:29:11,2025-12-30T15:29:11,61.38,1.0,SetByBid
2025-12-30 15:29:11,2025-12-30T15:29:11,61.38,1.0,SetByBid
2025-12-30 15:29:11,2025-12-30T15:29:11,61.38,1.0,SetByBid
2025-12-30 15:29:11,2025-12-30T15:29:11,61.38,1.0,SetByBid
2025-12-30 15:29:11,2025-12-30T15:29:11,61.38,1.0,SetByBid
2025-12-30 15:29:14,2025-12-30T15:29:14,61.39,2.0,SetByBid
2025-12-30 15:29:26,2025-12-30T15:29:26,61.39,2.0,SetByAsk
2025-12-30 15:29:40,2025-12-30T15:29:40,61.39,1.0,SetByBid
2025-12-30 15:29:50,2025-12-30T15:29:50,61.39,1.0,SetByBid
2025-12-30 15:29:53,2025-12-30T15:29:53,61.39,1.0,SetByBid
2025-12-30 15:29:53,2025-12-30T15:29:53,61.39,1.0,SetByBid
2025-12-30 15:29:53,2025-12-30T15:29:53,61.39,1.0,SetByBid
2025-12-30 15:29:53,2025-12-30T15:29:53,61.39,1.0,SetByBid
2025-12-30 15:29:53,2025-12-30T15:29:53,61.39,1.0,SetByBid
2025-12-30 15:29:53,2025-12-30T15:29:53,61.39,1.0,SetByBid
2025-12-30 15:29:53,2025-12-30T15:29:53,61.39,1.0,SetByBid
2025-12-30 15:29:53,2025-12-30T15:29:53,61.39,1.0,SetByBid
2025-12-30 15:29:53,2025-12-30T15:29:53,61.39,1.0,SetByBid
2025-12-30 15:30:13,2025-12-30T15:30:13,61.38,1.0,SetByAsk
2025-12-30 15:30:13,2025-12-30T15:30:13,61.38,1.0,SetByAsk
2025-12-30 15:30:22,2025-12-30T15:30:22,61.38,1.0,SetByAsk
2025-12-30 15:30:35,2025-12-30T15:30:35,61.37,1.0,SetByAsk
2025-12-30 15:30:50,2025-12-30T15:30:50,61.36,1.0,SetByAsk
2025-12-30 15:30:50,2025-12-30T15:30:50,61.36,1.0,SetByAsk
2025-12-30 15:30:50,2025-12-30T15:30:50,61.36,1.0,SetByAsk
2025-12-30 15:30:50,2025-12-30T15:30:50,61.36,1.0,SetByAsk
2025-12-30 15:30:50,2025-12-30T15:30:50,61.36,1.0,SetByAsk
2025-12-30 15:30:50,2025-12-30T15:30:50,61.36,1.0,SetByAsk
2025-12-30 15:30:50,2025-12-30T15:30:50,61.36,1.0,SetByBid
2025-12-30 15:30:50,2025-12-30T15:30:50,61.36,1.0,SetByBid
2025-12-30 15:31:03,2025-12-30T15:31:03,61.34,2.0,SetByAsk
2025-12-30 15:31:18,2025-12-30T15:31:18,61.33,1.0,SetByAsk
2025-12-30 15:31:18,2025-12-30T15:31:18,61.33,2.0,SetByAsk
2025-12-30 15:31:18,2025-12-30T15:31:18,61.34,1.0,SetByBid
2025-12-30 15:31:18,2025-12-30T15:31:18,61.34,2.0,SetByBid
2025-12-30 15:31:18,2025-12-30T15:31:18,61.34,5.0,SetByBid
2025-12-30 15:31:18,2025-12-30T15:31:18,61.34,1.0,SetByBid
2025-12-30 15:31:18,2025-12-30T15:31:18,61.34,2.0,SetByBid
2025-12-30 15:31:18,2025-12-30T15:31:18,61.34,3.0,SetByBid
2025-12-30 15:31:18,2025-12-30T15:31:18,61.35,1.0,SetByBid
2025-12-30 15:31:18,2025-12-30T15:31:18,61.35,1.0,SetByBid
2025-12-30 15:31:18,2025-12-30T15:31:18,61.35,1.0,SetByBid
2025-12-30 15:31:18,2025-12-30T15:31:18,61.35,1.0,SetByBid
2025-12-30 15:31:53,2025-12-30T15:31:53,61.36,1.0,SetByAsk
2025-12-30 15:31:53,2025-12-30T15:31:53,61.36,1.0,SetByAsk
2025-12-30 15:31:53,2025-12-30T15:31:53,61.36,1.0,SetByAsk
2025-12-30 15:31:53,2025-12-30T15:31:53,61.36,1.0,SetByAsk
2025-12-30 15:31:53,2025-12-30T15:31:53,61.36,1.0,SetByAsk
2025-12-30 15:31:53,2025-12-30T15:31:53,61.36,1.0,SetByBid
2025-12-30 15:32:51,2025-12-30T15:32:51,61.34,1.0,SetByBid
2025-12-30 15:32:51,2025-12-30T15:32:51,61.34,1.0,SetByBid
2025-12-30 15:33:44,2025-12-30T15:33:44,61.33,1.0,SetByAsk
2025-12-30 15:33:44,2025-12-30T15:33:44,61.33,1.0,SetByAsk
2025-12-30 15:33:44,2025-12-30T15:33:44,61.33,1.0,SetByAsk
2025-12-30 15:34:11,2025-12-30T15:34:11,61.34,2.0,SetByAsk
2025-12-30 15:34:11,2025-12-30T15:34:11,61.34,1.0,SetByAsk
2025-12-30 15:34:11,2025-12-30T15:34:11,61.34,1.0,SetByBid
2025-12-30 15:34:49,2025-12-30T15:34:49,61.35,1.0,SetByBid
2025-12-30 15:34:49,2025-12-30T15:34:49,61.35,1.0,SetByBid
2025-12-30 15:34:51,2025-12-30T15:34:51,61.35,1.0,SetByBid
2025-12-30 15:34:51,2025-12-30T15:34:51,61.35,1.0,SetByBid
2025-12-30 15:34:51,2025-12-30T15:34:51,61.35,1.0,SetByBid
2025-12-30 15:34:51,2025-12-30T15:34:51,61.35,1.0,SetByBid
2025-12-30 15:34:51,2025-12-30T15:34:51,61.35,1.0,SetByBid
2025-12-30 15:35:14,2025-12-30T15:35:14,61.35,1.0,SetByBid
2025-12-30 15:35:14,2025-12-30T15:35:14,61.35,1.0,SetByBid
2025-12-30 15:35:14,2025-12-30T15:35:14,61.35,3.0,SetByBid
2025-12-30 15:35:14,2025-12-30T15:35:14,61.35,1.0,SetByBid
2025-12-30 15:35:14,2025-12-30T15:35:14,61.35,3.0,SetByBid
2025-12-30 15:35:14,2025-12-30T15:35:14,61.35,3.0,SetByBid
2025-12-30 15:35:27,2025-12-30T15:35:27,61.35,1.0,SetByAsk
2025-12-30 15:35:38,2025-12-30T15:35:38,61.34,1.0,SetByAsk
2025-12-30 15:35:38,2025-12-30T15:35:38,61.34,1.0,SetByAsk
2025-12-30 15:35:38,2025-12-30T15:35:38,61.34,1.0,SetByBid
2025-12-30 15:35:38,2025-12-30T15:35:38,61.34,1.0,SetByBid
2025-12-30 15:35:38,2025-12-30T15:35:38,61.34,1.0,SetByBid
2025-12-30 15:35:38,2025-12-30T15:35:38,61.34,1.0,SetByBid
2025-12-30 15:35:38,2025-12-30T15:35:38,61.34,1.0,SetByAsk
2025-12-30 15:35:38,2025-12-30T15:35:38,61.34,1.0,SetByAsk
2025-12-30 15:35:38,2025-12-30T15:35:38,61.34,1.0,SetByAsk
2025-12-30 15:35:38,2025-12-30T15:35:38,61.34,3.0,SetByAsk
2025-12-30 15:35:38,2025-12-30T15:35:38,61.34,1.0,SetByAsk
2025-12-30 15:35:38,2025-12-30T15:35:38,61.34,1.0,SetByAsk
2025-12-30 15:35:38,2025-12-30T15:35:38,61.34,1.0,SetByAsk
2025-12-30 15:35:38,2025-12-30T15:35:38,61.34,1.0,SetByAsk
2025-12-30 15:35:38,2025-12-30T15:35:38,61.34,1.0,SetByBid
2025-12-30 15:35:38,2025-12-30T15:35:38,61.34,2.0,SetByBid
2025-12-30 15:35:38,2025-12-30T15:35:38,61.34,1.0,SetByBid
2025-12-30 15:35:38,2025-12-30T15:35:38,61.34,1.0,SetByBid
2025-12-30 15:35:38,2025-12-30T15:35:38,61.34,3.0,SetByBid
2025-12-30 15:36:06,2025-12-30T15:36:06,61.36,1.0,SetByAsk
2025-12-30 15:36:27,2025-12-30T15:36:27,61.34,1.0,SetByAsk
2025-12-30 15:36:27,2025-12-30T15:36:27,61.34,1.0,SetByAsk
2025-12-30 15:36:27,2025-12-30T15:36:27,61.34,2.0,SetByAsk
2025-12-30 15:36:27,2025-12-30T15:36:27,61.34,1.0,SetByAsk
2025-12-30 15:36:27,2025-12-30T15:36:27,61.34,1.0,SetByAsk
2025-12-30 15:36:27,2025-12-30T15:36:27,61.34,1.0,SetByAsk
2025-12-30 15:36:27,2025-12-30T15:36:27,61.34,1.0,SetByAsk
2025-12-30 15:36:27,2025-12-30T15:36:27,61.34,2.0,SetByAsk
2025-12-30 15:36:27,2025-12-30T15:36:27,61.34,1.0,SetByAsk
2025-12-30 15:36:27,2025-12-30T15:36:27,61.34,1.0,SetByBid
2025-12-30 15:36:32,2025-12-30T15:36:32,61.33,1.0,SetByAsk
2025-12-30 15:37:03,2025-12-30T15:37:03,61.34,1.0,SetByBid
2025-12-30 15:37:03,2025-12-30T15:37:03,61.35,1.0,SetByBid
2025-12-30 15:37:03,2025-12-30T15:37:03,61.35,1.0,SetByBid
2025-12-30 15:37:03,2025-12-30T15:37:03,61.35,1.0,SetByBid
2025-12-30 15:37:21,2025-12-30T15:37:21,61.33,2.0,SetByBid
2025-12-30 15:37:21,2025-12-30T15:37:21,61.33,1.0,SetByBid
2025-12-30 15:37:21,2025-12-30T15:37:21,61.33,1.0,SetByBid
2025-12-30 15:37:21,2025-12-30T15:37:21,61.33,1.0,SetByBid
2025-12-30 15:37:21,2025-12-30T15:37:21,61.33,1.0,SetByBid
2025-12-30 15:37:21,2025-12-30T15:37:21,61.33,1.0,SetByBid
2025-12-30 15:37:21,2025-12-30T15:37:21,61.33,10.0,SetByBid
2025-12-30 15:37:26,2025-12-30T15:37:26,61.33,1.0,SetByBid
2025-12-30 15:37:26,2025-12-30T15:37:26,61.33,2.0,SetByBid
2025-12-30 15:37:29,2025-12-30T15:37:29,61.32,1.0,SetByAsk
2025-12-30 15:37:29,2025-12-30T15:37:29,61.32,1.0,SetByAsk
2025-12-30 15:37:44,2025-12-30T15:37:44,61.32,1.0,SetByAsk
2025-12-30 15:37:58,2025-12-30T15:37:58,61.33,5.0,SetByBid
2025-12-30 15:39:04,2025-12-30T15:39:04,61.35,1.0,SetByAsk
2025-12-30 15:39:04,2025-12-30T15:39:04,61.35,1.0,SetByAsk
2025-12-30 15:39:04,2025-12-30T15:39:04,61.35,1.0,SetByAsk
2025-12-30 15:39:51,2025-12-30T15:39:51,61.36,1.0,SetByBid
2025-12-30 15:41:02,2025-12-30T15:41:02,61.32,2.0,SetByAsk
2025-12-30 15:41:02,2025-12-30T15:41:02,61.32,2.0,SetByAsk
2025-12-30 15:41:02,2025-12-30T15:41:02,61.32,1.0,SetByAsk
2025-12-30 15:41:02,2025-12-30T15:41:02,61.32,1.0,SetByAsk
2025-12-30 15:41:02,2025-12-30T15:41:02,61.32,1.0,SetByAsk
2025-12-30 15:41:02,2025-12-30T15:41:02,61.32,1.0,SetByAsk
2025-12-30 15:41:13,2025-12-30T15:41:13,61.32,1.0,SetByBid
2025-12-30 15:41:16,2025-12-30T15:41:16,61.31,1.0,SetByAsk
2025-12-30 15:41:53,2025-12-30T15:41:53,61.32,1.0,SetByBid
2025-12-30 15:41:53,2025-12-30T15:41:53,61.32,3.0,SetByBid
2025-12-30 15:41:53,2025-12-30T15:41:53,61.32,1.0,SetByBid
2025-12-30 15:41:53,2025-12-30T15:41:53,61.32,1.0,SetByAsk
2025-12-30 15:41:53,2025-12-30T15:41:53,61.32,2.0,SetByAsk
2025-12-30 15:41:53,2025-12-30T15:41:53,61.32,3.0,SetByAsk
2025-12-30 15:41:54,2025-12-30T15:41:54,61.32,1.0,SetByAsk
2025-12-30 15:42:00,2025-12-30T15:42:00,61.33,1.0,SetByBid
2025-12-30 15:42:08,2025-12-30T15:42:08,61.34,1.0,SetByAsk
2025-12-30 15:42:15,2025-12-30T15:42:15,61.34,2.0,SetByBid
2025-12-30 15:42:21,2025-12-30T15:42:21,61.33,1.0,SetByAsk
2025-12-30 15:42:21,2025-12-30T15:42:21,61.33,1.0,SetByAsk
2025-12-30 15:42:31,2025-12-30T15:42:31,61.33,1.0,SetByAsk
2025-12-30 15:42:36,2025-12-30T15:42:36,61.33,1.0,SetByBid
2025-12-30 15:42:36,2025-12-30T15:42:36,61.33,1.0,SetByBid
2025-12-30 15:42:36,2025-12-30T15:42:36,61.33,1.0,SetByBid
2025-12-30 15:42:55,2025-12-30T15:42:55,61.33,1.0,SetByBid
2025-12-30 15:43:00,2025-12-30T15:43:00,61.33,2.0,SetByBid
2025-12-30 15:43:57,2025-12-30T15:43:57,61.35,2.0,SetByBid
2025-12-30 15:43:57,2025-12-30T15:43:57,61.35,1.0,SetByBid
2025-12-30 15:43:57,2025-12-30T15:43:57,61.35,1.0,SetByBid
2025-12-30 15:43:57,2025-12-30T15:43:57,61.35,1.0,SetByBid
2025-12-30 15:43:57,2025-12-30T15:43:57,61.35,1.0,SetByBid
2025-12-30 15:44:41,2025-12-30T15:44:41,61.34,1.0,SetByAsk
2025-12-30 15:44:41,2025-12-30T15:44:41,61.34,1.0,SetByAsk
2025-12-30 15:45:08,2025-12-30T15:45:08,61.34,1.0,SetByBid
2025-12-30 15:45:45,2025-12-30T15:45:45,61.35,1.0,SetByBid
2025-12-30 15:45:45,2025-12-30T15:45:45,61.35,2.0,SetByBid
2025-12-30 15:45:45,2025-12-30T15:45:45,61.35,1.0,SetByBid
2025-12-30 15:45:45,2025-12-30T15:45:45,61.35,1.0,SetByBid
2025-12-30 15:45:45,2025-12-30T15:45:45,61.35,2.0,SetByBid
2025-12-30 15:45:45,2025-12-30T15:45:45,61.35,1.0,SetByBid
2025-12-30 15:45:45,2025-12-30T15:45:45,61.35,1.0,SetByBid
2025-12-30 15:46:21,2025-12-30T15:46:21,61.36,1.0,SetByAsk
2025-12-30 15:46:55,2025-12-30T15:46:55,61.36,1.0,SetByAsk
2025-12-30 15:46:55,2025-12-30T15:46:55,61.36,1.0,SetByAsk
2025-12-30 15:46:55,2025-12-30T15:46:55,61.36,3.0,SetByAsk
2025-12-30 15:47:52,2025-12-30T15:47:52,61.38,1.0,SetByBid
2025-12-30 15:47:54,2025-12-30T15:47:54,61.39,1.0,SetByBid
2025-12-30 15:47:54,2025-12-30T15:47:54,61.39,2.0,SetByBid
2025-12-30 15:47:54,2025-12-30T15:47:54,61.39,1.0,SetByBid
2025-12-30 15:47:54,2025-12-30T15:47:54,61.39,1.0,SetByBid
2025-12-30 15:47:54,2025-12-30T15:47:54,61.39,2.0,SetByBid
2025-12-30 15:47:54,2025-12-30T15:47:54,61.39,3.0,SetByBid
2025-12-30 15:48:04,2025-12-30T15:48:04,61.38,1.0,SetByAsk
2025-12-30 15:48:23,2025-12-30T15:48:23,61.38,1.0,SetByAsk
2025-12-30 15:48:31,2025-12-30T15:48:31,61.38,1.0,SetByBid
2025-12-30 15:48:31,2025-12-30T15:48:31,61.38,1.0,SetByBid
2025-12-30 15:48:31,2025-12-30T15:48:31,61.38,1.0,SetByBid
2025-12-30 15:48:31,2025-12-30T15:48:31,61.37,1.0,SetByAsk
2025-12-30 15:48:31,2025-12-30T15:48:31,61.36,2.0,SetByAsk
2025-12-30 15:48:31,2025-12-30T15:48:31,61.35,1.0,SetByBid
2025-12-30 15:48:31,2025-12-30T15:48:31,61.35,1.0,SetByBid
2025-12-30 15:48:31,2025-12-30T15:48:31,61.35,1.0,SetByBid
2025-12-30 15:48:31,2025-12-30T15:48:31,61.35,1.0,SetByBid
2025-12-30 15:48:31,2025-12-30T15:48:31,61.35,1.0,SetByBid
2025-12-30 15:48:31,2025-12-30T15:48:31,61.35,1.0,SetByBid
2025-12-30 15:48:31,2025-12-30T15:48:31,61.35,1.0,SetByBid
2025-12-30 15:48:31,2025-12-30T15:48:31,61.35,1.0,SetByBid
2025-12-30 15:49:29,2025-12-30T15:49:29,61.37,1.0,SetByBid
2025-12-30 15:50:03,2025-12-30T15:50:03,61.38,1.0,SetByBid
2025-12-30 15:50:07,2025-12-30T15:50:07,61.38,1.0,SetByBid
2025-12-30 15:50:07,2025-12-30T15:50:07,61.38,1.0,SetByBid
2025-12-30 15:50:18,2025-12-30T15:50:18,61.39,1.0,SetByBid
2025-12-30 15:50:20,2025-12-30T15:50:20,61.4,1.0,SetByBid
2025-12-30 15:50:34,2025-12-30T15:50:34,61.4,1.0,SetByBid
2025-12-30 15:50:54,2025-12-30T15:50:54,61.41,2.0,SetByBid
2025-12-30 15:50:54,2025-12-30T15:50:54,61.41,2.0,SetByAsk
2025-12-30 15:50:58,2025-12-30T15:50:58,61.41,1.0,SetByAsk
2025-12-30 15:50:59,2025-12-30T15:50:59,61.42,2.0,SetByBid
2025-12-30 15:50:59,2025-12-30T15:50:59,61.42,1.0,SetByBid
2025-12-30 15:51:47,2025-12-30T15:51:47,61.42,1.0,SetByBid
2025-12-30 15:51:47,2025-12-30T15:51:47,61.42,2.0,SetByBid
2025-12-30 15:51:47,2025-12-30T15:51:47,61.42,3.0,SetByBid
2025-12-30 15:51:47,2025-12-30T15:51:47,61.42,1.0,SetByBid
2025-12-30 15:51:47,2025-12-30T15:51:47,61.42,1.0,SetByBid
2025-12-30 15:52:07,2025-12-30T15:52:07,61.43,1.0,SetByBid
2025-12-30 15:52:07,2025-12-30T15:52:07,61.43,1.0,SetByBid
2025-12-30 15:52:07,2025-12-30T15:52:07,61.43,1.0,SetByBid
2025-12-30 15:52:26,2025-12-30T15:52:26,61.43,1.0,SetByAsk
2025-12-30 15:52:26,2025-12-30T15:52:26,61.43,1.0,SetByAsk
2025-12-30 15:52:26,2025-12-30T15:52:26,61.43,1.0,SetByAsk
2025-12-30 15:52:26,2025-12-30T15:52:26,61.43,1.0,SetByBid
2025-12-30 15:52:43,2025-12-30T15:52:43,61.42,1.0,SetByAsk
2025-12-30 15:52:43,2025-12-30T15:52:43,61.42,1.0,SetByAsk
2025-12-30 15:52:50,2025-12-30T15:52:50,61.42,1.0,SetByAsk
2025-12-30 15:52:50,2025-12-30T15:52:50,61.42,1.0,SetByAsk
2025-12-30 15:52:50,2025-12-30T15:52:50,61.42,1.0,SetByBid
2025-12-30 15:52:50,2025-12-30T15:52:50,61.42,1.0,SetByBid
2025-12-30 15:53:14,2025-12-30T15:53:14,61.42,1.0,SetByAsk
2025-12-30 15:53:14,2025-12-30T15:53:14,61.42,1.0,SetByBid
2025-12-30 15:53:46,2025-12-30T15:53:46,61.42,1.0,SetByAsk
2025-12-30 15:54:28,2025-12-30T15:54:28,61.41,1.0,SetByAsk
2025-12-30 15:54:28,2025-12-30T15:54:28,61.41,1.0,SetByAsk
2025-12-30 15:54:28,2025-12-30T15:54:28,61.41,1.0,SetByAsk
2025-12-30 15:54:33,2025-12-30T15:54:33,61.42,6.0,SetByBid
2025-12-30 15:54:33,2025-12-30T15:54:33,61.42,1.0,SetByBid
2025-12-30 15:54:33,2025-12-30T15:54:33,61.42,1.0,SetByBid
2025-12-30 15:56:17,2025-12-30T15:56:17,61.43,2.0,SetByBid
2025-12-30 15:57:23,2025-12-30T15:57:23,61.44,1.0,SetByBid
2025-12-30 15:57:23,2025-12-30T15:57:23,61.44,3.0,SetByBid
2025-12-30 15:57:23,2025-12-30T15:57:23,61.44,1.0,SetByBid
2025-12-30 15:57:23,2025-12-30T15:57:23,61.44,3.0,SetByBid
2025-12-30 15:57:23,2025-12-30T15:57:23,61.44,2.0,SetByBid
2025-12-30 15:57:23,2025-12-30T15:57:23,61.44,1.0,SetByBid
2025-12-30 15:57:24,2025-12-30T15:57:24,61.44,2.0,SetByBid
2025-12-30 15:57:24,2025-12-30T15:57:24,61.44,2.0,SetByBid
2025-12-30 15:57:25,2025-12-30T15:57:25,61.44,1.0,SetByAsk
2025-12-30 15:57:36,2025-12-30T15:57:36,61.44,1.0,SetByAsk
2025-12-30 15:57:46,2025-12-30T15:57:46,61.43,1.0,SetByAsk
2025-12-30 15:57:51,2025-12-30T15:57:51,61.43,1.0,SetByAsk
2025-12-30 15:59:32,2025-12-30T15:59:32,61.45,1.0,SetByBid
2025-12-30 15:59:58,2025-12-30T15:59:58,61.44,1.0,SetByAsk
2025-12-30 15:59:58,2025-12-30T15:59:58,61.44,1.0,SetByAsk
2025-12-30 15:59:58,2025-12-30T15:59:58,61.44,1.0,SetByBid
2025-12-30 16:00:00,2025-12-30T16:00:00,61.45,1.0,SetByBid
2025-12-30 16:00:00,2025-12-30T16:00:00,61.45,1.0,SetByBid
2025-12-30 16:00:00,2025-12-30T16:00:00,61.45,3.0,SetByBid
2025-12-30 16:00:00,2025-12-30T16:00:00,61.45,1.0,SetByBid
2025-12-30 16:00:00,2025-12-30T16:00:00,61.45,1.0,SetByBid
2025-12-30 16:00:01,2025-12-30T16:00:01,61.44,1.0,SetByBid
2025-12-30 16:00:04,2025-12-30T16:00:04,61.43,1.0,SetByAsk
2025-12-30 16:00:04,2025-12-30T16:00:04,61.43,1.0,SetByAsk
2025-12-30 16:00:21,2025-12-30T16:00:21,61.46,3.0,SetByBid
2025-12-30 16:00:21,2025-12-30T16:00:21,61.46,2.0,SetByBid
2025-12-30 16:00:21,2025-12-30T16:00:21,61.46,1.0,SetByBid
2025-12-30 16:00:25,2025-12-30T16:00:25,61.46,1.0,SetByAsk
2025-12-30 16:00:29,2025-12-30T16:00:29,61.46,1.0,SetByAsk
2025-12-30 16:00:29,2025-12-30T16:00:29,61.46,1.0,SetByAsk
2025-12-30 16:00:29,2025-12-30T16:00:29,61.46,1.0,SetByBid
2025-12-30 16:00:41,2025-12-30T16:00:41,61.47,1.0,SetByAsk
2025-12-30 16:00:41,2025-12-30T16:00:41,61.47,1.0,SetByAsk
2025-12-30 16:00:41,2025-12-30T16:00:41,61.47,1.0,SetByAsk
2025-12-30 16:01:06,2025-12-30T16:01:06,61.47,1.0,SetByBid
2025-12-30 16:01:06,2025-12-30T16:01:06,61.47,1.0,SetByAsk
2025-12-30 16:01:12,2025-12-30T16:01:12,61.47,1.0,SetByBid
2025-12-30 16:01:12,2025-12-30T16:01:12,61.47,1.0,SetByBid
2025-12-30 16:01:12,2025-12-30T16:01:12,61.47,1.0,SetByBid
2025-12-30 16:01:21,2025-12-30T16:01:21,61.48,1.0,SetByBid
2025-12-30 16:02:22,2025-12-30T16:02:22,61.46,1.0,SetByAsk
2025-12-30 16:02:28,2025-12-30T16:02:28,61.47,1.0,SetByBid
2025-12-30 16:02:28,2025-12-30T16:02:28,61.47,1.0,SetByBid
2025-12-30 16:02:47,2025-12-30T16:02:47,61.47,1.0,SetByAsk
2025-12-30 16:03:24,2025-12-30T16:03:24,61.45,1.0,SetByBid
2025-12-30 16:03:24,2025-12-30T16:03:24,61.45,1.0,SetByAsk
2025-12-30 16:03:24,2025-12-30T16:03:24,61.45,1.0,SetByAsk
2025-12-30 16:03:25,2025-12-30T16:03:25,61.45,1.0,SetByAsk
2025-12-30 16:03:27,2025-12-30T16:03:27,61.45,1.0,SetByBid
2025-12-30 16:03:53,2025-12-30T16:03:53,61.44,1.0,SetByAsk
2025-12-30 16:05:02,2025-12-30T16:05:02,61.46,2.0,SetByBid
2025-12-30 16:05:55,2025-12-30T16:05:55,61.47,1.0,SetByAsk
2025-12-30 16:06:14,2025-12-30T16:06:14,61.47,1.0,SetByAsk
2025-12-30 16:07:11,2025-12-30T16:07:11,61.47,1.0,SetByAsk
2025-12-30 16:08:21,2025-12-30T16:08:21,61.49,2.0,SetByBid
2025-12-30 16:08:21,2025-12-30T16:08:21,61.49,1.0,SetByBid
2025-12-30 16:08:21,2025-12-30T16:08:21,61.49,1.0,SetByBid
2025-12-30 16:08:21,2025-12-30T16:08:21,61.49,1.0,SetByBid
2025-12-30 16:08:26,2025-12-30T16:08:26,61.48,1.0,SetByAsk
2025-12-30 16:08:26,2025-12-30T16:08:26,61.47,5.0,SetByAsk
2025-12-30 16:08:28,2025-12-30T16:08:28,61.47,1.0,SetByAsk
2025-12-30 16:08:30,2025-12-30T16:08:30,61.47,1.0,SetByBid
2025-12-30 16:09:46,2025-12-30T16:09:46,61.47,1.0,SetByAsk
2025-12-30 16:09:46,2025-12-30T16:09:46,61.47,1.0,SetByAsk
2025-12-30 16:09:47,2025-12-30T16:09:47,61.48,1.0,SetByBid
2025-12-30 16:09:47,2025-12-30T16:09:47,61.48,1.0,SetByBid
2025-12-30 16:09:47,2025-12-30T16:09:47,61.48,1.0,SetByBid
2025-12-30 16:09:47,2025-12-30T16:09:47,61.48,1.0,SetByAsk
2025-12-30 16:09:47,2025-12-30T16:09:47,61.49,1.0,SetByBid
2025-12-30 16:09:47,2025-12-30T16:09:47,61.49,1.0,SetByBid
2025-12-30 16:09:47,2025-12-30T16:09:47,61.49,1.0,SetByBid
2025-12-30 16:09:47,2025-12-30T16:09:47,61.49,1.0,SetByBid
2025-12-30 16:09:47,2025-12-30T16:09:47,61.49,1.0,SetByAsk
2025-12-30 16:09:47,2025-12-30T16:09:47,61.49,2.0,SetByBid
2025-12-30 16:09:55,2025-12-30T16:09:55,61.48,1.0,SetByAsk
2025-12-30 16:10:21,2025-12-30T16:10:21,61.48,2.0,SetByAsk
2025-12-30 16:10:21,2025-12-30T16:10:21,61.48,1.0,SetByAsk
2025-12-30 16:10:21,2025-12-30T16:10:21,61.48,1.0,SetByAsk
2025-12-30 16:10:21,2025-12-30T16:10:21,61.48,1.0,SetByAsk
2025-12-30 16:10:21,2025-12-30T16:10:21,61.48,1.0,SetByAsk
2025-12-30 16:10:21,2025-12-30T16:10:21,61.48,1.0,SetByAsk
2025-12-30 16:10:21,2025-12-30T16:10:21,61.48,1.0,SetByAsk
2025-12-30 16:10:21,2025-12-30T16:10:21,61.48,1.0,SetByAsk
2025-12-30 16:10:46,2025-12-30T16:10:46,61.5,2.0,SetByBid
2025-12-30 16:11:38,2025-12-30T16:11:38,61.5,2.0,SetByBid
2025-12-30 16:11:50,2025-12-30T16:11:50,61.51,1.0,SetByAsk
2025-12-30 16:11:50,2025-12-30T16:11:50,61.51,1.0,SetByBid
2025-12-30 16:11:50,2025-12-30T16:11:50,61.51,1.0,SetByBid
2025-12-30 16:11:50,2025-12-30T16:11:50,61.51,1.0,SetByBid
2025-12-30 16:12:02,2025-12-30T16:12:02,61.52,1.0,SetByBid
2025-12-30 16:12:02,2025-12-30T16:12:02,61.52,1.0,SetByBid
2025-12-30 16:12:02,2025-12-30T16:12:02,61.52,2.0,SetByBid
2025-12-30 16:13:06,2025-12-30T16:13:06,61.51,2.0,SetByAsk
2025-12-30 16:13:06,2025-12-30T16:13:06,61.51,1.0,SetByAsk
2025-12-30 16:13:36,2025-12-30T16:13:36,61.51,1.0,SetByAsk
2025-12-30 16:13:36,2025-12-30T16:13:36,61.51,1.0,SetByAsk
2025-12-30 16:13:36,2025-12-30T16:13:36,61.51,1.0,SetByAsk
2025-12-30 16:14:01,2025-12-30T16:14:01,61.52,1.0,SetByAsk
2025-12-30 16:14:01,2025-12-30T16:14:01,61.52,1.0,SetByAsk
2025-12-30 16:14:09,2025-12-30T16:14:09,61.52,1.0,SetByAsk
2025-12-30 16:14:09,2025-12-30T16:14:09,61.52,1.0,SetByAsk
2025-12-30 16:14:20,2025-12-30T16:14:20,61.52,1.0,SetByAsk
2025-12-30 16:14:59,2025-12-30T16:14:59,61.52,2.0,SetByAsk
2025-12-30 16:16:00,2025-12-30T16:16:00,61.52,1.0,SetByAsk
2025-12-30 16:16:00,2025-12-30T16:16:00,61.52,1.0,SetByAsk
2025-12-30 16:16:00,2025-12-30T16:16:00,61.52,2.0,SetByAsk
2025-12-30 16:16:00,2025-12-30T16:16:00,61.52,1.0,SetByAsk
2025-12-30 16:16:15,2025-12-30T16:16:15,61.51,1.0,SetByBid
2025-12-30 16:16:23,2025-12-30T16:16:23,61.5,2.0,SetByAsk
2025-12-30 16:16:23,2025-12-30T16:16:23,61.5,1.0,SetByAsk
2025-12-30 16:16:23,2025-12-30T16:16:23,61.5,2.0,SetByAsk
2025-12-30 16:16:23,2025-12-30T16:16:23,61.5,2.0,SetByAsk
2025-12-30 16:16:23,2025-12-30T16:16:23,61.5,1.0,SetByAsk
2025-12-30 16:16:23,2025-12-30T16:16:23,61.5,1.0,SetByAsk
2025-12-30 16:16:23,2025-12-30T16:16:23,61.5,1.0,SetByAsk
2025-12-30 16:16:23,2025-12-30T16:16:23,61.5,1.0,SetByAsk
2025-12-30 16:16:23,2025-12-30T16:16:23,61.49,1.0,SetByAsk
2025-12-30 16:16:23,2025-12-30T16:16:23,61.5,1.0,SetByBid
2025-12-30 16:16:23,2025-12-30T16:16:23,61.5,2.0,SetByBid
2025-12-30 16:16:23,2025-12-30T16:16:23,61.5,1.0,SetByBid
2025-12-30 16:16:23,2025-12-30T16:16:23,61.5,2.0,SetByBid
2025-12-30 16:16:23,2025-12-30T16:16:23,61.5,1.0,SetByBid
2025-12-30 16:16:23,2025-12-30T16:16:23,61.5,1.0,SetByBid
2025-12-30 16:16:23,2025-12-30T16:16:23,61.5,1.0,SetByBid
2025-12-30 16:16:23,2025-12-30T16:16:23,61.5,2.0,SetByBid
2025-12-30 16:16:23,2025-12-30T16:16:23,61.5,1.0,SetByBid
2025-12-30 16:16:23,2025-12-30T16:16:23,61.5,1.0,SetByBid
2025-12-30 16:16:24,2025-12-30T16:16:24,61.5,2.0,SetByBid
2025-12-30 16:16:24,2025-12-30T16:16:24,61.5,1.0,SetByBid
2025-12-30 16:17:00,2025-12-30T16:17:00,61.51,1.0,SetByBid
2025-12-30 16:17:00,2025-12-30T16:17:00,61.52,1.0,SetByAsk
2025-12-30 16:17:00,2025-12-30T16:17:00,61.52,1.0,SetByAsk
2025-12-30 16:17:05,2025-12-30T16:17:05,61.52,1.0,SetByAsk
2025-12-30 16:17:05,2025-12-30T16:17:05,61.52,1.0,SetByAsk
2025-12-30 16:17:05,2025-12-30T16:17:05,61.52,1.0,SetByAsk
2025-12-30 16:17:05,2025-12-30T16:17:05,61.52,1.0,SetByAsk
2025-12-30 16:17:05,2025-12-30T16:17:05,61.52,1.0,SetByAsk
2025-12-30 16:17:06,2025-12-30T16:17:06,61.52,1.0,SetByAsk
2025-12-30 16:17:12,2025-12-30T16:17:12,61.52,1.0,SetByBid
2025-12-30 16:17:30,2025-12-30T16:17:30,61.53,1.0,SetByBid
2025-12-30 16:17:30,2025-12-30T16:17:30,61.53,1.0,SetByBid
2025-12-30 16:17:30,2025-12-30T16:17:30,61.53,1.0,SetByAsk
2025-12-30 16:17:33,2025-12-30T16:17:33,61.52,1.0,SetByAsk
2025-12-30 16:17:33,2025-12-30T16:17:33,61.52,1.0,SetByAsk
2025-12-30 16:17:50,2025-12-30T16:17:50,61.52,1.0,SetByBid
2025-12-30 16:18:28,2025-12-30T16:18:28,61.52,1.0,SetByAsk
2025-12-30 16:19:00,2025-12-30T16:19:00,61.52,2.0,SetByBid
2025-12-30 16:19:00,2025-12-30T16:19:00,61.52,1.0,SetByBid
2025-12-30 16:19:00,2025-12-30T16:19:00,61.52,1.0,SetByBid
2025-12-30 16:19:00,2025-12-30T16:19:00,61.52,1.0,SetByBid
2025-12-30 16:19:09,2025-12-30T16:19:09,61.52,1.0,SetByBid
2025-12-30 16:19:26,2025-12-30T16:19:26,61.52,1.0,SetByBid
2025-12-30 16:19:26,2025-12-30T16:19:26,61.52,1.0,SetByBid
2025-12-30 16:19:26,2025-12-30T16:19:26,61.51,1.0,SetByAsk
2025-12-30 16:19:42,2025-12-30T16:19:42,61.5,1.0,SetByAsk
2025-12-30 16:19:42,2025-12-30T16:19:42,61.5,2.0,SetByAsk
2025-12-30 16:19:43,2025-12-30T16:19:43,61.5,1.0,SetByBid
2025-12-30 16:19:44,2025-12-30T16:19:44,61.51,1.0,SetByBid
2025-12-30 16:20:37,2025-12-30T16:20:37,61.5,1.0,SetByAsk
2025-12-30 16:20:37,2025-12-30T16:20:37,61.51,1.0,SetByBid
2025-12-30 16:20:37,2025-12-30T16:20:37,61.51,2.0,SetByBid
2025-12-30 16:20:37,2025-12-30T16:20:37,61.51,1.0,SetByBid
2025-12-30 16:20:37,2025-12-30T16:20:37,61.51,2.0,SetByBid
2025-12-30 16:20:37,2025-12-30T16:20:37,61.51,1.0,SetByBid
2025-12-30 16:20:37,2025-12-30T16:20:37,61.52,1.0,SetByBid
2025-12-30 16:20:37,2025-12-30T16:20:37,61.52,1.0,SetByAsk
2025-12-30 16:20:37,2025-12-30T16:20:37,61.52,1.0,SetByAsk
2025-12-30 16:20:43,2025-12-30T16:20:43,61.5,1.0,SetByAsk
2025-12-30 16:20:43,2025-12-30T16:20:43,61.5,1.0,SetByAsk
2025-12-30 16:20:45,2025-12-30T16:20:45,61.5,1.0,SetByBid
2025-12-30 16:20:45,2025-12-30T16:20:45,61.5,2.0,SetByBid
2025-12-30 16:20:59,2025-12-30T16:20:59,61.5,1.0,SetByAsk
2025-12-30 16:21:06,2025-12-30T16:21:06,61.5,1.0,SetByAsk
2025-12-30 16:21:06,2025-12-30T16:21:06,61.5,1.0,SetByAsk
2025-12-30 16:21:06,2025-12-30T16:21:06,61.5,1.0,SetByAsk
2025-12-30 16:21:08,2025-12-30T16:21:08,61.49,1.0,SetByAsk
2025-12-30 16:21:19,2025-12-30T16:21:19,61.48,1.0,SetByBid
2025-12-30 16:21:29,2025-12-30T16:21:29,61.47,1.0,SetByAsk
2025-12-30 16:21:29,2025-12-30T16:21:29,61.47,1.0,SetByAsk
2025-12-30 16:21:32,2025-12-30T16:21:32,61.45,1.0,SetByAsk
2025-12-30 16:21:32,2025-12-30T16:21:32,61.45,2.0,SetByAsk
2025-12-30 16:21:32,2025-12-30T16:21:32,61.45,1.0,SetByBid
2025-12-30 16:21:32,2025-12-30T16:21:32,61.45,1.0,SetByAsk
2025-12-30 16:21:57,2025-12-30T16:21:57,61.46,2.0,SetByBid
2025-12-30 16:22:07,2025-12-30T16:22:07,61.47,1.0,SetByBid
2025-12-30 16:22:07,2025-12-30T16:22:07,61.47,1.0,SetByAsk
2025-12-30 16:22:10,2025-12-30T16:22:10,61.48,1.0,SetByBid
2025-12-30 16:22:16,2025-12-30T16:22:16,61.47,1.0,SetByBid
2025-12-30 16:22:16,2025-12-30T16:22:16,61.47,1.0,SetByBid
2025-12-30 16:22:35,2025-12-30T16:22:35,61.46,1.0,SetByBid
2025-12-30 16:22:36,2025-12-30T16:22:36,61.47,1.0,SetByBid
2025-12-30 16:22:36,2025-12-30T16:22:36,61.47,1.0,SetByAsk
2025-12-30 16:22:37,2025-12-30T16:22:37,61.47,1.0,SetByBid
2025-12-30 16:22:43,2025-12-30T16:22:43,61.46,1.0,SetByAsk
2025-12-30 16:22:43,2025-12-30T16:22:43,61.46,1.0,SetByAsk
2025-12-30 16:23:00,2025-12-30T16:23:00,61.45,1.0,SetByAsk
2025-12-30 16:23:00,2025-12-30T16:23:00,61.45,1.0,SetByAsk
2025-12-30 16:23:00,2025-12-30T16:23:00,61.45,1.0,SetByBid
2025-12-30 16:23:42,2025-12-30T16:23:42,61.44,1.0,SetByBid
2025-12-30 16:23:42,2025-12-30T16:23:42,61.44,1.0,SetByBid
2025-12-30 16:23:42,2025-12-30T16:23:42,61.44,1.0,SetByBid
2025-12-30 16:23:42,2025-12-30T16:23:42,61.44,1.0,SetByBid
2025-12-30 16:23:42,2025-12-30T16:23:42,61.44,2.0,SetByAsk
2025-12-30 16:24:01,2025-12-30T16:24:01,61.45,1.0,SetByAsk
2025-12-30 16:24:01,2025-12-30T16:24:01,61.45,1.0,SetByBid
2025-12-30 16:24:01,2025-12-30T16:24:01,61.45,1.0,SetByBid
2025-12-30 16:24:11,2025-12-30T16:24:11,61.45,1.0,SetByAsk
2025-12-30 16:24:11,2025-12-30T16:24:11,61.45,1.0,SetByAsk
2025-12-30 16:24:13,2025-12-30T16:24:13,61.45,2.0,SetByAsk
2025-12-30 16:24:13,2025-12-30T16:24:13,61.45,1.0,SetByBid
2025-12-30 16:24:15,2025-12-30T16:24:15,61.45,1.0,SetByAsk
2025-12-30 16:25:34,2025-12-30T16:25:34,61.43,1.0,SetByAsk
2025-12-30 16:25:41,2025-12-30T16:25:41,61.41,1.0,SetByAsk
2025-12-30 16:25:41,2025-12-30T16:25:41,61.41,2.0,SetByAsk
2025-12-30 16:25:41,2025-12-30T16:25:41,61.41,1.0,SetByAsk
2025-12-30 16:25:41,2025-12-30T16:25:41,61.41,3.0,SetByAsk
2025-12-30 16:25:41,2025-12-30T16:25:41,61.41,1.0,SetByAsk
2025-12-30 16:25:58,2025-12-30T16:25:58,61.41,1.0,SetByAsk
2025-12-30 16:26:21,2025-12-30T16:26:21,61.41,2.0,SetByAsk
2025-12-30 16:26:21,2025-12-30T16:26:21,61.41,2.0,SetByBid
2025-12-30 16:26:21,2025-12-30T16:26:21,61.41,2.0,SetByBid
2025-12-30 16:26:21,2025-12-30T16:26:21,61.41,6.0,SetByBid
2025-12-30 16:26:39,2025-12-30T16:26:39,61.43,1.0,SetByAsk
2025-12-30 16:27:21,2025-12-30T16:27:21,61.43,2.0,SetByBid
2025-12-30 16:27:21,2025-12-30T16:27:21,61.43,3.0,SetByBid
2025-12-30 16:27:21,2025-12-30T16:27:21,61.43,1.0,SetByBid
2025-12-30 16:27:21,2025-12-30T16:27:21,61.43,1.0,SetByBid
2025-12-30 16:27:41,2025-12-30T16:27:41,61.42,1.0,SetByAsk
2025-12-30 16:27:51,2025-12-30T16:27:51,61.43,2.0,SetByAsk
2025-12-30 16:27:55,2025-12-30T16:27:55,61.43,2.0,SetByBid
2025-12-30 16:27:55,2025-12-30T16:27:55,61.43,1.0,SetByBid
2025-12-30 16:28:03,2025-12-30T16:28:03,61.44,1.0,SetByBid
2025-12-30 16:28:04,2025-12-30T16:28:04,61.44,2.0,SetByBid
2025-12-30 16:28:04,2025-12-30T16:28:04,61.44,1.0,SetByBid
2025-12-30 16:28:04,2025-12-30T16:28:04,61.44,1.0,SetByBid
2025-12-30 16:28:10,2025-12-30T16:28:10,61.44,1.0,SetByBid
2025-12-30 16:28:10,2025-12-30T16:28:10,61.44,1.0,SetByBid
2025-12-30 16:28:10,2025-12-30T16:28:10,61.44,1.0,SetByBid
2025-12-30 16:28:10,2025-12-30T16:28:10,61.44,1.0,SetByBid
2025-12-30 16:28:10,2025-12-30T16:28:10,61.44,1.0,SetByBid
2025-12-30 16:28:10,2025-12-30T16:28:10,61.44,1.0,SetByBid
2025-12-30 16:28:16,2025-12-30T16:28:16,61.45,1.0,SetByAsk
2025-12-30 16:28:29,2025-12-30T16:28:29,61.46,2.0,"SetByBid, Leg"
2025-12-30 16:28:29,2025-12-30T16:28:29,61.47,2.0,"SetByBid, Leg"
2025-12-30 16:28:29,2025-12-30T16:28:29,61.47,1.0,SetByBid
2025-12-30 16:28:43,2025-12-30T16:28:43,61.46,1.0,SetByAsk
2025-12-30 16:28:47,2025-12-30T16:28:47,61.45,1.0,SetByAsk
2025-12-30 16:29:21,2025-12-30T16:29:21,61.44,1.0,SetByBid
2025-12-30 16:29:46,2025-12-30T16:29:46,61.42,1.0,SetByBid
2025-12-30 16:29:46,2025-12-30T16:29:46,61.42,1.0,SetByBid
2025-12-30 16:29:46,2025-12-30T16:29:46,61.42,2.0,SetByBid
2025-12-30 16:30:01,2025-12-30T16:30:01,61.39,1.0,SetByBid
2025-12-30 16:30:01,2025-12-30T16:30:01,61.39,1.0,SetByBid
2025-12-30 16:30:01,2025-12-30T16:30:01,61.39,1.0,SetByBid
2025-12-30 16:30:01,2025-12-30T16:30:01,61.39,1.0,SetByBid
2025-12-30 16:30:01,2025-12-30T16:30:01,61.39,1.0,SetByBid
2025-12-30 16:30:12,2025-12-30T16:30:12,61.4,2.0,SetByBid
2025-12-30 16:30:20,2025-12-30T16:30:20,61.42,1.0,SetByBid
2025-12-30 16:30:20,2025-12-30T16:30:20,61.42,1.0,SetByBid
2025-12-30 16:30:20,2025-12-30T16:30:20,61.42,2.0,SetByBid
2025-12-30 16:30:20,2025-12-30T16:30:20,61.42,1.0,SetByBid
2025-12-30 16:30:20,2025-12-30T16:30:20,61.42,1.0,SetByBid
2025-12-30 16:30:20,2025-12-30T16:30:20,61.42,1.0,SetByBid
2025-12-30 16:30:20,2025-12-30T16:30:20,61.42,3.0,SetByBid
2025-12-30 16:30:20,2025-12-30T16:30:20,61.42,1.0,SetByBid
2025-12-30 16:30:51,2025-12-30T16:30:51,61.39,1.0,SetByAsk
2025-12-30 16:30:51,2025-12-30T16:30:51,61.4,1.0,SetByBid
2025-12-30 16:30:51,2025-12-30T16:30:51,61.4,1.0,SetByBid
2025-12-30 16:30:51,2025-12-30T16:30:51,61.4,1.0,SetByBid
2025-12-30 16:30:51,2025-12-30T16:30:51,61.4,1.0,SetByBid
2025-12-30 16:31:16,2025-12-30T16:31:16,61.38,1.0,SetByAsk
2025-12-30 16:32:20,2025-12-30T16:32:20,61.37,1.0,SetByAsk
2025-12-30 16:32:20,2025-12-30T16:32:20,61.37,2.0,SetByAsk
2025-12-30 16:32:20,2025-12-30T16:32:20,61.37,5.0,SetByBid
2025-12-30 16:32:20,2025-12-30T16:32:20,61.37,1.0,SetByBid
2025-12-30 16:32:20,2025-12-30T16:32:20,61.36,1.0,SetByAsk
2025-12-30 16:32:20,2025-12-30T16:32:20,61.36,2.0,SetByAsk
2025-12-30 16:32:20,2025-12-30T16:32:20,61.36,1.0,SetByAsk
2025-12-30 16:32:20,2025-12-30T16:32:20,61.36,1.0,SetByAsk
2025-12-30 16:32:20,2025-12-30T16:32:20,61.36,1.0,SetByAsk
2025-12-30 16:32:21,2025-12-30T16:32:21,61.37,1.0,SetByBid
2025-12-30 16:32:25,2025-12-30T16:32:25,61.36,1.0,SetByAsk
2025-12-30 16:32:33,2025-12-30T16:32:33,61.36,1.0,SetByAsk
2025-12-30 16:32:33,2025-12-30T16:32:33,61.36,2.0,SetByAsk
2025-12-30 16:32:33,2025-12-30T16:32:33,61.36,1.0,SetByAsk
2025-12-30 16:32:33,2025-12-30T16:32:33,61.36,2.0,SetByAsk
2025-12-30 16:32:33,2025-12-30T16:32:33,61.36,3.0,SetByBid
2025-12-30 16:32:33,2025-12-30T16:32:33,61.36,5.0,SetByBid
2025-12-30 16:32:33,2025-12-30T16:32:33,61.36,1.0,SetByBid
2025-12-30 16:32:33,2025-12-30T16:32:33,61.36,3.0,SetByBid
2025-12-30 16:32:33,2025-12-30T16:32:33,61.36,3.0,SetByBid
2025-12-30 16:32:33,2025-12-30T16:32:33,61.36,1.0,SetByBid
2025-12-30 16:32:33,2025-12-30T16:32:33,61.36,2.0,SetByBid
2025-12-30 16:32:33,2025-12-30T16:32:33,61.36,1.0,SetByBid
2025-12-30 16:32:33,2025-12-30T16:32:33,61.36,1.0,SetByBid
2025-12-30 16:32:33,2025-12-30T16:32:33,61.36,1.0,SetByBid
2025-12-30 16:32:33,2025-12-30T16:32:33,61.36,1.0,SetByBid
2025-12-30 16:32:33,2025-12-30T16:32:33,61.36,2.0,SetByBid
2025-12-30 16:32:33,2025-12-30T16:32:33,61.36,1.0,SetByBid
2025-12-30 16:32:33,2025-12-30T16:32:33,61.36,3.0,SetByBid
2025-12-30 16:32:33,2025-12-30T16:32:33,61.36,1.0,SetByBid
2025-12-30 16:32:33,2025-12-30T16:32:33,61.36,1.0,SetByBid
2025-12-30 16:32:33,2025-12-30T16:32:33,61.36,1.0,SetByBid
2025-12-30 16:32:34,2025-12-30T16:32:34,61.36,1.0,SetByBid
2025-12-30 16:32:35,2025-12-30T16:32:35,61.36,1.0,SetByBid
2025-12-30 16:32:46,2025-12-30T16:32:46,61.35,1.0,SetByBid
2025-12-30 16:33:00,2025-12-30T16:33:00,61.33,2.0,SetByAsk
2025-12-30 16:33:22,2025-12-30T16:33:22,61.33,3.0,SetByBid
2025-12-30 16:33:23,2025-12-30T16:33:23,61.33,1.0,SetByBid
2025-12-30 16:33:23,2025-12-30T16:33:23,61.33,2.0,SetByBid
2025-12-30 16:35:08,2025-12-30T16:35:08,61.36,1.0,SetByAsk
2025-12-30 16:35:08,2025-12-30T16:35:08,61.36,1.0,SetByAsk
2025-12-30 16:35:08,2025-12-30T16:35:08,61.36,1.0,SetByBid
2025-12-30 16:35:08,2025-12-30T16:35:08,61.36,1.0,SetByBid
2025-12-30 16:35:08,2025-12-30T16:35:08,61.36,1.0,SetByBid
2025-12-30 16:35:21,2025-12-30T16:35:21,61.35,2.0,SetByAsk
2025-12-30 16:35:21,2025-12-30T16:35:21,61.35,2.0,SetByAsk
2025-12-30 16:36:06,2025-12-30T16:36:06,61.33,4.0,SetByAsk
2025-12-30 16:36:06,2025-12-30T16:36:06,61.33,1.0,SetByAsk
2025-12-30 16:36:06,2025-12-30T16:36:06,61.33,15.0,SetByAsk
2025-12-30 16:36:06,2025-12-30T16:36:06,61.33,1.0,SetByAsk
2025-12-30 16:36:06,2025-12-30T16:36:06,61.33,1.0,SetByBid
2025-12-30 16:36:06,2025-12-30T16:36:06,61.33,1.0,SetByBid
2025-12-30 16:36:59,2025-12-30T16:36:59,61.34,1.0,SetByBid
2025-12-30 16:36:59,2025-12-30T16:36:59,61.34,1.0,SetByBid
2025-12-30 16:36:59,2025-12-30T16:36:59,61.34,1.0,SetByBid
2025-12-30 16:37:10,2025-12-30T16:37:10,61.35,2.0,SetByBid
2025-12-30 16:37:10,2025-12-30T16:37:10,61.35,1.0,SetByBid
2025-12-30 16:37:10,2025-12-30T16:37:10,61.35,1.0,SetByBid
2025-12-30 16:37:10,2025-12-30T16:37:10,61.35,1.0,SetByBid
2025-12-30 16:37:10,2025-12-30T16:37:10,61.35,4.0,SetByBid
2025-12-30 16:37:10,2025-12-30T16:37:10,61.35,4.0,SetByBid
2025-12-30 16:37:10,2025-12-30T16:37:10,61.35,3.0,SetByBid
2025-12-30 16:37:10,2025-12-30T16:37:10,61.35,1.0,SetByBid
2025-12-30 16:37:10,2025-12-30T16:37:10,61.35,3.0,SetByBid
2025-12-30 16:37:10,2025-12-30T16:37:10,61.35,1.0,SetByBid
2025-12-30 16:37:10,2025-12-30T16:37:10,61.35,1.0,SetByBid
2025-12-30 16:37:10,2025-12-30T16:37:10,61.35,1.0,SetByBid
2025-12-30 16:37:10,2025-12-30T16:37:10,61.35,1.0,SetByBid
2025-12-30 16:37:10,2025-12-30T16:37:10,61.35,7.0,SetByBid
2025-12-30 16:37:10,2025-12-30T16:37:10,61.35,7.0,SetByBid
2025-12-30 16:37:10,2025-12-30T16:37:10,61.35,7.0,SetByBid
2025-12-30 16:37:10,2025-12-30T16:37:10,61.35,1.0,SetByBid
2025-12-30 16:37:10,2025-12-30T16:37:10,61.35,6.0,SetByBid
2025-12-30 16:37:10,2025-12-30T16:37:10,61.35,7.0,SetByBid
2025-12-30 16:37:10,2025-12-30T16:37:10,61.35,7.0,SetByBid
2025-12-30 16:37:10,2025-12-30T16:37:10,61.35,7.0,SetByBid
2025-12-30 16:37:10,2025-12-30T16:37:10,61.35,1.0,SetByBid
2025-12-30 16:37:10,2025-12-30T16:37:10,61.36,3.0,SetByBid
2025-12-30 16:37:10,2025-12-30T16:37:10,61.36,2.0,SetByBid
2025-12-30 16:37:10,2025-12-30T16:37:10,61.36,1.0,SetByBid
2025-12-30 16:37:10,2025-12-30T16:37:10,61.36,1.0,SetByBid
2025-12-30 16:37:10,2025-12-30T16:37:10,61.36,1.0,SetByBid
2025-12-30 16:37:10,2025-12-30T16:37:10,61.36,1.0,SetByBid
2025-12-30 16:37:10,2025-12-30T16:37:10,61.36,2.0,SetByBid
2025-12-30 16:37:10,2025-12-30T16:37:10,61.36,2.0,SetByBid
2025-12-30 16:37:10,2025-12-30T16:37:10,61.36,1.0,SetByBid
2025-12-30 16:37:10,2025-12-30T16:37:10,61.36,2.0,SetByBid
2025-12-30 16:37:10,2025-12-30T16:37:10,61.36,2.0,SetByBid
2025-12-30 16:37:10,2025-12-30T16:37:10,61.36,1.0,SetByBid
2025-12-30 16:37:10,2025-12-30T16:37:10,61.36,1.0,SetByBid
2025-12-30 16:37:10,2025-12-30T16:37:10,61.36,1.0,SetByBid
2025-12-30 16:37:10,2025-12-30T16:37:10,61.36,1.0,SetByBid
2025-12-30 16:37:10,2025-12-30T16:37:10,61.36,1.0,SetByBid
2025-12-30 16:37:10,2025-12-30T16:37:10,61.36,1.0,SetByBid
2025-12-30 16:37:10,2025-12-30T16:37:10,61.36,1.0,SetByBid
2025-12-30 16:37:10,2025-12-30T16:37:10,61.36,1.0,SetByBid
2025-12-30 16:37:10,2025-12-30T16:37:10,61.36,1.0,SetByBid
2025-12-30 16:37:10,2025-12-30T16:37:10,61.36,1.0,SetByBid
2025-12-30 16:37:10,2025-12-30T16:37:10,61.36,1.0,SetByBid
2025-12-30 16:37:10,2025-12-30T16:37:10,61.36,1.0,SetByBid
2025-12-30 16:37:10,2025-12-30T16:37:10,61.36,1.0,SetByBid
2025-12-30 16:37:10,2025-12-30T16:37:10,61.36,1.0,SetByBid
2025-12-30 16:37:10,2025-12-30T16:37:10,61.36,1.0,SetByBid
2025-12-30 16:37:10,2025-12-30T16:37:10,61.36,1.0,SetByBid
2025-12-30 16:37:10,2025-12-30T16:37:10,61.36,3.0,SetByBid
2025-12-30 16:37:10,2025-12-30T16:37:10,61.36,1.0,SetByBid
2025-12-30 16:37:10,2025-12-30T16:37:10,61.36,1.0,SetByBid
2025-12-30 16:37:10,2025-12-30T16:37:10,61.36,2.0,SetByBid
2025-12-30 16:37:10,2025-12-30T16:37:10,61.36,1.0,SetByBid
2025-12-30 16:37:10,2025-12-30T16:37:10,61.36,4.0,SetByBid
2025-12-30 16:37:10,2025-12-30T16:37:10,61.36,7.0,SetByBid
2025-12-30 16:37:10,2025-12-30T16:37:10,61.36,1.0,SetByBid
2025-12-30 16:37:10,2025-12-30T16:37:10,61.36,3.0,SetByBid
2025-12-30 16:37:10,2025-12-30T16:37:10,61.36,2.0,SetByBid
2025-12-30 16:37:10,2025-12-30T16:37:10,61.36,4.0,SetByBid
2025-12-30 16:37:10,2025-12-30T16:37:10,61.36,2.0,SetByBid
2025-12-30 16:37:10,2025-12-30T16:37:10,61.36,1.0,SetByBid
2025-12-30 16:37:10,2025-12-30T16:37:10,61.36,1.0,SetByAsk
2025-12-30 16:37:10,2025-12-30T16:37:10,61.36,1.0,SetByAsk
2025-12-30 16:37:10,2025-12-30T16:37:10,61.36,2.0,SetByAsk
2025-12-30 16:37:10,2025-12-30T16:37:10,61.36,2.0,SetByAsk
2025-12-30 16:37:10,2025-12-30T16:37:10,61.36,1.0,SetByAsk
2025-12-30 16:37:10,2025-12-30T16:37:10,61.36,2.0,SetByAsk
2025-12-30 16:37:10,2025-12-30T16:37:10,61.36,4.0,SetByAsk
2025-12-30 16:37:11,2025-12-30T16:37:11,61.37,1.0,SetByBid
2025-12-30 16:37:11,2025-12-30T16:37:11,61.38,1.0,SetByBid
2025-12-30 16:37:11,2025-12-30T16:37:11,61.38,1.0,SetByBid
2025-12-30 16:37:11,2025-12-30T16:37:11,61.38,1.0,SetByBid
2025-12-30 16:37:12,2025-12-30T16:37:12,61.37,2.0,SetByAsk
2025-12-30 16:37:31,2025-12-30T16:37:31,61.36,19.0,SetByAsk
2025-12-30 16:37:31,2025-12-30T16:37:31,61.36,1.0,SetByAsk
2025-12-30 16:37:38,2025-12-30T16:37:38,61.34,1.0,SetByAsk
2025-12-30 16:37:41,2025-12-30T16:37:41,61.33,1.0,SetByAsk
2025-12-30 16:37:41,2025-12-30T16:37:41,61.33,1.0,SetByAsk
2025-12-30 16:37:42,2025-12-30T16:37:42,61.33,1.0,SetByAsk
2025-12-30 16:37:45,2025-12-30T16:37:45,61.34,1.0,SetByBid
2025-12-30 16:38:58,2025-12-30T16:38:58,61.33,1.0,SetByBid
2025-12-30 16:38:58,2025-12-30T16:38:58,61.33,1.0,SetByBid
2025-12-30 16:38:58,2025-12-30T16:38:58,61.33,1.0,SetByBid
2025-12-30 16:39:04,2025-12-30T16:39:04,61.34,1.0,SetByBid
2025-12-30 16:39:04,2025-12-30T16:39:04,61.33,1.0,SetByAsk
2025-12-30 16:39:04,2025-12-30T16:39:04,61.33,2.0,SetByAsk
2025-12-30 16:39:04,2025-12-30T16:39:04,61.33,1.0,SetByAsk
2025-12-30 16:39:21,2025-12-30T16:39:21,61.33,1.0,SetByBid
2025-12-30 16:39:21,2025-12-30T16:39:21,61.33,1.0,SetByBid
2025-12-30 16:39:28,2025-12-30T16:39:28,61.33,3.0,SetByBid
2025-12-30 16:39:49,2025-12-30T16:39:49,61.33,1.0,SetByAsk
2025-12-30 16:39:52,2025-12-30T16:39:52,61.33,1.0,SetByAsk
2025-12-30 16:39:52,2025-12-30T16:39:52,61.33,1.0,SetByAsk
2025-12-30 16:39:52,2025-12-30T16:39:52,61.33,1.0,SetByBid
2025-12-30 16:40:20,2025-12-30T16:40:20,61.33,2.0,SetByBid
2025-12-30 16:40:27,2025-12-30T16:40:27,61.33,2.0,SetByBid
2025-12-30 16:40:28,2025-12-30T16:40:28,61.33,1.0,SetByAsk
2025-12-30 16:40:45,2025-12-30T16:40:45,61.32,1.0,SetByAsk
2025-12-30 16:41:02,2025-12-30T16:41:02,61.33,3.0,SetByAsk
2025-12-30 16:41:02,2025-12-30T16:41:02,61.33,2.0,SetByAsk
2025-12-30 16:41:02,2025-12-30T16:41:02,61.33,1.0,SetByAsk
2025-12-30 16:41:02,2025-12-30T16:41:02,61.33,1.0,SetByAsk
2025-12-30 16:41:02,2025-12-30T16:41:02,61.33,1.0,SetByAsk
2025-12-30 16:41:02,2025-12-30T16:41:02,61.33,1.0,SetByAsk
2025-12-30 16:41:12,2025-12-30T16:41:12,61.33,1.0,SetByBid
2025-12-30 16:41:34,2025-12-30T16:41:34,61.34,1.0,SetByAsk
2025-12-30 16:41:41,2025-12-30T16:41:41,61.34,2.0,SetByAsk
2025-12-30 16:42:10,2025-12-30T16:42:10,61.36,2.0,SetByBid
2025-12-30 16:42:10,2025-12-30T16:42:10,61.36,1.0,SetByBid
2025-12-30 16:42:10,2025-12-30T16:42:10,61.36,1.0,SetByBid
2025-12-30 16:42:10,2025-12-30T16:42:10,61.36,1.0,SetByBid
2025-12-30 16:42:10,2025-12-30T16:42:10,61.36,3.0,SetByBid
2025-12-30 16:42:10,2025-12-30T16:42:10,61.36,1.0,SetByBid
2025-12-30 16:42:10,2025-12-30T16:42:10,61.36,1.0,SetByBid
2025-12-30 16:42:10,2025-12-30T16:42:10,61.36,3.0,SetByBid
2025-12-30 16:42:10,2025-12-30T16:42:10,61.36,2.0,SetByBid
2025-12-30 16:42:10,2025-12-30T16:42:10,61.36,1.0,SetByBid
2025-12-30 16:42:10,2025-12-30T16:42:10,61.36,1.0,SetByBid
2025-12-30 16:42:10,2025-12-30T16:42:10,61.36,1.0,SetByBid
2025-12-30 16:42:10,2025-12-30T16:42:10,61.36,1.0,SetByBid
2025-12-30 16:42:10,2025-12-30T16:42:10,61.37,2.0,SetByBid
2025-12-30 16:42:10,2025-12-30T16:42:10,61.37,1.0,SetByBid
2025-12-30 16:42:10,2025-12-30T16:42:10,61.37,1.0,SetByBid
2025-12-30 16:42:10,2025-12-30T16:42:10,61.37,2.0,SetByBid
2025-12-30 16:42:10,2025-12-30T16:42:10,61.37,1.0,SetByBid
2025-12-30 16:42:10,2025-12-30T16:42:10,61.37,1.0,SetByBid
2025-12-30 16:42:10,2025-12-30T16:42:10,61.37,3.0,SetByBid
2025-12-30 16:42:16,2025-12-30T16:42:16,61.34,1.0,SetByAsk
2025-12-30 16:42:16,2025-12-30T16:42:16,61.34,1.0,SetByAsk
2025-12-30 16:42:16,2025-12-30T16:42:16,61.34,1.0,SetByAsk
2025-12-30 16:42:16,2025-12-30T16:42:16,61.34,3.0,SetByAsk
2025-12-30 16:42:16,2025-12-30T16:42:16,61.34,2.0,SetByAsk
2025-12-30 16:42:16,2025-12-30T16:42:16,61.34,1.0,SetByBid
2025-12-30 16:42:16,2025-12-30T16:42:16,61.34,1.0,SetByBid
2025-12-30 16:42:16,2025-12-30T16:42:16,61.33,1.0,SetByBid
2025-12-30 16:42:30,2025-12-30T16:42:30,61.34,1.0,SetByBid
2025-12-30 16:42:45,2025-12-30T16:42:45,61.35,1.0,SetByBid
2025-12-30 16:42:52,2025-12-30T16:42:52,61.36,2.0,SetByBid
2025-12-30 16:42:52,2025-12-30T16:42:52,61.36,1.0,SetByBid
2025-12-30 16:42:52,2025-12-30T16:42:52,61.36,1.0,SetByBid
2025-12-30 16:43:15,2025-12-30T16:43:15,61.37,1.0,SetByBid
2025-12-30 16:43:15,2025-12-30T16:43:15,61.37,3.0,SetByBid
2025-12-30 16:43:15,2025-12-30T16:43:15,61.37,2.0,SetByBid
2025-12-30 16:43:15,2025-12-30T16:43:15,61.37,1.0,SetByBid
2025-12-30 16:43:15,2025-12-30T16:43:15,61.37,2.0,SetByBid
2025-12-30 16:43:15,2025-12-30T16:43:15,61.37,1.0,SetByBid
2025-12-30 16:44:33,2025-12-30T16:44:33,61.37,2.0,SetByBid
2025-12-30 16:44:55,2025-12-30T16:44:55,61.37,1.0,SetByBid
2025-12-30 16:44:55,2025-12-30T16:44:55,61.37,1.0,SetByBid
2025-12-30 16:44:55,2025-12-30T16:44:55,61.37,1.0,SetByBid
2025-12-30 16:44:55,2025-12-30T16:44:55,61.37,2.0,SetByBid
2025-12-30 16:44:55,2025-12-30T16:44:55,61.37,3.0,SetByBid
2025-12-30 16:44:55,2025-12-30T16:44:55,61.37,2.0,SetByBid
2025-12-30 16:44:55,2025-12-30T16:44:55,61.37,1.0,SetByBid
2025-12-30 16:44:55,2025-12-30T16:44:55,61.37,1.0,SetByBid
2025-12-30 16:44:55,2025-12-30T16:44:55,61.37,1.0,SetByBid
2025-12-30 16:44:55,2025-12-30T16:44:55,61.37,1.0,SetByBid
2025-12-30 16:44:56,2025-12-30T16:44:56,61.37,1.0,SetByBid
2025-12-30 16:45:31,2025-12-30T16:45:31,61.37,1.0,SetByBid
2025-12-30 16:45:31,2025-12-30T16:45:31,61.37,2.0,SetByBid
2025-12-30 16:45:50,2025-12-30T16:45:50,61.37,1.0,SetByAsk
2025-12-30 16:45:50,2025-12-30T16:45:50,61.37,1.0,SetByAsk
2025-12-30 16:46:23,2025-12-30T16:46:23,61.37,1.0,SetByBid
2025-12-30 16:49:10,2025-12-30T16:49:10,61.4,1.0,SetByAsk
2025-12-30 16:49:15,2025-12-30T16:49:15,61.39,1.0,SetByAsk
2025-12-30 16:49:18,2025-12-30T16:49:18,61.39,1.0,SetByAsk
2025-12-30 16:49:50,2025-12-30T16:49:50,61.4,1.0,SetByBid
2025-12-30 16:50:22,2025-12-30T16:50:22,61.41,1.0,SetByBid
2025-12-30 16:50:22,2025-12-30T16:50:22,61.41,1.0,SetByBid
2025-12-30 16:50:22,2025-12-30T16:50:22,61.41,1.0,SetByBid
2025-12-30 16:50:22,2025-12-30T16:50:22,61.41,2.0,SetByBid
2025-12-30 16:50:22,2025-12-30T16:50:22,61.41,1.0,SetByBid
2025-12-30 16:50:22,2025-12-30T16:50:22,61.41,4.0,SetByBid
2025-12-30 16:50:22,2025-12-30T16:50:22,61.41,1.0,SetByBid
2025-12-30 16:50:38,2025-12-30T16:50:38,61.39,1.0,SetByAsk
2025-12-30 16:50:38,2025-12-30T16:50:38,61.39,2.0,SetByAsk
2025-12-30 16:50:38,2025-12-30T16:50:38,61.39,1.0,SetByAsk
2025-12-30 16:50:38,2025-12-30T16:50:38,61.39,1.0,SetByAsk
2025-12-30 16:50:38,2025-12-30T16:50:38,61.39,4.0,SetByAsk
2025-12-30 16:50:38,2025-12-30T16:50:38,61.39,3.0,SetByAsk
2025-12-30 16:50:38,2025-12-30T16:50:38,61.39,2.0,SetByAsk
2025-12-30 16:50:38,2025-12-30T16:50:38,61.39,1.0,SetByAsk
2025-12-30 16:50:38,2025-12-30T16:50:38,61.39,3.0,SetByAsk
2025-12-30 16:50:38,2025-12-30T16:50:38,61.39,1.0,SetByAsk
2025-12-30 16:50:38,2025-12-30T16:50:38,61.39,1.0,SetByAsk
2025-12-30 16:50:38,2025-12-30T16:50:38,61.39,1.0,SetByAsk
2025-12-30 16:50:38,2025-12-30T16:50:38,61.39,1.0,SetByAsk
2025-12-30 16:50:38,2025-12-30T16:50:38,61.39,1.0,SetByAsk
2025-12-30 16:50:38,2025-12-30T16:50:38,61.39,1.0,SetByAsk
2025-12-30 16:50:38,2025-12-30T16:50:38,61.39,1.0,SetByAsk
2025-12-30 16:50:38,2025-12-30T16:50:38,61.39,1.0,SetByAsk
2025-12-30 16:50:38,2025-12-30T16:50:38,61.39,1.0,SetByAsk
2025-12-30 16:50:38,2025-12-30T16:50:38,61.39,1.0,SetByAsk
2025-12-30 16:50:38,2025-12-30T16:50:38,61.39,1.0,SetByAsk
2025-12-30 16:50:38,2025-12-30T16:50:38,61.39,1.0,SetByAsk
2025-12-30 16:50:38,2025-12-30T16:50:38,61.39,1.0,SetByAsk
2025-12-30 16:50:38,2025-12-30T16:50:38,61.38,1.0,SetByAsk
2025-12-30 16:50:38,2025-12-30T16:50:38,61.38,1.0,SetByAsk
2025-12-30 16:50:38,2025-12-30T16:50:38,61.39,1.0,SetByBid
2025-12-30 16:50:38,2025-12-30T16:50:38,61.38,2.0,SetByAsk
2025-12-30 16:50:38,2025-12-30T16:50:38,61.38,1.0,SetByAsk
2025-12-30 16:50:38,2025-12-30T16:50:38,61.38,1.0,SetByAsk
2025-12-30 16:50:38,2025-12-30T16:50:38,61.38,3.0,SetByBid
2025-12-30 16:50:41,2025-12-30T16:50:41,61.39,1.0,SetByBid
2025-12-30 16:51:08,2025-12-30T16:51:08,61.37,1.0,SetByAsk
2025-12-30 16:53:29,2025-12-30T16:53:29,61.38,1.0,SetByAsk
2025-12-30 16:53:29,2025-12-30T16:53:29,61.38,1.0,SetByAsk
2025-12-30 16:53:51,2025-12-30T16:53:51,61.38,1.0,SetByAsk
2025-12-30 16:53:51,2025-12-30T16:53:51,61.38,1.0,SetByAsk
2025-12-30 16:54:10,2025-12-30T16:54:10,61.39,1.0,SetByBid
2025-12-30 16:54:10,2025-12-30T16:54:10,61.39,3.0,SetByBid
2025-12-30 16:54:10,2025-12-30T16:54:10,61.39,3.0,SetByBid
2025-12-30 16:54:10,2025-12-30T16:54:10,61.4,1.0,SetByBid
2025-12-30 16:54:10,2025-12-30T16:54:10,61.4,1.0,SetByBid
2025-12-30 16:54:10,2025-12-30T16:54:10,61.4,1.0,SetByBid
2025-12-30 16:54:10,2025-12-30T16:54:10,61.4,2.0,SetByAsk
2025-12-30 16:54:10,2025-12-30T16:54:10,61.4,1.0,SetByBid
2025-12-30 16:54:10,2025-12-30T16:54:10,61.41,2.0,SetByBid
2025-12-30 16:54:10,2025-12-30T16:54:10,61.41,1.0,SetByBid
2025-12-30 16:54:10,2025-12-30T16:54:10,61.41,1.0,SetByBid
2025-12-30 16:54:10,2025-12-30T16:54:10,61.41,1.0,SetByBid
2025-12-30 16:54:10,2025-12-30T16:54:10,61.41,3.0,SetByBid
2025-12-30 16:54:10,2025-12-30T16:54:10,61.41,2.0,SetByBid
2025-12-30 16:54:13,2025-12-30T16:54:13,61.4,2.0,SetByAsk
2025-12-30 16:54:18,2025-12-30T16:54:18,61.4,1.0,SetByAsk
2025-12-30 16:54:48,2025-12-30T16:54:48,61.4,1.0,SetByBid
2025-12-30 16:54:57,2025-12-30T16:54:57,61.39,1.0,SetByAsk
2025-12-30 16:56:07,2025-12-30T16:56:07,61.39,1.0,SetByAsk
2025-12-30 16:56:14,2025-12-30T16:56:14,61.39,1.0,SetByAsk
2025-12-30 16:56:14,2025-12-30T16:56:14,61.39,2.0,SetByAsk
2025-12-30 16:56:14,2025-12-30T16:56:14,61.39,1.0,SetByAsk
2025-12-30 16:56:14,2025-12-30T16:56:14,61.39,1.0,SetByAsk
2025-12-30 16:56:14,2025-12-30T16:56:14,61.39,1.0,SetByAsk
2025-12-30 16:56:51,2025-12-30T16:56:51,61.39,1.0,SetByAsk
2025-12-30 16:56:51,2025-12-30T16:56:51,61.39,1.0,SetByAsk
2025-12-30 16:56:51,2025-12-30T16:56:51,61.39,1.0,SetByAsk
2025-12-30 16:56:51,2025-12-30T16:56:51,61.39,1.0,SetByAsk
2025-12-30 16:56:57,2025-12-30T16:56:57,61.39,3.0,SetByBid
2025-12-30 16:56:57,2025-12-30T16:56:57,61.39,1.0,SetByBid
2025-12-30 16:56:57,2025-12-30T16:56:57,61.39,1.0,SetByBid
2025-12-30 16:58:16,2025-12-30T16:58:16,61.4,1.0,SetByAsk
2025-12-30 16:58:21,2025-12-30T16:58:21,61.4,1.0,SetByAsk
2025-12-30 16:58:42,2025-12-30T16:58:42,61.39,1.0,SetByAsk
2025-12-30 16:58:42,2025-12-30T16:58:42,61.39,1.0,SetByAsk
2025-12-30 16:58:42,2025-12-30T16:58:42,61.39,1.0,SetByAsk
2025-12-30 16:58:42,2025-12-30T16:58:42,61.39,4.0,SetByAsk
2025-12-30 16:59:34,2025-12-30T16:59:34,61.4,1.0,SetByBid
2025-12-30 16:59:34,2025-12-30T16:59:34,61.4,1.0,SetByBid
2025-12-30 16:59:34,2025-12-30T16:59:34,61.4,2.0,SetByBid
2025-12-30 16:59:34,2025-12-30T16:59:34,61.4,1.0,SetByBid
2025-12-30 16:59:34,2025-12-30T16:59:34,61.4,1.0,SetByBid
2025-12-30 16:59:34,2025-12-30T16:59:34,61.4,1.0,SetByBid
2025-12-30 16:59:34,2025-12-30T16:59:34,61.4,1.0,SetByBid
2025-12-30 16:59:34,2025-12-30T16:59:34,61.4,2.0,SetByBid
2025-12-30 16:59:34,2025-12-30T16:59:34,61.4,1.0,SetByBid
2025-12-30 16:59:34,2025-12-30T16:59:34,61.4,1.0,SetByBid
2025-12-30 16:59:34,2025-12-30T16:59:34,61.4,5.0,SetByBid
2025-12-30 16:59:34,2025-12-30T16:59:34,61.39,1.0,SetByAsk
2025-12-30 16:59:34,2025-12-30T16:59:34,61.39,1.0,SetByAsk
2025-12-30 17:00:00,2025-12-30T17:00:00,61.4,1.0,SetByAsk
2025-12-30 17:00:00,2025-12-30T17:00:00,61.39,5.0,SetByAsk
2025-12-30 17:00:00,2025-12-30T17:00:00,61.39,1.0,SetByBid
2025-12-30 17:00:01,2025-12-30T17:00:01,61.38,1.0,SetByAsk
2025-12-30 17:00:01,2025-12-30T17:00:01,61.38,1.0,SetByAsk
2025-12-30 17:00:02,2025-12-30T17:00:02,61.38,1.0,SetByAsk
2025-12-30 17:00:03,2025-12-30T17:00:03,61.38,1.0,SetByAsk
2025-12-30 17:00:04,2025-12-30T17:00:04,61.38,1.0,SetByAsk
2025-12-30 17:00:04,2025-12-30T17:00:04,61.38,1.0,SetByAsk
2025-12-30 17:00:06,2025-12-30T17:00:06,61.39,1.0,SetByAsk
2025-12-30 17:00:06,2025-12-30T17:00:06,61.39,1.0,SetByAsk
2025-12-30 17:00:07,2025-12-30T17:00:07,61.39,1.0,SetByAsk
2025-12-30 17:00:07,2025-12-30T17:00:07,61.38,1.0,SetByAsk
2025-12-30 17:00:07,2025-12-30T17:00:07,61.38,1.0,SetByAsk
2025-12-30 17:00:07,2025-12-30T17:00:07,61.38,5.0,SetByAsk
2025-12-30 17:00:07,2025-12-30T17:00:07,61.38,1.0,SetByAsk
2025-12-30 17:00:07,2025-12-30T17:00:07,61.38,1.0,SetByAsk
2025-12-30 17:00:08,2025-12-30T17:00:08,61.38,1.0,SetByAsk
2025-12-30 17:00:08,2025-12-30T17:00:08,61.38,1.0,SetByAsk
2025-12-30 17:00:09,2025-12-30T17:00:09,61.38,1.0,SetByAsk
2025-12-30 17:00:09,2025-12-30T17:00:09,61.38,1.0,SetByAsk
2025-12-30 17:00:10,2025-12-30T17:00:10,61.38,1.0,SetByAsk
2025-12-30 17:00:10,2025-12-30T17:00:10,61.38,1.0,SetByAsk
2025-12-30 17:00:11,2025-12-30T17:00:11,61.37,1.0,SetByAsk
2025-12-30 17:00:12,2025-12-30T17:00:12,61.37,1.0,SetByAsk
2025-12-30 17:00:12,2025-12-30T17:00:12,61.38,2.0,SetByBid
2025-12-30 17:00:12,2025-12-30T17:00:12,61.38,2.0,SetByBid
2025-12-30 17:00:12,2025-12-30T17:00:12,61.37,1.0,SetByAsk
2025-12-30 17:00:28,2025-12-30T17:00:28,61.39,1.0,SetByAsk
2025-12-30 17:00:28,2025-12-30T17:00:28,61.39,1.0,SetByAsk
2025-12-30 17:00:28,2025-12-30T17:00:28,61.38,1.0,SetByAsk
2025-12-30 17:00:28,2025-12-30T17:00:28,61.38,1.0,SetByAsk
2025-12-30 17:00:28,2025-12-30T17:00:28,61.38,1.0,SetByAsk
2025-12-30 17:00:28,2025-12-30T17:00:28,61.38,1.0,SetByAsk
2025-12-30 17:00:28,2025-12-30T17:00:28,61.39,1.0,SetByAsk
2025-12-30 17:00:28,2025-12-30T17:00:28,61.38,1.0,SetByAsk
2025-12-30 17:00:28,2025-12-30T17:00:28,61.38,1.0,SetByAsk
2025-12-30 17:00:28,2025-12-30T17:00:28,61.38,1.0,SetByAsk
2025-12-30 17:00:28,2025-12-30T17:00:28,61.39,1.0,"SetByAsk, Leg"
2025-12-30 17:00:28,2025-12-30T17:00:28,61.38,1.0,"SetByAsk, Leg"
2025-12-30 17:00:28,2025-12-30T17:00:28,61.38,1.0,SetByAsk
2025-12-30 17:00:28,2025-12-30T17:00:28,61.38,1.0,SetByAsk
2025-12-30 17:00:28,2025-12-30T17:00:28,61.38,1.0,SetByAsk
2025-12-30 17:00:28,2025-12-30T17:00:28,61.38,1.0,SetByAsk
2025-12-30 17:00:28,2025-12-30T17:00:28,61.39,1.0,"SetByAsk, Leg"
2025-12-30 17:00:28,2025-12-30T17:00:28,61.38,1.0,"SetByAsk, Leg"
2025-12-30 17:00:28,2025-12-30T17:00:28,61.38,1.0,SetByAsk
2025-12-30 17:00:28,2025-12-30T17:00:28,61.38,3.0,SetByAsk
2025-12-30 17:00:28,2025-12-30T17:00:28,61.38,2.0,SetByAsk
2025-12-30 17:00:28,2025-12-30T17:00:28,61.38,1.0,SetByAsk
2025-12-30 17:00:28,2025-12-30T17:00:28,61.39,1.0,SetByBid
2025-12-30 17:00:28,2025-12-30T17:00:28,61.39,2.0,SetByBid
2025-12-30 17:00:28,2025-12-30T17:00:28,61.39,1.0,SetByBid
2025-12-30 17:00:30,2025-12-30T17:00:30,61.39,2.0,SetByBid
2025-12-30 17:00:34,2025-12-30T17:00:34,61.41,1.0,SetByBid
2025-12-30 17:00:34,2025-12-30T17:00:34,61.41,4.0,SetByBid
2025-12-30 17:00:34,2025-12-30T17:00:34,61.41,1.0,SetByBid
2025-12-30 17:00:34,2025-12-30T17:00:34,61.41,1.0,SetByBid
2025-12-30 17:00:34,2025-12-30T17:00:34,61.41,5.0,SetByBid
2025-12-30 17:00:34,2025-12-30T17:00:34,61.41,1.0,SetByBid
2025-12-30 17:00:37,2025-12-30T17:00:37,61.41,1.0,SetByAsk
2025-12-30 17:00:37,2025-12-30T17:00:37,61.43,1.0,SetByBid
2025-12-30 17:00:39,2025-12-30T17:00:39,61.43,1.0,SetByBid
2025-12-30 17:00:41,2025-12-30T17:00:41,61.43,1.0,SetByBid
2025-12-30 17:00:43,2025-12-30T17:00:43,61.43,1.0,SetByAsk
2025-12-30 17:00:55,2025-12-30T17:00:55,61.43,1.0,SetByBid
2025-12-30 17:00:55,2025-12-30T17:00:55,61.43,1.0,SetByBid
2025-12-30 17:00:59,2025-12-30T17:00:59,61.43,1.0,SetByBid
2025-12-30 17:00:59,2025-12-30T17:00:59,61.43,1.0,SetByBid
2025-12-30 17:00:59,2025-12-30T17:00:59,61.43,1.0,SetByBid
2025-12-30 17:00:59,2025-12-30T17:00:59,61.43,2.0,SetByBid
2025-12-30 17:00:59,2025-12-30T17:00:59,61.43,3.0,SetByBid
2025-12-30 17:00:59,2025-12-30T17:00:59,61.43,1.0,SetByBid
2025-12-30 17:00:59,2025-12-30T17:00:59,61.43,2.0,SetByBid
2025-12-30 17:00:59,2025-12-30T17:00:59,61.43,4.0,SetByBid
2025-12-30 17:00:59,2025-12-30T17:00:59,61.43,3.0,SetByBid
2025-12-30 17:00:59,2025-12-30T17:00:59,61.43,1.0,SetByBid
2025-12-30 17:00:59,2025-12-30T17:00:59,61.43,1.0,SetByBid
2025-12-30 17:00:59,2025-12-30T17:00:59,61.43,2.0,SetByBid
2025-12-30 17:00:59,2025-12-30T17:00:59,61.43,1.0,SetByBid
2025-12-30 17:00:59,2025-12-30T17:00:59,61.43,1.0,SetByBid
2025-12-30 17:00:59,2025-12-30T17:00:59,61.43,1.0,SetByBid
2025-12-30 17:00:59,2025-12-30T17:00:59,61.43,1.0,SetByBid
2025-12-30 17:00:59,2025-12-30T17:00:59,61.43,1.0,SetByBid
2025-12-30 17:00:59,2025-12-30T17:00:59,61.43,3.0,SetByBid
2025-12-30 17:00:59,2025-12-30T17:00:59,61.42,2.0,SetByAsk
2025-12-30 17:00:59,2025-12-30T17:00:59,61.42,1.0,SetByAsk
2025-12-30 17:00:59,2025-12-30T17:00:59,61.42,1.0,SetByAsk
2025-12-30 17:00:59,2025-12-30T17:00:59,61.42,2.0,SetByAsk
2025-12-30 17:00:59,2025-12-30T17:00:59,61.42,1.0,SetByAsk
2025-12-30 17:00:59,2025-12-30T17:00:59,61.42,1.0,SetByAsk
2025-12-30 17:00:59,2025-12-30T17:00:59,61.42,1.0,SetByAsk
2025-12-30 17:00:59,2025-12-30T17:00:59,61.42,1.0,SetByAsk
2025-12-30 17:00:59,2025-12-30T17:00:59,61.42,1.0,SetByAsk
2025-12-30 17:00:59,2025-12-30T17:00:59,61.42,1.0,SetByAsk
2025-12-30 17:00:59,2025-12-30T17:00:59,61.42,1.0,SetByAsk
2025-12-30 17:00:59,2025-12-30T17:00:59,61.42,3.0,SetByAsk
2025-12-30 17:00:59,2025-12-30T17:00:59,61.42,1.0,SetByAsk
2025-12-30 17:00:59,2025-12-30T17:00:59,61.41,1.0,SetByAsk
2025-12-30 17:00:59,2025-12-30T17:00:59,61.41,1.0,SetByAsk
2025-12-30 17:00:59,2025-12-30T17:00:59,61.42,1.0,"SetByAsk, Leg"
2025-12-30 17:00:59,2025-12-30T17:00:59,61.41,1.0,"SetByAsk, Leg"
2025-12-30 17:00:59,2025-12-30T17:00:59,61.41,1.0,SetByAsk
2025-12-30 17:00:59,2025-12-30T17:00:59,61.41,1.0,SetByAsk
2025-12-30 17:00:59,2025-12-30T17:00:59,61.41,1.0,SetByAsk
2025-12-30 17:00:59,2025-12-30T17:00:59,61.41,1.0,SetByAsk
2025-12-30 17:00:59,2025-12-30T17:00:59,61.41,1.0,SetByAsk
2025-12-30 17:00:59,2025-12-30T17:00:59,61.41,1.0,SetByAsk
2025-12-30 17:00:59,2025-12-30T17:00:59,61.41,1.0,SetByAsk
2025-12-30 17:01:06,2025-12-30T17:01:06,61.42,1.0,SetByAsk
2025-12-30 17:01:06,2025-12-30T17:01:06,61.42,1.0,SetByAsk
2025-12-30 17:01:06,2025-12-30T17:01:06,61.42,3.0,SetByAsk
2025-12-30 17:01:06,2025-12-30T17:01:06,61.42,1.0,SetByAsk
2025-12-30 17:01:06,2025-12-30T17:01:06,61.42,3.0,SetByAsk
2025-12-30 17:01:06,2025-12-30T17:01:06,61.42,1.0,SetByAsk
2025-12-30 17:01:06,2025-12-30T17:01:06,61.42,1.0,SetByAsk
2025-12-30 17:01:06,2025-12-30T17:01:06,61.42,1.0,SetByAsk
2025-12-30 17:01:06,2025-12-30T17:01:06,61.42,1.0,SetByAsk
2025-12-30 17:01:06,2025-12-30T17:01:06,61.42,1.0,SetByAsk
2025-12-30 17:01:06,2025-12-30T17:01:06,61.42,1.0,SetByAsk
2025-12-30 17:01:06,2025-12-30T17:01:06,61.42,1.0,SetByAsk
2025-12-30 17:01:06,2025-12-30T17:01:06,61.42,1.0,SetByAsk
2025-12-30 17:01:06,2025-12-30T17:01:06,61.41,1.0,SetByAsk
2025-12-30 17:01:07,2025-12-30T17:01:07,61.43,2.0,SetByBid
2025-12-30 17:01:07,2025-12-30T17:01:07,61.43,1.0,SetByBid
2025-12-30 17:01:07,2025-12-30T17:01:07,61.43,1.0,SetByBid
2025-12-30 17:01:07,2025-12-30T17:01:07,61.43,1.0,SetByBid
2025-12-30 17:01:07,2025-12-30T17:01:07,61.43,1.0,SetByBid
2025-12-30 17:01:07,2025-12-30T17:01:07,61.43,1.0,SetByBid
2025-12-30 17:01:07,2025-12-30T17:01:07,61.43,3.0,SetByBid
2025-12-30 17:01:07,2025-12-30T17:01:07,61.43,5.0,SetByBid
2025-12-30 17:01:07,2025-12-30T17:01:07,61.43,1.0,SetByBid
2025-12-30 17:01:07,2025-12-30T17:01:07,61.43,2.0,SetByBid
2025-12-30 17:01:07,2025-12-30T17:01:07,61.43,1.0,SetByBid
2025-12-30 17:01:14,2025-12-30T17:01:14,61.43,2.0,SetByBid
2025-12-30 17:01:14,2025-12-30T17:01:14,61.44,3.0,SetByBid
2025-12-30 17:01:14,2025-12-30T17:01:14,61.44,1.0,SetByBid
2025-12-30 17:01:14,2025-12-30T17:01:14,61.44,1.0,SetByBid
2025-12-30 17:01:14,2025-12-30T17:01:14,61.44,1.0,SetByBid
2025-12-30 17:01:14,2025-12-30T17:01:14,61.44,1.0,SetByBid
2025-12-30 17:01:14,2025-12-30T17:01:14,61.44,5.0,SetByBid
2025-12-30 17:01:14,2025-12-30T17:01:14,61.44,2.0,SetByBid
2025-12-30 17:01:14,2025-12-30T17:01:14,61.44,3.0,SetByBid
2025-12-30 17:01:14,2025-12-30T17:01:14,61.44,1.0,SetByBid
2025-12-30 17:01:16,2025-12-30T17:01:16,61.42,2.0,SetByAsk
2025-12-30 17:01:23,2025-12-30T17:01:23,61.42,1.0,SetByBid
2025-12-30 17:01:23,2025-12-30T17:01:23,61.42,1.0,SetByBid
2025-12-30 17:01:23,2025-12-30T17:01:23,61.42,1.0,SetByBid
2025-12-30 17:01:23,2025-12-30T17:01:23,61.42,1.0,SetByBid
2025-12-30 17:01:23,2025-12-30T17:01:23,61.42,1.0,SetByBid
2025-12-30 17:01:23,2025-12-30T17:01:23,61.42,2.0,SetByBid
2025-12-30 17:01:23,2025-12-30T17:01:23,61.42,3.0,SetByBid
2025-12-30 17:01:29,2025-12-30T17:01:29,61.41,2.0,SetByAsk
2025-12-30 17:01:33,2025-12-30T17:01:33,61.41,1.0,SetByAsk
2025-12-30 17:01:33,2025-12-30T17:01:33,61.41,1.0,"SetByAsk, Leg"
2025-12-30 17:01:33,2025-12-30T17:01:33,61.4,1.0,"SetByAsk, Leg"
2025-12-30 17:01:33,2025-12-30T17:01:33,61.4,1.0,SetByAsk
2025-12-30 17:01:35,2025-12-30T17:01:35,61.42,2.0,"SetByAsk, Leg"
2025-12-30 17:01:35,2025-12-30T17:01:35,61.41,2.0,"SetByAsk, Leg"
2025-12-30 17:01:35,2025-12-30T17:01:35,61.41,1.0,SetByAsk
2025-12-30 17:01:41,2025-12-30T17:01:41,61.43,3.0,SetByBid
2025-12-30 17:01:41,2025-12-30T17:01:41,61.43,2.0,SetByBid
2025-12-30 17:01:41,2025-12-30T17:01:41,61.44,1.0,SetByBid
2025-12-30 17:01:41,2025-12-30T17:01:41,61.44,1.0,SetByBid
2025-12-30 17:01:48,2025-12-30T17:01:48,61.45,1.0,SetByBid
2025-12-30 17:01:48,2025-12-30T17:01:48,61.45,1.0,SetByBid
2025-12-30 17:01:48,2025-12-30T17:01:48,61.45,1.0,SetByBid
2025-12-30 17:01:48,2025-12-30T17:01:48,61.45,1.0,SetByBid
2025-12-30 17:02:01,2025-12-30T17:02:01,61.43,1.0,SetByAsk
2025-12-30 17:02:43,2025-12-30T17:02:43,61.43,2.0,SetByBid
2025-12-30 17:03:00,2025-12-30T17:03:00,61.42,1.0,SetByAsk
2025-12-30 17:03:00,2025-12-30T17:03:00,61.42,1.0,SetByAsk
2025-12-30 17:03:17,2025-12-30T17:03:17,61.43,1.0,SetByBid
2025-12-30 17:03:17,2025-12-30T17:03:17,61.42,1.0,SetByAsk
2025-12-30 17:03:22,2025-12-30T17:03:22,61.41,1.0,SetByAsk
2025-12-30 17:03:24,2025-12-30T17:03:24,61.41,1.0,SetByAsk
2025-12-30 17:03:24,2025-12-30T17:03:24,61.41,1.0,SetByAsk
2025-12-30 17:04:08,2025-12-30T17:04:08,61.43,1.0,SetByAsk
2025-12-30 17:04:08,2025-12-30T17:04:08,61.43,1.0,SetByAsk
2025-12-30 17:04:10,2025-12-30T17:04:10,61.43,1.0,SetByBid
2025-12-30 17:04:10,2025-12-30T17:04:10,61.43,1.0,SetByBid
2025-12-30 17:04:10,2025-12-30T17:04:10,61.43,1.0,SetByBid
2025-12-30 17:04:35,2025-12-30T17:04:35,61.43,1.0,SetByAsk
2025-12-30 17:04:35,2025-12-30T17:04:35,61.43,2.0,SetByAsk
2025-12-30 17:04:35,2025-12-30T17:04:35,61.43,1.0,SetByAsk
2025-12-30 17:05:36,2025-12-30T17:05:36,61.42,1.0,SetByAsk
2025-12-30 17:05:36,2025-12-30T17:05:36,61.42,2.0,SetByAsk
2025-12-30 17:05:36,2025-12-30T17:05:36,61.42,1.0,SetByAsk
2025-12-30 17:05:44,2025-12-30T17:05:44,61.41,1.0,SetByBid
2025-12-30 17:05:54,2025-12-30T17:05:54,61.42,1.0,SetByBid
2025-12-30 17:05:57,2025-12-30T17:05:57,61.42,1.0,SetByAsk
2025-12-30 17:05:57,2025-12-30T17:05:57,61.42,1.0,SetByAsk
2025-12-30 17:06:28,2025-12-30T17:06:28,61.42,3.0,SetByAsk
2025-12-30 17:06:45,2025-12-30T17:06:45,61.42,1.0,SetByAsk
2025-12-30 17:06:59,2025-12-30T17:06:59,61.43,1.0,SetByBid
2025-12-30 17:06:59,2025-12-30T17:06:59,61.43,1.0,SetByBid
2025-12-30 17:06:59,2025-12-30T17:06:59,61.43,1.0,SetByBid
2025-12-30 17:07:21,2025-12-30T17:07:21,61.43,1.0,SetByAsk
2025-12-30 17:07:21,2025-12-30T17:07:21,61.43,1.0,SetByAsk
2025-12-30 17:07:46,2025-12-30T17:07:46,61.44,1.0,SetByAsk
2025-12-30 17:07:46,2025-12-30T17:07:46,61.44,1.0,SetByAsk
2025-12-30 17:08:00,2025-12-30T17:08:00,61.46,1.0,SetByBid
2025-12-30 17:08:00,2025-12-30T17:08:00,61.46,1.0,SetByBid
2025-12-30 17:08:00,2025-12-30T17:08:00,61.46,1.0,SetByBid
2025-12-30 17:08:03,2025-12-30T17:08:03,61.45,1.0,SetByAsk
2025-12-30 17:08:03,2025-12-30T17:08:03,61.45,1.0,SetByAsk
2025-12-30 17:08:38,2025-12-30T17:08:38,61.43,2.0,SetByAsk
2025-12-30 17:08:42,2025-12-30T17:08:42,61.42,3.0,SetByBid
2025-12-30 17:08:42,2025-12-30T17:08:42,61.42,1.0,SetByBid
2025-12-30 17:09:14,2025-12-30T17:09:14,61.44,1.0,SetByBid
2025-12-30 17:09:14,2025-12-30T17:09:14,61.44,1.0,SetByBid
2025-12-30 17:09:20,2025-12-30T17:09:20,61.43,1.0,SetByAsk
2025-12-30 17:09:20,2025-12-30T17:09:20,61.43,1.0,SetByAsk
2025-12-30 17:09:32,2025-12-30T17:09:32,61.43,1.0,SetByAsk
2025-12-30 17:09:51,2025-12-30T17:09:51,61.43,1.0,SetByBid
2025-12-30 17:10:00,2025-12-30T17:10:00,61.43,1.0,SetByAsk
2025-12-30 17:10:00,2025-12-30T17:10:00,61.43,1.0,SetByAsk
2025-12-30 17:10:00,2025-12-30T17:10:00,61.43,1.0,SetByAsk
2025-12-30 17:10:07,2025-12-30T17:10:07,61.45,1.0,SetByBid
2025-12-30 17:10:07,2025-12-30T17:10:07,61.45,1.0,SetByBid
2025-12-30 17:10:07,2025-12-30T17:10:07,61.45,1.0,SetByBid
2025-12-30 17:10:07,2025-12-30T17:10:07,61.45,1.0,SetByBid
2025-12-30 17:10:07,2025-12-30T17:10:07,61.45,1.0,SetByBid
2025-12-30 17:10:08,2025-12-30T17:10:08,61.45,1.0,SetByBid
2025-12-30 17:10:09,2025-12-30T17:10:09,61.45,1.0,SetByBid
2025-12-30 17:10:09,2025-12-30T17:10:09,61.45,1.0,SetByBid
2025-12-30 17:10:09,2025-12-30T17:10:09,61.45,1.0,SetByBid
2025-12-30 17:10:09,2025-12-30T17:10:09,61.45,1.0,SetByBid
2025-12-30 17:10:09,2025-12-30T17:10:09,61.45,1.0,SetByBid
2025-12-30 17:10:09,2025-12-30T17:10:09,61.45,1.0,SetByBid
2025-12-30 17:10:09,2025-12-30T17:10:09,61.45,1.0,SetByBid
2025-12-30 17:10:12,2025-12-30T17:10:12,61.45,2.0,SetByBid
2025-12-30 17:10:14,2025-12-30T17:10:14,61.45,1.0,SetByBid
2025-12-30 17:10:18,2025-12-30T17:10:18,61.44,1.0,SetByAsk
2025-12-30 17:10:18,2025-12-30T17:10:18,61.44,1.0,SetByAsk
2025-12-30 17:10:18,2025-12-30T17:10:18,61.44,1.0,SetByAsk
2025-12-30 17:10:18,2025-12-30T17:10:18,61.44,1.0,SetByAsk
2025-12-30 17:10:46,2025-12-30T17:10:46,61.45,1.0,SetByBid
2025-12-30 17:10:46,2025-12-30T17:10:46,61.45,1.0,SetByBid
2025-12-30 17:10:46,2025-12-30T17:10:46,61.45,1.0,SetByBid
2025-12-30 17:10:46,2025-12-30T17:10:46,61.45,2.0,SetByBid
2025-12-30 17:10:46,2025-12-30T17:10:46,61.45,2.0,SetByBid
2025-12-30 17:10:46,2025-12-30T17:10:46,61.45,1.0,SetByBid
2025-12-30 17:10:46,2025-12-30T17:10:46,61.45,1.0,SetByBid
2025-12-30 17:10:46,2025-12-30T17:10:46,61.45,1.0,SetByBid
2025-12-30 17:10:46,2025-12-30T17:10:46,61.45,1.0,SetByBid
2025-12-30 17:10:46,2025-12-30T17:10:46,61.45,1.0,SetByBid
2025-12-30 17:10:46,2025-12-30T17:10:46,61.45,1.0,SetByBid
2025-12-30 17:10:46,2025-12-30T17:10:46,61.45,1.0,SetByBid
2025-12-30 17:10:46,2025-12-30T17:10:46,61.45,3.0,SetByBid
2025-12-30 17:10:46,2025-12-30T17:10:46,61.45,1.0,SetByBid
2025-12-30 17:10:46,2025-12-30T17:10:46,61.46,1.0,SetByBid
2025-12-30 17:10:46,2025-12-30T17:10:46,61.46,1.0,SetByBid
2025-12-30 17:10:46,2025-12-30T17:10:46,61.46,1.0,SetByBid
2025-12-30 17:10:46,2025-12-30T17:10:46,61.46,1.0,SetByBid
2025-12-30 17:10:46,2025-12-30T17:10:46,61.46,1.0,SetByBid
2025-12-30 17:10:46,2025-12-30T17:10:46,61.46,1.0,SetByBid
2025-12-30 17:10:46,2025-12-30T17:10:46,61.46,3.0,SetByBid
2025-12-30 17:10:46,2025-12-30T17:10:46,61.46,1.0,SetByBid
2025-12-30 17:10:46,2025-12-30T17:10:46,61.46,1.0,SetByBid
2025-12-30 17:10:46,2025-12-30T17:10:46,61.46,2.0,SetByBid
2025-12-30 17:10:46,2025-12-30T17:10:46,61.46,3.0,SetByBid
2025-12-30 17:10:46,2025-12-30T17:10:46,61.46,3.0,SetByBid
2025-12-30 17:10:46,2025-12-30T17:10:46,61.46,1.0,SetByBid
2025-12-30 17:10:46,2025-12-30T17:10:46,61.46,1.0,SetByBid
2025-12-30 17:10:46,2025-12-30T17:10:46,61.46,1.0,SetByBid
2025-12-30 17:10:46,2025-12-30T17:10:46,61.46,1.0,SetByBid
2025-12-30 17:10:46,2025-12-30T17:10:46,61.46,1.0,SetByBid
2025-12-30 17:10:46,2025-12-30T17:10:46,61.46,1.0,SetByBid
2025-12-30 17:10:46,2025-12-30T17:10:46,61.46,1.0,SetByBid
2025-12-30 17:10:46,2025-12-30T17:10:46,61.46,1.0,SetByBid
2025-12-30 17:10:46,2025-12-30T17:10:46,61.46,1.0,SetByBid
2025-12-30 17:10:46,2025-12-30T17:10:46,61.46,1.0,SetByBid
2025-12-30 17:10:46,2025-12-30T17:10:46,61.46,2.0,SetByBid
2025-12-30 17:10:46,2025-12-30T17:10:46,61.46,1.0,SetByBid
2025-12-30 17:10:46,2025-12-30T17:10:46,61.45,1.0,SetByAsk
2025-12-30 17:11:01,2025-12-30T17:11:01,61.44,1.0,SetByAsk
2025-12-30 17:11:01,2025-12-30T17:11:01,61.44,2.0,SetByAsk
2025-12-30 17:11:01,2025-12-30T17:11:01,61.44,1.0,SetByAsk
2025-12-30 17:11:01,2025-12-30T17:11:01,61.44,1.0,SetByAsk
2025-12-30 17:11:30,2025-12-30T17:11:30,61.44,2.0,SetByBid
2025-12-30 17:11:30,2025-12-30T17:11:30,61.44,2.0,SetByBid
2025-12-30 17:11:30,2025-12-30T17:11:30,61.44,1.0,SetByBid
2025-12-30 17:11:30,2025-12-30T17:11:30,61.44,1.0,SetByBid
2025-12-30 17:11:30,2025-12-30T17:11:30,61.44,1.0,SetByBid
2025-12-30 17:11:30,2025-12-30T17:11:30,61.44,15.0,SetByBid
2025-12-30 17:11:30,2025-12-30T17:11:30,61.44,24.0,SetByBid
2025-12-30 17:11:30,2025-12-30T17:11:30,61.44,1.0,SetByBid
2025-12-30 17:11:30,2025-12-30T17:11:30,61.44,2.0,SetByBid
2025-12-30 17:11:30,2025-12-30T17:11:30,61.44,1.0,SetByBid
2025-12-30 17:11:30,2025-12-30T17:11:30,61.44,1.0,SetByBid
2025-12-30 17:11:53,2025-12-30T17:11:53,61.44,1.0,SetByBid
2025-12-30 17:11:59,2025-12-30T17:11:59,61.43,2.0,SetByAsk
2025-12-30 17:11:59,2025-12-30T17:11:59,61.43,1.0,SetByAsk
2025-12-30 17:11:59,2025-12-30T17:11:59,61.43,1.0,SetByAsk
2025-12-30 17:11:59,2025-12-30T17:11:59,61.43,2.0,SetByAsk
2025-12-30 17:11:59,2025-12-30T17:11:59,61.43,1.0,SetByAsk
2025-12-30 17:11:59,2025-12-30T17:11:59,61.43,5.0,SetByAsk
2025-12-30 17:11:59,2025-12-30T17:11:59,61.43,1.0,SetByAsk
2025-12-30 17:12:14,2025-12-30T17:12:14,61.43,1.0,SetByAsk
2025-12-30 17:12:17,2025-12-30T17:12:17,61.42,1.0,SetByAsk
2025-12-30 17:12:32,2025-12-30T17:12:32,61.42,1.0,SetByBid
2025-12-30 17:12:32,2025-12-30T17:12:32,61.43,2.0,SetByBid
2025-12-30 17:12:32,2025-12-30T17:12:32,61.43,1.0,SetByBid
2025-12-30 17:12:32,2025-12-30T17:12:32,61.43,1.0,SetByBid
2025-12-30 17:12:32,2025-12-30T17:12:32,61.43,1.0,SetByBid
2025-12-30 17:12:32,2025-12-30T17:12:32,61.43,1.0,SetByBid
2025-12-30 17:12:32,2025-12-30T17:12:32,61.43,3.0,SetByBid
2025-12-30 17:13:04,2025-12-30T17:13:04,61.42,2.0,SetByBid
2025-12-30 17:13:04,2025-12-30T17:13:04,61.42,1.0,SetByBid
2025-12-30 17:13:04,2025-12-30T17:13:04,61.42,1.0,SetByBid
2025-12-30 17:13:04,2025-12-30T17:13:04,61.42,1.0,SetByBid
2025-12-30 17:13:04,2025-12-30T17:13:04,61.42,1.0,SetByBid
2025-12-30 17:13:04,2025-12-30T17:13:04,61.42,1.0,SetByBid
2025-12-30 17:13:04,2025-12-30T17:13:04,61.42,3.0,SetByBid
2025-12-30 17:13:18,2025-12-30T17:13:18,61.41,1.0,SetByAsk
2025-12-30 17:13:18,2025-12-30T17:13:18,61.41,1.0,SetByAsk
2025-12-30 17:13:18,2025-12-30T17:13:18,61.41,1.0,SetByAsk
2025-12-30 17:13:18,2025-12-30T17:13:18,61.41,1.0,SetByAsk
2025-12-30 17:13:18,2025-12-30T17:13:18,61.41,1.0,SetByAsk
2025-12-30 17:13:18,2025-12-30T17:13:18,61.41,1.0,SetByAsk
2025-12-30 17:13:41,2025-12-30T17:13:41,61.41,17.0,SetByBid
2025-12-30 17:13:47,2025-12-30T17:13:47,61.4,1.0,SetByAsk
2025-12-30 17:13:50,2025-12-30T17:13:50,61.41,10.0,SetByBid
2025-12-30 17:14:03,2025-12-30T17:14:03,61.39,1.0,SetByAsk
2025-12-30 17:14:03,2025-12-30T17:14:03,61.39,1.0,SetByAsk
2025-12-30 17:14:03,2025-12-30T17:14:03,61.39,1.0,SetByAsk
2025-12-30 17:14:03,2025-12-30T17:14:03,61.39,1.0,SetByAsk
2025-12-30 17:14:03,2025-12-30T17:14:03,61.39,1.0,SetByAsk
2025-12-30 17:14:05,2025-12-30T17:14:05,61.4,1.0,SetByBid
2025-12-30 17:14:05,2025-12-30T17:14:05,61.4,1.0,SetByBid
2025-12-30 17:14:05,2025-12-30T17:14:05,61.4,3.0,SetByBid
2025-12-30 17:14:05,2025-12-30T17:14:05,61.4,1.0,SetByBid
2025-12-30 17:14:14,2025-12-30T17:14:14,61.39,1.0,SetByAsk
2025-12-30 17:14:41,2025-12-30T17:14:41,61.4,1.0,SetByBid
2025-12-30 17:14:41,2025-12-30T17:14:41,61.4,1.0,SetByBid
2025-12-30 17:14:41,2025-12-30T17:14:41,61.4,1.0,SetByBid
2025-12-30 17:14:41,2025-12-30T17:14:41,61.4,3.0,SetByBid
2025-12-30 17:14:41,2025-12-30T17:14:41,61.4,1.0,SetByBid
2025-12-30 17:14:41,2025-12-30T17:14:41,61.4,3.0,SetByBid
2025-12-30 17:15:42,2025-12-30T17:15:42,61.41,1.0,SetByBid
2025-12-30 17:15:56,2025-12-30T17:15:56,61.4,1.0,SetByAsk
2025-12-30 17:15:56,2025-12-30T17:15:56,61.4,1.0,SetByAsk
2025-12-30 17:15:56,2025-12-30T17:15:56,61.4,2.0,SetByAsk
2025-12-30 17:16:06,2025-12-30T17:16:06,61.4,1.0,SetByAsk
2025-12-30 17:16:06,2025-12-30T17:16:06,61.4,1.0,SetByAsk
2025-12-30 17:16:06,2025-12-30T17:16:06,61.4,3.0,SetByAsk
2025-12-30 17:16:15,2025-12-30T17:16:15,61.41,10.0,SetByBid
2025-12-30 17:16:31,2025-12-30T17:16:31,61.41,10.0,SetByBid
2025-12-30 17:16:31,2025-12-30T17:16:31,61.41,6.0,SetByBid
2025-12-30 17:16:31,2025-12-30T17:16:31,61.41,1.0,SetByBid
2025-12-30 17:16:31,2025-12-30T17:16:31,61.41,2.0,SetByBid
2025-12-30 17:16:31,2025-12-30T17:16:31,61.41,1.0,SetByBid
2025-12-30 17:16:31,2025-12-30T17:16:31,61.41,1.0,SetByBid
2025-12-30 17:16:33,2025-12-30T17:16:33,61.41,1.0,SetByBid
2025-12-30 17:16:33,2025-12-30T17:16:33,61.41,1.0,SetByBid
2025-12-30 17:16:33,2025-12-30T17:16:33,61.41,1.0,SetByBid
2025-12-30 17:16:33,2025-12-30T17:16:33,61.41,1.0,SetByBid
2025-12-30 17:16:41,2025-12-30T17:16:41,61.42,1.0,SetByAsk
2025-12-30 17:16:54,2025-12-30T17:16:54,61.42,1.0,SetByAsk
2025-12-30 17:17:49,2025-12-30T17:17:49,61.42,1.0,SetByAsk
2025-12-30 17:18:09,2025-12-30T17:18:09,61.42,1.0,SetByBid
2025-12-30 17:18:12,2025-12-30T17:18:12,61.41,1.0,SetByAsk
2025-12-30 17:18:12,2025-12-30T17:18:12,61.41,2.0,SetByAsk
2025-12-30 17:18:12,2025-12-30T17:18:12,61.41,1.0,SetByAsk
2025-12-30 17:18:12,2025-12-30T17:18:12,61.41,1.0,SetByAsk
2025-12-30 17:18:46,2025-12-30T17:18:46,61.41,1.0,SetByBid
2025-12-30 17:18:46,2025-12-30T17:18:46,61.41,1.0,SetByBid
2025-12-30 17:18:46,2025-12-30T17:18:46,61.41,4.0,SetByBid
2025-12-30 17:18:46,2025-12-30T17:18:46,61.41,1.0,SetByAsk
2025-12-30 17:19:43,2025-12-30T17:19:43,61.42,1.0,SetByAsk
2025-12-30 17:19:47,2025-12-30T17:19:47,61.42,1.0,SetByAsk
2025-12-30 17:19:47,2025-12-30T17:19:47,61.42,2.0,SetByAsk
2025-12-30 17:19:50,2025-12-30T17:19:50,61.42,1.0,SetByBid
2025-12-30 17:20:01,2025-12-30T17:20:01,61.44,1.0,SetByBid
2025-12-30 17:20:10,2025-12-30T17:20:10,61.44,21.0,SetByBid
2025-12-30 17:20:10,2025-12-30T17:20:10,61.44,20.0,SetByBid
2025-12-30 17:20:10,2025-12-30T17:20:10,61.44,1.0,SetByBid
2025-12-30 17:20:10,2025-12-30T17:20:10,61.45,1.0,SetByBid
2025-12-30 17:20:10,2025-12-30T17:20:10,61.45,1.0,SetByAsk
2025-12-30 17:20:10,2025-12-30T17:20:10,61.45,2.0,SetByAsk
2025-12-30 17:20:10,2025-12-30T17:20:10,61.44,1.0,SetByAsk
2025-12-30 17:20:10,2025-12-30T17:20:10,61.44,4.0,SetByAsk
2025-12-30 17:20:10,2025-12-30T17:20:10,61.44,1.0,SetByAsk
2025-12-30 17:20:10,2025-12-30T17:20:10,61.44,1.0,SetByAsk
2025-12-30 17:20:10,2025-12-30T17:20:10,61.44,1.0,SetByAsk
2025-12-30 17:20:10,2025-12-30T17:20:10,61.44,1.0,SetByAsk
2025-12-30 17:20:10,2025-12-30T17:20:10,61.44,1.0,SetByBid
2025-12-30 17:20:12,2025-12-30T17:20:12,61.44,1.0,SetByBid
2025-12-30 17:20:25,2025-12-30T17:20:25,61.46,1.0,SetByBid
2025-12-30 17:20:25,2025-12-30T17:20:25,61.46,1.0,SetByBid
2025-12-30 17:20:25,2025-12-30T17:20:25,61.46,1.0,SetByBid
2025-12-30 17:20:25,2025-12-30T17:20:25,61.46,1.0,SetByBid
2025-12-30 17:20:25,2025-12-30T17:20:25,61.46,4.0,SetByBid
2025-12-30 17:20:25,2025-12-30T17:20:25,61.46,1.0,SetByBid
2025-12-30 17:20:25,2025-12-30T17:20:25,61.45,2.0,SetByAsk
2025-12-30 17:20:25,2025-12-30T17:20:25,61.45,1.0,SetByAsk
2025-12-30 17:20:25,2025-12-30T17:20:25,61.44,1.0,SetByAsk
2025-12-30 17:20:25,2025-12-30T17:20:25,61.44,3.0,SetByAsk
2025-12-30 17:20:40,2025-12-30T17:20:40,61.44,1.0,SetByAsk
2025-12-30 17:21:10,2025-12-30T17:21:10,61.44,1.0,SetByAsk
2025-12-30 17:21:10,2025-12-30T17:21:10,61.44,1.0,SetByAsk
2025-12-30 17:21:25,2025-12-30T17:21:25,61.43,5.0,SetByAsk
2025-12-30 17:21:25,2025-12-30T17:21:25,61.43,4.0,SetByAsk
2025-12-30 17:21:25,2025-12-30T17:21:25,61.43,1.0,SetByAsk
2025-12-30 17:21:25,2025-12-30T17:21:25,61.43,1.0,SetByAsk
2025-12-30 17:21:25,2025-12-30T17:21:25,61.43,1.0,SetByAsk
2025-12-30 17:22:00,2025-12-30T17:22:00,61.43,1.0,SetByAsk
2025-12-30 17:22:00,2025-12-30T17:22:00,61.42,1.0,SetByAsk
2025-12-30 17:22:26,2025-12-30T17:22:26,61.41,1.0,SetByAsk
2025-12-30 17:22:26,2025-12-30T17:22:26,61.41,1.0,SetByAsk
2025-12-30 17:22:32,2025-12-30T17:22:32,61.4,1.0,SetByAsk
2025-12-30 17:22:43,2025-12-30T17:22:43,61.39,3.0,SetByAsk
2025-12-30 17:22:43,2025-12-30T17:22:43,61.39,1.0,SetByAsk
2025-12-30 17:22:43,2025-12-30T17:22:43,61.39,1.0,SetByAsk
2025-12-30 17:22:43,2025-12-30T17:22:43,61.39,1.0,SetByAsk
2025-12-30 17:22:43,2025-12-30T17:22:43,61.39,1.0,SetByAsk
2025-12-30 17:22:43,2025-12-30T17:22:43,61.39,1.0,SetByAsk
2025-12-30 17:22:43,2025-12-30T17:22:43,61.39,3.0,SetByAsk
2025-12-30 17:22:44,2025-12-30T17:22:44,61.39,1.0,SetByAsk
2025-12-30 17:22:44,2025-12-30T17:22:44,61.39,1.0,SetByAsk
2025-12-30 17:22:44,2025-12-30T17:22:44,61.39,1.0,SetByAsk
2025-12-30 17:22:44,2025-12-30T17:22:44,61.38,1.0,SetByAsk
2025-12-30 17:22:46,2025-12-30T17:22:46,61.38,1.0,SetByAsk
2025-12-30 17:22:46,2025-12-30T17:22:46,61.38,1.0,SetByAsk
2025-12-30 17:22:46,2025-12-30T17:22:46,61.38,1.0,SetByAsk
2025-12-30 17:22:47,2025-12-30T17:22:47,61.38,1.0,SetByAsk
2025-12-30 17:22:49,2025-12-30T17:22:49,61.38,1.0,SetByAsk
2025-12-30 17:23:26,2025-12-30T17:23:26,61.38,1.0,SetByBid
2025-12-30 17:23:39,2025-12-30T17:23:39,61.39,1.0,SetByAsk
2025-12-30 17:23:39,2025-12-30T17:23:39,61.39,1.0,SetByAsk
2025-12-30 17:24:00,2025-12-30T17:24:00,61.4,2.0,SetByBid
2025-12-30 17:24:06,2025-12-30T17:24:06,61.41,1.0,SetByBid
2025-12-30 17:24:07,2025-12-30T17:24:07,61.41,1.0,SetByAsk
2025-12-30 17:24:07,2025-12-30T17:24:07,61.41,1.0,SetByAsk
2025-12-30 17:24:07,2025-12-30T17:24:07,61.41,1.0,SetByAsk
2025-12-30 17:24:07,2025-12-30T17:24:07,61.41,1.0,SetByBid
2025-12-30 17:24:19,2025-12-30T17:24:19,61.41,1.0,SetByBid
2025-12-30 17:24:53,2025-12-30T17:24:53,61.4,1.0,SetByAsk
2025-12-30 17:24:53,2025-12-30T17:24:53,61.4,1.0,SetByAsk
2025-12-30 17:24:53,2025-12-30T17:24:53,61.4,1.0,SetByAsk
2025-12-30 17:24:53,2025-12-30T17:24:53,61.4,1.0,SetByBid
2025-12-30 17:24:54,2025-12-30T17:24:54,61.4,1.0,SetByBid
2025-12-30 17:24:57,2025-12-30T17:24:57,61.4,1.0,SetByAsk
2025-12-30 17:25:02,2025-12-30T17:25:02,61.4,1.0,SetByBid
2025-12-30 17:25:32,2025-12-30T17:25:32,61.42,1.0,SetByBid
2025-12-30 17:25:36,2025-12-30T17:25:36,61.42,1.0,SetByBid
2025-12-30 17:25:38,2025-12-30T17:25:38,61.42,1.0,SetByBid
2025-12-30 17:25:46,2025-12-30T17:25:46,61.42,1.0,SetByAsk
2025-12-30 17:25:53,2025-12-30T17:25:53,61.42,1.0,SetByBid
2025-12-30 17:26:01,2025-12-30T17:26:01,61.43,1.0,SetByBid
2025-12-30 17:26:14,2025-12-30T17:26:14,61.43,1.0,SetByAsk
2025-12-30 17:26:14,2025-12-30T17:26:14,61.43,2.0,SetByAsk
2025-12-30 17:26:14,2025-12-30T17:26:14,61.43,1.0,SetByAsk
2025-12-30 17:26:14,2025-12-30T17:26:14,61.43,1.0,SetByAsk
2025-12-30 17:26:14,2025-12-30T17:26:14,61.43,2.0,SetByAsk
2025-12-30 17:26:14,2025-12-30T17:26:14,61.43,1.0,SetByAsk
2025-12-30 17:26:14,2025-12-30T17:26:14,61.43,2.0,SetByBid
2025-12-30 17:26:14,2025-12-30T17:26:14,61.43,1.0,"SetByAsk, Leg"
2025-12-30 17:26:14,2025-12-30T17:26:14,61.42,1.0,"SetByAsk, Leg"
2025-12-30 17:26:15,2025-12-30T17:26:15,61.43,2.0,SetByAsk
2025-12-30 17:26:15,2025-12-30T17:26:15,61.42,1.0,SetByAsk
2025-12-30 17:26:35,2025-12-30T17:26:35,61.43,1.0,SetByAsk
2025-12-30 17:26:50,2025-12-30T17:26:50,61.43,1.0,SetByBid
2025-12-30 17:27:19,2025-12-30T17:27:19,61.43,1.0,SetByAsk
2025-12-30 17:29:00,2025-12-30T17:29:00,61.41,1.0,SetByAsk
2025-12-30 17:29:00,2025-12-30T17:29:00,61.41,1.0,SetByAsk
2025-12-30 17:29:08,2025-12-30T17:29:08,61.41,1.0,SetByBid
2025-12-30 17:29:08,2025-12-30T17:29:08,61.41,1.0,SetByBid
2025-12-30 17:29:08,2025-12-30T17:29:08,61.41,2.0,SetByBid
2025-12-30 17:29:17,2025-12-30T17:29:17,61.41,1.0,SetByBid
2025-12-30 17:29:17,2025-12-30T17:29:17,61.42,1.0,SetByBid
2025-12-30 17:29:17,2025-12-30T17:29:17,61.42,3.0,SetByBid
2025-12-30 17:29:17,2025-12-30T17:29:17,61.42,1.0,SetByBid
2025-12-30 17:29:17,2025-12-30T17:29:17,61.42,1.0,SetByBid
2025-12-30 17:29:17,2025-12-30T17:29:17,61.42,2.0,SetByBid
2025-12-30 17:29:17,2025-12-30T17:29:17,61.41,1.0,SetByBid
2025-12-30 17:29:23,2025-12-30T17:29:23,61.41,1.0,SetByBid
2025-12-30 17:29:28,2025-12-30T17:29:28,61.41,1.0,SetByBid
2025-12-30 17:29:28,2025-12-30T17:29:28,61.41,1.0,SetByAsk
2025-12-30 17:29:35,2025-12-30T17:29:35,61.41,1.0,SetByAsk
2025-12-30 17:29:58,2025-12-30T17:29:58,61.4,1.0,SetByAsk
2025-12-30 17:29:58,2025-12-30T17:29:58,61.4,1.0,SetByAsk
2025-12-30 17:29:58,2025-12-30T17:29:58,61.4,2.0,SetByAsk
2025-12-30 17:30:01,2025-12-30T17:30:01,61.4,1.0,SetByAsk
2025-12-30 17:30:01,2025-12-30T17:30:01,61.4,1.0,SetByBid
2025-12-30 17:30:05,2025-12-30T17:30:05,61.4,1.0,SetByAsk
2025-12-30 17:30:11,2025-12-30T17:30:11,61.41,1.0,SetByBid
2025-12-30 17:30:11,2025-12-30T17:30:11,61.41,1.0,SetByBid
2025-12-30 17:30:11,2025-12-30T17:30:11,61.41,1.0,SetByAsk
2025-12-30 17:30:13,2025-12-30T17:30:13,61.41,1.0,SetByBid
2025-12-30 17:30:18,2025-12-30T17:30:18,61.4,2.0,SetByAsk
2025-12-30 17:30:18,2025-12-30T17:30:18,61.4,1.0,SetByAsk
2025-12-30 17:30:18,2025-12-30T17:30:18,61.4,1.0,SetByAsk
2025-12-30 17:30:18,2025-12-30T17:30:18,61.4,1.0,SetByAsk
2025-12-30 17:30:18,2025-12-30T17:30:18,61.4,1.0,SetByAsk
2025-12-30 17:30:18,2025-12-30T17:30:18,61.4,1.0,SetByAsk
2025-12-30 17:30:18,2025-12-30T17:30:18,61.4,2.0,SetByBid
2025-12-30 17:30:18,2025-12-30T17:30:18,61.4,1.0,SetByBid
2025-12-30 17:30:18,2025-12-30T17:30:18,61.4,1.0,SetByBid
2025-12-30 17:30:18,2025-12-30T17:30:18,61.4,2.0,SetByBid
2025-12-30 17:30:18,2025-12-30T17:30:18,61.4,1.0,SetByBid
2025-12-30 17:30:18,2025-12-30T17:30:18,61.4,1.0,SetByBid
2025-12-30 17:30:18,2025-12-30T17:30:18,61.4,1.0,SetByBid
2025-12-30 17:30:18,2025-12-30T17:30:18,61.4,1.0,SetByBid
2025-12-30 17:30:18,2025-12-30T17:30:18,61.4,1.0,SetByAsk
2025-12-30 17:30:18,2025-12-30T17:30:18,61.4,1.0,SetByAsk
2025-12-30 17:30:18,2025-12-30T17:30:18,61.4,1.0,SetByAsk
2025-12-30 17:30:56,2025-12-30T17:30:56,61.39,2.0,SetByAsk
2025-12-30 17:30:56,2025-12-30T17:30:56,61.39,1.0,SetByAsk
2025-12-30 17:30:56,2025-12-30T17:30:56,61.39,1.0,SetByAsk
2025-12-30 17:30:56,2025-12-30T17:30:56,61.39,1.0,SetByAsk
2025-12-30 17:30:56,2025-12-30T17:30:56,61.39,1.0,SetByAsk
2025-12-30 17:30:56,2025-12-30T17:30:56,61.39,1.0,SetByBid
2025-12-30 17:30:59,2025-12-30T17:30:59,61.4,1.0,SetByBid
2025-12-30 17:31:15,2025-12-30T17:31:15,61.4,1.0,SetByBid
2025-12-30 17:31:15,2025-12-30T17:31:15,61.4,1.0,SetByBid
2025-12-30 17:31:24,2025-12-30T17:31:24,61.38,1.0,SetByAsk
2025-12-30 17:31:24,2025-12-30T17:31:24,61.38,1.0,SetByAsk
2025-12-30 17:31:24,2025-12-30T17:31:24,61.38,1.0,SetByBid
2025-12-30 17:31:24,2025-12-30T17:31:24,61.38,1.0,SetByBid
2025-12-30 17:31:24,2025-12-30T17:31:24,61.38,1.0,SetByBid
2025-12-30 17:31:24,2025-12-30T17:31:24,61.38,1.0,SetByAsk
2025-12-30 17:31:24,2025-12-30T17:31:24,61.38,1.0,SetByAsk
2025-12-30 17:31:24,2025-12-30T17:31:24,61.38,1.0,SetByAsk
2025-12-30 17:31:24,2025-12-30T17:31:24,61.38,1.0,SetByAsk
2025-12-30 17:31:48,2025-12-30T17:31:48,61.38,1.0,SetByBid
2025-12-30 17:31:49,2025-12-30T17:31:49,61.37,1.0,SetByAsk
2025-12-30 17:31:49,2025-12-30T17:31:49,61.37,1.0,SetByAsk
2025-12-30 17:31:49,2025-12-30T17:31:49,61.37,1.0,SetByAsk
2025-12-30 17:31:49,2025-12-30T17:31:49,61.37,1.0,SetByAsk
2025-12-30 17:31:52,2025-12-30T17:31:52,61.38,1.0,SetByBid
2025-12-30 17:32:09,2025-12-30T17:32:09,61.38,1.0,SetByAsk
2025-12-30 17:33:08,2025-12-30T17:33:08,61.39,1.0,SetByBid
2025-12-30 17:33:57,2025-12-30T17:33:57,61.41,3.0,SetByBid
2025-12-30 17:33:57,2025-12-30T17:33:57,61.41,1.0,SetByBid
2025-12-30 17:33:57,2025-12-30T17:33:57,61.41,1.0,SetByBid
2025-12-30 17:33:57,2025-12-30T17:33:57,61.41,2.0,SetByBid
2025-12-30 17:34:56,2025-12-30T17:34:56,61.42,1.0,SetByAsk
2025-12-30 17:35:11,2025-12-30T17:35:11,61.41,1.0,SetByAsk
2025-12-30 17:35:11,2025-12-30T17:35:11,61.41,4.0,SetByAsk
2025-12-30 17:35:11,2025-12-30T17:35:11,61.41,1.0,SetByAsk
2025-12-30 17:35:11,2025-12-30T17:35:11,61.41,1.0,SetByAsk
2025-12-30 17:35:11,2025-12-30T17:35:11,61.41,1.0,SetByAsk
2025-12-30 17:35:11,2025-12-30T17:35:11,61.41,2.0,SetByAsk
2025-12-30 17:35:11,2025-12-30T17:35:11,61.41,1.0,SetByAsk
2025-12-30 17:35:11,2025-12-30T17:35:11,61.41,1.0,SetByAsk
2025-12-30 17:35:11,2025-12-30T17:35:11,61.41,1.0,SetByAsk
2025-12-30 17:35:11,2025-12-30T17:35:11,61.41,1.0,SetByAsk
2025-12-30 17:35:11,2025-12-30T17:35:11,61.42,2.0,SetByBid
2025-12-30 17:35:21,2025-12-30T17:35:21,61.41,3.0,SetByAsk
2025-12-30 17:35:21,2025-12-30T17:35:21,61.41,1.0,SetByAsk
2025-12-30 17:35:21,2025-12-30T17:35:21,61.41,1.0,SetByAsk
2025-12-30 17:35:21,2025-12-30T17:35:21,61.4,1.0,SetByAsk
2025-12-30 17:35:21,2025-12-30T17:35:21,61.4,3.0,SetByAsk
2025-12-30 17:35:21,2025-12-30T17:35:21,61.4,1.0,SetByAsk
2025-12-30 17:35:21,2025-12-30T17:35:21,61.4,1.0,SetByAsk
2025-12-30 17:35:21,2025-12-30T17:35:21,61.4,5.0,SetByAsk
2025-12-30 17:35:21,2025-12-30T17:35:21,61.4,1.0,SetByAsk
2025-12-30 17:35:21,2025-12-30T17:35:21,61.4,2.0,SetByAsk
2025-12-30 17:35:21,2025-12-30T17:35:21,61.4,1.0,SetByAsk
2025-12-30 17:35:21,2025-12-30T17:35:21,61.4,1.0,SetByAsk
2025-12-30 17:35:21,2025-12-30T17:35:21,61.4,1.0,SetByBid
2025-12-30 17:35:21,2025-12-30T17:35:21,61.4,3.0,SetByBid
2025-12-30 17:35:21,2025-12-30T17:35:21,61.4,1.0,SetByBid
2025-12-30 17:35:21,2025-12-30T17:35:21,61.4,3.0,SetByBid
2025-12-30 17:35:21,2025-12-30T17:35:21,61.4,4.0,SetByBid
2025-12-30 17:35:21,2025-12-30T17:35:21,61.4,1.0,SetByBid
2025-12-30 17:35:21,2025-12-30T17:35:21,61.4,3.0,SetByAsk
2025-12-30 17:35:21,2025-12-30T17:35:21,61.4,1.0,SetByAsk
2025-12-30 17:35:21,2025-12-30T17:35:21,61.4,1.0,SetByAsk
2025-12-30 17:35:21,2025-12-30T17:35:21,61.4,1.0,SetByAsk
2025-12-30 17:35:28,2025-12-30T17:35:28,61.39,1.0,SetByAsk
2025-12-30 17:35:28,2025-12-30T17:35:28,61.39,1.0,SetByBid
2025-12-30 17:35:28,2025-12-30T17:35:28,61.39,1.0,SetByAsk
2025-12-30 17:35:32,2025-12-30T17:35:32,61.4,1.0,SetByBid
2025-12-30 17:35:40,2025-12-30T17:35:40,61.4,1.0,SetByAsk
2025-12-30 17:35:42,2025-12-30T17:35:42,61.4,1.0,SetByAsk
2025-12-30 17:35:45,2025-12-30T17:35:45,61.41,1.0,SetByBid
2025-12-30 17:35:45,2025-12-30T17:35:45,61.41,1.0,SetByBid
2025-12-30 17:35:48,2025-12-30T17:35:48,61.41,1.0,SetByBid
2025-12-30 17:35:48,2025-12-30T17:35:48,61.41,1.0,SetByBid
2025-12-30 17:35:48,2025-12-30T17:35:48,61.41,1.0,SetByBid
2025-12-30 17:35:48,2025-12-30T17:35:48,61.41,3.0,SetByBid
2025-12-30 17:35:48,2025-12-30T17:35:48,61.41,1.0,SetByBid
2025-12-30 17:35:48,2025-12-30T17:35:48,61.41,1.0,SetByBid
2025-12-30 17:35:48,2025-12-30T17:35:48,61.41,4.0,SetByBid
2025-12-30 17:35:48,2025-12-30T17:35:48,61.41,2.0,SetByBid
2025-12-30 17:35:48,2025-12-30T17:35:48,61.41,1.0,SetByBid
2025-12-30 17:35:48,2025-12-30T17:35:48,61.41,1.0,SetByAsk
2025-12-30 17:35:51,2025-12-30T17:35:51,61.42,3.0,SetByBid
2025-12-30 17:35:51,2025-12-30T17:35:51,61.42,1.0,SetByBid
2025-12-30 17:35:51,2025-12-30T17:35:51,61.43,1.0,SetByBid
2025-12-30 17:35:51,2025-12-30T17:35:51,61.43,2.0,SetByBid
2025-12-30 17:36:26,2025-12-30T17:36:26,61.42,1.0,SetByAsk
2025-12-30 17:36:26,2025-12-30T17:36:26,61.42,3.0,SetByAsk
2025-12-30 17:36:26,2025-12-30T17:36:26,61.42,1.0,SetByAsk
2025-12-30 17:36:26,2025-12-30T17:36:26,61.42,1.0,SetByAsk
2025-12-30 17:36:26,2025-12-30T17:36:26,61.42,4.0,SetByAsk
2025-12-30 17:36:26,2025-12-30T17:36:26,61.42,1.0,SetByAsk
2025-12-30 17:36:26,2025-12-30T17:36:26,61.42,3.0,SetByAsk
2025-12-30 17:36:26,2025-12-30T17:36:26,61.42,1.0,SetByBid
2025-12-30 17:36:26,2025-12-30T17:36:26,61.42,1.0,SetByBid
2025-12-30 17:36:26,2025-12-30T17:36:26,61.42,1.0,SetByBid
2025-12-30 17:36:26,2025-12-30T17:36:26,61.42,1.0,SetByBid
2025-12-30 17:36:32,2025-12-30T17:36:32,61.42,1.0,SetByAsk
2025-12-30 17:36:32,2025-12-30T17:36:32,61.42,2.0,SetByAsk
2025-12-30 17:36:57,2025-12-30T17:36:57,61.43,2.0,SetByBid
2025-12-30 17:36:57,2025-12-30T17:36:57,61.43,1.0,SetByBid
2025-12-30 17:36:57,2025-12-30T17:36:57,61.43,1.0,SetByBid
2025-12-30 17:36:57,2025-12-30T17:36:57,61.43,1.0,SetByBid
2025-12-30 17:36:57,2025-12-30T17:36:57,61.43,1.0,SetByAsk
2025-12-30 17:37:01,2025-12-30T17:37:01,61.43,1.0,SetByBid
2025-12-30 17:37:12,2025-12-30T17:37:12,61.43,1.0,SetByBid
2025-12-30 17:37:12,2025-12-30T17:37:12,61.43,3.0,SetByBid
2025-12-30 17:37:19,2025-12-30T17:37:19,61.42,1.0,SetByAsk
2025-12-30 17:37:20,2025-12-30T17:37:20,61.41,2.0,SetByAsk
2025-12-30 17:37:23,2025-12-30T17:37:23,61.4,1.0,SetByAsk
2025-12-30 17:37:36,2025-12-30T17:37:36,61.39,1.0,SetByAsk
2025-12-30 17:37:36,2025-12-30T17:37:36,61.39,1.0,SetByAsk
2025-12-30 17:37:36,2025-12-30T17:37:36,61.39,1.0,SetByAsk
2025-12-30 17:37:49,2025-12-30T17:37:49,61.39,1.0,SetByBid
2025-12-30 17:37:49,2025-12-30T17:37:49,61.39,1.0,SetByBid
2025-12-30 17:37:49,2025-12-30T17:37:49,61.39,1.0,SetByBid
2025-12-30 17:37:49,2025-12-30T17:37:49,61.39,1.0,SetByBid
2025-12-30 17:37:53,2025-12-30T17:37:53,61.39,1.0,SetByBid
2025-12-30 17:37:53,2025-12-30T17:37:53,61.39,1.0,SetByAsk
2025-12-30 17:38:00,2025-12-30T17:38:00,61.39,1.0,SetByAsk
2025-12-30 17:38:06,2025-12-30T17:38:06,61.4,3.0,SetByBid
2025-12-30 17:38:06,2025-12-30T17:38:06,61.4,1.0,SetByBid
2025-12-30 17:38:06,2025-12-30T17:38:06,61.4,1.0,SetByBid
2025-12-30 17:38:06,2025-12-30T17:38:06,61.4,1.0,SetByBid
2025-12-30 17:38:06,2025-12-30T17:38:06,61.4,1.0,SetByBid
2025-12-30 17:38:06,2025-12-30T17:38:06,61.4,4.0,SetByBid
2025-12-30 17:38:06,2025-12-30T17:38:06,61.4,1.0,SetByBid
2025-12-30 17:38:06,2025-12-30T17:38:06,61.4,4.0,SetByBid
2025-12-30 17:38:06,2025-12-30T17:38:06,61.4,1.0,SetByBid
2025-12-30 17:38:06,2025-12-30T17:38:06,61.4,1.0,SetByBid
2025-12-30 17:38:06,2025-12-30T17:38:06,61.4,1.0,SetByBid
2025-12-30 17:38:06,2025-12-30T17:38:06,61.4,1.0,SetByBid
2025-12-30 17:38:06,2025-12-30T17:38:06,61.4,1.0,SetByBid
2025-12-30 17:38:06,2025-12-30T17:38:06,61.4,1.0,SetByBid
2025-12-30 17:38:06,2025-12-30T17:38:06,61.4,1.0,SetByBid
2025-12-30 17:38:06,2025-12-30T17:38:06,61.4,1.0,SetByBid
2025-12-30 17:38:06,2025-12-30T17:38:06,61.4,1.0,SetByBid
2025-12-30 17:38:06,2025-12-30T17:38:06,61.4,1.0,SetByBid
2025-12-30 17:38:06,2025-12-30T17:38:06,61.4,1.0,SetByBid
2025-12-30 17:38:06,2025-12-30T17:38:06,61.4,1.0,SetByBid
2025-12-30 17:38:06,2025-12-30T17:38:06,61.4,2.0,"SetByBid, Leg"
2025-12-30 17:38:06,2025-12-30T17:38:06,61.41,2.0,"SetByBid, Leg"
2025-12-30 17:38:06,2025-12-30T17:38:06,61.4,1.0,"SetByBid, Leg"
2025-12-30 17:38:06,2025-12-30T17:38:06,61.41,1.0,"SetByBid, Leg"
2025-12-30 17:38:06,2025-12-30T17:38:06,61.41,1.0,SetByBid
2025-12-30 17:38:06,2025-12-30T17:38:06,61.41,1.0,SetByBid
2025-12-30 17:38:06,2025-12-30T17:38:06,61.41,1.0,SetByBid
2025-12-30 17:38:06,2025-12-30T17:38:06,61.41,1.0,SetByBid
2025-12-30 17:38:06,2025-12-30T17:38:06,61.41,1.0,SetByBid
2025-12-30 17:38:06,2025-12-30T17:38:06,61.41,1.0,SetByBid
2025-12-30 17:38:06,2025-12-30T17:38:06,61.41,1.0,SetByBid
2025-12-30 17:38:06,2025-12-30T17:38:06,61.41,4.0,SetByBid
2025-12-30 17:38:06,2025-12-30T17:38:06,61.41,2.0,SetByBid
2025-12-30 17:38:06,2025-12-30T17:38:06,61.41,3.0,SetByBid
2025-12-30 17:38:06,2025-12-30T17:38:06,61.4,1.0,SetByAsk
2025-12-30 17:38:07,2025-12-30T17:38:07,61.4,1.0,SetByAsk
2025-12-30 17:38:15,2025-12-30T17:38:15,61.4,1.0,SetByAsk
2025-12-30 17:38:15,2025-12-30T17:38:15,61.4,1.0,SetByBid
2025-12-30 17:38:15,2025-12-30T17:38:15,61.4,1.0,SetByBid
2025-12-30 17:38:15,2025-12-30T17:38:15,61.4,2.0,SetByBid
2025-12-30 17:38:17,2025-12-30T17:38:17,61.39,1.0,SetByAsk
2025-12-30 17:38:17,2025-12-30T17:38:17,61.39,1.0,SetByBid
2025-12-30 17:38:19,2025-12-30T17:38:19,61.39,1.0,SetByBid
2025-12-30 17:38:28,2025-12-30T17:38:28,61.39,1.0,SetByBid
2025-12-30 17:38:29,2025-12-30T17:38:29,61.4,1.0,SetByBid
2025-12-30 17:38:46,2025-12-30T17:38:46,61.41,1.0,SetByBid
2025-12-30 17:38:46,2025-12-30T17:38:46,61.41,1.0,SetByBid
2025-12-30 17:38:48,2025-12-30T17:38:48,61.41,2.0,SetByBid
2025-12-30 17:38:48,2025-12-30T17:38:48,61.41,1.0,SetByBid
2025-12-30 17:38:48,2025-12-30T17:38:48,61.41,1.0,SetByBid
2025-12-30 17:39:02,2025-12-30T17:39:02,61.4,1.0,SetByAsk
2025-12-30 17:39:02,2025-12-30T17:39:02,61.4,1.0,SetByAsk
2025-12-30 17:39:02,2025-12-30T17:39:02,61.4,1.0,SetByAsk
2025-12-30 17:39:02,2025-12-30T17:39:02,61.4,1.0,SetByBid
2025-12-30 17:39:07,2025-12-30T17:39:07,61.39,3.0,SetByAsk
2025-12-30 17:39:07,2025-12-30T17:39:07,61.39,3.0,SetByAsk
2025-12-30 17:39:07,2025-12-30T17:39:07,61.39,1.0,SetByAsk
2025-12-30 17:39:07,2025-12-30T17:39:07,61.39,1.0,SetByAsk
2025-12-30 17:39:07,2025-12-30T17:39:07,61.39,1.0,SetByAsk
2025-12-30 17:39:07,2025-12-30T17:39:07,61.39,1.0,SetByAsk
2025-12-30 17:39:07,2025-12-30T17:39:07,61.39,3.0,SetByAsk
2025-12-30 17:39:07,2025-12-30T17:39:07,61.39,3.0,SetByAsk
2025-12-30 17:39:07,2025-12-30T17:39:07,61.39,1.0,SetByAsk
2025-12-30 17:39:07,2025-12-30T17:39:07,61.39,3.0,SetByAsk
2025-12-30 17:39:07,2025-12-30T17:39:07,61.39,1.0,SetByAsk
2025-12-30 17:39:07,2025-12-30T17:39:07,61.39,1.0,SetByAsk
2025-12-30 17:39:07,2025-12-30T17:39:07,61.39,1.0,SetByAsk
2025-12-30 17:39:07,2025-12-30T17:39:07,61.39,1.0,SetByAsk
2025-12-30 17:39:07,2025-12-30T17:39:07,61.39,1.0,SetByBid
2025-12-30 17:39:07,2025-12-30T17:39:07,61.39,2.0,SetByBid
2025-12-30 17:39:07,2025-12-30T17:39:07,61.39,1.0,SetByBid
2025-12-30 17:39:36,2025-12-30T17:39:36,61.39,2.0,SetByBid
2025-12-30 17:39:36,2025-12-30T17:39:36,61.39,1.0,SetByBid
2025-12-30 17:39:36,2025-12-30T17:39:36,61.39,1.0,SetByBid
2025-12-30 17:39:36,2025-12-30T17:39:36,61.39,1.0,SetByBid
2025-12-30 17:39:36,2025-12-30T17:39:36,61.4,1.0,SetByBid
2025-12-30 17:39:36,2025-12-30T17:39:36,61.39,1.0,SetByAsk
2025-12-30 17:39:36,2025-12-30T17:39:36,61.39,1.0,SetByBid
2025-12-30 17:39:45,2025-12-30T17:39:45,61.38,1.0,SetByAsk
2025-12-30 17:39:45,2025-12-30T17:39:45,61.38,1.0,SetByBid
2025-12-30 17:39:54,2025-12-30T17:39:54,61.39,1.0,SetByBid
2025-12-30 17:39:54,2025-12-30T17:39:54,61.39,1.0,SetByBid
2025-12-30 17:39:55,2025-12-30T17:39:55,61.39,1.0,SetByAsk
2025-12-30 17:39:58,2025-12-30T17:39:58,61.39,1.0,SetByAsk
2025-12-30 17:40:07,2025-12-30T17:40:07,61.39,1.0,SetByBid
2025-12-30 17:40:09,2025-12-30T17:40:09,61.39,1.0,SetByAsk
2025-12-30 17:40:09,2025-12-30T17:40:09,61.39,1.0,SetByAsk
2025-12-30 17:40:29,2025-12-30T17:40:29,61.39,1.0,SetByBid
2025-12-30 17:40:29,2025-12-30T17:40:29,61.39,3.0,SetByBid
2025-12-30 17:40:29,2025-12-30T17:40:29,61.39,1.0,SetByBid
2025-12-30 17:40:29,2025-12-30T17:40:29,61.39,1.0,SetByBid
2025-12-30 17:40:29,2025-12-30T17:40:29,61.39,3.0,SetByBid
2025-12-30 17:40:29,2025-12-30T17:40:29,61.39,1.0,SetByBid
2025-12-30 17:40:29,2025-12-30T17:40:29,61.39,1.0,SetByAsk
2025-12-30 17:40:29,2025-12-30T17:40:29,61.39,3.0,SetByAsk
2025-12-30 17:40:29,2025-12-30T17:40:29,61.39,1.0,SetByAsk
2025-12-30 17:40:29,2025-12-30T17:40:29,61.39,1.0,SetByAsk
2025-12-30 17:40:35,2025-12-30T17:40:35,61.38,1.0,SetByAsk
2025-12-30 17:40:35,2025-12-30T17:40:35,61.38,2.0,SetByAsk
2025-12-30 17:40:35,2025-12-30T17:40:35,61.38,1.0,SetByAsk
2025-12-30 17:40:53,2025-12-30T17:40:53,61.38,1.0,SetByBid
2025-12-30 17:41:06,2025-12-30T17:41:06,61.38,1.0,SetByAsk
2025-12-30 17:41:06,2025-12-30T17:41:06,61.38,1.0,SetByAsk
2025-12-30 17:41:06,2025-12-30T17:41:06,61.38,1.0,SetByAsk
2025-12-30 17:41:06,2025-12-30T17:41:06,61.38,1.0,SetByAsk
2025-12-30 17:41:09,2025-12-30T17:41:09,61.38,1.0,SetByAsk
2025-12-30 17:41:09,2025-12-30T17:41:09,61.38,1.0,SetByAsk
2025-12-30 17:41:11,2025-12-30T17:41:11,61.38,1.0,SetByAsk
2025-12-30 17:41:12,2025-12-30T17:41:12,61.38,1.0,SetByAsk
2025-12-30 17:41:16,2025-12-30T17:41:16,61.37,1.0,SetByAsk
2025-12-30 17:41:16,2025-12-30T17:41:16,61.37,1.0,SetByAsk
2025-12-30 17:41:21,2025-12-30T17:41:21,61.37,2.0,SetByAsk
2025-12-30 17:41:21,2025-12-30T17:41:21,61.38,1.0,SetByAsk
2025-12-30 17:41:22,2025-12-30T17:41:22,61.38,1.0,SetByAsk
2025-12-30 17:41:28,2025-12-30T17:41:28,61.37,1.0,SetByAsk
2025-12-30 17:41:29,2025-12-30T17:41:29,61.36,1.0,SetByAsk
2025-12-30 17:42:15,2025-12-30T17:42:15,61.38,1.0,SetByBid
2025-12-30 17:42:43,2025-12-30T17:42:43,61.39,1.0,SetByBid
2025-12-30 17:42:56,2025-12-30T17:42:56,61.38,1.0,SetByAsk
2025-12-30 17:42:56,2025-12-30T17:42:56,61.38,1.0,SetByAsk
2025-12-30 17:42:56,2025-12-30T17:42:56,61.38,1.0,SetByAsk
2025-12-30 17:42:56,2025-12-30T17:42:56,61.38,1.0,SetByAsk
2025-12-30 17:43:01,2025-12-30T17:43:01,61.37,1.0,SetByAsk
2025-12-30 17:43:01,2025-12-30T17:43:01,61.37,1.0,SetByAsk
2025-12-30 17:43:02,2025-12-30T17:43:02,61.36,1.0,SetByAsk
2025-12-30 17:43:05,2025-12-30T17:43:05,61.36,1.0,SetByAsk
2025-12-30 17:43:05,2025-12-30T17:43:05,61.36,1.0,SetByAsk
2025-12-30 17:43:06,2025-12-30T17:43:06,61.37,1.0,SetByBid
2025-12-30 17:43:06,2025-12-30T17:43:06,61.37,1.0,SetByAsk
2025-12-30 17:43:13,2025-12-30T17:43:13,61.37,1.0,SetByBid
2025-12-30 17:43:13,2025-12-30T17:43:13,61.37,1.0,SetByBid
2025-12-30 17:43:13,2025-12-30T17:43:13,61.37,1.0,SetByBid
2025-12-30 17:43:19,2025-12-30T17:43:19,61.37,3.0,SetByBid
2025-12-30 17:43:19,2025-12-30T17:43:19,61.37,1.0,SetByBid
2025-12-30 17:43:19,2025-12-30T17:43:19,61.37,1.0,SetByBid
2025-12-30 17:43:19,2025-12-30T17:43:19,61.37,1.0,SetByBid
2025-12-30 17:43:19,2025-12-30T17:43:19,61.37,1.0,SetByBid
2025-12-30 17:43:19,2025-12-30T17:43:19,61.37,1.0,SetByBid
2025-12-30 17:43:19,2025-12-30T17:43:19,61.37,1.0,SetByBid
2025-12-30 17:43:19,2025-12-30T17:43:19,61.37,1.0,SetByBid
2025-12-30 17:43:19,2025-12-30T17:43:19,61.37,1.0,SetByBid
2025-12-30 17:43:19,2025-12-30T17:43:19,61.37,1.0,SetByBid
2025-12-30 17:43:19,2025-12-30T17:43:19,61.37,1.0,SetByBid
2025-12-30 17:43:19,2025-12-30T17:43:19,61.37,1.0,SetByBid
2025-12-30 17:43:19,2025-12-30T17:43:19,61.37,1.0,SetByBid
2025-12-30 17:43:19,2025-12-30T17:43:19,61.37,2.0,"SetByBid, Leg"
2025-12-30 17:43:19,2025-12-30T17:43:19,61.38,2.0,"SetByBid, Leg"
2025-12-30 17:43:19,2025-12-30T17:43:19,61.38,3.0,SetByBid
2025-12-30 17:43:19,2025-12-30T17:43:19,61.38,1.0,SetByBid
2025-12-30 17:43:19,2025-12-30T17:43:19,61.38,1.0,SetByBid
2025-12-30 17:43:19,2025-12-30T17:43:19,61.38,1.0,SetByBid
2025-12-30 17:43:19,2025-12-30T17:43:19,61.38,1.0,SetByBid
2025-12-30 17:43:19,2025-12-30T17:43:19,61.38,4.0,SetByBid
2025-12-30 17:43:19,2025-12-30T17:43:19,61.38,2.0,SetByBid
2025-12-30 17:43:19,2025-12-30T17:43:19,61.38,1.0,SetByBid
2025-12-30 17:43:19,2025-12-30T17:43:19,61.38,1.0,SetByBid
2025-12-30 17:43:19,2025-12-30T17:43:19,61.38,3.0,SetByBid
2025-12-30 17:43:19,2025-12-30T17:43:19,61.38,1.0,SetByBid
2025-12-30 17:43:19,2025-12-30T17:43:19,61.38,1.0,SetByBid
2025-12-30 17:43:19,2025-12-30T17:43:19,61.38,1.0,SetByBid
2025-12-30 17:43:19,2025-12-30T17:43:19,61.38,1.0,SetByBid
2025-12-30 17:43:19,2025-12-30T17:43:19,61.38,1.0,SetByBid
2025-12-30 17:43:19,2025-12-30T17:43:19,61.38,1.0,SetByBid
2025-12-30 17:43:19,2025-12-30T17:43:19,61.38,1.0,SetByBid
2025-12-30 17:43:19,2025-12-30T17:43:19,61.38,1.0,SetByBid
2025-12-30 17:43:19,2025-12-30T17:43:19,61.38,1.0,SetByBid
2025-12-30 17:43:19,2025-12-30T17:43:19,61.38,1.0,SetByBid
2025-12-30 17:43:19,2025-12-30T17:43:19,61.38,1.0,SetByBid
2025-12-30 17:43:19,2025-12-30T17:43:19,61.38,1.0,SetByBid
2025-12-30 17:43:19,2025-12-30T17:43:19,61.38,1.0,SetByBid
2025-12-30 17:43:19,2025-12-30T17:43:19,61.37,1.0,SetByAsk
2025-12-30 17:43:19,2025-12-30T17:43:19,61.37,1.0,SetByAsk
2025-12-30 17:43:19,2025-12-30T17:43:19,61.37,1.0,SetByBid
2025-12-30 17:43:19,2025-12-30T17:43:19,61.37,1.0,SetByAsk
2025-12-30 17:43:43,2025-12-30T17:43:43,61.36,1.0,SetByAsk
2025-12-30 17:43:43,2025-12-30T17:43:43,61.36,1.0,SetByAsk
2025-12-30 17:43:43,2025-12-30T17:43:43,61.36,1.0,SetByAsk
2025-12-30 17:43:48,2025-12-30T17:43:48,61.36,1.0,SetByBid
2025-12-30 17:44:25,2025-12-30T17:44:25,61.37,1.0,SetByBid
2025-12-30 17:44:25,2025-12-30T17:44:25,61.38,1.0,SetByBid
2025-12-30 17:45:00,2025-12-30T17:45:00,61.38,1.0,SetByAsk
2025-12-30 17:45:00,2025-12-30T17:45:00,61.38,1.0,SetByBid
2025-12-30 17:45:09,2025-12-30T17:45:09,61.38,1.0,SetByAsk
2025-12-30 17:45:35,2025-12-30T17:45:35,61.38,1.0,SetByAsk
2025-12-30 17:45:35,2025-12-30T17:45:35,61.38,1.0,SetByAsk
2025-12-30 17:45:41,2025-12-30T17:45:41,61.36,1.0,SetByAsk
2025-12-30 17:46:04,2025-12-30T17:46:04,61.35,1.0,SetByBid
2025-12-30 17:46:04,2025-12-30T17:46:04,61.35,1.0,SetByBid
2025-12-30 17:46:10,2025-12-30T17:46:10,61.36,1.0,SetByBid
2025-12-30 17:46:10,2025-12-30T17:46:10,61.36,1.0,SetByBid
2025-12-30 17:46:29,2025-12-30T17:46:29,61.37,1.0,SetByAsk
2025-12-30 17:46:29,2025-12-30T17:46:29,61.37,1.0,SetByAsk
2025-12-30 17:46:29,2025-12-30T17:46:29,61.37,1.0,SetByAsk
2025-12-30 17:46:54,2025-12-30T17:46:54,61.36,1.0,SetByAsk
2025-12-30 17:47:00,2025-12-30T17:47:00,61.37,1.0,SetByBid
2025-12-30 17:47:05,2025-12-30T17:47:05,61.38,1.0,SetByBid
2025-12-30 17:47:05,2025-12-30T17:47:05,61.38,1.0,SetByBid
2025-12-30 17:47:09,2025-12-30T17:47:09,61.38,1.0,SetByAsk
2025-12-30 17:47:24,2025-12-30T17:47:24,61.38,2.0,SetByAsk
2025-12-30 17:47:49,2025-12-30T17:47:49,61.39,1.0,SetByBid
2025-12-30 17:48:36,2025-12-30T17:48:36,61.4,1.0,SetByBid
2025-12-30 17:48:36,2025-12-30T17:48:36,61.4,1.0,SetByBid
2025-12-30 17:48:37,2025-12-30T17:48:37,61.42,1.0,SetByBid
2025-12-30 17:48:45,2025-12-30T17:48:45,61.41,1.0,SetByAsk
2025-12-30 17:48:45,2025-12-30T17:48:45,61.41,2.0,SetByAsk
2025-12-30 17:49:08,2025-12-30T17:49:08,61.4,1.0,SetByAsk
2025-12-30 17:49:08,2025-12-30T17:49:08,61.4,1.0,SetByAsk
2025-12-30 17:49:14,2025-12-30T17:49:14,61.42,1.0,SetByBid
2025-12-30 17:49:41,2025-12-30T17:49:41,61.42,1.0,SetByAsk
2025-12-30 17:49:41,2025-12-30T17:49:41,61.42,1.0,SetByAsk
2025-12-30 17:49:50,2025-12-30T17:49:50,61.42,1.0,SetByBid
2025-12-30 17:49:50,2025-12-30T17:49:50,61.42,1.0,SetByBid
2025-12-30 17:49:58,2025-12-30T17:49:58,61.41,1.0,SetByAsk
2025-12-30 17:49:58,2025-12-30T17:49:58,61.41,1.0,SetByAsk
2025-12-30 17:50:34,2025-12-30T17:50:34,61.37,1.0,SetByAsk
2025-12-30 17:50:34,2025-12-30T17:50:34,61.37,1.0,SetByAsk
2025-12-30 17:50:47,2025-12-30T17:50:47,61.37,1.0,SetByAsk
2025-12-30 17:50:55,2025-12-30T17:50:55,61.38,2.0,SetByBid
2025-12-30 17:50:55,2025-12-30T17:50:55,61.38,1.0,SetByBid
2025-12-30 17:50:55,2025-12-30T17:50:55,61.38,1.0,SetByBid
2025-12-30 17:50:55,2025-12-30T17:50:55,61.38,2.0,SetByAsk
2025-12-30 17:51:06,2025-12-30T17:51:06,61.41,2.0,SetByBid
2025-12-30 17:51:06,2025-12-30T17:51:06,61.41,2.0,SetByBid
2025-12-30 17:51:06,2025-12-30T17:51:06,61.41,1.0,SetByBid
2025-12-30 17:51:06,2025-12-30T17:51:06,61.41,1.0,SetByBid
2025-12-30 17:51:21,2025-12-30T17:51:21,61.4,1.0,SetByAsk
2025-12-30 17:51:21,2025-12-30T17:51:21,61.4,1.0,SetByAsk
2025-12-30 17:51:21,2025-12-30T17:51:21,61.4,1.0,SetByAsk
2025-12-30 17:51:27,2025-12-30T17:51:27,61.38,1.0,SetByAsk
2025-12-30 17:52:38,2025-12-30T17:52:38,61.39,1.0,SetByBid
2025-12-30 17:52:38,2025-12-30T17:52:38,61.39,1.0,SetByBid
2025-12-30 17:52:38,2025-12-30T17:52:38,61.39,1.0,SetByBid
2025-12-30 17:52:38,2025-12-30T17:52:38,61.39,1.0,SetByBid
2025-12-30 17:53:16,2025-12-30T17:53:16,61.41,1.0,SetByBid
2025-12-30 17:53:16,2025-12-30T17:53:16,61.41,1.0,SetByBid
2025-12-30 17:53:22,2025-12-30T17:53:22,61.42,1.0,SetByBid
2025-12-30 17:53:23,2025-12-30T17:53:23,61.42,1.0,SetByAsk
2025-12-30 17:53:23,2025-12-30T17:53:23,61.42,1.0,SetByAsk
2025-12-30 17:53:24,2025-12-30T17:53:24,61.42,1.0,SetByAsk
2025-12-30 17:53:59,2025-12-30T17:53:59,61.45,1.0,SetByBid
2025-12-30 17:53:59,2025-12-30T17:53:59,61.45,3.0,SetByBid
2025-12-30 17:53:59,2025-12-30T17:53:59,61.45,1.0,SetByBid
2025-12-30 17:53:59,2025-12-30T17:53:59,61.45,1.0,SetByBid
2025-12-30 17:53:59,2025-12-30T17:53:59,61.45,1.0,SetByBid
2025-12-30 17:53:59,2025-12-30T17:53:59,61.45,1.0,SetByAsk
2025-12-30 17:54:00,2025-12-30T17:54:00,61.45,1.0,SetByAsk
2025-12-30 17:54:00,2025-12-30T17:54:00,61.45,1.0,SetByAsk
2025-12-30 17:54:02,2025-12-30T17:54:02,61.44,1.0,SetByAsk
2025-12-30 17:54:07,2025-12-30T17:54:07,61.43,1.0,SetByAsk
2025-12-30 17:54:07,2025-12-30T17:54:07,61.43,1.0,SetByAsk
2025-12-30 17:54:07,2025-12-30T17:54:07,61.43,1.0,SetByAsk
2025-12-30 17:54:12,2025-12-30T17:54:12,61.43,1.0,SetByAsk
2025-12-30 17:54:13,2025-12-30T17:54:13,61.43,1.0,SetByBid
2025-12-30 17:54:15,2025-12-30T17:54:15,61.44,1.0,SetByAsk
2025-12-30 17:54:15,2025-12-30T17:54:15,61.44,2.0,SetByAsk
2025-12-30 17:54:15,2025-12-30T17:54:15,61.44,1.0,SetByAsk
2025-12-30 17:54:17,2025-12-30T17:54:17,61.43,1.0,SetByAsk
2025-12-30 17:54:27,2025-12-30T17:54:27,61.43,1.0,SetByAsk
2025-12-30 17:54:27,2025-12-30T17:54:27,61.43,1.0,SetByAsk
2025-12-30 17:54:49,2025-12-30T17:54:49,61.44,1.0,SetByBid
2025-12-30 17:54:49,2025-12-30T17:54:49,61.45,3.0,SetByBid
2025-12-30 17:54:49,2025-12-30T17:54:49,61.45,1.0,SetByBid
2025-12-30 17:54:49,2025-12-30T17:54:49,61.45,4.0,SetByBid
2025-12-30 17:54:49,2025-12-30T17:54:49,61.45,1.0,SetByBid
2025-12-30 17:54:49,2025-12-30T17:54:49,61.45,2.0,SetByBid
2025-12-30 17:54:49,2025-12-30T17:54:49,61.44,1.0,SetByAsk
2025-12-30 17:54:49,2025-12-30T17:54:49,61.45,1.0,SetByBid
2025-12-30 17:54:49,2025-12-30T17:54:49,61.45,1.0,SetByBid
2025-12-30 17:54:49,2025-12-30T17:54:49,61.45,1.0,SetByBid
2025-12-30 17:55:18,2025-12-30T17:55:18,61.46,1.0,SetByBid
2025-12-30 17:55:18,2025-12-30T17:55:18,61.46,1.0,SetByBid
2025-12-30 17:55:24,2025-12-30T17:55:24,61.46,1.0,SetByAsk
2025-12-30 17:55:29,2025-12-30T17:55:29,61.47,1.0,SetByBid
2025-12-30 17:55:29,2025-12-30T17:55:29,61.47,1.0,SetByBid
2025-12-30 17:55:29,2025-12-30T17:55:29,61.47,1.0,SetByBid
2025-12-30 17:55:29,2025-12-30T17:55:29,61.47,1.0,SetByBid
2025-12-30 17:55:29,2025-12-30T17:55:29,61.47,1.0,SetByBid
2025-12-30 17:55:29,2025-12-30T17:55:29,61.47,1.0,SetByBid
2025-12-30 17:55:29,2025-12-30T17:55:29,61.46,1.0,SetByAsk
2025-12-30 17:55:30,2025-12-30T17:55:30,61.47,1.0,SetByBid
2025-12-30 17:55:34,2025-12-30T17:55:34,61.45,1.0,SetByAsk
2025-12-30 17:55:37,2025-12-30T17:55:37,61.45,1.0,SetByAsk
2025-12-30 17:55:45,2025-12-30T17:55:45,61.45,1.0,SetByBid
2025-12-30 17:55:53,2025-12-30T17:55:53,61.45,1.0,SetByBid
2025-12-30 17:56:03,2025-12-30T17:56:03,61.44,2.0,SetByAsk
2025-12-30 17:56:03,2025-12-30T17:56:03,61.44,1.0,SetByAsk
2025-12-30 17:56:03,2025-12-30T17:56:03,61.44,1.0,SetByBid
2025-12-30 17:56:03,2025-12-30T17:56:03,61.44,1.0,SetByBid
2025-12-30 17:56:03,2025-12-30T17:56:03,61.44,2.0,SetByBid
2025-12-30 17:56:09,2025-12-30T17:56:09,61.45,1.0,SetByAsk
2025-12-30 17:56:09,2025-12-30T17:56:09,61.45,1.0,SetByAsk
2025-12-30 17:56:09,2025-12-30T17:56:09,61.45,1.0,SetByAsk
2025-12-30 17:56:14,2025-12-30T17:56:14,61.42,1.0,SetByAsk
2025-12-30 17:56:39,2025-12-30T17:56:39,61.43,1.0,SetByAsk
2025-12-30 17:56:39,2025-12-30T17:56:39,61.43,1.0,SetByAsk
2025-12-30 17:56:58,2025-12-30T17:56:58,61.44,1.0,SetByBid
2025-12-30 17:57:44,2025-12-30T17:57:44,61.42,1.0,SetByAsk
2025-12-30 17:57:44,2025-12-30T17:57:44,61.42,1.0,SetByAsk
2025-12-30 17:57:44,2025-12-30T17:57:44,61.42,1.0,SetByAsk
2025-12-30 17:57:44,2025-12-30T17:57:44,61.42,1.0,SetByAsk
2025-12-30 17:58:10,2025-12-30T17:58:10,61.41,1.0,SetByBid
2025-12-30 17:58:30,2025-12-30T17:58:30,61.41,1.0,SetByAsk
2025-12-30 17:58:41,2025-12-30T17:58:41,61.41,1.0,SetByAsk
2025-12-30 17:59:01,2025-12-30T17:59:01,61.39,1.0,SetByAsk
2025-12-30 17:59:01,2025-12-30T17:59:01,61.38,2.0,SetByAsk
2025-12-30 17:59:16,2025-12-30T17:59:16,61.39,1.0,SetByBid
2025-12-30 17:59:24,2025-12-30T17:59:24,61.4,1.0,SetByBid
2025-12-30 17:59:32,2025-12-30T17:59:32,61.41,1.0,SetByAsk
2025-12-30 17:59:33,2025-12-30T17:59:33,61.41,1.0,SetByBid
2025-12-30 17:59:33,2025-12-30T17:59:33,61.41,1.0,SetByBid
2025-12-30 17:59:33,2025-12-30T17:59:33,61.41,2.0,SetByBid
2025-12-30 17:59:33,2025-12-30T17:59:33,61.41,1.0,SetByBid
2025-12-30 17:59:33,2025-12-30T17:59:33,61.41,1.0,SetByBid
2025-12-30 17:59:33,2025-12-30T17:59:33,61.41,1.0,SetByBid
2025-12-30 17:59:33,2025-12-30T17:59:33,61.41,1.0,SetByBid
2025-12-30 17:59:33,2025-12-30T17:59:33,61.41,4.0,SetByBid
2025-12-30 17:59:51,2025-12-30T17:59:51,61.41,2.0,SetByAsk
2025-12-30 17:59:51,2025-12-30T17:59:51,61.41,2.0,SetByAsk
2025-12-30 17:59:51,2025-12-30T17:59:51,61.4,1.0,SetByAsk
2025-12-30 17:59:56,2025-12-30T17:59:56,61.41,1.0,SetByAsk
2025-12-30 17:59:56,2025-12-30T17:59:56,61.41,3.0,SetByAsk
2025-12-30 18:00:00,2025-12-30T18:00:00,61.4,1.0,SetByAsk
2025-12-30 18:00:00,2025-12-30T18:00:00,61.39,1.0,SetByAsk
2025-12-30 18:00:00,2025-12-30T18:00:00,61.39,1.0,SetByAsk
2025-12-30 18:00:00,2025-12-30T18:00:00,61.39,1.0,SetByAsk
2025-12-30 18:00:00,2025-12-30T18:00:00,61.39,2.0,SetByAsk
2025-12-30 18:00:04,2025-12-30T18:00:04,61.41,1.0,SetByBid
2025-12-30 18:00:04,2025-12-30T18:00:04,61.41,1.0,SetByBid
2025-12-30 18:00:05,2025-12-30T18:00:05,61.4,1.0,SetByBid
2025-12-30 18:00:06,2025-12-30T18:00:06,61.39,1.0,SetByAsk
2025-12-30 18:00:06,2025-12-30T18:00:06,61.39,1.0,SetByAsk
2025-12-30 18:00:06,2025-12-30T18:00:06,61.39,1.0,SetByAsk
2025-12-30 18:00:06,2025-12-30T18:00:06,61.39,2.0,SetByAsk
2025-12-30 18:00:06,2025-12-30T18:00:06,61.39,2.0,SetByAsk
2025-12-30 18:00:06,2025-12-30T18:00:06,61.39,1.0,SetByAsk
2025-12-30 18:00:07,2025-12-30T18:00:07,61.39,1.0,SetByAsk
2025-12-30 18:00:07,2025-12-30T18:00:07,61.38,1.0,SetByAsk
2025-12-30 18:00:09,2025-12-30T18:00:09,61.4,3.0,SetByBid
2025-12-30 18:00:09,2025-12-30T18:00:09,61.4,2.0,SetByBid
2025-12-30 18:00:13,2025-12-30T18:00:13,61.42,1.0,SetByBid
2025-12-30 18:00:15,2025-12-30T18:00:15,61.43,2.0,SetByBid
2025-12-30 18:00:15,2025-12-30T18:00:15,61.43,1.0,SetByBid
2025-12-30 18:00:20,2025-12-30T18:00:20,61.42,1.0,SetByAsk
2025-12-30 18:00:20,2025-12-30T18:00:20,61.42,1.0,SetByAsk
2025-12-30 18:00:24,2025-12-30T18:00:24,61.42,1.0,SetByBid
2025-12-30 18:00:24,2025-12-30T18:00:24,61.42,1.0,SetByBid
2025-12-30 18:00:24,2025-12-30T18:00:24,61.42,2.0,SetByBid
2025-12-30 18:00:24,2025-12-30T18:00:24,61.42,1.0,SetByBid
2025-12-30 18:00:24,2025-12-30T18:00:24,61.42,1.0,SetByBid
2025-12-30 18:00:34,2025-12-30T18:00:34,61.45,2.0,SetByBid
2025-12-30 18:00:34,2025-12-30T18:00:34,61.45,1.0,SetByBid
2025-12-30 18:00:34,2025-12-30T18:00:34,61.45,2.0,SetByBid
2025-12-30 18:00:34,2025-12-30T18:00:34,61.45,1.0,SetByBid
2025-12-30 18:00:38,2025-12-30T18:00:38,61.44,1.0,SetByBid
2025-12-30 18:00:38,2025-12-30T18:00:38,61.44,1.0,SetByBid
2025-12-30 18:00:38,2025-12-30T18:00:38,61.44,1.0,SetByBid
2025-12-30 18:01:04,2025-12-30T18:01:04,61.46,1.0,SetByAsk
2025-12-30 18:01:15,2025-12-30T18:01:15,61.45,1.0,SetByAsk
2025-12-30 18:01:25,2025-12-30T18:01:25,61.45,1.0,SetByAsk
2025-12-30 18:01:25,2025-12-30T18:01:25,61.45,1.0,SetByAsk
2025-12-30 18:01:32,2025-12-30T18:01:32,61.46,1.0,SetByBid
2025-12-30 18:01:32,2025-12-30T18:01:32,61.46,1.0,SetByBid
2025-12-30 18:01:32,2025-12-30T18:01:32,61.46,1.0,SetByBid
2025-12-30 18:01:42,2025-12-30T18:01:42,61.46,1.0,SetByAsk
2025-12-30 18:01:49,2025-12-30T18:01:49,61.46,1.0,SetByAsk
2025-12-30 18:01:56,2025-12-30T18:01:56,61.45,2.0,SetByAsk
2025-12-30 18:02:04,2025-12-30T18:02:04,61.47,1.0,SetByAsk
2025-12-30 18:02:17,2025-12-30T18:02:17,61.44,1.0,SetByAsk
2025-12-30 18:02:20,2025-12-30T18:02:20,61.43,1.0,SetByAsk
2025-12-30 18:02:32,2025-12-30T18:02:32,61.45,2.0,SetByAsk
2025-12-30 18:02:39,2025-12-30T18:02:39,61.42,1.0,SetByAsk
2025-12-30 18:02:42,2025-12-30T18:02:42,61.41,1.0,SetByAsk
2025-12-30 18:02:46,2025-12-30T18:02:46,61.41,1.0,SetByBid
2025-12-30 18:02:46,2025-12-30T18:02:46,61.41,2.0,SetByBid
2025-12-30 18:02:46,2025-12-30T18:02:46,61.41,1.0,SetByBid
2025-12-30 18:02:46,2025-12-30T18:02:46,61.41,1.0,SetByBid
2025-12-30 18:02:46,2025-12-30T18:02:46,61.41,1.0,SetByBid
2025-12-30 18:02:46,2025-12-30T18:02:46,61.41,1.0,SetByBid
2025-12-30 18:02:46,2025-12-30T18:02:46,61.41,2.0,SetByBid
2025-12-30 18:02:46,2025-12-30T18:02:46,61.41,1.0,SetByBid
2025-12-30 18:02:46,2025-12-30T18:02:46,61.41,3.0,SetByBid
2025-12-30 18:02:46,2025-12-30T18:02:46,61.41,1.0,SetByBid
2025-12-30 18:02:46,2025-12-30T18:02:46,61.41,1.0,SetByBid
2025-12-30 18:02:46,2025-12-30T18:02:46,61.41,1.0,SetByBid
2025-12-30 18:02:46,2025-12-30T18:02:46,61.41,2.0,"SetByBid, Leg"
2025-12-30 18:02:46,2025-12-30T18:02:46,61.42,2.0,"SetByBid, Leg"
2025-12-30 18:02:46,2025-12-30T18:02:46,61.41,1.0,"SetByBid, Leg"
2025-12-30 18:02:46,2025-12-30T18:02:46,61.42,1.0,"SetByBid, Leg"
2025-12-30 18:02:46,2025-12-30T18:02:46,61.42,1.0,SetByBid
2025-12-30 18:02:46,2025-12-30T18:02:46,61.42,2.0,SetByBid
2025-12-30 18:02:46,2025-12-30T18:02:46,61.42,1.0,SetByBid
2025-12-30 18:02:46,2025-12-30T18:02:46,61.42,1.0,SetByBid
2025-12-30 18:02:46,2025-12-30T18:02:46,61.42,1.0,SetByBid
2025-12-30 18:02:46,2025-12-30T18:02:46,61.42,1.0,SetByBid
2025-12-30 18:02:46,2025-12-30T18:02:46,61.42,1.0,SetByBid
2025-12-30 18:02:46,2025-12-30T18:02:46,61.42,1.0,SetByBid
2025-12-30 18:02:46,2025-12-30T18:02:46,61.42,1.0,SetByBid
2025-12-30 18:02:46,2025-12-30T18:02:46,61.42,1.0,SetByBid
2025-12-30 18:02:46,2025-12-30T18:02:46,61.42,3.0,SetByBid
2025-12-30 18:02:46,2025-12-30T18:02:46,61.42,1.0,SetByBid
2025-12-30 18:02:46,2025-12-30T18:02:46,61.42,1.0,SetByBid
2025-12-30 18:02:46,2025-12-30T18:02:46,61.42,1.0,SetByBid
2025-12-30 18:02:46,2025-12-30T18:02:46,61.42,1.0,SetByBid
2025-12-30 18:02:46,2025-12-30T18:02:46,61.42,1.0,SetByBid
2025-12-30 18:02:46,2025-12-30T18:02:46,61.42,1.0,SetByBid
2025-12-30 18:02:46,2025-12-30T18:02:46,61.42,1.0,SetByBid
2025-12-30 18:02:46,2025-12-30T18:02:46,61.42,1.0,SetByBid
2025-12-30 18:02:46,2025-12-30T18:02:46,61.42,2.0,SetByBid
2025-12-30 18:02:46,2025-12-30T18:02:46,61.42,1.0,SetByBid
2025-12-30 18:02:46,2025-12-30T18:02:46,61.42,2.0,SetByBid
2025-12-30 18:02:46,2025-12-30T18:02:46,61.42,1.0,SetByBid
2025-12-30 18:02:55,2025-12-30T18:02:55,61.41,1.0,SetByBid
2025-12-30 18:02:55,2025-12-30T18:02:55,61.41,1.0,SetByBid
2025-12-30 18:02:55,2025-12-30T18:02:55,61.41,1.0,SetByBid
2025-12-30 18:02:55,2025-12-30T18:02:55,61.41,1.0,SetByBid
2025-12-30 18:03:02,2025-12-30T18:03:02,61.41,1.0,SetByAsk
2025-12-30 18:03:02,2025-12-30T18:03:02,61.41,1.0,SetByAsk
2025-12-30 18:03:02,2025-12-30T18:03:02,61.41,2.0,SetByAsk
2025-12-30 18:03:02,2025-12-30T18:03:02,61.41,1.0,SetByAsk
2025-12-30 18:03:52,2025-12-30T18:03:52,61.43,2.0,SetByBid
2025-12-30 18:03:52,2025-12-30T18:03:52,61.43,1.0,SetByBid
2025-12-30 18:03:52,2025-12-30T18:03:52,61.43,1.0,SetByBid
2025-12-30 18:03:52,2025-12-30T18:03:52,61.43,1.0,SetByBid
2025-12-30 18:03:52,2025-12-30T18:03:52,61.43,1.0,SetByBid
2025-12-30 18:03:52,2025-12-30T18:03:52,61.43,1.0,SetByBid
2025-12-30 18:03:52,2025-12-30T18:03:52,61.43,1.0,SetByBid
2025-12-30 18:03:52,2025-12-30T18:03:52,61.43,4.0,SetByBid
2025-12-30 18:03:52,2025-12-30T18:03:52,61.43,4.0,SetByBid
2025-12-30 18:03:52,2025-12-30T18:03:52,61.43,1.0,SetByBid
2025-12-30 18:03:52,2025-12-30T18:03:52,61.43,1.0,SetByBid
2025-12-30 18:03:52,2025-12-30T18:03:52,61.43,1.0,SetByBid
2025-12-30 18:03:52,2025-12-30T18:03:52,61.43,3.0,SetByBid
2025-12-30 18:03:52,2025-12-30T18:03:52,61.43,1.0,SetByBid
2025-12-30 18:03:52,2025-12-30T18:03:52,61.43,3.0,SetByBid
2025-12-30 18:03:52,2025-12-30T18:03:52,61.43,2.0,SetByBid
2025-12-30 18:03:52,2025-12-30T18:03:52,61.43,1.0,SetByBid
2025-12-30 18:03:52,2025-12-30T18:03:52,61.43,4.0,"SetByBid, Leg"
2025-12-30 18:03:52,2025-12-30T18:03:52,61.44,4.0,"SetByBid, Leg"
2025-12-30 18:03:52,2025-12-30T18:03:52,61.44,2.0,SetByBid
2025-12-30 18:03:52,2025-12-30T18:03:52,61.44,1.0,SetByBid
2025-12-30 18:03:52,2025-12-30T18:03:52,61.44,1.0,SetByBid
2025-12-30 18:03:52,2025-12-30T18:03:52,61.44,1.0,SetByBid
2025-12-30 18:03:52,2025-12-30T18:03:52,61.44,1.0,SetByBid
2025-12-30 18:03:52,2025-12-30T18:03:52,61.44,3.0,SetByBid
2025-12-30 18:03:52,2025-12-30T18:03:52,61.44,1.0,SetByBid
2025-12-30 18:03:52,2025-12-30T18:03:52,61.44,1.0,SetByBid
2025-12-30 18:03:52,2025-12-30T18:03:52,61.44,2.0,SetByBid
2025-12-30 18:03:53,2025-12-30T18:03:53,61.42,1.0,SetByAsk
2025-12-30 18:03:59,2025-12-30T18:03:59,61.43,1.0,SetByAsk
2025-12-30 18:04:00,2025-12-30T18:04:00,61.42,1.0,SetByAsk
2025-12-30 18:04:00,2025-12-30T18:04:00,61.42,1.0,SetByAsk
2025-12-30 18:04:01,2025-12-30T18:04:01,61.42,1.0,SetByAsk
2025-12-30 18:04:01,2025-12-30T18:04:01,61.42,1.0,SetByAsk
2025-12-30 18:04:20,2025-12-30T18:04:20,61.41,1.0,SetByAsk
2025-12-30 18:04:39,2025-12-30T18:04:39,61.41,1.0,SetByAsk
2025-12-30 18:04:39,2025-12-30T18:04:39,61.41,1.0,SetByAsk
2025-12-30 18:04:39,2025-12-30T18:04:39,61.41,2.0,SetByAsk
2025-12-30 18:04:39,2025-12-30T18:04:39,61.41,2.0,SetByAsk
2025-12-30 18:04:39,2025-12-30T18:04:39,61.41,1.0,SetByAsk
2025-12-30 18:04:40,2025-12-30T18:04:40,61.42,1.0,SetByBid
2025-12-30 18:04:40,2025-12-30T18:04:40,61.42,1.0,SetByBid
2025-12-30 18:04:50,2025-12-30T18:04:50,61.4,1.0,SetByBid
2025-12-30 18:05:42,2025-12-30T18:05:42,61.42,1.0,SetByBid
2025-12-30 18:06:10,2025-12-30T18:06:10,61.42,1.0,SetByAsk
2025-12-30 18:06:10,2025-12-30T18:06:10,61.42,1.0,SetByAsk
2025-12-30 18:06:10,2025-12-30T18:06:10,61.42,1.0,SetByAsk
2025-12-30 18:06:24,2025-12-30T18:06:24,61.41,1.0,SetByAsk
2025-12-30 18:06:41,2025-12-30T18:06:41,61.43,2.0,SetByBid
2025-12-30 18:06:41,2025-12-30T18:06:41,61.43,1.0,SetByBid
2025-12-30 18:06:41,2025-12-30T18:06:41,61.43,1.0,SetByBid
2025-12-30 18:06:41,2025-12-30T18:06:41,61.43,1.0,SetByBid
2025-12-30 18:06:41,2025-12-30T18:06:41,61.43,1.0,SetByBid
2025-12-30 18:06:41,2025-12-30T18:06:41,61.43,1.0,SetByBid
2025-12-30 18:06:41,2025-12-30T18:06:41,61.43,1.0,SetByBid
2025-12-30 18:06:41,2025-12-30T18:06:41,61.43,1.0,SetByBid
2025-12-30 18:06:41,2025-12-30T18:06:41,61.43,1.0,SetByBid
2025-12-30 18:06:42,2025-12-30T18:06:42,61.42,1.0,SetByAsk
2025-12-30 18:06:44,2025-12-30T18:06:44,61.42,1.0,SetByAsk
2025-12-30 18:06:57,2025-12-30T18:06:57,61.42,2.0,SetByBid
2025-12-30 18:06:57,2025-12-30T18:06:57,61.42,1.0,SetByBid
2025-12-30 18:06:57,2025-12-30T18:06:57,61.42,1.0,SetByBid
2025-12-30 18:06:57,2025-12-30T18:06:57,61.42,1.0,SetByBid
2025-12-30 18:06:57,2025-12-30T18:06:57,61.42,1.0,SetByBid
2025-12-30 18:06:57,2025-12-30T18:06:57,61.42,1.0,SetByBid
2025-12-30 18:07:00,2025-12-30T18:07:00,61.41,2.0,SetByBid
2025-12-30 18:07:04,2025-12-30T18:07:04,61.42,1.0,SetByBid
2025-12-30 18:07:04,2025-12-30T18:07:04,61.42,2.0,SetByBid
2025-12-30 18:07:09,2025-12-30T18:07:09,61.42,3.0,SetByBid
2025-12-30 18:07:09,2025-12-30T18:07:09,61.42,2.0,SetByBid
2025-12-30 18:07:09,2025-12-30T18:07:09,61.42,2.0,SetByAsk
2025-12-30 18:07:09,2025-12-30T18:07:09,61.42,1.0,SetByAsk
2025-12-30 18:07:22,2025-12-30T18:07:22,61.4,1.0,SetByAsk
2025-12-30 18:07:32,2025-12-30T18:07:32,61.42,1.0,SetByBid
2025-12-30 18:07:32,2025-12-30T18:07:32,61.42,1.0,SetByAsk
2025-12-30 18:08:02,2025-12-30T18:08:02,61.43,1.0,SetByBid
2025-12-30 18:08:02,2025-12-30T18:08:02,61.43,2.0,SetByBid
2025-12-30 18:08:02,2025-12-30T18:08:02,61.43,1.0,SetByBid
2025-12-30 18:08:02,2025-12-30T18:08:02,61.43,1.0,SetByBid
2025-12-30 18:08:02,2025-12-30T18:08:02,61.43,1.0,SetByBid
2025-12-30 18:08:07,2025-12-30T18:08:07,61.42,1.0,SetByBid
2025-12-30 18:08:15,2025-12-30T18:08:15,61.42,4.0,SetByAsk
2025-12-30 18:08:15,2025-12-30T18:08:15,61.42,5.0,SetByAsk
2025-12-30 18:08:15,2025-12-30T18:08:15,61.42,2.0,SetByAsk
2025-12-30 18:08:15,2025-12-30T18:08:15,61.42,1.0,SetByAsk
2025-12-30 18:08:15,2025-12-30T18:08:15,61.42,1.0,SetByAsk
2025-12-30 18:08:15,2025-12-30T18:08:15,61.42,4.0,SetByAsk
2025-12-30 18:08:15,2025-12-30T18:08:15,61.42,3.0,SetByAsk
2025-12-30 18:08:33,2025-12-30T18:08:33,61.42,1.0,SetByAsk
2025-12-30 18:08:33,2025-12-30T18:08:33,61.42,1.0,SetByAsk
2025-12-30 18:08:37,2025-12-30T18:08:37,61.42,1.0,SetByAsk
2025-12-30 18:08:37,2025-12-30T18:08:37,61.42,9.0,SetByAsk
2025-12-30 18:08:37,2025-12-30T18:08:37,61.42,2.0,SetByAsk
2025-12-30 18:08:37,2025-12-30T18:08:37,61.42,1.0,SetByAsk
2025-12-30 18:08:48,2025-12-30T18:08:48,61.42,9.0,SetByAsk
2025-12-30 18:08:48,2025-12-30T18:08:48,61.42,1.0,SetByBid
2025-12-30 18:08:48,2025-12-30T18:08:48,61.42,3.0,SetByAsk
2025-12-30 18:09:22,2025-12-30T18:09:22,61.42,1.0,SetByAsk
2025-12-30 18:09:22,2025-12-30T18:09:22,61.42,4.0,SetByAsk
2025-12-30 18:09:22,2025-12-30T18:09:22,61.42,1.0,SetByBid
2025-12-30 18:09:22,2025-12-30T18:09:22,61.42,1.0,SetByBid
2025-12-30 18:09:30,2025-12-30T18:09:30,61.42,2.0,SetByBid
2025-12-30 18:09:30,2025-12-30T18:09:30,61.42,1.0,SetByBid
2025-12-30 18:09:30,2025-12-30T18:09:30,61.42,2.0,SetByBid
2025-12-30 18:09:30,2025-12-30T18:09:30,61.42,1.0,SetByBid
2025-12-30 18:09:30,2025-12-30T18:09:30,61.42,1.0,SetByBid
2025-12-30 18:09:30,2025-12-30T18:09:30,61.42,2.0,SetByBid
2025-12-30 18:09:39,2025-12-30T18:09:39,61.42,1.0,SetByAsk
2025-12-30 18:09:39,2025-12-30T18:09:39,61.42,1.0,SetByAsk
2025-12-30 18:09:39,2025-12-30T18:09:39,61.42,1.0,SetByAsk
2025-12-30 18:09:39,2025-12-30T18:09:39,61.42,2.0,SetByBid
2025-12-30 18:09:39,2025-12-30T18:09:39,61.42,3.0,SetByAsk
2025-12-30 18:09:39,2025-12-30T18:09:39,61.42,5.0,SetByAsk
2025-12-30 18:09:39,2025-12-30T18:09:39,61.42,1.0,SetByBid
2025-12-30 18:09:45,2025-12-30T18:09:45,61.41,1.0,SetByAsk
2025-12-30 18:09:45,2025-12-30T18:09:45,61.41,1.0,SetByAsk
2025-12-30 18:09:45,2025-12-30T18:09:45,61.41,1.0,SetByAsk
2025-12-30 18:10:00,2025-12-30T18:10:00,61.42,1.0,SetByBid
2025-12-30 18:10:01,2025-12-30T18:10:01,61.43,1.0,SetByBid
2025-12-30 18:10:01,2025-12-30T18:10:01,61.43,2.0,SetByBid
2025-12-30 18:10:01,2025-12-30T18:10:01,61.43,1.0,SetByBid
2025-12-30 18:10:01,2025-12-30T18:10:01,61.44,1.0,SetByBid
2025-12-30 18:10:01,2025-12-30T18:10:01,61.44,1.0,SetByAsk
2025-12-30 18:10:01,2025-12-30T18:10:01,61.44,1.0,SetByAsk
2025-12-30 18:10:02,2025-12-30T18:10:02,61.44,1.0,SetByBid
2025-12-30 18:10:02,2025-12-30T18:10:02,61.44,2.0,SetByBid
2025-12-30 18:10:02,2025-12-30T18:10:02,61.44,1.0,SetByBid
2025-12-30 18:10:02,2025-12-30T18:10:02,61.44,1.0,SetByBid
2025-12-30 18:10:02,2025-12-30T18:10:02,61.44,1.0,SetByBid
2025-12-30 18:10:05,2025-12-30T18:10:05,61.43,1.0,SetByAsk
2025-12-30 18:10:05,2025-12-30T18:10:05,61.43,1.0,SetByAsk
2025-12-30 18:10:05,2025-12-30T18:10:05,61.43,1.0,SetByAsk
2025-12-30 18:10:05,2025-12-30T18:10:05,61.43,1.0,SetByAsk
2025-12-30 18:10:15,2025-12-30T18:10:15,61.43,1.0,SetByAsk
2025-12-30 18:10:15,2025-12-30T18:10:15,61.43,1.0,SetByAsk
2025-12-30 18:10:23,2025-12-30T18:10:23,61.43,3.0,SetByBid
2025-12-30 18:10:26,2025-12-30T18:10:26,61.43,2.0,SetByAsk
2025-12-30 18:10:43,2025-12-30T18:10:43,61.42,1.0,SetByAsk
2025-12-30 18:11:11,2025-12-30T18:11:11,61.43,1.0,SetByBid
2025-12-30 18:11:11,2025-12-30T18:11:11,61.43,1.0,SetByAsk
2025-12-30 18:11:11,2025-12-30T18:11:11,61.43,1.0,SetByAsk
2025-12-30 18:11:24,2025-12-30T18:11:24,61.42,1.0,SetByAsk
2025-12-30 18:11:24,2025-12-30T18:11:24,61.42,1.0,SetByAsk
2025-12-30 18:11:24,2025-12-30T18:11:24,61.42,2.0,SetByAsk
2025-12-30 18:11:24,2025-12-30T18:11:24,61.42,1.0,SetByAsk
2025-12-30 18:11:24,2025-12-30T18:11:24,61.42,3.0,SetByAsk
2025-12-30 18:11:24,2025-12-30T18:11:24,61.42,2.0,SetByAsk
2025-12-30 18:11:24,2025-12-30T18:11:24,61.42,1.0,SetByAsk
2025-12-30 18:11:24,2025-12-30T18:11:24,61.42,1.0,SetByAsk
2025-12-30 18:11:27,2025-12-30T18:11:27,61.43,1.0,SetByBid
2025-12-30 18:11:46,2025-12-30T18:11:46,61.46,2.0,SetByAsk
2025-12-30 18:11:46,2025-12-30T18:11:46,61.46,1.0,SetByAsk
2025-12-30 18:11:46,2025-12-30T18:11:46,61.46,1.0,SetByAsk
2025-12-30 18:11:50,2025-12-30T18:11:50,61.45,1.0,SetByAsk
2025-12-30 18:11:50,2025-12-30T18:11:50,61.44,1.0,SetByAsk
2025-12-30 18:11:50,2025-12-30T18:11:50,61.44,1.0,SetByAsk
2025-12-30 18:12:03,2025-12-30T18:12:03,61.45,2.0,SetByBid
2025-12-30 18:12:06,2025-12-30T18:12:06,61.44,1.0,SetByAsk
2025-12-30 18:12:07,2025-12-30T18:12:07,61.43,1.0,SetByAsk
2025-12-30 18:12:12,2025-12-30T18:12:12,61.46,1.0,SetByBid
2025-12-30 18:12:12,2025-12-30T18:12:12,61.46,1.0,SetByBid
2025-12-30 18:12:12,2025-12-30T18:12:12,61.46,1.0,SetByAsk
2025-12-30 18:12:12,2025-12-30T18:12:12,61.46,1.0,SetByAsk
2025-12-30 18:12:12,2025-12-30T18:12:12,61.46,1.0,SetByAsk
2025-12-30 18:12:12,2025-12-30T18:12:12,61.46,1.0,SetByAsk
2025-12-30 18:12:12,2025-12-30T18:12:12,61.45,1.0,SetByAsk
2025-12-30 18:12:12,2025-12-30T18:12:12,61.45,1.0,SetByAsk
2025-12-30 18:12:12,2025-12-30T18:12:12,61.46,1.0,SetByBid
2025-12-30 18:12:12,2025-12-30T18:12:12,61.46,1.0,SetByBid
2025-12-30 18:12:12,2025-12-30T18:12:12,61.46,1.0,SetByBid
2025-12-30 18:12:12,2025-12-30T18:12:12,61.46,1.0,SetByBid
2025-12-30 18:12:12,2025-12-30T18:12:12,61.46,1.0,SetByBid
2025-12-30 18:12:12,2025-12-30T18:12:12,61.46,1.0,SetByBid
2025-12-30 18:12:12,2025-12-30T18:12:12,61.46,1.0,SetByBid
2025-12-30 18:12:12,2025-12-30T18:12:12,61.46,1.0,SetByBid
2025-12-30 18:12:12,2025-12-30T18:12:12,61.46,1.0,SetByBid
2025-12-30 18:12:24,2025-12-30T18:12:24,61.45,1.0,SetByAsk
2025-12-30 18:12:34,2025-12-30T18:12:34,61.46,1.0,SetByAsk
2025-12-30 18:12:50,2025-12-30T18:12:50,61.47,1.0,SetByBid
2025-12-30 18:12:50,2025-12-30T18:12:50,61.47,1.0,SetByBid
2025-12-30 18:12:50,2025-12-30T18:12:50,61.47,1.0,SetByBid
2025-12-30 18:12:58,2025-12-30T18:12:58,61.47,1.0,SetByBid
2025-12-30 18:12:58,2025-12-30T18:12:58,61.47,1.0,SetByBid
2025-12-30 18:12:58,2025-12-30T18:12:58,61.47,1.0,SetByAsk
2025-12-30 18:12:59,2025-12-30T18:12:59,61.46,1.0,SetByAsk
2025-12-30 18:13:00,2025-12-30T18:13:00,61.46,1.0,SetByBid
2025-12-30 18:13:42,2025-12-30T18:13:42,61.44,1.0,SetByAsk
2025-12-30 18:13:43,2025-12-30T18:13:43,61.43,2.0,SetByAsk
2025-12-30 18:13:43,2025-12-30T18:13:43,61.43,1.0,SetByAsk
2025-12-30 18:13:43,2025-12-30T18:13:43,61.43,1.0,SetByAsk
2025-12-30 18:13:53,2025-12-30T18:13:53,61.44,1.0,SetByAsk
2025-12-30 18:13:53,2025-12-30T18:13:53,61.44,1.0,SetByAsk
2025-12-30 18:13:53,2025-12-30T18:13:53,61.44,1.0,SetByAsk
2025-12-30 18:14:06,2025-12-30T18:14:06,61.45,1.0,SetByBid
2025-12-30 18:14:06,2025-12-30T18:14:06,61.45,3.0,SetByBid
2025-12-30 18:14:06,2025-12-30T18:14:06,61.45,1.0,SetByBid
2025-12-30 18:14:06,2025-12-30T18:14:06,61.45,2.0,SetByBid
2025-12-30 18:14:08,2025-12-30T18:14:08,61.45,1.0,SetByBid
2025-12-30 18:14:20,2025-12-30T18:14:20,61.46,1.0,SetByBid
2025-12-30 18:14:58,2025-12-30T18:14:58,61.45,1.0,SetByAsk
2025-12-30 18:14:58,2025-12-30T18:14:58,61.45,1.0,SetByAsk
2025-12-30 18:14:58,2025-12-30T18:14:58,61.45,1.0,SetByAsk
2025-12-30 18:14:58,2025-12-30T18:14:58,61.45,1.0,SetByAsk
2025-12-30 18:14:58,2025-12-30T18:14:58,61.45,1.0,SetByAsk
2025-12-30 18:15:31,2025-12-30T18:15:31,61.44,1.0,SetByAsk
2025-12-30 18:15:31,2025-12-30T18:15:31,61.44,1.0,SetByAsk
2025-12-30 18:15:31,2025-12-30T18:15:31,61.44,1.0,SetByAsk
2025-12-30 18:16:26,2025-12-30T18:16:26,61.45,1.0,SetByBid
2025-12-30 18:16:37,2025-12-30T18:16:37,61.44,2.0,SetByAsk
2025-12-30 18:16:51,2025-12-30T18:16:51,61.43,2.0,SetByBid
2025-12-30 18:16:51,2025-12-30T18:16:51,61.43,1.0,SetByBid
2025-12-30 18:17:40,2025-12-30T18:17:40,61.4,1.0,SetByAsk
2025-12-30 18:17:40,2025-12-30T18:17:40,61.4,1.0,SetByAsk
2025-12-30 18:17:46,2025-12-30T18:17:46,61.4,1.0,SetByAsk
2025-12-30 18:17:46,2025-12-30T18:17:46,61.4,1.0,SetByAsk
2025-12-30 18:17:47,2025-12-30T18:17:47,61.41,1.0,SetByBid
2025-12-30 18:17:48,2025-12-30T18:17:48,61.4,1.0,SetByAsk
2025-12-30 18:17:49,2025-12-30T18:17:49,61.41,1.0,SetByBid
2025-12-30 18:17:53,2025-12-30T18:17:53,61.4,1.0,SetByAsk
2025-12-30 18:17:56,2025-12-30T18:17:56,61.39,1.0,SetByAsk
2025-12-30 18:17:56,2025-12-30T18:17:56,61.39,1.0,SetByAsk
2025-12-30 18:18:12,2025-12-30T18:18:12,61.37,1.0,SetByAsk
2025-12-30 18:18:12,2025-12-30T18:18:12,61.37,1.0,SetByAsk
2025-12-30 18:18:17,2025-12-30T18:18:17,61.38,1.0,SetByBid
2025-12-30 18:18:17,2025-12-30T18:18:17,61.38,1.0,SetByBid
2025-12-30 18:18:21,2025-12-30T18:18:21,61.38,1.0,SetByBid
2025-12-30 18:18:21,2025-12-30T18:18:21,61.38,2.0,SetByBid
2025-12-30 18:18:23,2025-12-30T18:18:23,61.37,1.0,SetByAsk
2025-12-30 18:18:46,2025-12-30T18:18:46,61.37,1.0,SetByBid
2025-12-30 18:18:46,2025-12-30T18:18:46,61.37,2.0,SetByBid
2025-12-30 18:18:46,2025-12-30T18:18:46,61.37,1.0,SetByBid
2025-12-30 18:18:47,2025-12-30T18:18:47,61.37,1.0,SetByBid
2025-12-30 18:18:47,2025-12-30T18:18:47,61.37,1.0,SetByBid
2025-12-30 18:18:50,2025-12-30T18:18:50,61.38,1.0,SetByBid
2025-12-30 18:18:50,2025-12-30T18:18:50,61.38,1.0,SetByBid
2025-12-30 18:18:56,2025-12-30T18:18:56,61.37,1.0,SetByAsk
2025-12-30 18:19:00,2025-12-30T18:19:00,61.37,1.0,SetByBid
2025-12-30 18:19:00,2025-12-30T18:19:00,61.37,1.0,SetByBid
2025-12-30 18:19:00,2025-12-30T18:19:00,61.37,1.0,SetByBid
2025-12-30 18:19:00,2025-12-30T18:19:00,61.37,1.0,SetByBid
2025-12-30 18:19:00,2025-12-30T18:19:00,61.37,1.0,SetByBid
2025-12-30 18:19:00,2025-12-30T18:19:00,61.38,1.0,SetByBid
2025-12-30 18:19:00,2025-12-30T18:19:00,61.38,1.0,SetByBid
2025-12-30 18:19:00,2025-12-30T18:19:00,61.38,2.0,SetByBid
2025-12-30 18:19:00,2025-12-30T18:19:00,61.38,1.0,SetByAsk
2025-12-30 18:19:03,2025-12-30T18:19:03,61.37,1.0,SetByBid
2025-12-30 18:19:05,2025-12-30T18:19:05,61.36,2.0,SetByAsk
2025-12-30 18:19:10,2025-12-30T18:19:10,61.37,1.0,SetByBid
2025-12-30 18:19:10,2025-12-30T18:19:10,61.37,1.0,SetByBid
2025-12-30 18:19:10,2025-12-30T18:19:10,61.37,1.0,SetByBid
2025-12-30 18:19:10,2025-12-30T18:19:10,61.37,1.0,SetByBid
2025-12-30 18:19:13,2025-12-30T18:19:13,61.38,1.0,SetByBid
2025-12-30 18:19:13,2025-12-30T18:19:13,61.38,1.0,SetByBid
2025-12-30 18:19:18,2025-12-30T18:19:18,61.39,1.0,SetByBid
2025-12-30 18:19:18,2025-12-30T18:19:18,61.39,1.0,SetByBid
2025-12-30 18:19:24,2025-12-30T18:19:24,61.39,1.0,SetByBid
2025-12-30 18:19:38,2025-12-30T18:19:38,61.38,1.0,SetByAsk
2025-12-30 18:19:42,2025-12-30T18:19:42,61.38,1.0,SetByAsk
2025-12-30 18:19:42,2025-12-30T18:19:42,61.38,2.0,SetByAsk
2025-12-30 18:19:42,2025-12-30T18:19:42,61.38,1.0,SetByAsk
2025-12-30 18:19:43,2025-12-30T18:19:43,61.38,1.0,SetByAsk
2025-12-30 18:19:43,2025-12-30T18:19:43,61.38,2.0,SetByAsk
2025-12-30 18:19:43,2025-12-30T18:19:43,61.38,1.0,SetByAsk
2025-12-30 18:19:43,2025-12-30T18:19:43,61.38,1.0,SetByAsk
2025-12-30 18:19:43,2025-12-30T18:19:43,61.38,1.0,SetByAsk
2025-12-30 18:19:55,2025-12-30T18:19:55,61.4,1.0,SetByBid
2025-12-30 18:20:06,2025-12-30T18:20:06,61.41,1.0,SetByBid
2025-12-30 18:20:06,2025-12-30T18:20:06,61.41,1.0,SetByBid
2025-12-30 18:20:29,2025-12-30T18:20:29,61.41,1.0,SetByAsk
2025-12-30 18:20:29,2025-12-30T18:20:29,61.41,1.0,SetByAsk
2025-12-30 18:21:03,2025-12-30T18:21:03,61.41,1.0,SetByBid
2025-12-30 18:21:21,2025-12-30T18:21:21,61.38,1.0,SetByAsk
2025-12-30 18:21:43,2025-12-30T18:21:43,61.4,1.0,SetByAsk
2025-12-30 18:23:06,2025-12-30T18:23:06,61.42,1.0,SetByBid
2025-12-30 18:23:07,2025-12-30T18:23:07,61.43,1.0,SetByBid
2025-12-30 18:23:08,2025-12-30T18:23:08,61.44,1.0,SetByBid
2025-12-30 18:23:44,2025-12-30T18:23:44,61.47,1.0,SetByBid
2025-12-30 18:23:44,2025-12-30T18:23:44,61.47,1.0,SetByBid
2025-12-30 18:24:16,2025-12-30T18:24:16,61.47,1.0,SetByBid
2025-12-30 18:24:31,2025-12-30T18:24:31,61.46,2.0,SetByAsk
2025-12-30 18:24:41,2025-12-30T18:24:41,61.45,1.0,SetByAsk
2025-12-30 18:24:41,2025-12-30T18:24:41,61.45,1.0,SetByAsk
2025-12-30 18:24:41,2025-12-30T18:24:41,61.45,1.0,SetByAsk
2025-12-30 18:24:58,2025-12-30T18:24:58,61.44,2.0,SetByAsk
2025-12-30 18:25:05,2025-12-30T18:25:05,61.46,1.0,SetByBid
2025-12-30 18:25:05,2025-12-30T18:25:05,61.46,1.0,SetByAsk
2025-12-30 18:25:11,2025-12-30T18:25:11,61.47,4.0,SetByBid
2025-12-30 18:25:11,2025-12-30T18:25:11,61.47,7.0,SetByBid
2025-12-30 18:25:11,2025-12-30T18:25:11,61.47,2.0,SetByBid
2025-12-30 18:25:11,2025-12-30T18:25:11,61.47,1.0,SetByBid
2025-12-30 18:25:17,2025-12-30T18:25:17,61.47,1.0,SetByBid
2025-12-30 18:25:21,2025-12-30T18:25:21,61.47,15.0,SetByBid
2025-12-30 18:25:21,2025-12-30T18:25:21,61.47,1.0,SetByAsk
2025-12-30 18:25:21,2025-12-30T18:25:21,61.47,1.0,SetByAsk
2025-12-30 18:25:40,2025-12-30T18:25:40,61.47,1.0,SetByBid
2025-12-30 18:25:46,2025-12-30T18:25:46,61.46,1.0,SetByAsk
2025-12-30 18:25:46,2025-12-30T18:25:46,61.46,1.0,SetByAsk
2025-12-30 18:26:01,2025-12-30T18:26:01,61.46,1.0,SetByAsk
2025-12-30 18:26:29,2025-12-30T18:26:29,61.47,2.0,SetByBid
2025-12-30 18:26:29,2025-12-30T18:26:29,61.47,1.0,SetByBid
2025-12-30 18:26:29,2025-12-30T18:26:29,61.47,1.0,SetByBid
2025-12-30 18:26:29,2025-12-30T18:26:29,61.47,1.0,SetByBid
2025-12-30 18:26:29,2025-12-30T18:26:29,61.47,1.0,SetByBid
2025-12-30 18:26:29,2025-12-30T18:26:29,61.47,3.0,SetByBid
2025-12-30 18:26:29,2025-12-30T18:26:29,61.47,1.0,SetByBid
2025-12-30 18:26:29,2025-12-30T18:26:29,61.47,1.0,SetByBid
2025-12-30 18:26:29,2025-12-30T18:26:29,61.47,2.0,SetByBid
2025-12-30 18:26:29,2025-12-30T18:26:29,61.47,1.0,SetByBid
2025-12-30 18:26:29,2025-12-30T18:26:29,61.47,1.0,SetByBid
2025-12-30 18:26:29,2025-12-30T18:26:29,61.47,1.0,SetByBid
2025-12-30 18:26:29,2025-12-30T18:26:29,61.47,2.0,SetByBid
2025-12-30 18:26:29,2025-12-30T18:26:29,61.47,2.0,SetByBid
2025-12-30 18:26:29,2025-12-30T18:26:29,61.47,3.0,SetByBid
2025-12-30 18:26:29,2025-12-30T18:26:29,61.47,4.0,SetByBid
2025-12-30 18:26:29,2025-12-30T18:26:29,61.47,3.0,SetByBid
2025-12-30 18:26:29,2025-12-30T18:26:29,61.47,2.0,SetByBid
2025-12-30 18:26:29,2025-12-30T18:26:29,61.47,1.0,SetByBid
2025-12-30 18:26:29,2025-12-30T18:26:29,61.47,1.0,SetByBid
2025-12-30 18:26:29,2025-12-30T18:26:29,61.47,1.0,SetByAsk
2025-12-30 18:26:29,2025-12-30T18:26:29,61.47,1.0,SetByBid
2025-12-30 18:26:29,2025-12-30T18:26:29,61.47,3.0,SetByAsk
2025-12-30 18:26:29,2025-12-30T18:26:29,61.47,1.0,SetByAsk
2025-12-30 18:26:29,2025-12-30T18:26:29,61.47,3.0,SetByAsk
2025-12-30 18:26:29,2025-12-30T18:26:29,61.47,1.0,SetByAsk
2025-12-30 18:26:32,2025-12-30T18:26:32,61.47,1.0,SetByAsk
2025-12-30 18:26:32,2025-12-30T18:26:32,61.47,1.0,SetByBid
2025-12-30 18:26:45,2025-12-30T18:26:45,61.46,1.0,SetByAsk
2025-12-30 18:27:18,2025-12-30T18:27:18,61.47,1.0,SetByAsk
2025-12-30 18:27:30,2025-12-30T18:27:30,61.47,1.0,SetByAsk
2025-12-30 18:27:30,2025-12-30T18:27:30,61.47,1.0,SetByAsk
2025-12-30 18:27:30,2025-12-30T18:27:30,61.47,1.0,SetByAsk
2025-12-30 18:27:55,2025-12-30T18:27:55,61.44,1.0,SetByAsk
2025-12-30 18:27:55,2025-12-30T18:27:55,61.44,1.0,SetByAsk
2025-12-30 18:27:57,2025-12-30T18:27:57,61.43,1.0,SetByAsk
2025-12-30 18:28:00,2025-12-30T18:28:00,61.43,1.0,SetByAsk
2025-12-30 18:28:00,2025-12-30T18:28:00,61.43,1.0,SetByAsk
2025-12-30 18:28:00,2025-12-30T18:28:00,61.43,1.0,SetByAsk
2025-12-30 18:28:00,2025-12-30T18:28:00,61.43,1.0,SetByAsk
2025-12-30 18:28:00,2025-12-30T18:28:00,61.43,1.0,SetByAsk
2025-12-30 18:28:00,2025-12-30T18:28:00,61.43,1.0,SetByBid
2025-12-30 18:28:00,2025-12-30T18:28:00,61.43,2.0,SetByBid
2025-12-30 18:28:00,2025-12-30T18:28:00,61.43,1.0,SetByBid
2025-12-30 18:28:00,2025-12-30T18:28:00,61.43,1.0,SetByBid
2025-12-30 18:28:05,2025-12-30T18:28:05,61.43,1.0,SetByBid
2025-12-30 18:28:21,2025-12-30T18:28:21,61.44,1.0,SetByBid
2025-12-30 18:28:28,2025-12-30T18:28:28,61.46,1.0,SetByAsk
2025-12-30 18:28:42,2025-12-30T18:28:42,61.44,1.0,SetByAsk
2025-12-30 18:28:42,2025-12-30T18:28:42,61.44,2.0,SetByAsk
2025-12-30 18:28:42,2025-12-30T18:28:42,61.44,1.0,SetByAsk
2025-12-30 18:28:42,2025-12-30T18:28:42,61.44,1.0,SetByAsk
2025-12-30 18:29:14,2025-12-30T18:29:14,61.44,1.0,SetByBid
2025-12-30 18:29:14,2025-12-30T18:29:14,61.44,2.0,SetByBid
2025-12-30 18:29:14,2025-12-30T18:29:14,61.44,5.0,SetByBid
2025-12-30 18:29:20,2025-12-30T18:29:20,61.43,1.0,SetByAsk
2025-12-30 18:29:25,2025-12-30T18:29:25,61.42,1.0,SetByBid
2025-12-30 18:29:25,2025-12-30T18:29:25,61.41,1.0,SetByAsk
2025-12-30 18:29:34,2025-12-30T18:29:34,61.41,1.0,SetByBid
2025-12-30 18:29:34,2025-12-30T18:29:34,61.41,1.0,SetByBid
2025-12-30 18:29:34,2025-12-30T18:29:34,61.41,4.0,SetByBid
2025-12-30 18:29:34,2025-12-30T18:29:34,61.41,1.0,SetByBid
2025-12-30 18:29:34,2025-12-30T18:29:34,61.41,3.0,SetByBid
2025-12-30 18:29:40,2025-12-30T18:29:40,61.39,2.0,SetByAsk
2025-12-30 18:29:40,2025-12-30T18:29:40,61.39,1.0,SetByAsk
2025-12-30 18:29:40,2025-12-30T18:29:40,61.39,1.0,SetByBid
2025-12-30 18:29:40,2025-12-30T18:29:40,61.39,1.0,SetByBid
2025-12-30 18:29:40,2025-12-30T18:29:40,61.39,1.0,SetByBid
2025-12-30 18:29:42,2025-12-30T18:29:42,61.39,1.0,SetByBid
2025-12-30 18:29:42,2025-12-30T18:29:42,61.39,1.0,SetByBid
2025-12-30 18:29:42,2025-12-30T18:29:42,61.39,1.0,SetByBid
2025-12-30 18:29:42,2025-12-30T18:29:42,61.39,1.0,SetByBid
2025-12-30 18:29:42,2025-12-30T18:29:42,61.39,1.0,SetByBid
2025-12-30 18:29:42,2025-12-30T18:29:42,61.39,1.0,SetByBid
2025-12-30 18:29:42,2025-12-30T18:29:42,61.39,2.0,SetByBid
2025-12-30 18:29:42,2025-12-30T18:29:42,61.39,1.0,SetByBid
2025-12-30 18:29:42,2025-12-30T18:29:42,61.39,1.0,SetByBid
2025-12-30 18:29:42,2025-12-30T18:29:42,61.39,4.0,SetByBid
2025-12-30 18:29:43,2025-12-30T18:29:43,61.39,1.0,SetByBid
2025-12-30 18:29:43,2025-12-30T18:29:43,61.39,3.0,SetByBid
2025-12-30 18:29:52,2025-12-30T18:29:52,61.39,4.0,SetByBid
2025-12-30 18:29:57,2025-12-30T18:29:57,61.39,2.0,SetByBid
2025-12-30 18:29:57,2025-12-30T18:29:57,61.39,1.0,SetByBid
2025-12-30 18:29:57,2025-12-30T18:29:57,61.4,2.0,SetByBid
2025-12-30 18:29:57,2025-12-30T18:29:57,61.4,1.0,SetByBid
2025-12-30 18:29:58,2025-12-30T18:29:58,61.39,1.0,SetByBid
2025-12-30 18:29:59,2025-12-30T18:29:59,61.4,1.0,SetByBid
2025-12-30 18:29:59,2025-12-30T18:29:59,61.4,1.0,SetByBid
2025-12-30 18:30:00,2025-12-30T18:30:00,61.4,1.0,SetByBid
2025-12-30 18:30:00,2025-12-30T18:30:00,61.4,1.0,SetByBid
2025-12-30 18:30:00,2025-12-30T18:30:00,61.4,1.0,SetByBid
2025-12-30 18:30:00,2025-12-30T18:30:00,61.4,2.0,SetByBid
2025-12-30 18:30:00,2025-12-30T18:30:00,61.4,1.0,SetByBid
2025-12-30 18:30:00,2025-12-30T18:30:00,61.4,1.0,SetByBid
2025-12-30 18:30:00,2025-12-30T18:30:00,61.4,1.0,SetByBid
2025-12-30 18:30:00,2025-12-30T18:30:00,61.4,1.0,SetByBid
2025-12-30 18:30:00,2025-12-30T18:30:00,61.4,2.0,SetByBid
2025-12-30 18:30:00,2025-12-30T18:30:00,61.4,1.0,SetByBid
2025-12-30 18:30:00,2025-12-30T18:30:00,61.4,2.0,SetByBid
2025-12-30 18:30:00,2025-12-30T18:30:00,61.4,1.0,SetByBid
2025-12-30 18:30:00,2025-12-30T18:30:00,61.4,1.0,SetByBid
2025-12-30 18:30:00,2025-12-30T18:30:00,61.4,1.0,SetByBid
2025-12-30 18:30:00,2025-12-30T18:30:00,61.4,1.0,SetByBid
2025-12-30 18:30:00,2025-12-30T18:30:00,61.4,1.0,SetByBid
2025-12-30 18:30:00,2025-12-30T18:30:00,61.4,1.0,SetByBid
2025-12-30 18:30:00,2025-12-30T18:30:00,61.4,2.0,SetByBid
2025-12-30 18:30:00,2025-12-30T18:30:00,61.4,1.0,SetByBid
2025-12-30 18:30:00,2025-12-30T18:30:00,61.4,1.0,SetByBid
2025-12-30 18:30:00,2025-12-30T18:30:00,61.4,1.0,SetByBid
2025-12-30 18:30:00,2025-12-30T18:30:00,61.4,1.0,SetByBid
2025-12-30 18:30:00,2025-12-30T18:30:00,61.4,1.0,SetByBid
2025-12-30 18:30:00,2025-12-30T18:30:00,61.4,1.0,SetByBid
2025-12-30 18:30:00,2025-12-30T18:30:00,61.4,3.0,SetByBid
2025-12-30 18:30:00,2025-12-30T18:30:00,61.4,1.0,SetByBid
2025-12-30 18:30:00,2025-12-30T18:30:00,61.4,1.0,SetByBid
2025-12-30 18:30:00,2025-12-30T18:30:00,61.4,1.0,SetByBid
2025-12-30 18:30:00,2025-12-30T18:30:00,61.4,1.0,SetByBid
2025-12-30 18:30:00,2025-12-30T18:30:00,61.4,1.0,SetByBid
2025-12-30 18:30:00,2025-12-30T18:30:00,61.4,2.0,SetByBid
2025-12-30 18:30:00,2025-12-30T18:30:00,61.4,3.0,SetByBid
2025-12-30 18:30:00,2025-12-30T18:30:00,61.4,2.0,SetByBid
2025-12-30 18:30:01,2025-12-30T18:30:01,61.4,1.0,SetByBid
2025-12-30 18:30:01,2025-12-30T18:30:01,61.4,1.0,SetByBid
2025-12-30 18:30:01,2025-12-30T18:30:01,61.4,1.0,SetByBid
2025-12-30 18:30:01,2025-12-30T18:30:01,61.4,1.0,SetByBid
2025-12-30 18:30:01,2025-12-30T18:30:01,61.4,1.0,SetByBid
2025-12-30 18:30:01,2025-12-30T18:30:01,61.4,1.0,SetByBid
2025-12-30 18:30:01,2025-12-30T18:30:01,61.4,1.0,SetByBid
2025-12-30 18:30:01,2025-12-30T18:30:01,61.4,1.0,SetByBid
2025-12-30 18:30:01,2025-12-30T18:30:01,61.4,2.0,SetByBid
2025-12-30 18:30:01,2025-12-30T18:30:01,61.4,1.0,SetByBid
2025-12-30 18:30:01,2025-12-30T18:30:01,61.4,1.0,SetByBid
2025-12-30 18:30:01,2025-12-30T18:30:01,61.4,1.0,SetByBid
2025-12-30 18:30:01,2025-12-30T18:30:01,61.4,2.0,SetByBid
2025-12-30 18:30:01,2025-12-30T18:30:01,61.4,1.0,SetByBid
2025-12-30 18:30:01,2025-12-30T18:30:01,61.4,1.0,SetByBid
2025-12-30 18:30:01,2025-12-30T18:30:01,61.4,1.0,SetByBid
2025-12-30 18:30:01,2025-12-30T18:30:01,61.4,2.0,SetByBid
2025-12-30 18:30:04,2025-12-30T18:30:04,61.39,1.0,SetByAsk
2025-12-30 18:30:10,2025-12-30T18:30:10,61.39,1.0,SetByAsk
2025-12-30 18:30:10,2025-12-30T18:30:10,61.39,1.0,SetByAsk
2025-12-30 18:30:10,2025-12-30T18:30:10,61.39,1.0,SetByAsk
2025-12-30 18:30:10,2025-12-30T18:30:10,61.39,1.0,SetByAsk
2025-12-30 18:30:12,2025-12-30T18:30:12,61.39,1.0,SetByBid
2025-12-30 18:30:12,2025-12-30T18:30:12,61.39,1.0,SetByAsk
2025-12-30 18:30:16,2025-12-30T18:30:16,61.39,1.0,SetByAsk
2025-12-30 18:30:20,2025-12-30T18:30:20,61.4,1.0,SetByBid
2025-12-30 18:30:20,2025-12-30T18:30:20,61.4,1.0,SetByBid
2025-12-30 18:30:24,2025-12-30T18:30:24,61.4,1.0,SetByBid
2025-12-30 18:30:25,2025-12-30T18:30:25,61.4,1.0,SetByBid
2025-12-30 18:30:25,2025-12-30T18:30:25,61.4,1.0,SetByBid
2025-12-30 18:30:25,2025-12-30T18:30:25,61.4,1.0,SetByBid
2025-12-30 18:30:25,2025-12-30T18:30:25,61.4,1.0,SetByBid
2025-12-30 18:30:25,2025-12-30T18:30:25,61.4,1.0,SetByBid
2025-12-30 18:30:25,2025-12-30T18:30:25,61.4,1.0,SetByBid
2025-12-30 18:30:25,2025-12-30T18:30:25,61.4,1.0,SetByBid
2025-12-30 18:30:25,2025-12-30T18:30:25,61.4,1.0,SetByBid
2025-12-30 18:30:25,2025-12-30T18:30:25,61.4,1.0,SetByBid
2025-12-30 18:30:25,2025-12-30T18:30:25,61.4,1.0,SetByBid
2025-12-30 18:30:26,2025-12-30T18:30:26,61.4,2.0,SetByBid
2025-12-30 18:30:26,2025-12-30T18:30:26,61.4,1.0,SetByBid
2025-12-30 18:30:26,2025-12-30T18:30:26,61.4,3.0,SetByBid
2025-12-30 18:30:26,2025-12-30T18:30:26,61.4,2.0,SetByBid
2025-12-30 18:30:26,2025-12-30T18:30:26,61.4,4.0,SetByBid
2025-12-30 18:30:26,2025-12-30T18:30:26,61.4,1.0,SetByBid
2025-12-30 18:30:26,2025-12-30T18:30:26,61.4,1.0,SetByBid
2025-12-30 18:30:29,2025-12-30T18:30:29,61.4,1.0,SetByBid
2025-12-30 18:30:29,2025-12-30T18:30:29,61.4,3.0,SetByBid
2025-12-30 18:30:29,2025-12-30T18:30:29,61.4,1.0,SetByBid
2025-12-30 18:30:29,2025-12-30T18:30:29,61.4,1.0,SetByBid
2025-12-30 18:30:29,2025-12-30T18:30:29,61.4,2.0,SetByBid
2025-12-30 18:30:29,2025-12-30T18:30:29,61.4,1.0,SetByBid
2025-12-30 18:30:29,2025-12-30T18:30:29,61.4,1.0,SetByBid
2025-12-30 18:30:29,2025-12-30T18:30:29,61.4,3.0,SetByBid
2025-12-30 18:30:29,2025-12-30T18:30:29,61.4,3.0,SetByBid
2025-12-30 18:30:29,2025-12-30T18:30:29,61.4,1.0,SetByBid
2025-12-30 18:30:29,2025-12-30T18:30:29,61.4,1.0,SetByBid
2025-12-30 18:30:29,2025-12-30T18:30:29,61.4,2.0,SetByBid
2025-12-30 18:30:29,2025-12-30T18:30:29,61.4,1.0,SetByBid
2025-12-30 18:30:29,2025-12-30T18:30:29,61.4,3.0,SetByBid
2025-12-30 18:30:29,2025-12-30T18:30:29,61.4,2.0,SetByBid
2025-12-30 18:30:29,2025-12-30T18:30:29,61.4,1.0,SetByBid
2025-12-30 18:30:29,2025-12-30T18:30:29,61.4,1.0,SetByBid
2025-12-30 18:30:29,2025-12-30T18:30:29,61.4,1.0,SetByBid
2025-12-30 18:30:29,2025-12-30T18:30:29,61.4,3.0,SetByBid
2025-12-30 18:30:29,2025-12-30T18:30:29,61.4,2.0,SetByBid
2025-12-30 18:30:29,2025-12-30T18:30:29,61.4,1.0,SetByBid
2025-12-30 18:30:29,2025-12-30T18:30:29,61.4,1.0,SetByBid
2025-12-30 18:30:29,2025-12-30T18:30:29,61.4,1.0,SetByBid
2025-12-30 18:30:29,2025-12-30T18:30:29,61.4,3.0,SetByBid
2025-12-30 18:30:29,2025-12-30T18:30:29,61.4,1.0,SetByBid
2025-12-30 18:30:29,2025-12-30T18:30:29,61.4,1.0,SetByBid
2025-12-30 18:30:29,2025-12-30T18:30:29,61.4,1.0,SetByBid
2025-12-30 18:30:30,2025-12-30T18:30:30,61.4,3.0,SetByBid
2025-12-30 18:30:30,2025-12-30T18:30:30,61.4,1.0,SetByBid
2025-12-30 18:30:30,2025-12-30T18:30:30,61.4,1.0,SetByBid
2025-12-30 18:30:30,2025-12-30T18:30:30,61.4,3.0,SetByBid
2025-12-30 18:30:30,2025-12-30T18:30:30,61.4,3.0,SetByBid
2025-12-30 18:30:30,2025-12-30T18:30:30,61.4,1.0,SetByBid
2025-12-30 18:30:30,2025-12-30T18:30:30,61.4,1.0,SetByBid
2025-12-30 18:30:30,2025-12-30T18:30:30,61.4,1.0,SetByBid
2025-12-30 18:30:30,2025-12-30T18:30:30,61.4,2.0,SetByBid
2025-12-30 18:30:30,2025-12-30T18:30:30,61.4,1.0,SetByBid
2025-12-30 18:30:30,2025-12-30T18:30:30,61.4,1.0,SetByBid
2025-12-30 18:30:30,2025-12-30T18:30:30,61.41,1.0,SetByAsk
2025-12-30 18:30:30,2025-12-30T18:30:30,61.41,1.0,SetByAsk
2025-12-30 18:30:30,2025-12-30T18:30:30,61.41,1.0,SetByAsk
2025-12-30 18:30:30,2025-12-30T18:30:30,61.41,1.0,SetByAsk
2025-12-30 18:30:30,2025-12-30T18:30:30,61.41,1.0,SetByBid
2025-12-30 18:30:35,2025-12-30T18:30:35,61.42,2.0,SetByBid
2025-12-30 18:30:35,2025-12-30T18:30:35,61.42,1.0,SetByBid
2025-12-30 18:30:35,2025-12-30T18:30:35,61.42,1.0,SetByBid
2025-12-30 18:30:35,2025-12-30T18:30:35,61.42,1.0,SetByAsk
2025-12-30 18:30:35,2025-12-30T18:30:35,61.42,1.0,SetByAsk
2025-12-30 18:30:35,2025-12-30T18:30:35,61.42,1.0,SetByAsk
2025-12-30 18:30:36,2025-12-30T18:30:36,61.43,1.0,SetByBid
2025-12-30 18:30:36,2025-12-30T18:30:36,61.43,1.0,SetByBid
2025-12-30 18:30:36,2025-12-30T18:30:36,61.43,1.0,SetByBid
2025-12-30 18:30:36,2025-12-30T18:30:36,61.43,1.0,SetByBid
2025-12-30 18:30:43,2025-12-30T18:30:43,61.43,1.0,SetByAsk
2025-12-30 18:30:43,2025-12-30T18:30:43,61.43,2.0,SetByAsk
2025-12-30 18:30:43,2025-12-30T18:30:43,61.43,1.0,SetByAsk
2025-12-30 18:30:43,2025-12-30T18:30:43,61.43,1.0,SetByAsk
2025-12-30 18:30:43,2025-12-30T18:30:43,61.43,1.0,SetByBid
2025-12-30 18:30:43,2025-12-30T18:30:43,61.43,1.0,SetByBid
2025-12-30 18:30:43,2025-12-30T18:30:43,61.43,1.0,SetByAsk
2025-12-30 18:30:54,2025-12-30T18:30:54,61.44,1.0,SetByBid
2025-12-30 18:30:54,2025-12-30T18:30:54,61.44,1.0,SetByBid
2025-12-30 18:30:56,2025-12-30T18:30:56,61.44,1.0,SetByAsk
2025-12-30 18:30:56,2025-12-30T18:30:56,61.44,1.0,SetByAsk
2025-12-30 18:30:56,2025-12-30T18:30:56,61.44,1.0,SetByAsk
2025-12-30 18:30:56,2025-12-30T18:30:56,61.44,1.0,SetByAsk
2025-12-30 18:30:56,2025-12-30T18:30:56,61.44,1.0,SetByBid
2025-12-30 18:30:56,2025-12-30T18:30:56,61.44,1.0,SetByBid
2025-12-30 18:30:57,2025-12-30T18:30:57,61.43,1.0,SetByAsk
2025-12-30 18:30:57,2025-12-30T18:30:57,61.43,1.0,SetByAsk
2025-12-30 18:30:57,2025-12-30T18:30:57,61.43,1.0,SetByAsk
2025-12-30 18:30:58,2025-12-30T18:30:58,61.42,2.0,SetByAsk
2025-12-30 18:30:58,2025-12-30T18:30:58,61.42,1.0,SetByAsk
2025-12-30 18:30:58,2025-12-30T18:30:58,61.42,2.0,SetByAsk
2025-12-30 18:30:58,2025-12-30T18:30:58,61.42,1.0,SetByAsk
2025-12-30 18:30:58,2025-12-30T18:30:58,61.42,5.0,SetByAsk
2025-12-30 18:30:58,2025-12-30T18:30:58,61.42,1.0,SetByAsk
2025-12-30 18:30:58,2025-12-30T18:30:58,61.42,1.0,SetByAsk
2025-12-30 18:30:58,2025-12-30T18:30:58,61.42,1.0,SetByAsk
2025-12-30 18:31:02,2025-12-30T18:31:02,61.43,2.0,SetByBid
2025-12-30 18:31:02,2025-12-30T18:31:02,61.43,1.0,SetByBid
2025-12-30 18:31:02,2025-12-30T18:31:02,61.43,2.0,SetByBid
2025-12-30 18:31:02,2025-12-30T18:31:02,61.43,4.0,SetByBid
2025-12-30 18:31:02,2025-12-30T18:31:02,61.43,1.0,SetByBid
2025-12-30 18:31:02,2025-12-30T18:31:02,61.43,1.0,SetByBid
2025-12-30 18:31:02,2025-12-30T18:31:02,61.43,3.0,SetByBid
2025-12-30 18:31:06,2025-12-30T18:31:06,61.41,1.0,SetByAsk
2025-12-30 18:31:06,2025-12-30T18:31:06,61.41,7.0,SetByAsk
2025-12-30 18:31:06,2025-12-30T18:31:06,61.41,2.0,SetByBid
2025-12-30 18:31:08,2025-12-30T18:31:08,61.42,2.0,SetByBid
2025-12-30 18:31:33,2025-12-30T18:31:33,61.41,2.0,SetByAsk
2025-12-30 18:31:33,2025-12-30T18:31:33,61.41,1.0,SetByBid
2025-12-30 18:31:34,2025-12-30T18:31:34,61.4,1.0,SetByAsk
2025-12-30 18:31:34,2025-12-30T18:31:34,61.41,2.0,SetByBid
2025-12-30 18:31:34,2025-12-30T18:31:34,61.41,2.0,SetByBid
2025-12-30 18:31:34,2025-12-30T18:31:34,61.41,1.0,SetByBid
2025-12-30 18:31:34,2025-12-30T18:31:34,61.41,1.0,SetByBid
2025-12-30 18:31:34,2025-12-30T18:31:34,61.41,1.0,SetByBid
2025-12-30 18:31:34,2025-12-30T18:31:34,61.41,1.0,SetByBid
2025-12-30 18:31:41,2025-12-30T18:31:41,61.42,1.0,SetByBid
2025-12-30 18:31:43,2025-12-30T18:31:43,61.42,1.0,SetByBid
2025-12-30 18:31:48,2025-12-30T18:31:48,61.42,1.0,SetByBid
2025-12-30 18:31:48,2025-12-30T18:31:48,61.42,1.0,SetByBid
2025-12-30 18:31:48,2025-12-30T18:31:48,61.42,1.0,SetByBid
2025-12-30 18:31:48,2025-12-30T18:31:48,61.42,1.0,SetByBid
2025-12-30 18:31:48,2025-12-30T18:31:48,61.42,1.0,SetByBid
2025-12-30 18:31:48,2025-12-30T18:31:48,61.42,1.0,SetByBid
2025-12-30 18:31:51,2025-12-30T18:31:51,61.41,2.0,SetByAsk
2025-12-30 18:32:02,2025-12-30T18:32:02,61.42,2.0,SetByBid
2025-12-30 18:32:02,2025-12-30T18:32:02,61.42,1.0,SetByBid
2025-12-30 18:32:02,2025-12-30T18:32:02,61.42,1.0,SetByBid
2025-12-30 18:32:02,2025-12-30T18:32:02,61.42,1.0,SetByBid
2025-12-30 18:32:02,2025-12-30T18:32:02,61.42,3.0,SetByBid
2025-12-30 18:32:02,2025-12-30T18:32:02,61.42,1.0,SetByBid
2025-12-30 18:32:02,2025-12-30T18:32:02,61.42,1.0,SetByBid
2025-12-30 18:32:02,2025-12-30T18:32:02,61.42,1.0,SetByBid
2025-12-30 18:32:02,2025-12-30T18:32:02,61.42,1.0,SetByBid
2025-12-30 18:32:02,2025-12-30T18:32:02,61.42,1.0,SetByBid
2025-12-30 18:32:02,2025-12-30T18:32:02,61.42,4.0,SetByBid
2025-12-30 18:32:03,2025-12-30T18:32:03,61.42,1.0,SetByBid
2025-12-30 18:32:03,2025-12-30T18:32:03,61.42,1.0,SetByBid
2025-12-30 18:32:06,2025-12-30T18:32:06,61.42,2.0,SetByBid
2025-12-30 18:32:06,2025-12-30T18:32:06,61.42,2.0,SetByBid
2025-12-30 18:32:06,2025-12-30T18:32:06,61.42,1.0,SetByBid
2025-12-30 18:32:06,2025-12-30T18:32:06,61.42,2.0,SetByBid
2025-12-30 18:32:16,2025-12-30T18:32:16,61.41,1.0,SetByAsk
2025-12-30 18:32:16,2025-12-30T18:32:16,61.41,2.0,SetByAsk
2025-12-30 18:32:16,2025-12-30T18:32:16,61.41,2.0,SetByAsk
2025-12-30 18:32:16,2025-12-30T18:32:16,61.41,2.0,SetByBid
2025-12-30 18:32:16,2025-12-30T18:32:16,61.41,2.0,SetByBid
2025-12-30 18:32:16,2025-12-30T18:32:16,61.41,2.0,SetByBid
2025-12-30 18:32:16,2025-12-30T18:32:16,61.41,1.0,SetByBid
2025-12-30 18:32:16,2025-12-30T18:32:16,61.41,1.0,SetByBid
2025-12-30 18:32:16,2025-12-30T18:32:16,61.41,1.0,SetByBid
2025-12-30 18:32:16,2025-12-30T18:32:16,61.41,1.0,SetByBid
2025-12-30 18:32:16,2025-12-30T18:32:16,61.41,1.0,SetByBid
2025-12-30 18:32:24,2025-12-30T18:32:24,61.41,1.0,SetByAsk
2025-12-30 18:32:34,2025-12-30T18:32:34,61.41,1.0,SetByAsk
2025-12-30 18:32:34,2025-12-30T18:32:34,61.41,1.0,SetByBid
2025-12-30 18:32:54,2025-12-30T18:32:54,61.41,1.0,SetByBid
2025-12-30 18:33:08,2025-12-30T18:33:08,61.43,1.0,SetByBid
2025-12-30 18:33:12,2025-12-30T18:33:12,61.44,4.0,SetByBid
2025-12-30 18:33:12,2025-12-30T18:33:12,61.44,1.0,SetByBid
2025-12-30 18:33:35,2025-12-30T18:33:35,61.44,1.0,SetByAsk
2025-12-30 18:33:35,2025-12-30T18:33:35,61.44,2.0,SetByAsk
2025-12-30 18:33:35,2025-12-30T18:33:35,61.44,1.0,SetByAsk
2025-12-30 18:33:35,2025-12-30T18:33:35,61.44,2.0,SetByAsk
2025-12-30 18:33:35,2025-12-30T18:33:35,61.44,1.0,SetByAsk
2025-12-30 18:33:35,2025-12-30T18:33:35,61.44,1.0,SetByAsk
2025-12-30 18:33:55,2025-12-30T18:33:55,61.42,1.0,SetByAsk
2025-12-30 18:33:59,2025-12-30T18:33:59,61.42,2.0,SetByBid
2025-12-30 18:33:59,2025-12-30T18:33:59,61.42,1.0,SetByBid
2025-12-30 18:34:18,2025-12-30T18:34:18,61.42,1.0,SetByAsk
2025-12-30 18:34:25,2025-12-30T18:34:25,61.43,1.0,"SetByBid, Leg"
2025-12-30 18:34:25,2025-12-30T18:34:25,61.44,1.0,"SetByBid, Leg"
2025-12-30 18:34:48,2025-12-30T18:34:48,61.42,2.0,SetByAsk
2025-12-30 18:34:48,2025-12-30T18:34:48,61.42,1.0,SetByAsk
2025-12-30 18:34:53,2025-12-30T18:34:53,61.4,2.0,SetByAsk
2025-12-30 18:34:53,2025-12-30T18:34:53,61.4,1.0,SetByAsk
2025-12-30 18:34:53,2025-12-30T18:34:53,61.4,1.0,SetByAsk
2025-12-30 18:34:53,2025-12-30T18:34:53,61.4,1.0,SetByAsk
2025-12-30 18:34:53,2025-12-30T18:34:53,61.4,2.0,SetByAsk
2025-12-30 18:34:53,2025-12-30T18:34:53,61.4,1.0,SetByAsk
2025-12-30 18:34:53,2025-12-30T18:34:53,61.4,2.0,SetByAsk
2025-12-30 18:34:53,2025-12-30T18:34:53,61.4,3.0,SetByAsk
2025-12-30 18:34:53,2025-12-30T18:34:53,61.4,5.0,SetByAsk
2025-12-30 18:34:53,2025-12-30T18:34:53,61.4,1.0,SetByAsk
2025-12-30 18:34:53,2025-12-30T18:34:53,61.4,1.0,SetByAsk
2025-12-30 18:34:53,2025-12-30T18:34:53,61.4,1.0,SetByAsk
2025-12-30 18:34:53,2025-12-30T18:34:53,61.4,1.0,SetByAsk
2025-12-30 18:34:53,2025-12-30T18:34:53,61.4,1.0,SetByAsk
2025-12-30 18:34:53,2025-12-30T18:34:53,61.4,1.0,SetByBid
2025-12-30 18:34:53,2025-12-30T18:34:53,61.4,2.0,SetByBid
2025-12-30 18:34:53,2025-12-30T18:34:53,61.4,2.0,SetByBid
2025-12-30 18:34:53,2025-12-30T18:34:53,61.4,1.0,SetByBid
2025-12-30 18:34:54,2025-12-30T18:34:54,61.4,1.0,SetByBid
2025-12-30 18:34:59,2025-12-30T18:34:59,61.39,1.0,SetByBid
2025-12-30 18:35:00,2025-12-30T18:35:00,61.38,1.0,SetByAsk
2025-12-30 18:35:00,2025-12-30T18:35:00,61.39,2.0,SetByBid
2025-12-30 18:35:00,2025-12-30T18:35:00,61.39,2.0,SetByBid
2025-12-30 18:35:00,2025-12-30T18:35:00,61.39,1.0,SetByBid
2025-12-30 18:35:00,2025-12-30T18:35:00,61.39,1.0,SetByBid
2025-12-30 18:35:07,2025-12-30T18:35:07,61.4,1.0,SetByBid
2025-12-30 18:35:13,2025-12-30T18:35:13,61.41,1.0,SetByBid
2025-12-30 18:35:13,2025-12-30T18:35:13,61.41,1.0,SetByBid
2025-12-30 18:35:18,2025-12-30T18:35:18,61.41,1.0,SetByBid
2025-12-30 18:35:18,2025-12-30T18:35:18,61.41,1.0,SetByBid
2025-12-30 18:35:18,2025-12-30T18:35:18,61.41,1.0,SetByBid
2025-12-30 18:35:18,2025-12-30T18:35:18,61.41,1.0,SetByBid
2025-12-30 18:35:18,2025-12-30T18:35:18,61.41,1.0,SetByBid
2025-12-30 18:35:19,2025-12-30T18:35:19,61.41,2.0,SetByAsk
2025-12-30 18:35:30,2025-12-30T18:35:30,61.4,1.0,SetByAsk
2025-12-30 18:35:30,2025-12-30T18:35:30,61.4,2.0,SetByAsk
2025-12-30 18:35:30,2025-12-30T18:35:30,61.4,2.0,SetByAsk
2025-12-30 18:35:55,2025-12-30T18:35:55,61.39,1.0,SetByAsk
2025-12-30 18:36:04,2025-12-30T18:36:04,61.4,2.0,SetByBid
2025-12-30 18:36:04,2025-12-30T18:36:04,61.4,1.0,SetByBid
2025-12-30 18:36:16,2025-12-30T18:36:16,61.4,2.0,SetByAsk
2025-12-30 18:36:18,2025-12-30T18:36:18,61.41,3.0,SetByBid
2025-12-30 18:36:18,2025-12-30T18:36:18,61.41,1.0,SetByAsk
2025-12-30 18:36:22,2025-12-30T18:36:22,61.42,1.0,"SetByBid, Leg"
2025-12-30 18:36:22,2025-12-30T18:36:22,61.43,1.0,"SetByBid, Leg"
2025-12-30 18:36:22,2025-12-30T18:36:22,61.43,1.0,SetByBid
2025-12-30 18:36:22,2025-12-30T18:36:22,61.43,3.0,SetByBid
2025-12-30 18:36:22,2025-12-30T18:36:22,61.44,1.0,SetByBid
2025-12-30 18:36:22,2025-12-30T18:36:22,61.44,1.0,SetByBid
2025-12-30 18:36:22,2025-12-30T18:36:22,61.44,1.0,SetByBid
2025-12-30 18:36:32,2025-12-30T18:36:32,61.41,2.0,SetByAsk
2025-12-30 18:36:32,2025-12-30T18:36:32,61.41,1.0,SetByAsk
2025-12-30 18:36:58,2025-12-30T18:36:58,61.4,1.0,SetByAsk
2025-12-30 18:36:58,2025-12-30T18:36:58,61.4,1.0,SetByAsk
2025-12-30 18:37:04,2025-12-30T18:37:04,61.41,1.0,SetByBid
2025-12-30 18:37:19,2025-12-30T18:37:19,61.41,2.0,SetByBid
2025-12-30 18:37:19,2025-12-30T18:37:19,61.41,1.0,SetByBid
2025-12-30 18:37:24,2025-12-30T18:37:24,61.41,1.0,SetByBid
2025-12-30 18:37:24,2025-12-30T18:37:24,61.41,1.0,SetByBid
2025-12-30 18:37:24,2025-12-30T18:37:24,61.41,1.0,SetByBid
2025-12-30 18:37:24,2025-12-30T18:37:24,61.42,1.0,SetByBid
2025-12-30 18:37:24,2025-12-30T18:37:24,61.42,1.0,SetByBid
2025-12-30 18:37:24,2025-12-30T18:37:24,61.42,1.0,SetByBid
2025-12-30 18:37:24,2025-12-30T18:37:24,61.42,1.0,SetByBid
2025-12-30 18:37:24,2025-12-30T18:37:24,61.42,1.0,SetByBid
2025-12-30 18:37:34,2025-12-30T18:37:34,61.42,1.0,SetByBid
2025-12-30 18:37:44,2025-12-30T18:37:44,61.41,1.0,SetByAsk
2025-12-30 18:38:00,2025-12-30T18:38:00,61.42,1.0,SetByBid
2025-12-30 18:38:00,2025-12-30T18:38:00,61.42,1.0,SetByBid
2025-12-30 18:38:02,2025-12-30T18:38:02,61.42,3.0,SetByAsk
2025-12-30 18:38:18,2025-12-30T18:38:18,61.39,2.0,SetByAsk
2025-12-30 18:38:18,2025-12-30T18:38:18,61.39,3.0,SetByBid
2025-12-30 18:38:18,2025-12-30T18:38:18,61.39,1.0,SetByBid
2025-12-30 18:38:23,2025-12-30T18:38:23,61.39,1.0,SetByBid
2025-12-30 18:38:23,2025-12-30T18:38:23,61.39,1.0,SetByBid
2025-12-30 18:38:23,2025-12-30T18:38:23,61.39,1.0,SetByAsk
2025-12-30 18:38:23,2025-12-30T18:38:23,61.39,1.0,SetByAsk
2025-12-30 18:38:23,2025-12-30T18:38:23,61.39,2.0,SetByAsk
2025-12-30 18:38:40,2025-12-30T18:38:40,61.38,1.0,SetByBid
2025-12-30 18:38:40,2025-12-30T18:38:40,61.38,1.0,SetByBid
2025-12-30 18:38:40,2025-12-30T18:38:40,61.38,1.0,SetByBid
2025-12-30 18:38:55,2025-12-30T18:38:55,61.38,1.0,SetByAsk
2025-12-30 18:38:56,2025-12-30T18:38:56,61.38,1.0,SetByBid
2025-12-30 18:38:56,2025-12-30T18:38:56,61.38,1.0,SetByBid
2025-12-30 18:39:03,2025-12-30T18:39:03,61.38,1.0,SetByBid
2025-12-30 18:39:11,2025-12-30T18:39:11,61.38,1.0,SetByAsk
2025-12-30 18:39:18,2025-12-30T18:39:18,61.39,1.0,SetByBid
2025-12-30 18:39:18,2025-12-30T18:39:18,61.39,2.0,SetByBid
2025-12-30 18:39:18,2025-12-30T18:39:18,61.39,1.0,SetByBid
2025-12-30 18:39:18,2025-12-30T18:39:18,61.39,1.0,SetByBid
2025-12-30 18:39:18,2025-12-30T18:39:18,61.39,1.0,SetByBid
2025-12-30 18:39:18,2025-12-30T18:39:18,61.39,1.0,SetByBid
2025-12-30 18:39:18,2025-12-30T18:39:18,61.39,1.0,SetByBid
2025-12-30 18:39:18,2025-12-30T18:39:18,61.39,1.0,SetByBid
2025-12-30 18:39:18,2025-12-30T18:39:18,61.39,1.0,SetByBid
2025-12-30 18:39:18,2025-12-30T18:39:18,61.39,1.0,SetByBid
2025-12-30 18:39:18,2025-12-30T18:39:18,61.39,1.0,SetByBid
2025-12-30 18:39:18,2025-12-30T18:39:18,61.39,1.0,SetByBid
2025-12-30 18:39:18,2025-12-30T18:39:18,61.39,1.0,SetByBid
2025-12-30 18:39:18,2025-12-30T18:39:18,61.39,1.0,SetByBid
2025-12-30 18:39:18,2025-12-30T18:39:18,61.39,1.0,SetByBid
2025-12-30 18:39:18,2025-12-30T18:39:18,61.39,2.0,SetByBid
2025-12-30 18:39:18,2025-12-30T18:39:18,61.39,1.0,SetByBid
2025-12-30 18:39:18,2025-12-30T18:39:18,61.39,1.0,SetByBid
2025-12-30 18:39:18,2025-12-30T18:39:18,61.39,3.0,"SetByBid, Leg"
2025-12-30 18:39:18,2025-12-30T18:39:18,61.4,3.0,"SetByBid, Leg"
2025-12-30 18:39:18,2025-12-30T18:39:18,61.4,2.0,SetByBid
2025-12-30 18:39:18,2025-12-30T18:39:18,61.4,1.0,SetByBid
2025-12-30 18:39:18,2025-12-30T18:39:18,61.4,1.0,SetByBid
2025-12-30 18:39:18,2025-12-30T18:39:18,61.4,2.0,SetByBid
2025-12-30 18:39:18,2025-12-30T18:39:18,61.4,1.0,SetByBid
2025-12-30 18:39:18,2025-12-30T18:39:18,61.4,1.0,SetByBid
2025-12-30 18:39:18,2025-12-30T18:39:18,61.4,3.0,SetByBid
2025-12-30 18:39:18,2025-12-30T18:39:18,61.4,3.0,SetByBid
2025-12-30 18:39:18,2025-12-30T18:39:18,61.4,1.0,SetByBid
2025-12-30 18:39:18,2025-12-30T18:39:18,61.4,3.0,SetByBid
2025-12-30 18:39:18,2025-12-30T18:39:18,61.4,3.0,SetByBid
2025-12-30 18:39:18,2025-12-30T18:39:18,61.4,1.0,SetByBid
2025-12-30 18:39:18,2025-12-30T18:39:18,61.4,1.0,SetByBid
2025-12-30 18:39:18,2025-12-30T18:39:18,61.4,1.0,SetByBid
2025-12-30 18:39:42,2025-12-30T18:39:42,61.37,1.0,SetByAsk
2025-12-30 18:39:42,2025-12-30T18:39:42,61.37,1.0,SetByAsk
2025-12-30 18:39:42,2025-12-30T18:39:42,61.37,1.0,SetByAsk
2025-12-30 18:39:42,2025-12-30T18:39:42,61.37,1.0,SetByAsk
2025-12-30 18:39:42,2025-12-30T18:39:42,61.37,1.0,SetByAsk
2025-12-30 18:39:42,2025-12-30T18:39:42,61.37,1.0,SetByAsk
2025-12-30 18:39:42,2025-12-30T18:39:42,61.37,1.0,SetByAsk
2025-12-30 18:39:42,2025-12-30T18:39:42,61.37,1.0,SetByAsk
2025-12-30 18:39:42,2025-12-30T18:39:42,61.37,1.0,SetByAsk
2025-12-30 18:39:42,2025-12-30T18:39:42,61.37,2.0,SetByAsk
2025-12-30 18:39:42,2025-12-30T18:39:42,61.37,1.0,SetByAsk
2025-12-30 18:39:42,2025-12-30T18:39:42,61.37,1.0,SetByAsk
2025-12-30 18:39:42,2025-12-30T18:39:42,61.37,2.0,SetByAsk
2025-12-30 18:39:42,2025-12-30T18:39:42,61.37,1.0,SetByAsk
2025-12-30 18:39:48,2025-12-30T18:39:48,61.38,6.0,SetByBid
2025-12-30 18:39:48,2025-12-30T18:39:48,61.38,2.0,SetByBid
2025-12-30 18:39:54,2025-12-30T18:39:54,61.38,3.0,SetByBid
2025-12-30 18:39:54,2025-12-30T18:39:54,61.38,3.0,SetByBid
2025-12-30 18:39:54,2025-12-30T18:39:54,61.38,1.0,SetByBid
2025-12-30 18:39:54,2025-12-30T18:39:54,61.38,9.0,SetByBid
2025-12-30 18:39:54,2025-12-30T18:39:54,61.38,1.0,SetByBid
2025-12-30 18:39:54,2025-12-30T18:39:54,61.38,1.0,SetByBid
2025-12-30 18:39:54,2025-12-30T18:39:54,61.38,1.0,SetByBid
2025-12-30 18:39:54,2025-12-30T18:39:54,61.38,1.0,SetByBid
2025-12-30 18:39:54,2025-12-30T18:39:54,61.38,2.0,SetByBid
2025-12-30 18:39:54,2025-12-30T18:39:54,61.38,1.0,SetByBid
2025-12-30 18:39:55,2025-12-30T18:39:55,61.38,1.0,SetByBid
2025-12-30 18:40:03,2025-12-30T18:40:03,61.38,2.0,SetByBid
2025-12-30 18:40:10,2025-12-30T18:40:10,61.37,2.0,SetByAsk
2025-12-30 18:40:10,2025-12-30T18:40:10,61.37,1.0,SetByAsk
2025-12-30 18:40:10,2025-12-30T18:40:10,61.37,1.0,SetByAsk
2025-12-30 18:40:10,2025-12-30T18:40:10,61.37,1.0,SetByAsk
2025-12-30 18:40:15,2025-12-30T18:40:15,61.37,1.0,SetByAsk
2025-12-30 18:40:15,2025-12-30T18:40:15,61.37,2.0,SetByAsk
2025-12-30 18:40:15,2025-12-30T18:40:15,61.36,1.0,SetByAsk
2025-12-30 18:40:15,2025-12-30T18:40:15,61.37,1.0,SetByBid
2025-12-30 18:40:15,2025-12-30T18:40:15,61.37,1.0,SetByBid
2025-12-30 18:40:15,2025-12-30T18:40:15,61.37,1.0,SetByBid
2025-12-30 18:40:15,2025-12-30T18:40:15,61.37,2.0,SetByBid
2025-12-30 18:40:15,2025-12-30T18:40:15,61.37,2.0,SetByBid
2025-12-30 18:40:15,2025-12-30T18:40:15,61.37,1.0,SetByBid
2025-12-30 18:40:15,2025-12-30T18:40:15,61.38,1.0,SetByBid
2025-12-30 18:40:15,2025-12-30T18:40:15,61.38,1.0,SetByBid
2025-12-30 18:40:15,2025-12-30T18:40:15,61.38,2.0,SetByBid
2025-12-30 18:40:15,2025-12-30T18:40:15,61.38,2.0,SetByBid
2025-12-30 18:40:15,2025-12-30T18:40:15,61.38,2.0,SetByBid
2025-12-30 18:40:15,2025-12-30T18:40:15,61.38,1.0,SetByBid
2025-12-30 18:40:15,2025-12-30T18:40:15,61.38,3.0,SetByBid
2025-12-30 18:40:15,2025-12-30T18:40:15,61.38,1.0,SetByBid
2025-12-30 18:40:15,2025-12-30T18:40:15,61.38,1.0,SetByBid
2025-12-30 18:40:15,2025-12-30T18:40:15,61.38,1.0,SetByBid
2025-12-30 18:40:15,2025-12-30T18:40:15,61.38,1.0,SetByBid
2025-12-30 18:40:15,2025-12-30T18:40:15,61.38,1.0,SetByBid
2025-12-30 18:40:15,2025-12-30T18:40:15,61.38,1.0,SetByBid
2025-12-30 18:40:15,2025-12-30T18:40:15,61.38,1.0,SetByBid
2025-12-30 18:40:15,2025-12-30T18:40:15,61.38,1.0,SetByBid
2025-12-30 18:40:15,2025-12-30T18:40:15,61.38,1.0,SetByBid
2025-12-30 18:40:15,2025-12-30T18:40:15,61.38,1.0,SetByBid
2025-12-30 18:40:15,2025-12-30T18:40:15,61.38,1.0,SetByBid
2025-12-30 18:40:15,2025-12-30T18:40:15,61.38,3.0,SetByBid
2025-12-30 18:40:15,2025-12-30T18:40:15,61.38,4.0,SetByBid
2025-12-30 18:40:15,2025-12-30T18:40:15,61.38,1.0,SetByAsk
2025-12-30 18:40:17,2025-12-30T18:40:17,61.37,2.0,SetByAsk
2025-12-30 18:40:20,2025-12-30T18:40:20,61.36,1.0,SetByAsk
2025-12-30 18:40:20,2025-12-30T18:40:20,61.36,1.0,SetByAsk
2025-12-30 18:40:20,2025-12-30T18:40:20,61.36,1.0,SetByAsk
2025-12-30 18:40:20,2025-12-30T18:40:20,61.36,3.0,SetByAsk
2025-12-30 18:40:20,2025-12-30T18:40:20,61.36,1.0,SetByAsk
2025-12-30 18:40:20,2025-12-30T18:40:20,61.36,1.0,SetByAsk
2025-12-30 18:40:20,2025-12-30T18:40:20,61.36,1.0,SetByAsk
2025-12-30 18:40:20,2025-12-30T18:40:20,61.36,2.0,SetByAsk
2025-12-30 18:40:20,2025-12-30T18:40:20,61.36,1.0,SetByAsk
2025-12-30 18:40:20,2025-12-30T18:40:20,61.36,2.0,SetByAsk
2025-12-30 18:40:20,2025-12-30T18:40:20,61.36,2.0,SetByAsk
2025-12-30 18:40:29,2025-12-30T18:40:29,61.36,1.0,SetByAsk
2025-12-30 18:40:29,2025-12-30T18:40:29,61.36,1.0,SetByAsk
2025-12-30 18:40:29,2025-12-30T18:40:29,61.36,1.0,SetByAsk
2025-12-30 18:40:29,2025-12-30T18:40:29,61.36,1.0,SetByAsk
2025-12-30 18:40:29,2025-12-30T18:40:29,61.36,1.0,SetByAsk
2025-12-30 18:40:43,2025-12-30T18:40:43,61.36,1.0,SetByAsk
2025-12-30 18:40:43,2025-12-30T18:40:43,61.36,1.0,SetByAsk
2025-12-30 18:40:43,2025-12-30T18:40:43,61.36,1.0,SetByAsk
2025-12-30 18:40:43,2025-12-30T18:40:43,61.36,1.0,SetByAsk
2025-12-30 18:40:43,2025-12-30T18:40:43,61.36,1.0,SetByBid
2025-12-30 18:40:43,2025-12-30T18:40:43,61.36,1.0,SetByAsk
2025-12-30 18:40:44,2025-12-30T18:40:44,61.35,2.0,SetByAsk
2025-12-30 18:40:44,2025-12-30T18:40:44,61.35,1.0,SetByAsk
2025-12-30 18:40:44,2025-12-30T18:40:44,61.35,1.0,SetByAsk
2025-12-30 18:40:44,2025-12-30T18:40:44,61.35,1.0,"SetByBid, Leg"
2025-12-30 18:40:44,2025-12-30T18:40:44,61.36,1.0,SetByBid
2025-12-30 18:40:48,2025-12-30T18:40:48,61.36,1.0,SetByBid
2025-12-30 18:40:48,2025-12-30T18:40:48,61.36,1.0,SetByBid
2025-12-30 18:40:48,2025-12-30T18:40:48,61.36,1.0,SetByBid
2025-12-30 18:40:48,2025-12-30T18:40:48,61.36,1.0,SetByBid
2025-12-30 18:40:49,2025-12-30T18:40:49,61.36,1.0,SetByAsk
2025-12-30 18:40:54,2025-12-30T18:40:54,61.37,1.0,SetByBid
2025-12-30 18:41:04,2025-12-30T18:41:04,61.36,2.0,SetByBid
2025-12-30 18:41:04,2025-12-30T18:41:04,61.36,1.0,SetByBid
2025-12-30 18:41:04,2025-12-30T18:41:04,61.36,1.0,SetByBid
2025-12-30 18:41:04,2025-12-30T18:41:04,61.36,1.0,SetByBid
2025-12-30 18:41:05,2025-12-30T18:41:05,61.36,2.0,SetByBid
2025-12-30 18:41:05,2025-12-30T18:41:05,61.36,2.0,SetByBid
2025-12-30 18:41:05,2025-12-30T18:41:05,61.36,1.0,SetByBid
2025-12-30 18:41:05,2025-12-30T18:41:05,61.36,1.0,SetByBid
2025-12-30 18:41:05,2025-12-30T18:41:05,61.36,1.0,SetByBid
2025-12-30 18:41:05,2025-12-30T18:41:05,61.36,1.0,SetByBid
2025-12-30 18:41:05,2025-12-30T18:41:05,61.36,1.0,SetByBid
2025-12-30 18:41:05,2025-12-30T18:41:05,61.36,1.0,SetByBid
2025-12-30 18:41:05,2025-12-30T18:41:05,61.36,1.0,SetByAsk
2025-12-30 18:41:05,2025-12-30T18:41:05,61.36,1.0,SetByAsk
2025-12-30 18:41:05,2025-12-30T18:41:05,61.36,2.0,SetByBid
2025-12-30 18:41:05,2025-12-30T18:41:05,61.36,1.0,SetByBid
2025-12-30 18:41:05,2025-12-30T18:41:05,61.36,1.0,SetByBid
2025-12-30 18:41:05,2025-12-30T18:41:05,61.36,1.0,SetByBid
2025-12-30 18:41:06,2025-12-30T18:41:06,61.36,1.0,SetByAsk
2025-12-30 18:41:06,2025-12-30T18:41:06,61.37,2.0,SetByBid
2025-12-30 18:41:06,2025-12-30T18:41:06,61.37,1.0,SetByBid
2025-12-30 18:41:14,2025-12-30T18:41:14,61.37,1.0,SetByAsk
2025-12-30 18:41:15,2025-12-30T18:41:15,61.36,4.0,SetByAsk
2025-12-30 18:41:26,2025-12-30T18:41:26,61.36,2.0,SetByBid
2025-12-30 18:41:26,2025-12-30T18:41:26,61.36,1.0,SetByBid
2025-12-30 18:41:29,2025-12-30T18:41:29,61.35,1.0,SetByAsk
2025-12-30 18:41:29,2025-12-30T18:41:29,61.35,1.0,SetByAsk
2025-12-30 18:41:29,2025-12-30T18:41:29,61.35,1.0,SetByAsk
2025-12-30 18:41:29,2025-12-30T18:41:29,61.35,1.0,SetByAsk
2025-12-30 18:41:29,2025-12-30T18:41:29,61.35,3.0,SetByAsk
2025-12-30 18:41:29,2025-12-30T18:41:29,61.35,1.0,SetByAsk
2025-12-30 18:41:29,2025-12-30T18:41:29,61.35,1.0,SetByAsk
2025-12-30 18:41:40,2025-12-30T18:41:40,61.35,2.0,SetByAsk
2025-12-30 18:41:40,2025-12-30T18:41:40,61.35,1.0,SetByAsk
2025-12-30 18:41:40,2025-12-30T18:41:40,61.35,2.0,SetByBid
2025-12-30 18:41:43,2025-12-30T18:41:43,61.35,1.0,SetByAsk
2025-12-30 18:41:51,2025-12-30T18:41:51,61.34,1.0,SetByAsk
2025-12-30 18:41:51,2025-12-30T18:41:51,61.34,1.0,SetByAsk
2025-12-30 18:41:51,2025-12-30T18:41:51,61.34,1.0,SetByAsk
2025-12-30 18:41:51,2025-12-30T18:41:51,61.34,2.0,SetByAsk
2025-12-30 18:41:51,2025-12-30T18:41:51,61.34,2.0,SetByAsk
2025-12-30 18:41:51,2025-12-30T18:41:51,61.34,1.0,SetByAsk
2025-12-30 18:41:51,2025-12-30T18:41:51,61.34,1.0,SetByAsk
2025-12-30 18:41:51,2025-12-30T18:41:51,61.34,2.0,SetByBid
2025-12-30 18:41:51,2025-12-30T18:41:51,61.34,1.0,SetByBid
2025-12-30 18:41:51,2025-12-30T18:41:51,61.34,2.0,SetByBid
2025-12-30 18:41:57,2025-12-30T18:41:57,61.35,1.0,SetByBid
2025-12-30 18:42:29,2025-12-30T18:42:29,61.35,2.0,SetByAsk
2025-12-30 18:42:34,2025-12-30T18:42:34,61.34,2.0,SetByBid
2025-12-30 18:42:34,2025-12-30T18:42:34,61.34,1.0,SetByBid
2025-12-30 18:42:44,2025-12-30T18:42:44,61.35,1.0,SetByBid
2025-12-30 18:42:52,2025-12-30T18:42:52,61.35,1.0,SetByAsk
2025-12-30 18:43:15,2025-12-30T18:43:15,61.37,3.0,SetByAsk
2025-12-30 18:43:22,2025-12-30T18:43:22,61.38,1.0,SetByBid
2025-12-30 18:43:45,2025-12-30T18:43:45,61.36,3.0,SetByAsk
2025-12-30 18:43:45,2025-12-30T18:43:45,61.36,1.0,SetByAsk
2025-12-30 18:43:45,2025-12-30T18:43:45,61.36,2.0,SetByAsk
2025-12-30 18:44:19,2025-12-30T18:44:19,61.36,1.0,SetByAsk
2025-12-30 18:44:36,2025-12-30T18:44:36,61.37,1.0,SetByAsk
2025-12-30 18:44:36,2025-12-30T18:44:36,61.37,1.0,SetByBid
2025-12-30 18:44:43,2025-12-30T18:44:43,61.37,1.0,SetByAsk
2025-12-30 18:45:00,2025-12-30T18:45:00,61.37,1.0,SetByBid
2025-12-30 18:45:19,2025-12-30T18:45:19,61.39,1.0,SetByBid
2025-12-30 18:45:29,2025-12-30T18:45:29,61.4,1.0,SetByBid
2025-12-30 18:45:29,2025-12-30T18:45:29,61.4,1.0,SetByBid
2025-12-30 18:45:29,2025-12-30T18:45:29,61.4,3.0,SetByBid
2025-12-30 18:45:41,2025-12-30T18:45:41,61.4,1.0,SetByAsk
2025-12-30 18:45:44,2025-12-30T18:45:44,61.41,2.0,SetByBid
2025-12-30 18:45:44,2025-12-30T18:45:44,61.4,1.0,SetByAsk
2025-12-30 18:45:49,2025-12-30T18:45:49,61.41,1.0,SetByBid
2025-12-30 18:45:49,2025-12-30T18:45:49,61.41,1.0,SetByBid
2025-12-30 18:45:49,2025-12-30T18:45:49,61.41,4.0,SetByBid
2025-12-30 18:45:53,2025-12-30T18:45:53,61.41,1.0,SetByBid
2025-12-30 18:45:53,2025-12-30T18:45:53,61.4,1.0,SetByAsk
2025-12-30 18:45:53,2025-12-30T18:45:53,61.4,1.0,SetByBid
2025-12-30 18:46:04,2025-12-30T18:46:04,61.39,1.0,SetByAsk
2025-12-30 18:46:22,2025-12-30T18:46:22,61.4,1.0,SetByBid
2025-12-30 18:46:22,2025-12-30T18:46:22,61.4,1.0,SetByBid
2025-12-30 18:46:25,2025-12-30T18:46:25,61.39,1.0,SetByBid
2025-12-30 18:47:20,2025-12-30T18:47:20,61.4,1.0,SetByBid
2025-12-30 18:47:21,2025-12-30T18:47:21,61.4,1.0,SetByAsk
2025-12-30 18:47:21,2025-12-30T18:47:21,61.4,2.0,SetByAsk
2025-12-30 18:47:21,2025-12-30T18:47:21,61.4,1.0,SetByAsk
2025-12-30 18:47:21,2025-12-30T18:47:21,61.4,1.0,SetByAsk
2025-12-30 18:47:22,2025-12-30T18:47:22,61.4,1.0,SetByBid
2025-12-30 18:48:01,2025-12-30T18:48:01,61.43,1.0,SetByBid
2025-12-30 18:48:01,2025-12-30T18:48:01,61.43,1.0,SetByBid
2025-12-30 18:48:01,2025-12-30T18:48:01,61.43,2.0,SetByBid
2025-12-30 18:48:01,2025-12-30T18:48:01,61.43,1.0,SetByAsk
2025-12-30 18:48:01,2025-12-30T18:48:01,61.43,1.0,SetByAsk
2025-12-30 18:48:01,2025-12-30T18:48:01,61.43,1.0,SetByAsk
2025-12-30 18:48:01,2025-12-30T18:48:01,61.43,1.0,SetByAsk
2025-12-30 18:48:01,2025-12-30T18:48:01,61.43,1.0,SetByBid
2025-12-30 18:48:01,2025-12-30T18:48:01,61.43,1.0,SetByBid
2025-12-30 18:48:01,2025-12-30T18:48:01,61.43,1.0,SetByAsk
2025-12-30 18:48:05,2025-12-30T18:48:05,61.44,1.0,SetByAsk
2025-12-30 18:48:05,2025-12-30T18:48:05,61.44,1.0,SetByAsk
2025-12-30 18:48:23,2025-12-30T18:48:23,61.45,1.0,SetByBid
2025-12-30 18:48:23,2025-12-30T18:48:23,61.45,2.0,SetByBid
2025-12-30 18:48:23,2025-12-30T18:48:23,61.45,1.0,SetByBid
2025-12-30 18:48:23,2025-12-30T18:48:23,61.45,1.0,SetByBid
2025-12-30 18:48:23,2025-12-30T18:48:23,61.45,1.0,SetByBid
2025-12-30 18:48:23,2025-12-30T18:48:23,61.45,1.0,SetByBid
2025-12-30 18:48:23,2025-12-30T18:48:23,61.45,1.0,SetByBid
2025-12-30 18:48:23,2025-12-30T18:48:23,61.45,1.0,SetByBid
2025-12-30 18:48:23,2025-12-30T18:48:23,61.45,1.0,SetByBid
2025-12-30 18:48:23,2025-12-30T18:48:23,61.45,2.0,SetByBid
2025-12-30 18:48:23,2025-12-30T18:48:23,61.45,1.0,SetByBid
2025-12-30 18:48:23,2025-12-30T18:48:23,61.45,1.0,SetByBid
2025-12-30 18:48:23,2025-12-30T18:48:23,61.45,1.0,SetByBid
2025-12-30 18:48:23,2025-12-30T18:48:23,61.45,1.0,SetByBid
2025-12-30 18:48:23,2025-12-30T18:48:23,61.45,1.0,SetByBid
2025-12-30 18:48:23,2025-12-30T18:48:23,61.45,1.0,SetByBid
2025-12-30 18:48:23,2025-12-30T18:48:23,61.45,1.0,SetByBid
2025-12-30 18:48:23,2025-12-30T18:48:23,61.45,2.0,SetByBid
2025-12-30 18:48:23,2025-12-30T18:48:23,61.45,2.0,SetByBid
2025-12-30 18:48:23,2025-12-30T18:48:23,61.45,1.0,SetByBid
2025-12-30 18:48:23,2025-12-30T18:48:23,61.45,2.0,SetByBid
2025-12-30 18:48:23,2025-12-30T18:48:23,61.45,1.0,SetByBid
2025-12-30 18:48:26,2025-12-30T18:48:26,61.45,1.0,SetByBid
2025-12-30 18:48:26,2025-12-30T18:48:26,61.45,3.0,SetByBid
2025-12-30 18:48:26,2025-12-30T18:48:26,61.45,1.0,SetByBid
2025-12-30 18:48:26,2025-12-30T18:48:26,61.45,3.0,SetByBid
2025-12-30 18:48:26,2025-12-30T18:48:26,61.45,1.0,SetByBid
2025-12-30 18:48:26,2025-12-30T18:48:26,61.45,1.0,SetByBid
2025-12-30 18:48:26,2025-12-30T18:48:26,61.45,2.0,SetByBid
2025-12-30 18:48:26,2025-12-30T18:48:26,61.45,2.0,SetByBid
2025-12-30 18:48:26,2025-12-30T18:48:26,61.45,1.0,SetByBid
2025-12-30 18:48:26,2025-12-30T18:48:26,61.45,2.0,SetByBid
2025-12-30 18:48:26,2025-12-30T18:48:26,61.45,3.0,SetByBid
2025-12-30 18:48:26,2025-12-30T18:48:26,61.45,2.0,SetByBid
2025-12-30 18:48:26,2025-12-30T18:48:26,61.45,2.0,SetByBid
2025-12-30 18:48:26,2025-12-30T18:48:26,61.45,1.0,SetByBid
2025-12-30 18:48:26,2025-12-30T18:48:26,61.45,1.0,SetByAsk
2025-12-30 18:48:26,2025-12-30T18:48:26,61.45,1.0,SetByAsk
2025-12-30 18:48:26,2025-12-30T18:48:26,61.45,1.0,SetByAsk
2025-12-30 18:48:26,2025-12-30T18:48:26,61.45,2.0,SetByAsk
2025-12-30 18:48:28,2025-12-30T18:48:28,61.44,1.0,SetByAsk
2025-12-30 18:48:29,2025-12-30T18:48:29,61.44,1.0,SetByAsk
2025-12-30 18:48:29,2025-12-30T18:48:29,61.44,1.0,SetByAsk
2025-12-30 18:48:49,2025-12-30T18:48:49,61.43,2.0,SetByAsk
2025-12-30 18:48:49,2025-12-30T18:48:49,61.43,1.0,SetByBid
2025-12-30 18:48:49,2025-12-30T18:48:49,61.42,1.0,SetByAsk
2025-12-30 18:48:49,2025-12-30T18:48:49,61.42,1.0,SetByAsk
2025-12-30 18:48:54,2025-12-30T18:48:54,61.41,1.0,SetByAsk
2025-12-30 18:49:00,2025-12-30T18:49:00,61.43,1.0,SetByBid
2025-12-30 18:49:05,2025-12-30T18:49:05,61.44,1.0,SetByBid
2025-12-30 18:49:36,2025-12-30T18:49:36,61.43,1.0,SetByBid
2025-12-30 18:49:37,2025-12-30T18:49:37,61.43,1.0,SetByBid
2025-12-30 18:49:37,2025-12-30T18:49:37,61.43,1.0,SetByBid
2025-12-30 18:49:37,2025-12-30T18:49:37,61.43,1.0,SetByBid
2025-12-30 18:49:37,2025-12-30T18:49:37,61.43,1.0,SetByBid
2025-12-30 18:49:42,2025-12-30T18:49:42,61.43,1.0,SetByBid
2025-12-30 18:49:42,2025-12-30T18:49:42,61.43,2.0,SetByBid
2025-12-30 18:49:42,2025-12-30T18:49:42,61.43,1.0,SetByBid
2025-12-30 18:49:42,2025-12-30T18:49:42,61.43,2.0,SetByBid
2025-12-30 18:49:42,2025-12-30T18:49:42,61.43,1.0,SetByBid
2025-12-30 18:49:42,2025-12-30T18:49:42,61.43,1.0,SetByBid
2025-12-30 18:49:42,2025-12-30T18:49:42,61.43,1.0,SetByBid
2025-12-30 18:49:43,2025-12-30T18:49:43,61.45,1.0,SetByBid
2025-12-30 18:49:43,2025-12-30T18:49:43,61.45,1.0,SetByBid
2025-12-30 18:49:43,2025-12-30T18:49:43,61.45,1.0,SetByBid
2025-12-30 18:49:44,2025-12-30T18:49:44,61.44,1.0,SetByAsk
2025-12-30 18:49:44,2025-12-30T18:49:44,61.45,1.0,SetByBid
2025-12-30 18:49:44,2025-12-30T18:49:44,61.45,1.0,SetByBid
2025-12-30 18:49:54,2025-12-30T18:49:54,61.45,1.0,SetByBid
2025-12-30 18:49:54,2025-12-30T18:49:54,61.45,3.0,SetByBid
2025-12-30 18:49:54,2025-12-30T18:49:54,61.45,1.0,SetByBid
2025-12-30 18:49:54,2025-12-30T18:49:54,61.45,1.0,SetByBid
2025-12-30 18:49:54,2025-12-30T18:49:54,61.45,1.0,SetByBid
2025-12-30 18:49:54,2025-12-30T18:49:54,61.45,1.0,SetByBid
2025-12-30 18:49:54,2025-12-30T18:49:54,61.45,1.0,SetByAsk
2025-12-30 18:49:54,2025-12-30T18:49:54,61.46,1.0,SetByBid
2025-12-30 18:49:54,2025-12-30T18:49:54,61.46,1.0,SetByBid
2025-12-30 18:49:54,2025-12-30T18:49:54,61.46,1.0,SetByBid
2025-12-30 18:49:55,2025-12-30T18:49:55,61.45,1.0,SetByBid
2025-12-30 18:49:57,2025-12-30T18:49:57,61.46,1.0,SetByBid
2025-12-30 18:50:01,2025-12-30T18:50:01,61.46,1.0,SetByBid
2025-12-30 18:50:01,2025-12-30T18:50:01,61.46,1.0,SetByBid
2025-12-30 18:50:01,2025-12-30T18:50:01,61.46,1.0,SetByBid
2025-12-30 18:50:01,2025-12-30T18:50:01,61.46,1.0,SetByBid
2025-12-30 18:50:01,2025-12-30T18:50:01,61.46,1.0,SetByBid
2025-12-30 18:50:01,2025-12-30T18:50:01,61.46,1.0,SetByBid
2025-12-30 18:50:01,2025-12-30T18:50:01,61.46,1.0,SetByBid
2025-12-30 18:50:01,2025-12-30T18:50:01,61.46,1.0,SetByBid
2025-12-30 18:50:01,2025-12-30T18:50:01,61.46,1.0,SetByBid
2025-12-30 18:50:01,2025-12-30T18:50:01,61.46,1.0,SetByBid
2025-12-30 18:50:01,2025-12-30T18:50:01,61.46,1.0,SetByBid
2025-12-30 18:50:01,2025-12-30T18:50:01,61.46,1.0,SetByBid
2025-12-30 18:50:01,2025-12-30T18:50:01,61.46,1.0,SetByBid
2025-12-30 18:50:01,2025-12-30T18:50:01,61.46,1.0,SetByBid
2025-12-30 18:50:01,2025-12-30T18:50:01,61.46,1.0,SetByBid
2025-12-30 18:50:01,2025-12-30T18:50:01,61.46,1.0,SetByBid
2025-12-30 18:50:02,2025-12-30T18:50:02,61.46,1.0,SetByBid
2025-12-30 18:50:02,2025-12-30T18:50:02,61.46,1.0,SetByBid
2025-12-30 18:50:02,2025-12-30T18:50:02,61.46,1.0,SetByBid
2025-12-30 18:50:02,2025-12-30T18:50:02,61.46,1.0,SetByBid
2025-12-30 18:50:02,2025-12-30T18:50:02,61.46,1.0,SetByBid
2025-12-30 18:50:03,2025-12-30T18:50:03,61.45,1.0,SetByAsk
2025-12-30 18:50:04,2025-12-30T18:50:04,61.45,1.0,SetByBid
2025-12-30 18:50:20,2025-12-30T18:50:20,61.44,1.0,SetByBid
2025-12-30 18:50:32,2025-12-30T18:50:32,61.44,1.0,SetByAsk
2025-12-30 18:50:42,2025-12-30T18:50:42,61.44,2.0,SetByBid
2025-12-30 18:51:03,2025-12-30T18:51:03,61.43,2.0,SetByAsk
2025-12-30 18:51:03,2025-12-30T18:51:03,61.43,1.0,SetByAsk
2025-12-30 18:51:11,2025-12-30T18:51:11,61.43,1.0,SetByAsk
2025-12-30 18:51:13,2025-12-30T18:51:13,61.43,1.0,SetByBid
2025-12-30 18:51:40,2025-12-30T18:51:40,61.42,1.0,SetByAsk
2025-12-30 18:51:40,2025-12-30T18:51:40,61.42,1.0,SetByAsk
2025-12-30 18:51:43,2025-12-30T18:51:43,61.42,1.0,SetByBid
2025-12-30 18:51:46,2025-12-30T18:51:46,61.41,1.0,SetByAsk
2025-12-30 18:51:46,2025-12-30T18:51:46,61.41,2.0,SetByAsk
2025-12-30 18:51:51,2025-12-30T18:51:51,61.41,2.0,SetByBid
2025-12-30 18:51:51,2025-12-30T18:51:51,61.41,1.0,SetByBid
2025-12-30 18:51:55,2025-12-30T18:51:55,61.39,1.0,SetByAsk
2025-12-30 18:51:55,2025-12-30T18:51:55,61.39,1.0,SetByBid
2025-12-30 18:51:55,2025-12-30T18:51:55,61.39,1.0,SetByBid
2025-12-30 18:51:55,2025-12-30T18:51:55,61.39,1.0,SetByAsk
2025-12-30 18:51:55,2025-12-30T18:51:55,61.39,1.0,SetByAsk
2025-12-30 18:51:55,2025-12-30T18:51:55,61.39,1.0,SetByBid
2025-12-30 18:51:55,2025-12-30T18:51:55,61.39,1.0,SetByBid
2025-12-30 18:51:55,2025-12-30T18:51:55,61.39,1.0,SetByAsk
2025-12-30 18:51:55,2025-12-30T18:51:55,61.39,1.0,SetByBid
2025-12-30 18:52:09,2025-12-30T18:52:09,61.4,1.0,SetByBid
2025-12-30 18:52:10,2025-12-30T18:52:10,61.4,1.0,SetByAsk
2025-12-30 18:52:10,2025-12-30T18:52:10,61.4,1.0,SetByBid
2025-12-30 18:52:10,2025-12-30T18:52:10,61.4,1.0,SetByBid
2025-12-30 18:52:10,2025-12-30T18:52:10,61.4,1.0,SetByBid
2025-12-30 18:52:11,2025-12-30T18:52:11,61.4,1.0,SetByBid
2025-12-30 18:52:11,2025-12-30T18:52:11,61.4,1.0,SetByBid
2025-12-30 18:52:11,2025-12-30T18:52:11,61.4,1.0,SetByBid
2025-12-30 18:52:11,2025-12-30T18:52:11,61.4,1.0,SetByBid
2025-12-30 18:52:11,2025-12-30T18:52:11,61.4,1.0,SetByBid
2025-12-30 18:52:11,2025-12-30T18:52:11,61.4,1.0,SetByBid
2025-12-30 18:52:12,2025-12-30T18:52:12,61.41,1.0,SetByBid
2025-12-30 18:52:12,2025-12-30T18:52:12,61.41,1.0,SetByBid
2025-12-30 18:52:12,2025-12-30T18:52:12,61.41,1.0,SetByBid
2025-12-30 18:52:12,2025-12-30T18:52:12,61.41,1.0,SetByBid
2025-12-30 18:52:12,2025-12-30T18:52:12,61.41,1.0,SetByBid
2025-12-30 18:52:12,2025-12-30T18:52:12,61.41,1.0,SetByBid
2025-12-30 18:52:12,2025-12-30T18:52:12,61.4,1.0,SetByAsk
2025-12-30 18:52:12,2025-12-30T18:52:12,61.4,1.0,SetByAsk
2025-12-30 18:52:12,2025-12-30T18:52:12,61.41,1.0,SetByBid
2025-12-30 18:52:12,2025-12-30T18:52:12,61.41,1.0,SetByBid
2025-12-30 18:52:12,2025-12-30T18:52:12,61.4,1.0,SetByAsk
2025-12-30 18:52:12,2025-12-30T18:52:12,61.41,1.0,SetByBid
2025-12-30 18:52:12,2025-12-30T18:52:12,61.41,1.0,SetByBid
2025-12-30 18:52:12,2025-12-30T18:52:12,61.41,1.0,SetByBid
2025-12-30 18:52:12,2025-12-30T18:52:12,61.41,1.0,SetByBid
2025-12-30 18:52:12,2025-12-30T18:52:12,61.41,1.0,SetByBid
2025-12-30 18:52:12,2025-12-30T18:52:12,61.41,1.0,SetByBid
2025-12-30 18:52:14,2025-12-30T18:52:14,61.4,1.0,SetByAsk
2025-12-30 18:52:14,2025-12-30T18:52:14,61.4,1.0,SetByBid
2025-12-30 18:52:14,2025-12-30T18:52:14,61.4,1.0,SetByBid
2025-12-30 18:52:15,2025-12-30T18:52:15,61.4,1.0,SetByBid
2025-12-30 18:52:15,2025-12-30T18:52:15,61.4,1.0,SetByAsk
2025-12-30 18:52:24,2025-12-30T18:52:24,61.4,1.0,SetByBid
2025-12-30 18:52:24,2025-12-30T18:52:24,61.4,1.0,SetByBid
2025-12-30 18:52:24,2025-12-30T18:52:24,61.4,1.0,SetByBid
2025-12-30 18:52:24,2025-12-30T18:52:24,61.4,1.0,SetByBid
2025-12-30 18:52:30,2025-12-30T18:52:30,61.39,1.0,SetByAsk
2025-12-30 18:52:30,2025-12-30T18:52:30,61.39,1.0,SetByBid
2025-12-30 18:52:46,2025-12-30T18:52:46,61.38,2.0,SetByAsk
2025-12-30 18:52:46,2025-12-30T18:52:46,61.37,1.0,SetByAsk
2025-12-30 18:52:46,2025-12-30T18:52:46,61.37,1.0,SetByAsk
2025-12-30 18:52:46,2025-12-30T18:52:46,61.37,1.0,SetByAsk
2025-12-30 18:52:46,2025-12-30T18:52:46,61.37,1.0,SetByAsk
2025-12-30 18:52:46,2025-12-30T18:52:46,61.38,1.0,SetByBid
2025-12-30 18:52:46,2025-12-30T18:52:46,61.37,1.0,SetByBid
2025-12-30 18:52:46,2025-12-30T18:52:46,61.38,1.0,SetByBid
2025-12-30 18:52:46,2025-12-30T18:52:46,61.38,1.0,SetByBid
2025-12-30 18:52:46,2025-12-30T18:52:46,61.38,1.0,SetByBid
2025-12-30 18:52:46,2025-12-30T18:52:46,61.38,1.0,SetByBid
2025-12-30 18:52:46,2025-12-30T18:52:46,61.38,1.0,SetByBid
2025-12-30 18:52:46,2025-12-30T18:52:46,61.38,1.0,SetByBid
2025-12-30 18:52:46,2025-12-30T18:52:46,61.38,1.0,SetByBid
2025-12-30 18:52:46,2025-12-30T18:52:46,61.38,1.0,SetByAsk
2025-12-30 18:52:46,2025-12-30T18:52:46,61.38,1.0,SetByAsk
2025-12-30 18:52:46,2025-12-30T18:52:46,61.39,1.0,SetByBid
2025-12-30 18:52:47,2025-12-30T18:52:47,61.39,1.0,SetByBid
2025-12-30 18:52:47,2025-12-30T18:52:47,61.39,1.0,SetByBid
2025-12-30 18:52:47,2025-12-30T18:52:47,61.39,1.0,SetByBid
2025-12-30 18:53:00,2025-12-30T18:53:00,61.4,1.0,SetByBid
2025-12-30 18:53:00,2025-12-30T18:53:00,61.4,1.0,SetByBid
2025-12-30 18:53:00,2025-12-30T18:53:00,61.4,1.0,SetByBid
2025-12-30 18:53:00,2025-12-30T18:53:00,61.4,1.0,SetByBid
2025-12-30 18:53:00,2025-12-30T18:53:00,61.4,1.0,SetByBid
2025-12-30 18:53:00,2025-12-30T18:53:00,61.4,3.0,SetByBid
2025-12-30 18:53:00,2025-12-30T18:53:00,61.41,1.0,SetByBid
2025-12-30 18:53:03,2025-12-30T18:53:03,61.4,1.0,SetByAsk
2025-12-30 18:53:03,2025-12-30T18:53:03,61.4,1.0,SetByAsk
2025-12-30 18:53:03,2025-12-30T18:53:03,61.4,1.0,SetByAsk
2025-12-30 18:53:14,2025-12-30T18:53:14,61.39,1.0,SetByAsk
2025-12-30 18:53:44,2025-12-30T18:53:44,61.39,1.0,SetByBid
2025-12-30 18:54:00,2025-12-30T18:54:00,61.4,1.0,SetByBid
2025-12-30 18:54:21,2025-12-30T18:54:21,61.42,1.0,SetByBid
2025-12-30 18:54:22,2025-12-30T18:54:22,61.42,1.0,SetByBid
2025-12-30 18:54:22,2025-12-30T18:54:22,61.42,1.0,SetByBid
2025-12-30 18:54:25,2025-12-30T18:54:25,61.42,1.0,SetByBid
2025-12-30 18:54:43,2025-12-30T18:54:43,61.42,1.0,SetByAsk
2025-12-30 18:54:43,2025-12-30T18:54:43,61.42,1.0,SetByAsk
2025-12-30 18:54:50,2025-12-30T18:54:50,61.42,1.0,SetByAsk
2025-12-30 18:54:51,2025-12-30T18:54:51,61.42,1.0,SetByAsk
2025-12-30 18:54:51,2025-12-30T18:54:51,61.42,1.0,SetByAsk
2025-12-30 18:54:51,2025-12-30T18:54:51,61.42,1.0,SetByAsk
2025-12-30 18:54:52,2025-12-30T18:54:52,61.42,1.0,SetByBid
2025-12-30 18:54:52,2025-12-30T18:54:52,61.42,1.0,SetByAsk
2025-12-30 18:54:53,2025-12-30T18:54:53,61.42,1.0,SetByBid
2025-12-30 18:55:15,2025-12-30T18:55:15,61.42,2.0,SetByAsk
2025-12-30 18:55:15,2025-12-30T18:55:15,61.42,1.0,SetByAsk
2025-12-30 18:55:15,2025-12-30T18:55:15,61.42,1.0,SetByAsk
2025-12-30 18:55:15,2025-12-30T18:55:15,61.42,1.0,SetByAsk
2025-12-30 18:55:15,2025-12-30T18:55:15,61.41,1.0,SetByAsk
2025-12-30 18:55:15,2025-12-30T18:55:15,61.41,1.0,SetByBid
2025-12-30 18:55:15,2025-12-30T18:55:15,61.41,2.0,SetByBid
2025-12-30 18:55:15,2025-12-30T18:55:15,61.41,4.0,SetByBid
2025-12-30 18:55:44,2025-12-30T18:55:44,61.42,1.0,SetByBid
2025-12-30 18:55:51,2025-12-30T18:55:51,61.41,1.0,SetByAsk
2025-12-30 18:55:51,2025-12-30T18:55:51,61.41,1.0,SetByAsk
2025-12-30 18:55:55,2025-12-30T18:55:55,61.41,1.0,SetByAsk
2025-12-30 18:55:55,2025-12-30T18:55:55,61.4,1.0,SetByAsk
2025-12-30 18:55:55,2025-12-30T18:55:55,61.41,2.0,SetByBid
2025-12-30 18:55:59,2025-12-30T18:55:59,61.41,1.0,SetByBid
2025-12-30 18:56:00,2025-12-30T18:56:00,61.4,2.0,SetByAsk
2025-12-30 18:56:00,2025-12-30T18:56:00,61.4,1.0,SetByAsk
2025-12-30 18:56:00,2025-12-30T18:56:00,61.4,1.0,SetByBid
2025-12-30 18:56:14,2025-12-30T18:56:14,61.4,1.0,SetByAsk
2025-12-30 18:56:28,2025-12-30T18:56:28,61.42,1.0,SetByBid
2025-12-30 18:56:28,2025-12-30T18:56:28,61.42,2.0,SetByAsk
2025-12-30 18:56:28,2025-12-30T18:56:28,61.42,1.0,SetByAsk
2025-12-30 18:56:28,2025-12-30T18:56:28,61.42,1.0,SetByAsk
2025-12-30 18:56:28,2025-12-30T18:56:28,61.42,2.0,SetByAsk
2025-12-30 18:56:28,2025-12-30T18:56:28,61.42,1.0,SetByBid
2025-12-30 18:56:28,2025-12-30T18:56:28,61.41,1.0,SetByAsk
2025-12-30 18:56:28,2025-12-30T18:56:28,61.41,1.0,SetByAsk
2025-12-30 18:56:45,2025-12-30T18:56:45,61.4,1.0,SetByAsk
2025-12-30 18:56:45,2025-12-30T18:56:45,61.4,1.0,SetByAsk
2025-12-30 18:56:47,2025-12-30T18:56:47,61.42,1.0,SetByBid
2025-12-30 18:56:49,2025-12-30T18:56:49,61.42,1.0,SetByBid
2025-12-30 18:56:49,2025-12-30T18:56:49,61.42,1.0,SetByBid
2025-12-30 18:56:49,2025-12-30T18:56:49,61.42,1.0,SetByBid
2025-12-30 18:56:49,2025-12-30T18:56:49,61.42,1.0,SetByBid
2025-12-30 18:56:49,2025-12-30T18:56:49,61.42,1.0,SetByBid
2025-12-30 18:56:49,2025-12-30T18:56:49,61.42,1.0,SetByBid
2025-12-30 18:56:49,2025-12-30T18:56:49,61.42,1.0,SetByBid
2025-12-30 18:56:49,2025-12-30T18:56:49,61.42,1.0,SetByBid
2025-12-30 18:56:49,2025-12-30T18:56:49,61.42,1.0,SetByBid
2025-12-30 18:56:49,2025-12-30T18:56:49,61.42,1.0,SetByBid
2025-12-30 18:56:49,2025-12-30T18:56:49,61.42,1.0,SetByBid
2025-12-30 18:56:49,2025-12-30T18:56:49,61.42,1.0,SetByBid
2025-12-30 18:56:49,2025-12-30T18:56:49,61.42,1.0,SetByBid
2025-12-30 18:56:49,2025-12-30T18:56:49,61.42,1.0,SetByBid
2025-12-30 18:56:49,2025-12-30T18:56:49,61.42,1.0,SetByBid
2025-12-30 18:56:49,2025-12-30T18:56:49,61.42,1.0,SetByBid
2025-12-30 18:56:49,2025-12-30T18:56:49,61.42,1.0,SetByBid
2025-12-30 18:56:49,2025-12-30T18:56:49,61.42,1.0,SetByBid
2025-12-30 18:56:49,2025-12-30T18:56:49,61.42,1.0,SetByBid
2025-12-30 18:56:49,2025-12-30T18:56:49,61.42,1.0,SetByBid
2025-12-30 18:56:49,2025-12-30T18:56:49,61.42,1.0,SetByBid
2025-12-30 18:56:49,2025-12-30T18:56:49,61.42,1.0,SetByBid
2025-12-30 18:56:49,2025-12-30T18:56:49,61.42,1.0,SetByBid
2025-12-30 18:56:49,2025-12-30T18:56:49,61.42,1.0,SetByBid
2025-12-30 18:56:49,2025-12-30T18:56:49,61.42,1.0,SetByBid
2025-12-30 18:56:49,2025-12-30T18:56:49,61.42,1.0,SetByBid
2025-12-30 18:56:49,2025-12-30T18:56:49,61.42,1.0,SetByBid
2025-12-30 18:56:49,2025-12-30T18:56:49,61.42,1.0,SetByBid
2025-12-30 18:56:49,2025-12-30T18:56:49,61.42,1.0,SetByBid
2025-12-30 18:56:49,2025-12-30T18:56:49,61.42,1.0,SetByBid
2025-12-30 18:56:49,2025-12-30T18:56:49,61.42,1.0,SetByBid
2025-12-30 18:56:49,2025-12-30T18:56:49,61.42,1.0,SetByBid
2025-12-30 18:56:50,2025-12-30T18:56:50,61.43,1.0,SetByBid
2025-12-30 18:56:50,2025-12-30T18:56:50,61.43,1.0,SetByBid
2025-12-30 18:56:51,2025-12-30T18:56:51,61.42,1.0,SetByBid
2025-12-30 18:56:51,2025-12-30T18:56:51,61.42,1.0,SetByBid
2025-12-30 18:56:52,2025-12-30T18:56:52,61.41,2.0,SetByAsk
2025-12-30 18:57:00,2025-12-30T18:57:00,61.42,1.0,SetByBid
2025-12-30 18:57:00,2025-12-30T18:57:00,61.42,1.0,SetByBid
2025-12-30 18:57:00,2025-12-30T18:57:00,61.42,1.0,SetByBid
2025-12-30 18:57:00,2025-12-30T18:57:00,61.42,1.0,SetByBid
2025-12-30 18:57:01,2025-12-30T18:57:01,61.42,1.0,SetByAsk
2025-12-30 18:57:03,2025-12-30T18:57:03,61.42,1.0,SetByAsk
2025-12-30 18:57:03,2025-12-30T18:57:03,61.43,1.0,SetByBid
2025-12-30 18:57:03,2025-12-30T18:57:03,61.43,1.0,SetByBid
2025-12-30 18:57:03,2025-12-30T18:57:03,61.43,1.0,SetByBid
2025-12-30 18:57:04,2025-12-30T18:57:04,61.43,1.0,SetByBid
2025-12-30 18:57:04,2025-12-30T18:57:04,61.43,1.0,SetByBid
2025-12-30 18:57:04,2025-12-30T18:57:04,61.43,1.0,SetByBid
2025-12-30 18:57:05,2025-12-30T18:57:05,61.43,1.0,SetByBid
2025-12-30 18:57:05,2025-12-30T18:57:05,61.43,1.0,SetByBid
2025-12-30 18:57:05,2025-12-30T18:57:05,61.43,1.0,SetByBid
2025-12-30 18:57:06,2025-12-30T18:57:06,61.43,1.0,SetByBid
2025-12-30 18:57:07,2025-12-30T18:57:07,61.43,1.0,SetByBid
2025-12-30 18:57:07,2025-12-30T18:57:07,61.43,1.0,SetByBid
2025-12-30 18:57:07,2025-12-30T18:57:07,61.43,1.0,SetByBid
2025-12-30 18:57:07,2025-12-30T18:57:07,61.43,1.0,SetByBid
2025-12-30 18:57:07,2025-12-30T18:57:07,61.43,1.0,SetByBid
2025-12-30 18:57:07,2025-12-30T18:57:07,61.43,1.0,SetByBid
2025-12-30 18:57:07,2025-12-30T18:57:07,61.43,1.0,SetByBid
2025-12-30 18:57:07,2025-12-30T18:57:07,61.43,1.0,SetByBid
2025-12-30 18:57:07,2025-12-30T18:57:07,61.43,1.0,SetByBid
2025-12-30 18:57:07,2025-12-30T18:57:07,61.43,1.0,SetByBid
2025-12-30 18:57:07,2025-12-30T18:57:07,61.43,1.0,SetByBid
2025-12-30 18:57:07,2025-12-30T18:57:07,61.43,1.0,SetByBid
2025-12-30 18:57:08,2025-12-30T18:57:08,61.43,1.0,SetByBid
2025-12-30 18:57:09,2025-12-30T18:57:09,61.43,1.0,SetByBid
2025-12-30 18:57:09,2025-12-30T18:57:09,61.43,1.0,SetByBid
2025-12-30 18:57:11,2025-12-30T18:57:11,61.43,1.0,SetByBid
2025-12-30 18:57:12,2025-12-30T18:57:12,61.43,1.0,SetByBid
2025-12-30 18:57:17,2025-12-30T18:57:17,61.44,1.0,SetByBid
2025-12-30 18:57:17,2025-12-30T18:57:17,61.44,1.0,SetByBid
2025-12-30 18:57:17,2025-12-30T18:57:17,61.44,1.0,SetByBid
2025-12-30 18:57:17,2025-12-30T18:57:17,61.44,1.0,SetByBid
2025-12-30 18:57:17,2025-12-30T18:57:17,61.44,1.0,SetByBid
2025-12-30 18:57:17,2025-12-30T18:57:17,61.44,1.0,SetByBid
2025-12-30 18:57:17,2025-12-30T18:57:17,61.44,1.0,SetByBid
2025-12-30 18:57:17,2025-12-30T18:57:17,61.44,1.0,SetByBid
2025-12-30 18:57:17,2025-12-30T18:57:17,61.44,1.0,SetByBid
2025-12-30 18:57:17,2025-12-30T18:57:17,61.44,1.0,SetByBid
2025-12-30 18:57:17,2025-12-30T18:57:17,61.44,1.0,SetByBid
2025-12-30 18:57:17,2025-12-30T18:57:17,61.44,1.0,SetByBid
2025-12-30 18:57:17,2025-12-30T18:57:17,61.44,1.0,SetByBid
2025-12-30 18:57:17,2025-12-30T18:57:17,61.44,1.0,SetByBid
2025-12-30 18:57:17,2025-12-30T18:57:17,61.44,1.0,SetByBid
2025-12-30 18:57:17,2025-12-30T18:57:17,61.44,1.0,SetByBid
2025-12-30 18:57:17,2025-12-30T18:57:17,61.44,1.0,SetByBid
2025-12-30 18:57:17,2025-12-30T18:57:17,61.44,1.0,SetByBid
2025-12-30 18:57:17,2025-12-30T18:57:17,61.44,1.0,SetByBid
2025-12-30 18:57:18,2025-12-30T18:57:18,61.44,1.0,SetByBid
2025-12-30 18:57:20,2025-12-30T18:57:20,61.44,1.0,SetByBid
2025-12-30 18:57:20,2025-12-30T18:57:20,61.44,1.0,SetByBid
2025-12-30 18:57:24,2025-12-30T18:57:24,61.43,1.0,SetByAsk
2025-12-30 18:57:24,2025-12-30T18:57:24,61.43,1.0,SetByAsk
2025-12-30 18:57:24,2025-12-30T18:57:24,61.43,1.0,SetByAsk
2025-12-30 18:57:24,2025-12-30T18:57:24,61.43,2.0,SetByAsk
2025-12-30 18:57:29,2025-12-30T18:57:29,61.43,1.0,SetByBid
2025-12-30 18:57:35,2025-12-30T18:57:35,61.41,1.0,SetByBid
2025-12-30 18:57:40,2025-12-30T18:57:40,61.41,1.0,SetByBid
2025-12-30 18:57:40,2025-12-30T18:57:40,61.41,3.0,SetByBid
2025-12-30 18:57:40,2025-12-30T18:57:40,61.41,1.0,SetByBid
2025-12-30 18:57:40,2025-12-30T18:57:40,61.41,1.0,SetByBid
2025-12-30 18:57:40,2025-12-30T18:57:40,61.4,2.0,SetByAsk
2025-12-30 18:57:40,2025-12-30T18:57:40,61.4,1.0,SetByBid
2025-12-30 18:57:40,2025-12-30T18:57:40,61.4,1.0,SetByBid
2025-12-30 18:57:43,2025-12-30T18:57:43,61.4,1.0,SetByAsk
2025-12-30 18:57:48,2025-12-30T18:57:48,61.39,1.0,SetByAsk
2025-12-30 18:57:48,2025-12-30T18:57:48,61.4,2.0,SetByBid
2025-12-30 18:57:48,2025-12-30T18:57:48,61.4,20.0,SetByBid
2025-12-30 18:57:48,2025-12-30T18:57:48,61.4,1.0,SetByBid
2025-12-30 18:57:48,2025-12-30T18:57:48,61.4,1.0,SetByBid
2025-12-30 18:57:48,2025-12-30T18:57:48,61.4,1.0,SetByBid
2025-12-30 18:57:48,2025-12-30T18:57:48,61.4,1.0,SetByBid
2025-12-30 18:57:48,2025-12-30T18:57:48,61.4,1.0,SetByBid
2025-12-30 18:57:48,2025-12-30T18:57:48,61.4,1.0,SetByBid
2025-12-30 18:57:48,2025-12-30T18:57:48,61.4,1.0,SetByBid
2025-12-30 18:57:48,2025-12-30T18:57:48,61.4,1.0,SetByBid
2025-12-30 18:57:54,2025-12-30T18:57:54,61.39,1.0,SetByAsk
2025-12-30 18:58:14,2025-12-30T18:58:14,61.4,2.0,SetByAsk
2025-12-30 18:58:14,2025-12-30T18:58:14,61.4,1.0,SetByAsk
2025-12-30 18:58:14,2025-12-30T18:58:14,61.4,1.0,SetByAsk
2025-12-30 18:58:14,2025-12-30T18:58:14,61.39,2.0,SetByAsk
2025-12-30 18:58:14,2025-12-30T18:58:14,61.39,5.0,SetByAsk
2025-12-30 18:58:14,2025-12-30T18:58:14,61.39,3.0,SetByAsk
2025-12-30 18:58:14,2025-12-30T18:58:14,61.39,4.0,SetByAsk
2025-12-30 18:58:14,2025-12-30T18:58:14,61.4,1.0,SetByBid
2025-12-30 18:58:14,2025-12-30T18:58:14,61.4,1.0,SetByBid
2025-12-30 18:58:14,2025-12-30T18:58:14,61.4,3.0,SetByBid
2025-12-30 18:58:14,2025-12-30T18:58:14,61.4,1.0,SetByBid
2025-12-30 18:58:14,2025-12-30T18:58:14,61.4,1.0,SetByBid
2025-12-30 18:58:14,2025-12-30T18:58:14,61.4,1.0,SetByBid
2025-12-30 18:58:14,2025-12-30T18:58:14,61.4,1.0,SetByBid
2025-12-30 18:58:14,2025-12-30T18:58:14,61.4,3.0,SetByBid
2025-12-30 18:58:14,2025-12-30T18:58:14,61.4,1.0,SetByBid
2025-12-30 18:58:14,2025-12-30T18:58:14,61.4,1.0,SetByBid
2025-12-30 18:58:14,2025-12-30T18:58:14,61.4,1.0,SetByBid
2025-12-30 18:58:14,2025-12-30T18:58:14,61.4,1.0,SetByBid
2025-12-30 18:58:14,2025-12-30T18:58:14,61.39,1.0,SetByAsk
2025-12-30 18:58:14,2025-12-30T18:58:14,61.4,1.0,SetByBid
2025-12-30 18:58:14,2025-12-30T18:58:14,61.4,1.0,SetByBid
2025-12-30 18:58:14,2025-12-30T18:58:14,61.4,1.0,SetByBid
2025-12-30 18:58:14,2025-12-30T18:58:14,61.4,2.0,SetByBid
2025-12-30 18:58:18,2025-12-30T18:58:18,61.4,1.0,SetByBid
2025-12-30 18:58:18,2025-12-30T18:58:18,61.4,1.0,SetByBid
2025-12-30 18:58:31,2025-12-30T18:58:31,61.4,1.0,SetByBid
2025-12-30 18:58:47,2025-12-30T18:58:47,61.4,1.0,SetByAsk
2025-12-30 18:58:47,2025-12-30T18:58:47,61.4,1.0,SetByAsk
2025-12-30 18:58:47,2025-12-30T18:58:47,61.4,1.0,SetByAsk
2025-12-30 18:58:47,2025-12-30T18:58:47,61.4,1.0,SetByAsk
2025-12-30 18:59:04,2025-12-30T18:59:04,61.4,1.0,SetByBid
2025-12-30 18:59:08,2025-12-30T18:59:08,61.4,1.0,SetByBid
2025-12-30 18:59:08,2025-12-30T18:59:08,61.4,2.0,SetByBid
2025-12-30 18:59:09,2025-12-30T18:59:09,61.4,2.0,"SetByBid, Leg"
2025-12-30 18:59:09,2025-12-30T18:59:09,61.41,2.0,"SetByBid, Leg"
2025-12-30 18:59:09,2025-12-30T18:59:09,61.41,3.0,SetByBid
2025-12-30 18:59:09,2025-12-30T18:59:09,61.41,1.0,SetByBid
2025-12-30 18:59:09,2025-12-30T18:59:09,61.41,1.0,SetByBid
2025-12-30 18:59:09,2025-12-30T18:59:09,61.41,2.0,SetByBid
2025-12-30 18:59:09,2025-12-30T18:59:09,61.41,1.0,SetByBid
2025-12-30 18:59:09,2025-12-30T18:59:09,61.41,5.0,SetByBid
2025-12-30 18:59:09,2025-12-30T18:59:09,61.41,1.0,SetByBid
2025-12-30 18:59:09,2025-12-30T18:59:09,61.41,4.0,SetByBid
2025-12-30 18:59:09,2025-12-30T18:59:09,61.41,1.0,SetByBid
2025-12-30 18:59:09,2025-12-30T18:59:09,61.41,1.0,SetByBid
2025-12-30 18:59:09,2025-12-30T18:59:09,61.41,1.0,SetByBid
2025-12-30 18:59:09,2025-12-30T18:59:09,61.41,4.0,"SetByBid, Leg"
2025-12-30 18:59:09,2025-12-30T18:59:09,61.42,4.0,"SetByBid, Leg"
2025-12-30 18:59:09,2025-12-30T18:59:09,61.42,1.0,SetByBid
2025-12-30 18:59:09,2025-12-30T18:59:09,61.42,2.0,SetByBid
2025-12-30 18:59:09,2025-12-30T18:59:09,61.42,2.0,SetByBid
2025-12-30 18:59:09,2025-12-30T18:59:09,61.42,1.0,SetByBid
2025-12-30 18:59:09,2025-12-30T18:59:09,61.42,1.0,SetByBid
2025-12-30 18:59:09,2025-12-30T18:59:09,61.42,2.0,SetByBid
2025-12-30 18:59:09,2025-12-30T18:59:09,61.42,1.0,SetByBid
2025-12-30 18:59:09,2025-12-30T18:59:09,61.42,1.0,SetByBid
2025-12-30 18:59:09,2025-12-30T18:59:09,61.42,3.0,SetByBid
2025-12-30 18:59:09,2025-12-30T18:59:09,61.42,2.0,SetByBid
2025-12-30 18:59:09,2025-12-30T18:59:09,61.42,1.0,SetByBid
2025-12-30 18:59:09,2025-12-30T18:59:09,61.41,1.0,SetByAsk
2025-12-30 18:59:12,2025-12-30T18:59:12,61.4,1.0,SetByBid
2025-12-30 18:59:15,2025-12-30T18:59:15,61.4,1.0,SetByBid
2025-12-30 18:59:19,2025-12-30T18:59:19,61.41,1.0,SetByAsk
2025-12-30 18:59:30,2025-12-30T18:59:30,61.41,1.0,SetByAsk
2025-12-30 18:59:39,2025-12-30T18:59:39,61.41,1.0,SetByAsk
2025-12-30 18:59:40,2025-12-30T18:59:40,61.41,1.0,SetByAsk
2025-12-30 18:59:40,2025-12-30T18:59:40,61.41,1.0,SetByAsk
2025-12-30 18:59:44,2025-12-30T18:59:44,61.41,1.0,SetByAsk
2025-12-30 18:59:52,2025-12-30T18:59:52,61.4,1.0,"SetByBid, Leg"
2025-12-30 18:59:52,2025-12-30T18:59:52,61.41,1.0,"SetByBid, Leg"
2025-12-30 18:59:52,2025-12-30T18:59:52,61.41,1.0,SetByBid
2025-12-30 18:59:52,2025-12-30T18:59:52,61.41,1.0,SetByBid
2025-12-30 18:59:52,2025-12-30T18:59:52,61.41,2.0,SetByBid
2025-12-30 18:59:52,2025-12-30T18:59:52,61.41,4.0,SetByBid
2025-12-30 18:59:52,2025-12-30T18:59:52,61.41,4.0,SetByBid
2025-12-30 18:59:52,2025-12-30T18:59:52,61.41,1.0,SetByBid
2025-12-30 18:59:52,2025-12-30T18:59:52,61.41,2.0,SetByBid
2025-12-30 18:59:52,2025-12-30T18:59:52,61.41,2.0,SetByBid
2025-12-30 18:59:52,2025-12-30T18:59:52,61.41,1.0,SetByBid
2025-12-30 18:59:52,2025-12-30T18:59:52,61.41,1.0,SetByBid
2025-12-30 18:59:52,2025-12-30T18:59:52,61.41,5.0,"SetByBid, Leg"
2025-12-30 18:59:52,2025-12-30T18:59:52,61.42,5.0,"SetByBid, Leg"
2025-12-30 18:59:52,2025-12-30T18:59:52,61.42,1.0,SetByBid
2025-12-30 18:59:52,2025-12-30T18:59:52,61.42,2.0,SetByBid
2025-12-30 18:59:52,2025-12-30T18:59:52,61.42,1.0,SetByBid
2025-12-30 18:59:52,2025-12-30T18:59:52,61.42,1.0,SetByBid
2025-12-30 18:59:52,2025-12-30T18:59:52,61.42,1.0,SetByBid
2025-12-30 18:59:52,2025-12-30T18:59:52,61.42,3.0,SetByBid
2025-12-30 18:59:52,2025-12-30T18:59:52,61.42,1.0,SetByBid
2025-12-30 18:59:52,2025-12-30T18:59:52,61.42,2.0,SetByBid
2025-12-30 18:59:52,2025-12-30T18:59:52,61.42,1.0,SetByBid
2025-12-30 18:59:52,2025-12-30T18:59:52,61.42,2.0,SetByBid
2025-12-30 18:59:52,2025-12-30T18:59:52,61.42,1.0,SetByBid
2025-12-30 18:59:52,2025-12-30T18:59:52,61.42,1.0,SetByBid
2025-12-30 18:59:52,2025-12-30T18:59:52,61.42,2.0,SetByBid
2025-12-30 18:59:52,2025-12-30T18:59:52,61.41,1.0,SetByAsk
2025-12-30 18:59:55,2025-12-30T18:59:55,61.42,1.0,SetByBid
2025-12-30 19:00:03,2025-12-30T19:00:03,61.41,2.0,SetByAsk
2025-12-30 19:00:05,2025-12-30T19:00:05,61.41,1.0,SetByAsk
2025-12-30 19:00:11,2025-12-30T19:00:11,61.42,1.0,SetByBid
2025-12-30 19:00:11,2025-12-30T19:00:11,61.41,2.0,SetByAsk
2025-12-30 19:00:11,2025-12-30T19:00:11,61.4,1.0,SetByAsk
2025-12-30 19:00:11,2025-12-30T19:00:11,61.4,3.0,SetByAsk
2025-12-30 19:00:11,2025-12-30T19:00:11,61.4,1.0,SetByAsk
2025-12-30 19:00:11,2025-12-30T19:00:11,61.4,1.0,SetByAsk
2025-12-30 19:00:11,2025-12-30T19:00:11,61.4,1.0,SetByAsk
2025-12-30 19:00:11,2025-12-30T19:00:11,61.4,5.0,SetByAsk
2025-12-30 19:00:11,2025-12-30T19:00:11,61.4,2.0,SetByAsk
2025-12-30 19:00:11,2025-12-30T19:00:11,61.4,1.0,SetByAsk
2025-12-30 19:00:11,2025-12-30T19:00:11,61.4,1.0,SetByAsk
2025-12-30 19:00:11,2025-12-30T19:00:11,61.4,2.0,SetByAsk
2025-12-30 19:00:11,2025-12-30T19:00:11,61.39,1.0,SetByAsk
2025-12-30 19:00:11,2025-12-30T19:00:11,61.39,1.0,SetByAsk
2025-12-30 19:00:12,2025-12-30T19:00:12,61.38,1.0,SetByAsk
2025-12-30 19:00:12,2025-12-30T19:00:12,61.38,1.0,SetByBid
2025-12-30 19:00:12,2025-12-30T19:00:12,61.38,1.0,SetByBid
2025-12-30 19:01:06,2025-12-30T19:01:06,61.4,1.0,SetByAsk
2025-12-30 19:01:07,2025-12-30T19:01:07,61.39,1.0,SetByAsk
2025-12-30 19:01:19,2025-12-30T19:01:19,61.39,2.0,SetByAsk
2025-12-30 19:01:19,2025-12-30T19:01:19,61.39,1.0,SetByAsk
2025-12-30 19:01:19,2025-12-30T19:01:19,61.39,1.0,SetByAsk
2025-12-30 19:01:19,2025-12-30T19:01:19,61.39,1.0,SetByAsk
2025-12-30 19:01:19,2025-12-30T19:01:19,61.39,1.0,SetByAsk
2025-12-30 19:01:19,2025-12-30T19:01:19,61.39,1.0,SetByAsk
2025-12-30 19:01:19,2025-12-30T19:01:19,61.39,1.0,SetByAsk
2025-12-30 19:01:19,2025-12-30T19:01:19,61.39,2.0,SetByAsk
2025-12-30 19:01:19,2025-12-30T19:01:19,61.39,1.0,SetByAsk
2025-12-30 19:01:19,2025-12-30T19:01:19,61.39,5.0,SetByAsk
2025-12-30 19:01:19,2025-12-30T19:01:19,61.39,1.0,SetByAsk
2025-12-30 19:01:19,2025-12-30T19:01:19,61.39,1.0,SetByAsk
2025-12-30 19:01:19,2025-12-30T19:01:19,61.39,3.0,SetByAsk
2025-12-30 19:01:19,2025-12-30T19:01:19,61.39,5.0,SetByAsk
2025-12-30 19:01:19,2025-12-30T19:01:19,61.39,1.0,SetByAsk
2025-12-30 19:01:19,2025-12-30T19:01:19,61.39,2.0,SetByAsk
2025-12-30 19:01:19,2025-12-30T19:01:19,61.39,1.0,SetByAsk
2025-12-30 19:01:19,2025-12-30T19:01:19,61.38,1.0,SetByAsk
2025-12-30 19:01:19,2025-12-30T19:01:19,61.38,2.0,SetByAsk
2025-12-30 19:01:19,2025-12-30T19:01:19,61.39,1.0,SetByBid
2025-12-30 19:01:19,2025-12-30T19:01:19,61.39,1.0,SetByBid
2025-12-30 19:01:22,2025-12-30T19:01:22,61.37,1.0,SetByAsk
2025-12-30 19:01:22,2025-12-30T19:01:22,61.37,1.0,SetByAsk
2025-12-30 19:02:00,2025-12-30T19:02:00,61.39,1.0,SetByBid
2025-12-30 19:02:19,2025-12-30T19:02:19,61.39,1.0,SetByAsk
2025-12-30 19:02:41,2025-12-30T19:02:41,61.38,1.0,SetByAsk
2025-12-30 19:02:54,2025-12-30T19:02:54,61.4,1.0,SetByBid
2025-12-30 19:02:54,2025-12-30T19:02:54,61.4,2.0,SetByBid
2025-12-30 19:02:54,2025-12-30T19:02:54,61.4,1.0,SetByBid
2025-12-30 19:02:54,2025-12-30T19:02:54,61.4,1.0,SetByBid
2025-12-30 19:02:54,2025-12-30T19:02:54,61.4,1.0,SetByBid
2025-12-30 19:02:54,2025-12-30T19:02:54,61.4,2.0,SetByBid
2025-12-30 19:02:54,2025-12-30T19:02:54,61.4,1.0,SetByBid
2025-12-30 19:02:54,2025-12-30T19:02:54,61.4,1.0,SetByBid
2025-12-30 19:02:54,2025-12-30T19:02:54,61.4,3.0,SetByBid
2025-12-30 19:02:54,2025-12-30T19:02:54,61.4,1.0,SetByBid
2025-12-30 19:02:54,2025-12-30T19:02:54,61.4,2.0,SetByBid
2025-12-30 19:02:54,2025-12-30T19:02:54,61.4,4.0,SetByBid
2025-12-30 19:02:54,2025-12-30T19:02:54,61.4,1.0,SetByBid
2025-12-30 19:02:54,2025-12-30T19:02:54,61.4,6.0,SetByBid
2025-12-30 19:02:54,2025-12-30T19:02:54,61.4,1.0,SetByBid
2025-12-30 19:02:54,2025-12-30T19:02:54,61.4,1.0,SetByBid
2025-12-30 19:02:54,2025-12-30T19:02:54,61.4,1.0,SetByBid
2025-12-30 19:02:54,2025-12-30T19:02:54,61.4,4.0,SetByBid
2025-12-30 19:02:54,2025-12-30T19:02:54,61.4,2.0,SetByBid
2025-12-30 19:02:54,2025-12-30T19:02:54,61.4,1.0,SetByBid
2025-12-30 19:02:54,2025-12-30T19:02:54,61.4,1.0,SetByBid
2025-12-30 19:02:54,2025-12-30T19:02:54,61.4,2.0,SetByBid
2025-12-30 19:02:58,2025-12-30T19:02:58,61.39,2.0,SetByAsk
2025-12-30 19:02:58,2025-12-30T19:02:58,61.39,1.0,SetByAsk
2025-12-30 19:03:23,2025-12-30T19:03:23,61.39,2.0,SetByAsk
2025-12-30 19:03:23,2025-12-30T19:03:23,61.39,1.0,SetByAsk
2025-12-30 19:03:23,2025-12-30T19:03:23,61.39,1.0,SetByAsk
2025-12-30 19:03:37,2025-12-30T19:03:37,61.38,1.0,SetByAsk
2025-12-30 19:03:37,2025-12-30T19:03:37,61.38,1.0,SetByAsk
2025-12-30 19:03:37,2025-12-30T19:03:37,61.38,1.0,SetByAsk
2025-12-30 19:03:37,2025-12-30T19:03:37,61.38,1.0,SetByAsk
2025-12-30 19:03:37,2025-12-30T19:03:37,61.38,1.0,SetByAsk
2025-12-30 19:03:37,2025-12-30T19:03:37,61.38,1.0,SetByAsk
2025-12-30 19:03:37,2025-12-30T19:03:37,61.38,1.0,SetByAsk
2025-12-30 19:03:37,2025-12-30T19:03:37,61.38,1.0,SetByAsk
2025-12-30 19:03:37,2025-12-30T19:03:37,61.38,1.0,SetByAsk
2025-12-30 19:03:37,2025-12-30T19:03:37,61.38,1.0,SetByAsk
2025-12-30 19:03:37,2025-12-30T19:03:37,61.38,1.0,SetByAsk
2025-12-30 19:03:37,2025-12-30T19:03:37,61.38,1.0,SetByAsk
2025-12-30 19:03:37,2025-12-30T19:03:37,61.38,1.0,SetByAsk
2025-12-30 19:03:48,2025-12-30T19:03:48,61.39,2.0,SetByBid
2025-12-30 19:04:48,2025-12-30T19:04:48,61.4,1.0,SetByBid
2025-12-30 19:05:02,2025-12-30T19:05:02,61.4,2.0,SetByAsk
2025-12-30 19:05:02,2025-12-30T19:05:02,61.4,2.0,SetByAsk
2025-12-30 19:05:02,2025-12-30T19:05:02,61.4,1.0,SetByAsk
2025-12-30 19:05:06,2025-12-30T19:05:06,61.4,1.0,SetByBid
2025-12-30 19:05:23,2025-12-30T19:05:23,61.41,1.0,SetByBid
2025-12-30 19:05:23,2025-12-30T19:05:23,61.41,1.0,SetByBid
2025-12-30 19:05:23,2025-12-30T19:05:23,61.41,1.0,SetByBid
2025-12-30 19:05:31,2025-12-30T19:05:31,61.4,1.0,SetByAsk
2025-12-30 19:05:31,2025-12-30T19:05:31,61.4,1.0,SetByAsk
2025-12-30 19:05:37,2025-12-30T19:05:37,61.38,2.0,SetByAsk
2025-12-30 19:05:37,2025-12-30T19:05:37,61.38,1.0,SetByAsk
2025-12-30 19:05:37,2025-12-30T19:05:37,61.38,3.0,SetByAsk
2025-12-30 19:05:37,2025-12-30T19:05:37,61.38,1.0,SetByAsk
2025-12-30 19:05:37,2025-12-30T19:05:37,61.38,3.0,SetByAsk
2025-12-30 19:05:37,2025-12-30T19:05:37,61.38,5.0,SetByAsk
2025-12-30 19:05:37,2025-12-30T19:05:37,61.38,1.0,SetByAsk
2025-12-30 19:05:37,2025-12-30T19:05:37,61.38,1.0,SetByAsk
2025-12-30 19:05:37,2025-12-30T19:05:37,61.38,1.0,SetByAsk
2025-12-30 19:05:37,2025-12-30T19:05:37,61.38,1.0,SetByAsk
2025-12-30 19:05:37,2025-12-30T19:05:37,61.38,1.0,SetByAsk
2025-12-30 19:05:37,2025-12-30T19:05:37,61.37,4.0,SetByAsk
2025-12-30 19:05:37,2025-12-30T19:05:37,61.37,3.0,SetByAsk
2025-12-30 19:05:39,2025-12-30T19:05:39,61.38,1.0,SetByBid
2025-12-30 19:05:51,2025-12-30T19:05:51,61.39,1.0,SetByAsk
2025-12-30 19:05:51,2025-12-30T19:05:51,61.39,1.0,SetByAsk
2025-12-30 19:05:51,2025-12-30T19:05:51,61.39,1.0,SetByAsk
2025-12-30 19:05:51,2025-12-30T19:05:51,61.39,1.0,SetByAsk
2025-12-30 19:05:51,2025-12-30T19:05:51,61.39,1.0,SetByAsk
2025-12-30 19:06:28,2025-12-30T19:06:28,61.39,1.0,SetByAsk
2025-12-30 19:06:28,2025-12-30T19:06:28,61.39,1.0,SetByAsk
2025-12-30 19:06:38,2025-12-30T19:06:38,61.39,1.0,SetByBid
2025-12-30 19:06:50,2025-12-30T19:06:50,61.38,1.0,SetByAsk
2025-12-30 19:06:50,2025-12-30T19:06:50,61.38,2.0,SetByAsk
2025-12-30 19:06:50,2025-12-30T19:06:50,61.38,1.0,SetByAsk
2025-12-30 19:07:01,2025-12-30T19:07:01,61.35,1.0,SetByAsk
2025-12-30 19:07:01,2025-12-30T19:07:01,61.35,1.0,SetByAsk
2025-12-30 19:07:01,2025-12-30T19:07:01,61.36,1.0,SetByBid
2025-12-30 19:07:03,2025-12-30T19:07:03,61.36,3.0,SetByAsk
2025-12-30 19:07:03,2025-12-30T19:07:03,61.36,3.0,SetByAsk
2025-12-30 19:07:19,2025-12-30T19:07:19,61.35,2.0,SetByAsk
2025-12-30 19:07:25,2025-12-30T19:07:25,61.35,1.0,SetByBid
2025-12-30 19:07:25,2025-12-30T19:07:25,61.35,1.0,SetByBid
2025-12-30 19:07:45,2025-12-30T19:07:45,61.37,1.0,SetByAsk
2025-12-30 19:07:58,2025-12-30T19:07:58,61.37,1.0,SetByBid
2025-12-30 19:07:58,2025-12-30T19:07:58,61.37,1.0,SetByBid
2025-12-30 19:07:58,2025-12-30T19:07:58,61.37,1.0,SetByAsk
2025-12-30 19:08:22,2025-12-30T19:08:22,61.36,1.0,SetByAsk
2025-12-30 19:08:39,2025-12-30T19:08:39,61.38,1.0,SetByBid
2025-12-30 19:08:48,2025-12-30T19:08:48,61.38,2.0,SetByAsk
2025-12-30 19:08:48,2025-12-30T19:08:48,61.38,1.0,SetByAsk
2025-12-30 19:08:48,2025-12-30T19:08:48,61.38,1.0,SetByAsk
2025-12-30 19:08:48,2025-12-30T19:08:48,61.38,1.0,SetByAsk
2025-12-30 19:08:48,2025-12-30T19:08:48,61.38,1.0,SetByAsk
2025-12-30 19:08:48,2025-12-30T19:08:48,61.38,3.0,SetByAsk
2025-12-30 19:08:48,2025-12-30T19:08:48,61.38,1.0,SetByAsk
2025-12-30 19:08:48,2025-12-30T19:08:48,61.38,1.0,SetByAsk
2025-12-30 19:08:48,2025-12-30T19:08:48,61.38,1.0,SetByAsk
2025-12-30 19:08:48,2025-12-30T19:08:48,61.38,1.0,SetByAsk
2025-12-30 19:08:48,2025-12-30T19:08:48,61.38,1.0,SetByAsk
2025-12-30 19:09:04,2025-12-30T19:09:04,61.39,1.0,SetByBid
2025-12-30 19:09:04,2025-12-30T19:09:04,61.39,1.0,SetByBid
2025-12-30 19:09:04,2025-12-30T19:09:04,61.39,1.0,SetByBid
2025-12-30 19:09:04,2025-12-30T19:09:04,61.39,1.0,SetByBid
2025-12-30 19:09:07,2025-12-30T19:09:07,61.4,3.0,SetByBid
2025-12-30 19:09:12,2025-12-30T19:09:12,61.4,2.0,SetByAsk
2025-12-30 19:09:12,2025-12-30T19:09:12,61.4,1.0,SetByAsk
2025-12-30 19:09:12,2025-12-30T19:09:12,61.4,1.0,SetByAsk
2025-12-30 19:09:12,2025-12-30T19:09:12,61.39,4.0,SetByAsk
2025-12-30 19:09:12,2025-12-30T19:09:12,61.39,2.0,SetByAsk
2025-12-30 19:09:12,2025-12-30T19:09:12,61.39,3.0,SetByAsk
2025-12-30 19:09:12,2025-12-30T19:09:12,61.39,3.0,SetByAsk
2025-12-30 19:09:12,2025-12-30T19:09:12,61.39,1.0,SetByAsk
2025-12-30 19:09:12,2025-12-30T19:09:12,61.39,1.0,SetByAsk
2025-12-30 19:09:12,2025-12-30T19:09:12,61.39,1.0,SetByAsk
2025-12-30 19:09:12,2025-12-30T19:09:12,61.39,5.0,SetByAsk
2025-12-30 19:09:12,2025-12-30T19:09:12,61.39,2.0,SetByAsk
2025-12-30 19:09:12,2025-12-30T19:09:12,61.39,4.0,SetByAsk
2025-12-30 19:09:12,2025-12-30T19:09:12,61.39,1.0,SetByAsk
2025-12-30 19:09:12,2025-12-30T19:09:12,61.39,1.0,SetByAsk
2025-12-30 19:09:12,2025-12-30T19:09:12,61.39,1.0,SetByAsk
2025-12-30 19:09:12,2025-12-30T19:09:12,61.39,1.0,SetByAsk
2025-12-30 19:09:12,2025-12-30T19:09:12,61.39,1.0,SetByAsk
2025-12-30 19:09:12,2025-12-30T19:09:12,61.39,1.0,SetByAsk
2025-12-30 19:09:12,2025-12-30T19:09:12,61.39,1.0,SetByAsk
2025-12-30 19:09:12,2025-12-30T19:09:12,61.39,1.0,SetByAsk
2025-12-30 19:09:12,2025-12-30T19:09:12,61.39,1.0,SetByAsk
2025-12-30 19:09:12,2025-12-30T19:09:12,61.39,1.0,SetByAsk
2025-12-30 19:09:12,2025-12-30T19:09:12,61.39,1.0,SetByAsk
2025-12-30 19:09:12,2025-12-30T19:09:12,61.39,1.0,SetByAsk
2025-12-30 19:09:12,2025-12-30T19:09:12,61.39,2.0,SetByAsk
2025-12-30 19:09:12,2025-12-30T19:09:12,61.39,1.0,SetByAsk
2025-12-30 19:09:12,2025-12-30T19:09:12,61.39,3.0,SetByAsk
2025-12-30 19:09:12,2025-12-30T19:09:12,61.39,1.0,SetByAsk
2025-12-30 19:09:12,2025-12-30T19:09:12,61.39,1.0,SetByAsk
2025-12-30 19:09:12,2025-12-30T19:09:12,61.39,2.0,SetByAsk
2025-12-30 19:09:12,2025-12-30T19:09:12,61.39,6.0,SetByAsk
2025-12-30 19:09:12,2025-12-30T19:09:12,61.39,1.0,SetByAsk
2025-12-30 19:09:12,2025-12-30T19:09:12,61.39,3.0,SetByAsk
2025-12-30 19:09:12,2025-12-30T19:09:12,61.39,5.0,SetByAsk
2025-12-30 19:09:12,2025-12-30T19:09:12,61.39,4.0,SetByAsk
2025-12-30 19:09:12,2025-12-30T19:09:12,61.39,1.0,SetByAsk
2025-12-30 19:09:12,2025-12-30T19:09:12,61.39,1.0,SetByAsk
2025-12-30 19:09:12,2025-12-30T19:09:12,61.39,1.0,"SetByAsk, Leg"
2025-12-30 19:09:12,2025-12-30T19:09:12,61.38,1.0,"SetByAsk, Leg"
2025-12-30 19:09:33,2025-12-30T19:09:33,61.39,1.0,SetByBid
2025-12-30 19:09:33,2025-12-30T19:09:33,61.39,1.0,SetByBid
2025-12-30 19:09:33,2025-12-30T19:09:33,61.39,2.0,SetByBid
2025-12-30 19:10:14,2025-12-30T19:10:14,61.38,1.0,SetByAsk
2025-12-30 19:10:24,2025-12-30T19:10:24,61.37,1.0,SetByAsk
2025-12-30 19:10:36,2025-12-30T19:10:36,61.37,1.0,SetByAsk
2025-12-30 19:10:40,2025-12-30T19:10:40,61.36,1.0,SetByAsk
2025-12-30 19:10:40,2025-12-30T19:10:40,61.36,1.0,SetByAsk
2025-12-30 19:10:42,2025-12-30T19:10:42,61.36,1.0,SetByBid
2025-12-30 19:10:47,2025-12-30T19:10:47,61.36,1.0,SetByBid
2025-12-30 19:11:27,2025-12-30T19:11:27,61.36,1.0,SetByAsk
2025-12-30 19:11:38,2025-12-30T19:11:38,61.37,1.0,SetByAsk
2025-12-30 19:11:51,2025-12-30T19:11:51,61.38,1.0,SetByBid
2025-12-30 19:12:16,2025-12-30T19:12:16,61.39,1.0,SetByBid
2025-12-30 19:12:33,2025-12-30T19:12:33,61.4,1.0,SetByBid
2025-12-30 19:12:56,2025-12-30T19:12:56,61.4,1.0,SetByBid
2025-12-30 19:13:11,2025-12-30T19:13:11,61.42,1.0,SetByBid
2025-12-30 19:13:11,2025-12-30T19:13:11,61.42,1.0,SetByAsk
2025-12-30 19:13:21,2025-12-30T19:13:21,61.41,2.0,SetByAsk
2025-12-30 19:13:21,2025-12-30T19:13:21,61.41,1.0,SetByAsk
2025-12-30 19:13:21,2025-12-30T19:13:21,61.41,1.0,SetByAsk
2025-12-30 19:13:21,2025-12-30T19:13:21,61.41,1.0,SetByAsk
2025-12-30 19:13:21,2025-12-30T19:13:21,61.41,1.0,SetByAsk
2025-12-30 19:13:21,2025-12-30T19:13:21,61.41,1.0,SetByAsk
2025-12-30 19:13:56,2025-12-30T19:13:56,61.42,1.0,SetByBid
2025-12-30 19:13:59,2025-12-30T19:13:59,61.43,2.0,SetByBid
2025-12-30 19:13:59,2025-12-30T19:13:59,61.43,1.0,SetByAsk
2025-12-30 19:14:10,2025-12-30T19:14:10,61.43,1.0,SetByAsk
2025-12-30 19:14:10,2025-12-30T19:14:10,61.43,1.0,SetByAsk
2025-12-30 19:14:58,2025-12-30T19:14:58,61.42,1.0,SetByBid
2025-12-30 19:15:17,2025-12-30T19:15:17,61.43,2.0,SetByAsk
2025-12-30 19:15:51,2025-12-30T19:15:51,61.43,1.0,SetByBid
2025-12-30 19:15:51,2025-12-30T19:15:51,61.42,1.0,SetByAsk
2025-12-30 19:15:51,2025-12-30T19:15:51,61.42,2.0,SetByAsk
2025-12-30 19:15:51,2025-12-30T19:15:51,61.42,1.0,SetByBid
2025-12-30 19:16:13,2025-12-30T19:16:13,61.43,1.0,SetByAsk
2025-12-30 19:16:54,2025-12-30T19:16:54,61.42,1.0,SetByBid
2025-12-30 19:17:02,2025-12-30T19:17:02,61.43,2.0,SetByAsk
2025-12-30 19:17:20,2025-12-30T19:17:20,61.45,1.0,SetByBid
2025-12-30 19:17:20,2025-12-30T19:17:20,61.45,2.0,SetByBid
2025-12-30 19:17:20,2025-12-30T19:17:20,61.45,1.0,SetByBid
2025-12-30 19:17:20,2025-12-30T19:17:20,61.45,1.0,SetByBid
2025-12-30 19:17:27,2025-12-30T19:17:27,61.45,2.0,SetByBid
2025-12-30 19:17:27,2025-12-30T19:17:27,61.45,2.0,SetByAsk
2025-12-30 19:17:27,2025-12-30T19:17:27,61.45,1.0,SetByAsk
2025-12-30 19:17:27,2025-12-30T19:17:27,61.45,1.0,SetByAsk
2025-12-30 19:17:31,2025-12-30T19:17:31,61.45,2.0,SetByAsk
2025-12-30 19:17:32,2025-12-30T19:17:32,61.46,1.0,SetByBid
2025-12-30 19:17:32,2025-12-30T19:17:32,61.46,1.0,SetByBid
2025-12-30 19:17:32,2025-12-30T19:17:32,61.46,1.0,SetByBid
2025-12-30 19:17:32,2025-12-30T19:17:32,61.46,1.0,SetByBid
2025-12-30 19:17:32,2025-12-30T19:17:32,61.46,1.0,SetByBid
2025-12-30 19:17:32,2025-12-30T19:17:32,61.45,1.0,SetByAsk
2025-12-30 19:17:32,2025-12-30T19:17:32,61.45,2.0,SetByAsk
2025-12-30 19:17:32,2025-12-30T19:17:32,61.45,3.0,SetByAsk
2025-12-30 19:17:32,2025-12-30T19:17:32,61.45,1.0,SetByAsk
2025-12-30 19:17:32,2025-12-30T19:17:32,61.45,2.0,SetByAsk
2025-12-30 19:17:33,2025-12-30T19:17:33,61.45,1.0,SetByAsk
2025-12-30 19:17:33,2025-12-30T19:17:33,61.45,1.0,SetByAsk
2025-12-30 19:17:33,2025-12-30T19:17:33,61.45,1.0,SetByAsk
2025-12-30 19:17:33,2025-12-30T19:17:33,61.45,1.0,SetByAsk
2025-12-30 19:17:34,2025-12-30T19:17:34,61.45,2.0,SetByAsk
2025-12-30 19:17:34,2025-12-30T19:17:34,61.45,1.0,SetByAsk
2025-12-30 19:17:34,2025-12-30T19:17:34,61.45,1.0,SetByAsk
2025-12-30 19:17:34,2025-12-30T19:17:34,61.45,1.0,SetByAsk
2025-12-30 19:17:35,2025-12-30T19:17:35,61.45,1.0,SetByAsk
2025-12-30 19:17:35,2025-12-30T19:17:35,61.45,1.0,SetByAsk
2025-12-30 19:17:35,2025-12-30T19:17:35,61.45,1.0,SetByAsk
2025-12-30 19:17:36,2025-12-30T19:17:36,61.45,1.0,SetByAsk
2025-12-30 19:17:36,2025-12-30T19:17:36,61.45,1.0,SetByAsk
2025-12-30 19:17:36,2025-12-30T19:17:36,61.45,1.0,SetByAsk
2025-12-30 19:17:58,2025-12-30T19:17:58,61.46,1.0,SetByBid
2025-12-30 19:17:58,2025-12-30T19:17:58,61.46,1.0,SetByBid
2025-12-30 19:17:58,2025-12-30T19:17:58,61.46,1.0,SetByBid
2025-12-30 19:17:58,2025-12-30T19:17:58,61.46,2.0,SetByBid
2025-12-30 19:17:58,2025-12-30T19:17:58,61.46,1.0,SetByBid
2025-12-30 19:17:59,2025-12-30T19:17:59,61.45,1.0,SetByAsk
2025-12-30 19:17:59,2025-12-30T19:17:59,61.45,1.0,SetByAsk
2025-12-30 19:18:12,2025-12-30T19:18:12,61.44,1.0,SetByAsk
2025-12-30 19:18:12,2025-12-30T19:18:12,61.44,3.0,SetByAsk
2025-12-30 19:18:12,2025-12-30T19:18:12,61.44,2.0,SetByAsk
2025-12-30 19:18:12,2025-12-30T19:18:12,61.44,1.0,SetByAsk
2025-12-30 19:18:12,2025-12-30T19:18:12,61.44,1.0,SetByAsk
2025-12-30 19:18:12,2025-12-30T19:18:12,61.44,1.0,SetByAsk
2025-12-30 19:18:12,2025-12-30T19:18:12,61.44,1.0,SetByAsk
2025-12-30 19:18:26,2025-12-30T19:18:26,61.43,1.0,SetByAsk
2025-12-30 19:18:26,2025-12-30T19:18:26,61.43,1.0,SetByAsk
2025-12-30 19:18:26,2025-12-30T19:18:26,61.43,1.0,SetByAsk
2025-12-30 19:18:26,2025-12-30T19:18:26,61.43,1.0,SetByAsk
2025-12-30 19:18:26,2025-12-30T19:18:26,61.43,2.0,SetByAsk
2025-12-30 19:18:26,2025-12-30T19:18:26,61.43,3.0,SetByAsk
2025-12-30 19:18:26,2025-12-30T19:18:26,61.43,1.0,SetByAsk
2025-12-30 19:18:32,2025-12-30T19:18:32,61.42,1.0,SetByAsk
2025-12-30 19:18:32,2025-12-30T19:18:32,61.42,1.0,SetByAsk
2025-12-30 19:18:32,2025-12-30T19:18:32,61.42,1.0,SetByAsk
2025-12-30 19:18:50,2025-12-30T19:18:50,61.42,1.0,"SetByBid, Leg"
2025-12-30 19:18:50,2025-12-30T19:18:50,61.43,1.0,"SetByBid, Leg"
2025-12-30 19:18:50,2025-12-30T19:18:50,61.43,1.0,SetByBid
2025-12-30 19:18:50,2025-12-30T19:18:50,61.43,2.0,SetByBid
2025-12-30 19:18:50,2025-12-30T19:18:50,61.43,1.0,SetByBid
2025-12-30 19:18:50,2025-12-30T19:18:50,61.43,1.0,SetByBid
2025-12-30 19:18:50,2025-12-30T19:18:50,61.43,2.0,SetByBid
2025-12-30 19:19:04,2025-12-30T19:19:04,61.41,1.0,SetByAsk
2025-12-30 19:19:04,2025-12-30T19:19:04,61.41,1.0,SetByAsk
2025-12-30 19:19:04,2025-12-30T19:19:04,61.41,1.0,SetByAsk
2025-12-30 19:19:04,2025-12-30T19:19:04,61.41,1.0,SetByAsk
2025-12-30 19:19:04,2025-12-30T19:19:04,61.41,1.0,SetByAsk
2025-12-30 19:19:17,2025-12-30T19:19:17,61.39,2.0,SetByAsk
2025-12-30 19:19:43,2025-12-30T19:19:43,61.4,1.0,SetByBid
2025-12-30 19:20:10,2025-12-30T19:20:10,61.4,2.0,SetByBid
2025-12-30 19:20:10,2025-12-30T19:20:10,61.4,1.0,SetByBid
2025-12-30 19:20:10,2025-12-30T19:20:10,61.4,1.0,SetByBid
2025-12-30 19:20:10,2025-12-30T19:20:10,61.4,1.0,SetByBid
2025-12-30 19:20:25,2025-12-30T19:20:25,61.41,1.0,SetByBid
2025-12-30 19:20:25,2025-12-30T19:20:25,61.41,1.0,SetByBid
2025-12-30 19:20:25,2025-12-30T19:20:25,61.41,1.0,SetByBid
2025-12-30 19:20:25,2025-12-30T19:20:25,61.41,3.0,SetByBid
2025-12-30 19:20:25,2025-12-30T19:20:25,61.41,1.0,SetByBid
2025-12-30 19:20:25,2025-12-30T19:20:25,61.41,3.0,SetByBid
2025-12-30 19:20:25,2025-12-30T19:20:25,61.41,1.0,SetByBid
2025-12-30 19:20:25,2025-12-30T19:20:25,61.41,1.0,SetByBid
2025-12-30 19:20:25,2025-12-30T19:20:25,61.41,1.0,SetByBid
2025-12-30 19:20:25,2025-12-30T19:20:25,61.41,1.0,SetByBid
2025-12-30 19:20:25,2025-12-30T19:20:25,61.41,2.0,SetByBid
2025-12-30 19:20:25,2025-12-30T19:20:25,61.41,1.0,SetByBid
2025-12-30 19:20:25,2025-12-30T19:20:25,61.41,1.0,SetByBid
2025-12-30 19:20:25,2025-12-30T19:20:25,61.41,3.0,SetByBid
2025-12-30 19:20:25,2025-12-30T19:20:25,61.4,1.0,SetByAsk
2025-12-30 19:20:25,2025-12-30T19:20:25,61.4,1.0,SetByAsk
2025-12-30 19:20:40,2025-12-30T19:20:40,61.4,1.0,"SetByBid, Leg"
2025-12-30 19:20:40,2025-12-30T19:20:40,61.41,1.0,"SetByBid, Leg"
2025-12-30 19:20:55,2025-12-30T19:20:55,61.39,1.0,SetByAsk
2025-12-30 19:20:55,2025-12-30T19:20:55,61.39,1.0,SetByAsk
2025-12-30 19:21:23,2025-12-30T19:21:23,61.37,1.0,SetByAsk
2025-12-30 19:21:23,2025-12-30T19:21:23,61.37,1.0,SetByAsk
2025-12-30 19:21:37,2025-12-30T19:21:37,61.37,1.0,SetByBid
2025-12-30 19:22:30,2025-12-30T19:22:30,61.36,1.0,SetByAsk
2025-12-30 19:22:30,2025-12-30T19:22:30,61.36,1.0,SetByAsk
2025-12-30 19:22:30,2025-12-30T19:22:30,61.36,1.0,SetByAsk
2025-12-30 19:22:35,2025-12-30T19:22:35,61.36,1.0,SetByBid
2025-12-30 19:22:35,2025-12-30T19:22:35,61.36,1.0,SetByBid
2025-12-30 19:22:35,2025-12-30T19:22:35,61.36,2.0,SetByBid
2025-12-30 19:22:35,2025-12-30T19:22:35,61.36,1.0,SetByBid
2025-12-30 19:22:35,2025-12-30T19:22:35,61.36,1.0,SetByBid
2025-12-30 19:22:35,2025-12-30T19:22:35,61.36,1.0,SetByBid
2025-12-30 19:22:35,2025-12-30T19:22:35,61.36,4.0,SetByBid
2025-12-30 19:22:35,2025-12-30T19:22:35,61.36,1.0,SetByBid
2025-12-30 19:22:40,2025-12-30T19:22:40,61.36,1.0,SetByBid
2025-12-30 19:22:48,2025-12-30T19:22:48,61.36,1.0,SetByAsk
2025-12-30 19:22:48,2025-12-30T19:22:48,61.36,1.0,SetByAsk
2025-12-30 19:22:48,2025-12-30T19:22:48,61.36,1.0,SetByAsk
2025-12-30 19:22:58,2025-12-30T19:22:58,61.36,1.0,SetByBid
2025-12-30 19:23:19,2025-12-30T19:23:19,61.37,2.0,SetByBid
2025-12-30 19:23:19,2025-12-30T19:23:19,61.37,1.0,SetByBid
2025-12-30 19:23:22,2025-12-30T19:23:22,61.37,1.0,SetByAsk
2025-12-30 19:23:44,2025-12-30T19:23:44,61.38,1.0,SetByAsk
2025-12-30 19:23:50,2025-12-30T19:23:50,61.38,1.0,SetByBid
2025-12-30 19:24:09,2025-12-30T19:24:09,61.4,2.0,SetByAsk
2025-12-30 19:24:09,2025-12-30T19:24:09,61.4,1.0,SetByAsk
2025-12-30 19:24:40,2025-12-30T19:24:40,61.39,1.0,SetByAsk
2025-12-30 19:24:47,2025-12-30T19:24:47,61.38,1.0,SetByAsk
2025-12-30 19:24:47,2025-12-30T19:24:47,61.38,1.0,SetByAsk
2025-12-30 19:25:03,2025-12-30T19:25:03,61.38,1.0,SetByAsk
2025-12-30 19:25:10,2025-12-30T19:25:10,61.37,1.0,SetByAsk
2025-12-30 19:25:13,2025-12-30T19:25:13,61.37,1.0,SetByBid
2025-12-30 19:25:34,2025-12-30T19:25:34,61.37,1.0,SetByAsk
2025-12-30 19:25:43,2025-12-30T19:25:43,61.37,1.0,SetByBid
2025-12-30 19:26:03,2025-12-30T19:26:03,61.37,2.0,SetByAsk
2025-12-30 19:26:29,2025-12-30T19:26:29,61.37,1.0,SetByAsk
2025-12-30 19:26:29,2025-12-30T19:26:29,61.37,1.0,SetByAsk
2025-12-30 19:26:29,2025-12-30T19:26:29,61.37,1.0,SetByAsk
2025-12-30 19:26:37,2025-12-30T19:26:37,61.37,2.0,SetByBid
2025-12-30 19:26:37,2025-12-30T19:26:37,61.37,2.0,SetByBid
2025-12-30 19:26:46,2025-12-30T19:26:46,61.38,1.0,SetByBid
2025-12-30 19:26:46,2025-12-30T19:26:46,61.38,3.0,SetByBid
2025-12-30 19:26:46,2025-12-30T19:26:46,61.38,1.0,SetByBid
2025-12-30 19:26:48,2025-12-30T19:26:48,61.38,1.0,SetByAsk
2025-12-30 19:26:48,2025-12-30T19:26:48,61.38,1.0,SetByAsk
2025-12-30 19:27:03,2025-12-30T19:27:03,61.38,1.0,SetByAsk
2025-12-30 19:27:55,2025-12-30T19:27:55,61.38,1.0,SetByAsk
2025-12-30 19:28:00,2025-12-30T19:28:00,61.39,1.0,SetByBid
2025-12-30 19:28:02,2025-12-30T19:28:02,61.38,1.0,SetByAsk
2025-12-30 19:28:02,2025-12-30T19:28:02,61.38,2.0,SetByAsk
2025-12-30 19:28:02,2025-12-30T19:28:02,61.38,1.0,SetByAsk
2025-12-30 19:28:04,2025-12-30T19:28:04,61.37,1.0,SetByBid
2025-12-30 19:28:41,2025-12-30T19:28:41,61.36,1.0,SetByAsk
2025-12-30 19:28:58,2025-12-30T19:28:58,61.36,1.0,SetByAsk
2025-12-30 19:28:58,2025-12-30T19:28:58,61.36,1.0,SetByAsk
2025-12-30 19:29:00,2025-12-30T19:29:00,61.35,1.0,SetByAsk
2025-12-30 19:29:09,2025-12-30T19:29:09,61.34,1.0,SetByAsk
2025-12-30 19:29:09,2025-12-30T19:29:09,61.34,1.0,SetByAsk
2025-12-30 19:29:10,2025-12-30T19:29:10,61.33,1.0,SetByBid
2025-12-30 19:29:10,2025-12-30T19:29:10,61.33,1.0,SetByAsk
2025-12-30 19:29:10,2025-12-30T19:29:10,61.33,1.0,SetByBid
2025-12-30 19:29:10,2025-12-30T19:29:10,61.33,5.0,SetByBid
2025-12-30 19:29:23,2025-12-30T19:29:23,61.34,1.0,SetByBid
2025-12-30 19:29:23,2025-12-30T19:29:23,61.34,3.0,SetByBid
2025-12-30 19:29:23,2025-12-30T19:29:23,61.34,1.0,SetByAsk
2025-12-30 19:29:27,2025-12-30T19:29:27,61.34,1.0,SetByBid
2025-12-30 19:29:54,2025-12-30T19:29:54,61.35,1.0,SetByBid
2025-12-30 19:29:54,2025-12-30T19:29:54,61.35,1.0,SetByBid
2025-12-30 19:29:54,2025-12-30T19:29:54,61.35,5.0,SetByBid
2025-12-30 19:29:54,2025-12-30T19:29:54,61.35,1.0,SetByBid
2025-12-30 19:29:56,2025-12-30T19:29:56,61.35,1.0,SetByBid
2025-12-30 19:30:00,2025-12-30T19:30:00,61.36,1.0,SetByBid
2025-12-30 19:30:00,2025-12-30T19:30:00,61.36,2.0,SetByBid
2025-12-30 19:30:00,2025-12-30T19:30:00,61.36,1.0,SetByBid
2025-12-30 19:30:07,2025-12-30T19:30:07,61.35,1.0,SetByAsk
2025-12-30 19:30:07,2025-12-30T19:30:07,61.35,1.0,SetByAsk
2025-12-30 19:30:07,2025-12-30T19:30:07,61.35,1.0,SetByAsk
2025-12-30 19:30:57,2025-12-30T19:30:57,61.37,2.0,SetByAsk
2025-12-30 19:30:57,2025-12-30T19:30:57,61.37,1.0,SetByAsk
2025-12-30 19:31:00,2025-12-30T19:31:00,61.37,1.0,SetByBid
2025-12-30 19:31:00,2025-12-30T19:31:00,61.37,1.0,SetByBid
2025-12-30 19:32:11,2025-12-30T19:32:11,61.38,1.0,SetByAsk
2025-12-30 19:32:12,2025-12-30T19:32:12,61.38,1.0,SetByAsk
2025-12-30 19:32:47,2025-12-30T19:32:47,61.38,1.0,SetByBid
2025-12-30 19:32:47,2025-12-30T19:32:47,61.38,1.0,SetByBid
2025-12-30 19:32:47,2025-12-30T19:32:47,61.38,1.0,SetByBid
2025-12-30 19:33:03,2025-12-30T19:33:03,61.38,1.0,SetByBid
2025-12-30 19:33:11,2025-12-30T19:33:11,61.38,1.0,SetByAsk
2025-12-30 19:33:37,2025-12-30T19:33:37,61.39,2.0,SetByBid
2025-12-30 19:33:37,2025-12-30T19:33:37,61.39,1.0,SetByBid
2025-12-30 19:33:37,2025-12-30T19:33:37,61.39,1.0,SetByBid
2025-12-30 19:33:37,2025-12-30T19:33:37,61.39,1.0,SetByBid
2025-12-30 19:33:39,2025-12-30T19:33:39,61.39,1.0,SetByBid
2025-12-30 19:33:55,2025-12-30T19:33:55,61.39,1.0,SetByBid
2025-12-30 19:33:55,2025-12-30T19:33:55,61.39,1.0,SetByBid
2025-12-30 19:33:55,2025-12-30T19:33:55,61.39,2.0,SetByBid
2025-12-30 19:33:55,2025-12-30T19:33:55,61.39,1.0,SetByBid
2025-12-30 19:33:55,2025-12-30T19:33:55,61.39,1.0,SetByBid
2025-12-30 19:33:55,2025-12-30T19:33:55,61.39,3.0,SetByBid
2025-12-30 19:33:55,2025-12-30T19:33:55,61.39,5.0,SetByBid
2025-12-30 19:33:55,2025-12-30T19:33:55,61.39,2.0,SetByBid
2025-12-30 19:34:08,2025-12-30T19:34:08,61.38,2.0,SetByAsk
2025-12-30 19:34:08,2025-12-30T19:34:08,61.37,1.0,SetByAsk
2025-12-30 19:34:35,2025-12-30T19:34:35,61.36,1.0,SetByAsk
2025-12-30 19:34:35,2025-12-30T19:34:35,61.36,1.0,SetByAsk
2025-12-30 19:34:45,2025-12-30T19:34:45,61.36,1.0,SetByBid
2025-12-30 19:34:45,2025-12-30T19:34:45,61.36,1.0,SetByBid
2025-12-30 19:35:01,2025-12-30T19:35:01,61.36,1.0,SetByBid
2025-12-30 19:35:01,2025-12-30T19:35:01,61.36,1.0,SetByBid
2025-12-30 19:35:01,2025-12-30T19:35:01,61.36,1.0,SetByBid
2025-12-30 19:35:20,2025-12-30T19:35:20,61.36,1.0,SetByBid
2025-12-30 19:35:47,2025-12-30T19:35:47,61.36,1.0,SetByAsk
2025-12-30 19:36:14,2025-12-30T19:36:14,61.36,1.0,SetByAsk
2025-12-30 19:37:09,2025-12-30T19:37:09,61.36,1.0,SetByAsk
2025-12-30 19:37:09,2025-12-30T19:37:09,61.36,1.0,SetByAsk
2025-12-30 19:37:09,2025-12-30T19:37:09,61.36,1.0,SetByAsk
2025-12-30 19:37:16,2025-12-30T19:37:16,61.35,1.0,SetByBid
2025-12-30 19:37:21,2025-12-30T19:37:21,61.36,1.0,SetByBid
2025-12-30 19:37:25,2025-12-30T19:37:25,61.33,2.0,SetByAsk
2025-12-30 19:37:25,2025-12-30T19:37:25,61.33,3.0,SetByAsk
2025-12-30 19:37:25,2025-12-30T19:37:25,61.33,2.0,SetByAsk
2025-12-30 19:37:25,2025-12-30T19:37:25,61.33,1.0,SetByAsk
2025-12-30 19:37:25,2025-12-30T19:37:25,61.33,1.0,SetByAsk
2025-12-30 19:37:25,2025-12-30T19:37:25,61.33,1.0,SetByAsk
2025-12-30 19:37:25,2025-12-30T19:37:25,61.33,1.0,SetByAsk
2025-12-30 19:37:25,2025-12-30T19:37:25,61.34,1.0,SetByBid
2025-12-30 19:37:25,2025-12-30T19:37:25,61.34,2.0,SetByBid
2025-12-30 19:37:25,2025-12-30T19:37:25,61.34,1.0,SetByBid
2025-12-30 19:37:25,2025-12-30T19:37:25,61.34,1.0,SetByBid
2025-12-30 19:37:25,2025-12-30T19:37:25,61.34,1.0,SetByBid
2025-12-30 19:37:25,2025-12-30T19:37:25,61.34,1.0,SetByAsk
2025-12-30 19:37:50,2025-12-30T19:37:50,61.35,2.0,SetByBid
2025-12-30 19:37:58,2025-12-30T19:37:58,61.36,1.0,SetByBid
2025-12-30 19:38:15,2025-12-30T19:38:15,61.36,1.0,SetByAsk
2025-12-30 19:38:56,2025-12-30T19:38:56,61.35,1.0,SetByAsk
2025-12-30 19:38:56,2025-12-30T19:38:56,61.34,1.0,SetByBid
2025-12-30 19:39:01,2025-12-30T19:39:01,61.34,1.0,SetByBid
2025-12-30 19:39:03,2025-12-30T19:39:03,61.34,2.0,SetByAsk
2025-12-30 19:39:06,2025-12-30T19:39:06,61.35,1.0,SetByAsk
2025-12-30 19:39:09,2025-12-30T19:39:09,61.35,1.0,SetByAsk
2025-12-30 19:39:55,2025-12-30T19:39:55,61.36,4.0,SetByAsk
2025-12-30 19:39:57,2025-12-30T19:39:57,61.37,2.0,SetByBid
2025-12-30 19:39:57,2025-12-30T19:39:57,61.37,1.0,SetByBid
2025-12-30 19:39:57,2025-12-30T19:39:57,61.37,1.0,SetByBid
2025-12-30 19:40:16,2025-12-30T19:40:16,61.39,1.0,SetByBid
2025-12-30 19:40:16,2025-12-30T19:40:16,61.39,2.0,SetByBid
2025-12-30 19:40:16,2025-12-30T19:40:16,61.39,1.0,SetByBid
2025-12-30 19:40:16,2025-12-30T19:40:16,61.39,1.0,SetByBid
2025-12-30 19:40:16,2025-12-30T19:40:16,61.39,2.0,SetByBid
2025-12-30 19:40:16,2025-12-30T19:40:16,61.38,3.0,SetByAsk
2025-12-30 19:40:16,2025-12-30T19:40:16,61.38,1.0,SetByAsk
2025-12-30 19:40:17,2025-12-30T19:40:17,61.38,1.0,SetByAsk
2025-12-30 19:40:17,2025-12-30T19:40:17,61.38,1.0,SetByAsk
2025-12-30 19:40:17,2025-12-30T19:40:17,61.38,1.0,SetByAsk
2025-12-30 19:40:17,2025-12-30T19:40:17,61.38,1.0,SetByAsk
2025-12-30 19:40:40,2025-12-30T19:40:40,61.38,2.0,SetByBid
2025-12-30 19:40:46,2025-12-30T19:40:46,61.38,1.0,SetByBid
2025-12-30 19:40:46,2025-12-30T19:40:46,61.38,2.0,SetByBid
2025-12-30 19:40:46,2025-12-30T19:40:46,61.38,1.0,SetByBid
2025-12-30 19:40:46,2025-12-30T19:40:46,61.38,1.0,SetByBid
2025-12-30 19:40:46,2025-12-30T19:40:46,61.38,2.0,SetByBid
2025-12-30 19:40:46,2025-12-30T19:40:46,61.38,1.0,SetByBid
2025-12-30 19:40:46,2025-12-30T19:40:46,61.38,2.0,SetByBid
2025-12-30 19:40:46,2025-12-30T19:40:46,61.38,2.0,SetByBid
2025-12-30 19:40:46,2025-12-30T19:40:46,61.38,3.0,SetByBid
2025-12-30 19:40:46,2025-12-30T19:40:46,61.38,1.0,SetByBid
2025-12-30 19:40:46,2025-12-30T19:40:46,61.38,1.0,SetByBid
2025-12-30 19:40:46,2025-12-30T19:40:46,61.38,1.0,SetByBid
2025-12-30 19:40:46,2025-12-30T19:40:46,61.38,2.0,SetByBid
2025-12-30 19:40:46,2025-12-30T19:40:46,61.38,1.0,SetByBid
2025-12-30 19:40:46,2025-12-30T19:40:46,61.38,1.0,SetByBid
2025-12-30 19:40:46,2025-12-30T19:40:46,61.38,1.0,SetByBid
2025-12-30 19:40:46,2025-12-30T19:40:46,61.38,1.0,SetByBid
2025-12-30 19:40:46,2025-12-30T19:40:46,61.38,1.0,SetByBid
2025-12-30 19:40:46,2025-12-30T19:40:46,61.38,3.0,SetByBid
2025-12-30 19:40:46,2025-12-30T19:40:46,61.38,2.0,SetByBid
2025-12-30 19:40:46,2025-12-30T19:40:46,61.38,1.0,SetByBid
2025-12-30 19:40:46,2025-12-30T19:40:46,61.38,1.0,SetByBid
2025-12-30 19:40:46,2025-12-30T19:40:46,61.38,1.0,SetByBid
2025-12-30 19:40:46,2025-12-30T19:40:46,61.38,1.0,SetByBid
2025-12-30 19:40:48,2025-12-30T19:40:48,61.38,2.0,SetByBid
2025-12-30 19:40:48,2025-12-30T19:40:48,61.38,2.0,SetByBid
2025-12-30 19:40:48,2025-12-30T19:40:48,61.38,1.0,SetByBid
2025-12-30 19:40:48,2025-12-30T19:40:48,61.38,2.0,SetByBid
2025-12-30 19:40:48,2025-12-30T19:40:48,61.38,1.0,SetByBid
2025-12-30 19:40:48,2025-12-30T19:40:48,61.38,1.0,SetByBid
2025-12-30 19:40:55,2025-12-30T19:40:55,61.38,1.0,SetByBid
2025-12-30 19:41:05,2025-12-30T19:41:05,61.39,1.0,SetByAsk
2025-12-30 19:41:37,2025-12-30T19:41:37,61.37,1.0,SetByBid
2025-12-30 19:41:37,2025-12-30T19:41:37,61.37,1.0,SetByBid
2025-12-30 19:41:37,2025-12-30T19:41:37,61.37,1.0,SetByBid
2025-12-30 19:41:37,2025-12-30T19:41:37,61.37,11.0,SetByBid
2025-12-30 19:41:37,2025-12-30T19:41:37,61.37,1.0,SetByBid
2025-12-30 19:42:21,2025-12-30T19:42:21,61.38,1.0,SetByAsk
2025-12-30 19:42:21,2025-12-30T19:42:21,61.38,1.0,SetByAsk
2025-12-30 19:42:21,2025-12-30T19:42:21,61.38,1.0,SetByAsk
2025-12-30 19:42:21,2025-12-30T19:42:21,61.38,1.0,SetByAsk
2025-12-30 19:42:21,2025-12-30T19:42:21,61.38,1.0,SetByBid
2025-12-30 19:42:53,2025-12-30T19:42:53,61.37,1.0,SetByAsk
2025-12-30 19:42:55,2025-12-30T19:42:55,61.37,1.0,SetByAsk
2025-12-30 19:42:55,2025-12-30T19:42:55,61.37,1.0,SetByBid
2025-12-30 19:42:55,2025-12-30T19:42:55,61.37,1.0,SetByBid
2025-12-30 19:42:55,2025-12-30T19:42:55,61.37,3.0,SetByBid
2025-12-30 19:43:44,2025-12-30T19:43:44,61.38,1.0,SetByBid
2025-12-30 19:43:44,2025-12-30T19:43:44,61.38,2.0,SetByBid
2025-12-30 19:43:44,2025-12-30T19:43:44,61.38,3.0,SetByBid
2025-12-30 19:43:44,2025-12-30T19:43:44,61.38,2.0,SetByBid
2025-12-30 19:43:44,2025-12-30T19:43:44,61.38,1.0,SetByBid
2025-12-30 19:43:44,2025-12-30T19:43:44,61.38,1.0,SetByBid
2025-12-30 19:43:44,2025-12-30T19:43:44,61.38,2.0,SetByBid
2025-12-30 19:43:44,2025-12-30T19:43:44,61.38,1.0,SetByBid
2025-12-30 19:43:44,2025-12-30T19:43:44,61.38,1.0,SetByBid
2025-12-30 19:43:44,2025-12-30T19:43:44,61.38,1.0,SetByBid
2025-12-30 19:43:44,2025-12-30T19:43:44,61.38,1.0,SetByBid
2025-12-30 19:43:44,2025-12-30T19:43:44,61.38,1.0,SetByBid
2025-12-30 19:43:44,2025-12-30T19:43:44,61.38,5.0,SetByBid
2025-12-30 19:43:44,2025-12-30T19:43:44,61.38,2.0,SetByBid
2025-12-30 19:43:44,2025-12-30T19:43:44,61.38,1.0,SetByBid
2025-12-30 19:43:44,2025-12-30T19:43:44,61.38,1.0,SetByBid
2025-12-30 19:43:44,2025-12-30T19:43:44,61.38,1.0,SetByBid
2025-12-30 19:43:44,2025-12-30T19:43:44,61.38,1.0,SetByBid
2025-12-30 19:43:44,2025-12-30T19:43:44,61.38,1.0,SetByBid
2025-12-30 19:43:44,2025-12-30T19:43:44,61.38,1.0,SetByBid
2025-12-30 19:43:44,2025-12-30T19:43:44,61.38,1.0,SetByBid
2025-12-30 19:43:44,2025-12-30T19:43:44,61.38,3.0,SetByBid
2025-12-30 19:43:44,2025-12-30T19:43:44,61.38,1.0,SetByBid
2025-12-30 19:43:44,2025-12-30T19:43:44,61.38,1.0,SetByBid
2025-12-30 19:43:44,2025-12-30T19:43:44,61.38,3.0,SetByBid
2025-12-30 19:43:44,2025-12-30T19:43:44,61.38,1.0,SetByBid
2025-12-30 19:43:44,2025-12-30T19:43:44,61.38,1.0,SetByBid
2025-12-30 19:43:44,2025-12-30T19:43:44,61.38,3.0,SetByBid
2025-12-30 19:43:44,2025-12-30T19:43:44,61.38,1.0,SetByBid
2025-12-30 19:43:44,2025-12-30T19:43:44,61.38,2.0,SetByBid
2025-12-30 19:43:44,2025-12-30T19:43:44,61.38,2.0,SetByBid
2025-12-30 19:43:44,2025-12-30T19:43:44,61.38,2.0,SetByBid
2025-12-30 19:43:44,2025-12-30T19:43:44,61.38,2.0,SetByBid
2025-12-30 19:43:44,2025-12-30T19:43:44,61.38,2.0,SetByBid
2025-12-30 19:43:44,2025-12-30T19:43:44,61.38,1.0,SetByBid
2025-12-30 19:43:44,2025-12-30T19:43:44,61.38,2.0,SetByBid
2025-12-30 19:43:44,2025-12-30T19:43:44,61.38,1.0,SetByBid
2025-12-30 19:43:44,2025-12-30T19:43:44,61.38,1.0,SetByBid
2025-12-30 19:43:44,2025-12-30T19:43:44,61.38,3.0,SetByBid
2025-12-30 19:43:44,2025-12-30T19:43:44,61.38,1.0,SetByBid
2025-12-30 19:43:44,2025-12-30T19:43:44,61.38,1.0,SetByBid
2025-12-30 19:43:44,2025-12-30T19:43:44,61.38,3.0,SetByBid
2025-12-30 19:43:44,2025-12-30T19:43:44,61.38,1.0,SetByBid
2025-12-30 19:43:44,2025-12-30T19:43:44,61.38,1.0,SetByBid
2025-12-30 19:43:44,2025-12-30T19:43:44,61.38,1.0,SetByBid
2025-12-30 19:43:46,2025-12-30T19:43:46,61.38,1.0,SetByBid
2025-12-30 19:43:46,2025-12-30T19:43:46,61.38,1.0,SetByBid
2025-12-30 19:43:46,2025-12-30T19:43:46,61.38,1.0,SetByBid
2025-12-30 19:44:11,2025-12-30T19:44:11,61.38,1.0,SetByBid
2025-12-30 19:44:11,2025-12-30T19:44:11,61.38,1.0,SetByBid
2025-12-30 19:44:20,2025-12-30T19:44:20,61.37,2.0,SetByAsk
2025-12-30 19:44:36,2025-12-30T19:44:36,61.37,2.0,SetByAsk
2025-12-30 19:44:36,2025-12-30T19:44:36,61.37,1.0,SetByAsk
2025-12-30 19:44:36,2025-12-30T19:44:36,61.36,1.0,SetByAsk
2025-12-30 19:44:36,2025-12-30T19:44:36,61.36,1.0,SetByAsk
2025-12-30 19:44:36,2025-12-30T19:44:36,61.36,2.0,SetByAsk
2025-12-30 19:44:36,2025-12-30T19:44:36,61.36,5.0,SetByAsk
2025-12-30 19:44:36,2025-12-30T19:44:36,61.36,4.0,SetByAsk
2025-12-30 19:44:36,2025-12-30T19:44:36,61.36,1.0,SetByAsk
2025-12-30 19:44:36,2025-12-30T19:44:36,61.36,1.0,SetByAsk
2025-12-30 19:44:36,2025-12-30T19:44:36,61.36,1.0,"SetByAsk, Leg"
2025-12-30 19:44:36,2025-12-30T19:44:36,61.35,1.0,"SetByAsk, Leg"
2025-12-30 19:44:36,2025-12-30T19:44:36,61.35,1.0,SetByAsk
2025-12-30 19:44:36,2025-12-30T19:44:36,61.35,4.0,SetByAsk
2025-12-30 19:44:36,2025-12-30T19:44:36,61.35,1.0,SetByAsk
2025-12-30 19:44:36,2025-12-30T19:44:36,61.35,1.0,SetByAsk
2025-12-30 19:44:36,2025-12-30T19:44:36,61.35,2.0,SetByAsk
2025-12-30 19:44:36,2025-12-30T19:44:36,61.35,5.0,SetByAsk
2025-12-30 19:44:36,2025-12-30T19:44:36,61.35,3.0,SetByAsk
2025-12-30 19:44:36,2025-12-30T19:44:36,61.35,1.0,SetByAsk
2025-12-30 19:44:36,2025-12-30T19:44:36,61.35,1.0,SetByAsk
2025-12-30 19:44:36,2025-12-30T19:44:36,61.35,1.0,SetByAsk
2025-12-30 19:44:36,2025-12-30T19:44:36,61.35,1.0,SetByAsk
2025-12-30 19:44:36,2025-12-30T19:44:36,61.35,1.0,SetByAsk
2025-12-30 19:44:36,2025-12-30T19:44:36,61.35,1.0,SetByAsk
2025-12-30 19:44:36,2025-12-30T19:44:36,61.36,4.0,SetByAsk
2025-12-30 19:44:36,2025-12-30T19:44:36,61.36,1.0,SetByBid
2025-12-30 19:44:36,2025-12-30T19:44:36,61.36,1.0,SetByBid
2025-12-30 19:44:36,2025-12-30T19:44:36,61.36,1.0,SetByBid
2025-12-30 19:44:36,2025-12-30T19:44:36,61.36,1.0,SetByBid
2025-12-30 19:44:36,2025-12-30T19:44:36,61.36,1.0,SetByBid
2025-12-30 19:44:36,2025-12-30T19:44:36,61.36,1.0,SetByBid
2025-12-30 19:44:36,2025-12-30T19:44:36,61.36,1.0,SetByBid
2025-12-30 19:44:36,2025-12-30T19:44:36,61.36,1.0,SetByBid
2025-12-30 19:44:55,2025-12-30T19:44:55,61.37,1.0,SetByBid
2025-12-30 19:45:37,2025-12-30T19:45:37,61.37,1.0,SetByBid
2025-12-30 19:45:37,2025-12-30T19:45:37,61.37,1.0,SetByBid
2025-12-30 19:45:37,2025-12-30T19:45:37,61.37,1.0,SetByBid
2025-12-30 19:45:38,2025-12-30T19:45:38,61.37,1.0,SetByAsk
2025-12-30 19:45:38,2025-12-30T19:45:38,61.37,1.0,SetByAsk
2025-12-30 19:45:38,2025-12-30T19:45:38,61.37,1.0,SetByBid
2025-12-30 19:45:39,2025-12-30T19:45:39,61.37,1.0,SetByBid
2025-12-30 19:46:08,2025-12-30T19:46:08,61.37,1.0,SetByAsk
2025-12-30 19:46:28,2025-12-30T19:46:28,61.36,1.0,SetByAsk
2025-12-30 19:46:28,2025-12-30T19:46:28,61.36,1.0,SetByAsk
2025-12-30 19:46:28,2025-12-30T19:46:28,61.36,2.0,SetByAsk
2025-12-30 19:46:28,2025-12-30T19:46:28,61.36,1.0,SetByAsk
2025-12-30 19:46:29,2025-12-30T19:46:29,61.37,1.0,SetByBid
2025-12-30 19:46:29,2025-12-30T19:46:29,61.37,1.0,SetByBid
2025-12-30 19:46:29,2025-12-30T19:46:29,61.37,1.0,SetByBid
2025-12-30 19:46:29,2025-12-30T19:46:29,61.37,1.0,SetByBid
2025-12-30 19:46:33,2025-12-30T19:46:33,61.37,1.0,SetByBid
2025-12-30 19:46:38,2025-12-30T19:46:38,61.36,1.0,SetByAsk
2025-12-30 19:46:44,2025-12-30T19:46:44,61.37,2.0,SetByBid
2025-12-30 19:47:36,2025-12-30T19:47:36,61.38,1.0,SetByBid
2025-12-30 19:48:03,2025-12-30T19:48:03,61.37,1.0,SetByBid
2025-12-30 19:48:10,2025-12-30T19:48:10,61.35,3.0,SetByAsk
2025-12-30 19:48:30,2025-12-30T19:48:30,61.32,1.0,SetByAsk
2025-12-30 19:48:30,2025-12-30T19:48:30,61.32,1.0,SetByAsk
2025-12-30 19:48:30,2025-12-30T19:48:30,61.33,2.0,SetByBid
2025-12-30 19:48:38,2025-12-30T19:48:38,61.32,1.0,SetByAsk
2025-12-30 19:48:54,2025-12-30T19:48:54,61.34,1.0,SetByBid
2025-12-30 19:49:11,2025-12-30T19:49:11,61.35,2.0,SetByAsk
2025-12-30 19:49:11,2025-12-30T19:49:11,61.35,1.0,SetByAsk
2025-12-30 19:49:11,2025-12-30T19:49:11,61.35,1.0,SetByAsk
2025-12-30 19:49:11,2025-12-30T19:49:11,61.35,1.0,SetByAsk
2025-12-30 19:49:11,2025-12-30T19:49:11,61.35,1.0,SetByAsk
2025-12-30 19:49:43,2025-12-30T19:49:43,61.34,1.0,SetByBid
2025-12-30 19:50:11,2025-12-30T19:50:11,61.35,1.0,SetByBid
2025-12-30 19:50:56,2025-12-30T19:50:56,61.34,2.0,SetByAsk
2025-12-30 19:51:25,2025-12-30T19:51:25,61.33,1.0,SetByAsk
2025-12-30 19:51:27,2025-12-30T19:51:27,61.33,1.0,SetByBid
2025-12-30 19:51:27,2025-12-30T19:51:27,61.33,1.0,SetByBid
2025-12-30 19:51:27,2025-12-30T19:51:27,61.33,1.0,SetByBid
2025-12-30 19:51:27,2025-12-30T19:51:27,61.33,1.0,SetByBid
2025-12-30 19:51:40,2025-12-30T19:51:40,61.32,1.0,SetByBid
2025-12-30 19:51:40,2025-12-30T19:51:40,61.32,1.0,SetByBid
2025-12-30 19:51:54,2025-12-30T19:51:54,61.31,1.0,SetByBid
2025-12-30 19:51:55,2025-12-30T19:51:55,61.31,4.0,SetByBid
2025-12-30 19:51:55,2025-12-30T19:51:55,61.31,1.0,SetByBid
2025-12-30 19:51:55,2025-12-30T19:51:55,61.31,1.0,SetByBid
2025-12-30 19:52:06,2025-12-30T19:52:06,61.31,1.0,SetByBid
2025-12-30 19:52:06,2025-12-30T19:52:06,61.31,3.0,SetByBid
2025-12-30 19:52:06,2025-12-30T19:52:06,61.31,1.0,SetByBid
2025-12-30 19:52:06,2025-12-30T19:52:06,61.31,1.0,SetByBid
2025-12-30 19:52:06,2025-12-30T19:52:06,61.31,4.0,SetByBid
2025-12-30 19:52:17,2025-12-30T19:52:17,61.3,4.0,SetByAsk
2025-12-30 19:52:18,2025-12-30T19:52:18,61.3,1.0,SetByAsk
2025-12-30 19:52:18,2025-12-30T19:52:18,61.3,1.0,SetByAsk
2025-12-30 19:52:18,2025-12-30T19:52:18,61.3,1.0,SetByAsk
2025-12-30 19:52:18,2025-12-30T19:52:18,61.3,2.0,SetByAsk
2025-12-30 19:52:18,2025-12-30T19:52:18,61.3,1.0,SetByAsk
2025-12-30 19:52:18,2025-12-30T19:52:18,61.3,2.0,SetByAsk
2025-12-30 19:52:18,2025-12-30T19:52:18,61.3,1.0,SetByAsk
2025-12-30 19:52:18,2025-12-30T19:52:18,61.3,3.0,SetByAsk
2025-12-30 19:52:18,2025-12-30T19:52:18,61.3,1.0,SetByAsk
2025-12-30 19:52:18,2025-12-30T19:52:18,61.3,1.0,SetByAsk
2025-12-30 19:52:18,2025-12-30T19:52:18,61.3,1.0,SetByAsk
2025-12-30 19:52:18,2025-12-30T19:52:18,61.3,3.0,SetByAsk
2025-12-30 19:52:18,2025-12-30T19:52:18,61.3,3.0,SetByAsk
2025-12-30 19:52:21,2025-12-30T19:52:21,61.3,1.0,SetByBid
2025-12-30 19:52:26,2025-12-30T19:52:26,61.29,1.0,SetByAsk
2025-12-30 19:52:26,2025-12-30T19:52:26,61.29,1.0,SetByAsk
2025-12-30 19:52:26,2025-12-30T19:52:26,61.29,1.0,SetByAsk
2025-12-30 19:52:26,2025-12-30T19:52:26,61.29,1.0,SetByAsk
2025-12-30 19:52:26,2025-12-30T19:52:26,61.29,2.0,SetByAsk
2025-12-30 19:52:26,2025-12-30T19:52:26,61.29,1.0,SetByAsk
2025-12-30 19:52:26,2025-12-30T19:52:26,61.29,1.0,SetByBid
2025-12-30 19:52:26,2025-12-30T19:52:26,61.29,3.0,SetByBid
2025-12-30 19:52:26,2025-12-30T19:52:26,61.29,10.0,SetByBid
2025-12-30 19:52:26,2025-12-30T19:52:26,61.29,3.0,SetByBid
2025-12-30 19:52:26,2025-12-30T19:52:26,61.29,1.0,SetByBid
2025-12-30 19:52:26,2025-12-30T19:52:26,61.29,5.0,SetByBid
2025-12-30 19:52:26,2025-12-30T19:52:26,61.29,1.0,SetByAsk
2025-12-30 19:52:29,2025-12-30T19:52:29,61.3,1.0,SetByAsk
2025-12-30 19:52:29,2025-12-30T19:52:29,61.3,1.0,SetByAsk
2025-12-30 19:52:29,2025-12-30T19:52:29,61.3,3.0,SetByAsk
2025-12-30 19:52:29,2025-12-30T19:52:29,61.3,3.0,SetByAsk
2025-12-30 19:52:31,2025-12-30T19:52:31,61.31,1.0,SetByBid
2025-12-30 19:52:31,2025-12-30T19:52:31,61.31,3.0,SetByBid
2025-12-30 19:52:31,2025-12-30T19:52:31,61.31,1.0,SetByBid
2025-12-30 19:52:44,2025-12-30T19:52:44,61.3,2.0,SetByBid
2025-12-30 19:53:20,2025-12-30T19:53:20,61.32,1.0,SetByAsk
2025-12-30 19:53:21,2025-12-30T19:53:21,61.32,1.0,SetByAsk
2025-12-30 19:53:24,2025-12-30T19:53:24,61.32,1.0,SetByAsk
2025-12-30 19:53:30,2025-12-30T19:53:30,61.32,1.0,SetByBid
2025-12-30 19:53:39,2025-12-30T19:53:39,61.34,1.0,SetByBid
2025-12-30 19:53:39,2025-12-30T19:53:39,61.34,1.0,SetByBid
2025-12-30 19:53:39,2025-12-30T19:53:39,61.33,1.0,SetByAsk
2025-12-30 19:54:10,2025-12-30T19:54:10,61.34,2.0,SetByAsk
2025-12-30 19:54:10,2025-12-30T19:54:10,61.34,1.0,SetByBid
2025-12-30 19:54:11,2025-12-30T19:54:11,61.34,1.0,SetByBid
2025-12-30 19:54:19,2025-12-30T19:54:19,61.33,1.0,SetByAsk
2025-12-30 19:54:36,2025-12-30T19:54:36,61.32,1.0,SetByAsk
2025-12-30 19:54:36,2025-12-30T19:54:36,61.32,1.0,SetByAsk
2025-12-30 19:54:55,2025-12-30T19:54:55,61.32,1.0,SetByAsk
2025-12-30 19:54:57,2025-12-30T19:54:57,61.33,1.0,SetByBid
2025-12-30 19:54:57,2025-12-30T19:54:57,61.33,1.0,SetByBid
2025-12-30 19:54:57,2025-12-30T19:54:57,61.33,1.0,SetByBid
2025-12-30 19:54:57,2025-12-30T19:54:57,61.33,1.0,SetByBid
2025-12-30 19:54:57,2025-12-30T19:54:57,61.33,1.0,SetByBid
2025-12-30 19:54:58,2025-12-30T19:54:58,61.32,2.0,SetByBid
2025-12-30 19:54:58,2025-12-30T19:54:58,61.32,1.0,SetByBid
2025-12-30 19:54:58,2025-12-30T19:54:58,61.32,1.0,SetByBid
2025-12-30 19:54:58,2025-12-30T19:54:58,61.32,1.0,SetByBid
2025-12-30 19:55:01,2025-12-30T19:55:01,61.32,1.0,SetByBid
2025-12-30 19:55:01,2025-12-30T19:55:01,61.32,1.0,SetByBid
2025-12-30 19:55:01,2025-12-30T19:55:01,61.32,1.0,SetByBid
2025-12-30 19:55:01,2025-12-30T19:55:01,61.32,1.0,SetByBid
2025-12-30 19:55:01,2025-12-30T19:55:01,61.32,1.0,SetByBid
2025-12-30 19:55:04,2025-12-30T19:55:04,61.32,1.0,SetByAsk
2025-12-30 19:55:04,2025-12-30T19:55:04,61.32,2.0,SetByAsk
2025-12-30 19:55:10,2025-12-30T19:55:10,61.32,1.0,SetByBid
2025-12-30 19:55:19,2025-12-30T19:55:19,61.32,1.0,SetByBid
2025-12-30 19:55:19,2025-12-30T19:55:19,61.32,1.0,SetByBid
2025-12-30 19:55:19,2025-12-30T19:55:19,61.32,2.0,SetByBid
2025-12-30 19:55:19,2025-12-30T19:55:19,61.32,1.0,SetByBid
2025-12-30 19:55:44,2025-12-30T19:55:44,61.33,1.0,SetByAsk
2025-12-30 19:55:44,2025-12-30T19:55:44,61.33,1.0,SetByAsk
2025-12-30 19:55:44,2025-12-30T19:55:44,61.32,2.0,SetByAsk
2025-12-30 19:55:44,2025-12-30T19:55:44,61.32,1.0,SetByAsk
2025-12-30 19:55:44,2025-12-30T19:55:44,61.32,1.0,SetByAsk
2025-12-30 19:55:44,2025-12-30T19:55:44,61.32,1.0,SetByAsk
2025-12-30 19:55:44,2025-12-30T19:55:44,61.32,1.0,SetByAsk
2025-12-30 19:55:44,2025-12-30T19:55:44,61.32,1.0,SetByAsk
2025-12-30 19:55:44,2025-12-30T19:55:44,61.32,4.0,SetByAsk
2025-12-30 19:55:44,2025-12-30T19:55:44,61.32,4.0,SetByAsk
2025-12-30 19:55:44,2025-12-30T19:55:44,61.32,1.0,SetByAsk
2025-12-30 19:55:44,2025-12-30T19:55:44,61.32,5.0,SetByAsk
2025-12-30 19:55:44,2025-12-30T19:55:44,61.32,1.0,SetByAsk
2025-12-30 19:55:44,2025-12-30T19:55:44,61.32,1.0,SetByAsk
2025-12-30 19:55:44,2025-12-30T19:55:44,61.32,1.0,SetByAsk
2025-12-30 19:55:44,2025-12-30T19:55:44,61.32,2.0,SetByAsk
2025-12-30 19:55:44,2025-12-30T19:55:44,61.32,1.0,SetByAsk
2025-12-30 19:55:44,2025-12-30T19:55:44,61.32,1.0,SetByAsk
2025-12-30 19:55:44,2025-12-30T19:55:44,61.32,1.0,SetByAsk
2025-12-30 19:55:44,2025-12-30T19:55:44,61.32,1.0,SetByAsk
2025-12-30 19:55:44,2025-12-30T19:55:44,61.32,1.0,SetByAsk
2025-12-30 19:55:44,2025-12-30T19:55:44,61.32,1.0,SetByAsk
2025-12-30 19:55:44,2025-12-30T19:55:44,61.32,1.0,SetByAsk
2025-12-30 19:55:44,2025-12-30T19:55:44,61.32,1.0,SetByAsk
2025-12-30 19:55:54,2025-12-30T19:55:54,61.32,1.0,SetByAsk
2025-12-30 19:56:02,2025-12-30T19:56:02,61.32,1.0,SetByBid
2025-12-30 19:56:12,2025-12-30T19:56:12,61.32,1.0,SetByAsk
2025-12-30 19:56:15,2025-12-30T19:56:15,61.33,1.0,SetByBid
2025-12-30 19:56:15,2025-12-30T19:56:15,61.33,1.0,SetByBid
2025-12-30 19:56:15,2025-12-30T19:56:15,61.33,2.0,SetByBid
2025-12-30 19:56:20,2025-12-30T19:56:20,61.31,2.0,SetByAsk
2025-12-30 19:56:20,2025-12-30T19:56:20,61.31,1.0,SetByAsk
2025-12-30 19:56:24,2025-12-30T19:56:24,61.32,4.0,SetByBid
2025-12-30 19:56:24,2025-12-30T19:56:24,61.32,1.0,SetByBid
2025-12-30 19:56:25,2025-12-30T19:56:25,61.32,3.0,SetByBid
2025-12-30 19:56:25,2025-12-30T19:56:25,61.32,1.0,SetByBid
2025-12-30 19:56:25,2025-12-30T19:56:25,61.32,1.0,SetByBid
2025-12-30 19:56:25,2025-12-30T19:56:25,61.31,1.0,SetByBid
2025-12-30 19:56:25,2025-12-30T19:56:25,61.31,1.0,SetByBid
2025-12-30 19:56:25,2025-12-30T19:56:25,61.31,2.0,SetByBid
2025-12-30 19:56:26,2025-12-30T19:56:26,61.31,1.0,"SetByBid, Leg"
2025-12-30 19:56:26,2025-12-30T19:56:26,61.32,1.0,"SetByBid, Leg"
2025-12-30 19:56:40,2025-12-30T19:56:40,61.3,1.0,SetByAsk
2025-12-30 19:56:40,2025-12-30T19:56:40,61.3,2.0,SetByAsk
2025-12-30 19:56:40,2025-12-30T19:56:40,61.3,1.0,SetByAsk
2025-12-30 19:56:40,2025-12-30T19:56:40,61.3,1.0,SetByAsk
2025-12-30 19:56:46,2025-12-30T19:56:46,61.3,2.0,SetByBid
2025-12-30 19:56:46,2025-12-30T19:56:46,61.3,1.0,SetByBid
2025-12-30 19:56:46,2025-12-30T19:56:46,61.3,4.0,SetByBid
2025-12-30 19:56:47,2025-12-30T19:56:47,61.3,1.0,SetByBid
2025-12-30 19:56:48,2025-12-30T19:56:48,61.29,1.0,"SetByBid, Leg"
2025-12-30 19:56:48,2025-12-30T19:56:48,61.3,1.0,"SetByBid, Leg"
2025-12-30 19:56:48,2025-12-30T19:56:48,61.3,1.0,SetByBid
2025-12-30 19:56:48,2025-12-30T19:56:48,61.3,1.0,SetByBid
2025-12-30 19:57:05,2025-12-30T19:57:05,61.3,1.0,SetByBid
2025-12-30 19:57:31,2025-12-30T19:57:31,61.31,1.0,SetByAsk
2025-12-30 19:57:31,2025-12-30T19:57:31,61.31,1.0,SetByAsk
2025-12-30 19:57:31,2025-12-30T19:57:31,61.31,2.0,SetByAsk
2025-12-30 19:57:41,2025-12-30T19:57:41,61.32,2.0,SetByBid
2025-12-30 19:57:41,2025-12-30T19:57:41,61.32,1.0,SetByBid
2025-12-30 19:57:41,2025-12-30T19:57:41,61.32,1.0,SetByBid
2025-12-30 19:57:41,2025-12-30T19:57:41,61.32,1.0,SetByBid
2025-12-30 19:57:41,2025-12-30T19:57:41,61.33,2.0,SetByBid
2025-12-30 19:57:41,2025-12-30T19:57:41,61.33,1.0,SetByBid
2025-12-30 19:57:41,2025-12-30T19:57:41,61.33,3.0,SetByBid
2025-12-30 19:57:41,2025-12-30T19:57:41,61.33,1.0,SetByBid
2025-12-30 19:57:41,2025-12-30T19:57:41,61.33,1.0,SetByBid
2025-12-30 19:57:41,2025-12-30T19:57:41,61.33,5.0,SetByBid
2025-12-30 19:57:41,2025-12-30T19:57:41,61.33,4.0,SetByBid
2025-12-30 19:57:41,2025-12-30T19:57:41,61.33,1.0,SetByBid
2025-12-30 19:57:41,2025-12-30T19:57:41,61.33,1.0,SetByBid
2025-12-30 19:57:41,2025-12-30T19:57:41,61.33,1.0,SetByBid
2025-12-30 19:57:41,2025-12-30T19:57:41,61.33,1.0,SetByBid
2025-12-30 19:57:41,2025-12-30T19:57:41,61.33,1.0,SetByBid
2025-12-30 19:57:41,2025-12-30T19:57:41,61.33,1.0,SetByBid
2025-12-30 19:57:41,2025-12-30T19:57:41,61.33,2.0,SetByAsk
2025-12-30 19:57:41,2025-12-30T19:57:41,61.33,2.0,SetByAsk
2025-12-30 19:57:41,2025-12-30T19:57:41,61.33,2.0,SetByAsk
2025-12-30 19:57:41,2025-12-30T19:57:41,61.33,2.0,SetByAsk
2025-12-30 19:57:41,2025-12-30T19:57:41,61.33,2.0,SetByAsk
2025-12-30 19:57:51,2025-12-30T19:57:51,61.34,1.0,SetByAsk
2025-12-30 19:57:51,2025-12-30T19:57:51,61.34,2.0,SetByAsk
2025-12-30 19:57:53,2025-12-30T19:57:53,61.34,1.0,SetByBid
2025-12-30 19:58:01,2025-12-30T19:58:01,61.33,1.0,SetByAsk
2025-12-30 19:58:38,2025-12-30T19:58:38,61.32,1.0,SetByBid
2025-12-30 19:58:42,2025-12-30T19:58:42,61.31,1.0,SetByAsk
2025-12-30 19:58:42,2025-12-30T19:58:42,61.31,1.0,SetByAsk
2025-12-30 19:58:42,2025-12-30T19:58:42,61.31,1.0,SetByAsk
2025-12-30 19:58:42,2025-12-30T19:58:42,61.31,1.0,SetByAsk
2025-12-30 19:58:42,2025-12-30T19:58:42,61.31,2.0,SetByAsk
2025-12-30 19:58:42,2025-12-30T19:58:42,61.31,1.0,SetByAsk
2025-12-30 19:58:42,2025-12-30T19:58:42,61.31,1.0,SetByAsk
2025-12-30 19:58:42,2025-12-30T19:58:42,61.31,1.0,SetByAsk
2025-12-30 19:58:42,2025-12-30T19:58:42,61.31,1.0,SetByAsk
2025-12-30 19:58:42,2025-12-30T19:58:42,61.31,1.0,SetByAsk
2025-12-30 19:58:42,2025-12-30T19:58:42,61.31,2.0,SetByAsk
2025-12-30 19:58:42,2025-12-30T19:58:42,61.31,1.0,SetByAsk
2025-12-30 19:58:42,2025-12-30T19:58:42,61.31,1.0,SetByBid
2025-12-30 19:58:42,2025-12-30T19:58:42,61.31,1.0,SetByBid
2025-12-30 19:58:42,2025-12-30T19:58:42,61.31,1.0,SetByBid
2025-12-30 19:58:42,2025-12-30T19:58:42,61.31,1.0,SetByBid
2025-12-30 19:58:42,2025-12-30T19:58:42,61.31,1.0,SetByBid
2025-12-30 19:58:42,2025-12-30T19:58:42,61.31,1.0,SetByBid
2025-12-30 19:58:42,2025-12-30T19:58:42,61.31,1.0,SetByBid
2025-12-30 19:58:42,2025-12-30T19:58:42,61.31,1.0,SetByAsk
2025-12-30 19:58:42,2025-12-30T19:58:42,61.31,1.0,SetByAsk
2025-12-30 19:58:42,2025-12-30T19:58:42,61.31,1.0,SetByAsk
2025-12-30 19:58:45,2025-12-30T19:58:45,61.31,1.0,SetByAsk
2025-12-30 19:58:51,2025-12-30T19:58:51,61.31,1.0,SetByAsk
2025-12-30 19:58:51,2025-12-30T19:58:51,61.31,1.0,SetByAsk
2025-12-30 19:59:00,2025-12-30T19:59:00,61.31,1.0,SetByBid
2025-12-30 19:59:07,2025-12-30T19:59:07,61.32,1.0,SetByBid
2025-12-30 19:59:07,2025-12-30T19:59:07,61.32,1.0,SetByBid
2025-12-30 19:59:07,2025-12-30T19:59:07,61.32,1.0,SetByBid
2025-12-30 19:59:07,2025-12-30T19:59:07,61.32,1.0,SetByBid
2025-12-30 19:59:07,2025-12-30T19:59:07,61.32,1.0,SetByBid
2025-12-30 19:59:07,2025-12-30T19:59:07,61.32,1.0,SetByBid
2025-12-30 19:59:07,2025-12-30T19:59:07,61.32,2.0,SetByBid
2025-12-30 19:59:07,2025-12-30T19:59:07,61.32,1.0,SetByBid
2025-12-30 19:59:07,2025-12-30T19:59:07,61.33,2.0,SetByBid
2025-12-30 19:59:07,2025-12-30T19:59:07,61.33,1.0,SetByBid
2025-12-30 19:59:07,2025-12-30T19:59:07,61.33,1.0,SetByBid
2025-12-30 19:59:07,2025-12-30T19:59:07,61.33,1.0,SetByBid
2025-12-30 19:59:07,2025-12-30T19:59:07,61.33,1.0,SetByBid
2025-12-30 19:59:07,2025-12-30T19:59:07,61.32,1.0,SetByAsk
2025-12-30 19:59:07,2025-12-30T19:59:07,61.33,2.0,SetByBid
2025-12-30 19:59:07,2025-12-30T19:59:07,61.33,1.0,SetByAsk
2025-12-30 19:59:07,2025-12-30T19:59:07,61.33,1.0,SetByAsk
2025-12-30 19:59:07,2025-12-30T19:59:07,61.33,1.0,SetByAsk
2025-12-30 19:59:07,2025-12-30T19:59:07,61.33,1.0,SetByAsk
2025-12-30 19:59:33,2025-12-30T19:59:33,61.32,1.0,SetByBid
2025-12-30 19:59:43,2025-12-30T19:59:43,61.32,1.0,SetByAsk
2025-12-30 19:59:43,2025-12-30T19:59:43,61.32,2.0,SetByAsk
2025-12-30 19:59:43,2025-12-30T19:59:43,61.32,1.0,SetByAsk
2025-12-30 19:59:43,2025-12-30T19:59:43,61.32,1.0,SetByAsk
2025-12-30 19:59:43,2025-12-30T19:59:43,61.32,1.0,SetByBid
2025-12-30 19:59:43,2025-12-30T19:59:43,61.32,1.0,SetByBid
2025-12-30 19:59:44,2025-12-30T19:59:44,61.32,1.0,SetByBid
2025-12-30 19:59:44,2025-12-30T19:59:44,61.32,4.0,SetByBid
2025-12-30 19:59:48,2025-12-30T19:59:48,61.33,1.0,SetByBid
2025-12-30 19:59:49,2025-12-30T19:59:49,61.33,1.0,SetByBid
2025-12-30 19:59:50,2025-12-30T19:59:50,61.33,1.0,SetByAsk
2025-12-30 19:59:50,2025-12-30T19:59:50,61.33,1.0,SetByAsk
2025-12-30 19:59:50,2025-12-30T19:59:50,61.33,1.0,SetByAsk
2025-12-30 19:59:50,2025-12-30T19:59:50,61.33,1.0,SetByAsk
2025-12-30 19:59:55,2025-12-30T19:59:55,61.33,1.0,SetByBid
2025-12-30 20:00:03,2025-12-30T20:00:03,61.33,1.0,SetByBid
2025-12-30 20:00:03,2025-12-30T20:00:03,61.33,1.0,SetByBid
2025-12-30 20:00:03,2025-12-30T20:00:03,61.33,1.0,SetByBid
2025-12-30 20:00:03,2025-12-30T20:00:03,61.33,1.0,SetByBid
2025-12-30 20:00:03,2025-12-30T20:00:03,61.33,1.0,SetByBid
2025-12-30 20:00:03,2025-12-30T20:00:03,61.33,1.0,SetByBid
2025-12-30 20:00:07,2025-12-30T20:00:07,61.33,1.0,SetByAsk
2025-12-30 20:00:07,2025-12-30T20:00:07,61.33,1.0,SetByAsk
2025-12-30 20:00:07,2025-12-30T20:00:07,61.33,19.0,SetByAsk
2025-12-30 20:00:33,2025-12-30T20:00:33,61.33,1.0,SetByBid
2025-12-30 20:00:33,2025-12-30T20:00:33,61.33,1.0,SetByBid
2025-12-30 20:00:33,2025-12-30T20:00:33,61.33,1.0,SetByBid
2025-12-30 20:00:34,2025-12-30T20:00:34,61.34,1.0,SetByBid
2025-12-30 20:00:34,2025-12-30T20:00:34,61.34,1.0,SetByBid
2025-12-30 20:00:34,2025-12-30T20:00:34,61.34,1.0,SetByBid
2025-12-30 20:00:34,2025-12-30T20:00:34,61.34,1.0,SetByBid
2025-12-30 20:00:34,2025-12-30T20:00:34,61.34,1.0,SetByBid
2025-12-30 20:00:34,2025-12-30T20:00:34,61.34,1.0,SetByBid
2025-12-30 20:00:34,2025-12-30T20:00:34,61.34,1.0,SetByBid
2025-12-30 20:00:34,2025-12-30T20:00:34,61.34,2.0,SetByBid
2025-12-30 20:00:34,2025-12-30T20:00:34,61.34,1.0,SetByBid
2025-12-30 20:00:34,2025-12-30T20:00:34,61.34,1.0,SetByBid
2025-12-30 20:00:34,2025-12-30T20:00:34,61.34,1.0,SetByBid
2025-12-30 20:00:34,2025-12-30T20:00:34,61.34,1.0,SetByBid
2025-12-30 20:00:34,2025-12-30T20:00:34,61.34,1.0,SetByBid
2025-12-30 20:00:34,2025-12-30T20:00:34,61.34,2.0,SetByBid
2025-12-30 20:00:34,2025-12-30T20:00:34,61.34,1.0,SetByBid
2025-12-30 20:00:38,2025-12-30T20:00:38,61.33,1.0,SetByAsk
2025-12-30 20:00:38,2025-12-30T20:00:38,61.33,1.0,SetByAsk
2025-12-30 20:00:38,2025-12-30T20:00:38,61.33,2.0,SetByAsk
2025-12-30 20:00:38,2025-12-30T20:00:38,61.33,1.0,SetByBid
2025-12-30 20:00:38,2025-12-30T20:00:38,61.33,5.0,SetByBid
2025-12-30 20:00:38,2025-12-30T20:00:38,61.33,1.0,SetByBid
2025-12-30 20:00:38,2025-12-30T20:00:38,61.33,3.0,SetByBid
2025-12-30 20:00:38,2025-12-30T20:00:38,61.33,1.0,SetByBid
2025-12-30 20:00:40,2025-12-30T20:00:40,61.34,2.0,SetByBid
2025-12-30 20:00:40,2025-12-30T20:00:40,61.34,1.0,SetByBid
2025-12-30 20:00:40,2025-12-30T20:00:40,61.34,1.0,SetByBid
2025-12-30 20:00:46,2025-12-30T20:00:46,61.34,1.0,SetByBid
2025-12-30 20:00:49,2025-12-30T20:00:49,61.34,1.0,SetByBid
2025-12-30 20:00:52,2025-12-30T20:00:52,61.33,1.0,SetByAsk
2025-12-30 20:00:52,2025-12-30T20:00:52,61.33,1.0,SetByAsk
2025-12-30 20:00:52,2025-12-30T20:00:52,61.33,1.0,SetByAsk
2025-12-30 20:00:52,2025-12-30T20:00:52,61.33,2.0,SetByAsk
2025-12-30 20:00:52,2025-12-30T20:00:52,61.33,1.0,SetByAsk
2025-12-30 20:00:52,2025-12-30T20:00:52,61.33,1.0,SetByAsk
2025-12-30 20:00:52,2025-12-30T20:00:52,61.33,1.0,SetByAsk
2025-12-30 20:00:52,2025-12-30T20:00:52,61.32,1.0,SetByBid
2025-12-30 20:00:52,2025-12-30T20:00:52,61.32,4.0,SetByBid
2025-12-30 20:00:52,2025-12-30T20:00:52,61.32,1.0,SetByBid
2025-12-30 20:00:52,2025-12-30T20:00:52,61.32,1.0,SetByBid
2025-12-30 20:01:10,2025-12-30T20:01:10,61.32,1.0,SetByAsk
2025-12-30 20:01:30,2025-12-30T20:01:30,61.33,1.0,SetByAsk
2025-12-30 20:01:30,2025-12-30T20:01:30,61.33,3.0,SetByAsk
2025-12-30 20:01:30,2025-12-30T20:01:30,61.33,1.0,SetByAsk
2025-12-30 20:01:57,2025-12-30T20:01:57,61.31,6.0,SetByAsk
2025-12-30 20:01:57,2025-12-30T20:01:57,61.31,4.0,SetByAsk
2025-12-30 20:02:02,2025-12-30T20:02:02,61.32,1.0,SetByBid
2025-12-30 20:02:18,2025-12-30T20:02:18,61.31,2.0,SetByAsk
2025-12-30 20:02:29,2025-12-30T20:02:29,61.31,1.0,"SetByBid, Leg"
2025-12-30 20:02:29,2025-12-30T20:02:29,61.32,1.0,"SetByBid, Leg"
2025-12-30 20:02:29,2025-12-30T20:02:29,61.32,1.0,SetByBid
2025-12-30 20:02:29,2025-12-30T20:02:29,61.32,1.0,SetByBid
2025-12-30 20:02:29,2025-12-30T20:02:29,61.32,1.0,SetByBid
2025-12-30 20:02:29,2025-12-30T20:02:29,61.32,1.0,SetByBid
2025-12-30 20:02:29,2025-12-30T20:02:29,61.32,2.0,SetByBid
2025-12-30 20:02:29,2025-12-30T20:02:29,61.32,1.0,SetByBid
2025-12-30 20:02:29,2025-12-30T20:02:29,61.32,1.0,SetByBid
2025-12-30 20:02:29,2025-12-30T20:02:29,61.32,1.0,SetByBid
2025-12-30 20:02:29,2025-12-30T20:02:29,61.32,1.0,SetByBid
2025-12-30 20:02:29,2025-12-30T20:02:29,61.32,2.0,SetByBid
2025-12-30 20:02:29,2025-12-30T20:02:29,61.32,1.0,SetByBid
2025-12-30 20:02:29,2025-12-30T20:02:29,61.32,2.0,SetByBid
2025-12-30 20:02:29,2025-12-30T20:02:29,61.32,1.0,SetByBid
2025-12-30 20:02:29,2025-12-30T20:02:29,61.32,1.0,SetByBid
2025-12-30 20:02:29,2025-12-30T20:02:29,61.32,2.0,SetByBid
2025-12-30 20:03:02,2025-12-30T20:03:02,61.33,1.0,SetByAsk
2025-12-30 20:03:02,2025-12-30T20:03:02,61.34,1.0,SetByBid
2025-12-30 20:03:02,2025-12-30T20:03:02,61.34,1.0,SetByBid
2025-12-30 20:03:02,2025-12-30T20:03:02,61.34,1.0,SetByBid
2025-12-30 20:03:02,2025-12-30T20:03:02,61.34,1.0,SetByBid
2025-12-30 20:03:02,2025-12-30T20:03:02,61.34,1.0,SetByBid
2025-12-30 20:03:28,2025-12-30T20:03:28,61.33,1.0,SetByAsk
2025-12-30 20:03:28,2025-12-30T20:03:28,61.33,1.0,SetByAsk
2025-12-30 20:03:28,2025-12-30T20:03:28,61.33,2.0,SetByAsk
2025-12-30 20:03:56,2025-12-30T20:03:56,61.32,2.0,SetByAsk
2025-12-30 20:04:12,2025-12-30T20:04:12,61.33,1.0,SetByAsk
2025-12-30 20:04:26,2025-12-30T20:04:26,61.34,1.0,SetByBid
2025-12-30 20:04:32,2025-12-30T20:04:32,61.34,2.0,SetByBid
2025-12-30 20:04:32,2025-12-30T20:04:32,61.34,1.0,SetByBid
2025-12-30 20:04:42,2025-12-30T20:04:42,61.34,1.0,SetByAsk
2025-12-30 20:04:42,2025-12-30T20:04:42,61.34,2.0,SetByAsk
2025-12-30 20:04:42,2025-12-30T20:04:42,61.34,1.0,SetByBid
2025-12-30 20:04:46,2025-12-30T20:04:46,61.32,1.0,SetByAsk
2025-12-30 20:04:46,2025-12-30T20:04:46,61.32,1.0,SetByAsk
2025-12-30 20:04:46,2025-12-30T20:04:46,61.32,1.0,SetByBid
2025-12-30 20:04:47,2025-12-30T20:04:47,61.3,1.0,SetByAsk
2025-12-30 20:04:47,2025-12-30T20:04:47,61.31,2.0,SetByBid
2025-12-30 20:04:47,2025-12-30T20:04:47,61.31,1.0,SetByBid
2025-12-30 20:04:47,2025-12-30T20:04:47,61.31,1.0,SetByBid
2025-12-30 20:04:47,2025-12-30T20:04:47,61.31,3.0,SetByBid
2025-12-30 20:04:47,2025-12-30T20:04:47,61.31,1.0,SetByBid
2025-12-30 20:04:47,2025-12-30T20:04:47,61.31,1.0,SetByBid
2025-12-30 20:04:47,2025-12-30T20:04:47,61.31,1.0,SetByBid
2025-12-30 20:04:47,2025-12-30T20:04:47,61.31,1.0,SetByBid
2025-12-30 20:04:47,2025-12-30T20:04:47,61.31,1.0,SetByBid
2025-12-30 20:04:47,2025-12-30T20:04:47,61.31,2.0,SetByBid
2025-12-30 20:04:47,2025-12-30T20:04:47,61.31,1.0,SetByBid
2025-12-30 20:04:47,2025-12-30T20:04:47,61.31,1.0,SetByBid
2025-12-30 20:04:47,2025-12-30T20:04:47,61.31,1.0,SetByBid
2025-12-30 20:04:47,2025-12-30T20:04:47,61.31,1.0,SetByBid
2025-12-30 20:04:47,2025-12-30T20:04:47,61.31,1.0,SetByBid
2025-12-30 20:04:47,2025-12-30T20:04:47,61.31,5.0,SetByBid
2025-12-30 20:04:47,2025-12-30T20:04:47,61.31,1.0,SetByBid
2025-12-30 20:04:47,2025-12-30T20:04:47,61.31,1.0,SetByBid
2025-12-30 20:04:47,2025-12-30T20:04:47,61.31,2.0,SetByBid
2025-12-30 20:04:47,2025-12-30T20:04:47,61.31,1.0,SetByBid
2025-12-30 20:04:47,2025-12-30T20:04:47,61.31,1.0,SetByBid
2025-12-30 20:04:47,2025-12-30T20:04:47,61.31,1.0,SetByBid
2025-12-30 20:04:47,2025-12-30T20:04:47,61.31,1.0,SetByBid
2025-12-30 20:04:47,2025-12-30T20:04:47,61.31,1.0,SetByBid
2025-12-30 20:04:47,2025-12-30T20:04:47,61.31,1.0,SetByBid
2025-12-30 20:04:47,2025-12-30T20:04:47,61.31,1.0,SetByBid
2025-12-30 20:04:47,2025-12-30T20:04:47,61.31,1.0,SetByBid
2025-12-30 20:04:47,2025-12-30T20:04:47,61.31,1.0,SetByBid
2025-12-30 20:04:49,2025-12-30T20:04:49,61.3,2.0,SetByBid
2025-12-30 20:04:49,2025-12-30T20:04:49,61.3,2.0,SetByBid
2025-12-30 20:04:49,2025-12-30T20:04:49,61.29,1.0,SetByAsk
2025-12-30 20:04:49,2025-12-30T20:04:49,61.29,2.0,SetByAsk
2025-12-30 20:04:49,2025-12-30T20:04:49,61.29,1.0,SetByAsk
2025-12-30 20:04:49,2025-12-30T20:04:49,61.29,1.0,SetByAsk
2025-12-30 20:04:56,2025-12-30T20:04:56,61.28,1.0,SetByAsk
2025-12-30 20:04:56,2025-12-30T20:04:56,61.28,1.0,SetByAsk
2025-12-30 20:04:56,2025-12-30T20:04:56,61.28,1.0,SetByAsk
2025-12-30 20:04:56,2025-12-30T20:04:56,61.28,2.0,SetByAsk
2025-12-30 20:05:12,2025-12-30T20:05:12,61.31,3.0,SetByBid
2025-12-30 20:05:16,2025-12-30T20:05:16,61.3,1.0,SetByAsk
2025-12-30 20:05:26,2025-12-30T20:05:26,61.29,1.0,SetByAsk
2025-12-30 20:05:26,2025-12-30T20:05:26,61.29,1.0,SetByAsk
2025-12-30 20:05:29,2025-12-30T20:05:29,61.29,1.0,SetByAsk
2025-12-30 20:05:29,2025-12-30T20:05:29,61.29,2.0,SetByAsk
2025-12-30 20:05:29,2025-12-30T20:05:29,61.29,1.0,SetByAsk
2025-12-30 20:05:40,2025-12-30T20:05:40,61.29,1.0,SetByAsk
2025-12-30 20:06:17,2025-12-30T20:06:17,61.3,1.0,SetByBid
2025-12-30 20:06:17,2025-12-30T20:06:17,61.3,1.0,SetByBid
2025-12-30 20:06:17,2025-12-30T20:06:17,61.3,1.0,SetByAsk
2025-12-30 20:06:17,2025-12-30T20:06:17,61.3,1.0,SetByAsk
2025-12-30 20:06:19,2025-12-30T20:06:19,61.3,1.0,SetByBid
2025-12-30 20:06:31,2025-12-30T20:06:31,61.3,1.0,SetByBid
2025-12-30 20:06:35,2025-12-30T20:06:35,61.32,1.0,SetByBid
2025-12-30 20:06:35,2025-12-30T20:06:35,61.33,1.0,SetByBid
2025-12-30 20:06:35,2025-12-30T20:06:35,61.33,1.0,SetByBid
2025-12-30 20:06:35,2025-12-30T20:06:35,61.33,1.0,SetByBid
2025-12-30 20:06:35,2025-12-30T20:06:35,61.33,1.0,SetByBid
2025-12-30 20:06:35,2025-12-30T20:06:35,61.32,1.0,SetByAsk
2025-12-30 20:06:42,2025-12-30T20:06:42,61.34,2.0,SetByBid
2025-12-30 20:06:42,2025-12-30T20:06:42,61.34,1.0,SetByBid
2025-12-30 20:06:42,2025-12-30T20:06:42,61.34,1.0,SetByBid
2025-12-30 20:06:42,2025-12-30T20:06:42,61.34,1.0,SetByBid
2025-12-30 20:06:42,2025-12-30T20:06:42,61.34,1.0,SetByBid
2025-12-30 20:06:42,2025-12-30T20:06:42,61.34,1.0,SetByBid
2025-12-30 20:06:42,2025-12-30T20:06:42,61.34,1.0,SetByAsk
2025-12-30 20:06:42,2025-12-30T20:06:42,61.34,1.0,SetByAsk
2025-12-30 20:06:42,2025-12-30T20:06:42,61.34,1.0,SetByAsk
2025-12-30 20:06:45,2025-12-30T20:06:45,61.35,2.0,SetByAsk
2025-12-30 20:06:45,2025-12-30T20:06:45,61.35,1.0,SetByAsk
2025-12-30 20:06:50,2025-12-30T20:06:50,61.34,1.0,SetByAsk
2025-12-30 20:06:50,2025-12-30T20:06:50,61.34,1.0,SetByAsk
2025-12-30 20:06:50,2025-12-30T20:06:50,61.34,1.0,SetByAsk
2025-12-30 20:06:50,2025-12-30T20:06:50,61.34,1.0,SetByAsk
2025-12-30 20:06:50,2025-12-30T20:06:50,61.34,5.0,SetByAsk
2025-12-30 20:06:50,2025-12-30T20:06:50,61.34,2.0,SetByAsk
2025-12-30 20:06:50,2025-12-30T20:06:50,61.34,1.0,SetByBid
2025-12-30 20:06:56,2025-12-30T20:06:56,61.34,1.0,SetByAsk
2025-12-30 20:07:13,2025-12-30T20:07:13,61.33,1.0,SetByAsk
2025-12-30 20:07:22,2025-12-30T20:07:22,61.34,2.0,SetByBid
2025-12-30 20:07:22,2025-12-30T20:07:22,61.34,1.0,SetByBid
2025-12-30 20:07:22,2025-12-30T20:07:22,61.34,1.0,SetByBid
2025-12-30 20:07:22,2025-12-30T20:07:22,61.34,5.0,SetByBid
2025-12-30 20:07:22,2025-12-30T20:07:22,61.34,1.0,SetByBid
2025-12-30 20:07:22,2025-12-30T20:07:22,61.34,1.0,SetByBid
2025-12-30 20:07:40,2025-12-30T20:07:40,61.36,1.0,SetByBid
2025-12-30 20:07:40,2025-12-30T20:07:40,61.37,1.0,SetByBid
2025-12-30 20:08:06,2025-12-30T20:08:06,61.36,1.0,SetByAsk
2025-12-30 20:08:07,2025-12-30T20:08:07,61.37,2.0,SetByBid
2025-12-30 20:08:07,2025-12-30T20:08:07,61.37,1.0,SetByBid
2025-12-30 20:08:07,2025-12-30T20:08:07,61.37,1.0,SetByBid
2025-12-30 20:08:07,2025-12-30T20:08:07,61.37,1.0,SetByBid
2025-12-30 20:08:07,2025-12-30T20:08:07,61.37,1.0,SetByBid
2025-12-30 20:08:07,2025-12-30T20:08:07,61.37,2.0,SetByBid
2025-12-30 20:08:07,2025-12-30T20:08:07,61.37,1.0,SetByBid
2025-12-30 20:08:07,2025-12-30T20:08:07,61.37,1.0,SetByBid
2025-12-30 20:09:25,2025-12-30T20:09:25,61.38,1.0,SetByBid
2025-12-30 20:09:25,2025-12-30T20:09:25,61.38,1.0,SetByBid
2025-12-30 20:09:25,2025-12-30T20:09:25,61.38,1.0,SetByBid
2025-12-30 20:09:25,2025-12-30T20:09:25,61.38,1.0,SetByBid
2025-12-30 20:09:28,2025-12-30T20:09:28,61.38,1.0,SetByAsk
2025-12-30 20:09:32,2025-12-30T20:09:32,61.37,2.0,SetByAsk
2025-12-30 20:09:32,2025-12-30T20:09:32,61.37,1.0,SetByAsk
2025-12-30 20:09:34,2025-12-30T20:09:34,61.36,2.0,SetByAsk
2025-12-30 20:09:42,2025-12-30T20:09:42,61.35,1.0,SetByAsk
2025-12-30 20:09:51,2025-12-30T20:09:51,61.36,1.0,SetByBid
2025-12-30 20:10:03,2025-12-30T20:10:03,61.35,1.0,SetByAsk
2025-12-30 20:10:03,2025-12-30T20:10:03,61.35,1.0,SetByAsk
2025-12-30 20:10:03,2025-12-30T20:10:03,61.34,2.0,SetByAsk
2025-12-30 20:10:03,2025-12-30T20:10:03,61.34,1.0,SetByAsk
2025-12-30 20:10:04,2025-12-30T20:10:04,61.35,1.0,SetByBid
2025-12-30 20:10:04,2025-12-30T20:10:04,61.35,1.0,SetByBid
2025-12-30 20:10:20,2025-12-30T20:10:20,61.34,1.0,SetByAsk
2025-12-30 20:10:20,2025-12-30T20:10:20,61.34,1.0,SetByAsk
2025-12-30 20:10:20,2025-12-30T20:10:20,61.34,1.0,SetByBid
2025-12-30 20:10:44,2025-12-30T20:10:44,61.34,2.0,SetByBid
2025-12-30 20:10:47,2025-12-30T20:10:47,61.33,1.0,SetByAsk
2025-12-30 20:10:47,2025-12-30T20:10:47,61.33,1.0,SetByAsk
2025-12-30 20:10:47,2025-12-30T20:10:47,61.33,1.0,SetByAsk
2025-12-30 20:10:51,2025-12-30T20:10:51,61.33,1.0,SetByAsk
2025-12-30 20:10:51,2025-12-30T20:10:51,61.33,1.0,SetByAsk
2025-12-30 20:10:51,2025-12-30T20:10:51,61.33,1.0,SetByAsk
2025-12-30 20:10:57,2025-12-30T20:10:57,61.33,1.0,SetByAsk
2025-12-30 20:10:58,2025-12-30T20:10:58,61.34,1.0,SetByBid
2025-12-30 20:10:58,2025-12-30T20:10:58,61.34,1.0,SetByBid
2025-12-30 20:10:58,2025-12-30T20:10:58,61.34,1.0,SetByBid
2025-12-30 20:10:58,2025-12-30T20:10:58,61.34,1.0,SetByBid
2025-12-30 20:10:58,2025-12-30T20:10:58,61.34,1.0,SetByBid
2025-12-30 20:10:58,2025-12-30T20:10:58,61.34,2.0,SetByBid
2025-12-30 20:10:58,2025-12-30T20:10:58,61.34,4.0,SetByBid
2025-12-30 20:10:58,2025-12-30T20:10:58,61.34,1.0,SetByBid
2025-12-30 20:10:58,2025-12-30T20:10:58,61.34,1.0,SetByBid
2025-12-30 20:10:58,2025-12-30T20:10:58,61.34,1.0,SetByBid
2025-12-30 20:10:58,2025-12-30T20:10:58,61.34,1.0,SetByBid
2025-12-30 20:10:58,2025-12-30T20:10:58,61.34,1.0,SetByBid
2025-12-30 20:10:58,2025-12-30T20:10:58,61.34,1.0,SetByBid
2025-12-30 20:10:58,2025-12-30T20:10:58,61.34,1.0,SetByBid
2025-12-30 20:10:58,2025-12-30T20:10:58,61.34,1.0,SetByBid
2025-12-30 20:10:58,2025-12-30T20:10:58,61.34,1.0,SetByBid
2025-12-30 20:10:58,2025-12-30T20:10:58,61.34,1.0,SetByBid
2025-12-30 20:10:58,2025-12-30T20:10:58,61.34,3.0,SetByBid
2025-12-30 20:10:58,2025-12-30T20:10:58,61.34,1.0,SetByBid
2025-12-30 20:10:58,2025-12-30T20:10:58,61.34,1.0,SetByBid
2025-12-30 20:10:58,2025-12-30T20:10:58,61.34,1.0,SetByBid
2025-12-30 20:10:58,2025-12-30T20:10:58,61.34,1.0,SetByBid
2025-12-30 20:10:58,2025-12-30T20:10:58,61.34,1.0,SetByBid
2025-12-30 20:10:58,2025-12-30T20:10:58,61.34,1.0,SetByBid
2025-12-30 20:10:58,2025-12-30T20:10:58,61.34,4.0,SetByBid
2025-12-30 20:10:58,2025-12-30T20:10:58,61.34,1.0,SetByBid
2025-12-30 20:10:58,2025-12-30T20:10:58,61.34,1.0,SetByBid
2025-12-30 20:10:58,2025-12-30T20:10:58,61.34,2.0,SetByBid
2025-12-30 20:10:58,2025-12-30T20:10:58,61.34,1.0,SetByBid
2025-12-30 20:10:58,2025-12-30T20:10:58,61.34,1.0,SetByBid
2025-12-30 20:10:58,2025-12-30T20:10:58,61.34,1.0,SetByBid
2025-12-30 20:10:58,2025-12-30T20:10:58,61.34,2.0,SetByBid
2025-12-30 20:10:58,2025-12-30T20:10:58,61.34,1.0,SetByBid
2025-12-30 20:10:58,2025-12-30T20:10:58,61.34,1.0,SetByBid
2025-12-30 20:10:58,2025-12-30T20:10:58,61.34,1.0,SetByBid
2025-12-30 20:10:58,2025-12-30T20:10:58,61.34,1.0,SetByBid
2025-12-30 20:10:58,2025-12-30T20:10:58,61.34,2.0,SetByBid
2025-12-30 20:10:58,2025-12-30T20:10:58,61.34,1.0,SetByBid
2025-12-30 20:10:58,2025-12-30T20:10:58,61.34,1.0,SetByBid
2025-12-30 20:10:58,2025-12-30T20:10:58,61.34,1.0,SetByBid
2025-12-30 20:10:58,2025-12-30T20:10:58,61.34,1.0,SetByBid
2025-12-30 20:10:58,2025-12-30T20:10:58,61.34,1.0,SetByBid
2025-12-30 20:10:58,2025-12-30T20:10:58,61.34,1.0,SetByBid
2025-12-30 20:10:59,2025-12-30T20:10:59,61.35,1.0,SetByBid
2025-12-30 20:10:59,2025-12-30T20:10:59,61.35,2.0,SetByBid
2025-12-30 20:10:59,2025-12-30T20:10:59,61.35,1.0,SetByBid
2025-12-30 20:10:59,2025-12-30T20:10:59,61.35,1.0,SetByBid
2025-12-30 20:10:59,2025-12-30T20:10:59,61.35,1.0,SetByBid
2025-12-30 20:10:59,2025-12-30T20:10:59,61.35,1.0,SetByBid
2025-12-30 20:10:59,2025-12-30T20:10:59,61.35,1.0,SetByBid
2025-12-30 20:10:59,2025-12-30T20:10:59,61.35,1.0,SetByBid
2025-12-30 20:10:59,2025-12-30T20:10:59,61.35,1.0,SetByBid
2025-12-30 20:10:59,2025-12-30T20:10:59,61.35,4.0,SetByBid
2025-12-30 20:10:59,2025-12-30T20:10:59,61.35,1.0,SetByBid
2025-12-30 20:10:59,2025-12-30T20:10:59,61.35,1.0,SetByBid
2025-12-30 20:10:59,2025-12-30T20:10:59,61.35,1.0,SetByBid
2025-12-30 20:10:59,2025-12-30T20:10:59,61.35,1.0,SetByBid
2025-12-30 20:10:59,2025-12-30T20:10:59,61.35,2.0,SetByBid
2025-12-30 20:10:59,2025-12-30T20:10:59,61.35,1.0,SetByBid
2025-12-30 20:10:59,2025-12-30T20:10:59,61.35,1.0,SetByBid
2025-12-30 20:10:59,2025-12-30T20:10:59,61.35,1.0,SetByBid
2025-12-30 20:10:59,2025-12-30T20:10:59,61.35,1.0,SetByBid
2025-12-30 20:10:59,2025-12-30T20:10:59,61.35,1.0,SetByBid
2025-12-30 20:11:25,2025-12-30T20:11:25,61.32,1.0,SetByAsk
2025-12-30 20:11:28,2025-12-30T20:11:28,61.31,1.0,SetByAsk
2025-12-30 20:11:28,2025-12-30T20:11:28,61.31,1.0,SetByAsk
2025-12-30 20:11:28,2025-12-30T20:11:28,61.31,2.0,SetByAsk
2025-12-30 20:11:28,2025-12-30T20:11:28,61.31,1.0,SetByAsk
2025-12-30 20:11:28,2025-12-30T20:11:28,61.31,5.0,SetByAsk
2025-12-30 20:11:28,2025-12-30T20:11:28,61.31,1.0,SetByAsk
2025-12-30 20:11:28,2025-12-30T20:11:28,61.31,1.0,SetByAsk
2025-12-30 20:11:28,2025-12-30T20:11:28,61.31,1.0,SetByAsk
2025-12-30 20:11:29,2025-12-30T20:11:29,61.32,1.0,SetByBid
2025-12-30 20:11:29,2025-12-30T20:11:29,61.32,1.0,SetByBid
2025-12-30 20:11:30,2025-12-30T20:11:30,61.31,1.0,SetByBid
2025-12-30 20:11:30,2025-12-30T20:11:30,61.32,1.0,SetByBid
2025-12-30 20:11:33,2025-12-30T20:11:33,61.31,3.0,SetByBid
2025-12-30 20:11:33,2025-12-30T20:11:33,61.31,1.0,SetByBid
2025-12-30 20:11:33,2025-12-30T20:11:33,61.32,1.0,SetByBid
2025-12-30 20:11:35,2025-12-30T20:11:35,61.3,1.0,SetByBid
2025-12-30 20:11:48,2025-12-30T20:11:48,61.32,1.0,SetByBid
2025-12-30 20:12:24,2025-12-30T20:12:24,61.3,1.0,SetByAsk
2025-12-30 20:12:33,2025-12-30T20:12:33,61.31,1.0,SetByBid
2025-12-30 20:12:54,2025-12-30T20:12:54,61.29,1.0,SetByAsk
2025-12-30 20:12:54,2025-12-30T20:12:54,61.29,1.0,SetByAsk
2025-12-30 20:12:54,2025-12-30T20:12:54,61.29,1.0,SetByAsk
2025-12-30 20:13:12,2025-12-30T20:13:12,61.28,1.0,SetByBid
2025-12-30 20:13:15,2025-12-30T20:13:15,61.28,1.0,SetByBid
2025-12-30 20:13:15,2025-12-30T20:13:15,61.28,1.0,SetByBid
2025-12-30 20:13:15,2025-12-30T20:13:15,61.28,1.0,SetByBid
2025-12-30 20:13:15,2025-12-30T20:13:15,61.28,1.0,SetByBid
2025-12-30 20:13:15,2025-12-30T20:13:15,61.28,1.0,SetByBid
2025-12-30 20:13:15,2025-12-30T20:13:15,61.28,2.0,SetByBid
2025-12-30 20:13:16,2025-12-30T20:13:16,61.28,1.0,SetByBid
2025-12-30 20:13:17,2025-12-30T20:13:17,61.28,1.0,SetByBid
2025-12-30 20:13:17,2025-12-30T20:13:17,61.28,1.0,SetByBid
2025-12-30 20:13:17,2025-12-30T20:13:17,61.28,1.0,SetByBid
2025-12-30 20:13:18,2025-12-30T20:13:18,61.28,1.0,SetByBid
2025-12-30 20:13:18,2025-12-30T20:13:18,61.28,1.0,SetByBid
2025-12-30 20:13:40,2025-12-30T20:13:40,61.31,1.0,SetByBid
2025-12-30 20:14:18,2025-12-30T20:14:18,61.3,1.0,SetByBid
2025-12-30 20:14:18,2025-12-30T20:14:18,61.3,1.0,SetByBid
2025-12-30 20:14:29,2025-12-30T20:14:29,61.3,1.0,SetByAsk
2025-12-30 20:14:29,2025-12-30T20:14:29,61.3,1.0,SetByAsk
2025-12-30 20:14:53,2025-12-30T20:14:53,61.29,1.0,SetByBid
2025-12-30 20:14:53,2025-12-30T20:14:53,61.29,1.0,SetByBid
2025-12-30 20:14:54,2025-12-30T20:14:54,61.29,1.0,SetByBid
2025-12-30 20:14:54,2025-12-30T20:14:54,61.29,1.0,SetByBid
2025-12-30 20:14:55,2025-12-30T20:14:55,61.29,1.0,SetByBid
2025-12-30 20:15:00,2025-12-30T20:15:00,61.29,1.0,SetByBid
2025-12-30 20:15:00,2025-12-30T20:15:00,61.29,1.0,SetByBid
2025-12-30 20:15:13,2025-12-30T20:15:13,61.29,1.0,SetByAsk
2025-12-30 20:15:13,2025-12-30T20:15:13,61.29,1.0,SetByAsk
2025-12-30 20:15:21,2025-12-30T20:15:21,61.28,1.0,SetByAsk
2025-12-30 20:15:21,2025-12-30T20:15:21,61.28,13.0,SetByAsk
2025-12-30 20:15:21,2025-12-30T20:15:21,61.28,1.0,SetByBid
2025-12-30 20:15:22,2025-12-30T20:15:22,61.28,1.0,SetByBid
2025-12-30 20:15:24,2025-12-30T20:15:24,61.28,1.0,SetByBid
2025-12-30 20:15:29,2025-12-30T20:15:29,61.28,1.0,SetByBid
2025-12-30 20:15:34,2025-12-30T20:15:34,61.27,1.0,SetByBid
2025-12-30 20:15:34,2025-12-30T20:15:34,61.27,1.0,SetByBid
2025-12-30 20:15:34,2025-12-30T20:15:34,61.27,1.0,SetByBid
2025-12-30 20:15:34,2025-12-30T20:15:34,61.27,1.0,SetByBid
2025-12-30 20:15:34,2025-12-30T20:15:34,61.28,1.0,SetByBid
2025-12-30 20:15:34,2025-12-30T20:15:34,61.28,1.0,SetByBid
2025-12-30 20:15:34,2025-12-30T20:15:34,61.28,1.0,SetByBid
2025-12-30 20:15:34,2025-12-30T20:15:34,61.28,1.0,SetByBid
2025-12-30 20:15:42,2025-12-30T20:15:42,61.27,1.0,SetByBid
2025-12-30 20:15:42,2025-12-30T20:15:42,61.27,1.0,SetByBid
2025-12-30 20:16:06,2025-12-30T20:16:06,61.28,1.0,SetByBid
2025-12-30 20:16:11,2025-12-30T20:16:11,61.3,1.0,SetByBid
2025-12-30 20:16:12,2025-12-30T20:16:12,61.29,1.0,SetByAsk
2025-12-30 20:16:12,2025-12-30T20:16:12,61.29,2.0,SetByAsk
2025-12-30 20:16:14,2025-12-30T20:16:14,61.28,6.0,SetByBid
2025-12-30 20:16:15,2025-12-30T20:16:15,61.29,1.0,SetByBid
2025-12-30 20:16:15,2025-12-30T20:16:15,61.29,1.0,SetByBid
2025-12-30 20:16:16,2025-12-30T20:16:16,61.29,1.0,SetByBid
2025-12-30 20:16:16,2025-12-30T20:16:16,61.29,1.0,SetByBid
2025-12-30 20:16:22,2025-12-30T20:16:22,61.3,1.0,SetByBid
2025-12-30 20:16:22,2025-12-30T20:16:22,61.3,1.0,SetByBid
2025-12-30 20:16:45,2025-12-30T20:16:45,61.32,1.0,SetByAsk
2025-12-30 20:16:52,2025-12-30T20:16:52,61.32,1.0,SetByAsk
2025-12-30 20:16:54,2025-12-30T20:16:54,61.31,1.0,SetByAsk
2025-12-30 20:17:04,2025-12-30T20:17:04,61.34,1.0,SetByBid
2025-12-30 20:17:04,2025-12-30T20:17:04,61.34,1.0,SetByAsk
2025-12-30 20:17:54,2025-12-30T20:17:54,61.3,1.0,SetByAsk
2025-12-30 20:17:54,2025-12-30T20:17:54,61.3,2.0,SetByAsk
2025-12-30 20:17:54,2025-12-30T20:17:54,61.3,1.0,SetByAsk
2025-12-30 20:17:54,2025-12-30T20:17:54,61.3,1.0,SetByAsk
2025-12-30 20:18:58,2025-12-30T20:18:58,61.31,1.0,SetByBid
2025-12-30 20:18:58,2025-12-30T20:18:58,61.31,1.0,SetByBid
2025-12-30 20:18:58,2025-12-30T20:18:58,61.31,1.0,SetByBid
2025-12-30 20:18:58,2025-12-30T20:18:58,61.31,1.0,SetByBid
2025-12-30 20:18:58,2025-12-30T20:18:58,61.31,1.0,SetByAsk
2025-12-30 20:18:58,2025-12-30T20:18:58,61.31,1.0,SetByAsk
2025-12-30 20:18:58,2025-12-30T20:18:58,61.31,1.0,SetByAsk
2025-12-30 20:18:58,2025-12-30T20:18:58,61.31,1.0,SetByAsk
2025-12-30 20:18:58,2025-12-30T20:18:58,61.31,1.0,SetByAsk
2025-12-30 20:18:58,2025-12-30T20:18:58,61.31,1.0,SetByBid
2025-12-30 20:18:58,2025-12-30T20:18:58,61.31,2.0,SetByAsk
2025-12-30 20:19:19,2025-12-30T20:19:19,61.29,1.0,SetByAsk
2025-12-30 20:19:19,2025-12-30T20:19:19,61.28,2.0,SetByAsk
2025-12-30 20:19:19,2025-12-30T20:19:19,61.28,1.0,SetByAsk
2025-12-30 20:19:19,2025-12-30T20:19:19,61.28,1.0,SetByAsk
2025-12-30 20:19:19,2025-12-30T20:19:19,61.28,5.0,SetByAsk
2025-12-30 20:19:19,2025-12-30T20:19:19,61.28,4.0,SetByAsk
2025-12-30 20:19:19,2025-12-30T20:19:19,61.28,3.0,SetByAsk
2025-12-30 20:19:19,2025-12-30T20:19:19,61.28,1.0,SetByAsk
2025-12-30 20:19:19,2025-12-30T20:19:19,61.28,1.0,SetByAsk
2025-12-30 20:19:19,2025-12-30T20:19:19,61.28,1.0,SetByAsk
2025-12-30 20:19:19,2025-12-30T20:19:19,61.28,1.0,SetByAsk
2025-12-30 20:19:19,2025-12-30T20:19:19,61.29,1.0,SetByBid
2025-12-30 20:19:19,2025-12-30T20:19:19,61.29,1.0,SetByBid
2025-12-30 20:19:19,2025-12-30T20:19:19,61.29,1.0,SetByBid
2025-12-30 20:19:19,2025-12-30T20:19:19,61.29,1.0,SetByBid
2025-12-30 20:19:19,2025-12-30T20:19:19,61.29,1.0,SetByBid
2025-12-30 20:19:19,2025-12-30T20:19:19,61.29,1.0,SetByBid
2025-12-30 20:19:19,2025-12-30T20:19:19,61.29,1.0,SetByBid
2025-12-30 20:19:19,2025-12-30T20:19:19,61.29,1.0,SetByBid
2025-12-30 20:19:19,2025-12-30T20:19:19,61.29,1.0,SetByBid
2025-12-30 20:19:19,2025-12-30T20:19:19,61.29,1.0,SetByBid
2025-12-30 20:19:19,2025-12-30T20:19:19,61.29,1.0,SetByBid
2025-12-30 20:19:19,2025-12-30T20:19:19,61.29,1.0,SetByBid
2025-12-30 20:19:19,2025-12-30T20:19:19,61.29,1.0,SetByBid
2025-12-30 20:19:19,2025-12-30T20:19:19,61.29,1.0,SetByBid
2025-12-30 20:19:26,2025-12-30T20:19:26,61.29,1.0,SetByBid
2025-12-30 20:19:31,2025-12-30T20:19:31,61.29,1.0,SetByBid
2025-12-30 20:19:31,2025-12-30T20:19:31,61.29,4.0,SetByBid
2025-12-30 20:19:31,2025-12-30T20:19:31,61.29,1.0,SetByBid
2025-12-30 20:19:31,2025-12-30T20:19:31,61.29,2.0,SetByBid
2025-12-30 20:19:31,2025-12-30T20:19:31,61.29,1.0,SetByBid
2025-12-30 20:19:31,2025-12-30T20:19:31,61.29,3.0,SetByBid
2025-12-30 20:19:31,2025-12-30T20:19:31,61.29,1.0,SetByBid
2025-12-30 20:19:49,2025-12-30T20:19:49,61.29,1.0,SetByBid
2025-12-30 20:19:49,2025-12-30T20:19:49,61.29,1.0,SetByBid
2025-12-30 20:20:09,2025-12-30T20:20:09,61.29,1.0,SetByBid
2025-12-30 20:20:12,2025-12-30T20:20:12,61.29,1.0,SetByBid
2025-12-30 20:20:12,2025-12-30T20:20:12,61.3,1.0,SetByBid
2025-12-30 20:20:12,2025-12-30T20:20:12,61.3,1.0,SetByAsk
2025-12-30 20:20:25,2025-12-30T20:20:25,61.31,1.0,SetByBid
2025-12-30 20:20:25,2025-12-30T20:20:25,61.31,1.0,SetByBid
2025-12-30 20:20:43,2025-12-30T20:20:43,61.29,1.0,SetByBid
2025-12-30 20:20:45,2025-12-30T20:20:45,61.29,2.0,SetByBid
2025-12-30 20:20:45,2025-12-30T20:20:45,61.29,3.0,SetByBid
2025-12-30 20:21:16,2025-12-30T20:21:16,61.29,1.0,SetByBid
2025-12-30 20:21:16,2025-12-30T20:21:16,61.29,1.0,SetByBid
2025-12-30 20:21:16,2025-12-30T20:21:16,61.29,1.0,SetByBid
2025-12-30 20:21:16,2025-12-30T20:21:16,61.29,1.0,SetByBid
2025-12-30 20:21:16,2025-12-30T20:21:16,61.29,1.0,SetByBid
2025-12-30 20:21:22,2025-12-30T20:21:22,61.29,1.0,SetByBid
2025-12-30 20:21:35,2025-12-30T20:21:35,61.28,1.0,SetByBid
2025-12-30 20:21:42,2025-12-30T20:21:42,61.27,1.0,SetByAsk
2025-12-30 20:21:42,2025-12-30T20:21:42,61.27,1.0,SetByBid
2025-12-30 20:22:23,2025-12-30T20:22:23,61.26,1.0,SetByBid
2025-12-30 20:22:27,2025-12-30T20:22:27,61.25,5.0,SetByAsk
2025-12-30 20:22:27,2025-12-30T20:22:27,61.25,2.0,SetByAsk
2025-12-30 20:22:27,2025-12-30T20:22:27,61.25,1.0,SetByBid
2025-12-30 20:22:27,2025-12-30T20:22:27,61.25,2.0,SetByBid
2025-12-30 20:22:27,2025-12-30T20:22:27,61.25,1.0,SetByBid
2025-12-30 20:22:38,2025-12-30T20:22:38,61.25,1.0,SetByBid
2025-12-30 20:22:38,2025-12-30T20:22:38,61.25,2.0,SetByBid
2025-12-30 20:22:42,2025-12-30T20:22:42,61.25,2.0,SetByBid
2025-12-30 20:22:42,2025-12-30T20:22:42,61.25,1.0,SetByAsk
2025-12-30 20:22:42,2025-12-30T20:22:42,61.25,1.0,SetByBid
2025-12-30 20:22:42,2025-12-30T20:22:42,61.25,1.0,SetByBid
2025-12-30 20:22:57,2025-12-30T20:22:57,61.26,1.0,SetByBid
2025-12-30 20:23:12,2025-12-30T20:23:12,61.25,1.0,SetByAsk
2025-12-30 20:23:12,2025-12-30T20:23:12,61.25,1.0,SetByAsk
2025-12-30 20:23:12,2025-12-30T20:23:12,61.25,1.0,SetByBid
2025-12-30 20:23:19,2025-12-30T20:23:19,61.24,1.0,SetByAsk
2025-12-30 20:23:19,2025-12-30T20:23:19,61.24,1.0,SetByAsk
2025-12-30 20:23:19,2025-12-30T20:23:19,61.24,1.0,SetByAsk
2025-12-30 20:23:25,2025-12-30T20:23:25,61.24,1.0,SetByBid
2025-12-30 20:23:25,2025-12-30T20:23:25,61.24,2.0,SetByBid
2025-12-30 20:23:25,2025-12-30T20:23:25,61.24,1.0,SetByBid
2025-12-30 20:23:25,2025-12-30T20:23:25,61.24,1.0,SetByBid
2025-12-30 20:23:25,2025-12-30T20:23:25,61.24,2.0,SetByBid
2025-12-30 20:23:25,2025-12-30T20:23:25,61.24,1.0,SetByBid
2025-12-30 20:23:25,2025-12-30T20:23:25,61.24,3.0,SetByBid
2025-12-30 20:23:25,2025-12-30T20:23:25,61.24,1.0,SetByBid
2025-12-30 20:23:25,2025-12-30T20:23:25,61.24,1.0,SetByBid
2025-12-30 20:23:25,2025-12-30T20:23:25,61.24,1.0,SetByBid
2025-12-30 20:23:25,2025-12-30T20:23:25,61.24,1.0,SetByBid
2025-12-30 20:23:25,2025-12-30T20:23:25,61.24,1.0,SetByBid
2025-12-30 20:23:25,2025-12-30T20:23:25,61.24,1.0,SetByBid
2025-12-30 20:23:25,2025-12-30T20:23:25,61.24,1.0,SetByBid
2025-12-30 20:23:25,2025-12-30T20:23:25,61.24,1.0,SetByBid
2025-12-30 20:23:25,2025-12-30T20:23:25,61.24,1.0,SetByBid
2025-12-30 20:23:25,2025-12-30T20:23:25,61.24,1.0,SetByBid
2025-12-30 20:23:25,2025-12-30T20:23:25,61.24,1.0,SetByBid
2025-12-30 20:23:25,2025-12-30T20:23:25,61.24,1.0,SetByBid
2025-12-30 20:23:25,2025-12-30T20:23:25,61.24,1.0,SetByBid
2025-12-30 20:23:25,2025-12-30T20:23:25,61.24,1.0,SetByBid
2025-12-30 20:23:25,2025-12-30T20:23:25,61.24,1.0,SetByBid
2025-12-30 20:23:25,2025-12-30T20:23:25,61.24,1.0,SetByBid
2025-12-30 20:23:25,2025-12-30T20:23:25,61.24,1.0,SetByBid
2025-12-30 20:23:25,2025-12-30T20:23:25,61.24,1.0,SetByBid
2025-12-30 20:23:25,2025-12-30T20:23:25,61.24,1.0,SetByBid
2025-12-30 20:23:25,2025-12-30T20:23:25,61.24,1.0,SetByBid
2025-12-30 20:23:25,2025-12-30T20:23:25,61.24,1.0,SetByBid
2025-12-30 20:23:25,2025-12-30T20:23:25,61.24,1.0,SetByBid
2025-12-30 20:23:25,2025-12-30T20:23:25,61.24,1.0,SetByBid
2025-12-30 20:23:25,2025-12-30T20:23:25,61.24,1.0,SetByBid
2025-12-30 20:23:25,2025-12-30T20:23:25,61.24,1.0,SetByBid
2025-12-30 20:23:25,2025-12-30T20:23:25,61.24,1.0,SetByBid
2025-12-30 20:23:25,2025-12-30T20:23:25,61.24,1.0,SetByBid
2025-12-30 20:23:25,2025-12-30T20:23:25,61.25,2.0,SetByBid
2025-12-30 20:23:25,2025-12-30T20:23:25,61.24,1.0,SetByBid
2025-12-30 20:23:25,2025-12-30T20:23:25,61.25,1.0,SetByBid
2025-12-30 20:23:25,2025-12-30T20:23:25,61.25,1.0,SetByBid
2025-12-30 20:23:25,2025-12-30T20:23:25,61.25,3.0,SetByBid
2025-12-30 20:23:25,2025-12-30T20:23:25,61.25,1.0,SetByBid
2025-12-30 20:23:25,2025-12-30T20:23:25,61.25,1.0,SetByBid
2025-12-30 20:23:25,2025-12-30T20:23:25,61.25,1.0,SetByBid
2025-12-30 20:23:25,2025-12-30T20:23:25,61.25,1.0,SetByBid
2025-12-30 20:23:25,2025-12-30T20:23:25,61.25,3.0,SetByBid
2025-12-30 20:23:25,2025-12-30T20:23:25,61.25,5.0,SetByBid
2025-12-30 20:23:25,2025-12-30T20:23:25,61.25,1.0,SetByBid
2025-12-30 20:23:25,2025-12-30T20:23:25,61.25,1.0,SetByBid
2025-12-30 20:23:25,2025-12-30T20:23:25,61.25,1.0,SetByBid
2025-12-30 20:23:25,2025-12-30T20:23:25,61.25,1.0,SetByBid
2025-12-30 20:23:25,2025-12-30T20:23:25,61.25,1.0,SetByBid
2025-12-30 20:23:25,2025-12-30T20:23:25,61.25,1.0,SetByBid
2025-12-30 20:23:25,2025-12-30T20:23:25,61.25,2.0,SetByBid
2025-12-30 20:23:25,2025-12-30T20:23:25,61.25,1.0,SetByBid
2025-12-30 20:23:25,2025-12-30T20:23:25,61.25,1.0,SetByBid
2025-12-30 20:23:25,2025-12-30T20:23:25,61.25,1.0,SetByBid
2025-12-30 20:23:25,2025-12-30T20:23:25,61.25,1.0,SetByBid
2025-12-30 20:23:25,2025-12-30T20:23:25,61.25,1.0,SetByBid
2025-12-30 20:23:25,2025-12-30T20:23:25,61.25,2.0,SetByBid
2025-12-30 20:23:25,2025-12-30T20:23:25,61.25,1.0,SetByBid
2025-12-30 20:23:25,2025-12-30T20:23:25,61.25,1.0,SetByBid
2025-12-30 20:23:25,2025-12-30T20:23:25,61.25,1.0,SetByBid
2025-12-30 20:23:25,2025-12-30T20:23:25,61.25,1.0,SetByBid
2025-12-30 20:23:25,2025-12-30T20:23:25,61.25,2.0,SetByBid
2025-12-30 20:23:25,2025-12-30T20:23:25,61.25,1.0,SetByBid
2025-12-30 20:23:25,2025-12-30T20:23:25,61.25,1.0,SetByBid
2025-12-30 20:23:25,2025-12-30T20:23:25,61.25,1.0,SetByBid
2025-12-30 20:23:25,2025-12-30T20:23:25,61.25,1.0,SetByBid
2025-12-30 20:23:25,2025-12-30T20:23:25,61.25,1.0,SetByBid
2025-12-30 20:23:26,2025-12-30T20:23:26,61.23,1.0,SetByBid
2025-12-30 20:23:42,2025-12-30T20:23:42,61.22,1.0,SetByBid
2025-12-30 20:23:42,2025-12-30T20:23:42,61.22,2.0,SetByBid
2025-12-30 20:23:42,2025-12-30T20:23:42,61.22,1.0,SetByBid
2025-12-30 20:23:42,2025-12-30T20:23:42,61.22,1.0,SetByBid
2025-12-30 20:23:43,2025-12-30T20:23:43,61.22,1.0,SetByAsk
2025-12-30 20:23:44,2025-12-30T20:23:44,61.22,1.0,SetByBid
2025-12-30 20:23:47,2025-12-30T20:23:47,61.21,1.0,SetByAsk
2025-12-30 20:23:47,2025-12-30T20:23:47,61.21,1.0,SetByAsk
2025-12-30 20:23:49,2025-12-30T20:23:49,61.21,1.0,SetByAsk
2025-12-30 20:24:26,2025-12-30T20:24:26,61.24,1.0,SetByAsk
2025-12-30 20:24:30,2025-12-30T20:24:30,61.23,2.0,SetByAsk
2025-12-30 20:24:30,2025-12-30T20:24:30,61.23,1.0,SetByAsk
2025-12-30 20:24:30,2025-12-30T20:24:30,61.23,1.0,SetByAsk
2025-12-30 20:24:30,2025-12-30T20:24:30,61.23,1.0,SetByAsk
2025-12-30 20:24:30,2025-12-30T20:24:30,61.23,3.0,SetByAsk
2025-12-30 20:24:30,2025-12-30T20:24:30,61.23,2.0,SetByAsk
2025-12-30 20:24:30,2025-12-30T20:24:30,61.23,1.0,SetByAsk
2025-12-30 20:24:30,2025-12-30T20:24:30,61.23,5.0,SetByAsk
2025-12-30 20:24:30,2025-12-30T20:24:30,61.23,1.0,SetByAsk
2025-12-30 20:24:30,2025-12-30T20:24:30,61.23,1.0,SetByAsk
2025-12-30 20:24:30,2025-12-30T20:24:30,61.23,1.0,SetByAsk
2025-12-30 20:24:44,2025-12-30T20:24:44,61.23,1.0,SetByAsk
2025-12-30 20:24:44,2025-12-30T20:24:44,61.23,1.0,SetByAsk
2025-12-30 20:24:44,2025-12-30T20:24:44,61.23,1.0,SetByAsk
2025-12-30 20:24:44,2025-12-30T20:24:44,61.23,1.0,SetByAsk
2025-12-30 20:24:57,2025-12-30T20:24:57,61.22,3.0,SetByAsk
2025-12-30 20:25:01,2025-12-30T20:25:01,61.22,1.0,SetByBid
2025-12-30 20:25:01,2025-12-30T20:25:01,61.22,1.0,SetByBid
2025-12-30 20:25:06,2025-12-30T20:25:06,61.21,2.0,SetByBid
2025-12-30 20:25:11,2025-12-30T20:25:11,61.21,1.0,SetByBid
2025-12-30 20:25:11,2025-12-30T20:25:11,61.21,1.0,SetByBid
2025-12-30 20:25:20,2025-12-30T20:25:20,61.21,2.0,SetByAsk
2025-12-30 20:25:20,2025-12-30T20:25:20,61.21,1.0,SetByAsk
2025-12-30 20:25:20,2025-12-30T20:25:20,61.21,1.0,SetByAsk
2025-12-30 20:25:57,2025-12-30T20:25:57,61.21,1.0,SetByAsk
2025-12-30 20:25:57,2025-12-30T20:25:57,61.21,1.0,SetByAsk
2025-12-30 20:26:19,2025-12-30T20:26:19,61.21,38.0,SetByAsk
2025-12-30 20:26:20,2025-12-30T20:26:20,61.2,3.0,SetByAsk
2025-12-30 20:26:20,2025-12-30T20:26:20,61.2,3.0,SetByAsk
2025-12-30 20:26:20,2025-12-30T20:26:20,61.2,2.0,SetByAsk
2025-12-30 20:26:20,2025-12-30T20:26:20,61.2,1.0,SetByAsk
2025-12-30 20:26:20,2025-12-30T20:26:20,61.2,1.0,SetByAsk
2025-12-30 20:26:20,2025-12-30T20:26:20,61.2,1.0,SetByAsk
2025-12-30 20:26:20,2025-12-30T20:26:20,61.2,1.0,SetByAsk
2025-12-30 20:26:20,2025-12-30T20:26:20,61.2,14.0,SetByAsk
2025-12-30 20:26:20,2025-12-30T20:26:20,61.2,1.0,SetByAsk
2025-12-30 20:26:20,2025-12-30T20:26:20,61.2,1.0,SetByAsk
2025-12-30 20:26:20,2025-12-30T20:26:20,61.2,2.0,SetByAsk
2025-12-30 20:26:20,2025-12-30T20:26:20,61.2,1.0,SetByAsk
2025-12-30 20:26:20,2025-12-30T20:26:20,61.21,1.0,SetByBid
2025-12-30 20:26:21,2025-12-30T20:26:21,61.21,2.0,SetByBid
2025-12-30 20:26:27,2025-12-30T20:26:27,61.21,2.0,SetByBid
2025-12-30 20:26:27,2025-12-30T20:26:27,61.21,1.0,SetByBid
2025-12-30 20:26:42,2025-12-30T20:26:42,61.18,1.0,SetByBid
2025-12-30 20:26:42,2025-12-30T20:26:42,61.18,1.0,SetByBid
2025-12-30 20:26:42,2025-12-30T20:26:42,61.18,1.0,SetByBid
2025-12-30 20:26:42,2025-12-30T20:26:42,61.18,3.0,SetByBid
2025-12-30 20:26:42,2025-12-30T20:26:42,61.18,2.0,SetByBid
2025-12-30 20:26:42,2025-12-30T20:26:42,61.18,1.0,SetByBid
2025-12-30 20:26:42,2025-12-30T20:26:42,61.18,3.0,SetByBid
2025-12-30 20:26:44,2025-12-30T20:26:44,61.19,1.0,SetByBid
2025-12-30 20:26:49,2025-12-30T20:26:49,61.2,1.0,SetByBid
2025-12-30 20:26:49,2025-12-30T20:26:49,61.2,1.0,SetByBid
2025-12-30 20:26:49,2025-12-30T20:26:49,61.2,2.0,SetByBid
2025-12-30 20:26:53,2025-12-30T20:26:53,61.18,1.0,SetByAsk
2025-12-30 20:26:53,2025-12-30T20:26:53,61.18,1.0,SetByAsk
2025-12-30 20:26:53,2025-12-30T20:26:53,61.18,1.0,SetByAsk
2025-12-30 20:26:57,2025-12-30T20:26:57,61.19,1.0,SetByBid
2025-12-30 20:26:57,2025-12-30T20:26:57,61.19,1.0,SetByBid
2025-12-30 20:27:05,2025-12-30T20:27:05,61.19,1.0,SetByBid
2025-12-30 20:27:05,2025-12-30T20:27:05,61.19,2.0,SetByBid
2025-12-30 20:27:05,2025-12-30T20:27:05,61.19,1.0,SetByBid
2025-12-30 20:27:05,2025-12-30T20:27:05,61.19,1.0,SetByBid
2025-12-30 20:27:11,2025-12-30T20:27:11,61.19,1.0,SetByBid
2025-12-30 20:27:11,2025-12-30T20:27:11,61.19,1.0,SetByBid
2025-12-30 20:27:11,2025-12-30T20:27:11,61.19,1.0,SetByBid
2025-12-30 20:27:22,2025-12-30T20:27:22,61.19,1.0,SetByAsk
2025-12-30 20:27:22,2025-12-30T20:27:22,61.19,1.0,SetByAsk
2025-12-30 20:27:24,2025-12-30T20:27:24,61.2,1.0,SetByBid
2025-12-30 20:27:24,2025-12-30T20:27:24,61.2,1.0,SetByBid
2025-12-30 20:27:24,2025-12-30T20:27:24,61.2,1.0,SetByAsk
2025-12-30 20:27:39,2025-12-30T20:27:39,61.22,3.0,SetByBid
2025-12-30 20:27:39,2025-12-30T20:27:39,61.22,1.0,SetByBid
2025-12-30 20:27:59,2025-12-30T20:27:59,61.2,1.0,SetByAsk
2025-12-30 20:28:00,2025-12-30T20:28:00,61.2,1.0,SetByAsk
2025-12-30 20:28:00,2025-12-30T20:28:00,61.2,2.0,SetByAsk
2025-12-30 20:28:21,2025-12-30T20:28:21,61.21,1.0,SetByAsk
2025-12-30 20:28:29,2025-12-30T20:28:29,61.21,1.0,SetByAsk
2025-12-30 20:28:31,2025-12-30T20:28:31,61.21,1.0,SetByAsk
2025-12-30 20:28:32,2025-12-30T20:28:32,61.2,7.0,SetByAsk
2025-12-30 20:28:34,2025-12-30T20:28:34,61.2,1.0,SetByBid
2025-12-30 20:28:46,2025-12-30T20:28:46,61.19,1.0,SetByBid
2025-12-30 20:28:46,2025-12-30T20:28:46,61.19,1.0,SetByBid
2025-12-30 20:28:46,2025-12-30T20:28:46,61.19,1.0,SetByBid
2025-12-30 20:28:46,2025-12-30T20:28:46,61.19,1.0,SetByBid
2025-12-30 20:28:46,2025-12-30T20:28:46,61.19,1.0,SetByBid
2025-12-30 20:28:46,2025-12-30T20:28:46,61.19,1.0,SetByAsk
2025-12-30 20:28:46,2025-12-30T20:28:46,61.19,5.0,SetByAsk
2025-12-30 20:28:58,2025-12-30T20:28:58,61.18,1.0,SetByBid
2025-12-30 20:28:58,2025-12-30T20:28:58,61.18,1.0,SetByBid
2025-12-30 20:28:58,2025-12-30T20:28:58,61.18,1.0,SetByBid
2025-12-30 20:28:58,2025-12-30T20:28:58,61.17,1.0,SetByAsk
2025-12-30 20:28:58,2025-12-30T20:28:58,61.17,1.0,SetByAsk
2025-12-30 20:28:58,2025-12-30T20:28:58,61.17,1.0,SetByAsk
2025-12-30 20:28:58,2025-12-30T20:28:58,61.18,3.0,SetByBid
2025-12-30 20:28:58,2025-12-30T20:28:58,61.18,3.0,SetByBid
2025-12-30 20:28:58,2025-12-30T20:28:58,61.18,1.0,SetByBid
2025-12-30 20:28:58,2025-12-30T20:28:58,61.18,2.0,SetByBid
2025-12-30 20:28:58,2025-12-30T20:28:58,61.18,1.0,SetByBid
2025-12-30 20:28:58,2025-12-30T20:28:58,61.18,2.0,SetByBid
2025-12-30 20:28:58,2025-12-30T20:28:58,61.18,2.0,SetByBid
2025-12-30 20:28:58,2025-12-30T20:28:58,61.18,1.0,SetByBid
2025-12-30 20:28:58,2025-12-30T20:28:58,61.18,2.0,SetByBid
2025-12-30 20:28:58,2025-12-30T20:28:58,61.18,1.0,SetByBid
2025-12-30 20:28:58,2025-12-30T20:28:58,61.18,1.0,SetByBid
2025-12-30 20:28:58,2025-12-30T20:28:58,61.18,1.0,SetByBid
2025-12-30 20:28:58,2025-12-30T20:28:58,61.18,1.0,SetByBid
2025-12-30 20:28:58,2025-12-30T20:28:58,61.18,3.0,SetByBid
2025-12-30 20:28:58,2025-12-30T20:28:58,61.18,3.0,SetByBid
2025-12-30 20:28:58,2025-12-30T20:28:58,61.18,1.0,SetByBid
2025-12-30 20:28:58,2025-12-30T20:28:58,61.18,1.0,SetByBid
2025-12-30 20:28:58,2025-12-30T20:28:58,61.18,1.0,SetByBid
2025-12-30 20:28:58,2025-12-30T20:28:58,61.18,2.0,SetByBid
2025-12-30 20:28:58,2025-12-30T20:28:58,61.18,1.0,SetByBid
2025-12-30 20:28:58,2025-12-30T20:28:58,61.18,1.0,SetByAsk
2025-12-30 20:28:58,2025-12-30T20:28:58,61.18,2.0,SetByAsk
2025-12-30 20:28:58,2025-12-30T20:28:58,61.18,1.0,SetByAsk
2025-12-30 20:28:59,2025-12-30T20:28:59,61.18,1.0,SetByAsk
2025-12-30 20:28:59,2025-12-30T20:28:59,61.18,1.0,SetByAsk
2025-12-30 20:28:59,2025-12-30T20:28:59,61.18,2.0,SetByBid
2025-12-30 20:28:59,2025-12-30T20:28:59,61.18,1.0,SetByBid
2025-12-30 20:28:59,2025-12-30T20:28:59,61.18,1.0,SetByBid
2025-12-30 20:29:00,2025-12-30T20:29:00,61.18,1.0,SetByAsk
2025-12-30 20:29:00,2025-12-30T20:29:00,61.18,2.0,SetByAsk
2025-12-30 20:29:00,2025-12-30T20:29:00,61.18,1.0,SetByAsk
2025-12-30 20:29:00,2025-12-30T20:29:00,61.18,2.0,SetByAsk
2025-12-30 20:29:00,2025-12-30T20:29:00,61.18,1.0,SetByAsk
2025-12-30 20:29:00,2025-12-30T20:29:00,61.18,1.0,SetByAsk
2025-12-30 20:29:00,2025-12-30T20:29:00,61.18,1.0,SetByAsk
2025-12-30 20:29:00,2025-12-30T20:29:00,61.18,1.0,SetByAsk
2025-12-30 20:29:01,2025-12-30T20:29:01,61.18,1.0,SetByAsk
2025-12-30 20:29:01,2025-12-30T20:29:01,61.18,1.0,SetByAsk
2025-12-30 20:29:01,2025-12-30T20:29:01,61.18,1.0,SetByAsk
2025-12-30 20:29:01,2025-12-30T20:29:01,61.18,1.0,SetByAsk
2025-12-30 20:29:01,2025-12-30T20:29:01,61.18,1.0,SetByAsk
2025-12-30 20:29:01,2025-12-30T20:29:01,61.18,3.0,SetByAsk
2025-12-30 20:29:01,2025-12-30T20:29:01,61.18,1.0,SetByAsk
2025-12-30 20:29:01,2025-12-30T20:29:01,61.18,1.0,SetByBid
2025-12-30 20:29:01,2025-12-30T20:29:01,61.18,1.0,SetByBid
2025-12-30 20:29:01,2025-12-30T20:29:01,61.18,1.0,SetByBid
2025-12-30 20:29:01,2025-12-30T20:29:01,61.18,3.0,SetByBid
2025-12-30 20:29:01,2025-12-30T20:29:01,61.18,1.0,SetByBid
2025-12-30 20:29:01,2025-12-30T20:29:01,61.18,1.0,SetByAsk
2025-12-30 20:29:01,2025-12-30T20:29:01,61.18,1.0,SetByAsk
2025-12-30 20:29:02,2025-12-30T20:29:02,61.18,1.0,SetByAsk
2025-12-30 20:29:02,2025-12-30T20:29:02,61.18,2.0,SetByAsk
2025-12-30 20:29:02,2025-12-30T20:29:02,61.18,1.0,SetByBid
2025-12-30 20:29:02,2025-12-30T20:29:02,61.18,2.0,SetByAsk
2025-12-30 20:29:02,2025-12-30T20:29:02,61.18,1.0,SetByBid
2025-12-30 20:29:02,2025-12-30T20:29:02,61.18,2.0,SetByBid
2025-12-30 20:29:04,2025-12-30T20:29:04,61.18,1.0,SetByAsk
2025-12-30 20:29:04,2025-12-30T20:29:04,61.18,1.0,SetByAsk
2025-12-30 20:29:04,2025-12-30T20:29:04,61.18,1.0,SetByAsk
2025-12-30 20:29:04,2025-12-30T20:29:04,61.18,1.0,SetByAsk
2025-12-30 20:29:05,2025-12-30T20:29:05,61.18,1.0,SetByAsk
2025-12-30 20:29:05,2025-12-30T20:29:05,61.18,1.0,SetByBid
2025-12-30 20:29:05,2025-12-30T20:29:05,61.18,1.0,SetByBid
2025-12-30 20:29:05,2025-12-30T20:29:05,61.18,1.0,SetByBid
2025-12-30 20:29:05,2025-12-30T20:29:05,61.18,1.0,SetByBid
2025-12-30 20:29:05,2025-12-30T20:29:05,61.18,1.0,SetByBid
2025-12-30 20:29:05,2025-12-30T20:29:05,61.18,3.0,SetByBid
2025-12-30 20:29:05,2025-12-30T20:29:05,61.18,1.0,SetByBid
2025-12-30 20:29:06,2025-12-30T20:29:06,61.18,1.0,SetByAsk
2025-12-30 20:29:08,2025-12-30T20:29:08,61.18,1.0,SetByAsk
2025-12-30 20:29:08,2025-12-30T20:29:08,61.18,1.0,SetByAsk
2025-12-30 20:29:08,2025-12-30T20:29:08,61.18,2.0,SetByAsk
2025-12-30 20:29:08,2025-12-30T20:29:08,61.18,1.0,SetByAsk
2025-12-30 20:29:08,2025-12-30T20:29:08,61.18,1.0,SetByBid
2025-12-30 20:29:08,2025-12-30T20:29:08,61.18,1.0,SetByAsk
2025-12-30 20:29:08,2025-12-30T20:29:08,61.18,1.0,SetByAsk
2025-12-30 20:29:08,2025-12-30T20:29:08,61.18,3.0,SetByAsk
2025-12-30 20:29:08,2025-12-30T20:29:08,61.18,1.0,SetByAsk
2025-12-30 20:29:08,2025-12-30T20:29:08,61.18,1.0,SetByAsk
2025-12-30 20:29:09,2025-12-30T20:29:09,61.18,1.0,SetByAsk
2025-12-30 20:29:09,2025-12-30T20:29:09,61.18,1.0,SetByAsk
2025-12-30 20:29:09,2025-12-30T20:29:09,61.18,2.0,SetByAsk
2025-12-30 20:29:09,2025-12-30T20:29:09,61.18,1.0,SetByBid
2025-12-30 20:29:09,2025-12-30T20:29:09,61.18,1.0,SetByBid
2025-12-30 20:29:09,2025-12-30T20:29:09,61.18,1.0,SetByAsk
2025-12-30 20:29:09,2025-12-30T20:29:09,61.18,1.0,SetByAsk
2025-12-30 20:29:09,2025-12-30T20:29:09,61.18,1.0,SetByAsk
2025-12-30 20:29:09,2025-12-30T20:29:09,61.18,1.0,SetByAsk
2025-12-30 20:29:10,2025-12-30T20:29:10,61.18,1.0,SetByAsk
2025-12-30 20:29:10,2025-12-30T20:29:10,61.18,3.0,SetByBid
2025-12-30 20:29:10,2025-12-30T20:29:10,61.18,1.0,SetByAsk
2025-12-30 20:29:12,2025-12-30T20:29:12,61.18,1.0,SetByAsk
2025-12-30 20:29:12,2025-12-30T20:29:12,61.18,1.0,SetByAsk
2025-12-30 20:29:12,2025-12-30T20:29:12,61.18,3.0,SetByBid
2025-12-30 20:29:12,2025-12-30T20:29:12,61.18,1.0,SetByAsk
2025-12-30 20:29:12,2025-12-30T20:29:12,61.18,1.0,SetByAsk
2025-12-30 20:29:12,2025-12-30T20:29:12,61.18,1.0,SetByAsk
2025-12-30 20:29:12,2025-12-30T20:29:12,61.18,2.0,SetByAsk
2025-12-30 20:29:12,2025-12-30T20:29:12,61.18,1.0,SetByAsk
2025-12-30 20:29:12,2025-12-30T20:29:12,61.18,1.0,SetByAsk
2025-12-30 20:29:12,2025-12-30T20:29:12,61.18,1.0,SetByAsk
2025-12-30 20:29:12,2025-12-30T20:29:12,61.18,1.0,SetByAsk
2025-12-30 20:29:12,2025-12-30T20:29:12,61.18,3.0,SetByAsk
2025-12-30 20:29:12,2025-12-30T20:29:12,61.18,1.0,SetByAsk
2025-12-30 20:29:12,2025-12-30T20:29:12,61.18,1.0,SetByAsk
2025-12-30 20:29:12,2025-12-30T20:29:12,61.18,1.0,SetByBid
2025-12-30 20:29:12,2025-12-30T20:29:12,61.18,1.0,SetByBid
2025-12-30 20:29:12,2025-12-30T20:29:12,61.18,1.0,SetByBid
2025-12-30 20:29:12,2025-12-30T20:29:12,61.18,3.0,SetByBid
2025-12-30 20:29:12,2025-12-30T20:29:12,61.18,3.0,SetByBid
2025-12-30 20:29:12,2025-12-30T20:29:12,61.18,3.0,SetByBid
2025-12-30 20:29:12,2025-12-30T20:29:12,61.18,1.0,SetByBid
2025-12-30 20:29:12,2025-12-30T20:29:12,61.18,1.0,SetByBid
2025-12-30 20:29:12,2025-12-30T20:29:12,61.18,1.0,SetByBid
2025-12-30 20:29:12,2025-12-30T20:29:12,61.18,2.0,SetByBid
2025-12-30 20:29:12,2025-12-30T20:29:12,61.18,1.0,SetByBid
2025-12-30 20:29:12,2025-12-30T20:29:12,61.18,3.0,SetByBid
2025-12-30 20:29:12,2025-12-30T20:29:12,61.18,3.0,SetByBid
2025-12-30 20:29:12,2025-12-30T20:29:12,61.18,1.0,SetByBid
2025-12-30 20:29:12,2025-12-30T20:29:12,61.18,2.0,SetByBid
2025-12-30 20:29:12,2025-12-30T20:29:12,61.18,1.0,SetByBid
2025-12-30 20:29:12,2025-12-30T20:29:12,61.18,2.0,SetByBid
2025-12-30 20:29:12,2025-12-30T20:29:12,61.18,3.0,SetByBid
2025-12-30 20:29:12,2025-12-30T20:29:12,61.18,2.0,SetByBid
2025-12-30 20:29:12,2025-12-30T20:29:12,61.18,1.0,SetByBid
2025-12-30 20:29:12,2025-12-30T20:29:12,61.18,1.0,SetByBid
2025-12-30 20:29:12,2025-12-30T20:29:12,61.18,2.0,SetByBid
2025-12-30 20:29:12,2025-12-30T20:29:12,61.18,3.0,SetByBid
2025-12-30 20:29:12,2025-12-30T20:29:12,61.18,2.0,SetByBid
2025-12-30 20:29:12,2025-12-30T20:29:12,61.18,1.0,SetByBid
2025-12-30 20:29:12,2025-12-30T20:29:12,61.18,1.0,SetByBid
2025-12-30 20:29:12,2025-12-30T20:29:12,61.18,1.0,SetByBid
2025-12-30 20:29:12,2025-12-30T20:29:12,61.18,1.0,SetByBid
2025-12-30 20:29:12,2025-12-30T20:29:12,61.18,1.0,SetByBid
2025-12-30 20:29:12,2025-12-30T20:29:12,61.18,1.0,SetByBid
2025-12-30 20:29:12,2025-12-30T20:29:12,61.18,1.0,SetByBid
2025-12-30 20:29:12,2025-12-30T20:29:12,61.18,1.0,SetByBid
2025-12-30 20:29:12,2025-12-30T20:29:12,61.18,2.0,SetByBid
2025-12-30 20:29:12,2025-12-30T20:29:12,61.18,2.0,SetByBid
2025-12-30 20:29:12,2025-12-30T20:29:12,61.18,1.0,SetByBid
2025-12-30 20:29:12,2025-12-30T20:29:12,61.18,3.0,SetByBid
2025-12-30 20:29:12,2025-12-30T20:29:12,61.18,2.0,SetByBid
2025-12-30 20:29:12,2025-12-30T20:29:12,61.18,3.0,SetByBid
2025-12-30 20:29:12,2025-12-30T20:29:12,61.18,2.0,SetByBid
2025-12-30 20:29:12,2025-12-30T20:29:12,61.18,3.0,SetByAsk
2025-12-30 20:29:12,2025-12-30T20:29:12,61.18,3.0,SetByAsk
2025-12-30 20:29:12,2025-12-30T20:29:12,61.18,2.0,SetByAsk
2025-12-30 20:29:12,2025-12-30T20:29:12,61.18,1.0,SetByAsk
2025-12-30 20:29:12,2025-12-30T20:29:12,61.18,3.0,SetByBid
2025-12-30 20:29:12,2025-12-30T20:29:12,61.18,1.0,SetByBid
2025-12-30 20:29:12,2025-12-30T20:29:12,61.18,2.0,SetByAsk
2025-12-30 20:29:12,2025-12-30T20:29:12,61.18,3.0,SetByAsk
2025-12-30 20:29:12,2025-12-30T20:29:12,61.18,3.0,SetByAsk
2025-12-30 20:29:12,2025-12-30T20:29:12,61.18,1.0,SetByAsk
2025-12-30 20:29:12,2025-12-30T20:29:12,61.18,1.0,SetByAsk
2025-12-30 20:29:12,2025-12-30T20:29:12,61.18,1.0,SetByAsk
2025-12-30 20:29:12,2025-12-30T20:29:12,61.18,3.0,SetByAsk
2025-12-30 20:29:12,2025-12-30T20:29:12,61.18,1.0,SetByAsk
2025-12-30 20:29:13,2025-12-30T20:29:13,61.18,1.0,SetByAsk
2025-12-30 20:29:13,2025-12-30T20:29:13,61.18,1.0,SetByAsk
2025-12-30 20:29:13,2025-12-30T20:29:13,61.18,1.0,SetByBid
2025-12-30 20:29:13,2025-12-30T20:29:13,61.18,2.0,SetByAsk
2025-12-30 20:29:13,2025-12-30T20:29:13,61.18,3.0,SetByAsk
2025-12-30 20:29:13,2025-12-30T20:29:13,61.18,3.0,SetByAsk
2025-12-30 20:29:13,2025-12-30T20:29:13,61.18,1.0,SetByAsk
2025-12-30 20:29:13,2025-12-30T20:29:13,61.18,2.0,SetByAsk
2025-12-30 20:29:13,2025-12-30T20:29:13,61.18,1.0,SetByAsk
2025-12-30 20:29:13,2025-12-30T20:29:13,61.18,2.0,SetByAsk
2025-12-30 20:29:13,2025-12-30T20:29:13,61.16,1.0,SetByAsk
2025-12-30 20:29:13,2025-12-30T20:29:13,61.16,2.0,SetByAsk
2025-12-30 20:29:13,2025-12-30T20:29:13,61.16,1.0,SetByAsk
2025-12-30 20:29:13,2025-12-30T20:29:13,61.16,1.0,SetByAsk
2025-12-30 20:29:13,2025-12-30T20:29:13,61.16,1.0,SetByAsk
2025-12-30 20:29:13,2025-12-30T20:29:13,61.16,1.0,SetByAsk
2025-12-30 20:29:13,2025-12-30T20:29:13,61.16,1.0,SetByAsk
2025-12-30 20:29:13,2025-12-30T20:29:13,61.16,2.0,SetByAsk
2025-12-30 20:29:13,2025-12-30T20:29:13,61.16,1.0,SetByAsk
2025-12-30 20:29:14,2025-12-30T20:29:14,61.16,1.0,SetByAsk
2025-12-30 20:29:14,2025-12-30T20:29:14,61.16,2.0,SetByAsk
2025-12-30 20:29:14,2025-12-30T20:29:14,61.16,1.0,SetByAsk
2025-12-30 20:29:14,2025-12-30T20:29:14,61.16,1.0,SetByAsk
2025-12-30 20:29:15,2025-12-30T20:29:15,61.16,1.0,SetByAsk
2025-12-30 20:29:17,2025-12-30T20:29:17,61.16,1.0,SetByAsk
2025-12-30 20:29:18,2025-12-30T20:29:18,61.16,1.0,SetByAsk
2025-12-30 20:29:18,2025-12-30T20:29:18,61.16,7.0,SetByAsk
2025-12-30 20:29:18,2025-12-30T20:29:18,61.16,1.0,SetByAsk
2025-12-30 20:29:18,2025-12-30T20:29:18,61.16,2.0,SetByAsk
2025-12-30 20:29:18,2025-12-30T20:29:18,61.16,1.0,SetByAsk
2025-12-30 20:29:18,2025-12-30T20:29:18,61.16,1.0,SetByAsk
2025-12-30 20:29:18,2025-12-30T20:29:18,61.16,3.0,SetByAsk
2025-12-30 20:29:20,2025-12-30T20:29:20,61.17,1.0,SetByBid
2025-12-30 20:29:20,2025-12-30T20:29:20,61.17,1.0,SetByBid
2025-12-30 20:29:23,2025-12-30T20:29:23,61.16,7.0,SetByAsk
2025-12-30 20:29:23,2025-12-30T20:29:23,61.16,3.0,SetByAsk
2025-12-30 20:29:23,2025-12-30T20:29:23,61.16,1.0,SetByAsk
2025-12-30 20:29:23,2025-12-30T20:29:23,61.16,1.0,SetByAsk
2025-12-30 20:29:23,2025-12-30T20:29:23,61.16,1.0,SetByAsk
2025-12-30 20:29:25,2025-12-30T20:29:25,61.17,1.0,SetByBid
2025-12-30 20:29:25,2025-12-30T20:29:25,61.17,1.0,SetByBid
2025-12-30 20:29:25,2025-12-30T20:29:25,61.17,1.0,SetByBid
2025-12-30 20:29:25,2025-12-30T20:29:25,61.17,1.0,SetByBid
2025-12-30 20:29:25,2025-12-30T20:29:25,61.17,1.0,SetByBid
2025-12-30 20:29:25,2025-12-30T20:29:25,61.17,1.0,SetByBid
2025-12-30 20:29:25,2025-12-30T20:29:25,61.17,1.0,SetByBid
2025-12-30 20:29:25,2025-12-30T20:29:25,61.17,5.0,SetByBid
2025-12-30 20:29:25,2025-12-30T20:29:25,61.17,1.0,SetByAsk
2025-12-30 20:29:25,2025-12-30T20:29:25,61.17,1.0,SetByBid
2025-12-30 20:29:30,2025-12-30T20:29:30,61.17,1.0,SetByBid
2025-12-30 20:29:30,2025-12-30T20:29:30,61.17,1.0,SetByBid
2025-12-30 20:29:33,2025-12-30T20:29:33,61.17,2.0,SetByAsk
2025-12-30 20:29:33,2025-12-30T20:29:33,61.17,1.0,SetByBid
2025-12-30 20:29:33,2025-12-30T20:29:33,61.17,1.0,SetByBid
2025-12-30 20:29:33,2025-12-30T20:29:33,61.17,1.0,SetByBid
2025-12-30 20:29:33,2025-12-30T20:29:33,61.17,1.0,SetByBid
2025-12-30 20:29:33,2025-12-30T20:29:33,61.17,1.0,"SetByBid, Leg"
2025-12-30 20:29:33,2025-12-30T20:29:33,61.18,1.0,"SetByBid, Leg"
2025-12-30 20:29:34,2025-12-30T20:29:34,61.17,1.0,SetByBid
2025-12-30 20:29:34,2025-12-30T20:29:34,61.17,1.0,SetByBid
2025-12-30 20:29:34,2025-12-30T20:29:34,61.17,1.0,SetByBid
2025-12-30 20:29:34,2025-12-30T20:29:34,61.17,1.0,SetByBid
2025-12-30 20:29:35,2025-12-30T20:29:35,61.17,1.0,SetByBid
2025-12-30 20:29:35,2025-12-30T20:29:35,61.17,1.0,SetByBid
2025-12-30 20:29:38,2025-12-30T20:29:38,61.16,3.0,SetByAsk
2025-12-30 20:29:38,2025-12-30T20:29:38,61.16,7.0,SetByAsk
2025-12-30 20:29:38,2025-12-30T20:29:38,61.16,1.0,SetByAsk
2025-12-30 20:29:38,2025-12-30T20:29:38,61.16,3.0,SetByAsk
2025-12-30 20:29:38,2025-12-30T20:29:38,61.16,1.0,SetByBid
2025-12-30 20:29:38,2025-12-30T20:29:38,61.16,2.0,SetByBid
2025-12-30 20:29:38,2025-12-30T20:29:38,61.16,1.0,SetByBid
2025-12-30 20:29:38,2025-12-30T20:29:38,61.16,1.0,SetByAsk
2025-12-30 20:29:38,2025-12-30T20:29:38,61.16,5.0,"SetByBid, Leg"
2025-12-30 20:29:38,2025-12-30T20:29:38,61.17,5.0,"SetByBid, Leg"
2025-12-30 20:29:38,2025-12-30T20:29:38,61.17,3.0,SetByBid
2025-12-30 20:29:39,2025-12-30T20:29:39,61.16,1.0,SetByAsk
2025-12-30 20:29:39,2025-12-30T20:29:39,61.16,1.0,SetByAsk
2025-12-30 20:29:39,2025-12-30T20:29:39,61.16,1.0,SetByAsk
2025-12-30 20:29:39,2025-12-30T20:29:39,61.16,1.0,SetByAsk
2025-12-30 20:29:41,2025-12-30T20:29:41,61.16,1.0,SetByAsk
2025-12-30 20:29:41,2025-12-30T20:29:41,61.16,1.0,SetByAsk
2025-12-30 20:29:41,2025-12-30T20:29:41,61.16,7.0,SetByAsk
2025-12-30 20:29:41,2025-12-30T20:29:41,61.16,1.0,SetByAsk
2025-12-30 20:29:41,2025-12-30T20:29:41,61.17,4.0,SetByBid
2025-12-30 20:29:41,2025-12-30T20:29:41,61.17,1.0,SetByBid
2025-12-30 20:29:41,2025-12-30T20:29:41,61.17,1.0,SetByBid
2025-12-30 20:29:46,2025-12-30T20:29:46,61.16,1.0,SetByAsk
2025-12-30 20:29:46,2025-12-30T20:29:46,61.16,1.0,SetByAsk
2025-12-30 20:29:46,2025-12-30T20:29:46,61.16,4.0,SetByAsk
2025-12-30 20:29:46,2025-12-30T20:29:46,61.16,4.0,SetByAsk
2025-12-30 20:29:46,2025-12-30T20:29:46,61.16,1.0,SetByBid
2025-12-30 20:29:46,2025-12-30T20:29:46,61.16,1.0,SetByBid
2025-12-30 20:29:46,2025-12-30T20:29:46,61.16,1.0,SetByAsk
2025-12-30 20:29:46,2025-12-30T20:29:46,61.16,1.0,SetByAsk
2025-12-30 20:29:46,2025-12-30T20:29:46,61.16,1.0,SetByAsk
2025-12-30 20:29:46,2025-12-30T20:29:46,61.16,1.0,SetByAsk
2025-12-30 20:29:46,2025-12-30T20:29:46,61.16,1.0,SetByAsk
2025-12-30 20:29:50,2025-12-30T20:29:50,61.17,1.0,SetByBid
2025-12-30 20:29:50,2025-12-30T20:29:50,61.16,1.0,SetByBid
2025-12-30 20:29:50,2025-12-30T20:29:50,61.16,1.0,SetByBid
2025-12-30 20:29:50,2025-12-30T20:29:50,61.16,1.0,SetByBid
2025-12-30 20:29:50,2025-12-30T20:29:50,61.16,1.0,SetByAsk
2025-12-30 20:29:50,2025-12-30T20:29:50,61.16,1.0,SetByBid
2025-12-30 20:29:50,2025-12-30T20:29:50,61.16,1.0,SetByBid
2025-12-30 20:29:50,2025-12-30T20:29:50,61.16,1.0,SetByBid
2025-12-30 20:29:50,2025-12-30T20:29:50,61.16,1.0,SetByBid
2025-12-30 20:29:50,2025-12-30T20:29:50,61.16,2.0,SetByBid
2025-12-30 20:29:50,2025-12-30T20:29:50,61.15,1.0,SetByBid
2025-12-30 20:29:50,2025-12-30T20:29:50,61.15,2.0,SetByBid
2025-12-30 20:29:50,2025-12-30T20:29:50,61.15,2.0,SetByBid
2025-12-30 20:29:50,2025-12-30T20:29:50,61.15,1.0,SetByBid
2025-12-30 20:29:50,2025-12-30T20:29:50,61.14,1.0,SetByAsk
2025-12-30 20:29:50,2025-12-30T20:29:50,61.14,1.0,SetByAsk
2025-12-30 20:29:50,2025-12-30T20:29:50,61.14,1.0,SetByAsk
2025-12-30 20:29:50,2025-12-30T20:29:50,61.14,1.0,SetByAsk
2025-12-30 20:29:50,2025-12-30T20:29:50,61.15,3.0,SetByBid
2025-12-30 20:29:50,2025-12-30T20:29:50,61.15,3.0,SetByBid
2025-12-30 20:29:50,2025-12-30T20:29:50,61.14,1.0,"SetByBid, Leg"
2025-12-30 20:29:50,2025-12-30T20:29:50,61.15,1.0,"SetByBid, Leg"
2025-12-30 20:29:50,2025-12-30T20:29:50,61.15,1.0,SetByBid
2025-12-30 20:29:50,2025-12-30T20:29:50,61.15,3.0,SetByBid
2025-12-30 20:29:50,2025-12-30T20:29:50,61.15,3.0,SetByBid
2025-12-30 20:29:50,2025-12-30T20:29:50,61.15,1.0,SetByBid
2025-12-30 20:29:50,2025-12-30T20:29:50,61.15,1.0,SetByBid
2025-12-30 20:29:50,2025-12-30T20:29:50,61.15,1.0,SetByBid
2025-12-30 20:29:50,2025-12-30T20:29:50,61.15,1.0,SetByBid
2025-12-30 20:29:50,2025-12-30T20:29:50,61.15,1.0,SetByBid
2025-12-30 20:29:50,2025-12-30T20:29:50,61.15,1.0,SetByBid
2025-12-30 20:29:50,2025-12-30T20:29:50,61.15,1.0,SetByBid
2025-12-30 20:29:50,2025-12-30T20:29:50,61.15,1.0,SetByBid
2025-12-30 20:29:52,2025-12-30T20:29:52,61.15,1.0,SetByBid
2025-12-30 20:29:52,2025-12-30T20:29:52,61.15,1.0,SetByBid
2025-12-30 20:29:52,2025-12-30T20:29:52,61.15,1.0,SetByBid
2025-12-30 20:29:52,2025-12-30T20:29:52,61.15,3.0,SetByBid
2025-12-30 20:29:52,2025-12-30T20:29:52,61.15,1.0,SetByBid
2025-12-30 20:29:52,2025-12-30T20:29:52,61.15,1.0,SetByBid
2025-12-30 20:29:52,2025-12-30T20:29:52,61.15,1.0,SetByBid
2025-12-30 20:29:52,2025-12-30T20:29:52,61.15,3.0,SetByBid
2025-12-30 20:29:52,2025-12-30T20:29:52,61.15,2.0,SetByBid
2025-12-30 20:29:52,2025-12-30T20:29:52,61.14,1.0,SetByAsk
2025-12-30 20:29:52,2025-12-30T20:29:52,61.14,4.0,SetByAsk
2025-12-30 20:29:55,2025-12-30T20:29:55,61.15,1.0,SetByBid
2025-12-30 20:29:55,2025-12-30T20:29:55,61.14,1.0,SetByAsk
2025-12-30 20:29:56,2025-12-30T20:29:56,61.13,1.0,SetByAsk
2025-12-30 20:29:57,2025-12-30T20:29:57,61.11,1.0,SetByBid
2025-12-30 20:29:57,2025-12-30T20:29:57,61.11,1.0,SetByBid
2025-12-30 20:29:57,2025-12-30T20:29:57,61.1,1.0,SetByAsk
2025-12-30 20:29:57,2025-12-30T20:29:57,61.1,1.0,SetByAsk
2025-12-30 20:29:57,2025-12-30T20:29:57,61.1,1.0,SetByBid
2025-12-30 20:29:57,2025-12-30T20:29:57,61.09,2.0,SetByBid
2025-12-30 20:29:57,2025-12-30T20:29:57,61.09,2.0,SetByBid
2025-12-30 20:29:57,2025-12-30T20:29:57,61.09,1.0,SetByBid
2025-12-30 20:29:58,2025-12-30T20:29:58,61.08,1.0,SetByBid
2025-12-30 20:29:58,2025-12-30T20:29:58,61.08,1.0,SetByBid
2025-12-30 20:29:58,2025-12-30T20:29:58,61.08,1.0,SetByBid
2025-12-30 20:29:58,2025-12-30T20:29:58,61.08,1.0,SetByBid
2025-12-30 20:29:58,2025-12-30T20:29:58,61.08,2.0,SetByBid
2025-12-30 20:29:58,2025-12-30T20:29:58,61.09,1.0,SetByBid
2025-12-30 20:29:58,2025-12-30T20:29:58,61.09,1.0,SetByBid
2025-12-30 20:29:58,2025-12-30T20:29:58,61.09,2.0,SetByBid
2025-12-30 20:29:58,2025-12-30T20:29:58,61.09,2.0,SetByBid
2025-12-30 20:29:58,2025-12-30T20:29:58,61.09,2.0,SetByBid
2025-12-30 20:29:58,2025-12-30T20:29:58,61.09,1.0,SetByBid
2025-12-30 20:29:58,2025-12-30T20:29:58,61.09,1.0,SetByBid
2025-12-30 20:29:58,2025-12-30T20:29:58,61.09,1.0,SetByBid
2025-12-30 20:29:58,2025-12-30T20:29:58,61.09,2.0,SetByBid
2025-12-30 20:29:58,2025-12-30T20:29:58,61.09,1.0,SetByBid
2025-12-30 20:29:58,2025-12-30T20:29:58,61.09,1.0,SetByBid
2025-12-30 20:29:58,2025-12-30T20:29:58,61.08,2.0,SetByAsk
2025-12-30 20:29:59,2025-12-30T20:29:59,61.08,5.0,SetByAsk
2025-12-30 20:29:59,2025-12-30T20:29:59,61.08,1.0,SetByAsk
2025-12-30 20:29:59,2025-12-30T20:29:59,61.08,1.0,SetByAsk
2025-12-30 20:29:59,2025-12-30T20:29:59,61.08,5.0,SetByAsk
2025-12-30 20:29:59,2025-12-30T20:29:59,61.08,2.0,SetByAsk
2025-12-30 20:29:59,2025-12-30T20:29:59,61.08,2.0,SetByAsk
2025-12-30 20:29:59,2025-12-30T20:29:59,61.09,1.0,SetByBid
2025-12-30 20:29:59,2025-12-30T20:29:59,61.09,1.0,SetByBid
2025-12-30 20:29:59,2025-12-30T20:29:59,61.09,1.0,SetByBid
2025-12-30 20:30:00,2025-12-30T20:30:00,61.09,1.0,SetByBid
2025-12-30 20:30:00,2025-12-30T20:30:00,61.09,1.0,SetByBid
2025-12-30 20:30:00,2025-12-30T20:30:00,61.1,1.0,SetByBid
2025-12-30 20:30:00,2025-12-30T20:30:00,61.1,1.0,SetByBid
2025-12-30 20:30:00,2025-12-30T20:30:00,61.1,2.0,SetByBid
2025-12-30 20:30:00,2025-12-30T20:30:00,61.1,1.0,SetByBid
2025-12-30 20:30:00,2025-12-30T20:30:00,61.1,1.0,SetByBid
2025-12-30 20:30:00,2025-12-30T20:30:00,61.1,1.0,SetByBid
2025-12-30 20:30:00,2025-12-30T20:30:00,61.1,1.0,SetByBid
2025-12-30 20:30:00,2025-12-30T20:30:00,61.1,1.0,SetByBid
2025-12-30 20:30:00,2025-12-30T20:30:00,61.09,1.0,SetByBid
2025-12-30 20:30:00,2025-12-30T20:30:00,61.09,1.0,SetByBid
2025-12-30 20:30:00,2025-12-30T20:30:00,61.09,2.0,SetByBid
2025-12-30 20:30:03,2025-12-30T20:30:03,61.05,1.0,SetByBid
2025-12-30 20:30:03,2025-12-30T20:30:03,61.05,1.0,SetByBid
2025-12-30 20:30:03,2025-12-30T20:30:03,61.05,2.0,SetByBid
2025-12-30 20:30:03,2025-12-30T20:30:03,61.05,1.0,SetByBid
2025-12-30 20:30:03,2025-12-30T20:30:03,61.05,2.0,SetByBid
2025-12-30 20:30:03,2025-12-30T20:30:03,61.05,19.0,SetByBid
2025-12-30 20:30:03,2025-12-30T20:30:03,61.05,7.0,SetByBid
2025-12-30 20:30:03,2025-12-30T20:30:03,61.05,4.0,SetByBid
2025-12-30 20:30:03,2025-12-30T20:30:03,61.05,1.0,SetByBid
2025-12-30 20:30:03,2025-12-30T20:30:03,61.05,1.0,SetByBid
2025-12-30 20:30:03,2025-12-30T20:30:03,61.05,1.0,SetByBid
2025-12-30 20:30:03,2025-12-30T20:30:03,61.05,1.0,SetByBid
2025-12-30 20:30:03,2025-12-30T20:30:03,61.05,1.0,SetByBid
2025-12-30 20:30:03,2025-12-30T20:30:03,61.05,43.0,SetByBid
2025-12-30 20:30:03,2025-12-30T20:30:03,61.05,5.0,SetByBid
2025-12-30 20:30:03,2025-12-30T20:30:03,61.05,7.0,SetByBid
2025-12-30 20:30:03,2025-12-30T20:30:03,61.05,1.0,SetByBid
2025-12-30 20:30:03,2025-12-30T20:30:03,61.05,9.0,SetByBid
2025-12-30 20:30:03,2025-12-30T20:30:03,61.05,5.0,SetByBid
2025-12-30 20:30:03,2025-12-30T20:30:03,61.05,1.0,SetByBid
2025-12-30 20:30:03,2025-12-30T20:30:03,61.05,2.0,SetByBid
2025-12-30 20:30:03,2025-12-30T20:30:03,61.05,30.0,SetByBid
2025-12-30 20:30:03,2025-12-30T20:30:03,61.05,12.0,SetByBid
2025-12-30 20:30:03,2025-12-30T20:30:03,61.05,7.0,SetByBid
2025-12-30 20:30:03,2025-12-30T20:30:03,61.06,1.0,SetByBid
2025-12-30 20:30:03,2025-12-30T20:30:03,61.05,1.0,SetByBid
2025-12-30 20:30:03,2025-12-30T20:30:03,61.05,3.0,SetByBid
2025-12-30 20:30:03,2025-12-30T20:30:03,61.05,1.0,SetByBid
2025-12-30 20:30:03,2025-12-30T20:30:03,61.05,7.0,SetByBid
2025-12-30 20:30:03,2025-12-30T20:30:03,61.06,1.0,SetByBid
2025-12-30 20:30:03,2025-12-30T20:30:03,61.06,1.0,SetByBid
2025-12-30 20:30:03,2025-12-30T20:30:03,61.06,1.0,SetByBid
2025-12-30 20:30:03,2025-12-30T20:30:03,61.06,1.0,SetByBid
2025-12-30 20:30:03,2025-12-30T20:30:03,61.06,1.0,SetByBid
2025-12-30 20:30:03,2025-12-30T20:30:03,61.06,2.0,SetByBid
2025-12-30 20:30:03,2025-12-30T20:30:03,61.06,1.0,SetByBid
2025-12-30 20:30:03,2025-12-30T20:30:03,61.06,1.0,SetByBid
2025-12-30 20:30:03,2025-12-30T20:30:03,61.06,1.0,SetByAsk
2025-12-30 20:30:03,2025-12-30T20:30:03,61.07,5.0,SetByBid
2025-12-30 20:30:04,2025-12-30T20:30:04,61.07,1.0,SetByAsk
2025-12-30 20:30:04,2025-12-30T20:30:04,61.07,1.0,SetByAsk
2025-12-30 20:30:04,2025-12-30T20:30:04,61.07,1.0,SetByAsk
2025-12-30 20:30:04,2025-12-30T20:30:04,61.07,6.0,SetByAsk
2025-12-30 20:30:07,2025-12-30T20:30:07,61.09,1.0,SetByBid
2025-12-30 20:30:07,2025-12-30T20:30:07,61.09,1.0,SetByBid
2025-12-30 20:30:07,2025-12-30T20:30:07,61.09,1.0,SetByBid
2025-12-30 20:30:07,2025-12-30T20:30:07,61.09,1.0,SetByBid
2025-12-30 20:30:09,2025-12-30T20:30:09,61.09,1.0,SetByBid
2025-12-30 20:30:09,2025-12-30T20:30:09,61.09,3.0,SetByBid
2025-12-30 20:30:09,2025-12-30T20:30:09,61.09,2.0,SetByAsk
2025-12-30 20:30:09,2025-12-30T20:30:09,61.09,1.0,SetByAsk
2025-12-30 20:30:09,2025-12-30T20:30:09,61.09,1.0,SetByAsk
2025-12-30 20:30:10,2025-12-30T20:30:10,61.1,1.0,SetByBid
2025-12-30 20:30:10,2025-12-30T20:30:10,61.1,1.0,SetByAsk
2025-12-30 20:30:10,2025-12-30T20:30:10,61.1,1.0,SetByAsk
2025-12-30 20:30:10,2025-12-30T20:30:10,61.1,11.0,SetByAsk
2025-12-30 20:30:10,2025-12-30T20:30:10,61.1,10.0,SetByAsk
2025-12-30 20:30:10,2025-12-30T20:30:10,61.1,1.0,SetByAsk
2025-12-30 20:30:12,2025-12-30T20:30:12,61.1,4.0,SetByBid
2025-12-30 20:30:15,2025-12-30T20:30:15,61.11,1.0,SetByBid
2025-12-30 20:30:15,2025-12-30T20:30:15,61.11,3.0,SetByBid
2025-12-30 20:30:15,2025-12-30T20:30:15,61.11,1.0,SetByAsk
2025-12-30 20:30:15,2025-12-30T20:30:15,61.11,1.0,SetByAsk
2025-12-30 20:30:15,2025-12-30T20:30:15,61.11,2.0,SetByAsk
2025-12-30 20:30:16,2025-12-30T20:30:16,61.11,1.0,SetByAsk
2025-12-30 20:30:16,2025-12-30T20:30:16,61.11,1.0,SetByAsk
2025-12-30 20:30:16,2025-12-30T20:30:16,61.11,1.0,SetByAsk
2025-12-30 20:30:16,2025-12-30T20:30:16,61.11,1.0,SetByAsk
2025-12-30 20:30:21,2025-12-30T20:30:21,61.11,2.0,SetByBid
2025-12-30 20:30:21,2025-12-30T20:30:21,61.12,1.0,SetByBid
2025-12-30 20:30:21,2025-12-30T20:30:21,61.12,7.0,SetByBid
2025-12-30 20:30:21,2025-12-30T20:30:21,61.12,1.0,SetByBid
2025-12-30 20:30:21,2025-12-30T20:30:21,61.12,1.0,SetByBid
2025-12-30 20:30:24,2025-12-30T20:30:24,61.12,1.0,SetByAsk
2025-12-30 20:30:38,2025-12-30T20:30:38,61.14,2.0,SetByBid
2025-12-30 20:30:38,2025-12-30T20:30:38,61.14,1.0,SetByBid
2025-12-30 20:30:43,2025-12-30T20:30:43,61.15,1.0,SetByBid
2025-12-30 20:30:43,2025-12-30T20:30:43,61.15,1.0,SetByBid
2025-12-30 20:30:43,2025-12-30T20:30:43,61.15,1.0,SetByBid
2025-12-30 20:30:43,2025-12-30T20:30:43,61.15,1.0,SetByBid
2025-12-30 20:30:43,2025-12-30T20:30:43,61.15,4.0,SetByBid
2025-12-30 20:30:43,2025-12-30T20:30:43,61.15,1.0,SetByBid
2025-12-30 20:30:45,2025-12-30T20:30:45,61.15,1.0,SetByBid
2025-12-30 20:30:45,2025-12-30T20:30:45,61.15,1.0,SetByBid
2025-12-30 20:30:45,2025-12-30T20:30:45,61.15,1.0,SetByBid
2025-12-30 20:30:45,2025-12-30T20:30:45,61.15,1.0,SetByBid
2025-12-30 20:30:45,2025-12-30T20:30:45,61.15,1.0,SetByBid
2025-12-30 20:30:47,2025-12-30T20:30:47,61.16,1.0,SetByAsk
2025-12-30 20:30:47,2025-12-30T20:30:47,61.16,1.0,SetByAsk
2025-12-30 20:30:50,2025-12-30T20:30:50,61.16,2.0,SetByAsk
2025-12-30 20:30:53,2025-12-30T20:30:53,61.16,1.0,SetByAsk
2025-12-30 20:30:57,2025-12-30T20:30:57,61.16,1.0,SetByBid
2025-12-30 20:31:01,2025-12-30T20:31:01,61.16,2.0,SetByAsk
2025-12-30 20:31:05,2025-12-30T20:31:05,61.17,2.0,SetByAsk
2025-12-30 20:31:05,2025-12-30T20:31:05,61.17,1.0,SetByAsk
2025-12-30 20:31:05,2025-12-30T20:31:05,61.17,4.0,SetByAsk
2025-12-30 20:31:05,2025-12-30T20:31:05,61.17,1.0,SetByAsk
2025-12-30 20:31:05,2025-12-30T20:31:05,61.17,1.0,SetByAsk
2025-12-30 20:31:05,2025-12-30T20:31:05,61.17,1.0,SetByAsk
2025-12-30 20:31:05,2025-12-30T20:31:05,61.17,3.0,SetByAsk
2025-12-30 20:31:18,2025-12-30T20:31:18,61.16,1.0,SetByAsk
2025-12-30 20:31:30,2025-12-30T20:31:30,61.17,1.0,SetByBid
2025-12-30 20:31:35,2025-12-30T20:31:35,61.17,1.0,SetByAsk
2025-12-30 20:31:35,2025-12-30T20:31:35,61.17,1.0,SetByBid
2025-12-30 20:31:36,2025-12-30T20:31:36,61.17,1.0,SetByAsk
2025-12-30 20:31:36,2025-12-30T20:31:36,61.17,1.0,SetByAsk
2025-12-30 20:31:36,2025-12-30T20:31:36,61.17,1.0,SetByBid
2025-12-30 20:31:40,2025-12-30T20:31:40,61.17,1.0,SetByAsk
2025-12-30 20:31:46,2025-12-30T20:31:46,61.17,1.0,SetByBid
2025-12-30 20:31:46,2025-12-30T20:31:46,61.17,1.0,SetByBid
2025-12-30 20:31:46,2025-12-30T20:31:46,61.17,3.0,SetByBid
2025-12-30 20:31:46,2025-12-30T20:31:46,61.17,1.0,SetByBid
2025-12-30 20:31:46,2025-12-30T20:31:46,61.17,1.0,SetByBid
2025-12-30 20:31:46,2025-12-30T20:31:46,61.17,1.0,SetByBid
2025-12-30 20:31:46,2025-12-30T20:31:46,61.17,4.0,SetByBid
2025-12-30 20:31:46,2025-12-30T20:31:46,61.17,1.0,SetByBid
2025-12-30 20:31:46,2025-12-30T20:31:46,61.17,1.0,SetByBid
2025-12-30 20:31:50,2025-12-30T20:31:50,61.16,1.0,SetByAsk
2025-12-30 20:31:51,2025-12-30T20:31:51,61.15,1.0,SetByAsk
2025-12-30 20:31:52,2025-12-30T20:31:52,61.14,1.0,SetByAsk
2025-12-30 20:31:52,2025-12-30T20:31:52,61.14,1.0,SetByAsk
2025-12-30 20:31:52,2025-12-30T20:31:52,61.14,1.0,SetByAsk
2025-12-30 20:32:01,2025-12-30T20:32:01,61.16,1.0,SetByAsk
2025-12-30 20:32:01,2025-12-30T20:32:01,61.15,1.0,SetByAsk
2025-12-30 20:32:01,2025-12-30T20:32:01,61.15,2.0,SetByAsk
2025-12-30 20:32:01,2025-12-30T20:32:01,61.15,1.0,SetByAsk
2025-12-30 20:32:01,2025-12-30T20:32:01,61.15,1.0,SetByAsk
2025-12-30 20:32:01,2025-12-30T20:32:01,61.15,2.0,SetByAsk
2025-12-30 20:32:01,2025-12-30T20:32:01,61.15,4.0,SetByAsk
2025-12-30 20:32:01,2025-12-30T20:32:01,61.15,4.0,SetByAsk
2025-12-30 20:32:01,2025-12-30T20:32:01,61.15,5.0,SetByAsk
2025-12-30 20:32:01,2025-12-30T20:32:01,61.15,1.0,SetByAsk
2025-12-30 20:32:01,2025-12-30T20:32:01,61.15,1.0,SetByAsk
2025-12-30 20:32:01,2025-12-30T20:32:01,61.15,1.0,SetByAsk
2025-12-30 20:32:01,2025-12-30T20:32:01,61.15,1.0,SetByAsk
2025-12-30 20:32:01,2025-12-30T20:32:01,61.15,1.0,SetByAsk
2025-12-30 20:32:01,2025-12-30T20:32:01,61.15,1.0,SetByAsk
2025-12-30 20:32:01,2025-12-30T20:32:01,61.15,1.0,SetByAsk
2025-12-30 20:32:01,2025-12-30T20:32:01,61.15,1.0,SetByAsk
2025-12-30 20:32:01,2025-12-30T20:32:01,61.15,1.0,SetByAsk
2025-12-30 20:32:01,2025-12-30T20:32:01,61.15,1.0,SetByAsk
2025-12-30 20:32:01,2025-12-30T20:32:01,61.15,1.0,SetByAsk
2025-12-30 20:32:01,2025-12-30T20:32:01,61.15,1.0,SetByAsk
2025-12-30 20:32:01,2025-12-30T20:32:01,61.15,1.0,SetByAsk
2025-12-30 20:32:01,2025-12-30T20:32:01,61.15,1.0,SetByAsk
2025-12-30 20:32:01,2025-12-30T20:32:01,61.15,1.0,SetByAsk
2025-12-30 20:32:01,2025-12-30T20:32:01,61.15,1.0,SetByAsk
2025-12-30 20:32:01,2025-12-30T20:32:01,61.15,1.0,SetByAsk
2025-12-30 20:32:01,2025-12-30T20:32:01,61.15,1.0,SetByAsk
2025-12-30 20:32:01,2025-12-30T20:32:01,61.15,1.0,SetByAsk
2025-12-30 20:32:01,2025-12-30T20:32:01,61.15,1.0,SetByAsk
2025-12-30 20:32:01,2025-12-30T20:32:01,61.15,1.0,SetByAsk
2025-12-30 20:32:01,2025-12-30T20:32:01,61.15,1.0,SetByAsk
2025-12-30 20:32:01,2025-12-30T20:32:01,61.15,1.0,SetByAsk
2025-12-30 20:32:01,2025-12-30T20:32:01,61.15,3.0,SetByBid
2025-12-30 20:32:01,2025-12-30T20:32:01,61.15,2.0,SetByBid
2025-12-30 20:32:01,2025-12-30T20:32:01,61.15,1.0,SetByBid
2025-12-30 20:32:02,2025-12-30T20:32:02,61.15,1.0,SetByBid
2025-12-30 20:32:03,2025-12-30T20:32:03,61.15,1.0,SetByBid
2025-12-30 20:32:03,2025-12-30T20:32:03,61.15,1.0,SetByBid
2025-12-30 20:32:03,2025-12-30T20:32:03,61.15,1.0,SetByBid
2025-12-30 20:32:03,2025-12-30T20:32:03,61.15,5.0,SetByBid
2025-12-30 20:32:06,2025-12-30T20:32:06,61.15,45.0,SetByBid
2025-12-30 20:32:06,2025-12-30T20:32:06,61.15,3.0,SetByBid
2025-12-30 20:32:06,2025-12-30T20:32:06,61.15,1.0,SetByBid
2025-12-30 20:32:10,2025-12-30T20:32:10,61.15,2.0,SetByAsk
2025-12-30 20:32:10,2025-12-30T20:32:10,61.15,2.0,SetByAsk
2025-12-30 20:32:10,2025-12-30T20:32:10,61.15,4.0,SetByAsk
2025-12-30 20:32:10,2025-12-30T20:32:10,61.15,1.0,SetByAsk
2025-12-30 20:32:10,2025-12-30T20:32:10,61.15,1.0,SetByAsk
2025-12-30 20:32:31,2025-12-30T20:32:31,61.15,2.0,SetByBid
2025-12-30 20:32:31,2025-12-30T20:32:31,61.15,1.0,SetByBid
2025-12-30 20:32:49,2025-12-30T20:32:49,61.17,1.0,SetByAsk
2025-12-30 20:32:54,2025-12-30T20:32:54,61.18,1.0,SetByBid
2025-12-30 20:32:54,2025-12-30T20:32:54,61.18,1.0,SetByBid
2025-12-30 20:32:54,2025-12-30T20:32:54,61.18,1.0,SetByBid
2025-12-30 20:32:54,2025-12-30T20:32:54,61.18,1.0,SetByBid
2025-12-30 20:32:55,2025-12-30T20:32:55,61.18,1.0,SetByAsk
2025-12-30 20:32:55,2025-12-30T20:32:55,61.18,1.0,SetByAsk
2025-12-30 20:33:06,2025-12-30T20:33:06,61.18,1.0,SetByBid
2025-12-30 20:33:06,2025-12-30T20:33:06,61.18,1.0,SetByBid
2025-12-30 20:33:06,2025-12-30T20:33:06,61.18,1.0,SetByBid
2025-12-30 20:33:06,2025-12-30T20:33:06,61.18,1.0,SetByBid
2025-12-30 20:33:06,2025-12-30T20:33:06,61.18,1.0,SetByBid
2025-12-30 20:33:06,2025-12-30T20:33:06,61.18,1.0,SetByBid
2025-12-30 20:33:06,2025-12-30T20:33:06,61.18,1.0,SetByBid
2025-12-30 20:33:06,2025-12-30T20:33:06,61.18,1.0,SetByBid
2025-12-30 20:33:06,2025-12-30T20:33:06,61.18,1.0,SetByBid
2025-12-30 20:33:06,2025-12-30T20:33:06,61.18,1.0,SetByBid
2025-12-30 20:33:15,2025-12-30T20:33:15,61.17,1.0,SetByBid
2025-12-30 20:33:15,2025-12-30T20:33:15,61.17,1.0,SetByBid
2025-12-30 20:33:15,2025-12-30T20:33:15,61.17,1.0,SetByBid
2025-12-30 20:33:15,2025-12-30T20:33:15,61.17,2.0,SetByBid
2025-12-30 20:33:21,2025-12-30T20:33:21,61.16,1.0,SetByAsk
2025-12-30 20:33:30,2025-12-30T20:33:30,61.16,22.0,SetByAsk
2025-12-30 20:33:30,2025-12-30T20:33:30,61.16,2.0,SetByAsk
2025-12-30 20:33:30,2025-12-30T20:33:30,61.16,2.0,SetByBid
2025-12-30 20:33:30,2025-12-30T20:33:30,61.16,2.0,SetByBid
2025-12-30 20:33:30,2025-12-30T20:33:30,61.16,1.0,SetByBid
2025-12-30 20:33:30,2025-12-30T20:33:30,61.16,3.0,SetByBid
2025-12-30 20:33:30,2025-12-30T20:33:30,61.16,2.0,SetByBid
2025-12-30 20:33:30,2025-12-30T20:33:30,61.16,1.0,SetByBid
2025-12-30 20:33:30,2025-12-30T20:33:30,61.17,1.0,SetByBid
2025-12-30 20:33:30,2025-12-30T20:33:30,61.17,1.0,SetByBid
2025-12-30 20:33:30,2025-12-30T20:33:30,61.17,2.0,SetByBid
2025-12-30 20:33:30,2025-12-30T20:33:30,61.17,1.0,SetByBid
2025-12-30 20:33:30,2025-12-30T20:33:30,61.17,3.0,SetByBid
2025-12-30 20:33:36,2025-12-30T20:33:36,61.14,1.0,SetByAsk
2025-12-30 20:33:36,2025-12-30T20:33:36,61.14,1.0,SetByBid
2025-12-30 20:33:36,2025-12-30T20:33:36,61.14,1.0,SetByBid
2025-12-30 20:33:36,2025-12-30T20:33:36,61.14,1.0,SetByAsk
2025-12-30 20:33:41,2025-12-30T20:33:41,61.13,2.0,SetByAsk
2025-12-30 20:33:41,2025-12-30T20:33:41,61.13,1.0,SetByAsk
2025-12-30 20:33:41,2025-12-30T20:33:41,61.13,1.0,SetByAsk
2025-12-30 20:33:55,2025-12-30T20:33:55,61.14,1.0,SetByAsk
2025-12-30 20:33:55,2025-12-30T20:33:55,61.14,5.0,SetByAsk
2025-12-30 20:34:17,2025-12-30T20:34:17,61.15,1.0,SetByBid
2025-12-30 20:34:17,2025-12-30T20:34:17,61.15,4.0,SetByBid
2025-12-30 20:34:26,2025-12-30T20:34:26,61.16,1.0,SetByBid
2025-12-30 20:35:16,2025-12-30T20:35:16,61.16,1.0,SetByBid
2025-12-30 20:35:16,2025-12-30T20:35:16,61.16,1.0,SetByBid
2025-12-30 20:35:17,2025-12-30T20:35:17,61.15,1.0,SetByAsk
2025-12-30 20:35:17,2025-12-30T20:35:17,61.15,1.0,SetByAsk
2025-12-30 20:35:17,2025-12-30T20:35:17,61.15,2.0,SetByAsk
2025-12-30 20:35:17,2025-12-30T20:35:17,61.15,1.0,SetByBid
2025-12-30 20:35:27,2025-12-30T20:35:27,61.14,2.0,SetByAsk
2025-12-30 20:35:27,2025-12-30T20:35:27,61.14,1.0,SetByAsk
2025-12-30 20:35:29,2025-12-30T20:35:29,61.14,1.0,SetByAsk
2025-12-30 20:35:29,2025-12-30T20:35:29,61.14,1.0,SetByAsk
2025-12-30 20:35:29,2025-12-30T20:35:29,61.14,1.0,SetByAsk
2025-12-30 20:35:29,2025-12-30T20:35:29,61.14,1.0,SetByAsk
2025-12-30 20:35:43,2025-12-30T20:35:43,61.14,1.0,SetByAsk
2025-12-30 20:35:43,2025-12-30T20:35:43,61.14,1.0,SetByBid
2025-12-30 20:36:00,2025-12-30T20:36:00,61.14,1.0,SetByBid
2025-12-30 20:36:00,2025-12-30T20:36:00,61.14,1.0,SetByBid
2025-12-30 20:36:04,2025-12-30T20:36:04,61.16,1.0,SetByBid
2025-12-30 20:36:04,2025-12-30T20:36:04,61.16,1.0,SetByBid
2025-12-30 20:36:04,2025-12-30T20:36:04,61.16,1.0,SetByBid
2025-12-30 20:36:26,2025-12-30T20:36:26,61.16,1.0,SetByBid
2025-12-30 20:36:26,2025-12-30T20:36:26,61.16,1.0,SetByBid
2025-12-30 20:36:26,2025-12-30T20:36:26,61.16,1.0,SetByBid
2025-12-30 20:36:26,2025-12-30T20:36:26,61.16,1.0,SetByBid
2025-12-30 20:36:26,2025-12-30T20:36:26,61.16,5.0,SetByBid
2025-12-30 20:36:26,2025-12-30T20:36:26,61.16,5.0,SetByBid
2025-12-30 20:36:26,2025-12-30T20:36:26,61.15,2.0,SetByAsk
2025-12-30 20:36:27,2025-12-30T20:36:27,61.16,4.0,SetByBid
2025-12-30 20:36:41,2025-12-30T20:36:41,61.16,1.0,SetByBid
2025-12-30 20:36:41,2025-12-30T20:36:41,61.16,1.0,SetByBid
2025-12-30 20:36:41,2025-12-30T20:36:41,61.16,4.0,SetByBid
2025-12-30 20:36:41,2025-12-30T20:36:41,61.16,1.0,SetByBid
2025-12-30 20:36:42,2025-12-30T20:36:42,61.16,1.0,SetByBid
2025-12-30 20:36:42,2025-12-30T20:36:42,61.17,2.0,SetByBid
2025-12-30 20:36:42,2025-12-30T20:36:42,61.17,3.0,SetByBid
2025-12-30 20:36:42,2025-12-30T20:36:42,61.17,3.0,SetByBid
2025-12-30 20:36:42,2025-12-30T20:36:42,61.17,7.0,SetByBid
2025-12-30 20:36:42,2025-12-30T20:36:42,61.18,1.0,SetByBid
2025-12-30 20:36:46,2025-12-30T20:36:46,61.18,1.0,SetByBid
2025-12-30 20:36:49,2025-12-30T20:36:49,61.17,1.0,SetByAsk
2025-12-30 20:36:49,2025-12-30T20:36:49,61.17,2.0,SetByAsk
2025-12-30 20:36:49,2025-12-30T20:36:49,61.17,2.0,SetByAsk
2025-12-30 20:36:49,2025-12-30T20:36:49,61.17,2.0,SetByAsk
2025-12-30 20:36:49,2025-12-30T20:36:49,61.17,1.0,SetByAsk
2025-12-30 20:36:49,2025-12-30T20:36:49,61.17,4.0,SetByAsk
2025-12-30 20:36:49,2025-12-30T20:36:49,61.17,1.0,SetByAsk
2025-12-30 20:36:49,2025-12-30T20:36:49,61.17,1.0,SetByAsk
2025-12-30 20:36:49,2025-12-30T20:36:49,61.17,1.0,SetByAsk
2025-12-30 20:36:49,2025-12-30T20:36:49,61.17,1.0,SetByAsk
2025-12-30 20:36:49,2025-12-30T20:36:49,61.17,1.0,SetByAsk
2025-12-30 20:36:49,2025-12-30T20:36:49,61.17,1.0,SetByAsk
2025-12-30 20:36:49,2025-12-30T20:36:49,61.17,1.0,SetByAsk
2025-12-30 20:36:49,2025-12-30T20:36:49,61.17,1.0,SetByBid
2025-12-30 20:36:49,2025-12-30T20:36:49,61.17,11.0,SetByBid
2025-12-30 20:36:49,2025-12-30T20:36:49,61.17,4.0,SetByBid
2025-12-30 20:36:49,2025-12-30T20:36:49,61.17,2.0,SetByBid
2025-12-30 20:36:49,2025-12-30T20:36:49,61.16,1.0,SetByAsk
2025-12-30 20:36:49,2025-12-30T20:36:49,61.16,2.0,SetByAsk
2025-12-30 20:36:49,2025-12-30T20:36:49,61.16,2.0,SetByAsk
2025-12-30 20:36:49,2025-12-30T20:36:49,61.16,3.0,SetByAsk
2025-12-30 20:36:49,2025-12-30T20:36:49,61.16,1.0,SetByAsk
2025-12-30 20:36:49,2025-12-30T20:36:49,61.16,1.0,SetByAsk
2025-12-30 20:36:49,2025-12-30T20:36:49,61.16,1.0,SetByAsk
2025-12-30 20:36:49,2025-12-30T20:36:49,61.16,1.0,SetByAsk
2025-12-30 20:36:53,2025-12-30T20:36:53,61.17,1.0,SetByBid
2025-12-30 20:36:53,2025-12-30T20:36:53,61.17,5.0,SetByBid
2025-12-30 20:36:53,2025-12-30T20:36:53,61.17,8.0,SetByBid
2025-12-30 20:36:53,2025-12-30T20:36:53,61.17,3.0,SetByBid
2025-12-30 20:36:53,2025-12-30T20:36:53,61.17,4.0,SetByBid
2025-12-30 20:36:53,2025-12-30T20:36:53,61.17,1.0,SetByBid
2025-12-30 20:36:55,2025-12-30T20:36:55,61.17,1.0,SetByBid
2025-12-30 20:36:55,2025-12-30T20:36:55,61.17,2.0,SetByBid
2025-12-30 20:36:55,2025-12-30T20:36:55,61.17,4.0,SetByBid
2025-12-30 20:36:55,2025-12-30T20:36:55,61.17,1.0,SetByBid
2025-12-30 20:36:55,2025-12-30T20:36:55,61.17,12.0,SetByBid
2025-12-30 20:36:55,2025-12-30T20:36:55,61.17,3.0,SetByBid
2025-12-30 20:36:56,2025-12-30T20:36:56,61.17,5.0,SetByBid
2025-12-30 20:36:57,2025-12-30T20:36:57,61.17,3.0,SetByBid
2025-12-30 20:36:57,2025-12-30T20:36:57,61.17,2.0,SetByBid
2025-12-30 20:36:57,2025-12-30T20:36:57,61.17,3.0,SetByBid
2025-12-30 20:36:57,2025-12-30T20:36:57,61.17,4.0,SetByBid
2025-12-30 20:36:57,2025-12-30T20:36:57,61.18,2.0,SetByBid
2025-12-30 20:36:57,2025-12-30T20:36:57,61.18,2.0,SetByBid
2025-12-30 20:36:57,2025-12-30T20:36:57,61.18,2.0,SetByBid
2025-12-30 20:36:57,2025-12-30T20:36:57,61.18,1.0,SetByBid
2025-12-30 20:37:02,2025-12-30T20:37:02,61.17,1.0,SetByAsk
2025-12-30 20:37:04,2025-12-30T20:37:04,61.17,1.0,SetByBid
2025-12-30 20:37:04,2025-12-30T20:37:04,61.17,4.0,SetByBid
2025-12-30 20:37:20,2025-12-30T20:37:20,61.17,1.0,SetByBid
2025-12-30 20:37:20,2025-12-30T20:37:20,61.17,1.0,SetByAsk
2025-12-30 20:37:33,2025-12-30T20:37:33,61.18,2.0,SetByBid
2025-12-30 20:37:47,2025-12-30T20:37:47,61.18,1.0,SetByAsk
2025-12-30 20:37:50,2025-12-30T20:37:50,61.18,1.0,SetByAsk
2025-12-30 20:37:50,2025-12-30T20:37:50,61.18,1.0,SetByBid
2025-12-30 20:37:50,2025-12-30T20:37:50,61.18,1.0,SetByBid
2025-12-30 20:37:50,2025-12-30T20:37:50,61.18,1.0,SetByAsk
2025-12-30 20:37:50,2025-12-30T20:37:50,61.18,1.0,SetByBid
2025-12-30 20:37:54,2025-12-30T20:37:54,61.18,1.0,SetByAsk
2025-12-30 20:37:56,2025-12-30T20:37:56,61.18,1.0,SetByAsk
2025-12-30 20:37:59,2025-12-30T20:37:59,61.18,1.0,SetByAsk
2025-12-30 20:38:20,2025-12-30T20:38:20,61.18,2.0,SetByAsk
2025-12-30 20:38:25,2025-12-30T20:38:25,61.16,1.0,SetByAsk
2025-12-30 20:38:25,2025-12-30T20:38:25,61.16,1.0,SetByAsk
2025-12-30 20:38:25,2025-12-30T20:38:25,61.17,1.0,SetByBid
2025-12-30 20:38:25,2025-12-30T20:38:25,61.16,1.0,SetByAsk
2025-12-30 20:38:25,2025-12-30T20:38:25,61.16,1.0,SetByAsk
2025-12-30 20:38:25,2025-12-30T20:38:25,61.16,1.0,SetByAsk
2025-12-30 20:38:25,2025-12-30T20:38:25,61.16,1.0,SetByAsk
2025-12-30 20:38:25,2025-12-30T20:38:25,61.16,1.0,SetByAsk
2025-12-30 20:38:25,2025-12-30T20:38:25,61.16,1.0,SetByAsk
2025-12-30 20:38:25,2025-12-30T20:38:25,61.16,1.0,SetByAsk
2025-12-30 20:38:25,2025-12-30T20:38:25,61.16,1.0,SetByAsk
2025-12-30 20:38:25,2025-12-30T20:38:25,61.16,1.0,SetByAsk
2025-12-30 20:38:25,2025-12-30T20:38:25,61.17,1.0,SetByBid
2025-12-30 20:38:25,2025-12-30T20:38:25,61.17,1.0,SetByBid
2025-12-30 20:38:25,2025-12-30T20:38:25,61.16,1.0,SetByAsk
2025-12-30 20:38:25,2025-12-30T20:38:25,61.17,1.0,SetByBid
2025-12-30 20:38:25,2025-12-30T20:38:25,61.17,1.0,SetByBid
2025-12-30 20:38:25,2025-12-30T20:38:25,61.16,1.0,SetByAsk
2025-12-30 20:38:25,2025-12-30T20:38:25,61.17,1.0,SetByBid
2025-12-30 20:38:25,2025-12-30T20:38:25,61.16,1.0,SetByAsk
2025-12-30 20:38:25,2025-12-30T20:38:25,61.17,1.0,SetByBid
2025-12-30 20:38:25,2025-12-30T20:38:25,61.16,1.0,SetByAsk
2025-12-30 20:38:25,2025-12-30T20:38:25,61.16,1.0,SetByAsk
2025-12-30 20:38:25,2025-12-30T20:38:25,61.16,1.0,SetByAsk
2025-12-30 20:38:25,2025-12-30T20:38:25,61.17,1.0,SetByBid
2025-12-30 20:38:25,2025-12-30T20:38:25,61.16,1.0,SetByAsk
2025-12-30 20:38:25,2025-12-30T20:38:25,61.17,1.0,SetByBid
2025-12-30 20:38:25,2025-12-30T20:38:25,61.16,1.0,SetByAsk
2025-12-30 20:38:25,2025-12-30T20:38:25,61.17,1.0,SetByBid
2025-12-30 20:38:25,2025-12-30T20:38:25,61.16,1.0,SetByAsk
2025-12-30 20:38:26,2025-12-30T20:38:26,61.17,1.0,SetByBid
2025-12-30 20:38:26,2025-12-30T20:38:26,61.17,1.0,SetByAsk
2025-12-30 20:38:26,2025-12-30T20:38:26,61.17,1.0,SetByBid
2025-12-30 20:38:26,2025-12-30T20:38:26,61.16,1.0,SetByAsk
2025-12-30 20:38:26,2025-12-30T20:38:26,61.17,1.0,SetByBid
2025-12-30 20:38:26,2025-12-30T20:38:26,61.17,1.0,SetByBid
2025-12-30 20:38:26,2025-12-30T20:38:26,61.17,1.0,SetByBid
2025-12-30 20:38:26,2025-12-30T20:38:26,61.17,1.0,SetByBid
2025-12-30 20:38:26,2025-12-30T20:38:26,61.16,1.0,SetByAsk
2025-12-30 20:38:26,2025-12-30T20:38:26,61.17,1.0,SetByBid
2025-12-30 20:38:26,2025-12-30T20:38:26,61.16,1.0,SetByAsk
2025-12-30 20:38:26,2025-12-30T20:38:26,61.17,1.0,SetByBid
2025-12-30 20:38:26,2025-12-30T20:38:26,61.16,1.0,SetByAsk
2025-12-30 20:38:26,2025-12-30T20:38:26,61.17,1.0,SetByBid
2025-12-30 20:38:26,2025-12-30T20:38:26,61.16,1.0,SetByAsk
2025-12-30 20:38:26,2025-12-30T20:38:26,61.17,1.0,SetByBid
2025-12-30 20:38:26,2025-12-30T20:38:26,61.16,1.0,SetByAsk
2025-12-30 20:38:26,2025-12-30T20:38:26,61.17,1.0,SetByBid
2025-12-30 20:38:26,2025-12-30T20:38:26,61.16,1.0,SetByAsk
2025-12-30 20:38:26,2025-12-30T20:38:26,61.17,1.0,SetByBid
2025-12-30 20:38:26,2025-12-30T20:38:26,61.16,1.0,SetByAsk
2025-12-30 20:38:26,2025-12-30T20:38:26,61.17,1.0,SetByBid
2025-12-30 20:38:26,2025-12-30T20:38:26,61.17,1.0,SetByBid
2025-12-30 20:38:26,2025-12-30T20:38:26,61.16,1.0,SetByAsk
2025-12-30 20:38:26,2025-12-30T20:38:26,61.16,1.0,SetByAsk
2025-12-30 20:38:30,2025-12-30T20:38:30,61.18,1.0,SetByBid
2025-12-30 20:38:39,2025-12-30T20:38:39,61.18,1.0,SetByAsk
2025-12-30 20:38:44,2025-12-30T20:38:44,61.18,1.0,SetByBid
2025-12-30 20:38:44,2025-12-30T20:38:44,61.18,1.0,SetByBid
2025-12-30 20:38:44,2025-12-30T20:38:44,61.18,1.0,SetByBid
2025-12-30 20:38:58,2025-12-30T20:38:58,61.17,1.0,SetByAsk
2025-12-30 20:38:58,2025-12-30T20:38:58,61.17,2.0,SetByAsk
2025-12-30 20:39:00,2025-12-30T20:39:00,61.17,1.0,SetByAsk
2025-12-30 20:39:00,2025-12-30T20:39:00,61.17,1.0,SetByBid
2025-12-30 20:39:09,2025-12-30T20:39:09,61.18,1.0,SetByBid
2025-12-30 20:39:09,2025-12-30T20:39:09,61.18,1.0,SetByBid
2025-12-30 20:39:09,2025-12-30T20:39:09,61.18,1.0,SetByBid
2025-12-30 20:39:18,2025-12-30T20:39:18,61.19,1.0,SetByBid
2025-12-30 20:39:18,2025-12-30T20:39:18,61.19,1.0,SetByAsk
2025-12-30 20:39:22,2025-12-30T20:39:22,61.2,1.0,SetByBid
2025-12-30 20:39:22,2025-12-30T20:39:22,61.2,1.0,SetByBid
2025-12-30 20:39:22,2025-12-30T20:39:22,61.19,1.0,SetByAsk
2025-12-30 20:39:22,2025-12-30T20:39:22,61.19,1.0,SetByBid
2025-12-30 20:39:35,2025-12-30T20:39:35,61.19,1.0,SetByBid
2025-12-30 20:39:35,2025-12-30T20:39:35,61.19,1.0,SetByAsk
2025-12-30 20:39:40,2025-12-30T20:39:40,61.19,1.0,SetByBid
2025-12-30 20:39:41,2025-12-30T20:39:41,61.18,1.0,SetByAsk
2025-12-30 20:39:41,2025-12-30T20:39:41,61.18,1.0,SetByAsk
2025-12-30 20:39:47,2025-12-30T20:39:47,61.19,1.0,SetByBid
2025-12-30 20:39:51,2025-12-30T20:39:51,61.17,1.0,SetByAsk
2025-12-30 20:39:51,2025-12-30T20:39:51,61.17,1.0,SetByAsk
2025-12-30 20:39:54,2025-12-30T20:39:54,61.17,1.0,SetByAsk
2025-12-30 20:39:55,2025-12-30T20:39:55,61.18,1.0,SetByBid
2025-12-30 20:40:02,2025-12-30T20:40:02,61.16,1.0,SetByAsk
2025-12-30 20:40:02,2025-12-30T20:40:02,61.16,1.0,SetByAsk
2025-12-30 20:40:13,2025-12-30T20:40:13,61.16,1.0,SetByBid
2025-12-30 20:40:13,2025-12-30T20:40:13,61.16,1.0,SetByBid
2025-12-30 20:40:13,2025-12-30T20:40:13,61.16,1.0,SetByAsk
2025-12-30 20:40:22,2025-12-30T20:40:22,61.17,1.0,SetByAsk
2025-12-30 20:40:22,2025-12-30T20:40:22,61.17,1.0,SetByAsk
2025-12-30 20:40:22,2025-12-30T20:40:22,61.17,1.0,SetByAsk
2025-12-30 20:40:22,2025-12-30T20:40:22,61.17,1.0,SetByBid
2025-12-30 20:40:44,2025-12-30T20:40:44,61.15,1.0,SetByAsk
2025-12-30 20:40:44,2025-12-30T20:40:44,61.15,1.0,SetByAsk
2025-12-30 20:40:44,2025-12-30T20:40:44,61.15,1.0,SetByAsk
2025-12-30 20:40:44,2025-12-30T20:40:44,61.15,1.0,SetByAsk
2025-12-30 20:40:46,2025-12-30T20:40:46,61.15,1.0,SetByAsk
2025-12-30 20:40:47,2025-12-30T20:40:47,61.15,1.0,SetByBid
2025-12-30 20:40:47,2025-12-30T20:40:47,61.15,1.0,SetByBid
2025-12-30 20:40:53,2025-12-30T20:40:53,61.16,2.0,SetByAsk
2025-12-30 20:40:57,2025-12-30T20:40:57,61.16,1.0,SetByAsk
2025-12-30 20:41:02,2025-12-30T20:41:02,61.16,1.0,SetByAsk
2025-12-30 20:41:02,2025-12-30T20:41:02,61.16,1.0,SetByBid
2025-12-30 20:41:02,2025-12-30T20:41:02,61.16,1.0,SetByBid
2025-12-30 20:41:02,2025-12-30T20:41:02,61.16,1.0,SetByBid
2025-12-30 20:41:02,2025-12-30T20:41:02,61.16,1.0,SetByBid
2025-12-30 20:41:06,2025-12-30T20:41:06,61.16,1.0,SetByAsk
2025-12-30 20:41:06,2025-12-30T20:41:06,61.16,1.0,SetByBid
2025-12-30 20:41:10,2025-12-30T20:41:10,61.15,1.0,SetByBid
2025-12-30 20:41:10,2025-12-30T20:41:10,61.15,1.0,SetByBid
2025-12-30 20:41:10,2025-12-30T20:41:10,61.15,1.0,SetByBid
2025-12-30 20:41:10,2025-12-30T20:41:10,61.16,1.0,SetByBid
2025-12-30 20:41:10,2025-12-30T20:41:10,61.16,1.0,SetByBid
2025-12-30 20:41:10,2025-12-30T20:41:10,61.16,1.0,SetByAsk
2025-12-30 20:41:13,2025-12-30T20:41:13,61.16,1.0,SetByAsk
2025-12-30 20:41:13,2025-12-30T20:41:13,61.16,1.0,SetByBid
2025-12-30 20:41:17,2025-12-30T20:41:17,61.16,1.0,SetByBid
2025-12-30 20:41:17,2025-12-30T20:41:17,61.16,1.0,SetByBid
2025-12-30 20:41:18,2025-12-30T20:41:18,61.16,1.0,SetByBid
2025-12-30 20:41:27,2025-12-30T20:41:27,61.16,1.0,SetByAsk
2025-12-30 20:41:48,2025-12-30T20:41:48,61.15,1.0,SetByAsk
2025-12-30 20:41:48,2025-12-30T20:41:48,61.15,1.0,SetByAsk
2025-12-30 20:41:59,2025-12-30T20:41:59,61.14,1.0,SetByAsk
2025-12-30 20:42:00,2025-12-30T20:42:00,61.15,1.0,SetByBid
2025-12-30 20:42:00,2025-12-30T20:42:00,61.15,1.0,SetByBid
2025-12-30 20:42:00,2025-12-30T20:42:00,61.15,1.0,SetByBid
2025-12-30 20:42:00,2025-12-30T20:42:00,61.15,2.0,SetByBid
2025-12-30 20:42:00,2025-12-30T20:42:00,61.15,1.0,SetByBid
2025-12-30 20:42:00,2025-12-30T20:42:00,61.15,1.0,SetByBid
2025-12-30 20:42:00,2025-12-30T20:42:00,61.15,1.0,SetByBid
2025-12-30 20:42:02,2025-12-30T20:42:02,61.16,1.0,SetByBid
2025-12-30 20:42:02,2025-12-30T20:42:02,61.16,1.0,SetByBid
2025-12-30 20:42:02,2025-12-30T20:42:02,61.16,2.0,SetByBid
2025-12-30 20:42:02,2025-12-30T20:42:02,61.16,1.0,SetByBid
2025-12-30 20:42:02,2025-12-30T20:42:02,61.16,2.0,SetByBid
2025-12-30 20:42:02,2025-12-30T20:42:02,61.16,1.0,SetByBid
2025-12-30 20:42:02,2025-12-30T20:42:02,61.16,1.0,SetByBid
2025-12-30 20:42:06,2025-12-30T20:42:06,61.16,1.0,SetByBid
2025-12-30 20:42:06,2025-12-30T20:42:06,61.16,2.0,SetByBid
2025-12-30 20:42:06,2025-12-30T20:42:06,61.16,1.0,SetByBid
2025-12-30 20:42:06,2025-12-30T20:42:06,61.16,1.0,SetByBid
2025-12-30 20:42:12,2025-12-30T20:42:12,61.15,1.0,SetByAsk
2025-12-30 20:42:15,2025-12-30T20:42:15,61.16,1.0,SetByBid
2025-12-30 20:42:15,2025-12-30T20:42:15,61.16,1.0,SetByBid
2025-12-30 20:42:29,2025-12-30T20:42:29,61.16,1.0,SetByAsk
2025-12-30 20:42:29,2025-12-30T20:42:29,61.16,1.0,"SetByAsk, Leg"
2025-12-30 20:42:29,2025-12-30T20:42:29,61.15,1.0,"SetByAsk, Leg"
2025-12-30 20:42:33,2025-12-30T20:42:33,61.16,1.0,SetByBid
2025-12-30 20:42:33,2025-12-30T20:42:33,61.16,1.0,SetByBid
2025-12-30 20:42:33,2025-12-30T20:42:33,61.16,1.0,SetByBid
2025-12-30 20:42:34,2025-12-30T20:42:34,61.16,1.0,SetByAsk
2025-12-30 20:42:37,2025-12-30T20:42:37,61.16,1.0,SetByBid
2025-12-30 20:42:46,2025-12-30T20:42:46,61.16,1.0,SetByBid
2025-12-30 20:42:46,2025-12-30T20:42:46,61.16,1.0,SetByBid
2025-12-30 20:43:06,2025-12-30T20:43:06,61.16,1.0,SetByAsk
2025-12-30 20:43:06,2025-12-30T20:43:06,61.16,1.0,SetByAsk
2025-12-30 20:43:06,2025-12-30T20:43:06,61.16,1.0,SetByAsk
2025-12-30 20:43:06,2025-12-30T20:43:06,61.15,1.0,SetByAsk
2025-12-30 20:43:10,2025-12-30T20:43:10,61.16,1.0,SetByBid
2025-12-30 20:43:14,2025-12-30T20:43:14,61.17,1.0,SetByBid
2025-12-30 20:43:14,2025-12-30T20:43:14,61.17,1.0,SetByBid
2025-12-30 20:43:23,2025-12-30T20:43:23,61.18,1.0,SetByAsk
2025-12-30 20:43:23,2025-12-30T20:43:23,61.18,2.0,SetByAsk
2025-12-30 20:43:23,2025-12-30T20:43:23,61.18,1.0,SetByAsk
2025-12-30 20:43:23,2025-12-30T20:43:23,61.18,1.0,SetByAsk
2025-12-30 20:43:28,2025-12-30T20:43:28,61.19,1.0,SetByBid
2025-12-30 20:43:29,2025-12-30T20:43:29,61.2,1.0,SetByBid
2025-12-30 20:43:36,2025-12-30T20:43:36,61.19,1.0,SetByAsk
2025-12-30 20:43:36,2025-12-30T20:43:36,61.19,1.0,SetByAsk
2025-12-30 20:43:36,2025-12-30T20:43:36,61.19,1.0,SetByAsk
2025-12-30 20:43:36,2025-12-30T20:43:36,61.19,1.0,SetByBid
2025-12-30 20:43:36,2025-12-30T20:43:36,61.19,1.0,SetByBid
2025-12-30 20:43:36,2025-12-30T20:43:36,61.19,1.0,SetByBid
2025-12-30 20:43:36,2025-12-30T20:43:36,61.19,1.0,SetByBid
2025-12-30 20:43:36,2025-12-30T20:43:36,61.19,1.0,SetByBid
2025-12-30 20:43:40,2025-12-30T20:43:40,61.18,1.0,SetByBid
2025-12-30 20:43:40,2025-12-30T20:43:40,61.18,1.0,SetByBid
2025-12-30 20:43:40,2025-12-30T20:43:40,61.18,1.0,SetByAsk
2025-12-30 20:43:46,2025-12-30T20:43:46,61.17,1.0,SetByBid
2025-12-30 20:43:47,2025-12-30T20:43:47,61.17,1.0,SetByBid
2025-12-30 20:43:47,2025-12-30T20:43:47,61.17,1.0,SetByBid
2025-12-30 20:44:01,2025-12-30T20:44:01,61.18,1.0,SetByBid
2025-12-30 20:44:04,2025-12-30T20:44:04,61.18,1.0,SetByBid
2025-12-30 20:44:15,2025-12-30T20:44:15,61.17,1.0,SetByAsk
2025-12-30 20:44:15,2025-12-30T20:44:15,61.17,1.0,"SetByAsk, Leg"
2025-12-30 20:44:15,2025-12-30T20:44:15,61.16,1.0,"SetByAsk, Leg"
2025-12-30 20:44:15,2025-12-30T20:44:15,61.16,1.0,SetByAsk
2025-12-30 20:44:20,2025-12-30T20:44:20,61.17,2.0,SetByAsk
2025-12-30 20:44:25,2025-12-30T20:44:25,61.17,1.0,SetByBid
2025-12-30 20:44:25,2025-12-30T20:44:25,61.17,2.0,SetByBid
2025-12-30 20:44:29,2025-12-30T20:44:29,61.18,1.0,SetByBid
2025-12-30 20:44:31,2025-12-30T20:44:31,61.19,1.0,SetByBid
2025-12-30 20:45:01,2025-12-30T20:45:01,61.18,1.0,SetByAsk
2025-12-30 20:45:07,2025-12-30T20:45:07,61.19,1.0,SetByBid
2025-12-30 20:45:30,2025-12-30T20:45:30,61.17,1.0,SetByAsk
2025-12-30 20:45:35,2025-12-30T20:45:35,61.18,1.0,SetByBid
2025-12-30 20:45:35,2025-12-30T20:45:35,61.18,1.0,SetByBid
2025-12-30 20:45:35,2025-12-30T20:45:35,61.18,1.0,SetByBid
2025-12-30 20:45:35,2025-12-30T20:45:35,61.18,4.0,SetByBid
2025-12-30 20:45:35,2025-12-30T20:45:35,61.18,1.0,SetByBid
2025-12-30 20:45:53,2025-12-30T20:45:53,61.16,1.0,SetByAsk
2025-12-30 20:45:54,2025-12-30T20:45:54,61.17,1.0,SetByBid
2025-12-30 20:46:00,2025-12-30T20:46:00,61.16,1.0,SetByAsk
2025-12-30 20:46:00,2025-12-30T20:46:00,61.16,1.0,"SetByAsk, Leg"
2025-12-30 20:46:00,2025-12-30T20:46:00,61.15,1.0,"SetByAsk, Leg"
2025-12-30 20:46:07,2025-12-30T20:46:07,61.17,1.0,SetByBid
2025-12-30 20:46:12,2025-12-30T20:46:12,61.17,1.0,SetByAsk
2025-12-30 20:46:41,2025-12-30T20:46:41,61.18,1.0,SetByBid
2025-12-30 20:46:43,2025-12-30T20:46:43,61.18,1.0,SetByBid
2025-12-30 20:46:43,2025-12-30T20:46:43,61.18,1.0,SetByBid
2025-12-30 20:47:02,2025-12-30T20:47:02,61.18,1.0,SetByAsk
2025-12-30 20:47:02,2025-12-30T20:47:02,61.18,1.0,SetByAsk
2025-12-30 20:47:02,2025-12-30T20:47:02,61.18,1.0,SetByAsk
2025-12-30 20:47:35,2025-12-30T20:47:35,61.17,1.0,SetByAsk
2025-12-30 20:47:41,2025-12-30T20:47:41,61.17,1.0,SetByBid
2025-12-30 20:47:41,2025-12-30T20:47:41,61.17,1.0,SetByBid
2025-12-30 20:47:42,2025-12-30T20:47:42,61.17,1.0,SetByBid
2025-12-30 20:47:46,2025-12-30T20:47:46,61.16,2.0,SetByAsk
2025-12-30 20:47:46,2025-12-30T20:47:46,61.16,1.0,SetByAsk
2025-12-30 20:47:46,2025-12-30T20:47:46,61.16,1.0,SetByAsk
2025-12-30 20:47:51,2025-12-30T20:47:51,61.16,1.0,SetByAsk
2025-12-30 20:47:53,2025-12-30T20:47:53,61.15,1.0,SetByAsk
2025-12-30 20:47:53,2025-12-30T20:47:53,61.15,1.0,SetByAsk
2025-12-30 20:47:53,2025-12-30T20:47:53,61.15,1.0,SetByAsk
2025-12-30 20:47:53,2025-12-30T20:47:53,61.15,1.0,SetByAsk
2025-12-30 20:47:53,2025-12-30T20:47:53,61.15,1.0,SetByAsk
2025-12-30 20:47:53,2025-12-30T20:47:53,61.15,1.0,SetByAsk
2025-12-30 20:47:53,2025-12-30T20:47:53,61.15,1.0,SetByAsk
2025-12-30 20:47:53,2025-12-30T20:47:53,61.15,1.0,SetByAsk
2025-12-30 20:47:53,2025-12-30T20:47:53,61.15,1.0,SetByAsk
2025-12-30 20:47:53,2025-12-30T20:47:53,61.15,1.0,SetByAsk
2025-12-30 20:47:53,2025-12-30T20:47:53,61.15,1.0,SetByAsk
2025-12-30 20:47:53,2025-12-30T20:47:53,61.15,1.0,SetByBid
2025-12-30 20:47:53,2025-12-30T20:47:53,61.16,1.0,SetByBid
2025-12-30 20:47:54,2025-12-30T20:47:54,61.16,1.0,SetByBid
2025-12-30 20:47:54,2025-12-30T20:47:54,61.16,1.0,SetByBid
2025-12-30 20:47:54,2025-12-30T20:47:54,61.16,1.0,SetByBid
2025-12-30 20:47:54,2025-12-30T20:47:54,61.16,2.0,SetByBid
2025-12-30 20:48:02,2025-12-30T20:48:02,61.17,1.0,SetByBid
2025-12-30 20:48:32,2025-12-30T20:48:32,61.17,1.0,SetByBid
2025-12-30 20:49:02,2025-12-30T20:49:02,61.16,1.0,SetByAsk
2025-12-30 20:49:10,2025-12-30T20:49:10,61.18,1.0,SetByBid
2025-12-30 20:49:15,2025-12-30T20:49:15,61.18,1.0,SetByBid
2025-12-30 20:49:15,2025-12-30T20:49:15,61.18,1.0,SetByBid
2025-12-30 20:49:32,2025-12-30T20:49:32,61.18,2.0,SetByAsk
2025-12-30 20:49:32,2025-12-30T20:49:32,61.17,1.0,SetByAsk
2025-12-30 20:49:36,2025-12-30T20:49:36,61.18,1.0,SetByBid
2025-12-30 20:49:36,2025-12-30T20:49:36,61.18,1.0,SetByBid
2025-12-30 20:49:36,2025-12-30T20:49:36,61.18,1.0,SetByBid
2025-12-30 20:49:38,2025-12-30T20:49:38,61.19,1.0,SetByBid
2025-12-30 20:49:50,2025-12-30T20:49:50,61.17,1.0,SetByAsk
2025-12-30 20:50:00,2025-12-30T20:50:00,61.18,1.0,SetByBid
2025-12-30 20:50:05,2025-12-30T20:50:05,61.18,1.0,SetByBid
2025-12-30 20:50:06,2025-12-30T20:50:06,61.19,1.0,SetByBid
2025-12-30 20:50:12,2025-12-30T20:50:12,61.17,1.0,SetByBid
2025-12-30 20:50:13,2025-12-30T20:50:13,61.17,1.0,SetByBid
2025-12-30 20:50:15,2025-12-30T20:50:15,61.17,1.0,SetByBid
2025-12-30 20:50:15,2025-12-30T20:50:15,61.17,1.0,SetByBid
2025-12-30 20:50:16,2025-12-30T20:50:16,61.17,1.0,SetByBid
2025-12-30 20:50:16,2025-12-30T20:50:16,61.17,1.0,SetByBid
2025-12-30 20:50:17,2025-12-30T20:50:17,61.17,1.0,SetByBid
2025-12-30 20:50:51,2025-12-30T20:50:51,61.17,1.0,SetByBid
2025-12-30 20:50:54,2025-12-30T20:50:54,61.16,1.0,SetByAsk
2025-12-30 20:50:54,2025-12-30T20:50:54,61.16,1.0,SetByAsk
2025-12-30 20:51:07,2025-12-30T20:51:07,61.14,1.0,SetByAsk
2025-12-30 20:51:12,2025-12-30T20:51:12,61.15,1.0,SetByBid
2025-12-30 20:51:12,2025-12-30T20:51:12,61.15,1.0,SetByBid
2025-12-30 20:51:12,2025-12-30T20:51:12,61.15,1.0,SetByBid
2025-12-30 20:51:12,2025-12-30T20:51:12,61.15,1.0,SetByBid
2025-12-30 20:51:12,2025-12-30T20:51:12,61.16,1.0,SetByBid
2025-12-30 20:51:12,2025-12-30T20:51:12,61.16,1.0,SetByBid
2025-12-30 20:51:12,2025-12-30T20:51:12,61.16,1.0,SetByBid
2025-12-30 20:51:12,2025-12-30T20:51:12,61.16,1.0,SetByBid
2025-12-30 20:51:12,2025-12-30T20:51:12,61.16,1.0,SetByBid
2025-12-30 20:51:12,2025-12-30T20:51:12,61.16,1.0,SetByBid
2025-12-30 20:51:12,2025-12-30T20:51:12,61.16,2.0,SetByBid
2025-12-30 20:51:12,2025-12-30T20:51:12,61.16,2.0,SetByBid
2025-12-30 20:51:12,2025-12-30T20:51:12,61.16,1.0,SetByBid
2025-12-30 20:51:12,2025-12-30T20:51:12,61.16,1.0,SetByBid
2025-12-30 20:51:12,2025-12-30T20:51:12,61.16,1.0,SetByBid
2025-12-30 20:51:12,2025-12-30T20:51:12,61.16,1.0,SetByBid
2025-12-30 20:51:12,2025-12-30T20:51:12,61.16,4.0,SetByBid
2025-12-30 20:51:12,2025-12-30T20:51:12,61.16,1.0,SetByBid
2025-12-30 20:51:12,2025-12-30T20:51:12,61.16,3.0,SetByBid
2025-12-30 20:51:13,2025-12-30T20:51:13,61.15,1.0,SetByAsk
2025-12-30 20:51:17,2025-12-30T20:51:17,61.15,1.0,SetByBid
2025-12-30 20:51:29,2025-12-30T20:51:29,61.15,1.0,SetByBid
2025-12-30 20:51:29,2025-12-30T20:51:29,61.15,1.0,SetByBid
2025-12-30 20:51:29,2025-12-30T20:51:29,61.15,1.0,SetByBid
2025-12-30 20:51:29,2025-12-30T20:51:29,61.15,1.0,SetByBid
2025-12-30 20:51:29,2025-12-30T20:51:29,61.15,1.0,SetByBid
2025-12-30 20:51:29,2025-12-30T20:51:29,61.15,1.0,SetByBid
2025-12-30 20:51:29,2025-12-30T20:51:29,61.15,1.0,SetByBid
2025-12-30 20:51:29,2025-12-30T20:51:29,61.15,1.0,SetByBid
2025-12-30 20:51:29,2025-12-30T20:51:29,61.15,1.0,SetByBid
2025-12-30 20:51:29,2025-12-30T20:51:29,61.15,1.0,SetByBid
2025-12-30 20:51:31,2025-12-30T20:51:31,61.13,1.0,SetByBid
2025-12-30 20:51:31,2025-12-30T20:51:31,61.13,1.0,SetByBid
2025-12-30 20:51:31,2025-12-30T20:51:31,61.13,1.0,SetByBid
2025-12-30 20:51:31,2025-12-30T20:51:31,61.13,1.0,SetByBid
2025-12-30 20:51:31,2025-12-30T20:51:31,61.13,1.0,SetByBid
2025-12-30 20:51:31,2025-12-30T20:51:31,61.13,1.0,SetByBid
2025-12-30 20:51:31,2025-12-30T20:51:31,61.13,1.0,SetByBid
2025-12-30 20:51:31,2025-12-30T20:51:31,61.13,1.0,SetByBid
2025-12-30 20:51:31,2025-12-30T20:51:31,61.13,1.0,SetByBid
2025-12-30 20:51:31,2025-12-30T20:51:31,61.13,1.0,SetByBid
2025-12-30 20:51:31,2025-12-30T20:51:31,61.13,1.0,SetByBid
2025-12-30 20:51:31,2025-12-30T20:51:31,61.13,1.0,SetByBid
2025-12-30 20:51:31,2025-12-30T20:51:31,61.13,1.0,SetByBid
2025-12-30 20:51:33,2025-12-30T20:51:33,61.13,1.0,SetByAsk
2025-12-30 20:52:01,2025-12-30T20:52:01,61.13,2.0,SetByBid
2025-12-30 20:52:01,2025-12-30T20:52:01,61.13,1.0,SetByBid
2025-12-30 20:52:13,2025-12-30T20:52:13,61.12,1.0,SetByAsk
2025-12-30 20:52:16,2025-12-30T20:52:16,61.14,1.0,SetByBid
2025-12-30 20:52:20,2025-12-30T20:52:20,61.15,1.0,SetByBid
2025-12-30 20:52:30,2025-12-30T20:52:30,61.16,1.0,SetByBid
2025-12-30 20:52:35,2025-12-30T20:52:35,61.16,1.0,SetByBid
2025-12-30 20:52:46,2025-12-30T20:52:46,61.15,1.0,SetByAsk
2025-12-30 20:52:46,2025-12-30T20:52:46,61.15,1.0,SetByAsk
2025-12-30 20:52:46,2025-12-30T20:52:46,61.15,1.0,SetByBid
2025-12-30 20:53:03,2025-12-30T20:53:03,61.15,2.0,SetByAsk
2025-12-30 20:53:03,2025-12-30T20:53:03,61.15,1.0,SetByAsk
2025-12-30 20:53:09,2025-12-30T20:53:09,61.16,1.0,SetByBid
2025-12-30 20:53:20,2025-12-30T20:53:20,61.14,1.0,SetByAsk
2025-12-30 20:53:40,2025-12-30T20:53:40,61.16,1.0,SetByBid
2025-12-30 20:54:06,2025-12-30T20:54:06,61.15,1.0,SetByAsk
2025-12-30 20:54:06,2025-12-30T20:54:06,61.15,1.0,SetByAsk
2025-12-30 20:54:06,2025-12-30T20:54:06,61.15,1.0,SetByAsk
2025-12-30 20:54:10,2025-12-30T20:54:10,61.15,1.0,SetByAsk
2025-12-30 20:54:10,2025-12-30T20:54:10,61.15,1.0,SetByAsk
2025-12-30 20:54:10,2025-12-30T20:54:10,61.15,1.0,SetByAsk
2025-12-30 20:54:10,2025-12-30T20:54:10,61.15,1.0,SetByAsk
2025-12-30 20:54:16,2025-12-30T20:54:16,61.16,1.0,SetByBid
2025-12-30 20:54:25,2025-12-30T20:54:25,61.15,1.0,SetByAsk
2025-12-30 20:54:25,2025-12-30T20:54:25,61.15,1.0,SetByAsk
2025-12-30 20:54:48,2025-12-30T20:54:48,61.15,2.0,"SetByAsk, Leg"
2025-12-30 20:54:48,2025-12-30T20:54:48,61.14,2.0,"SetByAsk, Leg"
2025-12-30 20:54:54,2025-12-30T20:54:54,61.15,1.0,SetByBid
2025-12-30 20:54:54,2025-12-30T20:54:54,61.15,1.0,SetByAsk
2025-12-30 20:54:55,2025-12-30T20:54:55,61.15,2.0,SetByBid
2025-12-30 20:54:55,2025-12-30T20:54:55,61.15,2.0,SetByBid
2025-12-30 20:54:55,2025-12-30T20:54:55,61.15,1.0,SetByBid
2025-12-30 20:54:55,2025-12-30T20:54:55,61.15,1.0,SetByBid
2025-12-30 20:54:55,2025-12-30T20:54:55,61.15,1.0,SetByBid
2025-12-30 20:54:55,2025-12-30T20:54:55,61.15,1.0,SetByBid
2025-12-30 20:54:55,2025-12-30T20:54:55,61.15,1.0,SetByBid
2025-12-30 20:54:55,2025-12-30T20:54:55,61.15,1.0,SetByBid
2025-12-30 20:54:55,2025-12-30T20:54:55,61.15,2.0,SetByBid
2025-12-30 20:54:55,2025-12-30T20:54:55,61.15,1.0,SetByBid
2025-12-30 20:54:55,2025-12-30T20:54:55,61.15,1.0,SetByBid
2025-12-30 20:54:55,2025-12-30T20:54:55,61.15,2.0,SetByBid
2025-12-30 20:54:55,2025-12-30T20:54:55,61.15,2.0,SetByBid
2025-12-30 20:54:55,2025-12-30T20:54:55,61.15,1.0,SetByBid
2025-12-30 20:54:55,2025-12-30T20:54:55,61.15,1.0,SetByBid
2025-12-30 20:54:55,2025-12-30T20:54:55,61.15,1.0,SetByBid
2025-12-30 20:55:16,2025-12-30T20:55:16,61.15,1.0,SetByBid
2025-12-30 20:55:22,2025-12-30T20:55:22,61.15,1.0,SetByAsk
2025-12-30 20:55:51,2025-12-30T20:55:51,61.14,1.0,SetByBid
2025-12-30 20:55:51,2025-12-30T20:55:51,61.14,3.0,SetByBid
2025-12-30 20:55:51,2025-12-30T20:55:51,61.14,1.0,SetByBid
2025-12-30 20:55:51,2025-12-30T20:55:51,61.14,1.0,SetByBid
2025-12-30 20:55:51,2025-12-30T20:55:51,61.14,1.0,SetByBid
2025-12-30 20:55:51,2025-12-30T20:55:51,61.14,1.0,SetByBid
2025-12-30 20:55:51,2025-12-30T20:55:51,61.14,1.0,SetByBid
2025-12-30 20:55:51,2025-12-30T20:55:51,61.14,4.0,SetByBid
2025-12-30 20:55:51,2025-12-30T20:55:51,61.14,1.0,SetByBid
2025-12-30 20:55:51,2025-12-30T20:55:51,61.14,2.0,SetByBid
2025-12-30 20:55:51,2025-12-30T20:55:51,61.14,1.0,SetByBid
2025-12-30 20:55:51,2025-12-30T20:55:51,61.14,1.0,SetByBid
2025-12-30 20:55:51,2025-12-30T20:55:51,61.15,2.0,SetByBid
2025-12-30 20:55:51,2025-12-30T20:55:51,61.15,1.0,SetByBid
2025-12-30 20:55:51,2025-12-30T20:55:51,61.15,1.0,SetByBid
2025-12-30 20:55:51,2025-12-30T20:55:51,61.15,3.0,SetByBid
2025-12-30 20:55:51,2025-12-30T20:55:51,61.14,1.0,SetByAsk
2025-12-30 20:56:24,2025-12-30T20:56:24,61.13,1.0,SetByAsk
2025-12-30 20:56:34,2025-12-30T20:56:34,61.13,1.0,SetByAsk
2025-12-30 20:56:34,2025-12-30T20:56:34,61.13,1.0,"SetByAsk, Leg"
2025-12-30 20:56:34,2025-12-30T20:56:34,61.12,1.0,"SetByAsk, Leg"
2025-12-30 20:56:34,2025-12-30T20:56:34,61.12,1.0,SetByAsk
2025-12-30 20:56:36,2025-12-30T20:56:36,61.14,1.0,SetByBid
2025-12-30 20:56:36,2025-12-30T20:56:36,61.14,1.0,SetByBid
2025-12-30 20:56:44,2025-12-30T20:56:44,61.13,1.0,SetByAsk
2025-12-30 20:56:44,2025-12-30T20:56:44,61.13,1.0,SetByAsk
2025-12-30 20:56:44,2025-12-30T20:56:44,61.13,1.0,SetByBid
2025-12-30 20:57:18,2025-12-30T20:57:18,61.14,1.0,SetByAsk
2025-12-30 20:57:18,2025-12-30T20:57:18,61.14,2.0,SetByAsk
2025-12-30 20:57:56,2025-12-30T20:57:56,61.13,1.0,SetByAsk
2025-12-30 20:58:00,2025-12-30T20:58:00,61.14,1.0,SetByBid
2025-12-30 20:58:09,2025-12-30T20:58:09,61.13,1.0,SetByAsk
2025-12-30 20:58:10,2025-12-30T20:58:10,61.13,1.0,SetByAsk
2025-12-30 20:58:11,2025-12-30T20:58:11,61.13,1.0,SetByAsk
2025-12-30 20:58:11,2025-12-30T20:58:11,61.13,1.0,SetByAsk
2025-12-30 20:58:11,2025-12-30T20:58:11,61.13,1.0,SetByAsk
2025-12-30 20:58:11,2025-12-30T20:58:11,61.13,1.0,SetByAsk
2025-12-30 20:58:11,2025-12-30T20:58:11,61.13,1.0,SetByAsk
2025-12-30 20:58:11,2025-12-30T20:58:11,61.13,1.0,SetByAsk
2025-12-30 20:58:11,2025-12-30T20:58:11,61.14,1.0,SetByBid
2025-12-30 20:58:11,2025-12-30T20:58:11,61.13,1.0,SetByAsk
2025-12-30 20:58:11,2025-12-30T20:58:11,61.14,1.0,SetByBid
2025-12-30 20:58:14,2025-12-30T20:58:14,61.13,1.0,SetByAsk
2025-12-30 20:58:16,2025-12-30T20:58:16,61.14,1.0,SetByBid
2025-12-30 20:58:16,2025-12-30T20:58:16,61.14,4.0,SetByBid
2025-12-30 20:58:16,2025-12-30T20:58:16,61.14,1.0,SetByBid
2025-12-30 20:58:16,2025-12-30T20:58:16,61.14,1.0,SetByBid
2025-12-30 20:58:16,2025-12-30T20:58:16,61.14,1.0,SetByBid
2025-12-30 20:58:16,2025-12-30T20:58:16,61.14,1.0,SetByBid
2025-12-30 20:58:16,2025-12-30T20:58:16,61.14,1.0,SetByAsk
2025-12-30 20:58:16,2025-12-30T20:58:16,61.14,1.0,SetByBid
2025-12-30 20:58:16,2025-12-30T20:58:16,61.14,1.0,SetByBid
2025-12-30 20:58:17,2025-12-30T20:58:17,61.14,1.0,SetByBid
2025-12-30 20:58:18,2025-12-30T20:58:18,61.14,1.0,SetByAsk
2025-12-30 20:58:19,2025-12-30T20:58:19,61.13,1.0,SetByAsk
2025-12-30 20:58:19,2025-12-30T20:58:19,61.13,2.0,SetByAsk
2025-12-30 20:58:19,2025-12-30T20:58:19,61.13,1.0,SetByAsk
2025-12-30 20:58:19,2025-12-30T20:58:19,61.13,2.0,SetByAsk
2025-12-30 20:58:19,2025-12-30T20:58:19,61.13,1.0,SetByBid
2025-12-30 20:58:26,2025-12-30T20:58:26,61.13,1.0,SetByBid
2025-12-30 20:58:26,2025-12-30T20:58:26,61.13,1.0,SetByBid
2025-12-30 20:58:26,2025-12-30T20:58:26,61.13,1.0,SetByBid
2025-12-30 20:58:29,2025-12-30T20:58:29,61.14,1.0,SetByAsk
2025-12-30 20:58:46,2025-12-30T20:58:46,61.14,1.0,SetByBid
2025-12-30 20:58:59,2025-12-30T20:58:59,61.14,1.0,SetByBid
2025-12-30 20:59:00,2025-12-30T20:59:00,61.12,1.0,SetByAsk
2025-12-30 20:59:00,2025-12-30T20:59:00,61.12,1.0,SetByAsk
2025-12-30 20:59:00,2025-12-30T20:59:00,61.12,2.0,SetByAsk
2025-12-30 20:59:00,2025-12-30T20:59:00,61.12,1.0,SetByAsk
2025-12-30 20:59:00,2025-12-30T20:59:00,61.12,2.0,SetByAsk
2025-12-30 20:59:00,2025-12-30T20:59:00,61.12,1.0,SetByAsk
2025-12-30 20:59:00,2025-12-30T20:59:00,61.12,3.0,SetByAsk
2025-12-30 20:59:00,2025-12-30T20:59:00,61.12,1.0,SetByAsk
2025-12-30 20:59:03,2025-12-30T20:59:03,61.12,1.0,SetByAsk
2025-12-30 20:59:03,2025-12-30T20:59:03,61.12,1.0,SetByAsk
2025-12-30 20:59:27,2025-12-30T20:59:27,61.12,3.0,SetByBid
2025-12-30 20:59:53,2025-12-30T20:59:53,61.12,1.0,SetByAsk
2025-12-30 20:59:55,2025-12-30T20:59:55,61.12,1.0,SetByAsk
2025-12-30 20:59:55,2025-12-30T20:59:55,61.11,1.0,SetByAsk
2025-12-30 20:59:55,2025-12-30T20:59:55,61.11,1.0,SetByAsk
2025-12-30 20:59:56,2025-12-30T20:59:56,61.12,1.0,SetByBid
2025-12-30 21:00:00,2025-12-30T21:00:00,61.11,1.0,SetByAsk
2025-12-30 21:00:00,2025-12-30T21:00:00,61.11,1.0,SetByAsk
2025-12-30 21:00:00,2025-12-30T21:00:00,61.11,1.0,SetByAsk
2025-12-30 21:00:00,2025-12-30T21:00:00,61.11,2.0,SetByAsk
2025-12-30 21:00:00,2025-12-30T21:00:00,61.11,2.0,SetByAsk
2025-12-30 21:00:00,2025-12-30T21:00:00,61.1,1.0,SetByAsk
2025-12-30 21:00:00,2025-12-30T21:00:00,61.1,5.0,SetByBid
2025-12-30 21:00:03,2025-12-30T21:00:03,61.09,1.0,SetByBid
2025-12-30 21:00:04,2025-12-30T21:00:04,61.09,1.0,SetByBid
2025-12-30 21:00:04,2025-12-30T21:00:04,61.09,2.0,SetByBid
2025-12-30 21:00:04,2025-12-30T21:00:04,61.09,1.0,SetByAsk
2025-12-30 21:00:04,2025-12-30T21:00:04,61.09,1.0,SetByBid
2025-12-30 21:00:04,2025-12-30T21:00:04,61.09,2.0,SetByBid
2025-12-30 21:00:14,2025-12-30T21:00:14,61.1,3.0,SetByBid
2025-12-30 21:00:14,2025-12-30T21:00:14,61.1,1.0,SetByBid
2025-12-30 21:00:15,2025-12-30T21:00:15,61.1,2.0,SetByAsk
2025-12-30 21:00:46,2025-12-30T21:00:46,61.1,1.0,SetByAsk
2025-12-30 21:00:53,2025-12-30T21:00:53,61.09,1.0,SetByAsk
2025-12-30 21:00:53,2025-12-30T21:00:53,61.09,1.0,SetByAsk
2025-12-30 21:01:00,2025-12-30T21:01:00,61.08,1.0,SetByAsk
2025-12-30 21:01:00,2025-12-30T21:01:00,61.08,1.0,SetByAsk
2025-12-30 21:01:00,2025-12-30T21:01:00,61.08,1.0,SetByAsk
2025-12-30 21:01:00,2025-12-30T21:01:00,61.08,1.0,SetByAsk
2025-12-30 21:01:00,2025-12-30T21:01:00,61.08,1.0,SetByAsk
2025-12-30 21:01:00,2025-12-30T21:01:00,61.09,1.0,SetByAsk
2025-12-30 21:01:00,2025-12-30T21:01:00,61.09,1.0,SetByAsk
2025-12-30 21:01:00,2025-12-30T21:01:00,61.09,1.0,SetByAsk
2025-12-30 21:01:00,2025-12-30T21:01:00,61.09,1.0,SetByAsk
2025-12-30 21:01:00,2025-12-30T21:01:00,61.09,1.0,SetByAsk
2025-12-30 21:01:00,2025-12-30T21:01:00,61.09,1.0,SetByAsk
2025-12-30 21:01:00,2025-12-30T21:01:00,61.09,1.0,SetByAsk
2025-12-30 21:01:00,2025-12-30T21:01:00,61.09,1.0,SetByAsk
2025-12-30 21:01:00,2025-12-30T21:01:00,61.09,1.0,SetByAsk
2025-12-30 21:01:00,2025-12-30T21:01:00,61.09,1.0,SetByAsk
2025-12-30 21:01:00,2025-12-30T21:01:00,61.09,1.0,SetByAsk
2025-12-30 21:01:01,2025-12-30T21:01:01,61.09,1.0,SetByAsk
2025-12-30 21:01:01,2025-12-30T21:01:01,61.09,1.0,SetByAsk
2025-12-30 21:01:01,2025-12-30T21:01:01,61.09,1.0,SetByAsk
2025-12-30 21:01:05,2025-12-30T21:01:05,61.07,1.0,SetByAsk
2025-12-30 21:01:05,2025-12-30T21:01:05,61.07,2.0,SetByAsk
2025-12-30 21:01:05,2025-12-30T21:01:05,61.07,3.0,SetByAsk
2025-12-30 21:01:05,2025-12-30T21:01:05,61.07,2.0,SetByAsk
2025-12-30 21:01:13,2025-12-30T21:01:13,61.06,1.0,SetByBid
2025-12-30 21:01:13,2025-12-30T21:01:13,61.06,1.0,SetByAsk
2025-12-30 21:01:13,2025-12-30T21:01:13,61.07,1.0,SetByBid
2025-12-30 21:01:27,2025-12-30T21:01:27,61.08,3.0,SetByBid
2025-12-30 21:01:27,2025-12-30T21:01:27,61.08,2.0,SetByBid
2025-12-30 21:01:27,2025-12-30T21:01:27,61.08,1.0,SetByBid
2025-12-30 21:01:27,2025-12-30T21:01:27,61.08,1.0,SetByBid
2025-12-30 21:01:27,2025-12-30T21:01:27,61.08,1.0,SetByBid
2025-12-30 21:01:27,2025-12-30T21:01:27,61.08,3.0,SetByBid
2025-12-30 21:01:27,2025-12-30T21:01:27,61.08,1.0,SetByBid
2025-12-30 21:01:27,2025-12-30T21:01:27,61.08,1.0,SetByAsk
2025-12-30 21:01:27,2025-12-30T21:01:27,61.08,1.0,SetByAsk
2025-12-30 21:01:28,2025-12-30T21:01:28,61.08,2.0,SetByBid
2025-12-30 21:01:28,2025-12-30T21:01:28,61.08,1.0,SetByBid
2025-12-30 21:01:28,2025-12-30T21:01:28,61.08,1.0,SetByBid
2025-12-30 21:01:28,2025-12-30T21:01:28,61.08,1.0,SetByBid
2025-12-30 21:01:36,2025-12-30T21:01:36,61.08,1.0,SetByBid
2025-12-30 21:01:36,2025-12-30T21:01:36,61.09,3.0,SetByBid
2025-12-30 21:01:36,2025-12-30T21:01:36,61.08,1.0,SetByBid
2025-12-30 21:01:38,2025-12-30T21:01:38,61.09,1.0,SetByBid
2025-12-30 21:01:38,2025-12-30T21:01:38,61.09,1.0,SetByBid
2025-12-30 21:01:38,2025-12-30T21:01:38,61.09,1.0,SetByBid
2025-12-30 21:01:38,2025-12-30T21:01:38,61.09,2.0,SetByBid
2025-12-30 21:01:41,2025-12-30T21:01:41,61.08,1.0,SetByAsk
2025-12-30 21:01:43,2025-12-30T21:01:43,61.08,1.0,SetByAsk
2025-12-30 21:01:43,2025-12-30T21:01:43,61.08,1.0,SetByAsk
2025-12-30 21:02:00,2025-12-30T21:02:00,61.07,1.0,SetByAsk
2025-12-30 21:02:00,2025-12-30T21:02:00,61.07,1.0,SetByBid
2025-12-30 21:02:00,2025-12-30T21:02:00,61.07,1.0,SetByBid
2025-12-30 21:02:00,2025-12-30T21:02:00,61.07,1.0,SetByBid
2025-12-30 21:02:04,2025-12-30T21:02:04,61.07,1.0,SetByBid
2025-12-30 21:02:04,2025-12-30T21:02:04,61.07,1.0,SetByBid
2025-12-30 21:02:07,2025-12-30T21:02:07,61.07,1.0,SetByBid
2025-12-30 21:02:10,2025-12-30T21:02:10,61.06,2.0,SetByAsk
2025-12-30 21:02:10,2025-12-30T21:02:10,61.06,1.0,SetByAsk
2025-12-30 21:02:10,2025-12-30T21:02:10,61.06,1.0,SetByAsk
2025-12-30 21:02:11,2025-12-30T21:02:11,61.06,1.0,SetByAsk
2025-12-30 21:02:19,2025-12-30T21:02:19,61.06,1.0,SetByAsk
2025-12-30 21:02:27,2025-12-30T21:02:27,61.07,1.0,SetByBid
2025-12-30 21:02:27,2025-12-30T21:02:27,61.07,1.0,SetByAsk
2025-12-30 21:02:27,2025-12-30T21:02:27,61.07,1.0,SetByAsk
2025-12-30 21:02:37,2025-12-30T21:02:37,61.08,1.0,SetByBid
2025-12-30 21:03:12,2025-12-30T21:03:12,61.1,2.0,SetByAsk
2025-12-30 21:03:26,2025-12-30T21:03:26,61.11,1.0,SetByBid
2025-12-30 21:03:26,2025-12-30T21:03:26,61.11,1.0,SetByBid
2025-12-30 21:03:26,2025-12-30T21:03:26,61.11,2.0,SetByBid
2025-12-30 21:03:26,2025-12-30T21:03:26,61.11,1.0,SetByBid
2025-12-30 21:03:59,2025-12-30T21:03:59,61.1,3.0,SetByAsk
2025-12-30 21:03:59,2025-12-30T21:03:59,61.1,2.0,SetByAsk
2025-12-30 21:04:55,2025-12-30T21:04:55,61.1,1.0,SetByBid
2025-12-30 21:04:55,2025-12-30T21:04:55,61.1,1.0,SetByBid
2025-12-30 21:04:55,2025-12-30T21:04:55,61.1,1.0,SetByBid
2025-12-30 21:04:55,2025-12-30T21:04:55,61.1,1.0,SetByBid
2025-12-30 21:05:10,2025-12-30T21:05:10,61.1,1.0,SetByAsk
2025-12-30 21:05:48,2025-12-30T21:05:48,61.1,1.0,SetByBid
2025-12-30 21:05:48,2025-12-30T21:05:48,61.1,1.0,SetByBid
2025-12-30 21:05:48,2025-12-30T21:05:48,61.1,1.0,SetByAsk
2025-12-30 21:06:00,2025-12-30T21:06:00,61.1,1.0,SetByBid
2025-12-30 21:06:00,2025-12-30T21:06:00,61.1,1.0,SetByBid
2025-12-30 21:06:00,2025-12-30T21:06:00,61.1,1.0,SetByBid
2025-12-30 21:06:00,2025-12-30T21:06:00,61.1,1.0,SetByBid
2025-12-30 21:06:02,2025-12-30T21:06:02,61.11,3.0,SetByBid
2025-12-30 21:06:02,2025-12-30T21:06:02,61.11,2.0,SetByBid
2025-12-30 21:06:02,2025-12-30T21:06:02,61.11,1.0,SetByAsk
2025-12-30 21:07:26,2025-12-30T21:07:26,61.13,2.0,SetByAsk
2025-12-30 21:07:29,2025-12-30T21:07:29,61.13,2.0,SetByBid
2025-12-30 21:07:29,2025-12-30T21:07:29,61.13,2.0,SetByBid
2025-12-30 21:07:29,2025-12-30T21:07:29,61.13,1.0,SetByBid
2025-12-30 21:07:29,2025-12-30T21:07:29,61.13,1.0,SetByBid
2025-12-30 21:07:48,2025-12-30T21:07:48,61.12,1.0,SetByAsk
2025-12-30 21:07:52,2025-12-30T21:07:52,61.12,1.0,SetByAsk
2025-12-30 21:07:53,2025-12-30T21:07:53,61.12,1.0,SetByAsk
2025-12-30 21:08:02,2025-12-30T21:08:02,61.13,1.0,SetByBid
2025-12-30 21:08:03,2025-12-30T21:08:03,61.14,1.0,SetByAsk
2025-12-30 21:08:07,2025-12-30T21:08:07,61.15,1.0,SetByBid
2025-12-30 21:08:07,2025-12-30T21:08:07,61.15,1.0,SetByBid
2025-12-30 21:08:07,2025-12-30T21:08:07,61.15,1.0,SetByAsk
2025-12-30 21:08:12,2025-12-30T21:08:12,61.15,1.0,SetByAsk
2025-12-30 21:08:43,2025-12-30T21:08:43,61.13,1.0,SetByAsk
2025-12-30 21:08:43,2025-12-30T21:08:43,61.13,1.0,SetByAsk
2025-12-30 21:08:43,2025-12-30T21:08:43,61.13,1.0,SetByAsk
2025-12-30 21:08:54,2025-12-30T21:08:54,61.14,1.0,SetByBid
2025-12-30 21:08:54,2025-12-30T21:08:54,61.14,1.0,SetByBid
2025-12-30 21:08:54,2025-12-30T21:08:54,61.14,1.0,SetByBid
2025-12-30 21:08:54,2025-12-30T21:08:54,61.14,2.0,SetByBid
2025-12-30 21:08:56,2025-12-30T21:08:56,61.14,1.0,SetByBid
2025-12-30 21:08:58,2025-12-30T21:08:58,61.14,1.0,SetByBid
2025-12-30 21:09:16,2025-12-30T21:09:16,61.13,1.0,SetByAsk
2025-12-30 21:09:16,2025-12-30T21:09:16,61.13,1.0,SetByAsk
2025-12-30 21:09:16,2025-12-30T21:09:16,61.13,1.0,SetByAsk
2025-12-30 21:09:16,2025-12-30T21:09:16,61.13,2.0,SetByAsk
2025-12-30 21:09:16,2025-12-30T21:09:16,61.13,1.0,SetByAsk
2025-12-30 21:09:17,2025-12-30T21:09:17,61.13,1.0,SetByBid
2025-12-30 21:09:17,2025-12-30T21:09:17,61.13,1.0,SetByBid
2025-12-30 21:09:26,2025-12-30T21:09:26,61.12,1.0,SetByAsk
2025-12-30 21:09:26,2025-12-30T21:09:26,61.12,1.0,SetByAsk
2025-12-30 21:09:29,2025-12-30T21:09:29,61.12,1.0,SetByAsk
2025-12-30 21:09:32,2025-12-30T21:09:32,61.13,1.0,SetByBid
2025-12-30 21:09:32,2025-12-30T21:09:32,61.13,1.0,SetByBid
2025-12-30 21:09:32,2025-12-30T21:09:32,61.13,1.0,SetByBid
2025-12-30 21:09:32,2025-12-30T21:09:32,61.13,1.0,SetByBid
2025-12-30 21:09:32,2025-12-30T21:09:32,61.13,1.0,SetByBid
2025-12-30 21:09:32,2025-12-30T21:09:32,61.12,1.0,SetByAsk
2025-12-30 21:09:32,2025-12-30T21:09:32,61.12,1.0,SetByAsk
2025-12-30 21:09:32,2025-12-30T21:09:32,61.12,1.0,SetByAsk
2025-12-30 21:09:32,2025-12-30T21:09:32,61.12,1.0,SetByAsk
2025-12-30 21:09:32,2025-12-30T21:09:32,61.12,1.0,SetByAsk
2025-12-30 21:09:32,2025-12-30T21:09:32,61.12,1.0,SetByAsk
2025-12-30 21:09:33,2025-12-30T21:09:33,61.11,1.0,SetByAsk
2025-12-30 21:09:33,2025-12-30T21:09:33,61.11,1.0,SetByAsk
2025-12-30 21:09:33,2025-12-30T21:09:33,61.11,1.0,SetByAsk
2025-12-30 21:09:33,2025-12-30T21:09:33,61.11,1.0,SetByAsk
2025-12-30 21:09:33,2025-12-30T21:09:33,61.11,1.0,SetByBid
2025-12-30 21:09:33,2025-12-30T21:09:33,61.11,1.0,SetByBid
2025-12-30 21:09:33,2025-12-30T21:09:33,61.11,1.0,SetByBid
2025-12-30 21:09:33,2025-12-30T21:09:33,61.11,1.0,SetByBid
2025-12-30 21:09:33,2025-12-30T21:09:33,61.11,1.0,SetByBid
2025-12-30 21:09:36,2025-12-30T21:09:36,61.11,1.0,SetByAsk
2025-12-30 21:09:36,2025-12-30T21:09:36,61.11,1.0,SetByAsk
2025-12-30 21:09:36,2025-12-30T21:09:36,61.11,1.0,SetByBid
2025-12-30 21:09:36,2025-12-30T21:09:36,61.11,1.0,SetByAsk
2025-12-30 21:09:37,2025-12-30T21:09:37,61.11,1.0,SetByAsk
2025-12-30 21:09:37,2025-12-30T21:09:37,61.11,1.0,SetByBid
2025-12-30 21:09:37,2025-12-30T21:09:37,61.11,1.0,SetByBid
2025-12-30 21:09:39,2025-12-30T21:09:39,61.11,1.0,SetByAsk
2025-12-30 21:10:02,2025-12-30T21:10:02,61.12,1.0,SetByBid
2025-12-30 21:10:02,2025-12-30T21:10:02,61.12,1.0,SetByAsk
2025-12-30 21:10:02,2025-12-30T21:10:02,61.12,1.0,SetByBid
2025-12-30 21:10:10,2025-12-30T21:10:10,61.12,1.0,SetByBid
2025-12-30 21:10:10,2025-12-30T21:10:10,61.12,1.0,SetByAsk
2025-12-30 21:10:10,2025-12-30T21:10:10,61.12,1.0,SetByBid
2025-12-30 21:10:10,2025-12-30T21:10:10,61.12,1.0,SetByAsk
2025-12-30 21:10:11,2025-12-30T21:10:11,61.13,1.0,SetByBid
2025-12-30 21:10:11,2025-12-30T21:10:11,61.13,3.0,SetByBid
2025-12-30 21:10:11,2025-12-30T21:10:11,61.13,1.0,SetByBid
2025-12-30 21:10:11,2025-12-30T21:10:11,61.13,1.0,SetByBid
2025-12-30 21:10:12,2025-12-30T21:10:12,61.13,1.0,SetByBid
2025-12-30 21:10:12,2025-12-30T21:10:12,61.13,1.0,SetByAsk
2025-12-30 21:10:12,2025-12-30T21:10:12,61.13,1.0,SetByBid
2025-12-30 21:10:12,2025-12-30T21:10:12,61.13,1.0,SetByBid
2025-12-30 21:10:12,2025-12-30T21:10:12,61.13,1.0,SetByAsk
2025-12-30 21:10:18,2025-12-30T21:10:18,61.13,1.0,SetByBid
2025-12-30 21:10:18,2025-12-30T21:10:18,61.13,1.0,SetByBid
2025-12-30 21:10:18,2025-12-30T21:10:18,61.13,1.0,SetByBid
2025-12-30 21:10:18,2025-12-30T21:10:18,61.13,1.0,SetByBid
2025-12-30 21:10:34,2025-12-30T21:10:34,61.13,1.0,SetByAsk
2025-12-30 21:10:35,2025-12-30T21:10:35,61.13,1.0,SetByAsk
2025-12-30 21:10:35,2025-12-30T21:10:35,61.13,1.0,SetByAsk
2025-12-30 21:10:35,2025-12-30T21:10:35,61.13,1.0,SetByBid
2025-12-30 21:10:35,2025-12-30T21:10:35,61.13,1.0,SetByBid
2025-12-30 21:10:35,2025-12-30T21:10:35,61.13,1.0,SetByBid
2025-12-30 21:10:35,2025-12-30T21:10:35,61.13,1.0,SetByBid
2025-12-30 21:10:41,2025-12-30T21:10:41,61.13,1.0,SetByBid
2025-12-30 21:10:41,2025-12-30T21:10:41,61.12,1.0,SetByAsk
2025-12-30 21:11:24,2025-12-30T21:11:24,61.12,1.0,SetByAsk
2025-12-30 21:11:24,2025-12-30T21:11:24,61.12,1.0,SetByAsk
2025-12-30 21:11:24,2025-12-30T21:11:24,61.12,1.0,SetByAsk
2025-12-30 21:11:24,2025-12-30T21:11:24,61.12,1.0,SetByAsk
2025-12-30 21:11:24,2025-12-30T21:11:24,61.12,1.0,SetByAsk
2025-12-30 21:11:24,2025-12-30T21:11:24,61.12,1.0,SetByAsk
2025-12-30 21:11:24,2025-12-30T21:11:24,61.12,1.0,SetByAsk
2025-12-30 21:11:24,2025-12-30T21:11:24,61.12,1.0,SetByAsk
2025-12-30 21:11:25,2025-12-30T21:11:25,61.11,1.0,SetByAsk
2025-12-30 21:11:25,2025-12-30T21:11:25,61.12,1.0,SetByBid
2025-12-30 21:11:25,2025-12-30T21:11:25,61.12,1.0,SetByBid
2025-12-30 21:11:25,2025-12-30T21:11:25,61.12,1.0,SetByBid
2025-12-30 21:11:25,2025-12-30T21:11:25,61.12,1.0,SetByBid
2025-12-30 21:11:42,2025-12-30T21:11:42,61.1,1.0,SetByAsk
2025-12-30 21:11:57,2025-12-30T21:11:57,61.09,1.0,SetByBid
2025-12-30 21:12:03,2025-12-30T21:12:03,61.1,1.0,SetByBid
2025-12-30 21:12:03,2025-12-30T21:12:03,61.1,4.0,SetByBid
2025-12-30 21:12:03,2025-12-30T21:12:03,61.1,4.0,SetByBid
2025-12-30 21:12:03,2025-12-30T21:12:03,61.1,1.0,SetByBid
2025-12-30 21:12:03,2025-12-30T21:12:03,61.1,1.0,SetByBid
2025-12-30 21:12:03,2025-12-30T21:12:03,61.1,5.0,SetByBid
2025-12-30 21:12:03,2025-12-30T21:12:03,61.11,3.0,SetByBid
2025-12-30 21:12:03,2025-12-30T21:12:03,61.11,3.0,SetByBid
2025-12-30 21:12:03,2025-12-30T21:12:03,61.11,2.0,SetByBid
2025-12-30 21:12:03,2025-12-30T21:12:03,61.11,1.0,SetByBid
2025-12-30 21:12:03,2025-12-30T21:12:03,61.11,1.0,SetByBid
2025-12-30 21:12:03,2025-12-30T21:12:03,61.11,4.0,SetByBid
2025-12-30 21:12:03,2025-12-30T21:12:03,61.11,1.0,SetByBid
2025-12-30 21:12:03,2025-12-30T21:12:03,61.11,3.0,SetByBid
2025-12-30 21:12:03,2025-12-30T21:12:03,61.11,2.0,SetByBid
2025-12-30 21:12:03,2025-12-30T21:12:03,61.11,1.0,SetByBid
2025-12-30 21:12:03,2025-12-30T21:12:03,61.11,1.0,SetByBid
2025-12-30 21:12:03,2025-12-30T21:12:03,61.11,2.0,SetByBid
2025-12-30 21:12:03,2025-12-30T21:12:03,61.11,1.0,SetByBid
2025-12-30 21:12:03,2025-12-30T21:12:03,61.11,1.0,SetByBid
2025-12-30 21:12:03,2025-12-30T21:12:03,61.11,2.0,SetByAsk
2025-12-30 21:12:03,2025-12-30T21:12:03,61.11,2.0,SetByAsk
2025-12-30 21:12:03,2025-12-30T21:12:03,61.11,1.0,SetByAsk
2025-12-30 21:12:03,2025-12-30T21:12:03,61.11,4.0,SetByAsk
2025-12-30 21:12:03,2025-12-30T21:12:03,61.11,1.0,SetByBid
2025-12-30 21:12:07,2025-12-30T21:12:07,61.1,4.0,SetByAsk
2025-12-30 21:12:38,2025-12-30T21:12:38,61.12,3.0,SetByAsk
2025-12-30 21:12:38,2025-12-30T21:12:38,61.12,2.0,SetByAsk
2025-12-30 21:14:11,2025-12-30T21:14:11,61.11,1.0,SetByAsk
2025-12-30 21:14:11,2025-12-30T21:14:11,61.11,1.0,SetByBid
2025-12-30 21:14:25,2025-12-30T21:14:25,61.1,2.0,SetByAsk
2025-12-30 21:14:25,2025-12-30T21:14:25,61.1,1.0,SetByAsk
2025-12-30 21:14:25,2025-12-30T21:14:25,61.1,1.0,SetByAsk
2025-12-30 21:14:26,2025-12-30T21:14:26,61.1,2.0,SetByBid
2025-12-30 21:14:33,2025-12-30T21:14:33,61.1,1.0,SetByAsk
2025-12-30 21:15:00,2025-12-30T21:15:00,61.11,1.0,SetByBid
2025-12-30 21:15:24,2025-12-30T21:15:24,61.11,1.0,SetByBid
2025-12-30 21:16:11,2025-12-30T21:16:11,61.1,1.0,SetByAsk
2025-12-30 21:16:11,2025-12-30T21:16:11,61.1,2.0,SetByAsk
2025-12-30 21:16:11,2025-12-30T21:16:11,61.1,1.0,SetByAsk
2025-12-30 21:16:11,2025-12-30T21:16:11,61.1,1.0,SetByAsk
2025-12-30 21:16:11,2025-12-30T21:16:11,61.1,1.0,SetByAsk
2025-12-30 21:16:11,2025-12-30T21:16:11,61.1,1.0,SetByAsk
2025-12-30 21:16:58,2025-12-30T21:16:58,61.08,1.0,SetByAsk
2025-12-30 21:16:58,2025-12-30T21:16:58,61.08,2.0,SetByAsk
2025-12-30 21:16:58,2025-12-30T21:16:58,61.08,1.0,SetByAsk
2025-12-30 21:16:58,2025-12-30T21:16:58,61.08,4.0,SetByAsk
2025-12-30 21:16:58,2025-12-30T21:16:58,61.08,1.0,SetByAsk
2025-12-30 21:16:58,2025-12-30T21:16:58,61.08,1.0,SetByAsk
2025-12-30 21:16:58,2025-12-30T21:16:58,61.07,1.0,SetByAsk
2025-12-30 21:16:58,2025-12-30T21:16:58,61.07,1.0,SetByAsk
2025-12-30 21:16:58,2025-12-30T21:16:58,61.07,1.0,SetByAsk
2025-12-30 21:16:58,2025-12-30T21:16:58,61.07,1.0,SetByAsk
2025-12-30 21:17:02,2025-12-30T21:17:02,61.06,2.0,SetByAsk
2025-12-30 21:17:02,2025-12-30T21:17:02,61.06,1.0,SetByAsk
2025-12-30 21:17:04,2025-12-30T21:17:04,61.06,2.0,SetByAsk
2025-12-30 21:17:07,2025-12-30T21:17:07,61.06,1.0,SetByBid
2025-12-30 21:17:07,2025-12-30T21:17:07,61.06,1.0,SetByBid
2025-12-30 21:17:32,2025-12-30T21:17:32,61.05,2.0,SetByAsk
2025-12-30 21:17:32,2025-12-30T21:17:32,61.05,1.0,SetByAsk
2025-12-30 21:17:32,2025-12-30T21:17:32,61.05,3.0,SetByAsk
2025-12-30 21:17:32,2025-12-30T21:17:32,61.05,2.0,SetByAsk
2025-12-30 21:17:32,2025-12-30T21:17:32,61.05,2.0,SetByAsk
2025-12-30 21:17:32,2025-12-30T21:17:32,61.05,3.0,SetByAsk
2025-12-30 21:17:32,2025-12-30T21:17:32,61.05,3.0,SetByAsk
2025-12-30 21:17:32,2025-12-30T21:17:32,61.05,3.0,SetByAsk
2025-12-30 21:17:32,2025-12-30T21:17:32,61.05,2.0,SetByAsk
2025-12-30 21:17:32,2025-12-30T21:17:32,61.05,1.0,SetByAsk
2025-12-30 21:17:32,2025-12-30T21:17:32,61.05,1.0,SetByAsk
2025-12-30 21:17:32,2025-12-30T21:17:32,61.05,1.0,SetByAsk
2025-12-30 21:17:32,2025-12-30T21:17:32,61.05,1.0,SetByAsk
2025-12-30 21:17:32,2025-12-30T21:17:32,61.05,2.0,SetByAsk
2025-12-30 21:17:32,2025-12-30T21:17:32,61.05,2.0,SetByAsk
2025-12-30 21:17:32,2025-12-30T21:17:32,61.05,1.0,SetByAsk
2025-12-30 21:17:32,2025-12-30T21:17:32,61.05,1.0,SetByBid
2025-12-30 21:17:32,2025-12-30T21:17:32,61.05,1.0,SetByAsk
2025-12-30 21:17:45,2025-12-30T21:17:45,61.05,2.0,SetByAsk
2025-12-30 21:17:51,2025-12-30T21:17:51,61.06,1.0,SetByBid
2025-12-30 21:17:55,2025-12-30T21:17:55,61.05,1.0,SetByAsk
2025-12-30 21:17:59,2025-12-30T21:17:59,61.06,1.0,SetByAsk
2025-12-30 21:18:02,2025-12-30T21:18:02,61.06,1.0,SetByAsk
2025-12-30 21:18:02,2025-12-30T21:18:02,61.06,1.0,SetByAsk
2025-12-30 21:18:05,2025-12-30T21:18:05,61.06,2.0,SetByAsk
2025-12-30 21:18:14,2025-12-30T21:18:14,61.06,2.0,SetByAsk
2025-12-30 21:18:44,2025-12-30T21:18:44,61.07,1.0,SetByBid
2025-12-30 21:18:44,2025-12-30T21:18:44,61.07,2.0,SetByBid
2025-12-30 21:18:44,2025-12-30T21:18:44,61.07,1.0,SetByBid
2025-12-30 21:18:44,2025-12-30T21:18:44,61.08,3.0,SetByBid
2025-12-30 21:18:53,2025-12-30T21:18:53,61.09,1.0,SetByAsk
2025-12-30 21:18:53,2025-12-30T21:18:53,61.09,1.0,SetByAsk
2025-12-30 21:19:18,2025-12-30T21:19:18,61.09,1.0,SetByAsk
2025-12-30 21:19:50,2025-12-30T21:19:50,61.08,1.0,SetByAsk
2025-12-30 21:20:38,2025-12-30T21:20:38,61.09,1.0,SetByBid
2025-12-30 21:20:38,2025-12-30T21:20:38,61.09,1.0,SetByBid
2025-12-30 21:20:41,2025-12-30T21:20:41,61.09,1.0,SetByAsk
2025-12-30 21:21:02,2025-12-30T21:21:02,61.08,1.0,SetByAsk
2025-12-30 21:21:02,2025-12-30T21:21:02,61.08,1.0,SetByAsk
2025-12-30 21:21:21,2025-12-30T21:21:21,61.08,1.0,SetByBid
2025-12-30 21:21:54,2025-12-30T21:21:54,61.06,1.0,SetByAsk
2025-12-30 21:21:54,2025-12-30T21:21:54,61.06,1.0,SetByBid
2025-12-30 21:22:23,2025-12-30T21:22:23,61.05,1.0,SetByAsk
2025-12-30 21:22:36,2025-12-30T21:22:36,61.06,1.0,SetByBid
2025-12-30 21:22:36,2025-12-30T21:22:36,61.06,1.0,SetByBid
2025-12-30 21:22:36,2025-12-30T21:22:36,61.06,2.0,SetByBid
2025-12-30 21:22:36,2025-12-30T21:22:36,61.06,1.0,SetByBid
2025-12-30 21:22:36,2025-12-30T21:22:36,61.06,1.0,SetByBid
2025-12-30 21:22:45,2025-12-30T21:22:45,61.05,1.0,SetByAsk
2025-12-30 21:22:45,2025-12-30T21:22:45,61.05,2.0,SetByAsk
2025-12-30 21:22:45,2025-12-30T21:22:45,61.05,1.0,SetByAsk
2025-12-30 21:22:45,2025-12-30T21:22:45,61.05,1.0,SetByAsk
2025-12-30 21:22:45,2025-12-30T21:22:45,61.05,1.0,SetByAsk
2025-12-30 21:22:45,2025-12-30T21:22:45,61.05,4.0,SetByAsk
2025-12-30 21:22:45,2025-12-30T21:22:45,61.05,1.0,SetByAsk
2025-12-30 21:22:45,2025-12-30T21:22:45,61.04,1.0,SetByAsk
2025-12-30 21:22:45,2025-12-30T21:22:45,61.04,1.0,SetByAsk
2025-12-30 21:22:52,2025-12-30T21:22:52,61.03,2.0,SetByAsk
2025-12-30 21:22:52,2025-12-30T21:22:52,61.03,1.0,SetByAsk
2025-12-30 21:22:52,2025-12-30T21:22:52,61.03,2.0,SetByAsk
2025-12-30 21:22:52,2025-12-30T21:22:52,61.03,5.0,SetByAsk
2025-12-30 21:22:52,2025-12-30T21:22:52,61.03,2.0,SetByAsk
2025-12-30 21:22:52,2025-12-30T21:22:52,61.03,1.0,SetByAsk
2025-12-30 21:22:52,2025-12-30T21:22:52,61.03,1.0,SetByAsk
2025-12-30 21:22:52,2025-12-30T21:22:52,61.03,1.0,SetByAsk
2025-12-30 21:22:54,2025-12-30T21:22:54,61.03,1.0,SetByAsk
2025-12-30 21:22:54,2025-12-30T21:22:54,61.03,2.0,SetByBid
2025-12-30 21:22:54,2025-12-30T21:22:54,61.03,1.0,SetByBid
2025-12-30 21:22:54,2025-12-30T21:22:54,61.03,1.0,SetByBid
2025-12-30 21:22:54,2025-12-30T21:22:54,61.03,1.0,SetByBid
2025-12-30 21:22:54,2025-12-30T21:22:54,61.03,1.0,SetByBid
2025-12-30 21:22:59,2025-12-30T21:22:59,61.04,2.0,SetByBid
2025-12-30 21:22:59,2025-12-30T21:22:59,61.04,1.0,SetByBid
2025-12-30 21:23:12,2025-12-30T21:23:12,61.03,1.0,SetByAsk
2025-12-30 21:23:18,2025-12-30T21:23:18,61.03,3.0,SetByAsk
2025-12-30 21:23:18,2025-12-30T21:23:18,61.03,1.0,SetByAsk
2025-12-30 21:23:30,2025-12-30T21:23:30,61.02,1.0,SetByAsk
2025-12-30 21:23:36,2025-12-30T21:23:36,61.02,1.0,SetByAsk
2025-12-30 21:23:36,2025-12-30T21:23:36,61.02,2.0,SetByAsk
2025-12-30 21:23:36,2025-12-30T21:23:36,61.02,1.0,SetByAsk
2025-12-30 21:23:36,2025-12-30T21:23:36,61.02,1.0,SetByBid
2025-12-30 21:23:36,2025-12-30T21:23:36,61.02,8.0,SetByBid
2025-12-30 21:23:36,2025-12-30T21:23:36,61.02,13.0,SetByBid
2025-12-30 21:24:10,2025-12-30T21:24:10,61.04,1.0,SetByBid
2025-12-30 21:24:10,2025-12-30T21:24:10,61.04,1.0,SetByBid
2025-12-30 21:24:10,2025-12-30T21:24:10,61.04,1.0,SetByBid
2025-12-30 21:24:10,2025-12-30T21:24:10,61.04,2.0,SetByBid
2025-12-30 21:24:10,2025-12-30T21:24:10,61.04,1.0,SetByBid
2025-12-30 21:24:10,2025-12-30T21:24:10,61.04,2.0,SetByBid
2025-12-30 21:24:10,2025-12-30T21:24:10,61.04,1.0,SetByBid
2025-12-30 21:24:10,2025-12-30T21:24:10,61.04,2.0,SetByAsk
2025-12-30 21:24:10,2025-12-30T21:24:10,61.04,3.0,SetByAsk
2025-12-30 21:24:10,2025-12-30T21:24:10,61.04,1.0,SetByAsk
2025-12-30 21:24:10,2025-12-30T21:24:10,61.04,1.0,SetByAsk
2025-12-30 21:24:10,2025-12-30T21:24:10,61.04,1.0,SetByAsk
2025-12-30 21:24:10,2025-12-30T21:24:10,61.04,1.0,SetByAsk
2025-12-30 21:24:32,2025-12-30T21:24:32,61.05,1.0,SetByBid
2025-12-30 21:24:46,2025-12-30T21:24:46,61.03,1.0,SetByAsk
2025-12-30 21:24:46,2025-12-30T21:24:46,61.03,1.0,SetByAsk
2025-12-30 21:24:51,2025-12-30T21:24:51,61.03,1.0,SetByBid
2025-12-30 21:24:52,2025-12-30T21:24:52,61.03,1.0,SetByAsk
2025-12-30 21:24:52,2025-12-30T21:24:52,61.03,1.0,SetByAsk
2025-12-30 21:25:12,2025-12-30T21:25:12,61.04,1.0,SetByBid
2025-12-30 21:25:16,2025-12-30T21:25:16,61.04,1.0,SetByAsk
2025-12-30 21:26:09,2025-12-30T21:26:09,61.03,1.0,SetByAsk
2025-12-30 21:26:09,2025-12-30T21:26:09,61.03,2.0,SetByAsk
2025-12-30 21:27:48,2025-12-30T21:27:48,61.05,1.0,SetByBid
2025-12-30 21:27:48,2025-12-30T21:27:48,61.05,2.0,SetByBid
2025-12-30 21:27:48,2025-12-30T21:27:48,61.05,3.0,SetByBid
2025-12-30 21:28:08,2025-12-30T21:28:08,61.05,1.0,SetByBid
2025-12-30 21:28:09,2025-12-30T21:28:09,61.05,2.0,SetByBid
2025-12-30 21:28:09,2025-12-30T21:28:09,61.05,1.0,SetByBid
2025-12-30 21:28:26,2025-12-30T21:28:26,61.06,1.0,SetByBid
2025-12-30 21:28:26,2025-12-30T21:28:26,61.06,1.0,SetByBid
2025-12-30 21:28:26,2025-12-30T21:28:26,61.06,1.0,SetByBid
2025-12-30 21:28:38,2025-12-30T21:28:38,61.06,1.0,SetByAsk
2025-12-30 21:29:05,2025-12-30T21:29:05,61.06,1.0,SetByBid
2025-12-30 21:29:05,2025-12-30T21:29:05,61.06,2.0,SetByBid
2025-12-30 21:29:05,2025-12-30T21:29:05,61.06,1.0,SetByBid
2025-12-30 21:29:26,2025-12-30T21:29:26,61.08,1.0,SetByAsk
2025-12-30 21:29:27,2025-12-30T21:29:27,61.08,1.0,SetByAsk
2025-12-30 21:29:27,2025-12-30T21:29:27,61.08,1.0,SetByAsk
2025-12-30 21:29:46,2025-12-30T21:29:46,61.07,2.0,SetByAsk
2025-12-30 21:30:10,2025-12-30T21:30:10,61.07,1.0,SetByAsk
2025-12-30 21:30:10,2025-12-30T21:30:10,61.07,2.0,SetByAsk
2025-12-30 21:30:10,2025-12-30T21:30:10,61.07,2.0,SetByAsk
2025-12-30 21:30:52,2025-12-30T21:30:52,61.08,1.0,SetByBid
2025-12-30 21:30:52,2025-12-30T21:30:52,61.08,1.0,SetByBid
2025-12-30 21:30:52,2025-12-30T21:30:52,61.08,1.0,SetByBid
2025-12-30 21:30:52,2025-12-30T21:30:52,61.08,4.0,SetByBid
2025-12-30 21:30:52,2025-12-30T21:30:52,61.08,1.0,SetByBid
2025-12-30 21:30:52,2025-12-30T21:30:52,61.08,1.0,SetByBid
2025-12-30 21:31:34,2025-12-30T21:31:34,61.09,1.0,SetByBid
2025-12-30 21:31:56,2025-12-30T21:31:56,61.08,1.0,SetByAsk
2025-12-30 21:31:56,2025-12-30T21:31:56,61.08,2.0,SetByAsk
2025-12-30 21:31:56,2025-12-30T21:31:56,61.08,1.0,SetByAsk
2025-12-30 21:32:19,2025-12-30T21:32:19,61.08,1.0,SetByAsk
2025-12-30 21:32:19,2025-12-30T21:32:19,61.08,1.0,SetByAsk
2025-12-30 21:32:19,2025-12-30T21:32:19,61.08,1.0,SetByAsk
2025-12-30 21:32:19,2025-12-30T21:32:19,61.08,2.0,SetByAsk
2025-12-30 21:32:19,2025-12-30T21:32:19,61.08,1.0,SetByAsk
2025-12-30 21:32:19,2025-12-30T21:32:19,61.08,2.0,SetByAsk
2025-12-30 21:32:19,2025-12-30T21:32:19,61.08,1.0,SetByAsk
2025-12-30 21:32:19,2025-12-30T21:32:19,61.08,1.0,SetByAsk
2025-12-30 21:32:19,2025-12-30T21:32:19,61.08,1.0,SetByAsk
2025-12-30 21:32:19,2025-12-30T21:32:19,61.08,1.0,SetByAsk
2025-12-30 21:32:19,2025-12-30T21:32:19,61.08,1.0,SetByAsk
2025-12-30 21:32:19,2025-12-30T21:32:19,61.08,2.0,SetByAsk
2025-12-30 21:32:19,2025-12-30T21:32:19,61.08,1.0,SetByAsk
2025-12-30 21:32:19,2025-12-30T21:32:19,61.08,1.0,SetByBid
2025-12-30 21:32:19,2025-12-30T21:32:19,61.08,1.0,SetByBid
2025-12-30 21:32:35,2025-12-30T21:32:35,61.08,1.0,SetByBid
2025-12-30 21:32:35,2025-12-30T21:32:35,61.08,2.0,SetByBid
2025-12-30 21:32:35,2025-12-30T21:32:35,61.08,1.0,SetByBid
2025-12-30 21:32:35,2025-12-30T21:32:35,61.08,1.0,SetByBid
2025-12-30 21:32:35,2025-12-30T21:32:35,61.08,1.0,SetByBid
2025-12-30 21:32:35,2025-12-30T21:32:35,61.08,1.0,SetByBid
2025-12-30 21:33:00,2025-12-30T21:33:00,61.05,2.0,SetByAsk
2025-12-30 21:33:00,2025-12-30T21:33:00,61.05,1.0,SetByAsk
2025-12-30 21:33:00,2025-12-30T21:33:00,61.05,1.0,SetByAsk
2025-12-30 21:33:00,2025-12-30T21:33:00,61.05,2.0,SetByAsk
2025-12-30 21:33:00,2025-12-30T21:33:00,61.05,1.0,SetByBid
2025-12-30 21:33:00,2025-12-30T21:33:00,61.05,2.0,SetByBid
2025-12-30 21:33:00,2025-12-30T21:33:00,61.05,1.0,SetByBid
2025-12-30 21:33:00,2025-12-30T21:33:00,61.06,3.0,SetByBid
2025-12-30 21:33:00,2025-12-30T21:33:00,61.06,2.0,SetByBid
2025-12-30 21:33:00,2025-12-30T21:33:00,61.06,1.0,SetByBid
2025-12-30 21:33:00,2025-12-30T21:33:00,61.06,1.0,SetByBid
2025-12-30 21:33:15,2025-12-30T21:33:15,61.06,2.0,SetByAsk
2025-12-30 21:33:15,2025-12-30T21:33:15,61.06,1.0,SetByAsk
2025-12-30 21:33:22,2025-12-30T21:33:22,61.06,1.0,SetByBid
2025-12-30 21:33:25,2025-12-30T21:33:25,61.06,2.0,SetByBid
2025-12-30 21:33:25,2025-12-30T21:33:25,61.06,1.0,SetByBid
2025-12-30 21:33:41,2025-12-30T21:33:41,61.05,2.0,SetByAsk
2025-12-30 21:33:41,2025-12-30T21:33:41,61.05,2.0,SetByAsk
2025-12-30 21:33:41,2025-12-30T21:33:41,61.05,1.0,SetByAsk
2025-12-30 21:34:00,2025-12-30T21:34:00,61.06,1.0,SetByBid
2025-12-30 21:34:00,2025-12-30T21:34:00,61.06,1.0,SetByBid
2025-12-30 21:34:06,2025-12-30T21:34:06,61.06,2.0,SetByAsk
2025-12-30 21:34:06,2025-12-30T21:34:06,61.06,2.0,SetByAsk
2025-12-30 21:34:06,2025-12-30T21:34:06,61.06,1.0,SetByAsk
2025-12-30 21:34:06,2025-12-30T21:34:06,61.06,1.0,SetByAsk
2025-12-30 21:34:26,2025-12-30T21:34:26,61.05,1.0,SetByBid
2025-12-30 21:34:26,2025-12-30T21:34:26,61.05,1.0,SetByBid
2025-12-30 21:34:26,2025-12-30T21:34:26,61.05,1.0,SetByAsk
2025-12-30 21:34:26,2025-12-30T21:34:26,61.05,1.0,SetByAsk
2025-12-30 21:34:26,2025-12-30T21:34:26,61.05,1.0,SetByAsk
2025-12-30 21:34:26,2025-12-30T21:34:26,61.05,2.0,SetByBid
2025-12-30 21:34:44,2025-12-30T21:34:44,61.05,1.0,SetByBid
2025-12-30 21:34:44,2025-12-30T21:34:44,61.05,5.0,SetByBid
2025-12-30 21:34:59,2025-12-30T21:34:59,61.04,1.0,SetByAsk
2025-12-30 21:35:02,2025-12-30T21:35:02,61.05,1.0,SetByBid
2025-12-30 21:35:02,2025-12-30T21:35:02,61.05,1.0,SetByBid
2025-12-30 21:35:02,2025-12-30T21:35:02,61.05,1.0,SetByBid
2025-12-30 21:35:27,2025-12-30T21:35:27,61.03,1.0,SetByAsk
2025-12-30 21:35:27,2025-12-30T21:35:27,61.03,1.0,SetByAsk
2025-12-30 21:35:27,2025-12-30T21:35:27,61.03,1.0,SetByAsk
2025-12-30 21:35:27,2025-12-30T21:35:27,61.03,1.0,SetByAsk
2025-12-30 21:35:44,2025-12-30T21:35:44,61.03,1.0,SetByAsk
2025-12-30 21:36:23,2025-12-30T21:36:23,61.04,1.0,SetByBid
2025-12-30 21:36:23,2025-12-30T21:36:23,61.04,2.0,SetByBid
2025-12-30 21:36:35,2025-12-30T21:36:35,61.03,1.0,SetByAsk
2025-12-30 21:36:35,2025-12-30T21:36:35,61.03,1.0,SetByAsk
2025-12-30 21:36:35,2025-12-30T21:36:35,61.03,1.0,SetByAsk
2025-12-30 21:36:35,2025-12-30T21:36:35,61.03,1.0,SetByAsk
2025-12-30 21:36:46,2025-12-30T21:36:46,61.02,1.0,SetByAsk
2025-12-30 21:36:46,2025-12-30T21:36:46,61.02,1.0,SetByAsk
2025-12-30 21:36:51,2025-12-30T21:36:51,61.01,1.0,SetByAsk
2025-12-30 21:36:51,2025-12-30T21:36:51,61.01,1.0,SetByAsk
2025-12-30 21:36:51,2025-12-30T21:36:51,61.01,1.0,SetByAsk
2025-12-30 21:36:52,2025-12-30T21:36:52,61.01,1.0,SetByBid
2025-12-30 21:37:02,2025-12-30T21:37:02,61.01,1.0,SetByBid
2025-12-30 21:37:04,2025-12-30T21:37:04,61.0,2.0,SetByAsk
2025-12-30 21:37:04,2025-12-30T21:37:04,61.0,3.0,SetByAsk
2025-12-30 21:37:04,2025-12-30T21:37:04,61.0,11.0,SetByAsk
2025-12-30 21:37:04,2025-12-30T21:37:04,61.0,3.0,SetByAsk
2025-12-30 21:37:04,2025-12-30T21:37:04,61.0,14.0,SetByAsk
2025-12-30 21:37:04,2025-12-30T21:37:04,61.0,2.0,SetByAsk
2025-12-30 21:37:04,2025-12-30T21:37:04,61.0,3.0,SetByAsk
2025-12-30 21:37:04,2025-12-30T21:37:04,61.0,17.0,SetByAsk
2025-12-30 21:37:04,2025-12-30T21:37:04,60.99,2.0,SetByAsk
2025-12-30 21:37:04,2025-12-30T21:37:04,60.99,1.0,SetByAsk
2025-12-30 21:37:04,2025-12-30T21:37:04,60.99,2.0,SetByAsk
2025-12-30 21:37:04,2025-12-30T21:37:04,60.99,1.0,SetByAsk
2025-12-30 21:37:04,2025-12-30T21:37:04,60.99,1.0,SetByAsk
2025-12-30 21:37:04,2025-12-30T21:37:04,61.0,3.0,SetByBid
2025-12-30 21:37:04,2025-12-30T21:37:04,61.0,3.0,SetByBid
2025-12-30 21:37:12,2025-12-30T21:37:12,61.01,1.0,SetByBid
2025-12-30 21:37:12,2025-12-30T21:37:12,61.01,1.0,SetByBid
2025-12-30 21:37:12,2025-12-30T21:37:12,61.01,1.0,SetByBid
2025-12-30 21:37:12,2025-12-30T21:37:12,61.01,1.0,SetByBid
2025-12-30 21:37:12,2025-12-30T21:37:12,61.01,2.0,SetByBid
2025-12-30 21:37:12,2025-12-30T21:37:12,61.01,1.0,SetByAsk
2025-12-30 21:37:45,2025-12-30T21:37:45,61.01,2.0,SetByAsk
2025-12-30 21:37:45,2025-12-30T21:37:45,61.01,1.0,SetByBid
2025-12-30 21:37:59,2025-12-30T21:37:59,61.02,1.0,SetByAsk
2025-12-30 21:38:13,2025-12-30T21:38:13,61.02,2.0,SetByBid
2025-12-30 21:38:58,2025-12-30T21:38:58,61.01,1.0,SetByAsk
2025-12-30 21:38:58,2025-12-30T21:38:58,61.01,1.0,SetByAsk
2025-12-30 21:38:58,2025-12-30T21:38:58,61.0,1.0,SetByAsk
2025-12-30 21:38:58,2025-12-30T21:38:58,61.0,1.0,SetByAsk
2025-12-30 21:39:03,2025-12-30T21:39:03,61.01,1.0,SetByAsk
2025-12-30 21:39:03,2025-12-30T21:39:03,61.01,1.0,SetByAsk
2025-12-30 21:39:05,2025-12-30T21:39:05,61.02,1.0,SetByBid
2025-12-30 21:39:05,2025-12-30T21:39:05,61.02,3.0,SetByBid
2025-12-30 21:39:17,2025-12-30T21:39:17,61.03,1.0,SetByBid
2025-12-30 21:39:18,2025-12-30T21:39:18,61.03,2.0,SetByAsk
2025-12-30 21:39:18,2025-12-30T21:39:18,61.03,1.0,SetByAsk
2025-12-30 21:39:37,2025-12-30T21:39:37,61.02,1.0,SetByBid
2025-12-30 21:40:03,2025-12-30T21:40:03,61.02,2.0,SetByAsk
2025-12-30 21:40:03,2025-12-30T21:40:03,61.02,1.0,SetByAsk
2025-12-30 21:40:25,2025-12-30T21:40:25,61.01,1.0,SetByBid
2025-12-30 21:40:44,2025-12-30T21:40:44,61.01,1.0,SetByBid
2025-12-30 21:40:44,2025-12-30T21:40:44,61.0,2.0,SetByAsk
2025-12-30 21:40:44,2025-12-30T21:40:44,61.0,1.0,SetByAsk
2025-12-30 21:40:44,2025-12-30T21:40:44,61.0,1.0,SetByAsk
2025-12-30 21:40:44,2025-12-30T21:40:44,61.0,1.0,SetByAsk
2025-12-30 21:41:02,2025-12-30T21:41:02,61.0,1.0,SetByAsk
2025-12-30 21:41:02,2025-12-30T21:41:02,61.0,1.0,SetByAsk
2025-12-30 21:41:03,2025-12-30T21:41:03,61.0,1.0,SetByAsk
2025-12-30 21:41:03,2025-12-30T21:41:03,61.0,1.0,SetByAsk
2025-12-30 21:41:03,2025-12-30T21:41:03,61.0,1.0,SetByAsk
2025-12-30 21:41:03,2025-12-30T21:41:03,61.0,1.0,SetByAsk
2025-12-30 21:41:03,2025-12-30T21:41:03,61.0,1.0,SetByAsk
2025-12-30 21:41:03,2025-12-30T21:41:03,61.0,1.0,SetByAsk
2025-12-30 21:41:03,2025-12-30T21:41:03,61.0,1.0,SetByAsk
2025-12-30 21:41:03,2025-12-30T21:41:03,61.0,1.0,SetByBid
2025-12-30 21:41:03,2025-12-30T21:41:03,61.0,1.0,SetByBid
2025-12-30 21:41:23,2025-12-30T21:41:23,60.99,1.0,SetByAsk
2025-12-30 21:41:23,2025-12-30T21:41:23,60.99,1.0,SetByAsk
2025-12-30 21:41:23,2025-12-30T21:41:23,60.99,1.0,SetByAsk
2025-12-30 21:41:23,2025-12-30T21:41:23,60.99,1.0,SetByAsk
2025-12-30 21:41:23,2025-12-30T21:41:23,60.99,1.0,SetByAsk
2025-12-30 21:41:23,2025-12-30T21:41:23,60.99,1.0,SetByAsk
2025-12-30 21:41:23,2025-12-30T21:41:23,60.99,1.0,SetByAsk
2025-12-30 21:41:36,2025-12-30T21:41:36,60.99,1.0,SetByBid
2025-12-30 21:41:36,2025-12-30T21:41:36,60.98,1.0,SetByBid
2025-12-30 21:41:36,2025-12-30T21:41:36,60.98,3.0,SetByBid
2025-12-30 21:41:36,2025-12-30T21:41:36,60.98,1.0,SetByBid
2025-12-30 21:41:36,2025-12-30T21:41:36,60.98,1.0,SetByBid
2025-12-30 21:41:36,2025-12-30T21:41:36,60.98,1.0,SetByBid
2025-12-30 21:41:36,2025-12-30T21:41:36,60.98,1.0,SetByBid
2025-12-30 21:41:36,2025-12-30T21:41:36,60.99,1.0,SetByBid
2025-12-30 21:41:36,2025-12-30T21:41:36,60.99,3.0,SetByBid
2025-12-30 21:41:36,2025-12-30T21:41:36,60.99,1.0,SetByBid
2025-12-30 21:41:47,2025-12-30T21:41:47,61.0,4.0,SetByBid
2025-12-30 21:41:47,2025-12-30T21:41:47,61.0,1.0,SetByBid
2025-12-30 21:41:47,2025-12-30T21:41:47,61.0,1.0,SetByBid
2025-12-30 21:41:47,2025-12-30T21:41:47,61.0,1.0,SetByBid
2025-12-30 21:41:47,2025-12-30T21:41:47,61.0,1.0,SetByBid
2025-12-30 21:41:47,2025-12-30T21:41:47,61.0,1.0,SetByBid
2025-12-30 21:41:47,2025-12-30T21:41:47,61.0,1.0,SetByBid
2025-12-30 21:42:08,2025-12-30T21:42:08,61.01,2.0,SetByAsk
2025-12-30 21:42:08,2025-12-30T21:42:08,61.01,4.0,SetByAsk
2025-12-30 21:42:08,2025-12-30T21:42:08,61.01,2.0,SetByAsk
2025-12-30 21:42:08,2025-12-30T21:42:08,61.01,1.0,SetByAsk
2025-12-30 21:42:29,2025-12-30T21:42:29,61.01,1.0,SetByAsk
2025-12-30 21:42:29,2025-12-30T21:42:29,61.01,1.0,SetByAsk
2025-12-30 21:42:29,2025-12-30T21:42:29,61.0,2.0,SetByAsk
2025-12-30 21:43:33,2025-12-30T21:43:33,61.02,1.0,SetByAsk
2025-12-30 21:43:33,2025-12-30T21:43:33,61.02,1.0,SetByAsk
2025-12-30 21:44:15,2025-12-30T21:44:15,61.01,1.0,SetByAsk
2025-12-30 21:44:15,2025-12-30T21:44:15,61.01,1.0,SetByAsk
2025-12-30 21:44:15,2025-12-30T21:44:15,61.01,2.0,SetByAsk
2025-12-30 21:44:15,2025-12-30T21:44:15,61.01,1.0,SetByAsk
2025-12-30 21:44:59,2025-12-30T21:44:59,61.02,2.0,SetByAsk
2025-12-30 21:44:59,2025-12-30T21:44:59,61.02,1.0,SetByAsk
2025-12-30 21:44:59,2025-12-30T21:44:59,61.02,1.0,SetByAsk
2025-12-30 21:44:59,2025-12-30T21:44:59,61.02,1.0,SetByAsk
2025-12-30 21:44:59,2025-12-30T21:44:59,61.02,3.0,SetByAsk
2025-12-30 21:45:03,2025-12-30T21:45:03,61.01,1.0,SetByAsk
2025-12-30 21:45:03,2025-12-30T21:45:03,61.01,2.0,SetByAsk
2025-12-30 21:45:03,2025-12-30T21:45:03,61.01,1.0,SetByAsk
2025-12-30 21:45:33,2025-12-30T21:45:33,61.01,1.0,SetByBid
2025-12-30 21:45:33,2025-12-30T21:45:33,61.01,1.0,SetByBid
2025-12-30 21:45:33,2025-12-30T21:45:33,61.01,1.0,SetByBid
2025-12-30 21:45:33,2025-12-30T21:45:33,61.01,1.0,SetByBid
2025-12-30 21:45:33,2025-12-30T21:45:33,61.01,2.0,SetByBid
2025-12-30 21:45:33,2025-12-30T21:45:33,61.01,1.0,SetByBid
2025-12-30 21:45:33,2025-12-30T21:45:33,61.01,1.0,SetByBid
2025-12-30 21:45:33,2025-12-30T21:45:33,61.01,1.0,SetByBid
2025-12-30 21:45:39,2025-12-30T21:45:39,61.02,1.0,SetByBid
2025-12-30 21:46:00,2025-12-30T21:46:00,61.0,2.0,SetByAsk
2025-12-30 21:46:00,2025-12-30T21:46:00,61.0,2.0,SetByAsk
2025-12-30 21:46:02,2025-12-30T21:46:02,61.0,1.0,SetByAsk
2025-12-30 21:46:02,2025-12-30T21:46:02,61.0,1.0,SetByBid
2025-12-30 21:46:37,2025-12-30T21:46:37,61.01,1.0,SetByBid
2025-12-30 21:47:01,2025-12-30T21:47:01,61.01,1.0,SetByBid
2025-12-30 21:47:01,2025-12-30T21:47:01,61.01,1.0,SetByBid
2025-12-30 21:47:46,2025-12-30T21:47:46,61.01,2.0,SetByAsk
2025-12-30 21:47:46,2025-12-30T21:47:46,61.01,3.0,SetByAsk
2025-12-30 21:47:46,2025-12-30T21:47:46,61.01,1.0,SetByAsk
2025-12-30 21:47:55,2025-12-30T21:47:55,61.01,1.0,SetByBid
2025-12-30 21:48:30,2025-12-30T21:48:30,61.02,1.0,SetByBid
2025-12-30 21:48:31,2025-12-30T21:48:31,61.02,1.0,SetByAsk
2025-12-30 21:48:59,2025-12-30T21:48:59,61.03,1.0,SetByBid
2025-12-30 21:49:05,2025-12-30T21:49:05,61.03,2.0,SetByAsk
2025-12-30 21:49:25,2025-12-30T21:49:25,61.02,1.0,SetByAsk
2025-12-30 21:49:31,2025-12-30T21:49:31,61.01,4.0,SetByBid
2025-12-30 21:49:32,2025-12-30T21:49:32,61.0,1.0,SetByAsk
2025-12-30 21:49:32,2025-12-30T21:49:32,61.0,1.0,SetByAsk
2025-12-30 21:49:32,2025-12-30T21:49:32,61.0,2.0,SetByAsk
2025-12-30 21:49:36,2025-12-30T21:49:36,61.01,1.0,SetByBid
2025-12-30 21:49:36,2025-12-30T21:49:36,61.01,1.0,SetByBid
2025-12-30 21:49:36,2025-12-30T21:49:36,61.01,1.0,SetByBid
2025-12-30 21:49:36,2025-12-30T21:49:36,61.01,1.0,SetByBid
2025-12-30 21:49:50,2025-12-30T21:49:50,61.01,1.0,SetByAsk
2025-12-30 21:50:00,2025-12-30T21:50:00,61.02,1.0,SetByBid
2025-12-30 21:50:22,2025-12-30T21:50:22,61.02,1.0,SetByBid
2025-12-30 21:50:54,2025-12-30T21:50:54,61.04,1.0,SetByAsk
2025-12-30 21:50:54,2025-12-30T21:50:54,61.04,1.0,SetByAsk
2025-12-30 21:50:56,2025-12-30T21:50:56,61.04,2.0,SetByAsk
2025-12-30 21:50:56,2025-12-30T21:50:56,61.04,1.0,SetByAsk
2025-12-30 21:51:02,2025-12-30T21:51:02,61.06,1.0,SetByBid
2025-12-30 21:51:17,2025-12-30T21:51:17,61.05,2.0,SetByAsk
2025-12-30 21:51:17,2025-12-30T21:51:17,61.05,2.0,SetByAsk
2025-12-30 21:51:17,2025-12-30T21:51:17,61.05,1.0,SetByAsk
2025-12-30 21:51:26,2025-12-30T21:51:26,61.05,1.0,SetByAsk
2025-12-30 21:51:26,2025-12-30T21:51:26,61.05,1.0,SetByAsk
2025-12-30 21:53:02,2025-12-30T21:53:02,61.04,1.0,SetByAsk
2025-12-30 21:53:03,2025-12-30T21:53:03,61.03,2.0,SetByAsk
2025-12-30 21:53:03,2025-12-30T21:53:03,61.03,2.0,SetByAsk
2025-12-30 21:53:12,2025-12-30T21:53:12,61.05,1.0,SetByBid
2025-12-30 21:53:12,2025-12-30T21:53:12,61.06,1.0,SetByBid
2025-12-30 21:53:35,2025-12-30T21:53:35,61.05,2.0,SetByAsk
2025-12-30 21:53:35,2025-12-30T21:53:35,61.05,2.0,SetByBid
2025-12-30 21:53:35,2025-12-30T21:53:35,61.05,1.0,SetByBid
2025-12-30 21:54:38,2025-12-30T21:54:38,61.04,1.0,SetByBid
2025-12-30 21:54:38,2025-12-30T21:54:38,61.04,1.0,SetByBid
2025-12-30 21:54:48,2025-12-30T21:54:48,61.03,1.0,SetByAsk
2025-12-30 21:54:48,2025-12-30T21:54:48,61.03,1.0,SetByAsk
2025-12-30 21:54:48,2025-12-30T21:54:48,61.03,2.0,SetByAsk
2025-12-30 21:54:48,2025-12-30T21:54:48,61.03,1.0,SetByAsk
2025-12-30 21:54:49,2025-12-30T21:54:49,61.04,2.0,SetByBid
2025-12-30 21:54:49,2025-12-30T21:54:49,61.04,1.0,SetByBid
2025-12-30 21:54:49,2025-12-30T21:54:49,61.04,1.0,SetByBid
2025-12-30 21:55:44,2025-12-30T21:55:44,61.03,1.0,SetByBid
2025-12-30 21:56:27,2025-12-30T21:56:27,61.04,2.0,SetByBid
2025-12-30 21:56:27,2025-12-30T21:56:27,61.04,1.0,SetByBid
2025-12-30 21:56:27,2025-12-30T21:56:27,61.04,1.0,SetByBid
2025-12-30 21:56:27,2025-12-30T21:56:27,61.04,1.0,SetByBid
2025-12-30 21:56:27,2025-12-30T21:56:27,61.04,2.0,SetByBid
2025-12-30 21:57:58,2025-12-30T21:57:58,61.05,1.0,SetByAsk
2025-12-30 21:58:01,2025-12-30T21:58:01,61.05,2.0,SetByAsk
2025-12-30 21:58:20,2025-12-30T21:58:20,61.04,1.0,SetByAsk
2025-12-30 21:58:20,2025-12-30T21:58:20,61.04,1.0,SetByAsk
2025-12-30 21:58:20,2025-12-30T21:58:20,61.04,2.0,SetByAsk
2025-12-30 21:58:20,2025-12-30T21:58:20,61.04,1.0,SetByAsk
2025-12-30 21:58:48,2025-12-30T21:58:48,61.06,1.0,SetByAsk
2025-12-30 21:58:48,2025-12-30T21:58:48,61.06,5.0,SetByAsk
2025-12-30 21:58:48,2025-12-30T21:58:48,61.06,1.0,SetByAsk
2025-12-30 21:58:48,2025-12-30T21:58:48,61.06,5.0,SetByAsk
2025-12-30 21:58:48,2025-12-30T21:58:48,61.06,5.0,SetByAsk
2025-12-30 21:58:48,2025-12-30T21:58:48,61.06,5.0,SetByAsk
2025-12-30 21:58:48,2025-12-30T21:58:48,61.06,5.0,SetByAsk
2025-12-30 21:59:55,2025-12-30T21:59:55,61.05,2.0,SetByAsk
2025-12-30 21:59:55,2025-12-30T21:59:55,61.05,1.0,SetByAsk
2025-12-30 21:59:55,2025-12-30T21:59:55,61.05,1.0,SetByAsk
2025-12-30 22:00:04,2025-12-30T22:00:04,61.06,1.0,SetByBid
2025-12-30 22:00:04,2025-12-30T22:00:04,61.06,1.0,SetByBid
2025-12-30 22:00:38,2025-12-30T22:00:38,61.07,3.0,SetByBid
2025-12-30 22:01:24,2025-12-30T22:01:24,61.08,2.0,SetByBid
2025-12-30 22:01:59,2025-12-30T22:01:59,61.07,1.0,SetByAsk
2025-12-30 22:02:59,2025-12-30T22:02:59,61.07,1.0,SetByBid
2025-12-30 22:02:59,2025-12-30T22:02:59,61.07,1.0,SetByBid
2025-12-30 22:03:20,2025-12-30T22:03:20,61.06,1.0,SetByAsk
2025-12-30 22:03:59,2025-12-30T22:03:59,61.07,2.0,SetByAsk
2025-12-30 22:05:00,2025-12-30T22:05:00,61.07,1.0,SetByBid
2025-12-30 22:05:00,2025-12-30T22:05:00,61.07,1.0,SetByBid
2025-12-30 22:05:00,2025-12-30T22:05:00,61.07,2.0,SetByBid
2025-12-30 22:05:00,2025-12-30T22:05:00,61.07,1.0,SetByBid
2025-12-30 22:05:16,2025-12-30T22:05:16,61.07,1.0,SetByAsk
2025-12-30 22:05:16,2025-12-30T22:05:16,61.07,1.0,SetByAsk
2025-12-30 22:05:16,2025-12-30T22:05:16,61.07,1.0,SetByBid
2025-12-30 22:05:16,2025-12-30T22:05:16,61.07,1.0,SetByBid
2025-12-30 22:07:02,2025-12-30T22:07:02,61.01,1.0,SetByAsk
2025-12-30 22:07:02,2025-12-30T22:07:02,61.01,2.0,SetByAsk
2025-12-30 22:07:02,2025-12-30T22:07:02,61.01,1.0,SetByAsk
2025-12-30 22:07:05,2025-12-30T22:07:05,61.02,1.0,SetByBid
2025-12-30 22:07:57,2025-12-30T22:07:57,61.01,1.0,SetByBid
2025-12-30 22:07:57,2025-12-30T22:07:57,61.01,1.0,SetByBid
2025-12-30 22:08:09,2025-12-30T22:08:09,61.02,1.0,SetByBid
2025-12-30 22:08:09,2025-12-30T22:08:09,61.02,1.0,SetByBid
2025-12-30 22:08:21,2025-12-30T22:08:21,61.01,1.0,SetByAsk
2025-12-30 22:08:33,2025-12-30T22:08:33,61.01,1.0,SetByAsk
2025-12-30 22:09:41,2025-12-30T22:09:41,61.02,1.0,SetByAsk
2025-12-30 22:10:06,2025-12-30T22:10:06,61.03,15.0,SetByBid
2025-12-30 22:10:06,2025-12-30T22:10:06,61.03,1.0,SetByBid
2025-12-30 22:11:25,2025-12-30T22:11:25,61.03,3.0,SetByAsk
2025-12-30 22:11:25,2025-12-30T22:11:25,61.03,1.0,SetByAsk
2025-12-30 22:11:25,2025-12-30T22:11:25,61.03,1.0,SetByAsk
2025-12-30 22:11:25,2025-12-30T22:11:25,61.03,1.0,SetByAsk
2025-12-30 22:11:25,2025-12-30T22:11:25,61.03,2.0,SetByBid
2025-12-30 22:11:25,2025-12-30T22:11:25,61.03,1.0,SetByBid
2025-12-30 22:11:32,2025-12-30T22:11:32,61.03,1.0,SetByBid
2025-12-30 22:11:32,2025-12-30T22:11:32,61.03,2.0,SetByBid
2025-12-30 22:11:50,2025-12-30T22:11:50,61.03,1.0,SetByBid
2025-12-30 22:12:08,2025-12-30T22:12:08,61.04,1.0,SetByAsk
2025-12-30 22:12:08,2025-12-30T22:12:08,61.04,2.0,"SetByBid, Leg"
2025-12-30 22:12:08,2025-12-30T22:12:08,61.05,2.0,"SetByBid, Leg"
2025-12-30 22:12:08,2025-12-30T22:12:08,61.05,1.0,SetByBid
2025-12-30 22:12:08,2025-12-30T22:12:08,61.05,2.0,SetByBid
2025-12-30 22:12:08,2025-12-30T22:12:08,61.05,1.0,SetByBid
2025-12-30 22:12:08,2025-12-30T22:12:08,61.05,3.0,SetByBid
2025-12-30 22:12:08,2025-12-30T22:12:08,61.05,1.0,SetByBid
2025-12-30 22:12:08,2025-12-30T22:12:08,61.05,1.0,SetByBid
2025-12-30 22:12:08,2025-12-30T22:12:08,61.05,1.0,SetByBid
2025-12-30 22:12:08,2025-12-30T22:12:08,61.05,4.0,SetByBid
2025-12-30 22:12:08,2025-12-30T22:12:08,61.05,5.0,SetByBid
2025-12-30 22:12:08,2025-12-30T22:12:08,61.05,1.0,SetByBid
2025-12-30 22:12:08,2025-12-30T22:12:08,61.05,1.0,SetByBid
2025-12-30 22:12:08,2025-12-30T22:12:08,61.05,1.0,SetByBid
2025-12-30 22:12:08,2025-12-30T22:12:08,61.05,1.0,SetByBid
2025-12-30 22:12:08,2025-12-30T22:12:08,61.05,2.0,SetByBid
2025-12-30 22:12:08,2025-12-30T22:12:08,61.05,1.0,SetByBid
2025-12-30 22:12:08,2025-12-30T22:12:08,61.05,1.0,SetByBid
2025-12-30 22:12:08,2025-12-30T22:12:08,61.05,2.0,SetByBid
2025-12-30 22:12:08,2025-12-30T22:12:08,61.04,3.0,SetByAsk
2025-12-30 22:13:02,2025-12-30T22:13:02,61.02,1.0,SetByAsk
2025-12-30 22:13:02,2025-12-30T22:13:02,61.02,2.0,SetByAsk
2025-12-30 22:13:07,2025-12-30T22:13:07,61.03,1.0,SetByBid
2025-12-30 22:13:32,2025-12-30T22:13:32,61.03,1.0,SetByAsk
2025-12-30 22:13:42,2025-12-30T22:13:42,61.04,1.0,SetByBid
2025-12-30 22:14:00,2025-12-30T22:14:00,61.04,2.0,SetByBid
2025-12-30 22:14:00,2025-12-30T22:14:00,61.04,2.0,SetByBid
2025-12-30 22:14:04,2025-12-30T22:14:04,61.03,2.0,SetByAsk
2025-12-30 22:14:04,2025-12-30T22:14:04,61.03,1.0,SetByAsk
2025-12-30 22:15:00,2025-12-30T22:15:00,61.05,1.0,SetByBid
2025-12-30 22:15:40,2025-12-30T22:15:40,61.06,1.0,SetByBid
2025-12-30 22:15:43,2025-12-30T22:15:43,61.06,2.0,SetByAsk
2025-12-30 22:16:57,2025-12-30T22:16:57,61.05,1.0,SetByAsk
2025-12-30 22:17:20,2025-12-30T22:17:20,61.06,1.0,SetByBid
2025-12-30 22:17:20,2025-12-30T22:17:20,61.06,1.0,SetByBid
2025-12-30 22:17:42,2025-12-30T22:17:42,61.06,1.0,SetByBid
2025-12-30 22:17:42,2025-12-30T22:17:42,61.06,1.0,SetByBid
2025-12-30 22:17:42,2025-12-30T22:17:42,61.06,1.0,SetByBid
2025-12-30 22:17:47,2025-12-30T22:17:47,61.07,1.0,SetByBid
2025-12-30 22:17:53,2025-12-30T22:17:53,61.07,1.0,SetByAsk
2025-12-30 22:18:34,2025-12-30T22:18:34,61.08,2.0,SetByBid
2025-12-30 22:18:34,2025-12-30T22:18:34,61.08,1.0,SetByBid
2025-12-30 22:18:34,2025-12-30T22:18:34,61.08,1.0,SetByBid
2025-12-30 22:18:34,2025-12-30T22:18:34,61.08,1.0,SetByBid
2025-12-30 22:18:34,2025-12-30T22:18:34,61.08,1.0,SetByBid
2025-12-30 22:18:34,2025-12-30T22:18:34,61.08,4.0,SetByBid
2025-12-30 22:18:55,2025-12-30T22:18:55,61.09,1.0,SetByBid
2025-12-30 22:19:36,2025-12-30T22:19:36,61.08,2.0,SetByAsk
2025-12-30 22:19:36,2025-12-30T22:19:36,61.08,1.0,SetByAsk
2025-12-30 22:19:36,2025-12-30T22:19:36,61.08,1.0,SetByAsk
2025-12-30 22:19:36,2025-12-30T22:19:36,61.08,1.0,SetByAsk
2025-12-30 22:19:36,2025-12-30T22:19:36,61.08,1.0,SetByAsk
2025-12-30 22:19:36,2025-12-30T22:19:36,61.08,1.0,SetByAsk
2025-12-30 22:19:36,2025-12-30T22:19:36,61.08,1.0,SetByAsk
2025-12-30 22:19:36,2025-12-30T22:19:36,61.08,1.0,SetByAsk
2025-12-30 22:19:36,2025-12-30T22:19:36,61.08,1.0,SetByBid
2025-12-30 22:19:50,2025-12-30T22:19:50,61.07,1.0,SetByAsk
2025-12-30 22:20:11,2025-12-30T22:20:11,61.07,1.0,SetByAsk
2025-12-30 22:20:11,2025-12-30T22:20:11,61.07,1.0,SetByAsk
2025-12-30 22:20:11,2025-12-30T22:20:11,61.07,3.0,SetByAsk
2025-12-30 22:20:11,2025-12-30T22:20:11,61.07,1.0,SetByAsk
2025-12-30 22:20:11,2025-12-30T22:20:11,61.07,1.0,SetByAsk
2025-12-30 22:20:11,2025-12-30T22:20:11,61.07,1.0,SetByAsk
2025-12-30 22:20:35,2025-12-30T22:20:35,61.08,1.0,SetByBid
2025-12-30 22:20:35,2025-12-30T22:20:35,61.08,1.0,SetByBid
2025-12-30 22:21:24,2025-12-30T22:21:24,61.09,1.0,SetByBid
2025-12-30 22:21:51,2025-12-30T22:21:51,61.1,1.0,SetByBid
2025-12-30 22:21:55,2025-12-30T22:21:55,61.09,1.0,SetByBid
2025-12-30 22:23:00,2025-12-30T22:23:00,61.09,1.0,SetByBid
2025-12-30 22:23:00,2025-12-30T22:23:00,61.09,1.0,SetByBid
2025-12-30 22:23:50,2025-12-30T22:23:50,61.1,1.0,SetByBid
2025-12-30 22:25:07,2025-12-30T22:25:07,61.09,2.0,SetByAsk
2025-12-30 22:25:07,2025-12-30T22:25:07,61.09,1.0,SetByAsk
2025-12-30 22:25:07,2025-12-30T22:25:07,61.09,1.0,SetByAsk
2025-12-30 22:25:07,2025-12-30T22:25:07,61.09,1.0,SetByAsk
2025-12-30 22:25:07,2025-12-30T22:25:07,61.09,1.0,SetByAsk
2025-12-30 22:25:07,2025-12-30T22:25:07,61.09,1.0,SetByBid
2025-12-30 22:25:15,2025-12-30T22:25:15,61.08,2.0,SetByAsk
2025-12-30 22:25:15,2025-12-30T22:25:15,61.08,1.0,SetByAsk
2025-12-30 22:25:15,2025-12-30T22:25:15,61.08,1.0,SetByAsk
2025-12-30 22:25:15,2025-12-30T22:25:15,61.08,1.0,SetByAsk
2025-12-30 22:25:15,2025-12-30T22:25:15,61.08,1.0,SetByAsk
2025-12-30 22:25:15,2025-12-30T22:25:15,61.08,1.0,SetByAsk
2025-12-30 22:26:15,2025-12-30T22:26:15,61.08,1.0,SetByBid
2025-12-30 22:26:15,2025-12-30T22:26:15,61.08,1.0,SetByBid
2025-12-30 22:26:15,2025-12-30T22:26:15,61.08,2.0,SetByBid
2025-12-30 22:27:54,2025-12-30T22:27:54,61.07,1.0,SetByAsk
2025-12-30 22:28:47,2025-12-30T22:28:47,61.08,1.0,SetByBid
2025-12-30 22:28:47,2025-12-30T22:28:47,61.08,1.0,SetByBid
2025-12-30 22:28:55,2025-12-30T22:28:55,61.08,1.0,SetByAsk
2025-12-30 22:28:55,2025-12-30T22:28:55,61.08,1.0,SetByAsk
2025-12-30 22:28:55,2025-12-30T22:28:55,61.08,1.0,SetByAsk
2025-12-30 22:28:55,2025-12-30T22:28:55,61.08,1.0,SetByAsk
2025-12-30 22:28:55,2025-12-30T22:28:55,61.08,1.0,SetByAsk
2025-12-30 22:28:55,2025-12-30T22:28:55,61.08,1.0,SetByAsk
2025-12-30 22:28:55,2025-12-30T22:28:55,61.08,2.0,SetByAsk
2025-12-30 22:29:31,2025-12-30T22:29:31,61.07,3.0,SetByBid
2025-12-30 22:29:39,2025-12-30T22:29:39,61.07,1.0,SetByAsk
2025-12-30 22:29:41,2025-12-30T22:29:41,61.08,1.0,SetByBid
2025-12-30 22:29:41,2025-12-30T22:29:41,61.08,1.0,SetByBid
2025-12-30 22:29:41,2025-12-30T22:29:41,61.08,3.0,SetByBid
2025-12-30 22:29:41,2025-12-30T22:29:41,61.08,1.0,SetByBid
2025-12-30 22:29:41,2025-12-30T22:29:41,61.08,1.0,SetByBid
2025-12-30 22:29:41,2025-12-30T22:29:41,61.08,1.0,SetByBid
2025-12-30 22:30:10,2025-12-30T22:30:10,61.08,1.0,SetByBid
2025-12-30 22:31:28,2025-12-30T22:31:28,61.09,1.0,SetByBid
2025-12-30 22:32:02,2025-12-30T22:32:02,61.08,1.0,SetByAsk
2025-12-30 22:32:02,2025-12-30T22:32:02,61.08,1.0,SetByAsk
2025-12-30 22:33:54,2025-12-30T22:33:54,61.09,1.0,SetByBid
2025-12-30 22:33:54,2025-12-30T22:33:54,61.09,1.0,SetByBid
2025-12-30 22:33:58,2025-12-30T22:33:58,61.09,2.0,SetByBid
2025-12-30 22:33:58,2025-12-30T22:33:58,61.09,2.0,SetByBid
2025-12-30 22:33:58,2025-12-30T22:33:58,61.09,1.0,SetByBid
2025-12-30 22:33:58,2025-12-30T22:33:58,61.09,1.0,SetByBid
2025-12-30 22:33:58,2025-12-30T22:33:58,61.09,1.0,SetByBid
2025-12-30 22:33:58,2025-12-30T22:33:58,61.09,3.0,SetByBid
2025-12-30 22:33:58,2025-12-30T22:33:58,61.09,1.0,SetByBid
2025-12-30 22:33:58,2025-12-30T22:33:58,61.09,1.0,SetByAsk
2025-12-30 22:34:39,2025-12-30T22:34:39,61.09,2.0,SetByAsk
2025-12-30 22:34:39,2025-12-30T22:34:39,61.09,1.0,SetByAsk
2025-12-30 22:34:46,2025-12-30T22:34:46,61.08,1.0,SetByBid
2025-12-30 22:35:18,2025-12-30T22:35:18,61.08,2.0,SetByBid
2025-12-30 22:35:47,2025-12-30T22:35:47,61.1,1.0,SetByBid
2025-12-30 22:35:47,2025-12-30T22:35:47,61.1,1.0,SetByBid
2025-12-30 22:35:47,2025-12-30T22:35:47,61.1,1.0,SetByBid
2025-12-30 22:36:01,2025-12-30T22:36:01,61.11,2.0,SetByBid
2025-12-30 22:36:01,2025-12-30T22:36:01,61.11,1.0,SetByBid
2025-12-30 22:36:01,2025-12-30T22:36:01,61.11,1.0,SetByBid
2025-12-30 22:36:07,2025-12-30T22:36:07,61.11,1.0,SetByBid
2025-12-30 22:36:07,2025-12-30T22:36:07,61.11,1.0,SetByBid
2025-12-30 22:36:12,2025-12-30T22:36:12,61.12,1.0,SetByBid
2025-12-30 22:36:12,2025-12-30T22:36:12,61.12,1.0,SetByBid
2025-12-30 22:36:21,2025-12-30T22:36:21,61.12,1.0,SetByBid
2025-12-30 22:36:21,2025-12-30T22:36:21,61.12,2.0,SetByBid
2025-12-30 22:37:00,2025-12-30T22:37:00,61.11,1.0,SetByAsk
2025-12-30 22:37:00,2025-12-30T22:37:00,61.11,1.0,SetByAsk
2025-12-30 22:37:00,2025-12-30T22:37:00,61.11,1.0,SetByAsk
2025-12-30 22:37:00,2025-12-30T22:37:00,61.11,1.0,SetByAsk
2025-12-30 22:37:00,2025-12-30T22:37:00,61.11,1.0,SetByAsk
2025-12-30 22:37:00,2025-12-30T22:37:00,61.11,1.0,SetByBid
2025-12-30 22:37:09,2025-12-30T22:37:09,61.11,1.0,SetByAsk
2025-12-30 22:37:09,2025-12-30T22:37:09,61.11,1.0,SetByBid
2025-12-30 22:37:52,2025-12-30T22:37:52,61.11,1.0,SetByAsk
2025-12-30 22:37:52,2025-12-30T22:37:52,61.11,1.0,SetByBid
2025-12-30 22:38:03,2025-12-30T22:38:03,61.11,1.0,SetByBid
2025-12-30 22:38:03,2025-12-30T22:38:03,61.11,2.0,SetByBid
2025-12-30 22:38:12,2025-12-30T22:38:12,61.1,1.0,SetByAsk
2025-12-30 22:38:12,2025-12-30T22:38:12,61.1,1.0,SetByBid
2025-12-30 22:38:12,2025-12-30T22:38:12,61.1,1.0,SetByBid
2025-12-30 22:38:12,2025-12-30T22:38:12,61.1,1.0,SetByBid
2025-12-30 22:38:29,2025-12-30T22:38:29,61.1,1.0,SetByBid
2025-12-30 22:38:29,2025-12-30T22:38:29,61.1,1.0,SetByAsk
2025-12-30 22:38:29,2025-12-30T22:38:29,61.1,1.0,SetByAsk
2025-12-30 22:39:06,2025-12-30T22:39:06,61.1,1.0,SetByBid
2025-12-30 22:39:33,2025-12-30T22:39:33,61.1,1.0,SetByAsk
2025-12-30 22:39:51,2025-12-30T22:39:51,61.1,1.0,SetByAsk
2025-12-30 22:40:04,2025-12-30T22:40:04,61.09,1.0,SetByBid
2025-12-30 22:40:14,2025-12-30T22:40:14,61.08,1.0,SetByAsk
2025-12-30 22:40:47,2025-12-30T22:40:47,61.08,1.0,SetByBid
2025-12-30 22:40:47,2025-12-30T22:40:47,61.08,1.0,SetByBid
2025-12-30 22:40:47,2025-12-30T22:40:47,61.08,1.0,SetByBid
2025-12-30 22:41:02,2025-12-30T22:41:02,61.09,1.0,SetByAsk
2025-12-30 22:41:02,2025-12-30T22:41:02,61.09,2.0,SetByAsk
2025-12-30 22:41:02,2025-12-30T22:41:02,61.09,1.0,SetByBid
2025-12-30 22:41:02,2025-12-30T22:41:02,61.09,1.0,SetByBid
2025-12-30 22:41:02,2025-12-30T22:41:02,61.09,1.0,SetByBid
2025-12-30 22:41:02,2025-12-30T22:41:02,61.09,1.0,SetByBid
2025-12-30 22:41:04,2025-12-30T22:41:04,61.09,3.0,SetByBid
2025-12-30 22:41:04,2025-12-30T22:41:04,61.09,1.0,SetByBid
2025-12-30 22:41:07,2025-12-30T22:41:07,61.09,2.0,SetByAsk
2025-12-30 22:41:18,2025-12-30T22:41:18,61.1,1.0,SetByBid
2025-12-30 22:41:34,2025-12-30T22:41:34,61.09,1.0,SetByAsk
2025-12-30 22:41:34,2025-12-30T22:41:34,61.09,1.0,SetByBid
2025-12-30 22:41:34,2025-12-30T22:41:34,61.09,1.0,SetByBid
2025-12-30 22:41:36,2025-12-30T22:41:36,61.09,1.0,SetByAsk
2025-12-30 22:42:44,2025-12-30T22:42:44,61.08,1.0,SetByAsk
2025-12-30 22:42:44,2025-12-30T22:42:44,61.08,1.0,SetByAsk
2025-12-30 22:42:44,2025-12-30T22:42:44,61.08,2.0,SetByAsk
2025-12-30 22:42:44,2025-12-30T22:42:44,61.08,1.0,SetByAsk
2025-12-30 22:42:56,2025-12-30T22:42:56,61.08,1.0,SetByAsk
2025-12-30 22:43:41,2025-12-30T22:43:41,61.1,1.0,SetByBid
2025-12-30 22:43:41,2025-12-30T22:43:41,61.1,1.0,SetByBid
2025-12-30 22:43:57,2025-12-30T22:43:57,61.1,1.0,SetByAsk
2025-12-30 22:43:57,2025-12-30T22:43:57,61.1,1.0,SetByAsk
2025-12-30 22:44:37,2025-12-30T22:44:37,61.1,1.0,SetByAsk
2025-12-30 22:44:37,2025-12-30T22:44:37,61.1,1.0,SetByAsk
2025-12-30 22:44:37,2025-12-30T22:44:37,61.1,1.0,SetByAsk
2025-12-30 22:45:00,2025-12-30T22:45:00,61.1,1.0,SetByBid
2025-12-30 22:45:00,2025-12-30T22:45:00,61.1,1.0,SetByAsk
2025-12-30 22:45:00,2025-12-30T22:45:00,61.1,1.0,SetByAsk
2025-12-30 22:45:20,2025-12-30T22:45:20,61.1,1.0,SetByAsk
2025-12-30 22:45:38,2025-12-30T22:45:38,61.1,3.0,SetByBid
2025-12-30 22:45:38,2025-12-30T22:45:38,61.1,1.0,SetByBid
2025-12-30 22:45:38,2025-12-30T22:45:38,61.1,1.0,SetByAsk
2025-12-30 22:45:51,2025-12-30T22:45:51,61.1,1.0,SetByBid
2025-12-30 22:46:20,2025-12-30T22:46:20,61.09,1.0,SetByAsk
2025-12-30 22:46:20,2025-12-30T22:46:20,61.09,1.0,SetByAsk
2025-12-30 22:46:20,2025-12-30T22:46:20,61.09,1.0,SetByBid
2025-12-30 22:46:20,2025-12-30T22:46:20,61.09,1.0,SetByAsk
2025-12-30 22:46:46,2025-12-30T22:46:46,61.09,1.0,SetByAsk
2025-12-30 22:46:48,2025-12-30T22:46:48,61.09,1.0,SetByBid
2025-12-30 22:46:53,2025-12-30T22:46:53,61.09,1.0,SetByAsk
2025-12-30 22:47:05,2025-12-30T22:47:05,61.09,1.0,SetByAsk
2025-12-30 22:47:06,2025-12-30T22:47:06,61.09,1.0,SetByAsk
2025-12-30 22:47:06,2025-12-30T22:47:06,61.08,1.0,SetByAsk
2025-12-30 22:47:10,2025-12-30T22:47:10,61.08,1.0,SetByAsk
2025-12-30 22:47:16,2025-12-30T22:47:16,61.09,2.0,SetByBid
2025-12-30 22:47:16,2025-12-30T22:47:16,61.09,1.0,SetByBid
2025-12-30 22:47:55,2025-12-30T22:47:55,61.08,1.0,SetByAsk
2025-12-30 22:48:10,2025-12-30T22:48:10,61.09,1.0,SetByBid
2025-12-30 22:48:10,2025-12-30T22:48:10,61.09,1.0,SetByBid
2025-12-30 22:48:10,2025-12-30T22:48:10,61.09,1.0,SetByBid
2025-12-30 22:48:10,2025-12-30T22:48:10,61.09,1.0,SetByBid
2025-12-30 22:48:11,2025-12-30T22:48:11,61.09,1.0,SetByAsk
2025-12-30 22:48:12,2025-12-30T22:48:12,61.09,1.0,SetByAsk
2025-12-30 22:48:20,2025-12-30T22:48:20,61.09,1.0,SetByAsk
2025-12-30 22:48:20,2025-12-30T22:48:20,61.09,1.0,SetByAsk
2025-12-30 22:48:20,2025-12-30T22:48:20,61.09,1.0,SetByAsk
2025-12-30 22:48:20,2025-12-30T22:48:20,61.09,2.0,SetByAsk
2025-12-30 22:48:50,2025-12-30T22:48:50,61.09,1.0,SetByBid
2025-12-30 22:48:50,2025-12-30T22:48:50,61.09,1.0,SetByBid
2025-12-30 22:48:52,2025-12-30T22:48:52,61.08,1.0,SetByAsk
2025-12-30 22:49:02,2025-12-30T22:49:02,61.08,1.0,SetByAsk
2025-12-30 22:49:14,2025-12-30T22:49:14,61.08,1.0,SetByAsk
2025-12-30 22:49:14,2025-12-30T22:49:14,61.08,1.0,SetByAsk
2025-12-30 22:49:14,2025-12-30T22:49:14,61.08,1.0,SetByAsk
2025-12-30 22:49:29,2025-12-30T22:49:29,61.09,1.0,SetByBid
2025-12-30 22:49:29,2025-12-30T22:49:29,61.09,1.0,SetByBid
2025-12-30 22:49:29,2025-12-30T22:49:29,61.09,1.0,SetByBid
2025-12-30 22:50:55,2025-12-30T22:50:55,61.09,1.0,SetByBid
2025-12-30 22:50:55,2025-12-30T22:50:55,61.09,1.0,SetByBid
2025-12-30 22:50:55,2025-12-30T22:50:55,61.09,1.0,SetByBid
2025-12-30 22:50:55,2025-12-30T22:50:55,61.09,1.0,SetByBid
2025-12-30 22:50:55,2025-12-30T22:50:55,61.09,1.0,SetByBid
2025-12-30 22:50:55,2025-12-30T22:50:55,61.1,2.0,SetByBid
2025-12-30 22:50:56,2025-12-30T22:50:56,61.1,1.0,SetByBid
2025-12-30 22:51:08,2025-12-30T22:51:08,61.1,1.0,SetByAsk
2025-12-30 22:51:08,2025-12-30T22:51:08,61.1,1.0,SetByAsk
2025-12-30 22:51:08,2025-12-30T22:51:08,61.1,1.0,SetByAsk
2025-12-30 22:51:08,2025-12-30T22:51:08,61.1,1.0,SetByAsk
2025-12-30 22:51:08,2025-12-30T22:51:08,61.1,1.0,SetByAsk
2025-12-30 22:51:08,2025-12-30T22:51:08,61.1,1.0,SetByAsk
2025-12-30 22:51:31,2025-12-30T22:51:31,61.09,1.0,SetByAsk
2025-12-30 22:51:31,2025-12-30T22:51:31,61.09,1.0,SetByAsk
2025-12-30 22:51:32,2025-12-30T22:51:32,61.09,1.0,SetByAsk
2025-12-30 22:51:50,2025-12-30T22:51:50,61.09,1.0,SetByAsk
2025-12-30 22:51:56,2025-12-30T22:51:56,61.08,1.0,SetByAsk
2025-12-30 22:51:57,2025-12-30T22:51:57,61.08,1.0,SetByAsk
2025-12-30 22:51:57,2025-12-30T22:51:57,61.08,1.0,SetByAsk
2025-12-30 22:51:59,2025-12-30T22:51:59,61.09,1.0,SetByAsk
2025-12-30 22:52:02,2025-12-30T22:52:02,61.09,1.0,SetByAsk
2025-12-30 22:52:02,2025-12-30T22:52:02,61.09,1.0,SetByAsk
2025-12-30 22:52:30,2025-12-30T22:52:30,61.09,1.0,SetByAsk
2025-12-30 22:52:30,2025-12-30T22:52:30,61.09,1.0,SetByAsk
2025-12-30 22:52:59,2025-12-30T22:52:59,61.09,1.0,SetByBid
2025-12-30 22:52:59,2025-12-30T22:52:59,61.09,1.0,SetByBid
2025-12-30 22:53:13,2025-12-30T22:53:13,61.09,1.0,SetByAsk
2025-12-30 22:53:13,2025-12-30T22:53:13,61.09,2.0,SetByAsk
2025-12-30 22:53:13,2025-12-30T22:53:13,61.09,1.0,SetByBid
2025-12-30 22:53:18,2025-12-30T22:53:18,61.08,1.0,SetByAsk
2025-12-30 22:53:18,2025-12-30T22:53:18,61.08,1.0,SetByBid
2025-12-30 22:53:43,2025-12-30T22:53:43,61.1,1.0,SetByBid
2025-12-30 22:53:48,2025-12-30T22:53:48,61.1,1.0,SetByAsk
2025-12-30 22:53:54,2025-12-30T22:53:54,61.09,1.0,SetByAsk
2025-12-30 22:53:56,2025-12-30T22:53:56,61.1,1.0,SetByBid
2025-12-30 22:54:38,2025-12-30T22:54:38,61.1,1.0,SetByAsk
2025-12-30 22:54:42,2025-12-30T22:54:42,61.1,1.0,SetByAsk
2025-12-30 22:54:51,2025-12-30T22:54:51,61.09,1.0,SetByAsk
2025-12-30 22:55:00,2025-12-30T22:55:00,61.1,1.0,SetByAsk
2025-12-30 22:55:12,2025-12-30T22:55:12,61.11,1.0,SetByBid
2025-12-30 22:55:12,2025-12-30T22:55:12,61.11,1.0,SetByBid
2025-12-30 22:55:15,2025-12-30T22:55:15,61.11,1.0,SetByAsk
2025-12-30 22:55:15,2025-12-30T22:55:15,61.11,1.0,SetByAsk
2025-12-30 22:55:15,2025-12-30T22:55:15,61.11,1.0,SetByAsk
2025-12-30 22:55:31,2025-12-30T22:55:31,61.12,1.0,SetByBid
2025-12-30 22:55:31,2025-12-30T22:55:31,61.12,1.0,SetByBid
2025-12-30 22:55:31,2025-12-30T22:55:31,61.12,2.0,SetByBid
2025-12-30 22:55:31,2025-12-30T22:55:31,61.12,1.0,SetByBid
2025-12-30 22:55:32,2025-12-30T22:55:32,61.11,1.0,SetByAsk
2025-12-30 22:55:32,2025-12-30T22:55:32,61.11,2.0,SetByAsk
2025-12-30 22:55:32,2025-12-30T22:55:32,61.11,2.0,SetByAsk
2025-12-30 22:55:32,2025-12-30T22:55:32,61.1,1.0,SetByAsk
2025-12-30 22:55:32,2025-12-30T22:55:32,61.1,1.0,SetByAsk
2025-12-30 22:55:32,2025-12-30T22:55:32,61.1,1.0,SetByAsk
2025-12-30 22:55:32,2025-12-30T22:55:32,61.1,1.0,SetByAsk
2025-12-30 22:55:34,2025-12-30T22:55:34,61.1,1.0,SetByAsk
2025-12-30 22:55:34,2025-12-30T22:55:34,61.1,1.0,SetByBid
2025-12-30 22:55:43,2025-12-30T22:55:43,61.1,4.0,SetByAsk
2025-12-30 22:55:43,2025-12-30T22:55:43,61.1,1.0,SetByAsk
2025-12-30 22:55:53,2025-12-30T22:55:53,61.1,2.0,SetByAsk
2025-12-30 22:55:53,2025-12-30T22:55:53,61.1,2.0,SetByAsk
2025-12-30 22:55:53,2025-12-30T22:55:53,61.1,1.0,SetByAsk
2025-12-30 22:55:53,2025-12-30T22:55:53,61.1,1.0,SetByAsk
2025-12-30 22:55:53,2025-12-30T22:55:53,61.1,1.0,SetByAsk
2025-12-30 22:56:01,2025-12-30T22:56:01,61.09,3.0,SetByAsk
2025-12-30 22:56:01,2025-12-30T22:56:01,61.09,1.0,SetByAsk
2025-12-30 22:56:01,2025-12-30T22:56:01,61.09,1.0,SetByAsk
2025-12-30 22:56:01,2025-12-30T22:56:01,61.09,1.0,SetByAsk
2025-12-30 22:56:01,2025-12-30T22:56:01,61.09,1.0,SetByAsk
2025-12-30 22:56:01,2025-12-30T22:56:01,61.09,1.0,SetByAsk
2025-12-30 22:56:02,2025-12-30T22:56:02,61.09,2.0,SetByBid
2025-12-30 22:56:11,2025-12-30T22:56:11,61.08,1.0,SetByAsk
2025-12-30 22:56:26,2025-12-30T22:56:26,61.08,1.0,SetByAsk
2025-12-30 22:56:58,2025-12-30T22:56:58,61.08,1.0,SetByAsk
2025-12-30 22:57:12,2025-12-30T22:57:12,61.08,1.0,SetByAsk
2025-12-30 22:57:12,2025-12-30T22:57:12,61.08,1.0,SetByBid
2025-12-30 22:57:28,2025-12-30T22:57:28,61.08,1.0,SetByBid
2025-12-30 22:57:29,2025-12-30T22:57:29,61.08,1.0,SetByBid
2025-12-30 22:57:29,2025-12-30T22:57:29,61.08,1.0,SetByBid
2025-12-30 22:57:29,2025-12-30T22:57:29,61.08,1.0,SetByBid
2025-12-30 22:57:55,2025-12-30T22:57:55,61.08,1.0,SetByBid
2025-12-30 22:58:10,2025-12-30T22:58:10,61.07,1.0,SetByAsk
2025-12-30 22:58:10,2025-12-30T22:58:10,61.07,1.0,SetByAsk
2025-12-30 22:58:52,2025-12-30T22:58:52,61.07,1.0,SetByAsk
2025-12-30 22:58:52,2025-12-30T22:58:52,61.08,1.0,SetByBid
2025-12-30 22:59:00,2025-12-30T22:59:00,61.08,1.0,SetByAsk
2025-12-30 22:59:15,2025-12-30T22:59:15,61.09,1.0,SetByBid
2025-12-30 22:59:22,2025-12-30T22:59:22,61.08,1.0,SetByAsk
2025-12-30 22:59:25,2025-12-30T22:59:25,61.08,1.0,SetByAsk
2025-12-30 22:59:25,2025-12-30T22:59:25,61.08,1.0,SetByAsk
2025-12-30 22:59:25,2025-12-30T22:59:25,61.08,1.0,SetByAsk
2025-12-30 22:59:30,2025-12-30T22:59:30,61.09,1.0,SetByBid
2025-12-30 22:59:30,2025-12-30T22:59:30,61.09,1.0,SetByBid
2025-12-30 22:59:54,2025-12-30T22:59:54,61.08,1.0,SetByBid
2025-12-30 22:59:54,2025-12-30T22:59:54,61.08,1.0,SetByBid
2025-12-30 22:59:55,2025-12-30T22:59:55,61.07,1.0,SetByAsk
2025-12-30 22:59:57,2025-12-30T22:59:57,61.08,2.0,SetByAsk
2025-12-30 23:00:02,2025-12-30T23:00:02,61.08,1.0,SetByAsk
2025-12-30 23:00:02,2025-12-30T23:00:02,61.08,3.0,SetByAsk
2025-12-30 23:00:02,2025-12-30T23:00:02,61.08,1.0,SetByAsk
2025-12-30 23:00:14,2025-12-30T23:00:14,61.08,3.0,SetByAsk
2025-12-30 23:00:14,2025-12-30T23:00:14,61.08,1.0,SetByAsk
2025-12-30 23:00:14,2025-12-30T23:00:14,61.08,3.0,SetByAsk
2025-12-30 23:00:14,2025-12-30T23:00:14,61.08,4.0,SetByAsk
2025-12-30 23:00:17,2025-12-30T23:00:17,61.07,1.0,SetByAsk
2025-12-30 23:00:17,2025-12-30T23:00:17,61.07,1.0,SetByAsk
2025-12-30 23:00:25,2025-12-30T23:00:25,61.07,1.0,SetByAsk
2025-12-30 23:00:50,2025-12-30T23:00:50,61.06,1.0,SetByAsk
2025-12-30 23:00:50,2025-12-30T23:00:50,61.06,1.0,SetByAsk
2025-12-30 23:00:57,2025-12-30T23:00:57,61.06,1.0,SetByAsk
2025-12-30 23:01:17,2025-12-30T23:01:17,61.07,1.0,SetByBid
2025-12-30 23:01:17,2025-12-30T23:01:17,61.07,1.0,SetByBid
2025-12-30 23:01:17,2025-12-30T23:01:17,61.07,1.0,SetByBid
2025-12-30 23:01:27,2025-12-30T23:01:27,61.06,1.0,SetByAsk
2025-12-30 23:01:30,2025-12-30T23:01:30,61.07,2.0,SetByAsk
2025-12-30 23:01:50,2025-12-30T23:01:50,61.08,3.0,SetByAsk
2025-12-30 23:01:50,2025-12-30T23:01:50,61.08,1.0,SetByAsk
2025-12-30 23:01:50,2025-12-30T23:01:50,61.08,1.0,SetByAsk
2025-12-30 23:01:50,2025-12-30T23:01:50,61.08,1.0,SetByAsk
2025-12-30 23:01:50,2025-12-30T23:01:50,61.08,1.0,SetByBid
2025-12-30 23:01:59,2025-12-30T23:01:59,61.07,1.0,SetByAsk
2025-12-30 23:01:59,2025-12-30T23:01:59,61.07,1.0,SetByAsk
2025-12-30 23:01:59,2025-12-30T23:01:59,61.07,1.0,SetByAsk
2025-12-30 23:02:16,2025-12-30T23:02:16,61.06,1.0,SetByAsk
2025-12-30 23:02:22,2025-12-30T23:02:22,61.07,1.0,SetByBid
2025-12-30 23:02:22,2025-12-30T23:02:22,61.07,1.0,SetByBid
2025-12-30 23:02:22,2025-12-30T23:02:22,61.07,4.0,"SetByBid, Leg"
2025-12-30 23:02:22,2025-12-30T23:02:22,61.07,5.0,"SetByBid, Leg"
2025-12-30 23:02:22,2025-12-30T23:02:22,61.07,2.0,SetByBid
2025-12-30 23:02:26,2025-12-30T23:02:26,61.07,2.0,SetByBid
2025-12-30 23:02:29,2025-12-30T23:02:29,61.07,1.0,SetByBid
2025-12-30 23:02:40,2025-12-30T23:02:40,61.06,2.0,SetByAsk
2025-12-30 23:02:51,2025-12-30T23:02:51,61.06,1.0,SetByBid
2025-12-30 23:02:51,2025-12-30T23:02:51,61.06,2.0,"SetByBid, Leg"
2025-12-30 23:02:51,2025-12-30T23:02:51,61.06,5.0,"SetByBid, Leg"
2025-12-30 23:02:56,2025-12-30T23:02:56,61.06,1.0,SetByBid
2025-12-30 23:02:56,2025-12-30T23:02:56,61.06,1.0,SetByBid
2025-12-30 23:02:56,2025-12-30T23:02:56,61.06,1.0,SetByBid
2025-12-30 23:03:01,2025-12-30T23:03:01,61.05,1.0,SetByAsk
2025-12-30 23:03:01,2025-12-30T23:03:01,61.06,2.0,SetByBid
2025-12-30 23:03:01,2025-12-30T23:03:01,61.06,2.0,SetByBid
2025-12-30 23:03:14,2025-12-30T23:03:14,61.06,1.0,SetByBid
2025-12-30 23:03:14,2025-12-30T23:03:14,61.06,1.0,SetByBid
2025-12-30 23:03:14,2025-12-30T23:03:14,61.06,1.0,SetByBid
2025-12-30 23:03:14,2025-12-30T23:03:14,61.06,1.0,SetByBid
2025-12-30 23:03:14,2025-12-30T23:03:14,61.06,1.0,SetByBid
2025-12-30 23:03:14,2025-12-30T23:03:14,61.06,1.0,SetByBid
2025-12-30 23:03:20,2025-12-30T23:03:20,61.05,1.0,SetByAsk
2025-12-30 23:03:20,2025-12-30T23:03:20,61.05,1.0,SetByAsk
2025-12-30 23:03:20,2025-12-30T23:03:20,61.05,1.0,SetByAsk
2025-12-30 23:03:20,2025-12-30T23:03:20,61.05,1.0,SetByAsk
2025-12-30 23:03:21,2025-12-30T23:03:21,61.05,1.0,SetByBid
2025-12-30 23:03:21,2025-12-30T23:03:21,61.04,4.0,SetByAsk
2025-12-30 23:03:21,2025-12-30T23:03:21,61.05,2.0,SetByBid
2025-12-30 23:03:21,2025-12-30T23:03:21,61.05,1.0,SetByBid
2025-12-30 23:03:21,2025-12-30T23:03:21,61.05,1.0,SetByBid
2025-12-30 23:03:21,2025-12-30T23:03:21,61.05,1.0,SetByBid
2025-12-30 23:03:21,2025-12-30T23:03:21,61.05,1.0,SetByBid
2025-12-30 23:03:21,2025-12-30T23:03:21,61.05,1.0,SetByBid
2025-12-30 23:03:21,2025-12-30T23:03:21,61.05,1.0,SetByBid
2025-12-30 23:03:21,2025-12-30T23:03:21,61.05,1.0,SetByBid
2025-12-30 23:03:21,2025-12-30T23:03:21,61.05,1.0,SetByBid
2025-12-30 23:03:58,2025-12-30T23:03:58,61.04,1.0,SetByAsk
2025-12-30 23:04:02,2025-12-30T23:04:02,61.04,2.0,SetByAsk
2025-12-30 23:04:02,2025-12-30T23:04:02,61.04,1.0,SetByAsk
2025-12-30 23:04:02,2025-12-30T23:04:02,61.04,2.0,SetByAsk
2025-12-30 23:04:02,2025-12-30T23:04:02,61.04,1.0,SetByAsk
2025-12-30 23:04:07,2025-12-30T23:04:07,61.05,1.0,SetByBid
2025-12-30 23:04:07,2025-12-30T23:04:07,61.05,1.0,SetByBid
2025-12-30 23:04:07,2025-12-30T23:04:07,61.05,1.0,SetByBid
2025-12-30 23:04:07,2025-12-30T23:04:07,61.05,1.0,SetByBid
2025-12-30 23:04:07,2025-12-30T23:04:07,61.05,1.0,SetByBid
2025-12-30 23:04:07,2025-12-30T23:04:07,61.05,1.0,SetByBid
2025-12-30 23:04:07,2025-12-30T23:04:07,61.05,1.0,SetByBid
2025-12-30 23:04:07,2025-12-30T23:04:07,61.05,1.0,SetByBid
2025-12-30 23:04:07,2025-12-30T23:04:07,61.05,3.0,SetByBid
2025-12-30 23:04:07,2025-12-30T23:04:07,61.05,1.0,SetByBid
2025-12-30 23:04:07,2025-12-30T23:04:07,61.05,1.0,SetByBid
2025-12-30 23:04:07,2025-12-30T23:04:07,61.05,1.0,SetByBid
2025-12-30 23:04:07,2025-12-30T23:04:07,61.05,1.0,SetByBid
2025-12-30 23:04:07,2025-12-30T23:04:07,61.05,1.0,SetByBid
2025-12-30 23:04:07,2025-12-30T23:04:07,61.05,1.0,SetByBid
2025-12-30 23:04:07,2025-12-30T23:04:07,61.05,1.0,SetByBid
2025-12-30 23:04:07,2025-12-30T23:04:07,61.05,2.0,SetByBid
2025-12-30 23:04:07,2025-12-30T23:04:07,61.05,1.0,SetByBid
2025-12-30 23:04:08,2025-12-30T23:04:08,61.06,1.0,SetByBid
2025-12-30 23:04:08,2025-12-30T23:04:08,61.06,1.0,SetByBid
2025-12-30 23:04:08,2025-12-30T23:04:08,61.06,1.0,SetByBid
2025-12-30 23:04:08,2025-12-30T23:04:08,61.06,1.0,SetByBid
2025-12-30 23:04:08,2025-12-30T23:04:08,61.06,1.0,SetByBid
2025-12-30 23:04:25,2025-12-30T23:04:25,61.07,1.0,SetByBid
2025-12-30 23:04:27,2025-12-30T23:04:27,61.07,1.0,SetByBid
2025-12-30 23:04:27,2025-12-30T23:04:27,61.07,1.0,SetByBid
2025-12-30 23:04:27,2025-12-30T23:04:27,61.07,2.0,SetByBid
2025-12-30 23:04:27,2025-12-30T23:04:27,61.07,1.0,SetByBid
2025-12-30 23:04:27,2025-12-30T23:04:27,61.07,1.0,SetByBid
2025-12-30 23:04:27,2025-12-30T23:04:27,61.07,2.0,SetByBid
2025-12-30 23:04:27,2025-12-30T23:04:27,61.07,2.0,SetByBid
2025-12-30 23:04:27,2025-12-30T23:04:27,61.06,2.0,SetByAsk
2025-12-30 23:04:27,2025-12-30T23:04:27,61.07,1.0,SetByBid
2025-12-30 23:04:27,2025-12-30T23:04:27,61.07,1.0,SetByBid
2025-12-30 23:04:27,2025-12-30T23:04:27,61.07,1.0,SetByAsk
2025-12-30 23:04:27,2025-12-30T23:04:27,61.07,1.0,SetByAsk
2025-12-30 23:04:27,2025-12-30T23:04:27,61.07,1.0,SetByAsk
2025-12-30 23:04:28,2025-12-30T23:04:28,61.06,1.0,SetByAsk
2025-12-30 23:04:56,2025-12-30T23:04:56,61.07,1.0,SetByBid
2025-12-30 23:05:26,2025-12-30T23:05:26,61.07,1.0,SetByAsk
2025-12-30 23:05:28,2025-12-30T23:05:28,61.08,2.0,SetByBid
2025-12-30 23:05:28,2025-12-30T23:05:28,61.08,1.0,SetByBid
2025-12-30 23:05:28,2025-12-30T23:05:28,61.08,1.0,SetByAsk
2025-12-30 23:05:50,2025-12-30T23:05:50,61.08,1.0,SetByBid
2025-12-30 23:05:53,2025-12-30T23:05:53,61.08,1.0,SetByBid
2025-12-30 23:06:10,2025-12-30T23:06:10,61.09,1.0,SetByBid
2025-12-30 23:06:10,2025-12-30T23:06:10,61.09,1.0,SetByBid
2025-12-30 23:06:10,2025-12-30T23:06:10,61.09,1.0,SetByBid
2025-12-30 23:06:10,2025-12-30T23:06:10,61.09,1.0,SetByBid
2025-12-30 23:06:10,2025-12-30T23:06:10,61.09,1.0,SetByBid
2025-12-30 23:06:10,2025-12-30T23:06:10,61.09,1.0,SetByBid
2025-12-30 23:06:23,2025-12-30T23:06:23,61.09,1.0,SetByAsk
2025-12-30 23:06:26,2025-12-30T23:06:26,61.09,3.0,SetByAsk
2025-12-30 23:06:26,2025-12-30T23:06:26,61.09,1.0,SetByAsk
2025-12-30 23:06:26,2025-12-30T23:06:26,61.09,1.0,SetByAsk
2025-12-30 23:06:26,2025-12-30T23:06:26,61.09,1.0,SetByAsk
2025-12-30 23:06:26,2025-12-30T23:06:26,61.09,1.0,SetByAsk
2025-12-30 23:06:26,2025-12-30T23:06:26,61.09,1.0,SetByBid
2025-12-30 23:06:26,2025-12-30T23:06:26,61.09,1.0,SetByBid
2025-12-30 23:06:30,2025-12-30T23:06:30,61.09,2.0,SetByBid
2025-12-30 23:06:43,2025-12-30T23:06:43,61.09,2.0,SetByAsk
2025-12-30 23:06:43,2025-12-30T23:06:43,61.09,1.0,SetByAsk
2025-12-30 23:06:43,2025-12-30T23:06:43,61.09,2.0,SetByBid
2025-12-30 23:06:43,2025-12-30T23:06:43,61.09,1.0,SetByBid
2025-12-30 23:06:43,2025-12-30T23:06:43,61.09,1.0,SetByBid
2025-12-30 23:06:43,2025-12-30T23:06:43,61.09,3.0,SetByBid
2025-12-30 23:06:43,2025-12-30T23:06:43,61.09,1.0,SetByBid
2025-12-30 23:06:43,2025-12-30T23:06:43,61.09,1.0,SetByBid
2025-12-30 23:06:57,2025-12-30T23:06:57,61.08,1.0,SetByAsk
2025-12-30 23:06:59,2025-12-30T23:06:59,61.08,2.0,SetByAsk
2025-12-30 23:06:59,2025-12-30T23:06:59,61.08,1.0,SetByAsk
2025-12-30 23:06:59,2025-12-30T23:06:59,61.08,2.0,SetByAsk
2025-12-30 23:06:59,2025-12-30T23:06:59,61.08,1.0,SetByAsk
2025-12-30 23:06:59,2025-12-30T23:06:59,61.08,1.0,SetByAsk
2025-12-30 23:07:03,2025-12-30T23:07:03,61.08,1.0,SetByAsk
2025-12-30 23:07:24,2025-12-30T23:07:24,61.1,1.0,SetByBid
2025-12-30 23:07:24,2025-12-30T23:07:24,61.1,1.0,SetByBid
2025-12-30 23:07:24,2025-12-30T23:07:24,61.1,1.0,SetByBid
2025-12-30 23:07:24,2025-12-30T23:07:24,61.1,1.0,SetByBid
2025-12-30 23:07:24,2025-12-30T23:07:24,61.1,1.0,SetByBid
2025-12-30 23:07:24,2025-12-30T23:07:24,61.1,1.0,SetByBid
2025-12-30 23:07:24,2025-12-30T23:07:24,61.1,1.0,SetByBid
2025-12-30 23:07:24,2025-12-30T23:07:24,61.1,1.0,SetByBid
2025-12-30 23:07:24,2025-12-30T23:07:24,61.1,1.0,SetByBid
2025-12-30 23:07:24,2025-12-30T23:07:24,61.1,1.0,SetByBid
2025-12-30 23:07:24,2025-12-30T23:07:24,61.1,1.0,SetByBid
2025-12-30 23:07:24,2025-12-30T23:07:24,61.1,1.0,SetByBid
2025-12-30 23:07:24,2025-12-30T23:07:24,61.1,1.0,SetByBid
2025-12-30 23:07:24,2025-12-30T23:07:24,61.1,1.0,SetByBid
2025-12-30 23:07:24,2025-12-30T23:07:24,61.1,1.0,SetByBid
2025-12-30 23:07:24,2025-12-30T23:07:24,61.1,1.0,SetByBid
2025-12-30 23:07:24,2025-12-30T23:07:24,61.1,1.0,SetByBid
2025-12-30 23:07:24,2025-12-30T23:07:24,61.1,1.0,SetByBid
2025-12-30 23:07:24,2025-12-30T23:07:24,61.1,1.0,SetByBid
2025-12-30 23:07:24,2025-12-30T23:07:24,61.1,1.0,SetByBid
2025-12-30 23:07:24,2025-12-30T23:07:24,61.1,1.0,SetByBid
2025-12-30 23:07:24,2025-12-30T23:07:24,61.1,1.0,SetByBid
2025-12-30 23:07:24,2025-12-30T23:07:24,61.1,1.0,SetByBid
2025-12-30 23:07:24,2025-12-30T23:07:24,61.1,1.0,SetByBid
2025-12-30 23:07:24,2025-12-30T23:07:24,61.1,1.0,SetByBid
2025-12-30 23:07:24,2025-12-30T23:07:24,61.1,1.0,SetByBid
2025-12-30 23:07:24,2025-12-30T23:07:24,61.1,1.0,SetByBid
2025-12-30 23:07:24,2025-12-30T23:07:24,61.1,1.0,SetByBid
2025-12-30 23:07:27,2025-12-30T23:07:27,61.1,1.0,SetByBid
2025-12-30 23:07:27,2025-12-30T23:07:27,61.1,3.0,SetByBid
2025-12-30 23:07:27,2025-12-30T23:07:27,61.1,3.0,SetByBid
2025-12-30 23:07:27,2025-12-30T23:07:27,61.1,3.0,SetByBid
2025-12-30 23:07:27,2025-12-30T23:07:27,61.1,1.0,SetByBid
2025-12-30 23:07:28,2025-12-30T23:07:28,61.1,3.0,SetByBid
2025-12-30 23:07:29,2025-12-30T23:07:29,61.1,2.0,SetByBid
2025-12-30 23:07:52,2025-12-30T23:07:52,61.1,1.0,SetByBid
2025-12-30 23:07:52,2025-12-30T23:07:52,61.1,1.0,SetByBid
2025-12-30 23:08:01,2025-12-30T23:08:01,61.09,2.0,SetByAsk
2025-12-30 23:08:01,2025-12-30T23:08:01,61.09,1.0,SetByAsk
2025-12-30 23:08:01,2025-12-30T23:08:01,61.09,1.0,SetByAsk
2025-12-30 23:08:01,2025-12-30T23:08:01,61.09,1.0,SetByAsk
2025-12-30 23:08:01,2025-12-30T23:08:01,61.09,2.0,SetByAsk
2025-12-30 23:08:01,2025-12-30T23:08:01,61.09,1.0,SetByAsk
2025-12-30 23:08:01,2025-12-30T23:08:01,61.09,1.0,SetByAsk
2025-12-30 23:08:01,2025-12-30T23:08:01,61.09,2.0,SetByAsk
2025-12-30 23:08:01,2025-12-30T23:08:01,61.09,5.0,SetByAsk
2025-12-30 23:08:01,2025-12-30T23:08:01,61.09,3.0,SetByAsk
2025-12-30 23:08:06,2025-12-30T23:08:06,61.1,1.0,SetByBid
2025-12-30 23:08:16,2025-12-30T23:08:16,61.09,1.0,SetByAsk
2025-12-30 23:08:18,2025-12-30T23:08:18,61.09,3.0,SetByAsk
2025-12-30 23:08:18,2025-12-30T23:08:18,61.09,1.0,SetByAsk
2025-12-30 23:08:18,2025-12-30T23:08:18,61.09,3.0,SetByBid
2025-12-30 23:08:18,2025-12-30T23:08:18,61.09,1.0,SetByBid
2025-12-30 23:08:18,2025-12-30T23:08:18,61.09,1.0,SetByBid
2025-12-30 23:08:45,2025-12-30T23:08:45,61.09,1.0,SetByBid
2025-12-30 23:08:48,2025-12-30T23:08:48,61.09,1.0,SetByBid
2025-12-30 23:08:48,2025-12-30T23:08:48,61.09,1.0,SetByAsk
2025-12-30 23:08:48,2025-12-30T23:08:48,61.09,1.0,SetByAsk
2025-12-30 23:08:55,2025-12-30T23:08:55,61.09,1.0,SetByAsk
2025-12-30 23:08:58,2025-12-30T23:08:58,61.09,1.0,SetByAsk
2025-12-30 23:08:58,2025-12-30T23:08:58,61.09,1.0,SetByAsk
2025-12-30 23:09:01,2025-12-30T23:09:01,61.09,1.0,SetByAsk
2025-12-30 23:09:17,2025-12-30T23:09:17,61.09,1.0,SetByAsk
2025-12-30 23:09:23,2025-12-30T23:09:23,61.09,1.0,SetByAsk
2025-12-30 23:09:25,2025-12-30T23:09:25,61.09,1.0,SetByAsk
2025-12-30 23:09:27,2025-12-30T23:09:27,61.09,1.0,SetByAsk
2025-12-30 23:09:27,2025-12-30T23:09:27,61.09,1.0,SetByBid
2025-12-30 23:09:53,2025-12-30T23:09:53,61.08,1.0,SetByAsk
2025-12-30 23:10:06,2025-12-30T23:10:06,61.08,1.0,SetByAsk
2025-12-30 23:10:06,2025-12-30T23:10:06,61.08,1.0,SetByAsk
2025-12-30 23:10:18,2025-12-30T23:10:18,61.08,1.0,SetByAsk
2025-12-30 23:10:19,2025-12-30T23:10:19,61.07,1.0,SetByAsk
2025-12-30 23:10:23,2025-12-30T23:10:23,61.08,1.0,SetByAsk
2025-12-30 23:10:44,2025-12-30T23:10:44,61.08,1.0,SetByAsk
2025-12-30 23:10:59,2025-12-30T23:10:59,61.08,1.0,SetByAsk
2025-12-30 23:11:00,2025-12-30T23:11:00,61.08,2.0,SetByAsk
2025-12-30 23:11:00,2025-12-30T23:11:00,61.08,1.0,SetByAsk
2025-12-30 23:11:02,2025-12-30T23:11:02,61.07,1.0,SetByAsk
2025-12-30 23:11:02,2025-12-30T23:11:02,61.07,1.0,SetByAsk
2025-12-30 23:11:27,2025-12-30T23:11:27,61.08,1.0,SetByAsk
2025-12-30 23:11:27,2025-12-30T23:11:27,61.08,3.0,SetByAsk
2025-12-30 23:11:27,2025-12-30T23:11:27,61.08,1.0,SetByAsk
2025-12-30 23:11:27,2025-12-30T23:11:27,61.08,1.0,SetByAsk
2025-12-30 23:11:29,2025-12-30T23:11:29,61.08,1.0,SetByBid
2025-12-30 23:11:41,2025-12-30T23:11:41,61.08,1.0,SetByAsk
2025-12-30 23:11:54,2025-12-30T23:11:54,61.08,1.0,SetByAsk
2025-12-30 23:12:06,2025-12-30T23:12:06,61.09,1.0,SetByBid
2025-12-30 23:12:58,2025-12-30T23:12:58,61.09,1.0,SetByAsk
2025-12-30 23:12:59,2025-12-30T23:12:59,61.09,3.0,SetByAsk
2025-12-30 23:12:59,2025-12-30T23:12:59,61.09,1.0,SetByAsk
2025-12-30 23:13:00,2025-12-30T23:13:00,61.08,1.0,SetByAsk
2025-12-30 23:13:12,2025-12-30T23:13:12,61.09,1.0,SetByBid
2025-12-30 23:13:16,2025-12-30T23:13:16,61.09,1.0,SetByAsk
2025-12-30 23:13:17,2025-12-30T23:13:17,61.08,1.0,SetByAsk
2025-12-30 23:13:17,2025-12-30T23:13:17,61.08,1.0,SetByAsk
2025-12-30 23:13:17,2025-12-30T23:13:17,61.08,1.0,SetByAsk
2025-12-30 23:13:55,2025-12-30T23:13:55,61.07,1.0,SetByBid
2025-12-30 23:13:56,2025-12-30T23:13:56,61.07,1.0,SetByAsk
2025-12-30 23:13:56,2025-12-30T23:13:56,61.07,1.0,SetByAsk
2025-12-30 23:14:11,2025-12-30T23:14:11,61.07,3.0,SetByBid
2025-12-30 23:14:11,2025-12-30T23:14:11,61.07,1.0,SetByBid
2025-12-30 23:14:26,2025-12-30T23:14:26,61.06,1.0,SetByAsk
2025-12-30 23:14:54,2025-12-30T23:14:54,61.06,1.0,SetByBid
2025-12-30 23:15:00,2025-12-30T23:15:00,61.07,3.0,SetByBid
2025-12-30 23:15:00,2025-12-30T23:15:00,61.07,1.0,SetByBid
2025-12-30 23:15:10,2025-12-30T23:15:10,61.07,3.0,SetByBid
2025-12-30 23:15:10,2025-12-30T23:15:10,61.07,1.0,SetByBid
2025-12-30 23:15:10,2025-12-30T23:15:10,61.07,1.0,SetByBid
2025-12-30 23:15:10,2025-12-30T23:15:10,61.07,1.0,SetByBid
2025-12-30 23:15:10,2025-12-30T23:15:10,61.07,1.0,SetByBid
2025-12-30 23:15:10,2025-12-30T23:15:10,61.07,1.0,SetByBid
2025-12-30 23:15:10,2025-12-30T23:15:10,61.07,3.0,SetByBid
2025-12-30 23:15:10,2025-12-30T23:15:10,61.07,2.0,SetByBid
2025-12-30 23:15:10,2025-12-30T23:15:10,61.07,2.0,SetByBid
2025-12-30 23:15:10,2025-12-30T23:15:10,61.07,1.0,SetByBid
2025-12-30 23:15:10,2025-12-30T23:15:10,61.07,1.0,SetByBid
2025-12-30 23:15:10,2025-12-30T23:15:10,61.07,1.0,SetByBid
2025-12-30 23:15:10,2025-12-30T23:15:10,61.07,1.0,SetByBid
2025-12-30 23:15:10,2025-12-30T23:15:10,61.07,1.0,SetByBid
2025-12-30 23:15:10,2025-12-30T23:15:10,61.07,1.0,SetByBid
2025-12-30 23:15:10,2025-12-30T23:15:10,61.07,1.0,SetByBid
2025-12-30 23:15:10,2025-12-30T23:15:10,61.07,1.0,SetByBid
2025-12-30 23:15:10,2025-12-30T23:15:10,61.07,1.0,SetByBid
2025-12-30 23:15:10,2025-12-30T23:15:10,61.07,1.0,SetByBid
2025-12-30 23:15:10,2025-12-30T23:15:10,61.07,1.0,SetByBid
2025-12-30 23:15:10,2025-12-30T23:15:10,61.07,3.0,SetByBid
2025-12-30 23:15:10,2025-12-30T23:15:10,61.07,2.0,SetByBid
2025-12-30 23:15:21,2025-12-30T23:15:21,61.06,1.0,SetByAsk
2025-12-30 23:15:37,2025-12-30T23:15:37,61.06,1.0,SetByAsk
2025-12-30 23:15:37,2025-12-30T23:15:37,61.06,1.0,SetByAsk
2025-12-30 23:15:38,2025-12-30T23:15:38,61.06,2.0,SetByAsk
2025-12-30 23:15:38,2025-12-30T23:15:38,61.06,1.0,SetByAsk
2025-12-30 23:15:38,2025-12-30T23:15:38,61.06,1.0,SetByAsk
2025-12-30 23:15:47,2025-12-30T23:15:47,61.06,1.0,SetByAsk
2025-12-30 23:15:49,2025-12-30T23:15:49,61.06,1.0,SetByAsk
2025-12-30 23:15:59,2025-12-30T23:15:59,61.06,1.0,SetByAsk
2025-12-30 23:16:16,2025-12-30T23:16:16,61.06,1.0,SetByAsk
2025-12-30 23:16:18,2025-12-30T23:16:18,61.06,1.0,SetByAsk
2025-12-30 23:16:20,2025-12-30T23:16:20,61.06,1.0,SetByAsk
2025-12-30 23:16:21,2025-12-30T23:16:21,61.06,1.0,SetByAsk
2025-12-30 23:16:30,2025-12-30T23:16:30,61.06,1.0,SetByBid
2025-12-30 23:16:33,2025-12-30T23:16:33,61.07,1.0,SetByBid
2025-12-30 23:16:34,2025-12-30T23:16:34,61.06,1.0,SetByAsk
2025-12-30 23:16:42,2025-12-30T23:16:42,61.07,1.0,SetByBid
2025-12-30 23:16:52,2025-12-30T23:16:52,61.07,3.0,SetByBid
2025-12-30 23:16:52,2025-12-30T23:16:52,61.07,1.0,SetByBid
2025-12-30 23:16:52,2025-12-30T23:16:52,61.07,1.0,SetByBid
2025-12-30 23:16:53,2025-12-30T23:16:53,61.06,1.0,SetByAsk
2025-12-30 23:17:10,2025-12-30T23:17:10,61.07,1.0,SetByBid
2025-12-30 23:17:10,2025-12-30T23:17:10,61.07,1.0,SetByAsk
2025-12-30 23:17:11,2025-12-30T23:17:11,61.08,1.0,SetByBid
2025-12-30 23:17:13,2025-12-30T23:17:13,61.08,1.0,SetByBid
2025-12-30 23:17:15,2025-12-30T23:17:15,61.08,1.0,SetByBid
2025-12-30 23:17:17,2025-12-30T23:17:17,61.08,1.0,SetByBid
2025-12-30 23:17:22,2025-12-30T23:17:22,61.07,1.0,SetByAsk
2025-12-30 23:17:22,2025-12-30T23:17:22,61.07,1.0,SetByAsk
2025-12-30 23:17:23,2025-12-30T23:17:23,61.06,1.0,SetByAsk
2025-12-30 23:17:52,2025-12-30T23:17:52,61.05,1.0,SetByAsk
2025-12-30 23:18:05,2025-12-30T23:18:05,61.04,1.0,SetByAsk
2025-12-30 23:18:05,2025-12-30T23:18:05,61.04,1.0,SetByAsk
2025-12-30 23:18:05,2025-12-30T23:18:05,61.04,3.0,SetByAsk
2025-12-30 23:18:05,2025-12-30T23:18:05,61.04,1.0,SetByAsk
2025-12-30 23:18:05,2025-12-30T23:18:05,61.04,1.0,SetByAsk
2025-12-30 23:18:05,2025-12-30T23:18:05,61.04,2.0,SetByAsk
2025-12-30 23:18:05,2025-12-30T23:18:05,61.04,1.0,SetByAsk
2025-12-30 23:18:05,2025-12-30T23:18:05,61.04,2.0,SetByAsk
2025-12-30 23:18:05,2025-12-30T23:18:05,61.04,1.0,SetByAsk
2025-12-30 23:18:05,2025-12-30T23:18:05,61.04,1.0,SetByAsk
2025-12-30 23:18:05,2025-12-30T23:18:05,61.04,1.0,SetByAsk
2025-12-30 23:18:05,2025-12-30T23:18:05,61.04,3.0,SetByBid
2025-12-30 23:18:05,2025-12-30T23:18:05,61.04,1.0,SetByBid
2025-12-30 23:18:05,2025-12-30T23:18:05,61.04,4.0,SetByBid
2025-12-30 23:18:05,2025-12-30T23:18:05,61.04,2.0,SetByBid
2025-12-30 23:18:10,2025-12-30T23:18:10,61.04,2.0,SetByAsk
2025-12-30 23:18:14,2025-12-30T23:18:14,61.04,1.0,SetByAsk
2025-12-30 23:18:14,2025-12-30T23:18:14,61.04,1.0,SetByAsk
2025-12-30 23:18:17,2025-12-30T23:18:17,61.04,2.0,SetByAsk
2025-12-30 23:18:22,2025-12-30T23:18:22,61.04,1.0,SetByAsk
2025-12-30 23:18:22,2025-12-30T23:18:22,61.05,1.0,SetByBid
2025-12-30 23:18:30,2025-12-30T23:18:30,61.03,1.0,SetByAsk
2025-12-30 23:18:30,2025-12-30T23:18:30,61.03,1.0,SetByAsk
2025-12-30 23:18:58,2025-12-30T23:18:58,61.03,1.0,SetByBid
2025-12-30 23:19:07,2025-12-30T23:19:07,61.03,2.0,SetByAsk
2025-12-30 23:19:22,2025-12-30T23:19:22,61.03,2.0,SetByBid
2025-12-30 23:19:22,2025-12-30T23:19:22,61.03,2.0,SetByBid
2025-12-30 23:19:22,2025-12-30T23:19:22,61.03,6.0,SetByAsk
2025-12-30 23:19:28,2025-12-30T23:19:28,61.03,6.0,SetByAsk
2025-12-30 23:19:28,2025-12-30T23:19:28,61.03,1.0,SetByAsk
2025-12-30 23:19:28,2025-12-30T23:19:28,61.03,5.0,SetByAsk
2025-12-30 23:19:28,2025-12-30T23:19:28,61.03,1.0,SetByAsk
2025-12-30 23:19:50,2025-12-30T23:19:50,61.03,1.0,SetByAsk
2025-12-30 23:19:54,2025-12-30T23:19:54,61.03,1.0,SetByAsk
2025-12-30 23:19:59,2025-12-30T23:19:59,61.03,1.0,SetByAsk
2025-12-30 23:19:59,2025-12-30T23:19:59,61.03,3.0,SetByAsk
2025-12-30 23:19:59,2025-12-30T23:19:59,61.03,2.0,SetByAsk
2025-12-30 23:20:00,2025-12-30T23:20:00,61.03,1.0,SetByBid
2025-12-30 23:20:00,2025-12-30T23:20:00,61.03,1.0,SetByBid
2025-12-30 23:20:00,2025-12-30T23:20:00,61.03,3.0,SetByBid
2025-12-30 23:20:00,2025-12-30T23:20:00,61.03,1.0,SetByBid
2025-12-30 23:20:00,2025-12-30T23:20:00,61.03,3.0,SetByBid
2025-12-30 23:20:00,2025-12-30T23:20:00,61.03,1.0,SetByBid
2025-12-30 23:20:00,2025-12-30T23:20:00,61.03,1.0,SetByBid
2025-12-30 23:20:00,2025-12-30T23:20:00,61.03,1.0,SetByBid
2025-12-30 23:20:00,2025-12-30T23:20:00,61.03,1.0,SetByAsk
2025-12-30 23:20:00,2025-12-30T23:20:00,61.02,1.0,SetByAsk
2025-12-30 23:20:04,2025-12-30T23:20:04,61.01,2.0,SetByBid
2025-12-30 23:20:05,2025-12-30T23:20:05,61.01,1.0,SetByBid
2025-12-30 23:20:06,2025-12-30T23:20:06,61.01,2.0,SetByBid
2025-12-30 23:20:11,2025-12-30T23:20:11,61.01,1.0,SetByAsk
2025-12-30 23:20:13,2025-12-30T23:20:13,61.01,2.0,SetByBid
2025-12-30 23:20:14,2025-12-30T23:20:14,61.01,1.0,SetByBid
2025-12-30 23:20:18,2025-12-30T23:20:18,61.0,2.0,SetByAsk
2025-12-30 23:20:18,2025-12-30T23:20:18,61.0,1.0,SetByAsk
2025-12-30 23:20:18,2025-12-30T23:20:18,61.0,2.0,SetByAsk
2025-12-30 23:20:18,2025-12-30T23:20:18,61.0,1.0,SetByAsk
2025-12-30 23:20:18,2025-12-30T23:20:18,61.0,1.0,SetByAsk
2025-12-30 23:20:18,2025-12-30T23:20:18,61.0,1.0,SetByBid
2025-12-30 23:20:18,2025-12-30T23:20:18,60.99,1.0,SetByAsk
2025-12-30 23:20:18,2025-12-30T23:20:18,60.99,1.0,SetByAsk
2025-12-30 23:20:18,2025-12-30T23:20:18,60.99,2.0,SetByAsk
2025-12-30 23:20:24,2025-12-30T23:20:24,60.99,1.0,SetByAsk
2025-12-30 23:20:25,2025-12-30T23:20:25,61.0,1.0,SetByBid
2025-12-30 23:20:34,2025-12-30T23:20:34,61.02,2.0,SetByBid
2025-12-30 23:20:34,2025-12-30T23:20:34,61.02,1.0,SetByBid
2025-12-30 23:20:34,2025-12-30T23:20:34,61.02,2.0,SetByAsk
2025-12-30 23:20:34,2025-12-30T23:20:34,61.02,3.0,SetByAsk
2025-12-30 23:20:34,2025-12-30T23:20:34,61.02,1.0,SetByAsk
2025-12-30 23:20:44,2025-12-30T23:20:44,61.0,2.0,SetByAsk
2025-12-30 23:20:44,2025-12-30T23:20:44,61.0,1.0,SetByAsk
2025-12-30 23:20:44,2025-12-30T23:20:44,61.0,1.0,SetByAsk
2025-12-30 23:20:45,2025-12-30T23:20:45,61.0,1.0,SetByAsk
2025-12-30 23:20:52,2025-12-30T23:20:52,60.98,3.0,SetByAsk
2025-12-30 23:20:52,2025-12-30T23:20:52,60.97,2.0,SetByAsk
2025-12-30 23:20:52,2025-12-30T23:20:52,60.97,3.0,SetByAsk
2025-12-30 23:20:53,2025-12-30T23:20:53,60.97,1.0,SetByAsk
2025-12-30 23:20:53,2025-12-30T23:20:53,60.97,1.0,SetByAsk
2025-12-30 23:20:54,2025-12-30T23:20:54,60.97,1.0,SetByAsk
2025-12-30 23:20:54,2025-12-30T23:20:54,60.97,1.0,SetByAsk
2025-12-30 23:20:57,2025-12-30T23:20:57,60.98,1.0,SetByBid
2025-12-30 23:20:58,2025-12-30T23:20:58,60.98,1.0,SetByAsk
2025-12-30 23:20:58,2025-12-30T23:20:58,60.98,1.0,SetByAsk
2025-12-30 23:21:06,2025-12-30T23:21:06,60.99,1.0,SetByBid
2025-12-30 23:21:06,2025-12-30T23:21:06,60.99,2.0,SetByBid
2025-12-30 23:21:07,2025-12-30T23:21:07,61.0,3.0,SetByBid
2025-12-30 23:21:07,2025-12-30T23:21:07,61.0,1.0,SetByBid
2025-12-30 23:21:07,2025-12-30T23:21:07,61.0,1.0,SetByBid
2025-12-30 23:21:07,2025-12-30T23:21:07,61.0,2.0,SetByBid
2025-12-30 23:21:07,2025-12-30T23:21:07,61.0,1.0,SetByAsk
2025-12-30 23:21:07,2025-12-30T23:21:07,61.0,2.0,SetByBid
2025-12-30 23:21:07,2025-12-30T23:21:07,61.0,1.0,SetByBid
2025-12-30 23:21:11,2025-12-30T23:21:11,60.99,4.0,SetByAsk
2025-12-30 23:21:11,2025-12-30T23:21:11,60.99,1.0,SetByAsk
2025-12-30 23:21:11,2025-12-30T23:21:11,60.99,1.0,SetByAsk
2025-12-30 23:21:12,2025-12-30T23:21:12,60.98,3.0,SetByAsk
2025-12-30 23:21:12,2025-12-30T23:21:12,60.98,2.0,SetByAsk
2025-12-30 23:21:12,2025-12-30T23:21:12,60.98,1.0,SetByAsk
2025-12-30 23:21:12,2025-12-30T23:21:12,60.98,3.0,SetByAsk
2025-12-30 23:21:12,2025-12-30T23:21:12,60.98,1.0,SetByAsk
2025-12-30 23:21:13,2025-12-30T23:21:13,60.98,1.0,SetByAsk
2025-12-30 23:21:13,2025-12-30T23:21:13,60.98,2.0,SetByAsk
2025-12-30 23:21:13,2025-12-30T23:21:13,60.98,1.0,SetByAsk
2025-12-30 23:21:13,2025-12-30T23:21:13,60.98,1.0,SetByAsk
2025-12-30 23:21:14,2025-12-30T23:21:14,60.98,2.0,SetByAsk
2025-12-30 23:21:14,2025-12-30T23:21:14,60.98,3.0,SetByAsk
2025-12-30 23:21:15,2025-12-30T23:21:15,60.99,1.0,SetByBid
2025-12-30 23:21:18,2025-12-30T23:21:18,60.98,1.0,SetByAsk
2025-12-30 23:21:19,2025-12-30T23:21:19,61.0,1.0,SetByBid
2025-12-30 23:21:26,2025-12-30T23:21:26,61.0,1.0,SetByAsk
2025-12-30 23:21:33,2025-12-30T23:21:33,61.01,1.0,SetByBid
2025-12-30 23:21:44,2025-12-30T23:21:44,61.0,1.0,SetByAsk
2025-12-30 23:21:44,2025-12-30T23:21:44,61.0,1.0,SetByBid
2025-12-30 23:21:50,2025-12-30T23:21:50,61.01,1.0,SetByAsk
2025-12-30 23:21:50,2025-12-30T23:21:50,61.01,1.0,SetByAsk
2025-12-30 23:21:56,2025-12-30T23:21:56,61.01,1.0,SetByBid
2025-12-30 23:21:56,2025-12-30T23:21:56,61.01,2.0,SetByBid
2025-12-30 23:21:56,2025-12-30T23:21:56,61.01,1.0,SetByBid
2025-12-30 23:21:56,2025-12-30T23:21:56,61.0,3.0,SetByAsk
2025-12-30 23:21:56,2025-12-30T23:21:56,61.0,1.0,SetByAsk
2025-12-30 23:21:56,2025-12-30T23:21:56,61.0,1.0,SetByAsk
2025-12-30 23:22:15,2025-12-30T23:22:15,61.0,1.0,SetByBid
2025-12-30 23:22:15,2025-12-30T23:22:15,61.0,4.0,SetByBid
2025-12-30 23:22:19,2025-12-30T23:22:19,60.99,1.0,SetByAsk
2025-12-30 23:22:19,2025-12-30T23:22:19,60.99,1.0,SetByAsk
2025-12-30 23:22:19,2025-12-30T23:22:19,60.99,1.0,SetByAsk
2025-12-30 23:22:21,2025-12-30T23:22:21,60.98,1.0,SetByAsk
2025-12-30 23:22:29,2025-12-30T23:22:29,60.99,1.0,SetByBid
2025-12-30 23:22:32,2025-12-30T23:22:32,60.99,1.0,SetByAsk
2025-12-30 23:22:32,2025-12-30T23:22:32,60.99,4.0,SetByAsk
2025-12-30 23:22:32,2025-12-30T23:22:32,60.99,2.0,SetByAsk
2025-12-30 23:22:32,2025-12-30T23:22:32,60.99,2.0,SetByAsk
2025-12-30 23:22:32,2025-12-30T23:22:32,60.99,1.0,SetByAsk
2025-12-30 23:22:32,2025-12-30T23:22:32,60.99,6.0,SetByBid
2025-12-30 23:22:32,2025-12-30T23:22:32,60.99,2.0,SetByBid
2025-12-30 23:22:35,2025-12-30T23:22:35,60.99,1.0,SetByAsk
2025-12-30 23:22:35,2025-12-30T23:22:35,60.99,1.0,SetByAsk
2025-12-30 23:22:35,2025-12-30T23:22:35,60.99,1.0,SetByAsk
2025-12-30 23:22:35,2025-12-30T23:22:35,60.99,1.0,SetByAsk
2025-12-30 23:22:35,2025-12-30T23:22:35,60.99,1.0,SetByAsk
2025-12-30 23:22:35,2025-12-30T23:22:35,60.99,1.0,SetByAsk
2025-12-30 23:22:37,2025-12-30T23:22:37,60.99,5.0,SetByAsk
2025-12-30 23:22:37,2025-12-30T23:22:37,60.99,20.0,SetByBid
2025-12-30 23:22:45,2025-12-30T23:22:45,61.0,1.0,SetByBid
2025-12-30 23:22:45,2025-12-30T23:22:45,61.0,1.0,SetByBid
2025-12-30 23:22:55,2025-12-30T23:22:55,61.01,5.0,SetByBid
2025-12-30 23:22:56,2025-12-30T23:22:56,61.02,1.0,SetByBid
2025-12-30 23:22:56,2025-12-30T23:22:56,61.02,1.0,SetByBid
2025-12-30 23:22:56,2025-12-30T23:22:56,61.02,1.0,SetByBid
2025-12-30 23:22:56,2025-12-30T23:22:56,61.02,1.0,SetByBid
2025-12-30 23:23:13,2025-12-30T23:23:13,61.01,1.0,SetByAsk
2025-12-30 23:23:15,2025-12-30T23:23:15,61.01,1.0,SetByAsk
2025-12-30 23:23:20,2025-12-30T23:23:20,61.02,1.0,SetByBid
2025-12-30 23:23:20,2025-12-30T23:23:20,61.02,1.0,SetByBid
2025-12-30 23:23:20,2025-12-30T23:23:20,61.02,2.0,SetByBid
2025-12-30 23:23:27,2025-12-30T23:23:27,61.01,1.0,SetByAsk
2025-12-30 23:23:50,2025-12-30T23:23:50,61.02,2.0,SetByBid
2025-12-30 23:23:51,2025-12-30T23:23:51,61.01,1.0,SetByAsk
2025-12-30 23:23:51,2025-12-30T23:23:51,61.01,3.0,SetByAsk
2025-12-30 23:23:51,2025-12-30T23:23:51,61.01,1.0,SetByAsk
2025-12-30 23:23:51,2025-12-30T23:23:51,61.01,1.0,SetByAsk
2025-12-30 23:23:51,2025-12-30T23:23:51,61.01,3.0,SetByAsk
2025-12-30 23:23:51,2025-12-30T23:23:51,61.01,1.0,SetByAsk
2025-12-30 23:23:51,2025-12-30T23:23:51,61.01,1.0,SetByAsk
2025-12-30 23:23:51,2025-12-30T23:23:51,61.01,5.0,SetByAsk
2025-12-30 23:23:51,2025-12-30T23:23:51,61.01,3.0,SetByAsk
2025-12-30 23:23:51,2025-12-30T23:23:51,61.01,2.0,SetByAsk
2025-12-30 23:23:51,2025-12-30T23:23:51,61.01,2.0,SetByAsk
2025-12-30 23:23:51,2025-12-30T23:23:51,61.01,1.0,SetByAsk
2025-12-30 23:23:51,2025-12-30T23:23:51,61.01,1.0,SetByAsk
2025-12-30 23:23:55,2025-12-30T23:23:55,61.01,1.0,SetByAsk
2025-12-30 23:23:56,2025-12-30T23:23:56,61.01,1.0,SetByAsk
2025-12-30 23:23:56,2025-12-30T23:23:56,61.01,1.0,SetByAsk
2025-12-30 23:23:56,2025-12-30T23:23:56,61.01,1.0,SetByAsk
2025-12-30 23:23:58,2025-12-30T23:23:58,61.01,2.0,SetByAsk
2025-12-30 23:23:58,2025-12-30T23:23:58,61.01,3.0,SetByAsk
2025-12-30 23:23:58,2025-12-30T23:23:58,61.01,2.0,SetByBid
2025-12-30 23:24:24,2025-12-30T23:24:24,61.0,1.0,SetByAsk
2025-12-30 23:24:24,2025-12-30T23:24:24,61.0,1.0,SetByAsk
2025-12-30 23:24:25,2025-12-30T23:24:25,61.0,1.0,SetByAsk
2025-12-30 23:24:42,2025-12-30T23:24:42,61.01,6.0,SetByBid
2025-12-30 23:24:42,2025-12-30T23:24:42,61.01,3.0,SetByBid
2025-12-30 23:24:42,2025-12-30T23:24:42,61.01,1.0,SetByBid
2025-12-30 23:24:42,2025-12-30T23:24:42,61.01,3.0,SetByBid
2025-12-30 23:24:42,2025-12-30T23:24:42,61.01,12.0,SetByBid
2025-12-30 23:24:42,2025-12-30T23:24:42,61.01,1.0,SetByBid
2025-12-30 23:24:46,2025-12-30T23:24:46,61.02,1.0,SetByAsk
2025-12-30 23:24:46,2025-12-30T23:24:46,61.02,2.0,SetByAsk
2025-12-30 23:24:46,2025-12-30T23:24:46,61.02,1.0,SetByAsk
2025-12-30 23:24:47,2025-12-30T23:24:47,61.02,1.0,SetByAsk
2025-12-30 23:24:47,2025-12-30T23:24:47,61.02,1.0,SetByAsk
2025-12-30 23:24:47,2025-12-30T23:24:47,61.02,1.0,SetByAsk
2025-12-30 23:24:47,2025-12-30T23:24:47,61.02,2.0,SetByAsk
2025-12-30 23:24:59,2025-12-30T23:24:59,61.01,1.0,SetByAsk
2025-12-30 23:25:02,2025-12-30T23:25:02,61.02,1.0,SetByBid
2025-12-30 23:25:02,2025-12-30T23:25:02,61.02,1.0,SetByBid
2025-12-30 23:25:02,2025-12-30T23:25:02,61.02,1.0,SetByBid
2025-12-30 23:25:02,2025-12-30T23:25:02,61.02,22.0,SetByBid
2025-12-30 23:25:02,2025-12-30T23:25:02,61.02,2.0,SetByBid
2025-12-30 23:25:02,2025-12-30T23:25:02,61.02,3.0,SetByBid
2025-12-30 23:25:03,2025-12-30T23:25:03,61.03,1.0,SetByBid
2025-12-30 23:25:03,2025-12-30T23:25:03,61.03,1.0,SetByBid
2025-12-30 23:25:03,2025-12-30T23:25:03,61.03,1.0,SetByBid
2025-12-30 23:25:03,2025-12-30T23:25:03,61.03,1.0,SetByBid
2025-12-30 23:25:03,2025-12-30T23:25:03,61.03,1.0,SetByBid
2025-12-30 23:25:04,2025-12-30T23:25:04,61.03,3.0,SetByBid
2025-12-30 23:25:04,2025-12-30T23:25:04,61.03,1.0,SetByBid
2025-12-30 23:25:07,2025-12-30T23:25:07,61.03,2.0,SetByAsk
2025-12-30 23:25:07,2025-12-30T23:25:07,61.03,2.0,SetByAsk
2025-12-30 23:25:07,2025-12-30T23:25:07,61.03,1.0,SetByBid
2025-12-30 23:25:10,2025-12-30T23:25:10,61.03,3.0,SetByBid
2025-12-30 23:25:10,2025-12-30T23:25:10,61.03,1.0,SetByBid
2025-12-30 23:25:12,2025-12-30T23:25:12,61.03,1.0,SetByAsk
2025-12-30 23:25:12,2025-12-30T23:25:12,61.03,4.0,SetByAsk
2025-12-30 23:25:12,2025-12-30T23:25:12,61.03,1.0,SetByAsk
2025-12-30 23:25:16,2025-12-30T23:25:16,61.03,1.0,SetByBid
2025-12-30 23:25:16,2025-12-30T23:25:16,61.03,3.0,SetByBid
2025-12-30 23:25:16,2025-12-30T23:25:16,61.03,1.0,SetByBid
2025-12-30 23:25:19,2025-12-30T23:25:19,61.04,1.0,SetByBid
2025-12-30 23:25:19,2025-12-30T23:25:19,61.04,1.0,SetByBid
2025-12-30 23:25:19,2025-12-30T23:25:19,61.04,1.0,SetByBid
2025-12-30 23:25:19,2025-12-30T23:25:19,61.04,1.0,SetByBid
2025-12-30 23:25:19,2025-12-30T23:25:19,61.04,1.0,SetByBid
2025-12-30 23:25:22,2025-12-30T23:25:22,61.04,3.0,SetByBid
2025-12-30 23:25:25,2025-12-30T23:25:25,61.03,3.0,"SetByBid, Leg"
2025-12-30 23:25:25,2025-12-30T23:25:25,61.04,3.0,"SetByBid, Leg"
2025-12-30 23:25:25,2025-12-30T23:25:25,61.04,1.0,SetByBid
2025-12-30 23:25:25,2025-12-30T23:25:25,61.04,3.0,SetByBid
2025-12-30 23:25:25,2025-12-30T23:25:25,61.04,1.0,SetByBid
2025-12-30 23:25:25,2025-12-30T23:25:25,61.04,1.0,SetByBid
2025-12-30 23:25:25,2025-12-30T23:25:25,61.04,1.0,SetByBid
2025-12-30 23:25:25,2025-12-30T23:25:25,61.04,1.0,SetByBid
2025-12-30 23:25:25,2025-12-30T23:25:25,61.04,1.0,SetByBid
2025-12-30 23:25:25,2025-12-30T23:25:25,61.04,1.0,SetByBid
2025-12-30 23:25:25,2025-12-30T23:25:25,61.04,2.0,SetByBid
2025-12-30 23:25:25,2025-12-30T23:25:25,61.04,4.0,SetByBid
2025-12-30 23:25:25,2025-12-30T23:25:25,61.04,3.0,SetByBid
2025-12-30 23:25:25,2025-12-30T23:25:25,61.04,4.0,SetByBid
2025-12-30 23:25:25,2025-12-30T23:25:25,61.04,1.0,SetByBid
2025-12-30 23:25:25,2025-12-30T23:25:25,61.04,1.0,SetByBid
2025-12-30 23:25:25,2025-12-30T23:25:25,61.04,1.0,SetByBid
2025-12-30 23:25:25,2025-12-30T23:25:25,61.04,1.0,SetByBid
2025-12-30 23:25:25,2025-12-30T23:25:25,61.04,1.0,SetByBid
2025-12-30 23:25:25,2025-12-30T23:25:25,61.04,3.0,SetByBid
2025-12-30 23:25:25,2025-12-30T23:25:25,61.04,1.0,SetByBid
2025-12-30 23:25:25,2025-12-30T23:25:25,61.04,1.0,SetByBid
2025-12-30 23:25:25,2025-12-30T23:25:25,61.04,1.0,SetByBid
2025-12-30 23:25:26,2025-12-30T23:25:26,61.04,1.0,SetByBid
2025-12-30 23:25:29,2025-12-30T23:25:29,61.03,1.0,SetByAsk
2025-12-30 23:25:29,2025-12-30T23:25:29,61.03,3.0,SetByAsk
2025-12-30 23:25:30,2025-12-30T23:25:30,61.04,2.0,SetByBid
2025-12-30 23:25:32,2025-12-30T23:25:32,61.04,1.0,SetByBid
2025-12-30 23:25:32,2025-12-30T23:25:32,61.04,1.0,SetByBid
2025-12-30 23:25:38,2025-12-30T23:25:38,61.04,2.0,SetByBid
2025-12-30 23:25:46,2025-12-30T23:25:46,61.04,1.0,SetByAsk
2025-12-30 23:25:46,2025-12-30T23:25:46,61.04,5.0,SetByAsk
2025-12-30 23:25:46,2025-12-30T23:25:46,61.04,5.0,SetByAsk
2025-12-30 23:25:46,2025-12-30T23:25:46,61.04,1.0,SetByAsk
2025-12-30 23:25:46,2025-12-30T23:25:46,61.04,1.0,SetByAsk
2025-12-30 23:25:46,2025-12-30T23:25:46,61.04,2.0,SetByAsk
2025-12-30 23:25:46,2025-12-30T23:25:46,61.04,1.0,SetByAsk
2025-12-30 23:25:46,2025-12-30T23:25:46,61.04,1.0,SetByAsk
2025-12-30 23:25:46,2025-12-30T23:25:46,61.04,1.0,SetByAsk
2025-12-30 23:25:46,2025-12-30T23:25:46,61.04,3.0,SetByAsk
2025-12-30 23:25:46,2025-12-30T23:25:46,61.04,3.0,SetByAsk
2025-12-30 23:25:46,2025-12-30T23:25:46,61.04,3.0,SetByAsk
2025-12-30 23:25:46,2025-12-30T23:25:46,61.04,2.0,SetByAsk
2025-12-30 23:25:48,2025-12-30T23:25:48,61.03,1.0,SetByAsk
2025-12-30 23:25:48,2025-12-30T23:25:48,61.03,1.0,SetByBid
2025-12-30 23:25:48,2025-12-30T23:25:48,61.03,4.0,SetByAsk
2025-12-30 23:25:57,2025-12-30T23:25:57,61.03,1.0,SetByBid
2025-12-30 23:25:59,2025-12-30T23:25:59,61.03,1.0,SetByAsk
2025-12-30 23:26:00,2025-12-30T23:26:00,61.04,1.0,SetByBid
2025-12-30 23:26:13,2025-12-30T23:26:13,61.05,1.0,SetByBid
2025-12-30 23:26:13,2025-12-30T23:26:13,61.05,1.0,SetByBid
2025-12-30 23:26:13,2025-12-30T23:26:13,61.05,1.0,SetByBid
2025-12-30 23:26:14,2025-12-30T23:26:14,61.05,1.0,SetByBid
2025-12-30 23:26:14,2025-12-30T23:26:14,61.05,1.0,SetByBid
2025-12-30 23:26:14,2025-12-30T23:26:14,61.05,1.0,SetByBid
2025-12-30 23:26:14,2025-12-30T23:26:14,61.05,1.0,SetByBid
2025-12-30 23:26:14,2025-12-30T23:26:14,61.05,1.0,SetByBid
2025-12-30 23:26:14,2025-12-30T23:26:14,61.05,1.0,SetByAsk
2025-12-30 23:26:14,2025-12-30T23:26:14,61.05,1.0,SetByAsk
2025-12-30 23:26:14,2025-12-30T23:26:14,61.05,1.0,SetByBid
2025-12-30 23:26:18,2025-12-30T23:26:18,61.05,1.0,SetByBid
2025-12-30 23:26:24,2025-12-30T23:26:24,61.06,5.0,SetByBid
2025-12-30 23:26:24,2025-12-30T23:26:24,61.06,1.0,SetByBid
2025-12-30 23:26:26,2025-12-30T23:26:26,61.06,1.0,SetByBid
2025-12-30 23:26:28,2025-12-30T23:26:28,61.06,3.0,SetByBid
2025-12-30 23:26:33,2025-12-30T23:26:33,61.06,1.0,SetByAsk
2025-12-30 23:26:35,2025-12-30T23:26:35,61.07,4.0,SetByAsk
2025-12-30 23:26:36,2025-12-30T23:26:36,61.08,1.0,SetByBid
2025-12-30 23:26:36,2025-12-30T23:26:36,61.08,1.0,SetByBid
2025-12-30 23:26:36,2025-12-30T23:26:36,61.08,1.0,SetByBid
2025-12-30 23:26:36,2025-12-30T23:26:36,61.08,1.0,SetByBid
2025-12-30 23:26:36,2025-12-30T23:26:36,61.08,1.0,SetByBid
2025-12-30 23:26:36,2025-12-30T23:26:36,61.08,1.0,SetByBid
2025-12-30 23:26:38,2025-12-30T23:26:38,61.09,3.0,SetByBid
2025-12-30 23:26:38,2025-12-30T23:26:38,61.09,1.0,SetByBid
2025-12-30 23:26:40,2025-12-30T23:26:40,61.09,1.0,SetByBid
2025-12-30 23:26:40,2025-12-30T23:26:40,61.09,3.0,SetByBid
2025-12-30 23:26:41,2025-12-30T23:26:41,61.08,1.0,SetByAsk
2025-12-30 23:26:41,2025-12-30T23:26:41,61.08,3.0,SetByAsk
2025-12-30 23:26:41,2025-12-30T23:26:41,61.08,1.0,SetByAsk
2025-12-30 23:26:42,2025-12-30T23:26:42,61.08,1.0,SetByAsk
2025-12-30 23:26:42,2025-12-30T23:26:42,61.08,1.0,SetByAsk
2025-12-30 23:26:42,2025-12-30T23:26:42,61.08,1.0,SetByAsk
2025-12-30 23:26:42,2025-12-30T23:26:42,61.08,2.0,SetByAsk
2025-12-30 23:26:43,2025-12-30T23:26:43,61.09,3.0,SetByAsk
2025-12-30 23:26:43,2025-12-30T23:26:43,61.09,1.0,SetByAsk
2025-12-30 23:26:43,2025-12-30T23:26:43,61.08,1.0,SetByAsk
2025-12-30 23:26:43,2025-12-30T23:26:43,61.08,1.0,SetByAsk
2025-12-30 23:26:43,2025-12-30T23:26:43,61.08,3.0,SetByAsk
2025-12-30 23:26:44,2025-12-30T23:26:44,61.09,1.0,SetByAsk
2025-12-30 23:26:44,2025-12-30T23:26:44,61.09,3.0,SetByAsk
2025-12-30 23:26:44,2025-12-30T23:26:44,61.08,1.0,SetByAsk
2025-12-30 23:26:44,2025-12-30T23:26:44,61.09,1.0,SetByAsk
2025-12-30 23:26:46,2025-12-30T23:26:46,61.08,2.0,SetByAsk
2025-12-30 23:26:47,2025-12-30T23:26:47,61.08,1.0,SetByAsk
2025-12-30 23:26:52,2025-12-30T23:26:52,61.08,2.0,SetByAsk
2025-12-30 23:26:52,2025-12-30T23:26:52,61.08,1.0,SetByAsk
2025-12-30 23:26:52,2025-12-30T23:26:52,61.08,3.0,SetByAsk
2025-12-30 23:26:53,2025-12-30T23:26:53,61.07,3.0,SetByAsk
2025-12-30 23:26:53,2025-12-30T23:26:53,61.07,1.0,SetByAsk
2025-12-30 23:26:53,2025-12-30T23:26:53,61.07,1.0,SetByAsk
2025-12-30 23:26:54,2025-12-30T23:26:54,61.08,2.0,SetByBid
2025-12-30 23:26:54,2025-12-30T23:26:54,61.08,3.0,SetByBid
2025-12-30 23:26:54,2025-12-30T23:26:54,61.08,1.0,SetByBid
2025-12-30 23:26:54,2025-12-30T23:26:54,61.08,3.0,SetByBid
2025-12-30 23:27:00,2025-12-30T23:27:00,61.08,1.0,SetByAsk
2025-12-30 23:27:00,2025-12-30T23:27:00,61.08,1.0,SetByAsk
2025-12-30 23:27:00,2025-12-30T23:27:00,61.08,1.0,SetByAsk
2025-12-30 23:27:01,2025-12-30T23:27:01,61.08,1.0,SetByAsk
2025-12-30 23:27:06,2025-12-30T23:27:06,61.07,6.0,SetByAsk
2025-12-30 23:27:06,2025-12-30T23:27:06,61.07,1.0,SetByBid
2025-12-30 23:27:06,2025-12-30T23:27:06,61.07,1.0,SetByBid
2025-12-30 23:27:09,2025-12-30T23:27:09,61.07,5.0,SetByBid
2025-12-30 23:27:09,2025-12-30T23:27:09,61.07,1.0,SetByBid
2025-12-30 23:27:09,2025-12-30T23:27:09,61.08,1.0,SetByBid
2025-12-30 23:27:09,2025-12-30T23:27:09,61.08,1.0,SetByBid
2025-12-30 23:27:09,2025-12-30T23:27:09,61.08,1.0,SetByBid
2025-12-30 23:27:09,2025-12-30T23:27:09,61.08,1.0,SetByBid
2025-12-30 23:27:09,2025-12-30T23:27:09,61.08,1.0,SetByBid
2025-12-30 23:27:12,2025-12-30T23:27:12,61.08,2.0,SetByBid
2025-12-30 23:27:15,2025-12-30T23:27:15,61.07,1.0,SetByAsk
2025-12-30 23:27:15,2025-12-30T23:27:15,61.07,3.0,SetByAsk
2025-12-30 23:27:15,2025-12-30T23:27:15,61.07,1.0,SetByAsk
2025-12-30 23:27:15,2025-12-30T23:27:15,61.07,1.0,SetByAsk
2025-12-30 23:27:15,2025-12-30T23:27:15,61.07,1.0,SetByAsk
2025-12-30 23:27:15,2025-12-30T23:27:15,61.07,3.0,SetByAsk
2025-12-30 23:27:15,2025-12-30T23:27:15,61.07,1.0,SetByAsk
2025-12-30 23:27:15,2025-12-30T23:27:15,61.07,2.0,SetByAsk
2025-12-30 23:27:15,2025-12-30T23:27:15,61.07,1.0,SetByAsk
2025-12-30 23:27:15,2025-12-30T23:27:15,61.07,1.0,SetByAsk
2025-12-30 23:27:16,2025-12-30T23:27:16,61.06,1.0,SetByAsk
2025-12-30 23:27:16,2025-12-30T23:27:16,61.06,4.0,SetByAsk
2025-12-30 23:27:16,2025-12-30T23:27:16,61.06,1.0,SetByAsk
2025-12-30 23:27:16,2025-12-30T23:27:16,61.06,3.0,SetByAsk
2025-12-30 23:27:24,2025-12-30T23:27:24,61.06,1.0,SetByAsk
2025-12-30 23:27:30,2025-12-30T23:27:30,61.06,1.0,SetByAsk
2025-12-30 23:27:30,2025-12-30T23:27:30,61.06,2.0,SetByAsk
2025-12-30 23:27:30,2025-12-30T23:27:30,61.06,1.0,SetByAsk
2025-12-30 23:27:30,2025-12-30T23:27:30,61.06,1.0,SetByAsk
2025-12-30 23:27:33,2025-12-30T23:27:33,61.05,3.0,SetByAsk
2025-12-30 23:27:33,2025-12-30T23:27:33,61.05,3.0,SetByAsk
2025-12-30 23:27:33,2025-12-30T23:27:33,61.05,1.0,SetByAsk
2025-12-30 23:27:33,2025-12-30T23:27:33,61.05,1.0,SetByAsk
2025-12-30 23:27:33,2025-12-30T23:27:33,61.05,1.0,SetByAsk
2025-12-30 23:27:33,2025-12-30T23:27:33,61.05,1.0,SetByAsk
2025-12-30 23:27:33,2025-12-30T23:27:33,61.05,4.0,SetByAsk
2025-12-30 23:27:33,2025-12-30T23:27:33,61.05,2.0,SetByAsk
2025-12-30 23:27:36,2025-12-30T23:27:36,61.05,1.0,SetByAsk
2025-12-30 23:27:36,2025-12-30T23:27:36,61.05,2.0,SetByAsk
2025-12-30 23:27:36,2025-12-30T23:27:36,61.05,1.0,SetByAsk
2025-12-30 23:27:36,2025-12-30T23:27:36,61.05,2.0,SetByAsk
2025-12-30 23:27:42,2025-12-30T23:27:42,61.05,1.0,SetByBid
2025-12-30 23:27:42,2025-12-30T23:27:42,61.05,2.0,SetByBid
2025-12-30 23:27:42,2025-12-30T23:27:42,61.05,1.0,SetByBid
2025-12-30 23:27:42,2025-12-30T23:27:42,61.05,1.0,SetByBid
2025-12-30 23:27:42,2025-12-30T23:27:42,61.05,1.0,SetByBid
2025-12-30 23:27:47,2025-12-30T23:27:47,61.05,1.0,SetByBid
2025-12-30 23:27:47,2025-12-30T23:27:47,61.05,1.0,SetByBid
2025-12-30 23:27:49,2025-12-30T23:27:49,61.04,1.0,SetByBid
2025-12-30 23:27:49,2025-12-30T23:27:49,61.04,3.0,SetByBid
2025-12-30 23:27:49,2025-12-30T23:27:49,61.04,1.0,SetByBid
2025-12-30 23:27:49,2025-12-30T23:27:49,61.04,1.0,SetByBid
2025-12-30 23:27:49,2025-12-30T23:27:49,61.04,1.0,SetByBid
2025-12-30 23:27:49,2025-12-30T23:27:49,61.03,3.0,SetByAsk
2025-12-30 23:27:49,2025-12-30T23:27:49,61.03,1.0,SetByAsk
2025-12-30 23:27:49,2025-12-30T23:27:49,61.03,1.0,SetByAsk
2025-12-30 23:27:49,2025-12-30T23:27:49,61.03,4.0,SetByAsk
2025-12-30 23:27:49,2025-12-30T23:27:49,61.03,1.0,SetByAsk
2025-12-30 23:27:49,2025-12-30T23:27:49,61.03,1.0,SetByAsk
2025-12-30 23:27:49,2025-12-30T23:27:49,61.03,1.0,SetByAsk
2025-12-30 23:27:49,2025-12-30T23:27:49,61.02,3.0,SetByBid
2025-12-30 23:27:51,2025-12-30T23:27:51,61.02,2.0,SetByAsk
2025-12-30 23:27:51,2025-12-30T23:27:51,61.02,1.0,SetByAsk
2025-12-30 23:27:51,2025-12-30T23:27:51,61.02,1.0,SetByAsk
2025-12-30 23:27:51,2025-12-30T23:27:51,61.02,1.0,SetByAsk
2025-12-30 23:27:51,2025-12-30T23:27:51,61.02,1.0,"SetByAsk, Leg"
2025-12-30 23:27:51,2025-12-30T23:27:51,61.01,1.0,"SetByAsk, Leg"
2025-12-30 23:27:51,2025-12-30T23:27:51,61.02,1.0,"SetByAsk, Leg"
2025-12-30 23:27:51,2025-12-30T23:27:51,61.01,1.0,"SetByAsk, Leg"
2025-12-30 23:27:52,2025-12-30T23:27:52,61.02,1.0,"SetByAsk, Leg"
2025-12-30 23:27:52,2025-12-30T23:27:52,61.01,1.0,"SetByAsk, Leg"
2025-12-30 23:27:52,2025-12-30T23:27:52,61.02,1.0,SetByBid
2025-12-30 23:27:53,2025-12-30T23:27:53,61.02,2.0,SetByAsk
2025-12-30 23:27:53,2025-12-30T23:27:53,61.02,1.0,SetByAsk
2025-12-30 23:27:53,2025-12-30T23:27:53,61.03,1.0,SetByBid
2025-12-30 23:27:53,2025-12-30T23:27:53,61.03,1.0,SetByBid
2025-12-30 23:27:54,2025-12-30T23:27:54,61.02,1.0,SetByAsk
2025-12-30 23:27:54,2025-12-30T23:27:54,61.02,2.0,SetByAsk
2025-12-30 23:27:54,2025-12-30T23:27:54,61.02,1.0,SetByAsk
2025-12-30 23:27:54,2025-12-30T23:27:54,61.02,2.0,SetByAsk
2025-12-30 23:27:54,2025-12-30T23:27:54,61.02,1.0,SetByAsk
2025-12-30 23:27:55,2025-12-30T23:27:55,61.02,1.0,SetByAsk
2025-12-30 23:27:58,2025-12-30T23:27:58,61.03,1.0,SetByBid
2025-12-30 23:27:58,2025-12-30T23:27:58,61.03,1.0,SetByBid
2025-12-30 23:28:00,2025-12-30T23:28:00,61.04,3.0,SetByBid
2025-12-30 23:28:00,2025-12-30T23:28:00,61.04,1.0,SetByBid
2025-12-30 23:28:00,2025-12-30T23:28:00,61.04,1.0,SetByBid
2025-12-30 23:28:00,2025-12-30T23:28:00,61.04,1.0,SetByBid
2025-12-30 23:28:00,2025-12-30T23:28:00,61.04,1.0,SetByBid
2025-12-30 23:28:00,2025-12-30T23:28:00,61.04,1.0,SetByBid
2025-12-30 23:28:00,2025-12-30T23:28:00,61.04,2.0,SetByBid
2025-12-30 23:28:00,2025-12-30T23:28:00,61.04,1.0,SetByBid
2025-12-30 23:28:00,2025-12-30T23:28:00,61.04,2.0,SetByBid
2025-12-30 23:28:00,2025-12-30T23:28:00,61.04,1.0,SetByBid
2025-12-30 23:28:00,2025-12-30T23:28:00,61.04,1.0,SetByBid
2025-12-30 23:28:00,2025-12-30T23:28:00,61.04,1.0,SetByBid
2025-12-30 23:28:00,2025-12-30T23:28:00,61.04,1.0,SetByBid
2025-12-30 23:28:00,2025-12-30T23:28:00,61.04,1.0,SetByAsk
2025-12-30 23:28:00,2025-12-30T23:28:00,61.05,1.0,SetByAsk
2025-12-30 23:28:00,2025-12-30T23:28:00,61.05,1.0,SetByBid
2025-12-30 23:28:00,2025-12-30T23:28:00,61.05,3.0,SetByBid
2025-12-30 23:28:00,2025-12-30T23:28:00,61.05,1.0,SetByAsk
2025-12-30 23:28:00,2025-12-30T23:28:00,61.05,7.0,SetByAsk
2025-12-30 23:28:00,2025-12-30T23:28:00,61.05,1.0,SetByAsk
2025-12-30 23:28:00,2025-12-30T23:28:00,61.05,1.0,SetByAsk
2025-12-30 23:28:00,2025-12-30T23:28:00,61.05,1.0,SetByBid
2025-12-30 23:28:00,2025-12-30T23:28:00,61.06,2.0,SetByBid
2025-12-30 23:28:00,2025-12-30T23:28:00,61.06,1.0,SetByBid
2025-12-30 23:28:00,2025-12-30T23:28:00,61.06,2.0,SetByBid
2025-12-30 23:28:00,2025-12-30T23:28:00,61.06,1.0,SetByBid
2025-12-30 23:28:01,2025-12-30T23:28:01,61.06,1.0,SetByAsk
2025-12-30 23:28:01,2025-12-30T23:28:01,61.06,1.0,SetByAsk
2025-12-30 23:28:01,2025-12-30T23:28:01,61.06,1.0,SetByAsk
2025-12-30 23:28:01,2025-12-30T23:28:01,61.05,1.0,SetByAsk
2025-12-30 23:28:01,2025-12-30T23:28:01,61.05,1.0,SetByAsk
2025-12-30 23:28:01,2025-12-30T23:28:01,61.05,1.0,SetByAsk
2025-12-30 23:28:02,2025-12-30T23:28:02,61.06,1.0,SetByBid
2025-12-30 23:28:02,2025-12-30T23:28:02,61.06,1.0,SetByBid
2025-12-30 23:28:02,2025-12-30T23:28:02,61.06,3.0,SetByBid
2025-12-30 23:28:02,2025-12-30T23:28:02,61.06,5.0,SetByAsk
2025-12-30 23:28:02,2025-12-30T23:28:02,61.06,1.0,SetByAsk
2025-12-30 23:28:03,2025-12-30T23:28:03,61.05,1.0,SetByAsk
2025-12-30 23:28:03,2025-12-30T23:28:03,61.05,1.0,SetByAsk
2025-12-30 23:28:03,2025-12-30T23:28:03,61.05,1.0,SetByBid
2025-12-30 23:28:03,2025-12-30T23:28:03,61.05,1.0,SetByAsk
2025-12-30 23:28:03,2025-12-30T23:28:03,61.05,1.0,SetByAsk
2025-12-30 23:28:04,2025-12-30T23:28:04,61.05,2.0,SetByBid
2025-12-30 23:28:04,2025-12-30T23:28:04,61.04,1.0,SetByAsk
2025-12-30 23:28:04,2025-12-30T23:28:04,61.04,1.0,SetByAsk
2025-12-30 23:28:04,2025-12-30T23:28:04,61.04,1.0,SetByAsk
2025-12-30 23:28:04,2025-12-30T23:28:04,61.04,1.0,SetByAsk
2025-12-30 23:28:04,2025-12-30T23:28:04,61.04,1.0,"SetByAsk, Leg"
2025-12-30 23:28:04,2025-12-30T23:28:04,61.03,1.0,"SetByAsk, Leg"
2025-12-30 23:28:05,2025-12-30T23:28:05,61.04,1.0,SetByAsk
2025-12-30 23:28:05,2025-12-30T23:28:05,61.04,1.0,SetByAsk
2025-12-30 23:28:05,2025-12-30T23:28:05,61.04,1.0,SetByAsk
2025-12-30 23:28:05,2025-12-30T23:28:05,61.04,1.0,SetByBid
2025-12-30 23:28:06,2025-12-30T23:28:06,61.04,1.0,SetByAsk
2025-12-30 23:28:06,2025-12-30T23:28:06,61.04,1.0,SetByBid
2025-12-30 23:28:06,2025-12-30T23:28:06,61.04,1.0,SetByBid
2025-12-30 23:28:06,2025-12-30T23:28:06,61.04,9.0,SetByBid
2025-12-30 23:28:06,2025-12-30T23:28:06,61.04,1.0,SetByBid
2025-12-30 23:28:06,2025-12-30T23:28:06,61.04,1.0,SetByAsk
2025-12-30 23:28:07,2025-12-30T23:28:07,61.04,1.0,SetByAsk
2025-12-30 23:28:07,2025-12-30T23:28:07,61.04,1.0,SetByAsk
2025-12-30 23:28:07,2025-12-30T23:28:07,61.04,1.0,SetByAsk
2025-12-30 23:28:07,2025-12-30T23:28:07,61.04,1.0,SetByAsk
2025-12-30 23:28:07,2025-12-30T23:28:07,61.04,1.0,SetByAsk
2025-12-30 23:28:07,2025-12-30T23:28:07,61.04,1.0,SetByAsk
2025-12-30 23:28:08,2025-12-30T23:28:08,61.04,1.0,SetByAsk
2025-12-30 23:28:08,2025-12-30T23:28:08,61.04,1.0,SetByBid
2025-12-30 23:28:09,2025-12-30T23:28:09,61.04,1.0,SetByAsk
2025-12-30 23:28:09,2025-12-30T23:28:09,61.04,5.0,SetByAsk
2025-12-30 23:28:09,2025-12-30T23:28:09,61.04,1.0,SetByAsk
2025-12-30 23:28:09,2025-12-30T23:28:09,61.04,1.0,SetByAsk
2025-12-30 23:28:09,2025-12-30T23:28:09,61.03,1.0,SetByAsk
2025-12-30 23:28:09,2025-12-30T23:28:09,61.03,1.0,SetByAsk
2025-12-30 23:28:10,2025-12-30T23:28:10,61.03,1.0,SetByAsk
2025-12-30 23:28:10,2025-12-30T23:28:10,61.03,1.0,"SetByAsk, Leg"
2025-12-30 23:28:10,2025-12-30T23:28:10,61.02,1.0,"SetByAsk, Leg"
2025-12-30 23:28:10,2025-12-30T23:28:10,61.02,1.0,SetByAsk
2025-12-30 23:28:10,2025-12-30T23:28:10,61.02,1.0,SetByAsk
2025-12-30 23:28:10,2025-12-30T23:28:10,61.02,1.0,SetByAsk
2025-12-30 23:28:11,2025-12-30T23:28:11,61.02,1.0,SetByAsk
2025-12-30 23:28:12,2025-12-30T23:28:12,61.02,1.0,SetByAsk
2025-12-30 23:28:12,2025-12-30T23:28:12,61.02,1.0,SetByAsk
2025-12-30 23:28:12,2025-12-30T23:28:12,61.02,1.0,"SetByAsk, Leg"
2025-12-30 23:28:12,2025-12-30T23:28:12,61.01,1.0,"SetByAsk, Leg"
2025-12-30 23:28:13,2025-12-30T23:28:13,61.01,1.0,SetByAsk
2025-12-30 23:28:16,2025-12-30T23:28:16,61.02,3.0,SetByBid
2025-12-30 23:28:16,2025-12-30T23:28:16,61.02,4.0,SetByBid
2025-12-30 23:28:16,2025-12-30T23:28:16,61.02,3.0,SetByBid
2025-12-30 23:28:16,2025-12-30T23:28:16,61.02,1.0,SetByBid
2025-12-30 23:28:16,2025-12-30T23:28:16,61.03,1.0,SetByBid
2025-12-30 23:28:16,2025-12-30T23:28:16,61.03,9.0,SetByBid
2025-12-30 23:28:16,2025-12-30T23:28:16,61.03,1.0,SetByBid
2025-12-30 23:28:16,2025-12-30T23:28:16,61.03,1.0,SetByBid
2025-12-30 23:28:16,2025-12-30T23:28:16,61.03,5.0,SetByBid
2025-12-30 23:28:16,2025-12-30T23:28:16,61.03,1.0,SetByBid
2025-12-30 23:28:16,2025-12-30T23:28:16,61.03,5.0,SetByBid
2025-12-30 23:28:16,2025-12-30T23:28:16,61.03,3.0,SetByBid
2025-12-30 23:28:16,2025-12-30T23:28:16,61.03,4.0,SetByBid
2025-12-30 23:28:16,2025-12-30T23:28:16,61.03,1.0,SetByBid
2025-12-30 23:28:16,2025-12-30T23:28:16,61.03,5.0,SetByBid
2025-12-30 23:28:16,2025-12-30T23:28:16,61.03,3.0,SetByBid
2025-12-30 23:28:16,2025-12-30T23:28:16,61.02,1.0,SetByAsk
2025-12-30 23:28:16,2025-12-30T23:28:16,61.01,1.0,SetByAsk
2025-12-30 23:28:16,2025-12-30T23:28:16,61.02,4.0,SetByAsk
2025-12-30 23:28:16,2025-12-30T23:28:16,61.02,1.0,SetByAsk
2025-12-30 23:28:16,2025-12-30T23:28:16,61.02,1.0,SetByAsk
2025-12-30 23:28:16,2025-12-30T23:28:16,61.02,1.0,SetByAsk
2025-12-30 23:28:16,2025-12-30T23:28:16,61.02,1.0,SetByAsk
2025-12-30 23:28:16,2025-12-30T23:28:16,61.02,1.0,SetByBid
2025-12-30 23:28:16,2025-12-30T23:28:16,61.01,1.0,SetByAsk
2025-12-30 23:28:16,2025-12-30T23:28:16,61.01,1.0,SetByAsk
2025-12-30 23:28:16,2025-12-30T23:28:16,61.01,1.0,SetByAsk
2025-12-30 23:28:16,2025-12-30T23:28:16,61.01,1.0,SetByAsk
2025-12-30 23:28:17,2025-12-30T23:28:17,61.01,2.0,SetByAsk
2025-12-30 23:28:17,2025-12-30T23:28:17,61.01,1.0,SetByAsk
2025-12-30 23:28:18,2025-12-30T23:28:18,61.01,1.0,SetByAsk
2025-12-30 23:28:18,2025-12-30T23:28:18,61.01,2.0,SetByAsk
2025-12-30 23:28:18,2025-12-30T23:28:18,61.01,1.0,SetByAsk
2025-12-30 23:28:18,2025-12-30T23:28:18,61.01,1.0,SetByAsk
2025-12-30 23:28:19,2025-12-30T23:28:19,61.0,1.0,SetByAsk
2025-12-30 23:28:20,2025-12-30T23:28:20,61.0,1.0,SetByAsk
2025-12-30 23:28:20,2025-12-30T23:28:20,61.0,1.0,SetByAsk
2025-12-30 23:28:20,2025-12-30T23:28:20,61.0,1.0,SetByAsk
2025-12-30 23:28:21,2025-12-30T23:28:21,61.0,1.0,SetByAsk
2025-12-30 23:28:24,2025-12-30T23:28:24,61.0,1.0,SetByBid
2025-12-30 23:28:26,2025-12-30T23:28:26,61.0,1.0,SetByBid
2025-12-30 23:28:26,2025-12-30T23:28:26,61.0,1.0,SetByAsk
2025-12-30 23:28:26,2025-12-30T23:28:26,61.0,1.0,SetByAsk
2025-12-30 23:28:27,2025-12-30T23:28:27,61.0,1.0,SetByAsk
2025-12-30 23:28:28,2025-12-30T23:28:28,61.0,1.0,SetByAsk
2025-12-30 23:28:29,2025-12-30T23:28:29,61.0,2.0,SetByAsk
2025-12-30 23:28:29,2025-12-30T23:28:29,61.0,1.0,SetByAsk
2025-12-30 23:28:29,2025-12-30T23:28:29,61.0,1.0,SetByAsk
2025-12-30 23:28:30,2025-12-30T23:28:30,61.0,1.0,SetByAsk
2025-12-30 23:28:31,2025-12-30T23:28:31,61.0,1.0,SetByAsk
2025-12-30 23:28:31,2025-12-30T23:28:31,61.01,1.0,SetByBid
2025-12-30 23:28:31,2025-12-30T23:28:31,61.01,9.0,SetByBid
2025-12-30 23:28:31,2025-12-30T23:28:31,61.01,1.0,SetByBid
2025-12-30 23:28:31,2025-12-30T23:28:31,61.01,1.0,SetByBid
2025-12-30 23:28:31,2025-12-30T23:28:31,61.01,1.0,SetByBid
2025-12-30 23:28:31,2025-12-30T23:28:31,61.01,1.0,SetByBid
2025-12-30 23:28:31,2025-12-30T23:28:31,61.01,3.0,SetByBid
2025-12-30 23:28:33,2025-12-30T23:28:33,61.01,1.0,SetByBid
2025-12-30 23:28:33,2025-12-30T23:28:33,61.01,1.0,SetByBid
2025-12-30 23:28:33,2025-12-30T23:28:33,61.01,3.0,SetByBid
2025-12-30 23:28:33,2025-12-30T23:28:33,61.01,1.0,SetByBid
2025-12-30 23:28:33,2025-12-30T23:28:33,61.01,2.0,SetByBid
2025-12-30 23:28:33,2025-12-30T23:28:33,61.01,1.0,SetByBid
2025-12-30 23:28:33,2025-12-30T23:28:33,61.01,3.0,SetByBid
2025-12-30 23:28:33,2025-12-30T23:28:33,61.01,2.0,SetByBid
2025-12-30 23:28:33,2025-12-30T23:28:33,61.01,1.0,SetByBid
2025-12-30 23:28:33,2025-12-30T23:28:33,61.01,2.0,SetByBid
2025-12-30 23:28:33,2025-12-30T23:28:33,61.01,1.0,SetByBid
2025-12-30 23:28:33,2025-12-30T23:28:33,61.01,1.0,SetByBid
2025-12-30 23:28:33,2025-12-30T23:28:33,61.01,3.0,SetByBid
2025-12-30 23:28:33,2025-12-30T23:28:33,61.01,2.0,SetByBid
2025-12-30 23:28:33,2025-12-30T23:28:33,61.01,3.0,SetByBid
2025-12-30 23:28:33,2025-12-30T23:28:33,61.01,1.0,SetByBid
2025-12-30 23:28:33,2025-12-30T23:28:33,61.01,2.0,SetByBid
2025-12-30 23:28:40,2025-12-30T23:28:40,61.02,4.0,SetByBid
2025-12-30 23:28:40,2025-12-30T23:28:40,61.02,3.0,SetByBid
2025-12-30 23:28:40,2025-12-30T23:28:40,61.02,3.0,SetByBid
2025-12-30 23:28:40,2025-12-30T23:28:40,61.02,1.0,SetByBid
2025-12-30 23:28:40,2025-12-30T23:28:40,61.02,2.0,SetByBid
2025-12-30 23:28:40,2025-12-30T23:28:40,61.02,2.0,SetByBid
2025-12-30 23:28:40,2025-12-30T23:28:40,61.02,1.0,SetByBid
2025-12-30 23:28:40,2025-12-30T23:28:40,61.02,3.0,SetByBid
2025-12-30 23:28:40,2025-12-30T23:28:40,61.02,1.0,SetByBid
2025-12-30 23:28:40,2025-12-30T23:28:40,61.02,3.0,SetByBid
2025-12-30 23:28:40,2025-12-30T23:28:40,61.02,2.0,SetByBid
2025-12-30 23:28:40,2025-12-30T23:28:40,61.02,1.0,SetByBid
2025-12-30 23:28:40,2025-12-30T23:28:40,61.02,1.0,SetByBid
2025-12-30 23:28:40,2025-12-30T23:28:40,61.02,1.0,SetByBid
2025-12-30 23:28:40,2025-12-30T23:28:40,61.02,1.0,SetByBid
2025-12-30 23:28:40,2025-12-30T23:28:40,61.02,3.0,SetByBid
2025-12-30 23:28:40,2025-12-30T23:28:40,61.02,1.0,SetByBid
2025-12-30 23:28:40,2025-12-30T23:28:40,61.02,1.0,SetByAsk
2025-12-30 23:28:41,2025-12-30T23:28:41,61.02,9.0,SetByBid
2025-12-30 23:28:41,2025-12-30T23:28:41,61.02,9.0,SetByAsk
2025-12-30 23:28:41,2025-12-30T23:28:41,61.02,3.0,SetByBid
2025-12-30 23:28:41,2025-12-30T23:28:41,61.02,1.0,SetByBid
2025-12-30 23:28:41,2025-12-30T23:28:41,61.02,1.0,SetByAsk
2025-12-30 23:28:45,2025-12-30T23:28:45,61.01,1.0,SetByAsk
2025-12-30 23:28:46,2025-12-30T23:28:46,61.01,1.0,SetByAsk
2025-12-30 23:28:46,2025-12-30T23:28:46,61.01,3.0,SetByAsk
2025-12-30 23:28:46,2025-12-30T23:28:46,61.01,1.0,SetByAsk
2025-12-30 23:28:46,2025-12-30T23:28:46,61.01,1.0,SetByAsk
2025-12-30 23:28:46,2025-12-30T23:28:46,61.01,1.0,SetByAsk
2025-12-30 23:28:46,2025-12-30T23:28:46,61.01,1.0,SetByAsk
2025-12-30 23:28:46,2025-12-30T23:28:46,61.01,1.0,SetByAsk
2025-12-30 23:28:46,2025-12-30T23:28:46,61.01,1.0,SetByAsk
2025-12-30 23:28:46,2025-12-30T23:28:46,61.01,1.0,SetByAsk
2025-12-30 23:28:49,2025-12-30T23:28:49,61.01,1.0,SetByBid
2025-12-30 23:28:49,2025-12-30T23:28:49,61.01,2.0,SetByBid
2025-12-30 23:28:49,2025-12-30T23:28:49,61.01,1.0,SetByBid
2025-12-30 23:28:49,2025-12-30T23:28:49,61.01,1.0,SetByBid
2025-12-30 23:28:49,2025-12-30T23:28:49,61.01,1.0,SetByBid
2025-12-30 23:28:49,2025-12-30T23:28:49,61.01,1.0,SetByBid
2025-12-30 23:28:49,2025-12-30T23:28:49,61.01,1.0,SetByBid
2025-12-30 23:28:49,2025-12-30T23:28:49,61.01,1.0,SetByBid
2025-12-30 23:28:49,2025-12-30T23:28:49,61.01,1.0,SetByBid
2025-12-30 23:28:49,2025-12-30T23:28:49,61.01,2.0,SetByBid
2025-12-30 23:28:52,2025-12-30T23:28:52,61.02,1.0,SetByAsk
2025-12-30 23:28:52,2025-12-30T23:28:52,61.02,1.0,SetByAsk
2025-12-30 23:28:59,2025-12-30T23:28:59,61.02,1.0,SetByBid
2025-12-30 23:28:59,2025-12-30T23:28:59,61.02,1.0,SetByBid
2025-12-30 23:29:00,2025-12-30T23:29:00,61.01,1.0,SetByAsk
2025-12-30 23:29:01,2025-12-30T23:29:01,61.01,1.0,SetByAsk
2025-12-30 23:29:05,2025-12-30T23:29:05,61.02,1.0,SetByAsk
2025-12-30 23:29:05,2025-12-30T23:29:05,61.02,1.0,SetByBid
2025-12-30 23:29:05,2025-12-30T23:29:05,61.02,1.0,SetByBid
2025-12-30 23:29:05,2025-12-30T23:29:05,61.02,1.0,SetByAsk
2025-12-30 23:29:14,2025-12-30T23:29:14,61.01,1.0,SetByAsk
2025-12-30 23:29:15,2025-12-30T23:29:15,61.01,1.0,SetByAsk
2025-12-30 23:29:16,2025-12-30T23:29:16,61.02,1.0,SetByBid
2025-12-30 23:29:16,2025-12-30T23:29:16,61.02,1.0,SetByBid
2025-12-30 23:29:16,2025-12-30T23:29:16,61.02,1.0,SetByBid
2025-12-30 23:29:16,2025-12-30T23:29:16,61.02,1.0,SetByBid
2025-12-30 23:29:16,2025-12-30T23:29:16,61.01,1.0,SetByAsk
2025-12-30 23:29:17,2025-12-30T23:29:17,61.01,1.0,SetByAsk
2025-12-30 23:29:18,2025-12-30T23:29:18,61.02,2.0,SetByBid
2025-12-30 23:29:22,2025-12-30T23:29:22,61.02,1.0,SetByBid
2025-12-30 23:29:23,2025-12-30T23:29:23,61.01,1.0,SetByAsk
2025-12-30 23:29:24,2025-12-30T23:29:24,61.01,1.0,SetByAsk
2025-12-30 23:29:25,2025-12-30T23:29:25,61.02,2.0,SetByBid
2025-12-30 23:29:25,2025-12-30T23:29:25,61.02,1.0,SetByBid
2025-12-30 23:29:25,2025-12-30T23:29:25,61.02,3.0,SetByBid
2025-12-30 23:29:25,2025-12-30T23:29:25,61.02,1.0,SetByBid
2025-12-30 23:29:25,2025-12-30T23:29:25,61.02,1.0,SetByBid
2025-12-30 23:29:25,2025-12-30T23:29:25,61.02,1.0,SetByBid
2025-12-30 23:29:25,2025-12-30T23:29:25,61.02,2.0,SetByBid
2025-12-30 23:29:25,2025-12-30T23:29:25,61.02,3.0,SetByBid
2025-12-30 23:29:25,2025-12-30T23:29:25,61.02,1.0,SetByBid
2025-12-30 23:29:25,2025-12-30T23:29:25,61.02,1.0,SetByBid
2025-12-30 23:29:25,2025-12-30T23:29:25,61.02,2.0,SetByBid
2025-12-30 23:29:25,2025-12-30T23:29:25,61.02,1.0,SetByBid
2025-12-30 23:29:25,2025-12-30T23:29:25,61.02,1.0,SetByBid
2025-12-30 23:29:25,2025-12-30T23:29:25,61.02,1.0,SetByBid
2025-12-30 23:29:25,2025-12-30T23:29:25,61.02,1.0,SetByBid
2025-12-30 23:29:25,2025-12-30T23:29:25,61.02,3.0,SetByBid
2025-12-30 23:29:25,2025-12-30T23:29:25,61.02,1.0,SetByBid
2025-12-30 23:29:25,2025-12-30T23:29:25,61.02,1.0,SetByBid
2025-12-30 23:29:25,2025-12-30T23:29:25,61.02,2.0,SetByAsk
2025-12-30 23:29:25,2025-12-30T23:29:25,61.02,4.0,SetByAsk
2025-12-30 23:29:25,2025-12-30T23:29:25,61.02,1.0,SetByAsk
2025-12-30 23:29:25,2025-12-30T23:29:25,61.02,1.0,SetByAsk
2025-12-30 23:29:25,2025-12-30T23:29:25,61.03,1.0,SetByAsk
2025-12-30 23:29:25,2025-12-30T23:29:25,61.03,7.0,SetByAsk
2025-12-30 23:29:26,2025-12-30T23:29:26,61.02,1.0,SetByAsk
2025-12-30 23:29:27,2025-12-30T23:29:27,61.02,1.0,SetByAsk
2025-12-30 23:29:27,2025-12-30T23:29:27,61.02,1.0,SetByAsk
2025-12-30 23:29:28,2025-12-30T23:29:28,61.02,1.0,SetByAsk
2025-12-30 23:29:29,2025-12-30T23:29:29,61.02,1.0,SetByAsk
2025-12-30 23:29:30,2025-12-30T23:29:30,61.02,1.0,SetByAsk
2025-12-30 23:29:30,2025-12-30T23:29:30,61.02,1.0,SetByAsk
2025-12-30 23:29:31,2025-12-30T23:29:31,61.02,1.0,SetByAsk
2025-12-30 23:29:31,2025-12-30T23:29:31,61.02,1.0,SetByAsk
2025-12-30 23:29:32,2025-12-30T23:29:32,61.02,1.0,SetByAsk
2025-12-30 23:29:33,2025-12-30T23:29:33,61.03,3.0,SetByBid
2025-12-30 23:29:33,2025-12-30T23:29:33,61.03,1.0,SetByBid
2025-12-30 23:29:33,2025-12-30T23:29:33,61.03,2.0,SetByBid
2025-12-30 23:29:33,2025-12-30T23:29:33,61.03,1.0,SetByBid
2025-12-30 23:29:33,2025-12-30T23:29:33,61.03,1.0,SetByBid
2025-12-30 23:29:34,2025-12-30T23:29:34,61.03,1.0,SetByBid
2025-12-30 23:29:34,2025-12-30T23:29:34,61.03,1.0,SetByBid
2025-12-30 23:29:36,2025-12-30T23:29:36,61.03,1.0,SetByBid
2025-12-30 23:29:37,2025-12-30T23:29:37,61.03,1.0,SetByBid
2025-12-30 23:29:37,2025-12-30T23:29:37,61.03,1.0,SetByBid
2025-12-30 23:29:38,2025-12-30T23:29:38,61.03,1.0,SetByBid
2025-12-30 23:29:38,2025-12-30T23:29:38,61.03,1.0,SetByBid
2025-12-30 23:29:44,2025-12-30T23:29:44,61.02,1.0,SetByAsk
2025-12-30 23:29:44,2025-12-30T23:29:44,61.02,1.0,SetByAsk
2025-12-30 23:29:44,2025-12-30T23:29:44,61.02,1.0,SetByAsk
2025-12-30 23:29:44,2025-12-30T23:29:44,61.03,1.0,SetByBid
2025-12-30 23:29:44,2025-12-30T23:29:44,61.03,2.0,SetByBid
2025-12-30 23:29:44,2025-12-30T23:29:44,61.03,1.0,SetByBid
2025-12-30 23:29:44,2025-12-30T23:29:44,61.03,1.0,SetByBid
2025-12-30 23:29:44,2025-12-30T23:29:44,61.03,2.0,SetByBid
2025-12-30 23:29:44,2025-12-30T23:29:44,61.03,1.0,SetByBid
2025-12-30 23:29:44,2025-12-30T23:29:44,61.03,1.0,SetByBid
2025-12-30 23:29:44,2025-12-30T23:29:44,61.03,2.0,SetByBid
2025-12-30 23:29:44,2025-12-30T23:29:44,61.03,2.0,SetByBid
2025-12-30 23:29:44,2025-12-30T23:29:44,61.03,1.0,SetByBid
2025-12-30 23:29:44,2025-12-30T23:29:44,61.03,2.0,SetByBid
2025-12-30 23:29:44,2025-12-30T23:29:44,61.03,3.0,SetByBid
2025-12-30 23:29:45,2025-12-30T23:29:45,61.03,4.0,SetByAsk
2025-12-30 23:29:45,2025-12-30T23:29:45,61.03,1.0,SetByAsk
2025-12-30 23:29:45,2025-12-30T23:29:45,61.03,1.0,SetByAsk
2025-12-30 23:29:45,2025-12-30T23:29:45,61.03,1.0,SetByAsk
2025-12-30 23:29:45,2025-12-30T23:29:45,61.03,1.0,SetByAsk
2025-12-30 23:29:46,2025-12-30T23:29:46,61.04,1.0,SetByBid
2025-12-30 23:29:46,2025-12-30T23:29:46,61.03,1.0,SetByAsk
2025-12-30 23:29:46,2025-12-30T23:29:46,61.03,1.0,SetByAsk
2025-12-30 23:29:46,2025-12-30T23:29:46,61.03,1.0,SetByAsk
2025-12-30 23:29:46,2025-12-30T23:29:46,61.03,1.0,SetByAsk
2025-12-30 23:29:46,2025-12-30T23:29:46,61.03,1.0,SetByAsk
2025-12-30 23:29:47,2025-12-30T23:29:47,61.03,1.0,SetByAsk
2025-12-30 23:29:47,2025-12-30T23:29:47,61.03,1.0,SetByAsk
2025-12-30 23:29:47,2025-12-30T23:29:47,61.03,1.0,SetByAsk
2025-12-30 23:29:47,2025-12-30T23:29:47,61.03,1.0,SetByAsk
2025-12-30 23:29:48,2025-12-30T23:29:48,61.03,1.0,SetByAsk
2025-12-30 23:29:48,2025-12-30T23:29:48,61.03,2.0,SetByAsk
2025-12-30 23:29:48,2025-12-30T23:29:48,61.03,2.0,SetByAsk
2025-12-30 23:29:48,2025-12-30T23:29:48,61.03,2.0,SetByAsk
2025-12-30 23:29:48,2025-12-30T23:29:48,61.03,1.0,SetByBid
2025-12-30 23:29:48,2025-12-30T23:29:48,61.03,1.0,SetByBid
2025-12-30 23:29:48,2025-12-30T23:29:48,61.03,1.0,SetByAsk
2025-12-30 23:29:48,2025-12-30T23:29:48,61.03,1.0,SetByAsk
2025-12-30 23:29:48,2025-12-30T23:29:48,61.03,1.0,SetByAsk
2025-12-30 23:29:49,2025-12-30T23:29:49,61.03,1.0,SetByAsk
2025-12-30 23:29:49,2025-12-30T23:29:49,61.03,1.0,SetByAsk
2025-12-30 23:29:49,2025-12-30T23:29:49,61.03,1.0,SetByAsk
2025-12-30 23:29:49,2025-12-30T23:29:49,61.03,1.0,SetByAsk
2025-12-30 23:29:50,2025-12-30T23:29:50,61.03,1.0,SetByAsk
2025-12-30 23:29:50,2025-12-30T23:29:50,61.03,1.0,SetByAsk
2025-12-30 23:29:50,2025-12-30T23:29:50,61.03,1.0,SetByAsk
2025-12-30 23:29:52,2025-12-30T23:29:52,61.03,1.0,SetByAsk
2025-12-30 23:29:53,2025-12-30T23:29:53,61.03,1.0,SetByBid
2025-12-30 23:29:54,2025-12-30T23:29:54,61.02,1.0,SetByAsk
2025-12-30 23:29:54,2025-12-30T23:29:54,61.02,1.0,SetByAsk
2025-12-30 23:29:54,2025-12-30T23:29:54,61.02,1.0,SetByAsk
2025-12-30 23:29:54,2025-12-30T23:29:54,61.03,1.0,SetByBid
2025-12-30 23:29:54,2025-12-30T23:29:54,61.03,1.0,SetByAsk
2025-12-30 23:29:54,2025-12-30T23:29:54,61.03,3.0,SetByAsk
2025-12-30 23:29:54,2025-12-30T23:29:54,61.03,1.0,SetByAsk
2025-12-30 23:29:54,2025-12-30T23:29:54,61.03,1.0,SetByAsk
2025-12-30 23:29:54,2025-12-30T23:29:54,61.03,1.0,SetByAsk
2025-12-30 23:29:55,2025-12-30T23:29:55,61.02,1.0,SetByAsk
2025-12-30 23:29:55,2025-12-30T23:29:55,61.02,1.0,SetByAsk
2025-12-30 23:29:55,2025-12-30T23:29:55,61.02,1.0,SetByAsk
2025-12-30 23:29:55,2025-12-30T23:29:55,61.02,1.0,SetByAsk
2025-12-30 23:29:55,2025-12-30T23:29:55,61.02,1.0,SetByAsk
2025-12-30 23:29:55,2025-12-30T23:29:55,61.02,1.0,SetByAsk
2025-12-30 23:29:55,2025-12-30T23:29:55,61.02,1.0,SetByAsk
2025-12-30 23:29:55,2025-12-30T23:29:55,61.03,1.0,SetByBid
2025-12-30 23:29:55,2025-12-30T23:29:55,61.02,1.0,SetByAsk
2025-12-30 23:29:56,2025-12-30T23:29:56,61.02,1.0,SetByAsk
2025-12-30 23:29:56,2025-12-30T23:29:56,61.03,1.0,SetByBid
2025-12-30 23:29:56,2025-12-30T23:29:56,61.03,1.0,SetByBid
2025-12-30 23:29:56,2025-12-30T23:29:56,61.03,1.0,SetByBid
2025-12-30 23:29:56,2025-12-30T23:29:56,61.03,1.0,SetByBid
2025-12-30 23:29:56,2025-12-30T23:29:56,61.03,1.0,SetByBid
2025-12-30 23:29:56,2025-12-30T23:29:56,61.03,1.0,SetByBid
2025-12-30 23:29:56,2025-12-30T23:29:56,61.03,1.0,SetByBid
2025-12-30 23:29:56,2025-12-30T23:29:56,61.03,1.0,SetByBid
2025-12-30 23:29:56,2025-12-30T23:29:56,61.03,1.0,SetByBid
2025-12-30 23:29:56,2025-12-30T23:29:56,61.03,1.0,SetByBid
2025-12-30 23:29:56,2025-12-30T23:29:56,61.02,1.0,SetByAsk
2025-12-30 23:29:57,2025-12-30T23:29:57,61.02,9.0,SetByAsk
2025-12-30 23:29:57,2025-12-30T23:29:57,61.02,1.0,SetByAsk
2025-12-30 23:29:57,2025-12-30T23:29:57,61.02,1.0,SetByAsk
2025-12-30 23:29:57,2025-12-30T23:29:57,61.02,2.0,SetByAsk
2025-12-30 23:29:57,2025-12-30T23:29:57,61.02,2.0,SetByAsk
2025-12-30 23:29:57,2025-12-30T23:29:57,61.02,1.0,SetByAsk
2025-12-30 23:29:57,2025-12-30T23:29:57,61.02,8.0,SetByAsk
2025-12-30 23:29:57,2025-12-30T23:29:57,61.02,2.0,SetByAsk
2025-12-30 23:29:57,2025-12-30T23:29:57,61.02,1.0,SetByBid
2025-12-30 23:29:57,2025-12-30T23:29:57,61.02,2.0,SetByBid
2025-12-30 23:29:57,2025-12-30T23:29:57,61.02,13.0,SetByBid
2025-12-30 23:29:57,2025-12-30T23:29:57,61.02,1.0,SetByBid
2025-12-30 23:29:57,2025-12-30T23:29:57,61.02,2.0,SetByBid
2025-12-30 23:29:57,2025-12-30T23:29:57,61.02,1.0,SetByBid
2025-12-30 23:29:58,2025-12-30T23:29:58,61.02,1.0,SetByAsk
2025-12-30 23:29:58,2025-12-30T23:29:58,61.02,1.0,SetByAsk
2025-12-30 23:29:58,2025-12-30T23:29:58,61.03,1.0,SetByBid
2025-12-30 23:29:58,2025-12-30T23:29:58,61.02,1.0,SetByAsk
2025-12-30 23:29:58,2025-12-30T23:29:58,61.02,1.0,SetByAsk
2025-12-30 23:29:58,2025-12-30T23:29:58,61.03,1.0,SetByBid
2025-12-30 23:29:58,2025-12-30T23:29:58,61.02,1.0,SetByAsk
2025-12-30 23:29:58,2025-12-30T23:29:58,61.02,1.0,SetByAsk
2025-12-30 23:29:58,2025-12-30T23:29:58,61.02,1.0,SetByAsk
2025-12-30 23:29:59,2025-12-30T23:29:59,61.02,1.0,SetByAsk
2025-12-30 23:29:59,2025-12-30T23:29:59,61.01,1.0,SetByAsk
2025-12-30 23:29:59,2025-12-30T23:29:59,61.01,1.0,SetByAsk
2025-12-30 23:30:00,2025-12-30T23:30:00,61.02,1.0,SetByBid
2025-12-30 23:30:00,2025-12-30T23:30:00,61.02,1.0,SetByBid
2025-12-30 23:30:00,2025-12-30T23:30:00,61.02,1.0,SetByBid
2025-12-30 23:30:00,2025-12-30T23:30:00,61.02,2.0,SetByBid
2025-12-30 23:30:00,2025-12-30T23:30:00,61.01,1.0,SetByAsk
2025-12-30 23:30:00,2025-12-30T23:30:00,61.01,1.0,SetByAsk
2025-12-30 23:30:01,2025-12-30T23:30:01,61.01,6.0,SetByAsk
2025-12-30 23:30:01,2025-12-30T23:30:01,61.01,3.0,SetByAsk
2025-12-30 23:30:03,2025-12-30T23:30:03,61.0,3.0,SetByAsk
2025-12-30 23:30:04,2025-12-30T23:30:04,61.0,1.0,SetByAsk
2025-12-30 23:30:06,2025-12-30T23:30:06,61.0,1.0,SetByAsk
2025-12-30 23:30:06,2025-12-30T23:30:06,61.0,1.0,SetByAsk
2025-12-30 23:30:06,2025-12-30T23:30:06,61.0,5.0,SetByAsk
2025-12-30 23:30:06,2025-12-30T23:30:06,61.0,1.0,SetByAsk
2025-12-30 23:30:06,2025-12-30T23:30:06,61.0,2.0,SetByAsk
2025-12-30 23:30:06,2025-12-30T23:30:06,61.0,1.0,SetByBid
2025-12-30 23:30:06,2025-12-30T23:30:06,61.0,1.0,SetByBid
2025-12-30 23:30:06,2025-12-30T23:30:06,61.0,1.0,SetByBid
2025-12-30 23:30:06,2025-12-30T23:30:06,61.0,1.0,SetByBid
2025-12-30 23:30:06,2025-12-30T23:30:06,61.0,1.0,SetByBid
2025-12-30 23:30:08,2025-12-30T23:30:08,61.01,1.0,SetByBid
2025-12-30 23:30:08,2025-12-30T23:30:08,61.01,1.0,SetByBid
2025-12-30 23:30:08,2025-12-30T23:30:08,61.01,1.0,SetByAsk
2025-12-30 23:30:08,2025-12-30T23:30:08,61.01,1.0,SetByAsk
2025-12-30 23:30:10,2025-12-30T23:30:10,61.01,1.0,SetByBid
2025-12-30 23:30:11,2025-12-30T23:30:11,61.0,1.0,SetByAsk
2025-12-30 23:30:11,2025-12-30T23:30:11,61.0,1.0,SetByBid
2025-12-30 23:30:18,2025-12-30T23:30:18,61.0,1.0,SetByAsk
2025-12-30 23:30:18,2025-12-30T23:30:18,61.0,4.0,SetByBid
2025-12-30 23:30:23,2025-12-30T23:30:23,60.99,1.0,SetByAsk
2025-12-30 23:30:23,2025-12-30T23:30:23,60.99,1.0,SetByAsk
2025-12-30 23:30:23,2025-12-30T23:30:23,60.99,1.0,SetByBid
2025-12-30 23:30:37,2025-12-30T23:30:37,61.0,1.0,SetByBid
2025-12-30 23:30:37,2025-12-30T23:30:37,61.0,4.0,SetByBid
2025-12-30 23:30:37,2025-12-30T23:30:37,61.0,3.0,SetByBid
2025-12-30 23:30:39,2025-12-30T23:30:39,61.0,1.0,SetByAsk
2025-12-30 23:30:39,2025-12-30T23:30:39,61.0,1.0,SetByAsk
2025-12-30 23:30:39,2025-12-30T23:30:39,61.0,1.0,SetByAsk
2025-12-30 23:30:43,2025-12-30T23:30:43,61.01,2.0,SetByBid
2025-12-30 23:30:43,2025-12-30T23:30:43,61.01,1.0,SetByBid
2025-12-30 23:30:43,2025-12-30T23:30:43,61.01,1.0,SetByBid
2025-12-30 23:30:43,2025-12-30T23:30:43,61.01,1.0,SetByBid
2025-12-30 23:30:43,2025-12-30T23:30:43,61.01,1.0,SetByBid
2025-12-30 23:30:43,2025-12-30T23:30:43,61.01,1.0,SetByBid
2025-12-30 23:30:43,2025-12-30T23:30:43,61.01,1.0,SetByBid
2025-12-30 23:30:43,2025-12-30T23:30:43,61.01,1.0,SetByBid
2025-12-30 23:30:43,2025-12-30T23:30:43,61.01,1.0,SetByBid
2025-12-30 23:30:46,2025-12-30T23:30:46,61.02,2.0,SetByAsk
2025-12-30 23:31:04,2025-12-30T23:31:04,61.03,3.0,SetByBid
2025-12-30 23:31:04,2025-12-30T23:31:04,61.03,1.0,SetByBid
2025-12-30 23:31:04,2025-12-30T23:31:04,61.03,1.0,SetByBid
2025-12-30 23:31:04,2025-12-30T23:31:04,61.03,1.0,SetByBid
2025-12-30 23:31:04,2025-12-30T23:31:04,61.03,1.0,SetByAsk
2025-12-30 23:31:17,2025-12-30T23:31:17,61.04,1.0,SetByAsk
2025-12-30 23:31:34,2025-12-30T23:31:34,61.05,1.0,SetByBid
2025-12-30 23:31:55,2025-12-30T23:31:55,61.05,1.0,SetByAsk
2025-12-30 23:31:55,2025-12-30T23:31:55,61.05,1.0,SetByAsk
2025-12-30 23:31:55,2025-12-30T23:31:55,61.05,1.0,SetByAsk
2025-12-30 23:32:08,2025-12-30T23:32:08,61.05,1.0,SetByAsk
2025-12-30 23:32:08,2025-12-30T23:32:08,61.05,2.0,SetByAsk
2025-12-30 23:32:09,2025-12-30T23:32:09,61.05,1.0,SetByAsk
2025-12-30 23:32:28,2025-12-30T23:32:28,61.04,1.0,SetByAsk
2025-12-30 23:32:28,2025-12-30T23:32:28,61.04,1.0,SetByAsk
2025-12-30 23:32:28,2025-12-30T23:32:28,61.04,1.0,SetByBid
2025-12-30 23:32:55,2025-12-30T23:32:55,61.04,1.0,SetByAsk
2025-12-30 23:32:56,2025-12-30T23:32:56,61.04,3.0,SetByAsk
2025-12-30 23:33:20,2025-12-30T23:33:20,61.04,3.0,SetByAsk
2025-12-30 23:33:20,2025-12-30T23:33:20,61.04,1.0,SetByAsk
2025-12-30 23:33:31,2025-12-30T23:33:31,61.04,2.0,SetByAsk
2025-12-30 23:33:44,2025-12-30T23:33:44,61.03,1.0,SetByAsk
2025-12-30 23:34:04,2025-12-30T23:34:04,61.03,1.0,SetByAsk
2025-12-30 23:34:04,2025-12-30T23:34:04,61.03,1.0,SetByAsk
2025-12-30 23:34:04,2025-12-30T23:34:04,61.03,1.0,SetByBid
2025-12-30 23:35:01,2025-12-30T23:35:01,61.03,1.0,SetByAsk
2025-12-30 23:35:01,2025-12-30T23:35:01,61.03,3.0,SetByAsk
2025-12-30 23:35:34,2025-12-30T23:35:34,61.06,1.0,SetByAsk
2025-12-30 23:35:54,2025-12-30T23:35:54,61.06,4.0,SetByAsk
2025-12-30 23:35:54,2025-12-30T23:35:54,61.06,3.0,SetByAsk
2025-12-30 23:35:54,2025-12-30T23:35:54,61.06,1.0,SetByAsk
2025-12-30 23:35:54,2025-12-30T23:35:54,61.06,1.0,SetByAsk
2025-12-30 23:35:54,2025-12-30T23:35:54,61.06,1.0,SetByAsk
2025-12-30 23:35:54,2025-12-30T23:35:54,61.06,1.0,SetByAsk
2025-12-30 23:35:54,2025-12-30T23:35:54,61.06,1.0,SetByAsk
2025-12-30 23:35:54,2025-12-30T23:35:54,61.06,1.0,SetByAsk
2025-12-30 23:35:54,2025-12-30T23:35:54,61.06,1.0,SetByAsk
2025-12-30 23:35:54,2025-12-30T23:35:54,61.06,1.0,SetByAsk
2025-12-30 23:35:54,2025-12-30T23:35:54,61.06,1.0,SetByAsk
2025-12-30 23:35:54,2025-12-30T23:35:54,61.06,1.0,SetByAsk
2025-12-30 23:35:54,2025-12-30T23:35:54,61.06,23.0,SetByBid
2025-12-30 23:36:00,2025-12-30T23:36:00,61.06,1.0,SetByAsk
2025-12-30 23:36:00,2025-12-30T23:36:00,61.06,1.0,SetByBid
2025-12-30 23:36:22,2025-12-30T23:36:22,61.07,8.0,SetByBid
2025-12-30 23:36:22,2025-12-30T23:36:22,61.07,1.0,SetByBid
2025-12-30 23:36:27,2025-12-30T23:36:27,61.07,1.0,SetByBid
2025-12-30 23:36:32,2025-12-30T23:36:32,61.07,1.0,SetByAsk
2025-12-30 23:36:38,2025-12-30T23:36:38,61.07,1.0,SetByAsk
2025-12-30 23:36:40,2025-12-30T23:36:40,61.07,1.0,SetByAsk
2025-12-30 23:36:46,2025-12-30T23:36:46,61.07,1.0,SetByAsk
2025-12-30 23:36:46,2025-12-30T23:36:46,61.07,1.0,SetByAsk
2025-12-30 23:36:46,2025-12-30T23:36:46,61.06,4.0,SetByAsk
2025-12-30 23:36:46,2025-12-30T23:36:46,61.06,1.0,SetByAsk
2025-12-30 23:36:46,2025-12-30T23:36:46,61.07,1.0,SetByBid
2025-12-30 23:37:34,2025-12-30T23:37:34,61.09,3.0,SetByBid
2025-12-30 23:37:34,2025-12-30T23:37:34,61.09,1.0,SetByBid
2025-12-30 23:37:35,2025-12-30T23:37:35,61.09,1.0,SetByBid
2025-12-30 23:37:48,2025-12-30T23:37:48,61.08,3.0,SetByAsk
2025-12-30 23:37:48,2025-12-30T23:37:48,61.08,1.0,SetByAsk
2025-12-30 23:37:49,2025-12-30T23:37:49,61.09,2.0,SetByBid
2025-12-30 23:37:49,2025-12-30T23:37:49,61.09,1.0,SetByBid
2025-12-30 23:37:49,2025-12-30T23:37:49,61.09,1.0,SetByBid
2025-12-30 23:38:04,2025-12-30T23:38:04,61.09,2.0,SetByBid
2025-12-30 23:38:04,2025-12-30T23:38:04,61.09,1.0,SetByBid
2025-12-30 23:38:04,2025-12-30T23:38:04,61.09,1.0,SetByBid
2025-12-30 23:38:13,2025-12-30T23:38:13,61.1,1.0,SetByBid
2025-12-30 23:38:44,2025-12-30T23:38:44,61.1,4.0,SetByAsk
2025-12-30 23:38:44,2025-12-30T23:38:44,61.1,1.0,SetByAsk
2025-12-30 23:38:44,2025-12-30T23:38:44,61.1,1.0,SetByAsk
2025-12-30 23:38:44,2025-12-30T23:38:44,61.1,2.0,SetByAsk
2025-12-30 23:38:44,2025-12-30T23:38:44,61.1,1.0,SetByAsk
2025-12-30 23:38:44,2025-12-30T23:38:44,61.1,4.0,SetByAsk
2025-12-30 23:39:00,2025-12-30T23:39:00,61.11,1.0,SetByBid
2025-12-30 23:39:00,2025-12-30T23:39:00,61.11,1.0,SetByBid
2025-12-30 23:39:01,2025-12-30T23:39:01,61.11,1.0,SetByAsk
2025-12-30 23:39:01,2025-12-30T23:39:01,61.11,3.0,SetByBid
2025-12-30 23:39:09,2025-12-30T23:39:09,61.11,1.0,SetByBid
2025-12-30 23:39:09,2025-12-30T23:39:09,61.11,3.0,SetByBid
2025-12-30 23:39:11,2025-12-30T23:39:11,61.11,3.0,SetByBid
2025-12-30 23:39:50,2025-12-30T23:39:50,61.1,2.0,SetByAsk
2025-12-30 23:39:50,2025-12-30T23:39:50,61.1,2.0,SetByBid
2025-12-30 23:40:48,2025-12-30T23:40:48,61.09,1.0,SetByBid
2025-12-30 23:40:48,2025-12-30T23:40:48,61.09,2.0,SetByBid
2025-12-30 23:41:14,2025-12-30T23:41:14,61.1,1.0,SetByBid
2025-12-30 23:41:47,2025-12-30T23:41:47,61.09,2.0,SetByBid
2025-12-30 23:41:48,2025-12-30T23:41:48,61.09,4.0,SetByBid
2025-12-30 23:41:58,2025-12-30T23:41:58,61.1,1.0,SetByBid
2025-12-30 23:42:09,2025-12-30T23:42:09,61.1,1.0,SetByAsk
2025-12-30 23:42:23,2025-12-30T23:42:23,61.1,1.0,SetByAsk
2025-12-30 23:42:23,2025-12-30T23:42:23,61.1,2.0,SetByAsk
2025-12-30 23:42:23,2025-12-30T23:42:23,61.1,1.0,SetByBid
2025-12-30 23:43:46,2025-12-30T23:43:46,61.1,1.0,SetByBid
2025-12-30 23:43:46,2025-12-30T23:43:46,61.1,1.0,SetByBid
2025-12-30 23:45:43,2025-12-30T23:45:43,61.11,1.0,SetByBid
2025-12-30 23:45:51,2025-12-30T23:45:51,61.1,1.0,SetByAsk
2025-12-30 23:45:55,2025-12-30T23:45:55,61.1,1.0,SetByBid
2025-12-30 23:45:55,2025-12-30T23:45:55,61.1,3.0,SetByBid
2025-12-30 23:45:55,2025-12-30T23:45:55,61.1,4.0,SetByBid
2025-12-30 23:48:44,2025-12-30T23:48:44,61.09,1.0,SetByAsk
2025-12-30 23:49:19,2025-12-30T23:49:19,61.07,1.0,SetByBid
2025-12-30 23:49:56,2025-12-30T23:49:56,61.06,1.0,SetByBid
2025-12-30 23:49:56,2025-12-30T23:49:56,61.06,2.0,SetByBid
2025-12-30 23:49:57,2025-12-30T23:49:57,61.05,1.0,SetByAsk
2025-12-30 23:52:49,2025-12-30T23:52:49,61.03,1.0,SetByAsk
2025-12-30 23:54:15,2025-12-30T23:54:15,61.03,1.0,SetByAsk
2025-12-30 23:54:15,2025-12-30T23:54:15,61.03,2.0,SetByAsk
2025-12-30 23:54:20,2025-12-30T23:54:20,61.02,1.0,SetByAsk
2025-12-30 23:54:20,2025-12-30T23:54:20,61.02,1.0,SetByAsk
2025-12-30 23:54:55,2025-12-30T23:54:55,61.03,1.0,SetByBid
2025-12-30 23:55:33,2025-12-30T23:55:33,61.02,1.0,SetByAsk
2025-12-30 23:55:33,2025-12-30T23:55:33,61.02,1.0,SetByBid
2025-12-30 23:55:33,2025-12-30T23:55:33,61.02,2.0,SetByBid
2025-12-30 23:56:02,2025-12-30T23:56:02,61.02,1.0,SetByAsk
2025-12-30 23:56:02,2025-12-30T23:56:02,61.02,1.0,SetByAsk
2025-12-30 23:56:02,2025-12-30T23:56:02,61.02,1.0,SetByAsk
2025-12-30 23:56:02,2025-12-30T23:56:02,61.02,1.0,SetByAsk
2025-12-30 23:57:55,2025-12-30T23:57:55,61.02,1.0,SetByBid
2025-12-30 23:59:19,2025-12-30T23:59:19,61.02,1.0,SetByAsk
2025-12-30 23:59:30,2025-12-30T23:59:30,61.03,1.0,SetByBid
2025-12-30 23:59:55,2025-12-30T23:59:55,61.02,1.0,SetByAsk
2025-12-30 23:59:55,2025-12-30T23:59:55,61.04,1.0,SetByBid
