Time,Time,%BRN 1!-ICE.Price,%BRN 1!-ICE.Size,%BRN 1!-ICE.Conditions
2025-12-22 03:00:00,2025-12-22T03:00:00,59.9,2.0,SetByBid
2025-12-22 03:00:00,2025-12-22T03:00:00,59.9,1.0,SetByBid
2025-12-22 03:00:00,2025-12-22T03:00:00,59.9,1.0,SetByBid
2025-12-22 03:00:00,2025-12-22T03:00:00,59.9,1.0,SetByBid
2025-12-22 03:00:00,2025-12-22T03:00:00,59.9,1.0,SetByBid
2025-12-22 03:00:00,2025-12-22T03:00:00,59.9,1.0,SetByBid
2025-12-22 03:00:00,2025-12-22T03:00:00,59.9,1.0,SetByBid
2025-12-22 03:00:00,2025-12-22T03:00:00,59.9,1.0,SetByBid
2025-12-22 03:00:00,2025-12-22T03:00:00,59.89,1.0,SetByAsk
2025-12-22 03:00:07,2025-12-22T03:00:07,60.02,2.0,SetByBid
2025-12-22 03:00:11,2025-12-22T03:00:11,60.04,1.0,SetByAsk
2025-12-22 03:00:27,2025-12-22T03:00:27,60.07,2.0,SetByBid
2025-12-22 03:00:29,2025-12-22T03:00:29,60.07,2.0,SetByBid
2025-12-22 03:00:29,2025-12-22T03:00:29,60.07,1.0,SetByBid
2025-12-22 03:00:29,2025-12-22T03:00:29,60.07,1.0,SetByBid
2025-12-22 03:00:29,2025-12-22T03:00:29,60.07,1.0,SetByBid
2025-12-22 03:00:29,2025-12-22T03:00:29,60.07,1.0,SetByBid
2025-12-22 03:00:29,2025-12-22T03:00:29,60.07,1.0,SetByBid
2025-12-22 03:00:29,2025-12-22T03:00:29,60.08,1.0,SetByBid
2025-12-22 03:00:34,2025-12-22T03:00:34,60.08,1.0,SetByBid
2025-12-22 03:00:34,2025-12-22T03:00:34,60.08,1.0,SetByBid
2025-12-22 03:00:34,2025-12-22T03:00:34,60.08,3.0,SetByBid
2025-12-22 03:00:40,2025-12-22T03:00:40,60.09,2.0,SetByAsk
2025-12-22 03:01:02,2025-12-22T03:01:02,60.21,1.0,SetByAsk
2025-12-22 03:01:02,2025-12-22T03:01:02,60.26,1.0,SetByBid
2025-12-22 03:01:47,2025-12-22T03:01:47,60.23,1.0,SetByAsk
2025-12-22 03:02:32,2025-12-22T03:02:32,60.28,1.0,SetByBid
2025-12-22 03:02:32,2025-12-22T03:02:32,60.27,1.0,SetByBid
2025-12-22 03:02:32,2025-12-22T03:02:32,60.28,1.0,SetByBid
2025-12-22 03:02:32,2025-12-22T03:02:32,60.28,1.0,SetByBid
2025-12-22 03:02:35,2025-12-22T03:02:35,60.26,2.0,SetByAsk
2025-12-22 03:03:15,2025-12-22T03:03:15,60.28,1.0,SetByAsk
2025-12-22 03:04:05,2025-12-22T03:04:05,60.26,2.0,SetByAsk
2025-12-22 03:06:40,2025-12-22T03:06:40,60.27,9.0,SetByAsk
2025-12-22 03:06:40,2025-12-22T03:06:40,60.27,10.0,SetByAsk
2025-12-22 03:07:21,2025-12-22T03:07:21,60.25,1.0,SetByBid
2025-12-22 03:11:41,2025-12-22T03:11:41,60.21,1.0,SetByAsk
2025-12-22 03:11:41,2025-12-22T03:11:41,60.21,1.0,SetByAsk
2025-12-22 03:11:41,2025-12-22T03:11:41,60.21,1.0,SetByAsk
2025-12-22 03:12:11,2025-12-22T03:12:11,60.19,1.0,SetByAsk
2025-12-22 03:12:36,2025-12-22T03:12:36,60.19,1.0,SetByAsk
2025-12-22 03:12:46,2025-12-22T03:12:46,60.19,1.0,SetByAsk
2025-12-22 03:13:05,2025-12-22T03:13:05,60.19,1.0,SetByAsk
2025-12-22 03:13:20,2025-12-22T03:13:20,60.19,1.0,SetByAsk
2025-12-22 03:14:03,2025-12-22T03:14:03,60.19,1.0,SetByAsk
2025-12-22 03:14:08,2025-12-22T03:14:08,60.19,1.0,SetByAsk
2025-12-22 03:14:18,2025-12-22T03:14:18,60.19,1.0,SetByAsk
2025-12-22 03:14:19,2025-12-22T03:14:19,60.16,1.0,SetByAsk
2025-12-22 03:14:20,2025-12-22T03:14:20,60.19,1.0,SetByBid
2025-12-22 03:14:23,2025-12-22T03:14:23,60.17,1.0,SetByAsk
2025-12-22 03:14:49,2025-12-22T03:14:49,60.19,1.0,SetByAsk
2025-12-22 03:14:49,2025-12-22T03:14:49,60.19,1.0,SetByAsk
2025-12-22 03:15:06,2025-12-22T03:15:06,60.17,1.0,SetByAsk
2025-12-22 03:15:06,2025-12-22T03:15:06,60.16,1.0,SetByAsk
2025-12-22 03:15:06,2025-12-22T03:15:06,60.16,1.0,SetByAsk
2025-12-22 03:15:06,2025-12-22T03:15:06,60.16,1.0,SetByAsk
2025-12-22 03:15:06,2025-12-22T03:15:06,60.16,1.0,SetByAsk
2025-12-22 03:15:06,2025-12-22T03:15:06,60.16,1.0,SetByAsk
2025-12-22 03:15:06,2025-12-22T03:15:06,60.16,1.0,SetByAsk
2025-12-22 03:15:06,2025-12-22T03:15:06,60.16,1.0,SetByAsk
2025-12-22 03:15:06,2025-12-22T03:15:06,60.16,1.0,SetByAsk
2025-12-22 03:15:06,2025-12-22T03:15:06,60.16,1.0,SetByAsk
2025-12-22 03:15:06,2025-12-22T03:15:06,60.16,1.0,SetByAsk
2025-12-22 03:15:06,2025-12-22T03:15:06,60.16,1.0,SetByAsk
2025-12-22 03:15:06,2025-12-22T03:15:06,60.16,1.0,SetByAsk
2025-12-22 03:15:06,2025-12-22T03:15:06,60.16,1.0,SetByAsk
2025-12-22 03:15:06,2025-12-22T03:15:06,60.16,1.0,SetByAsk
2025-12-22 03:15:06,2025-12-22T03:15:06,60.16,1.0,SetByAsk
2025-12-22 03:15:06,2025-12-22T03:15:06,60.16,1.0,SetByAsk
2025-12-22 03:15:06,2025-12-22T03:15:06,60.16,1.0,SetByAsk
2025-12-22 03:15:06,2025-12-22T03:15:06,60.16,1.0,SetByAsk
2025-12-22 03:15:06,2025-12-22T03:15:06,60.16,1.0,SetByAsk
2025-12-22 03:15:06,2025-12-22T03:15:06,60.16,1.0,SetByAsk
2025-12-22 03:15:06,2025-12-22T03:15:06,60.16,1.0,SetByAsk
2025-12-22 03:15:06,2025-12-22T03:15:06,60.16,1.0,SetByAsk
2025-12-22 03:15:06,2025-12-22T03:15:06,60.16,1.0,SetByAsk
2025-12-22 03:15:06,2025-12-22T03:15:06,60.16,1.0,SetByAsk
2025-12-22 03:15:06,2025-12-22T03:15:06,60.17,1.0,SetByAsk
2025-12-22 03:15:06,2025-12-22T03:15:06,60.16,1.0,SetByAsk
2025-12-22 03:15:06,2025-12-22T03:15:06,60.16,1.0,SetByAsk
2025-12-22 03:15:06,2025-12-22T03:15:06,60.16,1.0,SetByAsk
2025-12-22 03:15:06,2025-12-22T03:15:06,60.16,1.0,SetByAsk
2025-12-22 03:15:06,2025-12-22T03:15:06,60.16,1.0,SetByAsk
2025-12-22 03:15:06,2025-12-22T03:15:06,60.16,1.0,SetByAsk
2025-12-22 03:15:06,2025-12-22T03:15:06,60.16,1.0,SetByAsk
2025-12-22 03:15:06,2025-12-22T03:15:06,60.16,1.0,SetByAsk
2025-12-22 03:15:06,2025-12-22T03:15:06,60.16,1.0,SetByAsk
2025-12-22 03:15:06,2025-12-22T03:15:06,60.16,1.0,SetByAsk
2025-12-22 03:15:06,2025-12-22T03:15:06,60.16,1.0,SetByAsk
2025-12-22 03:15:06,2025-12-22T03:15:06,60.16,1.0,SetByAsk
2025-12-22 03:15:06,2025-12-22T03:15:06,60.15,1.0,SetByAsk
2025-12-22 03:15:06,2025-12-22T03:15:06,60.15,1.0,SetByAsk
2025-12-22 03:15:06,2025-12-22T03:15:06,60.15,1.0,SetByAsk
2025-12-22 03:15:06,2025-12-22T03:15:06,60.15,1.0,SetByAsk
2025-12-22 03:15:06,2025-12-22T03:15:06,60.15,1.0,SetByAsk
2025-12-22 03:15:06,2025-12-22T03:15:06,60.15,1.0,SetByAsk
2025-12-22 03:15:07,2025-12-22T03:15:07,60.18,1.0,SetByBid
2025-12-22 03:15:07,2025-12-22T03:15:07,60.18,1.0,SetByBid
2025-12-22 03:15:22,2025-12-22T03:15:22,60.19,1.0,SetByBid
2025-12-22 03:15:37,2025-12-22T03:15:37,60.22,2.0,SetByAsk
2025-12-22 03:16:08,2025-12-22T03:16:08,60.22,1.0,SetByAsk
2025-12-22 03:16:13,2025-12-22T03:16:13,60.22,1.0,SetByAsk
2025-12-22 03:16:18,2025-12-22T03:16:18,60.22,1.0,SetByAsk
2025-12-22 03:16:18,2025-12-22T03:16:18,60.22,1.0,SetByAsk
2025-12-22 03:16:28,2025-12-22T03:16:28,60.22,1.0,SetByAsk
2025-12-22 03:16:33,2025-12-22T03:16:33,60.23,1.0,SetByAsk
2025-12-22 03:17:14,2025-12-22T03:17:14,60.2,1.0,SetByBid
2025-12-22 03:17:54,2025-12-22T03:17:54,60.18,1.0,SetByAsk
2025-12-22 03:17:54,2025-12-22T03:17:54,60.18,1.0,SetByAsk
2025-12-22 03:17:54,2025-12-22T03:17:54,60.18,1.0,SetByAsk
2025-12-22 03:18:59,2025-12-22T03:18:59,60.2,3.0,SetByBid
2025-12-22 03:21:03,2025-12-22T03:21:03,60.14,1.0,SetByBid
2025-12-22 03:24:40,2025-12-22T03:24:40,60.19,1.0,SetByAsk
2025-12-22 03:24:50,2025-12-22T03:24:50,60.19,1.0,SetByAsk
2025-12-22 03:25:00,2025-12-22T03:25:00,60.19,1.0,SetByAsk
2025-12-22 03:25:10,2025-12-22T03:25:10,60.19,1.0,SetByAsk
2025-12-22 03:25:15,2025-12-22T03:25:15,60.19,1.0,SetByAsk
2025-12-22 03:25:25,2025-12-22T03:25:25,60.19,1.0,SetByAsk
2025-12-22 03:25:38,2025-12-22T03:25:38,60.18,1.0,SetByAsk
2025-12-22 03:25:48,2025-12-22T03:25:48,60.19,1.0,SetByAsk
2025-12-22 03:25:58,2025-12-22T03:25:58,60.19,1.0,SetByAsk
2025-12-22 03:29:32,2025-12-22T03:29:32,60.2,1.0,SetByBid
2025-12-22 03:30:05,2025-12-22T03:30:05,60.17,1.0,SetByAsk
2025-12-22 03:30:10,2025-12-22T03:30:10,60.17,1.0,SetByAsk
2025-12-22 03:30:20,2025-12-22T03:30:20,60.17,1.0,SetByAsk
2025-12-22 03:45:53,2025-12-22T03:45:53,60.14,1.0,SetByBid
2025-12-22 03:46:07,2025-12-22T03:46:07,60.14,1.0,SetByAsk
2025-12-22 03:46:12,2025-12-22T03:46:12,60.13,1.0,SetByAsk
2025-12-22 03:46:22,2025-12-22T03:46:22,60.13,1.0,SetByAsk
2025-12-22 03:46:27,2025-12-22T03:46:27,60.12,1.0,SetByAsk
2025-12-22 03:46:32,2025-12-22T03:46:32,60.12,1.0,SetByAsk
2025-12-22 03:46:37,2025-12-22T03:46:37,60.13,1.0,SetByAsk
2025-12-22 03:46:46,2025-12-22T03:46:46,60.13,1.0,SetByAsk
2025-12-22 03:48:10,2025-12-22T03:48:10,60.16,1.0,SetByBid
2025-12-22 03:48:10,2025-12-22T03:48:10,60.16,1.0,SetByBid
2025-12-22 03:48:10,2025-12-22T03:48:10,60.16,1.0,SetByBid
2025-12-22 03:48:10,2025-12-22T03:48:10,60.16,1.0,SetByBid
2025-12-22 03:48:10,2025-12-22T03:48:10,60.16,1.0,SetByBid
2025-12-22 03:48:10,2025-12-22T03:48:10,60.16,1.0,SetByBid
2025-12-22 03:49:08,2025-12-22T03:49:08,60.17,1.0,SetByAsk
2025-12-22 03:49:08,2025-12-22T03:49:08,60.17,1.0,SetByAsk
2025-12-22 04:00:24,2025-12-22T04:00:24,60.17,1.0,SetByAsk
2025-12-22 04:01:34,2025-12-22T04:01:34,60.17,1.0,SetByAsk
2025-12-22 04:01:46,2025-12-22T04:01:46,60.18,1.0,SetByBid
2025-12-22 04:01:59,2025-12-22T04:01:59,60.18,1.0,SetByAsk
2025-12-22 04:03:48,2025-12-22T04:03:48,60.18,1.0,SetByAsk
2025-12-22 04:04:58,2025-12-22T04:04:58,60.18,1.0,SetByAsk
2025-12-22 04:04:58,2025-12-22T04:04:58,60.18,1.0,SetByBid
2025-12-22 04:05:35,2025-12-22T04:05:35,60.17,1.0,SetByAsk
2025-12-22 04:05:55,2025-12-22T04:05:55,60.17,1.0,SetByAsk
2025-12-22 04:07:31,2025-12-22T04:07:31,60.18,1.0,SetByAsk
2025-12-22 04:07:44,2025-12-22T04:07:44,60.19,1.0,SetByBid
2025-12-22 04:08:14,2025-12-22T04:08:14,60.19,1.0,SetByBid
2025-12-22 04:08:14,2025-12-22T04:08:14,60.19,1.0,SetByBid
2025-12-22 04:11:37,2025-12-22T04:11:37,60.21,2.0,SetByAsk
2025-12-22 04:11:37,2025-12-22T04:11:37,60.21,1.0,SetByAsk
2025-12-22 04:11:37,2025-12-22T04:11:37,60.21,1.0,SetByAsk
2025-12-22 04:15:57,2025-12-22T04:15:57,60.21,1.0,SetByAsk
2025-12-22 04:24:48,2025-12-22T04:24:48,60.18,1.0,SetByAsk
2025-12-22 04:25:03,2025-12-22T04:25:03,60.18,1.0,SetByAsk
2025-12-22 04:25:18,2025-12-22T04:25:18,60.18,1.0,SetByAsk
2025-12-22 04:25:20,2025-12-22T04:25:20,60.2,1.0,SetByBid
2025-12-22 04:41:06,2025-12-22T04:41:06,60.2,1.0,SetByBid
2025-12-22 04:42:00,2025-12-22T04:42:00,60.19,1.0,SetByAsk
2025-12-22 04:42:06,2025-12-22T04:42:06,60.19,1.0,SetByAsk
2025-12-22 04:42:58,2025-12-22T04:42:58,60.19,1.0,SetByAsk
2025-12-22 04:44:49,2025-12-22T04:44:49,60.2,1.0,SetByBid
2025-12-22 04:46:39,2025-12-22T04:46:39,60.2,1.0,SetByAsk
2025-12-22 04:47:45,2025-12-22T04:47:45,60.2,1.0,SetByAsk
2025-12-22 04:48:16,2025-12-22T04:48:16,60.21,1.0,SetByBid
2025-12-22 04:48:28,2025-12-22T04:48:28,60.21,2.0,SetByAsk
2025-12-22 04:49:00,2025-12-22T04:49:00,60.21,1.0,SetByBid
2025-12-22 04:49:00,2025-12-22T04:49:00,60.21,1.0,SetByBid
2025-12-22 04:49:00,2025-12-22T04:49:00,60.21,1.0,SetByBid
2025-12-22 04:49:00,2025-12-22T04:49:00,60.21,1.0,SetByBid
2025-12-22 04:49:23,2025-12-22T04:49:23,60.21,1.0,SetByBid
2025-12-22 04:49:23,2025-12-22T04:49:23,60.21,1.0,SetByAsk
2025-12-22 04:49:23,2025-12-22T04:49:23,60.21,1.0,SetByAsk
2025-12-22 04:49:23,2025-12-22T04:49:23,60.21,1.0,SetByAsk
2025-12-22 04:49:23,2025-12-22T04:49:23,60.21,3.0,SetByAsk
2025-12-22 04:57:31,2025-12-22T04:57:31,60.2,1.0,SetByAsk
2025-12-22 04:57:41,2025-12-22T04:57:41,60.2,1.0,SetByAsk
2025-12-22 04:57:51,2025-12-22T04:57:51,60.2,1.0,SetByAsk
2025-12-22 04:58:01,2025-12-22T04:58:01,60.2,1.0,SetByAsk
2025-12-22 04:58:06,2025-12-22T04:58:06,60.2,1.0,SetByAsk
2025-12-22 04:58:15,2025-12-22T04:58:15,60.2,1.0,SetByAsk
2025-12-22 04:59:00,2025-12-22T04:59:00,60.2,1.0,SetByAsk
2025-12-22 04:59:00,2025-12-22T04:59:00,60.2,2.0,SetByAsk
2025-12-22 05:00:00,2025-12-22T05:00:00,60.23,1.0,SetByBid
2025-12-22 05:00:00,2025-12-22T05:00:00,60.23,1.0,SetByBid
2025-12-22 05:00:00,2025-12-22T05:00:00,60.23,1.0,SetByBid
2025-12-22 05:00:00,2025-12-22T05:00:00,60.23,1.0,SetByBid
2025-12-22 05:00:00,2025-12-22T05:00:00,60.23,1.0,SetByBid
2025-12-22 05:00:00,2025-12-22T05:00:00,60.23,1.0,SetByBid
2025-12-22 05:00:00,2025-12-22T05:00:00,60.23,1.0,SetByBid
2025-12-22 05:00:00,2025-12-22T05:00:00,60.23,2.0,SetByBid
2025-12-22 05:00:00,2025-12-22T05:00:00,60.23,1.0,SetByBid
2025-12-22 05:00:00,2025-12-22T05:00:00,60.23,1.0,SetByBid
2025-12-22 05:00:01,2025-12-22T05:00:01,60.24,1.0,SetByBid
2025-12-22 05:00:01,2025-12-22T05:00:01,60.24,1.0,SetByBid
2025-12-22 05:00:01,2025-12-22T05:00:01,60.24,1.0,SetByBid
2025-12-22 05:00:01,2025-12-22T05:00:01,60.24,1.0,SetByBid
2025-12-22 05:00:01,2025-12-22T05:00:01,60.24,1.0,SetByBid
2025-12-22 05:00:01,2025-12-22T05:00:01,60.24,1.0,SetByBid
2025-12-22 05:00:01,2025-12-22T05:00:01,60.24,1.0,SetByBid
2025-12-22 05:00:01,2025-12-22T05:00:01,60.25,1.0,SetByBid
2025-12-22 05:00:01,2025-12-22T05:00:01,60.25,4.0,SetByBid
2025-12-22 05:00:01,2025-12-22T05:00:01,60.25,1.0,SetByBid
2025-12-22 05:00:02,2025-12-22T05:00:02,60.25,1.0,SetByBid
2025-12-22 05:00:02,2025-12-22T05:00:02,60.25,1.0,SetByBid
2025-12-22 05:00:03,2025-12-22T05:00:03,60.25,1.0,SetByAsk
2025-12-22 05:00:03,2025-12-22T05:00:03,60.25,1.0,SetByBid
2025-12-22 05:00:03,2025-12-22T05:00:03,60.26,1.0,SetByBid
2025-12-22 05:00:05,2025-12-22T05:00:05,60.26,1.0,SetByBid
2025-12-22 05:00:05,2025-12-22T05:00:05,60.27,1.0,SetByBid
2025-12-22 05:00:06,2025-12-22T05:00:06,60.26,1.0,SetByAsk
2025-12-22 05:00:06,2025-12-22T05:00:06,60.26,1.0,SetByAsk
2025-12-22 05:00:06,2025-12-22T05:00:06,60.26,1.0,SetByBid
2025-12-22 05:00:06,2025-12-22T05:00:06,60.25,1.0,SetByAsk
2025-12-22 05:00:06,2025-12-22T05:00:06,60.26,1.0,SetByBid
2025-12-22 05:00:06,2025-12-22T05:00:06,60.26,1.0,SetByBid
2025-12-22 05:00:07,2025-12-22T05:00:07,60.26,1.0,SetByBid
2025-12-22 05:00:07,2025-12-22T05:00:07,60.26,1.0,SetByBid
2025-12-22 05:00:08,2025-12-22T05:00:08,60.25,2.0,SetByBid
2025-12-22 05:00:10,2025-12-22T05:00:10,60.25,1.0,SetByAsk
2025-12-22 05:00:11,2025-12-22T05:00:11,60.26,1.0,SetByBid
2025-12-22 05:00:11,2025-12-22T05:00:11,60.25,1.0,SetByAsk
2025-12-22 05:00:11,2025-12-22T05:00:11,60.26,1.0,SetByBid
2025-12-22 05:00:11,2025-12-22T05:00:11,60.25,1.0,SetByAsk
2025-12-22 05:00:11,2025-12-22T05:00:11,60.26,1.0,SetByBid
2025-12-22 05:00:11,2025-12-22T05:00:11,60.26,1.0,SetByBid
2025-12-22 05:00:11,2025-12-22T05:00:11,60.26,1.0,SetByBid
2025-12-22 05:00:12,2025-12-22T05:00:12,60.26,1.0,SetByAsk
2025-12-22 05:00:12,2025-12-22T05:00:12,60.26,1.0,SetByBid
2025-12-22 05:00:12,2025-12-22T05:00:12,60.27,1.0,SetByBid
2025-12-22 05:00:12,2025-12-22T05:00:12,60.26,1.0,SetByAsk
2025-12-22 05:00:13,2025-12-22T05:00:13,60.26,1.0,SetByBid
2025-12-22 05:00:13,2025-12-22T05:00:13,60.27,1.0,SetByBid
2025-12-22 05:00:13,2025-12-22T05:00:13,60.27,1.0,SetByBid
2025-12-22 05:00:14,2025-12-22T05:00:14,60.27,1.0,SetByBid
2025-12-22 05:00:14,2025-12-22T05:00:14,60.27,1.0,SetByBid
2025-12-22 05:00:15,2025-12-22T05:00:15,60.27,1.0,SetByBid
2025-12-22 05:00:15,2025-12-22T05:00:15,60.27,1.0,SetByBid
2025-12-22 05:00:15,2025-12-22T05:00:15,60.26,1.0,SetByBid
2025-12-22 05:00:15,2025-12-22T05:00:15,60.26,1.0,SetByBid
2025-12-22 05:00:16,2025-12-22T05:00:16,60.26,1.0,SetByBid
2025-12-22 05:00:16,2025-12-22T05:00:16,60.26,1.0,SetByBid
2025-12-22 05:00:16,2025-12-22T05:00:16,60.26,1.0,SetByAsk
2025-12-22 05:00:16,2025-12-22T05:00:16,60.26,1.0,SetByBid
2025-12-22 05:00:17,2025-12-22T05:00:17,60.27,1.0,SetByBid
2025-12-22 05:00:17,2025-12-22T05:00:17,60.27,1.0,SetByBid
2025-12-22 05:00:17,2025-12-22T05:00:17,60.27,1.0,SetByBid
2025-12-22 05:00:17,2025-12-22T05:00:17,60.27,1.0,SetByBid
2025-12-22 05:00:18,2025-12-22T05:00:18,60.26,1.0,SetByBid
2025-12-22 05:00:18,2025-12-22T05:00:18,60.27,1.0,SetByBid
2025-12-22 05:00:18,2025-12-22T05:00:18,60.26,1.0,SetByBid
2025-12-22 05:00:19,2025-12-22T05:00:19,60.24,1.0,SetByAsk
2025-12-22 05:00:20,2025-12-22T05:00:20,60.25,1.0,SetByBid
2025-12-22 05:00:20,2025-12-22T05:00:20,60.25,1.0,SetByBid
2025-12-22 05:00:20,2025-12-22T05:00:20,60.26,1.0,SetByBid
2025-12-22 05:00:20,2025-12-22T05:00:20,60.25,1.0,SetByAsk
2025-12-22 05:00:21,2025-12-22T05:00:21,60.25,1.0,SetByBid
2025-12-22 05:00:21,2025-12-22T05:00:21,60.26,1.0,SetByBid
2025-12-22 05:00:21,2025-12-22T05:00:21,60.26,1.0,SetByBid
2025-12-22 05:00:21,2025-12-22T05:00:21,60.25,1.0,SetByAsk
2025-12-22 05:00:22,2025-12-22T05:00:22,60.26,1.0,SetByBid
2025-12-22 05:00:22,2025-12-22T05:00:22,60.26,1.0,SetByBid
2025-12-22 05:00:22,2025-12-22T05:00:22,60.26,1.0,SetByBid
2025-12-22 05:00:22,2025-12-22T05:00:22,60.25,1.0,SetByBid
2025-12-22 05:00:22,2025-12-22T05:00:22,60.25,1.0,SetByBid
2025-12-22 05:00:22,2025-12-22T05:00:22,60.25,1.0,SetByBid
2025-12-22 05:00:23,2025-12-22T05:00:23,60.25,1.0,SetByBid
2025-12-22 05:00:23,2025-12-22T05:00:23,60.25,1.0,SetByBid
2025-12-22 05:00:23,2025-12-22T05:00:23,60.25,1.0,SetByBid
2025-12-22 05:00:23,2025-12-22T05:00:23,60.25,1.0,SetByBid
2025-12-22 05:00:23,2025-12-22T05:00:23,60.25,1.0,SetByBid
2025-12-22 05:00:24,2025-12-22T05:00:24,60.25,1.0,SetByBid
2025-12-22 05:00:24,2025-12-22T05:00:24,60.25,1.0,SetByBid
2025-12-22 05:00:24,2025-12-22T05:00:24,60.25,1.0,SetByBid
2025-12-22 05:00:24,2025-12-22T05:00:24,60.25,1.0,SetByAsk
2025-12-22 05:00:24,2025-12-22T05:00:24,60.26,1.0,SetByBid
2025-12-22 05:00:25,2025-12-22T05:00:25,60.26,1.0,SetByBid
2025-12-22 05:00:25,2025-12-22T05:00:25,60.26,1.0,SetByBid
2025-12-22 05:00:25,2025-12-22T05:00:25,60.25,1.0,SetByBid
2025-12-22 05:00:26,2025-12-22T05:00:26,60.25,1.0,SetByBid
2025-12-22 05:00:26,2025-12-22T05:00:26,60.26,1.0,SetByBid
2025-12-22 05:00:26,2025-12-22T05:00:26,60.26,1.0,SetByBid
2025-12-22 05:00:27,2025-12-22T05:00:27,60.25,1.0,SetByBid
2025-12-22 05:00:27,2025-12-22T05:00:27,60.25,1.0,SetByBid
2025-12-22 05:00:28,2025-12-22T05:00:28,60.25,1.0,SetByBid
2025-12-22 05:00:28,2025-12-22T05:00:28,60.26,1.0,SetByBid
2025-12-22 05:00:28,2025-12-22T05:00:28,60.25,1.0,SetByBid
2025-12-22 05:00:29,2025-12-22T05:00:29,60.25,1.0,SetByBid
2025-12-22 05:00:29,2025-12-22T05:00:29,60.25,1.0,SetByBid
2025-12-22 05:00:29,2025-12-22T05:00:29,60.26,1.0,SetByBid
2025-12-22 05:00:30,2025-12-22T05:00:30,60.26,1.0,SetByBid
2025-12-22 05:00:30,2025-12-22T05:00:30,60.26,1.0,SetByBid
2025-12-22 05:00:31,2025-12-22T05:00:31,60.26,2.0,SetByBid
2025-12-22 05:00:31,2025-12-22T05:00:31,60.26,1.0,SetByBid
2025-12-22 05:00:31,2025-12-22T05:00:31,60.26,1.0,SetByBid
2025-12-22 05:00:32,2025-12-22T05:00:32,60.26,1.0,SetByBid
2025-12-22 05:00:32,2025-12-22T05:00:32,60.26,1.0,SetByBid
2025-12-22 05:00:32,2025-12-22T05:00:32,60.26,2.0,SetByBid
2025-12-22 05:00:33,2025-12-22T05:00:33,60.26,1.0,SetByBid
2025-12-22 05:00:33,2025-12-22T05:00:33,60.26,1.0,SetByBid
2025-12-22 05:00:34,2025-12-22T05:00:34,60.25,1.0,SetByBid
2025-12-22 05:00:34,2025-12-22T05:00:34,60.25,1.0,SetByBid
2025-12-22 05:00:34,2025-12-22T05:00:34,60.26,1.0,SetByBid
2025-12-22 05:00:35,2025-12-22T05:00:35,60.26,1.0,SetByBid
2025-12-22 05:00:35,2025-12-22T05:00:35,60.26,1.0,SetByBid
2025-12-22 05:00:35,2025-12-22T05:00:35,60.26,1.0,SetByBid
2025-12-22 05:00:36,2025-12-22T05:00:36,60.26,1.0,SetByBid
2025-12-22 05:00:36,2025-12-22T05:00:36,60.26,1.0,SetByBid
2025-12-22 05:00:36,2025-12-22T05:00:36,60.26,1.0,SetByBid
2025-12-22 05:00:37,2025-12-22T05:00:37,60.26,1.0,SetByBid
2025-12-22 05:00:37,2025-12-22T05:00:37,60.26,1.0,SetByBid
2025-12-22 05:00:37,2025-12-22T05:00:37,60.26,1.0,SetByBid
2025-12-22 05:00:38,2025-12-22T05:00:38,60.26,1.0,SetByBid
2025-12-22 05:00:38,2025-12-22T05:00:38,60.27,1.0,SetByBid
2025-12-22 05:00:38,2025-12-22T05:00:38,60.26,1.0,SetByBid
2025-12-22 05:00:38,2025-12-22T05:00:38,60.26,1.0,SetByBid
2025-12-22 05:00:39,2025-12-22T05:00:39,60.26,1.0,SetByBid
2025-12-22 05:00:39,2025-12-22T05:00:39,60.26,1.0,SetByBid
2025-12-22 05:00:40,2025-12-22T05:00:40,60.27,1.0,SetByBid
2025-12-22 05:00:40,2025-12-22T05:00:40,60.27,1.0,SetByBid
2025-12-22 05:00:40,2025-12-22T05:00:40,60.27,1.0,SetByBid
2025-12-22 05:00:40,2025-12-22T05:00:40,60.27,1.0,SetByBid
2025-12-22 05:00:41,2025-12-22T05:00:41,60.27,1.0,SetByBid
2025-12-22 05:00:41,2025-12-22T05:00:41,60.27,1.0,SetByBid
2025-12-22 05:01:23,2025-12-22T05:01:23,60.26,1.0,SetByBid
2025-12-22 05:02:33,2025-12-22T05:02:33,60.26,1.0,SetByAsk
2025-12-22 05:02:33,2025-12-22T05:02:33,60.26,1.0,SetByAsk
2025-12-22 05:02:33,2025-12-22T05:02:33,60.26,1.0,SetByBid
2025-12-22 05:02:33,2025-12-22T05:02:33,60.26,1.0,SetByBid
2025-12-22 05:02:33,2025-12-22T05:02:33,60.26,1.0,SetByBid
2025-12-22 05:02:33,2025-12-22T05:02:33,60.26,1.0,SetByBid
2025-12-22 05:02:39,2025-12-22T05:02:39,60.26,1.0,SetByAsk
2025-12-22 05:03:45,2025-12-22T05:03:45,60.24,1.0,SetByAsk
2025-12-22 05:03:46,2025-12-22T05:03:46,60.24,1.0,SetByBid
2025-12-22 05:03:55,2025-12-22T05:03:55,60.22,1.0,SetByAsk
2025-12-22 05:05:02,2025-12-22T05:05:02,60.23,1.0,SetByBid
2025-12-22 05:05:03,2025-12-22T05:05:03,60.23,1.0,SetByBid
2025-12-22 05:05:33,2025-12-22T05:05:33,60.21,1.0,SetByAsk
2025-12-22 05:05:33,2025-12-22T05:05:33,60.21,1.0,SetByAsk
2025-12-22 05:05:54,2025-12-22T05:05:54,60.21,1.0,SetByAsk
2025-12-22 05:07:33,2025-12-22T05:07:33,60.28,1.0,SetByBid
2025-12-22 05:07:33,2025-12-22T05:07:33,60.28,1.0,SetByBid
2025-12-22 05:09:04,2025-12-22T05:09:04,60.27,1.0,SetByAsk
2025-12-22 05:11:13,2025-12-22T05:11:13,60.28,1.0,SetByAsk
2025-12-22 05:11:36,2025-12-22T05:11:36,60.28,1.0,SetByAsk
2025-12-22 05:11:43,2025-12-22T05:11:43,60.29,2.0,SetByBid
2025-12-22 05:11:43,2025-12-22T05:11:43,60.29,34.0,SetByBid
2025-12-22 05:11:55,2025-12-22T05:11:55,60.29,1.0,SetByBid
2025-12-22 05:11:55,2025-12-22T05:11:55,60.29,1.0,SetByBid
2025-12-22 05:11:55,2025-12-22T05:11:55,60.29,1.0,SetByBid
2025-12-22 05:11:55,2025-12-22T05:11:55,60.29,1.0,SetByBid
2025-12-22 05:11:55,2025-12-22T05:11:55,60.29,27.0,SetByBid
2025-12-22 05:11:55,2025-12-22T05:11:55,60.29,2.0,SetByBid
2025-12-22 05:11:55,2025-12-22T05:11:55,60.29,1.0,SetByBid
2025-12-22 05:11:55,2025-12-22T05:11:55,60.29,7.0,SetByBid
2025-12-22 05:11:55,2025-12-22T05:11:55,60.29,8.0,SetByBid
2025-12-22 05:11:55,2025-12-22T05:11:55,60.29,1.0,SetByBid
2025-12-22 05:11:55,2025-12-22T05:11:55,60.29,2.0,SetByBid
2025-12-22 05:11:55,2025-12-22T05:11:55,60.29,1.0,SetByBid
2025-12-22 05:11:55,2025-12-22T05:11:55,60.29,1.0,SetByBid
2025-12-22 05:11:55,2025-12-22T05:11:55,60.29,2.0,SetByBid
2025-12-22 05:11:59,2025-12-22T05:11:59,60.29,8.0,SetByBid
2025-12-22 05:12:04,2025-12-22T05:12:04,60.28,1.0,SetByAsk
2025-12-22 05:12:12,2025-12-22T05:12:12,60.28,1.0,SetByAsk
2025-12-22 05:12:17,2025-12-22T05:12:17,60.28,1.0,SetByAsk
2025-12-22 05:12:22,2025-12-22T05:12:22,60.28,1.0,SetByAsk
2025-12-22 05:12:37,2025-12-22T05:12:37,60.28,1.0,SetByAsk
2025-12-22 05:12:37,2025-12-22T05:12:37,60.28,1.0,SetByAsk
2025-12-22 05:12:38,2025-12-22T05:12:38,60.29,2.0,SetByBid
2025-12-22 05:12:38,2025-12-22T05:12:38,60.29,1.0,SetByBid
2025-12-22 05:12:38,2025-12-22T05:12:38,60.29,1.0,SetByBid
2025-12-22 05:12:42,2025-12-22T05:12:42,60.28,1.0,SetByAsk
2025-12-22 05:12:47,2025-12-22T05:12:47,60.28,1.0,SetByAsk
2025-12-22 05:12:56,2025-12-22T05:12:56,60.28,1.0,SetByAsk
2025-12-22 05:14:04,2025-12-22T05:14:04,60.26,1.0,SetByAsk
2025-12-22 05:14:31,2025-12-22T05:14:31,60.26,1.0,SetByAsk
2025-12-22 05:14:34,2025-12-22T05:14:34,60.27,1.0,SetByBid
2025-12-22 05:14:34,2025-12-22T05:14:34,60.27,1.0,SetByBid
2025-12-22 05:14:34,2025-12-22T05:14:34,60.27,1.0,SetByBid
2025-12-22 05:14:35,2025-12-22T05:14:35,60.27,1.0,SetByBid
2025-12-22 05:14:39,2025-12-22T05:14:39,60.27,1.0,SetByAsk
2025-12-22 05:14:42,2025-12-22T05:14:42,60.27,1.0,SetByBid
2025-12-22 05:15:08,2025-12-22T05:15:08,60.25,1.0,SetByAsk
2025-12-22 05:15:23,2025-12-22T05:15:23,60.25,1.0,SetByAsk
2025-12-22 05:15:37,2025-12-22T05:15:37,60.27,1.0,SetByBid
2025-12-22 05:15:47,2025-12-22T05:15:47,60.28,1.0,SetByBid
2025-12-22 05:15:49,2025-12-22T05:15:49,60.28,1.0,SetByBid
2025-12-22 05:15:50,2025-12-22T05:15:50,60.28,1.0,SetByBid
2025-12-22 05:15:50,2025-12-22T05:15:50,60.28,1.0,SetByBid
2025-12-22 05:15:51,2025-12-22T05:15:51,60.28,2.0,SetByBid
2025-12-22 05:15:51,2025-12-22T05:15:51,60.28,3.0,SetByBid
2025-12-22 05:15:51,2025-12-22T05:15:51,60.28,2.0,SetByBid
2025-12-22 05:15:51,2025-12-22T05:15:51,60.28,1.0,SetByBid
2025-12-22 05:15:52,2025-12-22T05:15:52,60.28,5.0,SetByBid
2025-12-22 05:15:52,2025-12-22T05:15:52,60.28,1.0,SetByBid
2025-12-22 05:15:52,2025-12-22T05:15:52,60.28,1.0,SetByBid
2025-12-22 05:15:53,2025-12-22T05:15:53,60.28,1.0,SetByBid
2025-12-22 05:15:54,2025-12-22T05:15:54,60.28,1.0,SetByBid
2025-12-22 05:15:54,2025-12-22T05:15:54,60.28,1.0,SetByBid
2025-12-22 05:15:55,2025-12-22T05:15:55,60.28,1.0,SetByBid
2025-12-22 05:15:56,2025-12-22T05:15:56,60.28,1.0,SetByBid
2025-12-22 05:15:56,2025-12-22T05:15:56,60.28,1.0,SetByBid
2025-12-22 05:15:58,2025-12-22T05:15:58,60.28,1.0,SetByBid
2025-12-22 05:15:59,2025-12-22T05:15:59,60.28,1.0,SetByBid
2025-12-22 05:16:00,2025-12-22T05:16:00,60.28,1.0,SetByBid
2025-12-22 05:16:08,2025-12-22T05:16:08,60.28,1.0,SetByAsk
2025-12-22 05:16:09,2025-12-22T05:16:09,60.29,18.0,SetByBid
2025-12-22 05:16:09,2025-12-22T05:16:09,60.29,1.0,SetByBid
2025-12-22 05:16:09,2025-12-22T05:16:09,60.29,1.0,SetByBid
2025-12-22 05:16:09,2025-12-22T05:16:09,60.29,1.0,SetByBid
2025-12-22 05:16:09,2025-12-22T05:16:09,60.29,1.0,SetByBid
2025-12-22 05:16:09,2025-12-22T05:16:09,60.29,1.0,SetByBid
2025-12-22 05:16:09,2025-12-22T05:16:09,60.29,1.0,SetByBid
2025-12-22 05:16:09,2025-12-22T05:16:09,60.29,1.0,SetByAsk
2025-12-22 05:16:09,2025-12-22T05:16:09,60.29,75.0,SetByAsk
2025-12-22 05:16:09,2025-12-22T05:16:09,60.29,3.0,SetByBid
2025-12-22 05:16:34,2025-12-22T05:16:34,60.27,1.0,SetByAsk
2025-12-22 05:16:39,2025-12-22T05:16:39,60.27,1.0,SetByAsk
2025-12-22 05:16:49,2025-12-22T05:16:49,60.27,1.0,SetByAsk
2025-12-22 05:17:11,2025-12-22T05:17:11,60.27,2.0,SetByBid
2025-12-22 05:17:11,2025-12-22T05:17:11,60.27,1.0,SetByBid
2025-12-22 05:17:11,2025-12-22T05:17:11,60.28,2.0,SetByBid
2025-12-22 05:17:11,2025-12-22T05:17:11,60.28,1.0,SetByBid
2025-12-22 05:17:11,2025-12-22T05:17:11,60.28,1.0,SetByBid
2025-12-22 05:17:11,2025-12-22T05:17:11,60.28,1.0,SetByBid
2025-12-22 05:17:11,2025-12-22T05:17:11,60.28,1.0,SetByBid
2025-12-22 05:17:11,2025-12-22T05:17:11,60.28,1.0,SetByBid
2025-12-22 05:17:11,2025-12-22T05:17:11,60.28,1.0,SetByBid
2025-12-22 05:17:11,2025-12-22T05:17:11,60.28,2.0,SetByBid
2025-12-22 05:17:11,2025-12-22T05:17:11,60.28,1.0,SetByBid
2025-12-22 05:17:11,2025-12-22T05:17:11,60.28,3.0,SetByAsk
2025-12-22 05:17:11,2025-12-22T05:17:11,60.28,11.0,SetByAsk
2025-12-22 05:17:11,2025-12-22T05:17:11,60.28,29.0,SetByAsk
2025-12-22 05:17:11,2025-12-22T05:17:11,60.28,17.0,SetByAsk
2025-12-22 05:17:11,2025-12-22T05:17:11,60.28,1.0,SetByAsk
2025-12-22 05:17:30,2025-12-22T05:17:30,60.27,1.0,SetByAsk
2025-12-22 05:17:30,2025-12-22T05:17:30,60.27,1.0,SetByAsk
2025-12-22 05:17:54,2025-12-22T05:17:54,60.27,2.0,SetByBid
2025-12-22 05:19:13,2025-12-22T05:19:13,60.28,1.0,SetByBid
2025-12-22 05:19:13,2025-12-22T05:19:13,60.28,1.0,SetByBid
2025-12-22 05:19:14,2025-12-22T05:19:14,60.28,1.0,SetByBid
2025-12-22 05:19:14,2025-12-22T05:19:14,60.28,3.0,SetByBid
2025-12-22 05:19:15,2025-12-22T05:19:15,60.28,47.0,SetByBid
2025-12-22 05:19:15,2025-12-22T05:19:15,60.28,2.0,SetByBid
2025-12-22 05:19:15,2025-12-22T05:19:15,60.28,44.0,SetByBid
2025-12-22 05:19:44,2025-12-22T05:19:44,60.29,25.0,SetByBid
2025-12-22 05:19:44,2025-12-22T05:19:44,60.29,2.0,SetByBid
2025-12-22 05:19:44,2025-12-22T05:19:44,60.29,2.0,SetByBid
2025-12-22 05:19:44,2025-12-22T05:19:44,60.29,1.0,SetByBid
2025-12-22 05:19:44,2025-12-22T05:19:44,60.29,2.0,SetByBid
2025-12-22 05:19:44,2025-12-22T05:19:44,60.29,2.0,SetByBid
2025-12-22 05:19:44,2025-12-22T05:19:44,60.29,2.0,SetByBid
2025-12-22 05:19:44,2025-12-22T05:19:44,60.29,2.0,SetByBid
2025-12-22 05:19:44,2025-12-22T05:19:44,60.29,1.0,SetByBid
2025-12-22 05:19:44,2025-12-22T05:19:44,60.29,3.0,SetByBid
2025-12-22 05:19:44,2025-12-22T05:19:44,60.29,2.0,SetByBid
2025-12-22 05:19:44,2025-12-22T05:19:44,60.29,2.0,SetByBid
2025-12-22 05:19:44,2025-12-22T05:19:44,60.29,2.0,SetByBid
2025-12-22 05:19:44,2025-12-22T05:19:44,60.29,3.0,SetByBid
2025-12-22 05:19:44,2025-12-22T05:19:44,60.29,2.0,SetByBid
2025-12-22 05:19:44,2025-12-22T05:19:44,60.29,2.0,SetByBid
2025-12-22 05:19:44,2025-12-22T05:19:44,60.29,1.0,SetByBid
2025-12-22 05:19:44,2025-12-22T05:19:44,60.29,1.0,SetByBid
2025-12-22 05:19:45,2025-12-22T05:19:45,60.29,2.0,SetByBid
2025-12-22 05:19:45,2025-12-22T05:19:45,60.29,1.0,SetByBid
2025-12-22 05:19:45,2025-12-22T05:19:45,60.29,1.0,SetByBid
2025-12-22 05:19:45,2025-12-22T05:19:45,60.29,1.0,SetByBid
2025-12-22 05:19:45,2025-12-22T05:19:45,60.29,1.0,SetByBid
2025-12-22 05:19:45,2025-12-22T05:19:45,60.29,1.0,SetByBid
2025-12-22 05:19:45,2025-12-22T05:19:45,60.29,2.0,SetByBid
2025-12-22 05:19:45,2025-12-22T05:19:45,60.3,1000.0,SetByBid
2025-12-22 05:19:45,2025-12-22T05:19:45,60.31,1.0,SetByBid
2025-12-22 05:19:45,2025-12-22T05:19:45,60.31,1.0,SetByBid
2025-12-22 05:19:45,2025-12-22T05:19:45,60.31,1.0,SetByBid
2025-12-22 05:19:45,2025-12-22T05:19:45,60.31,2.0,SetByBid
2025-12-22 05:19:45,2025-12-22T05:19:45,60.31,1.0,SetByBid
2025-12-22 05:19:45,2025-12-22T05:19:45,60.31,1.0,SetByBid
2025-12-22 05:19:45,2025-12-22T05:19:45,60.31,1.0,SetByBid
2025-12-22 05:19:45,2025-12-22T05:19:45,60.32,1.0,SetByBid
2025-12-22 05:19:45,2025-12-22T05:19:45,60.32,1.0,SetByBid
2025-12-22 05:19:45,2025-12-22T05:19:45,60.32,1.0,SetByBid
2025-12-22 05:19:45,2025-12-22T05:19:45,60.32,1.0,SetByBid
2025-12-22 05:19:45,2025-12-22T05:19:45,60.32,1.0,SetByBid
2025-12-22 05:19:45,2025-12-22T05:19:45,60.32,1.0,SetByBid
2025-12-22 05:19:45,2025-12-22T05:19:45,60.32,1.0,SetByBid
2025-12-22 05:19:45,2025-12-22T05:19:45,60.32,1.0,SetByBid
2025-12-22 05:19:45,2025-12-22T05:19:45,60.32,1.0,SetByBid
2025-12-22 05:19:45,2025-12-22T05:19:45,60.32,2.0,SetByBid
2025-12-22 05:19:45,2025-12-22T05:19:45,60.32,1.0,SetByBid
2025-12-22 05:19:45,2025-12-22T05:19:45,60.32,3.0,SetByBid
2025-12-22 05:19:45,2025-12-22T05:19:45,60.32,1.0,SetByBid
2025-12-22 05:19:45,2025-12-22T05:19:45,60.32,1.0,SetByBid
2025-12-22 05:19:45,2025-12-22T05:19:45,60.32,1.0,SetByBid
2025-12-22 05:19:45,2025-12-22T05:19:45,60.32,1.0,SetByBid
2025-12-22 05:19:45,2025-12-22T05:19:45,60.32,1.0,SetByBid
2025-12-22 05:19:45,2025-12-22T05:19:45,60.32,1.0,SetByBid
2025-12-22 05:19:45,2025-12-22T05:19:45,60.32,1.0,SetByBid
2025-12-22 05:19:45,2025-12-22T05:19:45,60.32,1.0,SetByBid
2025-12-22 05:19:45,2025-12-22T05:19:45,60.32,1.0,SetByBid
2025-12-22 05:19:52,2025-12-22T05:19:52,60.32,1.0,SetByBid
2025-12-22 05:19:52,2025-12-22T05:19:52,60.32,2.0,SetByBid
2025-12-22 05:19:52,2025-12-22T05:19:52,60.32,1.0,SetByBid
2025-12-22 05:19:57,2025-12-22T05:19:57,60.31,1.0,SetByAsk
2025-12-22 05:20:00,2025-12-22T05:20:00,60.3,2.0,SetByAsk
2025-12-22 05:20:00,2025-12-22T05:20:00,60.3,1.0,SetByAsk
2025-12-22 05:20:03,2025-12-22T05:20:03,60.29,1.0,SetByAsk
2025-12-22 05:20:16,2025-12-22T05:20:16,60.29,1.0,SetByAsk
2025-12-22 05:20:29,2025-12-22T05:20:29,60.3,1.0,SetByBid
2025-12-22 05:20:29,2025-12-22T05:20:29,60.3,1.0,SetByBid
2025-12-22 05:20:29,2025-12-22T05:20:29,60.3,2.0,SetByBid
2025-12-22 05:20:29,2025-12-22T05:20:29,60.3,1.0,SetByBid
2025-12-22 05:20:31,2025-12-22T05:20:31,60.3,2.0,SetByBid
2025-12-22 05:20:31,2025-12-22T05:20:31,60.3,1.0,SetByBid
2025-12-22 05:20:57,2025-12-22T05:20:57,60.29,1.0,SetByAsk
2025-12-22 05:21:02,2025-12-22T05:21:02,60.3,1.0,SetByBid
2025-12-22 05:21:02,2025-12-22T05:21:02,60.3,1.0,SetByBid
2025-12-22 05:27:29,2025-12-22T05:27:29,60.24,1.0,SetByAsk
2025-12-22 05:27:48,2025-12-22T05:27:48,60.25,1.0,SetByAsk
2025-12-22 05:28:09,2025-12-22T05:28:09,60.25,1.0,SetByBid
2025-12-22 05:28:09,2025-12-22T05:28:09,60.25,1.0,SetByBid
2025-12-22 05:28:09,2025-12-22T05:28:09,60.26,1.0,SetByBid
2025-12-22 05:28:09,2025-12-22T05:28:09,60.26,1.0,SetByBid
2025-12-22 05:28:09,2025-12-22T05:28:09,60.26,1.0,SetByBid
2025-12-22 05:28:09,2025-12-22T05:28:09,60.26,1.0,SetByBid
2025-12-22 05:28:36,2025-12-22T05:28:36,60.25,1.0,SetByAsk
2025-12-22 05:28:48,2025-12-22T05:28:48,60.24,1.0,SetByAsk
2025-12-22 05:29:31,2025-12-22T05:29:31,60.23,1.0,SetByAsk
2025-12-22 05:29:31,2025-12-22T05:29:31,60.23,1.0,SetByAsk
2025-12-22 05:29:37,2025-12-22T05:29:37,60.23,1.0,SetByAsk
2025-12-22 05:29:48,2025-12-22T05:29:48,60.23,1.0,"SetByAsk, Leg"
2025-12-22 05:29:48,2025-12-22T05:29:48,60.22,1.0,"SetByAsk, Leg"
2025-12-22 05:30:30,2025-12-22T05:30:30,60.24,1.0,SetByBid
2025-12-22 05:30:30,2025-12-22T05:30:30,60.24,1.0,SetByAsk
2025-12-22 05:30:34,2025-12-22T05:30:34,60.23,1.0,SetByAsk
2025-12-22 05:34:35,2025-12-22T05:34:35,60.28,1.0,SetByBid
2025-12-22 05:35:53,2025-12-22T05:35:53,60.3,1.0,SetByBid
2025-12-22 05:35:53,2025-12-22T05:35:53,60.3,1.0,SetByBid
2025-12-22 05:35:53,2025-12-22T05:35:53,60.3,1.0,SetByBid
2025-12-22 05:35:53,2025-12-22T05:35:53,60.3,1.0,SetByBid
2025-12-22 05:35:53,2025-12-22T05:35:53,60.3,1.0,SetByBid
2025-12-22 05:35:53,2025-12-22T05:35:53,60.3,1.0,SetByBid
2025-12-22 05:35:53,2025-12-22T05:35:53,60.3,1.0,SetByBid
2025-12-22 05:35:53,2025-12-22T05:35:53,60.3,1.0,SetByBid
2025-12-22 05:35:53,2025-12-22T05:35:53,60.3,1.0,SetByBid
2025-12-22 05:35:53,2025-12-22T05:35:53,60.3,1.0,SetByBid
2025-12-22 05:35:54,2025-12-22T05:35:54,60.28,1.0,SetByAsk
2025-12-22 05:36:12,2025-12-22T05:36:12,60.29,1.0,SetByBid
2025-12-22 05:36:12,2025-12-22T05:36:12,60.3,1.0,SetByBid
2025-12-22 05:36:12,2025-12-22T05:36:12,60.3,1.0,SetByBid
2025-12-22 05:36:12,2025-12-22T05:36:12,60.3,1.0,SetByBid
2025-12-22 05:36:12,2025-12-22T05:36:12,60.3,1.0,SetByBid
2025-12-22 05:36:12,2025-12-22T05:36:12,60.3,1.0,SetByBid
2025-12-22 05:36:12,2025-12-22T05:36:12,60.3,2.0,SetByBid
2025-12-22 05:36:12,2025-12-22T05:36:12,60.3,2.0,SetByBid
2025-12-22 05:36:12,2025-12-22T05:36:12,60.3,1.0,SetByBid
2025-12-22 05:36:12,2025-12-22T05:36:12,60.3,1.0,SetByBid
2025-12-22 05:36:12,2025-12-22T05:36:12,60.3,1.0,SetByAsk
2025-12-22 05:36:12,2025-12-22T05:36:12,60.3,1.0,SetByAsk
2025-12-22 05:36:12,2025-12-22T05:36:12,60.3,1.0,SetByBid
2025-12-22 05:36:12,2025-12-22T05:36:12,60.3,1.0,SetByAsk
2025-12-22 05:36:12,2025-12-22T05:36:12,60.3,2.0,SetByAsk
2025-12-22 05:36:12,2025-12-22T05:36:12,60.3,1.0,SetByAsk
2025-12-22 05:36:12,2025-12-22T05:36:12,60.3,1.0,SetByAsk
2025-12-22 05:36:12,2025-12-22T05:36:12,60.3,1.0,SetByBid
2025-12-22 05:36:12,2025-12-22T05:36:12,60.3,1.0,SetByAsk
2025-12-22 05:36:12,2025-12-22T05:36:12,60.3,1.0,SetByBid
2025-12-22 05:36:12,2025-12-22T05:36:12,60.3,1.0,SetByAsk
2025-12-22 05:36:12,2025-12-22T05:36:12,60.3,1.0,SetByAsk
2025-12-22 05:36:12,2025-12-22T05:36:12,60.3,1.0,SetByBid
2025-12-22 05:36:12,2025-12-22T05:36:12,60.3,1.0,SetByBid
2025-12-22 05:36:12,2025-12-22T05:36:12,60.3,1.0,SetByBid
2025-12-22 05:36:12,2025-12-22T05:36:12,60.3,1.0,SetByBid
2025-12-22 05:36:12,2025-12-22T05:36:12,60.31,1.0,SetByBid
2025-12-22 05:36:13,2025-12-22T05:36:13,60.3,2.0,SetByAsk
2025-12-22 05:36:13,2025-12-22T05:36:13,60.3,1.0,SetByAsk
2025-12-22 05:36:13,2025-12-22T05:36:13,60.3,2.0,SetByAsk
2025-12-22 05:36:13,2025-12-22T05:36:13,60.31,1.0,SetByBid
2025-12-22 05:36:13,2025-12-22T05:36:13,60.31,1.0,SetByBid
2025-12-22 05:36:13,2025-12-22T05:36:13,60.31,1.0,SetByBid
2025-12-22 05:36:13,2025-12-22T05:36:13,60.31,1.0,SetByBid
2025-12-22 05:36:13,2025-12-22T05:36:13,60.31,1.0,SetByBid
2025-12-22 05:40:35,2025-12-22T05:40:35,60.29,1.0,SetByBid
2025-12-22 05:41:01,2025-12-22T05:41:01,60.28,1.0,SetByBid
2025-12-22 05:41:01,2025-12-22T05:41:01,60.28,1.0,SetByBid
2025-12-22 05:41:06,2025-12-22T05:41:06,60.28,1.0,SetByBid
2025-12-22 05:41:06,2025-12-22T05:41:06,60.28,1.0,SetByBid
2025-12-22 05:41:18,2025-12-22T05:41:18,60.26,1.0,SetByBid
2025-12-22 05:41:18,2025-12-22T05:41:18,60.27,1.0,SetByBid
2025-12-22 05:41:18,2025-12-22T05:41:18,60.27,1.0,SetByBid
2025-12-22 05:41:18,2025-12-22T05:41:18,60.27,1.0,SetByBid
2025-12-22 05:41:18,2025-12-22T05:41:18,60.27,1.0,SetByBid
2025-12-22 05:41:18,2025-12-22T05:41:18,60.27,1.0,SetByBid
2025-12-22 05:41:18,2025-12-22T05:41:18,60.27,1.0,SetByBid
2025-12-22 05:41:18,2025-12-22T05:41:18,60.27,1.0,SetByBid
2025-12-22 05:41:18,2025-12-22T05:41:18,60.27,1.0,SetByBid
2025-12-22 05:41:18,2025-12-22T05:41:18,60.27,1.0,SetByBid
2025-12-22 05:41:18,2025-12-22T05:41:18,60.27,1.0,SetByBid
2025-12-22 05:41:18,2025-12-22T05:41:18,60.27,1.0,SetByBid
2025-12-22 05:41:33,2025-12-22T05:41:33,60.26,2.0,SetByBid
2025-12-22 05:41:33,2025-12-22T05:41:33,60.27,1.0,SetByBid
2025-12-22 05:41:33,2025-12-22T05:41:33,60.27,1.0,SetByBid
2025-12-22 05:41:33,2025-12-22T05:41:33,60.27,1.0,SetByBid
2025-12-22 05:41:33,2025-12-22T05:41:33,60.27,1.0,SetByBid
2025-12-22 05:41:33,2025-12-22T05:41:33,60.27,1.0,SetByBid
2025-12-22 05:41:33,2025-12-22T05:41:33,60.27,1.0,SetByBid
2025-12-22 05:41:33,2025-12-22T05:41:33,60.27,1.0,SetByBid
2025-12-22 05:41:33,2025-12-22T05:41:33,60.27,1.0,SetByBid
2025-12-22 05:41:33,2025-12-22T05:41:33,60.27,1.0,SetByBid
2025-12-22 05:41:33,2025-12-22T05:41:33,60.27,1.0,SetByBid
2025-12-22 05:41:33,2025-12-22T05:41:33,60.27,1.0,SetByBid
2025-12-22 05:41:33,2025-12-22T05:41:33,60.27,1.0,SetByBid
2025-12-22 05:41:56,2025-12-22T05:41:56,60.24,1.0,SetByBid
2025-12-22 05:41:56,2025-12-22T05:41:56,60.24,1.0,SetByBid
2025-12-22 05:41:59,2025-12-22T05:41:59,60.24,1.0,SetByBid
2025-12-22 05:42:35,2025-12-22T05:42:35,60.23,1.0,SetByBid
2025-12-22 05:45:31,2025-12-22T05:45:31,60.23,1.0,SetByAsk
2025-12-22 05:45:32,2025-12-22T05:45:32,60.22,1.0,SetByAsk
2025-12-22 05:45:32,2025-12-22T05:45:32,60.22,1.0,SetByAsk
2025-12-22 05:46:24,2025-12-22T05:46:24,60.22,1.0,SetByBid
2025-12-22 05:46:47,2025-12-22T05:46:47,60.23,1.0,SetByBid
2025-12-22 05:46:48,2025-12-22T05:46:48,60.23,1.0,SetByBid
2025-12-22 05:46:48,2025-12-22T05:46:48,60.24,1.0,SetByBid
2025-12-22 05:46:48,2025-12-22T05:46:48,60.24,1.0,SetByBid
2025-12-22 05:47:04,2025-12-22T05:47:04,60.24,1.0,SetByBid
2025-12-22 05:47:05,2025-12-22T05:47:05,60.24,1.0,SetByBid
2025-12-22 05:47:06,2025-12-22T05:47:06,60.25,1.0,SetByBid
2025-12-22 05:47:06,2025-12-22T05:47:06,60.25,1.0,SetByBid
2025-12-22 05:47:06,2025-12-22T05:47:06,60.25,1.0,SetByBid
2025-12-22 05:47:57,2025-12-22T05:47:57,60.25,1.0,SetByBid
2025-12-22 05:47:58,2025-12-22T05:47:58,60.25,1.0,SetByBid
2025-12-22 05:47:58,2025-12-22T05:47:58,60.25,1.0,SetByBid
2025-12-22 05:47:59,2025-12-22T05:47:59,60.25,1.0,SetByBid
2025-12-22 05:47:59,2025-12-22T05:47:59,60.25,1.0,SetByBid
2025-12-22 05:47:59,2025-12-22T05:47:59,60.25,2.0,SetByBid
2025-12-22 05:48:00,2025-12-22T05:48:00,60.25,1.0,SetByBid
2025-12-22 05:48:00,2025-12-22T05:48:00,60.25,1.0,SetByBid
2025-12-22 05:48:00,2025-12-22T05:48:00,60.25,1.0,SetByBid
2025-12-22 05:48:00,2025-12-22T05:48:00,60.25,1.0,SetByBid
2025-12-22 05:48:01,2025-12-22T05:48:01,60.25,1.0,SetByBid
2025-12-22 05:48:01,2025-12-22T05:48:01,60.25,1.0,SetByBid
2025-12-22 05:48:01,2025-12-22T05:48:01,60.25,1.0,SetByBid
2025-12-22 05:48:01,2025-12-22T05:48:01,60.25,1.0,SetByBid
2025-12-22 05:48:02,2025-12-22T05:48:02,60.25,1.0,SetByBid
2025-12-22 05:48:02,2025-12-22T05:48:02,60.25,1.0,SetByBid
2025-12-22 05:48:03,2025-12-22T05:48:03,60.25,1.0,SetByBid
2025-12-22 05:50:32,2025-12-22T05:50:32,60.25,1.0,SetByBid
2025-12-22 05:50:46,2025-12-22T05:50:46,60.25,1.0,SetByAsk
2025-12-22 05:53:32,2025-12-22T05:53:32,60.26,1.0,SetByAsk
2025-12-22 05:54:06,2025-12-22T05:54:06,60.24,1.0,SetByAsk
2025-12-22 05:54:54,2025-12-22T05:54:54,60.23,1.0,SetByAsk
2025-12-22 05:55:12,2025-12-22T05:55:12,60.24,1.0,SetByBid
2025-12-22 05:55:12,2025-12-22T05:55:12,60.24,1.0,SetByBid
2025-12-22 06:00:35,2025-12-22T06:00:35,60.25,1.0,SetByBid
2025-12-22 06:01:07,2025-12-22T06:01:07,60.26,1.0,SetByBid
2025-12-22 06:01:08,2025-12-22T06:01:08,60.26,1.0,SetByBid
2025-12-22 06:01:08,2025-12-22T06:01:08,60.26,1.0,SetByBid
2025-12-22 06:01:08,2025-12-22T06:01:08,60.26,1.0,SetByBid
2025-12-22 06:01:08,2025-12-22T06:01:08,60.26,1.0,SetByBid
2025-12-22 06:01:09,2025-12-22T06:01:09,60.26,1.0,SetByBid
2025-12-22 06:01:09,2025-12-22T06:01:09,60.26,1.0,SetByBid
2025-12-22 06:01:09,2025-12-22T06:01:09,60.26,1.0,SetByBid
2025-12-22 06:01:09,2025-12-22T06:01:09,60.26,1.0,SetByBid
2025-12-22 06:01:10,2025-12-22T06:01:10,60.26,1.0,SetByBid
2025-12-22 06:01:10,2025-12-22T06:01:10,60.26,1.0,SetByBid
2025-12-22 06:01:20,2025-12-22T06:01:20,60.25,1.0,SetByBid
2025-12-22 06:01:20,2025-12-22T06:01:20,60.26,1.0,SetByBid
2025-12-22 06:01:23,2025-12-22T06:01:23,60.25,1.0,SetByBid
2025-12-22 06:01:23,2025-12-22T06:01:23,60.25,1.0,SetByBid
2025-12-22 06:01:39,2025-12-22T06:01:39,60.26,1.0,SetByBid
2025-12-22 06:01:39,2025-12-22T06:01:39,60.26,1.0,SetByBid
2025-12-22 06:02:15,2025-12-22T06:02:15,60.26,1.0,SetByBid
2025-12-22 06:02:15,2025-12-22T06:02:15,60.26,1.0,SetByBid
2025-12-22 06:02:15,2025-12-22T06:02:15,60.26,1.0,SetByBid
2025-12-22 06:02:15,2025-12-22T06:02:15,60.26,1.0,SetByBid
2025-12-22 06:02:16,2025-12-22T06:02:16,60.26,1.0,SetByBid
2025-12-22 06:02:16,2025-12-22T06:02:16,60.26,1.0,SetByBid
2025-12-22 06:02:16,2025-12-22T06:02:16,60.26,1.0,SetByBid
2025-12-22 06:02:17,2025-12-22T06:02:17,60.26,1.0,SetByBid
2025-12-22 06:02:19,2025-12-22T06:02:19,60.26,1.0,SetByBid
2025-12-22 06:02:19,2025-12-22T06:02:19,60.26,1.0,SetByBid
2025-12-22 06:02:20,2025-12-22T06:02:20,60.26,1.0,SetByBid
2025-12-22 06:02:27,2025-12-22T06:02:27,60.25,1.0,SetByBid
2025-12-22 06:02:27,2025-12-22T06:02:27,60.26,1.0,SetByBid
2025-12-22 06:02:27,2025-12-22T06:02:27,60.26,1.0,SetByBid
2025-12-22 06:03:33,2025-12-22T06:03:33,60.25,1.0,SetByBid
2025-12-22 06:03:33,2025-12-22T06:03:33,60.25,1.0,SetByAsk
2025-12-22 06:04:56,2025-12-22T06:04:56,60.28,1.0,SetByBid
2025-12-22 06:04:56,2025-12-22T06:04:56,60.28,1.0,SetByBid
2025-12-22 06:05:39,2025-12-22T06:05:39,60.28,1.0,SetByAsk
2025-12-22 06:05:39,2025-12-22T06:05:39,60.29,1.0,SetByBid
2025-12-22 06:05:39,2025-12-22T06:05:39,60.29,1.0,SetByBid
2025-12-22 06:06:01,2025-12-22T06:06:01,60.31,1.0,SetByBid
2025-12-22 06:06:01,2025-12-22T06:06:01,60.31,1.0,SetByBid
2025-12-22 06:06:01,2025-12-22T06:06:01,60.31,2.0,SetByBid
2025-12-22 06:06:02,2025-12-22T06:06:02,60.31,2.0,SetByBid
2025-12-22 06:06:03,2025-12-22T06:06:03,60.31,1.0,SetByBid
2025-12-22 06:06:03,2025-12-22T06:06:03,60.31,1.0,SetByBid
2025-12-22 06:06:03,2025-12-22T06:06:03,60.31,1.0,"SetByBid, Leg"
2025-12-22 06:06:03,2025-12-22T06:06:03,60.32,1.0,"SetByBid, Leg"
2025-12-22 06:06:12,2025-12-22T06:06:12,60.32,1.0,SetByBid
2025-12-22 06:06:12,2025-12-22T06:06:12,60.32,1.0,SetByBid
2025-12-22 06:06:12,2025-12-22T06:06:12,60.32,2.0,SetByBid
2025-12-22 06:06:13,2025-12-22T06:06:13,60.32,1.0,SetByBid
2025-12-22 06:06:13,2025-12-22T06:06:13,60.32,1.0,SetByBid
2025-12-22 06:06:13,2025-12-22T06:06:13,60.32,1.0,SetByBid
2025-12-22 06:06:13,2025-12-22T06:06:13,60.32,1.0,SetByBid
2025-12-22 06:06:13,2025-12-22T06:06:13,60.31,1.0,SetByBid
2025-12-22 06:06:13,2025-12-22T06:06:13,60.31,1.0,SetByBid
2025-12-22 06:06:14,2025-12-22T06:06:14,60.32,1.0,SetByBid
2025-12-22 06:06:14,2025-12-22T06:06:14,60.32,1.0,SetByBid
2025-12-22 06:06:14,2025-12-22T06:06:14,60.32,1.0,SetByBid
2025-12-22 06:06:14,2025-12-22T06:06:14,60.31,1.0,SetByAsk
2025-12-22 06:06:14,2025-12-22T06:06:14,60.32,1.0,SetByBid
2025-12-22 06:06:14,2025-12-22T06:06:14,60.31,1.0,SetByAsk
2025-12-22 06:06:15,2025-12-22T06:06:15,60.32,1.0,SetByBid
2025-12-22 06:06:15,2025-12-22T06:06:15,60.31,1.0,SetByAsk
2025-12-22 06:06:15,2025-12-22T06:06:15,60.32,1.0,SetByBid
2025-12-22 06:06:15,2025-12-22T06:06:15,60.32,1.0,SetByBid
2025-12-22 06:06:16,2025-12-22T06:06:16,60.32,1.0,SetByBid
2025-12-22 06:06:23,2025-12-22T06:06:23,60.31,1.0,SetByBid
2025-12-22 06:06:23,2025-12-22T06:06:23,60.32,1.0,SetByBid
2025-12-22 06:06:24,2025-12-22T06:06:24,60.31,1.0,SetByAsk
2025-12-22 06:06:24,2025-12-22T06:06:24,60.32,1.0,SetByBid
2025-12-22 06:06:24,2025-12-22T06:06:24,60.32,1.0,SetByBid
2025-12-22 06:06:31,2025-12-22T06:06:31,60.32,1.0,SetByBid
2025-12-22 06:06:31,2025-12-22T06:06:31,60.32,2.0,SetByBid
2025-12-22 06:06:31,2025-12-22T06:06:31,60.32,1.0,SetByBid
2025-12-22 06:06:31,2025-12-22T06:06:31,60.32,1.0,SetByAsk
2025-12-22 06:06:31,2025-12-22T06:06:31,60.32,1.0,SetByAsk
2025-12-22 06:06:31,2025-12-22T06:06:31,60.34,1.0,SetByBid
2025-12-22 06:06:31,2025-12-22T06:06:31,60.34,1.0,SetByBid
2025-12-22 06:06:31,2025-12-22T06:06:31,60.34,1.0,SetByBid
2025-12-22 06:06:31,2025-12-22T06:06:31,60.34,1.0,SetByBid
2025-12-22 06:06:31,2025-12-22T06:06:31,60.34,1.0,SetByBid
2025-12-22 06:06:31,2025-12-22T06:06:31,60.33,1.0,SetByAsk
2025-12-22 06:06:32,2025-12-22T06:06:32,60.34,3.0,SetByAsk
2025-12-22 06:09:46,2025-12-22T06:09:46,60.3,1.0,SetByAsk
2025-12-22 06:10:11,2025-12-22T06:10:11,60.3,1.0,SetByAsk
2025-12-22 06:14:50,2025-12-22T06:14:50,60.28,1.0,SetByAsk
2025-12-22 06:14:54,2025-12-22T06:14:54,60.29,1.0,SetByBid
2025-12-22 06:20:17,2025-12-22T06:20:17,60.28,1.0,SetByBid
2025-12-22 06:23:03,2025-12-22T06:23:03,60.3,1.0,SetByAsk
2025-12-22 06:26:55,2025-12-22T06:26:55,60.31,2.0,SetByAsk
2025-12-22 06:27:57,2025-12-22T06:27:57,60.3,1.0,SetByAsk
2025-12-22 06:29:31,2025-12-22T06:29:31,60.31,1.0,SetByBid
2025-12-22 06:29:31,2025-12-22T06:29:31,60.31,1.0,SetByBid
2025-12-22 06:29:31,2025-12-22T06:29:31,60.31,1.0,SetByBid
2025-12-22 06:29:31,2025-12-22T06:29:31,60.31,1.0,SetByBid
2025-12-22 06:29:31,2025-12-22T06:29:31,60.31,1.0,SetByBid
2025-12-22 06:29:31,2025-12-22T06:29:31,60.31,1.0,"SetByBid, Leg"
2025-12-22 06:29:31,2025-12-22T06:29:31,60.32,1.0,"SetByBid, Leg"
2025-12-22 06:29:31,2025-12-22T06:29:31,60.32,1.0,SetByBid
2025-12-22 06:29:31,2025-12-22T06:29:31,60.32,1.0,SetByBid
2025-12-22 06:29:31,2025-12-22T06:29:31,60.32,1.0,SetByBid
2025-12-22 06:29:31,2025-12-22T06:29:31,60.32,1.0,SetByBid
2025-12-22 06:29:31,2025-12-22T06:29:31,60.32,2.0,SetByBid
2025-12-22 06:29:31,2025-12-22T06:29:31,60.32,1.0,SetByBid
2025-12-22 06:29:31,2025-12-22T06:29:31,60.32,1.0,SetByBid
2025-12-22 06:29:31,2025-12-22T06:29:31,60.32,1.0,SetByBid
2025-12-22 06:29:31,2025-12-22T06:29:31,60.33,1.0,SetByBid
2025-12-22 06:29:31,2025-12-22T06:29:31,60.33,1.0,SetByBid
2025-12-22 06:29:31,2025-12-22T06:29:31,60.33,1.0,SetByBid
2025-12-22 06:29:31,2025-12-22T06:29:31,60.33,1.0,SetByBid
2025-12-22 06:29:31,2025-12-22T06:29:31,60.33,1.0,SetByBid
2025-12-22 06:29:31,2025-12-22T06:29:31,60.33,1.0,SetByBid
2025-12-22 06:29:31,2025-12-22T06:29:31,60.33,1.0,SetByBid
2025-12-22 06:29:31,2025-12-22T06:29:31,60.33,1.0,SetByBid
2025-12-22 06:29:31,2025-12-22T06:29:31,60.33,1.0,SetByBid
2025-12-22 06:29:31,2025-12-22T06:29:31,60.33,1.0,SetByBid
2025-12-22 06:29:31,2025-12-22T06:29:31,60.33,1.0,SetByBid
2025-12-22 06:29:31,2025-12-22T06:29:31,60.33,1.0,SetByBid
2025-12-22 06:29:31,2025-12-22T06:29:31,60.33,1.0,SetByBid
2025-12-22 06:29:31,2025-12-22T06:29:31,60.33,1.0,SetByBid
2025-12-22 06:29:31,2025-12-22T06:29:31,60.33,1.0,SetByBid
2025-12-22 06:29:31,2025-12-22T06:29:31,60.33,1.0,SetByBid
2025-12-22 06:29:31,2025-12-22T06:29:31,60.33,4.0,SetByBid
2025-12-22 06:29:31,2025-12-22T06:29:31,60.33,2.0,SetByBid
2025-12-22 06:29:31,2025-12-22T06:29:31,60.33,1.0,SetByBid
2025-12-22 06:29:31,2025-12-22T06:29:31,60.33,2.0,SetByBid
2025-12-22 06:29:31,2025-12-22T06:29:31,60.33,1.0,SetByBid
2025-12-22 06:29:31,2025-12-22T06:29:31,60.33,1.0,SetByBid
2025-12-22 06:29:31,2025-12-22T06:29:31,60.33,1.0,SetByBid
2025-12-22 06:29:31,2025-12-22T06:29:31,60.33,1.0,SetByBid
2025-12-22 06:29:31,2025-12-22T06:29:31,60.33,6.0,SetByBid
2025-12-22 06:29:31,2025-12-22T06:29:31,60.33,1.0,SetByBid
2025-12-22 06:29:31,2025-12-22T06:29:31,60.33,2.0,SetByBid
2025-12-22 06:29:31,2025-12-22T06:29:31,60.33,1.0,SetByBid
2025-12-22 06:29:31,2025-12-22T06:29:31,60.33,1.0,SetByBid
2025-12-22 06:29:31,2025-12-22T06:29:31,60.33,1.0,SetByBid
2025-12-22 06:29:31,2025-12-22T06:29:31,60.33,1.0,SetByBid
2025-12-22 06:29:31,2025-12-22T06:29:31,60.33,1.0,SetByBid
2025-12-22 06:29:31,2025-12-22T06:29:31,60.33,1.0,SetByBid
2025-12-22 06:29:31,2025-12-22T06:29:31,60.33,1.0,SetByBid
2025-12-22 06:29:31,2025-12-22T06:29:31,60.33,1.0,SetByBid
2025-12-22 06:29:31,2025-12-22T06:29:31,60.33,1.0,"SetByBid, Leg"
2025-12-22 06:29:31,2025-12-22T06:29:31,60.34,1.0,"SetByBid, Leg"
2025-12-22 06:29:31,2025-12-22T06:29:31,60.34,1.0,SetByBid
2025-12-22 06:29:31,2025-12-22T06:29:31,60.34,1.0,SetByBid
2025-12-22 06:29:31,2025-12-22T06:29:31,60.34,1.0,SetByBid
2025-12-22 06:29:31,2025-12-22T06:29:31,60.34,1.0,SetByBid
2025-12-22 06:29:31,2025-12-22T06:29:31,60.34,1.0,SetByBid
2025-12-22 06:29:31,2025-12-22T06:29:31,60.34,1.0,SetByBid
2025-12-22 06:29:31,2025-12-22T06:29:31,60.34,1.0,SetByBid
2025-12-22 06:29:31,2025-12-22T06:29:31,60.34,1.0,SetByBid
2025-12-22 06:29:31,2025-12-22T06:29:31,60.34,1.0,SetByBid
2025-12-22 06:29:31,2025-12-22T06:29:31,60.34,1.0,SetByBid
2025-12-22 06:29:31,2025-12-22T06:29:31,60.34,1.0,SetByBid
2025-12-22 06:29:31,2025-12-22T06:29:31,60.34,2.0,SetByBid
2025-12-22 06:29:31,2025-12-22T06:29:31,60.34,1.0,SetByBid
2025-12-22 06:29:31,2025-12-22T06:29:31,60.34,1.0,SetByBid
2025-12-22 06:29:31,2025-12-22T06:29:31,60.34,1.0,SetByBid
2025-12-22 06:29:31,2025-12-22T06:29:31,60.34,1.0,SetByBid
2025-12-22 06:29:31,2025-12-22T06:29:31,60.34,1.0,SetByBid
2025-12-22 06:29:31,2025-12-22T06:29:31,60.31,1.0,SetByBid
2025-12-22 06:30:00,2025-12-22T06:30:00,60.32,1.0,SetByAsk
2025-12-22 06:30:01,2025-12-22T06:30:01,60.32,1.0,SetByAsk
2025-12-22 06:30:01,2025-12-22T06:30:01,60.32,1.0,SetByAsk
2025-12-22 06:30:01,2025-12-22T06:30:01,60.32,1.0,SetByAsk
2025-12-22 06:30:01,2025-12-22T06:30:01,60.32,1.0,SetByAsk
2025-12-22 06:30:23,2025-12-22T06:30:23,60.34,1.0,SetByBid
2025-12-22 06:30:31,2025-12-22T06:30:31,60.34,1.0,SetByAsk
2025-12-22 06:30:50,2025-12-22T06:30:50,60.36,1.0,SetByBid
2025-12-22 06:31:16,2025-12-22T06:31:16,60.36,1.0,SetByBid
2025-12-22 06:32:14,2025-12-22T06:32:14,60.39,1.0,SetByAsk
2025-12-22 06:32:14,2025-12-22T06:32:14,60.39,1.0,SetByAsk
2025-12-22 06:32:14,2025-12-22T06:32:14,60.39,1.0,SetByAsk
2025-12-22 06:34:13,2025-12-22T06:34:13,60.4,1.0,SetByAsk
2025-12-22 06:34:13,2025-12-22T06:34:13,60.4,1.0,SetByAsk
2025-12-22 06:34:14,2025-12-22T06:34:14,60.4,1.0,SetByAsk
2025-12-22 06:34:19,2025-12-22T06:34:19,60.42,1.0,SetByAsk
2025-12-22 06:34:29,2025-12-22T06:34:29,60.42,1.0,SetByAsk
2025-12-22 06:34:39,2025-12-22T06:34:39,60.4,1.0,SetByAsk
2025-12-22 06:34:48,2025-12-22T06:34:48,60.4,2.0,SetByAsk
2025-12-22 06:35:37,2025-12-22T06:35:37,60.41,1.0,SetByBid
2025-12-22 06:35:37,2025-12-22T06:35:37,60.41,1.0,SetByBid
2025-12-22 06:35:37,2025-12-22T06:35:37,60.41,1.0,SetByBid
2025-12-22 06:35:37,2025-12-22T06:35:37,60.41,1.0,SetByBid
2025-12-22 06:35:37,2025-12-22T06:35:37,60.41,1.0,SetByBid
2025-12-22 06:35:37,2025-12-22T06:35:37,60.41,5.0,SetByAsk
2025-12-22 06:36:37,2025-12-22T06:36:37,60.41,1.0,SetByAsk
2025-12-22 06:36:37,2025-12-22T06:36:37,60.41,2.0,SetByAsk
2025-12-22 06:36:37,2025-12-22T06:36:37,60.41,1.0,SetByAsk
2025-12-22 06:36:37,2025-12-22T06:36:37,60.41,1.0,SetByAsk
2025-12-22 06:36:37,2025-12-22T06:36:37,60.41,1.0,SetByAsk
2025-12-22 06:36:43,2025-12-22T06:36:43,60.4,1.0,SetByAsk
2025-12-22 06:37:42,2025-12-22T06:37:42,60.39,1.0,SetByAsk
2025-12-22 06:37:46,2025-12-22T06:37:46,60.39,1.0,SetByAsk
2025-12-22 06:37:48,2025-12-22T06:37:48,60.4,1.0,SetByBid
2025-12-22 06:37:48,2025-12-22T06:37:48,60.4,1.0,SetByBid
2025-12-22 06:37:48,2025-12-22T06:37:48,60.4,1.0,SetByBid
2025-12-22 06:37:48,2025-12-22T06:37:48,60.4,1.0,SetByBid
2025-12-22 06:37:48,2025-12-22T06:37:48,60.4,1.0,SetByBid
2025-12-22 06:37:48,2025-12-22T06:37:48,60.41,1.0,SetByBid
2025-12-22 06:37:48,2025-12-22T06:37:48,60.41,1.0,SetByBid
2025-12-22 06:37:48,2025-12-22T06:37:48,60.41,1.0,SetByBid
2025-12-22 06:37:48,2025-12-22T06:37:48,60.41,1.0,SetByBid
2025-12-22 06:37:48,2025-12-22T06:37:48,60.41,3.0,SetByBid
2025-12-22 06:37:48,2025-12-22T06:37:48,60.41,1.0,SetByBid
2025-12-22 06:37:48,2025-12-22T06:37:48,60.41,3.0,SetByBid
2025-12-22 06:37:48,2025-12-22T06:37:48,60.41,1.0,SetByBid
2025-12-22 06:37:48,2025-12-22T06:37:48,60.41,1.0,SetByBid
2025-12-22 06:37:48,2025-12-22T06:37:48,60.41,1.0,SetByBid
2025-12-22 06:38:00,2025-12-22T06:38:00,60.39,1.0,SetByAsk
2025-12-22 06:38:05,2025-12-22T06:38:05,60.39,1.0,SetByAsk
2025-12-22 06:38:14,2025-12-22T06:38:14,60.4,1.0,SetByAsk
2025-12-22 06:38:20,2025-12-22T06:38:20,60.39,1.0,SetByAsk
2025-12-22 06:38:25,2025-12-22T06:38:25,60.39,1.0,SetByAsk
2025-12-22 06:38:30,2025-12-22T06:38:30,60.39,1.0,SetByAsk
2025-12-22 06:38:39,2025-12-22T06:38:39,60.4,1.0,SetByAsk
2025-12-22 06:40:05,2025-12-22T06:40:05,60.38,1.0,SetByAsk
2025-12-22 06:40:05,2025-12-22T06:40:05,60.38,1.0,SetByAsk
2025-12-22 06:40:05,2025-12-22T06:40:05,60.38,1.0,SetByAsk
2025-12-22 06:42:01,2025-12-22T06:42:01,60.35,1.0,SetByAsk
2025-12-22 06:42:01,2025-12-22T06:42:01,60.35,1.0,SetByAsk
2025-12-22 06:42:01,2025-12-22T06:42:01,60.35,1.0,SetByAsk
2025-12-22 06:42:45,2025-12-22T06:42:45,60.36,1.0,SetByBid
2025-12-22 06:42:45,2025-12-22T06:42:45,60.35,1.0,SetByAsk
2025-12-22 06:42:45,2025-12-22T06:42:45,60.35,2.0,SetByAsk
2025-12-22 06:43:05,2025-12-22T06:43:05,60.34,1.0,SetByBid
2025-12-22 06:43:38,2025-12-22T06:43:38,60.35,1.0,SetByBid
2025-12-22 06:43:38,2025-12-22T06:43:38,60.35,1.0,SetByBid
2025-12-22 06:43:43,2025-12-22T06:43:43,60.36,1.0,SetByBid
2025-12-22 06:43:43,2025-12-22T06:43:43,60.36,1.0,SetByBid
2025-12-22 06:43:46,2025-12-22T06:43:46,60.33,1.0,SetByBid
2025-12-22 06:43:46,2025-12-22T06:43:46,60.33,1.0,SetByBid
2025-12-22 06:43:46,2025-12-22T06:43:46,60.33,1.0,SetByBid
2025-12-22 06:43:46,2025-12-22T06:43:46,60.33,1.0,SetByBid
2025-12-22 06:43:46,2025-12-22T06:43:46,60.33,1.0,"SetByBid, Leg"
2025-12-22 06:43:49,2025-12-22T06:43:49,60.33,1.0,SetByBid
2025-12-22 06:43:49,2025-12-22T06:43:49,60.33,1.0,SetByBid
2025-12-22 06:43:49,2025-12-22T06:43:49,60.33,1.0,SetByBid
2025-12-22 06:43:50,2025-12-22T06:43:50,60.33,1.0,SetByBid
2025-12-22 06:43:50,2025-12-22T06:43:50,60.33,1.0,SetByBid
2025-12-22 06:43:50,2025-12-22T06:43:50,60.33,1.0,SetByBid
2025-12-22 06:44:03,2025-12-22T06:44:03,60.33,1.0,SetByBid
2025-12-22 06:44:03,2025-12-22T06:44:03,60.33,1.0,SetByBid
2025-12-22 06:45:01,2025-12-22T06:45:01,60.33,1.0,SetByBid
2025-12-22 06:46:00,2025-12-22T06:46:00,60.31,1.0,SetByBid
2025-12-22 06:46:00,2025-12-22T06:46:00,60.31,1.0,SetByBid
2025-12-22 06:46:21,2025-12-22T06:46:21,60.31,1.0,SetByBid
2025-12-22 06:46:46,2025-12-22T06:46:46,60.3,1.0,SetByAsk
2025-12-22 06:46:53,2025-12-22T06:46:53,60.31,1.0,SetByBid
2025-12-22 06:46:53,2025-12-22T06:46:53,60.31,1.0,SetByBid
2025-12-22 06:47:23,2025-12-22T06:47:23,60.31,1.0,SetByBid
2025-12-22 06:47:23,2025-12-22T06:47:23,60.31,1.0,SetByBid
2025-12-22 06:47:23,2025-12-22T06:47:23,60.31,1.0,SetByBid
2025-12-22 06:47:45,2025-12-22T06:47:45,60.31,1.0,SetByBid
2025-12-22 06:47:45,2025-12-22T06:47:45,60.31,1.0,SetByBid
2025-12-22 06:47:58,2025-12-22T06:47:58,60.31,1.0,SetByBid
2025-12-22 06:48:06,2025-12-22T06:48:06,60.31,1.0,SetByBid
2025-12-22 06:48:07,2025-12-22T06:48:07,60.31,1.0,SetByBid
2025-12-22 06:48:07,2025-12-22T06:48:07,60.31,1.0,SetByBid
2025-12-22 06:48:07,2025-12-22T06:48:07,60.31,1.0,SetByBid
2025-12-22 06:48:07,2025-12-22T06:48:07,60.31,1.0,SetByBid
2025-12-22 06:48:07,2025-12-22T06:48:07,60.31,1.0,SetByBid
2025-12-22 06:48:07,2025-12-22T06:48:07,60.31,1.0,SetByBid
2025-12-22 06:48:07,2025-12-22T06:48:07,60.31,1.0,SetByAsk
2025-12-22 06:48:07,2025-12-22T06:48:07,60.31,1.0,SetByAsk
2025-12-22 06:48:07,2025-12-22T06:48:07,60.31,1.0,SetByBid
2025-12-22 06:48:16,2025-12-22T06:48:16,60.32,1.0,SetByBid
2025-12-22 06:48:16,2025-12-22T06:48:16,60.32,1.0,SetByBid
2025-12-22 06:48:16,2025-12-22T06:48:16,60.32,1.0,SetByBid
2025-12-22 06:48:16,2025-12-22T06:48:16,60.32,2.0,SetByBid
2025-12-22 06:48:48,2025-12-22T06:48:48,60.32,1.0,SetByBid
2025-12-22 06:51:04,2025-12-22T06:51:04,60.34,1.0,SetByBid
2025-12-22 06:51:04,2025-12-22T06:51:04,60.34,1.0,SetByBid
2025-12-22 06:51:30,2025-12-22T06:51:30,60.33,1.0,SetByAsk
2025-12-22 06:51:30,2025-12-22T06:51:30,60.33,1.0,SetByAsk
2025-12-22 06:51:30,2025-12-22T06:51:30,60.33,1.0,SetByAsk
2025-12-22 06:51:34,2025-12-22T06:51:34,60.33,1.0,SetByBid
2025-12-22 06:51:34,2025-12-22T06:51:34,60.34,1.0,SetByBid
2025-12-22 06:51:57,2025-12-22T06:51:57,60.34,1.0,SetByBid
2025-12-22 06:57:49,2025-12-22T06:57:49,60.31,1.0,SetByAsk
2025-12-22 06:58:18,2025-12-22T06:58:18,60.33,1.0,SetByBid
2025-12-22 07:00:52,2025-12-22T07:00:52,60.34,1.0,SetByBid
2025-12-22 07:00:52,2025-12-22T07:00:52,60.34,1.0,SetByBid
2025-12-22 07:00:52,2025-12-22T07:00:52,60.35,1.0,SetByBid
2025-12-22 07:00:52,2025-12-22T07:00:52,60.35,1.0,SetByAsk
2025-12-22 07:04:24,2025-12-22T07:04:24,60.34,1.0,SetByAsk
2025-12-22 07:04:38,2025-12-22T07:04:38,60.34,1.0,SetByAsk
2025-12-22 07:04:38,2025-12-22T07:04:38,60.34,1.0,SetByAsk
2025-12-22 07:04:41,2025-12-22T07:04:41,60.33,1.0,SetByAsk
2025-12-22 07:08:18,2025-12-22T07:08:18,60.35,1.0,SetByAsk
2025-12-22 07:10:49,2025-12-22T07:10:49,60.35,1.0,SetByBid
2025-12-22 07:10:50,2025-12-22T07:10:50,60.36,1.0,SetByBid
2025-12-22 07:11:54,2025-12-22T07:11:54,60.35,1.0,SetByAsk
2025-12-22 07:12:44,2025-12-22T07:12:44,60.36,1.0,SetByBid
2025-12-22 07:14:30,2025-12-22T07:14:30,60.36,1.0,SetByAsk
2025-12-22 07:14:37,2025-12-22T07:14:37,60.36,1.0,SetByBid
2025-12-22 07:14:41,2025-12-22T07:14:41,60.36,1.0,SetByBid
2025-12-22 07:14:42,2025-12-22T07:14:42,60.37,1.0,SetByBid
2025-12-22 07:15:27,2025-12-22T07:15:27,60.34,1.0,SetByBid
2025-12-22 07:15:27,2025-12-22T07:15:27,60.33,1.0,SetByBid
2025-12-22 07:16:40,2025-12-22T07:16:40,60.35,1.0,SetByAsk
2025-12-22 07:16:40,2025-12-22T07:16:40,60.35,1.0,SetByAsk
2025-12-22 07:16:40,2025-12-22T07:16:40,60.35,2.0,SetByAsk
2025-12-22 07:16:40,2025-12-22T07:16:40,60.35,1.0,SetByBid
2025-12-22 07:16:40,2025-12-22T07:16:40,60.35,1.0,SetByBid
2025-12-22 07:16:40,2025-12-22T07:16:40,60.35,1.0,SetByBid
2025-12-22 07:16:40,2025-12-22T07:16:40,60.35,1.0,SetByBid
2025-12-22 07:16:47,2025-12-22T07:16:47,60.34,1.0,SetByAsk
2025-12-22 07:16:47,2025-12-22T07:16:47,60.34,1.0,SetByAsk
2025-12-22 07:16:47,2025-12-22T07:16:47,60.34,1.0,SetByAsk
2025-12-22 07:16:47,2025-12-22T07:16:47,60.34,1.0,SetByAsk
2025-12-22 07:17:36,2025-12-22T07:17:36,60.32,1.0,SetByBid
2025-12-22 07:17:54,2025-12-22T07:17:54,60.32,1.0,SetByBid
2025-12-22 07:17:55,2025-12-22T07:17:55,60.32,1.0,SetByBid
2025-12-22 07:18:00,2025-12-22T07:18:00,60.32,1.0,SetByBid
2025-12-22 07:18:00,2025-12-22T07:18:00,60.32,1.0,SetByBid
2025-12-22 07:18:11,2025-12-22T07:18:11,60.32,1.0,SetByBid
2025-12-22 07:18:15,2025-12-22T07:18:15,60.32,1.0,SetByBid
2025-12-22 07:18:15,2025-12-22T07:18:15,60.32,1.0,SetByBid
2025-12-22 07:18:15,2025-12-22T07:18:15,60.32,2.0,SetByBid
2025-12-22 07:18:15,2025-12-22T07:18:15,60.32,1.0,SetByBid
2025-12-22 07:18:15,2025-12-22T07:18:15,60.33,1.0,SetByBid
2025-12-22 07:18:15,2025-12-22T07:18:15,60.33,1.0,SetByBid
2025-12-22 07:18:15,2025-12-22T07:18:15,60.33,1.0,SetByBid
2025-12-22 07:18:15,2025-12-22T07:18:15,60.33,1.0,SetByBid
2025-12-22 07:18:15,2025-12-22T07:18:15,60.33,1.0,SetByBid
2025-12-22 07:18:15,2025-12-22T07:18:15,60.33,1.0,SetByBid
2025-12-22 07:18:15,2025-12-22T07:18:15,60.33,1.0,SetByBid
2025-12-22 07:18:15,2025-12-22T07:18:15,60.33,1.0,SetByBid
2025-12-22 07:18:15,2025-12-22T07:18:15,60.33,1.0,SetByBid
2025-12-22 07:18:15,2025-12-22T07:18:15,60.33,1.0,SetByBid
2025-12-22 07:18:15,2025-12-22T07:18:15,60.33,2.0,SetByBid
2025-12-22 07:18:15,2025-12-22T07:18:15,60.33,1.0,SetByBid
2025-12-22 07:18:15,2025-12-22T07:18:15,60.33,3.0,SetByBid
2025-12-22 07:18:15,2025-12-22T07:18:15,60.33,4.0,SetByBid
2025-12-22 07:18:15,2025-12-22T07:18:15,60.33,1.0,SetByBid
2025-12-22 07:18:15,2025-12-22T07:18:15,60.33,1.0,SetByBid
2025-12-22 07:18:15,2025-12-22T07:18:15,60.33,2.0,SetByBid
2025-12-22 07:18:15,2025-12-22T07:18:15,60.33,1.0,SetByBid
2025-12-22 07:18:15,2025-12-22T07:18:15,60.33,1.0,SetByBid
2025-12-22 07:18:15,2025-12-22T07:18:15,60.33,1.0,SetByBid
2025-12-22 07:18:15,2025-12-22T07:18:15,60.33,4.0,SetByBid
2025-12-22 07:18:15,2025-12-22T07:18:15,60.33,1.0,SetByBid
2025-12-22 07:18:15,2025-12-22T07:18:15,60.33,1.0,SetByBid
2025-12-22 07:18:15,2025-12-22T07:18:15,60.33,2.0,SetByBid
2025-12-22 07:18:15,2025-12-22T07:18:15,60.33,2.0,SetByBid
2025-12-22 07:18:15,2025-12-22T07:18:15,60.33,1.0,SetByBid
2025-12-22 07:18:15,2025-12-22T07:18:15,60.33,2.0,SetByBid
2025-12-22 07:18:15,2025-12-22T07:18:15,60.33,3.0,SetByBid
2025-12-22 07:18:15,2025-12-22T07:18:15,60.33,1.0,SetByBid
2025-12-22 07:18:15,2025-12-22T07:18:15,60.33,1.0,SetByAsk
2025-12-22 07:18:15,2025-12-22T07:18:15,60.33,1.0,SetByAsk
2025-12-22 07:18:35,2025-12-22T07:18:35,60.33,4.0,SetByAsk
2025-12-22 07:18:35,2025-12-22T07:18:35,60.33,6.0,SetByAsk
2025-12-22 07:18:35,2025-12-22T07:18:35,60.33,1.0,SetByAsk
2025-12-22 07:18:35,2025-12-22T07:18:35,60.33,30.0,SetByAsk
2025-12-22 07:20:29,2025-12-22T07:20:29,60.32,1.0,SetByBid
2025-12-22 07:20:29,2025-12-22T07:20:29,60.32,3.0,SetByBid
2025-12-22 07:20:29,2025-12-22T07:20:29,60.32,1.0,SetByBid
2025-12-22 07:20:29,2025-12-22T07:20:29,60.32,1.0,SetByBid
2025-12-22 07:20:29,2025-12-22T07:20:29,60.32,2.0,SetByBid
2025-12-22 07:20:29,2025-12-22T07:20:29,60.32,1.0,SetByBid
2025-12-22 07:20:29,2025-12-22T07:20:29,60.32,1.0,SetByBid
2025-12-22 07:20:29,2025-12-22T07:20:29,60.33,1.0,SetByBid
2025-12-22 07:20:29,2025-12-22T07:20:29,60.33,1.0,SetByBid
2025-12-22 07:20:29,2025-12-22T07:20:29,60.33,1.0,SetByBid
2025-12-22 07:20:29,2025-12-22T07:20:29,60.33,1.0,SetByBid
2025-12-22 07:20:29,2025-12-22T07:20:29,60.33,1.0,SetByBid
2025-12-22 07:20:29,2025-12-22T07:20:29,60.33,1.0,SetByBid
2025-12-22 07:20:29,2025-12-22T07:20:29,60.33,1.0,SetByBid
2025-12-22 07:20:29,2025-12-22T07:20:29,60.33,5.0,SetByBid
2025-12-22 07:20:29,2025-12-22T07:20:29,60.33,1.0,SetByBid
2025-12-22 07:20:29,2025-12-22T07:20:29,60.33,1.0,SetByBid
2025-12-22 07:20:29,2025-12-22T07:20:29,60.33,1.0,SetByBid
2025-12-22 07:20:29,2025-12-22T07:20:29,60.33,1.0,SetByBid
2025-12-22 07:20:29,2025-12-22T07:20:29,60.33,3.0,SetByBid
2025-12-22 07:20:29,2025-12-22T07:20:29,60.33,1.0,SetByBid
2025-12-22 07:20:29,2025-12-22T07:20:29,60.33,2.0,SetByBid
2025-12-22 07:20:29,2025-12-22T07:20:29,60.33,1.0,SetByBid
2025-12-22 07:20:29,2025-12-22T07:20:29,60.33,1.0,SetByBid
2025-12-22 07:20:29,2025-12-22T07:20:29,60.33,3.0,SetByBid
2025-12-22 07:20:29,2025-12-22T07:20:29,60.33,3.0,SetByBid
2025-12-22 07:20:29,2025-12-22T07:20:29,60.33,5.0,SetByBid
2025-12-22 07:20:29,2025-12-22T07:20:29,60.33,1.0,SetByBid
2025-12-22 07:20:29,2025-12-22T07:20:29,60.33,1.0,SetByBid
2025-12-22 07:20:29,2025-12-22T07:20:29,60.33,1.0,SetByBid
2025-12-22 07:20:29,2025-12-22T07:20:29,60.33,3.0,SetByBid
2025-12-22 07:20:29,2025-12-22T07:20:29,60.33,2.0,SetByBid
2025-12-22 07:20:29,2025-12-22T07:20:29,60.33,2.0,SetByBid
2025-12-22 07:20:29,2025-12-22T07:20:29,60.33,1.0,SetByBid
2025-12-22 07:20:29,2025-12-22T07:20:29,60.33,5.0,SetByBid
2025-12-22 07:20:29,2025-12-22T07:20:29,60.33,1.0,SetByBid
2025-12-22 07:20:29,2025-12-22T07:20:29,60.33,5.0,SetByBid
2025-12-22 07:20:29,2025-12-22T07:20:29,60.33,5.0,SetByBid
2025-12-22 07:20:29,2025-12-22T07:20:29,60.33,14.0,SetByAsk
2025-12-22 07:20:40,2025-12-22T07:20:40,60.34,1.0,SetByBid
2025-12-22 07:20:40,2025-12-22T07:20:40,60.34,1.0,SetByBid
2025-12-22 07:21:05,2025-12-22T07:21:05,60.34,1.0,SetByAsk
2025-12-22 07:21:05,2025-12-22T07:21:05,60.34,1.0,SetByAsk
2025-12-22 07:21:05,2025-12-22T07:21:05,60.34,2.0,SetByAsk
2025-12-22 07:21:05,2025-12-22T07:21:05,60.34,1.0,SetByAsk
2025-12-22 07:22:02,2025-12-22T07:22:02,60.34,2.0,SetByBid
2025-12-22 07:22:02,2025-12-22T07:22:02,60.34,1.0,SetByBid
2025-12-22 07:22:06,2025-12-22T07:22:06,60.33,6.0,SetByAsk
2025-12-22 07:22:06,2025-12-22T07:22:06,60.33,8.0,SetByAsk
2025-12-22 07:22:22,2025-12-22T07:22:22,60.32,1.0,SetByBid
2025-12-22 07:24:21,2025-12-22T07:24:21,60.28,1.0,SetByAsk
2025-12-22 07:24:46,2025-12-22T07:24:46,60.28,1.0,SetByAsk
2025-12-22 07:25:18,2025-12-22T07:25:18,60.28,1.0,SetByAsk
2025-12-22 07:25:52,2025-12-22T07:25:52,60.28,1.0,SetByAsk
2025-12-22 07:26:31,2025-12-22T07:26:31,60.29,1.0,SetByBid
2025-12-22 07:26:31,2025-12-22T07:26:31,60.29,2.0,SetByBid
2025-12-22 07:30:00,2025-12-22T07:30:00,60.27,1.0,SetByAsk
2025-12-22 07:30:00,2025-12-22T07:30:00,60.27,1.0,"SetByAsk, Leg"
2025-12-22 07:30:00,2025-12-22T07:30:00,60.27,1.0,"SetByAsk, Leg"
2025-12-22 07:30:00,2025-12-22T07:30:00,60.27,1.0,"SetByAsk, Leg"
2025-12-22 07:30:44,2025-12-22T07:30:44,60.27,1.0,SetByAsk
2025-12-22 07:30:44,2025-12-22T07:30:44,60.27,1.0,"SetByAsk, Leg"
2025-12-22 07:30:44,2025-12-22T07:30:44,60.27,1.0,SetByBid
2025-12-22 07:31:00,2025-12-22T07:31:00,60.26,1.0,SetByBid
2025-12-22 07:31:20,2025-12-22T07:31:20,60.26,1.0,SetByBid
2025-12-22 07:31:47,2025-12-22T07:31:47,60.26,1.0,SetByBid
2025-12-22 07:31:47,2025-12-22T07:31:47,60.26,1.0,SetByBid
2025-12-22 07:31:47,2025-12-22T07:31:47,60.26,1.0,SetByBid
2025-12-22 07:31:47,2025-12-22T07:31:47,60.26,3.0,SetByBid
2025-12-22 07:31:47,2025-12-22T07:31:47,60.26,2.0,SetByBid
2025-12-22 07:36:02,2025-12-22T07:36:02,60.26,1.0,SetByAsk
2025-12-22 07:36:28,2025-12-22T07:36:28,60.26,1.0,SetByAsk
2025-12-22 07:36:28,2025-12-22T07:36:28,60.26,1.0,SetByBid
2025-12-22 07:36:29,2025-12-22T07:36:29,60.27,1.0,SetByBid
2025-12-22 07:36:29,2025-12-22T07:36:29,60.27,3.0,SetByBid
2025-12-22 07:36:29,2025-12-22T07:36:29,60.27,2.0,SetByBid
2025-12-22 07:36:29,2025-12-22T07:36:29,60.27,1.0,SetByBid
2025-12-22 07:36:29,2025-12-22T07:36:29,60.27,1.0,SetByBid
2025-12-22 07:36:29,2025-12-22T07:36:29,60.27,1.0,SetByBid
2025-12-22 07:36:29,2025-12-22T07:36:29,60.27,1.0,SetByBid
2025-12-22 07:36:29,2025-12-22T07:36:29,60.27,1.0,SetByBid
2025-12-22 07:36:29,2025-12-22T07:36:29,60.27,1.0,SetByBid
2025-12-22 07:37:00,2025-12-22T07:37:00,60.32,1.0,SetByBid
2025-12-22 07:39:02,2025-12-22T07:39:02,60.31,1.0,SetByBid
2025-12-22 07:44:46,2025-12-22T07:44:46,60.31,1.0,SetByBid
2025-12-22 07:49:06,2025-12-22T07:49:06,60.33,1.0,SetByAsk
2025-12-22 07:51:03,2025-12-22T07:51:03,60.33,1.0,SetByAsk
2025-12-22 07:51:03,2025-12-22T07:51:03,60.33,1.0,SetByAsk
2025-12-22 07:51:06,2025-12-22T07:51:06,60.33,1.0,SetByAsk
2025-12-22 07:51:06,2025-12-22T07:51:06,60.33,1.0,SetByAsk
2025-12-22 07:51:06,2025-12-22T07:51:06,60.33,1.0,SetByAsk
2025-12-22 07:51:06,2025-12-22T07:51:06,60.33,1.0,SetByAsk
2025-12-22 08:01:23,2025-12-22T08:01:23,60.32,1.0,SetByBid
2025-12-22 08:01:23,2025-12-22T08:01:23,60.32,1.0,SetByBid
2025-12-22 08:01:23,2025-12-22T08:01:23,60.32,1.0,SetByBid
2025-12-22 08:06:22,2025-12-22T08:06:22,60.3,1.0,SetByBid
2025-12-22 08:16:05,2025-12-22T08:16:05,60.32,1.0,SetByBid
2025-12-22 08:17:01,2025-12-22T08:17:01,60.31,1.0,SetByAsk
2025-12-22 08:17:01,2025-12-22T08:17:01,60.31,1.0,SetByAsk
2025-12-22 08:17:01,2025-12-22T08:17:01,60.31,1.0,SetByAsk
2025-12-22 08:19:38,2025-12-22T08:19:38,60.32,1.0,SetByBid
2025-12-22 08:19:38,2025-12-22T08:19:38,60.32,1.0,SetByBid
2025-12-22 08:20:35,2025-12-22T08:20:35,60.32,1.0,SetByBid
2025-12-22 08:20:35,2025-12-22T08:20:35,60.32,1.0,SetByBid
2025-12-22 08:20:35,2025-12-22T08:20:35,60.32,1.0,SetByBid
2025-12-22 08:20:35,2025-12-22T08:20:35,60.32,1.0,SetByBid
2025-12-22 08:20:35,2025-12-22T08:20:35,60.32,1.0,SetByBid
2025-12-22 08:20:35,2025-12-22T08:20:35,60.32,1.0,SetByBid
2025-12-22 08:20:35,2025-12-22T08:20:35,60.32,2.0,SetByBid
2025-12-22 08:20:35,2025-12-22T08:20:35,60.32,1.0,SetByBid
2025-12-22 08:20:35,2025-12-22T08:20:35,60.32,3.0,SetByBid
2025-12-22 08:20:35,2025-12-22T08:20:35,60.32,4.0,SetByAsk
2025-12-22 08:20:35,2025-12-22T08:20:35,60.32,1.0,SetByAsk
2025-12-22 08:20:35,2025-12-22T08:20:35,60.32,1.0,SetByAsk
2025-12-22 08:20:35,2025-12-22T08:20:35,60.32,1.0,SetByAsk
2025-12-22 08:20:35,2025-12-22T08:20:35,60.32,1.0,SetByAsk
2025-12-22 08:20:35,2025-12-22T08:20:35,60.32,1.0,SetByAsk
2025-12-22 08:20:51,2025-12-22T08:20:51,60.33,1.0,SetByBid
2025-12-22 08:21:41,2025-12-22T08:21:41,60.36,1.0,SetByBid
2025-12-22 08:21:41,2025-12-22T08:21:41,60.36,1.0,SetByBid
2025-12-22 08:23:37,2025-12-22T08:23:37,60.35,1.0,SetByAsk
2025-12-22 08:24:28,2025-12-22T08:24:28,60.35,1.0,SetByBid
2025-12-22 08:24:39,2025-12-22T08:24:39,60.35,1.0,SetByBid
2025-12-22 08:24:39,2025-12-22T08:24:39,60.35,1.0,SetByBid
2025-12-22 08:24:39,2025-12-22T08:24:39,60.35,1.0,SetByBid
2025-12-22 08:24:39,2025-12-22T08:24:39,60.35,1.0,SetByBid
2025-12-22 08:24:41,2025-12-22T08:24:41,60.35,1.0,SetByBid
2025-12-22 08:28:18,2025-12-22T08:28:18,60.36,1.0,SetByBid
2025-12-22 08:28:45,2025-12-22T08:28:45,60.36,1.0,SetByBid
2025-12-22 08:46:12,2025-12-22T08:46:12,60.37,1.0,SetByBid
2025-12-22 09:00:58,2025-12-22T09:00:58,60.37,1.0,SetByAsk
2025-12-22 09:02:30,2025-12-22T09:02:30,60.37,1.0,SetByAsk
2025-12-22 09:13:25,2025-12-22T09:13:25,60.34,1.0,SetByAsk
2025-12-22 09:18:30,2025-12-22T09:18:30,60.32,1.0,SetByAsk
2025-12-22 09:18:30,2025-12-22T09:18:30,60.31,1.0,SetByAsk
2025-12-22 09:18:30,2025-12-22T09:18:30,60.31,1.0,SetByAsk
2025-12-22 09:18:30,2025-12-22T09:18:30,60.31,1.0,SetByAsk
2025-12-22 09:18:30,2025-12-22T09:18:30,60.31,1.0,SetByAsk
2025-12-22 09:18:30,2025-12-22T09:18:30,60.31,1.0,SetByAsk
2025-12-22 09:18:30,2025-12-22T09:18:30,60.31,1.0,SetByAsk
2025-12-22 09:24:12,2025-12-22T09:24:12,60.34,1.0,SetByBid
2025-12-22 09:26:35,2025-12-22T09:26:35,60.36,1.0,SetByAsk
2025-12-22 09:26:35,2025-12-22T09:26:35,60.36,1.0,SetByBid
2025-12-22 09:26:35,2025-12-22T09:26:35,60.36,1.0,SetByAsk
2025-12-22 09:30:00,2025-12-22T09:30:00,60.36,1.0,SetByBid
2025-12-22 09:30:01,2025-12-22T09:30:01,60.37,1.0,SetByBid
2025-12-22 09:30:22,2025-12-22T09:30:22,60.37,1.0,SetByBid
2025-12-22 09:30:22,2025-12-22T09:30:22,60.37,1.0,SetByBid
2025-12-22 09:30:35,2025-12-22T09:30:35,60.37,1.0,SetByBid
2025-12-22 09:31:29,2025-12-22T09:31:29,60.4,1.0,SetByBid
2025-12-22 09:31:29,2025-12-22T09:31:29,60.4,1.0,SetByBid
2025-12-22 09:32:36,2025-12-22T09:32:36,60.4,1.0,SetByAsk
2025-12-22 09:32:56,2025-12-22T09:32:56,60.41,1.0,SetByBid
2025-12-22 09:32:56,2025-12-22T09:32:56,60.41,1.0,SetByBid
2025-12-22 09:33:53,2025-12-22T09:33:53,60.41,1.0,SetByBid
2025-12-22 09:33:53,2025-12-22T09:33:53,60.41,1.0,SetByBid
2025-12-22 09:33:53,2025-12-22T09:33:53,60.41,1.0,SetByBid
2025-12-22 09:33:53,2025-12-22T09:33:53,60.41,1.0,SetByBid
2025-12-22 09:33:53,2025-12-22T09:33:53,60.41,1.0,SetByBid
2025-12-22 09:33:53,2025-12-22T09:33:53,60.41,1.0,SetByBid
2025-12-22 09:33:53,2025-12-22T09:33:53,60.41,1.0,SetByBid
2025-12-22 09:33:53,2025-12-22T09:33:53,60.41,3.0,SetByBid
2025-12-22 09:33:53,2025-12-22T09:33:53,60.41,1.0,SetByBid
2025-12-22 09:33:53,2025-12-22T09:33:53,60.41,1.0,SetByBid
2025-12-22 09:33:53,2025-12-22T09:33:53,60.41,1.0,SetByBid
2025-12-22 09:33:53,2025-12-22T09:33:53,60.41,1.0,SetByBid
2025-12-22 09:33:53,2025-12-22T09:33:53,60.41,1.0,SetByBid
2025-12-22 09:33:53,2025-12-22T09:33:53,60.41,1.0,SetByBid
2025-12-22 09:33:53,2025-12-22T09:33:53,60.41,1.0,SetByBid
2025-12-22 09:33:53,2025-12-22T09:33:53,60.41,1.0,SetByBid
2025-12-22 09:33:53,2025-12-22T09:33:53,60.41,1.0,SetByBid
2025-12-22 09:33:53,2025-12-22T09:33:53,60.41,1.0,SetByBid
2025-12-22 09:33:53,2025-12-22T09:33:53,60.41,1.0,SetByBid
2025-12-22 09:33:53,2025-12-22T09:33:53,60.41,2.0,SetByBid
2025-12-22 09:33:53,2025-12-22T09:33:53,60.41,1.0,SetByBid
2025-12-22 09:33:53,2025-12-22T09:33:53,60.41,2.0,SetByBid
2025-12-22 09:33:53,2025-12-22T09:33:53,60.41,1.0,SetByBid
2025-12-22 09:33:53,2025-12-22T09:33:53,60.41,1.0,SetByBid
2025-12-22 09:33:53,2025-12-22T09:33:53,60.41,2.0,"SetByBid, Leg"
2025-12-22 09:33:53,2025-12-22T09:33:53,60.42,2.0,"SetByBid, Leg"
2025-12-22 09:33:53,2025-12-22T09:33:53,60.42,1.0,SetByBid
2025-12-22 09:33:53,2025-12-22T09:33:53,60.42,1.0,SetByBid
2025-12-22 09:33:53,2025-12-22T09:33:53,60.42,1.0,SetByBid
2025-12-22 09:33:53,2025-12-22T09:33:53,60.42,1.0,SetByBid
2025-12-22 09:33:53,2025-12-22T09:33:53,60.42,1.0,SetByBid
2025-12-22 09:33:53,2025-12-22T09:33:53,60.42,1.0,SetByBid
2025-12-22 09:33:53,2025-12-22T09:33:53,60.42,1.0,SetByBid
2025-12-22 09:33:53,2025-12-22T09:33:53,60.42,1.0,SetByBid
2025-12-22 09:33:53,2025-12-22T09:33:53,60.42,1.0,SetByBid
2025-12-22 09:33:53,2025-12-22T09:33:53,60.42,1.0,SetByBid
2025-12-22 09:33:53,2025-12-22T09:33:53,60.42,1.0,SetByBid
2025-12-22 09:33:53,2025-12-22T09:33:53,60.42,1.0,SetByBid
2025-12-22 09:33:53,2025-12-22T09:33:53,60.42,4.0,SetByBid
2025-12-22 09:33:53,2025-12-22T09:33:53,60.42,2.0,SetByBid
2025-12-22 09:33:53,2025-12-22T09:33:53,60.42,2.0,SetByBid
2025-12-22 09:33:53,2025-12-22T09:33:53,60.42,1.0,SetByBid
2025-12-22 09:33:53,2025-12-22T09:33:53,60.42,1.0,SetByBid
2025-12-22 09:33:53,2025-12-22T09:33:53,60.42,1.0,SetByBid
2025-12-22 09:33:53,2025-12-22T09:33:53,60.42,1.0,SetByBid
2025-12-22 09:33:53,2025-12-22T09:33:53,60.42,1.0,SetByBid
2025-12-22 09:33:53,2025-12-22T09:33:53,60.42,1.0,SetByBid
2025-12-22 09:33:53,2025-12-22T09:33:53,60.42,1.0,SetByBid
2025-12-22 09:33:53,2025-12-22T09:33:53,60.42,1.0,SetByBid
2025-12-22 09:33:53,2025-12-22T09:33:53,60.42,1.0,SetByBid
2025-12-22 09:33:53,2025-12-22T09:33:53,60.42,1.0,SetByBid
2025-12-22 09:33:53,2025-12-22T09:33:53,60.42,1.0,SetByBid
2025-12-22 09:33:53,2025-12-22T09:33:53,60.42,1.0,SetByBid
2025-12-22 09:33:53,2025-12-22T09:33:53,60.43,1.0,SetByBid
2025-12-22 09:33:53,2025-12-22T09:33:53,60.43,7.0,SetByBid
2025-12-22 09:33:53,2025-12-22T09:33:53,60.43,1.0,SetByBid
2025-12-22 09:33:53,2025-12-22T09:33:53,60.43,2.0,SetByBid
2025-12-22 09:33:53,2025-12-22T09:33:53,60.43,1.0,SetByBid
2025-12-22 09:33:53,2025-12-22T09:33:53,60.43,3.0,SetByBid
2025-12-22 09:33:53,2025-12-22T09:33:53,60.43,2.0,SetByBid
2025-12-22 09:33:53,2025-12-22T09:33:53,60.43,1.0,SetByBid
2025-12-22 09:33:53,2025-12-22T09:33:53,60.43,2.0,SetByBid
2025-12-22 09:33:53,2025-12-22T09:33:53,60.43,3.0,SetByBid
2025-12-22 09:33:53,2025-12-22T09:33:53,60.43,2.0,SetByBid
2025-12-22 09:33:53,2025-12-22T09:33:53,60.43,1.0,SetByBid
2025-12-22 09:33:53,2025-12-22T09:33:53,60.43,1.0,SetByBid
2025-12-22 09:33:53,2025-12-22T09:33:53,60.43,2.0,SetByBid
2025-12-22 09:33:53,2025-12-22T09:33:53,60.43,1.0,SetByBid
2025-12-22 09:33:53,2025-12-22T09:33:53,60.43,1.0,SetByBid
2025-12-22 09:33:53,2025-12-22T09:33:53,60.43,1.0,SetByBid
2025-12-22 09:33:53,2025-12-22T09:33:53,60.43,2.0,SetByBid
2025-12-22 09:33:53,2025-12-22T09:33:53,60.43,1.0,SetByBid
2025-12-22 09:33:53,2025-12-22T09:33:53,60.43,1.0,SetByBid
2025-12-22 09:33:53,2025-12-22T09:33:53,60.43,1.0,SetByBid
2025-12-22 09:33:53,2025-12-22T09:33:53,60.43,2.0,SetByBid
2025-12-22 09:33:53,2025-12-22T09:33:53,60.43,2.0,SetByBid
2025-12-22 09:33:53,2025-12-22T09:33:53,60.43,2.0,SetByBid
2025-12-22 09:33:53,2025-12-22T09:33:53,60.43,2.0,SetByBid
2025-12-22 09:33:53,2025-12-22T09:33:53,60.43,2.0,SetByBid
2025-12-22 09:33:53,2025-12-22T09:33:53,60.43,1.0,SetByBid
2025-12-22 09:33:53,2025-12-22T09:33:53,60.43,1.0,SetByBid
2025-12-22 09:33:53,2025-12-22T09:33:53,60.43,1.0,SetByBid
2025-12-22 09:33:53,2025-12-22T09:33:53,60.43,1.0,SetByBid
2025-12-22 09:33:53,2025-12-22T09:33:53,60.43,1.0,SetByBid
2025-12-22 09:33:53,2025-12-22T09:33:53,60.43,1.0,SetByBid
2025-12-22 09:33:53,2025-12-22T09:33:53,60.43,1.0,SetByBid
2025-12-22 09:33:53,2025-12-22T09:33:53,60.43,2.0,SetByBid
2025-12-22 09:33:53,2025-12-22T09:33:53,60.43,1.0,SetByBid
2025-12-22 09:33:53,2025-12-22T09:33:53,60.43,1.0,SetByBid
2025-12-22 09:33:53,2025-12-22T09:33:53,60.43,1.0,SetByBid
2025-12-22 09:33:53,2025-12-22T09:33:53,60.43,1.0,SetByBid
2025-12-22 09:33:53,2025-12-22T09:33:53,60.43,1.0,SetByBid
2025-12-22 09:33:53,2025-12-22T09:33:53,60.43,1.0,SetByBid
2025-12-22 09:33:53,2025-12-22T09:33:53,60.43,1.0,SetByBid
2025-12-22 09:33:53,2025-12-22T09:33:53,60.44,1.0,SetByBid
2025-12-22 09:33:53,2025-12-22T09:33:53,60.44,1.0,SetByBid
2025-12-22 09:33:53,2025-12-22T09:33:53,60.44,1.0,SetByBid
2025-12-22 09:33:53,2025-12-22T09:33:53,60.44,1.0,SetByBid
2025-12-22 09:33:53,2025-12-22T09:33:53,60.44,1.0,SetByBid
2025-12-22 09:33:53,2025-12-22T09:33:53,60.44,2.0,SetByBid
2025-12-22 09:33:53,2025-12-22T09:33:53,60.44,1.0,SetByBid
2025-12-22 09:33:53,2025-12-22T09:33:53,60.44,2.0,SetByBid
2025-12-22 09:33:53,2025-12-22T09:33:53,60.44,1.0,SetByBid
2025-12-22 09:33:53,2025-12-22T09:33:53,60.44,2.0,SetByBid
2025-12-22 09:33:53,2025-12-22T09:33:53,60.44,1.0,SetByBid
2025-12-22 09:33:53,2025-12-22T09:33:53,60.44,1.0,SetByBid
2025-12-22 09:33:53,2025-12-22T09:33:53,60.44,2.0,SetByBid
2025-12-22 09:33:53,2025-12-22T09:33:53,60.44,1.0,SetByBid
2025-12-22 09:33:53,2025-12-22T09:33:53,60.44,2.0,SetByBid
2025-12-22 09:33:53,2025-12-22T09:33:53,60.44,3.0,SetByBid
2025-12-22 09:33:53,2025-12-22T09:33:53,60.44,2.0,SetByBid
2025-12-22 09:33:53,2025-12-22T09:33:53,60.44,1.0,SetByBid
2025-12-22 09:33:53,2025-12-22T09:33:53,60.44,2.0,SetByBid
2025-12-22 09:33:53,2025-12-22T09:33:53,60.44,1.0,SetByBid
2025-12-22 09:33:53,2025-12-22T09:33:53,60.44,1.0,SetByBid
2025-12-22 09:33:53,2025-12-22T09:33:53,60.44,1.0,SetByBid
2025-12-22 09:33:53,2025-12-22T09:33:53,60.44,4.0,SetByBid
2025-12-22 09:33:53,2025-12-22T09:33:53,60.44,1.0,SetByBid
2025-12-22 09:33:53,2025-12-22T09:33:53,60.44,1.0,SetByBid
2025-12-22 09:33:53,2025-12-22T09:33:53,60.44,1.0,SetByBid
2025-12-22 09:33:53,2025-12-22T09:33:53,60.44,1.0,SetByBid
2025-12-22 09:33:53,2025-12-22T09:33:53,60.44,1.0,SetByBid
2025-12-22 09:33:53,2025-12-22T09:33:53,60.44,1.0,SetByBid
2025-12-22 09:33:53,2025-12-22T09:33:53,60.45,1.0,SetByBid
2025-12-22 09:33:53,2025-12-22T09:33:53,60.45,1.0,SetByBid
2025-12-22 09:33:53,2025-12-22T09:33:53,60.45,1.0,SetByBid
2025-12-22 09:33:53,2025-12-22T09:33:53,60.45,1.0,SetByBid
2025-12-22 09:33:53,2025-12-22T09:33:53,60.45,1.0,SetByBid
2025-12-22 09:33:53,2025-12-22T09:33:53,60.45,1.0,SetByBid
2025-12-22 09:33:53,2025-12-22T09:33:53,60.45,2.0,SetByBid
2025-12-22 09:33:53,2025-12-22T09:33:53,60.45,1.0,SetByBid
2025-12-22 09:33:53,2025-12-22T09:33:53,60.45,2.0,SetByBid
2025-12-22 09:33:53,2025-12-22T09:33:53,60.45,1.0,SetByBid
2025-12-22 09:33:53,2025-12-22T09:33:53,60.45,1.0,SetByBid
2025-12-22 09:33:53,2025-12-22T09:33:53,60.45,1.0,SetByBid
2025-12-22 09:33:53,2025-12-22T09:33:53,60.45,1.0,SetByBid
2025-12-22 09:33:53,2025-12-22T09:33:53,60.45,1.0,SetByBid
2025-12-22 09:33:53,2025-12-22T09:33:53,60.45,1.0,SetByBid
2025-12-22 09:33:53,2025-12-22T09:33:53,60.45,1.0,SetByBid
2025-12-22 09:33:53,2025-12-22T09:33:53,60.45,1.0,SetByBid
2025-12-22 09:33:53,2025-12-22T09:33:53,60.45,1.0,SetByBid
2025-12-22 09:33:53,2025-12-22T09:33:53,60.45,1.0,SetByBid
2025-12-22 09:33:53,2025-12-22T09:33:53,60.45,2.0,SetByBid
2025-12-22 09:33:53,2025-12-22T09:33:53,60.45,3.0,SetByBid
2025-12-22 09:33:53,2025-12-22T09:33:53,60.45,1.0,SetByBid
2025-12-22 09:33:53,2025-12-22T09:33:53,60.45,3.0,SetByBid
2025-12-22 09:33:53,2025-12-22T09:33:53,60.45,1.0,SetByBid
2025-12-22 09:33:53,2025-12-22T09:33:53,60.45,1.0,SetByBid
2025-12-22 09:33:53,2025-12-22T09:33:53,60.45,1.0,SetByBid
2025-12-22 09:33:53,2025-12-22T09:33:53,60.45,2.0,SetByBid
2025-12-22 09:33:53,2025-12-22T09:33:53,60.45,1.0,SetByBid
2025-12-22 09:33:53,2025-12-22T09:33:53,60.45,1.0,SetByBid
2025-12-22 09:33:53,2025-12-22T09:33:53,60.45,1.0,SetByBid
2025-12-22 09:33:53,2025-12-22T09:33:53,60.45,1.0,SetByBid
2025-12-22 09:33:53,2025-12-22T09:33:53,60.45,2.0,"SetByBid, Leg"
2025-12-22 09:33:53,2025-12-22T09:33:53,60.46,2.0,"SetByBid, Leg"
2025-12-22 09:33:53,2025-12-22T09:33:53,60.46,1.0,SetByBid
2025-12-22 09:33:53,2025-12-22T09:33:53,60.46,1.0,SetByBid
2025-12-22 09:33:53,2025-12-22T09:33:53,60.46,1.0,SetByBid
2025-12-22 09:33:53,2025-12-22T09:33:53,60.46,1.0,SetByBid
2025-12-22 09:33:53,2025-12-22T09:33:53,60.46,1.0,SetByBid
2025-12-22 09:33:53,2025-12-22T09:33:53,60.46,1.0,SetByBid
2025-12-22 09:33:53,2025-12-22T09:33:53,60.46,1.0,SetByBid
2025-12-22 09:33:53,2025-12-22T09:33:53,60.46,2.0,SetByBid
2025-12-22 09:33:53,2025-12-22T09:33:53,60.46,1.0,SetByBid
2025-12-22 09:33:53,2025-12-22T09:33:53,60.46,1.0,SetByBid
2025-12-22 09:33:53,2025-12-22T09:33:53,60.46,2.0,SetByBid
2025-12-22 09:33:53,2025-12-22T09:33:53,60.46,1.0,SetByBid
2025-12-22 09:33:53,2025-12-22T09:33:53,60.46,2.0,SetByBid
2025-12-22 09:33:53,2025-12-22T09:33:53,60.46,1.0,SetByBid
2025-12-22 09:33:53,2025-12-22T09:33:53,60.46,1.0,SetByBid
2025-12-22 09:33:53,2025-12-22T09:33:53,60.46,1.0,SetByBid
2025-12-22 09:33:53,2025-12-22T09:33:53,60.46,1.0,SetByBid
2025-12-22 09:33:53,2025-12-22T09:33:53,60.46,2.0,SetByBid
2025-12-22 09:33:53,2025-12-22T09:33:53,60.46,3.0,SetByBid
2025-12-22 09:33:53,2025-12-22T09:33:53,60.46,1.0,SetByBid
2025-12-22 09:33:53,2025-12-22T09:33:53,60.46,2.0,SetByBid
2025-12-22 09:33:53,2025-12-22T09:33:53,60.46,1.0,SetByBid
2025-12-22 09:33:53,2025-12-22T09:33:53,60.46,2.0,SetByBid
2025-12-22 09:33:53,2025-12-22T09:33:53,60.46,1.0,SetByBid
2025-12-22 09:33:53,2025-12-22T09:33:53,60.46,1.0,SetByBid
2025-12-22 09:33:53,2025-12-22T09:33:53,60.46,1.0,SetByBid
2025-12-22 09:33:53,2025-12-22T09:33:53,60.46,1.0,SetByBid
2025-12-22 09:33:53,2025-12-22T09:33:53,60.46,1.0,"SetByBid, Leg"
2025-12-22 09:33:53,2025-12-22T09:33:53,60.47,1.0,"SetByBid, Leg"
2025-12-22 09:33:53,2025-12-22T09:33:53,60.47,1.0,SetByBid
2025-12-22 09:33:53,2025-12-22T09:33:53,60.47,1.0,SetByBid
2025-12-22 09:33:53,2025-12-22T09:33:53,60.47,1.0,SetByBid
2025-12-22 09:33:53,2025-12-22T09:33:53,60.47,1.0,SetByBid
2025-12-22 09:33:53,2025-12-22T09:33:53,60.47,1.0,SetByBid
2025-12-22 09:33:53,2025-12-22T09:33:53,60.47,4.0,SetByBid
2025-12-22 09:33:53,2025-12-22T09:33:53,60.47,3.0,SetByBid
2025-12-22 09:33:53,2025-12-22T09:33:53,60.47,2.0,SetByBid
2025-12-22 09:33:53,2025-12-22T09:33:53,60.47,1.0,SetByBid
2025-12-22 09:33:53,2025-12-22T09:33:53,60.47,1.0,SetByBid
2025-12-22 09:33:53,2025-12-22T09:33:53,60.47,1.0,SetByBid
2025-12-22 09:33:53,2025-12-22T09:33:53,60.47,1.0,SetByBid
2025-12-22 09:33:53,2025-12-22T09:33:53,60.47,1.0,SetByBid
2025-12-22 09:33:53,2025-12-22T09:33:53,60.47,1.0,SetByBid
2025-12-22 09:33:53,2025-12-22T09:33:53,60.47,1.0,SetByBid
2025-12-22 09:33:53,2025-12-22T09:33:53,60.47,2.0,SetByBid
2025-12-22 09:33:53,2025-12-22T09:33:53,60.47,3.0,SetByBid
2025-12-22 09:33:53,2025-12-22T09:33:53,60.47,1.0,SetByBid
2025-12-22 09:33:53,2025-12-22T09:33:53,60.47,2.0,SetByBid
2025-12-22 09:33:53,2025-12-22T09:33:53,60.47,3.0,SetByBid
2025-12-22 09:33:53,2025-12-22T09:33:53,60.47,1.0,SetByBid
2025-12-22 09:33:53,2025-12-22T09:33:53,60.47,1.0,SetByBid
2025-12-22 09:33:53,2025-12-22T09:33:53,60.47,1.0,SetByBid
2025-12-22 09:33:53,2025-12-22T09:33:53,60.47,1.0,SetByBid
2025-12-22 09:33:53,2025-12-22T09:33:53,60.47,2.0,SetByBid
2025-12-22 09:33:53,2025-12-22T09:33:53,60.47,1.0,"SetByBid, Leg"
2025-12-22 09:33:53,2025-12-22T09:33:53,60.48,1.0,"SetByBid, Leg"
2025-12-22 09:33:53,2025-12-22T09:33:53,60.48,1.0,SetByBid
2025-12-22 09:33:53,2025-12-22T09:33:53,60.48,1.0,SetByBid
2025-12-22 09:33:53,2025-12-22T09:33:53,60.48,1.0,SetByBid
2025-12-22 09:33:53,2025-12-22T09:33:53,60.48,1.0,SetByBid
2025-12-22 09:33:53,2025-12-22T09:33:53,60.48,1.0,SetByBid
2025-12-22 09:33:53,2025-12-22T09:33:53,60.48,1.0,SetByBid
2025-12-22 09:33:53,2025-12-22T09:33:53,60.48,1.0,SetByBid
2025-12-22 09:33:53,2025-12-22T09:33:53,60.48,1.0,SetByBid
2025-12-22 09:33:53,2025-12-22T09:33:53,60.48,1.0,SetByBid
2025-12-22 09:33:53,2025-12-22T09:33:53,60.48,1.0,SetByBid
2025-12-22 09:33:53,2025-12-22T09:33:53,60.48,1.0,SetByBid
2025-12-22 09:33:53,2025-12-22T09:33:53,60.48,1.0,SetByBid
2025-12-22 09:33:53,2025-12-22T09:33:53,60.48,1.0,SetByBid
2025-12-22 09:33:53,2025-12-22T09:33:53,60.48,2.0,SetByBid
2025-12-22 09:33:53,2025-12-22T09:33:53,60.48,4.0,SetByBid
2025-12-22 09:33:53,2025-12-22T09:33:53,60.48,10.0,SetByBid
2025-12-22 09:33:53,2025-12-22T09:33:53,60.48,3.0,SetByBid
2025-12-22 09:33:53,2025-12-22T09:33:53,60.48,6.0,SetByBid
2025-12-22 09:33:53,2025-12-22T09:33:53,60.48,1.0,SetByBid
2025-12-22 09:33:53,2025-12-22T09:33:53,60.48,1.0,SetByBid
2025-12-22 09:33:53,2025-12-22T09:33:53,60.48,1.0,SetByBid
2025-12-22 09:33:53,2025-12-22T09:33:53,60.48,1.0,SetByBid
2025-12-22 09:33:53,2025-12-22T09:33:53,60.48,2.0,SetByBid
2025-12-22 09:33:53,2025-12-22T09:33:53,60.48,1.0,SetByBid
2025-12-22 09:33:53,2025-12-22T09:33:53,60.48,1.0,SetByBid
2025-12-22 09:33:53,2025-12-22T09:33:53,60.48,1.0,SetByBid
2025-12-22 09:33:53,2025-12-22T09:33:53,60.48,1.0,SetByBid
2025-12-22 09:33:53,2025-12-22T09:33:53,60.48,1.0,SetByBid
2025-12-22 09:33:53,2025-12-22T09:33:53,60.48,2.0,SetByBid
2025-12-22 09:33:53,2025-12-22T09:33:53,60.48,3.0,SetByBid
2025-12-22 09:33:53,2025-12-22T09:33:53,60.48,1.0,SetByBid
2025-12-22 09:33:53,2025-12-22T09:33:53,60.48,1.0,SetByBid
2025-12-22 09:33:53,2025-12-22T09:33:53,60.49,1.0,SetByBid
2025-12-22 09:33:53,2025-12-22T09:33:53,60.49,1.0,SetByBid
2025-12-22 09:33:53,2025-12-22T09:33:53,60.49,1.0,SetByBid
2025-12-22 09:33:53,2025-12-22T09:33:53,60.49,1.0,SetByBid
2025-12-22 09:33:53,2025-12-22T09:33:53,60.49,1.0,SetByBid
2025-12-22 09:33:53,2025-12-22T09:33:53,60.49,1.0,SetByBid
2025-12-22 09:33:53,2025-12-22T09:33:53,60.49,1.0,SetByBid
2025-12-22 09:33:53,2025-12-22T09:33:53,60.49,9.0,SetByBid
2025-12-22 09:33:53,2025-12-22T09:33:53,60.49,1.0,SetByBid
2025-12-22 09:33:53,2025-12-22T09:33:53,60.49,4.0,SetByBid
2025-12-22 09:33:53,2025-12-22T09:33:53,60.49,3.0,SetByBid
2025-12-22 09:33:53,2025-12-22T09:33:53,60.49,1.0,SetByBid
2025-12-22 09:33:53,2025-12-22T09:33:53,60.49,1.0,SetByBid
2025-12-22 09:33:53,2025-12-22T09:33:53,60.49,1.0,SetByBid
2025-12-22 09:33:53,2025-12-22T09:33:53,60.49,1.0,SetByBid
2025-12-22 09:33:53,2025-12-22T09:33:53,60.49,1.0,SetByBid
2025-12-22 09:33:53,2025-12-22T09:33:53,60.49,1.0,SetByBid
2025-12-22 09:33:53,2025-12-22T09:33:53,60.49,3.0,SetByBid
2025-12-22 09:33:53,2025-12-22T09:33:53,60.49,1.0,SetByBid
2025-12-22 09:33:53,2025-12-22T09:33:53,60.49,1.0,SetByBid
2025-12-22 09:33:53,2025-12-22T09:33:53,60.49,2.0,SetByBid
2025-12-22 09:33:53,2025-12-22T09:33:53,60.49,3.0,SetByBid
2025-12-22 09:33:53,2025-12-22T09:33:53,60.49,1.0,SetByBid
2025-12-22 09:33:53,2025-12-22T09:33:53,60.5,1.0,SetByBid
2025-12-22 09:33:53,2025-12-22T09:33:53,60.5,1.0,SetByBid
2025-12-22 09:33:53,2025-12-22T09:33:53,60.5,1.0,SetByBid
2025-12-22 09:33:53,2025-12-22T09:33:53,60.5,1.0,SetByBid
2025-12-22 09:33:53,2025-12-22T09:33:53,60.5,1.0,SetByBid
2025-12-22 09:33:53,2025-12-22T09:33:53,60.5,1.0,SetByBid
2025-12-22 09:33:53,2025-12-22T09:33:53,60.5,1.0,SetByBid
2025-12-22 09:33:53,2025-12-22T09:33:53,60.5,1.0,SetByBid
2025-12-22 09:33:53,2025-12-22T09:33:53,60.5,1.0,SetByBid
2025-12-22 09:33:53,2025-12-22T09:33:53,60.5,1.0,SetByBid
2025-12-22 09:33:53,2025-12-22T09:33:53,60.5,2.0,SetByBid
2025-12-22 09:33:53,2025-12-22T09:33:53,60.5,3.0,SetByBid
2025-12-22 09:33:53,2025-12-22T09:33:53,60.5,2.0,SetByBid
2025-12-22 09:33:53,2025-12-22T09:33:53,60.5,1.0,SetByBid
2025-12-22 09:33:53,2025-12-22T09:33:53,60.5,1.0,SetByBid
2025-12-22 09:33:53,2025-12-22T09:33:53,60.5,1.0,SetByBid
2025-12-22 09:33:53,2025-12-22T09:33:53,60.5,1.0,SetByBid
2025-12-22 09:33:53,2025-12-22T09:33:53,60.5,1.0,SetByBid
2025-12-22 09:33:53,2025-12-22T09:33:53,60.5,1.0,SetByBid
2025-12-22 09:33:53,2025-12-22T09:33:53,60.5,3.0,SetByBid
2025-12-22 09:33:53,2025-12-22T09:33:53,60.5,1.0,SetByBid
2025-12-22 09:33:53,2025-12-22T09:33:53,60.5,1.0,SetByBid
2025-12-22 09:33:53,2025-12-22T09:33:53,60.5,3.0,SetByBid
2025-12-22 09:33:53,2025-12-22T09:33:53,60.5,1.0,SetByBid
2025-12-22 09:33:53,2025-12-22T09:33:53,60.51,1.0,SetByBid
2025-12-22 09:33:53,2025-12-22T09:33:53,60.51,1.0,SetByBid
2025-12-22 09:33:53,2025-12-22T09:33:53,60.51,1.0,SetByBid
2025-12-22 09:33:53,2025-12-22T09:33:53,60.51,1.0,SetByBid
2025-12-22 09:33:53,2025-12-22T09:33:53,60.51,1.0,SetByBid
2025-12-22 09:33:53,2025-12-22T09:33:53,60.51,1.0,SetByBid
2025-12-22 09:33:53,2025-12-22T09:33:53,60.51,2.0,SetByBid
2025-12-22 09:33:53,2025-12-22T09:33:53,60.51,1.0,SetByBid
2025-12-22 09:33:53,2025-12-22T09:33:53,60.51,1.0,SetByBid
2025-12-22 09:33:53,2025-12-22T09:33:53,60.51,1.0,SetByBid
2025-12-22 09:33:53,2025-12-22T09:33:53,60.51,1.0,SetByBid
2025-12-22 09:33:53,2025-12-22T09:33:53,60.51,3.0,SetByBid
2025-12-22 09:33:53,2025-12-22T09:33:53,60.51,1.0,SetByBid
2025-12-22 09:33:53,2025-12-22T09:33:53,60.52,1.0,SetByBid
2025-12-22 09:33:53,2025-12-22T09:33:53,60.52,1.0,SetByBid
2025-12-22 09:33:53,2025-12-22T09:33:53,60.52,1.0,SetByBid
2025-12-22 09:33:53,2025-12-22T09:33:53,60.52,1.0,SetByBid
2025-12-22 09:33:53,2025-12-22T09:33:53,60.52,1.0,SetByBid
2025-12-22 09:33:53,2025-12-22T09:33:53,60.52,1.0,SetByBid
2025-12-22 09:33:53,2025-12-22T09:33:53,60.52,1.0,SetByBid
2025-12-22 09:33:53,2025-12-22T09:33:53,60.52,1.0,SetByBid
2025-12-22 09:33:53,2025-12-22T09:33:53,60.52,1.0,SetByBid
2025-12-22 09:33:53,2025-12-22T09:33:53,60.52,2.0,SetByBid
2025-12-22 09:33:53,2025-12-22T09:33:53,60.52,1.0,SetByBid
2025-12-22 09:33:53,2025-12-22T09:33:53,60.52,3.0,SetByBid
2025-12-22 09:33:53,2025-12-22T09:33:53,60.52,1.0,SetByBid
2025-12-22 09:33:53,2025-12-22T09:33:53,60.52,1.0,SetByBid
2025-12-22 09:33:53,2025-12-22T09:33:53,60.52,1.0,SetByBid
2025-12-22 09:33:53,2025-12-22T09:33:53,60.52,1.0,SetByBid
2025-12-22 09:33:53,2025-12-22T09:33:53,60.52,1.0,SetByBid
2025-12-22 09:33:53,2025-12-22T09:33:53,60.52,1.0,SetByBid
2025-12-22 09:33:53,2025-12-22T09:33:53,60.52,3.0,SetByBid
2025-12-22 09:33:53,2025-12-22T09:33:53,60.52,1.0,SetByBid
2025-12-22 09:33:53,2025-12-22T09:33:53,60.52,1.0,SetByBid
2025-12-22 09:33:53,2025-12-22T09:33:53,60.52,3.0,SetByBid
2025-12-22 09:33:53,2025-12-22T09:33:53,60.52,1.0,"SetByBid, Leg"
2025-12-22 09:33:53,2025-12-22T09:33:53,60.53,1.0,"SetByBid, Leg"
2025-12-22 09:33:53,2025-12-22T09:33:53,60.53,1.0,SetByBid
2025-12-22 09:33:53,2025-12-22T09:33:53,60.53,1.0,SetByBid
2025-12-22 09:33:53,2025-12-22T09:33:53,60.53,1.0,SetByBid
2025-12-22 09:33:53,2025-12-22T09:33:53,60.53,2.0,SetByBid
2025-12-22 09:33:53,2025-12-22T09:33:53,60.53,1.0,SetByBid
2025-12-22 09:33:53,2025-12-22T09:33:53,60.53,1.0,SetByBid
2025-12-22 09:33:53,2025-12-22T09:33:53,60.53,1.0,SetByBid
2025-12-22 09:33:53,2025-12-22T09:33:53,60.53,1.0,SetByBid
2025-12-22 09:33:53,2025-12-22T09:33:53,60.53,1.0,SetByBid
2025-12-22 09:33:53,2025-12-22T09:33:53,60.53,1.0,SetByBid
2025-12-22 09:33:53,2025-12-22T09:33:53,60.53,3.0,SetByBid
2025-12-22 09:33:53,2025-12-22T09:33:53,60.53,1.0,SetByBid
2025-12-22 09:33:53,2025-12-22T09:33:53,60.53,1.0,SetByBid
2025-12-22 09:33:53,2025-12-22T09:33:53,60.53,1.0,SetByBid
2025-12-22 09:33:53,2025-12-22T09:33:53,60.53,1.0,SetByBid
2025-12-22 09:33:53,2025-12-22T09:33:53,60.53,1.0,SetByBid
2025-12-22 09:33:53,2025-12-22T09:33:53,60.53,2.0,SetByBid
2025-12-22 09:33:53,2025-12-22T09:33:53,60.53,1.0,SetByBid
2025-12-22 09:33:53,2025-12-22T09:33:53,60.53,1.0,SetByBid
2025-12-22 09:33:53,2025-12-22T09:33:53,60.53,1.0,SetByBid
2025-12-22 09:33:53,2025-12-22T09:33:53,60.54,1.0,SetByBid
2025-12-22 09:33:53,2025-12-22T09:33:53,60.54,1.0,SetByBid
2025-12-22 09:33:53,2025-12-22T09:33:53,60.54,1.0,SetByBid
2025-12-22 09:33:53,2025-12-22T09:33:53,60.54,2.0,SetByBid
2025-12-22 09:33:53,2025-12-22T09:33:53,60.54,1.0,SetByBid
2025-12-22 09:33:53,2025-12-22T09:33:53,60.54,1.0,SetByBid
2025-12-22 09:33:53,2025-12-22T09:33:53,60.54,1.0,SetByBid
2025-12-22 09:33:53,2025-12-22T09:33:53,60.54,1.0,SetByBid
2025-12-22 09:33:53,2025-12-22T09:33:53,60.54,1.0,SetByBid
2025-12-22 09:33:53,2025-12-22T09:33:53,60.54,1.0,SetByBid
2025-12-22 09:33:53,2025-12-22T09:33:53,60.54,1.0,SetByBid
2025-12-22 09:33:53,2025-12-22T09:33:53,60.54,1.0,SetByBid
2025-12-22 09:33:53,2025-12-22T09:33:53,60.54,1.0,SetByBid
2025-12-22 09:33:53,2025-12-22T09:33:53,60.54,4.0,SetByBid
2025-12-22 09:33:53,2025-12-22T09:33:53,60.54,2.0,SetByBid
2025-12-22 09:33:53,2025-12-22T09:33:53,60.54,1.0,SetByBid
2025-12-22 09:33:53,2025-12-22T09:33:53,60.54,1.0,SetByBid
2025-12-22 09:33:53,2025-12-22T09:33:53,60.54,1.0,SetByBid
2025-12-22 09:33:53,2025-12-22T09:33:53,60.54,1.0,SetByBid
2025-12-22 09:33:53,2025-12-22T09:33:53,60.54,1.0,SetByBid
2025-12-22 09:33:53,2025-12-22T09:33:53,60.54,6.0,SetByBid
2025-12-22 09:33:53,2025-12-22T09:33:53,60.54,2.0,SetByBid
2025-12-22 09:33:53,2025-12-22T09:33:53,60.54,3.0,SetByBid
2025-12-22 09:33:53,2025-12-22T09:33:53,60.54,1.0,SetByBid
2025-12-22 09:33:53,2025-12-22T09:33:53,60.54,3.0,SetByBid
2025-12-22 09:33:53,2025-12-22T09:33:53,60.55,1.0,SetByBid
2025-12-22 09:33:53,2025-12-22T09:33:53,60.55,1.0,SetByBid
2025-12-22 09:33:53,2025-12-22T09:33:53,60.55,1.0,SetByBid
2025-12-22 09:33:53,2025-12-22T09:33:53,60.55,1.0,SetByBid
2025-12-22 09:33:53,2025-12-22T09:33:53,60.55,1.0,SetByBid
2025-12-22 09:33:53,2025-12-22T09:33:53,60.55,1.0,SetByBid
2025-12-22 09:33:53,2025-12-22T09:33:53,60.55,1.0,SetByBid
2025-12-22 09:33:53,2025-12-22T09:33:53,60.55,1.0,SetByBid
2025-12-22 09:33:53,2025-12-22T09:33:53,60.55,1.0,SetByBid
2025-12-22 09:33:53,2025-12-22T09:33:53,60.55,3.0,SetByBid
2025-12-22 09:33:53,2025-12-22T09:33:53,60.55,1.0,SetByBid
2025-12-22 09:33:53,2025-12-22T09:33:53,60.55,1.0,SetByBid
2025-12-22 09:33:53,2025-12-22T09:33:53,60.55,1.0,SetByBid
2025-12-22 09:33:53,2025-12-22T09:33:53,60.55,1.0,SetByBid
2025-12-22 09:33:53,2025-12-22T09:33:53,60.55,1.0,SetByBid
2025-12-22 09:33:53,2025-12-22T09:33:53,60.55,2.0,SetByBid
2025-12-22 09:33:53,2025-12-22T09:33:53,60.55,2.0,SetByBid
2025-12-22 09:33:53,2025-12-22T09:33:53,60.55,1.0,SetByBid
2025-12-22 09:33:53,2025-12-22T09:33:53,60.55,1.0,SetByBid
2025-12-22 09:33:53,2025-12-22T09:33:53,60.56,1.0,SetByBid
2025-12-22 09:33:53,2025-12-22T09:33:53,60.56,1.0,SetByBid
2025-12-22 09:33:53,2025-12-22T09:33:53,60.56,1.0,SetByBid
2025-12-22 09:33:53,2025-12-22T09:33:53,60.56,1.0,SetByBid
2025-12-22 09:33:53,2025-12-22T09:33:53,60.56,1.0,SetByBid
2025-12-22 09:33:53,2025-12-22T09:33:53,60.56,1.0,SetByBid
2025-12-22 09:33:53,2025-12-22T09:33:53,60.56,1.0,SetByBid
2025-12-22 09:33:53,2025-12-22T09:33:53,60.56,1.0,SetByBid
2025-12-22 09:33:53,2025-12-22T09:33:53,60.56,1.0,SetByBid
2025-12-22 09:33:53,2025-12-22T09:33:53,60.56,1.0,SetByBid
2025-12-22 09:33:53,2025-12-22T09:33:53,60.56,1.0,SetByBid
2025-12-22 09:33:53,2025-12-22T09:33:53,60.56,3.0,SetByBid
2025-12-22 09:33:53,2025-12-22T09:33:53,60.56,2.0,SetByBid
2025-12-22 09:33:53,2025-12-22T09:33:53,60.56,1.0,SetByBid
2025-12-22 09:33:53,2025-12-22T09:33:53,60.56,1.0,SetByBid
2025-12-22 09:33:53,2025-12-22T09:33:53,60.56,1.0,SetByBid
2025-12-22 09:33:53,2025-12-22T09:33:53,60.56,1.0,SetByBid
2025-12-22 09:33:53,2025-12-22T09:33:53,60.56,1.0,SetByBid
2025-12-22 09:33:53,2025-12-22T09:33:53,60.56,3.0,SetByBid
2025-12-22 09:33:53,2025-12-22T09:33:53,60.56,2.0,SetByBid
2025-12-22 09:33:53,2025-12-22T09:33:53,60.56,1.0,SetByBid
2025-12-22 09:33:53,2025-12-22T09:33:53,60.56,3.0,SetByBid
2025-12-22 09:33:53,2025-12-22T09:33:53,60.57,1.0,SetByBid
2025-12-22 09:33:53,2025-12-22T09:33:53,60.57,1.0,SetByBid
2025-12-22 09:33:53,2025-12-22T09:33:53,60.57,1.0,SetByBid
2025-12-22 09:33:53,2025-12-22T09:33:53,60.57,2.0,SetByBid
2025-12-22 09:33:53,2025-12-22T09:33:53,60.57,1.0,SetByBid
2025-12-22 09:33:53,2025-12-22T09:33:53,60.57,1.0,SetByBid
2025-12-22 09:33:53,2025-12-22T09:33:53,60.57,1.0,SetByBid
2025-12-22 09:33:53,2025-12-22T09:33:53,60.57,1.0,SetByBid
2025-12-22 09:33:53,2025-12-22T09:33:53,60.57,1.0,SetByBid
2025-12-22 09:33:53,2025-12-22T09:33:53,60.57,3.0,SetByBid
2025-12-22 09:33:53,2025-12-22T09:33:53,60.57,1.0,SetByBid
2025-12-22 09:33:53,2025-12-22T09:33:53,60.57,1.0,SetByBid
2025-12-22 09:33:53,2025-12-22T09:33:53,60.57,1.0,SetByBid
2025-12-22 09:33:53,2025-12-22T09:33:53,60.57,1.0,SetByBid
2025-12-22 09:33:53,2025-12-22T09:33:53,60.57,1.0,SetByBid
2025-12-22 09:33:53,2025-12-22T09:33:53,60.57,1.0,SetByBid
2025-12-22 09:33:53,2025-12-22T09:33:53,60.57,1.0,SetByBid
2025-12-22 09:33:53,2025-12-22T09:33:53,60.57,4.0,SetByBid
2025-12-22 09:33:53,2025-12-22T09:33:53,60.57,10.0,SetByBid
2025-12-22 09:33:53,2025-12-22T09:33:53,60.57,3.0,SetByBid
2025-12-22 09:33:53,2025-12-22T09:33:53,60.57,2.0,SetByBid
2025-12-22 09:33:53,2025-12-22T09:33:53,60.57,1.0,SetByBid
2025-12-22 09:33:53,2025-12-22T09:33:53,60.57,3.0,SetByBid
2025-12-22 09:33:53,2025-12-22T09:33:53,60.57,1.0,SetByBid
2025-12-22 09:33:53,2025-12-22T09:33:53,60.57,1.0,SetByBid
2025-12-22 09:33:53,2025-12-22T09:33:53,60.57,1.0,SetByBid
2025-12-22 09:33:53,2025-12-22T09:33:53,60.57,1.0,SetByBid
2025-12-22 09:33:53,2025-12-22T09:33:53,60.57,2.0,SetByBid
2025-12-22 09:33:53,2025-12-22T09:33:53,60.57,3.0,SetByBid
2025-12-22 09:33:53,2025-12-22T09:33:53,60.57,5.0,SetByBid
2025-12-22 09:33:53,2025-12-22T09:33:53,60.57,5.0,SetByBid
2025-12-22 09:33:53,2025-12-22T09:33:53,60.57,1.0,SetByBid
2025-12-22 09:33:53,2025-12-22T09:33:53,60.57,1.0,SetByBid
2025-12-22 09:33:53,2025-12-22T09:33:53,60.57,1.0,SetByBid
2025-12-22 09:33:53,2025-12-22T09:33:53,60.57,1.0,SetByBid
2025-12-22 09:33:53,2025-12-22T09:33:53,60.57,2.0,SetByBid
2025-12-22 09:33:53,2025-12-22T09:33:53,60.57,2.0,SetByBid
2025-12-22 09:33:53,2025-12-22T09:33:53,60.58,1.0,SetByBid
2025-12-22 09:33:53,2025-12-22T09:33:53,60.58,1.0,SetByBid
2025-12-22 09:33:53,2025-12-22T09:33:53,60.58,1.0,SetByBid
2025-12-22 09:33:53,2025-12-22T09:33:53,60.58,1.0,SetByBid
2025-12-22 09:33:53,2025-12-22T09:33:53,60.58,1.0,SetByBid
2025-12-22 09:33:53,2025-12-22T09:33:53,60.58,1.0,SetByBid
2025-12-22 09:33:53,2025-12-22T09:33:53,60.58,8.0,SetByBid
2025-12-22 09:33:53,2025-12-22T09:33:53,60.58,1.0,SetByBid
2025-12-22 09:33:53,2025-12-22T09:33:53,60.58,3.0,SetByBid
2025-12-22 09:33:53,2025-12-22T09:33:53,60.58,24.0,SetByBid
2025-12-22 09:33:53,2025-12-22T09:33:53,60.58,11.0,SetByBid
2025-12-22 09:33:53,2025-12-22T09:33:53,60.58,3.0,SetByBid
2025-12-22 09:33:53,2025-12-22T09:33:53,60.58,1.0,SetByBid
2025-12-22 09:33:53,2025-12-22T09:33:53,60.58,1.0,SetByBid
2025-12-22 09:33:53,2025-12-22T09:33:53,60.58,2.0,SetByBid
2025-12-22 09:33:53,2025-12-22T09:33:53,60.58,2.0,SetByBid
2025-12-22 09:33:53,2025-12-22T09:33:53,60.58,1.0,SetByBid
2025-12-22 09:33:53,2025-12-22T09:33:53,60.58,1.0,SetByBid
2025-12-22 09:33:53,2025-12-22T09:33:53,60.58,1.0,SetByBid
2025-12-22 09:33:53,2025-12-22T09:33:53,60.58,3.0,SetByBid
2025-12-22 09:33:53,2025-12-22T09:33:53,60.58,1.0,SetByBid
2025-12-22 09:33:53,2025-12-22T09:33:53,60.58,1.0,SetByBid
2025-12-22 09:33:53,2025-12-22T09:33:53,60.58,1.0,SetByBid
2025-12-22 09:33:53,2025-12-22T09:33:53,60.58,1.0,SetByBid
2025-12-22 09:33:53,2025-12-22T09:33:53,60.58,3.0,SetByBid
2025-12-22 09:33:53,2025-12-22T09:33:53,60.58,10.0,SetByBid
2025-12-22 09:33:53,2025-12-22T09:33:53,60.58,3.0,SetByBid
2025-12-22 09:33:53,2025-12-22T09:33:53,60.58,1.0,SetByBid
2025-12-22 09:33:53,2025-12-22T09:33:53,60.58,8.0,SetByBid
2025-12-22 09:33:53,2025-12-22T09:33:53,60.58,1.0,SetByBid
2025-12-22 09:33:53,2025-12-22T09:33:53,60.58,20.0,SetByBid
2025-12-22 09:33:53,2025-12-22T09:33:53,60.58,1.0,SetByBid
2025-12-22 09:33:53,2025-12-22T09:33:53,60.58,1.0,SetByBid
2025-12-22 09:33:53,2025-12-22T09:33:53,60.58,1.0,SetByBid
2025-12-22 09:33:53,2025-12-22T09:33:53,60.58,1.0,SetByBid
2025-12-22 09:33:53,2025-12-22T09:33:53,60.58,1.0,SetByBid
2025-12-22 09:33:53,2025-12-22T09:33:53,60.58,1.0,SetByBid
2025-12-22 09:33:53,2025-12-22T09:33:53,60.58,1.0,SetByBid
2025-12-22 09:33:53,2025-12-22T09:33:53,60.58,1.0,SetByBid
2025-12-22 09:33:53,2025-12-22T09:33:53,60.58,1.0,SetByBid
2025-12-22 09:33:53,2025-12-22T09:33:53,60.58,1.0,SetByBid
2025-12-22 09:33:53,2025-12-22T09:33:53,60.58,1.0,SetByBid
2025-12-22 09:33:53,2025-12-22T09:33:53,60.59,1.0,SetByBid
2025-12-22 09:33:53,2025-12-22T09:33:53,60.59,1.0,SetByBid
2025-12-22 09:33:53,2025-12-22T09:33:53,60.59,1.0,SetByBid
2025-12-22 09:33:53,2025-12-22T09:33:53,60.59,1.0,SetByBid
2025-12-22 09:33:53,2025-12-22T09:33:53,60.59,1.0,SetByBid
2025-12-22 09:33:53,2025-12-22T09:33:53,60.59,1.0,SetByBid
2025-12-22 09:33:53,2025-12-22T09:33:53,60.59,1.0,SetByBid
2025-12-22 09:33:53,2025-12-22T09:33:53,60.59,1.0,SetByBid
2025-12-22 09:33:53,2025-12-22T09:33:53,60.59,1.0,SetByBid
2025-12-22 09:33:53,2025-12-22T09:33:53,60.59,1.0,SetByBid
2025-12-22 09:33:53,2025-12-22T09:33:53,60.59,1.0,SetByBid
2025-12-22 09:33:53,2025-12-22T09:33:53,60.59,1.0,SetByBid
2025-12-22 09:33:53,2025-12-22T09:33:53,60.59,1.0,SetByBid
2025-12-22 09:33:53,2025-12-22T09:33:53,60.59,1.0,SetByBid
2025-12-22 09:33:53,2025-12-22T09:33:53,60.59,1.0,SetByBid
2025-12-22 09:33:53,2025-12-22T09:33:53,60.59,1.0,SetByBid
2025-12-22 09:33:53,2025-12-22T09:33:53,60.59,1.0,SetByBid
2025-12-22 09:33:53,2025-12-22T09:33:53,60.59,1.0,SetByBid
2025-12-22 09:33:53,2025-12-22T09:33:53,60.59,9.0,SetByBid
2025-12-22 09:33:53,2025-12-22T09:33:53,60.59,2.0,SetByBid
2025-12-22 09:33:53,2025-12-22T09:33:53,60.59,1.0,SetByBid
2025-12-22 09:33:53,2025-12-22T09:33:53,60.59,1.0,SetByBid
2025-12-22 09:33:53,2025-12-22T09:33:53,60.59,1.0,SetByBid
2025-12-22 09:33:53,2025-12-22T09:33:53,60.59,1.0,SetByBid
2025-12-22 09:33:53,2025-12-22T09:33:53,60.59,3.0,SetByBid
2025-12-22 09:33:53,2025-12-22T09:33:53,60.59,1.0,SetByBid
2025-12-22 09:33:53,2025-12-22T09:33:53,60.59,1.0,SetByBid
2025-12-22 09:33:53,2025-12-22T09:33:53,60.59,1.0,"SetByBid, Leg"
2025-12-22 09:33:53,2025-12-22T09:33:53,60.6,1.0,"SetByBid, Leg"
2025-12-22 09:33:53,2025-12-22T09:33:53,60.6,1.0,SetByBid
2025-12-22 09:33:53,2025-12-22T09:33:53,60.6,1.0,SetByBid
2025-12-22 09:33:53,2025-12-22T09:33:53,60.6,1.0,SetByBid
2025-12-22 09:33:53,2025-12-22T09:33:53,60.6,1.0,SetByBid
2025-12-22 09:33:53,2025-12-22T09:33:53,60.6,1.0,SetByBid
2025-12-22 09:33:53,2025-12-22T09:33:53,60.6,1.0,SetByBid
2025-12-22 09:33:53,2025-12-22T09:33:53,60.6,3.0,SetByBid
2025-12-22 09:33:53,2025-12-22T09:33:53,60.6,1.0,SetByBid
2025-12-22 09:33:53,2025-12-22T09:33:53,60.6,1.0,SetByBid
2025-12-22 09:33:53,2025-12-22T09:33:53,60.6,1.0,SetByBid
2025-12-22 09:33:53,2025-12-22T09:33:53,60.6,1.0,SetByBid
2025-12-22 09:33:53,2025-12-22T09:33:53,60.6,1.0,SetByBid
2025-12-22 09:33:53,2025-12-22T09:33:53,60.6,2.0,SetByBid
2025-12-22 09:33:53,2025-12-22T09:33:53,60.6,1.0,SetByBid
2025-12-22 09:33:53,2025-12-22T09:33:53,60.6,3.0,SetByBid
2025-12-22 09:33:53,2025-12-22T09:33:53,60.6,1.0,SetByBid
2025-12-22 09:33:53,2025-12-22T09:33:53,60.6,1.0,SetByBid
2025-12-22 09:33:53,2025-12-22T09:33:53,60.6,1.0,SetByBid
2025-12-22 09:33:53,2025-12-22T09:33:53,60.6,1.0,SetByBid
2025-12-22 09:33:53,2025-12-22T09:33:53,60.61,1.0,SetByBid
2025-12-22 09:33:53,2025-12-22T09:33:53,60.61,1.0,SetByBid
2025-12-22 09:33:53,2025-12-22T09:33:53,60.61,1.0,SetByBid
2025-12-22 09:33:53,2025-12-22T09:33:53,60.61,1.0,SetByBid
2025-12-22 09:33:53,2025-12-22T09:33:53,60.61,1.0,SetByBid
2025-12-22 09:33:53,2025-12-22T09:33:53,60.61,1.0,SetByBid
2025-12-22 09:33:53,2025-12-22T09:33:53,60.61,1.0,SetByBid
2025-12-22 09:33:53,2025-12-22T09:33:53,60.61,1.0,SetByBid
2025-12-22 09:33:53,2025-12-22T09:33:53,60.61,1.0,SetByBid
2025-12-22 09:33:53,2025-12-22T09:33:53,60.61,1.0,SetByBid
2025-12-22 09:33:53,2025-12-22T09:33:53,60.61,1.0,SetByBid
2025-12-22 09:33:53,2025-12-22T09:33:53,60.61,1.0,SetByBid
2025-12-22 09:33:53,2025-12-22T09:33:53,60.61,1.0,SetByBid
2025-12-22 09:33:53,2025-12-22T09:33:53,60.61,3.0,SetByBid
2025-12-22 09:33:53,2025-12-22T09:33:53,60.61,2.0,SetByBid
2025-12-22 09:33:53,2025-12-22T09:33:53,60.61,6.0,SetByBid
2025-12-22 09:33:53,2025-12-22T09:33:53,60.61,1.0,SetByBid
2025-12-22 09:33:53,2025-12-22T09:33:53,60.61,1.0,SetByBid
2025-12-22 09:33:53,2025-12-22T09:33:53,60.61,1.0,SetByBid
2025-12-22 09:33:53,2025-12-22T09:33:53,60.61,1.0,SetByBid
2025-12-22 09:33:53,2025-12-22T09:33:53,60.61,3.0,SetByBid
2025-12-22 09:33:53,2025-12-22T09:33:53,60.61,1.0,SetByBid
2025-12-22 09:33:53,2025-12-22T09:33:53,60.61,1.0,SetByBid
2025-12-22 09:33:53,2025-12-22T09:33:53,60.61,1.0,SetByBid
2025-12-22 09:33:53,2025-12-22T09:33:53,60.62,2.0,SetByBid
2025-12-22 09:33:53,2025-12-22T09:33:53,60.62,1.0,SetByBid
2025-12-22 09:33:53,2025-12-22T09:33:53,60.62,1.0,SetByBid
2025-12-22 09:33:53,2025-12-22T09:33:53,60.62,1.0,SetByBid
2025-12-22 09:33:53,2025-12-22T09:33:53,60.62,1.0,SetByBid
2025-12-22 09:33:53,2025-12-22T09:33:53,60.62,1.0,SetByBid
2025-12-22 09:33:53,2025-12-22T09:33:53,60.62,1.0,SetByBid
2025-12-22 09:33:53,2025-12-22T09:33:53,60.62,1.0,SetByBid
2025-12-22 09:33:53,2025-12-22T09:33:53,60.62,1.0,SetByBid
2025-12-22 09:33:53,2025-12-22T09:33:53,60.62,4.0,SetByBid
2025-12-22 09:33:53,2025-12-22T09:33:53,60.62,1.0,SetByBid
2025-12-22 09:33:53,2025-12-22T09:33:53,60.62,1.0,SetByBid
2025-12-22 09:33:53,2025-12-22T09:33:53,60.62,1.0,SetByBid
2025-12-22 09:33:53,2025-12-22T09:33:53,60.62,1.0,SetByBid
2025-12-22 09:33:53,2025-12-22T09:33:53,60.62,1.0,SetByBid
2025-12-22 09:33:53,2025-12-22T09:33:53,60.62,1.0,SetByBid
2025-12-22 09:33:53,2025-12-22T09:33:53,60.62,2.0,SetByBid
2025-12-22 09:33:53,2025-12-22T09:33:53,60.62,1.0,SetByBid
2025-12-22 09:33:53,2025-12-22T09:33:53,60.62,6.0,SetByBid
2025-12-22 09:33:53,2025-12-22T09:33:53,60.62,1.0,SetByBid
2025-12-22 09:33:53,2025-12-22T09:33:53,60.62,1.0,SetByBid
2025-12-22 09:33:53,2025-12-22T09:33:53,60.62,3.0,SetByBid
2025-12-22 09:33:53,2025-12-22T09:33:53,60.62,1.0,SetByBid
2025-12-22 09:33:53,2025-12-22T09:33:53,60.62,1.0,SetByBid
2025-12-22 09:33:53,2025-12-22T09:33:53,60.62,8.0,SetByBid
2025-12-22 09:33:53,2025-12-22T09:33:53,60.62,2.0,SetByBid
2025-12-22 09:33:53,2025-12-22T09:33:53,60.62,1.0,SetByBid
2025-12-22 09:33:53,2025-12-22T09:33:53,60.62,1.0,SetByBid
2025-12-22 09:33:53,2025-12-22T09:33:53,60.63,1.0,SetByBid
2025-12-22 09:33:53,2025-12-22T09:33:53,60.63,1.0,SetByBid
2025-12-22 09:33:53,2025-12-22T09:33:53,60.63,1.0,SetByBid
2025-12-22 09:33:53,2025-12-22T09:33:53,60.63,1.0,SetByBid
2025-12-22 09:33:53,2025-12-22T09:33:53,60.63,1.0,SetByBid
2025-12-22 09:33:53,2025-12-22T09:33:53,60.63,3.0,SetByBid
2025-12-22 09:33:53,2025-12-22T09:33:53,60.63,1.0,SetByBid
2025-12-22 09:33:53,2025-12-22T09:33:53,60.63,1.0,SetByBid
2025-12-22 09:33:53,2025-12-22T09:33:53,60.63,3.0,SetByBid
2025-12-22 09:33:53,2025-12-22T09:33:53,60.63,1.0,SetByBid
2025-12-22 09:33:53,2025-12-22T09:33:53,60.63,2.0,SetByBid
2025-12-22 09:33:53,2025-12-22T09:33:53,60.63,1.0,SetByBid
2025-12-22 09:33:53,2025-12-22T09:33:53,60.63,1.0,SetByBid
2025-12-22 09:33:53,2025-12-22T09:33:53,60.63,1.0,SetByBid
2025-12-22 09:33:53,2025-12-22T09:33:53,60.63,1.0,SetByBid
2025-12-22 09:33:53,2025-12-22T09:33:53,60.63,1.0,SetByBid
2025-12-22 09:33:53,2025-12-22T09:33:53,60.63,1.0,SetByBid
2025-12-22 09:33:53,2025-12-22T09:33:53,60.63,2.0,SetByBid
2025-12-22 09:33:53,2025-12-22T09:33:53,60.63,1.0,SetByBid
2025-12-22 09:33:53,2025-12-22T09:33:53,60.63,1.0,SetByBid
2025-12-22 09:33:53,2025-12-22T09:33:53,60.63,1.0,SetByBid
2025-12-22 09:33:53,2025-12-22T09:33:53,60.63,3.0,SetByBid
2025-12-22 09:33:53,2025-12-22T09:33:53,60.63,3.0,SetByBid
2025-12-22 09:33:53,2025-12-22T09:33:53,60.63,3.0,SetByBid
2025-12-22 09:33:53,2025-12-22T09:33:53,60.63,1.0,SetByBid
2025-12-22 09:33:53,2025-12-22T09:33:53,60.63,2.0,SetByBid
2025-12-22 09:33:53,2025-12-22T09:33:53,60.63,1.0,SetByBid
2025-12-22 09:33:53,2025-12-22T09:33:53,60.63,1.0,SetByBid
2025-12-22 09:33:53,2025-12-22T09:33:53,60.63,3.0,SetByBid
2025-12-22 09:33:53,2025-12-22T09:33:53,60.63,1.0,SetByBid
2025-12-22 09:33:53,2025-12-22T09:33:53,60.63,1.0,SetByBid
2025-12-22 09:33:53,2025-12-22T09:33:53,60.63,2.0,SetByBid
2025-12-22 09:33:53,2025-12-22T09:33:53,60.63,4.0,SetByBid
2025-12-22 09:33:53,2025-12-22T09:33:53,60.63,1.0,SetByBid
2025-12-22 09:33:53,2025-12-22T09:33:53,60.63,14.0,SetByBid
2025-12-22 09:33:53,2025-12-22T09:33:53,60.63,7.0,SetByBid
2025-12-22 09:33:53,2025-12-22T09:33:53,60.66,1.0,"SetByBid, Leg"
2025-12-22 09:33:53,2025-12-22T09:33:53,60.67,1.0,"SetByBid, Leg"
2025-12-22 09:33:53,2025-12-22T09:33:53,60.67,1.0,SetByBid
2025-12-22 09:33:53,2025-12-22T09:33:53,60.67,4.0,SetByBid
2025-12-22 09:33:53,2025-12-22T09:33:53,60.67,1.0,SetByBid
2025-12-22 09:33:53,2025-12-22T09:33:53,60.67,1.0,SetByBid
2025-12-22 09:33:53,2025-12-22T09:33:53,60.67,6.0,SetByBid
2025-12-22 09:33:53,2025-12-22T09:33:53,60.67,1.0,SetByBid
2025-12-22 09:33:53,2025-12-22T09:33:53,60.67,1.0,SetByBid
2025-12-22 09:33:53,2025-12-22T09:33:53,60.67,1.0,SetByBid
2025-12-22 09:33:53,2025-12-22T09:33:53,60.68,1.0,SetByBid
2025-12-22 09:33:53,2025-12-22T09:33:53,60.68,1.0,SetByBid
2025-12-22 09:33:53,2025-12-22T09:33:53,60.68,1.0,SetByBid
2025-12-22 09:33:53,2025-12-22T09:33:53,60.68,1.0,SetByBid
2025-12-22 09:33:53,2025-12-22T09:33:53,60.68,2.0,SetByBid
2025-12-22 09:33:53,2025-12-22T09:33:53,60.68,1.0,SetByBid
2025-12-22 09:33:53,2025-12-22T09:33:53,60.68,1.0,SetByBid
2025-12-22 09:33:53,2025-12-22T09:33:53,60.68,3.0,SetByBid
2025-12-22 09:33:53,2025-12-22T09:33:53,60.68,1.0,SetByBid
2025-12-22 09:33:53,2025-12-22T09:33:53,60.68,1.0,SetByBid
2025-12-22 09:33:53,2025-12-22T09:33:53,60.68,2.0,SetByBid
2025-12-22 09:33:53,2025-12-22T09:33:53,60.68,2.0,SetByBid
2025-12-22 09:33:53,2025-12-22T09:33:53,60.63,1.0,SetByAsk
2025-12-22 09:33:53,2025-12-22T09:33:53,60.63,1.0,SetByAsk
2025-12-22 09:33:53,2025-12-22T09:33:53,60.62,1.0,SetByAsk
2025-12-22 09:33:53,2025-12-22T09:33:53,60.63,1.0,SetByAsk
2025-12-22 09:33:53,2025-12-22T09:33:53,60.51,1.0,SetByBid
2025-12-22 09:33:53,2025-12-22T09:33:53,60.44,1.0,SetByBid
2025-12-22 09:33:53,2025-12-22T09:33:53,60.46,1.0,SetByBid
2025-12-22 09:33:53,2025-12-22T09:33:53,60.46,1.0,SetByAsk
2025-12-22 09:33:53,2025-12-22T09:33:53,60.47,1.0,SetByAsk
2025-12-22 09:33:53,2025-12-22T09:33:53,60.48,1.0,SetByBid
2025-12-22 09:33:53,2025-12-22T09:33:53,60.48,1.0,SetByBid
2025-12-22 09:33:53,2025-12-22T09:33:53,60.49,1.0,SetByBid
2025-12-22 09:33:53,2025-12-22T09:33:53,60.49,1.0,SetByBid
2025-12-22 09:33:53,2025-12-22T09:33:53,60.48,1.0,SetByAsk
2025-12-22 09:33:53,2025-12-22T09:33:53,60.49,2.0,SetByBid
2025-12-22 09:33:53,2025-12-22T09:33:53,60.49,1.0,SetByBid
2025-12-22 09:33:53,2025-12-22T09:33:53,60.49,1.0,SetByBid
2025-12-22 09:33:53,2025-12-22T09:33:53,60.5,1.0,SetByBid
2025-12-22 09:33:53,2025-12-22T09:33:53,60.5,3.0,SetByBid
2025-12-22 09:33:53,2025-12-22T09:33:53,60.5,1.0,SetByBid
2025-12-22 09:33:53,2025-12-22T09:33:53,60.48,1.0,SetByBid
2025-12-22 09:33:53,2025-12-22T09:33:53,60.49,1.0,SetByBid
2025-12-22 09:33:53,2025-12-22T09:33:53,60.49,1.0,SetByBid
2025-12-22 09:33:53,2025-12-22T09:33:53,60.47,1.0,SetByAsk
2025-12-22 09:33:53,2025-12-22T09:33:53,60.46,1.0,SetByAsk
2025-12-22 09:33:53,2025-12-22T09:33:53,60.45,1.0,SetByAsk
2025-12-22 09:33:53,2025-12-22T09:33:53,60.45,2.0,SetByAsk
2025-12-22 09:33:54,2025-12-22T09:33:54,60.45,1.0,SetByBid
2025-12-22 09:33:54,2025-12-22T09:33:54,60.45,1.0,SetByBid
2025-12-22 09:33:54,2025-12-22T09:33:54,60.45,2.0,SetByBid
2025-12-22 09:33:54,2025-12-22T09:33:54,60.45,2.0,SetByBid
2025-12-22 09:33:54,2025-12-22T09:33:54,60.45,1.0,SetByBid
2025-12-22 09:33:54,2025-12-22T09:33:54,60.45,1.0,SetByBid
2025-12-22 09:33:54,2025-12-22T09:33:54,60.45,1.0,SetByBid
2025-12-22 09:33:54,2025-12-22T09:33:54,60.43,1.0,SetByBid
2025-12-22 09:33:54,2025-12-22T09:33:54,60.43,2.0,SetByBid
2025-12-22 09:33:54,2025-12-22T09:33:54,60.43,1.0,SetByBid
2025-12-22 09:33:54,2025-12-22T09:33:54,60.43,1.0,SetByBid
2025-12-22 09:33:54,2025-12-22T09:33:54,60.43,2.0,SetByBid
2025-12-22 09:33:54,2025-12-22T09:33:54,60.43,2.0,SetByBid
2025-12-22 09:33:54,2025-12-22T09:33:54,60.43,1.0,SetByBid
2025-12-22 09:33:54,2025-12-22T09:33:54,60.43,1.0,SetByBid
2025-12-22 09:33:54,2025-12-22T09:33:54,60.42,1.0,SetByBid
2025-12-22 09:33:54,2025-12-22T09:33:54,60.42,1.0,SetByBid
2025-12-22 09:33:54,2025-12-22T09:33:54,60.43,6.0,SetByBid
2025-12-22 09:33:54,2025-12-22T09:33:54,60.43,1.0,SetByBid
2025-12-22 09:33:54,2025-12-22T09:33:54,60.43,1.0,SetByBid
2025-12-22 09:33:55,2025-12-22T09:33:55,60.44,1.0,SetByBid
2025-12-22 09:33:55,2025-12-22T09:33:55,60.45,1.0,SetByBid
2025-12-22 09:33:55,2025-12-22T09:33:55,60.45,1.0,SetByBid
2025-12-22 09:33:55,2025-12-22T09:33:55,60.45,1.0,SetByBid
2025-12-22 09:33:55,2025-12-22T09:33:55,60.45,1.0,SetByBid
2025-12-22 09:33:55,2025-12-22T09:33:55,60.45,1.0,SetByBid
2025-12-22 09:33:55,2025-12-22T09:33:55,60.45,1.0,SetByBid
2025-12-22 09:33:55,2025-12-22T09:33:55,60.45,1.0,SetByBid
2025-12-22 09:33:56,2025-12-22T09:33:56,60.45,1.0,SetByBid
2025-12-22 09:33:56,2025-12-22T09:33:56,60.45,1.0,SetByBid
2025-12-22 09:33:56,2025-12-22T09:33:56,60.45,1.0,SetByBid
2025-12-22 09:33:56,2025-12-22T09:33:56,60.45,1.0,SetByBid
2025-12-22 09:33:56,2025-12-22T09:33:56,60.45,1.0,SetByBid
2025-12-22 09:33:56,2025-12-22T09:33:56,60.45,1.0,SetByBid
2025-12-22 09:33:56,2025-12-22T09:33:56,60.45,1.0,SetByBid
2025-12-22 09:33:56,2025-12-22T09:33:56,60.45,1.0,SetByBid
2025-12-22 09:33:56,2025-12-22T09:33:56,60.45,1.0,SetByBid
2025-12-22 09:33:56,2025-12-22T09:33:56,60.45,1.0,SetByBid
2025-12-22 09:33:56,2025-12-22T09:33:56,60.45,1.0,SetByBid
2025-12-22 09:33:56,2025-12-22T09:33:56,60.45,1.0,SetByBid
2025-12-22 09:33:56,2025-12-22T09:33:56,60.46,1.0,SetByBid
2025-12-22 09:33:56,2025-12-22T09:33:56,60.46,1.0,SetByBid
2025-12-22 09:33:56,2025-12-22T09:33:56,60.46,1.0,SetByBid
2025-12-22 09:33:56,2025-12-22T09:33:56,60.46,1.0,SetByBid
2025-12-22 09:33:58,2025-12-22T09:33:58,60.46,1.0,SetByBid
2025-12-22 09:33:58,2025-12-22T09:33:58,60.46,1.0,SetByBid
2025-12-22 09:33:58,2025-12-22T09:33:58,60.46,1.0,SetByBid
2025-12-22 09:33:58,2025-12-22T09:33:58,60.46,1.0,SetByBid
2025-12-22 09:33:58,2025-12-22T09:33:58,60.46,1.0,SetByBid
2025-12-22 09:33:58,2025-12-22T09:33:58,60.46,1.0,SetByBid
2025-12-22 09:33:58,2025-12-22T09:33:58,60.46,1.0,SetByBid
2025-12-22 09:33:58,2025-12-22T09:33:58,60.46,1.0,SetByBid
2025-12-22 09:33:59,2025-12-22T09:33:59,60.46,2.0,SetByBid
2025-12-22 09:34:05,2025-12-22T09:34:05,60.46,1.0,SetByAsk
2025-12-22 09:34:08,2025-12-22T09:34:08,60.49,1.0,SetByBid
2025-12-22 09:34:08,2025-12-22T09:34:08,60.49,1.0,SetByBid
2025-12-22 09:34:08,2025-12-22T09:34:08,60.49,1.0,SetByBid
2025-12-22 09:34:08,2025-12-22T09:34:08,60.48,1.0,SetByAsk
2025-12-22 09:34:09,2025-12-22T09:34:09,60.48,1.0,SetByAsk
2025-12-22 09:34:13,2025-12-22T09:34:13,60.5,2.0,SetByBid
2025-12-22 09:34:13,2025-12-22T09:34:13,60.5,2.0,SetByBid
2025-12-22 09:34:17,2025-12-22T09:34:17,60.51,7.0,SetByAsk
2025-12-22 09:34:24,2025-12-22T09:34:24,60.5,1.0,SetByAsk
2025-12-22 09:34:30,2025-12-22T09:34:30,60.49,1.0,SetByAsk
2025-12-22 09:34:30,2025-12-22T09:34:30,60.49,1.0,SetByAsk
2025-12-22 09:34:31,2025-12-22T09:34:31,60.51,1.0,SetByAsk
2025-12-22 09:34:31,2025-12-22T09:34:31,60.51,1.0,SetByAsk
2025-12-22 09:34:31,2025-12-22T09:34:31,60.51,1.0,SetByAsk
2025-12-22 09:34:31,2025-12-22T09:34:31,60.52,1.0,SetByBid
2025-12-22 09:34:31,2025-12-22T09:34:31,60.52,1.0,SetByBid
2025-12-22 09:34:31,2025-12-22T09:34:31,60.52,1.0,SetByBid
2025-12-22 09:34:32,2025-12-22T09:34:32,60.51,1.0,SetByAsk
2025-12-22 09:34:32,2025-12-22T09:34:32,60.51,1.0,SetByAsk
2025-12-22 09:34:32,2025-12-22T09:34:32,60.52,1.0,SetByBid
2025-12-22 09:34:33,2025-12-22T09:34:33,60.51,1.0,SetByAsk
2025-12-22 09:34:35,2025-12-22T09:34:35,60.51,1.0,SetByAsk
2025-12-22 09:34:35,2025-12-22T09:34:35,60.51,1.0,SetByAsk
2025-12-22 09:34:37,2025-12-22T09:34:37,60.53,1.0,SetByAsk
2025-12-22 09:34:37,2025-12-22T09:34:37,60.53,1.0,SetByAsk
2025-12-22 09:34:37,2025-12-22T09:34:37,60.52,1.0,SetByAsk
2025-12-22 09:34:37,2025-12-22T09:34:37,60.52,1.0,SetByAsk
2025-12-22 09:34:37,2025-12-22T09:34:37,60.52,1.0,SetByAsk
2025-12-22 09:34:37,2025-12-22T09:34:37,60.52,1.0,SetByAsk
2025-12-22 09:34:37,2025-12-22T09:34:37,60.52,6.0,SetByAsk
2025-12-22 09:34:38,2025-12-22T09:34:38,60.52,1.0,SetByAsk
2025-12-22 09:34:38,2025-12-22T09:34:38,60.52,1.0,SetByAsk
2025-12-22 09:34:38,2025-12-22T09:34:38,60.52,7.0,SetByAsk
2025-12-22 09:34:38,2025-12-22T09:34:38,60.52,2.0,SetByAsk
2025-12-22 09:34:38,2025-12-22T09:34:38,60.51,1.0,SetByAsk
2025-12-22 09:34:38,2025-12-22T09:34:38,60.51,1.0,SetByAsk
2025-12-22 09:34:53,2025-12-22T09:34:53,60.56,1.0,SetByBid
2025-12-22 09:35:01,2025-12-22T09:35:01,60.57,2.0,SetByAsk
2025-12-22 09:35:02,2025-12-22T09:35:02,60.57,1.0,SetByAsk
2025-12-22 09:35:06,2025-12-22T09:35:06,60.59,1.0,SetByBid
2025-12-22 09:35:08,2025-12-22T09:35:08,60.6,1.0,SetByBid
2025-12-22 09:35:08,2025-12-22T09:35:08,60.6,1.0,SetByBid
2025-12-22 09:35:08,2025-12-22T09:35:08,60.6,1.0,SetByBid
2025-12-22 09:35:08,2025-12-22T09:35:08,60.59,1.0,SetByAsk
2025-12-22 09:35:08,2025-12-22T09:35:08,60.59,1.0,SetByAsk
2025-12-22 09:35:08,2025-12-22T09:35:08,60.61,1.0,SetByBid
2025-12-22 09:35:09,2025-12-22T09:35:09,60.6,1.0,SetByBid
2025-12-22 09:35:11,2025-12-22T09:35:11,60.6,2.0,SetByAsk
2025-12-22 09:35:18,2025-12-22T09:35:18,60.58,1.0,SetByBid
2025-12-22 09:35:20,2025-12-22T09:35:20,60.59,1.0,SetByBid
2025-12-22 09:35:20,2025-12-22T09:35:20,60.59,1.0,SetByBid
2025-12-22 09:35:20,2025-12-22T09:35:20,60.59,1.0,SetByBid
2025-12-22 09:35:20,2025-12-22T09:35:20,60.59,1.0,SetByBid
2025-12-22 09:35:20,2025-12-22T09:35:20,60.59,1.0,SetByBid
2025-12-22 09:35:20,2025-12-22T09:35:20,60.57,1.0,SetByAsk
2025-12-22 09:35:20,2025-12-22T09:35:20,60.59,1.0,SetByBid
2025-12-22 09:35:21,2025-12-22T09:35:21,60.58,1.0,SetByAsk
2025-12-22 09:35:21,2025-12-22T09:35:21,60.58,1.0,SetByBid
2025-12-22 09:35:21,2025-12-22T09:35:21,60.59,1.0,SetByBid
2025-12-22 09:35:21,2025-12-22T09:35:21,60.59,1.0,SetByBid
2025-12-22 09:35:21,2025-12-22T09:35:21,60.59,1.0,SetByBid
2025-12-22 09:35:21,2025-12-22T09:35:21,60.59,1.0,SetByBid
2025-12-22 09:35:21,2025-12-22T09:35:21,60.59,1.0,SetByBid
2025-12-22 09:35:22,2025-12-22T09:35:22,60.59,1.0,SetByBid
2025-12-22 09:35:23,2025-12-22T09:35:23,60.59,1.0,SetByBid
2025-12-22 09:35:26,2025-12-22T09:35:26,60.58,1.0,SetByAsk
2025-12-22 09:35:26,2025-12-22T09:35:26,60.58,1.0,SetByBid
2025-12-22 09:35:26,2025-12-22T09:35:26,60.59,1.0,SetByBid
2025-12-22 09:35:26,2025-12-22T09:35:26,60.59,1.0,SetByBid
2025-12-22 09:35:26,2025-12-22T09:35:26,60.59,1.0,SetByBid
2025-12-22 09:35:26,2025-12-22T09:35:26,60.59,1.0,SetByBid
2025-12-22 09:35:26,2025-12-22T09:35:26,60.58,1.0,SetByAsk
2025-12-22 09:35:26,2025-12-22T09:35:26,60.58,1.0,SetByAsk
2025-12-22 09:35:26,2025-12-22T09:35:26,60.59,1.0,SetByBid
2025-12-22 09:35:27,2025-12-22T09:35:27,60.58,1.0,SetByBid
2025-12-22 09:35:27,2025-12-22T09:35:27,60.58,1.0,SetByBid
2025-12-22 09:35:27,2025-12-22T09:35:27,60.58,3.0,SetByBid
2025-12-22 09:35:28,2025-12-22T09:35:28,60.59,1.0,SetByBid
2025-12-22 09:35:32,2025-12-22T09:35:32,60.57,1.0,SetByAsk
2025-12-22 09:35:33,2025-12-22T09:35:33,60.58,1.0,SetByBid
2025-12-22 09:35:33,2025-12-22T09:35:33,60.58,1.0,SetByBid
2025-12-22 09:35:33,2025-12-22T09:35:33,60.58,1.0,SetByBid
2025-12-22 09:35:33,2025-12-22T09:35:33,60.58,1.0,SetByBid
2025-12-22 09:35:34,2025-12-22T09:35:34,60.58,1.0,SetByBid
2025-12-22 09:35:49,2025-12-22T09:35:49,60.57,1.0,SetByAsk
2025-12-22 09:36:05,2025-12-22T09:36:05,60.56,1.0,SetByBid
2025-12-22 09:36:14,2025-12-22T09:36:14,60.56,1.0,SetByBid
2025-12-22 09:36:29,2025-12-22T09:36:29,60.55,1.0,SetByAsk
2025-12-22 09:36:29,2025-12-22T09:36:29,60.56,1.0,SetByBid
2025-12-22 09:36:29,2025-12-22T09:36:29,60.56,1.0,SetByBid
2025-12-22 09:36:29,2025-12-22T09:36:29,60.56,1.0,SetByBid
2025-12-22 09:36:29,2025-12-22T09:36:29,60.56,1.0,SetByBid
2025-12-22 09:36:29,2025-12-22T09:36:29,60.56,1.0,SetByBid
2025-12-22 09:36:29,2025-12-22T09:36:29,60.56,1.0,SetByBid
2025-12-22 09:36:29,2025-12-22T09:36:29,60.56,1.0,SetByBid
2025-12-22 09:36:29,2025-12-22T09:36:29,60.56,1.0,SetByBid
2025-12-22 09:36:29,2025-12-22T09:36:29,60.56,1.0,SetByBid
2025-12-22 09:36:29,2025-12-22T09:36:29,60.56,1.0,SetByBid
2025-12-22 09:36:29,2025-12-22T09:36:29,60.56,1.0,SetByBid
2025-12-22 09:36:29,2025-12-22T09:36:29,60.56,1.0,SetByBid
2025-12-22 09:36:29,2025-12-22T09:36:29,60.56,1.0,SetByBid
2025-12-22 09:36:29,2025-12-22T09:36:29,60.56,1.0,SetByBid
2025-12-22 09:36:29,2025-12-22T09:36:29,60.56,1.0,SetByBid
2025-12-22 09:36:29,2025-12-22T09:36:29,60.56,1.0,SetByBid
2025-12-22 09:36:29,2025-12-22T09:36:29,60.56,1.0,SetByBid
2025-12-22 09:36:29,2025-12-22T09:36:29,60.55,1.0,SetByAsk
2025-12-22 09:36:29,2025-12-22T09:36:29,60.56,1.0,SetByBid
2025-12-22 09:36:29,2025-12-22T09:36:29,60.56,1.0,SetByBid
2025-12-22 09:36:29,2025-12-22T09:36:29,60.56,1.0,SetByBid
2025-12-22 09:36:29,2025-12-22T09:36:29,60.56,1.0,SetByBid
2025-12-22 09:36:29,2025-12-22T09:36:29,60.56,1.0,SetByBid
2025-12-22 09:36:29,2025-12-22T09:36:29,60.56,1.0,SetByBid
2025-12-22 09:36:29,2025-12-22T09:36:29,60.56,1.0,SetByBid
2025-12-22 09:36:29,2025-12-22T09:36:29,60.56,1.0,SetByBid
2025-12-22 09:36:29,2025-12-22T09:36:29,60.56,1.0,SetByBid
2025-12-22 09:36:29,2025-12-22T09:36:29,60.56,1.0,SetByBid
2025-12-22 09:36:29,2025-12-22T09:36:29,60.56,1.0,SetByBid
2025-12-22 09:36:29,2025-12-22T09:36:29,60.56,1.0,SetByBid
2025-12-22 09:36:29,2025-12-22T09:36:29,60.57,1.0,SetByBid
2025-12-22 09:36:29,2025-12-22T09:36:29,60.57,1.0,SetByBid
2025-12-22 09:36:29,2025-12-22T09:36:29,60.57,1.0,SetByBid
2025-12-22 09:36:29,2025-12-22T09:36:29,60.57,1.0,SetByBid
2025-12-22 09:36:29,2025-12-22T09:36:29,60.57,1.0,SetByBid
2025-12-22 09:36:29,2025-12-22T09:36:29,60.57,1.0,SetByBid
2025-12-22 09:36:29,2025-12-22T09:36:29,60.57,1.0,SetByBid
2025-12-22 09:36:29,2025-12-22T09:36:29,60.57,1.0,SetByBid
2025-12-22 09:36:35,2025-12-22T09:36:35,60.56,1.0,SetByAsk
2025-12-22 09:36:35,2025-12-22T09:36:35,60.56,1.0,SetByAsk
2025-12-22 09:36:35,2025-12-22T09:36:35,60.56,1.0,SetByAsk
2025-12-22 09:36:36,2025-12-22T09:36:36,60.57,1.0,SetByBid
2025-12-22 09:36:36,2025-12-22T09:36:36,60.57,1.0,SetByBid
2025-12-22 09:36:36,2025-12-22T09:36:36,60.57,1.0,SetByBid
2025-12-22 09:36:36,2025-12-22T09:36:36,60.57,1.0,SetByBid
2025-12-22 09:36:36,2025-12-22T09:36:36,60.58,1.0,SetByBid
2025-12-22 09:36:36,2025-12-22T09:36:36,60.58,1.0,SetByBid
2025-12-22 09:36:36,2025-12-22T09:36:36,60.58,1.0,SetByBid
2025-12-22 09:36:36,2025-12-22T09:36:36,60.58,1.0,SetByAsk
2025-12-22 09:36:36,2025-12-22T09:36:36,60.58,1.0,SetByAsk
2025-12-22 09:36:36,2025-12-22T09:36:36,60.58,1.0,SetByAsk
2025-12-22 09:36:36,2025-12-22T09:36:36,60.58,1.0,SetByAsk
2025-12-22 09:36:36,2025-12-22T09:36:36,60.58,2.0,SetByAsk
2025-12-22 09:36:36,2025-12-22T09:36:36,60.58,1.0,SetByAsk
2025-12-22 09:36:36,2025-12-22T09:36:36,60.58,1.0,SetByAsk
2025-12-22 09:36:36,2025-12-22T09:36:36,60.58,1.0,SetByAsk
2025-12-22 09:36:36,2025-12-22T09:36:36,60.58,1.0,SetByAsk
2025-12-22 09:36:36,2025-12-22T09:36:36,60.58,1.0,SetByAsk
2025-12-22 09:36:36,2025-12-22T09:36:36,60.58,2.0,SetByAsk
2025-12-22 09:36:36,2025-12-22T09:36:36,60.58,1.0,SetByAsk
2025-12-22 09:36:36,2025-12-22T09:36:36,60.58,3.0,SetByAsk
2025-12-22 09:36:36,2025-12-22T09:36:36,60.58,2.0,SetByAsk
2025-12-22 09:36:36,2025-12-22T09:36:36,60.58,1.0,SetByAsk
2025-12-22 09:36:36,2025-12-22T09:36:36,60.58,1.0,SetByAsk
2025-12-22 09:36:37,2025-12-22T09:36:37,60.61,1.0,SetByBid
2025-12-22 09:36:37,2025-12-22T09:36:37,60.61,1.0,SetByBid
2025-12-22 09:36:37,2025-12-22T09:36:37,60.61,1.0,SetByBid
2025-12-22 09:36:37,2025-12-22T09:36:37,60.61,1.0,SetByBid
2025-12-22 09:36:37,2025-12-22T09:36:37,60.61,1.0,SetByBid
2025-12-22 09:36:37,2025-12-22T09:36:37,60.61,1.0,SetByBid
2025-12-22 09:36:37,2025-12-22T09:36:37,60.61,1.0,SetByBid
2025-12-22 09:36:37,2025-12-22T09:36:37,60.61,1.0,SetByBid
2025-12-22 09:36:37,2025-12-22T09:36:37,60.61,1.0,SetByBid
2025-12-22 09:36:37,2025-12-22T09:36:37,60.61,1.0,SetByBid
2025-12-22 09:36:37,2025-12-22T09:36:37,60.61,1.0,SetByBid
2025-12-22 09:36:37,2025-12-22T09:36:37,60.61,1.0,SetByBid
2025-12-22 09:36:37,2025-12-22T09:36:37,60.61,1.0,SetByBid
2025-12-22 09:36:37,2025-12-22T09:36:37,60.61,1.0,SetByBid
2025-12-22 09:36:37,2025-12-22T09:36:37,60.61,1.0,SetByBid
2025-12-22 09:36:37,2025-12-22T09:36:37,60.61,1.0,SetByBid
2025-12-22 09:36:37,2025-12-22T09:36:37,60.62,1.0,SetByBid
2025-12-22 09:36:38,2025-12-22T09:36:38,60.61,1.0,SetByAsk
2025-12-22 09:37:19,2025-12-22T09:37:19,60.57,1.0,SetByAsk
2025-12-22 09:37:21,2025-12-22T09:37:21,60.56,2.0,SetByAsk
2025-12-22 09:37:21,2025-12-22T09:37:21,60.56,1.0,SetByAsk
2025-12-22 09:37:21,2025-12-22T09:37:21,60.56,1.0,SetByAsk
2025-12-22 09:38:33,2025-12-22T09:38:33,60.52,1.0,SetByAsk
2025-12-22 09:38:33,2025-12-22T09:38:33,60.52,2.0,SetByAsk
2025-12-22 09:38:33,2025-12-22T09:38:33,60.52,1.0,SetByAsk
2025-12-22 09:38:33,2025-12-22T09:38:33,60.52,1.0,SetByAsk
2025-12-22 09:38:33,2025-12-22T09:38:33,60.52,1.0,SetByAsk
2025-12-22 09:39:05,2025-12-22T09:39:05,60.53,1.0,SetByBid
2025-12-22 09:39:05,2025-12-22T09:39:05,60.53,1.0,SetByBid
2025-12-22 09:39:06,2025-12-22T09:39:06,60.54,1.0,SetByBid
2025-12-22 09:39:06,2025-12-22T09:39:06,60.54,1.0,SetByBid
2025-12-22 09:39:31,2025-12-22T09:39:31,60.54,1.0,SetByBid
2025-12-22 09:39:31,2025-12-22T09:39:31,60.54,1.0,SetByBid
2025-12-22 09:39:44,2025-12-22T09:39:44,60.52,1.0,SetByAsk
2025-12-22 09:40:05,2025-12-22T09:40:05,60.54,1.0,SetByBid
2025-12-22 09:40:05,2025-12-22T09:40:05,60.54,1.0,SetByBid
2025-12-22 09:40:23,2025-12-22T09:40:23,60.53,1.0,SetByAsk
2025-12-22 09:40:47,2025-12-22T09:40:47,60.54,1.0,SetByAsk
2025-12-22 09:41:12,2025-12-22T09:41:12,60.54,1.0,SetByAsk
2025-12-22 09:41:12,2025-12-22T09:41:12,60.54,1.0,SetByAsk
2025-12-22 09:41:57,2025-12-22T09:41:57,60.53,1.0,SetByAsk
2025-12-22 09:41:57,2025-12-22T09:41:57,60.53,1.0,SetByAsk
2025-12-22 09:41:57,2025-12-22T09:41:57,60.53,1.0,SetByAsk
2025-12-22 09:41:57,2025-12-22T09:41:57,60.53,1.0,SetByAsk
2025-12-22 09:41:57,2025-12-22T09:41:57,60.53,1.0,SetByAsk
2025-12-22 09:43:02,2025-12-22T09:43:02,60.51,1.0,SetByBid
2025-12-22 09:43:02,2025-12-22T09:43:02,60.51,1.0,SetByBid
2025-12-22 09:43:02,2025-12-22T09:43:02,60.51,1.0,SetByBid
2025-12-22 09:43:02,2025-12-22T09:43:02,60.51,1.0,SetByBid
2025-12-22 09:43:02,2025-12-22T09:43:02,60.51,1.0,"SetByBid, Leg"
2025-12-22 09:43:02,2025-12-22T09:43:02,60.52,1.0,"SetByBid, Leg"
2025-12-22 09:43:02,2025-12-22T09:43:02,60.52,1.0,SetByBid
2025-12-22 09:43:02,2025-12-22T09:43:02,60.52,1.0,SetByBid
2025-12-22 09:43:02,2025-12-22T09:43:02,60.52,1.0,SetByBid
2025-12-22 09:43:02,2025-12-22T09:43:02,60.52,1.0,SetByBid
2025-12-22 09:43:02,2025-12-22T09:43:02,60.52,1.0,SetByBid
2025-12-22 09:43:02,2025-12-22T09:43:02,60.52,1.0,SetByBid
2025-12-22 09:43:02,2025-12-22T09:43:02,60.52,1.0,SetByBid
2025-12-22 09:43:02,2025-12-22T09:43:02,60.52,1.0,SetByBid
2025-12-22 09:43:02,2025-12-22T09:43:02,60.52,1.0,SetByBid
2025-12-22 09:43:02,2025-12-22T09:43:02,60.52,2.0,SetByBid
2025-12-22 09:43:02,2025-12-22T09:43:02,60.52,1.0,SetByBid
2025-12-22 09:43:02,2025-12-22T09:43:02,60.52,2.0,SetByBid
2025-12-22 09:43:02,2025-12-22T09:43:02,60.52,2.0,SetByBid
2025-12-22 09:43:02,2025-12-22T09:43:02,60.52,1.0,SetByBid
2025-12-22 09:43:02,2025-12-22T09:43:02,60.52,1.0,SetByBid
2025-12-22 09:43:02,2025-12-22T09:43:02,60.52,2.0,"SetByBid, Leg"
2025-12-22 09:43:02,2025-12-22T09:43:02,60.53,2.0,"SetByBid, Leg"
2025-12-22 09:43:02,2025-12-22T09:43:02,60.53,1.0,SetByBid
2025-12-22 09:43:02,2025-12-22T09:43:02,60.53,1.0,SetByBid
2025-12-22 09:43:11,2025-12-22T09:43:11,60.52,1.0,SetByAsk
2025-12-22 09:43:11,2025-12-22T09:43:11,60.52,1.0,SetByAsk
2025-12-22 09:44:02,2025-12-22T09:44:02,60.53,1.0,SetByAsk
2025-12-22 09:45:10,2025-12-22T09:45:10,60.54,1.0,SetByAsk
2025-12-22 09:46:19,2025-12-22T09:46:19,60.54,1.0,SetByBid
2025-12-22 09:47:43,2025-12-22T09:47:43,60.55,1.0,SetByBid
2025-12-22 09:47:43,2025-12-22T09:47:43,60.55,1.0,SetByBid
2025-12-22 09:47:43,2025-12-22T09:47:43,60.55,1.0,SetByBid
2025-12-22 09:47:44,2025-12-22T09:47:44,60.55,1.0,SetByBid
2025-12-22 09:47:44,2025-12-22T09:47:44,60.55,1.0,SetByBid
2025-12-22 09:47:44,2025-12-22T09:47:44,60.55,1.0,SetByBid
2025-12-22 09:47:44,2025-12-22T09:47:44,60.55,1.0,SetByBid
2025-12-22 09:48:12,2025-12-22T09:48:12,60.55,1.0,SetByAsk
2025-12-22 09:49:45,2025-12-22T09:49:45,60.54,1.0,SetByBid
2025-12-22 09:50:39,2025-12-22T09:50:39,60.51,1.0,SetByAsk
2025-12-22 09:50:41,2025-12-22T09:50:41,60.51,1.0,SetByBid
2025-12-22 09:50:41,2025-12-22T09:50:41,60.51,2.0,SetByBid
2025-12-22 09:50:41,2025-12-22T09:50:41,60.51,1.0,SetByBid
2025-12-22 09:50:41,2025-12-22T09:50:41,60.51,2.0,SetByBid
2025-12-22 09:50:41,2025-12-22T09:50:41,60.51,2.0,SetByBid
2025-12-22 09:50:53,2025-12-22T09:50:53,60.52,1.0,SetByBid
2025-12-22 09:51:04,2025-12-22T09:51:04,60.53,1.0,SetByBid
2025-12-22 09:51:05,2025-12-22T09:51:05,60.53,1.0,SetByBid
2025-12-22 09:51:17,2025-12-22T09:51:17,60.53,1.0,SetByBid
2025-12-22 09:51:30,2025-12-22T09:51:30,60.53,1.0,SetByAsk
2025-12-22 09:51:42,2025-12-22T09:51:42,60.53,1.0,SetByAsk
2025-12-22 09:51:48,2025-12-22T09:51:48,60.53,1.0,SetByAsk
2025-12-22 09:51:55,2025-12-22T09:51:55,60.53,1.0,SetByAsk
2025-12-22 09:51:55,2025-12-22T09:51:55,60.53,1.0,SetByAsk
2025-12-22 09:51:55,2025-12-22T09:51:55,60.53,1.0,SetByAsk
2025-12-22 09:51:59,2025-12-22T09:51:59,60.53,1.0,SetByAsk
2025-12-22 09:52:04,2025-12-22T09:52:04,60.53,1.0,SetByAsk
2025-12-22 09:52:05,2025-12-22T09:52:05,60.53,1.0,SetByAsk
2025-12-22 09:52:13,2025-12-22T09:52:13,60.54,1.0,SetByBid
2025-12-22 09:52:13,2025-12-22T09:52:13,60.54,1.0,SetByBid
2025-12-22 09:52:13,2025-12-22T09:52:13,60.54,1.0,SetByBid
2025-12-22 09:52:13,2025-12-22T09:52:13,60.54,1.0,SetByBid
2025-12-22 09:53:20,2025-12-22T09:53:20,60.51,1.0,SetByAsk
2025-12-22 09:54:13,2025-12-22T09:54:13,60.51,1.0,"SetByBid, Leg"
2025-12-22 09:54:13,2025-12-22T09:54:13,60.52,1.0,"SetByBid, Leg"
2025-12-22 09:54:13,2025-12-22T09:54:13,60.52,1.0,SetByBid
2025-12-22 09:54:13,2025-12-22T09:54:13,60.52,1.0,SetByBid
2025-12-22 09:54:13,2025-12-22T09:54:13,60.52,1.0,SetByBid
2025-12-22 09:54:14,2025-12-22T09:54:14,60.51,1.0,"SetByBid, Leg"
2025-12-22 09:54:14,2025-12-22T09:54:14,60.52,1.0,"SetByBid, Leg"
2025-12-22 09:54:14,2025-12-22T09:54:14,60.52,1.0,SetByBid
2025-12-22 09:54:14,2025-12-22T09:54:14,60.52,1.0,SetByBid
2025-12-22 09:54:14,2025-12-22T09:54:14,60.52,1.0,SetByBid
2025-12-22 09:54:14,2025-12-22T09:54:14,60.52,1.0,SetByBid
2025-12-22 09:54:14,2025-12-22T09:54:14,60.52,1.0,SetByBid
2025-12-22 09:54:14,2025-12-22T09:54:14,60.52,1.0,SetByBid
2025-12-22 09:54:14,2025-12-22T09:54:14,60.52,1.0,SetByBid
2025-12-22 09:54:14,2025-12-22T09:54:14,60.52,1.0,SetByBid
2025-12-22 09:54:15,2025-12-22T09:54:15,60.52,1.0,SetByBid
2025-12-22 09:54:15,2025-12-22T09:54:15,60.52,1.0,SetByBid
2025-12-22 09:54:15,2025-12-22T09:54:15,60.52,1.0,SetByBid
2025-12-22 09:54:15,2025-12-22T09:54:15,60.52,1.0,SetByBid
2025-12-22 09:54:15,2025-12-22T09:54:15,60.52,1.0,SetByBid
2025-12-22 09:54:25,2025-12-22T09:54:25,60.51,1.0,SetByBid
2025-12-22 09:55:10,2025-12-22T09:55:10,60.52,1.0,SetByBid
2025-12-22 09:55:10,2025-12-22T09:55:10,60.52,1.0,SetByBid
2025-12-22 09:55:10,2025-12-22T09:55:10,60.52,1.0,SetByBid
2025-12-22 09:55:10,2025-12-22T09:55:10,60.52,1.0,SetByBid
2025-12-22 09:56:05,2025-12-22T09:56:05,60.5,1.0,SetByBid
2025-12-22 09:56:05,2025-12-22T09:56:05,60.5,1.0,SetByBid
2025-12-22 09:56:05,2025-12-22T09:56:05,60.5,1.0,SetByBid
2025-12-22 09:56:05,2025-12-22T09:56:05,60.5,1.0,SetByBid
2025-12-22 09:56:05,2025-12-22T09:56:05,60.5,1.0,SetByBid
2025-12-22 09:56:05,2025-12-22T09:56:05,60.5,1.0,SetByBid
2025-12-22 09:56:05,2025-12-22T09:56:05,60.5,1.0,SetByBid
2025-12-22 09:56:05,2025-12-22T09:56:05,60.5,1.0,SetByBid
2025-12-22 09:56:05,2025-12-22T09:56:05,60.5,1.0,SetByBid
2025-12-22 09:56:05,2025-12-22T09:56:05,60.5,1.0,SetByBid
2025-12-22 09:56:05,2025-12-22T09:56:05,60.5,1.0,SetByBid
2025-12-22 09:56:05,2025-12-22T09:56:05,60.5,1.0,SetByBid
2025-12-22 09:56:05,2025-12-22T09:56:05,60.5,1.0,SetByBid
2025-12-22 09:56:05,2025-12-22T09:56:05,60.5,1.0,SetByBid
2025-12-22 09:56:05,2025-12-22T09:56:05,60.5,1.0,SetByBid
2025-12-22 09:56:05,2025-12-22T09:56:05,60.5,2.0,SetByBid
2025-12-22 09:56:05,2025-12-22T09:56:05,60.5,1.0,SetByBid
2025-12-22 09:56:05,2025-12-22T09:56:05,60.5,1.0,SetByBid
2025-12-22 09:56:05,2025-12-22T09:56:05,60.5,2.0,SetByBid
2025-12-22 09:56:05,2025-12-22T09:56:05,60.5,1.0,SetByBid
2025-12-22 09:56:05,2025-12-22T09:56:05,60.5,1.0,SetByBid
2025-12-22 09:56:05,2025-12-22T09:56:05,60.5,2.0,SetByBid
2025-12-22 09:56:05,2025-12-22T09:56:05,60.5,1.0,SetByAsk
2025-12-22 09:56:05,2025-12-22T09:56:05,60.5,1.0,SetByAsk
2025-12-22 09:56:05,2025-12-22T09:56:05,60.5,73.0,SetByAsk
2025-12-22 09:56:40,2025-12-22T09:56:40,60.5,1.0,SetByAsk
2025-12-22 09:56:40,2025-12-22T09:56:40,60.5,1.0,SetByAsk
2025-12-22 09:57:03,2025-12-22T09:57:03,60.51,1.0,SetByAsk
2025-12-22 09:57:14,2025-12-22T09:57:14,60.51,1.0,SetByBid
2025-12-22 09:57:14,2025-12-22T09:57:14,60.51,1.0,SetByBid
2025-12-22 09:57:14,2025-12-22T09:57:14,60.51,1.0,SetByBid
2025-12-22 09:57:14,2025-12-22T09:57:14,60.51,1.0,SetByBid
2025-12-22 09:57:14,2025-12-22T09:57:14,60.51,3.0,SetByBid
2025-12-22 09:57:14,2025-12-22T09:57:14,60.51,1.0,SetByAsk
2025-12-22 09:57:14,2025-12-22T09:57:14,60.51,3.0,SetByBid
2025-12-22 09:57:14,2025-12-22T09:57:14,60.51,1.0,SetByAsk
2025-12-22 09:57:14,2025-12-22T09:57:14,60.51,1.0,SetByAsk
2025-12-22 09:57:14,2025-12-22T09:57:14,60.51,1.0,SetByAsk
2025-12-22 09:57:14,2025-12-22T09:57:14,60.51,1.0,SetByAsk
2025-12-22 09:57:14,2025-12-22T09:57:14,60.51,4.0,SetByBid
2025-12-22 09:57:14,2025-12-22T09:57:14,60.51,1.0,SetByBid
2025-12-22 09:57:14,2025-12-22T09:57:14,60.51,1.0,SetByBid
2025-12-22 09:57:15,2025-12-22T09:57:15,60.51,1.0,SetByAsk
2025-12-22 09:57:15,2025-12-22T09:57:15,60.51,1.0,SetByBid
2025-12-22 09:57:15,2025-12-22T09:57:15,60.51,1.0,SetByBid
2025-12-22 09:57:15,2025-12-22T09:57:15,60.51,3.0,SetByBid
2025-12-22 09:57:15,2025-12-22T09:57:15,60.51,1.0,SetByAsk
2025-12-22 09:57:15,2025-12-22T09:57:15,60.51,2.0,SetByAsk
2025-12-22 09:57:15,2025-12-22T09:57:15,60.51,1.0,SetByBid
2025-12-22 09:57:15,2025-12-22T09:57:15,60.51,1.0,SetByBid
2025-12-22 09:57:15,2025-12-22T09:57:15,60.51,3.0,SetByAsk
2025-12-22 09:57:15,2025-12-22T09:57:15,60.5,100.0,SetByAsk
2025-12-22 10:00:51,2025-12-22T10:00:51,60.49,1.0,SetByAsk
2025-12-22 10:00:53,2025-12-22T10:00:53,60.51,1.0,SetByBid
2025-12-22 10:06:27,2025-12-22T10:06:27,60.52,1.0,SetByBid
2025-12-22 10:06:27,2025-12-22T10:06:27,60.52,1.0,SetByBid
2025-12-22 10:06:28,2025-12-22T10:06:28,60.52,1.0,SetByBid
2025-12-22 10:06:28,2025-12-22T10:06:28,60.52,1.0,SetByBid
2025-12-22 10:06:36,2025-12-22T10:06:36,60.52,1.0,SetByBid
2025-12-22 10:06:36,2025-12-22T10:06:36,60.52,1.0,SetByBid
2025-12-22 10:06:37,2025-12-22T10:06:37,60.52,1.0,SetByBid
2025-12-22 10:06:37,2025-12-22T10:06:37,60.52,1.0,SetByBid
2025-12-22 10:06:41,2025-12-22T10:06:41,60.51,1.0,SetByBid
2025-12-22 10:06:41,2025-12-22T10:06:41,60.51,1.0,SetByBid
2025-12-22 10:06:42,2025-12-22T10:06:42,60.51,1.0,SetByBid
2025-12-22 10:06:42,2025-12-22T10:06:42,60.51,1.0,SetByBid
2025-12-22 10:06:43,2025-12-22T10:06:43,60.51,1.0,SetByBid
2025-12-22 10:06:44,2025-12-22T10:06:44,60.51,1.0,"SetByBid, Leg"
2025-12-22 10:06:44,2025-12-22T10:06:44,60.52,1.0,"SetByBid, Leg"
2025-12-22 10:06:44,2025-12-22T10:06:44,60.52,1.0,SetByBid
2025-12-22 10:06:46,2025-12-22T10:06:46,60.51,1.0,SetByBid
2025-12-22 10:07:03,2025-12-22T10:07:03,60.52,1.0,SetByBid
2025-12-22 10:07:03,2025-12-22T10:07:03,60.52,1.0,SetByBid
2025-12-22 10:07:04,2025-12-22T10:07:04,60.52,1.0,SetByBid
2025-12-22 10:07:39,2025-12-22T10:07:39,60.51,1.0,SetByBid
2025-12-22 10:07:42,2025-12-22T10:07:42,60.51,1.0,SetByAsk
2025-12-22 10:07:44,2025-12-22T10:07:44,60.52,1.0,SetByBid
2025-12-22 10:07:56,2025-12-22T10:07:56,60.52,1.0,SetByBid
2025-12-22 10:07:56,2025-12-22T10:07:56,60.52,1.0,SetByBid
2025-12-22 10:08:00,2025-12-22T10:08:00,60.51,1.0,SetByAsk
2025-12-22 10:08:02,2025-12-22T10:08:02,60.52,1.0,SetByBid
2025-12-22 10:08:15,2025-12-22T10:08:15,60.51,1.0,SetByBid
2025-12-22 10:08:16,2025-12-22T10:08:16,60.51,1.0,SetByBid
2025-12-22 10:08:19,2025-12-22T10:08:19,60.52,1.0,SetByBid
2025-12-22 10:08:19,2025-12-22T10:08:19,60.52,1.0,SetByBid
2025-12-22 10:08:20,2025-12-22T10:08:20,60.52,1.0,SetByBid
2025-12-22 10:08:20,2025-12-22T10:08:20,60.52,1.0,SetByBid
2025-12-22 10:08:21,2025-12-22T10:08:21,60.52,1.0,SetByBid
2025-12-22 10:08:21,2025-12-22T10:08:21,60.52,1.0,SetByBid
2025-12-22 10:08:22,2025-12-22T10:08:22,60.52,1.0,SetByBid
2025-12-22 10:08:22,2025-12-22T10:08:22,60.52,1.0,SetByBid
2025-12-22 10:08:23,2025-12-22T10:08:23,60.52,1.0,SetByBid
2025-12-22 10:08:24,2025-12-22T10:08:24,60.52,1.0,SetByBid
2025-12-22 10:08:26,2025-12-22T10:08:26,60.51,1.0,SetByBid
2025-12-22 10:08:26,2025-12-22T10:08:26,60.51,1.0,SetByBid
2025-12-22 10:08:26,2025-12-22T10:08:26,60.52,1.0,SetByBid
2025-12-22 10:08:27,2025-12-22T10:08:27,60.52,1.0,SetByBid
2025-12-22 10:08:28,2025-12-22T10:08:28,60.52,1.0,SetByBid
2025-12-22 10:08:28,2025-12-22T10:08:28,60.52,1.0,SetByBid
2025-12-22 10:08:54,2025-12-22T10:08:54,60.5,1.0,SetByAsk
2025-12-22 10:08:54,2025-12-22T10:08:54,60.5,2.0,SetByAsk
2025-12-22 10:08:54,2025-12-22T10:08:54,60.5,2.0,SetByAsk
2025-12-22 10:08:54,2025-12-22T10:08:54,60.51,1.0,SetByBid
2025-12-22 10:08:59,2025-12-22T10:08:59,60.49,1.0,SetByAsk
2025-12-22 10:08:59,2025-12-22T10:08:59,60.49,1.0,SetByAsk
2025-12-22 10:08:59,2025-12-22T10:08:59,60.49,1.0,SetByAsk
2025-12-22 10:09:00,2025-12-22T10:09:00,60.49,1.0,SetByBid
2025-12-22 10:09:53,2025-12-22T10:09:53,60.5,1.0,SetByBid
2025-12-22 10:10:24,2025-12-22T10:10:24,60.49,1.0,SetByBid
2025-12-22 10:10:25,2025-12-22T10:10:25,60.49,1.0,SetByBid
2025-12-22 10:10:26,2025-12-22T10:10:26,60.49,1.0,SetByBid
2025-12-22 10:13:32,2025-12-22T10:13:32,60.52,1.0,SetByBid
2025-12-22 10:13:33,2025-12-22T10:13:33,60.52,1.0,SetByBid
2025-12-22 10:13:34,2025-12-22T10:13:34,60.52,1.0,SetByBid
2025-12-22 10:13:34,2025-12-22T10:13:34,60.52,1.0,SetByBid
2025-12-22 10:13:35,2025-12-22T10:13:35,60.52,1.0,SetByBid
2025-12-22 10:13:37,2025-12-22T10:13:37,60.52,1.0,SetByBid
2025-12-22 10:13:38,2025-12-22T10:13:38,60.52,1.0,SetByBid
2025-12-22 10:13:39,2025-12-22T10:13:39,60.52,1.0,SetByBid
2025-12-22 10:13:39,2025-12-22T10:13:39,60.52,1.0,SetByBid
2025-12-22 10:13:40,2025-12-22T10:13:40,60.52,1.0,SetByBid
2025-12-22 10:13:41,2025-12-22T10:13:41,60.52,1.0,SetByBid
2025-12-22 10:13:42,2025-12-22T10:13:42,60.52,1.0,SetByBid
2025-12-22 10:13:43,2025-12-22T10:13:43,60.52,1.0,SetByBid
2025-12-22 10:13:43,2025-12-22T10:13:43,60.52,1.0,SetByBid
2025-12-22 10:13:44,2025-12-22T10:13:44,60.52,1.0,SetByBid
2025-12-22 10:13:44,2025-12-22T10:13:44,60.53,1.0,SetByBid
2025-12-22 10:13:45,2025-12-22T10:13:45,60.52,1.0,"SetByBid, Leg"
2025-12-22 10:13:45,2025-12-22T10:13:45,60.53,1.0,"SetByBid, Leg"
2025-12-22 10:13:45,2025-12-22T10:13:45,60.53,1.0,SetByBid
2025-12-22 10:13:45,2025-12-22T10:13:45,60.53,2.0,SetByBid
2025-12-22 10:13:45,2025-12-22T10:13:45,60.53,1.0,SetByBid
2025-12-22 10:14:11,2025-12-22T10:14:11,60.53,1.0,SetByBid
2025-12-22 10:14:11,2025-12-22T10:14:11,60.53,3.0,SetByBid
2025-12-22 10:14:11,2025-12-22T10:14:11,60.53,1.0,SetByBid
2025-12-22 10:14:11,2025-12-22T10:14:11,60.53,1.0,SetByBid
2025-12-22 10:14:29,2025-12-22T10:14:29,60.52,1.0,SetByBid
2025-12-22 10:15:15,2025-12-22T10:15:15,60.53,1.0,SetByBid
2025-12-22 10:15:15,2025-12-22T10:15:15,60.53,3.0,SetByBid
2025-12-22 10:15:15,2025-12-22T10:15:15,60.53,1.0,SetByBid
2025-12-22 10:15:15,2025-12-22T10:15:15,60.53,1.0,SetByBid
2025-12-22 10:15:15,2025-12-22T10:15:15,60.53,1.0,SetByBid
2025-12-22 10:15:15,2025-12-22T10:15:15,60.53,1.0,SetByBid
2025-12-22 10:15:15,2025-12-22T10:15:15,60.53,1.0,SetByBid
2025-12-22 10:15:15,2025-12-22T10:15:15,60.53,1.0,SetByBid
2025-12-22 10:15:15,2025-12-22T10:15:15,60.53,2.0,SetByBid
2025-12-22 10:15:15,2025-12-22T10:15:15,60.53,1.0,SetByBid
2025-12-22 10:15:15,2025-12-22T10:15:15,60.53,1.0,SetByBid
2025-12-22 10:15:17,2025-12-22T10:15:17,60.52,1.0,SetByAsk
2025-12-22 10:15:17,2025-12-22T10:15:17,60.52,1.0,SetByAsk
2025-12-22 10:15:45,2025-12-22T10:15:45,60.53,1.0,SetByBid
2025-12-22 10:15:45,2025-12-22T10:15:45,60.53,1.0,SetByBid
2025-12-22 10:15:45,2025-12-22T10:15:45,60.53,1.0,SetByBid
2025-12-22 10:15:45,2025-12-22T10:15:45,60.53,1.0,SetByBid
2025-12-22 10:15:45,2025-12-22T10:15:45,60.53,1.0,SetByBid
2025-12-22 10:15:45,2025-12-22T10:15:45,60.53,1.0,SetByBid
2025-12-22 10:15:45,2025-12-22T10:15:45,60.53,1.0,SetByBid
2025-12-22 10:15:45,2025-12-22T10:15:45,60.53,1.0,SetByBid
2025-12-22 10:15:47,2025-12-22T10:15:47,60.53,1.0,SetByBid
2025-12-22 10:15:47,2025-12-22T10:15:47,60.53,1.0,SetByBid
2025-12-22 10:15:47,2025-12-22T10:15:47,60.53,1.0,SetByBid
2025-12-22 10:15:53,2025-12-22T10:15:53,60.52,1.0,SetByAsk
2025-12-22 10:15:53,2025-12-22T10:15:53,60.52,1.0,SetByAsk
2025-12-22 10:15:53,2025-12-22T10:15:53,60.52,1.0,SetByBid
2025-12-22 10:15:55,2025-12-22T10:15:55,60.52,2.0,SetByBid
2025-12-22 10:16:21,2025-12-22T10:16:21,60.49,1.0,SetByAsk
2025-12-22 10:16:21,2025-12-22T10:16:21,60.49,1.0,SetByAsk
2025-12-22 10:16:21,2025-12-22T10:16:21,60.49,1.0,SetByAsk
2025-12-22 10:16:49,2025-12-22T10:16:49,60.5,2.0,SetByBid
2025-12-22 10:16:49,2025-12-22T10:16:49,60.51,1.0,SetByBid
2025-12-22 10:16:49,2025-12-22T10:16:49,60.51,1.0,SetByBid
2025-12-22 10:16:49,2025-12-22T10:16:49,60.51,1.0,SetByBid
2025-12-22 10:16:49,2025-12-22T10:16:49,60.51,1.0,SetByBid
2025-12-22 10:16:55,2025-12-22T10:16:55,60.51,2.0,SetByBid
2025-12-22 10:16:55,2025-12-22T10:16:55,60.51,1.0,SetByBid
2025-12-22 10:17:07,2025-12-22T10:17:07,60.51,2.0,SetByBid
2025-12-22 10:17:07,2025-12-22T10:17:07,60.51,2.0,SetByBid
2025-12-22 10:17:08,2025-12-22T10:17:08,60.51,2.0,SetByBid
2025-12-22 10:17:08,2025-12-22T10:17:08,60.51,1.0,SetByBid
2025-12-22 10:20:17,2025-12-22T10:20:17,60.47,1.0,SetByBid
2025-12-22 10:20:17,2025-12-22T10:20:17,60.47,1.0,SetByBid
2025-12-22 10:21:14,2025-12-22T10:21:14,60.47,1.0,SetByAsk
2025-12-22 10:21:22,2025-12-22T10:21:22,60.47,1.0,SetByAsk
2025-12-22 10:22:43,2025-12-22T10:22:43,60.45,1.0,SetByAsk
2025-12-22 10:22:43,2025-12-22T10:22:43,60.45,1.0,SetByAsk
2025-12-22 10:23:00,2025-12-22T10:23:00,60.44,1.0,SetByAsk
2025-12-22 10:23:08,2025-12-22T10:23:08,60.43,1.0,SetByBid
2025-12-22 10:23:08,2025-12-22T10:23:08,60.42,1.0,SetByAsk
2025-12-22 10:24:17,2025-12-22T10:24:17,60.42,1.0,SetByAsk
2025-12-22 10:24:26,2025-12-22T10:24:26,60.43,1.0,SetByBid
2025-12-22 10:24:31,2025-12-22T10:24:31,60.41,1.0,SetByAsk
2025-12-22 10:24:31,2025-12-22T10:24:31,60.41,1.0,SetByAsk
2025-12-22 10:25:40,2025-12-22T10:25:40,60.43,1.0,SetByBid
2025-12-22 10:25:40,2025-12-22T10:25:40,60.43,1.0,SetByBid
2025-12-22 10:25:41,2025-12-22T10:25:41,60.43,1.0,SetByBid
2025-12-22 10:25:42,2025-12-22T10:25:42,60.43,1.0,SetByBid
2025-12-22 10:25:45,2025-12-22T10:25:45,60.43,1.0,SetByBid
2025-12-22 10:27:08,2025-12-22T10:27:08,60.41,2.0,SetByBid
2025-12-22 10:27:08,2025-12-22T10:27:08,60.41,3.0,SetByBid
2025-12-22 10:27:09,2025-12-22T10:27:09,60.41,1.0,SetByBid
2025-12-22 10:27:09,2025-12-22T10:27:09,60.41,1.0,SetByBid
2025-12-22 10:27:09,2025-12-22T10:27:09,60.41,1.0,SetByBid
2025-12-22 10:27:12,2025-12-22T10:27:12,60.41,1.0,SetByAsk
2025-12-22 10:28:39,2025-12-22T10:28:39,60.45,1.0,SetByBid
2025-12-22 10:28:39,2025-12-22T10:28:39,60.45,1.0,SetByBid
2025-12-22 10:28:51,2025-12-22T10:28:51,60.44,1.0,SetByAsk
2025-12-22 10:29:40,2025-12-22T10:29:40,60.43,1.0,SetByAsk
2025-12-22 10:30:44,2025-12-22T10:30:44,60.45,1.0,SetByAsk
2025-12-22 10:30:44,2025-12-22T10:30:44,60.45,1.0,SetByBid
2025-12-22 10:30:44,2025-12-22T10:30:44,60.45,1.0,SetByBid
2025-12-22 10:35:03,2025-12-22T10:35:03,60.43,1.0,SetByBid
2025-12-22 10:35:18,2025-12-22T10:35:18,60.44,1.0,SetByBid
2025-12-22 10:35:18,2025-12-22T10:35:18,60.44,1.0,SetByBid
2025-12-22 10:35:18,2025-12-22T10:35:18,60.44,2.0,SetByBid
2025-12-22 10:35:18,2025-12-22T10:35:18,60.44,2.0,SetByBid
2025-12-22 10:35:18,2025-12-22T10:35:18,60.44,1.0,SetByBid
2025-12-22 10:35:18,2025-12-22T10:35:18,60.44,1.0,SetByBid
2025-12-22 10:35:18,2025-12-22T10:35:18,60.44,1.0,SetByBid
2025-12-22 10:35:18,2025-12-22T10:35:18,60.44,2.0,SetByBid
2025-12-22 10:35:18,2025-12-22T10:35:18,60.44,1.0,SetByBid
2025-12-22 10:35:18,2025-12-22T10:35:18,60.44,1.0,SetByBid
2025-12-22 10:35:18,2025-12-22T10:35:18,60.44,1.0,SetByBid
2025-12-22 10:35:18,2025-12-22T10:35:18,60.44,3.0,SetByBid
2025-12-22 10:35:18,2025-12-22T10:35:18,60.44,2.0,SetByBid
2025-12-22 10:35:19,2025-12-22T10:35:19,60.44,2.0,SetByBid
2025-12-22 10:35:19,2025-12-22T10:35:19,60.44,2.0,SetByBid
2025-12-22 10:35:19,2025-12-22T10:35:19,60.44,1.0,SetByBid
2025-12-22 10:35:19,2025-12-22T10:35:19,60.44,2.0,SetByAsk
2025-12-22 10:35:19,2025-12-22T10:35:19,60.44,1.0,SetByAsk
2025-12-22 10:35:19,2025-12-22T10:35:19,60.44,1.0,SetByAsk
2025-12-22 10:35:20,2025-12-22T10:35:20,60.44,1.0,SetByBid
2025-12-22 10:35:21,2025-12-22T10:35:21,60.44,1.0,SetByBid
2025-12-22 10:35:21,2025-12-22T10:35:21,60.44,1.0,SetByBid
2025-12-22 10:35:21,2025-12-22T10:35:21,60.44,1.0,SetByBid
2025-12-22 10:35:21,2025-12-22T10:35:21,60.44,1.0,SetByBid
2025-12-22 10:35:21,2025-12-22T10:35:21,60.44,1.0,SetByBid
2025-12-22 10:35:21,2025-12-22T10:35:21,60.44,1.0,SetByBid
2025-12-22 10:35:21,2025-12-22T10:35:21,60.44,1.0,SetByBid
2025-12-22 10:35:21,2025-12-22T10:35:21,60.44,1.0,SetByBid
2025-12-22 10:35:22,2025-12-22T10:35:22,60.44,1.0,SetByBid
2025-12-22 10:35:22,2025-12-22T10:35:22,60.44,1.0,SetByBid
2025-12-22 10:35:22,2025-12-22T10:35:22,60.44,2.0,SetByBid
2025-12-22 10:35:22,2025-12-22T10:35:22,60.44,1.0,SetByBid
2025-12-22 10:35:22,2025-12-22T10:35:22,60.44,2.0,SetByBid
2025-12-22 10:38:41,2025-12-22T10:38:41,60.47,1.0,SetByBid
2025-12-22 10:38:41,2025-12-22T10:38:41,60.47,1.0,SetByBid
2025-12-22 10:38:41,2025-12-22T10:38:41,60.47,1.0,SetByBid
2025-12-22 10:38:41,2025-12-22T10:38:41,60.47,1.0,SetByBid
2025-12-22 10:38:41,2025-12-22T10:38:41,60.47,1.0,SetByBid
2025-12-22 10:38:44,2025-12-22T10:38:44,60.45,1.0,SetByAsk
2025-12-22 10:38:44,2025-12-22T10:38:44,60.45,1.0,SetByAsk
2025-12-22 10:38:44,2025-12-22T10:38:44,60.45,2.0,SetByBid
2025-12-22 10:38:59,2025-12-22T10:38:59,60.47,1.0,SetByBid
2025-12-22 10:38:59,2025-12-22T10:38:59,60.47,1.0,SetByBid
2025-12-22 10:38:59,2025-12-22T10:38:59,60.47,2.0,SetByBid
2025-12-22 10:38:59,2025-12-22T10:38:59,60.47,1.0,SetByBid
2025-12-22 10:38:59,2025-12-22T10:38:59,60.47,1.0,SetByBid
2025-12-22 10:39:02,2025-12-22T10:39:02,60.47,1.0,"SetByBid, Leg"
2025-12-22 10:39:02,2025-12-22T10:39:02,60.48,1.0,"SetByBid, Leg"
2025-12-22 10:39:02,2025-12-22T10:39:02,60.48,1.0,SetByBid
2025-12-22 10:39:02,2025-12-22T10:39:02,60.48,1.0,SetByBid
2025-12-22 10:39:02,2025-12-22T10:39:02,60.48,1.0,SetByBid
2025-12-22 10:39:02,2025-12-22T10:39:02,60.48,1.0,SetByBid
2025-12-22 10:39:02,2025-12-22T10:39:02,60.48,1.0,SetByBid
2025-12-22 10:39:04,2025-12-22T10:39:04,60.48,1.0,SetByBid
2025-12-22 10:39:04,2025-12-22T10:39:04,60.48,1.0,SetByBid
2025-12-22 10:39:07,2025-12-22T10:39:07,60.48,1.0,SetByBid
2025-12-22 10:39:08,2025-12-22T10:39:08,60.49,1.0,SetByBid
2025-12-22 10:39:08,2025-12-22T10:39:08,60.49,1.0,SetByBid
2025-12-22 10:40:16,2025-12-22T10:40:16,60.48,1.0,SetByBid
2025-12-22 10:40:16,2025-12-22T10:40:16,60.49,1.0,SetByAsk
2025-12-22 10:40:16,2025-12-22T10:40:16,60.49,1.0,SetByAsk
2025-12-22 10:40:16,2025-12-22T10:40:16,60.49,1.0,SetByAsk
2025-12-22 10:40:16,2025-12-22T10:40:16,60.49,1.0,SetByAsk
2025-12-22 10:40:16,2025-12-22T10:40:16,60.49,1.0,SetByAsk
2025-12-22 10:40:16,2025-12-22T10:40:16,60.49,1.0,SetByAsk
2025-12-22 10:40:16,2025-12-22T10:40:16,60.49,1.0,SetByAsk
2025-12-22 10:40:16,2025-12-22T10:40:16,60.49,1.0,SetByAsk
2025-12-22 10:40:53,2025-12-22T10:40:53,60.5,1.0,SetByBid
2025-12-22 10:40:53,2025-12-22T10:40:53,60.5,1.0,SetByBid
2025-12-22 10:40:54,2025-12-22T10:40:54,60.5,1.0,SetByAsk
2025-12-22 10:40:54,2025-12-22T10:40:54,60.5,1.0,SetByBid
2025-12-22 10:40:56,2025-12-22T10:40:56,60.51,1.0,SetByBid
2025-12-22 10:40:56,2025-12-22T10:40:56,60.51,1.0,SetByBid
2025-12-22 10:40:56,2025-12-22T10:40:56,60.51,1.0,SetByBid
2025-12-22 10:40:56,2025-12-22T10:40:56,60.51,1.0,SetByBid
2025-12-22 10:40:56,2025-12-22T10:40:56,60.51,1.0,SetByBid
2025-12-22 10:40:56,2025-12-22T10:40:56,60.51,1.0,SetByBid
2025-12-22 10:40:56,2025-12-22T10:40:56,60.52,1.0,SetByBid
2025-12-22 10:40:56,2025-12-22T10:40:56,60.51,1.0,"SetByBid, Leg"
2025-12-22 10:40:56,2025-12-22T10:40:56,60.52,1.0,"SetByBid, Leg"
2025-12-22 10:40:56,2025-12-22T10:40:56,60.52,1.0,SetByBid
2025-12-22 10:40:56,2025-12-22T10:40:56,60.52,1.0,SetByBid
2025-12-22 10:40:56,2025-12-22T10:40:56,60.52,1.0,SetByBid
2025-12-22 10:40:56,2025-12-22T10:40:56,60.52,1.0,SetByBid
2025-12-22 10:40:56,2025-12-22T10:40:56,60.52,1.0,SetByBid
2025-12-22 10:40:56,2025-12-22T10:40:56,60.52,1.0,SetByBid
2025-12-22 10:40:56,2025-12-22T10:40:56,60.52,1.0,SetByBid
2025-12-22 10:40:56,2025-12-22T10:40:56,60.52,1.0,SetByBid
2025-12-22 10:40:56,2025-12-22T10:40:56,60.52,1.0,SetByBid
2025-12-22 10:40:56,2025-12-22T10:40:56,60.52,1.0,SetByBid
2025-12-22 10:40:56,2025-12-22T10:40:56,60.52,1.0,SetByBid
2025-12-22 10:40:56,2025-12-22T10:40:56,60.52,1.0,SetByBid
2025-12-22 10:40:56,2025-12-22T10:40:56,60.51,1.0,SetByBid
2025-12-22 10:40:56,2025-12-22T10:40:56,60.51,1.0,SetByBid
2025-12-22 10:40:56,2025-12-22T10:40:56,60.51,1.0,SetByBid
2025-12-22 10:40:56,2025-12-22T10:40:56,60.51,1.0,"SetByBid, Leg"
2025-12-22 10:40:56,2025-12-22T10:40:56,60.52,1.0,"SetByBid, Leg"
2025-12-22 10:40:56,2025-12-22T10:40:56,60.52,1.0,SetByBid
2025-12-22 10:40:56,2025-12-22T10:40:56,60.52,1.0,SetByBid
2025-12-22 10:40:56,2025-12-22T10:40:56,60.52,1.0,SetByBid
2025-12-22 10:40:56,2025-12-22T10:40:56,60.52,1.0,SetByBid
2025-12-22 10:40:56,2025-12-22T10:40:56,60.52,1.0,SetByBid
2025-12-22 10:40:56,2025-12-22T10:40:56,60.52,1.0,SetByBid
2025-12-22 10:40:56,2025-12-22T10:40:56,60.52,1.0,SetByBid
2025-12-22 10:40:56,2025-12-22T10:40:56,60.52,1.0,SetByBid
2025-12-22 10:40:56,2025-12-22T10:40:56,60.52,1.0,SetByBid
2025-12-22 10:40:56,2025-12-22T10:40:56,60.52,1.0,SetByBid
2025-12-22 10:40:56,2025-12-22T10:40:56,60.52,1.0,SetByBid
2025-12-22 10:40:56,2025-12-22T10:40:56,60.52,1.0,SetByBid
2025-12-22 10:40:56,2025-12-22T10:40:56,60.52,1.0,SetByBid
2025-12-22 10:40:56,2025-12-22T10:40:56,60.52,1.0,SetByBid
2025-12-22 10:40:56,2025-12-22T10:40:56,60.52,1.0,SetByBid
2025-12-22 10:40:56,2025-12-22T10:40:56,60.52,1.0,SetByBid
2025-12-22 10:40:56,2025-12-22T10:40:56,60.52,2.0,SetByBid
2025-12-22 10:40:56,2025-12-22T10:40:56,60.52,1.0,SetByBid
2025-12-22 10:40:56,2025-12-22T10:40:56,60.52,1.0,SetByBid
2025-12-22 10:40:56,2025-12-22T10:40:56,60.52,1.0,SetByBid
2025-12-22 10:40:56,2025-12-22T10:40:56,60.52,1.0,SetByBid
2025-12-22 10:40:56,2025-12-22T10:40:56,60.52,1.0,SetByBid
2025-12-22 10:41:02,2025-12-22T10:41:02,60.51,1.0,SetByBid
2025-12-22 10:41:02,2025-12-22T10:41:02,60.52,1.0,SetByBid
2025-12-22 10:41:02,2025-12-22T10:41:02,60.52,1.0,SetByBid
2025-12-22 10:41:02,2025-12-22T10:41:02,60.52,1.0,SetByBid
2025-12-22 10:41:02,2025-12-22T10:41:02,60.52,1.0,SetByBid
2025-12-22 10:41:11,2025-12-22T10:41:11,60.5,1.0,SetByAsk
2025-12-22 10:41:11,2025-12-22T10:41:11,60.5,1.0,SetByAsk
2025-12-22 10:42:50,2025-12-22T10:42:50,60.51,1.0,SetByBid
2025-12-22 10:42:50,2025-12-22T10:42:50,60.51,1.0,SetByBid
2025-12-22 10:43:18,2025-12-22T10:43:18,60.52,1.0,SetByBid
2025-12-22 10:43:18,2025-12-22T10:43:18,60.52,1.0,SetByBid
2025-12-22 10:43:18,2025-12-22T10:43:18,60.52,1.0,SetByBid
2025-12-22 10:43:18,2025-12-22T10:43:18,60.52,1.0,SetByBid
2025-12-22 10:43:18,2025-12-22T10:43:18,60.52,1.0,SetByBid
2025-12-22 10:43:18,2025-12-22T10:43:18,60.52,1.0,SetByBid
2025-12-22 10:43:18,2025-12-22T10:43:18,60.52,1.0,SetByBid
2025-12-22 10:43:18,2025-12-22T10:43:18,60.52,1.0,SetByBid
2025-12-22 10:43:18,2025-12-22T10:43:18,60.52,1.0,SetByBid
2025-12-22 10:43:18,2025-12-22T10:43:18,60.52,1.0,SetByBid
2025-12-22 10:43:18,2025-12-22T10:43:18,60.52,1.0,SetByBid
2025-12-22 10:43:18,2025-12-22T10:43:18,60.52,1.0,SetByBid
2025-12-22 10:43:18,2025-12-22T10:43:18,60.52,2.0,SetByBid
2025-12-22 10:43:18,2025-12-22T10:43:18,60.52,1.0,SetByBid
2025-12-22 10:43:18,2025-12-22T10:43:18,60.52,1.0,SetByBid
2025-12-22 10:43:18,2025-12-22T10:43:18,60.52,1.0,SetByBid
2025-12-22 10:43:18,2025-12-22T10:43:18,60.52,1.0,SetByBid
2025-12-22 10:43:18,2025-12-22T10:43:18,60.52,1.0,SetByBid
2025-12-22 10:43:28,2025-12-22T10:43:28,60.51,1.0,SetByAsk
2025-12-22 10:43:46,2025-12-22T10:43:46,60.51,2.0,SetByBid
2025-12-22 10:43:46,2025-12-22T10:43:46,60.52,1.0,SetByBid
2025-12-22 10:43:46,2025-12-22T10:43:46,60.51,1.0,SetByAsk
2025-12-22 10:43:46,2025-12-22T10:43:46,60.52,1.0,SetByBid
2025-12-22 10:45:48,2025-12-22T10:45:48,60.51,1.0,SetByBid
2025-12-22 10:45:48,2025-12-22T10:45:48,60.52,1.0,SetByBid
2025-12-22 10:45:48,2025-12-22T10:45:48,60.52,1.0,SetByBid
2025-12-22 10:45:48,2025-12-22T10:45:48,60.52,1.0,SetByBid
2025-12-22 10:45:48,2025-12-22T10:45:48,60.52,2.0,SetByBid
2025-12-22 10:45:48,2025-12-22T10:45:48,60.52,1.0,SetByBid
2025-12-22 10:45:48,2025-12-22T10:45:48,60.52,1.0,SetByBid
2025-12-22 10:45:48,2025-12-22T10:45:48,60.52,1.0,SetByBid
2025-12-22 10:45:48,2025-12-22T10:45:48,60.52,1.0,SetByBid
2025-12-22 10:45:48,2025-12-22T10:45:48,60.52,1.0,SetByBid
2025-12-22 10:45:48,2025-12-22T10:45:48,60.52,2.0,SetByBid
2025-12-22 10:45:48,2025-12-22T10:45:48,60.52,1.0,SetByBid
2025-12-22 10:45:48,2025-12-22T10:45:48,60.52,2.0,SetByBid
2025-12-22 10:45:48,2025-12-22T10:45:48,60.52,1.0,SetByBid
2025-12-22 10:45:48,2025-12-22T10:45:48,60.52,2.0,SetByBid
2025-12-22 10:45:48,2025-12-22T10:45:48,60.52,1.0,SetByBid
2025-12-22 10:45:48,2025-12-22T10:45:48,60.52,1.0,SetByBid
2025-12-22 10:45:48,2025-12-22T10:45:48,60.52,1.0,SetByBid
2025-12-22 10:45:48,2025-12-22T10:45:48,60.52,1.0,SetByBid
2025-12-22 10:45:48,2025-12-22T10:45:48,60.52,1.0,SetByBid
2025-12-22 10:45:48,2025-12-22T10:45:48,60.52,1.0,SetByBid
2025-12-22 10:45:48,2025-12-22T10:45:48,60.52,1.0,SetByBid
2025-12-22 10:45:48,2025-12-22T10:45:48,60.52,1.0,SetByBid
2025-12-22 10:46:06,2025-12-22T10:46:06,60.52,1.0,SetByBid
2025-12-22 10:46:06,2025-12-22T10:46:06,60.52,1.0,SetByBid
2025-12-22 10:46:06,2025-12-22T10:46:06,60.52,1.0,SetByBid
2025-12-22 10:46:06,2025-12-22T10:46:06,60.52,1.0,SetByBid
2025-12-22 10:46:06,2025-12-22T10:46:06,60.52,1.0,SetByBid
2025-12-22 10:46:06,2025-12-22T10:46:06,60.52,1.0,SetByBid
2025-12-22 10:46:06,2025-12-22T10:46:06,60.52,1.0,SetByBid
2025-12-22 10:46:30,2025-12-22T10:46:30,60.52,1.0,SetByBid
2025-12-22 10:46:30,2025-12-22T10:46:30,60.52,1.0,SetByBid
2025-12-22 10:46:30,2025-12-22T10:46:30,60.52,1.0,SetByBid
2025-12-22 10:46:30,2025-12-22T10:46:30,60.52,1.0,SetByBid
2025-12-22 10:46:30,2025-12-22T10:46:30,60.52,2.0,SetByBid
2025-12-22 10:46:30,2025-12-22T10:46:30,60.52,1.0,SetByBid
2025-12-22 10:46:30,2025-12-22T10:46:30,60.52,1.0,SetByBid
2025-12-22 10:46:31,2025-12-22T10:46:31,60.55,1.0,SetByBid
2025-12-22 10:46:31,2025-12-22T10:46:31,60.55,1.0,SetByBid
2025-12-22 10:46:31,2025-12-22T10:46:31,60.55,1.0,SetByBid
2025-12-22 10:46:31,2025-12-22T10:46:31,60.55,1.0,SetByBid
2025-12-22 10:46:31,2025-12-22T10:46:31,60.55,1.0,SetByBid
2025-12-22 10:46:31,2025-12-22T10:46:31,60.55,1.0,SetByBid
2025-12-22 10:46:31,2025-12-22T10:46:31,60.55,1.0,SetByBid
2025-12-22 10:46:31,2025-12-22T10:46:31,60.55,1.0,SetByBid
2025-12-22 10:46:31,2025-12-22T10:46:31,60.55,1.0,SetByBid
2025-12-22 10:46:31,2025-12-22T10:46:31,60.55,1.0,SetByBid
2025-12-22 10:46:31,2025-12-22T10:46:31,60.55,1.0,SetByBid
2025-12-22 10:46:51,2025-12-22T10:46:51,60.54,1.0,SetByBid
2025-12-22 10:47:00,2025-12-22T10:47:00,60.54,1.0,SetByBid
2025-12-22 10:47:01,2025-12-22T10:47:01,60.54,1.0,SetByBid
2025-12-22 10:47:01,2025-12-22T10:47:01,60.54,1.0,SetByBid
2025-12-22 10:47:02,2025-12-22T10:47:02,60.54,1.0,SetByBid
2025-12-22 10:47:02,2025-12-22T10:47:02,60.54,1.0,SetByBid
2025-12-22 10:47:16,2025-12-22T10:47:16,60.55,1.0,SetByBid
2025-12-22 10:47:16,2025-12-22T10:47:16,60.55,1.0,SetByBid
2025-12-22 10:47:16,2025-12-22T10:47:16,60.55,1.0,SetByBid
2025-12-22 10:47:16,2025-12-22T10:47:16,60.55,1.0,SetByBid
2025-12-22 10:47:16,2025-12-22T10:47:16,60.55,1.0,SetByBid
2025-12-22 10:47:16,2025-12-22T10:47:16,60.55,1.0,SetByBid
2025-12-22 10:47:16,2025-12-22T10:47:16,60.55,1.0,SetByBid
2025-12-22 10:47:16,2025-12-22T10:47:16,60.55,1.0,SetByBid
2025-12-22 10:47:16,2025-12-22T10:47:16,60.55,1.0,SetByBid
2025-12-22 10:47:16,2025-12-22T10:47:16,60.55,1.0,SetByBid
2025-12-22 10:47:16,2025-12-22T10:47:16,60.55,1.0,SetByBid
2025-12-22 10:47:16,2025-12-22T10:47:16,60.55,1.0,SetByBid
2025-12-22 10:47:16,2025-12-22T10:47:16,60.55,1.0,SetByBid
2025-12-22 10:47:16,2025-12-22T10:47:16,60.55,1.0,SetByBid
2025-12-22 10:47:16,2025-12-22T10:47:16,60.55,1.0,SetByBid
2025-12-22 10:47:25,2025-12-22T10:47:25,60.55,1.0,SetByBid
2025-12-22 10:47:25,2025-12-22T10:47:25,60.55,1.0,SetByBid
2025-12-22 10:47:25,2025-12-22T10:47:25,60.55,1.0,SetByBid
2025-12-22 10:47:25,2025-12-22T10:47:25,60.55,1.0,SetByBid
2025-12-22 10:47:25,2025-12-22T10:47:25,60.55,1.0,SetByBid
2025-12-22 10:47:25,2025-12-22T10:47:25,60.55,1.0,SetByBid
2025-12-22 10:47:25,2025-12-22T10:47:25,60.55,1.0,SetByBid
2025-12-22 10:47:25,2025-12-22T10:47:25,60.55,1.0,SetByBid
2025-12-22 10:47:25,2025-12-22T10:47:25,60.55,1.0,SetByBid
2025-12-22 10:47:25,2025-12-22T10:47:25,60.55,1.0,SetByBid
2025-12-22 10:47:25,2025-12-22T10:47:25,60.55,4.0,SetByBid
2025-12-22 10:47:25,2025-12-22T10:47:25,60.55,1.0,SetByBid
2025-12-22 10:47:25,2025-12-22T10:47:25,60.55,1.0,SetByBid
2025-12-22 10:47:25,2025-12-22T10:47:25,60.55,1.0,SetByBid
2025-12-22 10:47:25,2025-12-22T10:47:25,60.55,1.0,SetByBid
2025-12-22 10:47:25,2025-12-22T10:47:25,60.55,1.0,SetByBid
2025-12-22 10:47:25,2025-12-22T10:47:25,60.55,1.0,SetByBid
2025-12-22 10:47:25,2025-12-22T10:47:25,60.55,1.0,SetByBid
2025-12-22 10:47:25,2025-12-22T10:47:25,60.55,1.0,SetByBid
2025-12-22 10:47:25,2025-12-22T10:47:25,60.55,1.0,SetByBid
2025-12-22 10:47:25,2025-12-22T10:47:25,60.55,1.0,SetByBid
2025-12-22 10:47:25,2025-12-22T10:47:25,60.55,1.0,SetByBid
2025-12-22 10:47:25,2025-12-22T10:47:25,60.55,1.0,SetByBid
2025-12-22 10:47:25,2025-12-22T10:47:25,60.55,1.0,SetByBid
2025-12-22 10:47:25,2025-12-22T10:47:25,60.55,1.0,SetByBid
2025-12-22 10:47:25,2025-12-22T10:47:25,60.55,1.0,SetByBid
2025-12-22 10:47:25,2025-12-22T10:47:25,60.55,1.0,SetByBid
2025-12-22 10:47:25,2025-12-22T10:47:25,60.55,1.0,SetByBid
2025-12-22 10:47:25,2025-12-22T10:47:25,60.56,1.0,SetByBid
2025-12-22 10:47:25,2025-12-22T10:47:25,60.55,1.0,"SetByBid, Leg"
2025-12-22 10:47:25,2025-12-22T10:47:25,60.56,1.0,"SetByBid, Leg"
2025-12-22 10:48:30,2025-12-22T10:48:30,60.54,1.0,SetByAsk
2025-12-22 10:48:31,2025-12-22T10:48:31,60.55,1.0,SetByBid
2025-12-22 10:48:31,2025-12-22T10:48:31,60.55,1.0,SetByBid
2025-12-22 10:48:32,2025-12-22T10:48:32,60.55,1.0,SetByBid
2025-12-22 10:48:32,2025-12-22T10:48:32,60.55,1.0,SetByBid
2025-12-22 10:48:33,2025-12-22T10:48:33,60.55,1.0,SetByBid
2025-12-22 10:48:33,2025-12-22T10:48:33,60.55,1.0,SetByBid
2025-12-22 10:48:34,2025-12-22T10:48:34,60.55,1.0,SetByBid
2025-12-22 10:48:34,2025-12-22T10:48:34,60.55,1.0,SetByBid
2025-12-22 10:48:37,2025-12-22T10:48:37,60.55,1.0,SetByBid
2025-12-22 10:48:38,2025-12-22T10:48:38,60.56,1.0,SetByBid
2025-12-22 10:48:38,2025-12-22T10:48:38,60.56,1.0,SetByBid
2025-12-22 10:48:39,2025-12-22T10:48:39,60.56,1.0,SetByBid
2025-12-22 10:48:39,2025-12-22T10:48:39,60.56,1.0,SetByBid
2025-12-22 10:48:40,2025-12-22T10:48:40,60.56,1.0,SetByBid
2025-12-22 10:48:40,2025-12-22T10:48:40,60.56,1.0,SetByBid
2025-12-22 10:48:41,2025-12-22T10:48:41,60.56,1.0,SetByBid
2025-12-22 10:48:42,2025-12-22T10:48:42,60.56,1.0,SetByBid
2025-12-22 10:48:42,2025-12-22T10:48:42,60.56,1.0,SetByBid
2025-12-22 10:48:43,2025-12-22T10:48:43,60.56,1.0,SetByBid
2025-12-22 10:51:17,2025-12-22T10:51:17,60.56,1.0,SetByBid
2025-12-22 10:51:17,2025-12-22T10:51:17,60.56,1.0,SetByBid
2025-12-22 10:51:17,2025-12-22T10:51:17,60.56,1.0,SetByBid
2025-12-22 10:51:17,2025-12-22T10:51:17,60.56,1.0,SetByBid
2025-12-22 10:51:17,2025-12-22T10:51:17,60.56,1.0,SetByBid
2025-12-22 10:51:17,2025-12-22T10:51:17,60.56,1.0,SetByBid
2025-12-22 10:51:17,2025-12-22T10:51:17,60.56,1.0,SetByBid
2025-12-22 10:51:17,2025-12-22T10:51:17,60.56,1.0,SetByBid
2025-12-22 10:51:17,2025-12-22T10:51:17,60.56,1.0,SetByBid
2025-12-22 10:51:17,2025-12-22T10:51:17,60.56,1.0,SetByBid
2025-12-22 10:51:17,2025-12-22T10:51:17,60.56,1.0,SetByBid
2025-12-22 10:51:17,2025-12-22T10:51:17,60.56,1.0,SetByAsk
2025-12-22 10:51:17,2025-12-22T10:51:17,60.57,1.0,SetByBid
2025-12-22 10:51:17,2025-12-22T10:51:17,60.57,1.0,SetByBid
2025-12-22 10:51:17,2025-12-22T10:51:17,60.57,1.0,SetByBid
2025-12-22 10:51:17,2025-12-22T10:51:17,60.57,1.0,SetByBid
2025-12-22 10:51:17,2025-12-22T10:51:17,60.57,1.0,SetByBid
2025-12-22 10:51:17,2025-12-22T10:51:17,60.57,1.0,SetByBid
2025-12-22 10:51:17,2025-12-22T10:51:17,60.57,1.0,SetByBid
2025-12-22 10:51:17,2025-12-22T10:51:17,60.57,1.0,SetByBid
2025-12-22 10:51:17,2025-12-22T10:51:17,60.57,1.0,SetByBid
2025-12-22 10:51:17,2025-12-22T10:51:17,60.57,1.0,SetByBid
2025-12-22 10:51:17,2025-12-22T10:51:17,60.57,1.0,SetByBid
2025-12-22 10:51:17,2025-12-22T10:51:17,60.57,2.0,SetByBid
2025-12-22 10:51:17,2025-12-22T10:51:17,60.57,3.0,SetByBid
2025-12-22 10:51:17,2025-12-22T10:51:17,60.57,1.0,SetByBid
2025-12-22 10:51:17,2025-12-22T10:51:17,60.57,1.0,SetByBid
2025-12-22 10:51:17,2025-12-22T10:51:17,60.57,1.0,SetByBid
2025-12-22 10:51:17,2025-12-22T10:51:17,60.57,2.0,SetByBid
2025-12-22 10:51:17,2025-12-22T10:51:17,60.57,1.0,SetByBid
2025-12-22 10:51:17,2025-12-22T10:51:17,60.57,1.0,SetByAsk
2025-12-22 10:51:17,2025-12-22T10:51:17,60.56,1.0,SetByAsk
2025-12-22 10:51:17,2025-12-22T10:51:17,60.57,1.0,SetByAsk
2025-12-22 10:51:17,2025-12-22T10:51:17,60.57,1.0,SetByAsk
2025-12-22 10:51:17,2025-12-22T10:51:17,60.57,1.0,SetByBid
2025-12-22 10:51:17,2025-12-22T10:51:17,60.57,1.0,SetByBid
2025-12-22 10:51:17,2025-12-22T10:51:17,60.57,1.0,SetByBid
2025-12-22 10:51:17,2025-12-22T10:51:17,60.57,1.0,SetByBid
2025-12-22 10:51:17,2025-12-22T10:51:17,60.57,1.0,SetByBid
2025-12-22 10:51:17,2025-12-22T10:51:17,60.57,2.0,SetByAsk
2025-12-22 10:51:17,2025-12-22T10:51:17,60.57,2.0,SetByAsk
2025-12-22 10:51:18,2025-12-22T10:51:18,60.57,3.0,SetByAsk
2025-12-22 10:51:18,2025-12-22T10:51:18,60.57,3.0,SetByAsk
2025-12-22 10:51:18,2025-12-22T10:51:18,60.57,3.0,SetByAsk
2025-12-22 10:51:18,2025-12-22T10:51:18,60.57,2.0,SetByAsk
2025-12-22 10:51:18,2025-12-22T10:51:18,60.57,1.0,SetByAsk
2025-12-22 10:51:18,2025-12-22T10:51:18,60.57,2.0,SetByAsk
2025-12-22 10:51:18,2025-12-22T10:51:18,60.57,1.0,SetByAsk
2025-12-22 10:51:18,2025-12-22T10:51:18,60.57,1.0,SetByAsk
2025-12-22 10:51:19,2025-12-22T10:51:19,60.57,1.0,"SetByBid, Leg"
2025-12-22 10:51:19,2025-12-22T10:51:19,60.58,1.0,"SetByBid, Leg"
2025-12-22 10:51:19,2025-12-22T10:51:19,60.58,1.0,SetByBid
2025-12-22 10:51:19,2025-12-22T10:51:19,60.58,1.0,SetByBid
2025-12-22 10:51:19,2025-12-22T10:51:19,60.58,1.0,SetByBid
2025-12-22 10:51:19,2025-12-22T10:51:19,60.58,1.0,SetByBid
2025-12-22 10:51:19,2025-12-22T10:51:19,60.58,1.0,SetByBid
2025-12-22 10:51:19,2025-12-22T10:51:19,60.58,1.0,SetByBid
2025-12-22 10:51:19,2025-12-22T10:51:19,60.58,1.0,SetByBid
2025-12-22 10:51:19,2025-12-22T10:51:19,60.58,1.0,SetByBid
2025-12-22 10:51:19,2025-12-22T10:51:19,60.58,1.0,SetByBid
2025-12-22 10:51:19,2025-12-22T10:51:19,60.58,1.0,SetByBid
2025-12-22 10:51:19,2025-12-22T10:51:19,60.58,1.0,SetByBid
2025-12-22 10:51:19,2025-12-22T10:51:19,60.58,1.0,SetByBid
2025-12-22 10:51:19,2025-12-22T10:51:19,60.58,1.0,SetByBid
2025-12-22 10:51:19,2025-12-22T10:51:19,60.58,1.0,SetByBid
2025-12-22 10:51:19,2025-12-22T10:51:19,60.58,1.0,SetByBid
2025-12-22 10:51:19,2025-12-22T10:51:19,60.58,1.0,SetByBid
2025-12-22 10:51:19,2025-12-22T10:51:19,60.58,1.0,SetByBid
2025-12-22 10:51:28,2025-12-22T10:51:28,60.57,1.0,SetByAsk
2025-12-22 10:52:20,2025-12-22T10:52:20,60.58,1.0,SetByBid
2025-12-22 10:53:01,2025-12-22T10:53:01,60.57,1.0,SetByAsk
2025-12-22 10:54:55,2025-12-22T10:54:55,60.54,1.0,SetByBid
2025-12-22 10:54:55,2025-12-22T10:54:55,60.55,1.0,SetByBid
2025-12-22 10:54:55,2025-12-22T10:54:55,60.55,1.0,SetByBid
2025-12-22 10:54:55,2025-12-22T10:54:55,60.55,1.0,SetByBid
2025-12-22 10:54:55,2025-12-22T10:54:55,60.55,1.0,SetByBid
2025-12-22 10:54:55,2025-12-22T10:54:55,60.55,1.0,SetByBid
2025-12-22 10:54:55,2025-12-22T10:54:55,60.55,1.0,SetByBid
2025-12-22 10:54:55,2025-12-22T10:54:55,60.55,1.0,SetByBid
2025-12-22 10:54:55,2025-12-22T10:54:55,60.55,1.0,SetByBid
2025-12-22 10:54:55,2025-12-22T10:54:55,60.55,1.0,SetByBid
2025-12-22 10:54:55,2025-12-22T10:54:55,60.55,1.0,SetByBid
2025-12-22 10:54:55,2025-12-22T10:54:55,60.55,1.0,SetByBid
2025-12-22 10:54:55,2025-12-22T10:54:55,60.55,1.0,SetByBid
2025-12-22 10:54:55,2025-12-22T10:54:55,60.55,1.0,SetByBid
2025-12-22 10:54:55,2025-12-22T10:54:55,60.55,2.0,SetByBid
2025-12-22 10:54:55,2025-12-22T10:54:55,60.55,1.0,SetByBid
2025-12-22 10:54:55,2025-12-22T10:54:55,60.55,1.0,SetByBid
2025-12-22 10:54:55,2025-12-22T10:54:55,60.55,1.0,SetByBid
2025-12-22 10:54:55,2025-12-22T10:54:55,60.55,2.0,SetByBid
2025-12-22 10:54:55,2025-12-22T10:54:55,60.55,2.0,SetByBid
2025-12-22 10:54:55,2025-12-22T10:54:55,60.55,1.0,SetByBid
2025-12-22 10:54:55,2025-12-22T10:54:55,60.55,1.0,SetByAsk
2025-12-22 10:54:55,2025-12-22T10:54:55,60.55,1.0,SetByBid
2025-12-22 10:54:55,2025-12-22T10:54:55,60.55,1.0,SetByAsk
2025-12-22 10:54:55,2025-12-22T10:54:55,60.55,3.0,SetByAsk
2025-12-22 10:54:55,2025-12-22T10:54:55,60.55,4.0,SetByAsk
2025-12-22 10:54:55,2025-12-22T10:54:55,60.55,1.0,SetByAsk
2025-12-22 10:54:55,2025-12-22T10:54:55,60.55,2.0,SetByAsk
2025-12-22 10:54:55,2025-12-22T10:54:55,60.55,1.0,SetByAsk
2025-12-22 10:54:55,2025-12-22T10:54:55,60.55,4.0,SetByAsk
2025-12-22 10:54:55,2025-12-22T10:54:55,60.55,1.0,SetByBid
2025-12-22 10:54:55,2025-12-22T10:54:55,60.56,1.0,SetByBid
2025-12-22 10:54:55,2025-12-22T10:54:55,60.56,1.0,SetByBid
2025-12-22 10:54:55,2025-12-22T10:54:55,60.56,1.0,SetByBid
2025-12-22 10:54:55,2025-12-22T10:54:55,60.56,1.0,SetByBid
2025-12-22 10:54:55,2025-12-22T10:54:55,60.56,1.0,SetByBid
2025-12-22 10:54:56,2025-12-22T10:54:56,60.56,1.0,SetByBid
2025-12-22 10:54:56,2025-12-22T10:54:56,60.56,1.0,SetByBid
2025-12-22 10:54:56,2025-12-22T10:54:56,60.56,1.0,SetByBid
2025-12-22 10:54:56,2025-12-22T10:54:56,60.56,1.0,SetByBid
2025-12-22 10:54:56,2025-12-22T10:54:56,60.56,1.0,SetByBid
2025-12-22 10:54:56,2025-12-22T10:54:56,60.56,1.0,SetByBid
2025-12-22 10:54:56,2025-12-22T10:54:56,60.56,1.0,SetByBid
2025-12-22 10:54:56,2025-12-22T10:54:56,60.56,1.0,SetByBid
2025-12-22 10:54:56,2025-12-22T10:54:56,60.56,1.0,SetByBid
2025-12-22 10:54:56,2025-12-22T10:54:56,60.56,1.0,SetByBid
2025-12-22 10:54:56,2025-12-22T10:54:56,60.56,1.0,SetByBid
2025-12-22 10:54:56,2025-12-22T10:54:56,60.56,1.0,SetByBid
2025-12-22 10:54:56,2025-12-22T10:54:56,60.55,2.0,SetByAsk
2025-12-22 10:54:56,2025-12-22T10:54:56,60.55,1.0,SetByAsk
2025-12-22 10:54:56,2025-12-22T10:54:56,60.55,1.0,SetByAsk
2025-12-22 10:54:56,2025-12-22T10:54:56,60.55,1.0,SetByAsk
2025-12-22 10:54:56,2025-12-22T10:54:56,60.55,1.0,SetByAsk
2025-12-22 10:54:56,2025-12-22T10:54:56,60.55,2.0,SetByAsk
2025-12-22 10:54:56,2025-12-22T10:54:56,60.55,1.0,SetByAsk
2025-12-22 10:55:30,2025-12-22T10:55:30,60.53,1.0,SetByAsk
2025-12-22 10:55:30,2025-12-22T10:55:30,60.53,1.0,SetByAsk
2025-12-22 10:56:35,2025-12-22T10:56:35,60.52,1.0,SetByAsk
2025-12-22 10:56:35,2025-12-22T10:56:35,60.52,1.0,SetByAsk
2025-12-22 10:56:35,2025-12-22T10:56:35,60.52,1.0,SetByAsk
2025-12-22 10:56:58,2025-12-22T10:56:58,60.52,1.0,SetByAsk
2025-12-22 10:56:59,2025-12-22T10:56:59,60.51,1.0,SetByAsk
2025-12-22 10:56:59,2025-12-22T10:56:59,60.51,1.0,SetByAsk
2025-12-22 10:56:59,2025-12-22T10:56:59,60.51,1.0,SetByAsk
2025-12-22 10:56:59,2025-12-22T10:56:59,60.51,1.0,SetByAsk
2025-12-22 10:57:16,2025-12-22T10:57:16,60.52,1.0,SetByAsk
2025-12-22 10:57:36,2025-12-22T10:57:36,60.53,1.0,SetByBid
2025-12-22 10:57:36,2025-12-22T10:57:36,60.53,1.0,SetByBid
2025-12-22 10:57:36,2025-12-22T10:57:36,60.53,1.0,SetByBid
2025-12-22 10:57:36,2025-12-22T10:57:36,60.53,1.0,SetByBid
2025-12-22 10:57:36,2025-12-22T10:57:36,60.53,1.0,SetByBid
2025-12-22 10:57:36,2025-12-22T10:57:36,60.53,1.0,SetByBid
2025-12-22 10:57:36,2025-12-22T10:57:36,60.53,1.0,SetByBid
2025-12-22 10:57:36,2025-12-22T10:57:36,60.53,1.0,SetByBid
2025-12-22 10:57:36,2025-12-22T10:57:36,60.53,1.0,SetByBid
2025-12-22 10:57:36,2025-12-22T10:57:36,60.53,3.0,SetByBid
2025-12-22 10:57:36,2025-12-22T10:57:36,60.53,5.0,SetByBid
2025-12-22 10:57:36,2025-12-22T10:57:36,60.53,3.0,SetByBid
2025-12-22 10:57:36,2025-12-22T10:57:36,60.53,1.0,SetByBid
2025-12-22 10:57:36,2025-12-22T10:57:36,60.53,1.0,SetByBid
2025-12-22 10:57:36,2025-12-22T10:57:36,60.53,1.0,SetByBid
2025-12-22 10:57:36,2025-12-22T10:57:36,60.53,1.0,SetByBid
2025-12-22 10:57:36,2025-12-22T10:57:36,60.53,2.0,SetByBid
2025-12-22 10:57:36,2025-12-22T10:57:36,60.53,1.0,SetByBid
2025-12-22 10:57:36,2025-12-22T10:57:36,60.53,2.0,SetByBid
2025-12-22 10:57:36,2025-12-22T10:57:36,60.53,2.0,SetByBid
2025-12-22 10:57:36,2025-12-22T10:57:36,60.53,1.0,SetByBid
2025-12-22 10:57:36,2025-12-22T10:57:36,60.53,1.0,SetByBid
2025-12-22 10:57:36,2025-12-22T10:57:36,60.53,1.0,SetByBid
2025-12-22 10:57:36,2025-12-22T10:57:36,60.53,1.0,SetByBid
2025-12-22 10:57:36,2025-12-22T10:57:36,60.53,1.0,SetByBid
2025-12-22 10:57:36,2025-12-22T10:57:36,60.53,1.0,SetByBid
2025-12-22 10:57:36,2025-12-22T10:57:36,60.53,3.0,SetByBid
2025-12-22 10:57:36,2025-12-22T10:57:36,60.53,1.0,SetByBid
2025-12-22 10:57:36,2025-12-22T10:57:36,60.53,1.0,SetByBid
2025-12-22 10:57:36,2025-12-22T10:57:36,60.53,1.0,SetByBid
2025-12-22 10:57:36,2025-12-22T10:57:36,60.53,2.0,SetByBid
2025-12-22 10:57:36,2025-12-22T10:57:36,60.53,1.0,SetByBid
2025-12-22 10:57:36,2025-12-22T10:57:36,60.53,1.0,SetByBid
2025-12-22 10:57:36,2025-12-22T10:57:36,60.53,1.0,SetByBid
2025-12-22 10:57:36,2025-12-22T10:57:36,60.53,1.0,SetByBid
2025-12-22 10:57:36,2025-12-22T10:57:36,60.53,1.0,SetByBid
2025-12-22 10:57:36,2025-12-22T10:57:36,60.53,3.0,SetByBid
2025-12-22 10:57:36,2025-12-22T10:57:36,60.53,1.0,SetByBid
2025-12-22 10:57:36,2025-12-22T10:57:36,60.54,1.0,SetByBid
2025-12-22 10:57:36,2025-12-22T10:57:36,60.54,1.0,SetByBid
2025-12-22 10:57:36,2025-12-22T10:57:36,60.54,1.0,SetByBid
2025-12-22 10:57:36,2025-12-22T10:57:36,60.54,1.0,SetByBid
2025-12-22 10:57:36,2025-12-22T10:57:36,60.54,1.0,SetByBid
2025-12-22 10:57:36,2025-12-22T10:57:36,60.54,1.0,SetByBid
2025-12-22 10:57:36,2025-12-22T10:57:36,60.53,1.0,SetByBid
2025-12-22 10:57:36,2025-12-22T10:57:36,60.53,1.0,SetByBid
2025-12-22 10:57:36,2025-12-22T10:57:36,60.53,1.0,SetByBid
2025-12-22 10:57:36,2025-12-22T10:57:36,60.53,1.0,SetByBid
2025-12-22 10:57:36,2025-12-22T10:57:36,60.54,1.0,SetByBid
2025-12-22 10:57:36,2025-12-22T10:57:36,60.54,1.0,SetByBid
2025-12-22 10:57:37,2025-12-22T10:57:37,60.53,2.0,SetByBid
2025-12-22 10:57:37,2025-12-22T10:57:37,60.54,1.0,SetByBid
2025-12-22 10:57:37,2025-12-22T10:57:37,60.54,1.0,SetByBid
2025-12-22 10:57:37,2025-12-22T10:57:37,60.54,1.0,SetByBid
2025-12-22 10:57:38,2025-12-22T10:57:38,60.54,1.0,SetByBid
2025-12-22 10:57:38,2025-12-22T10:57:38,60.54,2.0,SetByBid
2025-12-22 10:57:38,2025-12-22T10:57:38,60.54,1.0,SetByBid
2025-12-22 10:57:38,2025-12-22T10:57:38,60.54,1.0,SetByBid
2025-12-22 10:57:38,2025-12-22T10:57:38,60.54,1.0,SetByBid
2025-12-22 10:57:38,2025-12-22T10:57:38,60.54,1.0,SetByBid
2025-12-22 10:57:38,2025-12-22T10:57:38,60.54,1.0,SetByBid
2025-12-22 10:57:38,2025-12-22T10:57:38,60.54,1.0,SetByBid
2025-12-22 10:57:38,2025-12-22T10:57:38,60.54,1.0,SetByBid
2025-12-22 10:57:38,2025-12-22T10:57:38,60.54,2.0,SetByBid
2025-12-22 10:57:38,2025-12-22T10:57:38,60.54,2.0,SetByBid
2025-12-22 10:57:38,2025-12-22T10:57:38,60.54,1.0,SetByBid
2025-12-22 10:57:38,2025-12-22T10:57:38,60.54,1.0,SetByBid
2025-12-22 10:57:38,2025-12-22T10:57:38,60.54,1.0,SetByBid
2025-12-22 10:57:38,2025-12-22T10:57:38,60.54,1.0,SetByBid
2025-12-22 10:57:38,2025-12-22T10:57:38,60.54,2.0,SetByBid
2025-12-22 10:57:38,2025-12-22T10:57:38,60.54,1.0,SetByBid
2025-12-22 10:57:38,2025-12-22T10:57:38,60.54,1.0,SetByBid
2025-12-22 10:57:38,2025-12-22T10:57:38,60.54,1.0,SetByBid
2025-12-22 10:57:38,2025-12-22T10:57:38,60.54,1.0,SetByBid
2025-12-22 10:57:38,2025-12-22T10:57:38,60.54,1.0,SetByBid
2025-12-22 10:57:38,2025-12-22T10:57:38,60.54,1.0,SetByBid
2025-12-22 10:57:38,2025-12-22T10:57:38,60.54,1.0,SetByBid
2025-12-22 10:57:38,2025-12-22T10:57:38,60.54,1.0,SetByBid
2025-12-22 10:57:38,2025-12-22T10:57:38,60.54,2.0,SetByBid
2025-12-22 10:57:38,2025-12-22T10:57:38,60.54,2.0,SetByBid
2025-12-22 10:57:38,2025-12-22T10:57:38,60.54,1.0,SetByBid
2025-12-22 10:57:38,2025-12-22T10:57:38,60.54,2.0,SetByBid
2025-12-22 10:57:38,2025-12-22T10:57:38,60.54,1.0,SetByAsk
2025-12-22 10:57:38,2025-12-22T10:57:38,60.54,1.0,SetByBid
2025-12-22 10:57:38,2025-12-22T10:57:38,60.54,1.0,SetByBid
2025-12-22 10:57:38,2025-12-22T10:57:38,60.54,1.0,SetByBid
2025-12-22 10:57:38,2025-12-22T10:57:38,60.54,1.0,SetByBid
2025-12-22 10:57:38,2025-12-22T10:57:38,60.54,1.0,SetByAsk
2025-12-22 10:58:22,2025-12-22T10:58:22,60.52,1.0,SetByAsk
2025-12-22 10:58:22,2025-12-22T10:58:22,60.52,1.0,SetByAsk
2025-12-22 10:58:27,2025-12-22T10:58:27,60.52,1.0,SetByAsk
2025-12-22 10:58:27,2025-12-22T10:58:27,60.52,1.0,SetByAsk
2025-12-22 10:58:48,2025-12-22T10:58:48,60.54,1.0,SetByAsk
2025-12-22 10:59:55,2025-12-22T10:59:55,60.54,1.0,SetByAsk
2025-12-22 10:59:56,2025-12-22T10:59:56,60.54,1.0,SetByAsk
2025-12-22 11:00:03,2025-12-22T11:00:03,60.51,1.0,SetByBid
2025-12-22 11:00:03,2025-12-22T11:00:03,60.51,1.0,SetByBid
2025-12-22 11:00:03,2025-12-22T11:00:03,60.52,1.0,SetByBid
2025-12-22 11:00:03,2025-12-22T11:00:03,60.52,1.0,SetByBid
2025-12-22 11:00:03,2025-12-22T11:00:03,60.52,1.0,SetByBid
2025-12-22 11:00:48,2025-12-22T11:00:48,60.5,1.0,SetByBid
2025-12-22 11:00:48,2025-12-22T11:00:48,60.5,1.0,SetByBid
2025-12-22 11:01:13,2025-12-22T11:01:13,60.48,1.0,SetByAsk
2025-12-22 11:02:26,2025-12-22T11:02:26,60.52,1.0,SetByAsk
2025-12-22 11:02:30,2025-12-22T11:02:30,60.53,1.0,SetByBid
2025-12-22 11:02:59,2025-12-22T11:02:59,60.55,1.0,SetByBid
2025-12-22 11:02:59,2025-12-22T11:02:59,60.54,1.0,SetByAsk
2025-12-22 11:03:09,2025-12-22T11:03:09,60.55,1.0,SetByBid
2025-12-22 11:03:47,2025-12-22T11:03:47,60.55,2.0,SetByBid
2025-12-22 11:03:47,2025-12-22T11:03:47,60.55,1.0,SetByBid
2025-12-22 11:03:47,2025-12-22T11:03:47,60.55,1.0,SetByBid
2025-12-22 11:03:47,2025-12-22T11:03:47,60.55,2.0,SetByAsk
2025-12-22 11:03:47,2025-12-22T11:03:47,60.55,1.0,SetByAsk
2025-12-22 11:03:47,2025-12-22T11:03:47,60.55,3.0,SetByAsk
2025-12-22 11:04:32,2025-12-22T11:04:32,60.55,2.0,SetByAsk
2025-12-22 11:05:01,2025-12-22T11:05:01,60.54,1.0,SetByAsk
2025-12-22 11:05:01,2025-12-22T11:05:01,60.55,1.0,SetByBid
2025-12-22 11:05:06,2025-12-22T11:05:06,60.54,1.0,SetByAsk
2025-12-22 11:05:52,2025-12-22T11:05:52,60.53,1.0,SetByBid
2025-12-22 11:05:52,2025-12-22T11:05:52,60.53,1.0,SetByBid
2025-12-22 11:08:13,2025-12-22T11:08:13,60.52,2.0,SetByAsk
2025-12-22 11:09:41,2025-12-22T11:09:41,60.54,1.0,SetByBid
2025-12-22 11:09:59,2025-12-22T11:09:59,60.54,1.0,SetByBid
2025-12-22 11:09:59,2025-12-22T11:09:59,60.54,1.0,SetByBid
2025-12-22 11:10:31,2025-12-22T11:10:31,60.54,1.0,SetByAsk
2025-12-22 11:10:39,2025-12-22T11:10:39,60.55,1.0,SetByAsk
2025-12-22 11:10:39,2025-12-22T11:10:39,60.55,3.0,SetByAsk
2025-12-22 11:10:39,2025-12-22T11:10:39,60.55,1.0,SetByAsk
2025-12-22 11:14:04,2025-12-22T11:14:04,60.55,1.0,SetByAsk
2025-12-22 11:14:27,2025-12-22T11:14:27,60.57,1.0,SetByBid
2025-12-22 11:15:17,2025-12-22T11:15:17,60.57,1.0,SetByAsk
2025-12-22 11:15:17,2025-12-22T11:15:17,60.57,1.0,SetByAsk
2025-12-22 11:15:17,2025-12-22T11:15:17,60.57,1.0,SetByAsk
2025-12-22 11:20:21,2025-12-22T11:20:21,60.53,1.0,SetByAsk
2025-12-22 11:20:21,2025-12-22T11:20:21,60.53,1.0,SetByAsk
2025-12-22 11:20:21,2025-12-22T11:20:21,60.53,1.0,SetByAsk
2025-12-22 11:20:21,2025-12-22T11:20:21,60.53,1.0,SetByAsk
2025-12-22 11:20:21,2025-12-22T11:20:21,60.53,1.0,SetByAsk
2025-12-22 11:20:21,2025-12-22T11:20:21,60.53,1.0,SetByAsk
2025-12-22 11:20:21,2025-12-22T11:20:21,60.53,1.0,SetByAsk
2025-12-22 11:20:21,2025-12-22T11:20:21,60.53,1.0,SetByAsk
2025-12-22 11:22:35,2025-12-22T11:22:35,60.51,1.0,SetByAsk
2025-12-22 11:23:24,2025-12-22T11:23:24,60.51,1.0,SetByBid
2025-12-22 11:23:24,2025-12-22T11:23:24,60.51,3.0,SetByBid
2025-12-22 11:23:24,2025-12-22T11:23:24,60.51,1.0,SetByBid
2025-12-22 11:23:24,2025-12-22T11:23:24,60.51,1.0,SetByBid
2025-12-22 11:23:24,2025-12-22T11:23:24,60.51,2.0,SetByBid
2025-12-22 11:23:24,2025-12-22T11:23:24,60.51,1.0,SetByBid
2025-12-22 11:23:24,2025-12-22T11:23:24,60.51,2.0,SetByAsk
2025-12-22 11:30:50,2025-12-22T11:30:50,60.48,1.0,SetByAsk
2025-12-22 11:30:50,2025-12-22T11:30:50,60.48,1.0,SetByAsk
2025-12-22 11:31:46,2025-12-22T11:31:46,60.48,1.0,SetByAsk
2025-12-22 11:31:46,2025-12-22T11:31:46,60.48,1.0,SetByBid
2025-12-22 11:31:46,2025-12-22T11:31:46,60.48,1.0,SetByBid
2025-12-22 11:31:46,2025-12-22T11:31:46,60.48,1.0,SetByBid
2025-12-22 11:31:46,2025-12-22T11:31:46,60.48,1.0,SetByBid
2025-12-22 11:32:15,2025-12-22T11:32:15,60.48,1.0,SetByBid
2025-12-22 11:32:17,2025-12-22T11:32:17,60.48,1.0,SetByBid
2025-12-22 11:32:17,2025-12-22T11:32:17,60.48,1.0,SetByBid
2025-12-22 11:32:40,2025-12-22T11:32:40,60.47,1.0,SetByAsk
2025-12-22 11:36:19,2025-12-22T11:36:19,60.45,1.0,SetByAsk
2025-12-22 11:36:19,2025-12-22T11:36:19,60.45,1.0,SetByBid
2025-12-22 11:36:19,2025-12-22T11:36:19,60.45,1.0,SetByBid
2025-12-22 11:36:19,2025-12-22T11:36:19,60.45,1.0,SetByAsk
2025-12-22 11:37:37,2025-12-22T11:37:37,60.42,1.0,SetByBid
2025-12-22 11:37:41,2025-12-22T11:37:41,60.42,1.0,SetByBid
2025-12-22 11:37:41,2025-12-22T11:37:41,60.42,1.0,SetByBid
2025-12-22 11:37:41,2025-12-22T11:37:41,60.42,1.0,SetByBid
2025-12-22 11:37:41,2025-12-22T11:37:41,60.42,1.0,SetByBid
2025-12-22 11:37:49,2025-12-22T11:37:49,60.42,1.0,SetByBid
2025-12-22 11:37:49,2025-12-22T11:37:49,60.42,1.0,SetByBid
2025-12-22 11:37:49,2025-12-22T11:37:49,60.42,1.0,SetByBid
2025-12-22 11:37:49,2025-12-22T11:37:49,60.42,1.0,SetByBid
2025-12-22 11:37:49,2025-12-22T11:37:49,60.42,1.0,SetByBid
2025-12-22 11:37:49,2025-12-22T11:37:49,60.42,1.0,SetByBid
2025-12-22 11:37:49,2025-12-22T11:37:49,60.42,1.0,SetByBid
2025-12-22 11:37:57,2025-12-22T11:37:57,60.41,1.0,"SetByAsk, Leg"
2025-12-22 11:38:28,2025-12-22T11:38:28,60.43,1.0,SetByBid
2025-12-22 11:38:28,2025-12-22T11:38:28,60.43,1.0,SetByBid
2025-12-22 11:38:28,2025-12-22T11:38:28,60.43,1.0,SetByBid
2025-12-22 11:38:28,2025-12-22T11:38:28,60.43,1.0,SetByBid
2025-12-22 11:38:28,2025-12-22T11:38:28,60.43,2.0,SetByBid
2025-12-22 11:38:28,2025-12-22T11:38:28,60.44,1.0,SetByBid
2025-12-22 11:38:28,2025-12-22T11:38:28,60.44,1.0,SetByBid
2025-12-22 11:38:28,2025-12-22T11:38:28,60.44,1.0,SetByBid
2025-12-22 11:38:28,2025-12-22T11:38:28,60.44,12.0,SetByBid
2025-12-22 11:38:28,2025-12-22T11:38:28,60.44,1.0,SetByBid
2025-12-22 11:38:28,2025-12-22T11:38:28,60.44,2.0,SetByBid
2025-12-22 11:38:28,2025-12-22T11:38:28,60.44,3.0,SetByBid
2025-12-22 11:38:28,2025-12-22T11:38:28,60.44,1.0,SetByBid
2025-12-22 11:38:28,2025-12-22T11:38:28,60.44,1.0,SetByBid
2025-12-22 11:38:28,2025-12-22T11:38:28,60.44,1.0,SetByBid
2025-12-22 11:38:28,2025-12-22T11:38:28,60.44,1.0,SetByBid
2025-12-22 11:38:28,2025-12-22T11:38:28,60.44,1.0,SetByBid
2025-12-22 11:38:28,2025-12-22T11:38:28,60.44,1.0,SetByBid
2025-12-22 11:38:28,2025-12-22T11:38:28,60.44,1.0,SetByBid
2025-12-22 11:38:28,2025-12-22T11:38:28,60.44,2.0,SetByBid
2025-12-22 11:38:28,2025-12-22T11:38:28,60.44,2.0,SetByBid
2025-12-22 11:39:00,2025-12-22T11:39:00,60.43,2.0,SetByAsk
2025-12-22 11:39:09,2025-12-22T11:39:09,60.43,1.0,SetByBid
2025-12-22 11:39:09,2025-12-22T11:39:09,60.43,1.0,SetByBid
2025-12-22 11:39:09,2025-12-22T11:39:09,60.43,1.0,SetByBid
2025-12-22 11:42:43,2025-12-22T11:42:43,60.44,1.0,SetByAsk
2025-12-22 11:42:51,2025-12-22T11:42:51,60.44,1.0,SetByBid
2025-12-22 11:42:51,2025-12-22T11:42:51,60.44,1.0,SetByBid
2025-12-22 11:42:52,2025-12-22T11:42:52,60.44,2.0,SetByAsk
2025-12-22 11:42:52,2025-12-22T11:42:52,60.44,7.0,SetByAsk
2025-12-22 11:43:00,2025-12-22T11:43:00,60.45,1.0,SetByBid
2025-12-22 11:43:00,2025-12-22T11:43:00,60.45,1.0,SetByBid
2025-12-22 11:43:00,2025-12-22T11:43:00,60.45,1.0,SetByBid
2025-12-22 11:43:00,2025-12-22T11:43:00,60.45,1.0,SetByBid
2025-12-22 11:43:00,2025-12-22T11:43:00,60.45,1.0,SetByBid
2025-12-22 11:43:00,2025-12-22T11:43:00,60.45,1.0,SetByBid
2025-12-22 11:43:00,2025-12-22T11:43:00,60.45,1.0,SetByBid
2025-12-22 11:43:00,2025-12-22T11:43:00,60.45,1.0,SetByBid
2025-12-22 11:43:00,2025-12-22T11:43:00,60.45,1.0,SetByBid
2025-12-22 11:46:22,2025-12-22T11:46:22,60.45,1.0,SetByAsk
2025-12-22 11:49:18,2025-12-22T11:49:18,60.43,1.0,SetByBid
2025-12-22 11:49:18,2025-12-22T11:49:18,60.43,1.0,SetByBid
2025-12-22 11:49:18,2025-12-22T11:49:18,60.43,1.0,SetByBid
2025-12-22 11:49:18,2025-12-22T11:49:18,60.43,1.0,SetByBid
2025-12-22 11:50:29,2025-12-22T11:50:29,60.42,1.0,SetByAsk
2025-12-22 11:50:29,2025-12-22T11:50:29,60.42,1.0,SetByAsk
2025-12-22 11:50:29,2025-12-22T11:50:29,60.42,1.0,SetByAsk
2025-12-22 11:50:29,2025-12-22T11:50:29,60.42,1.0,SetByAsk
2025-12-22 11:50:29,2025-12-22T11:50:29,60.42,1.0,SetByAsk
2025-12-22 11:50:29,2025-12-22T11:50:29,60.42,1.0,SetByAsk
2025-12-22 11:50:29,2025-12-22T11:50:29,60.42,1.0,SetByAsk
2025-12-22 11:50:29,2025-12-22T11:50:29,60.42,1.0,SetByAsk
2025-12-22 11:50:29,2025-12-22T11:50:29,60.42,1.0,SetByAsk
2025-12-22 11:50:29,2025-12-22T11:50:29,60.42,3.0,SetByAsk
2025-12-22 11:50:29,2025-12-22T11:50:29,60.42,1.0,SetByAsk
2025-12-22 11:50:29,2025-12-22T11:50:29,60.42,1.0,SetByAsk
2025-12-22 11:50:29,2025-12-22T11:50:29,60.42,1.0,SetByAsk
2025-12-22 11:50:29,2025-12-22T11:50:29,60.42,2.0,SetByAsk
2025-12-22 11:50:29,2025-12-22T11:50:29,60.42,1.0,SetByAsk
2025-12-22 11:50:29,2025-12-22T11:50:29,60.42,2.0,SetByAsk
2025-12-22 11:50:29,2025-12-22T11:50:29,60.42,1.0,SetByAsk
2025-12-22 11:50:29,2025-12-22T11:50:29,60.42,1.0,SetByAsk
2025-12-22 11:50:29,2025-12-22T11:50:29,60.42,1.0,SetByAsk
2025-12-22 11:50:29,2025-12-22T11:50:29,60.42,1.0,SetByAsk
2025-12-22 11:50:29,2025-12-22T11:50:29,60.42,1.0,SetByAsk
2025-12-22 11:50:29,2025-12-22T11:50:29,60.42,1.0,SetByAsk
2025-12-22 11:50:29,2025-12-22T11:50:29,60.42,2.0,SetByAsk
2025-12-22 11:50:29,2025-12-22T11:50:29,60.42,3.0,SetByAsk
2025-12-22 11:50:29,2025-12-22T11:50:29,60.42,3.0,SetByAsk
2025-12-22 11:50:29,2025-12-22T11:50:29,60.42,2.0,SetByAsk
2025-12-22 11:50:29,2025-12-22T11:50:29,60.42,2.0,SetByAsk
2025-12-22 11:50:29,2025-12-22T11:50:29,60.42,1.0,SetByAsk
2025-12-22 11:50:29,2025-12-22T11:50:29,60.42,1.0,SetByAsk
2025-12-22 11:50:29,2025-12-22T11:50:29,60.42,1.0,SetByAsk
2025-12-22 11:50:29,2025-12-22T11:50:29,60.42,2.0,SetByAsk
2025-12-22 11:50:29,2025-12-22T11:50:29,60.42,1.0,SetByAsk
2025-12-22 11:50:29,2025-12-22T11:50:29,60.42,2.0,SetByAsk
2025-12-22 11:50:29,2025-12-22T11:50:29,60.42,1.0,SetByAsk
2025-12-22 11:50:29,2025-12-22T11:50:29,60.42,2.0,SetByAsk
2025-12-22 11:50:29,2025-12-22T11:50:29,60.42,2.0,SetByAsk
2025-12-22 11:50:29,2025-12-22T11:50:29,60.42,2.0,SetByAsk
2025-12-22 11:50:29,2025-12-22T11:50:29,60.42,2.0,SetByAsk
2025-12-22 11:50:29,2025-12-22T11:50:29,60.42,1.0,SetByAsk
2025-12-22 11:50:29,2025-12-22T11:50:29,60.42,1.0,SetByBid
2025-12-22 11:50:29,2025-12-22T11:50:29,60.42,2.0,SetByBid
2025-12-22 11:50:29,2025-12-22T11:50:29,60.42,4.0,SetByBid
2025-12-22 11:50:29,2025-12-22T11:50:29,60.42,5.0,SetByBid
2025-12-22 11:50:29,2025-12-22T11:50:29,60.42,1.0,SetByBid
2025-12-22 11:51:37,2025-12-22T11:51:37,60.39,1.0,SetByAsk
2025-12-22 11:51:53,2025-12-22T11:51:53,60.39,1.0,SetByBid
2025-12-22 11:51:53,2025-12-22T11:51:53,60.39,1.0,SetByBid
2025-12-22 11:51:53,2025-12-22T11:51:53,60.39,1.0,SetByBid
2025-12-22 11:51:57,2025-12-22T11:51:57,60.39,1.0,SetByBid
2025-12-22 11:53:03,2025-12-22T11:53:03,60.41,1.0,SetByAsk
2025-12-22 11:53:04,2025-12-22T11:53:04,60.41,1.0,SetByBid
2025-12-22 11:53:13,2025-12-22T11:53:13,60.41,4.0,SetByAsk
2025-12-22 11:53:13,2025-12-22T11:53:13,60.41,1.0,SetByAsk
2025-12-22 11:53:44,2025-12-22T11:53:44,60.39,1.0,SetByAsk
2025-12-22 11:53:44,2025-12-22T11:53:44,60.39,1.0,SetByAsk
2025-12-22 11:53:44,2025-12-22T11:53:44,60.39,1.0,SetByAsk
2025-12-22 11:53:44,2025-12-22T11:53:44,60.39,1.0,SetByAsk
2025-12-22 11:53:44,2025-12-22T11:53:44,60.39,1.0,SetByAsk
2025-12-22 11:53:44,2025-12-22T11:53:44,60.39,1.0,SetByAsk
2025-12-22 11:53:44,2025-12-22T11:53:44,60.39,1.0,SetByAsk
2025-12-22 11:53:44,2025-12-22T11:53:44,60.39,2.0,SetByAsk
2025-12-22 11:53:44,2025-12-22T11:53:44,60.39,1.0,SetByAsk
2025-12-22 11:53:44,2025-12-22T11:53:44,60.38,3.0,SetByAsk
2025-12-22 11:53:44,2025-12-22T11:53:44,60.38,3.0,SetByAsk
2025-12-22 11:53:44,2025-12-22T11:53:44,60.38,1.0,SetByAsk
2025-12-22 11:53:44,2025-12-22T11:53:44,60.38,1.0,SetByAsk
2025-12-22 11:53:44,2025-12-22T11:53:44,60.38,1.0,SetByAsk
2025-12-22 11:53:44,2025-12-22T11:53:44,60.38,1.0,SetByAsk
2025-12-22 11:53:44,2025-12-22T11:53:44,60.38,1.0,SetByBid
2025-12-22 11:56:17,2025-12-22T11:56:17,60.42,9.0,SetByBid
2025-12-22 11:56:17,2025-12-22T11:56:17,60.42,5.0,SetByBid
2025-12-22 11:57:00,2025-12-22T11:57:00,60.43,1.0,SetByAsk
2025-12-22 12:00:00,2025-12-22T12:00:00,60.4,1.0,SetByAsk
2025-12-22 12:00:00,2025-12-22T12:00:00,60.4,2.0,SetByAsk
2025-12-22 12:00:01,2025-12-22T12:00:01,60.41,2.0,SetByBid
2025-12-22 12:00:03,2025-12-22T12:00:03,60.4,2.0,SetByAsk
2025-12-22 12:00:03,2025-12-22T12:00:03,60.4,1.0,SetByAsk
2025-12-22 12:00:03,2025-12-22T12:00:03,60.4,1.0,SetByAsk
2025-12-22 12:00:13,2025-12-22T12:00:13,60.41,1.0,SetByBid
2025-12-22 12:00:13,2025-12-22T12:00:13,60.41,1.0,SetByBid
2025-12-22 12:00:13,2025-12-22T12:00:13,60.41,1.0,SetByBid
2025-12-22 12:00:13,2025-12-22T12:00:13,60.41,1.0,SetByBid
2025-12-22 12:00:22,2025-12-22T12:00:22,60.41,1.0,SetByAsk
2025-12-22 12:00:22,2025-12-22T12:00:22,60.41,1.0,SetByAsk
2025-12-22 12:00:22,2025-12-22T12:00:22,60.41,1.0,SetByAsk
2025-12-22 12:00:22,2025-12-22T12:00:22,60.41,1.0,SetByAsk
2025-12-22 12:00:22,2025-12-22T12:00:22,60.41,1.0,SetByAsk
2025-12-22 12:00:35,2025-12-22T12:00:35,60.41,1.0,SetByAsk
2025-12-22 12:00:53,2025-12-22T12:00:53,60.41,1.0,SetByBid
2025-12-22 12:01:05,2025-12-22T12:01:05,60.42,1.0,SetByAsk
2025-12-22 12:01:05,2025-12-22T12:01:05,60.42,1.0,SetByAsk
2025-12-22 12:01:05,2025-12-22T12:01:05,60.42,1.0,SetByAsk
2025-12-22 12:02:39,2025-12-22T12:02:39,60.42,1.0,SetByAsk
2025-12-22 12:03:44,2025-12-22T12:03:44,60.43,1.0,SetByAsk
2025-12-22 12:03:44,2025-12-22T12:03:44,60.43,2.0,SetByAsk
2025-12-22 12:04:35,2025-12-22T12:04:35,60.43,1.0,SetByBid
2025-12-22 12:04:35,2025-12-22T12:04:35,60.43,1.0,SetByBid
2025-12-22 12:04:35,2025-12-22T12:04:35,60.43,1.0,SetByBid
2025-12-22 12:04:35,2025-12-22T12:04:35,60.43,3.0,SetByBid
2025-12-22 12:04:35,2025-12-22T12:04:35,60.43,2.0,SetByBid
2025-12-22 12:04:35,2025-12-22T12:04:35,60.43,1.0,SetByAsk
2025-12-22 12:04:35,2025-12-22T12:04:35,60.43,2.0,SetByAsk
2025-12-22 12:04:45,2025-12-22T12:04:45,60.43,1.0,SetByBid
2025-12-22 12:05:07,2025-12-22T12:05:07,60.44,1.0,SetByBid
2025-12-22 12:05:07,2025-12-22T12:05:07,60.44,1.0,SetByBid
2025-12-22 12:05:42,2025-12-22T12:05:42,60.43,1.0,SetByAsk
2025-12-22 12:06:23,2025-12-22T12:06:23,60.44,1.0,SetByBid
2025-12-22 12:07:04,2025-12-22T12:07:04,60.45,1.0,SetByBid
2025-12-22 12:07:09,2025-12-22T12:07:09,60.44,1.0,SetByAsk
2025-12-22 12:07:09,2025-12-22T12:07:09,60.44,1.0,SetByAsk
2025-12-22 12:07:09,2025-12-22T12:07:09,60.44,1.0,SetByAsk
2025-12-22 12:07:09,2025-12-22T12:07:09,60.44,4.0,SetByAsk
2025-12-22 12:07:09,2025-12-22T12:07:09,60.44,3.0,SetByAsk
2025-12-22 12:07:09,2025-12-22T12:07:09,60.44,1.0,SetByAsk
2025-12-22 12:08:22,2025-12-22T12:08:22,60.42,4.0,SetByAsk
2025-12-22 12:10:09,2025-12-22T12:10:09,60.42,1.0,SetByAsk
2025-12-22 12:10:46,2025-12-22T12:10:46,60.4,1.0,SetByAsk
2025-12-22 12:10:56,2025-12-22T12:10:56,60.4,1.0,SetByAsk
2025-12-22 12:11:05,2025-12-22T12:11:05,60.39,1.0,SetByAsk
2025-12-22 12:11:09,2025-12-22T12:11:09,60.38,1.0,SetByAsk
2025-12-22 12:11:11,2025-12-22T12:11:11,60.37,1.0,SetByAsk
2025-12-22 12:11:15,2025-12-22T12:11:15,60.37,1.0,"SetByAsk, Leg"
2025-12-22 12:11:15,2025-12-22T12:11:15,60.36,1.0,"SetByAsk, Leg"
2025-12-22 12:11:27,2025-12-22T12:11:27,60.37,1.0,SetByAsk
2025-12-22 12:11:27,2025-12-22T12:11:27,60.37,1.0,SetByAsk
2025-12-22 12:11:32,2025-12-22T12:11:32,60.36,1.0,SetByAsk
2025-12-22 12:11:32,2025-12-22T12:11:32,60.36,1.0,SetByAsk
2025-12-22 12:11:46,2025-12-22T12:11:46,60.35,2.0,SetByAsk
2025-12-22 12:11:46,2025-12-22T12:11:46,60.35,8.0,SetByAsk
2025-12-22 12:11:46,2025-12-22T12:11:46,60.35,2.0,SetByAsk
2025-12-22 12:12:21,2025-12-22T12:12:21,60.36,1.0,SetByAsk
2025-12-22 12:12:21,2025-12-22T12:12:21,60.36,1.0,SetByAsk
2025-12-22 12:12:45,2025-12-22T12:12:45,60.37,1.0,SetByAsk
2025-12-22 12:12:52,2025-12-22T12:12:52,60.36,1.0,SetByAsk
2025-12-22 12:12:52,2025-12-22T12:12:52,60.36,1.0,SetByAsk
2025-12-22 12:12:52,2025-12-22T12:12:52,60.36,1.0,SetByAsk
2025-12-22 12:12:52,2025-12-22T12:12:52,60.36,1.0,SetByAsk
2025-12-22 12:13:15,2025-12-22T12:13:15,60.39,1.0,SetByBid
2025-12-22 12:14:07,2025-12-22T12:14:07,60.41,1.0,SetByAsk
2025-12-22 12:14:07,2025-12-22T12:14:07,60.41,1.0,SetByAsk
2025-12-22 12:14:07,2025-12-22T12:14:07,60.41,1.0,SetByAsk
2025-12-22 12:14:07,2025-12-22T12:14:07,60.41,1.0,SetByAsk
2025-12-22 12:15:58,2025-12-22T12:15:58,60.39,9.0,SetByBid
2025-12-22 12:15:58,2025-12-22T12:15:58,60.39,4.0,SetByBid
2025-12-22 12:15:58,2025-12-22T12:15:58,60.39,2.0,SetByBid
2025-12-22 12:16:01,2025-12-22T12:16:01,60.39,4.0,SetByAsk
2025-12-22 12:16:01,2025-12-22T12:16:01,60.39,7.0,SetByAsk
2025-12-22 12:16:01,2025-12-22T12:16:01,60.39,4.0,SetByAsk
2025-12-22 12:16:42,2025-12-22T12:16:42,60.39,1.0,SetByBid
2025-12-22 12:16:42,2025-12-22T12:16:42,60.39,2.0,SetByBid
2025-12-22 12:16:42,2025-12-22T12:16:42,60.39,1.0,SetByBid
2025-12-22 12:16:45,2025-12-22T12:16:45,60.38,1.0,SetByAsk
2025-12-22 12:17:18,2025-12-22T12:17:18,60.41,1.0,SetByAsk
2025-12-22 12:18:00,2025-12-22T12:18:00,60.41,1.0,SetByBid
2025-12-22 12:18:02,2025-12-22T12:18:02,60.4,1.0,SetByAsk
2025-12-22 12:18:02,2025-12-22T12:18:02,60.4,1.0,SetByAsk
2025-12-22 12:18:02,2025-12-22T12:18:02,60.4,1.0,SetByAsk
2025-12-22 12:18:02,2025-12-22T12:18:02,60.4,1.0,SetByAsk
2025-12-22 12:18:02,2025-12-22T12:18:02,60.4,2.0,SetByAsk
2025-12-22 12:18:17,2025-12-22T12:18:17,60.41,1.0,SetByBid
2025-12-22 12:19:11,2025-12-22T12:19:11,60.42,1.0,SetByBid
2025-12-22 12:19:57,2025-12-22T12:19:57,60.4,1.0,SetByAsk
2025-12-22 12:20:38,2025-12-22T12:20:38,60.39,1.0,SetByBid
2025-12-22 12:20:38,2025-12-22T12:20:38,60.39,1.0,SetByBid
2025-12-22 12:20:38,2025-12-22T12:20:38,60.39,1.0,SetByBid
2025-12-22 12:20:38,2025-12-22T12:20:38,60.39,1.0,SetByBid
2025-12-22 12:20:38,2025-12-22T12:20:38,60.39,1.0,SetByBid
2025-12-22 12:20:38,2025-12-22T12:20:38,60.39,1.0,SetByBid
2025-12-22 12:20:38,2025-12-22T12:20:38,60.39,1.0,SetByBid
2025-12-22 12:20:38,2025-12-22T12:20:38,60.39,2.0,SetByBid
2025-12-22 12:20:38,2025-12-22T12:20:38,60.39,2.0,SetByBid
2025-12-22 12:21:01,2025-12-22T12:21:01,60.4,1.0,SetByAsk
2025-12-22 12:22:08,2025-12-22T12:22:08,60.41,1.0,SetByAsk
2025-12-22 12:23:03,2025-12-22T12:23:03,60.41,2.0,SetByAsk
2025-12-22 12:23:31,2025-12-22T12:23:31,60.41,1.0,SetByAsk
2025-12-22 12:24:00,2025-12-22T12:24:00,60.41,1.0,SetByAsk
2025-12-22 12:24:39,2025-12-22T12:24:39,60.42,1.0,SetByBid
2025-12-22 12:24:39,2025-12-22T12:24:39,60.42,1.0,SetByBid
2025-12-22 12:24:39,2025-12-22T12:24:39,60.42,1.0,SetByBid
2025-12-22 12:24:39,2025-12-22T12:24:39,60.42,1.0,SetByBid
2025-12-22 12:24:47,2025-12-22T12:24:47,60.42,1.0,SetByBid
2025-12-22 12:25:22,2025-12-22T12:25:22,60.41,2.0,SetByAsk
2025-12-22 12:25:22,2025-12-22T12:25:22,60.41,1.0,SetByAsk
2025-12-22 12:26:02,2025-12-22T12:26:02,60.39,1.0,SetByBid
2025-12-22 12:26:26,2025-12-22T12:26:26,60.37,1.0,SetByBid
2025-12-22 12:26:26,2025-12-22T12:26:26,60.37,1.0,SetByBid
2025-12-22 12:26:26,2025-12-22T12:26:26,60.37,1.0,SetByBid
2025-12-22 12:26:26,2025-12-22T12:26:26,60.37,1.0,SetByBid
2025-12-22 12:26:26,2025-12-22T12:26:26,60.37,1.0,SetByBid
2025-12-22 12:26:26,2025-12-22T12:26:26,60.37,1.0,SetByBid
2025-12-22 12:26:45,2025-12-22T12:26:45,60.38,1.0,SetByBid
2025-12-22 12:27:00,2025-12-22T12:27:00,60.4,1.0,SetByAsk
2025-12-22 12:27:00,2025-12-22T12:27:00,60.4,1.0,SetByAsk
2025-12-22 12:27:26,2025-12-22T12:27:26,60.41,1.0,SetByBid
2025-12-22 12:27:26,2025-12-22T12:27:26,60.42,1.0,SetByBid
2025-12-22 12:27:26,2025-12-22T12:27:26,60.42,1.0,SetByBid
2025-12-22 12:27:26,2025-12-22T12:27:26,60.42,1.0,SetByBid
2025-12-22 12:27:26,2025-12-22T12:27:26,60.42,1.0,SetByBid
2025-12-22 12:27:26,2025-12-22T12:27:26,60.42,2.0,SetByBid
2025-12-22 12:27:26,2025-12-22T12:27:26,60.42,2.0,SetByBid
2025-12-22 12:27:26,2025-12-22T12:27:26,60.42,1.0,SetByBid
2025-12-22 12:27:26,2025-12-22T12:27:26,60.42,1.0,SetByBid
2025-12-22 12:27:40,2025-12-22T12:27:40,60.41,1.0,SetByAsk
2025-12-22 12:27:40,2025-12-22T12:27:40,60.41,1.0,SetByAsk
2025-12-22 12:27:40,2025-12-22T12:27:40,60.41,1.0,SetByAsk
2025-12-22 12:27:44,2025-12-22T12:27:44,60.4,1.0,SetByAsk
2025-12-22 12:27:44,2025-12-22T12:27:44,60.4,1.0,SetByAsk
2025-12-22 12:27:44,2025-12-22T12:27:44,60.4,1.0,SetByAsk
2025-12-22 12:27:44,2025-12-22T12:27:44,60.4,1.0,SetByAsk
2025-12-22 12:28:01,2025-12-22T12:28:01,60.38,1.0,SetByAsk
2025-12-22 12:28:01,2025-12-22T12:28:01,60.38,1.0,SetByAsk
2025-12-22 12:28:28,2025-12-22T12:28:28,60.37,1.0,SetByAsk
2025-12-22 12:28:28,2025-12-22T12:28:28,60.37,1.0,SetByAsk
2025-12-22 12:28:55,2025-12-22T12:28:55,60.38,1.0,SetByAsk
2025-12-22 12:28:56,2025-12-22T12:28:56,60.37,1.0,SetByAsk
2025-12-22 12:29:00,2025-12-22T12:29:00,60.36,2.0,SetByBid
2025-12-22 12:29:00,2025-12-22T12:29:00,60.36,2.0,SetByBid
2025-12-22 12:29:00,2025-12-22T12:29:00,60.36,1.0,SetByBid
2025-12-22 12:29:00,2025-12-22T12:29:00,60.36,2.0,SetByBid
2025-12-22 12:29:00,2025-12-22T12:29:00,60.36,1.0,SetByBid
2025-12-22 12:29:00,2025-12-22T12:29:00,60.36,1.0,SetByBid
2025-12-22 12:29:00,2025-12-22T12:29:00,60.36,3.0,SetByBid
2025-12-22 12:29:00,2025-12-22T12:29:00,60.36,5.0,SetByBid
2025-12-22 12:29:01,2025-12-22T12:29:01,60.36,1.0,SetByBid
2025-12-22 12:29:01,2025-12-22T12:29:01,60.36,1.0,SetByBid
2025-12-22 12:29:01,2025-12-22T12:29:01,60.36,1.0,SetByBid
2025-12-22 12:29:01,2025-12-22T12:29:01,60.36,1.0,SetByBid
2025-12-22 12:29:01,2025-12-22T12:29:01,60.36,1.0,SetByBid
2025-12-22 12:29:01,2025-12-22T12:29:01,60.36,1.0,SetByBid
2025-12-22 12:29:01,2025-12-22T12:29:01,60.36,1.0,SetByBid
2025-12-22 12:29:01,2025-12-22T12:29:01,60.36,4.0,SetByBid
2025-12-22 12:29:01,2025-12-22T12:29:01,60.36,1.0,SetByBid
2025-12-22 12:29:02,2025-12-22T12:29:02,60.36,2.0,SetByBid
2025-12-22 12:29:02,2025-12-22T12:29:02,60.36,4.0,SetByBid
2025-12-22 12:29:02,2025-12-22T12:29:02,60.36,5.0,SetByBid
2025-12-22 12:29:02,2025-12-22T12:29:02,60.36,1.0,SetByBid
2025-12-22 12:29:02,2025-12-22T12:29:02,60.36,3.0,SetByBid
2025-12-22 12:29:02,2025-12-22T12:29:02,60.36,2.0,SetByBid
2025-12-22 12:29:02,2025-12-22T12:29:02,60.36,1.0,SetByBid
2025-12-22 12:29:02,2025-12-22T12:29:02,60.36,1.0,SetByBid
2025-12-22 12:29:02,2025-12-22T12:29:02,60.36,1.0,SetByBid
2025-12-22 12:29:02,2025-12-22T12:29:02,60.36,1.0,SetByBid
2025-12-22 12:29:02,2025-12-22T12:29:02,60.36,3.0,SetByBid
2025-12-22 12:29:02,2025-12-22T12:29:02,60.36,1.0,SetByBid
2025-12-22 12:29:02,2025-12-22T12:29:02,60.36,1.0,SetByBid
2025-12-22 12:29:02,2025-12-22T12:29:02,60.36,1.0,SetByBid
2025-12-22 12:29:02,2025-12-22T12:29:02,60.36,1.0,SetByBid
2025-12-22 12:29:02,2025-12-22T12:29:02,60.36,1.0,SetByBid
2025-12-22 12:29:03,2025-12-22T12:29:03,60.36,1.0,SetByBid
2025-12-22 12:29:07,2025-12-22T12:29:07,60.36,1.0,SetByBid
2025-12-22 12:29:09,2025-12-22T12:29:09,60.35,1.0,SetByAsk
2025-12-22 12:29:09,2025-12-22T12:29:09,60.35,2.0,SetByAsk
2025-12-22 12:29:09,2025-12-22T12:29:09,60.35,1.0,SetByAsk
2025-12-22 12:29:10,2025-12-22T12:29:10,60.35,1.0,SetByBid
2025-12-22 12:29:11,2025-12-22T12:29:11,60.35,1.0,SetByBid
2025-12-22 12:29:16,2025-12-22T12:29:16,60.35,1.0,SetByBid
2025-12-22 12:29:18,2025-12-22T12:29:18,60.36,1.0,SetByBid
2025-12-22 12:29:19,2025-12-22T12:29:19,60.35,1.0,SetByAsk
2025-12-22 12:29:19,2025-12-22T12:29:19,60.35,1.0,SetByAsk
2025-12-22 12:29:21,2025-12-22T12:29:21,60.35,1.0,SetByBid
2025-12-22 12:29:33,2025-12-22T12:29:33,60.34,1.0,SetByAsk
2025-12-22 12:29:33,2025-12-22T12:29:33,60.34,1.0,SetByAsk
2025-12-22 12:29:33,2025-12-22T12:29:33,60.34,1.0,SetByAsk
2025-12-22 12:29:33,2025-12-22T12:29:33,60.34,2.0,SetByAsk
2025-12-22 12:29:33,2025-12-22T12:29:33,60.34,1.0,SetByBid
2025-12-22 12:29:33,2025-12-22T12:29:33,60.34,1.0,SetByBid
2025-12-22 12:29:33,2025-12-22T12:29:33,60.34,1.0,SetByAsk
2025-12-22 12:29:33,2025-12-22T12:29:33,60.35,1.0,SetByBid
2025-12-22 12:29:33,2025-12-22T12:29:33,60.35,1.0,SetByBid
2025-12-22 12:29:36,2025-12-22T12:29:36,60.34,1.0,SetByBid
2025-12-22 12:29:36,2025-12-22T12:29:36,60.33,1.0,SetByAsk
2025-12-22 12:29:36,2025-12-22T12:29:36,60.33,1.0,SetByAsk
2025-12-22 12:29:36,2025-12-22T12:29:36,60.33,1.0,SetByAsk
2025-12-22 12:29:36,2025-12-22T12:29:36,60.33,1.0,SetByAsk
2025-12-22 12:29:36,2025-12-22T12:29:36,60.33,1.0,SetByAsk
2025-12-22 12:29:36,2025-12-22T12:29:36,60.33,2.0,SetByAsk
2025-12-22 12:29:36,2025-12-22T12:29:36,60.34,1.0,SetByBid
2025-12-22 12:29:40,2025-12-22T12:29:40,60.35,1.0,SetByBid
2025-12-22 12:29:40,2025-12-22T12:29:40,60.35,1.0,SetByBid
2025-12-22 12:29:40,2025-12-22T12:29:40,60.35,2.0,SetByBid
2025-12-22 12:29:40,2025-12-22T12:29:40,60.35,1.0,SetByAsk
2025-12-22 12:29:40,2025-12-22T12:29:40,60.35,1.0,SetByAsk
2025-12-22 12:29:41,2025-12-22T12:29:41,60.35,1.0,SetByAsk
2025-12-22 12:29:41,2025-12-22T12:29:41,60.35,1.0,SetByAsk
2025-12-22 12:29:41,2025-12-22T12:29:41,60.35,1.0,SetByAsk
2025-12-22 12:29:41,2025-12-22T12:29:41,60.35,1.0,SetByAsk
2025-12-22 12:29:42,2025-12-22T12:29:42,60.35,1.0,SetByAsk
2025-12-22 12:29:42,2025-12-22T12:29:42,60.35,1.0,SetByAsk
2025-12-22 12:29:42,2025-12-22T12:29:42,60.35,1.0,SetByAsk
2025-12-22 12:29:44,2025-12-22T12:29:44,60.35,1.0,SetByAsk
2025-12-22 12:29:44,2025-12-22T12:29:44,60.35,2.0,SetByAsk
2025-12-22 12:29:48,2025-12-22T12:29:48,60.35,1.0,SetByAsk
2025-12-22 12:29:48,2025-12-22T12:29:48,60.35,1.0,SetByAsk
2025-12-22 12:29:48,2025-12-22T12:29:48,60.35,1.0,SetByAsk
2025-12-22 12:29:48,2025-12-22T12:29:48,60.35,1.0,SetByBid
2025-12-22 12:29:48,2025-12-22T12:29:48,60.35,1.0,SetByBid
2025-12-22 12:29:48,2025-12-22T12:29:48,60.35,1.0,SetByBid
2025-12-22 12:29:49,2025-12-22T12:29:49,60.35,1.0,SetByAsk
2025-12-22 12:29:50,2025-12-22T12:29:50,60.35,1.0,SetByAsk
2025-12-22 12:29:50,2025-12-22T12:29:50,60.35,1.0,SetByAsk
2025-12-22 12:29:50,2025-12-22T12:29:50,60.35,1.0,SetByBid
2025-12-22 12:29:53,2025-12-22T12:29:53,60.34,1.0,SetByAsk
2025-12-22 12:29:54,2025-12-22T12:29:54,60.35,1.0,SetByBid
2025-12-22 12:29:55,2025-12-22T12:29:55,60.35,1.0,SetByAsk
2025-12-22 12:29:58,2025-12-22T12:29:58,60.35,1.0,SetByAsk
2025-12-22 12:29:58,2025-12-22T12:29:58,60.35,3.0,SetByAsk
2025-12-22 12:29:59,2025-12-22T12:29:59,60.35,1.0,SetByAsk
2025-12-22 12:29:59,2025-12-22T12:29:59,60.34,1.0,SetByAsk
2025-12-22 12:29:59,2025-12-22T12:29:59,60.34,1.0,SetByAsk
2025-12-22 12:29:59,2025-12-22T12:29:59,60.34,1.0,SetByAsk
2025-12-22 12:30:02,2025-12-22T12:30:02,60.34,1.0,SetByAsk
2025-12-22 12:30:02,2025-12-22T12:30:02,60.34,1.0,SetByAsk
2025-12-22 12:30:03,2025-12-22T12:30:03,60.34,1.0,SetByAsk
2025-12-22 12:30:03,2025-12-22T12:30:03,60.34,1.0,SetByAsk
2025-12-22 12:30:03,2025-12-22T12:30:03,60.34,1.0,SetByAsk
2025-12-22 12:30:05,2025-12-22T12:30:05,60.33,1.0,SetByBid
2025-12-22 12:30:05,2025-12-22T12:30:05,60.33,1.0,SetByBid
2025-12-22 12:30:05,2025-12-22T12:30:05,60.33,1.0,SetByBid
2025-12-22 12:30:05,2025-12-22T12:30:05,60.34,1.0,SetByBid
2025-12-22 12:30:20,2025-12-22T12:30:20,60.35,1.0,SetByAsk
2025-12-22 12:30:20,2025-12-22T12:30:20,60.35,1.0,SetByAsk
2025-12-22 12:30:23,2025-12-22T12:30:23,60.36,1.0,SetByBid
2025-12-22 12:30:23,2025-12-22T12:30:23,60.36,1.0,SetByBid
2025-12-22 12:30:23,2025-12-22T12:30:23,60.36,1.0,SetByBid
2025-12-22 12:30:38,2025-12-22T12:30:38,60.35,1.0,SetByAsk
2025-12-22 12:31:03,2025-12-22T12:31:03,60.34,1.0,SetByAsk
2025-12-22 12:31:03,2025-12-22T12:31:03,60.34,1.0,SetByAsk
2025-12-22 12:31:15,2025-12-22T12:31:15,60.35,1.0,SetByBid
2025-12-22 12:31:16,2025-12-22T12:31:16,60.35,1.0,SetByBid
2025-12-22 12:31:19,2025-12-22T12:31:19,60.35,1.0,SetByAsk
2025-12-22 12:31:23,2025-12-22T12:31:23,60.35,1.0,SetByBid
2025-12-22 12:31:23,2025-12-22T12:31:23,60.35,1.0,SetByBid
2025-12-22 12:31:23,2025-12-22T12:31:23,60.35,1.0,SetByBid
2025-12-22 12:31:23,2025-12-22T12:31:23,60.35,1.0,SetByBid
2025-12-22 12:31:23,2025-12-22T12:31:23,60.35,1.0,SetByBid
2025-12-22 12:31:23,2025-12-22T12:31:23,60.35,1.0,SetByBid
2025-12-22 12:31:23,2025-12-22T12:31:23,60.35,1.0,SetByBid
2025-12-22 12:31:23,2025-12-22T12:31:23,60.35,1.0,SetByBid
2025-12-22 12:31:23,2025-12-22T12:31:23,60.35,1.0,SetByBid
2025-12-22 12:31:23,2025-12-22T12:31:23,60.35,1.0,SetByBid
2025-12-22 12:31:23,2025-12-22T12:31:23,60.35,1.0,SetByBid
2025-12-22 12:31:23,2025-12-22T12:31:23,60.35,1.0,SetByBid
2025-12-22 12:31:24,2025-12-22T12:31:24,60.35,1.0,SetByBid
2025-12-22 12:31:36,2025-12-22T12:31:36,60.35,1.0,SetByBid
2025-12-22 12:31:38,2025-12-22T12:31:38,60.35,1.0,SetByBid
2025-12-22 12:31:38,2025-12-22T12:31:38,60.35,1.0,SetByBid
2025-12-22 12:31:38,2025-12-22T12:31:38,60.35,1.0,SetByBid
2025-12-22 12:31:39,2025-12-22T12:31:39,60.35,1.0,SetByBid
2025-12-22 12:31:39,2025-12-22T12:31:39,60.35,1.0,SetByBid
2025-12-22 12:31:39,2025-12-22T12:31:39,60.35,1.0,SetByBid
2025-12-22 12:31:39,2025-12-22T12:31:39,60.35,1.0,SetByBid
2025-12-22 12:31:39,2025-12-22T12:31:39,60.35,1.0,SetByBid
2025-12-22 12:31:39,2025-12-22T12:31:39,60.35,1.0,SetByBid
2025-12-22 12:31:40,2025-12-22T12:31:40,60.35,1.0,SetByBid
2025-12-22 12:31:40,2025-12-22T12:31:40,60.35,1.0,SetByBid
2025-12-22 12:31:41,2025-12-22T12:31:41,60.35,1.0,SetByBid
2025-12-22 12:31:41,2025-12-22T12:31:41,60.35,1.0,SetByBid
2025-12-22 12:31:41,2025-12-22T12:31:41,60.35,1.0,SetByAsk
2025-12-22 12:31:41,2025-12-22T12:31:41,60.35,1.0,SetByAsk
2025-12-22 12:31:41,2025-12-22T12:31:41,60.35,1.0,SetByAsk
2025-12-22 12:31:41,2025-12-22T12:31:41,60.36,1.0,SetByAsk
2025-12-22 12:31:41,2025-12-22T12:31:41,60.37,1.0,SetByBid
2025-12-22 12:31:41,2025-12-22T12:31:41,60.36,1.0,SetByAsk
2025-12-22 12:31:41,2025-12-22T12:31:41,60.36,1.0,SetByAsk
2025-12-22 12:31:41,2025-12-22T12:31:41,60.36,1.0,SetByAsk
2025-12-22 12:31:41,2025-12-22T12:31:41,60.36,1.0,SetByAsk
2025-12-22 12:31:41,2025-12-22T12:31:41,60.36,1.0,SetByAsk
2025-12-22 12:31:41,2025-12-22T12:31:41,60.36,1.0,SetByAsk
2025-12-22 12:31:41,2025-12-22T12:31:41,60.36,1.0,SetByAsk
2025-12-22 12:31:41,2025-12-22T12:31:41,60.36,1.0,SetByAsk
2025-12-22 12:31:41,2025-12-22T12:31:41,60.36,1.0,SetByAsk
2025-12-22 12:32:00,2025-12-22T12:32:00,60.37,1.0,SetByBid
2025-12-22 12:32:03,2025-12-22T12:32:03,60.37,1.0,SetByBid
2025-12-22 12:32:03,2025-12-22T12:32:03,60.37,1.0,SetByBid
2025-12-22 12:32:03,2025-12-22T12:32:03,60.37,1.0,SetByBid
2025-12-22 12:32:03,2025-12-22T12:32:03,60.37,1.0,SetByBid
2025-12-22 12:32:03,2025-12-22T12:32:03,60.37,1.0,SetByBid
2025-12-22 12:32:10,2025-12-22T12:32:10,60.37,1.0,SetByAsk
2025-12-22 12:32:10,2025-12-22T12:32:10,60.37,1.0,SetByBid
2025-12-22 12:32:10,2025-12-22T12:32:10,60.37,1.0,SetByBid
2025-12-22 12:32:10,2025-12-22T12:32:10,60.37,1.0,SetByBid
2025-12-22 12:32:14,2025-12-22T12:32:14,60.36,2.0,SetByAsk
2025-12-22 12:32:15,2025-12-22T12:32:15,60.37,1.0,SetByBid
2025-12-22 12:32:15,2025-12-22T12:32:15,60.35,1.0,SetByAsk
2025-12-22 12:32:15,2025-12-22T12:32:15,60.36,1.0,SetByBid
2025-12-22 12:32:52,2025-12-22T12:32:52,60.36,2.0,SetByAsk
2025-12-22 12:32:52,2025-12-22T12:32:52,60.36,1.0,SetByAsk
2025-12-22 12:32:52,2025-12-22T12:32:52,60.36,1.0,SetByAsk
2025-12-22 12:32:52,2025-12-22T12:32:52,60.36,1.0,SetByBid
2025-12-22 12:33:06,2025-12-22T12:33:06,60.35,1.0,SetByAsk
2025-12-22 12:33:06,2025-12-22T12:33:06,60.35,1.0,SetByAsk
2025-12-22 12:33:13,2025-12-22T12:33:13,60.34,1.0,SetByBid
2025-12-22 12:33:22,2025-12-22T12:33:22,60.35,1.0,SetByBid
2025-12-22 12:33:22,2025-12-22T12:33:22,60.35,1.0,SetByBid
2025-12-22 12:33:22,2025-12-22T12:33:22,60.35,1.0,SetByBid
2025-12-22 12:33:42,2025-12-22T12:33:42,60.37,1.0,SetByBid
2025-12-22 12:33:42,2025-12-22T12:33:42,60.37,2.0,SetByBid
2025-12-22 12:33:45,2025-12-22T12:33:45,60.36,1.0,SetByAsk
2025-12-22 12:33:45,2025-12-22T12:33:45,60.36,1.0,SetByAsk
2025-12-22 12:34:25,2025-12-22T12:34:25,60.35,1.0,SetByAsk
2025-12-22 12:34:25,2025-12-22T12:34:25,60.34,1.0,SetByAsk
2025-12-22 12:34:25,2025-12-22T12:34:25,60.34,1.0,SetByAsk
2025-12-22 12:34:25,2025-12-22T12:34:25,60.34,1.0,SetByAsk
2025-12-22 12:34:32,2025-12-22T12:34:32,60.34,1.0,SetByAsk
2025-12-22 12:34:52,2025-12-22T12:34:52,60.34,1.0,SetByAsk
2025-12-22 12:34:55,2025-12-22T12:34:55,60.34,1.0,SetByAsk
2025-12-22 12:34:58,2025-12-22T12:34:58,60.35,1.0,SetByBid
2025-12-22 12:35:15,2025-12-22T12:35:15,60.37,1.0,SetByBid
2025-12-22 12:35:19,2025-12-22T12:35:19,60.36,1.0,SetByAsk
2025-12-22 12:35:24,2025-12-22T12:35:24,60.36,1.0,SetByAsk
2025-12-22 12:35:24,2025-12-22T12:35:24,60.36,1.0,SetByAsk
2025-12-22 12:35:50,2025-12-22T12:35:50,60.37,1.0,SetByBid
2025-12-22 12:35:50,2025-12-22T12:35:50,60.37,1.0,SetByBid
2025-12-22 12:35:56,2025-12-22T12:35:56,60.36,1.0,SetByAsk
2025-12-22 12:36:03,2025-12-22T12:36:03,60.37,1.0,SetByBid
2025-12-22 12:36:03,2025-12-22T12:36:03,60.37,1.0,SetByBid
2025-12-22 12:36:03,2025-12-22T12:36:03,60.37,1.0,SetByBid
2025-12-22 12:36:03,2025-12-22T12:36:03,60.37,1.0,SetByAsk
2025-12-22 12:36:03,2025-12-22T12:36:03,60.38,1.0,SetByBid
2025-12-22 12:36:03,2025-12-22T12:36:03,60.38,1.0,SetByBid
2025-12-22 12:36:03,2025-12-22T12:36:03,60.38,2.0,SetByBid
2025-12-22 12:36:03,2025-12-22T12:36:03,60.38,1.0,SetByBid
2025-12-22 12:36:03,2025-12-22T12:36:03,60.38,1.0,SetByBid
2025-12-22 12:36:03,2025-12-22T12:36:03,60.39,1.0,SetByAsk
2025-12-22 12:36:20,2025-12-22T12:36:20,60.39,1.0,SetByAsk
2025-12-22 12:36:24,2025-12-22T12:36:24,60.38,1.0,SetByAsk
2025-12-22 12:36:24,2025-12-22T12:36:24,60.38,1.0,SetByAsk
2025-12-22 12:36:24,2025-12-22T12:36:24,60.38,1.0,SetByAsk
2025-12-22 12:36:33,2025-12-22T12:36:33,60.37,1.0,SetByAsk
2025-12-22 12:36:33,2025-12-22T12:36:33,60.37,1.0,SetByAsk
2025-12-22 12:36:33,2025-12-22T12:36:33,60.37,1.0,SetByAsk
2025-12-22 12:36:35,2025-12-22T12:36:35,60.37,1.0,SetByAsk
2025-12-22 12:37:07,2025-12-22T12:37:07,60.36,1.0,SetByAsk
2025-12-22 12:37:18,2025-12-22T12:37:18,60.37,1.0,SetByBid
2025-12-22 12:38:37,2025-12-22T12:38:37,60.39,1.0,SetByAsk
2025-12-22 12:38:37,2025-12-22T12:38:37,60.39,1.0,SetByAsk
2025-12-22 12:38:37,2025-12-22T12:38:37,60.39,1.0,SetByAsk
2025-12-22 12:38:37,2025-12-22T12:38:37,60.39,1.0,SetByAsk
2025-12-22 12:38:37,2025-12-22T12:38:37,60.38,1.0,SetByAsk
2025-12-22 12:38:37,2025-12-22T12:38:37,60.38,1.0,SetByAsk
2025-12-22 12:38:37,2025-12-22T12:38:37,60.37,1.0,SetByAsk
2025-12-22 12:39:30,2025-12-22T12:39:30,60.41,1.0,SetByAsk
2025-12-22 12:39:30,2025-12-22T12:39:30,60.41,1.0,SetByAsk
2025-12-22 12:39:30,2025-12-22T12:39:30,60.41,1.0,SetByBid
2025-12-22 12:39:30,2025-12-22T12:39:30,60.41,1.0,SetByAsk
2025-12-22 12:39:40,2025-12-22T12:39:40,60.4,1.0,SetByBid
2025-12-22 12:39:50,2025-12-22T12:39:50,60.38,2.0,SetByAsk
2025-12-22 12:39:57,2025-12-22T12:39:57,60.39,1.0,SetByBid
2025-12-22 12:39:57,2025-12-22T12:39:57,60.39,1.0,SetByBid
2025-12-22 12:39:57,2025-12-22T12:39:57,60.39,1.0,SetByBid
2025-12-22 12:39:57,2025-12-22T12:39:57,60.39,1.0,SetByBid
2025-12-22 12:39:57,2025-12-22T12:39:57,60.39,1.0,SetByBid
2025-12-22 12:39:57,2025-12-22T12:39:57,60.39,1.0,SetByBid
2025-12-22 12:39:57,2025-12-22T12:39:57,60.39,1.0,SetByBid
2025-12-22 12:39:57,2025-12-22T12:39:57,60.4,1.0,SetByBid
2025-12-22 12:39:57,2025-12-22T12:39:57,60.4,1.0,SetByBid
2025-12-22 12:39:57,2025-12-22T12:39:57,60.4,1.0,SetByBid
2025-12-22 12:39:57,2025-12-22T12:39:57,60.4,1.0,SetByBid
2025-12-22 12:41:25,2025-12-22T12:41:25,60.38,2.0,SetByAsk
2025-12-22 12:41:25,2025-12-22T12:41:25,60.38,1.0,SetByAsk
2025-12-22 12:41:31,2025-12-22T12:41:31,60.36,1.0,SetByAsk
2025-12-22 12:41:31,2025-12-22T12:41:31,60.36,1.0,SetByAsk
2025-12-22 12:41:31,2025-12-22T12:41:31,60.36,1.0,SetByAsk
2025-12-22 12:43:29,2025-12-22T12:43:29,60.35,1.0,SetByAsk
2025-12-22 12:43:29,2025-12-22T12:43:29,60.35,1.0,SetByAsk
2025-12-22 12:43:29,2025-12-22T12:43:29,60.35,1.0,SetByAsk
2025-12-22 12:43:29,2025-12-22T12:43:29,60.35,1.0,SetByAsk
2025-12-22 12:43:54,2025-12-22T12:43:54,60.36,1.0,SetByBid
2025-12-22 12:45:35,2025-12-22T12:45:35,60.39,1.0,SetByAsk
2025-12-22 12:45:39,2025-12-22T12:45:39,60.38,1.0,SetByBid
2025-12-22 12:45:39,2025-12-22T12:45:39,60.38,1.0,SetByBid
2025-12-22 12:45:40,2025-12-22T12:45:40,60.38,1.0,SetByAsk
2025-12-22 12:45:40,2025-12-22T12:45:40,60.38,1.0,SetByBid
2025-12-22 12:46:43,2025-12-22T12:46:43,60.37,1.0,SetByAsk
2025-12-22 12:46:43,2025-12-22T12:46:43,60.37,1.0,SetByAsk
2025-12-22 12:47:07,2025-12-22T12:47:07,60.36,1.0,SetByAsk
2025-12-22 12:48:14,2025-12-22T12:48:14,60.34,1.0,SetByBid
2025-12-22 12:48:16,2025-12-22T12:48:16,60.34,1.0,SetByAsk
2025-12-22 12:48:48,2025-12-22T12:48:48,60.34,1.0,SetByBid
2025-12-22 12:48:48,2025-12-22T12:48:48,60.34,1.0,SetByBid
2025-12-22 12:48:57,2025-12-22T12:48:57,60.33,1.0,SetByBid
2025-12-22 12:48:57,2025-12-22T12:48:57,60.33,1.0,SetByBid
2025-12-22 12:48:58,2025-12-22T12:48:58,60.32,1.0,SetByAsk
2025-12-22 12:49:01,2025-12-22T12:49:01,60.31,1.0,SetByBid
2025-12-22 12:49:01,2025-12-22T12:49:01,60.31,1.0,SetByBid
2025-12-22 12:49:01,2025-12-22T12:49:01,60.31,1.0,SetByBid
2025-12-22 12:49:01,2025-12-22T12:49:01,60.31,1.0,SetByAsk
2025-12-22 12:49:11,2025-12-22T12:49:11,60.31,1.0,SetByBid
2025-12-22 12:49:30,2025-12-22T12:49:30,60.33,1.0,SetByBid
2025-12-22 12:49:30,2025-12-22T12:49:30,60.33,1.0,SetByBid
2025-12-22 12:49:30,2025-12-22T12:49:30,60.33,1.0,SetByBid
2025-12-22 12:49:30,2025-12-22T12:49:30,60.33,1.0,SetByBid
2025-12-22 12:49:30,2025-12-22T12:49:30,60.33,1.0,SetByBid
2025-12-22 12:49:30,2025-12-22T12:49:30,60.33,1.0,SetByBid
2025-12-22 12:49:30,2025-12-22T12:49:30,60.33,1.0,SetByBid
2025-12-22 12:49:30,2025-12-22T12:49:30,60.33,1.0,SetByBid
2025-12-22 12:49:30,2025-12-22T12:49:30,60.34,1.0,SetByBid
2025-12-22 12:49:30,2025-12-22T12:49:30,60.33,1.0,SetByAsk
2025-12-22 12:49:30,2025-12-22T12:49:30,60.33,1.0,SetByAsk
2025-12-22 12:49:30,2025-12-22T12:49:30,60.33,1.0,SetByAsk
2025-12-22 12:49:30,2025-12-22T12:49:30,60.33,1.0,SetByAsk
2025-12-22 12:49:30,2025-12-22T12:49:30,60.32,1.0,SetByAsk
2025-12-22 12:49:30,2025-12-22T12:49:30,60.32,1.0,SetByAsk
2025-12-22 12:49:30,2025-12-22T12:49:30,60.33,1.0,SetByBid
2025-12-22 12:49:30,2025-12-22T12:49:30,60.33,1.0,SetByBid
2025-12-22 12:49:54,2025-12-22T12:49:54,60.31,2.0,SetByBid
2025-12-22 12:50:05,2025-12-22T12:50:05,60.34,1.0,SetByBid
2025-12-22 12:50:05,2025-12-22T12:50:05,60.34,1.0,SetByBid
2025-12-22 12:50:05,2025-12-22T12:50:05,60.34,1.0,SetByBid
2025-12-22 12:50:05,2025-12-22T12:50:05,60.34,1.0,SetByBid
2025-12-22 12:50:05,2025-12-22T12:50:05,60.34,3.0,SetByBid
2025-12-22 12:50:05,2025-12-22T12:50:05,60.34,2.0,SetByBid
2025-12-22 12:50:05,2025-12-22T12:50:05,60.34,3.0,SetByBid
2025-12-22 12:50:05,2025-12-22T12:50:05,60.34,1.0,SetByBid
2025-12-22 12:50:05,2025-12-22T12:50:05,60.34,1.0,SetByBid
2025-12-22 12:50:05,2025-12-22T12:50:05,60.34,1.0,SetByBid
2025-12-22 12:50:05,2025-12-22T12:50:05,60.34,1.0,SetByBid
2025-12-22 12:50:05,2025-12-22T12:50:05,60.34,1.0,SetByBid
2025-12-22 12:50:06,2025-12-22T12:50:06,60.37,1.0,SetByAsk
2025-12-22 12:50:06,2025-12-22T12:50:06,60.37,1.0,SetByAsk
2025-12-22 12:50:06,2025-12-22T12:50:06,60.37,1.0,SetByAsk
2025-12-22 12:50:06,2025-12-22T12:50:06,60.37,1.0,SetByAsk
2025-12-22 12:50:29,2025-12-22T12:50:29,60.38,2.0,SetByAsk
2025-12-22 12:50:29,2025-12-22T12:50:29,60.38,1.0,SetByAsk
2025-12-22 12:50:29,2025-12-22T12:50:29,60.38,1.0,SetByAsk
2025-12-22 12:50:29,2025-12-22T12:50:29,60.38,1.0,SetByAsk
2025-12-22 12:50:29,2025-12-22T12:50:29,60.38,1.0,SetByAsk
2025-12-22 12:50:44,2025-12-22T12:50:44,60.39,1.0,SetByBid
2025-12-22 12:51:03,2025-12-22T12:51:03,60.38,2.0,SetByAsk
2025-12-22 12:51:03,2025-12-22T12:51:03,60.38,1.0,SetByAsk
2025-12-22 12:51:09,2025-12-22T12:51:09,60.4,5.0,SetByBid
2025-12-22 12:51:40,2025-12-22T12:51:40,60.39,1.0,SetByAsk
2025-12-22 12:51:40,2025-12-22T12:51:40,60.39,1.0,SetByAsk
2025-12-22 12:52:00,2025-12-22T12:52:00,60.41,1.0,SetByAsk
2025-12-22 12:52:00,2025-12-22T12:52:00,60.41,1.0,SetByAsk
2025-12-22 12:52:20,2025-12-22T12:52:20,60.4,1.0,SetByAsk
2025-12-22 12:52:33,2025-12-22T12:52:33,60.41,1.0,SetByBid
2025-12-22 12:52:33,2025-12-22T12:52:33,60.41,1.0,SetByBid
2025-12-22 12:53:28,2025-12-22T12:53:28,60.38,1.0,SetByAsk
2025-12-22 12:53:42,2025-12-22T12:53:42,60.38,1.0,SetByAsk
2025-12-22 12:56:10,2025-12-22T12:56:10,60.39,1.0,SetByBid
2025-12-22 12:56:10,2025-12-22T12:56:10,60.39,1.0,SetByAsk
2025-12-22 12:57:26,2025-12-22T12:57:26,60.4,1.0,SetByBid
2025-12-22 12:57:26,2025-12-22T12:57:26,60.4,1.0,SetByBid
2025-12-22 12:57:27,2025-12-22T12:57:27,60.4,1.0,SetByBid
2025-12-22 12:57:27,2025-12-22T12:57:27,60.4,9.0,SetByBid
2025-12-22 12:57:27,2025-12-22T12:57:27,60.4,1.0,SetByBid
2025-12-22 12:57:27,2025-12-22T12:57:27,60.4,1.0,SetByBid
2025-12-22 12:57:27,2025-12-22T12:57:27,60.4,1.0,SetByBid
2025-12-22 12:57:27,2025-12-22T12:57:27,60.4,2.0,SetByBid
2025-12-22 12:57:27,2025-12-22T12:57:27,60.4,3.0,SetByBid
2025-12-22 12:57:27,2025-12-22T12:57:27,60.4,4.0,SetByBid
2025-12-22 12:57:27,2025-12-22T12:57:27,60.4,1.0,SetByBid
2025-12-22 12:57:27,2025-12-22T12:57:27,60.4,5.0,SetByBid
2025-12-22 12:57:27,2025-12-22T12:57:27,60.4,5.0,SetByBid
2025-12-22 12:57:27,2025-12-22T12:57:27,60.4,5.0,SetByBid
2025-12-22 12:57:27,2025-12-22T12:57:27,60.4,6.0,SetByBid
2025-12-22 12:57:27,2025-12-22T12:57:27,60.4,1.0,SetByBid
2025-12-22 12:57:27,2025-12-22T12:57:27,60.4,1.0,SetByBid
2025-12-22 12:57:27,2025-12-22T12:57:27,60.4,1.0,SetByBid
2025-12-22 12:57:27,2025-12-22T12:57:27,60.4,1.0,SetByBid
2025-12-22 12:57:27,2025-12-22T12:57:27,60.4,1.0,SetByBid
2025-12-22 12:57:27,2025-12-22T12:57:27,60.41,1.0,SetByBid
2025-12-22 12:57:27,2025-12-22T12:57:27,60.41,1.0,SetByBid
2025-12-22 12:57:27,2025-12-22T12:57:27,60.41,1.0,SetByBid
2025-12-22 12:57:27,2025-12-22T12:57:27,60.41,1.0,SetByBid
2025-12-22 12:57:27,2025-12-22T12:57:27,60.42,1.0,SetByBid
2025-12-22 12:57:27,2025-12-22T12:57:27,60.42,1.0,SetByBid
2025-12-22 12:57:27,2025-12-22T12:57:27,60.42,1.0,SetByBid
2025-12-22 12:57:27,2025-12-22T12:57:27,60.42,1.0,SetByBid
2025-12-22 12:57:28,2025-12-22T12:57:28,60.42,1.0,SetByBid
2025-12-22 12:57:28,2025-12-22T12:57:28,60.41,1.0,SetByAsk
2025-12-22 12:57:28,2025-12-22T12:57:28,60.41,2.0,SetByAsk
2025-12-22 12:57:28,2025-12-22T12:57:28,60.41,1.0,SetByAsk
2025-12-22 12:57:28,2025-12-22T12:57:28,60.41,1.0,SetByAsk
2025-12-22 12:57:43,2025-12-22T12:57:43,60.42,1.0,SetByBid
2025-12-22 12:57:56,2025-12-22T12:57:56,60.43,1.0,SetByAsk
2025-12-22 12:58:28,2025-12-22T12:58:28,60.44,1.0,SetByBid
2025-12-22 12:58:28,2025-12-22T12:58:28,60.44,1.0,SetByBid
2025-12-22 12:58:28,2025-12-22T12:58:28,60.44,5.0,SetByBid
2025-12-22 12:58:31,2025-12-22T12:58:31,60.44,1.0,SetByBid
2025-12-22 12:58:42,2025-12-22T12:58:42,60.43,1.0,SetByAsk
2025-12-22 12:58:42,2025-12-22T12:58:42,60.43,1.0,SetByAsk
2025-12-22 12:58:42,2025-12-22T12:58:42,60.43,1.0,SetByBid
2025-12-22 13:00:00,2025-12-22T13:00:00,60.43,1.0,SetByBid
2025-12-22 13:00:00,2025-12-22T13:00:00,60.43,1.0,SetByBid
2025-12-22 13:00:00,2025-12-22T13:00:00,60.43,1.0,SetByBid
2025-12-22 13:00:00,2025-12-22T13:00:00,60.43,2.0,SetByBid
2025-12-22 13:00:00,2025-12-22T13:00:00,60.43,1.0,SetByBid
2025-12-22 13:00:00,2025-12-22T13:00:00,60.44,1.0,SetByBid
2025-12-22 13:00:00,2025-12-22T13:00:00,60.44,1.0,SetByBid
2025-12-22 13:00:00,2025-12-22T13:00:00,60.44,1.0,SetByBid
2025-12-22 13:00:00,2025-12-22T13:00:00,60.44,1.0,SetByBid
2025-12-22 13:00:00,2025-12-22T13:00:00,60.44,1.0,SetByBid
2025-12-22 13:00:00,2025-12-22T13:00:00,60.44,1.0,SetByBid
2025-12-22 13:00:00,2025-12-22T13:00:00,60.44,1.0,SetByBid
2025-12-22 13:00:00,2025-12-22T13:00:00,60.44,1.0,SetByBid
2025-12-22 13:00:00,2025-12-22T13:00:00,60.44,3.0,SetByBid
2025-12-22 13:00:00,2025-12-22T13:00:00,60.44,1.0,SetByBid
2025-12-22 13:00:00,2025-12-22T13:00:00,60.44,1.0,SetByBid
2025-12-22 13:00:00,2025-12-22T13:00:00,60.44,1.0,SetByBid
2025-12-22 13:00:00,2025-12-22T13:00:00,60.44,2.0,SetByBid
2025-12-22 13:00:01,2025-12-22T13:00:01,60.44,1.0,SetByBid
2025-12-22 13:00:04,2025-12-22T13:00:04,60.44,1.0,SetByAsk
2025-12-22 13:00:16,2025-12-22T13:00:16,60.46,1.0,SetByAsk
2025-12-22 13:00:21,2025-12-22T13:00:21,60.46,1.0,SetByAsk
2025-12-22 13:00:22,2025-12-22T13:00:22,60.47,1.0,SetByBid
2025-12-22 13:00:22,2025-12-22T13:00:22,60.47,1.0,SetByBid
2025-12-22 13:00:22,2025-12-22T13:00:22,60.47,6.0,SetByBid
2025-12-22 13:00:22,2025-12-22T13:00:22,60.46,1.0,SetByAsk
2025-12-22 13:00:22,2025-12-22T13:00:22,60.46,1.0,SetByAsk
2025-12-22 13:00:22,2025-12-22T13:00:22,60.46,1.0,SetByAsk
2025-12-22 13:00:22,2025-12-22T13:00:22,60.46,1.0,SetByBid
2025-12-22 13:00:22,2025-12-22T13:00:22,60.45,1.0,SetByAsk
2025-12-22 13:00:22,2025-12-22T13:00:22,60.45,1.0,SetByAsk
2025-12-22 13:00:22,2025-12-22T13:00:22,60.45,1.0,SetByAsk
2025-12-22 13:00:22,2025-12-22T13:00:22,60.45,1.0,SetByAsk
2025-12-22 13:00:22,2025-12-22T13:00:22,60.45,2.0,SetByAsk
2025-12-22 13:00:22,2025-12-22T13:00:22,60.45,1.0,SetByAsk
2025-12-22 13:00:22,2025-12-22T13:00:22,60.45,1.0,SetByAsk
2025-12-22 13:00:22,2025-12-22T13:00:22,60.47,1.0,SetByBid
2025-12-22 13:00:22,2025-12-22T13:00:22,60.47,1.0,SetByBid
2025-12-22 13:00:22,2025-12-22T13:00:22,60.47,1.0,SetByBid
2025-12-22 13:00:22,2025-12-22T13:00:22,60.46,1.0,SetByBid
2025-12-22 13:00:22,2025-12-22T13:00:22,60.46,1.0,SetByBid
2025-12-22 13:00:22,2025-12-22T13:00:22,60.46,1.0,SetByBid
2025-12-22 13:00:22,2025-12-22T13:00:22,60.46,1.0,SetByBid
2025-12-22 13:00:22,2025-12-22T13:00:22,60.46,1.0,SetByBid
2025-12-22 13:00:22,2025-12-22T13:00:22,60.46,1.0,SetByBid
2025-12-22 13:00:22,2025-12-22T13:00:22,60.46,1.0,SetByBid
2025-12-22 13:00:22,2025-12-22T13:00:22,60.48,1.0,SetByBid
2025-12-22 13:00:24,2025-12-22T13:00:24,60.47,1.0,SetByAsk
2025-12-22 13:00:24,2025-12-22T13:00:24,60.47,1.0,SetByAsk
2025-12-22 13:00:24,2025-12-22T13:00:24,60.47,1.0,SetByBid
2025-12-22 13:00:32,2025-12-22T13:00:32,60.46,1.0,SetByBid
2025-12-22 13:00:36,2025-12-22T13:00:36,60.44,1.0,SetByAsk
2025-12-22 13:00:36,2025-12-22T13:00:36,60.45,1.0,SetByBid
2025-12-22 13:00:40,2025-12-22T13:00:40,60.45,1.0,SetByBid
2025-12-22 13:00:51,2025-12-22T13:00:51,60.45,1.0,SetByBid
2025-12-22 13:00:51,2025-12-22T13:00:51,60.45,1.0,SetByBid
2025-12-22 13:00:51,2025-12-22T13:00:51,60.45,1.0,SetByAsk
2025-12-22 13:00:51,2025-12-22T13:00:51,60.45,1.0,SetByAsk
2025-12-22 13:00:55,2025-12-22T13:00:55,60.44,1.0,"SetByBid, Leg"
2025-12-22 13:00:55,2025-12-22T13:00:55,60.45,1.0,SetByBid
2025-12-22 13:01:23,2025-12-22T13:01:23,60.45,1.0,SetByAsk
2025-12-22 13:01:23,2025-12-22T13:01:23,60.45,1.0,SetByAsk
2025-12-22 13:01:23,2025-12-22T13:01:23,60.45,1.0,SetByAsk
2025-12-22 13:01:45,2025-12-22T13:01:45,60.45,1.0,SetByAsk
2025-12-22 13:01:48,2025-12-22T13:01:48,60.44,1.0,SetByAsk
2025-12-22 13:02:37,2025-12-22T13:02:37,60.4,7.0,SetByAsk
2025-12-22 13:02:37,2025-12-22T13:02:37,60.4,20.0,SetByAsk
2025-12-22 13:02:37,2025-12-22T13:02:37,60.41,1.0,SetByBid
2025-12-22 13:02:37,2025-12-22T13:02:37,60.4,1.0,SetByAsk
2025-12-22 13:02:38,2025-12-22T13:02:38,60.4,2.0,SetByAsk
2025-12-22 13:03:25,2025-12-22T13:03:25,60.41,1.0,SetByAsk
2025-12-22 13:03:37,2025-12-22T13:03:37,60.43,1.0,SetByBid
2025-12-22 13:04:17,2025-12-22T13:04:17,60.41,1.0,SetByAsk
2025-12-22 13:04:26,2025-12-22T13:04:26,60.39,1.0,SetByBid
2025-12-22 13:04:26,2025-12-22T13:04:26,60.4,1.0,SetByBid
2025-12-22 13:04:26,2025-12-22T13:04:26,60.4,1.0,SetByBid
2025-12-22 13:04:26,2025-12-22T13:04:26,60.4,1.0,SetByBid
2025-12-22 13:04:28,2025-12-22T13:04:28,60.41,1.0,SetByAsk
2025-12-22 13:04:31,2025-12-22T13:04:31,60.4,1.0,SetByAsk
2025-12-22 13:04:52,2025-12-22T13:04:52,60.38,1.0,SetByAsk
2025-12-22 13:04:52,2025-12-22T13:04:52,60.38,1.0,SetByAsk
2025-12-22 13:04:52,2025-12-22T13:04:52,60.38,3.0,SetByAsk
2025-12-22 13:04:52,2025-12-22T13:04:52,60.38,1.0,SetByAsk
2025-12-22 13:04:56,2025-12-22T13:04:56,60.38,1.0,SetByAsk
2025-12-22 13:05:21,2025-12-22T13:05:21,60.37,1.0,SetByAsk
2025-12-22 13:05:21,2025-12-22T13:05:21,60.37,1.0,SetByAsk
2025-12-22 13:07:03,2025-12-22T13:07:03,60.37,2.0,SetByAsk
2025-12-22 13:07:03,2025-12-22T13:07:03,60.37,1.0,SetByAsk
2025-12-22 13:07:35,2025-12-22T13:07:35,60.36,1.0,SetByBid
2025-12-22 13:07:49,2025-12-22T13:07:49,60.36,1.0,SetByBid
2025-12-22 13:07:49,2025-12-22T13:07:49,60.36,1.0,SetByBid
2025-12-22 13:07:51,2025-12-22T13:07:51,60.36,1.0,SetByBid
2025-12-22 13:07:51,2025-12-22T13:07:51,60.36,1.0,SetByBid
2025-12-22 13:07:51,2025-12-22T13:07:51,60.36,1.0,SetByBid
2025-12-22 13:07:51,2025-12-22T13:07:51,60.36,1.0,SetByBid
2025-12-22 13:07:51,2025-12-22T13:07:51,60.36,1.0,SetByBid
2025-12-22 13:07:51,2025-12-22T13:07:51,60.36,1.0,SetByBid
2025-12-22 13:07:51,2025-12-22T13:07:51,60.36,1.0,SetByBid
2025-12-22 13:07:51,2025-12-22T13:07:51,60.36,1.0,SetByBid
2025-12-22 13:08:24,2025-12-22T13:08:24,60.37,1.0,SetByBid
2025-12-22 13:08:53,2025-12-22T13:08:53,60.36,1.0,SetByBid
2025-12-22 13:08:53,2025-12-22T13:08:53,60.36,1.0,SetByBid
2025-12-22 13:09:04,2025-12-22T13:09:04,60.34,1.0,SetByBid
2025-12-22 13:09:04,2025-12-22T13:09:04,60.34,1.0,SetByBid
2025-12-22 13:11:05,2025-12-22T13:11:05,60.32,1.0,SetByAsk
2025-12-22 13:11:05,2025-12-22T13:11:05,60.32,1.0,SetByBid
2025-12-22 13:11:08,2025-12-22T13:11:08,60.31,1.0,SetByAsk
2025-12-22 13:11:13,2025-12-22T13:11:13,60.32,1.0,SetByBid
2025-12-22 13:11:21,2025-12-22T13:11:21,60.32,1.0,SetByBid
2025-12-22 13:11:32,2025-12-22T13:11:32,60.35,1.0,SetByBid
2025-12-22 13:11:32,2025-12-22T13:11:32,60.35,1.0,SetByBid
2025-12-22 13:11:32,2025-12-22T13:11:32,60.35,1.0,SetByBid
2025-12-22 13:12:41,2025-12-22T13:12:41,60.34,1.0,SetByBid
2025-12-22 13:13:06,2025-12-22T13:13:06,60.34,1.0,SetByBid
2025-12-22 13:13:30,2025-12-22T13:13:30,60.34,1.0,SetByBid
2025-12-22 13:13:30,2025-12-22T13:13:30,60.34,1.0,SetByBid
2025-12-22 13:13:30,2025-12-22T13:13:30,60.34,1.0,SetByBid
2025-12-22 13:13:30,2025-12-22T13:13:30,60.34,1.0,SetByBid
2025-12-22 13:13:30,2025-12-22T13:13:30,60.34,1.0,SetByBid
2025-12-22 13:13:30,2025-12-22T13:13:30,60.34,1.0,SetByBid
2025-12-22 13:13:30,2025-12-22T13:13:30,60.34,1.0,SetByBid
2025-12-22 13:13:30,2025-12-22T13:13:30,60.34,1.0,SetByBid
2025-12-22 13:13:30,2025-12-22T13:13:30,60.35,1.0,SetByBid
2025-12-22 13:13:30,2025-12-22T13:13:30,60.35,1.0,SetByBid
2025-12-22 13:13:30,2025-12-22T13:13:30,60.35,1.0,SetByBid
2025-12-22 13:13:30,2025-12-22T13:13:30,60.36,2.0,SetByBid
2025-12-22 13:13:30,2025-12-22T13:13:30,60.36,1.0,SetByBid
2025-12-22 13:13:30,2025-12-22T13:13:30,60.36,1.0,SetByBid
2025-12-22 13:13:36,2025-12-22T13:13:36,60.38,1.0,SetByBid
2025-12-22 13:13:39,2025-12-22T13:13:39,60.37,1.0,SetByAsk
2025-12-22 13:13:39,2025-12-22T13:13:39,60.37,1.0,SetByAsk
2025-12-22 13:13:39,2025-12-22T13:13:39,60.37,1.0,SetByAsk
2025-12-22 13:14:26,2025-12-22T13:14:26,60.37,1.0,SetByAsk
2025-12-22 13:14:26,2025-12-22T13:14:26,60.36,1.0,SetByAsk
2025-12-22 13:14:28,2025-12-22T13:14:28,60.35,1.0,SetByAsk
2025-12-22 13:14:39,2025-12-22T13:14:39,60.36,1.0,SetByAsk
2025-12-22 13:14:39,2025-12-22T13:14:39,60.36,9.0,SetByAsk
2025-12-22 13:14:45,2025-12-22T13:14:45,60.36,1.0,SetByAsk
2025-12-22 13:15:22,2025-12-22T13:15:22,60.34,1.0,SetByBid
2025-12-22 13:15:51,2025-12-22T13:15:51,60.34,2.0,"SetByAsk, Leg"
2025-12-22 13:15:51,2025-12-22T13:15:51,60.33,2.0,"SetByAsk, Leg"
2025-12-22 13:15:51,2025-12-22T13:15:51,60.34,1.0,"SetByAsk, Leg"
2025-12-22 13:15:51,2025-12-22T13:15:51,60.33,1.0,"SetByAsk, Leg"
2025-12-22 13:15:51,2025-12-22T13:15:51,60.33,1.0,SetByAsk
2025-12-22 13:15:51,2025-12-22T13:15:51,60.33,1.0,SetByAsk
2025-12-22 13:15:51,2025-12-22T13:15:51,60.33,1.0,SetByAsk
2025-12-22 13:15:51,2025-12-22T13:15:51,60.33,1.0,SetByAsk
2025-12-22 13:16:19,2025-12-22T13:16:19,60.35,1.0,SetByBid
2025-12-22 13:16:50,2025-12-22T13:16:50,60.37,1.0,SetByBid
2025-12-22 13:16:50,2025-12-22T13:16:50,60.37,1.0,SetByBid
2025-12-22 13:16:50,2025-12-22T13:16:50,60.37,1.0,SetByBid
2025-12-22 13:16:50,2025-12-22T13:16:50,60.37,2.0,SetByBid
2025-12-22 13:16:50,2025-12-22T13:16:50,60.37,1.0,SetByBid
2025-12-22 13:16:50,2025-12-22T13:16:50,60.37,1.0,SetByBid
2025-12-22 13:16:50,2025-12-22T13:16:50,60.37,3.0,SetByBid
2025-12-22 13:16:50,2025-12-22T13:16:50,60.38,1.0,SetByBid
2025-12-22 13:16:50,2025-12-22T13:16:50,60.38,1.0,SetByBid
2025-12-22 13:16:50,2025-12-22T13:16:50,60.38,1.0,SetByBid
2025-12-22 13:16:50,2025-12-22T13:16:50,60.38,1.0,SetByBid
2025-12-22 13:16:50,2025-12-22T13:16:50,60.38,1.0,SetByBid
2025-12-22 13:16:50,2025-12-22T13:16:50,60.38,1.0,SetByBid
2025-12-22 13:16:50,2025-12-22T13:16:50,60.38,1.0,SetByBid
2025-12-22 13:16:50,2025-12-22T13:16:50,60.38,1.0,SetByBid
2025-12-22 13:16:50,2025-12-22T13:16:50,60.38,1.0,SetByBid
2025-12-22 13:16:50,2025-12-22T13:16:50,60.38,1.0,SetByBid
2025-12-22 13:16:50,2025-12-22T13:16:50,60.38,1.0,SetByBid
2025-12-22 13:16:50,2025-12-22T13:16:50,60.38,1.0,SetByBid
2025-12-22 13:16:50,2025-12-22T13:16:50,60.38,1.0,SetByBid
2025-12-22 13:16:50,2025-12-22T13:16:50,60.38,1.0,SetByBid
2025-12-22 13:16:50,2025-12-22T13:16:50,60.38,1.0,SetByBid
2025-12-22 13:16:50,2025-12-22T13:16:50,60.38,1.0,SetByBid
2025-12-22 13:16:50,2025-12-22T13:16:50,60.38,1.0,SetByBid
2025-12-22 13:16:50,2025-12-22T13:16:50,60.38,1.0,SetByBid
2025-12-22 13:16:50,2025-12-22T13:16:50,60.38,1.0,SetByBid
2025-12-22 13:16:50,2025-12-22T13:16:50,60.38,1.0,SetByBid
2025-12-22 13:16:50,2025-12-22T13:16:50,60.38,1.0,SetByBid
2025-12-22 13:16:50,2025-12-22T13:16:50,60.38,1.0,SetByBid
2025-12-22 13:16:50,2025-12-22T13:16:50,60.38,1.0,SetByBid
2025-12-22 13:16:50,2025-12-22T13:16:50,60.38,1.0,SetByBid
2025-12-22 13:16:50,2025-12-22T13:16:50,60.38,1.0,SetByBid
2025-12-22 13:16:50,2025-12-22T13:16:50,60.38,1.0,SetByBid
2025-12-22 13:16:50,2025-12-22T13:16:50,60.38,1.0,SetByBid
2025-12-22 13:16:50,2025-12-22T13:16:50,60.38,2.0,SetByBid
2025-12-22 13:16:50,2025-12-22T13:16:50,60.38,1.0,SetByBid
2025-12-22 13:16:50,2025-12-22T13:16:50,60.37,1.0,SetByBid
2025-12-22 13:16:50,2025-12-22T13:16:50,60.37,1.0,SetByBid
2025-12-22 13:16:50,2025-12-22T13:16:50,60.37,1.0,SetByBid
2025-12-22 13:17:02,2025-12-22T13:17:02,60.36,1.0,SetByAsk
2025-12-22 13:17:10,2025-12-22T13:17:10,60.36,1.0,SetByBid
2025-12-22 13:17:10,2025-12-22T13:17:10,60.36,1.0,SetByBid
2025-12-22 13:17:10,2025-12-22T13:17:10,60.36,1.0,SetByBid
2025-12-22 13:17:10,2025-12-22T13:17:10,60.36,3.0,SetByBid
2025-12-22 13:17:10,2025-12-22T13:17:10,60.36,3.0,SetByBid
2025-12-22 13:17:10,2025-12-22T13:17:10,60.36,1.0,SetByBid
2025-12-22 13:17:10,2025-12-22T13:17:10,60.36,2.0,SetByBid
2025-12-22 13:17:10,2025-12-22T13:17:10,60.36,1.0,SetByBid
2025-12-22 13:17:10,2025-12-22T13:17:10,60.36,2.0,SetByAsk
2025-12-22 13:17:10,2025-12-22T13:17:10,60.36,1.0,SetByAsk
2025-12-22 13:17:10,2025-12-22T13:17:10,60.36,9.0,SetByAsk
2025-12-22 13:17:10,2025-12-22T13:17:10,60.36,3.0,SetByAsk
2025-12-22 13:17:10,2025-12-22T13:17:10,60.36,1.0,SetByAsk
2025-12-22 13:17:10,2025-12-22T13:17:10,60.37,1.0,SetByBid
2025-12-22 13:17:10,2025-12-22T13:17:10,60.37,1.0,SetByBid
2025-12-22 13:17:10,2025-12-22T13:17:10,60.37,1.0,SetByBid
2025-12-22 13:17:28,2025-12-22T13:17:28,60.35,1.0,SetByAsk
2025-12-22 13:17:28,2025-12-22T13:17:28,60.35,1.0,SetByAsk
2025-12-22 13:17:28,2025-12-22T13:17:28,60.35,1.0,SetByAsk
2025-12-22 13:17:28,2025-12-22T13:17:28,60.35,1.0,SetByAsk
2025-12-22 13:17:44,2025-12-22T13:17:44,60.35,1.0,SetByAsk
2025-12-22 13:19:05,2025-12-22T13:19:05,60.36,1.0,SetByBid
2025-12-22 13:19:09,2025-12-22T13:19:09,60.37,1.0,SetByBid
2025-12-22 13:19:09,2025-12-22T13:19:09,60.37,1.0,SetByBid
2025-12-22 13:20:11,2025-12-22T13:20:11,60.37,1.0,SetByAsk
2025-12-22 13:20:11,2025-12-22T13:20:11,60.37,1.0,SetByAsk
2025-12-22 13:20:34,2025-12-22T13:20:34,60.38,1.0,SetByBid
2025-12-22 13:20:34,2025-12-22T13:20:34,60.38,1.0,SetByBid
2025-12-22 13:20:34,2025-12-22T13:20:34,60.38,1.0,SetByBid
2025-12-22 13:20:34,2025-12-22T13:20:34,60.38,1.0,SetByBid
2025-12-22 13:20:34,2025-12-22T13:20:34,60.38,1.0,SetByBid
2025-12-22 13:20:34,2025-12-22T13:20:34,60.38,1.0,SetByBid
2025-12-22 13:21:39,2025-12-22T13:21:39,60.38,2.0,SetByBid
2025-12-22 13:21:42,2025-12-22T13:21:42,60.37,1.0,SetByAsk
2025-12-22 13:21:42,2025-12-22T13:21:42,60.37,1.0,SetByAsk
2025-12-22 13:21:42,2025-12-22T13:21:42,60.37,1.0,SetByAsk
2025-12-22 13:21:42,2025-12-22T13:21:42,60.37,1.0,SetByAsk
2025-12-22 13:21:42,2025-12-22T13:21:42,60.37,1.0,SetByAsk
2025-12-22 13:21:42,2025-12-22T13:21:42,60.37,2.0,SetByAsk
2025-12-22 13:21:42,2025-12-22T13:21:42,60.37,1.0,SetByAsk
2025-12-22 13:21:42,2025-12-22T13:21:42,60.37,1.0,SetByAsk
2025-12-22 13:21:42,2025-12-22T13:21:42,60.37,2.0,SetByAsk
2025-12-22 13:21:42,2025-12-22T13:21:42,60.37,1.0,SetByAsk
2025-12-22 13:21:42,2025-12-22T13:21:42,60.37,1.0,SetByAsk
2025-12-22 13:21:42,2025-12-22T13:21:42,60.37,1.0,SetByAsk
2025-12-22 13:21:42,2025-12-22T13:21:42,60.37,3.0,SetByAsk
2025-12-22 13:21:42,2025-12-22T13:21:42,60.37,1.0,SetByAsk
2025-12-22 13:21:42,2025-12-22T13:21:42,60.37,1.0,SetByAsk
2025-12-22 13:21:42,2025-12-22T13:21:42,60.37,1.0,SetByAsk
2025-12-22 13:21:42,2025-12-22T13:21:42,60.37,1.0,SetByAsk
2025-12-22 13:21:42,2025-12-22T13:21:42,60.37,1.0,SetByAsk
2025-12-22 13:21:42,2025-12-22T13:21:42,60.37,1.0,SetByAsk
2025-12-22 13:21:42,2025-12-22T13:21:42,60.37,2.0,SetByAsk
2025-12-22 13:21:42,2025-12-22T13:21:42,60.37,1.0,SetByAsk
2025-12-22 13:21:42,2025-12-22T13:21:42,60.37,5.0,SetByAsk
2025-12-22 13:21:42,2025-12-22T13:21:42,60.36,1.0,SetByAsk
2025-12-22 13:21:42,2025-12-22T13:21:42,60.36,1.0,SetByAsk
2025-12-22 13:21:42,2025-12-22T13:21:42,60.36,1.0,SetByAsk
2025-12-22 13:21:42,2025-12-22T13:21:42,60.36,1.0,SetByAsk
2025-12-22 13:21:42,2025-12-22T13:21:42,60.36,2.0,SetByAsk
2025-12-22 13:21:42,2025-12-22T13:21:42,60.36,1.0,SetByAsk
2025-12-22 13:21:42,2025-12-22T13:21:42,60.36,1.0,SetByAsk
2025-12-22 13:21:42,2025-12-22T13:21:42,60.36,2.0,SetByAsk
2025-12-22 13:21:42,2025-12-22T13:21:42,60.36,1.0,SetByAsk
2025-12-22 13:21:42,2025-12-22T13:21:42,60.36,1.0,SetByAsk
2025-12-22 13:21:42,2025-12-22T13:21:42,60.36,1.0,SetByAsk
2025-12-22 13:21:42,2025-12-22T13:21:42,60.36,1.0,SetByAsk
2025-12-22 13:21:42,2025-12-22T13:21:42,60.36,3.0,SetByAsk
2025-12-22 13:21:42,2025-12-22T13:21:42,60.36,1.0,SetByAsk
2025-12-22 13:21:42,2025-12-22T13:21:42,60.36,2.0,SetByAsk
2025-12-22 13:21:42,2025-12-22T13:21:42,60.36,4.0,SetByAsk
2025-12-22 13:21:42,2025-12-22T13:21:42,60.36,2.0,SetByAsk
2025-12-22 13:21:42,2025-12-22T13:21:42,60.36,1.0,SetByAsk
2025-12-22 13:21:42,2025-12-22T13:21:42,60.36,3.0,SetByAsk
2025-12-22 13:21:42,2025-12-22T13:21:42,60.36,2.0,SetByAsk
2025-12-22 13:21:42,2025-12-22T13:21:42,60.36,1.0,SetByAsk
2025-12-22 13:21:42,2025-12-22T13:21:42,60.36,1.0,SetByAsk
2025-12-22 13:21:42,2025-12-22T13:21:42,60.36,1.0,SetByAsk
2025-12-22 13:21:42,2025-12-22T13:21:42,60.36,1.0,SetByAsk
2025-12-22 13:21:42,2025-12-22T13:21:42,60.36,2.0,SetByAsk
2025-12-22 13:21:42,2025-12-22T13:21:42,60.36,4.0,SetByAsk
2025-12-22 13:21:42,2025-12-22T13:21:42,60.36,1.0,SetByAsk
2025-12-22 13:21:42,2025-12-22T13:21:42,60.36,1.0,SetByAsk
2025-12-22 13:21:42,2025-12-22T13:21:42,60.36,1.0,SetByAsk
2025-12-22 13:21:42,2025-12-22T13:21:42,60.36,1.0,SetByAsk
2025-12-22 13:21:42,2025-12-22T13:21:42,60.36,1.0,SetByAsk
2025-12-22 13:21:42,2025-12-22T13:21:42,60.36,5.0,SetByAsk
2025-12-22 13:21:42,2025-12-22T13:21:42,60.36,2.0,SetByAsk
2025-12-22 13:21:42,2025-12-22T13:21:42,60.37,1.0,SetByBid
2025-12-22 13:21:42,2025-12-22T13:21:42,60.37,1.0,SetByBid
2025-12-22 13:21:42,2025-12-22T13:21:42,60.37,1.0,SetByBid
2025-12-22 13:21:42,2025-12-22T13:21:42,60.37,1.0,SetByBid
2025-12-22 13:21:42,2025-12-22T13:21:42,60.37,1.0,SetByBid
2025-12-22 13:21:42,2025-12-22T13:21:42,60.37,1.0,SetByBid
2025-12-22 13:21:42,2025-12-22T13:21:42,60.37,1.0,SetByBid
2025-12-22 13:21:42,2025-12-22T13:21:42,60.37,1.0,SetByBid
2025-12-22 13:21:42,2025-12-22T13:21:42,60.38,1.0,SetByBid
2025-12-22 13:21:42,2025-12-22T13:21:42,60.38,1.0,SetByBid
2025-12-22 13:21:42,2025-12-22T13:21:42,60.38,1.0,SetByBid
2025-12-22 13:22:06,2025-12-22T13:22:06,60.36,1.0,SetByAsk
2025-12-22 13:22:06,2025-12-22T13:22:06,60.36,1.0,SetByAsk
2025-12-22 13:22:06,2025-12-22T13:22:06,60.36,1.0,SetByAsk
2025-12-22 13:22:06,2025-12-22T13:22:06,60.36,1.0,SetByAsk
2025-12-22 13:22:06,2025-12-22T13:22:06,60.36,1.0,SetByAsk
2025-12-22 13:23:20,2025-12-22T13:23:20,60.33,1.0,SetByBid
2025-12-22 13:23:44,2025-12-22T13:23:44,60.31,2.0,SetByAsk
2025-12-22 13:24:56,2025-12-22T13:24:56,60.34,1.0,SetByBid
2025-12-22 13:24:58,2025-12-22T13:24:58,60.34,1.0,SetByAsk
2025-12-22 13:25:06,2025-12-22T13:25:06,60.35,1.0,SetByBid
2025-12-22 13:25:06,2025-12-22T13:25:06,60.35,1.0,SetByBid
2025-12-22 13:25:06,2025-12-22T13:25:06,60.35,1.0,SetByBid
2025-12-22 13:25:06,2025-12-22T13:25:06,60.35,1.0,SetByBid
2025-12-22 13:25:17,2025-12-22T13:25:17,60.35,2.0,SetByAsk
2025-12-22 13:26:04,2025-12-22T13:26:04,60.35,1.0,SetByBid
2025-12-22 13:27:38,2025-12-22T13:27:38,60.35,1.0,SetByBid
2025-12-22 13:27:38,2025-12-22T13:27:38,60.35,2.0,SetByBid
2025-12-22 13:27:52,2025-12-22T13:27:52,60.34,1.0,SetByAsk
2025-12-22 13:27:52,2025-12-22T13:27:52,60.34,1.0,SetByAsk
2025-12-22 13:27:52,2025-12-22T13:27:52,60.34,1.0,SetByBid
2025-12-22 13:28:28,2025-12-22T13:28:28,60.33,1.0,SetByBid
2025-12-22 13:28:45,2025-12-22T13:28:45,60.32,1.0,SetByBid
2025-12-22 13:28:45,2025-12-22T13:28:45,60.32,1.0,SetByBid
2025-12-22 13:28:45,2025-12-22T13:28:45,60.32,1.0,SetByBid
2025-12-22 13:28:49,2025-12-22T13:28:49,60.31,1.0,SetByAsk
2025-12-22 13:28:49,2025-12-22T13:28:49,60.31,2.0,SetByBid
2025-12-22 13:28:49,2025-12-22T13:28:49,60.31,5.0,SetByBid
2025-12-22 13:28:49,2025-12-22T13:28:49,60.31,8.0,SetByBid
2025-12-22 13:28:49,2025-12-22T13:28:49,60.31,1.0,SetByBid
2025-12-22 13:28:49,2025-12-22T13:28:49,60.31,1.0,SetByBid
2025-12-22 13:28:49,2025-12-22T13:28:49,60.31,3.0,SetByBid
2025-12-22 13:28:49,2025-12-22T13:28:49,60.31,1.0,SetByBid
2025-12-22 13:28:49,2025-12-22T13:28:49,60.32,1.0,SetByBid
2025-12-22 13:28:49,2025-12-22T13:28:49,60.32,1.0,SetByBid
2025-12-22 13:28:49,2025-12-22T13:28:49,60.32,1.0,SetByBid
2025-12-22 13:28:58,2025-12-22T13:28:58,60.3,1.0,SetByAsk
2025-12-22 13:28:58,2025-12-22T13:28:58,60.3,1.0,SetByBid
2025-12-22 13:29:03,2025-12-22T13:29:03,60.31,1.0,SetByBid
2025-12-22 13:29:16,2025-12-22T13:29:16,60.29,1.0,SetByAsk
2025-12-22 13:29:16,2025-12-22T13:29:16,60.29,2.0,SetByAsk
2025-12-22 13:29:16,2025-12-22T13:29:16,60.29,2.0,SetByAsk
2025-12-22 13:29:16,2025-12-22T13:29:16,60.3,1.0,SetByBid
2025-12-22 13:29:29,2025-12-22T13:29:29,60.29,1.0,SetByBid
2025-12-22 13:29:31,2025-12-22T13:29:31,60.27,1.0,SetByBid
2025-12-22 13:29:31,2025-12-22T13:29:31,60.27,1.0,SetByBid
2025-12-22 13:29:57,2025-12-22T13:29:57,60.27,1.0,SetByBid
2025-12-22 13:29:58,2025-12-22T13:29:58,60.27,1.0,SetByBid
2025-12-22 13:30:02,2025-12-22T13:30:02,60.26,1.0,SetByAsk
2025-12-22 13:30:02,2025-12-22T13:30:02,60.27,1.0,SetByBid
2025-12-22 13:30:05,2025-12-22T13:30:05,60.26,1.0,SetByAsk
2025-12-22 13:30:05,2025-12-22T13:30:05,60.27,1.0,SetByBid
2025-12-22 13:30:05,2025-12-22T13:30:05,60.27,1.0,SetByBid
2025-12-22 13:30:05,2025-12-22T13:30:05,60.26,1.0,SetByAsk
2025-12-22 13:30:05,2025-12-22T13:30:05,60.26,1.0,SetByAsk
2025-12-22 13:30:05,2025-12-22T13:30:05,60.26,1.0,SetByAsk
2025-12-22 13:30:05,2025-12-22T13:30:05,60.26,1.0,SetByAsk
2025-12-22 13:30:05,2025-12-22T13:30:05,60.27,1.0,SetByBid
2025-12-22 13:30:09,2025-12-22T13:30:09,60.26,1.0,SetByAsk
2025-12-22 13:30:09,2025-12-22T13:30:09,60.26,1.0,SetByAsk
2025-12-22 13:30:11,2025-12-22T13:30:11,60.26,1.0,SetByBid
2025-12-22 13:30:11,2025-12-22T13:30:11,60.26,1.0,SetByBid
2025-12-22 13:30:11,2025-12-22T13:30:11,60.26,1.0,SetByBid
2025-12-22 13:30:11,2025-12-22T13:30:11,60.26,4.0,SetByBid
2025-12-22 13:30:11,2025-12-22T13:30:11,60.26,1.0,SetByBid
2025-12-22 13:30:20,2025-12-22T13:30:20,60.25,1.0,SetByAsk
2025-12-22 13:30:23,2025-12-22T13:30:23,60.24,1.0,SetByAsk
2025-12-22 13:30:23,2025-12-22T13:30:23,60.24,2.0,SetByAsk
2025-12-22 13:30:40,2025-12-22T13:30:40,60.27,1.0,SetByAsk
2025-12-22 13:30:50,2025-12-22T13:30:50,60.28,1.0,SetByBid
2025-12-22 13:31:21,2025-12-22T13:31:21,60.29,1.0,SetByBid
2025-12-22 13:31:50,2025-12-22T13:31:50,60.31,1.0,SetByBid
2025-12-22 13:31:50,2025-12-22T13:31:50,60.31,1.0,SetByBid
2025-12-22 13:31:56,2025-12-22T13:31:56,60.31,2.0,SetByBid
2025-12-22 13:31:56,2025-12-22T13:31:56,60.31,2.0,SetByBid
2025-12-22 13:31:56,2025-12-22T13:31:56,60.32,1.0,SetByBid
2025-12-22 13:31:56,2025-12-22T13:31:56,60.32,1.0,SetByBid
2025-12-22 13:31:56,2025-12-22T13:31:56,60.32,1.0,SetByBid
2025-12-22 13:31:56,2025-12-22T13:31:56,60.32,1.0,SetByBid
2025-12-22 13:31:56,2025-12-22T13:31:56,60.32,1.0,SetByBid
2025-12-22 13:31:56,2025-12-22T13:31:56,60.32,1.0,SetByBid
2025-12-22 13:32:13,2025-12-22T13:32:13,60.32,1.0,SetByAsk
2025-12-22 13:32:14,2025-12-22T13:32:14,60.32,1.0,SetByBid
2025-12-22 13:33:19,2025-12-22T13:33:19,60.35,1.0,SetByAsk
2025-12-22 13:33:19,2025-12-22T13:33:19,60.34,1.0,SetByAsk
2025-12-22 13:33:19,2025-12-22T13:33:19,60.34,1.0,SetByAsk
2025-12-22 13:33:19,2025-12-22T13:33:19,60.34,1.0,SetByAsk
2025-12-22 13:33:19,2025-12-22T13:33:19,60.34,1.0,SetByAsk
2025-12-22 13:33:29,2025-12-22T13:33:29,60.33,2.0,SetByAsk
2025-12-22 13:33:29,2025-12-22T13:33:29,60.33,1.0,SetByAsk
2025-12-22 13:33:29,2025-12-22T13:33:29,60.34,1.0,SetByBid
2025-12-22 13:33:30,2025-12-22T13:33:30,60.33,1.0,SetByAsk
2025-12-22 13:33:31,2025-12-22T13:33:31,60.33,1.0,SetByBid
2025-12-22 13:33:41,2025-12-22T13:33:41,60.35,1.0,SetByBid
2025-12-22 13:33:41,2025-12-22T13:33:41,60.35,1.0,SetByBid
2025-12-22 13:33:41,2025-12-22T13:33:41,60.35,1.0,SetByBid
2025-12-22 13:33:41,2025-12-22T13:33:41,60.35,1.0,SetByBid
2025-12-22 13:33:41,2025-12-22T13:33:41,60.35,1.0,SetByBid
2025-12-22 13:33:41,2025-12-22T13:33:41,60.35,1.0,SetByBid
2025-12-22 13:33:41,2025-12-22T13:33:41,60.35,3.0,SetByBid
2025-12-22 13:33:41,2025-12-22T13:33:41,60.35,1.0,SetByBid
2025-12-22 13:33:41,2025-12-22T13:33:41,60.35,1.0,SetByBid
2025-12-22 13:34:06,2025-12-22T13:34:06,60.35,1.0,SetByBid
2025-12-22 13:34:06,2025-12-22T13:34:06,60.35,1.0,SetByBid
2025-12-22 13:34:06,2025-12-22T13:34:06,60.35,1.0,SetByBid
2025-12-22 13:34:06,2025-12-22T13:34:06,60.35,1.0,SetByBid
2025-12-22 13:34:06,2025-12-22T13:34:06,60.35,1.0,SetByBid
2025-12-22 13:34:06,2025-12-22T13:34:06,60.35,2.0,SetByBid
2025-12-22 13:34:07,2025-12-22T13:34:07,60.35,1.0,SetByBid
2025-12-22 13:34:07,2025-12-22T13:34:07,60.35,1.0,SetByBid
2025-12-22 13:34:07,2025-12-22T13:34:07,60.35,1.0,SetByBid
2025-12-22 13:34:07,2025-12-22T13:34:07,60.35,1.0,SetByBid
2025-12-22 13:34:27,2025-12-22T13:34:27,60.36,1.0,SetByAsk
2025-12-22 13:34:27,2025-12-22T13:34:27,60.36,1.0,SetByAsk
2025-12-22 13:34:32,2025-12-22T13:34:32,60.36,1.0,SetByBid
2025-12-22 13:35:05,2025-12-22T13:35:05,60.35,1.0,SetByBid
2025-12-22 13:35:05,2025-12-22T13:35:05,60.35,1.0,SetByBid
2025-12-22 13:35:05,2025-12-22T13:35:05,60.35,1.0,SetByBid
2025-12-22 13:35:05,2025-12-22T13:35:05,60.35,1.0,SetByBid
2025-12-22 13:35:05,2025-12-22T13:35:05,60.35,1.0,SetByBid
2025-12-22 13:35:21,2025-12-22T13:35:21,60.37,1.0,SetByAsk
2025-12-22 13:35:27,2025-12-22T13:35:27,60.39,1.0,SetByBid
2025-12-22 13:35:27,2025-12-22T13:35:27,60.39,1.0,SetByBid
2025-12-22 13:35:27,2025-12-22T13:35:27,60.39,1.0,SetByBid
2025-12-22 13:35:27,2025-12-22T13:35:27,60.39,1.0,SetByBid
2025-12-22 13:35:27,2025-12-22T13:35:27,60.39,1.0,SetByBid
2025-12-22 13:35:27,2025-12-22T13:35:27,60.39,1.0,SetByBid
2025-12-22 13:35:27,2025-12-22T13:35:27,60.39,1.0,SetByBid
2025-12-22 13:35:27,2025-12-22T13:35:27,60.39,1.0,SetByBid
2025-12-22 13:35:27,2025-12-22T13:35:27,60.39,1.0,SetByBid
2025-12-22 13:35:27,2025-12-22T13:35:27,60.39,1.0,SetByBid
2025-12-22 13:35:27,2025-12-22T13:35:27,60.39,1.0,SetByBid
2025-12-22 13:35:39,2025-12-22T13:35:39,60.37,1.0,SetByAsk
2025-12-22 13:35:39,2025-12-22T13:35:39,60.37,1.0,SetByAsk
2025-12-22 13:35:39,2025-12-22T13:35:39,60.37,1.0,SetByAsk
2025-12-22 13:35:46,2025-12-22T13:35:46,60.35,1.0,SetByAsk
2025-12-22 13:35:46,2025-12-22T13:35:46,60.35,1.0,SetByAsk
2025-12-22 13:35:46,2025-12-22T13:35:46,60.35,2.0,SetByAsk
2025-12-22 13:35:51,2025-12-22T13:35:51,60.34,1.0,SetByBid
2025-12-22 13:36:45,2025-12-22T13:36:45,60.34,1.0,SetByBid
2025-12-22 13:36:45,2025-12-22T13:36:45,60.34,1.0,SetByBid
2025-12-22 13:37:06,2025-12-22T13:37:06,60.34,1.0,SetByBid
2025-12-22 13:37:12,2025-12-22T13:37:12,60.35,1.0,SetByBid
2025-12-22 13:37:12,2025-12-22T13:37:12,60.36,1.0,SetByBid
2025-12-22 13:37:12,2025-12-22T13:37:12,60.36,1.0,SetByBid
2025-12-22 13:37:12,2025-12-22T13:37:12,60.36,1.0,SetByBid
2025-12-22 13:37:12,2025-12-22T13:37:12,60.36,1.0,SetByBid
2025-12-22 13:37:12,2025-12-22T13:37:12,60.36,1.0,SetByBid
2025-12-22 13:37:12,2025-12-22T13:37:12,60.36,1.0,SetByBid
2025-12-22 13:37:12,2025-12-22T13:37:12,60.36,1.0,SetByBid
2025-12-22 13:37:12,2025-12-22T13:37:12,60.36,1.0,SetByBid
2025-12-22 13:37:12,2025-12-22T13:37:12,60.36,1.0,SetByBid
2025-12-22 13:37:12,2025-12-22T13:37:12,60.36,2.0,SetByBid
2025-12-22 13:38:02,2025-12-22T13:38:02,60.34,2.0,SetByAsk
2025-12-22 13:38:02,2025-12-22T13:38:02,60.34,1.0,SetByAsk
2025-12-22 13:38:02,2025-12-22T13:38:02,60.33,1.0,SetByBid
2025-12-22 13:38:47,2025-12-22T13:38:47,60.36,1.0,SetByBid
2025-12-22 13:38:53,2025-12-22T13:38:53,60.35,1.0,SetByBid
2025-12-22 13:38:53,2025-12-22T13:38:53,60.35,1.0,SetByBid
2025-12-22 13:38:53,2025-12-22T13:38:53,60.35,1.0,SetByBid
2025-12-22 13:38:53,2025-12-22T13:38:53,60.35,1.0,SetByBid
2025-12-22 13:38:53,2025-12-22T13:38:53,60.35,3.0,SetByBid
2025-12-22 13:39:37,2025-12-22T13:39:37,60.32,1.0,SetByBid
2025-12-22 13:39:54,2025-12-22T13:39:54,60.31,2.0,SetByBid
2025-12-22 13:39:54,2025-12-22T13:39:54,60.31,2.0,SetByBid
2025-12-22 13:39:54,2025-12-22T13:39:54,60.31,1.0,SetByBid
2025-12-22 13:40:02,2025-12-22T13:40:02,60.31,1.0,SetByBid
2025-12-22 13:40:02,2025-12-22T13:40:02,60.31,1.0,SetByBid
2025-12-22 13:40:02,2025-12-22T13:40:02,60.31,1.0,SetByBid
2025-12-22 13:40:02,2025-12-22T13:40:02,60.31,1.0,SetByBid
2025-12-22 13:40:05,2025-12-22T13:40:05,60.31,1.0,SetByBid
2025-12-22 13:40:13,2025-12-22T13:40:13,60.3,1.0,SetByAsk
2025-12-22 13:40:16,2025-12-22T13:40:16,60.29,1.0,SetByBid
2025-12-22 13:40:21,2025-12-22T13:40:21,60.3,1.0,SetByBid
2025-12-22 13:40:21,2025-12-22T13:40:21,60.3,1.0,SetByBid
2025-12-22 13:40:21,2025-12-22T13:40:21,60.3,1.0,SetByBid
2025-12-22 13:40:21,2025-12-22T13:40:21,60.31,1.0,SetByBid
2025-12-22 13:40:29,2025-12-22T13:40:29,60.32,1.0,SetByBid
2025-12-22 13:40:29,2025-12-22T13:40:29,60.32,1.0,SetByAsk
2025-12-22 13:40:29,2025-12-22T13:40:29,60.32,1.0,SetByAsk
2025-12-22 13:40:44,2025-12-22T13:40:44,60.36,1.0,SetByBid
2025-12-22 13:40:44,2025-12-22T13:40:44,60.36,1.0,SetByBid
2025-12-22 13:40:44,2025-12-22T13:40:44,60.36,1.0,SetByBid
2025-12-22 13:40:44,2025-12-22T13:40:44,60.36,1.0,SetByBid
2025-12-22 13:40:44,2025-12-22T13:40:44,60.36,3.0,SetByBid
2025-12-22 13:40:44,2025-12-22T13:40:44,60.36,2.0,SetByBid
2025-12-22 13:40:44,2025-12-22T13:40:44,60.36,2.0,SetByBid
2025-12-22 13:40:51,2025-12-22T13:40:51,60.37,1.0,SetByAsk
2025-12-22 13:40:51,2025-12-22T13:40:51,60.37,1.0,SetByAsk
2025-12-22 13:40:51,2025-12-22T13:40:51,60.37,1.0,SetByAsk
2025-12-22 13:40:58,2025-12-22T13:40:58,60.36,1.0,SetByAsk
2025-12-22 13:40:58,2025-12-22T13:40:58,60.36,1.0,SetByAsk
2025-12-22 13:42:14,2025-12-22T13:42:14,60.34,1.0,SetByAsk
2025-12-22 13:42:14,2025-12-22T13:42:14,60.34,1.0,SetByAsk
2025-12-22 13:42:29,2025-12-22T13:42:29,60.36,1.0,SetByBid
2025-12-22 13:42:29,2025-12-22T13:42:29,60.36,1.0,SetByBid
2025-12-22 13:42:29,2025-12-22T13:42:29,60.36,5.0,SetByBid
2025-12-22 13:42:29,2025-12-22T13:42:29,60.37,1.0,SetByBid
2025-12-22 13:42:29,2025-12-22T13:42:29,60.37,1.0,SetByBid
2025-12-22 13:42:29,2025-12-22T13:42:29,60.37,1.0,SetByBid
2025-12-22 13:43:21,2025-12-22T13:43:21,60.35,1.0,SetByAsk
2025-12-22 13:44:15,2025-12-22T13:44:15,60.38,1.0,SetByBid
2025-12-22 13:44:15,2025-12-22T13:44:15,60.38,1.0,SetByBid
2025-12-22 13:44:15,2025-12-22T13:44:15,60.38,1.0,SetByBid
2025-12-22 13:44:15,2025-12-22T13:44:15,60.38,1.0,SetByBid
2025-12-22 13:44:15,2025-12-22T13:44:15,60.38,2.0,SetByBid
2025-12-22 13:44:15,2025-12-22T13:44:15,60.38,2.0,SetByBid
2025-12-22 13:44:15,2025-12-22T13:44:15,60.38,1.0,SetByBid
2025-12-22 13:44:15,2025-12-22T13:44:15,60.38,1.0,SetByBid
2025-12-22 13:44:15,2025-12-22T13:44:15,60.38,1.0,SetByBid
2025-12-22 13:44:20,2025-12-22T13:44:20,60.38,1.0,SetByBid
2025-12-22 13:44:55,2025-12-22T13:44:55,60.36,1.0,SetByAsk
2025-12-22 13:44:55,2025-12-22T13:44:55,60.36,1.0,SetByAsk
2025-12-22 13:45:28,2025-12-22T13:45:28,60.36,2.0,SetByAsk
2025-12-22 13:45:39,2025-12-22T13:45:39,60.35,1.0,SetByAsk
2025-12-22 13:45:39,2025-12-22T13:45:39,60.35,1.0,SetByAsk
2025-12-22 13:45:39,2025-12-22T13:45:39,60.35,3.0,SetByAsk
2025-12-22 13:45:39,2025-12-22T13:45:39,60.35,1.0,SetByBid
2025-12-22 13:45:39,2025-12-22T13:45:39,60.35,1.0,SetByBid
2025-12-22 13:45:39,2025-12-22T13:45:39,60.35,1.0,SetByBid
2025-12-22 13:45:51,2025-12-22T13:45:51,60.35,1.0,SetByBid
2025-12-22 13:46:00,2025-12-22T13:46:00,60.35,1.0,SetByBid
2025-12-22 13:46:00,2025-12-22T13:46:00,60.35,2.0,SetByBid
2025-12-22 13:46:00,2025-12-22T13:46:00,60.35,1.0,SetByBid
2025-12-22 13:46:00,2025-12-22T13:46:00,60.35,2.0,SetByBid
2025-12-22 13:46:00,2025-12-22T13:46:00,60.35,1.0,SetByBid
2025-12-22 13:46:00,2025-12-22T13:46:00,60.35,1.0,SetByBid
2025-12-22 13:46:00,2025-12-22T13:46:00,60.35,3.0,SetByBid
2025-12-22 13:47:05,2025-12-22T13:47:05,60.34,1.0,SetByBid
2025-12-22 13:47:05,2025-12-22T13:47:05,60.34,1.0,SetByBid
2025-12-22 13:47:05,2025-12-22T13:47:05,60.34,1.0,SetByBid
2025-12-22 13:47:46,2025-12-22T13:47:46,60.35,1.0,SetByBid
2025-12-22 13:47:46,2025-12-22T13:47:46,60.35,1.0,SetByBid
2025-12-22 13:47:46,2025-12-22T13:47:46,60.35,1.0,SetByBid
2025-12-22 13:47:46,2025-12-22T13:47:46,60.35,1.0,SetByBid
2025-12-22 13:47:46,2025-12-22T13:47:46,60.35,1.0,SetByBid
2025-12-22 13:47:46,2025-12-22T13:47:46,60.35,1.0,SetByBid
2025-12-22 13:47:46,2025-12-22T13:47:46,60.35,1.0,SetByBid
2025-12-22 13:48:43,2025-12-22T13:48:43,60.36,1.0,SetByAsk
2025-12-22 13:48:43,2025-12-22T13:48:43,60.36,1.0,SetByAsk
2025-12-22 13:48:43,2025-12-22T13:48:43,60.36,2.0,SetByAsk
2025-12-22 13:49:04,2025-12-22T13:49:04,60.37,1.0,SetByBid
2025-12-22 13:49:04,2025-12-22T13:49:04,60.37,1.0,SetByBid
2025-12-22 13:49:04,2025-12-22T13:49:04,60.37,1.0,SetByBid
2025-12-22 13:49:04,2025-12-22T13:49:04,60.37,1.0,SetByBid
2025-12-22 13:49:04,2025-12-22T13:49:04,60.37,1.0,SetByBid
2025-12-22 13:49:10,2025-12-22T13:49:10,60.37,1.0,SetByBid
2025-12-22 13:49:10,2025-12-22T13:49:10,60.37,2.0,SetByBid
2025-12-22 13:49:17,2025-12-22T13:49:17,60.37,1.0,SetByAsk
2025-12-22 13:49:17,2025-12-22T13:49:17,60.37,1.0,SetByAsk
2025-12-22 13:49:32,2025-12-22T13:49:32,60.38,1.0,SetByBid
2025-12-22 13:49:32,2025-12-22T13:49:32,60.38,1.0,SetByBid
2025-12-22 13:49:32,2025-12-22T13:49:32,60.39,1.0,SetByBid
2025-12-22 13:49:32,2025-12-22T13:49:32,60.39,1.0,SetByBid
2025-12-22 13:49:32,2025-12-22T13:49:32,60.39,1.0,SetByBid
2025-12-22 13:49:32,2025-12-22T13:49:32,60.39,1.0,SetByBid
2025-12-22 13:49:32,2025-12-22T13:49:32,60.39,1.0,SetByBid
2025-12-22 13:49:32,2025-12-22T13:49:32,60.39,1.0,SetByBid
2025-12-22 13:49:32,2025-12-22T13:49:32,60.39,1.0,SetByBid
2025-12-22 13:49:32,2025-12-22T13:49:32,60.39,1.0,SetByBid
2025-12-22 13:49:32,2025-12-22T13:49:32,60.39,1.0,SetByBid
2025-12-22 13:51:17,2025-12-22T13:51:17,60.37,1.0,SetByBid
2025-12-22 13:51:17,2025-12-22T13:51:17,60.37,1.0,SetByBid
2025-12-22 13:51:17,2025-12-22T13:51:17,60.38,1.0,SetByBid
2025-12-22 13:51:17,2025-12-22T13:51:17,60.38,1.0,SetByBid
2025-12-22 13:51:17,2025-12-22T13:51:17,60.38,1.0,SetByBid
2025-12-22 13:51:17,2025-12-22T13:51:17,60.38,1.0,SetByBid
2025-12-22 13:51:17,2025-12-22T13:51:17,60.38,1.0,SetByBid
2025-12-22 13:51:17,2025-12-22T13:51:17,60.38,1.0,SetByBid
2025-12-22 13:51:17,2025-12-22T13:51:17,60.38,2.0,SetByBid
2025-12-22 13:51:17,2025-12-22T13:51:17,60.38,1.0,SetByBid
2025-12-22 13:51:22,2025-12-22T13:51:22,60.38,1.0,SetByBid
2025-12-22 13:51:56,2025-12-22T13:51:56,60.36,1.0,SetByAsk
2025-12-22 13:51:56,2025-12-22T13:51:56,60.36,1.0,SetByAsk
2025-12-22 13:51:56,2025-12-22T13:51:56,60.36,1.0,SetByAsk
2025-12-22 13:51:56,2025-12-22T13:51:56,60.36,1.0,"SetByAsk, Leg"
2025-12-22 13:51:56,2025-12-22T13:51:56,60.35,1.0,"SetByAsk, Leg"
2025-12-22 13:52:11,2025-12-22T13:52:11,60.36,1.0,SetByBid
2025-12-22 13:53:03,2025-12-22T13:53:03,60.39,10.0,SetByBid
2025-12-22 13:53:48,2025-12-22T13:53:48,60.41,1.0,SetByBid
2025-12-22 13:53:50,2025-12-22T13:53:50,60.41,1.0,SetByAsk
2025-12-22 13:53:50,2025-12-22T13:53:50,60.41,1.0,SetByAsk
2025-12-22 13:53:50,2025-12-22T13:53:50,60.41,1.0,SetByAsk
2025-12-22 13:53:51,2025-12-22T13:53:51,60.41,1.0,SetByAsk
2025-12-22 13:53:51,2025-12-22T13:53:51,60.41,1.0,SetByAsk
2025-12-22 13:54:48,2025-12-22T13:54:48,60.42,1.0,SetByBid
2025-12-22 13:54:48,2025-12-22T13:54:48,60.43,1.0,SetByBid
2025-12-22 13:54:48,2025-12-22T13:54:48,60.43,1.0,SetByBid
2025-12-22 13:54:48,2025-12-22T13:54:48,60.43,1.0,SetByBid
2025-12-22 13:54:48,2025-12-22T13:54:48,60.43,1.0,SetByBid
2025-12-22 13:54:48,2025-12-22T13:54:48,60.43,1.0,SetByBid
2025-12-22 13:54:48,2025-12-22T13:54:48,60.43,1.0,SetByBid
2025-12-22 13:54:48,2025-12-22T13:54:48,60.43,1.0,SetByBid
2025-12-22 13:54:48,2025-12-22T13:54:48,60.43,1.0,SetByBid
2025-12-22 13:54:48,2025-12-22T13:54:48,60.43,2.0,SetByBid
2025-12-22 13:54:54,2025-12-22T13:54:54,60.43,1.0,SetByBid
2025-12-22 13:55:04,2025-12-22T13:55:04,60.42,1.0,SetByAsk
2025-12-22 13:55:49,2025-12-22T13:55:49,60.41,1.0,SetByAsk
2025-12-22 13:55:49,2025-12-22T13:55:49,60.41,1.0,SetByAsk
2025-12-22 13:56:01,2025-12-22T13:56:01,60.43,1.0,SetByBid
2025-12-22 13:56:01,2025-12-22T13:56:01,60.43,1.0,SetByBid
2025-12-22 13:56:01,2025-12-22T13:56:01,60.43,1.0,SetByBid
2025-12-22 13:56:08,2025-12-22T13:56:08,60.42,4.0,SetByBid
2025-12-22 13:56:08,2025-12-22T13:56:08,60.43,1.0,SetByBid
2025-12-22 13:56:08,2025-12-22T13:56:08,60.43,1.0,SetByBid
2025-12-22 13:56:08,2025-12-22T13:56:08,60.43,1.0,SetByBid
2025-12-22 13:56:08,2025-12-22T13:56:08,60.43,1.0,SetByBid
2025-12-22 13:56:08,2025-12-22T13:56:08,60.43,1.0,SetByBid
2025-12-22 13:56:08,2025-12-22T13:56:08,60.43,1.0,SetByBid
2025-12-22 13:56:13,2025-12-22T13:56:13,60.43,1.0,SetByBid
2025-12-22 13:56:13,2025-12-22T13:56:13,60.44,1.0,SetByBid
2025-12-22 13:56:13,2025-12-22T13:56:13,60.44,1.0,SetByBid
2025-12-22 13:56:13,2025-12-22T13:56:13,60.43,1.0,SetByBid
2025-12-22 13:56:15,2025-12-22T13:56:15,60.42,1.0,SetByAsk
2025-12-22 13:56:21,2025-12-22T13:56:21,60.43,1.0,SetByBid
2025-12-22 13:56:21,2025-12-22T13:56:21,60.43,1.0,SetByBid
2025-12-22 13:56:21,2025-12-22T13:56:21,60.43,1.0,SetByBid
2025-12-22 13:56:29,2025-12-22T13:56:29,60.4,1.0,SetByBid
2025-12-22 13:56:29,2025-12-22T13:56:29,60.4,1.0,SetByBid
2025-12-22 13:56:29,2025-12-22T13:56:29,60.4,1.0,SetByBid
2025-12-22 13:56:34,2025-12-22T13:56:34,60.42,1.0,SetByBid
2025-12-22 13:56:34,2025-12-22T13:56:34,60.42,1.0,SetByBid
2025-12-22 13:56:34,2025-12-22T13:56:34,60.42,1.0,SetByBid
2025-12-22 13:56:34,2025-12-22T13:56:34,60.42,1.0,SetByBid
2025-12-22 13:56:34,2025-12-22T13:56:34,60.42,1.0,SetByBid
2025-12-22 13:56:34,2025-12-22T13:56:34,60.42,1.0,SetByBid
2025-12-22 13:56:58,2025-12-22T13:56:58,60.42,1.0,SetByBid
2025-12-22 13:57:25,2025-12-22T13:57:25,60.41,1.0,SetByBid
2025-12-22 13:57:25,2025-12-22T13:57:25,60.41,1.0,SetByBid
2025-12-22 13:57:25,2025-12-22T13:57:25,60.41,1.0,SetByBid
2025-12-22 13:57:25,2025-12-22T13:57:25,60.41,1.0,SetByBid
2025-12-22 13:57:25,2025-12-22T13:57:25,60.41,2.0,SetByBid
2025-12-22 13:57:25,2025-12-22T13:57:25,60.41,1.0,SetByBid
2025-12-22 13:57:25,2025-12-22T13:57:25,60.41,2.0,SetByBid
2025-12-22 13:57:25,2025-12-22T13:57:25,60.41,1.0,SetByBid
2025-12-22 13:57:25,2025-12-22T13:57:25,60.41,2.0,SetByBid
2025-12-22 13:57:25,2025-12-22T13:57:25,60.41,1.0,SetByBid
2025-12-22 13:57:25,2025-12-22T13:57:25,60.41,3.0,SetByAsk
2025-12-22 13:57:25,2025-12-22T13:57:25,60.41,1.0,SetByAsk
2025-12-22 13:57:25,2025-12-22T13:57:25,60.41,4.0,SetByAsk
2025-12-22 13:57:25,2025-12-22T13:57:25,60.41,2.0,SetByAsk
2025-12-22 13:57:25,2025-12-22T13:57:25,60.41,2.0,SetByAsk
2025-12-22 13:57:25,2025-12-22T13:57:25,60.41,1.0,SetByAsk
2025-12-22 13:57:25,2025-12-22T13:57:25,60.41,2.0,SetByAsk
2025-12-22 13:57:25,2025-12-22T13:57:25,60.41,1.0,SetByBid
2025-12-22 13:57:25,2025-12-22T13:57:25,60.41,1.0,SetByBid
2025-12-22 13:57:25,2025-12-22T13:57:25,60.41,1.0,SetByAsk
2025-12-22 13:57:25,2025-12-22T13:57:25,60.41,2.0,SetByBid
2025-12-22 13:57:25,2025-12-22T13:57:25,60.41,1.0,SetByBid
2025-12-22 13:57:25,2025-12-22T13:57:25,60.41,1.0,SetByBid
2025-12-22 13:57:25,2025-12-22T13:57:25,60.41,1.0,SetByBid
2025-12-22 13:57:25,2025-12-22T13:57:25,60.41,1.0,SetByBid
2025-12-22 13:57:25,2025-12-22T13:57:25,60.41,1.0,SetByBid
2025-12-22 13:57:25,2025-12-22T13:57:25,60.41,3.0,SetByBid
2025-12-22 13:57:25,2025-12-22T13:57:25,60.41,1.0,SetByBid
2025-12-22 13:57:25,2025-12-22T13:57:25,60.42,1.0,SetByBid
2025-12-22 13:57:25,2025-12-22T13:57:25,60.42,1.0,SetByBid
2025-12-22 13:57:25,2025-12-22T13:57:25,60.42,1.0,SetByBid
2025-12-22 13:57:26,2025-12-22T13:57:26,60.41,2.0,SetByAsk
2025-12-22 13:57:45,2025-12-22T13:57:45,60.4,1.0,SetByBid
2025-12-22 13:57:45,2025-12-22T13:57:45,60.4,1.0,SetByBid
2025-12-22 13:57:45,2025-12-22T13:57:45,60.41,1.0,SetByBid
2025-12-22 13:57:45,2025-12-22T13:57:45,60.41,1.0,SetByBid
2025-12-22 13:57:45,2025-12-22T13:57:45,60.39,1.0,SetByAsk
2025-12-22 13:57:45,2025-12-22T13:57:45,60.4,1.0,SetByBid
2025-12-22 13:57:45,2025-12-22T13:57:45,60.41,1.0,SetByBid
2025-12-22 13:57:45,2025-12-22T13:57:45,60.42,1.0,SetByBid
2025-12-22 13:57:45,2025-12-22T13:57:45,60.42,1.0,SetByBid
2025-12-22 13:57:45,2025-12-22T13:57:45,60.42,1.0,SetByBid
2025-12-22 13:57:45,2025-12-22T13:57:45,60.42,1.0,SetByBid
2025-12-22 13:57:45,2025-12-22T13:57:45,60.42,1.0,SetByBid
2025-12-22 13:57:45,2025-12-22T13:57:45,60.42,2.0,SetByBid
2025-12-22 13:57:45,2025-12-22T13:57:45,60.42,1.0,SetByBid
2025-12-22 13:57:45,2025-12-22T13:57:45,60.42,1.0,SetByBid
2025-12-22 13:57:45,2025-12-22T13:57:45,60.42,1.0,SetByBid
2025-12-22 13:57:45,2025-12-22T13:57:45,60.42,1.0,SetByBid
2025-12-22 13:57:52,2025-12-22T13:57:52,60.42,1.0,SetByBid
2025-12-22 13:57:52,2025-12-22T13:57:52,60.43,1.0,SetByBid
2025-12-22 13:58:10,2025-12-22T13:58:10,60.43,1.0,SetByBid
2025-12-22 13:58:20,2025-12-22T13:58:20,60.43,1.0,SetByBid
2025-12-22 13:58:20,2025-12-22T13:58:20,60.43,1.0,SetByBid
2025-12-22 13:58:20,2025-12-22T13:58:20,60.43,1.0,SetByBid
2025-12-22 13:58:20,2025-12-22T13:58:20,60.43,1.0,SetByBid
2025-12-22 13:58:20,2025-12-22T13:58:20,60.43,2.0,SetByBid
2025-12-22 13:58:20,2025-12-22T13:58:20,60.43,1.0,SetByBid
2025-12-22 13:58:20,2025-12-22T13:58:20,60.43,1.0,SetByBid
2025-12-22 13:58:20,2025-12-22T13:58:20,60.43,2.0,SetByBid
2025-12-22 13:58:20,2025-12-22T13:58:20,60.43,1.0,SetByBid
2025-12-22 13:58:42,2025-12-22T13:58:42,60.42,1.0,SetByAsk
2025-12-22 13:58:42,2025-12-22T13:58:42,60.42,1.0,SetByAsk
2025-12-22 13:58:42,2025-12-22T13:58:42,60.42,1.0,SetByAsk
2025-12-22 13:59:41,2025-12-22T13:59:41,60.4,1.0,SetByAsk
2025-12-22 13:59:41,2025-12-22T13:59:41,60.4,1.0,SetByAsk
2025-12-22 13:59:41,2025-12-22T13:59:41,60.4,4.0,SetByAsk
2025-12-22 13:59:45,2025-12-22T13:59:45,60.4,1.0,SetByAsk
2025-12-22 13:59:55,2025-12-22T13:59:55,60.4,1.0,SetByBid
2025-12-22 13:59:55,2025-12-22T13:59:55,60.4,1.0,SetByBid
2025-12-22 13:59:55,2025-12-22T13:59:55,60.4,1.0,SetByBid
2025-12-22 13:59:55,2025-12-22T13:59:55,60.4,1.0,SetByBid
2025-12-22 13:59:55,2025-12-22T13:59:55,60.4,1.0,SetByBid
2025-12-22 13:59:55,2025-12-22T13:59:55,60.4,1.0,SetByBid
2025-12-22 13:59:55,2025-12-22T13:59:55,60.4,1.0,SetByBid
2025-12-22 13:59:55,2025-12-22T13:59:55,60.4,3.0,SetByBid
2025-12-22 13:59:55,2025-12-22T13:59:55,60.4,1.0,SetByBid
2025-12-22 14:00:05,2025-12-22T14:00:05,60.4,1.0,SetByAsk
2025-12-22 14:00:10,2025-12-22T14:00:10,60.39,2.0,SetByAsk
2025-12-22 14:00:10,2025-12-22T14:00:10,60.39,1.0,SetByAsk
2025-12-22 14:00:39,2025-12-22T14:00:39,60.39,1.0,SetByBid
2025-12-22 14:01:12,2025-12-22T14:01:12,60.39,1.0,SetByBid
2025-12-22 14:01:27,2025-12-22T14:01:27,60.39,1.0,SetByAsk
2025-12-22 14:02:23,2025-12-22T14:02:23,60.4,1.0,SetByAsk
2025-12-22 14:02:23,2025-12-22T14:02:23,60.4,2.0,SetByAsk
2025-12-22 14:02:23,2025-12-22T14:02:23,60.39,1.0,SetByAsk
2025-12-22 14:03:13,2025-12-22T14:03:13,60.4,2.0,SetByAsk
2025-12-22 14:03:20,2025-12-22T14:03:20,60.41,2.0,SetByAsk
2025-12-22 14:03:20,2025-12-22T14:03:20,60.41,1.0,SetByAsk
2025-12-22 14:03:35,2025-12-22T14:03:35,60.4,1.0,SetByAsk
2025-12-22 14:04:00,2025-12-22T14:04:00,60.38,1.0,SetByAsk
2025-12-22 14:04:00,2025-12-22T14:04:00,60.38,2.0,SetByAsk
2025-12-22 14:04:00,2025-12-22T14:04:00,60.38,1.0,SetByAsk
2025-12-22 14:04:33,2025-12-22T14:04:33,60.39,1.0,SetByBid
2025-12-22 14:04:33,2025-12-22T14:04:33,60.4,2.0,SetByBid
2025-12-22 14:04:51,2025-12-22T14:04:51,60.42,1.0,SetByBid
2025-12-22 14:05:02,2025-12-22T14:05:02,60.41,3.0,SetByBid
2025-12-22 14:05:02,2025-12-22T14:05:02,60.41,4.0,SetByBid
2025-12-22 14:05:02,2025-12-22T14:05:02,60.41,1.0,SetByBid
2025-12-22 14:05:19,2025-12-22T14:05:19,60.42,1.0,SetByAsk
2025-12-22 14:05:50,2025-12-22T14:05:50,60.41,1.0,SetByAsk
2025-12-22 14:06:14,2025-12-22T14:06:14,60.41,1.0,SetByBid
2025-12-22 14:06:59,2025-12-22T14:06:59,60.42,1.0,SetByAsk
2025-12-22 14:06:59,2025-12-22T14:06:59,60.42,1.0,SetByAsk
2025-12-22 14:06:59,2025-12-22T14:06:59,60.42,1.0,SetByAsk
2025-12-22 14:06:59,2025-12-22T14:06:59,60.42,1.0,SetByBid
2025-12-22 14:07:01,2025-12-22T14:07:01,60.42,1.0,SetByBid
2025-12-22 14:08:18,2025-12-22T14:08:18,60.4,1.0,SetByBid
2025-12-22 14:08:20,2025-12-22T14:08:20,60.4,1.0,SetByAsk
2025-12-22 14:08:24,2025-12-22T14:08:24,60.4,1.0,SetByBid
2025-12-22 14:08:24,2025-12-22T14:08:24,60.4,1.0,SetByBid
2025-12-22 14:08:24,2025-12-22T14:08:24,60.4,1.0,SetByBid
2025-12-22 14:08:32,2025-12-22T14:08:32,60.4,1.0,SetByBid
2025-12-22 14:08:51,2025-12-22T14:08:51,60.41,1.0,SetByAsk
2025-12-22 14:09:05,2025-12-22T14:09:05,60.41,1.0,SetByBid
2025-12-22 14:09:26,2025-12-22T14:09:26,60.41,1.0,SetByBid
2025-12-22 14:09:26,2025-12-22T14:09:26,60.41,1.0,SetByBid
2025-12-22 14:09:26,2025-12-22T14:09:26,60.41,1.0,SetByBid
2025-12-22 14:09:26,2025-12-22T14:09:26,60.41,2.0,SetByBid
2025-12-22 14:09:28,2025-12-22T14:09:28,60.41,1.0,SetByBid
2025-12-22 14:10:19,2025-12-22T14:10:19,60.39,1.0,SetByAsk
2025-12-22 14:10:19,2025-12-22T14:10:19,60.39,1.0,SetByAsk
2025-12-22 14:10:19,2025-12-22T14:10:19,60.39,1.0,SetByAsk
2025-12-22 14:10:51,2025-12-22T14:10:51,60.4,1.0,SetByAsk
2025-12-22 14:10:57,2025-12-22T14:10:57,60.41,2.0,SetByBid
2025-12-22 14:10:57,2025-12-22T14:10:57,60.41,2.0,SetByBid
2025-12-22 14:11:30,2025-12-22T14:11:30,60.41,1.0,SetByAsk
2025-12-22 14:11:31,2025-12-22T14:11:31,60.41,2.0,SetByAsk
2025-12-22 14:11:31,2025-12-22T14:11:31,60.41,1.0,SetByBid
2025-12-22 14:11:45,2025-12-22T14:11:45,60.42,1.0,SetByBid
2025-12-22 14:12:25,2025-12-22T14:12:25,60.43,1.0,SetByBid
2025-12-22 14:12:25,2025-12-22T14:12:25,60.43,1.0,SetByBid
2025-12-22 14:12:25,2025-12-22T14:12:25,60.43,1.0,SetByBid
2025-12-22 14:12:45,2025-12-22T14:12:45,60.43,2.0,SetByAsk
2025-12-22 14:12:45,2025-12-22T14:12:45,60.43,2.0,SetByAsk
2025-12-22 14:12:45,2025-12-22T14:12:45,60.43,1.0,SetByAsk
2025-12-22 14:13:55,2025-12-22T14:13:55,60.46,1.0,SetByAsk
2025-12-22 14:13:55,2025-12-22T14:13:55,60.46,1.0,SetByAsk
2025-12-22 14:13:55,2025-12-22T14:13:55,60.46,1.0,SetByAsk
2025-12-22 14:14:05,2025-12-22T14:14:05,60.45,1.0,SetByAsk
2025-12-22 14:14:05,2025-12-22T14:14:05,60.45,1.0,SetByAsk
2025-12-22 14:14:05,2025-12-22T14:14:05,60.45,1.0,SetByAsk
2025-12-22 14:14:33,2025-12-22T14:14:33,60.45,1.0,SetByAsk
2025-12-22 14:14:33,2025-12-22T14:14:33,60.45,1.0,SetByAsk
2025-12-22 14:14:33,2025-12-22T14:14:33,60.45,1.0,SetByBid
2025-12-22 14:15:50,2025-12-22T14:15:50,60.47,1.0,SetByAsk
2025-12-22 14:16:00,2025-12-22T14:16:00,60.48,1.0,SetByBid
2025-12-22 14:16:00,2025-12-22T14:16:00,60.48,1.0,SetByBid
2025-12-22 14:16:15,2025-12-22T14:16:15,60.48,1.0,SetByAsk
2025-12-22 14:16:21,2025-12-22T14:16:21,60.49,1.0,SetByAsk
2025-12-22 14:16:21,2025-12-22T14:16:21,60.49,1.0,SetByAsk
2025-12-22 14:16:21,2025-12-22T14:16:21,60.49,1.0,SetByAsk
2025-12-22 14:16:21,2025-12-22T14:16:21,60.49,1.0,SetByAsk
2025-12-22 14:16:21,2025-12-22T14:16:21,60.49,1.0,SetByAsk
2025-12-22 14:16:27,2025-12-22T14:16:27,60.48,1.0,SetByBid
2025-12-22 14:16:27,2025-12-22T14:16:27,60.48,1.0,SetByBid
2025-12-22 14:16:27,2025-12-22T14:16:27,60.48,2.0,SetByBid
2025-12-22 14:16:27,2025-12-22T14:16:27,60.48,1.0,SetByBid
2025-12-22 14:16:27,2025-12-22T14:16:27,60.48,1.0,SetByBid
2025-12-22 14:16:27,2025-12-22T14:16:27,60.48,1.0,SetByBid
2025-12-22 14:16:27,2025-12-22T14:16:27,60.48,1.0,SetByBid
2025-12-22 14:16:27,2025-12-22T14:16:27,60.48,1.0,SetByBid
2025-12-22 14:16:27,2025-12-22T14:16:27,60.48,1.0,SetByBid
2025-12-22 14:16:27,2025-12-22T14:16:27,60.48,1.0,SetByBid
2025-12-22 14:16:27,2025-12-22T14:16:27,60.48,1.0,SetByBid
2025-12-22 14:16:27,2025-12-22T14:16:27,60.48,1.0,SetByBid
2025-12-22 14:16:27,2025-12-22T14:16:27,60.48,1.0,SetByBid
2025-12-22 14:16:27,2025-12-22T14:16:27,60.48,1.0,SetByBid
2025-12-22 14:16:49,2025-12-22T14:16:49,60.5,1.0,SetByBid
2025-12-22 14:16:57,2025-12-22T14:16:57,60.5,1.0,SetByBid
2025-12-22 14:17:03,2025-12-22T14:17:03,60.51,1.0,SetByAsk
2025-12-22 14:17:43,2025-12-22T14:17:43,60.51,1.0,SetByAsk
2025-12-22 14:17:43,2025-12-22T14:17:43,60.52,1.0,SetByBid
2025-12-22 14:17:51,2025-12-22T14:17:51,60.51,1.0,SetByAsk
2025-12-22 14:17:54,2025-12-22T14:17:54,60.5,1.0,SetByAsk
2025-12-22 14:18:01,2025-12-22T14:18:01,60.52,1.0,SetByAsk
2025-12-22 14:18:35,2025-12-22T14:18:35,60.52,1.0,SetByAsk
2025-12-22 14:18:36,2025-12-22T14:18:36,60.52,1.0,SetByAsk
2025-12-22 14:19:09,2025-12-22T14:19:09,60.51,1.0,SetByAsk
2025-12-22 14:19:09,2025-12-22T14:19:09,60.51,1.0,SetByAsk
2025-12-22 14:19:09,2025-12-22T14:19:09,60.51,1.0,SetByAsk
2025-12-22 14:19:09,2025-12-22T14:19:09,60.51,1.0,SetByAsk
2025-12-22 14:19:09,2025-12-22T14:19:09,60.51,2.0,SetByAsk
2025-12-22 14:19:09,2025-12-22T14:19:09,60.51,1.0,SetByAsk
2025-12-22 14:19:19,2025-12-22T14:19:19,60.51,1.0,SetByAsk
2025-12-22 14:19:19,2025-12-22T14:19:19,60.51,1.0,SetByAsk
2025-12-22 14:19:31,2025-12-22T14:19:31,60.51,1.0,SetByAsk
2025-12-22 14:19:31,2025-12-22T14:19:31,60.51,1.0,SetByAsk
2025-12-22 14:20:54,2025-12-22T14:20:54,60.52,1.0,SetByBid
2025-12-22 14:21:10,2025-12-22T14:21:10,60.52,1.0,SetByBid
2025-12-22 14:21:34,2025-12-22T14:21:34,60.54,1.0,SetByBid
2025-12-22 14:21:35,2025-12-22T14:21:35,60.54,1.0,SetByBid
2025-12-22 14:21:35,2025-12-22T14:21:35,60.54,1.0,SetByBid
2025-12-22 14:22:02,2025-12-22T14:22:02,60.54,1.0,SetByBid
2025-12-22 14:22:03,2025-12-22T14:22:03,60.54,1.0,SetByAsk
2025-12-22 14:22:51,2025-12-22T14:22:51,60.53,1.0,SetByAsk
2025-12-22 14:22:51,2025-12-22T14:22:51,60.53,3.0,SetByAsk
2025-12-22 14:22:51,2025-12-22T14:22:51,60.53,1.0,SetByAsk
2025-12-22 14:22:51,2025-12-22T14:22:51,60.53,1.0,SetByAsk
2025-12-22 14:22:51,2025-12-22T14:22:51,60.53,1.0,SetByAsk
2025-12-22 14:22:51,2025-12-22T14:22:51,60.53,1.0,SetByAsk
2025-12-22 14:22:51,2025-12-22T14:22:51,60.53,2.0,SetByAsk
2025-12-22 14:22:51,2025-12-22T14:22:51,60.53,1.0,SetByAsk
2025-12-22 14:23:01,2025-12-22T14:23:01,60.52,1.0,SetByAsk
2025-12-22 14:23:30,2025-12-22T14:23:30,60.52,1.0,SetByBid
2025-12-22 14:23:31,2025-12-22T14:23:31,60.51,1.0,SetByAsk
2025-12-22 14:24:03,2025-12-22T14:24:03,60.5,1.0,SetByAsk
2025-12-22 14:24:03,2025-12-22T14:24:03,60.5,1.0,SetByAsk
2025-12-22 14:24:16,2025-12-22T14:24:16,60.49,1.0,SetByAsk
2025-12-22 14:24:40,2025-12-22T14:24:40,60.47,1.0,SetByAsk
2025-12-22 14:24:43,2025-12-22T14:24:43,60.47,6.0,SetByBid
2025-12-22 14:24:50,2025-12-22T14:24:50,60.47,1.0,SetByBid
2025-12-22 14:24:50,2025-12-22T14:24:50,60.47,1.0,SetByBid
2025-12-22 14:24:50,2025-12-22T14:24:50,60.47,1.0,SetByBid
2025-12-22 14:24:50,2025-12-22T14:24:50,60.47,1.0,SetByBid
2025-12-22 14:24:50,2025-12-22T14:24:50,60.47,1.0,SetByBid
2025-12-22 14:24:50,2025-12-22T14:24:50,60.47,1.0,SetByBid
2025-12-22 14:24:50,2025-12-22T14:24:50,60.47,1.0,SetByBid
2025-12-22 14:24:50,2025-12-22T14:24:50,60.47,1.0,SetByBid
2025-12-22 14:24:50,2025-12-22T14:24:50,60.47,1.0,SetByBid
2025-12-22 14:24:50,2025-12-22T14:24:50,60.47,3.0,SetByBid
2025-12-22 14:24:50,2025-12-22T14:24:50,60.47,1.0,SetByBid
2025-12-22 14:24:50,2025-12-22T14:24:50,60.47,2.0,SetByBid
2025-12-22 14:24:50,2025-12-22T14:24:50,60.47,3.0,SetByBid
2025-12-22 14:24:50,2025-12-22T14:24:50,60.47,3.0,SetByBid
2025-12-22 14:24:50,2025-12-22T14:24:50,60.47,2.0,SetByBid
2025-12-22 14:24:50,2025-12-22T14:24:50,60.47,1.0,SetByBid
2025-12-22 14:25:35,2025-12-22T14:25:35,60.48,1.0,SetByBid
2025-12-22 14:25:35,2025-12-22T14:25:35,60.48,1.0,SetByBid
2025-12-22 14:25:43,2025-12-22T14:25:43,60.48,1.0,SetByBid
2025-12-22 14:25:48,2025-12-22T14:25:48,60.47,1.0,SetByAsk
2025-12-22 14:25:48,2025-12-22T14:25:48,60.47,1.0,SetByAsk
2025-12-22 14:26:42,2025-12-22T14:26:42,60.5,1.0,SetByAsk
2025-12-22 14:26:42,2025-12-22T14:26:42,60.5,1.0,SetByAsk
2025-12-22 14:27:49,2025-12-22T14:27:49,60.52,2.0,SetByAsk
2025-12-22 14:28:14,2025-12-22T14:28:14,60.55,1.0,SetByAsk
2025-12-22 14:28:21,2025-12-22T14:28:21,60.55,1.0,SetByAsk
2025-12-22 14:28:43,2025-12-22T14:28:43,60.54,1.0,SetByAsk
2025-12-22 14:28:43,2025-12-22T14:28:43,60.54,1.0,SetByAsk
2025-12-22 14:28:43,2025-12-22T14:28:43,60.54,1.0,SetByAsk
2025-12-22 14:29:38,2025-12-22T14:29:38,60.57,1.0,SetByBid
2025-12-22 14:29:39,2025-12-22T14:29:39,60.58,1.0,SetByBid
2025-12-22 14:29:40,2025-12-22T14:29:40,60.58,1.0,SetByBid
2025-12-22 14:29:40,2025-12-22T14:29:40,60.58,1.0,SetByBid
2025-12-22 14:29:56,2025-12-22T14:29:56,60.58,1.0,SetByBid
2025-12-22 14:29:56,2025-12-22T14:29:56,60.58,1.0,SetByBid
2025-12-22 14:29:56,2025-12-22T14:29:56,60.58,1.0,SetByBid
2025-12-22 14:29:56,2025-12-22T14:29:56,60.58,1.0,SetByBid
2025-12-22 14:29:56,2025-12-22T14:29:56,60.58,3.0,SetByBid
2025-12-22 14:29:56,2025-12-22T14:29:56,60.58,1.0,SetByBid
2025-12-22 14:29:56,2025-12-22T14:29:56,60.58,2.0,SetByBid
2025-12-22 14:29:56,2025-12-22T14:29:56,60.59,1.0,SetByBid
2025-12-22 14:29:56,2025-12-22T14:29:56,60.59,4.0,SetByBid
2025-12-22 14:29:56,2025-12-22T14:29:56,60.59,3.0,SetByBid
2025-12-22 14:29:56,2025-12-22T14:29:56,60.59,1.0,SetByBid
2025-12-22 14:29:56,2025-12-22T14:29:56,60.59,1.0,SetByBid
2025-12-22 14:29:57,2025-12-22T14:29:57,60.59,1.0,SetByBid
2025-12-22 14:29:57,2025-12-22T14:29:57,60.59,1.0,SetByBid
2025-12-22 14:30:10,2025-12-22T14:30:10,60.6,1.0,SetByBid
2025-12-22 14:30:10,2025-12-22T14:30:10,60.6,1.0,SetByBid
2025-12-22 14:30:10,2025-12-22T14:30:10,60.61,1.0,SetByBid
2025-12-22 14:30:10,2025-12-22T14:30:10,60.61,1.0,SetByBid
2025-12-22 14:30:10,2025-12-22T14:30:10,60.61,1.0,SetByBid
2025-12-22 14:30:10,2025-12-22T14:30:10,60.61,1.0,SetByBid
2025-12-22 14:30:10,2025-12-22T14:30:10,60.61,1.0,SetByBid
2025-12-22 14:30:10,2025-12-22T14:30:10,60.61,1.0,SetByBid
2025-12-22 14:30:20,2025-12-22T14:30:20,60.6,1.0,SetByBid
2025-12-22 14:30:20,2025-12-22T14:30:20,60.6,1.0,SetByBid
2025-12-22 14:30:49,2025-12-22T14:30:49,60.6,1.0,SetByBid
2025-12-22 14:30:49,2025-12-22T14:30:49,60.61,1.0,SetByBid
2025-12-22 14:30:49,2025-12-22T14:30:49,60.61,1.0,SetByBid
2025-12-22 14:30:49,2025-12-22T14:30:49,60.61,1.0,SetByBid
2025-12-22 14:30:49,2025-12-22T14:30:49,60.61,1.0,SetByBid
2025-12-22 14:30:49,2025-12-22T14:30:49,60.61,1.0,SetByBid
2025-12-22 14:30:49,2025-12-22T14:30:49,60.61,4.0,SetByBid
2025-12-22 14:30:49,2025-12-22T14:30:49,60.61,1.0,SetByBid
2025-12-22 14:30:49,2025-12-22T14:30:49,60.61,1.0,SetByBid
2025-12-22 14:30:49,2025-12-22T14:30:49,60.61,4.0,SetByBid
2025-12-22 14:30:49,2025-12-22T14:30:49,60.61,1.0,SetByAsk
2025-12-22 14:30:50,2025-12-22T14:30:50,60.61,1.0,SetByAsk
2025-12-22 14:31:02,2025-12-22T14:31:02,60.62,1.0,SetByAsk
2025-12-22 14:31:08,2025-12-22T14:31:08,60.62,1.0,SetByAsk
2025-12-22 14:31:19,2025-12-22T14:31:19,60.63,1.0,SetByAsk
2025-12-22 14:31:19,2025-12-22T14:31:19,60.63,1.0,SetByAsk
2025-12-22 14:31:19,2025-12-22T14:31:19,60.63,1.0,SetByAsk
2025-12-22 14:31:25,2025-12-22T14:31:25,60.63,1.0,SetByAsk
2025-12-22 14:31:25,2025-12-22T14:31:25,60.63,1.0,SetByAsk
2025-12-22 14:31:56,2025-12-22T14:31:56,60.67,1.0,SetByBid
2025-12-22 14:31:56,2025-12-22T14:31:56,60.67,1.0,SetByBid
2025-12-22 14:31:56,2025-12-22T14:31:56,60.67,1.0,SetByBid
2025-12-22 14:31:56,2025-12-22T14:31:56,60.67,1.0,SetByBid
2025-12-22 14:32:15,2025-12-22T14:32:15,60.68,1.0,SetByBid
2025-12-22 14:32:39,2025-12-22T14:32:39,60.67,1.0,SetByAsk
2025-12-22 14:32:39,2025-12-22T14:32:39,60.67,1.0,SetByBid
2025-12-22 14:32:41,2025-12-22T14:32:41,60.67,1.0,SetByAsk
2025-12-22 14:32:41,2025-12-22T14:32:41,60.67,1.0,SetByAsk
2025-12-22 14:33:08,2025-12-22T14:33:08,60.68,1.0,SetByAsk
2025-12-22 14:33:20,2025-12-22T14:33:20,60.68,1.0,SetByAsk
2025-12-22 14:33:41,2025-12-22T14:33:41,60.69,1.0,SetByBid
2025-12-22 14:33:41,2025-12-22T14:33:41,60.69,1.0,SetByBid
2025-12-22 14:33:41,2025-12-22T14:33:41,60.69,1.0,SetByBid
2025-12-22 14:33:41,2025-12-22T14:33:41,60.69,1.0,SetByBid
2025-12-22 14:33:46,2025-12-22T14:33:46,60.68,1.0,SetByAsk
2025-12-22 14:33:54,2025-12-22T14:33:54,60.67,1.0,SetByAsk
2025-12-22 14:33:54,2025-12-22T14:33:54,60.67,1.0,SetByAsk
2025-12-22 14:33:54,2025-12-22T14:33:54,60.67,1.0,SetByAsk
2025-12-22 14:33:54,2025-12-22T14:33:54,60.67,1.0,SetByAsk
2025-12-22 14:33:54,2025-12-22T14:33:54,60.67,1.0,SetByAsk
2025-12-22 14:33:54,2025-12-22T14:33:54,60.67,1.0,SetByBid
2025-12-22 14:34:04,2025-12-22T14:34:04,60.66,1.0,SetByAsk
2025-12-22 14:34:04,2025-12-22T14:34:04,60.66,1.0,SetByAsk
2025-12-22 14:35:25,2025-12-22T14:35:25,60.68,1.0,SetByAsk
2025-12-22 14:35:25,2025-12-22T14:35:25,60.68,4.0,SetByAsk
2025-12-22 14:35:51,2025-12-22T14:35:51,60.67,1.0,SetByBid
2025-12-22 14:35:51,2025-12-22T14:35:51,60.67,1.0,SetByBid
2025-12-22 14:35:51,2025-12-22T14:35:51,60.67,1.0,SetByBid
2025-12-22 14:36:12,2025-12-22T14:36:12,60.67,1.0,SetByBid
2025-12-22 14:36:12,2025-12-22T14:36:12,60.67,1.0,SetByBid
2025-12-22 14:36:12,2025-12-22T14:36:12,60.67,1.0,SetByBid
2025-12-22 14:36:12,2025-12-22T14:36:12,60.67,1.0,SetByBid
2025-12-22 14:36:12,2025-12-22T14:36:12,60.67,1.0,SetByBid
2025-12-22 14:36:12,2025-12-22T14:36:12,60.67,1.0,SetByBid
2025-12-22 14:36:27,2025-12-22T14:36:27,60.67,1.0,SetByBid
2025-12-22 14:36:28,2025-12-22T14:36:28,60.66,1.0,SetByAsk
2025-12-22 14:36:37,2025-12-22T14:36:37,60.67,1.0,SetByBid
2025-12-22 14:36:48,2025-12-22T14:36:48,60.68,1.0,SetByBid
2025-12-22 14:37:08,2025-12-22T14:37:08,60.68,1.0,SetByAsk
2025-12-22 14:37:08,2025-12-22T14:37:08,60.68,1.0,SetByAsk
2025-12-22 14:37:08,2025-12-22T14:37:08,60.68,4.0,SetByAsk
2025-12-22 14:37:59,2025-12-22T14:37:59,60.67,1.0,SetByAsk
2025-12-22 14:38:29,2025-12-22T14:38:29,60.67,1.0,SetByAsk
2025-12-22 14:38:36,2025-12-22T14:38:36,60.67,2.0,SetByBid
2025-12-22 14:38:36,2025-12-22T14:38:36,60.67,1.0,SetByBid
2025-12-22 14:38:36,2025-12-22T14:38:36,60.67,1.0,SetByBid
2025-12-22 14:38:36,2025-12-22T14:38:36,60.67,2.0,SetByBid
2025-12-22 14:38:40,2025-12-22T14:38:40,60.67,1.0,SetByAsk
2025-12-22 14:38:40,2025-12-22T14:38:40,60.67,1.0,SetByAsk
2025-12-22 14:38:40,2025-12-22T14:38:40,60.67,1.0,SetByAsk
2025-12-22 14:38:40,2025-12-22T14:38:40,60.67,1.0,SetByAsk
2025-12-22 14:38:40,2025-12-22T14:38:40,60.67,1.0,SetByAsk
2025-12-22 14:38:53,2025-12-22T14:38:53,60.68,1.0,SetByBid
2025-12-22 14:38:58,2025-12-22T14:38:58,60.69,1.0,SetByBid
2025-12-22 14:38:58,2025-12-22T14:38:58,60.69,1.0,SetByBid
2025-12-22 14:38:58,2025-12-22T14:38:58,60.69,1.0,SetByBid
2025-12-22 14:38:58,2025-12-22T14:38:58,60.69,1.0,SetByBid
2025-12-22 14:39:46,2025-12-22T14:39:46,60.7,1.0,SetByBid
2025-12-22 14:39:46,2025-12-22T14:39:46,60.71,1.0,SetByAsk
2025-12-22 14:39:46,2025-12-22T14:39:46,60.71,1.0,SetByAsk
2025-12-22 14:39:51,2025-12-22T14:39:51,60.71,1.0,SetByBid
2025-12-22 14:39:58,2025-12-22T14:39:58,60.71,1.0,SetByBid
2025-12-22 14:40:26,2025-12-22T14:40:26,60.73,2.0,SetByBid
2025-12-22 14:40:26,2025-12-22T14:40:26,60.73,1.0,SetByBid
2025-12-22 14:40:26,2025-12-22T14:40:26,60.73,1.0,SetByBid
2025-12-22 14:40:26,2025-12-22T14:40:26,60.73,4.0,SetByBid
2025-12-22 14:40:26,2025-12-22T14:40:26,60.73,1.0,SetByAsk
2025-12-22 14:40:27,2025-12-22T14:40:27,60.73,1.0,SetByAsk
2025-12-22 14:40:27,2025-12-22T14:40:27,60.73,1.0,SetByAsk
2025-12-22 14:40:27,2025-12-22T14:40:27,60.73,1.0,SetByAsk
2025-12-22 14:40:27,2025-12-22T14:40:27,60.73,1.0,SetByAsk
2025-12-22 14:40:27,2025-12-22T14:40:27,60.73,1.0,SetByAsk
2025-12-22 14:40:44,2025-12-22T14:40:44,60.73,1.0,SetByBid
2025-12-22 14:40:44,2025-12-22T14:40:44,60.73,1.0,SetByBid
2025-12-22 14:40:44,2025-12-22T14:40:44,60.73,1.0,SetByBid
2025-12-22 14:40:44,2025-12-22T14:40:44,60.73,1.0,SetByBid
2025-12-22 14:40:45,2025-12-22T14:40:45,60.72,1.0,SetByAsk
2025-12-22 14:40:45,2025-12-22T14:40:45,60.72,1.0,SetByAsk
2025-12-22 14:40:48,2025-12-22T14:40:48,60.71,1.0,SetByAsk
2025-12-22 14:40:48,2025-12-22T14:40:48,60.71,1.0,SetByAsk
2025-12-22 14:40:48,2025-12-22T14:40:48,60.71,1.0,SetByBid
2025-12-22 14:41:06,2025-12-22T14:41:06,60.71,1.0,SetByBid
2025-12-22 14:41:06,2025-12-22T14:41:06,60.71,1.0,SetByBid
2025-12-22 14:41:06,2025-12-22T14:41:06,60.71,1.0,SetByBid
2025-12-22 14:41:10,2025-12-22T14:41:10,60.71,1.0,SetByBid
2025-12-22 14:41:15,2025-12-22T14:41:15,60.71,1.0,SetByBid
2025-12-22 14:41:15,2025-12-22T14:41:15,60.71,1.0,SetByBid
2025-12-22 14:41:31,2025-12-22T14:41:31,60.72,1.0,SetByAsk
2025-12-22 14:41:31,2025-12-22T14:41:31,60.72,1.0,SetByAsk
2025-12-22 14:41:31,2025-12-22T14:41:31,60.72,1.0,SetByAsk
2025-12-22 14:41:31,2025-12-22T14:41:31,60.72,1.0,SetByAsk
2025-12-22 14:41:31,2025-12-22T14:41:31,60.72,1.0,SetByAsk
2025-12-22 14:41:31,2025-12-22T14:41:31,60.72,2.0,SetByAsk
2025-12-22 14:41:31,2025-12-22T14:41:31,60.72,1.0,SetByAsk
2025-12-22 14:41:31,2025-12-22T14:41:31,60.72,1.0,SetByAsk
2025-12-22 14:41:31,2025-12-22T14:41:31,60.72,3.0,SetByAsk
2025-12-22 14:41:31,2025-12-22T14:41:31,60.72,1.0,SetByAsk
2025-12-22 14:41:31,2025-12-22T14:41:31,60.72,1.0,SetByAsk
2025-12-22 14:41:31,2025-12-22T14:41:31,60.72,1.0,SetByAsk
2025-12-22 14:41:31,2025-12-22T14:41:31,60.72,1.0,SetByAsk
2025-12-22 14:41:31,2025-12-22T14:41:31,60.72,1.0,SetByAsk
2025-12-22 14:41:31,2025-12-22T14:41:31,60.72,2.0,SetByAsk
2025-12-22 14:41:31,2025-12-22T14:41:31,60.72,1.0,SetByAsk
2025-12-22 14:41:31,2025-12-22T14:41:31,60.72,1.0,SetByAsk
2025-12-22 14:41:31,2025-12-22T14:41:31,60.72,1.0,SetByAsk
2025-12-22 14:41:31,2025-12-22T14:41:31,60.72,2.0,SetByAsk
2025-12-22 14:41:31,2025-12-22T14:41:31,60.72,2.0,SetByAsk
2025-12-22 14:41:31,2025-12-22T14:41:31,60.72,1.0,SetByAsk
2025-12-22 14:41:31,2025-12-22T14:41:31,60.72,4.0,SetByAsk
2025-12-22 14:41:31,2025-12-22T14:41:31,60.72,1.0,SetByAsk
2025-12-22 14:41:31,2025-12-22T14:41:31,60.72,1.0,SetByAsk
2025-12-22 14:41:31,2025-12-22T14:41:31,60.72,1.0,SetByAsk
2025-12-22 14:41:31,2025-12-22T14:41:31,60.72,1.0,SetByAsk
2025-12-22 14:41:31,2025-12-22T14:41:31,60.72,1.0,SetByAsk
2025-12-22 14:41:31,2025-12-22T14:41:31,60.71,4.0,SetByAsk
2025-12-22 14:41:31,2025-12-22T14:41:31,60.71,1.0,SetByAsk
2025-12-22 14:41:31,2025-12-22T14:41:31,60.71,1.0,SetByAsk
2025-12-22 14:41:31,2025-12-22T14:41:31,60.71,1.0,SetByAsk
2025-12-22 14:41:31,2025-12-22T14:41:31,60.71,1.0,SetByAsk
2025-12-22 14:41:31,2025-12-22T14:41:31,60.71,1.0,SetByAsk
2025-12-22 14:41:31,2025-12-22T14:41:31,60.71,1.0,SetByAsk
2025-12-22 14:41:31,2025-12-22T14:41:31,60.71,1.0,SetByAsk
2025-12-22 14:41:31,2025-12-22T14:41:31,60.71,1.0,SetByAsk
2025-12-22 14:41:31,2025-12-22T14:41:31,60.71,1.0,SetByAsk
2025-12-22 14:41:31,2025-12-22T14:41:31,60.71,1.0,SetByAsk
2025-12-22 14:41:31,2025-12-22T14:41:31,60.72,1.0,SetByAsk
2025-12-22 14:41:31,2025-12-22T14:41:31,60.73,1.0,SetByBid
2025-12-22 14:41:50,2025-12-22T14:41:50,60.74,1.0,SetByAsk
2025-12-22 14:41:50,2025-12-22T14:41:50,60.74,1.0,SetByBid
2025-12-22 14:41:50,2025-12-22T14:41:50,60.74,1.0,SetByBid
2025-12-22 14:42:04,2025-12-22T14:42:04,60.74,1.0,SetByAsk
2025-12-22 14:42:04,2025-12-22T14:42:04,60.75,1.0,SetByAsk
2025-12-22 14:42:04,2025-12-22T14:42:04,60.75,1.0,SetByAsk
2025-12-22 14:42:04,2025-12-22T14:42:04,60.75,1.0,SetByAsk
2025-12-22 14:42:04,2025-12-22T14:42:04,60.75,1.0,SetByAsk
2025-12-22 14:42:05,2025-12-22T14:42:05,60.75,1.0,SetByAsk
2025-12-22 14:42:06,2025-12-22T14:42:06,60.75,1.0,SetByAsk
2025-12-22 14:42:06,2025-12-22T14:42:06,60.75,1.0,SetByAsk
2025-12-22 14:42:13,2025-12-22T14:42:13,60.74,1.0,SetByAsk
2025-12-22 14:42:18,2025-12-22T14:42:18,60.75,2.0,SetByBid
2025-12-22 14:42:18,2025-12-22T14:42:18,60.75,1.0,SetByBid
2025-12-22 14:42:27,2025-12-22T14:42:27,60.76,1.0,SetByAsk
2025-12-22 14:42:29,2025-12-22T14:42:29,60.77,1.0,SetByBid
2025-12-22 14:42:29,2025-12-22T14:42:29,60.77,1.0,SetByBid
2025-12-22 14:42:29,2025-12-22T14:42:29,60.77,1.0,SetByBid
2025-12-22 14:42:29,2025-12-22T14:42:29,60.77,1.0,SetByBid
2025-12-22 14:42:42,2025-12-22T14:42:42,60.77,1.0,SetByAsk
2025-12-22 14:42:42,2025-12-22T14:42:42,60.77,2.0,SetByAsk
2025-12-22 14:42:42,2025-12-22T14:42:42,60.77,10.0,SetByAsk
2025-12-22 14:42:42,2025-12-22T14:42:42,60.77,1.0,SetByAsk
2025-12-22 14:42:55,2025-12-22T14:42:55,60.77,1.0,SetByAsk
2025-12-22 14:42:55,2025-12-22T14:42:55,60.77,4.0,SetByAsk
2025-12-22 14:42:55,2025-12-22T14:42:55,60.77,1.0,SetByBid
2025-12-22 14:42:58,2025-12-22T14:42:58,60.78,1.0,SetByBid
2025-12-22 14:42:58,2025-12-22T14:42:58,60.78,1.0,SetByBid
2025-12-22 14:42:58,2025-12-22T14:42:58,60.78,1.0,SetByBid
2025-12-22 14:42:58,2025-12-22T14:42:58,60.78,1.0,SetByBid
2025-12-22 14:42:58,2025-12-22T14:42:58,60.78,1.0,SetByBid
2025-12-22 14:43:02,2025-12-22T14:43:02,60.77,1.0,SetByAsk
2025-12-22 14:43:58,2025-12-22T14:43:58,60.77,4.0,SetByAsk
2025-12-22 14:43:58,2025-12-22T14:43:58,60.77,1.0,SetByAsk
2025-12-22 14:44:06,2025-12-22T14:44:06,60.79,1.0,SetByBid
2025-12-22 14:44:07,2025-12-22T14:44:07,60.79,1.0,SetByBid
2025-12-22 14:44:07,2025-12-22T14:44:07,60.79,9.0,SetByBid
2025-12-22 14:44:07,2025-12-22T14:44:07,60.79,1.0,SetByBid
2025-12-22 14:44:07,2025-12-22T14:44:07,60.79,1.0,SetByAsk
2025-12-22 14:44:15,2025-12-22T14:44:15,60.79,1.0,SetByBid
2025-12-22 14:44:15,2025-12-22T14:44:15,60.8,1.0,SetByBid
2025-12-22 14:44:15,2025-12-22T14:44:15,60.8,2.0,SetByBid
2025-12-22 14:44:16,2025-12-22T14:44:16,60.78,1.0,SetByAsk
2025-12-22 14:44:16,2025-12-22T14:44:16,60.78,1.0,SetByAsk
2025-12-22 14:44:16,2025-12-22T14:44:16,60.78,3.0,SetByAsk
2025-12-22 14:44:16,2025-12-22T14:44:16,60.78,6.0,SetByAsk
2025-12-22 14:44:53,2025-12-22T14:44:53,60.78,1.0,SetByAsk
2025-12-22 14:45:00,2025-12-22T14:45:00,60.76,1.0,SetByAsk
2025-12-22 14:45:00,2025-12-22T14:45:00,60.76,1.0,SetByAsk
2025-12-22 14:45:00,2025-12-22T14:45:00,60.76,4.0,SetByAsk
2025-12-22 14:45:23,2025-12-22T14:45:23,60.76,1.0,SetByBid
2025-12-22 14:45:23,2025-12-22T14:45:23,60.76,1.0,SetByBid
2025-12-22 14:45:23,2025-12-22T14:45:23,60.76,1.0,SetByBid
2025-12-22 14:45:37,2025-12-22T14:45:37,60.74,1.0,SetByBid
2025-12-22 14:45:37,2025-12-22T14:45:37,60.74,1.0,SetByBid
2025-12-22 14:45:37,2025-12-22T14:45:37,60.74,1.0,SetByBid
2025-12-22 14:45:37,2025-12-22T14:45:37,60.74,1.0,SetByBid
2025-12-22 14:45:37,2025-12-22T14:45:37,60.74,1.0,SetByBid
2025-12-22 14:45:37,2025-12-22T14:45:37,60.74,1.0,SetByBid
2025-12-22 14:45:37,2025-12-22T14:45:37,60.74,1.0,SetByBid
2025-12-22 14:45:37,2025-12-22T14:45:37,60.74,1.0,SetByBid
2025-12-22 14:45:37,2025-12-22T14:45:37,60.73,1.0,SetByBid
2025-12-22 14:45:37,2025-12-22T14:45:37,60.74,1.0,SetByBid
2025-12-22 14:45:37,2025-12-22T14:45:37,60.74,1.0,SetByBid
2025-12-22 14:45:37,2025-12-22T14:45:37,60.73,1.0,SetByAsk
2025-12-22 14:46:00,2025-12-22T14:46:00,60.74,2.0,SetByBid
2025-12-22 14:46:00,2025-12-22T14:46:00,60.74,1.0,SetByBid
2025-12-22 14:46:00,2025-12-22T14:46:00,60.74,1.0,SetByBid
2025-12-22 14:46:00,2025-12-22T14:46:00,60.74,1.0,SetByBid
2025-12-22 14:46:00,2025-12-22T14:46:00,60.74,1.0,SetByBid
2025-12-22 14:46:00,2025-12-22T14:46:00,60.74,2.0,SetByBid
2025-12-22 14:46:16,2025-12-22T14:46:16,60.74,1.0,SetByBid
2025-12-22 14:46:17,2025-12-22T14:46:17,60.74,1.0,SetByBid
2025-12-22 14:46:23,2025-12-22T14:46:23,60.73,1.0,SetByAsk
2025-12-22 14:46:23,2025-12-22T14:46:23,60.73,2.0,SetByAsk
2025-12-22 14:46:23,2025-12-22T14:46:23,60.73,1.0,SetByAsk
2025-12-22 14:46:23,2025-12-22T14:46:23,60.73,1.0,SetByAsk
2025-12-22 14:46:23,2025-12-22T14:46:23,60.73,9.0,SetByAsk
2025-12-22 14:46:23,2025-12-22T14:46:23,60.73,1.0,SetByBid
2025-12-22 14:46:41,2025-12-22T14:46:41,60.74,1.0,SetByBid
2025-12-22 14:47:16,2025-12-22T14:47:16,60.74,1.0,SetByBid
2025-12-22 14:47:16,2025-12-22T14:47:16,60.74,1.0,SetByBid
2025-12-22 14:47:16,2025-12-22T14:47:16,60.74,1.0,SetByBid
2025-12-22 14:47:46,2025-12-22T14:47:46,60.75,1.0,SetByBid
2025-12-22 14:47:46,2025-12-22T14:47:46,60.75,1.0,SetByBid
2025-12-22 14:47:46,2025-12-22T14:47:46,60.75,1.0,SetByBid
2025-12-22 14:47:46,2025-12-22T14:47:46,60.75,1.0,SetByBid
2025-12-22 14:48:24,2025-12-22T14:48:24,60.75,1.0,SetByAsk
2025-12-22 14:48:39,2025-12-22T14:48:39,60.75,1.0,SetByAsk
2025-12-22 14:48:39,2025-12-22T14:48:39,60.75,1.0,SetByAsk
2025-12-22 14:48:39,2025-12-22T14:48:39,60.75,1.0,SetByAsk
2025-12-22 14:48:39,2025-12-22T14:48:39,60.75,1.0,SetByAsk
2025-12-22 14:48:39,2025-12-22T14:48:39,60.75,2.0,SetByAsk
2025-12-22 14:48:39,2025-12-22T14:48:39,60.75,1.0,SetByAsk
2025-12-22 14:48:39,2025-12-22T14:48:39,60.75,2.0,SetByAsk
2025-12-22 14:48:39,2025-12-22T14:48:39,60.75,2.0,SetByAsk
2025-12-22 14:48:39,2025-12-22T14:48:39,60.75,1.0,SetByAsk
2025-12-22 14:48:39,2025-12-22T14:48:39,60.75,1.0,SetByAsk
2025-12-22 14:48:39,2025-12-22T14:48:39,60.75,1.0,SetByAsk
2025-12-22 14:48:39,2025-12-22T14:48:39,60.75,1.0,SetByAsk
2025-12-22 14:48:39,2025-12-22T14:48:39,60.75,1.0,SetByAsk
2025-12-22 14:48:39,2025-12-22T14:48:39,60.75,1.0,SetByAsk
2025-12-22 14:48:39,2025-12-22T14:48:39,60.75,1.0,SetByAsk
2025-12-22 14:48:39,2025-12-22T14:48:39,60.75,4.0,SetByBid
2025-12-22 14:48:39,2025-12-22T14:48:39,60.75,1.0,SetByBid
2025-12-22 14:48:39,2025-12-22T14:48:39,60.75,1.0,SetByBid
2025-12-22 14:48:39,2025-12-22T14:48:39,60.75,1.0,SetByBid
2025-12-22 14:48:40,2025-12-22T14:48:40,60.74,1.0,SetByAsk
2025-12-22 14:48:40,2025-12-22T14:48:40,60.74,1.0,SetByAsk
2025-12-22 14:48:40,2025-12-22T14:48:40,60.74,1.0,SetByBid
2025-12-22 14:49:12,2025-12-22T14:49:12,60.75,1.0,SetByBid
2025-12-22 14:49:21,2025-12-22T14:49:21,60.75,1.0,SetByBid
2025-12-22 14:49:21,2025-12-22T14:49:21,60.75,1.0,SetByBid
2025-12-22 14:49:21,2025-12-22T14:49:21,60.75,1.0,SetByBid
2025-12-22 14:49:21,2025-12-22T14:49:21,60.75,2.0,SetByBid
2025-12-22 14:49:21,2025-12-22T14:49:21,60.75,1.0,SetByBid
2025-12-22 14:49:21,2025-12-22T14:49:21,60.75,4.0,SetByBid
2025-12-22 14:49:32,2025-12-22T14:49:32,60.76,2.0,SetByBid
2025-12-22 14:49:32,2025-12-22T14:49:32,60.76,1.0,SetByBid
2025-12-22 14:49:32,2025-12-22T14:49:32,60.76,1.0,SetByBid
2025-12-22 14:49:32,2025-12-22T14:49:32,60.75,1.0,SetByAsk
2025-12-22 14:49:32,2025-12-22T14:49:32,60.75,1.0,SetByAsk
2025-12-22 14:49:32,2025-12-22T14:49:32,60.75,1.0,SetByAsk
2025-12-22 14:49:32,2025-12-22T14:49:32,60.75,1.0,SetByAsk
2025-12-22 14:49:32,2025-12-22T14:49:32,60.75,1.0,SetByAsk
2025-12-22 14:49:32,2025-12-22T14:49:32,60.75,1.0,SetByAsk
2025-12-22 14:49:32,2025-12-22T14:49:32,60.75,1.0,SetByAsk
2025-12-22 14:49:32,2025-12-22T14:49:32,60.75,1.0,SetByAsk
2025-12-22 14:49:32,2025-12-22T14:49:32,60.75,2.0,SetByBid
2025-12-22 14:49:47,2025-12-22T14:49:47,60.75,1.0,SetByAsk
2025-12-22 14:49:50,2025-12-22T14:49:50,60.76,1.0,SetByBid
2025-12-22 14:49:50,2025-12-22T14:49:50,60.75,1.0,SetByAsk
2025-12-22 14:50:08,2025-12-22T14:50:08,60.75,1.0,SetByAsk
2025-12-22 14:50:08,2025-12-22T14:50:08,60.75,1.0,SetByBid
2025-12-22 14:51:04,2025-12-22T14:51:04,60.75,1.0,SetByBid
2025-12-22 14:51:04,2025-12-22T14:51:04,60.75,1.0,SetByBid
2025-12-22 14:51:17,2025-12-22T14:51:17,60.76,1.0,SetByBid
2025-12-22 14:51:17,2025-12-22T14:51:17,60.76,1.0,SetByBid
2025-12-22 14:51:17,2025-12-22T14:51:17,60.76,1.0,SetByBid
2025-12-22 14:51:17,2025-12-22T14:51:17,60.76,1.0,SetByBid
2025-12-22 14:51:40,2025-12-22T14:51:40,60.74,1.0,SetByAsk
2025-12-22 14:51:40,2025-12-22T14:51:40,60.74,1.0,SetByAsk
2025-12-22 14:51:40,2025-12-22T14:51:40,60.74,1.0,SetByAsk
2025-12-22 14:51:40,2025-12-22T14:51:40,60.74,1.0,SetByAsk
2025-12-22 14:51:40,2025-12-22T14:51:40,60.74,1.0,SetByAsk
2025-12-22 14:51:40,2025-12-22T14:51:40,60.74,1.0,SetByBid
2025-12-22 14:51:41,2025-12-22T14:51:41,60.73,1.0,SetByAsk
2025-12-22 14:52:43,2025-12-22T14:52:43,60.73,1.0,SetByBid
2025-12-22 14:52:43,2025-12-22T14:52:43,60.73,1.0,SetByBid
2025-12-22 14:52:43,2025-12-22T14:52:43,60.73,1.0,SetByBid
2025-12-22 14:52:56,2025-12-22T14:52:56,60.74,1.0,SetByBid
2025-12-22 14:53:00,2025-12-22T14:53:00,60.74,1.0,SetByBid
2025-12-22 14:53:03,2025-12-22T14:53:03,60.74,1.0,SetByBid
2025-12-22 14:53:03,2025-12-22T14:53:03,60.74,1.0,SetByBid
2025-12-22 14:53:03,2025-12-22T14:53:03,60.74,1.0,SetByBid
2025-12-22 14:53:03,2025-12-22T14:53:03,60.74,1.0,SetByBid
2025-12-22 14:53:12,2025-12-22T14:53:12,60.73,1.0,SetByAsk
2025-12-22 14:53:12,2025-12-22T14:53:12,60.73,1.0,SetByAsk
2025-12-22 14:53:12,2025-12-22T14:53:12,60.73,3.0,SetByAsk
2025-12-22 14:53:12,2025-12-22T14:53:12,60.73,1.0,SetByAsk
2025-12-22 14:53:48,2025-12-22T14:53:48,60.72,1.0,SetByAsk
2025-12-22 14:53:48,2025-12-22T14:53:48,60.72,1.0,SetByBid
2025-12-22 14:54:48,2025-12-22T14:54:48,60.74,1.0,SetByBid
2025-12-22 14:54:48,2025-12-22T14:54:48,60.74,1.0,SetByBid
2025-12-22 14:54:48,2025-12-22T14:54:48,60.74,1.0,SetByBid
2025-12-22 14:54:48,2025-12-22T14:54:48,60.74,1.0,SetByBid
2025-12-22 14:54:57,2025-12-22T14:54:57,60.73,1.0,SetByBid
2025-12-22 14:55:26,2025-12-22T14:55:26,60.75,1.0,SetByBid
2025-12-22 14:56:34,2025-12-22T14:56:34,60.77,2.0,SetByBid
2025-12-22 14:56:34,2025-12-22T14:56:34,60.77,1.0,SetByBid
2025-12-22 14:56:34,2025-12-22T14:56:34,60.77,1.0,SetByBid
2025-12-22 14:56:34,2025-12-22T14:56:34,60.76,1.0,SetByAsk
2025-12-22 14:57:10,2025-12-22T14:57:10,60.77,1.0,SetByBid
2025-12-22 14:57:10,2025-12-22T14:57:10,60.77,1.0,SetByBid
2025-12-22 14:57:57,2025-12-22T14:57:57,60.77,1.0,SetByAsk
2025-12-22 14:57:57,2025-12-22T14:57:57,60.77,1.0,SetByAsk
2025-12-22 14:58:20,2025-12-22T14:58:20,60.79,1.0,SetByBid
2025-12-22 14:58:20,2025-12-22T14:58:20,60.79,1.0,SetByBid
2025-12-22 14:58:20,2025-12-22T14:58:20,60.79,1.0,SetByBid
2025-12-22 14:58:20,2025-12-22T14:58:20,60.79,1.0,SetByBid
2025-12-22 14:58:26,2025-12-22T14:58:26,60.77,6.0,SetByAsk
2025-12-22 14:58:26,2025-12-22T14:58:26,60.77,1.0,SetByAsk
2025-12-22 14:58:27,2025-12-22T14:58:27,60.77,1.0,SetByAsk
2025-12-22 14:59:00,2025-12-22T14:59:00,60.73,1.0,SetByAsk
2025-12-22 14:59:00,2025-12-22T14:59:00,60.73,1.0,SetByAsk
2025-12-22 14:59:00,2025-12-22T14:59:00,60.74,1.0,SetByBid
2025-12-22 14:59:00,2025-12-22T14:59:00,60.74,1.0,SetByBid
2025-12-22 14:59:00,2025-12-22T14:59:00,60.74,1.0,SetByBid
2025-12-22 14:59:00,2025-12-22T14:59:00,60.74,1.0,SetByBid
2025-12-22 14:59:03,2025-12-22T14:59:03,60.74,1.0,SetByBid
2025-12-22 14:59:03,2025-12-22T14:59:03,60.74,1.0,SetByBid
2025-12-22 14:59:03,2025-12-22T14:59:03,60.74,1.0,SetByBid
2025-12-22 14:59:03,2025-12-22T14:59:03,60.74,1.0,SetByBid
2025-12-22 14:59:26,2025-12-22T14:59:26,60.74,1.0,SetByBid
2025-12-22 14:59:26,2025-12-22T14:59:26,60.74,2.0,SetByBid
2025-12-22 14:59:26,2025-12-22T14:59:26,60.74,1.0,SetByBid
2025-12-22 14:59:26,2025-12-22T14:59:26,60.74,4.0,SetByBid
2025-12-22 14:59:26,2025-12-22T14:59:26,60.74,3.0,SetByBid
2025-12-22 14:59:26,2025-12-22T14:59:26,60.74,1.0,SetByBid
2025-12-22 14:59:26,2025-12-22T14:59:26,60.74,1.0,SetByBid
2025-12-22 14:59:26,2025-12-22T14:59:26,60.74,2.0,SetByBid
2025-12-22 14:59:27,2025-12-22T14:59:27,60.74,1.0,SetByBid
2025-12-22 14:59:27,2025-12-22T14:59:27,60.74,1.0,SetByBid
2025-12-22 14:59:27,2025-12-22T14:59:27,60.74,1.0,SetByBid
2025-12-22 14:59:27,2025-12-22T14:59:27,60.74,1.0,SetByBid
2025-12-22 14:59:27,2025-12-22T14:59:27,60.74,1.0,SetByBid
2025-12-22 14:59:27,2025-12-22T14:59:27,60.74,1.0,SetByBid
2025-12-22 14:59:27,2025-12-22T14:59:27,60.74,1.0,SetByBid
2025-12-22 14:59:27,2025-12-22T14:59:27,60.74,1.0,SetByBid
2025-12-22 14:59:27,2025-12-22T14:59:27,60.74,1.0,SetByBid
2025-12-22 14:59:27,2025-12-22T14:59:27,60.74,1.0,SetByBid
2025-12-22 14:59:29,2025-12-22T14:59:29,60.74,1.0,SetByBid
2025-12-22 14:59:29,2025-12-22T14:59:29,60.74,1.0,SetByBid
2025-12-22 14:59:29,2025-12-22T14:59:29,60.74,1.0,SetByBid
2025-12-22 14:59:29,2025-12-22T14:59:29,60.74,1.0,SetByBid
2025-12-22 14:59:29,2025-12-22T14:59:29,60.74,1.0,SetByBid
2025-12-22 14:59:29,2025-12-22T14:59:29,60.74,1.0,SetByBid
2025-12-22 14:59:29,2025-12-22T14:59:29,60.74,3.0,SetByBid
2025-12-22 14:59:29,2025-12-22T14:59:29,60.74,1.0,SetByBid
2025-12-22 14:59:29,2025-12-22T14:59:29,60.74,1.0,SetByBid
2025-12-22 14:59:29,2025-12-22T14:59:29,60.74,1.0,SetByBid
2025-12-22 14:59:29,2025-12-22T14:59:29,60.74,2.0,SetByBid
2025-12-22 14:59:29,2025-12-22T14:59:29,60.74,1.0,SetByBid
2025-12-22 14:59:36,2025-12-22T14:59:36,60.74,5.0,SetByBid
2025-12-22 14:59:36,2025-12-22T14:59:36,60.74,1.0,SetByBid
2025-12-22 14:59:47,2025-12-22T14:59:47,60.73,1.0,SetByBid
2025-12-22 14:59:50,2025-12-22T14:59:50,60.73,1.0,SetByBid
2025-12-22 14:59:55,2025-12-22T14:59:55,60.73,1.0,SetByBid
2025-12-22 14:59:55,2025-12-22T14:59:55,60.73,1.0,SetByBid
2025-12-22 14:59:55,2025-12-22T14:59:55,60.73,1.0,SetByBid
2025-12-22 14:59:55,2025-12-22T14:59:55,60.73,1.0,SetByBid
2025-12-22 15:00:05,2025-12-22T15:00:05,60.74,1.0,SetByBid
2025-12-22 15:00:05,2025-12-22T15:00:05,60.74,1.0,SetByBid
2025-12-22 15:00:05,2025-12-22T15:00:05,60.74,1.0,SetByBid
2025-12-22 15:00:05,2025-12-22T15:00:05,60.74,1.0,SetByBid
2025-12-22 15:00:05,2025-12-22T15:00:05,60.74,1.0,SetByBid
2025-12-22 15:00:05,2025-12-22T15:00:05,60.74,1.0,SetByBid
2025-12-22 15:00:05,2025-12-22T15:00:05,60.74,1.0,SetByBid
2025-12-22 15:00:05,2025-12-22T15:00:05,60.74,1.0,SetByBid
2025-12-22 15:00:05,2025-12-22T15:00:05,60.74,1.0,SetByBid
2025-12-22 15:00:05,2025-12-22T15:00:05,60.74,1.0,SetByBid
2025-12-22 15:00:05,2025-12-22T15:00:05,60.75,1.0,SetByBid
2025-12-22 15:00:05,2025-12-22T15:00:05,60.77,1.0,SetByBid
2025-12-22 15:00:05,2025-12-22T15:00:05,60.77,1.0,SetByBid
2025-12-22 15:00:05,2025-12-22T15:00:05,60.77,1.0,SetByBid
2025-12-22 15:00:05,2025-12-22T15:00:05,60.77,1.0,SetByBid
2025-12-22 15:00:08,2025-12-22T15:00:08,60.76,1.0,SetByAsk
2025-12-22 15:00:08,2025-12-22T15:00:08,60.76,1.0,SetByAsk
2025-12-22 15:00:08,2025-12-22T15:00:08,60.76,1.0,SetByAsk
2025-12-22 15:00:08,2025-12-22T15:00:08,60.76,1.0,SetByBid
2025-12-22 15:00:15,2025-12-22T15:00:15,60.77,2.0,SetByBid
2025-12-22 15:00:15,2025-12-22T15:00:15,60.77,1.0,SetByBid
2025-12-22 15:00:15,2025-12-22T15:00:15,60.77,1.0,SetByBid
2025-12-22 15:00:18,2025-12-22T15:00:18,60.77,1.0,SetByBid
2025-12-22 15:00:35,2025-12-22T15:00:35,60.78,1.0,SetByBid
2025-12-22 15:00:38,2025-12-22T15:00:38,60.77,2.0,SetByAsk
2025-12-22 15:00:38,2025-12-22T15:00:38,60.77,2.0,SetByAsk
2025-12-22 15:00:38,2025-12-22T15:00:38,60.77,1.0,SetByBid
2025-12-22 15:00:49,2025-12-22T15:00:49,60.78,1.0,SetByBid
2025-12-22 15:00:49,2025-12-22T15:00:49,60.78,3.0,SetByBid
2025-12-22 15:00:49,2025-12-22T15:00:49,60.78,1.0,SetByBid
2025-12-22 15:01:04,2025-12-22T15:01:04,60.78,2.0,SetByBid
2025-12-22 15:01:04,2025-12-22T15:01:04,60.78,1.0,SetByBid
2025-12-22 15:01:04,2025-12-22T15:01:04,60.78,1.0,SetByBid
2025-12-22 15:01:28,2025-12-22T15:01:28,60.8,24.0,SetByBid
2025-12-22 15:01:28,2025-12-22T15:01:28,60.8,24.0,SetByBid
2025-12-22 15:01:28,2025-12-22T15:01:28,60.8,1.0,SetByBid
2025-12-22 15:01:28,2025-12-22T15:01:28,60.81,1.0,SetByBid
2025-12-22 15:01:28,2025-12-22T15:01:28,60.81,1.0,SetByBid
2025-12-22 15:01:28,2025-12-22T15:01:28,60.81,1.0,SetByBid
2025-12-22 15:01:28,2025-12-22T15:01:28,60.81,2.0,SetByBid
2025-12-22 15:01:29,2025-12-22T15:01:29,60.8,1.0,SetByAsk
2025-12-22 15:01:43,2025-12-22T15:01:43,60.8,1.0,SetByAsk
2025-12-22 15:01:43,2025-12-22T15:01:43,60.8,1.0,SetByAsk
2025-12-22 15:01:43,2025-12-22T15:01:43,60.8,1.0,SetByAsk
2025-12-22 15:02:01,2025-12-22T15:02:01,60.78,1.0,SetByAsk
2025-12-22 15:02:07,2025-12-22T15:02:07,60.79,1.0,SetByBid
2025-12-22 15:02:07,2025-12-22T15:02:07,60.79,1.0,SetByBid
2025-12-22 15:02:45,2025-12-22T15:02:45,60.78,1.0,SetByAsk
2025-12-22 15:02:45,2025-12-22T15:02:45,60.78,1.0,SetByAsk
2025-12-22 15:02:45,2025-12-22T15:02:45,60.78,1.0,SetByAsk
2025-12-22 15:02:50,2025-12-22T15:02:50,60.77,1.0,SetByBid
2025-12-22 15:02:53,2025-12-22T15:02:53,60.75,1.0,SetByBid
2025-12-22 15:02:53,2025-12-22T15:02:53,60.75,1.0,SetByBid
2025-12-22 15:02:53,2025-12-22T15:02:53,60.75,1.0,SetByBid
2025-12-22 15:02:53,2025-12-22T15:02:53,60.75,1.0,SetByBid
2025-12-22 15:02:53,2025-12-22T15:02:53,60.76,1.0,SetByBid
2025-12-22 15:02:53,2025-12-22T15:02:53,60.76,1.0,SetByBid
2025-12-22 15:02:53,2025-12-22T15:02:53,60.76,1.0,SetByBid
2025-12-22 15:02:53,2025-12-22T15:02:53,60.76,1.0,SetByBid
2025-12-22 15:02:53,2025-12-22T15:02:53,60.76,1.0,SetByBid
2025-12-22 15:03:01,2025-12-22T15:03:01,60.76,1.0,SetByBid
2025-12-22 15:03:01,2025-12-22T15:03:01,60.76,1.0,SetByBid
2025-12-22 15:03:02,2025-12-22T15:03:02,60.76,1.0,SetByAsk
2025-12-22 15:03:02,2025-12-22T15:03:02,60.76,1.0,SetByAsk
2025-12-22 15:03:03,2025-12-22T15:03:03,60.76,1.0,SetByAsk
2025-12-22 15:03:03,2025-12-22T15:03:03,60.76,3.0,SetByAsk
2025-12-22 15:03:04,2025-12-22T15:03:04,60.76,1.0,SetByAsk
2025-12-22 15:04:28,2025-12-22T15:04:28,60.79,1.0,SetByAsk
2025-12-22 15:04:38,2025-12-22T15:04:38,60.78,1.0,SetByAsk
2025-12-22 15:04:38,2025-12-22T15:04:38,60.78,1.0,SetByAsk
2025-12-22 15:04:49,2025-12-22T15:04:49,60.79,1.0,SetByBid
2025-12-22 15:04:49,2025-12-22T15:04:49,60.79,1.0,SetByBid
2025-12-22 15:04:49,2025-12-22T15:04:49,60.79,1.0,SetByBid
2025-12-22 15:04:49,2025-12-22T15:04:49,60.79,1.0,SetByAsk
2025-12-22 15:04:49,2025-12-22T15:04:49,60.8,1.0,SetByBid
2025-12-22 15:04:49,2025-12-22T15:04:49,60.8,1.0,SetByBid
2025-12-22 15:04:49,2025-12-22T15:04:49,60.8,2.0,SetByBid
2025-12-22 15:05:00,2025-12-22T15:05:00,60.78,1.0,SetByAsk
2025-12-22 15:05:17,2025-12-22T15:05:17,60.77,1.0,SetByAsk
2025-12-22 15:05:17,2025-12-22T15:05:17,60.77,1.0,SetByAsk
2025-12-22 15:05:17,2025-12-22T15:05:17,60.77,1.0,SetByAsk
2025-12-22 15:05:23,2025-12-22T15:05:23,60.77,1.0,SetByBid
2025-12-22 15:06:25,2025-12-22T15:06:25,60.78,1.0,SetByBid
2025-12-22 15:06:25,2025-12-22T15:06:25,60.78,1.0,SetByBid
2025-12-22 15:06:34,2025-12-22T15:06:34,60.77,1.0,SetByAsk
2025-12-22 15:07:40,2025-12-22T15:07:40,60.76,1.0,SetByAsk
2025-12-22 15:07:54,2025-12-22T15:07:54,60.77,1.0,SetByBid
2025-12-22 15:08:14,2025-12-22T15:08:14,60.78,1.0,SetByBid
2025-12-22 15:08:18,2025-12-22T15:08:18,60.78,1.0,SetByAsk
2025-12-22 15:08:22,2025-12-22T15:08:22,60.79,1.0,SetByBid
2025-12-22 15:08:22,2025-12-22T15:08:22,60.79,1.0,SetByBid
2025-12-22 15:08:39,2025-12-22T15:08:39,60.79,1.0,SetByAsk
2025-12-22 15:08:58,2025-12-22T15:08:58,60.78,1.0,SetByAsk
2025-12-22 15:08:58,2025-12-22T15:08:58,60.78,1.0,SetByAsk
2025-12-22 15:08:58,2025-12-22T15:08:58,60.78,1.0,SetByAsk
2025-12-22 15:08:58,2025-12-22T15:08:58,60.78,1.0,SetByAsk
2025-12-22 15:08:58,2025-12-22T15:08:58,60.78,1.0,SetByAsk
2025-12-22 15:09:00,2025-12-22T15:09:00,60.78,1.0,SetByAsk
2025-12-22 15:09:00,2025-12-22T15:09:00,60.78,1.0,SetByAsk
2025-12-22 15:09:00,2025-12-22T15:09:00,60.78,1.0,SetByAsk
2025-12-22 15:09:23,2025-12-22T15:09:23,60.78,1.0,SetByBid
2025-12-22 15:09:29,2025-12-22T15:09:29,60.79,1.0,SetByBid
2025-12-22 15:09:29,2025-12-22T15:09:29,60.79,1.0,SetByBid
2025-12-22 15:09:29,2025-12-22T15:09:29,60.79,1.0,SetByBid
2025-12-22 15:09:29,2025-12-22T15:09:29,60.81,1.0,SetByBid
2025-12-22 15:09:29,2025-12-22T15:09:29,60.81,1.0,SetByBid
2025-12-22 15:09:29,2025-12-22T15:09:29,60.81,1.0,SetByBid
2025-12-22 15:09:29,2025-12-22T15:09:29,60.81,4.0,SetByBid
2025-12-22 15:09:29,2025-12-22T15:09:29,60.81,1.0,SetByBid
2025-12-22 15:09:36,2025-12-22T15:09:36,60.81,1.0,SetByBid
2025-12-22 15:09:36,2025-12-22T15:09:36,60.81,1.0,SetByBid
2025-12-22 15:09:36,2025-12-22T15:09:36,60.81,1.0,SetByBid
2025-12-22 15:09:36,2025-12-22T15:09:36,60.81,1.0,SetByBid
2025-12-22 15:09:36,2025-12-22T15:09:36,60.81,1.0,SetByBid
2025-12-22 15:09:36,2025-12-22T15:09:36,60.81,1.0,SetByBid
2025-12-22 15:09:37,2025-12-22T15:09:37,60.81,1.0,SetByBid
2025-12-22 15:09:37,2025-12-22T15:09:37,60.81,1.0,SetByBid
2025-12-22 15:09:37,2025-12-22T15:09:37,60.81,1.0,SetByBid
2025-12-22 15:09:45,2025-12-22T15:09:45,60.81,1.0,SetByBid
2025-12-22 15:09:45,2025-12-22T15:09:45,60.81,1.0,SetByBid
2025-12-22 15:09:45,2025-12-22T15:09:45,60.81,1.0,SetByBid
2025-12-22 15:09:45,2025-12-22T15:09:45,60.81,1.0,SetByBid
2025-12-22 15:09:45,2025-12-22T15:09:45,60.81,1.0,SetByBid
2025-12-22 15:09:45,2025-12-22T15:09:45,60.81,1.0,SetByBid
2025-12-22 15:09:47,2025-12-22T15:09:47,60.81,1.0,SetByBid
2025-12-22 15:09:47,2025-12-22T15:09:47,60.81,1.0,SetByBid
2025-12-22 15:09:47,2025-12-22T15:09:47,60.81,1.0,SetByBid
2025-12-22 15:09:48,2025-12-22T15:09:48,60.81,1.0,SetByBid
2025-12-22 15:09:48,2025-12-22T15:09:48,60.81,1.0,SetByBid
2025-12-22 15:10:35,2025-12-22T15:10:35,60.8,1.0,SetByAsk
2025-12-22 15:10:46,2025-12-22T15:10:46,60.81,1.0,SetByBid
2025-12-22 15:10:49,2025-12-22T15:10:49,60.8,1.0,SetByAsk
2025-12-22 15:10:50,2025-12-22T15:10:50,60.8,1.0,SetByAsk
2025-12-22 15:10:50,2025-12-22T15:10:50,60.8,1.0,SetByAsk
2025-12-22 15:10:55,2025-12-22T15:10:55,60.79,1.0,SetByAsk
2025-12-22 15:10:55,2025-12-22T15:10:55,60.79,1.0,SetByAsk
2025-12-22 15:11:39,2025-12-22T15:11:39,60.82,3.0,SetByBid
2025-12-22 15:11:39,2025-12-22T15:11:39,60.82,1.0,SetByBid
2025-12-22 15:11:47,2025-12-22T15:11:47,60.81,1.0,SetByBid
2025-12-22 15:11:47,2025-12-22T15:11:47,60.81,1.0,SetByBid
2025-12-22 15:11:47,2025-12-22T15:11:47,60.81,5.0,SetByBid
2025-12-22 15:11:47,2025-12-22T15:11:47,60.81,3.0,SetByBid
2025-12-22 15:11:56,2025-12-22T15:11:56,60.82,1.0,SetByBid
2025-12-22 15:12:22,2025-12-22T15:12:22,60.81,1.0,SetByAsk
2025-12-22 15:12:22,2025-12-22T15:12:22,60.81,1.0,SetByAsk
2025-12-22 15:12:22,2025-12-22T15:12:22,60.81,1.0,SetByAsk
2025-12-22 15:12:22,2025-12-22T15:12:22,60.81,6.0,SetByAsk
2025-12-22 15:12:22,2025-12-22T15:12:22,60.81,1.0,SetByAsk
2025-12-22 15:12:22,2025-12-22T15:12:22,60.81,1.0,SetByAsk
2025-12-22 15:12:22,2025-12-22T15:12:22,60.81,1.0,SetByBid
2025-12-22 15:12:23,2025-12-22T15:12:23,60.81,1.0,SetByAsk
2025-12-22 15:12:44,2025-12-22T15:12:44,60.83,1.0,SetByAsk
2025-12-22 15:12:53,2025-12-22T15:12:53,60.83,1.0,SetByAsk
2025-12-22 15:13:39,2025-12-22T15:13:39,60.84,1.0,SetByBid
2025-12-22 15:13:39,2025-12-22T15:13:39,60.85,1.0,SetByAsk
2025-12-22 15:13:39,2025-12-22T15:13:39,60.85,1.0,SetByAsk
2025-12-22 15:13:39,2025-12-22T15:13:39,60.85,1.0,SetByAsk
2025-12-22 15:13:39,2025-12-22T15:13:39,60.85,1.0,SetByAsk
2025-12-22 15:13:42,2025-12-22T15:13:42,60.85,1.0,SetByAsk
2025-12-22 15:13:47,2025-12-22T15:13:47,60.86,1.0,SetByBid
2025-12-22 15:13:49,2025-12-22T15:13:49,60.86,1.0,SetByBid
2025-12-22 15:13:50,2025-12-22T15:13:50,60.86,1.0,SetByBid
2025-12-22 15:13:58,2025-12-22T15:13:58,60.86,1.0,SetByAsk
2025-12-22 15:13:58,2025-12-22T15:13:58,60.86,1.0,SetByAsk
2025-12-22 15:13:58,2025-12-22T15:13:58,60.86,1.0,SetByBid
2025-12-22 15:15:26,2025-12-22T15:15:26,60.85,1.0,SetByBid
2025-12-22 15:16:22,2025-12-22T15:16:22,60.9,1.0,SetByBid
2025-12-22 15:16:36,2025-12-22T15:16:36,60.89,1.0,SetByAsk
2025-12-22 15:16:51,2025-12-22T15:16:51,60.91,1.0,SetByBid
2025-12-22 15:16:51,2025-12-22T15:16:51,60.91,1.0,SetByBid
2025-12-22 15:17:07,2025-12-22T15:17:07,60.9,1.0,SetByBid
2025-12-22 15:17:07,2025-12-22T15:17:07,60.9,1.0,SetByBid
2025-12-22 15:17:07,2025-12-22T15:17:07,60.9,3.0,SetByBid
2025-12-22 15:17:18,2025-12-22T15:17:18,60.9,1.0,SetByBid
2025-12-22 15:17:28,2025-12-22T15:17:28,60.9,1.0,SetByAsk
2025-12-22 15:17:28,2025-12-22T15:17:28,60.9,1.0,SetByAsk
2025-12-22 15:17:28,2025-12-22T15:17:28,60.9,8.0,SetByAsk
2025-12-22 15:17:28,2025-12-22T15:17:28,60.89,1.0,SetByAsk
2025-12-22 15:17:28,2025-12-22T15:17:28,60.89,1.0,SetByAsk
2025-12-22 15:17:28,2025-12-22T15:17:28,60.9,1.0,SetByBid
2025-12-22 15:17:28,2025-12-22T15:17:28,60.9,1.0,SetByBid
2025-12-22 15:18:00,2025-12-22T15:18:00,60.85,1.0,SetByBid
2025-12-22 15:18:38,2025-12-22T15:18:38,60.84,1.0,SetByAsk
2025-12-22 15:19:30,2025-12-22T15:19:30,60.87,1.0,SetByBid
2025-12-22 15:19:57,2025-12-22T15:19:57,60.87,1.0,SetByAsk
2025-12-22 15:20:37,2025-12-22T15:20:37,60.86,1.0,SetByBid
2025-12-22 15:21:04,2025-12-22T15:21:04,60.84,1.0,SetByBid
2025-12-22 15:21:52,2025-12-22T15:21:52,60.86,1.0,SetByBid
2025-12-22 15:22:10,2025-12-22T15:22:10,60.85,1.0,SetByAsk
2025-12-22 15:22:10,2025-12-22T15:22:10,60.85,1.0,SetByAsk
2025-12-22 15:22:14,2025-12-22T15:22:14,60.85,1.0,SetByBid
2025-12-22 15:22:31,2025-12-22T15:22:31,60.85,1.0,SetByBid
2025-12-22 15:22:32,2025-12-22T15:22:32,60.85,1.0,SetByBid
2025-12-22 15:22:36,2025-12-22T15:22:36,60.84,1.0,SetByAsk
2025-12-22 15:23:20,2025-12-22T15:23:20,60.84,1.0,SetByBid
2025-12-22 15:23:59,2025-12-22T15:23:59,60.85,1.0,SetByBid
2025-12-22 15:23:59,2025-12-22T15:23:59,60.85,1.0,SetByBid
2025-12-22 15:23:59,2025-12-22T15:23:59,60.85,1.0,SetByBid
2025-12-22 15:23:59,2025-12-22T15:23:59,60.85,1.0,SetByBid
2025-12-22 15:23:59,2025-12-22T15:23:59,60.85,1.0,SetByBid
2025-12-22 15:23:59,2025-12-22T15:23:59,60.85,1.0,SetByBid
2025-12-22 15:23:59,2025-12-22T15:23:59,60.85,1.0,SetByBid
2025-12-22 15:23:59,2025-12-22T15:23:59,60.85,1.0,SetByBid
2025-12-22 15:23:59,2025-12-22T15:23:59,60.85,1.0,SetByBid
2025-12-22 15:23:59,2025-12-22T15:23:59,60.85,1.0,SetByBid
2025-12-22 15:23:59,2025-12-22T15:23:59,60.85,1.0,SetByBid
2025-12-22 15:23:59,2025-12-22T15:23:59,60.85,1.0,SetByBid
2025-12-22 15:23:59,2025-12-22T15:23:59,60.85,1.0,SetByBid
2025-12-22 15:23:59,2025-12-22T15:23:59,60.85,1.0,SetByBid
2025-12-22 15:23:59,2025-12-22T15:23:59,60.85,1.0,SetByBid
2025-12-22 15:23:59,2025-12-22T15:23:59,60.85,1.0,SetByBid
2025-12-22 15:24:00,2025-12-22T15:24:00,60.85,1.0,SetByBid
2025-12-22 15:24:00,2025-12-22T15:24:00,60.85,1.0,SetByBid
2025-12-22 15:24:01,2025-12-22T15:24:01,60.85,1.0,SetByBid
2025-12-22 15:24:04,2025-12-22T15:24:04,60.85,1.0,SetByBid
2025-12-22 15:24:05,2025-12-22T15:24:05,60.85,1.0,SetByBid
2025-12-22 15:24:05,2025-12-22T15:24:05,60.85,1.0,SetByBid
2025-12-22 15:24:05,2025-12-22T15:24:05,60.85,1.0,SetByBid
2025-12-22 15:24:05,2025-12-22T15:24:05,60.85,1.0,SetByBid
2025-12-22 15:24:05,2025-12-22T15:24:05,60.85,1.0,SetByBid
2025-12-22 15:24:05,2025-12-22T15:24:05,60.85,1.0,SetByBid
2025-12-22 15:24:05,2025-12-22T15:24:05,60.85,1.0,SetByBid
2025-12-22 15:24:05,2025-12-22T15:24:05,60.85,1.0,SetByBid
2025-12-22 15:24:05,2025-12-22T15:24:05,60.85,1.0,SetByBid
2025-12-22 15:24:05,2025-12-22T15:24:05,60.85,1.0,SetByBid
2025-12-22 15:24:05,2025-12-22T15:24:05,60.85,1.0,SetByBid
2025-12-22 15:24:05,2025-12-22T15:24:05,60.85,1.0,SetByBid
2025-12-22 15:24:05,2025-12-22T15:24:05,60.85,1.0,SetByBid
2025-12-22 15:24:05,2025-12-22T15:24:05,60.85,1.0,SetByBid
2025-12-22 15:24:05,2025-12-22T15:24:05,60.85,1.0,SetByBid
2025-12-22 15:24:18,2025-12-22T15:24:18,60.86,1.0,SetByAsk
2025-12-22 15:24:18,2025-12-22T15:24:18,60.86,1.0,SetByAsk
2025-12-22 15:24:18,2025-12-22T15:24:18,60.87,1.0,SetByBid
2025-12-22 15:24:34,2025-12-22T15:24:34,60.85,1.0,SetByAsk
2025-12-22 15:24:34,2025-12-22T15:24:34,60.85,1.0,SetByAsk
2025-12-22 15:24:34,2025-12-22T15:24:34,60.85,1.0,SetByAsk
2025-12-22 15:24:34,2025-12-22T15:24:34,60.85,1.0,SetByBid
2025-12-22 15:24:56,2025-12-22T15:24:56,60.85,1.0,SetByBid
2025-12-22 15:25:21,2025-12-22T15:25:21,60.85,1.0,SetByAsk
2025-12-22 15:25:21,2025-12-22T15:25:21,60.85,1.0,SetByBid
2025-12-22 15:26:20,2025-12-22T15:26:20,60.88,1.0,SetByBid
2025-12-22 15:26:20,2025-12-22T15:26:20,60.88,1.0,SetByBid
2025-12-22 15:26:20,2025-12-22T15:26:20,60.88,1.0,SetByAsk
2025-12-22 15:26:20,2025-12-22T15:26:20,60.88,1.0,SetByAsk
2025-12-22 15:26:20,2025-12-22T15:26:20,60.88,1.0,SetByAsk
2025-12-22 15:26:20,2025-12-22T15:26:20,60.88,1.0,SetByAsk
2025-12-22 15:26:20,2025-12-22T15:26:20,60.88,1.0,SetByBid
2025-12-22 15:26:20,2025-12-22T15:26:20,60.88,1.0,SetByBid
2025-12-22 15:26:47,2025-12-22T15:26:47,60.87,1.0,SetByAsk
2025-12-22 15:26:47,2025-12-22T15:26:47,60.87,1.0,SetByAsk
2025-12-22 15:26:47,2025-12-22T15:26:47,60.87,1.0,SetByAsk
2025-12-22 15:26:47,2025-12-22T15:26:47,60.87,1.0,SetByAsk
2025-12-22 15:26:47,2025-12-22T15:26:47,60.87,1.0,SetByAsk
2025-12-22 15:26:47,2025-12-22T15:26:47,60.87,1.0,SetByAsk
2025-12-22 15:26:47,2025-12-22T15:26:47,60.87,1.0,SetByBid
2025-12-22 15:26:47,2025-12-22T15:26:47,60.87,1.0,SetByBid
2025-12-22 15:27:30,2025-12-22T15:27:30,60.88,1.0,SetByAsk
2025-12-22 15:28:27,2025-12-22T15:28:27,60.89,6.0,SetByAsk
2025-12-22 15:28:27,2025-12-22T15:28:27,60.89,1.0,SetByAsk
2025-12-22 15:28:27,2025-12-22T15:28:27,60.89,1.0,SetByAsk
2025-12-22 15:28:27,2025-12-22T15:28:27,60.89,1.0,SetByAsk
2025-12-22 15:28:27,2025-12-22T15:28:27,60.89,2.0,SetByAsk
2025-12-22 15:28:27,2025-12-22T15:28:27,60.89,2.0,SetByAsk
2025-12-22 15:28:27,2025-12-22T15:28:27,60.89,1.0,SetByAsk
2025-12-22 15:28:27,2025-12-22T15:28:27,60.89,5.0,SetByAsk
2025-12-22 15:28:27,2025-12-22T15:28:27,60.89,1.0,SetByBid
2025-12-22 15:28:27,2025-12-22T15:28:27,60.89,1.0,SetByAsk
2025-12-22 15:28:27,2025-12-22T15:28:27,60.89,1.0,SetByAsk
2025-12-22 15:28:27,2025-12-22T15:28:27,60.89,1.0,SetByAsk
2025-12-22 15:28:30,2025-12-22T15:28:30,60.89,1.0,SetByAsk
2025-12-22 15:29:15,2025-12-22T15:29:15,60.89,1.0,SetByAsk
2025-12-22 15:29:15,2025-12-22T15:29:15,60.89,1.0,SetByAsk
2025-12-22 15:29:15,2025-12-22T15:29:15,60.89,2.0,SetByAsk
2025-12-22 15:29:15,2025-12-22T15:29:15,60.89,1.0,SetByAsk
2025-12-22 15:29:15,2025-12-22T15:29:15,60.89,1.0,SetByBid
2025-12-22 15:29:19,2025-12-22T15:29:19,60.9,1.0,SetByBid
2025-12-22 15:29:19,2025-12-22T15:29:19,60.9,1.0,SetByBid
2025-12-22 15:29:19,2025-12-22T15:29:19,60.9,1.0,SetByBid
2025-12-22 15:29:19,2025-12-22T15:29:19,60.9,1.0,SetByBid
2025-12-22 15:29:19,2025-12-22T15:29:19,60.9,4.0,SetByBid
2025-12-22 15:29:19,2025-12-22T15:29:19,60.9,2.0,SetByBid
2025-12-22 15:29:59,2025-12-22T15:29:59,60.91,1.0,SetByBid
2025-12-22 15:30:09,2025-12-22T15:30:09,60.9,1.0,SetByAsk
2025-12-22 15:30:09,2025-12-22T15:30:09,60.9,1.0,SetByAsk
2025-12-22 15:30:09,2025-12-22T15:30:09,60.9,2.0,SetByAsk
2025-12-22 15:30:09,2025-12-22T15:30:09,60.9,1.0,SetByAsk
2025-12-22 15:30:09,2025-12-22T15:30:09,60.9,6.0,SetByAsk
2025-12-22 15:30:09,2025-12-22T15:30:09,60.9,1.0,SetByAsk
2025-12-22 15:30:09,2025-12-22T15:30:09,60.9,1.0,SetByAsk
2025-12-22 15:30:09,2025-12-22T15:30:09,60.91,1.0,SetByBid
2025-12-22 15:30:09,2025-12-22T15:30:09,60.91,1.0,SetByBid
2025-12-22 15:30:09,2025-12-22T15:30:09,60.91,1.0,SetByBid
2025-12-22 15:30:09,2025-12-22T15:30:09,60.9,1.0,SetByAsk
2025-12-22 15:30:09,2025-12-22T15:30:09,60.91,1.0,SetByBid
2025-12-22 15:30:10,2025-12-22T15:30:10,60.91,1.0,SetByBid
2025-12-22 15:30:10,2025-12-22T15:30:10,60.91,1.0,SetByBid
2025-12-22 15:30:10,2025-12-22T15:30:10,60.91,1.0,SetByBid
2025-12-22 15:30:21,2025-12-22T15:30:21,60.9,1.0,SetByAsk
2025-12-22 15:30:27,2025-12-22T15:30:27,60.9,2.0,SetByAsk
2025-12-22 15:30:27,2025-12-22T15:30:27,60.9,1.0,SetByAsk
2025-12-22 15:30:29,2025-12-22T15:30:29,60.89,1.0,SetByAsk
2025-12-22 15:30:29,2025-12-22T15:30:29,60.89,1.0,SetByAsk
2025-12-22 15:30:29,2025-12-22T15:30:29,60.89,2.0,SetByAsk
2025-12-22 15:30:29,2025-12-22T15:30:29,60.89,1.0,SetByAsk
2025-12-22 15:30:29,2025-12-22T15:30:29,60.89,1.0,SetByAsk
2025-12-22 15:30:41,2025-12-22T15:30:41,60.89,1.0,SetByBid
2025-12-22 15:31:44,2025-12-22T15:31:44,60.89,2.0,SetByAsk
2025-12-22 15:31:44,2025-12-22T15:31:44,60.89,1.0,SetByAsk
2025-12-22 15:31:45,2025-12-22T15:31:45,60.89,1.0,SetByAsk
2025-12-22 15:31:56,2025-12-22T15:31:56,60.9,1.0,SetByBid
2025-12-22 15:31:56,2025-12-22T15:31:56,60.9,1.0,SetByBid
2025-12-22 15:31:56,2025-12-22T15:31:56,60.9,1.0,SetByBid
2025-12-22 15:31:56,2025-12-22T15:31:56,60.9,1.0,SetByBid
2025-12-22 15:31:56,2025-12-22T15:31:56,60.9,1.0,SetByBid
2025-12-22 15:31:56,2025-12-22T15:31:56,60.9,1.0,SetByBid
2025-12-22 15:31:56,2025-12-22T15:31:56,60.9,3.0,SetByBid
2025-12-22 15:31:56,2025-12-22T15:31:56,60.9,1.0,SetByAsk
2025-12-22 15:31:56,2025-12-22T15:31:56,60.9,1.0,SetByBid
2025-12-22 15:31:56,2025-12-22T15:31:56,60.9,1.0,SetByBid
2025-12-22 15:32:08,2025-12-22T15:32:08,60.89,2.0,SetByAsk
2025-12-22 15:32:08,2025-12-22T15:32:08,60.89,1.0,SetByAsk
2025-12-22 15:32:08,2025-12-22T15:32:08,60.89,2.0,SetByAsk
2025-12-22 15:32:08,2025-12-22T15:32:08,60.89,1.0,SetByAsk
2025-12-22 15:32:08,2025-12-22T15:32:08,60.88,1.0,SetByAsk
2025-12-22 15:32:08,2025-12-22T15:32:08,60.88,1.0,SetByAsk
2025-12-22 15:32:08,2025-12-22T15:32:08,60.88,1.0,SetByAsk
2025-12-22 15:32:08,2025-12-22T15:32:08,60.89,1.0,SetByBid
2025-12-22 15:32:08,2025-12-22T15:32:08,60.89,1.0,SetByBid
2025-12-22 15:32:58,2025-12-22T15:32:58,60.88,1.0,SetByAsk
2025-12-22 15:33:00,2025-12-22T15:33:00,60.88,2.0,SetByAsk
2025-12-22 15:33:00,2025-12-22T15:33:00,60.88,1.0,SetByAsk
2025-12-22 15:33:00,2025-12-22T15:33:00,60.88,1.0,SetByAsk
2025-12-22 15:33:00,2025-12-22T15:33:00,60.88,1.0,SetByAsk
2025-12-22 15:33:27,2025-12-22T15:33:27,60.88,1.0,SetByBid
2025-12-22 15:33:27,2025-12-22T15:33:27,60.88,1.0,SetByBid
2025-12-22 15:33:28,2025-12-22T15:33:28,60.87,1.0,SetByAsk
2025-12-22 15:33:28,2025-12-22T15:33:28,60.87,2.0,SetByAsk
2025-12-22 15:33:28,2025-12-22T15:33:28,60.87,1.0,SetByAsk
2025-12-22 15:33:28,2025-12-22T15:33:28,60.87,1.0,SetByBid
2025-12-22 15:33:40,2025-12-22T15:33:40,60.87,3.0,SetByAsk
2025-12-22 15:33:41,2025-12-22T15:33:41,60.88,1.0,SetByBid
2025-12-22 15:33:41,2025-12-22T15:33:41,60.88,1.0,SetByBid
2025-12-22 15:33:41,2025-12-22T15:33:41,60.88,1.0,SetByBid
2025-12-22 15:34:13,2025-12-22T15:34:13,60.9,1.0,SetByBid
2025-12-22 15:34:13,2025-12-22T15:34:13,60.9,1.0,SetByBid
2025-12-22 15:34:13,2025-12-22T15:34:13,60.9,1.0,SetByBid
2025-12-22 15:34:56,2025-12-22T15:34:56,60.91,1.0,SetByAsk
2025-12-22 15:34:56,2025-12-22T15:34:56,60.91,2.0,SetByAsk
2025-12-22 15:34:56,2025-12-22T15:34:56,60.91,1.0,SetByAsk
2025-12-22 15:34:56,2025-12-22T15:34:56,60.91,1.0,SetByBid
2025-12-22 15:34:56,2025-12-22T15:34:56,60.9,1.0,SetByAsk
2025-12-22 15:34:57,2025-12-22T15:34:57,60.9,1.0,SetByBid
2025-12-22 15:34:57,2025-12-22T15:34:57,60.9,1.0,SetByAsk
2025-12-22 15:34:57,2025-12-22T15:34:57,60.9,1.0,SetByAsk
2025-12-22 15:35:08,2025-12-22T15:35:08,60.89,1.0,SetByAsk
2025-12-22 15:35:08,2025-12-22T15:35:08,60.89,1.0,SetByAsk
2025-12-22 15:35:08,2025-12-22T15:35:08,60.89,1.0,SetByAsk
2025-12-22 15:35:13,2025-12-22T15:35:13,60.89,1.0,SetByAsk
2025-12-22 15:35:13,2025-12-22T15:35:13,60.89,2.0,SetByAsk
2025-12-22 15:35:13,2025-12-22T15:35:13,60.89,1.0,SetByAsk
2025-12-22 15:35:22,2025-12-22T15:35:22,60.9,1.0,SetByBid
2025-12-22 15:35:22,2025-12-22T15:35:22,60.9,1.0,SetByBid
2025-12-22 15:35:22,2025-12-22T15:35:22,60.9,1.0,SetByBid
2025-12-22 15:35:23,2025-12-22T15:35:23,60.9,2.0,SetByAsk
2025-12-22 15:35:23,2025-12-22T15:35:23,60.89,1.0,SetByAsk
2025-12-22 15:35:27,2025-12-22T15:35:27,60.91,1.0,SetByBid
2025-12-22 15:35:27,2025-12-22T15:35:27,60.91,1.0,SetByBid
2025-12-22 15:35:27,2025-12-22T15:35:27,60.91,1.0,SetByBid
2025-12-22 15:35:27,2025-12-22T15:35:27,60.91,1.0,SetByBid
2025-12-22 15:35:27,2025-12-22T15:35:27,60.91,1.0,SetByBid
2025-12-22 15:35:27,2025-12-22T15:35:27,60.91,1.0,SetByBid
2025-12-22 15:35:27,2025-12-22T15:35:27,60.91,1.0,SetByBid
2025-12-22 15:35:27,2025-12-22T15:35:27,60.91,1.0,SetByBid
2025-12-22 15:35:27,2025-12-22T15:35:27,60.91,1.0,SetByBid
2025-12-22 15:36:47,2025-12-22T15:36:47,60.91,1.0,SetByAsk
2025-12-22 15:36:47,2025-12-22T15:36:47,60.91,1.0,SetByAsk
2025-12-22 15:36:48,2025-12-22T15:36:48,60.92,1.0,SetByBid
2025-12-22 15:37:00,2025-12-22T15:37:00,60.91,1.0,SetByBid
2025-12-22 15:37:00,2025-12-22T15:37:00,60.91,1.0,SetByBid
2025-12-22 15:37:12,2025-12-22T15:37:12,60.92,1.0,SetByBid
2025-12-22 15:37:12,2025-12-22T15:37:12,60.92,1.0,SetByBid
2025-12-22 15:37:12,2025-12-22T15:37:12,60.92,1.0,SetByBid
2025-12-22 15:37:12,2025-12-22T15:37:12,60.92,1.0,SetByBid
2025-12-22 15:37:12,2025-12-22T15:37:12,60.92,1.0,SetByBid
2025-12-22 15:37:12,2025-12-22T15:37:12,60.92,1.0,SetByBid
2025-12-22 15:37:12,2025-12-22T15:37:12,60.92,1.0,SetByBid
2025-12-22 15:37:12,2025-12-22T15:37:12,60.92,1.0,SetByBid
2025-12-22 15:37:12,2025-12-22T15:37:12,60.92,1.0,SetByBid
2025-12-22 15:37:13,2025-12-22T15:37:13,60.92,1.0,SetByBid
2025-12-22 15:37:13,2025-12-22T15:37:13,60.92,1.0,SetByBid
2025-12-22 15:37:13,2025-12-22T15:37:13,60.92,1.0,SetByBid
2025-12-22 15:37:13,2025-12-22T15:37:13,60.92,1.0,SetByBid
2025-12-22 15:37:13,2025-12-22T15:37:13,60.92,2.0,SetByBid
2025-12-22 15:37:13,2025-12-22T15:37:13,60.92,1.0,SetByBid
2025-12-22 15:37:13,2025-12-22T15:37:13,60.92,1.0,SetByAsk
2025-12-22 15:37:13,2025-12-22T15:37:13,60.93,1.0,SetByBid
2025-12-22 15:37:13,2025-12-22T15:37:13,60.93,1.0,SetByBid
2025-12-22 15:37:18,2025-12-22T15:37:18,60.92,1.0,SetByAsk
2025-12-22 15:37:18,2025-12-22T15:37:18,60.92,1.0,SetByAsk
2025-12-22 15:37:18,2025-12-22T15:37:18,60.92,1.0,SetByAsk
2025-12-22 15:37:18,2025-12-22T15:37:18,60.92,1.0,SetByAsk
2025-12-22 15:37:18,2025-12-22T15:37:18,60.92,1.0,SetByAsk
2025-12-22 15:37:18,2025-12-22T15:37:18,60.92,2.0,SetByAsk
2025-12-22 15:37:18,2025-12-22T15:37:18,60.92,1.0,SetByAsk
2025-12-22 15:37:18,2025-12-22T15:37:18,60.92,1.0,SetByAsk
2025-12-22 15:37:18,2025-12-22T15:37:18,60.92,1.0,SetByAsk
2025-12-22 15:37:20,2025-12-22T15:37:20,60.92,1.0,SetByAsk
2025-12-22 15:37:20,2025-12-22T15:37:20,60.92,2.0,SetByAsk
2025-12-22 15:37:21,2025-12-22T15:37:21,60.92,1.0,SetByAsk
2025-12-22 15:37:33,2025-12-22T15:37:33,60.91,1.0,SetByAsk
2025-12-22 15:37:33,2025-12-22T15:37:33,60.91,2.0,SetByAsk
2025-12-22 15:37:33,2025-12-22T15:37:33,60.91,1.0,SetByBid
2025-12-22 15:38:28,2025-12-22T15:38:28,60.9,1.0,SetByAsk
2025-12-22 15:38:28,2025-12-22T15:38:28,60.9,1.0,SetByAsk
2025-12-22 15:38:58,2025-12-22T15:38:58,60.93,1.0,SetByBid
2025-12-22 15:38:58,2025-12-22T15:38:58,60.93,1.0,SetByBid
2025-12-22 15:38:58,2025-12-22T15:38:58,60.93,1.0,SetByBid
2025-12-22 15:38:58,2025-12-22T15:38:58,60.93,1.0,SetByBid
2025-12-22 15:38:58,2025-12-22T15:38:58,60.93,1.0,SetByBid
2025-12-22 15:38:58,2025-12-22T15:38:58,60.93,1.0,SetByBid
2025-12-22 15:38:58,2025-12-22T15:38:58,60.93,1.0,SetByBid
2025-12-22 15:38:58,2025-12-22T15:38:58,60.93,1.0,SetByBid
2025-12-22 15:38:58,2025-12-22T15:38:58,60.93,1.0,SetByBid
2025-12-22 15:38:58,2025-12-22T15:38:58,60.93,1.0,SetByBid
2025-12-22 15:39:03,2025-12-22T15:39:03,60.92,2.0,SetByBid
2025-12-22 15:39:12,2025-12-22T15:39:12,60.91,2.0,SetByAsk
2025-12-22 15:39:12,2025-12-22T15:39:12,60.91,1.0,SetByAsk
2025-12-22 15:39:12,2025-12-22T15:39:12,60.91,1.0,SetByAsk
2025-12-22 15:39:12,2025-12-22T15:39:12,60.91,1.0,SetByAsk
2025-12-22 15:39:12,2025-12-22T15:39:12,60.91,1.0,SetByBid
2025-12-22 15:39:12,2025-12-22T15:39:12,60.91,1.0,SetByAsk
2025-12-22 15:39:46,2025-12-22T15:39:46,60.9,1.0,SetByAsk
2025-12-22 15:39:46,2025-12-22T15:39:46,60.9,2.0,SetByAsk
2025-12-22 15:39:46,2025-12-22T15:39:46,60.9,1.0,SetByAsk
2025-12-22 15:39:46,2025-12-22T15:39:46,60.9,1.0,SetByAsk
2025-12-22 15:39:46,2025-12-22T15:39:46,60.9,2.0,SetByAsk
2025-12-22 15:39:46,2025-12-22T15:39:46,60.9,1.0,SetByAsk
2025-12-22 15:39:48,2025-12-22T15:39:48,60.9,1.0,SetByAsk
2025-12-22 15:39:48,2025-12-22T15:39:48,60.9,1.0,SetByAsk
2025-12-22 15:39:48,2025-12-22T15:39:48,60.9,1.0,SetByBid
2025-12-22 15:39:59,2025-12-22T15:39:59,60.89,1.0,SetByAsk
2025-12-22 15:39:59,2025-12-22T15:39:59,60.89,2.0,SetByAsk
2025-12-22 15:40:28,2025-12-22T15:40:28,60.89,1.0,SetByAsk
2025-12-22 15:40:28,2025-12-22T15:40:28,60.89,2.0,SetByAsk
2025-12-22 15:40:28,2025-12-22T15:40:28,60.89,1.0,SetByAsk
2025-12-22 15:40:30,2025-12-22T15:40:30,60.88,2.0,SetByAsk
2025-12-22 15:40:30,2025-12-22T15:40:30,60.88,1.0,SetByAsk
2025-12-22 15:40:30,2025-12-22T15:40:30,60.88,1.0,SetByAsk
2025-12-22 15:40:31,2025-12-22T15:40:31,60.88,1.0,SetByAsk
2025-12-22 15:40:39,2025-12-22T15:40:39,60.89,1.0,SetByBid
2025-12-22 15:40:39,2025-12-22T15:40:39,60.89,1.0,SetByBid
2025-12-22 15:40:40,2025-12-22T15:40:40,60.89,1.0,SetByBid
2025-12-22 15:40:40,2025-12-22T15:40:40,60.89,1.0,SetByAsk
2025-12-22 15:40:44,2025-12-22T15:40:44,60.9,2.0,SetByBid
2025-12-22 15:40:44,2025-12-22T15:40:44,60.9,7.0,SetByBid
2025-12-22 15:40:44,2025-12-22T15:40:44,60.9,1.0,SetByBid
2025-12-22 15:40:44,2025-12-22T15:40:44,60.9,1.0,SetByBid
2025-12-22 15:40:44,2025-12-22T15:40:44,60.9,1.0,SetByBid
2025-12-22 15:40:44,2025-12-22T15:40:44,60.9,2.0,SetByBid
2025-12-22 15:40:44,2025-12-22T15:40:44,60.9,1.0,SetByBid
2025-12-22 15:40:44,2025-12-22T15:40:44,60.9,1.0,SetByBid
2025-12-22 15:40:44,2025-12-22T15:40:44,60.9,1.0,SetByBid
2025-12-22 15:40:44,2025-12-22T15:40:44,60.9,1.0,SetByBid
2025-12-22 15:40:50,2025-12-22T15:40:50,60.89,1.0,SetByBid
2025-12-22 15:40:54,2025-12-22T15:40:54,60.89,1.0,SetByBid
2025-12-22 15:40:54,2025-12-22T15:40:54,60.89,1.0,SetByBid
2025-12-22 15:40:56,2025-12-22T15:40:56,60.89,2.0,SetByAsk
2025-12-22 15:40:56,2025-12-22T15:40:56,60.89,1.0,SetByBid
2025-12-22 15:41:28,2025-12-22T15:41:28,60.89,1.0,SetByAsk
2025-12-22 15:41:28,2025-12-22T15:41:28,60.89,1.0,SetByAsk
2025-12-22 15:41:28,2025-12-22T15:41:28,60.89,2.0,SetByAsk
2025-12-22 15:41:28,2025-12-22T15:41:28,60.89,1.0,SetByAsk
2025-12-22 15:41:28,2025-12-22T15:41:28,60.89,1.0,SetByAsk
2025-12-22 15:41:28,2025-12-22T15:41:28,60.89,3.0,SetByAsk
2025-12-22 15:41:28,2025-12-22T15:41:28,60.89,1.0,SetByBid
2025-12-22 15:41:28,2025-12-22T15:41:28,60.89,1.0,SetByBid
2025-12-22 15:41:28,2025-12-22T15:41:28,60.9,1.0,SetByBid
2025-12-22 15:41:28,2025-12-22T15:41:28,60.89,1.0,SetByAsk
2025-12-22 15:41:35,2025-12-22T15:41:35,60.89,1.0,SetByAsk
2025-12-22 15:41:40,2025-12-22T15:41:40,60.9,1.0,SetByBid
2025-12-22 15:41:40,2025-12-22T15:41:40,60.9,1.0,SetByBid
2025-12-22 15:41:40,2025-12-22T15:41:40,60.9,18.0,SetByBid
2025-12-22 15:41:40,2025-12-22T15:41:40,60.9,1.0,SetByAsk
2025-12-22 15:41:40,2025-12-22T15:41:40,60.9,1.0,SetByAsk
2025-12-22 15:41:40,2025-12-22T15:41:40,60.9,1.0,SetByAsk
2025-12-22 15:41:40,2025-12-22T15:41:40,60.9,1.0,SetByAsk
2025-12-22 15:41:40,2025-12-22T15:41:40,60.9,1.0,SetByBid
2025-12-22 15:41:40,2025-12-22T15:41:40,60.9,4.0,SetByBid
2025-12-22 15:41:40,2025-12-22T15:41:40,60.9,2.0,SetByBid
2025-12-22 15:41:40,2025-12-22T15:41:40,60.9,1.0,SetByBid
2025-12-22 15:41:40,2025-12-22T15:41:40,60.9,1.0,SetByBid
2025-12-22 15:41:40,2025-12-22T15:41:40,60.9,1.0,SetByBid
2025-12-22 15:41:40,2025-12-22T15:41:40,60.9,1.0,SetByBid
2025-12-22 15:41:40,2025-12-22T15:41:40,60.9,1.0,SetByBid
2025-12-22 15:41:40,2025-12-22T15:41:40,60.9,1.0,SetByBid
2025-12-22 15:41:40,2025-12-22T15:41:40,60.9,1.0,SetByBid
2025-12-22 15:41:40,2025-12-22T15:41:40,60.9,1.0,SetByBid
2025-12-22 15:41:40,2025-12-22T15:41:40,60.9,1.0,SetByBid
2025-12-22 15:41:40,2025-12-22T15:41:40,60.9,1.0,SetByBid
2025-12-22 15:41:40,2025-12-22T15:41:40,60.9,3.0,SetByBid
2025-12-22 15:41:40,2025-12-22T15:41:40,60.9,1.0,SetByBid
2025-12-22 15:41:40,2025-12-22T15:41:40,60.9,2.0,SetByBid
2025-12-22 15:41:40,2025-12-22T15:41:40,60.9,2.0,SetByBid
2025-12-22 15:41:40,2025-12-22T15:41:40,60.9,1.0,SetByBid
2025-12-22 15:41:40,2025-12-22T15:41:40,60.9,1.0,SetByBid
2025-12-22 15:41:40,2025-12-22T15:41:40,60.9,1.0,SetByBid
2025-12-22 15:41:40,2025-12-22T15:41:40,60.9,1.0,SetByBid
2025-12-22 15:41:40,2025-12-22T15:41:40,60.9,7.0,SetByBid
2025-12-22 15:41:40,2025-12-22T15:41:40,60.9,2.0,SetByBid
2025-12-22 15:41:40,2025-12-22T15:41:40,60.9,1.0,SetByBid
2025-12-22 15:41:40,2025-12-22T15:41:40,60.9,1.0,SetByBid
2025-12-22 15:41:40,2025-12-22T15:41:40,60.9,1.0,SetByBid
2025-12-22 15:41:40,2025-12-22T15:41:40,60.9,1.0,SetByBid
2025-12-22 15:41:40,2025-12-22T15:41:40,60.9,1.0,SetByBid
2025-12-22 15:41:40,2025-12-22T15:41:40,60.9,1.0,SetByBid
2025-12-22 15:41:40,2025-12-22T15:41:40,60.9,1.0,SetByBid
2025-12-22 15:41:40,2025-12-22T15:41:40,60.9,1.0,SetByBid
2025-12-22 15:41:40,2025-12-22T15:41:40,60.9,1.0,SetByBid
2025-12-22 15:41:40,2025-12-22T15:41:40,60.9,1.0,SetByBid
2025-12-22 15:41:40,2025-12-22T15:41:40,60.9,1.0,SetByBid
2025-12-22 15:41:40,2025-12-22T15:41:40,60.9,1.0,SetByBid
2025-12-22 15:41:40,2025-12-22T15:41:40,60.9,1.0,SetByBid
2025-12-22 15:41:40,2025-12-22T15:41:40,60.9,1.0,SetByBid
2025-12-22 15:41:40,2025-12-22T15:41:40,60.9,1.0,SetByBid
2025-12-22 15:41:40,2025-12-22T15:41:40,60.9,1.0,SetByBid
2025-12-22 15:41:40,2025-12-22T15:41:40,60.9,1.0,SetByBid
2025-12-22 15:41:40,2025-12-22T15:41:40,60.9,1.0,SetByBid
2025-12-22 15:41:40,2025-12-22T15:41:40,60.9,1.0,SetByBid
2025-12-22 15:41:40,2025-12-22T15:41:40,60.9,3.0,SetByBid
2025-12-22 15:41:40,2025-12-22T15:41:40,60.9,1.0,SetByBid
2025-12-22 15:41:40,2025-12-22T15:41:40,60.9,1.0,SetByBid
2025-12-22 15:41:40,2025-12-22T15:41:40,60.9,1.0,SetByBid
2025-12-22 15:41:40,2025-12-22T15:41:40,60.9,1.0,SetByBid
2025-12-22 15:41:40,2025-12-22T15:41:40,60.9,1.0,SetByBid
2025-12-22 15:41:40,2025-12-22T15:41:40,60.9,1.0,SetByBid
2025-12-22 15:41:40,2025-12-22T15:41:40,60.9,1.0,SetByBid
2025-12-22 15:41:40,2025-12-22T15:41:40,60.9,1.0,SetByBid
2025-12-22 15:41:40,2025-12-22T15:41:40,60.9,1.0,SetByBid
2025-12-22 15:41:40,2025-12-22T15:41:40,60.9,1.0,SetByBid
2025-12-22 15:41:40,2025-12-22T15:41:40,60.9,1.0,SetByBid
2025-12-22 15:41:40,2025-12-22T15:41:40,60.9,1.0,SetByBid
2025-12-22 15:41:40,2025-12-22T15:41:40,60.9,1.0,SetByBid
2025-12-22 15:41:40,2025-12-22T15:41:40,60.9,1.0,SetByBid
2025-12-22 15:41:40,2025-12-22T15:41:40,60.9,1.0,SetByBid
2025-12-22 15:41:40,2025-12-22T15:41:40,60.9,1.0,SetByBid
2025-12-22 15:41:41,2025-12-22T15:41:41,60.9,1.0,SetByBid
2025-12-22 15:41:41,2025-12-22T15:41:41,60.9,1.0,SetByBid
2025-12-22 15:41:42,2025-12-22T15:41:42,60.9,1.0,SetByBid
2025-12-22 15:41:42,2025-12-22T15:41:42,60.9,1.0,SetByBid
2025-12-22 15:41:42,2025-12-22T15:41:42,60.9,1.0,SetByBid
2025-12-22 15:41:42,2025-12-22T15:41:42,60.9,1.0,SetByBid
2025-12-22 15:41:42,2025-12-22T15:41:42,60.9,2.0,SetByBid
2025-12-22 15:41:42,2025-12-22T15:41:42,60.9,4.0,SetByBid
2025-12-22 15:41:42,2025-12-22T15:41:42,60.9,1.0,SetByBid
2025-12-22 15:41:42,2025-12-22T15:41:42,60.9,15.0,SetByBid
2025-12-22 15:41:42,2025-12-22T15:41:42,60.9,1.0,SetByBid
2025-12-22 15:41:42,2025-12-22T15:41:42,60.9,1.0,SetByBid
2025-12-22 15:41:42,2025-12-22T15:41:42,60.9,1.0,SetByBid
2025-12-22 15:41:42,2025-12-22T15:41:42,60.9,1.0,SetByBid
2025-12-22 15:41:42,2025-12-22T15:41:42,60.9,7.0,SetByBid
2025-12-22 15:41:42,2025-12-22T15:41:42,60.9,1.0,SetByBid
2025-12-22 15:41:42,2025-12-22T15:41:42,60.9,1.0,SetByBid
2025-12-22 15:41:42,2025-12-22T15:41:42,60.9,1.0,SetByBid
2025-12-22 15:41:43,2025-12-22T15:41:43,60.9,1.0,SetByBid
2025-12-22 15:41:43,2025-12-22T15:41:43,60.9,1.0,SetByBid
2025-12-22 15:41:43,2025-12-22T15:41:43,60.9,1.0,SetByBid
2025-12-22 15:41:44,2025-12-22T15:41:44,60.9,1.0,SetByBid
2025-12-22 15:41:44,2025-12-22T15:41:44,60.9,1.0,SetByBid
2025-12-22 15:41:44,2025-12-22T15:41:44,60.9,1.0,SetByBid
2025-12-22 15:41:44,2025-12-22T15:41:44,60.9,1.0,SetByBid
2025-12-22 15:41:44,2025-12-22T15:41:44,60.9,1.0,SetByBid
2025-12-22 15:41:44,2025-12-22T15:41:44,60.9,1.0,SetByBid
2025-12-22 15:41:44,2025-12-22T15:41:44,60.9,1.0,SetByBid
2025-12-22 15:41:49,2025-12-22T15:41:49,60.9,1.0,SetByBid
2025-12-22 15:41:49,2025-12-22T15:41:49,60.9,1.0,SetByBid
2025-12-22 15:41:49,2025-12-22T15:41:49,60.9,1.0,SetByBid
2025-12-22 15:41:49,2025-12-22T15:41:49,60.9,1.0,SetByBid
2025-12-22 15:41:49,2025-12-22T15:41:49,60.9,1.0,SetByBid
2025-12-22 15:41:49,2025-12-22T15:41:49,60.9,2.0,SetByBid
2025-12-22 15:41:49,2025-12-22T15:41:49,60.9,1.0,SetByBid
2025-12-22 15:41:49,2025-12-22T15:41:49,60.9,7.0,SetByBid
2025-12-22 15:41:49,2025-12-22T15:41:49,60.91,1.0,SetByBid
2025-12-22 15:41:49,2025-12-22T15:41:49,60.91,1.0,SetByBid
2025-12-22 15:41:49,2025-12-22T15:41:49,60.91,350.0,SetByBid
2025-12-22 15:41:49,2025-12-22T15:41:49,60.91,1.0,SetByBid
2025-12-22 15:41:49,2025-12-22T15:41:49,60.91,1.0,SetByBid
2025-12-22 15:41:49,2025-12-22T15:41:49,60.91,1.0,SetByBid
2025-12-22 15:41:49,2025-12-22T15:41:49,60.91,1.0,SetByBid
2025-12-22 15:41:49,2025-12-22T15:41:49,60.91,1.0,SetByBid
2025-12-22 15:41:49,2025-12-22T15:41:49,60.91,1.0,SetByBid
2025-12-22 15:41:49,2025-12-22T15:41:49,60.91,5.0,SetByBid
2025-12-22 15:41:49,2025-12-22T15:41:49,60.91,1.0,SetByBid
2025-12-22 15:41:49,2025-12-22T15:41:49,60.91,4.0,SetByBid
2025-12-22 15:41:49,2025-12-22T15:41:49,60.91,1.0,SetByBid
2025-12-22 15:41:49,2025-12-22T15:41:49,60.91,1.0,SetByBid
2025-12-22 15:41:49,2025-12-22T15:41:49,60.91,1.0,SetByBid
2025-12-22 15:41:49,2025-12-22T15:41:49,60.91,2.0,SetByBid
2025-12-22 15:41:49,2025-12-22T15:41:49,60.91,1.0,SetByBid
2025-12-22 15:41:49,2025-12-22T15:41:49,60.91,7.0,SetByBid
2025-12-22 15:41:49,2025-12-22T15:41:49,60.91,3.0,SetByBid
2025-12-22 15:41:49,2025-12-22T15:41:49,60.91,1.0,SetByBid
2025-12-22 15:41:49,2025-12-22T15:41:49,60.91,1.0,SetByBid
2025-12-22 15:41:49,2025-12-22T15:41:49,60.91,3.0,SetByBid
2025-12-22 15:41:49,2025-12-22T15:41:49,60.91,2.0,SetByBid
2025-12-22 15:41:49,2025-12-22T15:41:49,60.91,1.0,SetByBid
2025-12-22 15:41:49,2025-12-22T15:41:49,60.91,2.0,SetByBid
2025-12-22 15:41:49,2025-12-22T15:41:49,60.91,1.0,SetByBid
2025-12-22 15:41:49,2025-12-22T15:41:49,60.91,1.0,SetByBid
2025-12-22 15:41:49,2025-12-22T15:41:49,60.91,2.0,SetByAsk
2025-12-22 15:41:49,2025-12-22T15:41:49,60.92,1.0,SetByBid
2025-12-22 15:41:49,2025-12-22T15:41:49,60.92,1.0,SetByBid
2025-12-22 15:41:49,2025-12-22T15:41:49,60.92,1.0,SetByBid
2025-12-22 15:41:49,2025-12-22T15:41:49,60.92,1.0,SetByBid
2025-12-22 15:41:49,2025-12-22T15:41:49,60.92,1.0,SetByBid
2025-12-22 15:41:49,2025-12-22T15:41:49,60.92,1.0,SetByBid
2025-12-22 15:41:49,2025-12-22T15:41:49,60.92,1.0,SetByBid
2025-12-22 15:41:49,2025-12-22T15:41:49,60.92,1.0,SetByBid
2025-12-22 15:41:49,2025-12-22T15:41:49,60.92,3.0,SetByBid
2025-12-22 15:41:49,2025-12-22T15:41:49,60.92,1.0,SetByBid
2025-12-22 15:41:49,2025-12-22T15:41:49,60.92,2.0,SetByBid
2025-12-22 15:41:49,2025-12-22T15:41:49,60.92,1.0,SetByBid
2025-12-22 15:41:49,2025-12-22T15:41:49,60.92,1.0,SetByBid
2025-12-22 15:41:49,2025-12-22T15:41:49,60.92,2.0,SetByBid
2025-12-22 15:41:49,2025-12-22T15:41:49,60.92,4.0,SetByAsk
2025-12-22 15:41:49,2025-12-22T15:41:49,60.92,2.0,SetByAsk
2025-12-22 15:41:49,2025-12-22T15:41:49,60.92,3.0,SetByAsk
2025-12-22 15:41:49,2025-12-22T15:41:49,60.92,1.0,SetByBid
2025-12-22 15:41:49,2025-12-22T15:41:49,60.92,9.0,SetByBid
2025-12-22 15:41:49,2025-12-22T15:41:49,60.92,1.0,SetByAsk
2025-12-22 15:41:49,2025-12-22T15:41:49,60.92,2.0,SetByAsk
2025-12-22 15:41:49,2025-12-22T15:41:49,60.92,1.0,SetByAsk
2025-12-22 15:41:50,2025-12-22T15:41:50,60.93,1.0,SetByBid
2025-12-22 15:41:50,2025-12-22T15:41:50,60.93,1.0,SetByBid
2025-12-22 15:41:50,2025-12-22T15:41:50,60.93,1.0,SetByBid
2025-12-22 15:41:50,2025-12-22T15:41:50,60.93,1.0,SetByBid
2025-12-22 15:41:50,2025-12-22T15:41:50,60.93,1.0,SetByBid
2025-12-22 15:41:50,2025-12-22T15:41:50,60.93,3.0,SetByBid
2025-12-22 15:41:50,2025-12-22T15:41:50,60.93,1.0,SetByBid
2025-12-22 15:41:50,2025-12-22T15:41:50,60.93,1.0,SetByBid
2025-12-22 15:41:50,2025-12-22T15:41:50,60.93,1.0,SetByBid
2025-12-22 15:41:50,2025-12-22T15:41:50,60.93,1.0,SetByBid
2025-12-22 15:41:50,2025-12-22T15:41:50,60.93,3.0,SetByBid
2025-12-22 15:41:50,2025-12-22T15:41:50,60.93,1.0,SetByBid
2025-12-22 15:41:50,2025-12-22T15:41:50,60.93,2.0,SetByBid
2025-12-22 15:41:50,2025-12-22T15:41:50,60.93,1.0,SetByBid
2025-12-22 15:41:50,2025-12-22T15:41:50,60.93,5.0,SetByBid
2025-12-22 15:41:50,2025-12-22T15:41:50,60.93,1.0,SetByBid
2025-12-22 15:41:50,2025-12-22T15:41:50,60.93,20.0,SetByAsk
2025-12-22 15:41:50,2025-12-22T15:41:50,60.93,1.0,SetByAsk
2025-12-22 15:41:50,2025-12-22T15:41:50,60.93,1.0,SetByBid
2025-12-22 15:41:50,2025-12-22T15:41:50,60.93,1.0,SetByAsk
2025-12-22 15:41:50,2025-12-22T15:41:50,60.93,1.0,SetByAsk
2025-12-22 15:41:50,2025-12-22T15:41:50,60.93,2.0,SetByAsk
2025-12-22 15:41:50,2025-12-22T15:41:50,60.93,5.0,SetByAsk
2025-12-22 15:41:50,2025-12-22T15:41:50,60.94,1.0,SetByBid
2025-12-22 15:41:50,2025-12-22T15:41:50,60.94,1.0,SetByBid
2025-12-22 15:41:50,2025-12-22T15:41:50,60.94,1.0,SetByBid
2025-12-22 15:41:50,2025-12-22T15:41:50,60.94,1.0,SetByBid
2025-12-22 15:41:50,2025-12-22T15:41:50,60.94,1.0,SetByBid
2025-12-22 15:41:50,2025-12-22T15:41:50,60.94,1.0,SetByBid
2025-12-22 15:41:50,2025-12-22T15:41:50,60.94,1.0,SetByBid
2025-12-22 15:41:50,2025-12-22T15:41:50,60.94,1.0,SetByBid
2025-12-22 15:41:50,2025-12-22T15:41:50,60.94,1.0,SetByBid
2025-12-22 15:41:50,2025-12-22T15:41:50,60.94,1.0,SetByBid
2025-12-22 15:41:50,2025-12-22T15:41:50,60.94,1.0,SetByBid
2025-12-22 15:41:50,2025-12-22T15:41:50,60.94,1.0,SetByBid
2025-12-22 15:41:50,2025-12-22T15:41:50,60.94,1.0,SetByBid
2025-12-22 15:41:50,2025-12-22T15:41:50,60.94,1.0,SetByBid
2025-12-22 15:41:50,2025-12-22T15:41:50,60.94,1.0,SetByBid
2025-12-22 15:41:50,2025-12-22T15:41:50,60.94,3.0,SetByBid
2025-12-22 15:41:50,2025-12-22T15:41:50,60.94,1.0,SetByBid
2025-12-22 15:41:50,2025-12-22T15:41:50,60.94,1.0,SetByBid
2025-12-22 15:41:50,2025-12-22T15:41:50,60.94,1.0,SetByBid
2025-12-22 15:41:50,2025-12-22T15:41:50,60.94,1.0,SetByBid
2025-12-22 15:41:50,2025-12-22T15:41:50,60.94,1.0,SetByBid
2025-12-22 15:41:50,2025-12-22T15:41:50,60.94,1.0,SetByBid
2025-12-22 15:41:50,2025-12-22T15:41:50,60.94,1.0,SetByBid
2025-12-22 15:41:50,2025-12-22T15:41:50,60.94,1.0,SetByBid
2025-12-22 15:41:50,2025-12-22T15:41:50,60.94,1.0,SetByBid
2025-12-22 15:41:50,2025-12-22T15:41:50,60.94,1.0,SetByBid
2025-12-22 15:41:50,2025-12-22T15:41:50,60.94,1.0,SetByBid
2025-12-22 15:41:50,2025-12-22T15:41:50,60.94,1.0,SetByBid
2025-12-22 15:41:50,2025-12-22T15:41:50,60.93,4.0,SetByAsk
2025-12-22 15:41:50,2025-12-22T15:41:50,60.93,1.0,SetByBid
2025-12-22 15:41:50,2025-12-22T15:41:50,60.92,1.0,SetByAsk
2025-12-22 15:41:50,2025-12-22T15:41:50,60.93,1.0,SetByBid
2025-12-22 15:41:50,2025-12-22T15:41:50,60.93,1.0,SetByBid
2025-12-22 15:41:50,2025-12-22T15:41:50,60.93,1.0,SetByBid
2025-12-22 15:41:50,2025-12-22T15:41:50,60.93,1.0,SetByBid
2025-12-22 15:41:50,2025-12-22T15:41:50,60.93,1.0,SetByBid
2025-12-22 15:41:50,2025-12-22T15:41:50,60.93,2.0,SetByBid
2025-12-22 15:41:50,2025-12-22T15:41:50,60.93,1.0,SetByBid
2025-12-22 15:41:50,2025-12-22T15:41:50,60.93,1.0,SetByBid
2025-12-22 15:41:50,2025-12-22T15:41:50,60.93,1.0,SetByBid
2025-12-22 15:41:50,2025-12-22T15:41:50,60.93,1.0,SetByBid
2025-12-22 15:41:50,2025-12-22T15:41:50,60.93,1.0,SetByBid
2025-12-22 15:42:06,2025-12-22T15:42:06,60.93,1.0,SetByBid
2025-12-22 15:42:08,2025-12-22T15:42:08,60.93,1.0,SetByAsk
2025-12-22 15:42:08,2025-12-22T15:42:08,60.93,1.0,SetByAsk
2025-12-22 15:42:08,2025-12-22T15:42:08,60.93,2.0,SetByAsk
2025-12-22 15:42:08,2025-12-22T15:42:08,60.93,1.0,SetByAsk
2025-12-22 15:42:08,2025-12-22T15:42:08,60.93,1.0,SetByAsk
2025-12-22 15:42:08,2025-12-22T15:42:08,60.93,1.0,SetByAsk
2025-12-22 15:42:08,2025-12-22T15:42:08,60.93,3.0,SetByAsk
2025-12-22 15:42:08,2025-12-22T15:42:08,60.93,6.0,SetByAsk
2025-12-22 15:42:08,2025-12-22T15:42:08,60.93,1.0,SetByAsk
2025-12-22 15:42:08,2025-12-22T15:42:08,60.93,1.0,SetByBid
2025-12-22 15:42:08,2025-12-22T15:42:08,60.93,1.0,SetByBid
2025-12-22 15:42:08,2025-12-22T15:42:08,60.93,1.0,SetByBid
2025-12-22 15:42:08,2025-12-22T15:42:08,60.93,1.0,SetByBid
2025-12-22 15:42:08,2025-12-22T15:42:08,60.94,1.0,SetByBid
2025-12-22 15:42:08,2025-12-22T15:42:08,60.94,1.0,SetByBid
2025-12-22 15:42:08,2025-12-22T15:42:08,60.94,1.0,SetByBid
2025-12-22 15:42:08,2025-12-22T15:42:08,60.94,1.0,SetByBid
2025-12-22 15:42:08,2025-12-22T15:42:08,60.94,1.0,SetByBid
2025-12-22 15:42:08,2025-12-22T15:42:08,60.93,1.0,SetByBid
2025-12-22 15:42:29,2025-12-22T15:42:29,60.93,1.0,SetByBid
2025-12-22 15:42:29,2025-12-22T15:42:29,60.93,1.0,SetByBid
2025-12-22 15:42:29,2025-12-22T15:42:29,60.93,1.0,SetByBid
2025-12-22 15:42:29,2025-12-22T15:42:29,60.93,1.0,SetByBid
2025-12-22 15:42:29,2025-12-22T15:42:29,60.93,1.0,SetByBid
2025-12-22 15:42:29,2025-12-22T15:42:29,60.93,3.0,SetByBid
2025-12-22 15:42:29,2025-12-22T15:42:29,60.93,1.0,SetByBid
2025-12-22 15:42:29,2025-12-22T15:42:29,60.93,1.0,SetByBid
2025-12-22 15:42:29,2025-12-22T15:42:29,60.93,1.0,SetByAsk
2025-12-22 15:42:29,2025-12-22T15:42:29,60.93,1.0,SetByBid
2025-12-22 15:42:29,2025-12-22T15:42:29,60.93,1.0,SetByBid
2025-12-22 15:42:29,2025-12-22T15:42:29,60.94,1.0,SetByBid
2025-12-22 15:42:29,2025-12-22T15:42:29,60.93,1.0,SetByAsk
2025-12-22 15:42:29,2025-12-22T15:42:29,60.93,2.0,SetByAsk
2025-12-22 15:42:29,2025-12-22T15:42:29,60.94,1.0,SetByBid
2025-12-22 15:42:29,2025-12-22T15:42:29,60.93,1.0,SetByAsk
2025-12-22 15:42:29,2025-12-22T15:42:29,60.93,1.0,SetByAsk
2025-12-22 15:42:29,2025-12-22T15:42:29,60.93,1.0,SetByAsk
2025-12-22 15:42:29,2025-12-22T15:42:29,60.93,1.0,SetByBid
2025-12-22 15:42:30,2025-12-22T15:42:30,60.93,1.0,SetByBid
2025-12-22 15:42:30,2025-12-22T15:42:30,60.93,1.0,SetByBid
2025-12-22 15:42:30,2025-12-22T15:42:30,60.93,1.0,SetByAsk
2025-12-22 15:42:33,2025-12-22T15:42:33,60.93,1.0,SetByAsk
2025-12-22 15:42:33,2025-12-22T15:42:33,60.93,1.0,SetByAsk
2025-12-22 15:42:33,2025-12-22T15:42:33,60.93,2.0,SetByAsk
2025-12-22 15:42:33,2025-12-22T15:42:33,60.93,1.0,SetByBid
2025-12-22 15:42:39,2025-12-22T15:42:39,60.92,1.0,SetByAsk
2025-12-22 15:42:41,2025-12-22T15:42:41,60.92,1.0,SetByAsk
2025-12-22 15:42:47,2025-12-22T15:42:47,60.92,1.0,SetByAsk
2025-12-22 15:42:47,2025-12-22T15:42:47,60.92,1.0,SetByAsk
2025-12-22 15:42:47,2025-12-22T15:42:47,60.92,1.0,SetByAsk
2025-12-22 15:42:47,2025-12-22T15:42:47,60.92,2.0,SetByAsk
2025-12-22 15:42:47,2025-12-22T15:42:47,60.92,1.0,SetByBid
2025-12-22 15:42:51,2025-12-22T15:42:51,60.93,1.0,SetByBid
2025-12-22 15:42:51,2025-12-22T15:42:51,60.93,1.0,SetByBid
2025-12-22 15:42:51,2025-12-22T15:42:51,60.93,1.0,SetByBid
2025-12-22 15:42:59,2025-12-22T15:42:59,60.93,1.0,SetByBid
2025-12-22 15:42:59,2025-12-22T15:42:59,60.93,1.0,SetByBid
2025-12-22 15:43:15,2025-12-22T15:43:15,60.92,1.0,SetByAsk
2025-12-22 15:43:28,2025-12-22T15:43:28,60.92,1.0,SetByAsk
2025-12-22 15:43:28,2025-12-22T15:43:28,60.92,1.0,SetByAsk
2025-12-22 15:43:28,2025-12-22T15:43:28,60.92,2.0,SetByAsk
2025-12-22 15:43:28,2025-12-22T15:43:28,60.92,1.0,SetByAsk
2025-12-22 15:43:28,2025-12-22T15:43:28,60.92,1.0,SetByAsk
2025-12-22 15:43:28,2025-12-22T15:43:28,60.92,1.0,SetByAsk
2025-12-22 15:43:28,2025-12-22T15:43:28,60.92,1.0,SetByBid
2025-12-22 15:43:28,2025-12-22T15:43:28,60.92,1.0,SetByBid
2025-12-22 15:43:29,2025-12-22T15:43:29,60.92,1.0,SetByBid
2025-12-22 15:43:29,2025-12-22T15:43:29,60.92,1.0,SetByBid
2025-12-22 15:43:29,2025-12-22T15:43:29,60.92,1.0,SetByAsk
2025-12-22 15:43:29,2025-12-22T15:43:29,60.92,2.0,SetByAsk
2025-12-22 15:43:30,2025-12-22T15:43:30,60.92,1.0,SetByAsk
2025-12-22 15:43:30,2025-12-22T15:43:30,60.92,1.0,SetByAsk
2025-12-22 15:43:30,2025-12-22T15:43:30,60.92,2.0,SetByAsk
2025-12-22 15:43:30,2025-12-22T15:43:30,60.92,1.0,SetByBid
2025-12-22 15:43:30,2025-12-22T15:43:30,60.91,1.0,SetByBid
2025-12-22 15:43:30,2025-12-22T15:43:30,60.91,1.0,SetByBid
2025-12-22 15:43:35,2025-12-22T15:43:35,60.91,1.0,SetByBid
2025-12-22 15:43:35,2025-12-22T15:43:35,60.91,1.0,SetByAsk
2025-12-22 15:43:45,2025-12-22T15:43:45,60.91,1.0,SetByBid
2025-12-22 15:43:45,2025-12-22T15:43:45,60.91,1.0,SetByBid
2025-12-22 15:43:46,2025-12-22T15:43:46,60.91,1.0,SetByBid
2025-12-22 15:44:15,2025-12-22T15:44:15,60.92,1.0,SetByBid
2025-12-22 15:44:15,2025-12-22T15:44:15,60.92,1.0,SetByBid
2025-12-22 15:44:17,2025-12-22T15:44:17,60.92,1.0,SetByBid
2025-12-22 15:44:29,2025-12-22T15:44:29,60.91,1.0,SetByAsk
2025-12-22 15:44:32,2025-12-22T15:44:32,60.91,1.0,SetByAsk
2025-12-22 15:44:32,2025-12-22T15:44:32,60.91,2.0,SetByAsk
2025-12-22 15:44:32,2025-12-22T15:44:32,60.91,2.0,SetByAsk
2025-12-22 15:44:32,2025-12-22T15:44:32,60.91,1.0,SetByAsk
2025-12-22 15:44:45,2025-12-22T15:44:45,60.91,1.0,SetByAsk
2025-12-22 15:44:45,2025-12-22T15:44:45,60.91,1.0,SetByAsk
2025-12-22 15:44:45,2025-12-22T15:44:45,60.91,2.0,SetByAsk
2025-12-22 15:44:45,2025-12-22T15:44:45,60.91,1.0,SetByAsk
2025-12-22 15:44:45,2025-12-22T15:44:45,60.91,1.0,SetByAsk
2025-12-22 15:44:45,2025-12-22T15:44:45,60.91,1.0,SetByAsk
2025-12-22 15:44:45,2025-12-22T15:44:45,60.91,1.0,SetByAsk
2025-12-22 15:44:45,2025-12-22T15:44:45,60.9,1.0,SetByAsk
2025-12-22 15:44:57,2025-12-22T15:44:57,60.9,2.0,SetByAsk
2025-12-22 15:44:57,2025-12-22T15:44:57,60.9,1.0,SetByAsk
2025-12-22 15:45:27,2025-12-22T15:45:27,60.9,1.0,SetByAsk
2025-12-22 15:45:27,2025-12-22T15:45:27,60.9,2.0,SetByAsk
2025-12-22 15:45:27,2025-12-22T15:45:27,60.9,1.0,SetByAsk
2025-12-22 15:45:27,2025-12-22T15:45:27,60.9,1.0,SetByAsk
2025-12-22 15:45:27,2025-12-22T15:45:27,60.9,1.0,SetByAsk
2025-12-22 15:45:27,2025-12-22T15:45:27,60.9,1.0,SetByAsk
2025-12-22 15:45:36,2025-12-22T15:45:36,60.9,2.0,SetByAsk
2025-12-22 15:45:36,2025-12-22T15:45:36,60.9,1.0,SetByAsk
2025-12-22 15:45:36,2025-12-22T15:45:36,60.9,1.0,SetByAsk
2025-12-22 15:45:36,2025-12-22T15:45:36,60.9,1.0,SetByAsk
2025-12-22 15:45:36,2025-12-22T15:45:36,60.9,1.0,SetByAsk
2025-12-22 15:45:36,2025-12-22T15:45:36,60.9,1.0,SetByAsk
2025-12-22 15:45:50,2025-12-22T15:45:50,60.91,1.0,SetByBid
2025-12-22 15:45:50,2025-12-22T15:45:50,60.91,1.0,SetByBid
2025-12-22 15:45:50,2025-12-22T15:45:50,60.91,1.0,SetByAsk
2025-12-22 15:45:50,2025-12-22T15:45:50,60.91,1.0,SetByAsk
2025-12-22 15:45:50,2025-12-22T15:45:50,60.91,1.0,SetByAsk
2025-12-22 15:45:50,2025-12-22T15:45:50,60.91,1.0,SetByAsk
2025-12-22 15:45:50,2025-12-22T15:45:50,60.91,1.0,SetByBid
2025-12-22 15:45:50,2025-12-22T15:45:50,60.91,1.0,SetByAsk
2025-12-22 15:45:50,2025-12-22T15:45:50,60.91,1.0,SetByAsk
2025-12-22 15:45:53,2025-12-22T15:45:53,60.91,1.0,SetByAsk
2025-12-22 15:46:00,2025-12-22T15:46:00,60.94,1.0,SetByBid
2025-12-22 15:46:00,2025-12-22T15:46:00,60.94,1.0,SetByBid
2025-12-22 15:46:00,2025-12-22T15:46:00,60.94,1.0,SetByBid
2025-12-22 15:46:00,2025-12-22T15:46:00,60.94,1.0,SetByBid
2025-12-22 15:46:00,2025-12-22T15:46:00,60.94,1.0,SetByBid
2025-12-22 15:46:00,2025-12-22T15:46:00,60.94,2.0,SetByBid
2025-12-22 15:46:00,2025-12-22T15:46:00,60.94,3.0,SetByBid
2025-12-22 15:46:00,2025-12-22T15:46:00,60.93,1.0,SetByAsk
2025-12-22 15:46:01,2025-12-22T15:46:01,60.94,1.0,SetByBid
2025-12-22 15:46:01,2025-12-22T15:46:01,60.94,1.0,SetByBid
2025-12-22 15:46:09,2025-12-22T15:46:09,60.94,1.0,SetByBid
2025-12-22 15:46:09,2025-12-22T15:46:09,60.94,1.0,SetByBid
2025-12-22 15:46:09,2025-12-22T15:46:09,60.94,1.0,SetByAsk
2025-12-22 15:46:09,2025-12-22T15:46:09,60.94,1.0,SetByAsk
2025-12-22 15:46:09,2025-12-22T15:46:09,60.94,1.0,SetByBid
2025-12-22 15:46:09,2025-12-22T15:46:09,60.95,1.0,SetByBid
2025-12-22 15:46:09,2025-12-22T15:46:09,60.94,1.0,SetByAsk
2025-12-22 15:46:09,2025-12-22T15:46:09,60.94,1.0,SetByAsk
2025-12-22 15:46:09,2025-12-22T15:46:09,60.94,1.0,SetByAsk
2025-12-22 15:46:09,2025-12-22T15:46:09,60.94,1.0,SetByAsk
2025-12-22 15:46:09,2025-12-22T15:46:09,60.94,1.0,SetByAsk
2025-12-22 15:46:09,2025-12-22T15:46:09,60.95,1.0,SetByBid
2025-12-22 15:46:09,2025-12-22T15:46:09,60.95,1.0,SetByBid
2025-12-22 15:46:09,2025-12-22T15:46:09,60.94,1.0,SetByAsk
2025-12-22 15:46:10,2025-12-22T15:46:10,60.94,1.0,SetByAsk
2025-12-22 15:46:16,2025-12-22T15:46:16,60.94,1.0,SetByBid
2025-12-22 15:46:23,2025-12-22T15:46:23,60.94,2.0,SetByAsk
2025-12-22 15:46:26,2025-12-22T15:46:26,60.94,1.0,SetByAsk
2025-12-22 15:46:26,2025-12-22T15:46:26,60.94,1.0,SetByAsk
2025-12-22 15:46:26,2025-12-22T15:46:26,60.94,1.0,SetByAsk
2025-12-22 15:46:26,2025-12-22T15:46:26,60.94,2.0,SetByAsk
2025-12-22 15:46:26,2025-12-22T15:46:26,60.94,1.0,SetByBid
2025-12-22 15:46:26,2025-12-22T15:46:26,60.94,1.0,SetByBid
2025-12-22 15:46:26,2025-12-22T15:46:26,60.94,1.0,SetByBid
2025-12-22 15:46:26,2025-12-22T15:46:26,60.94,1.0,SetByBid
2025-12-22 15:46:26,2025-12-22T15:46:26,60.94,1.0,SetByBid
2025-12-22 15:46:26,2025-12-22T15:46:26,60.94,1.0,SetByBid
2025-12-22 15:46:26,2025-12-22T15:46:26,60.94,1.0,SetByAsk
2025-12-22 15:46:27,2025-12-22T15:46:27,60.94,1.0,SetByAsk
2025-12-22 15:46:27,2025-12-22T15:46:27,60.94,1.0,SetByAsk
2025-12-22 15:46:27,2025-12-22T15:46:27,60.94,1.0,SetByAsk
2025-12-22 15:46:30,2025-12-22T15:46:30,60.94,2.0,SetByAsk
2025-12-22 15:46:30,2025-12-22T15:46:30,60.94,1.0,SetByAsk
2025-12-22 15:46:30,2025-12-22T15:46:30,60.94,1.0,SetByAsk
2025-12-22 15:46:30,2025-12-22T15:46:30,60.94,1.0,SetByBid
2025-12-22 15:46:30,2025-12-22T15:46:30,60.94,1.0,SetByBid
2025-12-22 15:46:30,2025-12-22T15:46:30,60.94,1.0,SetByBid
2025-12-22 15:46:31,2025-12-22T15:46:31,60.94,1.0,SetByAsk
2025-12-22 15:46:34,2025-12-22T15:46:34,60.94,1.0,SetByBid
2025-12-22 15:46:34,2025-12-22T15:46:34,60.94,1.0,SetByBid
2025-12-22 15:46:34,2025-12-22T15:46:34,60.94,1.0,SetByBid
2025-12-22 15:46:34,2025-12-22T15:46:34,60.94,1.0,SetByBid
2025-12-22 15:46:34,2025-12-22T15:46:34,60.94,1.0,SetByAsk
2025-12-22 15:46:34,2025-12-22T15:46:34,60.94,1.0,SetByAsk
2025-12-22 15:46:34,2025-12-22T15:46:34,60.94,1.0,SetByAsk
2025-12-22 15:46:34,2025-12-22T15:46:34,60.94,2.0,SetByAsk
2025-12-22 15:46:34,2025-12-22T15:46:34,60.94,1.0,SetByBid
2025-12-22 15:46:34,2025-12-22T15:46:34,60.94,1.0,SetByAsk
2025-12-22 15:46:45,2025-12-22T15:46:45,60.94,1.0,SetByBid
2025-12-22 15:46:45,2025-12-22T15:46:45,60.94,1.0,SetByBid
2025-12-22 15:46:46,2025-12-22T15:46:46,60.94,1.0,SetByBid
2025-12-22 15:46:47,2025-12-22T15:46:47,60.94,1.0,SetByAsk
2025-12-22 15:46:47,2025-12-22T15:46:47,60.94,1.0,SetByBid
2025-12-22 15:46:47,2025-12-22T15:46:47,60.94,1.0,SetByBid
2025-12-22 15:46:47,2025-12-22T15:46:47,60.94,1.0,SetByBid
2025-12-22 15:46:55,2025-12-22T15:46:55,60.94,1.0,SetByBid
2025-12-22 15:47:02,2025-12-22T15:47:02,60.94,1.0,SetByAsk
2025-12-22 15:47:02,2025-12-22T15:47:02,60.94,1.0,SetByBid
2025-12-22 15:47:02,2025-12-22T15:47:02,60.95,1.0,SetByBid
2025-12-22 15:47:09,2025-12-22T15:47:09,60.95,1.0,SetByBid
2025-12-22 15:47:09,2025-12-22T15:47:09,60.95,1.0,SetByBid
2025-12-22 15:47:09,2025-12-22T15:47:09,60.95,1.0,SetByBid
2025-12-22 15:47:19,2025-12-22T15:47:19,60.94,1.0,SetByAsk
2025-12-22 15:47:19,2025-12-22T15:47:19,60.94,2.0,SetByAsk
2025-12-22 15:47:19,2025-12-22T15:47:19,60.94,1.0,SetByAsk
2025-12-22 15:47:19,2025-12-22T15:47:19,60.94,1.0,SetByAsk
2025-12-22 15:47:19,2025-12-22T15:47:19,60.94,1.0,SetByBid
2025-12-22 15:47:20,2025-12-22T15:47:20,60.94,1.0,SetByAsk
2025-12-22 15:47:44,2025-12-22T15:47:44,60.95,1.0,SetByBid
2025-12-22 15:47:44,2025-12-22T15:47:44,60.95,1.0,SetByBid
2025-12-22 15:47:46,2025-12-22T15:47:46,60.95,1.0,SetByBid
2025-12-22 15:47:46,2025-12-22T15:47:46,60.95,1.0,SetByBid
2025-12-22 15:47:46,2025-12-22T15:47:46,60.95,1.0,SetByBid
2025-12-22 15:47:46,2025-12-22T15:47:46,60.95,1.0,SetByAsk
2025-12-22 15:47:46,2025-12-22T15:47:46,60.95,1.0,SetByAsk
2025-12-22 15:47:46,2025-12-22T15:47:46,60.95,1.0,SetByAsk
2025-12-22 15:47:46,2025-12-22T15:47:46,60.95,1.0,SetByAsk
2025-12-22 15:47:46,2025-12-22T15:47:46,60.95,1.0,SetByAsk
2025-12-22 15:47:46,2025-12-22T15:47:46,60.96,1.0,SetByBid
2025-12-22 15:47:46,2025-12-22T15:47:46,60.95,1.0,SetByAsk
2025-12-22 15:47:46,2025-12-22T15:47:46,60.95,1.0,SetByAsk
2025-12-22 15:47:46,2025-12-22T15:47:46,60.95,1.0,SetByAsk
2025-12-22 15:47:46,2025-12-22T15:47:46,60.95,1.0,SetByAsk
2025-12-22 15:47:46,2025-12-22T15:47:46,60.95,1.0,SetByAsk
2025-12-22 15:47:46,2025-12-22T15:47:46,60.95,1.0,SetByAsk
2025-12-22 15:47:46,2025-12-22T15:47:46,60.96,1.0,SetByBid
2025-12-22 15:47:46,2025-12-22T15:47:46,60.96,1.0,SetByBid
2025-12-22 15:47:46,2025-12-22T15:47:46,60.96,1.0,SetByBid
2025-12-22 15:47:46,2025-12-22T15:47:46,60.96,1.0,SetByBid
2025-12-22 15:47:46,2025-12-22T15:47:46,60.96,1.0,SetByBid
2025-12-22 15:47:46,2025-12-22T15:47:46,60.96,1.0,SetByBid
2025-12-22 15:47:46,2025-12-22T15:47:46,60.96,1.0,SetByBid
2025-12-22 15:47:46,2025-12-22T15:47:46,60.96,1.0,SetByBid
2025-12-22 15:47:46,2025-12-22T15:47:46,60.96,1.0,SetByBid
2025-12-22 15:47:46,2025-12-22T15:47:46,60.95,1.0,SetByAsk
2025-12-22 15:47:46,2025-12-22T15:47:46,60.95,1.0,SetByAsk
2025-12-22 15:47:46,2025-12-22T15:47:46,60.96,1.0,SetByBid
2025-12-22 15:47:46,2025-12-22T15:47:46,60.96,1.0,SetByBid
2025-12-22 15:47:46,2025-12-22T15:47:46,60.96,1.0,SetByBid
2025-12-22 15:47:46,2025-12-22T15:47:46,60.95,1.0,SetByAsk
2025-12-22 15:47:46,2025-12-22T15:47:46,60.95,1.0,SetByAsk
2025-12-22 15:47:46,2025-12-22T15:47:46,60.95,1.0,SetByAsk
2025-12-22 15:47:46,2025-12-22T15:47:46,60.95,1.0,SetByAsk
2025-12-22 15:47:46,2025-12-22T15:47:46,60.95,1.0,SetByAsk
2025-12-22 15:47:46,2025-12-22T15:47:46,60.95,1.0,SetByAsk
2025-12-22 15:47:46,2025-12-22T15:47:46,60.95,1.0,SetByAsk
2025-12-22 15:47:46,2025-12-22T15:47:46,60.95,1.0,SetByAsk
2025-12-22 15:47:46,2025-12-22T15:47:46,60.95,1.0,SetByAsk
2025-12-22 15:47:47,2025-12-22T15:47:47,60.95,1.0,SetByAsk
2025-12-22 15:47:47,2025-12-22T15:47:47,60.95,1.0,SetByAsk
2025-12-22 15:47:47,2025-12-22T15:47:47,60.95,1.0,SetByAsk
2025-12-22 15:47:47,2025-12-22T15:47:47,60.95,1.0,SetByAsk
2025-12-22 15:47:47,2025-12-22T15:47:47,60.95,1.0,SetByAsk
2025-12-22 15:47:47,2025-12-22T15:47:47,60.95,1.0,SetByAsk
2025-12-22 15:47:47,2025-12-22T15:47:47,60.95,1.0,SetByAsk
2025-12-22 15:47:47,2025-12-22T15:47:47,60.95,1.0,SetByAsk
2025-12-22 15:47:47,2025-12-22T15:47:47,60.95,1.0,SetByAsk
2025-12-22 15:47:47,2025-12-22T15:47:47,60.95,1.0,SetByAsk
2025-12-22 15:47:47,2025-12-22T15:47:47,60.95,1.0,SetByAsk
2025-12-22 15:47:58,2025-12-22T15:47:58,60.96,1.0,SetByBid
2025-12-22 15:47:58,2025-12-22T15:47:58,60.96,1.0,SetByBid
2025-12-22 15:47:58,2025-12-22T15:47:58,60.96,1.0,SetByBid
2025-12-22 15:47:58,2025-12-22T15:47:58,60.96,1.0,SetByBid
2025-12-22 15:47:58,2025-12-22T15:47:58,60.96,1.0,SetByBid
2025-12-22 15:47:58,2025-12-22T15:47:58,60.96,1.0,SetByBid
2025-12-22 15:48:02,2025-12-22T15:48:02,60.96,1.0,SetByBid
2025-12-22 15:48:02,2025-12-22T15:48:02,60.96,1.0,SetByBid
2025-12-22 15:48:02,2025-12-22T15:48:02,60.96,1.0,SetByBid
2025-12-22 15:48:02,2025-12-22T15:48:02,60.96,1.0,SetByBid
2025-12-22 15:48:02,2025-12-22T15:48:02,60.96,1.0,SetByBid
2025-12-22 15:48:02,2025-12-22T15:48:02,60.96,1.0,SetByBid
2025-12-22 15:48:02,2025-12-22T15:48:02,60.96,1.0,SetByBid
2025-12-22 15:48:02,2025-12-22T15:48:02,60.96,1.0,SetByBid
2025-12-22 15:48:07,2025-12-22T15:48:07,60.96,1.0,SetByBid
2025-12-22 15:48:09,2025-12-22T15:48:09,60.95,1.0,SetByAsk
2025-12-22 15:48:10,2025-12-22T15:48:10,60.96,1.0,SetByBid
2025-12-22 15:48:10,2025-12-22T15:48:10,60.96,1.0,SetByBid
2025-12-22 15:48:11,2025-12-22T15:48:11,60.96,1.0,SetByBid
2025-12-22 15:48:16,2025-12-22T15:48:16,60.96,1.0,SetByBid
2025-12-22 15:48:16,2025-12-22T15:48:16,60.96,1.0,SetByBid
2025-12-22 15:48:16,2025-12-22T15:48:16,60.96,1.0,SetByBid
2025-12-22 15:48:16,2025-12-22T15:48:16,60.96,1.0,SetByBid
2025-12-22 15:48:16,2025-12-22T15:48:16,60.96,1.0,SetByBid
2025-12-22 15:48:17,2025-12-22T15:48:17,60.96,1.0,SetByBid
2025-12-22 15:48:18,2025-12-22T15:48:18,60.96,1.0,SetByBid
2025-12-22 15:48:19,2025-12-22T15:48:19,60.96,1.0,SetByBid
2025-12-22 15:48:19,2025-12-22T15:48:19,60.96,1.0,SetByBid
2025-12-22 15:48:36,2025-12-22T15:48:36,60.95,1.0,SetByBid
2025-12-22 15:48:36,2025-12-22T15:48:36,60.95,1.0,SetByBid
2025-12-22 15:48:49,2025-12-22T15:48:49,60.95,1.0,SetByAsk
2025-12-22 15:48:49,2025-12-22T15:48:49,60.95,1.0,SetByAsk
2025-12-22 15:48:49,2025-12-22T15:48:49,60.95,1.0,SetByAsk
2025-12-22 15:48:49,2025-12-22T15:48:49,60.95,2.0,SetByAsk
2025-12-22 15:48:49,2025-12-22T15:48:49,60.95,1.0,SetByAsk
2025-12-22 15:48:49,2025-12-22T15:48:49,60.95,1.0,SetByAsk
2025-12-22 15:48:49,2025-12-22T15:48:49,60.95,1.0,SetByAsk
2025-12-22 15:48:49,2025-12-22T15:48:49,60.95,1.0,SetByBid
2025-12-22 15:48:49,2025-12-22T15:48:49,60.95,1.0,SetByBid
2025-12-22 15:48:49,2025-12-22T15:48:49,60.95,1.0,SetByBid
2025-12-22 15:49:00,2025-12-22T15:49:00,60.95,1.0,SetByBid
2025-12-22 15:49:13,2025-12-22T15:49:13,60.94,2.0,SetByAsk
2025-12-22 15:49:13,2025-12-22T15:49:13,60.94,1.0,SetByAsk
2025-12-22 15:49:13,2025-12-22T15:49:13,60.94,1.0,SetByAsk
2025-12-22 15:49:13,2025-12-22T15:49:13,60.94,1.0,SetByAsk
2025-12-22 15:49:13,2025-12-22T15:49:13,60.94,1.0,SetByBid
2025-12-22 15:49:13,2025-12-22T15:49:13,60.94,1.0,SetByBid
2025-12-22 15:49:13,2025-12-22T15:49:13,60.94,1.0,SetByBid
2025-12-22 15:49:20,2025-12-22T15:49:20,60.94,1.0,SetByAsk
2025-12-22 15:49:20,2025-12-22T15:49:20,60.94,1.0,SetByAsk
2025-12-22 15:49:20,2025-12-22T15:49:20,60.94,2.0,SetByAsk
2025-12-22 15:49:20,2025-12-22T15:49:20,60.94,1.0,SetByBid
2025-12-22 15:49:20,2025-12-22T15:49:20,60.94,1.0,SetByBid
2025-12-22 15:49:20,2025-12-22T15:49:20,60.94,1.0,SetByBid
2025-12-22 15:49:29,2025-12-22T15:49:29,60.94,2.0,SetByBid
2025-12-22 15:49:29,2025-12-22T15:49:29,60.94,1.0,SetByBid
2025-12-22 15:49:32,2025-12-22T15:49:32,60.94,1.0,SetByBid
2025-12-22 15:49:32,2025-12-22T15:49:32,60.94,9.0,SetByBid
2025-12-22 15:49:32,2025-12-22T15:49:32,60.94,1.0,SetByBid
2025-12-22 15:49:32,2025-12-22T15:49:32,60.95,1.0,SetByBid
2025-12-22 15:49:32,2025-12-22T15:49:32,60.95,1.0,SetByBid
2025-12-22 15:49:32,2025-12-22T15:49:32,60.95,1.0,SetByBid
2025-12-22 15:49:32,2025-12-22T15:49:32,60.95,1.0,SetByBid
2025-12-22 15:49:32,2025-12-22T15:49:32,60.95,1.0,SetByBid
2025-12-22 15:49:40,2025-12-22T15:49:40,60.94,1.0,SetByBid
2025-12-22 15:49:40,2025-12-22T15:49:40,60.93,1.0,SetByAsk
2025-12-22 15:49:40,2025-12-22T15:49:40,60.94,1.0,SetByBid
2025-12-22 15:49:40,2025-12-22T15:49:40,60.94,1.0,SetByBid
2025-12-22 15:49:40,2025-12-22T15:49:40,60.94,1.0,SetByBid
2025-12-22 15:49:40,2025-12-22T15:49:40,60.94,1.0,SetByBid
2025-12-22 15:49:58,2025-12-22T15:49:58,60.93,1.0,SetByBid
2025-12-22 15:50:09,2025-12-22T15:50:09,60.93,1.0,SetByAsk
2025-12-22 15:50:12,2025-12-22T15:50:12,60.93,1.0,SetByBid
2025-12-22 15:50:19,2025-12-22T15:50:19,60.92,1.0,SetByAsk
2025-12-22 15:50:19,2025-12-22T15:50:19,60.92,1.0,SetByAsk
2025-12-22 15:50:19,2025-12-22T15:50:19,60.92,1.0,SetByAsk
2025-12-22 15:50:19,2025-12-22T15:50:19,60.92,1.0,SetByAsk
2025-12-22 15:50:19,2025-12-22T15:50:19,60.92,1.0,SetByAsk
2025-12-22 15:50:19,2025-12-22T15:50:19,60.92,2.0,SetByAsk
2025-12-22 15:50:19,2025-12-22T15:50:19,60.92,1.0,SetByAsk
2025-12-22 15:50:20,2025-12-22T15:50:20,60.92,1.0,SetByBid
2025-12-22 15:50:20,2025-12-22T15:50:20,60.92,1.0,SetByBid
2025-12-22 15:50:20,2025-12-22T15:50:20,60.92,1.0,SetByBid
2025-12-22 15:51:03,2025-12-22T15:51:03,60.92,1.0,SetByBid
2025-12-22 15:51:03,2025-12-22T15:51:03,60.92,1.0,SetByBid
2025-12-22 15:51:03,2025-12-22T15:51:03,60.92,4.0,SetByBid
2025-12-22 15:51:03,2025-12-22T15:51:03,60.92,1.0,SetByBid
2025-12-22 15:51:03,2025-12-22T15:51:03,60.93,1.0,SetByBid
2025-12-22 15:51:03,2025-12-22T15:51:03,60.93,1.0,SetByBid
2025-12-22 15:51:03,2025-12-22T15:51:03,60.93,1.0,SetByBid
2025-12-22 15:51:03,2025-12-22T15:51:03,60.93,1.0,SetByBid
2025-12-22 15:51:03,2025-12-22T15:51:03,60.93,1.0,SetByBid
2025-12-22 15:51:03,2025-12-22T15:51:03,60.93,1.0,SetByBid
2025-12-22 15:51:03,2025-12-22T15:51:03,60.93,1.0,SetByBid
2025-12-22 15:51:03,2025-12-22T15:51:03,60.93,1.0,SetByBid
2025-12-22 15:51:03,2025-12-22T15:51:03,60.93,1.0,SetByBid
2025-12-22 15:51:03,2025-12-22T15:51:03,60.93,1.0,SetByBid
2025-12-22 15:51:03,2025-12-22T15:51:03,60.93,1.0,SetByBid
2025-12-22 15:51:11,2025-12-22T15:51:11,60.93,1.0,SetByBid
2025-12-22 15:51:17,2025-12-22T15:51:17,60.94,1.0,SetByBid
2025-12-22 15:51:17,2025-12-22T15:51:17,60.94,1.0,SetByBid
2025-12-22 15:51:17,2025-12-22T15:51:17,60.95,1.0,SetByBid
2025-12-22 15:51:17,2025-12-22T15:51:17,60.95,1.0,SetByBid
2025-12-22 15:51:17,2025-12-22T15:51:17,60.95,1.0,SetByBid
2025-12-22 15:51:17,2025-12-22T15:51:17,60.95,2.0,SetByBid
2025-12-22 15:51:17,2025-12-22T15:51:17,60.95,1.0,SetByBid
2025-12-22 15:51:17,2025-12-22T15:51:17,60.95,1.0,SetByBid
2025-12-22 15:51:17,2025-12-22T15:51:17,60.95,1.0,SetByBid
2025-12-22 15:51:17,2025-12-22T15:51:17,60.95,1.0,SetByBid
2025-12-22 15:51:17,2025-12-22T15:51:17,60.95,1.0,SetByBid
2025-12-22 15:51:17,2025-12-22T15:51:17,60.95,1.0,SetByBid
2025-12-22 15:51:20,2025-12-22T15:51:20,60.93,1.0,SetByBid
2025-12-22 15:51:20,2025-12-22T15:51:20,60.93,1.0,SetByBid
2025-12-22 15:51:20,2025-12-22T15:51:20,60.93,1.0,SetByBid
2025-12-22 15:51:20,2025-12-22T15:51:20,60.93,1.0,SetByBid
2025-12-22 15:51:20,2025-12-22T15:51:20,60.93,1.0,SetByBid
2025-12-22 15:51:20,2025-12-22T15:51:20,60.93,1.0,SetByBid
2025-12-22 15:51:20,2025-12-22T15:51:20,60.93,1.0,SetByBid
2025-12-22 15:51:20,2025-12-22T15:51:20,60.93,1.0,SetByBid
2025-12-22 15:51:20,2025-12-22T15:51:20,60.93,1.0,SetByBid
2025-12-22 15:51:20,2025-12-22T15:51:20,60.93,1.0,SetByBid
2025-12-22 15:51:20,2025-12-22T15:51:20,60.93,1.0,SetByBid
2025-12-22 15:51:20,2025-12-22T15:51:20,60.93,1.0,SetByBid
2025-12-22 15:51:20,2025-12-22T15:51:20,60.93,1.0,SetByBid
2025-12-22 15:51:20,2025-12-22T15:51:20,60.93,1.0,SetByBid
2025-12-22 15:51:20,2025-12-22T15:51:20,60.93,1.0,SetByBid
2025-12-22 15:51:20,2025-12-22T15:51:20,60.93,1.0,SetByBid
2025-12-22 15:51:20,2025-12-22T15:51:20,60.93,1.0,SetByBid
2025-12-22 15:52:14,2025-12-22T15:52:14,60.95,1.0,SetByBid
2025-12-22 15:52:35,2025-12-22T15:52:35,60.95,1.0,SetByAsk
2025-12-22 15:52:35,2025-12-22T15:52:35,60.95,1.0,SetByAsk
2025-12-22 15:52:35,2025-12-22T15:52:35,60.95,1.0,SetByAsk
2025-12-22 15:52:35,2025-12-22T15:52:35,60.95,1.0,SetByAsk
2025-12-22 15:52:35,2025-12-22T15:52:35,60.95,1.0,SetByAsk
2025-12-22 15:53:03,2025-12-22T15:53:03,60.98,1.0,SetByBid
2025-12-22 15:53:03,2025-12-22T15:53:03,60.98,1.0,SetByBid
2025-12-22 15:53:03,2025-12-22T15:53:03,60.98,1.0,SetByBid
2025-12-22 15:53:03,2025-12-22T15:53:03,60.98,1.0,SetByBid
2025-12-22 15:53:03,2025-12-22T15:53:03,60.98,3.0,SetByBid
2025-12-22 15:53:03,2025-12-22T15:53:03,60.98,1.0,SetByBid
2025-12-22 15:53:03,2025-12-22T15:53:03,60.98,1.0,SetByBid
2025-12-22 15:53:03,2025-12-22T15:53:03,60.98,1.0,SetByBid
2025-12-22 15:53:03,2025-12-22T15:53:03,60.98,1.0,SetByBid
2025-12-22 15:53:03,2025-12-22T15:53:03,60.98,1.0,SetByBid
2025-12-22 15:53:03,2025-12-22T15:53:03,60.98,1.0,SetByBid
2025-12-22 15:53:33,2025-12-22T15:53:33,60.97,1.0,SetByAsk
2025-12-22 15:53:36,2025-12-22T15:53:36,60.99,1.0,SetByBid
2025-12-22 15:53:36,2025-12-22T15:53:36,60.99,3.0,SetByBid
2025-12-22 15:53:36,2025-12-22T15:53:36,60.98,1.0,SetByBid
2025-12-22 15:53:36,2025-12-22T15:53:36,60.98,1.0,SetByBid
2025-12-22 15:53:36,2025-12-22T15:53:36,60.98,1.0,SetByBid
2025-12-22 15:53:36,2025-12-22T15:53:36,60.99,1.0,SetByBid
2025-12-22 15:53:36,2025-12-22T15:53:36,60.99,1.0,SetByBid
2025-12-22 15:53:36,2025-12-22T15:53:36,60.99,1.0,SetByBid
2025-12-22 15:53:36,2025-12-22T15:53:36,60.99,1.0,SetByBid
2025-12-22 15:53:37,2025-12-22T15:53:37,60.98,1.0,SetByBid
2025-12-22 15:53:37,2025-12-22T15:53:37,60.98,1.0,SetByBid
2025-12-22 15:53:59,2025-12-22T15:53:59,60.98,1.0,SetByAsk
2025-12-22 15:53:59,2025-12-22T15:53:59,60.98,1.0,SetByAsk
2025-12-22 15:53:59,2025-12-22T15:53:59,60.98,2.0,SetByAsk
2025-12-22 15:53:59,2025-12-22T15:53:59,60.98,1.0,SetByAsk
2025-12-22 15:53:59,2025-12-22T15:53:59,60.98,1.0,SetByBid
2025-12-22 15:53:59,2025-12-22T15:53:59,60.98,1.0,SetByBid
2025-12-22 15:53:59,2025-12-22T15:53:59,60.97,1.0,SetByAsk
2025-12-22 15:53:59,2025-12-22T15:53:59,60.97,1.0,SetByAsk
2025-12-22 15:54:48,2025-12-22T15:54:48,60.98,1.0,SetByBid
2025-12-22 15:54:48,2025-12-22T15:54:48,60.98,1.0,SetByBid
2025-12-22 15:54:48,2025-12-22T15:54:48,60.98,1.0,SetByBid
2025-12-22 15:54:48,2025-12-22T15:54:48,60.98,1.0,SetByBid
2025-12-22 15:54:48,2025-12-22T15:54:48,60.98,1.0,SetByBid
2025-12-22 15:54:48,2025-12-22T15:54:48,60.98,2.0,SetByBid
2025-12-22 15:54:48,2025-12-22T15:54:48,60.98,1.0,SetByBid
2025-12-22 15:54:48,2025-12-22T15:54:48,60.98,1.0,SetByBid
2025-12-22 15:55:03,2025-12-22T15:55:03,60.98,1.0,SetByBid
2025-12-22 15:56:19,2025-12-22T15:56:19,60.98,1.0,SetByBid
2025-12-22 15:56:34,2025-12-22T15:56:34,60.99,1.0,SetByBid
2025-12-22 15:56:34,2025-12-22T15:56:34,61.0,5.0,SetByBid
2025-12-22 15:56:34,2025-12-22T15:56:34,61.0,1.0,SetByBid
2025-12-22 15:56:34,2025-12-22T15:56:34,61.0,2.0,SetByBid
2025-12-22 15:56:34,2025-12-22T15:56:34,60.99,1.0,SetByBid
2025-12-22 15:56:34,2025-12-22T15:56:34,60.99,2.0,SetByBid
2025-12-22 15:56:34,2025-12-22T15:56:34,60.99,1.0,SetByBid
2025-12-22 15:56:34,2025-12-22T15:56:34,60.99,2.0,SetByBid
2025-12-22 15:56:34,2025-12-22T15:56:34,60.99,1.0,SetByBid
2025-12-22 15:56:34,2025-12-22T15:56:34,60.99,2.0,SetByBid
2025-12-22 15:56:34,2025-12-22T15:56:34,60.99,1.0,SetByBid
2025-12-22 15:56:34,2025-12-22T15:56:34,60.99,1.0,SetByBid
2025-12-22 15:56:34,2025-12-22T15:56:34,60.99,1.0,SetByBid
2025-12-22 15:56:34,2025-12-22T15:56:34,60.99,1.0,SetByBid
2025-12-22 15:56:34,2025-12-22T15:56:34,60.99,1.0,SetByBid
2025-12-22 15:56:39,2025-12-22T15:56:39,60.99,1.0,SetByBid
2025-12-22 15:56:39,2025-12-22T15:56:39,60.99,1.0,SetByBid
2025-12-22 15:56:39,2025-12-22T15:56:39,60.99,4.0,SetByBid
2025-12-22 15:56:39,2025-12-22T15:56:39,60.99,1.0,SetByAsk
2025-12-22 15:56:39,2025-12-22T15:56:39,60.99,1.0,SetByAsk
2025-12-22 15:56:39,2025-12-22T15:56:39,60.99,1.0,SetByBid
2025-12-22 15:56:39,2025-12-22T15:56:39,60.99,1.0,SetByBid
2025-12-22 15:56:39,2025-12-22T15:56:39,60.99,1.0,SetByBid
2025-12-22 15:56:39,2025-12-22T15:56:39,60.99,1.0,SetByBid
2025-12-22 15:56:39,2025-12-22T15:56:39,60.99,1.0,SetByBid
2025-12-22 15:56:39,2025-12-22T15:56:39,60.99,3.0,SetByBid
2025-12-22 15:56:39,2025-12-22T15:56:39,60.99,1.0,SetByBid
2025-12-22 15:56:39,2025-12-22T15:56:39,60.99,2.0,SetByBid
2025-12-22 15:56:39,2025-12-22T15:56:39,60.99,1.0,SetByBid
2025-12-22 15:56:39,2025-12-22T15:56:39,60.99,1.0,SetByAsk
2025-12-22 15:56:39,2025-12-22T15:56:39,60.99,1.0,SetByAsk
2025-12-22 15:56:39,2025-12-22T15:56:39,60.99,1.0,SetByAsk
2025-12-22 15:56:39,2025-12-22T15:56:39,60.99,1.0,SetByAsk
2025-12-22 15:56:39,2025-12-22T15:56:39,60.99,1.0,SetByAsk
2025-12-22 15:56:39,2025-12-22T15:56:39,60.99,2.0,SetByAsk
2025-12-22 15:56:39,2025-12-22T15:56:39,60.99,1.0,SetByAsk
2025-12-22 15:56:39,2025-12-22T15:56:39,60.99,1.0,SetByAsk
2025-12-22 15:56:39,2025-12-22T15:56:39,60.99,2.0,SetByBid
2025-12-22 15:56:39,2025-12-22T15:56:39,60.99,2.0,SetByBid
2025-12-22 15:56:39,2025-12-22T15:56:39,61.0,1.0,SetByBid
2025-12-22 15:56:39,2025-12-22T15:56:39,61.0,1.0,SetByBid
2025-12-22 15:56:39,2025-12-22T15:56:39,61.0,25.0,SetByBid
2025-12-22 15:56:39,2025-12-22T15:56:39,61.0,5.0,SetByBid
2025-12-22 15:56:39,2025-12-22T15:56:39,61.0,100.0,SetByBid
2025-12-22 15:56:39,2025-12-22T15:56:39,61.0,1.0,SetByBid
2025-12-22 15:56:39,2025-12-22T15:56:39,61.01,1.0,SetByBid
2025-12-22 15:56:39,2025-12-22T15:56:39,61.01,1.0,SetByBid
2025-12-22 15:56:39,2025-12-22T15:56:39,61.01,1.0,SetByBid
2025-12-22 15:56:39,2025-12-22T15:56:39,61.01,1.0,SetByBid
2025-12-22 15:56:39,2025-12-22T15:56:39,61.01,1.0,SetByBid
2025-12-22 15:56:39,2025-12-22T15:56:39,61.01,1.0,SetByBid
2025-12-22 15:56:39,2025-12-22T15:56:39,61.01,1.0,SetByBid
2025-12-22 15:56:39,2025-12-22T15:56:39,61.01,1.0,SetByBid
2025-12-22 15:56:39,2025-12-22T15:56:39,61.01,3.0,SetByBid
2025-12-22 15:56:39,2025-12-22T15:56:39,61.01,1.0,SetByBid
2025-12-22 15:56:39,2025-12-22T15:56:39,61.01,1.0,SetByBid
2025-12-22 15:56:39,2025-12-22T15:56:39,61.01,1.0,SetByBid
2025-12-22 15:56:39,2025-12-22T15:56:39,61.01,1.0,SetByBid
2025-12-22 15:56:39,2025-12-22T15:56:39,61.01,1.0,SetByBid
2025-12-22 15:56:39,2025-12-22T15:56:39,61.01,3.0,SetByBid
2025-12-22 15:56:39,2025-12-22T15:56:39,61.01,1.0,SetByBid
2025-12-22 15:56:39,2025-12-22T15:56:39,61.01,1.0,SetByBid
2025-12-22 15:56:39,2025-12-22T15:56:39,61.01,1.0,SetByBid
2025-12-22 15:56:39,2025-12-22T15:56:39,61.01,1.0,SetByBid
2025-12-22 15:56:39,2025-12-22T15:56:39,61.01,2.0,SetByBid
2025-12-22 15:56:39,2025-12-22T15:56:39,61.01,3.0,SetByBid
2025-12-22 15:56:39,2025-12-22T15:56:39,61.01,1.0,SetByBid
2025-12-22 15:56:39,2025-12-22T15:56:39,61.01,1.0,SetByBid
2025-12-22 15:56:39,2025-12-22T15:56:39,61.01,1.0,SetByBid
2025-12-22 15:56:39,2025-12-22T15:56:39,61.01,1.0,SetByBid
2025-12-22 15:56:39,2025-12-22T15:56:39,61.01,1.0,SetByBid
2025-12-22 15:56:39,2025-12-22T15:56:39,61.01,1.0,SetByBid
2025-12-22 15:56:39,2025-12-22T15:56:39,61.01,2.0,SetByBid
2025-12-22 15:56:39,2025-12-22T15:56:39,61.01,1.0,SetByBid
2025-12-22 15:56:39,2025-12-22T15:56:39,61.01,2.0,SetByBid
2025-12-22 15:56:39,2025-12-22T15:56:39,61.01,2.0,SetByBid
2025-12-22 15:56:39,2025-12-22T15:56:39,61.01,1.0,SetByBid
2025-12-22 15:56:39,2025-12-22T15:56:39,61.01,1.0,SetByBid
2025-12-22 15:56:39,2025-12-22T15:56:39,61.01,1.0,SetByBid
2025-12-22 15:56:39,2025-12-22T15:56:39,61.01,1.0,SetByBid
2025-12-22 15:56:39,2025-12-22T15:56:39,61.01,1.0,SetByBid
2025-12-22 15:56:39,2025-12-22T15:56:39,61.01,1.0,SetByBid
2025-12-22 15:56:39,2025-12-22T15:56:39,61.01,1.0,SetByBid
2025-12-22 15:56:39,2025-12-22T15:56:39,61.01,1.0,SetByBid
2025-12-22 15:56:39,2025-12-22T15:56:39,61.01,1.0,SetByBid
2025-12-22 15:56:39,2025-12-22T15:56:39,61.01,1.0,SetByBid
2025-12-22 15:56:39,2025-12-22T15:56:39,61.01,1.0,SetByBid
2025-12-22 15:56:39,2025-12-22T15:56:39,61.01,1.0,SetByBid
2025-12-22 15:56:39,2025-12-22T15:56:39,61.01,1.0,SetByBid
2025-12-22 15:56:39,2025-12-22T15:56:39,61.01,1.0,SetByBid
2025-12-22 15:56:39,2025-12-22T15:56:39,61.01,1.0,SetByBid
2025-12-22 15:56:39,2025-12-22T15:56:39,61.01,1.0,SetByBid
2025-12-22 15:56:39,2025-12-22T15:56:39,61.01,1.0,SetByBid
2025-12-22 15:56:39,2025-12-22T15:56:39,61.01,1.0,SetByBid
2025-12-22 15:56:39,2025-12-22T15:56:39,61.01,1.0,SetByBid
2025-12-22 15:56:39,2025-12-22T15:56:39,61.01,1.0,SetByBid
2025-12-22 15:56:39,2025-12-22T15:56:39,61.01,1.0,SetByBid
2025-12-22 15:56:39,2025-12-22T15:56:39,61.01,1.0,SetByBid
2025-12-22 15:56:39,2025-12-22T15:56:39,61.01,1.0,SetByBid
2025-12-22 15:56:39,2025-12-22T15:56:39,61.01,1.0,SetByBid
2025-12-22 15:56:39,2025-12-22T15:56:39,61.01,1.0,SetByBid
2025-12-22 15:56:39,2025-12-22T15:56:39,61.01,1.0,SetByBid
2025-12-22 15:56:39,2025-12-22T15:56:39,61.01,1.0,SetByBid
2025-12-22 15:56:39,2025-12-22T15:56:39,61.01,1.0,SetByBid
2025-12-22 15:56:39,2025-12-22T15:56:39,61.01,1.0,SetByBid
2025-12-22 15:56:40,2025-12-22T15:56:40,61.01,1.0,SetByBid
2025-12-22 15:56:56,2025-12-22T15:56:56,61.01,1.0,SetByBid
2025-12-22 15:56:56,2025-12-22T15:56:56,61.01,1.0,SetByBid
2025-12-22 15:56:56,2025-12-22T15:56:56,61.01,1.0,SetByAsk
2025-12-22 15:56:56,2025-12-22T15:56:56,61.01,1.0,SetByBid
2025-12-22 15:57:21,2025-12-22T15:57:21,61.01,1.0,SetByAsk
2025-12-22 15:57:21,2025-12-22T15:57:21,61.02,1.0,SetByBid
2025-12-22 15:57:24,2025-12-22T15:57:24,61.0,1.0,SetByAsk
2025-12-22 15:57:24,2025-12-22T15:57:24,61.0,1.0,SetByAsk
2025-12-22 15:57:24,2025-12-22T15:57:24,61.0,1.0,SetByBid
2025-12-22 15:57:24,2025-12-22T15:57:24,61.01,1.0,SetByBid
2025-12-22 15:57:24,2025-12-22T15:57:24,61.0,1.0,SetByAsk
2025-12-22 15:57:37,2025-12-22T15:57:37,61.0,5.0,SetByBid
2025-12-22 15:57:37,2025-12-22T15:57:37,61.0,1.0,SetByBid
2025-12-22 15:57:37,2025-12-22T15:57:37,61.0,1.0,SetByBid
2025-12-22 15:57:55,2025-12-22T15:57:55,60.99,1.0,SetByAsk
2025-12-22 15:57:55,2025-12-22T15:57:55,60.99,1.0,SetByAsk
2025-12-22 15:57:55,2025-12-22T15:57:55,60.99,1.0,SetByAsk
2025-12-22 15:57:55,2025-12-22T15:57:55,60.99,1.0,SetByAsk
2025-12-22 15:57:55,2025-12-22T15:57:55,60.99,1.0,SetByAsk
2025-12-22 15:57:55,2025-12-22T15:57:55,60.99,2.0,SetByAsk
2025-12-22 15:57:55,2025-12-22T15:57:55,60.99,1.0,SetByAsk
2025-12-22 15:57:55,2025-12-22T15:57:55,60.99,1.0,SetByAsk
2025-12-22 15:57:55,2025-12-22T15:57:55,60.99,1.0,SetByAsk
2025-12-22 15:57:55,2025-12-22T15:57:55,60.99,1.0,SetByAsk
2025-12-22 15:58:03,2025-12-22T15:58:03,60.98,1.0,SetByBid
2025-12-22 15:58:03,2025-12-22T15:58:03,60.98,1.0,SetByBid
2025-12-22 15:58:09,2025-12-22T15:58:09,60.98,1.0,SetByBid
2025-12-22 15:58:09,2025-12-22T15:58:09,60.98,1.0,SetByBid
2025-12-22 15:58:09,2025-12-22T15:58:09,60.98,1.0,SetByBid
2025-12-22 15:58:20,2025-12-22T15:58:20,60.99,8.0,SetByBid
2025-12-22 15:58:20,2025-12-22T15:58:20,60.99,1.0,SetByBid
2025-12-22 15:58:29,2025-12-22T15:58:29,60.98,2.0,SetByAsk
2025-12-22 15:58:29,2025-12-22T15:58:29,60.98,1.0,SetByAsk
2025-12-22 15:58:29,2025-12-22T15:58:29,60.98,1.0,SetByAsk
2025-12-22 15:58:29,2025-12-22T15:58:29,60.98,1.0,SetByAsk
2025-12-22 15:58:29,2025-12-22T15:58:29,60.98,1.0,SetByAsk
2025-12-22 15:58:29,2025-12-22T15:58:29,60.98,1.0,SetByAsk
2025-12-22 15:58:29,2025-12-22T15:58:29,60.98,1.0,SetByAsk
2025-12-22 15:58:29,2025-12-22T15:58:29,60.98,1.0,SetByAsk
2025-12-22 15:58:29,2025-12-22T15:58:29,60.99,1.0,SetByBid
2025-12-22 15:58:29,2025-12-22T15:58:29,60.99,1.0,SetByBid
2025-12-22 15:58:29,2025-12-22T15:58:29,60.99,1.0,SetByBid
2025-12-22 15:58:29,2025-12-22T15:58:29,60.99,1.0,SetByBid
2025-12-22 15:58:29,2025-12-22T15:58:29,60.99,1.0,SetByBid
2025-12-22 15:58:29,2025-12-22T15:58:29,60.99,1.0,SetByBid
2025-12-22 15:58:29,2025-12-22T15:58:29,60.99,1.0,SetByBid
2025-12-22 15:58:29,2025-12-22T15:58:29,60.99,1.0,SetByBid
2025-12-22 15:58:29,2025-12-22T15:58:29,60.99,1.0,SetByBid
2025-12-22 15:58:29,2025-12-22T15:58:29,60.99,1.0,SetByBid
2025-12-22 15:58:29,2025-12-22T15:58:29,60.99,1.0,SetByBid
2025-12-22 15:58:29,2025-12-22T15:58:29,60.99,3.0,SetByBid
2025-12-22 15:58:29,2025-12-22T15:58:29,60.99,1.0,SetByBid
2025-12-22 15:58:29,2025-12-22T15:58:29,60.99,1.0,SetByBid
2025-12-22 15:58:29,2025-12-22T15:58:29,60.99,1.0,SetByBid
2025-12-22 15:58:29,2025-12-22T15:58:29,60.99,1.0,SetByBid
2025-12-22 15:58:29,2025-12-22T15:58:29,60.99,1.0,SetByBid
2025-12-22 15:58:29,2025-12-22T15:58:29,60.99,1.0,SetByBid
2025-12-22 15:58:29,2025-12-22T15:58:29,60.99,1.0,SetByBid
2025-12-22 15:58:29,2025-12-22T15:58:29,60.99,1.0,SetByBid
2025-12-22 15:58:29,2025-12-22T15:58:29,60.99,1.0,SetByBid
2025-12-22 15:58:29,2025-12-22T15:58:29,60.99,1.0,SetByBid
2025-12-22 15:58:29,2025-12-22T15:58:29,60.99,1.0,SetByBid
2025-12-22 15:58:29,2025-12-22T15:58:29,60.99,3.0,SetByBid
2025-12-22 15:58:29,2025-12-22T15:58:29,60.99,1.0,SetByBid
2025-12-22 15:58:29,2025-12-22T15:58:29,60.99,1.0,SetByBid
2025-12-22 15:58:29,2025-12-22T15:58:29,60.99,1.0,SetByBid
2025-12-22 15:58:29,2025-12-22T15:58:29,60.99,1.0,SetByBid
2025-12-22 15:58:29,2025-12-22T15:58:29,60.99,1.0,SetByBid
2025-12-22 15:58:29,2025-12-22T15:58:29,60.99,1.0,SetByBid
2025-12-22 15:58:29,2025-12-22T15:58:29,60.99,1.0,SetByBid
2025-12-22 15:58:29,2025-12-22T15:58:29,60.99,2.0,SetByBid
2025-12-22 15:58:29,2025-12-22T15:58:29,60.99,1.0,SetByBid
2025-12-22 15:58:29,2025-12-22T15:58:29,60.99,1.0,SetByBid
2025-12-22 15:58:29,2025-12-22T15:58:29,60.99,1.0,SetByBid
2025-12-22 15:58:29,2025-12-22T15:58:29,60.99,1.0,SetByBid
2025-12-22 15:58:29,2025-12-22T15:58:29,60.99,1.0,SetByBid
2025-12-22 15:58:29,2025-12-22T15:58:29,60.99,1.0,SetByBid
2025-12-22 15:58:29,2025-12-22T15:58:29,60.99,1.0,SetByBid
2025-12-22 15:58:29,2025-12-22T15:58:29,60.99,1.0,SetByBid
2025-12-22 15:58:29,2025-12-22T15:58:29,60.99,1.0,SetByBid
2025-12-22 15:58:29,2025-12-22T15:58:29,60.99,2.0,SetByBid
2025-12-22 15:58:29,2025-12-22T15:58:29,60.99,1.0,SetByBid
2025-12-22 15:58:29,2025-12-22T15:58:29,60.99,1.0,SetByBid
2025-12-22 15:58:29,2025-12-22T15:58:29,60.99,1.0,SetByBid
2025-12-22 15:58:29,2025-12-22T15:58:29,60.99,1.0,SetByBid
2025-12-22 15:58:29,2025-12-22T15:58:29,60.99,1.0,SetByBid
2025-12-22 15:58:29,2025-12-22T15:58:29,60.99,1.0,SetByBid
2025-12-22 15:58:29,2025-12-22T15:58:29,60.99,1.0,SetByBid
2025-12-22 15:58:29,2025-12-22T15:58:29,60.99,1.0,SetByBid
2025-12-22 15:58:29,2025-12-22T15:58:29,60.99,1.0,SetByBid
2025-12-22 15:58:29,2025-12-22T15:58:29,60.99,1.0,SetByBid
2025-12-22 15:58:29,2025-12-22T15:58:29,60.99,1.0,SetByBid
2025-12-22 15:58:29,2025-12-22T15:58:29,60.99,1.0,SetByBid
2025-12-22 15:58:29,2025-12-22T15:58:29,60.99,1.0,SetByBid
2025-12-22 15:58:29,2025-12-22T15:58:29,60.99,1.0,SetByBid
2025-12-22 15:58:29,2025-12-22T15:58:29,60.99,1.0,SetByBid
2025-12-22 15:58:29,2025-12-22T15:58:29,60.99,1.0,SetByBid
2025-12-22 15:58:29,2025-12-22T15:58:29,60.99,1.0,SetByBid
2025-12-22 15:58:29,2025-12-22T15:58:29,60.99,1.0,SetByBid
2025-12-22 15:58:29,2025-12-22T15:58:29,60.99,1.0,SetByBid
2025-12-22 15:58:29,2025-12-22T15:58:29,60.99,1.0,SetByBid
2025-12-22 15:58:29,2025-12-22T15:58:29,60.99,1.0,SetByBid
2025-12-22 15:58:31,2025-12-22T15:58:31,60.99,1.0,SetByBid
2025-12-22 15:58:31,2025-12-22T15:58:31,60.99,1.0,SetByBid
2025-12-22 15:58:31,2025-12-22T15:58:31,60.99,1.0,SetByBid
2025-12-22 15:58:31,2025-12-22T15:58:31,60.99,1.0,SetByBid
2025-12-22 15:58:31,2025-12-22T15:58:31,60.99,1.0,SetByBid
2025-12-22 15:58:31,2025-12-22T15:58:31,60.99,1.0,SetByBid
2025-12-22 15:58:31,2025-12-22T15:58:31,60.99,1.0,SetByBid
2025-12-22 15:58:31,2025-12-22T15:58:31,60.99,1.0,SetByBid
2025-12-22 15:58:31,2025-12-22T15:58:31,60.99,1.0,SetByBid
2025-12-22 15:58:31,2025-12-22T15:58:31,60.99,1.0,SetByBid
2025-12-22 15:58:31,2025-12-22T15:58:31,60.99,1.0,SetByBid
2025-12-22 15:58:31,2025-12-22T15:58:31,60.99,1.0,SetByBid
2025-12-22 15:58:31,2025-12-22T15:58:31,60.99,1.0,SetByBid
2025-12-22 15:58:31,2025-12-22T15:58:31,60.99,1.0,SetByBid
2025-12-22 15:58:31,2025-12-22T15:58:31,60.99,1.0,SetByBid
2025-12-22 15:58:31,2025-12-22T15:58:31,60.99,1.0,SetByBid
2025-12-22 15:58:31,2025-12-22T15:58:31,60.99,1.0,SetByBid
2025-12-22 15:58:31,2025-12-22T15:58:31,60.99,1.0,SetByBid
2025-12-22 15:58:31,2025-12-22T15:58:31,60.99,1.0,SetByBid
2025-12-22 15:58:31,2025-12-22T15:58:31,60.99,1.0,SetByBid
2025-12-22 15:58:31,2025-12-22T15:58:31,60.99,1.0,SetByBid
2025-12-22 15:58:31,2025-12-22T15:58:31,60.99,1.0,SetByBid
2025-12-22 15:58:39,2025-12-22T15:58:39,60.99,1.0,SetByAsk
2025-12-22 15:58:39,2025-12-22T15:58:39,60.99,2.0,SetByAsk
2025-12-22 15:58:39,2025-12-22T15:58:39,60.99,1.0,SetByAsk
2025-12-22 15:58:39,2025-12-22T15:58:39,60.99,1.0,SetByAsk
2025-12-22 15:58:41,2025-12-22T15:58:41,60.99,1.0,SetByBid
2025-12-22 15:58:48,2025-12-22T15:58:48,61.0,1.0,SetByBid
2025-12-22 15:58:48,2025-12-22T15:58:48,61.0,1.0,SetByBid
2025-12-22 15:58:48,2025-12-22T15:58:48,61.0,1.0,SetByBid
2025-12-22 15:58:48,2025-12-22T15:58:48,61.0,1.0,SetByBid
2025-12-22 15:58:51,2025-12-22T15:58:51,61.0,1.0,SetByBid
2025-12-22 15:58:51,2025-12-22T15:58:51,61.0,1.0,SetByAsk
2025-12-22 15:58:51,2025-12-22T15:58:51,61.0,1.0,SetByAsk
2025-12-22 15:58:51,2025-12-22T15:58:51,61.0,1.0,SetByAsk
2025-12-22 15:58:51,2025-12-22T15:58:51,61.0,1.0,SetByBid
2025-12-22 15:58:54,2025-12-22T15:58:54,60.99,1.0,SetByBid
2025-12-22 15:58:54,2025-12-22T15:58:54,60.99,1.0,SetByBid
2025-12-22 15:59:11,2025-12-22T15:59:11,60.99,1.0,SetByBid
2025-12-22 15:59:11,2025-12-22T15:59:11,60.99,1.0,SetByBid
2025-12-22 15:59:19,2025-12-22T15:59:19,60.99,1.0,SetByBid
2025-12-22 15:59:19,2025-12-22T15:59:19,60.99,1.0,SetByBid
2025-12-22 15:59:19,2025-12-22T15:59:19,60.99,1.0,SetByBid
2025-12-22 15:59:19,2025-12-22T15:59:19,60.99,1.0,SetByBid
2025-12-22 15:59:19,2025-12-22T15:59:19,60.99,1.0,SetByBid
2025-12-22 15:59:19,2025-12-22T15:59:19,60.99,1.0,SetByBid
2025-12-22 15:59:19,2025-12-22T15:59:19,60.99,1.0,SetByBid
2025-12-22 15:59:19,2025-12-22T15:59:19,60.99,1.0,SetByBid
2025-12-22 15:59:19,2025-12-22T15:59:19,60.99,1.0,SetByBid
2025-12-22 15:59:20,2025-12-22T15:59:20,60.99,1.0,SetByBid
2025-12-22 15:59:20,2025-12-22T15:59:20,60.99,1.0,SetByBid
2025-12-22 15:59:20,2025-12-22T15:59:20,60.99,1.0,SetByBid
2025-12-22 15:59:20,2025-12-22T15:59:20,60.99,1.0,SetByBid
2025-12-22 15:59:20,2025-12-22T15:59:20,60.99,5.0,SetByBid
2025-12-22 15:59:20,2025-12-22T15:59:20,60.99,1.0,SetByBid
2025-12-22 15:59:20,2025-12-22T15:59:20,60.99,1.0,SetByBid
2025-12-22 15:59:20,2025-12-22T15:59:20,60.99,1.0,SetByBid
2025-12-22 15:59:26,2025-12-22T15:59:26,60.99,4.0,SetByBid
2025-12-22 15:59:26,2025-12-22T15:59:26,60.99,1.0,SetByBid
2025-12-22 15:59:26,2025-12-22T15:59:26,60.99,1.0,SetByBid
2025-12-22 15:59:26,2025-12-22T15:59:26,60.99,1.0,SetByBid
2025-12-22 15:59:27,2025-12-22T15:59:27,60.99,1.0,SetByBid
2025-12-22 15:59:27,2025-12-22T15:59:27,60.99,1.0,SetByBid
2025-12-22 15:59:27,2025-12-22T15:59:27,60.99,1.0,SetByBid
2025-12-22 15:59:32,2025-12-22T15:59:32,60.99,1.0,SetByAsk
2025-12-22 15:59:34,2025-12-22T15:59:34,60.99,1.0,SetByAsk
2025-12-22 15:59:34,2025-12-22T15:59:34,60.99,2.0,SetByAsk
2025-12-22 15:59:34,2025-12-22T15:59:34,60.99,1.0,SetByBid
2025-12-22 15:59:38,2025-12-22T15:59:38,61.02,1.0,SetByBid
2025-12-22 15:59:38,2025-12-22T15:59:38,61.02,1.0,SetByBid
2025-12-22 15:59:38,2025-12-22T15:59:38,61.02,2.0,SetByBid
2025-12-22 15:59:38,2025-12-22T15:59:38,61.02,1.0,SetByBid
2025-12-22 15:59:38,2025-12-22T15:59:38,61.02,1.0,SetByBid
2025-12-22 15:59:38,2025-12-22T15:59:38,61.02,1.0,SetByBid
2025-12-22 15:59:38,2025-12-22T15:59:38,61.02,1.0,SetByBid
2025-12-22 15:59:38,2025-12-22T15:59:38,61.03,1.0,SetByBid
2025-12-22 15:59:38,2025-12-22T15:59:38,61.03,1.0,SetByAsk
2025-12-22 15:59:38,2025-12-22T15:59:38,61.03,1.0,SetByAsk
2025-12-22 15:59:38,2025-12-22T15:59:38,61.02,1.0,SetByAsk
2025-12-22 15:59:38,2025-12-22T15:59:38,61.02,1.0,SetByAsk
2025-12-22 15:59:38,2025-12-22T15:59:38,61.03,1.0,SetByAsk
2025-12-22 15:59:38,2025-12-22T15:59:38,61.03,1.0,SetByAsk
2025-12-22 15:59:38,2025-12-22T15:59:38,61.03,1.0,SetByAsk
2025-12-22 15:59:38,2025-12-22T15:59:38,61.03,1.0,SetByAsk
2025-12-22 15:59:38,2025-12-22T15:59:38,61.03,1.0,SetByAsk
2025-12-22 15:59:38,2025-12-22T15:59:38,61.03,1.0,SetByAsk
2025-12-22 15:59:38,2025-12-22T15:59:38,61.03,1.0,SetByAsk
2025-12-22 15:59:38,2025-12-22T15:59:38,61.03,1.0,SetByAsk
2025-12-22 15:59:38,2025-12-22T15:59:38,61.03,1.0,SetByAsk
2025-12-22 15:59:38,2025-12-22T15:59:38,61.03,19.0,SetByAsk
2025-12-22 15:59:38,2025-12-22T15:59:38,61.03,1.0,SetByAsk
2025-12-22 15:59:38,2025-12-22T15:59:38,61.03,2.0,SetByAsk
2025-12-22 15:59:38,2025-12-22T15:59:38,61.04,1.0,SetByBid
2025-12-22 15:59:38,2025-12-22T15:59:38,61.04,1.0,SetByBid
2025-12-22 15:59:38,2025-12-22T15:59:38,61.04,1.0,SetByBid
2025-12-22 15:59:38,2025-12-22T15:59:38,61.04,1.0,SetByBid
2025-12-22 15:59:38,2025-12-22T15:59:38,61.04,2.0,SetByBid
2025-12-22 15:59:38,2025-12-22T15:59:38,61.03,1.0,SetByAsk
2025-12-22 15:59:38,2025-12-22T15:59:38,61.04,1.0,SetByBid
2025-12-22 15:59:51,2025-12-22T15:59:51,61.02,1.0,SetByAsk
2025-12-22 15:59:51,2025-12-22T15:59:51,61.02,1.0,SetByAsk
2025-12-22 15:59:51,2025-12-22T15:59:51,61.02,1.0,SetByAsk
2025-12-22 15:59:51,2025-12-22T15:59:51,61.02,1.0,SetByAsk
2025-12-22 15:59:51,2025-12-22T15:59:51,61.02,1.0,SetByAsk
2025-12-22 15:59:51,2025-12-22T15:59:51,61.02,1.0,SetByAsk
2025-12-22 15:59:53,2025-12-22T15:59:53,61.03,1.0,SetByAsk
2025-12-22 15:59:53,2025-12-22T15:59:53,61.03,1.0,SetByAsk
2025-12-22 15:59:53,2025-12-22T15:59:53,61.03,1.0,SetByAsk
2025-12-22 15:59:53,2025-12-22T15:59:53,61.03,1.0,SetByAsk
2025-12-22 15:59:53,2025-12-22T15:59:53,61.04,1.0,SetByBid
2025-12-22 15:59:53,2025-12-22T15:59:53,61.04,1.0,SetByBid
2025-12-22 15:59:53,2025-12-22T15:59:53,61.04,1.0,SetByBid
2025-12-22 15:59:55,2025-12-22T15:59:55,61.04,1.0,SetByBid
2025-12-22 15:59:55,2025-12-22T15:59:55,61.04,1.0,SetByBid
2025-12-22 15:59:55,2025-12-22T15:59:55,61.04,1.0,SetByBid
2025-12-22 15:59:55,2025-12-22T15:59:55,61.04,1.0,SetByBid
2025-12-22 15:59:55,2025-12-22T15:59:55,61.04,1.0,SetByBid
2025-12-22 15:59:55,2025-12-22T15:59:55,61.04,1.0,SetByBid
2025-12-22 15:59:55,2025-12-22T15:59:55,61.04,1.0,SetByBid
2025-12-22 15:59:55,2025-12-22T15:59:55,61.04,1.0,SetByBid
2025-12-22 15:59:55,2025-12-22T15:59:55,61.04,1.0,SetByBid
2025-12-22 15:59:55,2025-12-22T15:59:55,61.04,1.0,SetByBid
2025-12-22 15:59:55,2025-12-22T15:59:55,61.04,1.0,SetByBid
2025-12-22 15:59:55,2025-12-22T15:59:55,61.04,1.0,SetByBid
2025-12-22 15:59:55,2025-12-22T15:59:55,61.04,1.0,SetByBid
2025-12-22 15:59:55,2025-12-22T15:59:55,61.04,1.0,SetByAsk
2025-12-22 15:59:55,2025-12-22T15:59:55,61.04,1.0,SetByAsk
2025-12-22 15:59:55,2025-12-22T15:59:55,61.04,1.0,SetByAsk
2025-12-22 15:59:55,2025-12-22T15:59:55,61.04,2.0,SetByAsk
2025-12-22 15:59:55,2025-12-22T15:59:55,61.04,1.0,SetByAsk
2025-12-22 15:59:56,2025-12-22T15:59:56,61.04,1.0,SetByAsk
2025-12-22 15:59:56,2025-12-22T15:59:56,61.04,2.0,SetByAsk
2025-12-22 15:59:57,2025-12-22T15:59:57,61.04,1.0,SetByAsk
2025-12-22 15:59:59,2025-12-22T15:59:59,61.03,3.0,SetByAsk
2025-12-22 15:59:59,2025-12-22T15:59:59,61.03,3.0,SetByAsk
2025-12-22 15:59:59,2025-12-22T15:59:59,61.03,1.0,SetByAsk
2025-12-22 15:59:59,2025-12-22T15:59:59,61.03,1.0,SetByAsk
2025-12-22 15:59:59,2025-12-22T15:59:59,61.03,1.0,SetByAsk
2025-12-22 15:59:59,2025-12-22T15:59:59,61.03,1.0,SetByAsk
2025-12-22 15:59:59,2025-12-22T15:59:59,61.03,1.0,SetByBid
2025-12-22 16:00:04,2025-12-22T16:00:04,61.03,1.0,SetByAsk
2025-12-22 16:00:04,2025-12-22T16:00:04,61.03,1.0,SetByAsk
2025-12-22 16:00:04,2025-12-22T16:00:04,61.03,2.0,SetByAsk
2025-12-22 16:00:04,2025-12-22T16:00:04,61.03,1.0,SetByBid
2025-12-22 16:00:05,2025-12-22T16:00:05,61.04,1.0,SetByBid
2025-12-22 16:00:05,2025-12-22T16:00:05,61.04,1.0,SetByBid
2025-12-22 16:00:05,2025-12-22T16:00:05,61.04,1.0,SetByBid
2025-12-22 16:00:14,2025-12-22T16:00:14,61.05,1.0,SetByBid
2025-12-22 16:00:14,2025-12-22T16:00:14,61.05,1.0,SetByBid
2025-12-22 16:00:14,2025-12-22T16:00:14,61.05,1.0,SetByBid
2025-12-22 16:00:14,2025-12-22T16:00:14,61.04,1.0,SetByAsk
2025-12-22 16:00:14,2025-12-22T16:00:14,61.04,2.0,SetByAsk
2025-12-22 16:00:14,2025-12-22T16:00:14,61.05,1.0,SetByBid
2025-12-22 16:00:14,2025-12-22T16:00:14,61.05,1.0,SetByBid
2025-12-22 16:00:14,2025-12-22T16:00:14,61.03,1.0,SetByAsk
2025-12-22 16:00:15,2025-12-22T16:00:15,61.02,1.0,SetByBid
2025-12-22 16:00:15,2025-12-22T16:00:15,61.02,1.0,SetByBid
2025-12-22 16:00:18,2025-12-22T16:00:18,61.01,1.0,SetByBid
2025-12-22 16:00:48,2025-12-22T16:00:48,61.01,2.0,SetByBid
2025-12-22 16:00:48,2025-12-22T16:00:48,61.01,1.0,SetByBid
2025-12-22 16:00:48,2025-12-22T16:00:48,61.01,1.0,SetByAsk
2025-12-22 16:00:48,2025-12-22T16:00:48,61.01,2.0,SetByAsk
2025-12-22 16:00:57,2025-12-22T16:00:57,61.01,1.0,SetByAsk
2025-12-22 16:00:57,2025-12-22T16:00:57,61.01,1.0,SetByAsk
2025-12-22 16:00:57,2025-12-22T16:00:57,61.01,2.0,SetByAsk
2025-12-22 16:00:57,2025-12-22T16:00:57,61.0,1.0,SetByAsk
2025-12-22 16:00:57,2025-12-22T16:00:57,61.0,1.0,SetByBid
2025-12-22 16:00:57,2025-12-22T16:00:57,61.0,5.0,SetByBid
2025-12-22 16:00:57,2025-12-22T16:00:57,61.0,3.0,SetByBid
2025-12-22 16:00:57,2025-12-22T16:00:57,61.0,2.0,SetByBid
2025-12-22 16:00:57,2025-12-22T16:00:57,61.0,1.0,SetByAsk
2025-12-22 16:00:57,2025-12-22T16:00:57,61.0,1.0,SetByAsk
2025-12-22 16:00:57,2025-12-22T16:00:57,61.0,1.0,SetByBid
2025-12-22 16:00:57,2025-12-22T16:00:57,61.0,1.0,SetByBid
2025-12-22 16:00:57,2025-12-22T16:00:57,61.0,1.0,SetByBid
2025-12-22 16:00:57,2025-12-22T16:00:57,61.0,2.0,SetByBid
2025-12-22 16:00:57,2025-12-22T16:00:57,61.0,1.0,SetByAsk
2025-12-22 16:00:57,2025-12-22T16:00:57,61.0,1.0,SetByBid
2025-12-22 16:00:57,2025-12-22T16:00:57,61.0,1.0,SetByBid
2025-12-22 16:00:57,2025-12-22T16:00:57,61.0,1.0,SetByBid
2025-12-22 16:00:57,2025-12-22T16:00:57,61.0,1.0,SetByBid
2025-12-22 16:00:57,2025-12-22T16:00:57,61.0,2.0,SetByBid
2025-12-22 16:00:57,2025-12-22T16:00:57,61.0,1.0,SetByBid
2025-12-22 16:00:57,2025-12-22T16:00:57,61.0,1.0,SetByBid
2025-12-22 16:00:57,2025-12-22T16:00:57,61.0,1.0,SetByBid
2025-12-22 16:00:57,2025-12-22T16:00:57,61.0,5.0,SetByBid
2025-12-22 16:00:57,2025-12-22T16:00:57,61.0,2.0,SetByBid
2025-12-22 16:00:57,2025-12-22T16:00:57,61.0,1.0,SetByBid
2025-12-22 16:00:57,2025-12-22T16:00:57,61.0,1.0,SetByBid
2025-12-22 16:00:57,2025-12-22T16:00:57,61.0,2.0,SetByBid
2025-12-22 16:00:57,2025-12-22T16:00:57,61.0,1.0,SetByBid
2025-12-22 16:00:57,2025-12-22T16:00:57,61.0,2.0,SetByBid
2025-12-22 16:00:57,2025-12-22T16:00:57,61.0,1.0,SetByBid
2025-12-22 16:00:57,2025-12-22T16:00:57,61.0,4.0,SetByBid
2025-12-22 16:00:57,2025-12-22T16:00:57,61.0,1.0,SetByBid
2025-12-22 16:00:57,2025-12-22T16:00:57,61.0,1.0,SetByBid
2025-12-22 16:00:57,2025-12-22T16:00:57,61.0,1.0,SetByBid
2025-12-22 16:00:57,2025-12-22T16:00:57,61.0,1.0,SetByBid
2025-12-22 16:00:57,2025-12-22T16:00:57,61.0,1.0,SetByBid
2025-12-22 16:00:57,2025-12-22T16:00:57,61.0,2.0,SetByBid
2025-12-22 16:00:57,2025-12-22T16:00:57,61.0,4.0,SetByBid
2025-12-22 16:00:57,2025-12-22T16:00:57,61.0,2.0,SetByBid
2025-12-22 16:00:57,2025-12-22T16:00:57,61.0,1.0,SetByBid
2025-12-22 16:00:59,2025-12-22T16:00:59,61.0,7.0,SetByBid
2025-12-22 16:00:59,2025-12-22T16:00:59,61.0,1.0,SetByAsk
2025-12-22 16:00:59,2025-12-22T16:00:59,61.0,1.0,SetByAsk
2025-12-22 16:00:59,2025-12-22T16:00:59,61.0,1.0,SetByAsk
2025-12-22 16:00:59,2025-12-22T16:00:59,61.0,1.0,SetByAsk
2025-12-22 16:00:59,2025-12-22T16:00:59,61.0,1.0,SetByAsk
2025-12-22 16:00:59,2025-12-22T16:00:59,61.0,1.0,SetByAsk
2025-12-22 16:00:59,2025-12-22T16:00:59,61.0,1.0,SetByAsk
2025-12-22 16:00:59,2025-12-22T16:00:59,61.0,1.0,SetByAsk
2025-12-22 16:00:59,2025-12-22T16:00:59,61.0,1.0,SetByAsk
2025-12-22 16:00:59,2025-12-22T16:00:59,61.0,3.0,SetByBid
2025-12-22 16:00:59,2025-12-22T16:00:59,61.0,1.0,SetByAsk
2025-12-22 16:00:59,2025-12-22T16:00:59,61.0,2.0,SetByAsk
2025-12-22 16:00:59,2025-12-22T16:00:59,61.0,1.0,SetByAsk
2025-12-22 16:00:59,2025-12-22T16:00:59,61.0,1.0,SetByBid
2025-12-22 16:00:59,2025-12-22T16:00:59,61.0,1.0,SetByBid
2025-12-22 16:00:59,2025-12-22T16:00:59,61.0,1.0,SetByBid
2025-12-22 16:00:59,2025-12-22T16:00:59,61.0,1.0,SetByAsk
2025-12-22 16:00:59,2025-12-22T16:00:59,61.0,5.0,SetByAsk
2025-12-22 16:00:59,2025-12-22T16:00:59,61.0,1.0,SetByAsk
2025-12-22 16:00:59,2025-12-22T16:00:59,61.0,1.0,SetByAsk
2025-12-22 16:00:59,2025-12-22T16:00:59,61.0,1.0,SetByAsk
2025-12-22 16:00:59,2025-12-22T16:00:59,61.0,2.0,SetByBid
2025-12-22 16:00:59,2025-12-22T16:00:59,61.0,1.0,SetByBid
2025-12-22 16:00:59,2025-12-22T16:00:59,61.01,346.0,SetByBid
2025-12-22 16:01:10,2025-12-22T16:01:10,61.02,1.0,SetByAsk
2025-12-22 16:01:11,2025-12-22T16:01:11,61.02,2.0,SetByAsk
2025-12-22 16:01:27,2025-12-22T16:01:27,61.02,1.0,SetByAsk
2025-12-22 16:01:27,2025-12-22T16:01:27,61.02,1.0,SetByAsk
2025-12-22 16:01:50,2025-12-22T16:01:50,61.01,1.0,SetByBid
2025-12-22 16:01:50,2025-12-22T16:01:50,61.01,1.0,SetByBid
2025-12-22 16:01:50,2025-12-22T16:01:50,61.01,1.0,SetByBid
2025-12-22 16:01:53,2025-12-22T16:01:53,61.0,1.0,SetByAsk
2025-12-22 16:01:53,2025-12-22T16:01:53,61.0,2.0,SetByAsk
2025-12-22 16:01:53,2025-12-22T16:01:53,61.0,1.0,SetByAsk
2025-12-22 16:02:46,2025-12-22T16:02:46,61.0,1.0,SetByAsk
2025-12-22 16:03:19,2025-12-22T16:03:19,61.0,1.0,SetByBid
2025-12-22 16:03:34,2025-12-22T16:03:34,61.0,1.0,SetByAsk
2025-12-22 16:03:34,2025-12-22T16:03:34,61.0,1.0,SetByAsk
2025-12-22 16:03:34,2025-12-22T16:03:34,61.0,1.0,SetByAsk
2025-12-22 16:03:34,2025-12-22T16:03:34,61.0,1.0,SetByAsk
2025-12-22 16:03:43,2025-12-22T16:03:43,60.99,1.0,SetByAsk
2025-12-22 16:03:43,2025-12-22T16:03:43,60.99,1.0,SetByAsk
2025-12-22 16:03:43,2025-12-22T16:03:43,60.99,1.0,SetByAsk
2025-12-22 16:03:43,2025-12-22T16:03:43,60.99,1.0,SetByAsk
2025-12-22 16:03:43,2025-12-22T16:03:43,60.99,1.0,SetByAsk
2025-12-22 16:04:22,2025-12-22T16:04:22,60.97,1.0,SetByAsk
2025-12-22 16:04:51,2025-12-22T16:04:51,60.97,1.0,SetByBid
2025-12-22 16:04:51,2025-12-22T16:04:51,60.97,1.0,SetByBid
2025-12-22 16:04:51,2025-12-22T16:04:51,60.97,1.0,SetByBid
2025-12-22 16:05:38,2025-12-22T16:05:38,60.95,1.0,SetByAsk
2025-12-22 16:05:38,2025-12-22T16:05:38,60.95,1.0,SetByAsk
2025-12-22 16:05:38,2025-12-22T16:05:38,60.95,1.0,SetByAsk
2025-12-22 16:05:38,2025-12-22T16:05:38,60.95,2.0,SetByAsk
2025-12-22 16:05:38,2025-12-22T16:05:38,60.95,1.0,SetByAsk
2025-12-22 16:05:38,2025-12-22T16:05:38,60.95,2.0,SetByAsk
2025-12-22 16:05:38,2025-12-22T16:05:38,60.95,1.0,SetByAsk
2025-12-22 16:05:38,2025-12-22T16:05:38,60.95,1.0,SetByAsk
2025-12-22 16:05:38,2025-12-22T16:05:38,60.96,1.0,SetByBid
2025-12-22 16:05:38,2025-12-22T16:05:38,60.96,1.0,SetByBid
2025-12-22 16:05:45,2025-12-22T16:05:45,60.95,1.0,SetByBid
2025-12-22 16:05:59,2025-12-22T16:05:59,60.93,1.0,SetByAsk
2025-12-22 16:05:59,2025-12-22T16:05:59,60.93,1.0,SetByAsk
2025-12-22 16:06:32,2025-12-22T16:06:32,60.94,1.0,SetByAsk
2025-12-22 16:06:32,2025-12-22T16:06:32,60.94,1.0,SetByAsk
2025-12-22 16:06:32,2025-12-22T16:06:32,60.94,1.0,SetByAsk
2025-12-22 16:06:32,2025-12-22T16:06:32,60.94,2.0,SetByAsk
2025-12-22 16:07:15,2025-12-22T16:07:15,60.96,1.0,SetByAsk
2025-12-22 16:08:02,2025-12-22T16:08:02,60.96,1.0,SetByAsk
2025-12-22 16:08:41,2025-12-22T16:08:41,60.96,1.0,SetByAsk
2025-12-22 16:08:41,2025-12-22T16:08:41,60.96,1.0,SetByAsk
2025-12-22 16:08:41,2025-12-22T16:08:41,60.96,1.0,SetByAsk
2025-12-22 16:08:41,2025-12-22T16:08:41,60.95,1.0,SetByBid
2025-12-22 16:08:46,2025-12-22T16:08:46,60.95,1.0,SetByBid
2025-12-22 16:09:47,2025-12-22T16:09:47,60.95,1.0,SetByAsk
2025-12-22 16:09:47,2025-12-22T16:09:47,60.95,1.0,SetByAsk
2025-12-22 16:09:58,2025-12-22T16:09:58,60.94,1.0,SetByAsk
2025-12-22 16:10:29,2025-12-22T16:10:29,60.95,1.0,SetByBid
2025-12-22 16:10:29,2025-12-22T16:10:29,60.95,3.0,SetByBid
2025-12-22 16:10:46,2025-12-22T16:10:46,60.95,6.0,SetByBid
2025-12-22 16:10:46,2025-12-22T16:10:46,60.95,3.0,SetByBid
2025-12-22 16:10:46,2025-12-22T16:10:46,60.95,2.0,SetByBid
2025-12-22 16:11:17,2025-12-22T16:11:17,60.94,1.0,SetByAsk
2025-12-22 16:11:37,2025-12-22T16:11:37,60.95,1.0,SetByAsk
2025-12-22 16:11:47,2025-12-22T16:11:47,60.95,1.0,SetByAsk
2025-12-22 16:11:49,2025-12-22T16:11:49,60.95,1.0,SetByBid
2025-12-22 16:12:30,2025-12-22T16:12:30,60.95,2.0,SetByAsk
2025-12-22 16:12:56,2025-12-22T16:12:56,60.95,1.0,SetByAsk
2025-12-22 16:13:25,2025-12-22T16:13:25,60.95,1.0,SetByAsk
2025-12-22 16:13:35,2025-12-22T16:13:35,60.96,1.0,SetByAsk
2025-12-22 16:13:35,2025-12-22T16:13:35,60.96,1.0,SetByAsk
2025-12-22 16:13:35,2025-12-22T16:13:35,60.96,1.0,SetByAsk
2025-12-22 16:13:35,2025-12-22T16:13:35,60.96,1.0,SetByAsk
2025-12-22 16:13:35,2025-12-22T16:13:35,60.96,1.0,SetByAsk
2025-12-22 16:13:35,2025-12-22T16:13:35,60.96,1.0,SetByBid
2025-12-22 16:13:35,2025-12-22T16:13:35,60.96,1.0,SetByAsk
2025-12-22 16:13:50,2025-12-22T16:13:50,60.95,1.0,SetByAsk
2025-12-22 16:13:50,2025-12-22T16:13:50,60.95,1.0,SetByAsk
2025-12-22 16:13:50,2025-12-22T16:13:50,60.95,1.0,SetByAsk
2025-12-22 16:14:08,2025-12-22T16:14:08,60.95,1.0,SetByAsk
2025-12-22 16:14:11,2025-12-22T16:14:11,60.96,1.0,SetByAsk
2025-12-22 16:14:11,2025-12-22T16:14:11,60.96,1.0,SetByAsk
2025-12-22 16:14:11,2025-12-22T16:14:11,60.96,1.0,SetByAsk
2025-12-22 16:14:11,2025-12-22T16:14:11,60.96,1.0,SetByAsk
2025-12-22 16:14:11,2025-12-22T16:14:11,60.96,1.0,SetByAsk
2025-12-22 16:14:11,2025-12-22T16:14:11,60.96,2.0,SetByAsk
2025-12-22 16:14:11,2025-12-22T16:14:11,60.96,1.0,SetByAsk
2025-12-22 16:14:11,2025-12-22T16:14:11,60.96,1.0,SetByAsk
2025-12-22 16:14:14,2025-12-22T16:14:14,60.95,1.0,SetByAsk
2025-12-22 16:14:14,2025-12-22T16:14:14,60.95,2.0,SetByAsk
2025-12-22 16:14:28,2025-12-22T16:14:28,60.95,1.0,SetByAsk
2025-12-22 16:14:28,2025-12-22T16:14:28,60.95,1.0,SetByAsk
2025-12-22 16:14:28,2025-12-22T16:14:28,60.95,1.0,SetByBid
2025-12-22 16:14:40,2025-12-22T16:14:40,60.95,1.0,SetByAsk
2025-12-22 16:14:42,2025-12-22T16:14:42,60.94,1.0,SetByBid
2025-12-22 16:14:42,2025-12-22T16:14:42,60.94,1.0,SetByBid
2025-12-22 16:14:42,2025-12-22T16:14:42,60.95,2.0,SetByBid
2025-12-22 16:14:54,2025-12-22T16:14:54,60.94,1.0,SetByAsk
2025-12-22 16:14:54,2025-12-22T16:14:54,60.94,1.0,SetByAsk
2025-12-22 16:14:54,2025-12-22T16:14:54,60.94,1.0,SetByAsk
2025-12-22 16:14:54,2025-12-22T16:14:54,60.94,1.0,SetByBid
2025-12-22 16:15:03,2025-12-22T16:15:03,60.94,1.0,SetByAsk
2025-12-22 16:15:06,2025-12-22T16:15:06,60.94,1.0,SetByAsk
2025-12-22 16:15:06,2025-12-22T16:15:06,60.94,1.0,SetByAsk
2025-12-22 16:15:06,2025-12-22T16:15:06,60.94,1.0,SetByAsk
2025-12-22 16:15:06,2025-12-22T16:15:06,60.94,2.0,SetByAsk
2025-12-22 16:15:14,2025-12-22T16:15:14,60.93,1.0,SetByBid
2025-12-22 16:15:37,2025-12-22T16:15:37,60.93,1.0,SetByBid
2025-12-22 16:15:57,2025-12-22T16:15:57,60.93,1.0,SetByAsk
2025-12-22 16:15:57,2025-12-22T16:15:57,60.93,1.0,SetByAsk
2025-12-22 16:16:04,2025-12-22T16:16:04,60.93,1.0,SetByBid
2025-12-22 16:16:17,2025-12-22T16:16:17,60.94,1.0,SetByBid
2025-12-22 16:16:17,2025-12-22T16:16:17,60.94,1.0,SetByBid
2025-12-22 16:16:17,2025-12-22T16:16:17,60.94,1.0,SetByBid
2025-12-22 16:16:17,2025-12-22T16:16:17,60.94,1.0,SetByBid
2025-12-22 16:16:17,2025-12-22T16:16:17,60.94,2.0,SetByBid
2025-12-22 16:16:23,2025-12-22T16:16:23,60.94,1.0,SetByBid
2025-12-22 16:16:23,2025-12-22T16:16:23,60.94,1.0,SetByAsk
2025-12-22 16:16:35,2025-12-22T16:16:35,60.95,1.0,SetByBid
2025-12-22 16:16:37,2025-12-22T16:16:37,60.94,1.0,SetByAsk
2025-12-22 16:16:55,2025-12-22T16:16:55,60.95,1.0,SetByBid
2025-12-22 16:17:20,2025-12-22T16:17:20,60.95,1.0,SetByAsk
2025-12-22 16:17:20,2025-12-22T16:17:20,60.95,1.0,SetByAsk
2025-12-22 16:17:20,2025-12-22T16:17:20,60.95,1.0,SetByAsk
2025-12-22 16:17:22,2025-12-22T16:17:22,60.95,1.0,SetByAsk
2025-12-22 16:17:22,2025-12-22T16:17:22,60.95,1.0,SetByAsk
2025-12-22 16:17:23,2025-12-22T16:17:23,60.95,1.0,SetByAsk
2025-12-22 16:17:23,2025-12-22T16:17:23,60.95,1.0,SetByAsk
2025-12-22 16:17:29,2025-12-22T16:17:29,60.95,1.0,SetByBid
2025-12-22 16:17:43,2025-12-22T16:17:43,60.94,1.0,SetByAsk
2025-12-22 16:17:43,2025-12-22T16:17:43,60.94,1.0,SetByAsk
2025-12-22 16:17:45,2025-12-22T16:17:45,60.94,1.0,SetByAsk
2025-12-22 16:17:45,2025-12-22T16:17:45,60.94,1.0,SetByAsk
2025-12-22 16:17:50,2025-12-22T16:17:50,60.94,1.0,SetByAsk
2025-12-22 16:17:50,2025-12-22T16:17:50,60.94,1.0,SetByAsk
2025-12-22 16:17:50,2025-12-22T16:17:50,60.94,1.0,SetByBid
2025-12-22 16:17:50,2025-12-22T16:17:50,60.94,1.0,SetByBid
2025-12-22 16:18:42,2025-12-22T16:18:42,60.97,1.0,SetByAsk
2025-12-22 16:18:42,2025-12-22T16:18:42,60.97,1.0,SetByBid
2025-12-22 16:19:12,2025-12-22T16:19:12,60.96,1.0,SetByAsk
2025-12-22 16:19:16,2025-12-22T16:19:16,60.96,4.0,SetByBid
2025-12-22 16:19:45,2025-12-22T16:19:45,60.95,1.0,SetByBid
2025-12-22 16:19:48,2025-12-22T16:19:48,60.94,1.0,SetByBid
2025-12-22 16:19:55,2025-12-22T16:19:55,60.94,1.0,SetByBid
2025-12-22 16:19:57,2025-12-22T16:19:57,60.93,1.0,SetByAsk
2025-12-22 16:19:57,2025-12-22T16:19:57,60.93,1.0,SetByAsk
2025-12-22 16:19:57,2025-12-22T16:19:57,60.93,1.0,SetByAsk
2025-12-22 16:19:57,2025-12-22T16:19:57,60.93,1.0,SetByAsk
2025-12-22 16:19:57,2025-12-22T16:19:57,60.93,1.0,SetByBid
2025-12-22 16:20:09,2025-12-22T16:20:09,60.94,1.0,SetByBid
2025-12-22 16:20:09,2025-12-22T16:20:09,60.94,1.0,SetByBid
2025-12-22 16:20:09,2025-12-22T16:20:09,60.94,1.0,SetByBid
2025-12-22 16:20:09,2025-12-22T16:20:09,60.94,5.0,SetByBid
2025-12-22 16:20:13,2025-12-22T16:20:13,60.94,1.0,SetByBid
2025-12-22 16:20:27,2025-12-22T16:20:27,60.95,1.0,SetByBid
2025-12-22 16:20:45,2025-12-22T16:20:45,60.99,1.0,SetByBid
2025-12-22 16:22:07,2025-12-22T16:22:07,60.98,1.0,SetByAsk
2025-12-22 16:22:20,2025-12-22T16:22:20,60.97,1.0,SetByAsk
2025-12-22 16:22:20,2025-12-22T16:22:20,60.97,1.0,SetByAsk
2025-12-22 16:22:20,2025-12-22T16:22:20,60.97,1.0,SetByAsk
2025-12-22 16:22:32,2025-12-22T16:22:32,60.98,1.0,SetByBid
2025-12-22 16:22:32,2025-12-22T16:22:32,60.98,1.0,SetByBid
2025-12-22 16:22:41,2025-12-22T16:22:41,60.98,1.0,SetByBid
2025-12-22 16:23:18,2025-12-22T16:23:18,60.97,1.0,SetByAsk
2025-12-22 16:23:31,2025-12-22T16:23:31,60.97,1.0,SetByBid
2025-12-22 16:23:31,2025-12-22T16:23:31,60.97,1.0,SetByBid
2025-12-22 16:23:31,2025-12-22T16:23:31,60.97,1.0,SetByBid
2025-12-22 16:23:31,2025-12-22T16:23:31,60.97,1.0,SetByBid
2025-12-22 16:23:31,2025-12-22T16:23:31,60.97,2.0,SetByBid
2025-12-22 16:23:31,2025-12-22T16:23:31,60.97,1.0,SetByBid
2025-12-22 16:23:31,2025-12-22T16:23:31,60.97,2.0,SetByBid
2025-12-22 16:23:31,2025-12-22T16:23:31,60.97,2.0,SetByBid
2025-12-22 16:23:35,2025-12-22T16:23:35,60.97,1.0,SetByBid
2025-12-22 16:23:49,2025-12-22T16:23:49,60.98,1.0,SetByBid
2025-12-22 16:23:51,2025-12-22T16:23:51,60.98,1.0,SetByBid
2025-12-22 16:24:01,2025-12-22T16:24:01,60.98,1.0,SetByAsk
2025-12-22 16:24:01,2025-12-22T16:24:01,60.98,1.0,SetByAsk
2025-12-22 16:24:02,2025-12-22T16:24:02,60.98,1.0,SetByBid
2025-12-22 16:24:06,2025-12-22T16:24:06,60.98,1.0,SetByAsk
2025-12-22 16:24:50,2025-12-22T16:24:50,60.97,1.0,SetByAsk
2025-12-22 16:24:50,2025-12-22T16:24:50,60.97,1.0,SetByAsk
2025-12-22 16:24:50,2025-12-22T16:24:50,60.97,1.0,SetByBid
2025-12-22 16:24:50,2025-12-22T16:24:50,60.97,1.0,SetByAsk
2025-12-22 16:24:55,2025-12-22T16:24:55,60.96,1.0,SetByBid
2025-12-22 16:25:00,2025-12-22T16:25:00,60.97,1.0,SetByBid
2025-12-22 16:25:00,2025-12-22T16:25:00,60.97,1.0,SetByBid
2025-12-22 16:25:00,2025-12-22T16:25:00,60.97,5.0,SetByBid
2025-12-22 16:25:00,2025-12-22T16:25:00,60.97,2.0,SetByBid
2025-12-22 16:25:19,2025-12-22T16:25:19,60.96,1.0,SetByAsk
2025-12-22 16:25:50,2025-12-22T16:25:50,60.96,1.0,SetByAsk
2025-12-22 16:25:50,2025-12-22T16:25:50,60.96,1.0,SetByAsk
2025-12-22 16:27:17,2025-12-22T16:27:17,60.98,1.0,SetByBid
2025-12-22 16:27:17,2025-12-22T16:27:17,60.98,1.0,SetByBid
2025-12-22 16:27:19,2025-12-22T16:27:19,60.98,1.0,SetByAsk
2025-12-22 16:27:52,2025-12-22T16:27:52,60.98,1.0,SetByBid
2025-12-22 16:27:52,2025-12-22T16:27:52,60.98,1.0,SetByAsk
2025-12-22 16:27:54,2025-12-22T16:27:54,60.98,1.0,SetByAsk
2025-12-22 16:28:00,2025-12-22T16:28:00,60.98,1.0,SetByBid
2025-12-22 16:29:02,2025-12-22T16:29:02,60.99,1.0,SetByBid
2025-12-22 16:29:02,2025-12-22T16:29:02,60.99,1.0,SetByBid
2025-12-22 16:29:02,2025-12-22T16:29:02,60.99,1.0,SetByBid
2025-12-22 16:29:02,2025-12-22T16:29:02,60.99,1.0,SetByBid
2025-12-22 16:29:02,2025-12-22T16:29:02,60.99,1.0,SetByBid
2025-12-22 16:29:02,2025-12-22T16:29:02,60.99,1.0,SetByBid
2025-12-22 16:29:02,2025-12-22T16:29:02,60.99,1.0,SetByBid
2025-12-22 16:29:02,2025-12-22T16:29:02,60.99,1.0,SetByBid
2025-12-22 16:29:02,2025-12-22T16:29:02,60.99,1.0,SetByBid
2025-12-22 16:29:02,2025-12-22T16:29:02,60.99,1.0,SetByBid
2025-12-22 16:29:02,2025-12-22T16:29:02,60.99,1.0,SetByBid
2025-12-22 16:29:02,2025-12-22T16:29:02,60.99,1.0,SetByBid
2025-12-22 16:29:02,2025-12-22T16:29:02,60.99,1.0,SetByBid
2025-12-22 16:29:02,2025-12-22T16:29:02,60.99,1.0,SetByBid
2025-12-22 16:29:02,2025-12-22T16:29:02,60.99,1.0,SetByBid
2025-12-22 16:29:03,2025-12-22T16:29:03,60.99,1.0,SetByBid
2025-12-22 16:29:03,2025-12-22T16:29:03,60.99,1.0,SetByBid
2025-12-22 16:29:03,2025-12-22T16:29:03,60.99,1.0,SetByBid
2025-12-22 16:29:03,2025-12-22T16:29:03,60.99,1.0,SetByBid
2025-12-22 16:29:03,2025-12-22T16:29:03,60.99,1.0,SetByBid
2025-12-22 16:29:03,2025-12-22T16:29:03,60.99,1.0,SetByBid
2025-12-22 16:29:03,2025-12-22T16:29:03,60.98,1.0,SetByAsk
2025-12-22 16:29:03,2025-12-22T16:29:03,60.98,1.0,SetByAsk
2025-12-22 16:29:09,2025-12-22T16:29:09,60.98,1.0,SetByBid
2025-12-22 16:29:09,2025-12-22T16:29:09,60.98,1.0,SetByBid
2025-12-22 16:29:09,2025-12-22T16:29:09,60.98,1.0,SetByBid
2025-12-22 16:29:31,2025-12-22T16:29:31,60.99,1.0,SetByBid
2025-12-22 16:29:56,2025-12-22T16:29:56,60.99,1.0,SetByBid
2025-12-22 16:29:56,2025-12-22T16:29:56,60.99,1.0,SetByBid
2025-12-22 16:29:58,2025-12-22T16:29:58,60.99,1.0,SetByAsk
2025-12-22 16:29:58,2025-12-22T16:29:58,60.99,1.0,SetByBid
2025-12-22 16:30:03,2025-12-22T16:30:03,61.0,1.0,SetByBid
2025-12-22 16:30:03,2025-12-22T16:30:03,61.0,1.0,SetByBid
2025-12-22 16:30:03,2025-12-22T16:30:03,61.0,6.0,SetByBid
2025-12-22 16:30:03,2025-12-22T16:30:03,61.0,1.0,SetByBid
2025-12-22 16:30:03,2025-12-22T16:30:03,61.01,1.0,SetByBid
2025-12-22 16:30:03,2025-12-22T16:30:03,61.01,1.0,SetByAsk
2025-12-22 16:30:03,2025-12-22T16:30:03,61.01,1.0,SetByAsk
2025-12-22 16:30:03,2025-12-22T16:30:03,61.01,1.0,SetByAsk
2025-12-22 16:30:03,2025-12-22T16:30:03,61.01,1.0,SetByBid
2025-12-22 16:30:07,2025-12-22T16:30:07,61.0,1.0,SetByBid
2025-12-22 16:30:10,2025-12-22T16:30:10,61.0,1.0,SetByBid
2025-12-22 16:30:10,2025-12-22T16:30:10,61.0,1.0,SetByBid
2025-12-22 16:30:17,2025-12-22T16:30:17,60.99,1.0,SetByAsk
2025-12-22 16:30:35,2025-12-22T16:30:35,60.99,1.0,SetByBid
2025-12-22 16:30:35,2025-12-22T16:30:35,60.99,1.0,SetByBid
2025-12-22 16:30:35,2025-12-22T16:30:35,60.99,1.0,SetByBid
2025-12-22 16:30:40,2025-12-22T16:30:40,61.0,1.0,SetByBid
2025-12-22 16:30:49,2025-12-22T16:30:49,60.97,1.0,SetByAsk
2025-12-22 16:31:03,2025-12-22T16:31:03,60.98,1.0,SetByBid
2025-12-22 16:31:04,2025-12-22T16:31:04,60.97,1.0,SetByAsk
2025-12-22 16:31:04,2025-12-22T16:31:04,60.97,1.0,SetByAsk
2025-12-22 16:31:12,2025-12-22T16:31:12,60.97,1.0,SetByBid
2025-12-22 16:31:17,2025-12-22T16:31:17,60.97,1.0,SetByAsk
2025-12-22 16:31:17,2025-12-22T16:31:17,60.97,1.0,SetByAsk
2025-12-22 16:31:17,2025-12-22T16:31:17,60.97,1.0,SetByAsk
2025-12-22 16:31:17,2025-12-22T16:31:17,60.97,1.0,SetByBid
2025-12-22 16:31:20,2025-12-22T16:31:20,60.96,1.0,SetByAsk
2025-12-22 16:31:20,2025-12-22T16:31:20,60.96,1.0,SetByAsk
2025-12-22 16:31:20,2025-12-22T16:31:20,60.96,3.0,SetByAsk
2025-12-22 16:31:55,2025-12-22T16:31:55,60.97,1.0,SetByAsk
2025-12-22 16:31:55,2025-12-22T16:31:55,60.97,1.0,SetByAsk
2025-12-22 16:31:55,2025-12-22T16:31:55,60.97,1.0,SetByBid
2025-12-22 16:31:56,2025-12-22T16:31:56,60.97,1.0,SetByBid
2025-12-22 16:31:56,2025-12-22T16:31:56,60.97,1.0,SetByBid
2025-12-22 16:32:00,2025-12-22T16:32:00,60.98,1.0,SetByBid
2025-12-22 16:32:09,2025-12-22T16:32:09,60.98,1.0,SetByBid
2025-12-22 16:32:09,2025-12-22T16:32:09,60.98,2.0,SetByBid
2025-12-22 16:32:09,2025-12-22T16:32:09,60.98,2.0,SetByBid
2025-12-22 16:32:14,2025-12-22T16:32:14,60.98,1.0,SetByAsk
2025-12-22 16:32:28,2025-12-22T16:32:28,60.98,1.0,SetByAsk
2025-12-22 16:32:28,2025-12-22T16:32:28,60.98,1.0,SetByAsk
2025-12-22 16:32:28,2025-12-22T16:32:28,60.98,1.0,SetByAsk
2025-12-22 16:32:28,2025-12-22T16:32:28,60.98,1.0,SetByBid
2025-12-22 16:32:28,2025-12-22T16:32:28,60.98,1.0,SetByBid
2025-12-22 16:32:42,2025-12-22T16:32:42,60.98,1.0,SetByAsk
2025-12-22 16:32:42,2025-12-22T16:32:42,60.99,1.0,SetByBid
2025-12-22 16:33:19,2025-12-22T16:33:19,61.0,10.0,SetByAsk
2025-12-22 16:33:19,2025-12-22T16:33:19,61.0,10.0,SetByAsk
2025-12-22 16:33:19,2025-12-22T16:33:19,61.0,6.0,SetByAsk
2025-12-22 16:33:19,2025-12-22T16:33:19,61.0,1.0,SetByAsk
2025-12-22 16:33:19,2025-12-22T16:33:19,61.0,3.0,SetByAsk
2025-12-22 16:33:20,2025-12-22T16:33:20,61.0,5.0,SetByAsk
2025-12-22 16:33:20,2025-12-22T16:33:20,61.0,1.0,SetByAsk
2025-12-22 16:33:41,2025-12-22T16:33:41,61.01,1.0,SetByBid
2025-12-22 16:33:41,2025-12-22T16:33:41,61.01,1.0,SetByBid
2025-12-22 16:33:55,2025-12-22T16:33:55,61.01,1.0,SetByBid
2025-12-22 16:34:01,2025-12-22T16:34:01,61.01,1.0,SetByBid
2025-12-22 16:34:01,2025-12-22T16:34:01,61.01,1.0,SetByAsk
2025-12-22 16:34:01,2025-12-22T16:34:01,61.01,1.0,SetByAsk
2025-12-22 16:34:01,2025-12-22T16:34:01,61.01,1.0,SetByAsk
2025-12-22 16:34:06,2025-12-22T16:34:06,61.01,1.0,SetByAsk
2025-12-22 16:34:06,2025-12-22T16:34:06,61.01,1.0,SetByAsk
2025-12-22 16:34:06,2025-12-22T16:34:06,61.01,1.0,SetByAsk
2025-12-22 16:34:06,2025-12-22T16:34:06,61.01,7.0,SetByAsk
2025-12-22 16:34:06,2025-12-22T16:34:06,61.01,4.0,SetByAsk
2025-12-22 16:34:09,2025-12-22T16:34:09,61.01,1.0,SetByAsk
2025-12-22 16:34:15,2025-12-22T16:34:15,61.01,7.0,SetByAsk
2025-12-22 16:34:15,2025-12-22T16:34:15,61.01,1.0,SetByAsk
2025-12-22 16:34:15,2025-12-22T16:34:15,61.01,1.0,SetByAsk
2025-12-22 16:34:15,2025-12-22T16:34:15,61.01,4.0,SetByAsk
2025-12-22 16:34:15,2025-12-22T16:34:15,61.01,1.0,SetByAsk
2025-12-22 16:34:15,2025-12-22T16:34:15,61.01,2.0,SetByAsk
2025-12-22 16:34:15,2025-12-22T16:34:15,61.01,1.0,SetByAsk
2025-12-22 16:34:15,2025-12-22T16:34:15,61.01,3.0,SetByAsk
2025-12-22 16:34:15,2025-12-22T16:34:15,61.01,2.0,SetByAsk
2025-12-22 16:34:15,2025-12-22T16:34:15,61.01,2.0,SetByAsk
2025-12-22 16:34:15,2025-12-22T16:34:15,61.01,2.0,SetByAsk
2025-12-22 16:34:15,2025-12-22T16:34:15,61.01,2.0,SetByAsk
2025-12-22 16:34:15,2025-12-22T16:34:15,61.01,4.0,SetByAsk
2025-12-22 16:34:15,2025-12-22T16:34:15,61.01,10.0,SetByAsk
2025-12-22 16:34:15,2025-12-22T16:34:15,61.01,1.0,SetByAsk
2025-12-22 16:34:15,2025-12-22T16:34:15,61.01,1.0,SetByAsk
2025-12-22 16:34:15,2025-12-22T16:34:15,61.01,1.0,SetByAsk
2025-12-22 16:34:15,2025-12-22T16:34:15,61.01,7.0,SetByAsk
2025-12-22 16:34:15,2025-12-22T16:34:15,61.01,1.0,SetByAsk
2025-12-22 16:34:15,2025-12-22T16:34:15,61.01,10.0,SetByAsk
2025-12-22 16:34:15,2025-12-22T16:34:15,61.01,1.0,SetByAsk
2025-12-22 16:34:15,2025-12-22T16:34:15,61.01,1.0,SetByAsk
2025-12-22 16:34:15,2025-12-22T16:34:15,61.01,1.0,SetByAsk
2025-12-22 16:34:16,2025-12-22T16:34:16,61.01,1.0,SetByAsk
2025-12-22 16:34:18,2025-12-22T16:34:18,61.01,1.0,SetByAsk
2025-12-22 16:34:18,2025-12-22T16:34:18,61.01,1.0,SetByAsk
2025-12-22 16:34:18,2025-12-22T16:34:18,61.01,1.0,SetByBid
2025-12-22 16:34:18,2025-12-22T16:34:18,61.01,1.0,SetByBid
2025-12-22 16:34:30,2025-12-22T16:34:30,61.0,1.0,SetByAsk
2025-12-22 16:34:30,2025-12-22T16:34:30,61.0,2.0,SetByAsk
2025-12-22 16:34:30,2025-12-22T16:34:30,61.0,1.0,SetByBid
2025-12-22 16:34:30,2025-12-22T16:34:30,61.0,1.0,SetByBid
2025-12-22 16:34:30,2025-12-22T16:34:30,61.0,1.0,SetByBid
2025-12-22 16:34:35,2025-12-22T16:34:35,61.0,4.0,SetByBid
2025-12-22 16:34:35,2025-12-22T16:34:35,61.0,1.0,SetByBid
2025-12-22 16:34:35,2025-12-22T16:34:35,61.0,1.0,SetByBid
2025-12-22 16:34:42,2025-12-22T16:34:42,61.0,1.0,SetByBid
2025-12-22 16:34:42,2025-12-22T16:34:42,61.0,1.0,SetByBid
2025-12-22 16:34:42,2025-12-22T16:34:42,61.0,1.0,SetByBid
2025-12-22 16:34:57,2025-12-22T16:34:57,61.0,1.0,SetByAsk
2025-12-22 16:34:57,2025-12-22T16:34:57,61.0,1.0,SetByAsk
2025-12-22 16:34:57,2025-12-22T16:34:57,61.0,1.0,SetByBid
2025-12-22 16:34:57,2025-12-22T16:34:57,61.0,1.0,SetByBid
2025-12-22 16:35:13,2025-12-22T16:35:13,60.98,1.0,SetByAsk
2025-12-22 16:35:13,2025-12-22T16:35:13,60.98,1.0,SetByAsk
2025-12-22 16:35:13,2025-12-22T16:35:13,60.98,1.0,SetByAsk
2025-12-22 16:35:13,2025-12-22T16:35:13,60.98,1.0,SetByAsk
2025-12-22 16:35:18,2025-12-22T16:35:18,60.98,1.0,SetByAsk
2025-12-22 16:35:18,2025-12-22T16:35:18,60.98,1.0,SetByAsk
2025-12-22 16:35:18,2025-12-22T16:35:18,60.98,1.0,SetByAsk
2025-12-22 16:35:18,2025-12-22T16:35:18,60.98,2.0,SetByAsk
2025-12-22 16:35:18,2025-12-22T16:35:18,60.98,2.0,SetByAsk
2025-12-22 16:35:18,2025-12-22T16:35:18,60.98,1.0,SetByAsk
2025-12-22 16:35:23,2025-12-22T16:35:23,60.97,1.0,SetByAsk
2025-12-22 16:35:23,2025-12-22T16:35:23,60.97,2.0,SetByAsk
2025-12-22 16:35:23,2025-12-22T16:35:23,60.97,1.0,SetByAsk
2025-12-22 16:35:23,2025-12-22T16:35:23,60.97,2.0,SetByAsk
2025-12-22 16:35:51,2025-12-22T16:35:51,60.95,2.0,SetByAsk
2025-12-22 16:36:26,2025-12-22T16:36:26,60.96,1.0,"SetByAsk, Leg"
2025-12-22 16:36:26,2025-12-22T16:36:26,60.95,1.0,"SetByAsk, Leg"
2025-12-22 16:36:26,2025-12-22T16:36:26,60.95,1.0,SetByAsk
2025-12-22 16:36:26,2025-12-22T16:36:26,60.95,1.0,SetByAsk
2025-12-22 16:36:26,2025-12-22T16:36:26,60.95,1.0,SetByAsk
2025-12-22 16:36:26,2025-12-22T16:36:26,60.95,1.0,SetByAsk
2025-12-22 16:36:26,2025-12-22T16:36:26,60.95,1.0,SetByAsk
2025-12-22 16:36:56,2025-12-22T16:36:56,60.96,1.0,SetByAsk
2025-12-22 16:36:56,2025-12-22T16:36:56,60.96,1.0,SetByAsk
2025-12-22 16:37:12,2025-12-22T16:37:12,60.97,1.0,SetByBid
2025-12-22 16:37:12,2025-12-22T16:37:12,60.97,1.0,SetByBid
2025-12-22 16:37:13,2025-12-22T16:37:13,60.97,1.0,SetByBid
2025-12-22 16:38:04,2025-12-22T16:38:04,60.98,2.0,SetByAsk
2025-12-22 16:38:04,2025-12-22T16:38:04,60.98,1.0,SetByAsk
2025-12-22 16:38:04,2025-12-22T16:38:04,60.98,1.0,SetByAsk
2025-12-22 16:38:44,2025-12-22T16:38:44,60.98,4.0,SetByBid
2025-12-22 16:38:44,2025-12-22T16:38:44,60.98,1.0,SetByBid
2025-12-22 16:38:44,2025-12-22T16:38:44,60.98,3.0,SetByBid
2025-12-22 16:38:44,2025-12-22T16:38:44,60.98,4.0,SetByBid
2025-12-22 16:38:44,2025-12-22T16:38:44,60.98,4.0,SetByBid
2025-12-22 16:38:44,2025-12-22T16:38:44,60.98,4.0,SetByBid
2025-12-22 16:38:58,2025-12-22T16:38:58,61.0,1.0,SetByBid
2025-12-22 16:38:58,2025-12-22T16:38:58,61.0,1.0,SetByBid
2025-12-22 16:39:00,2025-12-22T16:39:00,60.98,1.0,SetByAsk
2025-12-22 16:39:00,2025-12-22T16:39:00,60.98,1.0,SetByAsk
2025-12-22 16:39:00,2025-12-22T16:39:00,60.98,1.0,SetByAsk
2025-12-22 16:39:46,2025-12-22T16:39:46,60.99,1.0,SetByBid
2025-12-22 16:39:46,2025-12-22T16:39:46,60.99,1.0,SetByBid
2025-12-22 16:40:01,2025-12-22T16:40:01,61.01,1.0,SetByBid
2025-12-22 16:40:39,2025-12-22T16:40:39,61.02,1.0,SetByBid
2025-12-22 16:40:39,2025-12-22T16:40:39,61.02,2.0,SetByBid
2025-12-22 16:40:39,2025-12-22T16:40:39,61.02,2.0,SetByBid
2025-12-22 16:40:39,2025-12-22T16:40:39,61.02,1.0,SetByBid
2025-12-22 16:40:39,2025-12-22T16:40:39,61.02,1.0,SetByBid
2025-12-22 16:40:39,2025-12-22T16:40:39,61.02,1.0,SetByBid
2025-12-22 16:40:44,2025-12-22T16:40:44,61.02,1.0,SetByBid
2025-12-22 16:40:44,2025-12-22T16:40:44,61.02,1.0,SetByBid
2025-12-22 16:40:54,2025-12-22T16:40:54,61.01,1.0,SetByBid
2025-12-22 16:40:54,2025-12-22T16:40:54,61.01,1.0,SetByBid
2025-12-22 16:41:21,2025-12-22T16:41:21,61.01,1.0,SetByBid
2025-12-22 16:41:21,2025-12-22T16:41:21,61.01,1.0,SetByBid
2025-12-22 16:41:21,2025-12-22T16:41:21,61.01,1.0,SetByBid
2025-12-22 16:41:21,2025-12-22T16:41:21,61.01,1.0,SetByBid
2025-12-22 16:41:21,2025-12-22T16:41:21,61.01,1.0,SetByBid
2025-12-22 16:41:21,2025-12-22T16:41:21,61.01,1.0,SetByBid
2025-12-22 16:41:21,2025-12-22T16:41:21,61.01,1.0,SetByBid
2025-12-22 16:41:21,2025-12-22T16:41:21,61.01,1.0,SetByBid
2025-12-22 16:41:21,2025-12-22T16:41:21,61.01,1.0,SetByBid
2025-12-22 16:41:21,2025-12-22T16:41:21,61.01,1.0,SetByBid
2025-12-22 16:41:21,2025-12-22T16:41:21,61.01,1.0,SetByBid
2025-12-22 16:41:21,2025-12-22T16:41:21,61.01,1.0,SetByBid
2025-12-22 16:41:31,2025-12-22T16:41:31,61.01,1.0,SetByBid
2025-12-22 16:41:38,2025-12-22T16:41:38,61.01,1.0,SetByBid
2025-12-22 16:41:38,2025-12-22T16:41:38,61.01,1.0,SetByBid
2025-12-22 16:41:38,2025-12-22T16:41:38,61.01,1.0,SetByBid
2025-12-22 16:41:38,2025-12-22T16:41:38,61.01,1.0,SetByBid
2025-12-22 16:41:39,2025-12-22T16:41:39,61.01,1.0,SetByBid
2025-12-22 16:41:39,2025-12-22T16:41:39,61.01,1.0,SetByBid
2025-12-22 16:41:39,2025-12-22T16:41:39,61.01,1.0,SetByBid
2025-12-22 16:41:39,2025-12-22T16:41:39,61.01,1.0,SetByBid
2025-12-22 16:41:39,2025-12-22T16:41:39,61.01,1.0,SetByBid
2025-12-22 16:41:39,2025-12-22T16:41:39,61.01,1.0,SetByBid
2025-12-22 16:42:09,2025-12-22T16:42:09,61.01,1.0,SetByBid
2025-12-22 16:42:09,2025-12-22T16:42:09,61.01,1.0,SetByBid
2025-12-22 16:42:09,2025-12-22T16:42:09,61.01,1.0,SetByBid
2025-12-22 16:42:09,2025-12-22T16:42:09,61.01,1.0,SetByBid
2025-12-22 16:42:09,2025-12-22T16:42:09,61.01,1.0,SetByBid
2025-12-22 16:42:09,2025-12-22T16:42:09,61.01,1.0,SetByBid
2025-12-22 16:42:10,2025-12-22T16:42:10,61.01,1.0,SetByBid
2025-12-22 16:42:10,2025-12-22T16:42:10,61.01,1.0,SetByBid
2025-12-22 16:42:11,2025-12-22T16:42:11,61.01,1.0,SetByBid
2025-12-22 16:42:12,2025-12-22T16:42:12,61.01,1.0,SetByBid
2025-12-22 16:42:12,2025-12-22T16:42:12,61.01,1.0,SetByBid
2025-12-22 16:42:18,2025-12-22T16:42:18,61.01,1.0,SetByBid
2025-12-22 16:42:18,2025-12-22T16:42:18,61.01,1.0,SetByBid
2025-12-22 16:42:18,2025-12-22T16:42:18,61.01,1.0,SetByBid
2025-12-22 16:42:18,2025-12-22T16:42:18,61.01,1.0,SetByBid
2025-12-22 16:42:18,2025-12-22T16:42:18,61.01,1.0,SetByBid
2025-12-22 16:42:18,2025-12-22T16:42:18,61.01,1.0,SetByBid
2025-12-22 16:42:18,2025-12-22T16:42:18,61.01,1.0,SetByBid
2025-12-22 16:42:18,2025-12-22T16:42:18,61.01,1.0,SetByBid
2025-12-22 16:42:18,2025-12-22T16:42:18,61.01,1.0,SetByBid
2025-12-22 16:42:18,2025-12-22T16:42:18,61.01,1.0,SetByBid
2025-12-22 16:42:18,2025-12-22T16:42:18,61.01,1.0,SetByBid
2025-12-22 16:42:18,2025-12-22T16:42:18,61.01,1.0,SetByBid
2025-12-22 16:42:18,2025-12-22T16:42:18,61.01,1.0,SetByBid
2025-12-22 16:42:18,2025-12-22T16:42:18,61.01,1.0,SetByBid
2025-12-22 16:42:18,2025-12-22T16:42:18,61.01,1.0,SetByBid
2025-12-22 16:42:18,2025-12-22T16:42:18,61.01,1.0,SetByBid
2025-12-22 16:42:18,2025-12-22T16:42:18,61.01,1.0,SetByBid
2025-12-22 16:42:18,2025-12-22T16:42:18,61.01,1.0,SetByBid
2025-12-22 16:42:18,2025-12-22T16:42:18,61.01,1.0,SetByBid
2025-12-22 16:42:18,2025-12-22T16:42:18,61.01,1.0,SetByBid
2025-12-22 16:42:18,2025-12-22T16:42:18,61.02,1.0,SetByBid
2025-12-22 16:42:18,2025-12-22T16:42:18,61.02,1.0,SetByBid
2025-12-22 16:42:29,2025-12-22T16:42:29,61.03,1.0,SetByBid
2025-12-22 16:42:29,2025-12-22T16:42:29,61.03,1.0,SetByBid
2025-12-22 16:42:38,2025-12-22T16:42:38,61.02,1.0,SetByAsk
2025-12-22 16:42:49,2025-12-22T16:42:49,61.02,1.0,SetByAsk
2025-12-22 16:42:49,2025-12-22T16:42:49,61.02,1.0,SetByAsk
2025-12-22 16:42:49,2025-12-22T16:42:49,61.02,1.0,SetByAsk
2025-12-22 16:42:49,2025-12-22T16:42:49,61.02,1.0,SetByBid
2025-12-22 16:43:22,2025-12-22T16:43:22,61.02,1.0,SetByAsk
2025-12-22 16:43:44,2025-12-22T16:43:44,61.02,1.0,SetByAsk
2025-12-22 16:43:49,2025-12-22T16:43:49,61.01,1.0,SetByAsk
2025-12-22 16:43:49,2025-12-22T16:43:49,61.01,1.0,SetByAsk
2025-12-22 16:43:49,2025-12-22T16:43:49,61.01,1.0,SetByAsk
2025-12-22 16:44:15,2025-12-22T16:44:15,61.02,1.0,SetByBid
2025-12-22 16:44:15,2025-12-22T16:44:15,61.02,1.0,SetByBid
2025-12-22 16:44:27,2025-12-22T16:44:27,61.01,1.0,SetByAsk
2025-12-22 16:44:27,2025-12-22T16:44:27,61.01,1.0,SetByAsk
2025-12-22 16:44:27,2025-12-22T16:44:27,61.01,1.0,SetByBid
2025-12-22 16:44:27,2025-12-22T16:44:27,61.01,1.0,SetByBid
2025-12-22 16:44:31,2025-12-22T16:44:31,61.01,1.0,SetByBid
2025-12-22 16:44:57,2025-12-22T16:44:57,61.01,1.0,SetByAsk
2025-12-22 16:45:11,2025-12-22T16:45:11,61.01,1.0,SetByAsk
2025-12-22 16:46:00,2025-12-22T16:46:00,61.03,1.0,SetByBid
2025-12-22 16:46:00,2025-12-22T16:46:00,61.03,1.0,SetByBid
2025-12-22 16:46:13,2025-12-22T16:46:13,61.02,1.0,SetByAsk
2025-12-22 16:46:13,2025-12-22T16:46:13,61.02,1.0,SetByAsk
2025-12-22 16:46:13,2025-12-22T16:46:13,61.02,1.0,SetByAsk
2025-12-22 16:46:13,2025-12-22T16:46:13,61.02,1.0,SetByBid
2025-12-22 16:47:00,2025-12-22T16:47:00,61.02,1.0,SetByAsk
2025-12-22 16:47:04,2025-12-22T16:47:04,61.02,1.0,SetByAsk
2025-12-22 16:47:04,2025-12-22T16:47:04,61.02,1.0,SetByAsk
2025-12-22 16:47:04,2025-12-22T16:47:04,61.02,2.0,SetByAsk
2025-12-22 16:47:31,2025-12-22T16:47:31,61.03,1.0,SetByAsk
2025-12-22 16:47:31,2025-12-22T16:47:31,61.03,1.0,SetByAsk
2025-12-22 16:47:31,2025-12-22T16:47:31,61.03,1.0,SetByAsk
2025-12-22 16:47:36,2025-12-22T16:47:36,61.03,1.0,SetByBid
2025-12-22 16:47:36,2025-12-22T16:47:36,61.03,1.0,SetByBid
2025-12-22 16:47:36,2025-12-22T16:47:36,61.03,1.0,SetByBid
2025-12-22 16:47:36,2025-12-22T16:47:36,61.03,1.0,SetByBid
2025-12-22 16:47:37,2025-12-22T16:47:37,61.03,1.0,SetByBid
2025-12-22 16:47:38,2025-12-22T16:47:38,61.03,1.0,SetByBid
2025-12-22 16:47:38,2025-12-22T16:47:38,61.03,1.0,SetByBid
2025-12-22 16:47:38,2025-12-22T16:47:38,61.03,1.0,SetByBid
2025-12-22 16:47:38,2025-12-22T16:47:38,61.03,1.0,SetByBid
2025-12-22 16:47:46,2025-12-22T16:47:46,61.04,1.0,SetByBid
2025-12-22 16:47:46,2025-12-22T16:47:46,61.04,1.0,SetByBid
2025-12-22 16:48:11,2025-12-22T16:48:11,61.03,1.0,"SetByAsk, Leg"
2025-12-22 16:48:11,2025-12-22T16:48:11,61.02,1.0,"SetByAsk, Leg"
2025-12-22 16:48:11,2025-12-22T16:48:11,61.03,2.0,"SetByAsk, Leg"
2025-12-22 16:48:11,2025-12-22T16:48:11,61.02,2.0,"SetByAsk, Leg"
2025-12-22 16:48:11,2025-12-22T16:48:11,61.02,1.0,SetByAsk
2025-12-22 16:48:11,2025-12-22T16:48:11,61.02,1.0,SetByAsk
2025-12-22 16:48:11,2025-12-22T16:48:11,61.02,1.0,SetByAsk
2025-12-22 16:48:53,2025-12-22T16:48:53,61.02,1.0,SetByAsk
2025-12-22 16:48:53,2025-12-22T16:48:53,61.02,1.0,SetByAsk
2025-12-22 16:48:53,2025-12-22T16:48:53,61.02,1.0,SetByAsk
2025-12-22 16:48:53,2025-12-22T16:48:53,61.02,1.0,SetByAsk
2025-12-22 16:48:53,2025-12-22T16:48:53,61.02,1.0,SetByAsk
2025-12-22 16:48:53,2025-12-22T16:48:53,61.02,2.0,SetByAsk
2025-12-22 16:48:53,2025-12-22T16:48:53,61.02,1.0,SetByAsk
2025-12-22 16:48:53,2025-12-22T16:48:53,61.02,1.0,SetByAsk
2025-12-22 16:49:04,2025-12-22T16:49:04,61.02,3.0,SetByAsk
2025-12-22 16:49:04,2025-12-22T16:49:04,61.02,1.0,SetByAsk
2025-12-22 16:49:13,2025-12-22T16:49:13,61.02,1.0,SetByBid
2025-12-22 16:49:13,2025-12-22T16:49:13,61.02,1.0,SetByBid
2025-12-22 16:49:13,2025-12-22T16:49:13,61.02,1.0,SetByBid
2025-12-22 16:49:13,2025-12-22T16:49:13,61.02,2.0,SetByBid
2025-12-22 16:49:13,2025-12-22T16:49:13,61.02,1.0,SetByBid
2025-12-22 16:49:23,2025-12-22T16:49:23,61.01,1.0,SetByAsk
2025-12-22 16:49:23,2025-12-22T16:49:23,61.01,1.0,SetByAsk
2025-12-22 16:49:23,2025-12-22T16:49:23,61.01,2.0,SetByAsk
2025-12-22 16:49:47,2025-12-22T16:49:47,61.01,1.0,SetByAsk
2025-12-22 16:50:14,2025-12-22T16:50:14,61.02,1.0,SetByBid
2025-12-22 16:50:14,2025-12-22T16:50:14,61.02,1.0,SetByBid
2025-12-22 16:50:19,2025-12-22T16:50:19,61.02,1.0,SetByAsk
2025-12-22 16:50:19,2025-12-22T16:50:19,61.02,1.0,SetByAsk
2025-12-22 16:50:19,2025-12-22T16:50:19,61.02,1.0,SetByAsk
2025-12-22 16:50:19,2025-12-22T16:50:19,61.02,1.0,SetByAsk
2025-12-22 16:50:50,2025-12-22T16:50:50,61.01,1.0,SetByAsk
2025-12-22 16:50:50,2025-12-22T16:50:50,61.01,3.0,SetByAsk
2025-12-22 16:50:50,2025-12-22T16:50:50,61.01,1.0,SetByAsk
2025-12-22 16:50:53,2025-12-22T16:50:53,61.01,1.0,SetByAsk
2025-12-22 16:50:53,2025-12-22T16:50:53,61.01,1.0,SetByAsk
2025-12-22 16:50:53,2025-12-22T16:50:53,61.01,1.0,SetByAsk
2025-12-22 16:50:53,2025-12-22T16:50:53,61.01,1.0,SetByAsk
2025-12-22 16:50:53,2025-12-22T16:50:53,61.01,1.0,SetByAsk
2025-12-22 16:50:53,2025-12-22T16:50:53,61.01,1.0,SetByBid
2025-12-22 16:50:53,2025-12-22T16:50:53,61.01,1.0,SetByBid
2025-12-22 16:50:58,2025-12-22T16:50:58,61.0,3.0,SetByAsk
2025-12-22 16:50:58,2025-12-22T16:50:58,61.0,1.0,SetByAsk
2025-12-22 16:50:58,2025-12-22T16:50:58,61.0,1.0,SetByAsk
2025-12-22 16:50:58,2025-12-22T16:50:58,61.0,1.0,SetByAsk
2025-12-22 16:51:05,2025-12-22T16:51:05,61.0,1.0,SetByBid
2025-12-22 16:51:05,2025-12-22T16:51:05,61.0,2.0,SetByBid
2025-12-22 16:51:09,2025-12-22T16:51:09,61.01,1.0,SetByBid
2025-12-22 16:51:17,2025-12-22T16:51:17,61.03,1.0,SetByBid
2025-12-22 16:51:17,2025-12-22T16:51:17,61.03,1.0,SetByBid
2025-12-22 16:51:43,2025-12-22T16:51:43,61.01,1.0,SetByAsk
2025-12-22 16:51:43,2025-12-22T16:51:43,61.01,1.0,SetByAsk
2025-12-22 16:51:43,2025-12-22T16:51:43,61.01,1.0,SetByAsk
2025-12-22 16:51:43,2025-12-22T16:51:43,61.01,1.0,SetByAsk
2025-12-22 16:51:43,2025-12-22T16:51:43,61.01,1.0,SetByAsk
2025-12-22 16:51:43,2025-12-22T16:51:43,61.01,1.0,SetByBid
2025-12-22 16:51:43,2025-12-22T16:51:43,61.01,1.0,SetByBid
2025-12-22 16:52:07,2025-12-22T16:52:07,61.0,1.0,SetByAsk
2025-12-22 16:52:07,2025-12-22T16:52:07,61.0,1.0,SetByAsk
2025-12-22 16:52:07,2025-12-22T16:52:07,61.0,1.0,SetByAsk
2025-12-22 16:52:24,2025-12-22T16:52:24,61.01,2.0,SetByBid
2025-12-22 16:52:24,2025-12-22T16:52:24,61.02,1.0,SetByBid
2025-12-22 16:52:24,2025-12-22T16:52:24,61.02,1.0,SetByBid
2025-12-22 16:52:24,2025-12-22T16:52:24,61.02,1.0,SetByBid
2025-12-22 16:52:24,2025-12-22T16:52:24,61.02,1.0,SetByBid
2025-12-22 16:52:24,2025-12-22T16:52:24,61.02,1.0,SetByBid
2025-12-22 16:52:24,2025-12-22T16:52:24,61.02,2.0,SetByBid
2025-12-22 16:52:24,2025-12-22T16:52:24,61.02,3.0,SetByBid
2025-12-22 16:52:25,2025-12-22T16:52:25,61.02,1.0,SetByBid
2025-12-22 16:52:25,2025-12-22T16:52:25,61.02,1.0,SetByBid
2025-12-22 16:52:25,2025-12-22T16:52:25,61.02,1.0,SetByBid
2025-12-22 16:52:25,2025-12-22T16:52:25,61.02,1.0,SetByBid
2025-12-22 16:52:25,2025-12-22T16:52:25,61.02,1.0,SetByBid
2025-12-22 16:52:25,2025-12-22T16:52:25,61.02,1.0,SetByBid
2025-12-22 16:52:25,2025-12-22T16:52:25,61.02,1.0,SetByBid
2025-12-22 16:52:25,2025-12-22T16:52:25,61.02,1.0,SetByBid
2025-12-22 16:52:25,2025-12-22T16:52:25,61.02,1.0,SetByBid
2025-12-22 16:52:25,2025-12-22T16:52:25,61.02,1.0,SetByBid
2025-12-22 16:52:25,2025-12-22T16:52:25,61.02,1.0,SetByBid
2025-12-22 16:52:25,2025-12-22T16:52:25,61.02,1.0,SetByBid
2025-12-22 16:52:25,2025-12-22T16:52:25,61.02,1.0,SetByBid
2025-12-22 16:52:25,2025-12-22T16:52:25,61.02,2.0,SetByBid
2025-12-22 16:52:25,2025-12-22T16:52:25,61.02,1.0,SetByBid
2025-12-22 16:52:25,2025-12-22T16:52:25,61.02,2.0,SetByBid
2025-12-22 16:52:29,2025-12-22T16:52:29,61.02,2.0,SetByBid
2025-12-22 16:52:29,2025-12-22T16:52:29,61.02,1.0,SetByBid
2025-12-22 16:52:33,2025-12-22T16:52:33,61.02,1.0,SetByBid
2025-12-22 16:52:33,2025-12-22T16:52:33,61.02,1.0,SetByBid
2025-12-22 16:52:33,2025-12-22T16:52:33,61.02,1.0,SetByBid
2025-12-22 16:52:56,2025-12-22T16:52:56,61.03,1.0,SetByBid
2025-12-22 16:52:56,2025-12-22T16:52:56,61.03,2.0,SetByBid
2025-12-22 16:52:56,2025-12-22T16:52:56,61.04,1.0,SetByBid
2025-12-22 16:52:56,2025-12-22T16:52:56,61.04,1.0,SetByBid
2025-12-22 16:52:56,2025-12-22T16:52:56,61.04,1.0,SetByBid
2025-12-22 16:52:56,2025-12-22T16:52:56,61.04,1.0,SetByBid
2025-12-22 16:52:56,2025-12-22T16:52:56,61.04,1.0,SetByBid
2025-12-22 16:53:03,2025-12-22T16:53:03,61.03,2.0,SetByBid
2025-12-22 16:53:57,2025-12-22T16:53:57,61.03,1.0,SetByAsk
2025-12-22 16:53:57,2025-12-22T16:53:57,61.03,1.0,SetByAsk
2025-12-22 16:53:57,2025-12-22T16:53:57,61.03,1.0,SetByAsk
2025-12-22 16:54:23,2025-12-22T16:54:23,61.02,1.0,SetByBid
2025-12-22 16:54:23,2025-12-22T16:54:23,61.02,1.0,SetByBid
2025-12-22 16:54:23,2025-12-22T16:54:23,61.02,1.0,SetByBid
2025-12-22 16:54:23,2025-12-22T16:54:23,61.02,1.0,SetByBid
2025-12-22 16:54:23,2025-12-22T16:54:23,61.02,1.0,SetByBid
2025-12-22 16:54:48,2025-12-22T16:54:48,61.03,1.0,SetByBid
2025-12-22 16:54:48,2025-12-22T16:54:48,61.03,1.0,SetByBid
2025-12-22 16:54:53,2025-12-22T16:54:53,61.02,1.0,SetByAsk
2025-12-22 16:54:53,2025-12-22T16:54:53,61.02,1.0,SetByAsk
2025-12-22 16:55:07,2025-12-22T16:55:07,61.03,1.0,SetByBid
2025-12-22 16:55:07,2025-12-22T16:55:07,61.03,1.0,SetByBid
2025-12-22 16:55:07,2025-12-22T16:55:07,61.03,1.0,SetByBid
2025-12-22 16:55:14,2025-12-22T16:55:14,61.02,1.0,SetByAsk
2025-12-22 16:55:20,2025-12-22T16:55:20,61.02,1.0,SetByAsk
2025-12-22 16:55:39,2025-12-22T16:55:39,61.02,1.0,SetByAsk
2025-12-22 16:55:39,2025-12-22T16:55:39,61.02,1.0,SetByAsk
2025-12-22 16:55:39,2025-12-22T16:55:39,61.02,1.0,SetByBid
2025-12-22 16:55:45,2025-12-22T16:55:45,61.01,1.0,SetByAsk
2025-12-22 16:55:45,2025-12-22T16:55:45,61.01,2.0,SetByAsk
2025-12-22 16:55:45,2025-12-22T16:55:45,61.01,1.0,SetByAsk
2025-12-22 16:55:45,2025-12-22T16:55:45,61.01,1.0,SetByBid
2025-12-22 16:55:45,2025-12-22T16:55:45,61.01,1.0,SetByBid
2025-12-22 16:56:13,2025-12-22T16:56:13,61.02,1.0,SetByBid
2025-12-22 16:56:13,2025-12-22T16:56:13,61.02,1.0,SetByBid
2025-12-22 16:56:14,2025-12-22T16:56:14,61.02,1.0,SetByBid
2025-12-22 16:56:34,2025-12-22T16:56:34,61.03,1.0,SetByBid
2025-12-22 16:56:34,2025-12-22T16:56:34,61.03,1.0,SetByBid
2025-12-22 16:56:59,2025-12-22T16:56:59,61.02,1.0,SetByAsk
2025-12-22 16:57:02,2025-12-22T16:57:02,61.02,1.0,SetByAsk
2025-12-22 16:57:02,2025-12-22T16:57:02,61.02,1.0,SetByAsk
2025-12-22 16:57:02,2025-12-22T16:57:02,61.02,1.0,SetByAsk
2025-12-22 16:57:02,2025-12-22T16:57:02,61.02,1.0,SetByAsk
2025-12-22 16:57:02,2025-12-22T16:57:02,61.02,1.0,SetByAsk
2025-12-22 16:57:02,2025-12-22T16:57:02,61.02,1.0,SetByAsk
2025-12-22 16:57:24,2025-12-22T16:57:24,61.01,1.0,SetByAsk
2025-12-22 16:57:24,2025-12-22T16:57:24,61.01,1.0,SetByAsk
2025-12-22 16:57:24,2025-12-22T16:57:24,61.01,1.0,SetByAsk
2025-12-22 16:57:24,2025-12-22T16:57:24,61.01,1.0,SetByAsk
2025-12-22 16:57:24,2025-12-22T16:57:24,61.01,1.0,SetByAsk
2025-12-22 16:57:54,2025-12-22T16:57:54,61.01,1.0,SetByAsk
2025-12-22 16:57:54,2025-12-22T16:57:54,61.01,1.0,SetByAsk
2025-12-22 16:57:54,2025-12-22T16:57:54,61.01,1.0,SetByAsk
2025-12-22 16:57:54,2025-12-22T16:57:54,61.01,1.0,SetByAsk
2025-12-22 16:58:12,2025-12-22T16:58:12,61.02,1.0,SetByBid
2025-12-22 16:58:20,2025-12-22T16:58:20,61.04,1.0,SetByBid
2025-12-22 16:58:20,2025-12-22T16:58:20,61.04,1.0,SetByBid
2025-12-22 16:58:24,2025-12-22T16:58:24,61.03,1.0,SetByBid
2025-12-22 16:58:24,2025-12-22T16:58:24,61.03,1.0,SetByBid
2025-12-22 16:58:24,2025-12-22T16:58:24,61.03,1.0,SetByBid
2025-12-22 16:58:24,2025-12-22T16:58:24,61.03,1.0,SetByBid
2025-12-22 16:58:35,2025-12-22T16:58:35,61.02,1.0,SetByAsk
2025-12-22 16:58:35,2025-12-22T16:58:35,61.02,1.0,SetByAsk
2025-12-22 16:58:35,2025-12-22T16:58:35,61.02,1.0,SetByAsk
2025-12-22 16:58:40,2025-12-22T16:58:40,61.0,1.0,SetByAsk
2025-12-22 16:58:40,2025-12-22T16:58:40,61.0,1.0,SetByAsk
2025-12-22 16:59:00,2025-12-22T16:59:00,61.01,1.0,SetByBid
2025-12-22 16:59:00,2025-12-22T16:59:00,61.01,1.0,SetByBid
2025-12-22 16:59:00,2025-12-22T16:59:00,61.01,1.0,SetByBid
2025-12-22 16:59:00,2025-12-22T16:59:00,61.01,1.0,SetByBid
2025-12-22 16:59:00,2025-12-22T16:59:00,61.01,1.0,SetByBid
2025-12-22 16:59:00,2025-12-22T16:59:00,61.01,1.0,SetByBid
2025-12-22 16:59:00,2025-12-22T16:59:00,61.01,1.0,SetByBid
2025-12-22 16:59:00,2025-12-22T16:59:00,61.0,1.0,SetByAsk
2025-12-22 16:59:36,2025-12-22T16:59:36,61.0,1.0,SetByAsk
2025-12-22 16:59:55,2025-12-22T16:59:55,61.01,1.0,SetByBid
2025-12-22 16:59:55,2025-12-22T16:59:55,61.01,1.0,SetByBid
2025-12-22 17:00:00,2025-12-22T17:00:00,61.02,1.0,SetByBid
2025-12-22 17:00:00,2025-12-22T17:00:00,61.01,1.0,SetByBid
2025-12-22 17:00:00,2025-12-22T17:00:00,60.99,1.0,SetByAsk
2025-12-22 17:00:00,2025-12-22T17:00:00,60.99,1.0,SetByAsk
2025-12-22 17:00:00,2025-12-22T17:00:00,60.99,1.0,SetByAsk
2025-12-22 17:00:00,2025-12-22T17:00:00,60.99,1.0,SetByAsk
2025-12-22 17:00:00,2025-12-22T17:00:00,60.99,1.0,SetByBid
2025-12-22 17:00:01,2025-12-22T17:00:01,61.0,1.0,SetByBid
2025-12-22 17:00:01,2025-12-22T17:00:01,61.0,1.0,SetByBid
2025-12-22 17:00:01,2025-12-22T17:00:01,60.99,1.0,SetByAsk
2025-12-22 17:00:01,2025-12-22T17:00:01,61.0,1.0,SetByBid
2025-12-22 17:00:01,2025-12-22T17:00:01,61.0,1.0,SetByBid
2025-12-22 17:00:01,2025-12-22T17:00:01,61.0,1.0,SetByBid
2025-12-22 17:00:01,2025-12-22T17:00:01,61.0,1.0,SetByBid
2025-12-22 17:00:01,2025-12-22T17:00:01,61.0,1.0,SetByBid
2025-12-22 17:00:01,2025-12-22T17:00:01,61.0,1.0,SetByBid
2025-12-22 17:00:01,2025-12-22T17:00:01,61.0,1.0,SetByBid
2025-12-22 17:00:01,2025-12-22T17:00:01,61.0,1.0,SetByBid
2025-12-22 17:00:01,2025-12-22T17:00:01,61.0,1.0,SetByBid
2025-12-22 17:00:01,2025-12-22T17:00:01,61.0,1.0,SetByBid
2025-12-22 17:00:01,2025-12-22T17:00:01,61.0,1.0,SetByBid
2025-12-22 17:00:01,2025-12-22T17:00:01,61.0,1.0,SetByBid
2025-12-22 17:00:01,2025-12-22T17:00:01,61.0,2.0,SetByBid
2025-12-22 17:00:01,2025-12-22T17:00:01,61.0,1.0,SetByBid
2025-12-22 17:00:01,2025-12-22T17:00:01,61.0,2.0,SetByAsk
2025-12-22 17:00:01,2025-12-22T17:00:01,61.0,1.0,SetByBid
2025-12-22 17:00:01,2025-12-22T17:00:01,61.0,1.0,SetByBid
2025-12-22 17:00:02,2025-12-22T17:00:02,61.0,1.0,SetByBid
2025-12-22 17:00:02,2025-12-22T17:00:02,61.0,1.0,SetByBid
2025-12-22 17:00:02,2025-12-22T17:00:02,61.0,1.0,SetByBid
2025-12-22 17:00:02,2025-12-22T17:00:02,61.0,3.0,SetByBid
2025-12-22 17:00:02,2025-12-22T17:00:02,61.0,1.0,SetByAsk
2025-12-22 17:00:02,2025-12-22T17:00:02,61.0,1.0,SetByBid
2025-12-22 17:00:02,2025-12-22T17:00:02,61.0,1.0,SetByBid
2025-12-22 17:00:02,2025-12-22T17:00:02,61.0,1.0,SetByBid
2025-12-22 17:00:02,2025-12-22T17:00:02,61.0,1.0,SetByBid
2025-12-22 17:00:02,2025-12-22T17:00:02,61.0,1.0,SetByBid
2025-12-22 17:00:02,2025-12-22T17:00:02,61.01,1.0,SetByBid
2025-12-22 17:00:02,2025-12-22T17:00:02,61.01,1.0,SetByBid
2025-12-22 17:00:02,2025-12-22T17:00:02,61.01,1.0,SetByBid
2025-12-22 17:00:03,2025-12-22T17:00:03,60.99,1.0,SetByAsk
2025-12-22 17:00:05,2025-12-22T17:00:05,60.99,1.0,SetByAsk
2025-12-22 17:00:06,2025-12-22T17:00:06,60.99,1.0,SetByAsk
2025-12-22 17:00:08,2025-12-22T17:00:08,61.0,3.0,SetByBid
2025-12-22 17:00:10,2025-12-22T17:00:10,61.0,1.0,SetByAsk
2025-12-22 17:00:11,2025-12-22T17:00:11,61.01,1.0,SetByBid
2025-12-22 17:00:14,2025-12-22T17:00:14,61.01,3.0,SetByBid
2025-12-22 17:00:44,2025-12-22T17:00:44,61.02,1.0,SetByAsk
2025-12-22 17:00:44,2025-12-22T17:00:44,61.02,1.0,SetByAsk
2025-12-22 17:00:58,2025-12-22T17:00:58,61.04,1.0,SetByBid
2025-12-22 17:00:58,2025-12-22T17:00:58,61.04,1.0,SetByBid
2025-12-22 17:00:58,2025-12-22T17:00:58,61.04,1.0,SetByBid
2025-12-22 17:00:58,2025-12-22T17:00:58,61.04,1.0,SetByBid
2025-12-22 17:00:58,2025-12-22T17:00:58,61.04,1.0,SetByBid
2025-12-22 17:00:59,2025-12-22T17:00:59,61.04,1.0,SetByBid
2025-12-22 17:00:59,2025-12-22T17:00:59,61.04,1.0,SetByBid
2025-12-22 17:00:59,2025-12-22T17:00:59,61.04,3.0,SetByBid
2025-12-22 17:00:59,2025-12-22T17:00:59,61.04,1.0,SetByBid
2025-12-22 17:00:59,2025-12-22T17:00:59,61.04,1.0,SetByBid
2025-12-22 17:00:59,2025-12-22T17:00:59,61.04,1.0,"SetByBid, Leg"
2025-12-22 17:00:59,2025-12-22T17:00:59,61.05,1.0,"SetByBid, Leg"
2025-12-22 17:00:59,2025-12-22T17:00:59,61.05,1.0,SetByBid
2025-12-22 17:01:01,2025-12-22T17:01:01,61.05,1.0,SetByBid
2025-12-22 17:01:01,2025-12-22T17:01:01,61.05,1.0,SetByBid
2025-12-22 17:01:01,2025-12-22T17:01:01,61.05,1.0,SetByBid
2025-12-22 17:01:01,2025-12-22T17:01:01,61.05,1.0,SetByBid
2025-12-22 17:01:02,2025-12-22T17:01:02,61.05,1.0,SetByBid
2025-12-22 17:01:02,2025-12-22T17:01:02,61.05,1.0,SetByBid
2025-12-22 17:01:02,2025-12-22T17:01:02,61.05,1.0,SetByBid
2025-12-22 17:01:02,2025-12-22T17:01:02,61.05,1.0,SetByBid
2025-12-22 17:01:02,2025-12-22T17:01:02,61.05,1.0,SetByBid
2025-12-22 17:01:03,2025-12-22T17:01:03,61.05,1.0,SetByBid
2025-12-22 17:01:07,2025-12-22T17:01:07,61.03,1.0,SetByAsk
2025-12-22 17:01:07,2025-12-22T17:01:07,61.03,1.0,SetByAsk
2025-12-22 17:01:07,2025-12-22T17:01:07,61.03,1.0,SetByAsk
2025-12-22 17:01:07,2025-12-22T17:01:07,61.03,1.0,SetByAsk
2025-12-22 17:01:07,2025-12-22T17:01:07,61.03,1.0,SetByAsk
2025-12-22 17:01:10,2025-12-22T17:01:10,61.03,1.0,SetByBid
2025-12-22 17:01:10,2025-12-22T17:01:10,61.03,1.0,SetByBid
2025-12-22 17:01:15,2025-12-22T17:01:15,61.02,1.0,SetByAsk
2025-12-22 17:01:15,2025-12-22T17:01:15,61.02,1.0,SetByAsk
2025-12-22 17:01:15,2025-12-22T17:01:15,61.02,1.0,SetByAsk
2025-12-22 17:01:15,2025-12-22T17:01:15,61.02,1.0,SetByAsk
2025-12-22 17:01:17,2025-12-22T17:01:17,61.02,1.0,SetByBid
2025-12-22 17:01:17,2025-12-22T17:01:17,61.02,3.0,SetByBid
2025-12-22 17:01:17,2025-12-22T17:01:17,61.02,5.0,SetByBid
2025-12-22 17:01:17,2025-12-22T17:01:17,61.02,2.0,SetByBid
2025-12-22 17:01:39,2025-12-22T17:01:39,61.01,1.0,SetByAsk
2025-12-22 17:01:39,2025-12-22T17:01:39,61.01,1.0,SetByAsk
2025-12-22 17:01:39,2025-12-22T17:01:39,61.01,1.0,SetByAsk
2025-12-22 17:01:39,2025-12-22T17:01:39,61.01,1.0,SetByAsk
2025-12-22 17:01:47,2025-12-22T17:01:47,61.01,1.0,SetByAsk
2025-12-22 17:01:47,2025-12-22T17:01:47,61.01,1.0,SetByAsk
2025-12-22 17:01:53,2025-12-22T17:01:53,61.01,1.0,SetByAsk
2025-12-22 17:02:01,2025-12-22T17:02:01,61.01,1.0,SetByBid
2025-12-22 17:02:01,2025-12-22T17:02:01,61.01,2.0,SetByBid
2025-12-22 17:02:03,2025-12-22T17:02:03,61.02,1.0,SetByBid
2025-12-22 17:02:03,2025-12-22T17:02:03,61.02,1.0,SetByBid
2025-12-22 17:02:10,2025-12-22T17:02:10,61.01,1.0,SetByAsk
2025-12-22 17:02:16,2025-12-22T17:02:16,61.01,1.0,SetByAsk
2025-12-22 17:02:17,2025-12-22T17:02:17,61.01,1.0,SetByBid
2025-12-22 17:02:21,2025-12-22T17:02:21,61.01,1.0,SetByAsk
2025-12-22 17:02:21,2025-12-22T17:02:21,61.01,1.0,SetByAsk
2025-12-22 17:02:21,2025-12-22T17:02:21,61.01,1.0,SetByAsk
2025-12-22 17:02:23,2025-12-22T17:02:23,61.01,1.0,SetByAsk
2025-12-22 17:02:23,2025-12-22T17:02:23,61.01,1.0,SetByAsk
2025-12-22 17:02:30,2025-12-22T17:02:30,61.03,1.0,SetByBid
2025-12-22 17:02:30,2025-12-22T17:02:30,61.03,1.0,SetByBid
2025-12-22 17:02:30,2025-12-22T17:02:30,61.03,1.0,SetByBid
2025-12-22 17:02:30,2025-12-22T17:02:30,61.03,1.0,SetByBid
2025-12-22 17:02:30,2025-12-22T17:02:30,61.03,1.0,SetByBid
2025-12-22 17:02:30,2025-12-22T17:02:30,61.03,1.0,SetByBid
2025-12-22 17:02:30,2025-12-22T17:02:30,61.03,1.0,SetByBid
2025-12-22 17:02:30,2025-12-22T17:02:30,61.03,1.0,SetByBid
2025-12-22 17:02:30,2025-12-22T17:02:30,61.03,2.0,SetByBid
2025-12-22 17:02:31,2025-12-22T17:02:31,61.03,1.0,SetByBid
2025-12-22 17:02:31,2025-12-22T17:02:31,61.03,1.0,SetByBid
2025-12-22 17:02:31,2025-12-22T17:02:31,61.03,1.0,SetByBid
2025-12-22 17:02:31,2025-12-22T17:02:31,61.03,1.0,SetByBid
2025-12-22 17:02:31,2025-12-22T17:02:31,61.03,1.0,SetByBid
2025-12-22 17:02:31,2025-12-22T17:02:31,61.03,1.0,SetByBid
2025-12-22 17:02:32,2025-12-22T17:02:32,61.03,1.0,SetByBid
2025-12-22 17:02:32,2025-12-22T17:02:32,61.03,1.0,SetByBid
2025-12-22 17:02:32,2025-12-22T17:02:32,61.03,1.0,SetByBid
2025-12-22 17:02:32,2025-12-22T17:02:32,61.03,1.0,SetByBid
2025-12-22 17:02:32,2025-12-22T17:02:32,61.03,1.0,SetByBid
2025-12-22 17:02:33,2025-12-22T17:02:33,61.03,1.0,SetByBid
2025-12-22 17:02:33,2025-12-22T17:02:33,61.03,1.0,SetByBid
2025-12-22 17:02:33,2025-12-22T17:02:33,61.03,1.0,SetByBid
2025-12-22 17:02:34,2025-12-22T17:02:34,61.02,1.0,SetByBid
2025-12-22 17:02:52,2025-12-22T17:02:52,61.01,1.0,SetByBid
2025-12-22 17:02:52,2025-12-22T17:02:52,61.01,1.0,SetByBid
2025-12-22 17:02:52,2025-12-22T17:02:52,61.01,1.0,SetByBid
2025-12-22 17:02:52,2025-12-22T17:02:52,61.01,1.0,SetByBid
2025-12-22 17:02:52,2025-12-22T17:02:52,61.01,1.0,SetByBid
2025-12-22 17:03:23,2025-12-22T17:03:23,61.03,1.0,SetByAsk
2025-12-22 17:03:23,2025-12-22T17:03:23,61.03,1.0,SetByAsk
2025-12-22 17:03:23,2025-12-22T17:03:23,61.03,1.0,SetByAsk
2025-12-22 17:03:39,2025-12-22T17:03:39,61.02,1.0,SetByAsk
2025-12-22 17:03:39,2025-12-22T17:03:39,61.02,1.0,SetByAsk
2025-12-22 17:04:04,2025-12-22T17:04:04,61.04,1.0,SetByBid
2025-12-22 17:04:04,2025-12-22T17:04:04,61.04,1.0,SetByBid
2025-12-22 17:04:04,2025-12-22T17:04:04,61.04,1.0,SetByBid
2025-12-22 17:04:15,2025-12-22T17:04:15,61.03,1.0,SetByAsk
2025-12-22 17:04:15,2025-12-22T17:04:15,61.03,1.0,SetByAsk
2025-12-22 17:04:15,2025-12-22T17:04:15,61.03,1.0,SetByAsk
2025-12-22 17:04:15,2025-12-22T17:04:15,61.03,1.0,SetByBid
2025-12-22 17:04:15,2025-12-22T17:04:15,61.03,1.0,SetByBid
2025-12-22 17:04:16,2025-12-22T17:04:16,61.02,1.0,SetByAsk
2025-12-22 17:04:16,2025-12-22T17:04:16,61.02,1.0,SetByAsk
2025-12-22 17:04:16,2025-12-22T17:04:16,61.02,1.0,SetByAsk
2025-12-22 17:04:16,2025-12-22T17:04:16,61.02,1.0,SetByAsk
2025-12-22 17:04:16,2025-12-22T17:04:16,61.02,1.0,SetByAsk
2025-12-22 17:04:16,2025-12-22T17:04:16,61.02,1.0,SetByAsk
2025-12-22 17:04:16,2025-12-22T17:04:16,61.03,1.0,SetByBid
2025-12-22 17:04:46,2025-12-22T17:04:46,61.03,1.0,SetByAsk
2025-12-22 17:04:46,2025-12-22T17:04:46,61.03,1.0,SetByAsk
2025-12-22 17:04:46,2025-12-22T17:04:46,61.03,1.0,SetByAsk
2025-12-22 17:04:46,2025-12-22T17:04:46,61.03,1.0,SetByAsk
2025-12-22 17:04:46,2025-12-22T17:04:46,61.03,1.0,SetByAsk
2025-12-22 17:04:46,2025-12-22T17:04:46,61.03,1.0,SetByAsk
2025-12-22 17:04:46,2025-12-22T17:04:46,61.03,1.0,SetByAsk
2025-12-22 17:04:47,2025-12-22T17:04:47,61.04,1.0,SetByBid
2025-12-22 17:04:47,2025-12-22T17:04:47,61.04,1.0,SetByBid
2025-12-22 17:04:47,2025-12-22T17:04:47,61.04,1.0,SetByBid
2025-12-22 17:04:47,2025-12-22T17:04:47,61.04,1.0,SetByBid
2025-12-22 17:04:47,2025-12-22T17:04:47,61.04,1.0,SetByBid
2025-12-22 17:04:47,2025-12-22T17:04:47,61.04,1.0,SetByBid
2025-12-22 17:04:47,2025-12-22T17:04:47,61.04,1.0,SetByBid
2025-12-22 17:04:47,2025-12-22T17:04:47,61.04,1.0,SetByBid
2025-12-22 17:04:47,2025-12-22T17:04:47,61.04,1.0,SetByBid
2025-12-22 17:04:47,2025-12-22T17:04:47,61.04,1.0,SetByBid
2025-12-22 17:04:47,2025-12-22T17:04:47,61.04,2.0,SetByBid
2025-12-22 17:04:47,2025-12-22T17:04:47,61.04,1.0,SetByBid
2025-12-22 17:05:13,2025-12-22T17:05:13,61.03,1.0,SetByAsk
2025-12-22 17:05:13,2025-12-22T17:05:13,61.03,1.0,SetByAsk
2025-12-22 17:05:18,2025-12-22T17:05:18,61.03,1.0,SetByAsk
2025-12-22 17:05:33,2025-12-22T17:05:33,61.02,1.0,SetByAsk
2025-12-22 17:05:35,2025-12-22T17:05:35,61.03,1.0,SetByBid
2025-12-22 17:05:35,2025-12-22T17:05:35,61.03,1.0,SetByBid
2025-12-22 17:05:35,2025-12-22T17:05:35,61.03,1.0,SetByBid
2025-12-22 17:05:35,2025-12-22T17:05:35,61.03,1.0,SetByBid
2025-12-22 17:05:35,2025-12-22T17:05:35,61.03,1.0,SetByBid
2025-12-22 17:06:06,2025-12-22T17:06:06,61.04,1.0,SetByBid
2025-12-22 17:06:06,2025-12-22T17:06:06,61.04,1.0,SetByBid
2025-12-22 17:06:06,2025-12-22T17:06:06,61.04,1.0,SetByBid
2025-12-22 17:06:06,2025-12-22T17:06:06,61.04,1.0,SetByBid
2025-12-22 17:06:06,2025-12-22T17:06:06,61.04,1.0,SetByBid
2025-12-22 17:06:06,2025-12-22T17:06:06,61.04,1.0,SetByBid
2025-12-22 17:06:06,2025-12-22T17:06:06,61.04,1.0,SetByBid
2025-12-22 17:06:06,2025-12-22T17:06:06,61.04,1.0,SetByBid
2025-12-22 17:06:06,2025-12-22T17:06:06,61.04,2.0,SetByBid
2025-12-22 17:06:07,2025-12-22T17:06:07,61.04,2.0,SetByBid
2025-12-22 17:06:07,2025-12-22T17:06:07,61.04,1.0,SetByBid
2025-12-22 17:06:07,2025-12-22T17:06:07,61.04,1.0,SetByBid
2025-12-22 17:06:10,2025-12-22T17:06:10,61.04,1.0,SetByBid
2025-12-22 17:06:10,2025-12-22T17:06:10,61.04,2.0,SetByBid
2025-12-22 17:06:10,2025-12-22T17:06:10,61.04,1.0,SetByBid
2025-12-22 17:06:10,2025-12-22T17:06:10,61.04,1.0,SetByBid
2025-12-22 17:06:10,2025-12-22T17:06:10,61.04,2.0,SetByBid
2025-12-22 17:06:15,2025-12-22T17:06:15,61.04,2.0,SetByBid
2025-12-22 17:06:15,2025-12-22T17:06:15,61.04,1.0,SetByBid
2025-12-22 17:06:19,2025-12-22T17:06:19,61.04,1.0,SetByBid
2025-12-22 17:06:19,2025-12-22T17:06:19,61.04,1.0,SetByBid
2025-12-22 17:06:19,2025-12-22T17:06:19,61.04,1.0,SetByBid
2025-12-22 17:06:19,2025-12-22T17:06:19,61.04,1.0,SetByBid
2025-12-22 17:06:19,2025-12-22T17:06:19,61.04,1.0,SetByBid
2025-12-22 17:06:21,2025-12-22T17:06:21,61.04,3.0,SetByBid
2025-12-22 17:06:21,2025-12-22T17:06:21,61.04,1.0,SetByBid
2025-12-22 17:06:22,2025-12-22T17:06:22,61.04,1.0,SetByBid
2025-12-22 17:06:22,2025-12-22T17:06:22,61.04,2.0,SetByBid
2025-12-22 17:06:23,2025-12-22T17:06:23,61.04,1.0,SetByAsk
2025-12-22 17:06:23,2025-12-22T17:06:23,61.05,1.0,SetByBid
2025-12-22 17:06:32,2025-12-22T17:06:32,61.05,2.0,SetByBid
2025-12-22 17:06:32,2025-12-22T17:06:32,61.05,3.0,SetByBid
2025-12-22 17:06:32,2025-12-22T17:06:32,61.05,5.0,SetByBid
2025-12-22 17:06:33,2025-12-22T17:06:33,61.05,2.0,SetByBid
2025-12-22 17:06:33,2025-12-22T17:06:33,61.05,1.0,SetByBid
2025-12-22 17:06:33,2025-12-22T17:06:33,61.05,1.0,SetByBid
2025-12-22 17:06:33,2025-12-22T17:06:33,61.05,3.0,SetByBid
2025-12-22 17:06:33,2025-12-22T17:06:33,61.05,1.0,SetByBid
2025-12-22 17:06:33,2025-12-22T17:06:33,61.05,2.0,SetByBid
2025-12-22 17:06:36,2025-12-22T17:06:36,61.05,1.0,SetByBid
2025-12-22 17:06:55,2025-12-22T17:06:55,61.05,2.0,SetByBid
2025-12-22 17:06:55,2025-12-22T17:06:55,61.05,1.0,SetByBid
2025-12-22 17:06:55,2025-12-22T17:06:55,61.05,1.0,SetByBid
2025-12-22 17:06:55,2025-12-22T17:06:55,61.05,1.0,SetByBid
2025-12-22 17:07:03,2025-12-22T17:07:03,61.04,1.0,SetByBid
2025-12-22 17:07:03,2025-12-22T17:07:03,61.04,1.0,SetByBid
2025-12-22 17:07:58,2025-12-22T17:07:58,61.05,1.0,SetByBid
2025-12-22 17:07:58,2025-12-22T17:07:58,61.05,1.0,SetByBid
2025-12-22 17:07:58,2025-12-22T17:07:58,61.05,1.0,SetByBid
2025-12-22 17:07:58,2025-12-22T17:07:58,61.05,1.0,SetByBid
2025-12-22 17:07:58,2025-12-22T17:07:58,61.05,1.0,SetByBid
2025-12-22 17:07:58,2025-12-22T17:07:58,61.05,1.0,SetByBid
2025-12-22 17:07:58,2025-12-22T17:07:58,61.05,1.0,SetByBid
2025-12-22 17:07:58,2025-12-22T17:07:58,61.05,1.0,SetByBid
2025-12-22 17:07:58,2025-12-22T17:07:58,61.05,1.0,SetByBid
2025-12-22 17:08:01,2025-12-22T17:08:01,61.05,1.0,SetByBid
2025-12-22 17:08:01,2025-12-22T17:08:01,61.05,1.0,SetByAsk
2025-12-22 17:08:01,2025-12-22T17:08:01,61.05,1.0,SetByAsk
2025-12-22 17:08:04,2025-12-22T17:08:04,61.05,2.0,SetByAsk
2025-12-22 17:08:04,2025-12-22T17:08:04,61.05,1.0,SetByAsk
2025-12-22 17:08:10,2025-12-22T17:08:10,61.05,1.0,SetByAsk
2025-12-22 17:08:10,2025-12-22T17:08:10,61.05,1.0,SetByAsk
2025-12-22 17:08:10,2025-12-22T17:08:10,61.05,1.0,SetByAsk
2025-12-22 17:08:10,2025-12-22T17:08:10,61.05,1.0,SetByAsk
2025-12-22 17:08:17,2025-12-22T17:08:17,61.05,1.0,SetByAsk
2025-12-22 17:08:17,2025-12-22T17:08:17,61.05,1.0,SetByAsk
2025-12-22 17:08:17,2025-12-22T17:08:17,61.05,1.0,SetByAsk
2025-12-22 17:08:17,2025-12-22T17:08:17,61.05,1.0,SetByAsk
2025-12-22 17:08:17,2025-12-22T17:08:17,61.05,1.0,SetByAsk
2025-12-22 17:08:18,2025-12-22T17:08:18,61.06,1.0,SetByBid
2025-12-22 17:08:18,2025-12-22T17:08:18,61.06,1.0,SetByBid
2025-12-22 17:08:42,2025-12-22T17:08:42,61.06,1.0,SetByBid
2025-12-22 17:08:42,2025-12-22T17:08:42,61.06,1.0,SetByBid
2025-12-22 17:08:42,2025-12-22T17:08:42,61.06,1.0,SetByBid
2025-12-22 17:08:42,2025-12-22T17:08:42,61.06,1.0,SetByBid
2025-12-22 17:08:42,2025-12-22T17:08:42,61.06,1.0,SetByBid
2025-12-22 17:08:42,2025-12-22T17:08:42,61.06,1.0,SetByBid
2025-12-22 17:08:43,2025-12-22T17:08:43,61.06,1.0,SetByAsk
2025-12-22 17:08:43,2025-12-22T17:08:43,61.06,1.0,SetByAsk
2025-12-22 17:08:43,2025-12-22T17:08:43,61.06,1.0,SetByAsk
2025-12-22 17:08:43,2025-12-22T17:08:43,61.06,1.0,SetByAsk
2025-12-22 17:08:43,2025-12-22T17:08:43,61.06,1.0,SetByAsk
2025-12-22 17:08:43,2025-12-22T17:08:43,61.06,1.0,SetByAsk
2025-12-22 17:08:44,2025-12-22T17:08:44,61.06,1.0,SetByAsk
2025-12-22 17:08:44,2025-12-22T17:08:44,61.06,1.0,SetByAsk
2025-12-22 17:08:44,2025-12-22T17:08:44,61.06,1.0,SetByAsk
2025-12-22 17:08:44,2025-12-22T17:08:44,61.06,1.0,SetByAsk
2025-12-22 17:08:51,2025-12-22T17:08:51,61.05,2.0,SetByAsk
2025-12-22 17:08:51,2025-12-22T17:08:51,61.05,1.0,SetByAsk
2025-12-22 17:09:18,2025-12-22T17:09:18,61.07,1.0,SetByBid
2025-12-22 17:09:18,2025-12-22T17:09:18,61.07,1.0,SetByBid
2025-12-22 17:09:19,2025-12-22T17:09:19,61.07,1.0,SetByBid
2025-12-22 17:09:19,2025-12-22T17:09:19,61.07,1.0,SetByBid
2025-12-22 17:09:19,2025-12-22T17:09:19,61.07,1.0,SetByBid
2025-12-22 17:09:19,2025-12-22T17:09:19,61.07,1.0,SetByBid
2025-12-22 17:09:20,2025-12-22T17:09:20,61.06,1.0,SetByAsk
2025-12-22 17:09:20,2025-12-22T17:09:20,61.06,1.0,SetByAsk
2025-12-22 17:09:35,2025-12-22T17:09:35,61.06,1.0,SetByBid
2025-12-22 17:09:35,2025-12-22T17:09:35,61.06,1.0,SetByBid
2025-12-22 17:09:37,2025-12-22T17:09:37,61.06,1.0,SetByBid
2025-12-22 17:09:40,2025-12-22T17:09:40,61.06,1.0,SetByBid
2025-12-22 17:09:41,2025-12-22T17:09:41,61.06,1.0,SetByBid
2025-12-22 17:09:43,2025-12-22T17:09:43,61.06,1.0,SetByBid
2025-12-22 17:09:43,2025-12-22T17:09:43,61.06,1.0,SetByBid
2025-12-22 17:09:43,2025-12-22T17:09:43,61.06,1.0,SetByBid
2025-12-22 17:09:43,2025-12-22T17:09:43,61.06,1.0,SetByBid
2025-12-22 17:09:43,2025-12-22T17:09:43,61.07,1.0,SetByBid
2025-12-22 17:09:52,2025-12-22T17:09:52,61.06,1.0,SetByBid
2025-12-22 17:09:52,2025-12-22T17:09:52,61.06,5.0,SetByBid
2025-12-22 17:09:52,2025-12-22T17:09:52,61.06,1.0,SetByBid
2025-12-22 17:09:52,2025-12-22T17:09:52,61.06,2.0,SetByBid
2025-12-22 17:09:52,2025-12-22T17:09:52,61.06,1.0,SetByBid
2025-12-22 17:09:53,2025-12-22T17:09:53,61.06,1.0,SetByBid
2025-12-22 17:09:54,2025-12-22T17:09:54,61.06,1.0,SetByBid
2025-12-22 17:09:55,2025-12-22T17:09:55,61.06,1.0,SetByBid
2025-12-22 17:09:55,2025-12-22T17:09:55,61.06,1.0,SetByBid
2025-12-22 17:09:56,2025-12-22T17:09:56,61.06,1.0,SetByBid
2025-12-22 17:09:58,2025-12-22T17:09:58,61.06,1.0,SetByBid
2025-12-22 17:09:59,2025-12-22T17:09:59,61.06,1.0,SetByBid
2025-12-22 17:10:00,2025-12-22T17:10:00,61.06,1.0,SetByBid
2025-12-22 17:10:01,2025-12-22T17:10:01,61.06,1.0,SetByBid
2025-12-22 17:10:01,2025-12-22T17:10:01,61.06,1.0,SetByBid
2025-12-22 17:10:02,2025-12-22T17:10:02,61.06,1.0,SetByBid
2025-12-22 17:10:02,2025-12-22T17:10:02,61.06,1.0,SetByBid
2025-12-22 17:10:02,2025-12-22T17:10:02,61.06,1.0,SetByBid
2025-12-22 17:10:02,2025-12-22T17:10:02,61.07,1.0,SetByBid
2025-12-22 17:10:02,2025-12-22T17:10:02,61.07,1.0,SetByBid
2025-12-22 17:10:02,2025-12-22T17:10:02,61.07,1.0,SetByBid
2025-12-22 17:10:02,2025-12-22T17:10:02,61.07,1.0,SetByBid
2025-12-22 17:10:02,2025-12-22T17:10:02,61.07,1.0,SetByBid
2025-12-22 17:10:03,2025-12-22T17:10:03,61.07,1.0,SetByBid
2025-12-22 17:10:03,2025-12-22T17:10:03,61.07,1.0,SetByBid
2025-12-22 17:10:03,2025-12-22T17:10:03,61.07,1.0,SetByBid
2025-12-22 17:10:03,2025-12-22T17:10:03,61.07,1.0,SetByBid
2025-12-22 17:10:03,2025-12-22T17:10:03,61.07,2.0,SetByBid
2025-12-22 17:10:03,2025-12-22T17:10:03,61.07,2.0,SetByBid
2025-12-22 17:10:03,2025-12-22T17:10:03,61.07,2.0,SetByBid
2025-12-22 17:10:03,2025-12-22T17:10:03,61.06,1.0,SetByBid
2025-12-22 17:10:03,2025-12-22T17:10:03,61.06,1.0,SetByBid
2025-12-22 17:10:03,2025-12-22T17:10:03,61.07,1.0,SetByBid
2025-12-22 17:10:03,2025-12-22T17:10:03,61.07,1.0,SetByBid
2025-12-22 17:10:03,2025-12-22T17:10:03,61.07,1.0,SetByBid
2025-12-22 17:10:03,2025-12-22T17:10:03,61.07,1.0,SetByBid
2025-12-22 17:10:03,2025-12-22T17:10:03,61.07,3.0,SetByBid
2025-12-22 17:10:03,2025-12-22T17:10:03,61.07,1.0,SetByBid
2025-12-22 17:10:04,2025-12-22T17:10:04,61.07,1.0,SetByBid
2025-12-22 17:10:04,2025-12-22T17:10:04,61.07,1.0,SetByBid
2025-12-22 17:10:06,2025-12-22T17:10:06,61.07,1.0,SetByBid
2025-12-22 17:10:06,2025-12-22T17:10:06,61.07,1.0,SetByBid
2025-12-22 17:10:06,2025-12-22T17:10:06,61.07,1.0,SetByBid
2025-12-22 17:10:06,2025-12-22T17:10:06,61.07,2.0,SetByBid
2025-12-22 17:10:06,2025-12-22T17:10:06,61.07,2.0,SetByBid
2025-12-22 17:10:06,2025-12-22T17:10:06,61.07,1.0,SetByBid
2025-12-22 17:10:06,2025-12-22T17:10:06,61.07,1.0,SetByBid
2025-12-22 17:10:06,2025-12-22T17:10:06,61.07,1.0,SetByBid
2025-12-22 17:10:10,2025-12-22T17:10:10,61.07,1.0,SetByBid
2025-12-22 17:10:10,2025-12-22T17:10:10,61.07,1.0,SetByBid
2025-12-22 17:10:10,2025-12-22T17:10:10,61.07,1.0,SetByBid
2025-12-22 17:10:10,2025-12-22T17:10:10,61.07,2.0,SetByBid
2025-12-22 17:10:10,2025-12-22T17:10:10,61.07,2.0,SetByBid
2025-12-22 17:10:10,2025-12-22T17:10:10,61.07,2.0,SetByBid
2025-12-22 17:10:10,2025-12-22T17:10:10,61.07,1.0,SetByBid
2025-12-22 17:10:11,2025-12-22T17:10:11,61.07,1.0,SetByBid
2025-12-22 17:10:11,2025-12-22T17:10:11,61.07,2.0,SetByBid
2025-12-22 17:10:11,2025-12-22T17:10:11,61.07,2.0,SetByBid
2025-12-22 17:10:11,2025-12-22T17:10:11,61.07,2.0,SetByBid
2025-12-22 17:10:11,2025-12-22T17:10:11,61.07,2.0,SetByBid
2025-12-22 17:10:11,2025-12-22T17:10:11,61.07,1.0,SetByBid
2025-12-22 17:10:11,2025-12-22T17:10:11,61.07,1.0,SetByBid
2025-12-22 17:10:11,2025-12-22T17:10:11,61.07,2.0,SetByBid
2025-12-22 17:10:11,2025-12-22T17:10:11,61.07,1.0,SetByBid
2025-12-22 17:10:12,2025-12-22T17:10:12,61.07,1.0,SetByBid
2025-12-22 17:10:12,2025-12-22T17:10:12,61.07,2.0,SetByBid
2025-12-22 17:10:12,2025-12-22T17:10:12,61.07,2.0,SetByBid
2025-12-22 17:10:12,2025-12-22T17:10:12,61.07,1.0,SetByBid
2025-12-22 17:10:12,2025-12-22T17:10:12,61.07,1.0,SetByBid
2025-12-22 17:10:12,2025-12-22T17:10:12,61.07,2.0,SetByBid
2025-12-22 17:10:12,2025-12-22T17:10:12,61.07,1.0,SetByBid
2025-12-22 17:10:13,2025-12-22T17:10:13,61.07,1.0,SetByBid
2025-12-22 17:10:13,2025-12-22T17:10:13,61.07,2.0,SetByBid
2025-12-22 17:10:13,2025-12-22T17:10:13,61.07,2.0,SetByBid
2025-12-22 17:10:13,2025-12-22T17:10:13,61.07,1.0,SetByBid
2025-12-22 17:10:13,2025-12-22T17:10:13,61.07,1.0,SetByBid
2025-12-22 17:10:13,2025-12-22T17:10:13,61.07,2.0,SetByBid
2025-12-22 17:10:13,2025-12-22T17:10:13,61.07,1.0,SetByBid
2025-12-22 17:10:14,2025-12-22T17:10:14,61.07,1.0,SetByBid
2025-12-22 17:10:14,2025-12-22T17:10:14,61.07,2.0,SetByBid
2025-12-22 17:10:14,2025-12-22T17:10:14,61.07,2.0,SetByBid
2025-12-22 17:10:14,2025-12-22T17:10:14,61.07,1.0,SetByBid
2025-12-22 17:10:14,2025-12-22T17:10:14,61.07,1.0,SetByBid
2025-12-22 17:10:14,2025-12-22T17:10:14,61.07,1.0,SetByBid
2025-12-22 17:10:15,2025-12-22T17:10:15,61.07,1.0,SetByBid
2025-12-22 17:10:15,2025-12-22T17:10:15,61.07,2.0,SetByBid
2025-12-22 17:10:15,2025-12-22T17:10:15,61.07,2.0,SetByBid
2025-12-22 17:10:15,2025-12-22T17:10:15,61.07,1.0,SetByBid
2025-12-22 17:10:20,2025-12-22T17:10:20,61.06,1.0,SetByAsk
2025-12-22 17:10:21,2025-12-22T17:10:21,61.07,1.0,SetByBid
2025-12-22 17:10:21,2025-12-22T17:10:21,61.07,5.0,SetByBid
2025-12-22 17:10:21,2025-12-22T17:10:21,61.07,1.0,SetByBid
2025-12-22 17:10:21,2025-12-22T17:10:21,61.07,1.0,SetByBid
2025-12-22 17:10:21,2025-12-22T17:10:21,61.07,1.0,SetByBid
2025-12-22 17:10:28,2025-12-22T17:10:28,61.07,1.0,SetByBid
2025-12-22 17:10:28,2025-12-22T17:10:28,61.07,1.0,SetByBid
2025-12-22 17:10:28,2025-12-22T17:10:28,61.07,1.0,SetByBid
2025-12-22 17:10:28,2025-12-22T17:10:28,61.07,1.0,SetByBid
2025-12-22 17:10:28,2025-12-22T17:10:28,61.07,1.0,SetByBid
2025-12-22 17:10:28,2025-12-22T17:10:28,61.07,2.0,SetByBid
2025-12-22 17:10:28,2025-12-22T17:10:28,61.07,1.0,SetByBid
2025-12-22 17:10:28,2025-12-22T17:10:28,61.07,1.0,SetByBid
2025-12-22 17:10:28,2025-12-22T17:10:28,61.07,2.0,SetByBid
2025-12-22 17:10:28,2025-12-22T17:10:28,61.07,2.0,SetByBid
2025-12-22 17:10:29,2025-12-22T17:10:29,61.07,1.0,SetByBid
2025-12-22 17:10:29,2025-12-22T17:10:29,61.07,1.0,SetByBid
2025-12-22 17:10:29,2025-12-22T17:10:29,61.07,1.0,SetByBid
2025-12-22 17:10:29,2025-12-22T17:10:29,61.07,1.0,SetByBid
2025-12-22 17:10:29,2025-12-22T17:10:29,61.07,2.0,SetByBid
2025-12-22 17:10:29,2025-12-22T17:10:29,61.07,2.0,SetByBid
2025-12-22 17:10:29,2025-12-22T17:10:29,61.07,1.0,SetByBid
2025-12-22 17:10:29,2025-12-22T17:10:29,61.07,1.0,SetByBid
2025-12-22 17:10:29,2025-12-22T17:10:29,61.07,1.0,SetByBid
2025-12-22 17:10:29,2025-12-22T17:10:29,61.07,1.0,SetByBid
2025-12-22 17:10:29,2025-12-22T17:10:29,61.07,1.0,SetByBid
2025-12-22 17:10:29,2025-12-22T17:10:29,61.07,1.0,SetByBid
2025-12-22 17:10:29,2025-12-22T17:10:29,61.07,1.0,SetByBid
2025-12-22 17:10:29,2025-12-22T17:10:29,61.07,1.0,SetByBid
2025-12-22 17:10:29,2025-12-22T17:10:29,61.07,1.0,SetByBid
2025-12-22 17:10:29,2025-12-22T17:10:29,61.07,1.0,SetByBid
2025-12-22 17:10:29,2025-12-22T17:10:29,61.07,1.0,SetByBid
2025-12-22 17:10:29,2025-12-22T17:10:29,61.07,1.0,SetByBid
2025-12-22 17:10:29,2025-12-22T17:10:29,61.07,1.0,SetByBid
2025-12-22 17:10:29,2025-12-22T17:10:29,61.07,1.0,SetByBid
2025-12-22 17:10:29,2025-12-22T17:10:29,61.07,1.0,SetByBid
2025-12-22 17:10:29,2025-12-22T17:10:29,61.07,1.0,SetByBid
2025-12-22 17:10:29,2025-12-22T17:10:29,61.07,1.0,SetByBid
2025-12-22 17:10:29,2025-12-22T17:10:29,61.07,1.0,SetByBid
2025-12-22 17:10:29,2025-12-22T17:10:29,61.07,1.0,SetByBid
2025-12-22 17:10:29,2025-12-22T17:10:29,61.07,1.0,SetByBid
2025-12-22 17:10:29,2025-12-22T17:10:29,61.07,1.0,SetByBid
2025-12-22 17:10:29,2025-12-22T17:10:29,61.07,1.0,SetByBid
2025-12-22 17:10:29,2025-12-22T17:10:29,61.07,5.0,SetByBid
2025-12-22 17:10:29,2025-12-22T17:10:29,61.07,3.0,SetByBid
2025-12-22 17:10:29,2025-12-22T17:10:29,61.07,1.0,SetByBid
2025-12-22 17:10:29,2025-12-22T17:10:29,61.07,1.0,SetByBid
2025-12-22 17:10:29,2025-12-22T17:10:29,61.07,1.0,SetByBid
2025-12-22 17:10:29,2025-12-22T17:10:29,61.07,1.0,SetByBid
2025-12-22 17:10:29,2025-12-22T17:10:29,61.07,1.0,SetByBid
2025-12-22 17:10:29,2025-12-22T17:10:29,61.07,1.0,SetByBid
2025-12-22 17:10:29,2025-12-22T17:10:29,61.08,1.0,SetByBid
2025-12-22 17:10:29,2025-12-22T17:10:29,61.08,1.0,SetByBid
2025-12-22 17:10:29,2025-12-22T17:10:29,61.08,4.0,SetByBid
2025-12-22 17:10:29,2025-12-22T17:10:29,61.08,1.0,SetByBid
2025-12-22 17:10:29,2025-12-22T17:10:29,61.09,1.0,SetByBid
2025-12-22 17:10:29,2025-12-22T17:10:29,61.09,1.0,SetByBid
2025-12-22 17:10:30,2025-12-22T17:10:30,61.08,1.0,SetByBid
2025-12-22 17:10:30,2025-12-22T17:10:30,61.09,1.0,SetByBid
2025-12-22 17:10:30,2025-12-22T17:10:30,61.09,1.0,SetByBid
2025-12-22 17:10:30,2025-12-22T17:10:30,61.09,1.0,SetByBid
2025-12-22 17:10:30,2025-12-22T17:10:30,61.09,1.0,SetByBid
2025-12-22 17:10:30,2025-12-22T17:10:30,61.09,1.0,SetByBid
2025-12-22 17:10:30,2025-12-22T17:10:30,61.09,1.0,SetByBid
2025-12-22 17:10:30,2025-12-22T17:10:30,61.08,1.0,SetByAsk
2025-12-22 17:10:32,2025-12-22T17:10:32,61.08,1.0,SetByBid
2025-12-22 17:10:32,2025-12-22T17:10:32,61.08,1.0,SetByBid
2025-12-22 17:10:32,2025-12-22T17:10:32,61.08,1.0,SetByBid
2025-12-22 17:10:32,2025-12-22T17:10:32,61.08,1.0,SetByBid
2025-12-22 17:10:32,2025-12-22T17:10:32,61.08,2.0,SetByBid
2025-12-22 17:10:32,2025-12-22T17:10:32,61.08,1.0,SetByBid
2025-12-22 17:10:32,2025-12-22T17:10:32,61.08,1.0,SetByBid
2025-12-22 17:10:32,2025-12-22T17:10:32,61.08,1.0,SetByBid
2025-12-22 17:10:32,2025-12-22T17:10:32,61.08,1.0,SetByBid
2025-12-22 17:10:33,2025-12-22T17:10:33,61.08,1.0,SetByBid
2025-12-22 17:10:33,2025-12-22T17:10:33,61.08,3.0,SetByBid
2025-12-22 17:10:33,2025-12-22T17:10:33,61.08,1.0,SetByBid
2025-12-22 17:10:33,2025-12-22T17:10:33,61.08,1.0,SetByBid
2025-12-22 17:10:34,2025-12-22T17:10:34,61.08,1.0,SetByBid
2025-12-22 17:10:34,2025-12-22T17:10:34,61.08,1.0,SetByBid
2025-12-22 17:10:34,2025-12-22T17:10:34,61.08,1.0,SetByBid
2025-12-22 17:10:34,2025-12-22T17:10:34,61.08,1.0,SetByBid
2025-12-22 17:10:34,2025-12-22T17:10:34,61.08,1.0,SetByBid
2025-12-22 17:10:34,2025-12-22T17:10:34,61.09,1.0,SetByBid
2025-12-22 17:10:34,2025-12-22T17:10:34,61.09,1.0,SetByBid
2025-12-22 17:10:34,2025-12-22T17:10:34,61.09,1.0,SetByBid
2025-12-22 17:10:34,2025-12-22T17:10:34,61.09,1.0,SetByBid
2025-12-22 17:10:34,2025-12-22T17:10:34,61.09,2.0,SetByBid
2025-12-22 17:10:34,2025-12-22T17:10:34,61.09,1.0,SetByBid
2025-12-22 17:10:34,2025-12-22T17:10:34,61.09,1.0,SetByBid
2025-12-22 17:10:34,2025-12-22T17:10:34,61.09,2.0,SetByBid
2025-12-22 17:10:41,2025-12-22T17:10:41,61.1,1.0,SetByBid
2025-12-22 17:10:43,2025-12-22T17:10:43,61.1,1.0,SetByBid
2025-12-22 17:10:55,2025-12-22T17:10:55,61.1,1.0,SetByBid
2025-12-22 17:10:55,2025-12-22T17:10:55,61.1,1.0,SetByBid
2025-12-22 17:10:55,2025-12-22T17:10:55,61.1,1.0,SetByBid
2025-12-22 17:10:55,2025-12-22T17:10:55,61.1,1.0,SetByBid
2025-12-22 17:10:55,2025-12-22T17:10:55,61.1,3.0,SetByBid
2025-12-22 17:10:55,2025-12-22T17:10:55,61.1,1.0,SetByBid
2025-12-22 17:10:55,2025-12-22T17:10:55,61.1,1.0,SetByBid
2025-12-22 17:10:55,2025-12-22T17:10:55,61.1,1.0,SetByBid
2025-12-22 17:11:26,2025-12-22T17:11:26,61.09,1.0,SetByAsk
2025-12-22 17:11:26,2025-12-22T17:11:26,61.09,1.0,SetByAsk
2025-12-22 17:11:26,2025-12-22T17:11:26,61.09,1.0,SetByAsk
2025-12-22 17:11:26,2025-12-22T17:11:26,61.09,1.0,SetByAsk
2025-12-22 17:11:26,2025-12-22T17:11:26,61.09,1.0,SetByAsk
2025-12-22 17:11:26,2025-12-22T17:11:26,61.09,1.0,SetByAsk
2025-12-22 17:11:56,2025-12-22T17:11:56,61.09,1.0,SetByAsk
2025-12-22 17:12:00,2025-12-22T17:12:00,61.09,1.0,SetByAsk
2025-12-22 17:12:00,2025-12-22T17:12:00,61.09,1.0,SetByAsk
2025-12-22 17:12:00,2025-12-22T17:12:00,61.09,1.0,SetByAsk
2025-12-22 17:12:00,2025-12-22T17:12:00,61.09,1.0,SetByBid
2025-12-22 17:12:05,2025-12-22T17:12:05,61.09,1.0,SetByBid
2025-12-22 17:12:14,2025-12-22T17:12:14,61.08,1.0,SetByBid
2025-12-22 17:12:14,2025-12-22T17:12:14,61.08,1.0,SetByBid
2025-12-22 17:12:14,2025-12-22T17:12:14,61.08,1.0,SetByBid
2025-12-22 17:12:37,2025-12-22T17:12:37,61.07,1.0,SetByAsk
2025-12-22 17:12:37,2025-12-22T17:12:37,61.07,1.0,SetByAsk
2025-12-22 17:12:37,2025-12-22T17:12:37,61.07,1.0,SetByAsk
2025-12-22 17:12:46,2025-12-22T17:12:46,61.06,1.0,SetByAsk
2025-12-22 17:12:46,2025-12-22T17:12:46,61.06,1.0,SetByAsk
2025-12-22 17:12:46,2025-12-22T17:12:46,61.06,1.0,SetByAsk
2025-12-22 17:12:46,2025-12-22T17:12:46,61.06,1.0,SetByAsk
2025-12-22 17:12:46,2025-12-22T17:12:46,61.06,1.0,SetByAsk
2025-12-22 17:12:46,2025-12-22T17:12:46,61.06,1.0,SetByAsk
2025-12-22 17:12:46,2025-12-22T17:12:46,61.06,1.0,SetByAsk
2025-12-22 17:13:20,2025-12-22T17:13:20,61.09,1.0,SetByAsk
2025-12-22 17:13:26,2025-12-22T17:13:26,61.09,1.0,SetByAsk
2025-12-22 17:13:26,2025-12-22T17:13:26,61.09,1.0,SetByAsk
2025-12-22 17:13:26,2025-12-22T17:13:26,61.09,1.0,SetByAsk
2025-12-22 17:13:38,2025-12-22T17:13:38,61.09,1.0,SetByBid
2025-12-22 17:13:38,2025-12-22T17:13:38,61.09,1.0,SetByBid
2025-12-22 17:13:38,2025-12-22T17:13:38,61.09,4.0,SetByBid
2025-12-22 17:13:45,2025-12-22T17:13:45,61.09,1.0,SetByBid
2025-12-22 17:13:45,2025-12-22T17:13:45,61.09,1.0,SetByBid
2025-12-22 17:13:45,2025-12-22T17:13:45,61.09,1.0,SetByBid
2025-12-22 17:13:45,2025-12-22T17:13:45,61.09,1.0,SetByBid
2025-12-22 17:13:45,2025-12-22T17:13:45,61.09,2.0,SetByBid
2025-12-22 17:13:45,2025-12-22T17:13:45,61.09,3.0,SetByBid
2025-12-22 17:14:02,2025-12-22T17:14:02,61.1,1.0,SetByBid
2025-12-22 17:14:15,2025-12-22T17:14:15,61.09,1.0,SetByAsk
2025-12-22 17:14:15,2025-12-22T17:14:15,61.09,1.0,SetByAsk
2025-12-22 17:14:15,2025-12-22T17:14:15,61.09,1.0,SetByAsk
2025-12-22 17:14:24,2025-12-22T17:14:24,61.08,1.0,SetByAsk
2025-12-22 17:14:24,2025-12-22T17:14:24,61.08,1.0,SetByAsk
2025-12-22 17:14:24,2025-12-22T17:14:24,61.08,1.0,SetByAsk
2025-12-22 17:14:24,2025-12-22T17:14:24,61.08,1.0,SetByAsk
2025-12-22 17:14:24,2025-12-22T17:14:24,61.08,1.0,SetByAsk
2025-12-22 17:14:35,2025-12-22T17:14:35,61.07,1.0,SetByBid
2025-12-22 17:14:50,2025-12-22T17:14:50,61.07,1.0,SetByAsk
2025-12-22 17:15:00,2025-12-22T17:15:00,61.08,1.0,SetByBid
2025-12-22 17:15:00,2025-12-22T17:15:00,61.08,1.0,SetByBid
2025-12-22 17:15:00,2025-12-22T17:15:00,61.08,1.0,SetByBid
2025-12-22 17:15:00,2025-12-22T17:15:00,61.08,1.0,SetByBid
2025-12-22 17:15:00,2025-12-22T17:15:00,61.08,6.0,SetByBid
2025-12-22 17:15:01,2025-12-22T17:15:01,61.08,10.0,SetByBid
2025-12-22 17:15:01,2025-12-22T17:15:01,61.08,1.0,SetByBid
2025-12-22 17:15:01,2025-12-22T17:15:01,61.08,1.0,SetByBid
2025-12-22 17:15:01,2025-12-22T17:15:01,61.08,5.0,SetByBid
2025-12-22 17:15:01,2025-12-22T17:15:01,61.08,1.0,SetByBid
2025-12-22 17:15:02,2025-12-22T17:15:02,61.08,1.0,SetByBid
2025-12-22 17:15:02,2025-12-22T17:15:02,61.08,1.0,SetByBid
2025-12-22 17:15:02,2025-12-22T17:15:02,61.08,4.0,SetByBid
2025-12-22 17:15:02,2025-12-22T17:15:02,61.08,2.0,SetByBid
2025-12-22 17:15:45,2025-12-22T17:15:45,61.08,1.0,SetByBid
2025-12-22 17:15:45,2025-12-22T17:15:45,61.08,1.0,SetByBid
2025-12-22 17:15:58,2025-12-22T17:15:58,61.07,1.0,SetByAsk
2025-12-22 17:15:58,2025-12-22T17:15:58,61.07,1.0,SetByAsk
2025-12-22 17:15:58,2025-12-22T17:15:58,61.07,1.0,SetByAsk
2025-12-22 17:15:58,2025-12-22T17:15:58,61.07,1.0,SetByAsk
2025-12-22 17:15:58,2025-12-22T17:15:58,61.07,1.0,SetByAsk
2025-12-22 17:15:58,2025-12-22T17:15:58,61.07,1.0,SetByAsk
2025-12-22 17:16:15,2025-12-22T17:16:15,61.06,1.0,SetByAsk
2025-12-22 17:16:15,2025-12-22T17:16:15,61.06,1.0,SetByAsk
2025-12-22 17:16:15,2025-12-22T17:16:15,61.06,1.0,SetByAsk
2025-12-22 17:16:15,2025-12-22T17:16:15,61.06,1.0,SetByAsk
2025-12-22 17:16:16,2025-12-22T17:16:16,61.06,1.0,SetByAsk
2025-12-22 17:16:16,2025-12-22T17:16:16,61.06,1.0,SetByAsk
2025-12-22 17:16:16,2025-12-22T17:16:16,61.06,1.0,SetByAsk
2025-12-22 17:16:16,2025-12-22T17:16:16,61.06,1.0,SetByAsk
2025-12-22 17:16:19,2025-12-22T17:16:19,61.05,1.0,SetByAsk
2025-12-22 17:16:19,2025-12-22T17:16:19,61.05,1.0,SetByAsk
2025-12-22 17:16:19,2025-12-22T17:16:19,61.05,1.0,SetByAsk
2025-12-22 17:16:19,2025-12-22T17:16:19,61.05,1.0,SetByAsk
2025-12-22 17:16:24,2025-12-22T17:16:24,61.05,1.0,SetByAsk
2025-12-22 17:16:47,2025-12-22T17:16:47,61.05,1.0,SetByAsk
2025-12-22 17:16:47,2025-12-22T17:16:47,61.05,1.0,SetByAsk
2025-12-22 17:16:59,2025-12-22T17:16:59,61.05,1.0,SetByAsk
2025-12-22 17:17:28,2025-12-22T17:17:28,61.04,2.0,SetByAsk
2025-12-22 17:17:28,2025-12-22T17:17:28,61.04,1.0,SetByAsk
2025-12-22 17:17:28,2025-12-22T17:17:28,61.04,1.0,SetByAsk
2025-12-22 17:17:28,2025-12-22T17:17:28,61.04,1.0,SetByAsk
2025-12-22 17:17:28,2025-12-22T17:17:28,61.04,1.0,SetByBid
2025-12-22 17:17:28,2025-12-22T17:17:28,61.04,1.0,SetByBid
2025-12-22 17:18:03,2025-12-22T17:18:03,61.05,1.0,SetByBid
2025-12-22 17:18:03,2025-12-22T17:18:03,61.05,1.0,SetByBid
2025-12-22 17:18:03,2025-12-22T17:18:03,61.05,2.0,SetByBid
2025-12-22 17:18:03,2025-12-22T17:18:03,61.05,1.0,SetByBid
2025-12-22 17:18:03,2025-12-22T17:18:03,61.05,1.0,SetByBid
2025-12-22 17:18:03,2025-12-22T17:18:03,61.04,1.0,SetByAsk
2025-12-22 17:18:03,2025-12-22T17:18:03,61.04,1.0,SetByAsk
2025-12-22 17:18:03,2025-12-22T17:18:03,61.04,1.0,SetByAsk
2025-12-22 17:18:03,2025-12-22T17:18:03,61.04,1.0,SetByAsk
2025-12-22 17:18:03,2025-12-22T17:18:03,61.04,1.0,SetByBid
2025-12-22 17:19:00,2025-12-22T17:19:00,61.03,1.0,SetByAsk
2025-12-22 17:19:00,2025-12-22T17:19:00,61.03,1.0,SetByBid
2025-12-22 17:19:09,2025-12-22T17:19:09,61.02,1.0,SetByAsk
2025-12-22 17:19:09,2025-12-22T17:19:09,61.02,2.0,SetByAsk
2025-12-22 17:19:09,2025-12-22T17:19:09,61.02,1.0,SetByAsk
2025-12-22 17:19:09,2025-12-22T17:19:09,61.02,1.0,SetByAsk
2025-12-22 17:19:09,2025-12-22T17:19:09,61.02,1.0,SetByBid
2025-12-22 17:19:09,2025-12-22T17:19:09,61.02,1.0,SetByBid
2025-12-22 17:19:37,2025-12-22T17:19:37,61.02,1.0,SetByAsk
2025-12-22 17:19:37,2025-12-22T17:19:37,61.02,1.0,SetByAsk
2025-12-22 17:19:37,2025-12-22T17:19:37,61.02,1.0,SetByAsk
2025-12-22 17:19:37,2025-12-22T17:19:37,61.02,1.0,SetByAsk
2025-12-22 17:19:37,2025-12-22T17:19:37,61.02,1.0,SetByAsk
2025-12-22 17:19:37,2025-12-22T17:19:37,61.02,1.0,SetByAsk
2025-12-22 17:19:50,2025-12-22T17:19:50,61.02,1.0,SetByAsk
2025-12-22 17:19:52,2025-12-22T17:19:52,61.02,1.0,SetByAsk
2025-12-22 17:19:52,2025-12-22T17:19:52,61.02,1.0,SetByAsk
2025-12-22 17:19:52,2025-12-22T17:19:52,61.02,1.0,SetByAsk
2025-12-22 17:19:55,2025-12-22T17:19:55,61.03,1.0,SetByBid
2025-12-22 17:19:57,2025-12-22T17:19:57,61.02,1.0,SetByAsk
2025-12-22 17:19:57,2025-12-22T17:19:57,61.02,1.0,SetByBid
2025-12-22 17:19:57,2025-12-22T17:19:57,61.02,1.0,SetByBid
2025-12-22 17:20:09,2025-12-22T17:20:09,61.02,1.0,SetByBid
2025-12-22 17:20:17,2025-12-22T17:20:17,61.01,1.0,SetByAsk
2025-12-22 17:20:17,2025-12-22T17:20:17,61.01,1.0,SetByAsk
2025-12-22 17:20:17,2025-12-22T17:20:17,61.01,2.0,SetByAsk
2025-12-22 17:20:17,2025-12-22T17:20:17,61.01,1.0,SetByAsk
2025-12-22 17:20:17,2025-12-22T17:20:17,61.01,1.0,SetByAsk
2025-12-22 17:20:17,2025-12-22T17:20:17,61.01,1.0,SetByBid
2025-12-22 17:20:17,2025-12-22T17:20:17,61.01,1.0,SetByBid
2025-12-22 17:20:31,2025-12-22T17:20:31,61.0,1.0,SetByBid
2025-12-22 17:20:31,2025-12-22T17:20:31,61.0,2.0,SetByBid
2025-12-22 17:20:38,2025-12-22T17:20:38,61.0,1.0,SetByAsk
2025-12-22 17:20:38,2025-12-22T17:20:38,61.0,1.0,SetByAsk
2025-12-22 17:20:40,2025-12-22T17:20:40,61.0,1.0,SetByBid
2025-12-22 17:21:02,2025-12-22T17:21:02,61.04,1.0,SetByBid
2025-12-22 17:21:02,2025-12-22T17:21:02,61.04,1.0,SetByAsk
2025-12-22 17:21:02,2025-12-22T17:21:02,61.04,1.0,SetByAsk
2025-12-22 17:21:02,2025-12-22T17:21:02,61.04,1.0,SetByAsk
2025-12-22 17:21:03,2025-12-22T17:21:03,61.05,1.0,SetByBid
2025-12-22 17:21:03,2025-12-22T17:21:03,61.05,1.0,SetByBid
2025-12-22 17:21:03,2025-12-22T17:21:03,61.05,1.0,SetByBid
2025-12-22 17:21:03,2025-12-22T17:21:03,61.05,1.0,SetByBid
2025-12-22 17:21:03,2025-12-22T17:21:03,61.05,1.0,SetByBid
2025-12-22 17:21:03,2025-12-22T17:21:03,61.05,1.0,SetByBid
2025-12-22 17:21:03,2025-12-22T17:21:03,61.05,2.0,SetByBid
2025-12-22 17:21:03,2025-12-22T17:21:03,61.05,1.0,SetByBid
2025-12-22 17:21:03,2025-12-22T17:21:03,61.05,1.0,SetByBid
2025-12-22 17:21:03,2025-12-22T17:21:03,61.05,1.0,SetByBid
2025-12-22 17:21:03,2025-12-22T17:21:03,61.05,1.0,SetByBid
2025-12-22 17:21:03,2025-12-22T17:21:03,61.05,1.0,SetByBid
2025-12-22 17:21:03,2025-12-22T17:21:03,61.05,1.0,SetByBid
2025-12-22 17:21:03,2025-12-22T17:21:03,61.05,2.0,SetByBid
2025-12-22 17:21:03,2025-12-22T17:21:03,61.05,1.0,SetByBid
2025-12-22 17:21:03,2025-12-22T17:21:03,61.05,1.0,SetByBid
2025-12-22 17:21:03,2025-12-22T17:21:03,61.05,1.0,SetByBid
2025-12-22 17:21:03,2025-12-22T17:21:03,61.05,1.0,SetByBid
2025-12-22 17:21:03,2025-12-22T17:21:03,61.05,1.0,SetByBid
2025-12-22 17:21:03,2025-12-22T17:21:03,61.05,1.0,SetByBid
2025-12-22 17:21:03,2025-12-22T17:21:03,61.05,1.0,SetByBid
2025-12-22 17:21:03,2025-12-22T17:21:03,61.05,1.0,SetByBid
2025-12-22 17:21:04,2025-12-22T17:21:04,61.05,1.0,SetByBid
2025-12-22 17:21:04,2025-12-22T17:21:04,61.05,1.0,SetByBid
2025-12-22 17:21:04,2025-12-22T17:21:04,61.05,1.0,SetByBid
2025-12-22 17:21:04,2025-12-22T17:21:04,61.05,1.0,SetByBid
2025-12-22 17:21:10,2025-12-22T17:21:10,61.04,1.0,SetByAsk
2025-12-22 17:21:10,2025-12-22T17:21:10,61.04,1.0,SetByAsk
2025-12-22 17:21:32,2025-12-22T17:21:32,61.06,1.0,SetByBid
2025-12-22 17:21:37,2025-12-22T17:21:37,61.05,1.0,SetByAsk
2025-12-22 17:21:37,2025-12-22T17:21:37,61.05,1.0,SetByAsk
2025-12-22 17:21:37,2025-12-22T17:21:37,61.05,1.0,SetByAsk
2025-12-22 17:21:37,2025-12-22T17:21:37,61.05,1.0,SetByAsk
2025-12-22 17:22:04,2025-12-22T17:22:04,61.05,1.0,SetByBid
2025-12-22 17:23:55,2025-12-22T17:23:55,61.05,1.0,SetByBid
2025-12-22 17:23:55,2025-12-22T17:23:55,61.05,1.0,SetByBid
2025-12-22 17:24:02,2025-12-22T17:24:02,61.06,1.0,SetByBid
2025-12-22 17:24:08,2025-12-22T17:24:08,61.07,1.0,SetByAsk
2025-12-22 17:24:32,2025-12-22T17:24:32,61.06,1.0,SetByAsk
2025-12-22 17:24:32,2025-12-22T17:24:32,61.06,1.0,SetByAsk
2025-12-22 17:24:32,2025-12-22T17:24:32,61.06,1.0,SetByAsk
2025-12-22 17:24:32,2025-12-22T17:24:32,61.06,1.0,SetByAsk
2025-12-22 17:24:32,2025-12-22T17:24:32,61.06,1.0,SetByAsk
2025-12-22 17:24:32,2025-12-22T17:24:32,61.06,1.0,SetByBid
2025-12-22 17:25:02,2025-12-22T17:25:02,61.06,1.0,SetByAsk
2025-12-22 17:25:17,2025-12-22T17:25:17,61.09,1.0,SetByBid
2025-12-22 17:25:17,2025-12-22T17:25:17,61.09,1.0,SetByBid
2025-12-22 17:25:17,2025-12-22T17:25:17,61.09,1.0,SetByBid
2025-12-22 17:25:17,2025-12-22T17:25:17,61.09,1.0,SetByBid
2025-12-22 17:25:17,2025-12-22T17:25:17,61.09,1.0,SetByBid
2025-12-22 17:25:17,2025-12-22T17:25:17,61.09,1.0,SetByBid
2025-12-22 17:25:17,2025-12-22T17:25:17,61.09,1.0,SetByBid
2025-12-22 17:25:17,2025-12-22T17:25:17,61.09,1.0,SetByBid
2025-12-22 17:25:17,2025-12-22T17:25:17,61.09,1.0,SetByBid
2025-12-22 17:25:17,2025-12-22T17:25:17,61.09,1.0,SetByBid
2025-12-22 17:25:17,2025-12-22T17:25:17,61.09,2.0,SetByBid
2025-12-22 17:25:17,2025-12-22T17:25:17,61.09,1.0,SetByBid
2025-12-22 17:25:17,2025-12-22T17:25:17,61.09,1.0,SetByBid
2025-12-22 17:25:17,2025-12-22T17:25:17,61.09,1.0,SetByBid
2025-12-22 17:25:17,2025-12-22T17:25:17,61.09,1.0,SetByBid
2025-12-22 17:25:17,2025-12-22T17:25:17,61.09,2.0,SetByBid
2025-12-22 17:25:17,2025-12-22T17:25:17,61.09,1.0,SetByAsk
2025-12-22 17:25:17,2025-12-22T17:25:17,61.09,2.0,SetByAsk
2025-12-22 17:25:17,2025-12-22T17:25:17,61.09,2.0,SetByAsk
2025-12-22 17:25:17,2025-12-22T17:25:17,61.09,1.0,SetByAsk
2025-12-22 17:25:17,2025-12-22T17:25:17,61.09,1.0,SetByAsk
2025-12-22 17:25:17,2025-12-22T17:25:17,61.09,2.0,SetByAsk
2025-12-22 17:25:17,2025-12-22T17:25:17,61.09,1.0,SetByAsk
2025-12-22 17:25:17,2025-12-22T17:25:17,61.09,1.0,SetByAsk
2025-12-22 17:25:17,2025-12-22T17:25:17,61.09,2.0,SetByAsk
2025-12-22 17:25:17,2025-12-22T17:25:17,61.09,1.0,SetByAsk
2025-12-22 17:25:17,2025-12-22T17:25:17,61.09,1.0,SetByAsk
2025-12-22 17:25:18,2025-12-22T17:25:18,61.09,1.0,SetByAsk
2025-12-22 17:25:18,2025-12-22T17:25:18,61.1,1.0,SetByBid
2025-12-22 17:25:18,2025-12-22T17:25:18,61.1,1.0,SetByBid
2025-12-22 17:25:18,2025-12-22T17:25:18,61.1,1.0,SetByBid
2025-12-22 17:25:18,2025-12-22T17:25:18,61.1,1.0,SetByBid
2025-12-22 17:25:18,2025-12-22T17:25:18,61.1,1.0,SetByBid
2025-12-22 17:25:18,2025-12-22T17:25:18,61.1,1.0,SetByBid
2025-12-22 17:25:18,2025-12-22T17:25:18,61.1,1.0,SetByBid
2025-12-22 17:25:18,2025-12-22T17:25:18,61.1,1.0,SetByBid
2025-12-22 17:25:18,2025-12-22T17:25:18,61.1,1.0,SetByBid
2025-12-22 17:25:18,2025-12-22T17:25:18,61.1,1.0,SetByBid
2025-12-22 17:25:18,2025-12-22T17:25:18,61.1,1.0,SetByBid
2025-12-22 17:25:31,2025-12-22T17:25:31,61.09,1.0,SetByBid
2025-12-22 17:25:36,2025-12-22T17:25:36,61.1,1.0,SetByBid
2025-12-22 17:25:36,2025-12-22T17:25:36,61.1,2.0,SetByBid
2025-12-22 17:25:36,2025-12-22T17:25:36,61.1,1.0,SetByBid
2025-12-22 17:25:36,2025-12-22T17:25:36,61.1,1.0,SetByBid
2025-12-22 17:25:36,2025-12-22T17:25:36,61.1,1.0,SetByBid
2025-12-22 17:25:36,2025-12-22T17:25:36,61.1,1.0,SetByBid
2025-12-22 17:25:36,2025-12-22T17:25:36,61.1,1.0,SetByBid
2025-12-22 17:25:36,2025-12-22T17:25:36,61.1,1.0,SetByBid
2025-12-22 17:25:36,2025-12-22T17:25:36,61.1,1.0,SetByBid
2025-12-22 17:25:36,2025-12-22T17:25:36,61.1,1.0,SetByBid
2025-12-22 17:25:36,2025-12-22T17:25:36,61.1,1.0,SetByBid
2025-12-22 17:25:36,2025-12-22T17:25:36,61.1,1.0,SetByBid
2025-12-22 17:25:36,2025-12-22T17:25:36,61.1,1.0,SetByBid
2025-12-22 17:25:36,2025-12-22T17:25:36,61.1,1.0,SetByBid
2025-12-22 17:25:36,2025-12-22T17:25:36,61.1,1.0,SetByBid
2025-12-22 17:25:36,2025-12-22T17:25:36,61.1,1.0,SetByBid
2025-12-22 17:25:36,2025-12-22T17:25:36,61.1,1.0,SetByBid
2025-12-22 17:25:36,2025-12-22T17:25:36,61.1,1.0,SetByBid
2025-12-22 17:25:36,2025-12-22T17:25:36,61.1,1.0,SetByBid
2025-12-22 17:25:36,2025-12-22T17:25:36,61.1,1.0,SetByBid
2025-12-22 17:25:36,2025-12-22T17:25:36,61.1,1.0,SetByBid
2025-12-22 17:25:36,2025-12-22T17:25:36,61.1,1.0,SetByBid
2025-12-22 17:25:36,2025-12-22T17:25:36,61.1,1.0,SetByBid
2025-12-22 17:25:36,2025-12-22T17:25:36,61.1,1.0,SetByBid
2025-12-22 17:25:36,2025-12-22T17:25:36,61.1,1.0,SetByBid
2025-12-22 17:25:36,2025-12-22T17:25:36,61.11,1.0,SetByBid
2025-12-22 17:25:36,2025-12-22T17:25:36,61.11,1.0,SetByBid
2025-12-22 17:25:36,2025-12-22T17:25:36,61.11,1.0,SetByBid
2025-12-22 17:25:36,2025-12-22T17:25:36,61.11,1.0,SetByBid
2025-12-22 17:25:36,2025-12-22T17:25:36,61.11,1.0,SetByBid
2025-12-22 17:25:36,2025-12-22T17:25:36,61.11,3.0,SetByBid
2025-12-22 17:25:36,2025-12-22T17:25:36,61.11,1.0,SetByBid
2025-12-22 17:25:36,2025-12-22T17:25:36,61.11,1.0,SetByBid
2025-12-22 17:25:36,2025-12-22T17:25:36,61.11,1.0,SetByBid
2025-12-22 17:25:36,2025-12-22T17:25:36,61.11,1.0,SetByBid
2025-12-22 17:25:36,2025-12-22T17:25:36,61.11,1.0,SetByBid
2025-12-22 17:25:36,2025-12-22T17:25:36,61.11,5.0,SetByBid
2025-12-22 17:25:36,2025-12-22T17:25:36,61.11,1.0,SetByBid
2025-12-22 17:25:36,2025-12-22T17:25:36,61.11,1.0,SetByBid
2025-12-22 17:25:36,2025-12-22T17:25:36,61.11,1.0,SetByBid
2025-12-22 17:25:36,2025-12-22T17:25:36,61.11,4.0,SetByBid
2025-12-22 17:25:36,2025-12-22T17:25:36,61.1,1.0,SetByBid
2025-12-22 17:25:36,2025-12-22T17:25:36,61.1,1.0,SetByBid
2025-12-22 17:25:36,2025-12-22T17:25:36,61.1,1.0,SetByBid
2025-12-22 17:25:36,2025-12-22T17:25:36,61.1,1.0,SetByBid
2025-12-22 17:25:36,2025-12-22T17:25:36,61.1,1.0,SetByBid
2025-12-22 17:25:36,2025-12-22T17:25:36,61.11,1.0,SetByBid
2025-12-22 17:25:36,2025-12-22T17:25:36,61.11,1.0,SetByBid
2025-12-22 17:25:36,2025-12-22T17:25:36,61.11,1.0,SetByBid
2025-12-22 17:25:36,2025-12-22T17:25:36,61.1,1.0,SetByBid
2025-12-22 17:25:36,2025-12-22T17:25:36,61.1,1.0,SetByBid
2025-12-22 17:25:36,2025-12-22T17:25:36,61.1,1.0,SetByBid
2025-12-22 17:25:36,2025-12-22T17:25:36,61.1,1.0,SetByBid
2025-12-22 17:25:36,2025-12-22T17:25:36,61.1,1.0,SetByBid
2025-12-22 17:25:36,2025-12-22T17:25:36,61.1,1.0,SetByBid
2025-12-22 17:25:36,2025-12-22T17:25:36,61.1,1.0,SetByBid
2025-12-22 17:25:36,2025-12-22T17:25:36,61.1,1.0,SetByBid
2025-12-22 17:25:36,2025-12-22T17:25:36,61.1,1.0,SetByBid
2025-12-22 17:25:36,2025-12-22T17:25:36,61.1,1.0,SetByBid
2025-12-22 17:25:36,2025-12-22T17:25:36,61.1,1.0,SetByBid
2025-12-22 17:25:36,2025-12-22T17:25:36,61.11,1.0,SetByBid
2025-12-22 17:25:36,2025-12-22T17:25:36,61.11,1.0,SetByBid
2025-12-22 17:25:36,2025-12-22T17:25:36,61.11,1.0,SetByBid
2025-12-22 17:25:36,2025-12-22T17:25:36,61.11,1.0,SetByBid
2025-12-22 17:25:36,2025-12-22T17:25:36,61.11,1.0,SetByBid
2025-12-22 17:25:36,2025-12-22T17:25:36,61.11,1.0,SetByBid
2025-12-22 17:25:36,2025-12-22T17:25:36,61.11,1.0,SetByBid
2025-12-22 17:25:36,2025-12-22T17:25:36,61.11,1.0,SetByBid
2025-12-22 17:25:36,2025-12-22T17:25:36,61.11,1.0,SetByBid
2025-12-22 17:25:36,2025-12-22T17:25:36,61.11,1.0,SetByBid
2025-12-22 17:25:36,2025-12-22T17:25:36,61.11,3.0,SetByBid
2025-12-22 17:25:36,2025-12-22T17:25:36,61.11,1.0,SetByBid
2025-12-22 17:25:39,2025-12-22T17:25:39,61.08,1.0,SetByBid
2025-12-22 17:25:39,2025-12-22T17:25:39,61.08,1.0,SetByBid
2025-12-22 17:25:39,2025-12-22T17:25:39,61.08,1.0,SetByBid
2025-12-22 17:25:39,2025-12-22T17:25:39,61.08,1.0,SetByBid
2025-12-22 17:25:39,2025-12-22T17:25:39,61.08,3.0,SetByBid
2025-12-22 17:25:39,2025-12-22T17:25:39,61.08,2.0,SetByBid
2025-12-22 17:25:39,2025-12-22T17:25:39,61.08,1.0,SetByAsk
2025-12-22 17:26:09,2025-12-22T17:26:09,61.1,1.0,SetByBid
2025-12-22 17:26:09,2025-12-22T17:26:09,61.1,1.0,SetByBid
2025-12-22 17:26:09,2025-12-22T17:26:09,61.1,1.0,SetByBid
2025-12-22 17:26:09,2025-12-22T17:26:09,61.1,1.0,SetByBid
2025-12-22 17:26:09,2025-12-22T17:26:09,61.1,1.0,SetByBid
2025-12-22 17:26:09,2025-12-22T17:26:09,61.1,1.0,SetByBid
2025-12-22 17:26:09,2025-12-22T17:26:09,61.1,1.0,SetByBid
2025-12-22 17:26:09,2025-12-22T17:26:09,61.1,1.0,SetByBid
2025-12-22 17:26:09,2025-12-22T17:26:09,61.1,2.0,SetByBid
2025-12-22 17:26:09,2025-12-22T17:26:09,61.1,1.0,SetByBid
2025-12-22 17:26:09,2025-12-22T17:26:09,61.1,1.0,SetByBid
2025-12-22 17:26:09,2025-12-22T17:26:09,61.09,1.0,SetByAsk
2025-12-22 17:26:09,2025-12-22T17:26:09,61.1,1.0,SetByBid
2025-12-22 17:26:09,2025-12-22T17:26:09,61.1,1.0,SetByBid
2025-12-22 17:26:09,2025-12-22T17:26:09,61.1,1.0,SetByBid
2025-12-22 17:26:09,2025-12-22T17:26:09,61.1,1.0,SetByBid
2025-12-22 17:26:09,2025-12-22T17:26:09,61.1,2.0,SetByBid
2025-12-22 17:26:09,2025-12-22T17:26:09,61.09,1.0,SetByAsk
2025-12-22 17:26:09,2025-12-22T17:26:09,61.1,1.0,SetByBid
2025-12-22 17:26:09,2025-12-22T17:26:09,61.1,1.0,SetByBid
2025-12-22 17:26:09,2025-12-22T17:26:09,61.1,1.0,SetByBid
2025-12-22 17:26:09,2025-12-22T17:26:09,61.1,1.0,SetByBid
2025-12-22 17:26:09,2025-12-22T17:26:09,61.1,1.0,SetByBid
2025-12-22 17:26:09,2025-12-22T17:26:09,61.1,1.0,SetByBid
2025-12-22 17:26:09,2025-12-22T17:26:09,61.1,1.0,SetByBid
2025-12-22 17:26:09,2025-12-22T17:26:09,61.1,1.0,SetByBid
2025-12-22 17:26:09,2025-12-22T17:26:09,61.1,1.0,SetByBid
2025-12-22 17:26:09,2025-12-22T17:26:09,61.1,1.0,SetByBid
2025-12-22 17:26:09,2025-12-22T17:26:09,61.1,1.0,SetByBid
2025-12-22 17:26:09,2025-12-22T17:26:09,61.1,1.0,SetByBid
2025-12-22 17:26:31,2025-12-22T17:26:31,61.09,2.0,SetByBid
2025-12-22 17:26:31,2025-12-22T17:26:31,61.09,2.0,SetByBid
2025-12-22 17:26:31,2025-12-22T17:26:31,61.09,1.0,SetByBid
2025-12-22 17:26:31,2025-12-22T17:26:31,61.09,2.0,SetByBid
2025-12-22 17:26:31,2025-12-22T17:26:31,61.09,1.0,SetByBid
2025-12-22 17:26:31,2025-12-22T17:26:31,61.09,1.0,SetByBid
2025-12-22 17:26:31,2025-12-22T17:26:31,61.09,1.0,SetByBid
2025-12-22 17:26:31,2025-12-22T17:26:31,61.09,1.0,SetByBid
2025-12-22 17:26:31,2025-12-22T17:26:31,61.09,2.0,SetByBid
2025-12-22 17:26:31,2025-12-22T17:26:31,61.09,1.0,SetByBid
2025-12-22 17:26:31,2025-12-22T17:26:31,61.09,1.0,SetByBid
2025-12-22 17:26:31,2025-12-22T17:26:31,61.09,1.0,SetByBid
2025-12-22 17:26:31,2025-12-22T17:26:31,61.09,2.0,SetByBid
2025-12-22 17:26:31,2025-12-22T17:26:31,61.09,4.0,SetByBid
2025-12-22 17:26:32,2025-12-22T17:26:32,61.1,1.0,SetByBid
2025-12-22 17:26:32,2025-12-22T17:26:32,61.1,1.0,SetByBid
2025-12-22 17:26:32,2025-12-22T17:26:32,61.1,1.0,SetByBid
2025-12-22 17:26:32,2025-12-22T17:26:32,61.1,1.0,SetByBid
2025-12-22 17:26:32,2025-12-22T17:26:32,61.1,1.0,SetByBid
2025-12-22 17:26:32,2025-12-22T17:26:32,61.1,1.0,SetByBid
2025-12-22 17:26:39,2025-12-22T17:26:39,61.1,1.0,SetByBid
2025-12-22 17:26:39,2025-12-22T17:26:39,61.1,1.0,SetByBid
2025-12-22 17:26:39,2025-12-22T17:26:39,61.1,3.0,SetByBid
2025-12-22 17:26:39,2025-12-22T17:26:39,61.1,2.0,SetByBid
2025-12-22 17:26:39,2025-12-22T17:26:39,61.1,3.0,SetByBid
2025-12-22 17:26:39,2025-12-22T17:26:39,61.1,4.0,SetByBid
2025-12-22 17:26:39,2025-12-22T17:26:39,61.1,1.0,SetByBid
2025-12-22 17:26:39,2025-12-22T17:26:39,61.1,2.0,SetByBid
2025-12-22 17:26:39,2025-12-22T17:26:39,61.1,4.0,SetByBid
2025-12-22 17:26:39,2025-12-22T17:26:39,61.1,1.0,SetByBid
2025-12-22 17:26:39,2025-12-22T17:26:39,61.1,2.0,SetByBid
2025-12-22 17:26:40,2025-12-22T17:26:40,61.1,3.0,SetByBid
2025-12-22 17:26:40,2025-12-22T17:26:40,61.1,1.0,SetByBid
2025-12-22 17:26:40,2025-12-22T17:26:40,61.1,3.0,SetByBid
2025-12-22 17:26:40,2025-12-22T17:26:40,61.1,2.0,SetByBid
2025-12-22 17:26:40,2025-12-22T17:26:40,61.1,3.0,SetByBid
2025-12-22 17:26:40,2025-12-22T17:26:40,61.1,4.0,SetByBid
2025-12-22 17:26:40,2025-12-22T17:26:40,61.1,1.0,SetByBid
2025-12-22 17:26:40,2025-12-22T17:26:40,61.1,3.0,SetByBid
2025-12-22 17:26:40,2025-12-22T17:26:40,61.1,2.0,SetByBid
2025-12-22 17:26:40,2025-12-22T17:26:40,61.1,2.0,SetByBid
2025-12-22 17:26:40,2025-12-22T17:26:40,61.1,1.0,SetByBid
2025-12-22 17:26:49,2025-12-22T17:26:49,61.1,1.0,SetByBid
2025-12-22 17:26:49,2025-12-22T17:26:49,61.1,1.0,SetByAsk
2025-12-22 17:26:52,2025-12-22T17:26:52,61.1,1.0,SetByAsk
2025-12-22 17:26:52,2025-12-22T17:26:52,61.1,1.0,SetByAsk
2025-12-22 17:26:52,2025-12-22T17:26:52,61.1,1.0,SetByAsk
2025-12-22 17:26:52,2025-12-22T17:26:52,61.1,1.0,SetByAsk
2025-12-22 17:27:02,2025-12-22T17:27:02,61.09,1.0,SetByAsk
2025-12-22 17:27:28,2025-12-22T17:27:28,61.09,2.0,SetByAsk
2025-12-22 17:27:28,2025-12-22T17:27:28,61.09,1.0,SetByAsk
2025-12-22 17:27:28,2025-12-22T17:27:28,61.09,1.0,SetByAsk
2025-12-22 17:27:28,2025-12-22T17:27:28,61.09,1.0,SetByAsk
2025-12-22 17:27:28,2025-12-22T17:27:28,61.09,1.0,SetByAsk
2025-12-22 17:28:16,2025-12-22T17:28:16,61.1,1.0,SetByAsk
2025-12-22 17:28:43,2025-12-22T17:28:43,61.09,1.0,SetByAsk
2025-12-22 17:28:43,2025-12-22T17:28:43,61.09,1.0,SetByAsk
2025-12-22 17:28:43,2025-12-22T17:28:43,61.09,1.0,SetByAsk
2025-12-22 17:28:43,2025-12-22T17:28:43,61.09,1.0,SetByAsk
2025-12-22 17:28:43,2025-12-22T17:28:43,61.09,1.0,SetByAsk
2025-12-22 17:29:00,2025-12-22T17:29:00,61.08,1.0,SetByAsk
2025-12-22 17:29:00,2025-12-22T17:29:00,61.08,1.0,SetByAsk
2025-12-22 17:29:00,2025-12-22T17:29:00,61.08,1.0,SetByAsk
2025-12-22 17:29:00,2025-12-22T17:29:00,61.08,1.0,SetByAsk
2025-12-22 17:29:15,2025-12-22T17:29:15,61.08,1.0,SetByBid
2025-12-22 17:29:36,2025-12-22T17:29:36,61.08,1.0,SetByBid
2025-12-22 17:29:55,2025-12-22T17:29:55,61.08,1.0,SetByBid
2025-12-22 17:30:01,2025-12-22T17:30:01,61.09,1.0,SetByBid
2025-12-22 17:30:10,2025-12-22T17:30:10,61.1,1.0,SetByBid
2025-12-22 17:30:10,2025-12-22T17:30:10,61.1,1.0,SetByBid
2025-12-22 17:30:10,2025-12-22T17:30:10,61.1,1.0,SetByBid
2025-12-22 17:30:24,2025-12-22T17:30:24,61.09,1.0,SetByBid
2025-12-22 17:30:24,2025-12-22T17:30:24,61.09,3.0,SetByBid
2025-12-22 17:30:42,2025-12-22T17:30:42,61.09,1.0,SetByBid
2025-12-22 17:31:01,2025-12-22T17:31:01,61.09,1.0,SetByAsk
2025-12-22 17:31:02,2025-12-22T17:31:02,61.09,1.0,SetByAsk
2025-12-22 17:31:02,2025-12-22T17:31:02,61.09,1.0,SetByAsk
2025-12-22 17:31:02,2025-12-22T17:31:02,61.09,1.0,SetByAsk
2025-12-22 17:31:02,2025-12-22T17:31:02,61.09,1.0,SetByAsk
2025-12-22 17:31:02,2025-12-22T17:31:02,61.09,1.0,SetByAsk
2025-12-22 17:31:10,2025-12-22T17:31:10,61.1,1.0,SetByBid
2025-12-22 17:31:10,2025-12-22T17:31:10,61.1,1.0,SetByBid
2025-12-22 17:31:10,2025-12-22T17:31:10,61.1,1.0,SetByBid
2025-12-22 17:31:10,2025-12-22T17:31:10,61.1,2.0,SetByBid
2025-12-22 17:31:10,2025-12-22T17:31:10,61.1,1.0,SetByBid
2025-12-22 17:31:10,2025-12-22T17:31:10,61.1,1.0,SetByBid
2025-12-22 17:31:10,2025-12-22T17:31:10,61.1,1.0,SetByBid
2025-12-22 17:31:10,2025-12-22T17:31:10,61.1,1.0,SetByBid
2025-12-22 17:31:10,2025-12-22T17:31:10,61.1,1.0,SetByBid
2025-12-22 17:31:10,2025-12-22T17:31:10,61.1,1.0,SetByBid
2025-12-22 17:31:10,2025-12-22T17:31:10,61.1,1.0,SetByBid
2025-12-22 17:31:10,2025-12-22T17:31:10,61.1,1.0,SetByBid
2025-12-22 17:31:10,2025-12-22T17:31:10,61.1,1.0,SetByBid
2025-12-22 17:31:10,2025-12-22T17:31:10,61.1,1.0,SetByBid
2025-12-22 17:31:10,2025-12-22T17:31:10,61.1,1.0,SetByBid
2025-12-22 17:31:10,2025-12-22T17:31:10,61.1,1.0,SetByBid
2025-12-22 17:31:10,2025-12-22T17:31:10,61.1,1.0,SetByBid
2025-12-22 17:31:10,2025-12-22T17:31:10,61.1,1.0,SetByBid
2025-12-22 17:31:10,2025-12-22T17:31:10,61.1,1.0,SetByBid
2025-12-22 17:31:10,2025-12-22T17:31:10,61.11,5.0,SetByBid
2025-12-22 17:31:10,2025-12-22T17:31:10,61.11,5.0,SetByBid
2025-12-22 17:31:10,2025-12-22T17:31:10,61.11,1.0,SetByBid
2025-12-22 17:31:17,2025-12-22T17:31:17,61.1,1.0,SetByAsk
2025-12-22 17:31:19,2025-12-22T17:31:19,61.11,9.0,SetByBid
2025-12-22 17:31:19,2025-12-22T17:31:19,61.11,1.0,SetByBid
2025-12-22 17:31:19,2025-12-22T17:31:19,61.11,1.0,SetByBid
2025-12-22 17:31:19,2025-12-22T17:31:19,61.11,1.0,SetByBid
2025-12-22 17:31:20,2025-12-22T17:31:20,61.11,3.0,SetByBid
2025-12-22 17:31:20,2025-12-22T17:31:20,61.11,2.0,SetByBid
2025-12-22 17:31:20,2025-12-22T17:31:20,61.11,1.0,SetByBid
2025-12-22 17:31:20,2025-12-22T17:31:20,61.11,2.0,SetByBid
2025-12-22 17:31:20,2025-12-22T17:31:20,61.11,5.0,SetByBid
2025-12-22 17:31:20,2025-12-22T17:31:20,61.11,2.0,SetByBid
2025-12-22 17:31:20,2025-12-22T17:31:20,61.11,2.0,SetByBid
2025-12-22 17:31:20,2025-12-22T17:31:20,61.11,1.0,SetByBid
2025-12-22 17:31:20,2025-12-22T17:31:20,61.11,1.0,SetByBid
2025-12-22 17:31:20,2025-12-22T17:31:20,61.11,1.0,SetByBid
2025-12-22 17:31:20,2025-12-22T17:31:20,61.11,1.0,SetByBid
2025-12-22 17:31:20,2025-12-22T17:31:20,61.11,1.0,SetByBid
2025-12-22 17:31:20,2025-12-22T17:31:20,61.11,1.0,SetByBid
2025-12-22 17:31:20,2025-12-22T17:31:20,61.11,1.0,SetByBid
2025-12-22 17:31:20,2025-12-22T17:31:20,61.11,1.0,SetByBid
2025-12-22 17:31:20,2025-12-22T17:31:20,61.11,1.0,SetByBid
2025-12-22 17:31:20,2025-12-22T17:31:20,61.11,1.0,SetByBid
2025-12-22 17:31:20,2025-12-22T17:31:20,61.11,1.0,SetByBid
2025-12-22 17:31:20,2025-12-22T17:31:20,61.11,1.0,SetByBid
2025-12-22 17:31:20,2025-12-22T17:31:20,61.11,1.0,SetByBid
2025-12-22 17:31:20,2025-12-22T17:31:20,61.11,1.0,SetByBid
2025-12-22 17:31:20,2025-12-22T17:31:20,61.11,1.0,SetByBid
2025-12-22 17:31:20,2025-12-22T17:31:20,61.1,1.0,SetByAsk
2025-12-22 17:31:20,2025-12-22T17:31:20,61.1,1.0,SetByAsk
2025-12-22 17:31:20,2025-12-22T17:31:20,61.1,1.0,SetByAsk
2025-12-22 17:31:20,2025-12-22T17:31:20,61.1,1.0,SetByAsk
2025-12-22 17:31:20,2025-12-22T17:31:20,61.1,1.0,SetByAsk
2025-12-22 17:31:21,2025-12-22T17:31:21,61.1,1.0,SetByAsk
2025-12-22 17:31:21,2025-12-22T17:31:21,61.1,1.0,SetByAsk
2025-12-22 17:31:21,2025-12-22T17:31:21,61.1,1.0,SetByAsk
2025-12-22 17:31:27,2025-12-22T17:31:27,61.1,1.0,SetByAsk
2025-12-22 17:31:56,2025-12-22T17:31:56,61.11,1.0,SetByBid
2025-12-22 17:31:56,2025-12-22T17:31:56,61.11,1.0,SetByBid
2025-12-22 17:31:58,2025-12-22T17:31:58,61.11,1.0,SetByBid
2025-12-22 17:31:58,2025-12-22T17:31:58,61.11,1.0,SetByBid
2025-12-22 17:32:05,2025-12-22T17:32:05,61.1,1.0,SetByAsk
2025-12-22 17:32:09,2025-12-22T17:32:09,61.1,5.0,SetByBid
2025-12-22 17:32:09,2025-12-22T17:32:09,61.1,1.0,SetByBid
2025-12-22 17:32:11,2025-12-22T17:32:11,61.1,4.0,SetByBid
2025-12-22 17:32:11,2025-12-22T17:32:11,61.1,1.0,SetByBid
2025-12-22 17:32:12,2025-12-22T17:32:12,61.1,5.0,SetByBid
2025-12-22 17:32:13,2025-12-22T17:32:13,61.1,5.0,SetByBid
2025-12-22 17:32:15,2025-12-22T17:32:15,61.1,5.0,SetByBid
2025-12-22 17:32:17,2025-12-22T17:32:17,61.1,5.0,SetByBid
2025-12-22 17:32:18,2025-12-22T17:32:18,61.1,5.0,SetByBid
2025-12-22 17:32:21,2025-12-22T17:32:21,61.1,5.0,SetByBid
2025-12-22 17:32:21,2025-12-22T17:32:21,61.1,5.0,SetByBid
2025-12-22 17:32:22,2025-12-22T17:32:22,61.1,5.0,SetByBid
2025-12-22 17:32:22,2025-12-22T17:32:22,61.1,5.0,SetByBid
2025-12-22 17:32:23,2025-12-22T17:32:23,61.1,5.0,SetByBid
2025-12-22 17:32:25,2025-12-22T17:32:25,61.1,2.0,SetByBid
2025-12-22 17:32:25,2025-12-22T17:32:25,61.1,1.0,SetByBid
2025-12-22 17:32:25,2025-12-22T17:32:25,61.1,1.0,SetByBid
2025-12-22 17:32:25,2025-12-22T17:32:25,61.1,1.0,SetByBid
2025-12-22 17:32:25,2025-12-22T17:32:25,61.1,2.0,SetByBid
2025-12-22 17:32:25,2025-12-22T17:32:25,61.1,1.0,SetByBid
2025-12-22 17:32:25,2025-12-22T17:32:25,61.1,1.0,SetByBid
2025-12-22 17:32:25,2025-12-22T17:32:25,61.1,1.0,SetByBid
2025-12-22 17:32:25,2025-12-22T17:32:25,61.1,1.0,SetByBid
2025-12-22 17:32:28,2025-12-22T17:32:28,61.1,1.0,SetByBid
2025-12-22 17:32:29,2025-12-22T17:32:29,61.1,2.0,SetByBid
2025-12-22 17:32:29,2025-12-22T17:32:29,61.1,1.0,SetByBid
2025-12-22 17:32:30,2025-12-22T17:32:30,61.1,2.0,SetByBid
2025-12-22 17:32:32,2025-12-22T17:32:32,61.1,1.0,SetByBid
2025-12-22 17:32:34,2025-12-22T17:32:34,61.1,1.0,SetByBid
2025-12-22 17:32:34,2025-12-22T17:32:34,61.1,1.0,SetByBid
2025-12-22 17:32:36,2025-12-22T17:32:36,61.1,1.0,SetByBid
2025-12-22 17:32:39,2025-12-22T17:32:39,61.1,1.0,SetByBid
2025-12-22 17:32:47,2025-12-22T17:32:47,61.09,1.0,SetByAsk
2025-12-22 17:32:48,2025-12-22T17:32:48,61.09,1.0,SetByAsk
2025-12-22 17:32:49,2025-12-22T17:32:49,61.09,1.0,SetByAsk
2025-12-22 17:32:49,2025-12-22T17:32:49,61.09,1.0,SetByAsk
2025-12-22 17:32:50,2025-12-22T17:32:50,61.09,1.0,SetByAsk
2025-12-22 17:32:51,2025-12-22T17:32:51,61.09,1.0,SetByAsk
2025-12-22 17:32:51,2025-12-22T17:32:51,61.09,1.0,SetByAsk
2025-12-22 17:32:52,2025-12-22T17:32:52,61.09,1.0,SetByAsk
2025-12-22 17:32:53,2025-12-22T17:32:53,61.09,1.0,SetByAsk
2025-12-22 17:32:54,2025-12-22T17:32:54,61.08,1.0,SetByAsk
2025-12-22 17:33:00,2025-12-22T17:33:00,61.08,1.0,SetByAsk
2025-12-22 17:33:00,2025-12-22T17:33:00,61.08,1.0,SetByAsk
2025-12-22 17:33:00,2025-12-22T17:33:00,61.08,1.0,SetByAsk
2025-12-22 17:33:00,2025-12-22T17:33:00,61.08,1.0,SetByAsk
2025-12-22 17:33:13,2025-12-22T17:33:13,61.08,1.0,SetByAsk
2025-12-22 17:33:20,2025-12-22T17:33:20,61.08,1.0,SetByAsk
2025-12-22 17:33:20,2025-12-22T17:33:20,61.08,1.0,SetByAsk
2025-12-22 17:33:20,2025-12-22T17:33:20,61.08,1.0,SetByAsk
2025-12-22 17:33:20,2025-12-22T17:33:20,61.08,1.0,SetByAsk
2025-12-22 17:33:20,2025-12-22T17:33:20,61.08,1.0,SetByAsk
2025-12-22 17:33:20,2025-12-22T17:33:20,61.08,1.0,SetByAsk
2025-12-22 17:33:21,2025-12-22T17:33:21,61.08,1.0,SetByAsk
2025-12-22 17:33:21,2025-12-22T17:33:21,61.07,1.0,SetByAsk
2025-12-22 17:33:26,2025-12-22T17:33:26,61.08,1.0,SetByAsk
2025-12-22 17:33:26,2025-12-22T17:33:26,61.08,1.0,SetByAsk
2025-12-22 17:33:27,2025-12-22T17:33:27,61.08,1.0,SetByAsk
2025-12-22 17:33:38,2025-12-22T17:33:38,61.09,1.0,SetByBid
2025-12-22 17:33:38,2025-12-22T17:33:38,61.09,1.0,SetByBid
2025-12-22 17:33:38,2025-12-22T17:33:38,61.09,1.0,SetByBid
2025-12-22 17:33:38,2025-12-22T17:33:38,61.09,1.0,SetByBid
2025-12-22 17:33:38,2025-12-22T17:33:38,61.09,5.0,SetByBid
2025-12-22 17:33:38,2025-12-22T17:33:38,61.09,1.0,SetByBid
2025-12-22 17:33:38,2025-12-22T17:33:38,61.08,1.0,SetByAsk
2025-12-22 17:33:38,2025-12-22T17:33:38,61.09,1.0,SetByBid
2025-12-22 17:33:38,2025-12-22T17:33:38,61.09,1.0,SetByBid
2025-12-22 17:33:38,2025-12-22T17:33:38,61.09,1.0,SetByBid
2025-12-22 17:33:39,2025-12-22T17:33:39,61.09,1.0,SetByBid
2025-12-22 17:33:39,2025-12-22T17:33:39,61.08,1.0,SetByAsk
2025-12-22 17:33:40,2025-12-22T17:33:40,61.07,1.0,SetByAsk
2025-12-22 17:33:40,2025-12-22T17:33:40,61.09,1.0,SetByBid
2025-12-22 17:33:40,2025-12-22T17:33:40,61.09,1.0,SetByBid
2025-12-22 17:33:40,2025-12-22T17:33:40,61.09,1.0,SetByBid
2025-12-22 17:33:40,2025-12-22T17:33:40,61.08,1.0,SetByAsk
2025-12-22 17:33:41,2025-12-22T17:33:41,61.08,2.0,SetByBid
2025-12-22 17:33:42,2025-12-22T17:33:42,61.08,3.0,SetByBid
2025-12-22 17:33:42,2025-12-22T17:33:42,61.08,8.0,SetByBid
2025-12-22 17:33:42,2025-12-22T17:33:42,61.08,2.0,SetByBid
2025-12-22 17:33:42,2025-12-22T17:33:42,61.09,1.0,SetByBid
2025-12-22 17:33:42,2025-12-22T17:33:42,61.09,1.0,SetByBid
2025-12-22 17:33:42,2025-12-22T17:33:42,61.09,1.0,SetByBid
2025-12-22 17:33:42,2025-12-22T17:33:42,61.09,1.0,SetByBid
2025-12-22 17:33:42,2025-12-22T17:33:42,61.09,1.0,SetByBid
2025-12-22 17:33:42,2025-12-22T17:33:42,61.09,3.0,SetByBid
2025-12-22 17:33:42,2025-12-22T17:33:42,61.09,1.0,SetByBid
2025-12-22 17:33:42,2025-12-22T17:33:42,61.09,1.0,SetByBid
2025-12-22 17:33:48,2025-12-22T17:33:48,61.09,1.0,SetByBid
2025-12-22 17:33:48,2025-12-22T17:33:48,61.09,1.0,SetByBid
2025-12-22 17:33:48,2025-12-22T17:33:48,61.09,1.0,SetByBid
2025-12-22 17:33:48,2025-12-22T17:33:48,61.09,2.0,SetByBid
2025-12-22 17:33:48,2025-12-22T17:33:48,61.09,2.0,SetByBid
2025-12-22 17:33:48,2025-12-22T17:33:48,61.09,1.0,SetByBid
2025-12-22 17:33:48,2025-12-22T17:33:48,61.09,2.0,SetByBid
2025-12-22 17:33:48,2025-12-22T17:33:48,61.08,1.0,SetByAsk
2025-12-22 17:33:49,2025-12-22T17:33:49,61.09,1.0,SetByBid
2025-12-22 17:33:49,2025-12-22T17:33:49,61.09,1.0,SetByBid
2025-12-22 17:33:49,2025-12-22T17:33:49,61.09,1.0,SetByBid
2025-12-22 17:34:07,2025-12-22T17:34:07,61.08,1.0,SetByBid
2025-12-22 17:34:07,2025-12-22T17:34:07,61.08,1.0,SetByBid
2025-12-22 17:34:07,2025-12-22T17:34:07,61.08,1.0,SetByBid
2025-12-22 17:34:07,2025-12-22T17:34:07,61.08,1.0,SetByBid
2025-12-22 17:34:07,2025-12-22T17:34:07,61.08,1.0,SetByBid
2025-12-22 17:34:07,2025-12-22T17:34:07,61.08,2.0,SetByBid
2025-12-22 17:34:07,2025-12-22T17:34:07,61.09,1.0,SetByBid
2025-12-22 17:34:07,2025-12-22T17:34:07,61.09,1.0,SetByBid
2025-12-22 17:34:07,2025-12-22T17:34:07,61.09,1.0,SetByBid
2025-12-22 17:34:07,2025-12-22T17:34:07,61.09,1.0,SetByBid
2025-12-22 17:34:07,2025-12-22T17:34:07,61.09,1.0,SetByBid
2025-12-22 17:34:07,2025-12-22T17:34:07,61.09,2.0,SetByBid
2025-12-22 17:34:08,2025-12-22T17:34:08,61.09,1.0,SetByBid
2025-12-22 17:34:08,2025-12-22T17:34:08,61.09,1.0,SetByBid
2025-12-22 17:34:08,2025-12-22T17:34:08,61.09,1.0,SetByBid
2025-12-22 17:34:09,2025-12-22T17:34:09,61.08,1.0,SetByBid
2025-12-22 17:34:09,2025-12-22T17:34:09,61.08,1.0,SetByBid
2025-12-22 17:34:09,2025-12-22T17:34:09,61.08,1.0,SetByBid
2025-12-22 17:34:09,2025-12-22T17:34:09,61.08,1.0,SetByBid
2025-12-22 17:34:09,2025-12-22T17:34:09,61.07,1.0,SetByAsk
2025-12-22 17:34:11,2025-12-22T17:34:11,61.07,1.0,SetByAsk
2025-12-22 17:34:11,2025-12-22T17:34:11,61.07,1.0,SetByAsk
2025-12-22 17:34:11,2025-12-22T17:34:11,61.07,1.0,SetByAsk
2025-12-22 17:34:12,2025-12-22T17:34:12,61.07,1.0,SetByAsk
2025-12-22 17:34:13,2025-12-22T17:34:13,61.07,1.0,SetByAsk
2025-12-22 17:34:13,2025-12-22T17:34:13,61.07,1.0,SetByAsk
2025-12-22 17:34:13,2025-12-22T17:34:13,61.07,1.0,SetByAsk
2025-12-22 17:34:26,2025-12-22T17:34:26,61.08,1.0,SetByBid
2025-12-22 17:34:26,2025-12-22T17:34:26,61.08,1.0,SetByBid
2025-12-22 17:34:26,2025-12-22T17:34:26,61.08,1.0,SetByBid
2025-12-22 17:34:26,2025-12-22T17:34:26,61.08,3.0,SetByBid
2025-12-22 17:34:26,2025-12-22T17:34:26,61.08,1.0,SetByBid
2025-12-22 17:34:26,2025-12-22T17:34:26,61.08,1.0,SetByBid
2025-12-22 17:34:26,2025-12-22T17:34:26,61.08,1.0,SetByBid
2025-12-22 17:34:26,2025-12-22T17:34:26,61.08,1.0,SetByBid
2025-12-22 17:34:33,2025-12-22T17:34:33,61.07,1.0,SetByAsk
2025-12-22 17:34:33,2025-12-22T17:34:33,61.07,1.0,SetByAsk
2025-12-22 17:34:35,2025-12-22T17:34:35,61.07,1.0,SetByAsk
2025-12-22 17:34:35,2025-12-22T17:34:35,61.07,1.0,SetByAsk
2025-12-22 17:34:35,2025-12-22T17:34:35,61.07,1.0,SetByAsk
2025-12-22 17:34:55,2025-12-22T17:34:55,61.07,1.0,SetByAsk
2025-12-22 17:35:25,2025-12-22T17:35:25,61.09,1.0,SetByBid
2025-12-22 17:35:25,2025-12-22T17:35:25,61.09,1.0,SetByBid
2025-12-22 17:35:25,2025-12-22T17:35:25,61.09,1.0,SetByBid
2025-12-22 17:35:25,2025-12-22T17:35:25,61.09,1.0,SetByBid
2025-12-22 17:35:25,2025-12-22T17:35:25,61.09,4.0,SetByBid
2025-12-22 17:35:25,2025-12-22T17:35:25,61.09,1.0,SetByBid
2025-12-22 17:35:25,2025-12-22T17:35:25,61.09,1.0,SetByBid
2025-12-22 17:35:25,2025-12-22T17:35:25,61.09,1.0,SetByBid
2025-12-22 17:35:25,2025-12-22T17:35:25,61.09,1.0,SetByBid
2025-12-22 17:35:25,2025-12-22T17:35:25,61.09,3.0,SetByBid
2025-12-22 17:35:25,2025-12-22T17:35:25,61.09,1.0,SetByBid
2025-12-22 17:35:25,2025-12-22T17:35:25,61.09,4.0,SetByBid
2025-12-22 17:35:25,2025-12-22T17:35:25,61.09,1.0,SetByBid
2025-12-22 17:35:25,2025-12-22T17:35:25,61.09,1.0,SetByBid
2025-12-22 17:35:25,2025-12-22T17:35:25,61.09,1.0,SetByBid
2025-12-22 17:35:25,2025-12-22T17:35:25,61.09,1.0,SetByBid
2025-12-22 17:35:25,2025-12-22T17:35:25,61.09,1.0,SetByBid
2025-12-22 17:35:25,2025-12-22T17:35:25,61.09,1.0,SetByBid
2025-12-22 17:35:25,2025-12-22T17:35:25,61.09,1.0,SetByAsk
2025-12-22 17:35:25,2025-12-22T17:35:25,61.09,1.0,SetByAsk
2025-12-22 17:35:25,2025-12-22T17:35:25,61.09,1.0,SetByAsk
2025-12-22 17:35:25,2025-12-22T17:35:25,61.1,1.0,SetByBid
2025-12-22 17:35:25,2025-12-22T17:35:25,61.1,1.0,SetByBid
2025-12-22 17:35:25,2025-12-22T17:35:25,61.1,1.0,SetByBid
2025-12-22 17:35:25,2025-12-22T17:35:25,61.1,1.0,SetByBid
2025-12-22 17:35:25,2025-12-22T17:35:25,61.09,1.0,SetByAsk
2025-12-22 17:35:26,2025-12-22T17:35:26,61.08,1.0,SetByAsk
2025-12-22 17:35:27,2025-12-22T17:35:27,61.09,1.0,SetByBid
2025-12-22 17:35:27,2025-12-22T17:35:27,61.09,1.0,SetByBid
2025-12-22 17:35:27,2025-12-22T17:35:27,61.09,1.0,SetByBid
2025-12-22 17:35:35,2025-12-22T17:35:35,61.09,2.0,SetByBid
2025-12-22 17:35:35,2025-12-22T17:35:35,61.09,1.0,SetByBid
2025-12-22 17:35:35,2025-12-22T17:35:35,61.09,1.0,SetByBid
2025-12-22 17:35:35,2025-12-22T17:35:35,61.09,2.0,SetByBid
2025-12-22 17:35:35,2025-12-22T17:35:35,61.09,1.0,SetByBid
2025-12-22 17:35:35,2025-12-22T17:35:35,61.09,1.0,SetByBid
2025-12-22 17:35:35,2025-12-22T17:35:35,61.09,3.0,SetByBid
2025-12-22 17:35:35,2025-12-22T17:35:35,61.09,1.0,SetByBid
2025-12-22 17:35:35,2025-12-22T17:35:35,61.09,1.0,SetByBid
2025-12-22 17:35:35,2025-12-22T17:35:35,61.09,2.0,SetByBid
2025-12-22 17:35:35,2025-12-22T17:35:35,61.09,5.0,SetByBid
2025-12-22 17:35:35,2025-12-22T17:35:35,61.09,5.0,SetByBid
2025-12-22 17:35:35,2025-12-22T17:35:35,61.09,5.0,SetByBid
2025-12-22 17:35:35,2025-12-22T17:35:35,61.09,5.0,SetByBid
2025-12-22 17:35:35,2025-12-22T17:35:35,61.09,3.0,SetByBid
2025-12-22 17:35:35,2025-12-22T17:35:35,61.09,2.0,SetByBid
2025-12-22 17:35:45,2025-12-22T17:35:45,61.09,4.0,SetByAsk
2025-12-22 17:35:45,2025-12-22T17:35:45,61.09,10.0,SetByAsk
2025-12-22 17:35:45,2025-12-22T17:35:45,61.09,1.0,SetByAsk
2025-12-22 17:35:45,2025-12-22T17:35:45,61.09,4.0,SetByAsk
2025-12-22 17:35:45,2025-12-22T17:35:45,61.09,6.0,SetByAsk
2025-12-22 17:35:45,2025-12-22T17:35:45,61.09,1.0,SetByAsk
2025-12-22 17:35:45,2025-12-22T17:35:45,61.09,1.0,SetByAsk
2025-12-22 17:35:45,2025-12-22T17:35:45,61.09,1.0,SetByAsk
2025-12-22 17:35:45,2025-12-22T17:35:45,61.09,1.0,SetByBid
2025-12-22 17:35:45,2025-12-22T17:35:45,61.08,1.0,SetByAsk
2025-12-22 17:36:22,2025-12-22T17:36:22,61.09,1.0,SetByAsk
2025-12-22 17:36:22,2025-12-22T17:36:22,61.09,1.0,SetByAsk
2025-12-22 17:36:28,2025-12-22T17:36:28,61.09,1.0,SetByAsk
2025-12-22 17:36:28,2025-12-22T17:36:28,61.09,1.0,SetByAsk
2025-12-22 17:36:28,2025-12-22T17:36:28,61.09,1.0,SetByAsk
2025-12-22 17:36:28,2025-12-22T17:36:28,61.09,4.0,SetByAsk
2025-12-22 17:36:41,2025-12-22T17:36:41,61.1,1.0,SetByBid
2025-12-22 17:36:41,2025-12-22T17:36:41,61.1,1.0,SetByBid
2025-12-22 17:36:41,2025-12-22T17:36:41,61.1,1.0,SetByBid
2025-12-22 17:36:41,2025-12-22T17:36:41,61.1,1.0,SetByBid
2025-12-22 17:36:41,2025-12-22T17:36:41,61.1,1.0,SetByBid
2025-12-22 17:36:41,2025-12-22T17:36:41,61.1,1.0,SetByBid
2025-12-22 17:36:41,2025-12-22T17:36:41,61.1,1.0,SetByBid
2025-12-22 17:36:41,2025-12-22T17:36:41,61.1,1.0,SetByBid
2025-12-22 17:36:41,2025-12-22T17:36:41,61.1,1.0,SetByBid
2025-12-22 17:36:41,2025-12-22T17:36:41,61.1,1.0,SetByBid
2025-12-22 17:36:41,2025-12-22T17:36:41,61.1,1.0,SetByBid
2025-12-22 17:36:41,2025-12-22T17:36:41,61.1,1.0,SetByBid
2025-12-22 17:36:41,2025-12-22T17:36:41,61.1,1.0,SetByBid
2025-12-22 17:36:41,2025-12-22T17:36:41,61.1,1.0,SetByBid
2025-12-22 17:36:41,2025-12-22T17:36:41,61.1,1.0,SetByBid
2025-12-22 17:36:41,2025-12-22T17:36:41,61.1,1.0,SetByBid
2025-12-22 17:36:41,2025-12-22T17:36:41,61.1,1.0,SetByBid
2025-12-22 17:36:41,2025-12-22T17:36:41,61.1,1.0,SetByBid
2025-12-22 17:36:41,2025-12-22T17:36:41,61.1,1.0,SetByBid
2025-12-22 17:36:41,2025-12-22T17:36:41,61.1,1.0,SetByBid
2025-12-22 17:36:41,2025-12-22T17:36:41,61.1,1.0,SetByBid
2025-12-22 17:36:41,2025-12-22T17:36:41,61.1,1.0,SetByBid
2025-12-22 17:36:41,2025-12-22T17:36:41,61.1,1.0,SetByBid
2025-12-22 17:36:41,2025-12-22T17:36:41,61.1,1.0,SetByBid
2025-12-22 17:36:41,2025-12-22T17:36:41,61.1,1.0,SetByBid
2025-12-22 17:36:41,2025-12-22T17:36:41,61.1,1.0,SetByBid
2025-12-22 17:36:41,2025-12-22T17:36:41,61.1,1.0,SetByBid
2025-12-22 17:36:41,2025-12-22T17:36:41,61.1,1.0,SetByBid
2025-12-22 17:36:41,2025-12-22T17:36:41,61.1,1.0,SetByBid
2025-12-22 17:36:41,2025-12-22T17:36:41,61.1,1.0,SetByBid
2025-12-22 17:36:41,2025-12-22T17:36:41,61.1,1.0,SetByBid
2025-12-22 17:36:41,2025-12-22T17:36:41,61.1,1.0,SetByBid
2025-12-22 17:36:41,2025-12-22T17:36:41,61.1,1.0,SetByBid
2025-12-22 17:36:41,2025-12-22T17:36:41,61.1,1.0,SetByBid
2025-12-22 17:36:41,2025-12-22T17:36:41,61.1,1.0,SetByBid
2025-12-22 17:36:41,2025-12-22T17:36:41,61.1,1.0,SetByBid
2025-12-22 17:36:41,2025-12-22T17:36:41,61.1,1.0,SetByBid
2025-12-22 17:36:41,2025-12-22T17:36:41,61.1,1.0,SetByBid
2025-12-22 17:36:41,2025-12-22T17:36:41,61.1,1.0,SetByBid
2025-12-22 17:36:41,2025-12-22T17:36:41,61.1,1.0,SetByBid
2025-12-22 17:36:41,2025-12-22T17:36:41,61.1,1.0,SetByBid
2025-12-22 17:36:41,2025-12-22T17:36:41,61.1,1.0,SetByBid
2025-12-22 17:36:41,2025-12-22T17:36:41,61.1,1.0,SetByBid
2025-12-22 17:36:41,2025-12-22T17:36:41,61.1,1.0,SetByBid
2025-12-22 17:36:41,2025-12-22T17:36:41,61.1,1.0,SetByBid
2025-12-22 17:36:41,2025-12-22T17:36:41,61.1,1.0,SetByBid
2025-12-22 17:36:41,2025-12-22T17:36:41,61.1,1.0,SetByBid
2025-12-22 17:36:41,2025-12-22T17:36:41,61.1,1.0,SetByBid
2025-12-22 17:36:41,2025-12-22T17:36:41,61.1,1.0,SetByBid
2025-12-22 17:36:41,2025-12-22T17:36:41,61.1,1.0,SetByBid
2025-12-22 17:36:41,2025-12-22T17:36:41,61.1,1.0,SetByBid
2025-12-22 17:36:41,2025-12-22T17:36:41,61.1,1.0,SetByBid
2025-12-22 17:36:41,2025-12-22T17:36:41,61.1,1.0,SetByBid
2025-12-22 17:36:41,2025-12-22T17:36:41,61.1,1.0,SetByBid
2025-12-22 17:36:41,2025-12-22T17:36:41,61.1,1.0,SetByBid
2025-12-22 17:36:41,2025-12-22T17:36:41,61.1,1.0,SetByBid
2025-12-22 17:36:41,2025-12-22T17:36:41,61.1,1.0,SetByBid
2025-12-22 17:36:41,2025-12-22T17:36:41,61.1,1.0,SetByBid
2025-12-22 17:36:41,2025-12-22T17:36:41,61.1,1.0,SetByBid
2025-12-22 17:36:41,2025-12-22T17:36:41,61.1,1.0,SetByBid
2025-12-22 17:36:41,2025-12-22T17:36:41,61.1,1.0,SetByBid
2025-12-22 17:36:41,2025-12-22T17:36:41,61.1,1.0,SetByBid
2025-12-22 17:36:41,2025-12-22T17:36:41,61.1,1.0,SetByBid
2025-12-22 17:36:41,2025-12-22T17:36:41,61.1,1.0,SetByBid
2025-12-22 17:36:41,2025-12-22T17:36:41,61.1,1.0,SetByBid
2025-12-22 17:36:41,2025-12-22T17:36:41,61.1,1.0,SetByBid
2025-12-22 17:36:41,2025-12-22T17:36:41,61.1,1.0,SetByBid
2025-12-22 17:36:41,2025-12-22T17:36:41,61.1,1.0,SetByBid
2025-12-22 17:36:41,2025-12-22T17:36:41,61.1,1.0,SetByBid
2025-12-22 17:36:41,2025-12-22T17:36:41,61.1,1.0,SetByBid
2025-12-22 17:36:41,2025-12-22T17:36:41,61.1,1.0,SetByBid
2025-12-22 17:36:41,2025-12-22T17:36:41,61.1,1.0,SetByBid
2025-12-22 17:36:41,2025-12-22T17:36:41,61.1,1.0,SetByBid
2025-12-22 17:36:41,2025-12-22T17:36:41,61.1,1.0,SetByBid
2025-12-22 17:36:41,2025-12-22T17:36:41,61.1,1.0,SetByBid
2025-12-22 17:36:41,2025-12-22T17:36:41,61.1,1.0,SetByBid
2025-12-22 17:36:41,2025-12-22T17:36:41,61.1,1.0,SetByBid
2025-12-22 17:36:41,2025-12-22T17:36:41,61.1,1.0,SetByBid
2025-12-22 17:36:41,2025-12-22T17:36:41,61.09,1.0,SetByAsk
2025-12-22 17:36:41,2025-12-22T17:36:41,61.09,1.0,SetByAsk
2025-12-22 17:36:41,2025-12-22T17:36:41,61.09,1.0,SetByAsk
2025-12-22 17:36:41,2025-12-22T17:36:41,61.09,1.0,SetByAsk
2025-12-22 17:36:41,2025-12-22T17:36:41,61.09,1.0,SetByAsk
2025-12-22 17:36:41,2025-12-22T17:36:41,61.09,100.0,SetByAsk
2025-12-22 17:36:41,2025-12-22T17:36:41,61.09,1.0,SetByAsk
2025-12-22 17:36:41,2025-12-22T17:36:41,61.09,1.0,SetByAsk
2025-12-22 17:36:43,2025-12-22T17:36:43,61.1,1.0,SetByBid
2025-12-22 17:36:54,2025-12-22T17:36:54,61.1,1.0,SetByBid
2025-12-22 17:36:54,2025-12-22T17:36:54,61.1,1.0,SetByBid
2025-12-22 17:36:54,2025-12-22T17:36:54,61.1,1.0,SetByAsk
2025-12-22 17:37:39,2025-12-22T17:37:39,61.1,1.0,SetByBid
2025-12-22 17:37:39,2025-12-22T17:37:39,61.1,1.0,SetByBid
2025-12-22 17:37:39,2025-12-22T17:37:39,61.1,1.0,SetByAsk
2025-12-22 17:38:02,2025-12-22T17:38:02,61.1,1.0,SetByAsk
2025-12-22 17:38:02,2025-12-22T17:38:02,61.1,1.0,SetByAsk
2025-12-22 17:38:03,2025-12-22T17:38:03,61.1,1.0,SetByAsk
2025-12-22 17:38:03,2025-12-22T17:38:03,61.1,1.0,SetByAsk
2025-12-22 17:38:03,2025-12-22T17:38:03,61.1,1.0,SetByAsk
2025-12-22 17:38:04,2025-12-22T17:38:04,61.1,1.0,SetByAsk
2025-12-22 17:38:04,2025-12-22T17:38:04,61.1,1.0,SetByAsk
2025-12-22 17:38:04,2025-12-22T17:38:04,61.11,1.0,SetByBid
2025-12-22 17:38:04,2025-12-22T17:38:04,61.11,1.0,SetByBid
2025-12-22 17:38:04,2025-12-22T17:38:04,61.11,1.0,SetByBid
2025-12-22 17:38:04,2025-12-22T17:38:04,61.11,1.0,SetByAsk
2025-12-22 17:38:04,2025-12-22T17:38:04,61.11,1.0,SetByAsk
2025-12-22 17:38:07,2025-12-22T17:38:07,61.11,1.0,SetByAsk
2025-12-22 17:38:08,2025-12-22T17:38:08,61.11,1.0,SetByAsk
2025-12-22 17:38:08,2025-12-22T17:38:08,61.11,1.0,SetByAsk
2025-12-22 17:38:09,2025-12-22T17:38:09,61.11,1.0,SetByAsk
2025-12-22 17:38:09,2025-12-22T17:38:09,61.11,1.0,SetByAsk
2025-12-22 17:38:09,2025-12-22T17:38:09,61.11,1.0,SetByAsk
2025-12-22 17:38:09,2025-12-22T17:38:09,61.11,1.0,SetByAsk
2025-12-22 17:38:10,2025-12-22T17:38:10,61.11,1.0,SetByAsk
2025-12-22 17:38:10,2025-12-22T17:38:10,61.11,1.0,SetByAsk
2025-12-22 17:38:10,2025-12-22T17:38:10,61.11,1.0,SetByAsk
2025-12-22 17:38:10,2025-12-22T17:38:10,61.1,1.0,SetByAsk
2025-12-22 17:38:21,2025-12-22T17:38:21,61.11,1.0,SetByAsk
2025-12-22 17:38:21,2025-12-22T17:38:21,61.11,1.0,SetByAsk
2025-12-22 17:38:27,2025-12-22T17:38:27,61.11,1.0,SetByAsk
2025-12-22 17:38:27,2025-12-22T17:38:27,61.11,1.0,SetByAsk
2025-12-22 17:38:27,2025-12-22T17:38:27,61.1,1.0,SetByAsk
2025-12-22 17:38:50,2025-12-22T17:38:50,61.11,1.0,SetByAsk
2025-12-22 17:38:50,2025-12-22T17:38:50,61.11,1.0,SetByAsk
2025-12-22 17:38:50,2025-12-22T17:38:50,61.11,2.0,SetByAsk
2025-12-22 17:38:54,2025-12-22T17:38:54,61.12,1.0,SetByBid
2025-12-22 17:38:54,2025-12-22T17:38:54,61.12,2.0,SetByBid
2025-12-22 17:38:54,2025-12-22T17:38:54,61.12,1.0,SetByBid
2025-12-22 17:38:54,2025-12-22T17:38:54,61.12,1.0,SetByAsk
2025-12-22 17:38:56,2025-12-22T17:38:56,61.12,1.0,SetByAsk
2025-12-22 17:38:56,2025-12-22T17:38:56,61.12,4.0,SetByAsk
2025-12-22 17:38:56,2025-12-22T17:38:56,61.12,1.0,SetByAsk
2025-12-22 17:38:56,2025-12-22T17:38:56,61.12,1.0,SetByAsk
2025-12-22 17:38:58,2025-12-22T17:38:58,61.12,1.0,SetByBid
2025-12-22 17:38:58,2025-12-22T17:38:58,61.12,1.0,SetByBid
2025-12-22 17:38:58,2025-12-22T17:38:58,61.12,3.0,SetByBid
2025-12-22 17:38:59,2025-12-22T17:38:59,61.12,2.0,SetByBid
2025-12-22 17:38:59,2025-12-22T17:38:59,61.12,1.0,SetByBid
2025-12-22 17:38:59,2025-12-22T17:38:59,61.12,1.0,SetByBid
2025-12-22 17:38:59,2025-12-22T17:38:59,61.12,1.0,SetByBid
2025-12-22 17:38:59,2025-12-22T17:38:59,61.12,2.0,SetByBid
2025-12-22 17:38:59,2025-12-22T17:38:59,61.12,1.0,SetByBid
2025-12-22 17:39:04,2025-12-22T17:39:04,61.12,1.0,SetByAsk
2025-12-22 17:39:04,2025-12-22T17:39:04,61.12,1.0,SetByAsk
2025-12-22 17:39:05,2025-12-22T17:39:05,61.12,1.0,SetByAsk
2025-12-22 17:39:05,2025-12-22T17:39:05,61.12,1.0,SetByAsk
2025-12-22 17:39:05,2025-12-22T17:39:05,61.11,1.0,SetByAsk
2025-12-22 17:39:05,2025-12-22T17:39:05,61.11,1.0,SetByAsk
2025-12-22 17:39:09,2025-12-22T17:39:09,61.11,1.0,SetByAsk
2025-12-22 17:39:09,2025-12-22T17:39:09,61.11,1.0,SetByAsk
2025-12-22 17:39:09,2025-12-22T17:39:09,61.11,1.0,SetByAsk
2025-12-22 17:39:09,2025-12-22T17:39:09,61.11,1.0,SetByAsk
2025-12-22 17:39:09,2025-12-22T17:39:09,61.11,1.0,SetByAsk
2025-12-22 17:39:09,2025-12-22T17:39:09,61.11,1.0,SetByAsk
2025-12-22 17:39:09,2025-12-22T17:39:09,61.11,2.0,SetByAsk
2025-12-22 17:39:09,2025-12-22T17:39:09,61.11,2.0,SetByAsk
2025-12-22 17:39:09,2025-12-22T17:39:09,61.11,1.0,SetByAsk
2025-12-22 17:39:09,2025-12-22T17:39:09,61.11,1.0,SetByAsk
2025-12-22 17:39:09,2025-12-22T17:39:09,61.11,1.0,SetByAsk
2025-12-22 17:39:09,2025-12-22T17:39:09,61.11,1.0,SetByAsk
2025-12-22 17:39:09,2025-12-22T17:39:09,61.11,2.0,SetByAsk
2025-12-22 17:39:09,2025-12-22T17:39:09,61.11,1.0,SetByBid
2025-12-22 17:39:09,2025-12-22T17:39:09,61.11,3.0,SetByBid
2025-12-22 17:39:09,2025-12-22T17:39:09,61.11,1.0,SetByBid
2025-12-22 17:39:09,2025-12-22T17:39:09,61.11,1.0,SetByBid
2025-12-22 17:39:09,2025-12-22T17:39:09,61.11,1.0,SetByBid
2025-12-22 17:39:09,2025-12-22T17:39:09,61.11,2.0,SetByBid
2025-12-22 17:39:09,2025-12-22T17:39:09,61.11,12.0,SetByBid
2025-12-22 17:39:09,2025-12-22T17:39:09,61.11,2.0,SetByBid
2025-12-22 17:39:14,2025-12-22T17:39:14,61.11,1.0,SetByAsk
2025-12-22 17:39:14,2025-12-22T17:39:14,61.11,1.0,SetByAsk
2025-12-22 17:39:14,2025-12-22T17:39:14,61.11,1.0,SetByAsk
2025-12-22 17:39:14,2025-12-22T17:39:14,61.11,1.0,SetByAsk
2025-12-22 17:39:20,2025-12-22T17:39:20,61.11,1.0,SetByAsk
2025-12-22 17:39:20,2025-12-22T17:39:20,61.11,1.0,SetByAsk
2025-12-22 17:39:20,2025-12-22T17:39:20,61.11,1.0,SetByBid
2025-12-22 17:39:20,2025-12-22T17:39:20,61.1,1.0,SetByAsk
2025-12-22 17:39:21,2025-12-22T17:39:21,61.1,1.0,SetByAsk
2025-12-22 17:39:21,2025-12-22T17:39:21,61.1,1.0,SetByAsk
2025-12-22 17:39:35,2025-12-22T17:39:35,61.13,1.0,SetByBid
2025-12-22 17:39:35,2025-12-22T17:39:35,61.13,1.0,SetByBid
2025-12-22 17:39:35,2025-12-22T17:39:35,61.13,1.0,SetByBid
2025-12-22 17:39:35,2025-12-22T17:39:35,61.14,1.0,SetByBid
2025-12-22 17:39:35,2025-12-22T17:39:35,61.14,1.0,SetByBid
2025-12-22 17:39:35,2025-12-22T17:39:35,61.14,1.0,SetByBid
2025-12-22 17:39:35,2025-12-22T17:39:35,61.14,1.0,SetByBid
2025-12-22 17:39:35,2025-12-22T17:39:35,61.14,1.0,SetByBid
2025-12-22 17:39:35,2025-12-22T17:39:35,61.14,1.0,SetByBid
2025-12-22 17:39:35,2025-12-22T17:39:35,61.14,1.0,SetByBid
2025-12-22 17:39:35,2025-12-22T17:39:35,61.13,1.0,SetByAsk
2025-12-22 17:39:35,2025-12-22T17:39:35,61.13,1.0,SetByAsk
2025-12-22 17:39:35,2025-12-22T17:39:35,61.13,1.0,SetByAsk
2025-12-22 17:39:37,2025-12-22T17:39:37,61.13,1.0,SetByBid
2025-12-22 17:39:37,2025-12-22T17:39:37,61.13,1.0,SetByBid
2025-12-22 17:39:37,2025-12-22T17:39:37,61.13,1.0,SetByBid
2025-12-22 17:39:43,2025-12-22T17:39:43,61.12,1.0,SetByAsk
2025-12-22 17:39:44,2025-12-22T17:39:44,61.12,2.0,SetByAsk
2025-12-22 17:39:44,2025-12-22T17:39:44,61.12,1.0,SetByAsk
2025-12-22 17:39:44,2025-12-22T17:39:44,61.12,1.0,SetByAsk
2025-12-22 17:39:44,2025-12-22T17:39:44,61.12,3.0,SetByAsk
2025-12-22 17:39:44,2025-12-22T17:39:44,61.12,1.0,SetByAsk
2025-12-22 17:39:44,2025-12-22T17:39:44,61.12,1.0,SetByAsk
2025-12-22 17:39:44,2025-12-22T17:39:44,61.12,1.0,SetByAsk
2025-12-22 17:39:45,2025-12-22T17:39:45,61.12,1.0,SetByAsk
2025-12-22 17:39:45,2025-12-22T17:39:45,61.12,1.0,SetByAsk
2025-12-22 17:39:45,2025-12-22T17:39:45,61.12,2.0,SetByAsk
2025-12-22 17:39:45,2025-12-22T17:39:45,61.12,1.0,SetByAsk
2025-12-22 17:39:45,2025-12-22T17:39:45,61.12,1.0,SetByAsk
2025-12-22 17:39:45,2025-12-22T17:39:45,61.12,1.0,SetByAsk
2025-12-22 17:39:45,2025-12-22T17:39:45,61.12,2.0,SetByAsk
2025-12-22 17:39:45,2025-12-22T17:39:45,61.12,1.0,SetByAsk
2025-12-22 17:39:55,2025-12-22T17:39:55,61.14,1.0,SetByBid
2025-12-22 17:40:01,2025-12-22T17:40:01,61.12,1.0,SetByAsk
2025-12-22 17:40:01,2025-12-22T17:40:01,61.12,1.0,SetByAsk
2025-12-22 17:40:02,2025-12-22T17:40:02,61.12,1.0,SetByAsk
2025-12-22 17:40:02,2025-12-22T17:40:02,61.12,1.0,SetByAsk
2025-12-22 17:40:02,2025-12-22T17:40:02,61.12,1.0,SetByAsk
2025-12-22 17:40:03,2025-12-22T17:40:03,61.12,1.0,SetByAsk
2025-12-22 17:40:05,2025-12-22T17:40:05,61.12,1.0,SetByBid
2025-12-22 17:40:06,2025-12-22T17:40:06,61.12,1.0,SetByAsk
2025-12-22 17:40:06,2025-12-22T17:40:06,61.11,1.0,SetByAsk
2025-12-22 17:40:06,2025-12-22T17:40:06,61.11,1.0,SetByAsk
2025-12-22 17:40:07,2025-12-22T17:40:07,61.11,1.0,SetByAsk
2025-12-22 17:40:43,2025-12-22T17:40:43,61.11,1.0,SetByAsk
2025-12-22 17:40:43,2025-12-22T17:40:43,61.11,1.0,SetByAsk
2025-12-22 17:40:43,2025-12-22T17:40:43,61.11,1.0,SetByAsk
2025-12-22 17:40:43,2025-12-22T17:40:43,61.11,1.0,SetByAsk
2025-12-22 17:40:43,2025-12-22T17:40:43,61.11,2.0,SetByAsk
2025-12-22 17:40:43,2025-12-22T17:40:43,61.11,3.0,SetByAsk
2025-12-22 17:40:43,2025-12-22T17:40:43,61.11,1.0,SetByBid
2025-12-22 17:40:54,2025-12-22T17:40:54,61.1,1.0,SetByAsk
2025-12-22 17:40:54,2025-12-22T17:40:54,61.1,1.0,SetByAsk
2025-12-22 17:40:54,2025-12-22T17:40:54,61.1,1.0,SetByAsk
2025-12-22 17:40:54,2025-12-22T17:40:54,61.1,1.0,SetByAsk
2025-12-22 17:40:54,2025-12-22T17:40:54,61.1,1.0,SetByAsk
2025-12-22 17:40:54,2025-12-22T17:40:54,61.1,1.0,SetByAsk
2025-12-22 17:40:54,2025-12-22T17:40:54,61.1,1.0,SetByAsk
2025-12-22 17:40:54,2025-12-22T17:40:54,61.1,1.0,SetByAsk
2025-12-22 17:40:54,2025-12-22T17:40:54,61.1,1.0,SetByAsk
2025-12-22 17:40:56,2025-12-22T17:40:56,61.1,1.0,SetByAsk
2025-12-22 17:40:56,2025-12-22T17:40:56,61.1,1.0,SetByAsk
2025-12-22 17:40:56,2025-12-22T17:40:56,61.1,1.0,SetByAsk
2025-12-22 17:40:56,2025-12-22T17:40:56,61.1,1.0,SetByAsk
2025-12-22 17:40:56,2025-12-22T17:40:56,61.1,2.0,SetByAsk
2025-12-22 17:40:56,2025-12-22T17:40:56,61.1,1.0,SetByAsk
2025-12-22 17:40:56,2025-12-22T17:40:56,61.1,1.0,SetByAsk
2025-12-22 17:41:00,2025-12-22T17:41:00,61.1,1.0,SetByBid
2025-12-22 17:41:00,2025-12-22T17:41:00,61.1,1.0,SetByBid
2025-12-22 17:41:00,2025-12-22T17:41:00,61.1,1.0,SetByBid
2025-12-22 17:41:00,2025-12-22T17:41:00,61.1,1.0,SetByBid
2025-12-22 17:41:00,2025-12-22T17:41:00,61.1,2.0,SetByBid
2025-12-22 17:41:00,2025-12-22T17:41:00,61.1,1.0,SetByBid
2025-12-22 17:41:01,2025-12-22T17:41:01,61.09,1.0,SetByAsk
2025-12-22 17:41:01,2025-12-22T17:41:01,61.09,1.0,SetByAsk
2025-12-22 17:41:01,2025-12-22T17:41:01,61.09,1.0,SetByAsk
2025-12-22 17:41:01,2025-12-22T17:41:01,61.09,1.0,SetByAsk
2025-12-22 17:41:21,2025-12-22T17:41:21,61.11,1.0,SetByAsk
2025-12-22 17:42:04,2025-12-22T17:42:04,61.11,2.0,SetByBid
2025-12-22 17:42:04,2025-12-22T17:42:04,61.11,1.0,SetByBid
2025-12-22 17:42:04,2025-12-22T17:42:04,61.11,1.0,SetByBid
2025-12-22 17:42:04,2025-12-22T17:42:04,61.11,1.0,SetByBid
2025-12-22 17:42:25,2025-12-22T17:42:25,61.1,1.0,SetByAsk
2025-12-22 17:42:25,2025-12-22T17:42:25,61.1,1.0,SetByAsk
2025-12-22 17:42:25,2025-12-22T17:42:25,61.1,1.0,SetByAsk
2025-12-22 17:42:25,2025-12-22T17:42:25,61.1,1.0,SetByAsk
2025-12-22 17:42:25,2025-12-22T17:42:25,61.1,2.0,SetByAsk
2025-12-22 17:42:40,2025-12-22T17:42:40,61.1,1.0,SetByBid
2025-12-22 17:42:40,2025-12-22T17:42:40,61.1,2.0,SetByBid
2025-12-22 17:42:40,2025-12-22T17:42:40,61.1,1.0,SetByBid
2025-12-22 17:42:40,2025-12-22T17:42:40,61.1,1.0,SetByBid
2025-12-22 17:42:40,2025-12-22T17:42:40,61.1,1.0,SetByBid
2025-12-22 17:42:40,2025-12-22T17:42:40,61.1,1.0,SetByBid
2025-12-22 17:42:40,2025-12-22T17:42:40,61.1,1.0,SetByBid
2025-12-22 17:42:40,2025-12-22T17:42:40,61.1,1.0,SetByBid
2025-12-22 17:42:40,2025-12-22T17:42:40,61.1,1.0,SetByAsk
2025-12-22 17:42:40,2025-12-22T17:42:40,61.1,1.0,SetByAsk
2025-12-22 17:42:54,2025-12-22T17:42:54,61.12,1.0,SetByBid
2025-12-22 17:43:12,2025-12-22T17:43:12,61.13,1.0,SetByAsk
2025-12-22 17:43:12,2025-12-22T17:43:12,61.13,1.0,SetByAsk
2025-12-22 17:43:13,2025-12-22T17:43:13,61.13,1.0,SetByAsk
2025-12-22 17:43:13,2025-12-22T17:43:13,61.13,1.0,SetByAsk
2025-12-22 17:43:14,2025-12-22T17:43:14,61.13,1.0,SetByAsk
2025-12-22 17:43:14,2025-12-22T17:43:14,61.12,1.0,SetByAsk
2025-12-22 17:43:14,2025-12-22T17:43:14,61.12,1.0,SetByAsk
2025-12-22 17:43:34,2025-12-22T17:43:34,61.13,1.0,SetByBid
2025-12-22 17:43:34,2025-12-22T17:43:34,61.13,1.0,SetByBid
2025-12-22 17:43:34,2025-12-22T17:43:34,61.13,2.0,SetByBid
2025-12-22 17:43:56,2025-12-22T17:43:56,61.12,1.0,SetByBid
2025-12-22 17:44:04,2025-12-22T17:44:04,61.15,1.0,SetByAsk
2025-12-22 17:44:04,2025-12-22T17:44:04,61.15,1.0,SetByAsk
2025-12-22 17:44:04,2025-12-22T17:44:04,61.15,1.0,SetByAsk
2025-12-22 17:44:05,2025-12-22T17:44:05,61.14,1.0,SetByAsk
2025-12-22 17:44:05,2025-12-22T17:44:05,61.14,1.0,SetByAsk
2025-12-22 17:44:06,2025-12-22T17:44:06,61.14,1.0,SetByAsk
2025-12-22 17:44:08,2025-12-22T17:44:08,61.15,1.0,SetByAsk
2025-12-22 17:44:08,2025-12-22T17:44:08,61.15,1.0,SetByAsk
2025-12-22 17:44:08,2025-12-22T17:44:08,61.15,1.0,SetByAsk
2025-12-22 17:44:13,2025-12-22T17:44:13,61.17,1.0,SetByBid
2025-12-22 17:44:13,2025-12-22T17:44:13,61.17,1.0,SetByBid
2025-12-22 17:44:13,2025-12-22T17:44:13,61.17,1.0,SetByBid
2025-12-22 17:44:13,2025-12-22T17:44:13,61.17,1.0,SetByBid
2025-12-22 17:44:13,2025-12-22T17:44:13,61.17,1.0,SetByAsk
2025-12-22 17:44:13,2025-12-22T17:44:13,61.16,1.0,SetByAsk
2025-12-22 17:44:14,2025-12-22T17:44:14,61.16,1.0,SetByAsk
2025-12-22 17:44:14,2025-12-22T17:44:14,61.16,1.0,SetByAsk
2025-12-22 17:44:15,2025-12-22T17:44:15,61.18,1.0,SetByBid
2025-12-22 17:44:15,2025-12-22T17:44:15,61.18,1.0,SetByBid
2025-12-22 17:44:15,2025-12-22T17:44:15,61.18,1.0,SetByBid
2025-12-22 17:44:15,2025-12-22T17:44:15,61.18,1.0,SetByBid
2025-12-22 17:44:15,2025-12-22T17:44:15,61.18,2.0,SetByBid
2025-12-22 17:44:15,2025-12-22T17:44:15,61.17,1.0,SetByAsk
2025-12-22 17:44:15,2025-12-22T17:44:15,61.17,1.0,SetByAsk
2025-12-22 17:44:15,2025-12-22T17:44:15,61.17,1.0,SetByAsk
2025-12-22 17:44:15,2025-12-22T17:44:15,61.17,1.0,SetByAsk
2025-12-22 17:44:16,2025-12-22T17:44:16,61.18,1.0,SetByBid
2025-12-22 17:44:16,2025-12-22T17:44:16,61.17,1.0,SetByAsk
2025-12-22 17:44:16,2025-12-22T17:44:16,61.17,1.0,SetByAsk
2025-12-22 17:44:16,2025-12-22T17:44:16,61.17,1.0,SetByAsk
2025-12-22 17:44:16,2025-12-22T17:44:16,61.17,1.0,SetByAsk
2025-12-22 17:44:16,2025-12-22T17:44:16,61.17,1.0,SetByAsk
2025-12-22 17:44:16,2025-12-22T17:44:16,61.18,1.0,SetByBid
2025-12-22 17:44:16,2025-12-22T17:44:16,61.17,1.0,SetByAsk
2025-12-22 17:44:22,2025-12-22T17:44:22,61.18,1.0,SetByBid
2025-12-22 17:44:23,2025-12-22T17:44:23,61.19,1.0,SetByBid
2025-12-22 17:44:23,2025-12-22T17:44:23,61.19,1.0,SetByBid
2025-12-22 17:44:23,2025-12-22T17:44:23,61.19,1.0,SetByBid
2025-12-22 17:44:37,2025-12-22T17:44:37,61.18,1.0,SetByBid
2025-12-22 17:44:37,2025-12-22T17:44:37,61.18,1.0,SetByBid
2025-12-22 17:44:37,2025-12-22T17:44:37,61.18,1.0,SetByBid
2025-12-22 17:44:37,2025-12-22T17:44:37,61.18,1.0,SetByBid
2025-12-22 17:44:38,2025-12-22T17:44:38,61.18,1.0,SetByAsk
2025-12-22 17:44:45,2025-12-22T17:44:45,61.17,1.0,SetByAsk
2025-12-22 17:44:45,2025-12-22T17:44:45,61.17,1.0,SetByAsk
2025-12-22 17:44:45,2025-12-22T17:44:45,61.17,1.0,SetByAsk
2025-12-22 17:44:45,2025-12-22T17:44:45,61.17,1.0,SetByAsk
2025-12-22 17:44:45,2025-12-22T17:44:45,61.17,1.0,SetByAsk
2025-12-22 17:44:45,2025-12-22T17:44:45,61.17,3.0,SetByAsk
2025-12-22 17:44:45,2025-12-22T17:44:45,61.17,2.0,SetByAsk
2025-12-22 17:44:46,2025-12-22T17:44:46,61.17,1.0,SetByAsk
2025-12-22 17:44:46,2025-12-22T17:44:46,61.17,1.0,SetByAsk
2025-12-22 17:44:46,2025-12-22T17:44:46,61.17,2.0,SetByAsk
2025-12-22 17:44:46,2025-12-22T17:44:46,61.17,1.0,SetByAsk
2025-12-22 17:44:46,2025-12-22T17:44:46,61.17,1.0,SetByAsk
2025-12-22 17:44:46,2025-12-22T17:44:46,61.17,1.0,SetByAsk
2025-12-22 17:44:46,2025-12-22T17:44:46,61.17,1.0,SetByAsk
2025-12-22 17:44:46,2025-12-22T17:44:46,61.17,1.0,SetByAsk
2025-12-22 17:44:51,2025-12-22T17:44:51,61.17,1.0,SetByAsk
2025-12-22 17:44:51,2025-12-22T17:44:51,61.17,1.0,SetByAsk
2025-12-22 17:44:51,2025-12-22T17:44:51,61.17,1.0,SetByAsk
2025-12-22 17:44:51,2025-12-22T17:44:51,61.17,2.0,SetByAsk
2025-12-22 17:44:51,2025-12-22T17:44:51,61.17,1.0,SetByAsk
2025-12-22 17:44:51,2025-12-22T17:44:51,61.17,1.0,SetByAsk
2025-12-22 17:44:51,2025-12-22T17:44:51,61.17,1.0,SetByAsk
2025-12-22 17:44:51,2025-12-22T17:44:51,61.17,1.0,SetByAsk
2025-12-22 17:45:00,2025-12-22T17:45:00,61.17,1.0,SetByAsk
2025-12-22 17:45:15,2025-12-22T17:45:15,61.18,1.0,SetByBid
2025-12-22 17:45:15,2025-12-22T17:45:15,61.18,1.0,SetByBid
2025-12-22 17:45:15,2025-12-22T17:45:15,61.18,1.0,SetByBid
2025-12-22 17:45:15,2025-12-22T17:45:15,61.18,2.0,SetByAsk
2025-12-22 17:45:15,2025-12-22T17:45:15,61.18,1.0,SetByAsk
2025-12-22 17:45:15,2025-12-22T17:45:15,61.18,1.0,SetByBid
2025-12-22 17:45:15,2025-12-22T17:45:15,61.18,1.0,SetByBid
2025-12-22 17:45:15,2025-12-22T17:45:15,61.18,1.0,SetByBid
2025-12-22 17:45:15,2025-12-22T17:45:15,61.18,1.0,SetByBid
2025-12-22 17:45:15,2025-12-22T17:45:15,61.18,2.0,SetByBid
2025-12-22 17:45:24,2025-12-22T17:45:24,61.19,1.0,SetByBid
2025-12-22 17:45:24,2025-12-22T17:45:24,61.19,1.0,SetByBid
2025-12-22 17:45:24,2025-12-22T17:45:24,61.19,1.0,SetByBid
2025-12-22 17:45:30,2025-12-22T17:45:30,61.19,1.0,SetByAsk
2025-12-22 17:45:33,2025-12-22T17:45:33,61.19,1.0,SetByAsk
2025-12-22 17:45:40,2025-12-22T17:45:40,61.19,1.0,SetByBid
2025-12-22 17:45:40,2025-12-22T17:45:40,61.19,1.0,SetByBid
2025-12-22 17:45:40,2025-12-22T17:45:40,61.19,1.0,SetByBid
2025-12-22 17:45:40,2025-12-22T17:45:40,61.19,2.0,SetByBid
2025-12-22 17:45:40,2025-12-22T17:45:40,61.19,3.0,SetByBid
2025-12-22 17:45:40,2025-12-22T17:45:40,61.19,1.0,SetByBid
2025-12-22 17:45:40,2025-12-22T17:45:40,61.19,1.0,SetByBid
2025-12-22 17:45:41,2025-12-22T17:45:41,61.19,1.0,SetByBid
2025-12-22 17:45:41,2025-12-22T17:45:41,61.19,1.0,SetByBid
2025-12-22 17:45:41,2025-12-22T17:45:41,61.19,1.0,SetByBid
2025-12-22 17:45:41,2025-12-22T17:45:41,61.19,1.0,SetByBid
2025-12-22 17:45:41,2025-12-22T17:45:41,61.19,1.0,SetByBid
2025-12-22 17:45:43,2025-12-22T17:45:43,61.18,1.0,SetByAsk
2025-12-22 17:45:43,2025-12-22T17:45:43,61.18,1.0,SetByAsk
2025-12-22 17:45:43,2025-12-22T17:45:43,61.18,1.0,SetByAsk
2025-12-22 17:45:48,2025-12-22T17:45:48,61.19,1.0,SetByBid
2025-12-22 17:45:48,2025-12-22T17:45:48,61.19,1.0,SetByBid
2025-12-22 17:45:48,2025-12-22T17:45:48,61.19,1.0,SetByBid
2025-12-22 17:45:48,2025-12-22T17:45:48,61.19,1.0,SetByBid
2025-12-22 17:45:48,2025-12-22T17:45:48,61.19,1.0,SetByBid
2025-12-22 17:45:48,2025-12-22T17:45:48,61.19,1.0,SetByBid
2025-12-22 17:45:48,2025-12-22T17:45:48,61.19,1.0,SetByBid
2025-12-22 17:45:48,2025-12-22T17:45:48,61.19,1.0,SetByBid
2025-12-22 17:45:49,2025-12-22T17:45:49,61.19,1.0,SetByBid
2025-12-22 17:45:49,2025-12-22T17:45:49,61.19,1.0,SetByBid
2025-12-22 17:45:49,2025-12-22T17:45:49,61.19,1.0,SetByBid
2025-12-22 17:45:49,2025-12-22T17:45:49,61.19,1.0,SetByBid
2025-12-22 17:45:52,2025-12-22T17:45:52,61.18,1.0,SetByBid
2025-12-22 17:45:52,2025-12-22T17:45:52,61.18,4.0,SetByBid
2025-12-22 17:46:00,2025-12-22T17:46:00,61.19,1.0,SetByBid
2025-12-22 17:46:00,2025-12-22T17:46:00,61.19,1.0,SetByBid
2025-12-22 17:46:00,2025-12-22T17:46:00,61.19,1.0,SetByBid
2025-12-22 17:46:01,2025-12-22T17:46:01,61.19,1.0,SetByBid
2025-12-22 17:46:04,2025-12-22T17:46:04,61.19,1.0,SetByBid
2025-12-22 17:46:04,2025-12-22T17:46:04,61.19,1.0,SetByBid
2025-12-22 17:46:10,2025-12-22T17:46:10,61.2,1.0,SetByBid
2025-12-22 17:46:10,2025-12-22T17:46:10,61.2,1.0,SetByBid
2025-12-22 17:46:10,2025-12-22T17:46:10,61.2,1.0,SetByBid
2025-12-22 17:46:11,2025-12-22T17:46:11,61.2,2.0,SetByBid
2025-12-22 17:46:11,2025-12-22T17:46:11,61.2,1.0,SetByBid
2025-12-22 17:46:11,2025-12-22T17:46:11,61.21,3.0,SetByBid
2025-12-22 17:46:11,2025-12-22T17:46:11,61.21,3.0,SetByBid
2025-12-22 17:46:11,2025-12-22T17:46:11,61.21,1.0,SetByBid
2025-12-22 17:46:11,2025-12-22T17:46:11,61.21,1.0,SetByBid
2025-12-22 17:46:11,2025-12-22T17:46:11,61.21,1.0,SetByBid
2025-12-22 17:46:11,2025-12-22T17:46:11,61.21,2.0,SetByBid
2025-12-22 17:46:11,2025-12-22T17:46:11,61.19,1.0,SetByAsk
2025-12-22 17:46:12,2025-12-22T17:46:12,61.2,1.0,SetByAsk
2025-12-22 17:46:13,2025-12-22T17:46:13,61.2,1.0,SetByAsk
2025-12-22 17:46:13,2025-12-22T17:46:13,61.2,1.0,SetByAsk
2025-12-22 17:46:15,2025-12-22T17:46:15,61.21,1.0,SetByBid
2025-12-22 17:46:15,2025-12-22T17:46:15,61.21,1.0,SetByBid
2025-12-22 17:46:15,2025-12-22T17:46:15,61.21,1.0,SetByBid
2025-12-22 17:46:15,2025-12-22T17:46:15,61.21,1.0,SetByBid
2025-12-22 17:46:16,2025-12-22T17:46:16,61.2,1.0,SetByAsk
2025-12-22 17:46:16,2025-12-22T17:46:16,61.2,1.0,SetByAsk
2025-12-22 17:46:17,2025-12-22T17:46:17,61.2,1.0,SetByAsk
2025-12-22 17:46:17,2025-12-22T17:46:17,61.2,1.0,SetByAsk
2025-12-22 17:46:17,2025-12-22T17:46:17,61.2,1.0,SetByAsk
2025-12-22 17:46:18,2025-12-22T17:46:18,61.19,1.0,SetByAsk
2025-12-22 17:46:24,2025-12-22T17:46:24,61.2,1.0,SetByBid
2025-12-22 17:46:24,2025-12-22T17:46:24,61.2,1.0,SetByBid
2025-12-22 17:46:24,2025-12-22T17:46:24,61.2,2.0,SetByBid
2025-12-22 17:46:24,2025-12-22T17:46:24,61.2,1.0,SetByBid
2025-12-22 17:46:24,2025-12-22T17:46:24,61.2,1.0,SetByBid
2025-12-22 17:46:29,2025-12-22T17:46:29,61.21,1.0,SetByBid
2025-12-22 17:46:29,2025-12-22T17:46:29,61.21,2.0,SetByBid
2025-12-22 17:46:35,2025-12-22T17:46:35,61.21,1.0,SetByAsk
2025-12-22 17:46:36,2025-12-22T17:46:36,61.22,1.0,SetByBid
2025-12-22 17:46:37,2025-12-22T17:46:37,61.22,1.0,SetByBid
2025-12-22 17:46:37,2025-12-22T17:46:37,61.22,1.0,SetByBid
2025-12-22 17:46:37,2025-12-22T17:46:37,61.22,1.0,SetByBid
2025-12-22 17:46:37,2025-12-22T17:46:37,61.21,1.0,SetByAsk
2025-12-22 17:46:37,2025-12-22T17:46:37,61.21,1.0,SetByAsk
2025-12-22 17:46:37,2025-12-22T17:46:37,61.22,1.0,SetByBid
2025-12-22 17:46:37,2025-12-22T17:46:37,61.22,1.0,SetByBid
2025-12-22 17:46:37,2025-12-22T17:46:37,61.22,1.0,SetByBid
2025-12-22 17:46:37,2025-12-22T17:46:37,61.22,1.0,SetByBid
2025-12-22 17:46:37,2025-12-22T17:46:37,61.22,1.0,SetByBid
2025-12-22 17:46:37,2025-12-22T17:46:37,61.22,1.0,SetByBid
2025-12-22 17:46:37,2025-12-22T17:46:37,61.22,1.0,SetByBid
2025-12-22 17:46:37,2025-12-22T17:46:37,61.22,1.0,SetByBid
2025-12-22 17:46:37,2025-12-22T17:46:37,61.22,1.0,SetByBid
2025-12-22 17:46:37,2025-12-22T17:46:37,61.22,2.0,SetByBid
2025-12-22 17:46:37,2025-12-22T17:46:37,61.22,1.0,SetByBid
2025-12-22 17:46:37,2025-12-22T17:46:37,61.22,2.0,SetByBid
2025-12-22 17:46:37,2025-12-22T17:46:37,61.22,1.0,SetByBid
2025-12-22 17:46:37,2025-12-22T17:46:37,61.22,2.0,SetByBid
2025-12-22 17:46:37,2025-12-22T17:46:37,61.22,1.0,SetByBid
2025-12-22 17:46:37,2025-12-22T17:46:37,61.22,1.0,SetByBid
2025-12-22 17:46:37,2025-12-22T17:46:37,61.22,1.0,SetByBid
2025-12-22 17:46:37,2025-12-22T17:46:37,61.22,1.0,SetByBid
2025-12-22 17:46:37,2025-12-22T17:46:37,61.22,2.0,SetByBid
2025-12-22 17:46:37,2025-12-22T17:46:37,61.22,1.0,SetByBid
2025-12-22 17:46:38,2025-12-22T17:46:38,61.22,1.0,SetByBid
2025-12-22 17:46:38,2025-12-22T17:46:38,61.22,1.0,SetByBid
2025-12-22 17:46:38,2025-12-22T17:46:38,61.22,1.0,SetByBid
2025-12-22 17:46:38,2025-12-22T17:46:38,61.22,1.0,SetByBid
2025-12-22 17:46:38,2025-12-22T17:46:38,61.21,1.0,SetByAsk
2025-12-22 17:46:38,2025-12-22T17:46:38,61.21,1.0,SetByAsk
2025-12-22 17:46:38,2025-12-22T17:46:38,61.22,1.0,SetByBid
2025-12-22 17:46:38,2025-12-22T17:46:38,61.21,1.0,SetByAsk
2025-12-22 17:46:39,2025-12-22T17:46:39,61.22,1.0,SetByBid
2025-12-22 17:46:39,2025-12-22T17:46:39,61.21,1.0,SetByAsk
2025-12-22 17:46:39,2025-12-22T17:46:39,61.22,1.0,SetByBid
2025-12-22 17:46:40,2025-12-22T17:46:40,61.21,1.0,SetByAsk
2025-12-22 17:46:40,2025-12-22T17:46:40,61.22,1.0,SetByBid
2025-12-22 17:46:40,2025-12-22T17:46:40,61.21,1.0,SetByAsk
2025-12-22 17:46:41,2025-12-22T17:46:41,61.22,1.0,SetByBid
2025-12-22 17:46:41,2025-12-22T17:46:41,61.21,1.0,SetByAsk
2025-12-22 17:46:41,2025-12-22T17:46:41,61.22,1.0,SetByBid
2025-12-22 17:46:41,2025-12-22T17:46:41,61.22,1.0,SetByBid
2025-12-22 17:46:41,2025-12-22T17:46:41,61.22,2.0,SetByBid
2025-12-22 17:46:41,2025-12-22T17:46:41,61.22,2.0,SetByBid
2025-12-22 17:46:41,2025-12-22T17:46:41,61.22,2.0,SetByBid
2025-12-22 17:46:41,2025-12-22T17:46:41,61.22,1.0,SetByBid
2025-12-22 17:46:41,2025-12-22T17:46:41,61.22,2.0,SetByBid
2025-12-22 17:46:41,2025-12-22T17:46:41,61.22,2.0,SetByBid
2025-12-22 17:46:42,2025-12-22T17:46:42,61.22,1.0,SetByBid
2025-12-22 17:46:42,2025-12-22T17:46:42,61.22,1.0,SetByBid
2025-12-22 17:46:43,2025-12-22T17:46:43,61.22,1.0,SetByBid
2025-12-22 17:46:43,2025-12-22T17:46:43,61.22,1.0,SetByBid
2025-12-22 17:46:43,2025-12-22T17:46:43,61.22,1.0,SetByBid
2025-12-22 17:46:43,2025-12-22T17:46:43,61.22,1.0,SetByBid
2025-12-22 17:46:43,2025-12-22T17:46:43,61.22,2.0,SetByBid
2025-12-22 17:46:43,2025-12-22T17:46:43,61.23,1.0,SetByBid
2025-12-22 17:46:43,2025-12-22T17:46:43,61.23,1.0,SetByBid
2025-12-22 17:46:43,2025-12-22T17:46:43,61.23,1.0,SetByBid
2025-12-22 17:46:43,2025-12-22T17:46:43,61.23,1.0,SetByBid
2025-12-22 17:46:43,2025-12-22T17:46:43,61.23,1.0,SetByBid
2025-12-22 17:46:43,2025-12-22T17:46:43,61.23,1.0,SetByBid
2025-12-22 17:46:44,2025-12-22T17:46:44,61.22,1.0,SetByAsk
2025-12-22 17:46:44,2025-12-22T17:46:44,61.23,1.0,SetByBid
2025-12-22 17:46:44,2025-12-22T17:46:44,61.24,1.0,SetByBid
2025-12-22 17:46:44,2025-12-22T17:46:44,61.24,1.0,SetByBid
2025-12-22 17:46:44,2025-12-22T17:46:44,61.24,1.0,SetByBid
2025-12-22 17:46:44,2025-12-22T17:46:44,61.24,1.0,SetByBid
2025-12-22 17:46:44,2025-12-22T17:46:44,61.24,1.0,SetByBid
2025-12-22 17:46:44,2025-12-22T17:46:44,61.24,1.0,SetByBid
2025-12-22 17:46:44,2025-12-22T17:46:44,61.24,1.0,SetByBid
2025-12-22 17:46:44,2025-12-22T17:46:44,61.24,1.0,SetByBid
2025-12-22 17:46:44,2025-12-22T17:46:44,61.24,1.0,SetByBid
2025-12-22 17:46:44,2025-12-22T17:46:44,61.24,1.0,SetByBid
2025-12-22 17:46:44,2025-12-22T17:46:44,61.24,1.0,SetByBid
2025-12-22 17:46:44,2025-12-22T17:46:44,61.24,1.0,SetByBid
2025-12-22 17:46:44,2025-12-22T17:46:44,61.24,1.0,SetByBid
2025-12-22 17:46:44,2025-12-22T17:46:44,61.24,1.0,SetByBid
2025-12-22 17:46:44,2025-12-22T17:46:44,61.24,1.0,SetByBid
2025-12-22 17:46:44,2025-12-22T17:46:44,61.24,1.0,SetByBid
2025-12-22 17:46:44,2025-12-22T17:46:44,61.25,1.0,SetByBid
2025-12-22 17:46:44,2025-12-22T17:46:44,61.25,1.0,SetByBid
2025-12-22 17:46:44,2025-12-22T17:46:44,61.25,1.0,SetByAsk
2025-12-22 17:46:44,2025-12-22T17:46:44,61.25,2.0,SetByAsk
2025-12-22 17:46:44,2025-12-22T17:46:44,61.24,1.0,SetByBid
2025-12-22 17:46:44,2025-12-22T17:46:44,61.23,1.0,SetByAsk
2025-12-22 17:46:44,2025-12-22T17:46:44,61.23,1.0,SetByAsk
2025-12-22 17:46:44,2025-12-22T17:46:44,61.23,1.0,SetByBid
2025-12-22 17:46:44,2025-12-22T17:46:44,61.23,1.0,SetByBid
2025-12-22 17:46:45,2025-12-22T17:46:45,61.23,1.0,SetByBid
2025-12-22 17:46:45,2025-12-22T17:46:45,61.23,1.0,SetByBid
2025-12-22 17:46:45,2025-12-22T17:46:45,61.23,1.0,SetByBid
2025-12-22 17:46:45,2025-12-22T17:46:45,61.23,1.0,SetByBid
2025-12-22 17:46:45,2025-12-22T17:46:45,61.22,1.0,SetByAsk
2025-12-22 17:46:45,2025-12-22T17:46:45,61.23,1.0,SetByBid
2025-12-22 17:46:46,2025-12-22T17:46:46,61.23,1.0,SetByBid
2025-12-22 17:46:47,2025-12-22T17:46:47,61.24,1.0,SetByBid
2025-12-22 17:46:48,2025-12-22T17:46:48,61.24,1.0,SetByBid
2025-12-22 17:46:48,2025-12-22T17:46:48,61.24,1.0,SetByBid
2025-12-22 17:46:51,2025-12-22T17:46:51,61.22,1.0,SetByAsk
2025-12-22 17:46:59,2025-12-22T17:46:59,61.22,1.0,SetByAsk
2025-12-22 17:47:00,2025-12-22T17:47:00,61.22,3.0,SetByAsk
2025-12-22 17:47:00,2025-12-22T17:47:00,61.22,1.0,SetByAsk
2025-12-22 17:47:00,2025-12-22T17:47:00,61.22,1.0,SetByBid
2025-12-22 17:47:00,2025-12-22T17:47:00,61.22,1.0,SetByBid
2025-12-22 17:47:00,2025-12-22T17:47:00,61.22,1.0,SetByAsk
2025-12-22 17:47:09,2025-12-22T17:47:09,61.22,1.0,SetByAsk
2025-12-22 17:47:14,2025-12-22T17:47:14,61.22,2.0,SetByAsk
2025-12-22 17:47:21,2025-12-22T17:47:21,61.23,2.0,SetByBid
2025-12-22 17:47:22,2025-12-22T17:47:22,61.23,2.0,SetByAsk
2025-12-22 17:47:24,2025-12-22T17:47:24,61.22,1.0,SetByAsk
2025-12-22 17:47:40,2025-12-22T17:47:40,61.22,1.0,SetByBid
2025-12-22 17:47:40,2025-12-22T17:47:40,61.22,1.0,SetByBid
2025-12-22 17:47:40,2025-12-22T17:47:40,61.23,1.0,SetByBid
2025-12-22 17:47:48,2025-12-22T17:47:48,61.23,1.0,SetByAsk
2025-12-22 17:47:48,2025-12-22T17:47:48,61.23,1.0,SetByAsk
2025-12-22 17:47:53,2025-12-22T17:47:53,61.23,1.0,SetByBid
2025-12-22 17:47:55,2025-12-22T17:47:55,61.24,1.0,SetByBid
2025-12-22 17:47:55,2025-12-22T17:47:55,61.25,1.0,SetByBid
2025-12-22 17:47:55,2025-12-22T17:47:55,61.25,1.0,SetByBid
2025-12-22 17:47:55,2025-12-22T17:47:55,61.25,1.0,SetByBid
2025-12-22 17:47:55,2025-12-22T17:47:55,61.25,1.0,SetByBid
2025-12-22 17:47:57,2025-12-22T17:47:57,61.26,1.0,SetByBid
2025-12-22 17:47:57,2025-12-22T17:47:57,61.26,1.0,SetByBid
2025-12-22 17:47:57,2025-12-22T17:47:57,61.26,1.0,SetByBid
2025-12-22 17:47:57,2025-12-22T17:47:57,61.26,1.0,SetByBid
2025-12-22 17:47:57,2025-12-22T17:47:57,61.26,1.0,SetByBid
2025-12-22 17:47:57,2025-12-22T17:47:57,61.27,1.0,SetByBid
2025-12-22 17:47:57,2025-12-22T17:47:57,61.27,1.0,SetByBid
2025-12-22 17:47:57,2025-12-22T17:47:57,61.27,2.0,SetByBid
2025-12-22 17:48:00,2025-12-22T17:48:00,61.27,5.0,SetByBid
2025-12-22 17:48:00,2025-12-22T17:48:00,61.27,1.0,SetByAsk
2025-12-22 17:48:00,2025-12-22T17:48:00,61.27,1.0,SetByAsk
2025-12-22 17:48:00,2025-12-22T17:48:00,61.27,2.0,SetByAsk
2025-12-22 17:48:00,2025-12-22T17:48:00,61.27,2.0,SetByBid
2025-12-22 17:48:00,2025-12-22T17:48:00,61.27,3.0,SetByBid
2025-12-22 17:48:00,2025-12-22T17:48:00,61.27,1.0,SetByBid
2025-12-22 17:48:00,2025-12-22T17:48:00,61.27,1.0,SetByBid
2025-12-22 17:48:00,2025-12-22T17:48:00,61.27,2.0,SetByBid
2025-12-22 17:48:00,2025-12-22T17:48:00,61.27,5.0,SetByBid
2025-12-22 17:48:00,2025-12-22T17:48:00,61.27,1.0,SetByAsk
2025-12-22 17:48:00,2025-12-22T17:48:00,61.27,1.0,SetByBid
2025-12-22 17:48:00,2025-12-22T17:48:00,61.27,1.0,SetByBid
2025-12-22 17:48:00,2025-12-22T17:48:00,61.27,1.0,SetByBid
2025-12-22 17:48:00,2025-12-22T17:48:00,61.27,2.0,SetByBid
2025-12-22 17:48:00,2025-12-22T17:48:00,61.27,1.0,SetByAsk
2025-12-22 17:48:00,2025-12-22T17:48:00,61.27,6.0,SetByBid
2025-12-22 17:48:00,2025-12-22T17:48:00,61.27,1.0,SetByBid
2025-12-22 17:48:00,2025-12-22T17:48:00,61.27,1.0,SetByBid
2025-12-22 17:48:00,2025-12-22T17:48:00,61.27,2.0,SetByBid
2025-12-22 17:48:00,2025-12-22T17:48:00,61.27,6.0,SetByBid
2025-12-22 17:48:00,2025-12-22T17:48:00,61.27,1.0,SetByBid
2025-12-22 17:48:00,2025-12-22T17:48:00,61.27,1.0,SetByBid
2025-12-22 17:48:00,2025-12-22T17:48:00,61.27,2.0,SetByBid
2025-12-22 17:48:01,2025-12-22T17:48:01,61.26,1.0,SetByAsk
2025-12-22 17:48:01,2025-12-22T17:48:01,61.27,2.0,SetByBid
2025-12-22 17:48:01,2025-12-22T17:48:01,61.27,2.0,SetByBid
2025-12-22 17:48:01,2025-12-22T17:48:01,61.27,1.0,SetByBid
2025-12-22 17:48:01,2025-12-22T17:48:01,61.27,3.0,SetByBid
2025-12-22 17:48:01,2025-12-22T17:48:01,61.27,1.0,SetByBid
2025-12-22 17:48:02,2025-12-22T17:48:02,61.28,1.0,SetByBid
2025-12-22 17:48:02,2025-12-22T17:48:02,61.28,1.0,SetByBid
2025-12-22 17:48:02,2025-12-22T17:48:02,61.28,111.0,SetByBid
2025-12-22 17:48:02,2025-12-22T17:48:02,61.28,6.0,SetByBid
2025-12-22 17:48:02,2025-12-22T17:48:02,61.28,1.0,SetByBid
2025-12-22 17:48:02,2025-12-22T17:48:02,61.28,2.0,SetByBid
2025-12-22 17:48:02,2025-12-22T17:48:02,61.28,3.0,SetByBid
2025-12-22 17:48:02,2025-12-22T17:48:02,61.28,1.0,SetByBid
2025-12-22 17:48:02,2025-12-22T17:48:02,61.28,1.0,SetByBid
2025-12-22 17:48:02,2025-12-22T17:48:02,61.28,21.0,SetByBid
2025-12-22 17:48:02,2025-12-22T17:48:02,61.28,10.0,SetByBid
2025-12-22 17:48:02,2025-12-22T17:48:02,61.28,1.0,SetByBid
2025-12-22 17:48:02,2025-12-22T17:48:02,61.28,1.0,SetByBid
2025-12-22 17:48:02,2025-12-22T17:48:02,61.28,1.0,SetByBid
2025-12-22 17:48:04,2025-12-22T17:48:04,61.27,1.0,SetByAsk
2025-12-22 17:48:05,2025-12-22T17:48:05,61.27,1.0,SetByAsk
2025-12-22 17:48:06,2025-12-22T17:48:06,61.27,1.0,SetByAsk
2025-12-22 17:48:07,2025-12-22T17:48:07,61.28,1.0,SetByBid
2025-12-22 17:48:07,2025-12-22T17:48:07,61.28,1.0,SetByBid
2025-12-22 17:48:07,2025-12-22T17:48:07,61.28,1.0,SetByBid
2025-12-22 17:48:07,2025-12-22T17:48:07,61.28,2.0,SetByBid
2025-12-22 17:48:07,2025-12-22T17:48:07,61.28,8.0,SetByBid
2025-12-22 17:48:07,2025-12-22T17:48:07,61.28,5.0,SetByBid
2025-12-22 17:48:07,2025-12-22T17:48:07,61.29,1.0,SetByBid
2025-12-22 17:48:07,2025-12-22T17:48:07,61.29,1.0,SetByBid
2025-12-22 17:48:07,2025-12-22T17:48:07,61.29,1.0,SetByBid
2025-12-22 17:48:07,2025-12-22T17:48:07,61.29,1.0,SetByBid
2025-12-22 17:48:07,2025-12-22T17:48:07,61.29,1.0,SetByBid
2025-12-22 17:48:07,2025-12-22T17:48:07,61.29,1.0,SetByBid
2025-12-22 17:48:07,2025-12-22T17:48:07,61.28,1.0,SetByBid
2025-12-22 17:48:07,2025-12-22T17:48:07,61.29,2.0,SetByBid
2025-12-22 17:48:07,2025-12-22T17:48:07,61.29,2.0,SetByBid
2025-12-22 17:48:07,2025-12-22T17:48:07,61.29,1.0,SetByBid
2025-12-22 17:48:07,2025-12-22T17:48:07,61.29,1.0,SetByBid
2025-12-22 17:48:07,2025-12-22T17:48:07,61.29,1.0,SetByBid
2025-12-22 17:48:07,2025-12-22T17:48:07,61.29,1.0,SetByBid
2025-12-22 17:48:07,2025-12-22T17:48:07,61.29,1.0,SetByBid
2025-12-22 17:48:07,2025-12-22T17:48:07,61.29,1.0,SetByBid
2025-12-22 17:48:07,2025-12-22T17:48:07,61.29,1.0,SetByBid
2025-12-22 17:48:07,2025-12-22T17:48:07,61.29,1.0,SetByBid
2025-12-22 17:48:07,2025-12-22T17:48:07,61.29,1.0,SetByBid
2025-12-22 17:48:07,2025-12-22T17:48:07,61.29,1.0,SetByBid
2025-12-22 17:48:07,2025-12-22T17:48:07,61.29,1.0,SetByBid
2025-12-22 17:48:07,2025-12-22T17:48:07,61.29,1.0,SetByBid
2025-12-22 17:48:07,2025-12-22T17:48:07,61.29,1.0,SetByBid
2025-12-22 17:48:07,2025-12-22T17:48:07,61.29,1.0,SetByBid
2025-12-22 17:48:07,2025-12-22T17:48:07,61.29,1.0,SetByBid
2025-12-22 17:48:07,2025-12-22T17:48:07,61.29,1.0,SetByBid
2025-12-22 17:48:07,2025-12-22T17:48:07,61.29,1.0,SetByBid
2025-12-22 17:48:07,2025-12-22T17:48:07,61.29,1.0,SetByBid
2025-12-22 17:48:07,2025-12-22T17:48:07,61.29,1.0,SetByBid
2025-12-22 17:48:07,2025-12-22T17:48:07,61.29,1.0,SetByBid
2025-12-22 17:48:07,2025-12-22T17:48:07,61.29,1.0,SetByBid
2025-12-22 17:48:07,2025-12-22T17:48:07,61.29,1.0,SetByBid
2025-12-22 17:48:07,2025-12-22T17:48:07,61.29,1.0,SetByBid
2025-12-22 17:48:07,2025-12-22T17:48:07,61.29,2.0,SetByBid
2025-12-22 17:48:07,2025-12-22T17:48:07,61.29,1.0,SetByBid
2025-12-22 17:48:07,2025-12-22T17:48:07,61.28,1.0,SetByAsk
2025-12-22 17:48:07,2025-12-22T17:48:07,61.29,2.0,SetByBid
2025-12-22 17:48:07,2025-12-22T17:48:07,61.29,1.0,SetByBid
2025-12-22 17:48:07,2025-12-22T17:48:07,61.29,1.0,SetByBid
2025-12-22 17:48:07,2025-12-22T17:48:07,61.29,1.0,SetByBid
2025-12-22 17:48:08,2025-12-22T17:48:08,61.29,1.0,SetByBid
2025-12-22 17:48:08,2025-12-22T17:48:08,61.29,1.0,SetByBid
2025-12-22 17:48:08,2025-12-22T17:48:08,61.29,1.0,SetByBid
2025-12-22 17:48:08,2025-12-22T17:48:08,61.29,4.0,SetByBid
2025-12-22 17:48:08,2025-12-22T17:48:08,61.28,1.0,SetByAsk
2025-12-22 17:48:08,2025-12-22T17:48:08,61.29,1.0,SetByBid
2025-12-22 17:48:08,2025-12-22T17:48:08,61.29,1.0,SetByBid
2025-12-22 17:48:08,2025-12-22T17:48:08,61.29,2.0,SetByBid
2025-12-22 17:48:08,2025-12-22T17:48:08,61.29,1.0,SetByBid
2025-12-22 17:48:08,2025-12-22T17:48:08,61.29,1.0,SetByBid
2025-12-22 17:48:08,2025-12-22T17:48:08,61.29,7.0,SetByBid
2025-12-22 17:48:08,2025-12-22T17:48:08,61.29,1.0,SetByBid
2025-12-22 17:48:08,2025-12-22T17:48:08,61.29,6.0,SetByBid
2025-12-22 17:48:08,2025-12-22T17:48:08,61.29,1.0,SetByBid
2025-12-22 17:48:08,2025-12-22T17:48:08,61.29,1.0,SetByBid
2025-12-22 17:48:08,2025-12-22T17:48:08,61.29,5.0,SetByBid
2025-12-22 17:48:08,2025-12-22T17:48:08,61.29,1.0,SetByBid
2025-12-22 17:48:08,2025-12-22T17:48:08,61.29,5.0,SetByBid
2025-12-22 17:48:08,2025-12-22T17:48:08,61.29,1.0,SetByBid
2025-12-22 17:48:08,2025-12-22T17:48:08,61.29,1.0,SetByBid
2025-12-22 17:48:08,2025-12-22T17:48:08,61.29,1.0,SetByBid
2025-12-22 17:48:08,2025-12-22T17:48:08,61.29,3.0,SetByBid
2025-12-22 17:48:08,2025-12-22T17:48:08,61.28,1.0,SetByAsk
2025-12-22 17:48:08,2025-12-22T17:48:08,61.29,1.0,SetByBid
2025-12-22 17:48:08,2025-12-22T17:48:08,61.29,1.0,SetByBid
2025-12-22 17:48:08,2025-12-22T17:48:08,61.29,5.0,SetByBid
2025-12-22 17:48:08,2025-12-22T17:48:08,61.29,1.0,SetByBid
2025-12-22 17:48:08,2025-12-22T17:48:08,61.29,1.0,SetByBid
2025-12-22 17:48:08,2025-12-22T17:48:08,61.28,1.0,SetByAsk
2025-12-22 17:48:08,2025-12-22T17:48:08,61.29,5.0,SetByBid
2025-12-22 17:48:08,2025-12-22T17:48:08,61.29,1.0,SetByBid
2025-12-22 17:48:08,2025-12-22T17:48:08,61.29,1.0,SetByBid
2025-12-22 17:48:08,2025-12-22T17:48:08,61.29,2.0,SetByBid
2025-12-22 17:48:08,2025-12-22T17:48:08,61.29,3.0,SetByBid
2025-12-22 17:48:08,2025-12-22T17:48:08,61.29,1.0,SetByBid
2025-12-22 17:48:08,2025-12-22T17:48:08,61.29,1.0,SetByBid
2025-12-22 17:48:08,2025-12-22T17:48:08,61.29,1.0,SetByBid
2025-12-22 17:48:08,2025-12-22T17:48:08,61.29,1.0,SetByBid
2025-12-22 17:48:08,2025-12-22T17:48:08,61.29,1.0,SetByBid
2025-12-22 17:48:08,2025-12-22T17:48:08,61.29,1.0,SetByBid
2025-12-22 17:48:08,2025-12-22T17:48:08,61.29,1.0,SetByBid
2025-12-22 17:48:08,2025-12-22T17:48:08,61.29,1.0,SetByBid
2025-12-22 17:48:08,2025-12-22T17:48:08,61.29,1.0,SetByBid
2025-12-22 17:48:08,2025-12-22T17:48:08,61.29,1.0,SetByBid
2025-12-22 17:48:08,2025-12-22T17:48:08,61.29,1.0,SetByBid
2025-12-22 17:48:08,2025-12-22T17:48:08,61.29,1.0,SetByBid
2025-12-22 17:48:08,2025-12-22T17:48:08,61.3,1.0,SetByBid
2025-12-22 17:48:08,2025-12-22T17:48:08,61.3,1.0,SetByBid
2025-12-22 17:48:08,2025-12-22T17:48:08,61.3,100.0,SetByBid
2025-12-22 17:48:08,2025-12-22T17:48:08,61.29,2.0,SetByBid
2025-12-22 17:48:08,2025-12-22T17:48:08,61.29,1.0,SetByBid
2025-12-22 17:48:08,2025-12-22T17:48:08,61.29,2.0,SetByBid
2025-12-22 17:48:08,2025-12-22T17:48:08,61.29,1.0,SetByBid
2025-12-22 17:48:08,2025-12-22T17:48:08,61.28,1.0,SetByAsk
2025-12-22 17:48:09,2025-12-22T17:48:09,61.3,1.0,SetByBid
2025-12-22 17:48:11,2025-12-22T17:48:11,61.27,1.0,SetByAsk
2025-12-22 17:48:15,2025-12-22T17:48:15,61.29,1.0,SetByBid
2025-12-22 17:48:15,2025-12-22T17:48:15,61.29,1.0,SetByBid
2025-12-22 17:48:16,2025-12-22T17:48:16,61.29,2.0,SetByAsk
2025-12-22 17:48:16,2025-12-22T17:48:16,61.29,1.0,SetByBid
2025-12-22 17:48:16,2025-12-22T17:48:16,61.29,1.0,SetByBid
2025-12-22 17:48:18,2025-12-22T17:48:18,61.3,1.0,SetByBid
2025-12-22 17:48:18,2025-12-22T17:48:18,61.3,1.0,SetByBid
2025-12-22 17:48:18,2025-12-22T17:48:18,61.3,1.0,SetByBid
2025-12-22 17:48:18,2025-12-22T17:48:18,61.3,2.0,SetByBid
2025-12-22 17:48:18,2025-12-22T17:48:18,61.3,1.0,SetByBid
2025-12-22 17:48:18,2025-12-22T17:48:18,61.3,2.0,SetByAsk
2025-12-22 17:48:18,2025-12-22T17:48:18,61.3,1.0,SetByAsk
2025-12-22 17:48:19,2025-12-22T17:48:19,61.3,1.0,SetByBid
2025-12-22 17:48:19,2025-12-22T17:48:19,61.31,1.0,SetByBid
2025-12-22 17:48:19,2025-12-22T17:48:19,61.31,1.0,SetByBid
2025-12-22 17:48:19,2025-12-22T17:48:19,61.31,1.0,SetByBid
2025-12-22 17:48:19,2025-12-22T17:48:19,61.31,2.0,SetByBid
2025-12-22 17:48:19,2025-12-22T17:48:19,61.31,1.0,SetByBid
2025-12-22 17:48:19,2025-12-22T17:48:19,61.31,1.0,SetByBid
2025-12-22 17:48:19,2025-12-22T17:48:19,61.31,1.0,SetByBid
2025-12-22 17:48:19,2025-12-22T17:48:19,61.31,1.0,SetByBid
2025-12-22 17:48:19,2025-12-22T17:48:19,61.31,1.0,SetByBid
2025-12-22 17:48:19,2025-12-22T17:48:19,61.31,1.0,SetByBid
2025-12-22 17:48:19,2025-12-22T17:48:19,61.31,1.0,SetByBid
2025-12-22 17:48:19,2025-12-22T17:48:19,61.31,1.0,SetByBid
2025-12-22 17:48:19,2025-12-22T17:48:19,61.31,1.0,SetByBid
2025-12-22 17:48:21,2025-12-22T17:48:21,61.32,1.0,SetByBid
2025-12-22 17:48:21,2025-12-22T17:48:21,61.32,2.0,SetByBid
2025-12-22 17:48:21,2025-12-22T17:48:21,61.32,1.0,SetByBid
2025-12-22 17:48:24,2025-12-22T17:48:24,61.32,1.0,"SetByBid, Leg"
2025-12-22 17:48:30,2025-12-22T17:48:30,61.33,1.0,SetByBid
2025-12-22 17:48:30,2025-12-22T17:48:30,61.33,1.0,SetByBid
2025-12-22 17:48:32,2025-12-22T17:48:32,61.35,1.0,SetByBid
2025-12-22 17:48:32,2025-12-22T17:48:32,61.35,1.0,SetByBid
2025-12-22 17:48:35,2025-12-22T17:48:35,61.34,1.0,SetByBid
2025-12-22 17:48:35,2025-12-22T17:48:35,61.34,1.0,SetByBid
2025-12-22 17:48:35,2025-12-22T17:48:35,61.34,1.0,SetByBid
2025-12-22 17:48:35,2025-12-22T17:48:35,61.34,2.0,SetByBid
2025-12-22 17:48:35,2025-12-22T17:48:35,61.34,2.0,SetByBid
2025-12-22 17:48:35,2025-12-22T17:48:35,61.34,5.0,SetByBid
2025-12-22 17:48:35,2025-12-22T17:48:35,61.34,2.0,SetByBid
2025-12-22 17:48:39,2025-12-22T17:48:39,61.34,1.0,SetByBid
2025-12-22 17:48:39,2025-12-22T17:48:39,61.34,1.0,SetByBid
2025-12-22 17:48:40,2025-12-22T17:48:40,61.34,1.0,SetByBid
2025-12-22 17:48:41,2025-12-22T17:48:41,61.35,1.0,SetByBid
2025-12-22 17:48:41,2025-12-22T17:48:41,61.35,1.0,SetByBid
2025-12-22 17:48:41,2025-12-22T17:48:41,61.35,1.0,SetByBid
2025-12-22 17:48:41,2025-12-22T17:48:41,61.35,1.0,SetByBid
2025-12-22 17:48:41,2025-12-22T17:48:41,61.35,1.0,SetByBid
2025-12-22 17:48:41,2025-12-22T17:48:41,61.35,1.0,SetByBid
2025-12-22 17:48:41,2025-12-22T17:48:41,61.35,1.0,SetByBid
2025-12-22 17:48:42,2025-12-22T17:48:42,61.35,1.0,SetByBid
2025-12-22 17:48:42,2025-12-22T17:48:42,61.35,1.0,SetByBid
2025-12-22 17:48:42,2025-12-22T17:48:42,61.35,2.0,SetByBid
2025-12-22 17:48:43,2025-12-22T17:48:43,61.34,1.0,SetByAsk
2025-12-22 17:48:50,2025-12-22T17:48:50,61.35,1.0,SetByBid
2025-12-22 17:48:51,2025-12-22T17:48:51,61.35,1.0,SetByBid
2025-12-22 17:48:53,2025-12-22T17:48:53,61.35,3.0,SetByBid
2025-12-22 17:48:53,2025-12-22T17:48:53,61.35,3.0,SetByBid
2025-12-22 17:48:53,2025-12-22T17:48:53,61.35,1.0,SetByBid
2025-12-22 17:48:53,2025-12-22T17:48:53,61.35,1.0,SetByAsk
2025-12-22 17:48:54,2025-12-22T17:48:54,61.34,1.0,SetByAsk
2025-12-22 17:48:55,2025-12-22T17:48:55,61.35,1.0,SetByAsk
2025-12-22 17:48:56,2025-12-22T17:48:56,61.34,1.0,SetByAsk
2025-12-22 17:49:00,2025-12-22T17:49:00,61.33,1.0,SetByAsk
2025-12-22 17:49:00,2025-12-22T17:49:00,61.33,1.0,SetByAsk
2025-12-22 17:49:02,2025-12-22T17:49:02,61.29,1.0,SetByAsk
2025-12-22 17:49:02,2025-12-22T17:49:02,61.3,1.0,SetByBid
2025-12-22 17:49:02,2025-12-22T17:49:02,61.3,1.0,SetByBid
2025-12-22 17:49:02,2025-12-22T17:49:02,61.3,1.0,SetByBid
2025-12-22 17:49:02,2025-12-22T17:49:02,61.3,1.0,SetByBid
2025-12-22 17:49:02,2025-12-22T17:49:02,61.3,3.0,SetByBid
2025-12-22 17:49:07,2025-12-22T17:49:07,61.32,1.0,SetByBid
2025-12-22 17:49:07,2025-12-22T17:49:07,61.32,1.0,SetByBid
2025-12-22 17:49:07,2025-12-22T17:49:07,61.32,1.0,SetByBid
2025-12-22 17:49:07,2025-12-22T17:49:07,61.32,1.0,SetByBid
2025-12-22 17:49:07,2025-12-22T17:49:07,61.32,1.0,SetByBid
2025-12-22 17:49:07,2025-12-22T17:49:07,61.32,1.0,SetByBid
2025-12-22 17:49:07,2025-12-22T17:49:07,61.32,1.0,SetByBid
2025-12-22 17:49:08,2025-12-22T17:49:08,61.32,1.0,SetByBid
2025-12-22 17:49:08,2025-12-22T17:49:08,61.32,1.0,SetByBid
2025-12-22 17:49:08,2025-12-22T17:49:08,61.32,1.0,SetByBid
2025-12-22 17:49:08,2025-12-22T17:49:08,61.32,1.0,SetByBid
2025-12-22 17:49:08,2025-12-22T17:49:08,61.32,1.0,SetByBid
2025-12-22 17:49:09,2025-12-22T17:49:09,61.32,1.0,SetByBid
2025-12-22 17:49:09,2025-12-22T17:49:09,61.32,1.0,SetByBid
2025-12-22 17:49:09,2025-12-22T17:49:09,61.32,1.0,SetByBid
2025-12-22 17:49:09,2025-12-22T17:49:09,61.32,1.0,SetByBid
2025-12-22 17:49:09,2025-12-22T17:49:09,61.32,1.0,SetByBid
2025-12-22 17:49:10,2025-12-22T17:49:10,61.32,1.0,SetByBid
2025-12-22 17:49:10,2025-12-22T17:49:10,61.32,3.0,SetByBid
2025-12-22 17:49:10,2025-12-22T17:49:10,61.32,1.0,SetByBid
2025-12-22 17:49:10,2025-12-22T17:49:10,61.32,1.0,SetByBid
2025-12-22 17:49:10,2025-12-22T17:49:10,61.32,1.0,SetByBid
2025-12-22 17:49:10,2025-12-22T17:49:10,61.32,3.0,SetByBid
2025-12-22 17:49:11,2025-12-22T17:49:11,61.32,1.0,SetByBid
2025-12-22 17:49:16,2025-12-22T17:49:16,61.3,5.0,SetByAsk
2025-12-22 17:49:21,2025-12-22T17:49:21,61.32,1.0,SetByBid
2025-12-22 17:49:22,2025-12-22T17:49:22,61.33,1.0,SetByBid
2025-12-22 17:49:22,2025-12-22T17:49:22,61.33,3.0,"SetByBid, Leg"
2025-12-22 17:49:31,2025-12-22T17:49:31,61.33,1.0,"SetByBid, Leg"
2025-12-22 17:49:32,2025-12-22T17:49:32,61.33,2.0,"SetByBid, Leg"
2025-12-22 17:49:34,2025-12-22T17:49:34,61.33,1.0,SetByBid
2025-12-22 17:49:35,2025-12-22T17:49:35,61.34,1.0,SetByBid
2025-12-22 17:49:43,2025-12-22T17:49:43,61.34,1.0,SetByAsk
2025-12-22 17:49:43,2025-12-22T17:49:43,61.34,2.0,SetByAsk
2025-12-22 17:49:44,2025-12-22T17:49:44,61.34,1.0,"SetByBid, Leg"
2025-12-22 17:49:44,2025-12-22T17:49:44,61.34,1.0,"SetByBid, Leg"
2025-12-22 17:49:44,2025-12-22T17:49:44,61.35,1.0,SetByBid
2025-12-22 17:49:45,2025-12-22T17:49:45,61.34,4.0,"SetByBid, Leg"
2025-12-22 17:49:47,2025-12-22T17:49:47,61.34,2.0,"SetByBid, Leg"
2025-12-22 17:49:48,2025-12-22T17:49:48,61.34,1.0,"SetByBid, Leg"
2025-12-22 17:49:51,2025-12-22T17:49:51,61.33,1.0,SetByAsk
2025-12-22 17:49:51,2025-12-22T17:49:51,61.33,1.0,SetByAsk
2025-12-22 17:49:53,2025-12-22T17:49:53,61.33,4.0,"SetByBid, Leg"
2025-12-22 17:49:53,2025-12-22T17:49:53,61.33,1.0,"SetByBid, Leg"
2025-12-22 17:49:54,2025-12-22T17:49:54,61.33,1.0,"SetByBid, Leg"
2025-12-22 17:49:55,2025-12-22T17:49:55,61.34,1.0,SetByBid
2025-12-22 17:49:56,2025-12-22T17:49:56,61.34,1.0,SetByBid
2025-12-22 17:49:56,2025-12-22T17:49:56,61.34,1.0,SetByBid
2025-12-22 17:49:56,2025-12-22T17:49:56,61.34,1.0,SetByBid
2025-12-22 17:49:56,2025-12-22T17:49:56,61.34,1.0,SetByBid
2025-12-22 17:49:56,2025-12-22T17:49:56,61.34,4.0,SetByBid
2025-12-22 17:49:56,2025-12-22T17:49:56,61.34,3.0,SetByBid
2025-12-22 17:49:56,2025-12-22T17:49:56,61.34,1.0,SetByBid
2025-12-22 17:49:56,2025-12-22T17:49:56,61.34,1.0,SetByBid
2025-12-22 17:49:56,2025-12-22T17:49:56,61.34,1.0,SetByAsk
2025-12-22 17:49:56,2025-12-22T17:49:56,61.34,1.0,SetByAsk
2025-12-22 17:50:01,2025-12-22T17:50:01,61.34,1.0,SetByAsk
2025-12-22 17:50:01,2025-12-22T17:50:01,61.34,1.0,SetByAsk
2025-12-22 17:50:01,2025-12-22T17:50:01,61.34,1.0,SetByAsk
2025-12-22 17:50:01,2025-12-22T17:50:01,61.34,1.0,SetByAsk
2025-12-22 17:50:03,2025-12-22T17:50:03,61.35,1.0,"SetByBid, Leg"
2025-12-22 17:50:03,2025-12-22T17:50:03,61.35,1.0,"SetByBid, Leg"
2025-12-22 17:50:04,2025-12-22T17:50:04,61.34,1.0,SetByAsk
2025-12-22 17:50:04,2025-12-22T17:50:04,61.34,1.0,SetByAsk
2025-12-22 17:50:05,2025-12-22T17:50:05,61.34,1.0,SetByAsk
2025-12-22 17:50:09,2025-12-22T17:50:09,61.36,1.0,SetByBid
2025-12-22 17:50:09,2025-12-22T17:50:09,61.35,1.0,SetByAsk
2025-12-22 17:50:17,2025-12-22T17:50:17,61.35,1.0,SetByAsk
2025-12-22 17:50:20,2025-12-22T17:50:20,61.35,1.0,SetByAsk
2025-12-22 17:50:20,2025-12-22T17:50:20,61.35,1.0,SetByAsk
2025-12-22 17:50:20,2025-12-22T17:50:20,61.35,1.0,SetByAsk
2025-12-22 17:50:20,2025-12-22T17:50:20,61.35,1.0,SetByAsk
2025-12-22 17:50:20,2025-12-22T17:50:20,61.35,2.0,SetByAsk
2025-12-22 17:50:20,2025-12-22T17:50:20,61.35,1.0,SetByAsk
2025-12-22 17:50:20,2025-12-22T17:50:20,61.35,1.0,SetByAsk
2025-12-22 17:50:20,2025-12-22T17:50:20,61.35,1.0,SetByAsk
2025-12-22 17:50:20,2025-12-22T17:50:20,61.35,1.0,SetByAsk
2025-12-22 17:50:20,2025-12-22T17:50:20,61.35,1.0,SetByAsk
2025-12-22 17:50:20,2025-12-22T17:50:20,61.35,1.0,SetByAsk
2025-12-22 17:50:20,2025-12-22T17:50:20,61.35,1.0,SetByAsk
2025-12-22 17:50:20,2025-12-22T17:50:20,61.35,2.0,SetByAsk
2025-12-22 17:50:20,2025-12-22T17:50:20,61.35,1.0,SetByAsk
2025-12-22 17:50:20,2025-12-22T17:50:20,61.35,1.0,SetByAsk
2025-12-22 17:50:20,2025-12-22T17:50:20,61.35,1.0,SetByAsk
2025-12-22 17:50:20,2025-12-22T17:50:20,61.35,2.0,SetByBid
2025-12-22 17:50:20,2025-12-22T17:50:20,61.35,1.0,SetByBid
2025-12-22 17:50:20,2025-12-22T17:50:20,61.35,1.0,SetByBid
2025-12-22 17:50:20,2025-12-22T17:50:20,61.34,1.0,SetByAsk
2025-12-22 17:50:20,2025-12-22T17:50:20,61.34,1.0,SetByAsk
2025-12-22 17:50:20,2025-12-22T17:50:20,61.34,2.0,SetByAsk
2025-12-22 17:50:20,2025-12-22T17:50:20,61.34,1.0,SetByAsk
2025-12-22 17:50:20,2025-12-22T17:50:20,61.34,1.0,SetByAsk
2025-12-22 17:50:20,2025-12-22T17:50:20,61.34,1.0,SetByAsk
2025-12-22 17:50:20,2025-12-22T17:50:20,61.34,1.0,SetByAsk
2025-12-22 17:50:20,2025-12-22T17:50:20,61.34,1.0,SetByAsk
2025-12-22 17:50:20,2025-12-22T17:50:20,61.34,1.0,SetByAsk
2025-12-22 17:50:20,2025-12-22T17:50:20,61.34,1.0,SetByAsk
2025-12-22 17:50:20,2025-12-22T17:50:20,61.34,1.0,SetByAsk
2025-12-22 17:50:20,2025-12-22T17:50:20,61.34,1.0,SetByAsk
2025-12-22 17:50:20,2025-12-22T17:50:20,61.34,1.0,SetByAsk
2025-12-22 17:50:20,2025-12-22T17:50:20,61.34,2.0,SetByAsk
2025-12-22 17:50:20,2025-12-22T17:50:20,61.34,3.0,SetByAsk
2025-12-22 17:50:20,2025-12-22T17:50:20,61.34,1.0,SetByAsk
2025-12-22 17:50:20,2025-12-22T17:50:20,61.34,1.0,SetByAsk
2025-12-22 17:50:20,2025-12-22T17:50:20,61.34,1.0,SetByAsk
2025-12-22 17:50:20,2025-12-22T17:50:20,61.34,2.0,SetByAsk
2025-12-22 17:50:20,2025-12-22T17:50:20,61.34,1.0,SetByAsk
2025-12-22 17:50:20,2025-12-22T17:50:20,61.34,2.0,SetByBid
2025-12-22 17:50:20,2025-12-22T17:50:20,61.34,1.0,SetByBid
2025-12-22 17:50:20,2025-12-22T17:50:20,61.34,2.0,SetByBid
2025-12-22 17:50:20,2025-12-22T17:50:20,61.34,1.0,SetByBid
2025-12-22 17:50:20,2025-12-22T17:50:20,61.34,2.0,SetByBid
2025-12-22 17:50:20,2025-12-22T17:50:20,61.34,1.0,SetByBid
2025-12-22 17:50:20,2025-12-22T17:50:20,61.34,11.0,SetByBid
2025-12-22 17:50:20,2025-12-22T17:50:20,61.34,1.0,SetByBid
2025-12-22 17:50:20,2025-12-22T17:50:20,61.34,1.0,SetByBid
2025-12-22 17:50:20,2025-12-22T17:50:20,61.34,7.0,SetByBid
2025-12-22 17:50:20,2025-12-22T17:50:20,61.34,1.0,SetByBid
2025-12-22 17:50:20,2025-12-22T17:50:20,61.34,2.0,SetByBid
2025-12-22 17:50:20,2025-12-22T17:50:20,61.34,1.0,SetByBid
2025-12-22 17:50:20,2025-12-22T17:50:20,61.34,1.0,SetByBid
2025-12-22 17:50:20,2025-12-22T17:50:20,61.34,1.0,SetByBid
2025-12-22 17:50:20,2025-12-22T17:50:20,61.34,2.0,SetByBid
2025-12-22 17:50:20,2025-12-22T17:50:20,61.34,7.0,SetByBid
2025-12-22 17:50:20,2025-12-22T17:50:20,61.34,4.0,SetByBid
2025-12-22 17:50:20,2025-12-22T17:50:20,61.34,1.0,SetByBid
2025-12-22 17:50:20,2025-12-22T17:50:20,61.34,1.0,SetByBid
2025-12-22 17:50:20,2025-12-22T17:50:20,61.34,1.0,SetByBid
2025-12-22 17:50:20,2025-12-22T17:50:20,61.34,1.0,SetByBid
2025-12-22 17:50:20,2025-12-22T17:50:20,61.34,2.0,SetByBid
2025-12-22 17:50:20,2025-12-22T17:50:20,61.34,1.0,SetByBid
2025-12-22 17:50:20,2025-12-22T17:50:20,61.34,3.0,SetByBid
2025-12-22 17:50:20,2025-12-22T17:50:20,61.34,2.0,SetByBid
2025-12-22 17:50:20,2025-12-22T17:50:20,61.34,1.0,SetByBid
2025-12-22 17:50:20,2025-12-22T17:50:20,61.34,6.0,SetByBid
2025-12-22 17:50:20,2025-12-22T17:50:20,61.35,325.0,SetByBid
2025-12-22 17:50:21,2025-12-22T17:50:21,61.35,1.0,SetByBid
2025-12-22 17:50:21,2025-12-22T17:50:21,61.35,2.0,SetByBid
2025-12-22 17:50:21,2025-12-22T17:50:21,61.35,1.0,SetByAsk
2025-12-22 17:50:21,2025-12-22T17:50:21,61.35,1.0,SetByAsk
2025-12-22 17:50:22,2025-12-22T17:50:22,61.36,1.0,SetByBid
2025-12-22 17:50:22,2025-12-22T17:50:22,61.36,1.0,SetByBid
2025-12-22 17:50:22,2025-12-22T17:50:22,61.36,1.0,SetByBid
2025-12-22 17:50:22,2025-12-22T17:50:22,61.36,1.0,SetByBid
2025-12-22 17:50:22,2025-12-22T17:50:22,61.36,1.0,SetByBid
2025-12-22 17:50:24,2025-12-22T17:50:24,61.35,1.0,SetByBid
2025-12-22 17:50:24,2025-12-22T17:50:24,61.35,1.0,SetByBid
2025-12-22 17:50:25,2025-12-22T17:50:25,61.34,1.0,SetByAsk
2025-12-22 17:50:25,2025-12-22T17:50:25,61.34,3.0,SetByAsk
2025-12-22 17:50:25,2025-12-22T17:50:25,61.34,4.0,SetByAsk
2025-12-22 17:50:25,2025-12-22T17:50:25,61.34,1.0,SetByAsk
2025-12-22 17:50:25,2025-12-22T17:50:25,61.34,1.0,SetByAsk
2025-12-22 17:50:39,2025-12-22T17:50:39,61.34,1.0,SetByAsk
2025-12-22 17:50:39,2025-12-22T17:50:39,61.34,5.0,SetByAsk
2025-12-22 17:50:54,2025-12-22T17:50:54,61.37,1.0,SetByBid
2025-12-22 17:50:55,2025-12-22T17:50:55,61.36,1.0,SetByAsk
2025-12-22 17:50:55,2025-12-22T17:50:55,61.36,1.0,SetByBid
2025-12-22 17:50:57,2025-12-22T17:50:57,61.36,1.0,SetByAsk
2025-12-22 17:50:57,2025-12-22T17:50:57,61.36,1.0,SetByAsk
2025-12-22 17:51:00,2025-12-22T17:51:00,61.36,1.0,SetByBid
2025-12-22 17:51:06,2025-12-22T17:51:06,61.35,1.0,SetByBid
2025-12-22 17:51:06,2025-12-22T17:51:06,61.35,2.0,SetByAsk
2025-12-22 17:51:06,2025-12-22T17:51:06,61.35,3.0,SetByAsk
2025-12-22 17:51:09,2025-12-22T17:51:09,61.34,1.0,SetByAsk
2025-12-22 17:51:09,2025-12-22T17:51:09,61.34,1.0,SetByAsk
2025-12-22 17:51:09,2025-12-22T17:51:09,61.34,1.0,SetByAsk
2025-12-22 17:51:09,2025-12-22T17:51:09,61.34,1.0,SetByAsk
2025-12-22 17:51:09,2025-12-22T17:51:09,61.34,3.0,SetByAsk
2025-12-22 17:51:09,2025-12-22T17:51:09,61.35,1.0,SetByBid
2025-12-22 17:51:27,2025-12-22T17:51:27,61.34,1.0,SetByAsk
2025-12-22 17:51:27,2025-12-22T17:51:27,61.34,1.0,SetByAsk
2025-12-22 17:51:27,2025-12-22T17:51:27,61.34,6.0,SetByAsk
2025-12-22 17:51:27,2025-12-22T17:51:27,61.34,1.0,SetByBid
2025-12-22 17:51:31,2025-12-22T17:51:31,61.33,1.0,SetByBid
2025-12-22 17:51:31,2025-12-22T17:51:31,61.32,1.0,SetByBid
2025-12-22 17:52:48,2025-12-22T17:52:48,61.36,1.0,SetByAsk
2025-12-22 17:52:48,2025-12-22T17:52:48,61.36,1.0,SetByAsk
2025-12-22 17:52:48,2025-12-22T17:52:48,61.36,1.0,SetByAsk
2025-12-22 17:52:48,2025-12-22T17:52:48,61.36,1.0,SetByAsk
2025-12-22 17:52:48,2025-12-22T17:52:48,61.36,1.0,SetByAsk
2025-12-22 17:52:48,2025-12-22T17:52:48,61.36,1.0,SetByAsk
2025-12-22 17:52:48,2025-12-22T17:52:48,61.36,1.0,SetByAsk
2025-12-22 17:52:50,2025-12-22T17:52:50,61.34,1.0,SetByAsk
2025-12-22 17:52:50,2025-12-22T17:52:50,61.34,1.0,SetByAsk
2025-12-22 17:52:51,2025-12-22T17:52:51,61.33,1.0,SetByAsk
2025-12-22 17:52:51,2025-12-22T17:52:51,61.33,1.0,SetByAsk
2025-12-22 17:52:51,2025-12-22T17:52:51,61.33,1.0,SetByAsk
2025-12-22 17:53:01,2025-12-22T17:53:01,61.33,1.0,SetByBid
2025-12-22 17:53:13,2025-12-22T17:53:13,61.33,1.0,SetByBid
2025-12-22 17:53:13,2025-12-22T17:53:13,61.33,1.0,SetByBid
2025-12-22 17:53:28,2025-12-22T17:53:28,61.31,1.0,SetByAsk
2025-12-22 17:53:28,2025-12-22T17:53:28,61.31,1.0,SetByAsk
2025-12-22 17:53:28,2025-12-22T17:53:28,61.31,1.0,SetByAsk
2025-12-22 17:53:30,2025-12-22T17:53:30,61.3,1.0,SetByAsk
2025-12-22 17:53:31,2025-12-22T17:53:31,61.3,1.0,SetByAsk
2025-12-22 17:53:31,2025-12-22T17:53:31,61.3,1.0,SetByAsk
2025-12-22 17:53:31,2025-12-22T17:53:31,61.3,2.0,SetByAsk
2025-12-22 17:53:31,2025-12-22T17:53:31,61.3,1.0,SetByAsk
2025-12-22 17:53:31,2025-12-22T17:53:31,61.3,1.0,SetByBid
2025-12-22 17:53:31,2025-12-22T17:53:31,61.3,1.0,SetByBid
2025-12-22 17:53:31,2025-12-22T17:53:31,61.3,1.0,SetByBid
2025-12-22 17:53:33,2025-12-22T17:53:33,61.29,1.0,SetByAsk
2025-12-22 17:53:53,2025-12-22T17:53:53,61.29,1.0,SetByAsk
2025-12-22 17:53:53,2025-12-22T17:53:53,61.29,1.0,SetByAsk
2025-12-22 17:53:53,2025-12-22T17:53:53,61.29,1.0,SetByBid
2025-12-22 17:54:06,2025-12-22T17:54:06,61.28,1.0,SetByBid
2025-12-22 17:54:08,2025-12-22T17:54:08,61.27,1.0,SetByAsk
2025-12-22 17:54:08,2025-12-22T17:54:08,61.27,1.0,SetByAsk
2025-12-22 17:54:08,2025-12-22T17:54:08,61.27,1.0,SetByAsk
2025-12-22 17:54:08,2025-12-22T17:54:08,61.27,1.0,SetByAsk
2025-12-22 17:54:08,2025-12-22T17:54:08,61.27,1.0,SetByAsk
2025-12-22 17:54:08,2025-12-22T17:54:08,61.27,1.0,SetByAsk
2025-12-22 17:54:08,2025-12-22T17:54:08,61.27,1.0,SetByAsk
2025-12-22 17:54:08,2025-12-22T17:54:08,61.27,1.0,SetByAsk
2025-12-22 17:54:08,2025-12-22T17:54:08,61.27,1.0,SetByAsk
2025-12-22 17:54:08,2025-12-22T17:54:08,61.27,1.0,SetByAsk
2025-12-22 17:54:08,2025-12-22T17:54:08,61.27,1.0,SetByAsk
2025-12-22 17:54:08,2025-12-22T17:54:08,61.27,1.0,SetByAsk
2025-12-22 17:54:09,2025-12-22T17:54:09,61.28,1.0,SetByBid
2025-12-22 17:54:12,2025-12-22T17:54:12,61.27,1.0,SetByAsk
2025-12-22 17:54:15,2025-12-22T17:54:15,61.28,1.0,SetByBid
2025-12-22 17:54:15,2025-12-22T17:54:15,61.27,1.0,SetByAsk
2025-12-22 17:54:18,2025-12-22T17:54:18,61.28,1.0,SetByAsk
2025-12-22 17:54:27,2025-12-22T17:54:27,61.3,1.0,SetByAsk
2025-12-22 17:54:27,2025-12-22T17:54:27,61.3,1.0,SetByAsk
2025-12-22 17:54:30,2025-12-22T17:54:30,61.3,1.0,SetByAsk
2025-12-22 17:54:30,2025-12-22T17:54:30,61.31,1.0,SetByBid
2025-12-22 17:54:30,2025-12-22T17:54:30,61.31,1.0,SetByBid
2025-12-22 17:54:30,2025-12-22T17:54:30,61.31,1.0,SetByAsk
2025-12-22 17:54:30,2025-12-22T17:54:30,61.31,1.0,SetByAsk
2025-12-22 17:54:30,2025-12-22T17:54:30,61.31,1.0,SetByAsk
2025-12-22 17:54:31,2025-12-22T17:54:31,61.31,1.0,SetByBid
2025-12-22 17:54:31,2025-12-22T17:54:31,61.31,1.0,SetByBid
2025-12-22 17:54:31,2025-12-22T17:54:31,61.31,1.0,SetByBid
2025-12-22 17:54:31,2025-12-22T17:54:31,61.31,1.0,SetByBid
2025-12-22 17:54:35,2025-12-22T17:54:35,61.31,2.0,"SetByBid, Leg"
2025-12-22 17:54:35,2025-12-22T17:54:35,61.32,2.0,"SetByBid, Leg"
2025-12-22 17:54:35,2025-12-22T17:54:35,61.31,1.0,"SetByBid, Leg"
2025-12-22 17:54:35,2025-12-22T17:54:35,61.32,1.0,"SetByBid, Leg"
2025-12-22 17:54:35,2025-12-22T17:54:35,61.32,1.0,SetByBid
2025-12-22 17:54:35,2025-12-22T17:54:35,61.32,1.0,SetByBid
2025-12-22 17:54:35,2025-12-22T17:54:35,61.32,1.0,SetByBid
2025-12-22 17:54:35,2025-12-22T17:54:35,61.32,1.0,SetByBid
2025-12-22 17:54:35,2025-12-22T17:54:35,61.32,1.0,SetByBid
2025-12-22 17:54:35,2025-12-22T17:54:35,61.32,1.0,SetByBid
2025-12-22 17:54:35,2025-12-22T17:54:35,61.32,1.0,SetByBid
2025-12-22 17:54:35,2025-12-22T17:54:35,61.32,1.0,SetByBid
2025-12-22 17:54:35,2025-12-22T17:54:35,61.32,2.0,SetByBid
2025-12-22 17:54:35,2025-12-22T17:54:35,61.32,1.0,SetByBid
2025-12-22 17:54:35,2025-12-22T17:54:35,61.32,1.0,SetByBid
2025-12-22 17:54:35,2025-12-22T17:54:35,61.32,1.0,SetByBid
2025-12-22 17:54:35,2025-12-22T17:54:35,61.32,1.0,SetByBid
2025-12-22 17:54:35,2025-12-22T17:54:35,61.32,1.0,SetByBid
2025-12-22 17:54:35,2025-12-22T17:54:35,61.32,1.0,SetByBid
2025-12-22 17:54:35,2025-12-22T17:54:35,61.32,1.0,SetByBid
2025-12-22 17:54:35,2025-12-22T17:54:35,61.32,1.0,SetByBid
2025-12-22 17:54:36,2025-12-22T17:54:36,61.32,1.0,SetByBid
2025-12-22 17:54:36,2025-12-22T17:54:36,61.32,1.0,SetByBid
2025-12-22 17:54:36,2025-12-22T17:54:36,61.32,1.0,SetByBid
2025-12-22 17:54:36,2025-12-22T17:54:36,61.32,1.0,SetByBid
2025-12-22 17:54:36,2025-12-22T17:54:36,61.32,1.0,SetByBid
2025-12-22 17:54:38,2025-12-22T17:54:38,61.3,1.0,SetByAsk
2025-12-22 17:54:38,2025-12-22T17:54:38,61.3,1.0,SetByAsk
2025-12-22 17:54:38,2025-12-22T17:54:38,61.3,1.0,SetByAsk
2025-12-22 17:54:39,2025-12-22T17:54:39,61.3,1.0,SetByAsk
2025-12-22 17:54:40,2025-12-22T17:54:40,61.3,1.0,SetByAsk
2025-12-22 17:54:40,2025-12-22T17:54:40,61.3,1.0,SetByAsk
2025-12-22 17:54:40,2025-12-22T17:54:40,61.3,1.0,SetByAsk
2025-12-22 17:54:40,2025-12-22T17:54:40,61.3,1.0,SetByAsk
2025-12-22 17:54:40,2025-12-22T17:54:40,61.3,1.0,SetByAsk
2025-12-22 17:54:40,2025-12-22T17:54:40,61.3,1.0,SetByAsk
2025-12-22 17:54:40,2025-12-22T17:54:40,61.3,1.0,SetByAsk
2025-12-22 17:54:40,2025-12-22T17:54:40,61.31,1.0,SetByBid
2025-12-22 17:54:40,2025-12-22T17:54:40,61.31,1.0,SetByAsk
2025-12-22 17:54:41,2025-12-22T17:54:41,61.32,1.0,SetByBid
2025-12-22 17:54:41,2025-12-22T17:54:41,61.32,1.0,SetByBid
2025-12-22 17:54:41,2025-12-22T17:54:41,61.32,1.0,SetByBid
2025-12-22 17:54:41,2025-12-22T17:54:41,61.32,1.0,SetByBid
2025-12-22 17:54:41,2025-12-22T17:54:41,61.32,1.0,SetByBid
2025-12-22 17:54:41,2025-12-22T17:54:41,61.32,3.0,SetByBid
2025-12-22 17:54:41,2025-12-22T17:54:41,61.32,1.0,SetByBid
2025-12-22 17:54:58,2025-12-22T17:54:58,61.3,1.0,SetByAsk
2025-12-22 17:54:58,2025-12-22T17:54:58,61.3,1.0,SetByAsk
2025-12-22 17:54:58,2025-12-22T17:54:58,61.3,1.0,SetByAsk
2025-12-22 17:54:58,2025-12-22T17:54:58,61.3,1.0,SetByAsk
2025-12-22 17:54:59,2025-12-22T17:54:59,61.3,1.0,SetByAsk
2025-12-22 17:54:59,2025-12-22T17:54:59,61.3,1.0,SetByBid
2025-12-22 17:55:16,2025-12-22T17:55:16,61.29,1.0,SetByAsk
2025-12-22 17:55:16,2025-12-22T17:55:16,61.29,1.0,SetByAsk
2025-12-22 17:55:21,2025-12-22T17:55:21,61.3,1.0,SetByBid
2025-12-22 17:55:32,2025-12-22T17:55:32,61.3,1.0,SetByAsk
2025-12-22 17:55:32,2025-12-22T17:55:32,61.3,1.0,SetByAsk
2025-12-22 17:55:49,2025-12-22T17:55:49,61.29,1.0,SetByAsk
2025-12-22 17:56:19,2025-12-22T17:56:19,61.29,1.0,SetByAsk
2025-12-22 17:56:34,2025-12-22T17:56:34,61.29,1.0,SetByBid
2025-12-22 17:56:34,2025-12-22T17:56:34,61.29,1.0,SetByBid
2025-12-22 17:56:34,2025-12-22T17:56:34,61.29,1.0,SetByBid
2025-12-22 17:56:35,2025-12-22T17:56:35,61.29,1.0,SetByAsk
2025-12-22 17:57:03,2025-12-22T17:57:03,61.28,1.0,SetByBid
2025-12-22 17:57:21,2025-12-22T17:57:21,61.27,1.0,SetByBid
2025-12-22 17:57:27,2025-12-22T17:57:27,61.26,1.0,SetByBid
2025-12-22 17:57:27,2025-12-22T17:57:27,61.26,1.0,SetByBid
2025-12-22 17:57:27,2025-12-22T17:57:27,61.26,1.0,SetByBid
2025-12-22 17:57:32,2025-12-22T17:57:32,61.26,1.0,SetByBid
2025-12-22 17:57:32,2025-12-22T17:57:32,61.26,1.0,SetByBid
2025-12-22 17:57:49,2025-12-22T17:57:49,61.25,1.0,SetByAsk
2025-12-22 17:57:49,2025-12-22T17:57:49,61.25,1.0,SetByAsk
2025-12-22 17:57:49,2025-12-22T17:57:49,61.25,1.0,SetByAsk
2025-12-22 17:58:03,2025-12-22T17:58:03,61.24,1.0,SetByAsk
2025-12-22 17:58:03,2025-12-22T17:58:03,61.24,1.0,SetByAsk
2025-12-22 17:58:03,2025-12-22T17:58:03,61.24,1.0,SetByBid
2025-12-22 17:58:03,2025-12-22T17:58:03,61.24,1.0,SetByBid
2025-12-22 17:58:15,2025-12-22T17:58:15,61.26,1.0,SetByBid
2025-12-22 17:58:15,2025-12-22T17:58:15,61.26,2.0,"SetByBid, Leg"
2025-12-22 17:58:15,2025-12-22T17:58:15,61.27,2.0,"SetByBid, Leg"
2025-12-22 17:58:15,2025-12-22T17:58:15,61.26,1.0,SetByBid
2025-12-22 17:58:16,2025-12-22T17:58:16,61.27,1.0,SetByBid
2025-12-22 17:58:16,2025-12-22T17:58:16,61.27,1.0,SetByBid
2025-12-22 17:58:16,2025-12-22T17:58:16,61.27,1.0,SetByBid
2025-12-22 17:58:16,2025-12-22T17:58:16,61.27,1.0,SetByBid
2025-12-22 17:58:16,2025-12-22T17:58:16,61.27,1.0,SetByBid
2025-12-22 17:58:16,2025-12-22T17:58:16,61.27,1.0,SetByBid
2025-12-22 17:58:16,2025-12-22T17:58:16,61.27,1.0,SetByBid
2025-12-22 17:58:16,2025-12-22T17:58:16,61.27,1.0,SetByBid
2025-12-22 17:58:16,2025-12-22T17:58:16,61.27,1.0,SetByBid
2025-12-22 17:58:16,2025-12-22T17:58:16,61.27,1.0,SetByBid
2025-12-22 17:58:16,2025-12-22T17:58:16,61.27,1.0,SetByBid
2025-12-22 17:58:16,2025-12-22T17:58:16,61.27,1.0,SetByBid
2025-12-22 17:58:16,2025-12-22T17:58:16,61.27,1.0,SetByBid
2025-12-22 17:58:17,2025-12-22T17:58:17,61.27,1.0,SetByBid
2025-12-22 17:58:17,2025-12-22T17:58:17,61.27,1.0,SetByBid
2025-12-22 17:58:18,2025-12-22T17:58:18,61.27,1.0,SetByBid
2025-12-22 17:58:18,2025-12-22T17:58:18,61.27,1.0,SetByBid
2025-12-22 17:58:20,2025-12-22T17:58:20,61.27,1.0,SetByBid
2025-12-22 17:58:20,2025-12-22T17:58:20,61.27,1.0,SetByBid
2025-12-22 17:58:34,2025-12-22T17:58:34,61.25,1.0,SetByBid
2025-12-22 17:58:34,2025-12-22T17:58:34,61.25,1.0,SetByBid
2025-12-22 17:58:34,2025-12-22T17:58:34,61.25,1.0,SetByBid
2025-12-22 17:58:36,2025-12-22T17:58:36,61.24,1.0,SetByBid
2025-12-22 17:58:36,2025-12-22T17:58:36,61.24,1.0,SetByBid
2025-12-22 17:58:37,2025-12-22T17:58:37,61.24,1.0,SetByBid
2025-12-22 17:58:37,2025-12-22T17:58:37,61.24,1.0,SetByBid
2025-12-22 17:58:37,2025-12-22T17:58:37,61.24,1.0,SetByBid
2025-12-22 17:58:37,2025-12-22T17:58:37,61.25,1.0,SetByBid
2025-12-22 17:58:37,2025-12-22T17:58:37,61.25,1.0,SetByBid
2025-12-22 17:58:37,2025-12-22T17:58:37,61.25,1.0,SetByBid
2025-12-22 17:58:37,2025-12-22T17:58:37,61.25,1.0,SetByBid
2025-12-22 17:58:37,2025-12-22T17:58:37,61.25,1.0,SetByBid
2025-12-22 17:58:37,2025-12-22T17:58:37,61.25,1.0,SetByBid
2025-12-22 17:58:38,2025-12-22T17:58:38,61.24,1.0,SetByBid
2025-12-22 17:58:38,2025-12-22T17:58:38,61.24,1.0,SetByBid
2025-12-22 17:58:38,2025-12-22T17:58:38,61.24,1.0,SetByBid
2025-12-22 17:58:38,2025-12-22T17:58:38,61.24,1.0,SetByBid
2025-12-22 17:58:38,2025-12-22T17:58:38,61.24,3.0,SetByBid
2025-12-22 17:58:42,2025-12-22T17:58:42,61.24,1.0,SetByBid
2025-12-22 17:58:42,2025-12-22T17:58:42,61.24,3.0,SetByBid
2025-12-22 17:58:42,2025-12-22T17:58:42,61.24,1.0,SetByBid
2025-12-22 17:58:43,2025-12-22T17:58:43,61.24,2.0,SetByBid
2025-12-22 17:58:43,2025-12-22T17:58:43,61.24,1.0,SetByBid
2025-12-22 17:59:02,2025-12-22T17:59:02,61.23,1.0,SetByBid
2025-12-22 17:59:02,2025-12-22T17:59:02,61.23,3.0,SetByAsk
2025-12-22 17:59:04,2025-12-22T17:59:04,61.23,1.0,SetByBid
2025-12-22 17:59:17,2025-12-22T17:59:17,61.22,1.0,SetByBid
2025-12-22 17:59:29,2025-12-22T17:59:29,61.23,1.0,SetByBid
2025-12-22 17:59:31,2025-12-22T17:59:31,61.23,1.0,SetByAsk
2025-12-22 17:59:31,2025-12-22T17:59:31,61.23,1.0,SetByAsk
2025-12-22 17:59:31,2025-12-22T17:59:31,61.23,1.0,SetByAsk
2025-12-22 17:59:39,2025-12-22T17:59:39,61.24,1.0,SetByBid
2025-12-22 17:59:39,2025-12-22T17:59:39,61.24,1.0,SetByBid
2025-12-22 17:59:41,2025-12-22T17:59:41,61.23,1.0,SetByAsk
2025-12-22 17:59:48,2025-12-22T17:59:48,61.24,2.0,SetByBid
2025-12-22 17:59:48,2025-12-22T17:59:48,61.24,1.0,SetByBid
2025-12-22 17:59:48,2025-12-22T17:59:48,61.23,1.0,SetByAsk
2025-12-22 17:59:48,2025-12-22T17:59:48,61.23,1.0,SetByAsk
2025-12-22 17:59:48,2025-12-22T17:59:48,61.23,1.0,SetByAsk
2025-12-22 17:59:48,2025-12-22T17:59:48,61.23,1.0,SetByAsk
2025-12-22 17:59:48,2025-12-22T17:59:48,61.23,1.0,SetByAsk
2025-12-22 17:59:48,2025-12-22T17:59:48,61.23,1.0,SetByAsk
2025-12-22 17:59:48,2025-12-22T17:59:48,61.23,1.0,SetByAsk
2025-12-22 17:59:48,2025-12-22T17:59:48,61.23,2.0,SetByAsk
2025-12-22 17:59:49,2025-12-22T17:59:49,61.23,1.0,SetByAsk
2025-12-22 17:59:49,2025-12-22T17:59:49,61.23,1.0,SetByAsk
2025-12-22 17:59:49,2025-12-22T17:59:49,61.23,1.0,SetByAsk
2025-12-22 17:59:49,2025-12-22T17:59:49,61.23,1.0,SetByAsk
2025-12-22 17:59:49,2025-12-22T17:59:49,61.23,1.0,SetByAsk
2025-12-22 17:59:49,2025-12-22T17:59:49,61.23,1.0,SetByAsk
2025-12-22 17:59:49,2025-12-22T17:59:49,61.23,1.0,SetByAsk
2025-12-22 17:59:49,2025-12-22T17:59:49,61.23,1.0,SetByAsk
2025-12-22 17:59:49,2025-12-22T17:59:49,61.24,1.0,SetByBid
2025-12-22 17:59:49,2025-12-22T17:59:49,61.24,1.0,SetByBid
2025-12-22 17:59:49,2025-12-22T17:59:49,61.24,1.0,SetByBid
2025-12-22 17:59:49,2025-12-22T17:59:49,61.23,1.0,SetByAsk
2025-12-22 17:59:53,2025-12-22T17:59:53,61.23,1.0,SetByAsk
2025-12-22 17:59:53,2025-12-22T17:59:53,61.23,1.0,SetByAsk
2025-12-22 17:59:54,2025-12-22T17:59:54,61.23,1.0,SetByAsk
2025-12-22 17:59:55,2025-12-22T17:59:55,61.24,1.0,SetByBid
2025-12-22 17:59:55,2025-12-22T17:59:55,61.24,1.0,SetByBid
2025-12-22 17:59:55,2025-12-22T17:59:55,61.24,1.0,SetByBid
2025-12-22 17:59:59,2025-12-22T17:59:59,61.23,1.0,SetByAsk
2025-12-22 17:59:59,2025-12-22T17:59:59,61.24,1.0,SetByBid
2025-12-22 18:00:00,2025-12-22T18:00:00,61.22,1.0,SetByAsk
2025-12-22 18:00:00,2025-12-22T18:00:00,61.22,4.0,SetByBid
2025-12-22 18:00:00,2025-12-22T18:00:00,61.22,1.0,SetByBid
2025-12-22 18:00:01,2025-12-22T18:00:01,61.21,2.0,SetByAsk
2025-12-22 18:00:01,2025-12-22T18:00:01,61.21,1.0,SetByAsk
2025-12-22 18:00:01,2025-12-22T18:00:01,61.2,1.0,SetByBid
2025-12-22 18:00:01,2025-12-22T18:00:01,61.2,1.0,SetByBid
2025-12-22 18:00:01,2025-12-22T18:00:01,61.2,2.0,SetByBid
2025-12-22 18:00:01,2025-12-22T18:00:01,61.2,1.0,SetByBid
2025-12-22 18:00:01,2025-12-22T18:00:01,61.2,1.0,SetByBid
2025-12-22 18:00:01,2025-12-22T18:00:01,61.2,1.0,SetByBid
2025-12-22 18:00:01,2025-12-22T18:00:01,61.2,1.0,"SetByBid, Leg"
2025-12-22 18:00:01,2025-12-22T18:00:01,61.21,1.0,"SetByBid, Leg"
2025-12-22 18:00:01,2025-12-22T18:00:01,61.21,1.0,SetByBid
2025-12-22 18:00:01,2025-12-22T18:00:01,61.2,1.0,SetByBid
2025-12-22 18:00:01,2025-12-22T18:00:01,61.2,1.0,"SetByBid, Leg"
2025-12-22 18:00:01,2025-12-22T18:00:01,61.21,1.0,"SetByBid, Leg"
2025-12-22 18:00:01,2025-12-22T18:00:01,61.2,1.0,"SetByBid, Leg"
2025-12-22 18:00:01,2025-12-22T18:00:01,61.21,1.0,"SetByBid, Leg"
2025-12-22 18:00:01,2025-12-22T18:00:01,61.21,1.0,SetByBid
2025-12-22 18:00:01,2025-12-22T18:00:01,61.21,1.0,SetByBid
2025-12-22 18:00:01,2025-12-22T18:00:01,61.21,1.0,SetByBid
2025-12-22 18:00:02,2025-12-22T18:00:02,61.2,1.0,"SetByBid, Leg"
2025-12-22 18:00:02,2025-12-22T18:00:02,61.21,1.0,"SetByBid, Leg"
2025-12-22 18:00:02,2025-12-22T18:00:02,61.2,1.0,SetByBid
2025-12-22 18:00:02,2025-12-22T18:00:02,61.2,1.0,SetByBid
2025-12-22 18:00:02,2025-12-22T18:00:02,61.2,1.0,SetByBid
2025-12-22 18:00:02,2025-12-22T18:00:02,61.2,1.0,SetByBid
2025-12-22 18:00:02,2025-12-22T18:00:02,61.2,1.0,SetByBid
2025-12-22 18:00:02,2025-12-22T18:00:02,61.2,1.0,SetByBid
2025-12-22 18:00:02,2025-12-22T18:00:02,61.2,3.0,SetByBid
2025-12-22 18:00:02,2025-12-22T18:00:02,61.19,1.0,SetByAsk
2025-12-22 18:00:03,2025-12-22T18:00:03,61.18,1.0,SetByBid
2025-12-22 18:00:03,2025-12-22T18:00:03,61.18,1.0,SetByAsk
2025-12-22 18:00:04,2025-12-22T18:00:04,61.19,1.0,SetByBid
2025-12-22 18:00:04,2025-12-22T18:00:04,61.18,1.0,SetByAsk
2025-12-22 18:00:06,2025-12-22T18:00:06,61.2,1.0,SetByBid
2025-12-22 18:00:27,2025-12-22T18:00:27,61.26,1.0,SetByBid
2025-12-22 18:00:27,2025-12-22T18:00:27,61.26,1.0,SetByBid
2025-12-22 18:00:27,2025-12-22T18:00:27,61.26,1.0,SetByBid
2025-12-22 18:00:27,2025-12-22T18:00:27,61.26,2.0,SetByBid
2025-12-22 18:00:27,2025-12-22T18:00:27,61.26,1.0,SetByBid
2025-12-22 18:00:27,2025-12-22T18:00:27,61.26,1.0,SetByBid
2025-12-22 18:00:27,2025-12-22T18:00:27,61.26,1.0,SetByBid
2025-12-22 18:00:27,2025-12-22T18:00:27,61.26,1.0,SetByBid
2025-12-22 18:00:27,2025-12-22T18:00:27,61.26,1.0,SetByBid
2025-12-22 18:00:27,2025-12-22T18:00:27,61.26,1.0,SetByBid
2025-12-22 18:00:27,2025-12-22T18:00:27,61.26,1.0,SetByBid
2025-12-22 18:00:27,2025-12-22T18:00:27,61.26,1.0,SetByBid
2025-12-22 18:00:27,2025-12-22T18:00:27,61.26,1.0,SetByBid
2025-12-22 18:00:31,2025-12-22T18:00:31,61.26,1.0,SetByBid
2025-12-22 18:00:31,2025-12-22T18:00:31,61.26,1.0,SetByBid
2025-12-22 18:00:31,2025-12-22T18:00:31,61.26,1.0,SetByBid
2025-12-22 18:00:33,2025-12-22T18:00:33,61.27,1.0,SetByBid
2025-12-22 18:00:33,2025-12-22T18:00:33,61.27,2.0,SetByAsk
2025-12-22 18:00:33,2025-12-22T18:00:33,61.27,1.0,SetByAsk
2025-12-22 18:00:36,2025-12-22T18:00:36,61.27,1.0,SetByAsk
2025-12-22 18:00:36,2025-12-22T18:00:36,61.27,1.0,SetByAsk
2025-12-22 18:00:43,2025-12-22T18:00:43,61.27,1.0,SetByAsk
2025-12-22 18:00:51,2025-12-22T18:00:51,61.27,1.0,SetByAsk
2025-12-22 18:00:51,2025-12-22T18:00:51,61.26,1.0,SetByAsk
2025-12-22 18:00:51,2025-12-22T18:00:51,61.26,1.0,SetByAsk
2025-12-22 18:00:51,2025-12-22T18:00:51,61.26,1.0,SetByAsk
2025-12-22 18:00:51,2025-12-22T18:00:51,61.26,1.0,SetByAsk
2025-12-22 18:00:51,2025-12-22T18:00:51,61.26,1.0,SetByAsk
2025-12-22 18:00:51,2025-12-22T18:00:51,61.26,1.0,SetByAsk
2025-12-22 18:00:51,2025-12-22T18:00:51,61.27,1.0,SetByBid
2025-12-22 18:01:07,2025-12-22T18:01:07,61.28,1.0,SetByAsk
2025-12-22 18:01:13,2025-12-22T18:01:13,61.27,1.0,SetByAsk
2025-12-22 18:01:13,2025-12-22T18:01:13,61.27,1.0,SetByAsk
2025-12-22 18:01:13,2025-12-22T18:01:13,61.27,1.0,SetByAsk
2025-12-22 18:01:13,2025-12-22T18:01:13,61.27,3.0,SetByAsk
2025-12-22 18:01:13,2025-12-22T18:01:13,61.27,3.0,SetByAsk
2025-12-22 18:01:13,2025-12-22T18:01:13,61.27,1.0,SetByAsk
2025-12-22 18:01:13,2025-12-22T18:01:13,61.27,1.0,SetByAsk
2025-12-22 18:01:13,2025-12-22T18:01:13,61.27,1.0,SetByAsk
2025-12-22 18:01:13,2025-12-22T18:01:13,61.27,1.0,SetByAsk
2025-12-22 18:01:13,2025-12-22T18:01:13,61.27,1.0,SetByAsk
2025-12-22 18:01:19,2025-12-22T18:01:19,61.28,1.0,SetByBid
2025-12-22 18:01:23,2025-12-22T18:01:23,61.28,1.0,SetByBid
2025-12-22 18:01:23,2025-12-22T18:01:23,61.28,1.0,SetByBid
2025-12-22 18:01:23,2025-12-22T18:01:23,61.28,1.0,SetByBid
2025-12-22 18:01:23,2025-12-22T18:01:23,61.28,1.0,SetByBid
2025-12-22 18:01:23,2025-12-22T18:01:23,61.28,1.0,SetByBid
2025-12-22 18:01:23,2025-12-22T18:01:23,61.28,1.0,SetByBid
2025-12-22 18:01:23,2025-12-22T18:01:23,61.28,1.0,SetByBid
2025-12-22 18:01:24,2025-12-22T18:01:24,61.28,3.0,SetByBid
2025-12-22 18:01:24,2025-12-22T18:01:24,61.28,1.0,SetByBid
2025-12-22 18:01:25,2025-12-22T18:01:25,61.29,1.0,SetByBid
2025-12-22 18:01:25,2025-12-22T18:01:25,61.29,1.0,SetByBid
2025-12-22 18:01:31,2025-12-22T18:01:31,61.28,1.0,SetByBid
2025-12-22 18:01:31,2025-12-22T18:01:31,61.28,1.0,SetByBid
2025-12-22 18:01:31,2025-12-22T18:01:31,61.28,1.0,SetByBid
2025-12-22 18:01:31,2025-12-22T18:01:31,61.28,2.0,SetByBid
2025-12-22 18:01:31,2025-12-22T18:01:31,61.28,1.0,SetByBid
2025-12-22 18:01:31,2025-12-22T18:01:31,61.28,2.0,SetByBid
2025-12-22 18:01:31,2025-12-22T18:01:31,61.28,1.0,SetByBid
2025-12-22 18:01:31,2025-12-22T18:01:31,61.28,1.0,SetByBid
2025-12-22 18:01:37,2025-12-22T18:01:37,61.28,1.0,SetByAsk
2025-12-22 18:01:37,2025-12-22T18:01:37,61.28,1.0,SetByAsk
2025-12-22 18:01:37,2025-12-22T18:01:37,61.28,1.0,SetByAsk
2025-12-22 18:01:37,2025-12-22T18:01:37,61.28,2.0,SetByAsk
2025-12-22 18:01:48,2025-12-22T18:01:48,61.28,1.0,SetByBid
2025-12-22 18:01:50,2025-12-22T18:01:50,61.27,1.0,SetByAsk
2025-12-22 18:01:50,2025-12-22T18:01:50,61.27,1.0,SetByAsk
2025-12-22 18:01:50,2025-12-22T18:01:50,61.27,1.0,SetByAsk
2025-12-22 18:01:50,2025-12-22T18:01:50,61.27,1.0,SetByAsk
2025-12-22 18:01:50,2025-12-22T18:01:50,61.27,1.0,SetByAsk
2025-12-22 18:01:50,2025-12-22T18:01:50,61.27,1.0,SetByBid
2025-12-22 18:01:50,2025-12-22T18:01:50,61.27,1.0,SetByBid
2025-12-22 18:01:50,2025-12-22T18:01:50,61.27,1.0,SetByBid
2025-12-22 18:01:50,2025-12-22T18:01:50,61.27,2.0,SetByBid
2025-12-22 18:01:51,2025-12-22T18:01:51,61.28,1.0,SetByBid
2025-12-22 18:01:51,2025-12-22T18:01:51,61.28,1.0,SetByBid
2025-12-22 18:01:53,2025-12-22T18:01:53,61.27,1.0,SetByAsk
2025-12-22 18:01:53,2025-12-22T18:01:53,61.27,1.0,SetByAsk
2025-12-22 18:01:53,2025-12-22T18:01:53,61.27,1.0,SetByAsk
2025-12-22 18:01:54,2025-12-22T18:01:54,61.26,1.0,SetByAsk
2025-12-22 18:01:54,2025-12-22T18:01:54,61.26,1.0,SetByAsk
2025-12-22 18:01:54,2025-12-22T18:01:54,61.26,1.0,SetByAsk
2025-12-22 18:01:54,2025-12-22T18:01:54,61.26,1.0,SetByAsk
2025-12-22 18:01:54,2025-12-22T18:01:54,61.26,1.0,SetByAsk
2025-12-22 18:02:01,2025-12-22T18:02:01,61.27,1.0,SetByAsk
2025-12-22 18:02:03,2025-12-22T18:02:03,61.27,1.0,SetByAsk
2025-12-22 18:02:03,2025-12-22T18:02:03,61.27,1.0,SetByAsk
2025-12-22 18:02:03,2025-12-22T18:02:03,61.27,1.0,SetByAsk
2025-12-22 18:02:03,2025-12-22T18:02:03,61.27,1.0,SetByAsk
2025-12-22 18:02:07,2025-12-22T18:02:07,61.28,1.0,SetByBid
2025-12-22 18:02:20,2025-12-22T18:02:20,61.28,1.0,SetByAsk
2025-12-22 18:02:20,2025-12-22T18:02:20,61.28,1.0,SetByAsk
2025-12-22 18:02:20,2025-12-22T18:02:20,61.28,1.0,SetByAsk
2025-12-22 18:02:29,2025-12-22T18:02:29,61.29,1.0,SetByAsk
2025-12-22 18:02:29,2025-12-22T18:02:29,61.29,1.0,SetByAsk
2025-12-22 18:02:29,2025-12-22T18:02:29,61.29,1.0,SetByAsk
2025-12-22 18:02:29,2025-12-22T18:02:29,61.29,1.0,SetByAsk
2025-12-22 18:02:29,2025-12-22T18:02:29,61.29,1.0,SetByAsk
2025-12-22 18:02:36,2025-12-22T18:02:36,61.29,1.0,SetByAsk
2025-12-22 18:02:41,2025-12-22T18:02:41,61.29,1.0,SetByAsk
2025-12-22 18:02:41,2025-12-22T18:02:41,61.29,1.0,SetByAsk
2025-12-22 18:02:41,2025-12-22T18:02:41,61.29,2.0,SetByAsk
2025-12-22 18:02:42,2025-12-22T18:02:42,61.3,1.0,SetByBid
2025-12-22 18:02:44,2025-12-22T18:02:44,61.3,1.0,SetByBid
2025-12-22 18:02:46,2025-12-22T18:02:46,61.3,1.0,SetByBid
2025-12-22 18:02:48,2025-12-22T18:02:48,61.3,1.0,SetByBid
2025-12-22 18:02:51,2025-12-22T18:02:51,61.29,1.0,SetByBid
2025-12-22 18:02:52,2025-12-22T18:02:52,61.3,1.0,SetByBid
2025-12-22 18:02:52,2025-12-22T18:02:52,61.3,2.0,SetByBid
2025-12-22 18:02:53,2025-12-22T18:02:53,61.28,1.0,SetByAsk
2025-12-22 18:02:53,2025-12-22T18:02:53,61.28,1.0,SetByAsk
2025-12-22 18:02:53,2025-12-22T18:02:53,61.28,1.0,SetByAsk
2025-12-22 18:02:53,2025-12-22T18:02:53,61.28,1.0,SetByAsk
2025-12-22 18:02:54,2025-12-22T18:02:54,61.29,1.0,SetByBid
2025-12-22 18:02:54,2025-12-22T18:02:54,61.29,1.0,SetByBid
2025-12-22 18:02:54,2025-12-22T18:02:54,61.29,1.0,SetByBid
2025-12-22 18:02:54,2025-12-22T18:02:54,61.29,1.0,SetByBid
2025-12-22 18:02:54,2025-12-22T18:02:54,61.29,1.0,SetByBid
2025-12-22 18:02:54,2025-12-22T18:02:54,61.29,1.0,SetByBid
2025-12-22 18:02:54,2025-12-22T18:02:54,61.29,1.0,SetByBid
2025-12-22 18:02:54,2025-12-22T18:02:54,61.29,3.0,SetByBid
2025-12-22 18:02:54,2025-12-22T18:02:54,61.29,1.0,SetByBid
2025-12-22 18:02:54,2025-12-22T18:02:54,61.29,1.0,SetByBid
2025-12-22 18:02:54,2025-12-22T18:02:54,61.29,1.0,SetByBid
2025-12-22 18:02:54,2025-12-22T18:02:54,61.29,1.0,SetByBid
2025-12-22 18:02:54,2025-12-22T18:02:54,61.29,1.0,SetByBid
2025-12-22 18:02:54,2025-12-22T18:02:54,61.29,1.0,SetByBid
2025-12-22 18:02:54,2025-12-22T18:02:54,61.29,1.0,SetByBid
2025-12-22 18:02:54,2025-12-22T18:02:54,61.29,1.0,SetByBid
2025-12-22 18:02:54,2025-12-22T18:02:54,61.29,1.0,SetByBid
2025-12-22 18:02:54,2025-12-22T18:02:54,61.29,1.0,SetByBid
2025-12-22 18:02:58,2025-12-22T18:02:58,61.28,1.0,SetByAsk
2025-12-22 18:02:58,2025-12-22T18:02:58,61.28,1.0,SetByAsk
2025-12-22 18:02:58,2025-12-22T18:02:58,61.28,2.0,SetByAsk
2025-12-22 18:03:00,2025-12-22T18:03:00,61.28,1.0,SetByBid
2025-12-22 18:03:03,2025-12-22T18:03:03,61.28,1.0,SetByAsk
2025-12-22 18:03:07,2025-12-22T18:03:07,61.28,1.0,SetByBid
2025-12-22 18:03:07,2025-12-22T18:03:07,61.28,1.0,SetByAsk
2025-12-22 18:03:07,2025-12-22T18:03:07,61.28,1.0,SetByBid
2025-12-22 18:03:28,2025-12-22T18:03:28,61.27,1.0,SetByAsk
2025-12-22 18:03:28,2025-12-22T18:03:28,61.27,1.0,SetByAsk
2025-12-22 18:03:35,2025-12-22T18:03:35,61.27,1.0,SetByAsk
2025-12-22 18:03:35,2025-12-22T18:03:35,61.27,1.0,SetByAsk
2025-12-22 18:03:44,2025-12-22T18:03:44,61.28,1.0,SetByBid
2025-12-22 18:03:45,2025-12-22T18:03:45,61.29,1.0,SetByBid
2025-12-22 18:03:45,2025-12-22T18:03:45,61.29,1.0,SetByBid
2025-12-22 18:03:45,2025-12-22T18:03:45,61.29,1.0,SetByBid
2025-12-22 18:03:45,2025-12-22T18:03:45,61.29,1.0,SetByBid
2025-12-22 18:03:45,2025-12-22T18:03:45,61.29,1.0,SetByBid
2025-12-22 18:03:45,2025-12-22T18:03:45,61.29,1.0,SetByBid
2025-12-22 18:03:45,2025-12-22T18:03:45,61.29,1.0,SetByBid
2025-12-22 18:03:45,2025-12-22T18:03:45,61.29,1.0,SetByBid
2025-12-22 18:03:45,2025-12-22T18:03:45,61.29,2.0,SetByBid
2025-12-22 18:03:45,2025-12-22T18:03:45,61.29,2.0,SetByBid
2025-12-22 18:03:45,2025-12-22T18:03:45,61.29,2.0,SetByBid
2025-12-22 18:03:45,2025-12-22T18:03:45,61.29,2.0,SetByBid
2025-12-22 18:03:45,2025-12-22T18:03:45,61.29,1.0,SetByBid
2025-12-22 18:03:45,2025-12-22T18:03:45,61.29,1.0,SetByBid
2025-12-22 18:03:45,2025-12-22T18:03:45,61.29,1.0,SetByBid
2025-12-22 18:03:45,2025-12-22T18:03:45,61.29,1.0,SetByBid
2025-12-22 18:03:45,2025-12-22T18:03:45,61.29,1.0,SetByBid
2025-12-22 18:03:45,2025-12-22T18:03:45,61.3,1.0,SetByBid
2025-12-22 18:03:45,2025-12-22T18:03:45,61.3,1.0,SetByBid
2025-12-22 18:03:45,2025-12-22T18:03:45,61.3,1.0,SetByBid
2025-12-22 18:03:45,2025-12-22T18:03:45,61.3,1.0,SetByBid
2025-12-22 18:03:45,2025-12-22T18:03:45,61.3,1.0,SetByBid
2025-12-22 18:03:45,2025-12-22T18:03:45,61.3,1.0,SetByBid
2025-12-22 18:03:45,2025-12-22T18:03:45,61.3,1.0,SetByBid
2025-12-22 18:03:45,2025-12-22T18:03:45,61.3,1.0,SetByBid
2025-12-22 18:03:45,2025-12-22T18:03:45,61.3,1.0,SetByBid
2025-12-22 18:03:45,2025-12-22T18:03:45,61.3,1.0,SetByBid
2025-12-22 18:03:45,2025-12-22T18:03:45,61.3,1.0,SetByBid
2025-12-22 18:03:46,2025-12-22T18:03:46,61.29,1.0,SetByBid
2025-12-22 18:03:46,2025-12-22T18:03:46,61.28,1.0,SetByAsk
2025-12-22 18:03:46,2025-12-22T18:03:46,61.28,1.0,SetByAsk
2025-12-22 18:03:47,2025-12-22T18:03:47,61.28,1.0,SetByAsk
2025-12-22 18:03:47,2025-12-22T18:03:47,61.28,1.0,SetByAsk
2025-12-22 18:03:50,2025-12-22T18:03:50,61.28,1.0,SetByAsk
2025-12-22 18:03:51,2025-12-22T18:03:51,61.28,1.0,SetByAsk
2025-12-22 18:03:54,2025-12-22T18:03:54,61.28,1.0,SetByAsk
2025-12-22 18:03:54,2025-12-22T18:03:54,61.28,1.0,SetByAsk
2025-12-22 18:03:58,2025-12-22T18:03:58,61.26,1.0,SetByAsk
2025-12-22 18:03:58,2025-12-22T18:03:58,61.26,1.0,SetByAsk
2025-12-22 18:03:58,2025-12-22T18:03:58,61.26,1.0,SetByBid
2025-12-22 18:04:12,2025-12-22T18:04:12,61.24,1.0,SetByAsk
2025-12-22 18:04:14,2025-12-22T18:04:14,61.25,1.0,SetByBid
2025-12-22 18:04:14,2025-12-22T18:04:14,61.25,3.0,SetByBid
2025-12-22 18:04:20,2025-12-22T18:04:20,61.24,1.0,SetByAsk
2025-12-22 18:04:20,2025-12-22T18:04:20,61.24,1.0,SetByAsk
2025-12-22 18:04:20,2025-12-22T18:04:20,61.24,1.0,SetByAsk
2025-12-22 18:04:20,2025-12-22T18:04:20,61.24,1.0,SetByAsk
2025-12-22 18:04:20,2025-12-22T18:04:20,61.24,1.0,SetByAsk
2025-12-22 18:04:20,2025-12-22T18:04:20,61.24,1.0,SetByAsk
2025-12-22 18:04:20,2025-12-22T18:04:20,61.24,1.0,SetByBid
2025-12-22 18:04:23,2025-12-22T18:04:23,61.23,1.0,SetByBid
2025-12-22 18:04:32,2025-12-22T18:04:32,61.23,1.0,SetByBid
2025-12-22 18:04:46,2025-12-22T18:04:46,61.23,1.0,SetByBid
2025-12-22 18:04:51,2025-12-22T18:04:51,61.22,1.0,SetByBid
2025-12-22 18:04:58,2025-12-22T18:04:58,61.21,2.0,SetByBid
2025-12-22 18:04:59,2025-12-22T18:04:59,61.22,1.0,SetByBid
2025-12-22 18:04:59,2025-12-22T18:04:59,61.22,1.0,SetByBid
2025-12-22 18:04:59,2025-12-22T18:04:59,61.23,1.0,SetByBid
2025-12-22 18:04:59,2025-12-22T18:04:59,61.23,1.0,SetByBid
2025-12-22 18:04:59,2025-12-22T18:04:59,61.23,1.0,SetByBid
2025-12-22 18:05:01,2025-12-22T18:05:01,61.23,1.0,SetByBid
2025-12-22 18:05:01,2025-12-22T18:05:01,61.23,1.0,SetByBid
2025-12-22 18:05:02,2025-12-22T18:05:02,61.24,1.0,SetByAsk
2025-12-22 18:05:02,2025-12-22T18:05:02,61.25,1.0,SetByBid
2025-12-22 18:05:02,2025-12-22T18:05:02,61.25,1.0,SetByBid
2025-12-22 18:05:09,2025-12-22T18:05:09,61.26,1.0,SetByBid
2025-12-22 18:05:09,2025-12-22T18:05:09,61.26,1.0,SetByBid
2025-12-22 18:05:12,2025-12-22T18:05:12,61.26,1.0,SetByAsk
2025-12-22 18:05:13,2025-12-22T18:05:13,61.26,1.0,SetByAsk
2025-12-22 18:05:13,2025-12-22T18:05:13,61.26,1.0,SetByAsk
2025-12-22 18:05:36,2025-12-22T18:05:36,61.25,1.0,SetByAsk
2025-12-22 18:05:36,2025-12-22T18:05:36,61.25,1.0,SetByAsk
2025-12-22 18:05:44,2025-12-22T18:05:44,61.26,1.0,SetByBid
2025-12-22 18:05:45,2025-12-22T18:05:45,61.25,1.0,SetByAsk
2025-12-22 18:05:45,2025-12-22T18:05:45,61.25,1.0,SetByAsk
2025-12-22 18:05:45,2025-12-22T18:05:45,61.25,1.0,SetByAsk
2025-12-22 18:05:45,2025-12-22T18:05:45,61.25,1.0,SetByAsk
2025-12-22 18:05:45,2025-12-22T18:05:45,61.25,1.0,SetByBid
2025-12-22 18:05:53,2025-12-22T18:05:53,61.26,1.0,SetByBid
2025-12-22 18:05:53,2025-12-22T18:05:53,61.26,1.0,SetByBid
2025-12-22 18:05:53,2025-12-22T18:05:53,61.26,1.0,SetByBid
2025-12-22 18:05:53,2025-12-22T18:05:53,61.26,1.0,SetByBid
2025-12-22 18:05:53,2025-12-22T18:05:53,61.26,1.0,SetByBid
2025-12-22 18:05:53,2025-12-22T18:05:53,61.26,1.0,SetByBid
2025-12-22 18:05:54,2025-12-22T18:05:54,61.26,1.0,SetByBid
2025-12-22 18:05:54,2025-12-22T18:05:54,61.26,1.0,SetByBid
2025-12-22 18:05:54,2025-12-22T18:05:54,61.26,1.0,SetByBid
2025-12-22 18:05:54,2025-12-22T18:05:54,61.26,1.0,SetByBid
2025-12-22 18:05:54,2025-12-22T18:05:54,61.26,1.0,SetByBid
2025-12-22 18:05:54,2025-12-22T18:05:54,61.26,1.0,SetByBid
2025-12-22 18:05:55,2025-12-22T18:05:55,61.26,1.0,SetByBid
2025-12-22 18:05:55,2025-12-22T18:05:55,61.26,1.0,SetByBid
2025-12-22 18:05:55,2025-12-22T18:05:55,61.26,1.0,SetByBid
2025-12-22 18:05:55,2025-12-22T18:05:55,61.26,1.0,SetByBid
2025-12-22 18:05:55,2025-12-22T18:05:55,61.26,1.0,SetByBid
2025-12-22 18:05:55,2025-12-22T18:05:55,61.26,1.0,SetByBid
2025-12-22 18:05:55,2025-12-22T18:05:55,61.26,1.0,SetByBid
2025-12-22 18:05:55,2025-12-22T18:05:55,61.26,1.0,SetByBid
2025-12-22 18:05:55,2025-12-22T18:05:55,61.26,1.0,SetByBid
2025-12-22 18:05:57,2025-12-22T18:05:57,61.26,1.0,SetByBid
2025-12-22 18:05:57,2025-12-22T18:05:57,61.26,1.0,SetByBid
2025-12-22 18:05:57,2025-12-22T18:05:57,61.26,1.0,SetByBid
2025-12-22 18:05:57,2025-12-22T18:05:57,61.26,1.0,SetByBid
2025-12-22 18:05:57,2025-12-22T18:05:57,61.26,1.0,SetByBid
2025-12-22 18:05:57,2025-12-22T18:05:57,61.27,1.0,SetByBid
2025-12-22 18:05:58,2025-12-22T18:05:58,61.26,1.0,SetByBid
2025-12-22 18:06:01,2025-12-22T18:06:01,61.25,3.0,SetByAsk
2025-12-22 18:06:01,2025-12-22T18:06:01,61.25,1.0,SetByAsk
2025-12-22 18:06:02,2025-12-22T18:06:02,61.25,1.0,SetByBid
2025-12-22 18:06:02,2025-12-22T18:06:02,61.25,1.0,SetByBid
2025-12-22 18:06:02,2025-12-22T18:06:02,61.25,1.0,SetByBid
2025-12-22 18:06:11,2025-12-22T18:06:11,61.25,1.0,SetByBid
2025-12-22 18:06:11,2025-12-22T18:06:11,61.26,1.0,SetByBid
2025-12-22 18:06:11,2025-12-22T18:06:11,61.26,1.0,SetByBid
2025-12-22 18:06:11,2025-12-22T18:06:11,61.26,1.0,SetByBid
2025-12-22 18:06:11,2025-12-22T18:06:11,61.26,1.0,SetByBid
2025-12-22 18:06:11,2025-12-22T18:06:11,61.26,1.0,SetByBid
2025-12-22 18:06:12,2025-12-22T18:06:12,61.24,1.0,SetByAsk
2025-12-22 18:06:12,2025-12-22T18:06:12,61.24,1.0,SetByAsk
2025-12-22 18:06:13,2025-12-22T18:06:13,61.24,1.0,SetByAsk
2025-12-22 18:06:13,2025-12-22T18:06:13,61.24,1.0,SetByAsk
2025-12-22 18:06:13,2025-12-22T18:06:13,61.24,1.0,SetByAsk
2025-12-22 18:06:13,2025-12-22T18:06:13,61.24,1.0,SetByAsk
2025-12-22 18:06:13,2025-12-22T18:06:13,61.24,2.0,SetByBid
2025-12-22 18:06:13,2025-12-22T18:06:13,61.24,1.0,SetByBid
2025-12-22 18:06:13,2025-12-22T18:06:13,61.24,1.0,SetByBid
2025-12-22 18:06:13,2025-12-22T18:06:13,61.24,1.0,SetByBid
2025-12-22 18:06:13,2025-12-22T18:06:13,61.24,1.0,SetByBid
2025-12-22 18:06:13,2025-12-22T18:06:13,61.24,2.0,SetByBid
2025-12-22 18:06:13,2025-12-22T18:06:13,61.24,1.0,SetByBid
2025-12-22 18:06:13,2025-12-22T18:06:13,61.24,1.0,SetByBid
2025-12-22 18:06:13,2025-12-22T18:06:13,61.24,1.0,SetByBid
2025-12-22 18:06:13,2025-12-22T18:06:13,61.25,1.0,SetByBid
2025-12-22 18:06:13,2025-12-22T18:06:13,61.25,1.0,SetByBid
2025-12-22 18:06:13,2025-12-22T18:06:13,61.25,1.0,SetByBid
2025-12-22 18:06:13,2025-12-22T18:06:13,61.25,1.0,SetByBid
2025-12-22 18:06:13,2025-12-22T18:06:13,61.25,2.0,SetByBid
2025-12-22 18:06:13,2025-12-22T18:06:13,61.25,1.0,SetByBid
2025-12-22 18:06:13,2025-12-22T18:06:13,61.25,1.0,SetByBid
2025-12-22 18:06:14,2025-12-22T18:06:14,61.24,3.0,SetByBid
2025-12-22 18:06:14,2025-12-22T18:06:14,61.24,2.0,SetByBid
2025-12-22 18:06:16,2025-12-22T18:06:16,61.24,1.0,SetByBid
2025-12-22 18:06:17,2025-12-22T18:06:17,61.24,1.0,SetByBid
2025-12-22 18:06:17,2025-12-22T18:06:17,61.25,1.0,SetByBid
2025-12-22 18:06:19,2025-12-22T18:06:19,61.23,1.0,SetByAsk
2025-12-22 18:06:19,2025-12-22T18:06:19,61.23,1.0,SetByAsk
2025-12-22 18:06:19,2025-12-22T18:06:19,61.23,1.0,SetByAsk
2025-12-22 18:06:19,2025-12-22T18:06:19,61.23,1.0,SetByBid
2025-12-22 18:06:19,2025-12-22T18:06:19,61.23,1.0,SetByBid
2025-12-22 18:06:19,2025-12-22T18:06:19,61.23,1.0,SetByBid
2025-12-22 18:06:19,2025-12-22T18:06:19,61.23,1.0,SetByBid
2025-12-22 18:06:19,2025-12-22T18:06:19,61.24,1.0,SetByBid
2025-12-22 18:06:19,2025-12-22T18:06:19,61.24,1.0,SetByBid
2025-12-22 18:06:30,2025-12-22T18:06:30,61.22,1.0,SetByAsk
2025-12-22 18:06:30,2025-12-22T18:06:30,61.22,1.0,SetByAsk
2025-12-22 18:06:30,2025-12-22T18:06:30,61.22,1.0,SetByAsk
2025-12-22 18:06:34,2025-12-22T18:06:34,61.22,1.0,SetByAsk
2025-12-22 18:06:34,2025-12-22T18:06:34,61.22,1.0,SetByAsk
2025-12-22 18:06:34,2025-12-22T18:06:34,61.22,1.0,SetByAsk
2025-12-22 18:06:45,2025-12-22T18:06:45,61.21,1.0,SetByAsk
2025-12-22 18:06:45,2025-12-22T18:06:45,61.21,1.0,SetByAsk
2025-12-22 18:06:45,2025-12-22T18:06:45,61.21,1.0,SetByAsk
2025-12-22 18:06:45,2025-12-22T18:06:45,61.21,1.0,SetByAsk
2025-12-22 18:06:45,2025-12-22T18:06:45,61.21,1.0,SetByAsk
2025-12-22 18:06:45,2025-12-22T18:06:45,61.21,1.0,SetByAsk
2025-12-22 18:06:45,2025-12-22T18:06:45,61.23,1.0,SetByBid
2025-12-22 18:06:45,2025-12-22T18:06:45,61.23,1.0,SetByBid
2025-12-22 18:06:45,2025-12-22T18:06:45,61.23,1.0,SetByBid
2025-12-22 18:06:45,2025-12-22T18:06:45,61.23,1.0,SetByBid
2025-12-22 18:06:45,2025-12-22T18:06:45,61.23,1.0,SetByBid
2025-12-22 18:06:45,2025-12-22T18:06:45,61.23,1.0,SetByBid
2025-12-22 18:06:45,2025-12-22T18:06:45,61.23,1.0,SetByBid
2025-12-22 18:06:45,2025-12-22T18:06:45,61.23,1.0,SetByBid
2025-12-22 18:06:45,2025-12-22T18:06:45,61.23,1.0,SetByBid
2025-12-22 18:06:45,2025-12-22T18:06:45,61.23,1.0,SetByBid
2025-12-22 18:06:46,2025-12-22T18:06:46,61.23,1.0,SetByBid
2025-12-22 18:06:48,2025-12-22T18:06:48,61.24,1.0,SetByBid
2025-12-22 18:06:48,2025-12-22T18:06:48,61.24,1.0,SetByBid
2025-12-22 18:06:48,2025-12-22T18:06:48,61.24,1.0,SetByBid
2025-12-22 18:06:48,2025-12-22T18:06:48,61.24,1.0,SetByBid
2025-12-22 18:06:48,2025-12-22T18:06:48,61.24,1.0,SetByBid
2025-12-22 18:06:49,2025-12-22T18:06:49,61.24,1.0,SetByBid
2025-12-22 18:06:50,2025-12-22T18:06:50,61.24,1.0,SetByBid
2025-12-22 18:06:50,2025-12-22T18:06:50,61.24,1.0,SetByBid
2025-12-22 18:06:50,2025-12-22T18:06:50,61.24,1.0,SetByBid
2025-12-22 18:06:50,2025-12-22T18:06:50,61.24,1.0,SetByBid
2025-12-22 18:06:50,2025-12-22T18:06:50,61.24,1.0,SetByBid
2025-12-22 18:06:50,2025-12-22T18:06:50,61.24,1.0,SetByBid
2025-12-22 18:06:50,2025-12-22T18:06:50,61.24,1.0,SetByBid
2025-12-22 18:06:50,2025-12-22T18:06:50,61.25,1.0,SetByBid
2025-12-22 18:06:51,2025-12-22T18:06:51,61.24,1.0,SetByBid
2025-12-22 18:06:54,2025-12-22T18:06:54,61.24,1.0,SetByBid
2025-12-22 18:07:01,2025-12-22T18:07:01,61.24,2.0,SetByAsk
2025-12-22 18:07:01,2025-12-22T18:07:01,61.24,1.0,SetByAsk
2025-12-22 18:07:01,2025-12-22T18:07:01,61.24,1.0,SetByAsk
2025-12-22 18:07:01,2025-12-22T18:07:01,61.24,1.0,SetByAsk
2025-12-22 18:07:01,2025-12-22T18:07:01,61.24,1.0,SetByAsk
2025-12-22 18:07:03,2025-12-22T18:07:03,61.25,1.0,SetByBid
2025-12-22 18:07:03,2025-12-22T18:07:03,61.25,1.0,SetByBid
2025-12-22 18:07:03,2025-12-22T18:07:03,61.25,1.0,SetByBid
2025-12-22 18:07:03,2025-12-22T18:07:03,61.25,2.0,SetByBid
2025-12-22 18:07:03,2025-12-22T18:07:03,61.25,1.0,SetByBid
2025-12-22 18:07:03,2025-12-22T18:07:03,61.25,1.0,SetByBid
2025-12-22 18:07:03,2025-12-22T18:07:03,61.25,1.0,SetByBid
2025-12-22 18:07:05,2025-12-22T18:07:05,61.24,2.0,SetByBid
2025-12-22 18:07:05,2025-12-22T18:07:05,61.24,1.0,SetByBid
2025-12-22 18:07:05,2025-12-22T18:07:05,61.24,1.0,SetByBid
2025-12-22 18:07:05,2025-12-22T18:07:05,61.24,1.0,SetByBid
2025-12-22 18:07:06,2025-12-22T18:07:06,61.24,1.0,SetByBid
2025-12-22 18:07:06,2025-12-22T18:07:06,61.24,1.0,SetByBid
2025-12-22 18:07:06,2025-12-22T18:07:06,61.24,2.0,SetByBid
2025-12-22 18:07:06,2025-12-22T18:07:06,61.24,1.0,SetByBid
2025-12-22 18:07:06,2025-12-22T18:07:06,61.24,1.0,SetByBid
2025-12-22 18:07:06,2025-12-22T18:07:06,61.24,1.0,SetByBid
2025-12-22 18:07:07,2025-12-22T18:07:07,61.23,1.0,SetByAsk
2025-12-22 18:07:07,2025-12-22T18:07:07,61.23,3.0,SetByAsk
2025-12-22 18:07:07,2025-12-22T18:07:07,61.23,1.0,SetByAsk
2025-12-22 18:07:07,2025-12-22T18:07:07,61.23,1.0,SetByAsk
2025-12-22 18:07:07,2025-12-22T18:07:07,61.23,1.0,SetByAsk
2025-12-22 18:07:11,2025-12-22T18:07:11,61.23,1.0,SetByAsk
2025-12-22 18:07:11,2025-12-22T18:07:11,61.23,1.0,SetByAsk
2025-12-22 18:07:11,2025-12-22T18:07:11,61.23,5.0,SetByAsk
2025-12-22 18:07:11,2025-12-22T18:07:11,61.23,1.0,SetByAsk
2025-12-22 18:07:11,2025-12-22T18:07:11,61.23,1.0,SetByAsk
2025-12-22 18:07:11,2025-12-22T18:07:11,61.21,1.0,SetByAsk
2025-12-22 18:07:11,2025-12-22T18:07:11,61.21,1.0,SetByAsk
2025-12-22 18:07:11,2025-12-22T18:07:11,61.21,1.0,SetByAsk
2025-12-22 18:07:14,2025-12-22T18:07:14,61.21,1.0,SetByAsk
2025-12-22 18:07:14,2025-12-22T18:07:14,61.21,1.0,SetByAsk
2025-12-22 18:07:25,2025-12-22T18:07:25,61.2,1.0,SetByAsk
2025-12-22 18:07:25,2025-12-22T18:07:25,61.2,1.0,SetByAsk
2025-12-22 18:07:25,2025-12-22T18:07:25,61.2,1.0,SetByAsk
2025-12-22 18:07:25,2025-12-22T18:07:25,61.2,1.0,SetByAsk
2025-12-22 18:07:39,2025-12-22T18:07:39,61.19,1.0,SetByAsk
2025-12-22 18:07:39,2025-12-22T18:07:39,61.19,1.0,SetByAsk
2025-12-22 18:07:39,2025-12-22T18:07:39,61.19,1.0,SetByAsk
2025-12-22 18:07:41,2025-12-22T18:07:41,61.19,1.0,SetByBid
2025-12-22 18:07:41,2025-12-22T18:07:41,61.19,1.0,SetByBid
2025-12-22 18:07:41,2025-12-22T18:07:41,61.19,1.0,SetByBid
2025-12-22 18:07:41,2025-12-22T18:07:41,61.18,1.0,SetByAsk
2025-12-22 18:07:41,2025-12-22T18:07:41,61.18,1.0,SetByBid
2025-12-22 18:07:44,2025-12-22T18:07:44,61.17,1.0,SetByAsk
2025-12-22 18:07:44,2025-12-22T18:07:44,61.17,1.0,SetByAsk
2025-12-22 18:07:44,2025-12-22T18:07:44,61.17,1.0,SetByAsk
2025-12-22 18:07:44,2025-12-22T18:07:44,61.17,1.0,SetByBid
2025-12-22 18:07:44,2025-12-22T18:07:44,61.17,1.0,SetByBid
2025-12-22 18:08:00,2025-12-22T18:08:00,61.19,1.0,SetByAsk
2025-12-22 18:08:00,2025-12-22T18:08:00,61.19,1.0,SetByAsk
2025-12-22 18:08:00,2025-12-22T18:08:00,61.18,1.0,SetByAsk
2025-12-22 18:08:01,2025-12-22T18:08:01,61.18,1.0,SetByBid
2025-12-22 18:08:01,2025-12-22T18:08:01,61.18,1.0,SetByBid
2025-12-22 18:08:03,2025-12-22T18:08:03,61.18,1.0,SetByBid
2025-12-22 18:08:10,2025-12-22T18:08:10,61.18,1.0,SetByAsk
2025-12-22 18:08:10,2025-12-22T18:08:10,61.18,1.0,SetByAsk
2025-12-22 18:08:12,2025-12-22T18:08:12,61.18,1.0,SetByAsk
2025-12-22 18:08:12,2025-12-22T18:08:12,61.18,1.0,SetByAsk
2025-12-22 18:08:12,2025-12-22T18:08:12,61.18,1.0,SetByAsk
2025-12-22 18:08:12,2025-12-22T18:08:12,61.18,1.0,SetByAsk
2025-12-22 18:08:21,2025-12-22T18:08:21,61.19,1.0,SetByBid
2025-12-22 18:08:21,2025-12-22T18:08:21,61.19,1.0,SetByBid
2025-12-22 18:08:21,2025-12-22T18:08:21,61.2,1.0,SetByBid
2025-12-22 18:08:21,2025-12-22T18:08:21,61.2,2.0,SetByBid
2025-12-22 18:08:24,2025-12-22T18:08:24,61.21,1.0,SetByAsk
2025-12-22 18:08:30,2025-12-22T18:08:30,61.2,1.0,SetByAsk
2025-12-22 18:08:41,2025-12-22T18:08:41,61.19,1.0,SetByBid
2025-12-22 18:08:45,2025-12-22T18:08:45,61.17,1.0,SetByAsk
2025-12-22 18:08:45,2025-12-22T18:08:45,61.17,1.0,SetByAsk
2025-12-22 18:08:45,2025-12-22T18:08:45,61.17,1.0,SetByAsk
2025-12-22 18:08:49,2025-12-22T18:08:49,61.15,1.0,SetByBid
2025-12-22 18:08:49,2025-12-22T18:08:49,61.16,1.0,SetByBid
2025-12-22 18:08:55,2025-12-22T18:08:55,61.15,1.0,SetByAsk
2025-12-22 18:09:00,2025-12-22T18:09:00,61.15,2.0,SetByBid
2025-12-22 18:09:00,2025-12-22T18:09:00,61.15,6.0,SetByBid
2025-12-22 18:09:00,2025-12-22T18:09:00,61.15,3.0,SetByBid
2025-12-22 18:09:00,2025-12-22T18:09:00,61.15,4.0,SetByBid
2025-12-22 18:09:00,2025-12-22T18:09:00,61.15,2.0,SetByBid
2025-12-22 18:09:01,2025-12-22T18:09:01,61.15,12.0,SetByBid
2025-12-22 18:09:01,2025-12-22T18:09:01,61.15,2.0,SetByBid
2025-12-22 18:09:01,2025-12-22T18:09:01,61.15,2.0,SetByBid
2025-12-22 18:09:04,2025-12-22T18:09:04,61.15,1.0,SetByBid
2025-12-22 18:09:04,2025-12-22T18:09:04,61.16,1.0,SetByBid
2025-12-22 18:09:04,2025-12-22T18:09:04,61.16,1.0,SetByBid
2025-12-22 18:09:04,2025-12-22T18:09:04,61.16,1.0,SetByAsk
2025-12-22 18:09:20,2025-12-22T18:09:20,61.16,2.0,SetByAsk
2025-12-22 18:09:20,2025-12-22T18:09:20,61.16,5.0,SetByAsk
2025-12-22 18:09:20,2025-12-22T18:09:20,61.16,1.0,SetByAsk
2025-12-22 18:09:20,2025-12-22T18:09:20,61.16,1.0,SetByAsk
2025-12-22 18:09:20,2025-12-22T18:09:20,61.16,1.0,SetByAsk
2025-12-22 18:09:20,2025-12-22T18:09:20,61.16,1.0,SetByBid
2025-12-22 18:09:21,2025-12-22T18:09:21,61.16,2.0,SetByBid
2025-12-22 18:09:21,2025-12-22T18:09:21,61.16,1.0,SetByBid
2025-12-22 18:09:27,2025-12-22T18:09:27,61.15,1.0,SetByAsk
2025-12-22 18:09:27,2025-12-22T18:09:27,61.15,1.0,SetByAsk
2025-12-22 18:09:27,2025-12-22T18:09:27,61.15,1.0,SetByAsk
2025-12-22 18:09:32,2025-12-22T18:09:32,61.14,1.0,SetByAsk
2025-12-22 18:09:32,2025-12-22T18:09:32,61.14,1.0,SetByAsk
2025-12-22 18:09:53,2025-12-22T18:09:53,61.14,1.0,SetByAsk
2025-12-22 18:09:55,2025-12-22T18:09:55,61.15,1.0,SetByBid
2025-12-22 18:10:14,2025-12-22T18:10:14,61.14,1.0,SetByAsk
2025-12-22 18:10:22,2025-12-22T18:10:22,61.13,1.0,SetByAsk
2025-12-22 18:10:22,2025-12-22T18:10:22,61.13,1.0,SetByAsk
2025-12-22 18:10:32,2025-12-22T18:10:32,61.13,1.0,SetByAsk
2025-12-22 18:10:40,2025-12-22T18:10:40,61.16,1.0,SetByBid
2025-12-22 18:10:42,2025-12-22T18:10:42,61.15,1.0,SetByAsk
2025-12-22 18:10:42,2025-12-22T18:10:42,61.15,1.0,SetByAsk
2025-12-22 18:10:56,2025-12-22T18:10:56,61.13,1.0,SetByAsk
2025-12-22 18:10:56,2025-12-22T18:10:56,61.13,1.0,SetByAsk
2025-12-22 18:10:56,2025-12-22T18:10:56,61.12,1.0,SetByAsk
2025-12-22 18:11:05,2025-12-22T18:11:05,61.13,1.0,SetByAsk
2025-12-22 18:11:06,2025-12-22T18:11:06,61.13,1.0,SetByAsk
2025-12-22 18:11:12,2025-12-22T18:11:12,61.14,1.0,SetByBid
2025-12-22 18:11:33,2025-12-22T18:11:33,61.15,1.0,SetByAsk
2025-12-22 18:11:33,2025-12-22T18:11:33,61.15,1.0,SetByAsk
2025-12-22 18:11:33,2025-12-22T18:11:33,61.15,1.0,SetByAsk
2025-12-22 18:11:33,2025-12-22T18:11:33,61.15,1.0,SetByAsk
2025-12-22 18:11:41,2025-12-22T18:11:41,61.14,1.0,SetByAsk
2025-12-22 18:11:41,2025-12-22T18:11:41,61.14,1.0,SetByAsk
2025-12-22 18:11:41,2025-12-22T18:11:41,61.14,1.0,SetByAsk
2025-12-22 18:11:41,2025-12-22T18:11:41,61.14,1.0,SetByAsk
2025-12-22 18:11:41,2025-12-22T18:11:41,61.14,1.0,SetByAsk
2025-12-22 18:11:58,2025-12-22T18:11:58,61.15,1.0,SetByAsk
2025-12-22 18:11:58,2025-12-22T18:11:58,61.15,1.0,SetByAsk
2025-12-22 18:11:58,2025-12-22T18:11:58,61.15,1.0,SetByAsk
2025-12-22 18:11:58,2025-12-22T18:11:58,61.15,1.0,SetByAsk
2025-12-22 18:12:08,2025-12-22T18:12:08,61.15,1.0,SetByBid
2025-12-22 18:12:13,2025-12-22T18:12:13,61.14,1.0,SetByBid
2025-12-22 18:12:14,2025-12-22T18:12:14,61.13,1.0,SetByAsk
2025-12-22 18:12:34,2025-12-22T18:12:34,61.12,1.0,SetByBid
2025-12-22 18:12:40,2025-12-22T18:12:40,61.1,1.0,SetByAsk
2025-12-22 18:12:40,2025-12-22T18:12:40,61.1,1.0,SetByAsk
2025-12-22 18:12:45,2025-12-22T18:12:45,61.1,1.0,SetByAsk
2025-12-22 18:12:56,2025-12-22T18:12:56,61.02,1.0,SetByBid
2025-12-22 18:12:56,2025-12-22T18:12:56,61.02,1.0,SetByBid
2025-12-22 18:12:56,2025-12-22T18:12:56,61.02,1.0,SetByBid
2025-12-22 18:12:56,2025-12-22T18:12:56,61.02,1.0,SetByBid
2025-12-22 18:12:56,2025-12-22T18:12:56,61.02,1.0,SetByBid
2025-12-22 18:12:56,2025-12-22T18:12:56,61.02,1.0,SetByBid
2025-12-22 18:12:56,2025-12-22T18:12:56,61.02,1.0,SetByBid
2025-12-22 18:12:56,2025-12-22T18:12:56,61.02,1.0,SetByBid
2025-12-22 18:12:56,2025-12-22T18:12:56,61.02,1.0,SetByBid
2025-12-22 18:12:56,2025-12-22T18:12:56,61.02,1.0,SetByBid
2025-12-22 18:12:56,2025-12-22T18:12:56,61.02,1.0,SetByBid
2025-12-22 18:12:56,2025-12-22T18:12:56,61.02,1.0,SetByBid
2025-12-22 18:12:56,2025-12-22T18:12:56,61.02,1.0,SetByBid
2025-12-22 18:12:56,2025-12-22T18:12:56,61.02,3.0,SetByBid
2025-12-22 18:12:56,2025-12-22T18:12:56,61.02,3.0,SetByBid
2025-12-22 18:12:56,2025-12-22T18:12:56,61.02,3.0,SetByBid
2025-12-22 18:12:56,2025-12-22T18:12:56,61.05,1.0,SetByBid
2025-12-22 18:12:56,2025-12-22T18:12:56,61.05,1.0,SetByBid
2025-12-22 18:12:56,2025-12-22T18:12:56,61.04,1.0,SetByAsk
2025-12-22 18:12:56,2025-12-22T18:12:56,61.05,1.0,SetByBid
2025-12-22 18:12:56,2025-12-22T18:12:56,61.05,1.0,SetByBid
2025-12-22 18:12:56,2025-12-22T18:12:56,61.05,1.0,SetByAsk
2025-12-22 18:12:56,2025-12-22T18:12:56,61.06,1.0,SetByBid
2025-12-22 18:12:56,2025-12-22T18:12:56,61.06,1.0,SetByBid
2025-12-22 18:12:56,2025-12-22T18:12:56,61.06,1.0,SetByBid
2025-12-22 18:12:56,2025-12-22T18:12:56,61.06,1.0,SetByBid
2025-12-22 18:12:56,2025-12-22T18:12:56,61.06,1.0,SetByBid
2025-12-22 18:12:56,2025-12-22T18:12:56,61.06,1.0,SetByBid
2025-12-22 18:12:56,2025-12-22T18:12:56,61.06,1.0,SetByBid
2025-12-22 18:12:56,2025-12-22T18:12:56,61.06,1.0,SetByBid
2025-12-22 18:12:56,2025-12-22T18:12:56,61.06,1.0,SetByBid
2025-12-22 18:12:56,2025-12-22T18:12:56,61.06,1.0,SetByBid
2025-12-22 18:12:56,2025-12-22T18:12:56,61.06,1.0,SetByBid
2025-12-22 18:12:56,2025-12-22T18:12:56,61.06,1.0,SetByBid
2025-12-22 18:12:56,2025-12-22T18:12:56,61.06,1.0,SetByBid
2025-12-22 18:12:56,2025-12-22T18:12:56,61.06,1.0,SetByBid
2025-12-22 18:12:56,2025-12-22T18:12:56,61.06,1.0,SetByBid
2025-12-22 18:12:57,2025-12-22T18:12:57,61.08,1.0,SetByBid
2025-12-22 18:12:57,2025-12-22T18:12:57,61.09,1.0,SetByBid
2025-12-22 18:12:57,2025-12-22T18:12:57,61.09,1.0,SetByBid
2025-12-22 18:12:57,2025-12-22T18:12:57,61.09,1.0,SetByBid
2025-12-22 18:12:57,2025-12-22T18:12:57,61.08,3.0,SetByAsk
2025-12-22 18:12:59,2025-12-22T18:12:59,61.06,1.0,SetByAsk
2025-12-22 18:12:59,2025-12-22T18:12:59,61.06,1.0,SetByAsk
2025-12-22 18:12:59,2025-12-22T18:12:59,61.06,1.0,SetByAsk
2025-12-22 18:12:59,2025-12-22T18:12:59,61.06,2.0,SetByBid
2025-12-22 18:13:01,2025-12-22T18:13:01,61.08,1.0,SetByBid
2025-12-22 18:13:01,2025-12-22T18:13:01,61.08,1.0,SetByBid
2025-12-22 18:13:01,2025-12-22T18:13:01,61.08,1.0,SetByBid
2025-12-22 18:13:01,2025-12-22T18:13:01,61.08,1.0,SetByBid
2025-12-22 18:13:01,2025-12-22T18:13:01,61.08,1.0,SetByBid
2025-12-22 18:13:01,2025-12-22T18:13:01,61.08,1.0,SetByBid
2025-12-22 18:13:01,2025-12-22T18:13:01,61.08,3.0,SetByBid
2025-12-22 18:13:01,2025-12-22T18:13:01,61.08,1.0,SetByBid
2025-12-22 18:13:01,2025-12-22T18:13:01,61.08,1.0,SetByBid
2025-12-22 18:13:01,2025-12-22T18:13:01,61.08,1.0,SetByBid
2025-12-22 18:13:01,2025-12-22T18:13:01,61.08,1.0,SetByBid
2025-12-22 18:13:01,2025-12-22T18:13:01,61.08,3.0,SetByBid
2025-12-22 18:13:01,2025-12-22T18:13:01,61.08,1.0,SetByBid
2025-12-22 18:13:01,2025-12-22T18:13:01,61.08,1.0,SetByBid
2025-12-22 18:13:01,2025-12-22T18:13:01,61.08,3.0,SetByBid
2025-12-22 18:13:01,2025-12-22T18:13:01,61.08,2.0,SetByBid
2025-12-22 18:13:01,2025-12-22T18:13:01,61.08,1.0,SetByBid
2025-12-22 18:13:01,2025-12-22T18:13:01,61.08,1.0,SetByBid
2025-12-22 18:13:01,2025-12-22T18:13:01,61.08,1.0,SetByBid
2025-12-22 18:13:01,2025-12-22T18:13:01,61.08,2.0,SetByAsk
2025-12-22 18:13:03,2025-12-22T18:13:03,61.08,1.0,SetByBid
2025-12-22 18:13:10,2025-12-22T18:13:10,61.08,1.0,SetByAsk
2025-12-22 18:13:10,2025-12-22T18:13:10,61.08,1.0,SetByAsk
2025-12-22 18:13:10,2025-12-22T18:13:10,61.08,1.0,SetByBid
2025-12-22 18:13:14,2025-12-22T18:13:14,61.07,1.0,SetByAsk
2025-12-22 18:13:24,2025-12-22T18:13:24,61.08,1.0,SetByAsk
2025-12-22 18:13:24,2025-12-22T18:13:24,61.08,1.0,SetByAsk
2025-12-22 18:13:24,2025-12-22T18:13:24,61.08,1.0,SetByAsk
2025-12-22 18:13:26,2025-12-22T18:13:26,61.07,1.0,SetByBid
2025-12-22 18:13:26,2025-12-22T18:13:26,61.07,2.0,SetByAsk
2025-12-22 18:13:26,2025-12-22T18:13:26,61.07,2.0,SetByBid
2025-12-22 18:13:31,2025-12-22T18:13:31,61.07,1.0,SetByAsk
2025-12-22 18:13:31,2025-12-22T18:13:31,61.07,1.0,SetByAsk
2025-12-22 18:13:31,2025-12-22T18:13:31,61.07,1.0,SetByAsk
2025-12-22 18:13:31,2025-12-22T18:13:31,61.07,1.0,SetByAsk
2025-12-22 18:13:36,2025-12-22T18:13:36,61.06,1.0,SetByAsk
2025-12-22 18:13:36,2025-12-22T18:13:36,61.06,1.0,SetByAsk
2025-12-22 18:13:38,2025-12-22T18:13:38,61.06,1.0,SetByAsk
2025-12-22 18:13:49,2025-12-22T18:13:49,61.06,1.0,SetByAsk
2025-12-22 18:13:49,2025-12-22T18:13:49,61.06,1.0,SetByAsk
2025-12-22 18:14:02,2025-12-22T18:14:02,61.05,1.0,SetByAsk
2025-12-22 18:14:08,2025-12-22T18:14:08,61.05,1.0,SetByAsk
2025-12-22 18:14:08,2025-12-22T18:14:08,61.05,1.0,SetByAsk
2025-12-22 18:14:08,2025-12-22T18:14:08,61.05,1.0,SetByBid
2025-12-22 18:14:09,2025-12-22T18:14:09,61.05,2.0,SetByBid
2025-12-22 18:14:12,2025-12-22T18:14:12,61.05,2.0,SetByAsk
2025-12-22 18:14:12,2025-12-22T18:14:12,61.05,1.0,SetByAsk
2025-12-22 18:14:18,2025-12-22T18:14:18,61.04,1.0,"SetByBid, Leg"
2025-12-22 18:14:24,2025-12-22T18:14:24,61.04,1.0,SetByBid
2025-12-22 18:14:52,2025-12-22T18:14:52,61.06,1.0,SetByAsk
2025-12-22 18:14:53,2025-12-22T18:14:53,61.06,1.0,SetByAsk
2025-12-22 18:14:56,2025-12-22T18:14:56,61.06,5.0,SetByAsk
2025-12-22 18:14:56,2025-12-22T18:14:56,61.06,1.0,SetByAsk
2025-12-22 18:14:57,2025-12-22T18:14:57,61.06,3.0,SetByAsk
2025-12-22 18:14:57,2025-12-22T18:14:57,61.06,2.0,SetByAsk
2025-12-22 18:15:06,2025-12-22T18:15:06,61.05,1.0,SetByBid
2025-12-22 18:15:06,2025-12-22T18:15:06,61.03,1.0,SetByAsk
2025-12-22 18:15:06,2025-12-22T18:15:06,61.03,1.0,SetByAsk
2025-12-22 18:15:06,2025-12-22T18:15:06,61.03,1.0,SetByAsk
2025-12-22 18:15:06,2025-12-22T18:15:06,61.03,1.0,SetByAsk
2025-12-22 18:15:14,2025-12-22T18:15:14,61.03,1.0,SetByAsk
2025-12-22 18:15:14,2025-12-22T18:15:14,61.03,1.0,SetByAsk
2025-12-22 18:15:14,2025-12-22T18:15:14,61.03,1.0,SetByAsk
2025-12-22 18:15:14,2025-12-22T18:15:14,61.03,1.0,SetByAsk
2025-12-22 18:15:24,2025-12-22T18:15:24,61.03,1.0,SetByAsk
2025-12-22 18:15:57,2025-12-22T18:15:57,61.02,1.0,SetByAsk
2025-12-22 18:16:01,2025-12-22T18:16:01,61.01,1.0,"SetByBid, Leg"
2025-12-22 18:16:02,2025-12-22T18:16:02,60.99,1.0,SetByBid
2025-12-22 18:16:19,2025-12-22T18:16:19,61.01,1.0,SetByAsk
2025-12-22 18:16:26,2025-12-22T18:16:26,61.0,1.0,SetByAsk
2025-12-22 18:16:30,2025-12-22T18:16:30,61.0,1.0,SetByBid
2025-12-22 18:16:42,2025-12-22T18:16:42,60.99,1.0,SetByAsk
2025-12-22 18:16:42,2025-12-22T18:16:42,60.99,1.0,SetByAsk
2025-12-22 18:16:43,2025-12-22T18:16:43,60.97,1.0,"SetByBid, Leg"
2025-12-22 18:16:43,2025-12-22T18:16:43,60.98,1.0,SetByBid
2025-12-22 18:16:48,2025-12-22T18:16:48,61.01,1.0,SetByBid
2025-12-22 18:17:12,2025-12-22T18:17:12,61.05,1.0,SetByAsk
2025-12-22 18:17:12,2025-12-22T18:17:12,61.05,1.0,SetByAsk
2025-12-22 18:17:12,2025-12-22T18:17:12,61.05,1.0,SetByAsk
2025-12-22 18:17:12,2025-12-22T18:17:12,61.05,1.0,SetByAsk
2025-12-22 18:17:14,2025-12-22T18:17:14,61.04,1.0,SetByAsk
2025-12-22 18:17:14,2025-12-22T18:17:14,61.04,1.0,SetByAsk
2025-12-22 18:17:35,2025-12-22T18:17:35,61.04,1.0,SetByAsk
2025-12-22 18:17:35,2025-12-22T18:17:35,61.04,2.0,SetByAsk
2025-12-22 18:17:41,2025-12-22T18:17:41,61.03,1.0,SetByAsk
2025-12-22 18:17:41,2025-12-22T18:17:41,61.03,1.0,SetByAsk
2025-12-22 18:17:54,2025-12-22T18:17:54,61.02,1.0,SetByBid
2025-12-22 18:17:54,2025-12-22T18:17:54,61.02,1.0,SetByBid
2025-12-22 18:18:00,2025-12-22T18:18:00,61.03,1.0,SetByAsk
2025-12-22 18:18:00,2025-12-22T18:18:00,61.03,1.0,SetByAsk
2025-12-22 18:18:00,2025-12-22T18:18:00,61.03,1.0,SetByAsk
2025-12-22 18:18:21,2025-12-22T18:18:21,61.03,1.0,SetByAsk
2025-12-22 18:18:21,2025-12-22T18:18:21,61.03,1.0,SetByAsk
2025-12-22 18:18:21,2025-12-22T18:18:21,61.03,1.0,SetByAsk
2025-12-22 18:18:21,2025-12-22T18:18:21,61.03,1.0,SetByAsk
2025-12-22 18:18:21,2025-12-22T18:18:21,61.03,1.0,SetByAsk
2025-12-22 18:18:34,2025-12-22T18:18:34,61.03,1.0,SetByAsk
2025-12-22 18:18:34,2025-12-22T18:18:34,61.03,1.0,SetByAsk
2025-12-22 18:19:00,2025-12-22T18:19:00,61.03,1.0,SetByBid
2025-12-22 18:19:07,2025-12-22T18:19:07,61.04,1.0,SetByBid
2025-12-22 18:19:07,2025-12-22T18:19:07,61.04,1.0,SetByAsk
2025-12-22 18:19:07,2025-12-22T18:19:07,61.04,1.0,SetByAsk
2025-12-22 18:19:22,2025-12-22T18:19:22,61.08,1.0,SetByBid
2025-12-22 18:19:23,2025-12-22T18:19:23,61.07,1.0,SetByAsk
2025-12-22 18:19:23,2025-12-22T18:19:23,61.07,2.0,SetByAsk
2025-12-22 18:19:32,2025-12-22T18:19:32,61.06,1.0,SetByAsk
2025-12-22 18:19:36,2025-12-22T18:19:36,61.06,1.0,SetByAsk
2025-12-22 18:19:55,2025-12-22T18:19:55,61.07,1.0,SetByBid
2025-12-22 18:19:59,2025-12-22T18:19:59,61.05,1.0,SetByBid
2025-12-22 18:20:20,2025-12-22T18:20:20,61.08,1.0,SetByAsk
2025-12-22 18:20:22,2025-12-22T18:20:22,61.08,1.0,SetByAsk
2025-12-22 18:20:22,2025-12-22T18:20:22,61.08,1.0,SetByAsk
2025-12-22 18:20:22,2025-12-22T18:20:22,61.08,1.0,SetByAsk
2025-12-22 18:20:27,2025-12-22T18:20:27,61.07,1.0,SetByAsk
2025-12-22 18:20:52,2025-12-22T18:20:52,61.07,1.0,SetByAsk
2025-12-22 18:20:52,2025-12-22T18:20:52,61.07,1.0,SetByAsk
2025-12-22 18:20:57,2025-12-22T18:20:57,61.06,1.0,SetByAsk
2025-12-22 18:20:58,2025-12-22T18:20:58,61.06,1.0,SetByBid
2025-12-22 18:21:27,2025-12-22T18:21:27,61.08,1.0,SetByAsk
2025-12-22 18:21:30,2025-12-22T18:21:30,61.07,1.0,SetByAsk
2025-12-22 18:21:38,2025-12-22T18:21:38,61.07,1.0,SetByAsk
2025-12-22 18:21:45,2025-12-22T18:21:45,61.06,1.0,SetByAsk
2025-12-22 18:21:45,2025-12-22T18:21:45,61.06,1.0,SetByAsk
2025-12-22 18:21:54,2025-12-22T18:21:54,61.05,1.0,SetByBid
2025-12-22 18:22:04,2025-12-22T18:22:04,61.06,1.0,SetByAsk
2025-12-22 18:22:17,2025-12-22T18:22:17,61.05,1.0,SetByBid
2025-12-22 18:22:17,2025-12-22T18:22:17,61.05,1.0,SetByBid
2025-12-22 18:22:17,2025-12-22T18:22:17,61.05,2.0,SetByBid
2025-12-22 18:22:17,2025-12-22T18:22:17,61.05,1.0,SetByBid
2025-12-22 18:22:33,2025-12-22T18:22:33,61.07,1.0,SetByBid
2025-12-22 18:22:33,2025-12-22T18:22:33,61.07,1.0,SetByBid
2025-12-22 18:22:33,2025-12-22T18:22:33,61.07,1.0,SetByAsk
2025-12-22 18:22:33,2025-12-22T18:22:33,61.07,1.0,SetByAsk
2025-12-22 18:22:33,2025-12-22T18:22:33,61.07,1.0,SetByAsk
2025-12-22 18:22:33,2025-12-22T18:22:33,61.07,1.0,SetByAsk
2025-12-22 18:22:33,2025-12-22T18:22:33,61.07,1.0,SetByAsk
2025-12-22 18:22:33,2025-12-22T18:22:33,61.07,1.0,SetByBid
2025-12-22 18:22:33,2025-12-22T18:22:33,61.07,1.0,SetByAsk
2025-12-22 18:22:33,2025-12-22T18:22:33,61.07,1.0,SetByAsk
2025-12-22 18:22:33,2025-12-22T18:22:33,61.07,2.0,SetByAsk
2025-12-22 18:22:33,2025-12-22T18:22:33,61.07,1.0,SetByBid
2025-12-22 18:22:33,2025-12-22T18:22:33,61.07,1.0,SetByBid
2025-12-22 18:22:33,2025-12-22T18:22:33,61.07,1.0,SetByBid
2025-12-22 18:22:33,2025-12-22T18:22:33,61.07,1.0,SetByBid
2025-12-22 18:22:33,2025-12-22T18:22:33,61.07,1.0,SetByBid
2025-12-22 18:22:33,2025-12-22T18:22:33,61.07,1.0,SetByAsk
2025-12-22 18:22:33,2025-12-22T18:22:33,61.07,1.0,SetByBid
2025-12-22 18:22:33,2025-12-22T18:22:33,61.07,1.0,SetByAsk
2025-12-22 18:22:33,2025-12-22T18:22:33,61.07,1.0,SetByAsk
2025-12-22 18:22:38,2025-12-22T18:22:38,61.06,1.0,SetByAsk
2025-12-22 18:22:38,2025-12-22T18:22:38,61.06,1.0,SetByAsk
2025-12-22 18:22:38,2025-12-22T18:22:38,61.06,1.0,SetByAsk
2025-12-22 18:22:46,2025-12-22T18:22:46,61.06,1.0,SetByAsk
2025-12-22 18:22:46,2025-12-22T18:22:46,61.06,1.0,SetByBid
2025-12-22 18:22:50,2025-12-22T18:22:50,61.05,1.0,SetByAsk
2025-12-22 18:22:50,2025-12-22T18:22:50,61.05,1.0,SetByAsk
2025-12-22 18:23:01,2025-12-22T18:23:01,61.06,1.0,SetByBid
2025-12-22 18:23:06,2025-12-22T18:23:06,61.08,1.0,SetByBid
2025-12-22 18:23:06,2025-12-22T18:23:06,61.08,2.0,SetByBid
2025-12-22 18:23:06,2025-12-22T18:23:06,61.08,1.0,SetByBid
2025-12-22 18:23:06,2025-12-22T18:23:06,61.08,2.0,SetByBid
2025-12-22 18:23:06,2025-12-22T18:23:06,61.09,2.0,SetByBid
2025-12-22 18:23:06,2025-12-22T18:23:06,61.09,1.0,SetByBid
2025-12-22 18:23:06,2025-12-22T18:23:06,61.08,1.0,SetByAsk
2025-12-22 18:23:06,2025-12-22T18:23:06,61.08,1.0,SetByAsk
2025-12-22 18:23:27,2025-12-22T18:23:27,61.08,1.0,SetByAsk
2025-12-22 18:23:28,2025-12-22T18:23:28,61.09,1.0,SetByBid
2025-12-22 18:23:28,2025-12-22T18:23:28,61.09,2.0,SetByBid
2025-12-22 18:23:28,2025-12-22T18:23:28,61.09,1.0,SetByBid
2025-12-22 18:23:28,2025-12-22T18:23:28,61.09,1.0,SetByBid
2025-12-22 18:23:28,2025-12-22T18:23:28,61.09,1.0,SetByBid
2025-12-22 18:23:28,2025-12-22T18:23:28,61.09,1.0,SetByBid
2025-12-22 18:23:28,2025-12-22T18:23:28,61.09,1.0,SetByBid
2025-12-22 18:23:28,2025-12-22T18:23:28,61.09,1.0,SetByBid
2025-12-22 18:23:28,2025-12-22T18:23:28,61.09,2.0,SetByBid
2025-12-22 18:23:28,2025-12-22T18:23:28,61.09,1.0,SetByBid
2025-12-22 18:23:28,2025-12-22T18:23:28,61.09,2.0,SetByBid
2025-12-22 18:23:28,2025-12-22T18:23:28,61.09,1.0,SetByBid
2025-12-22 18:23:28,2025-12-22T18:23:28,61.09,1.0,SetByBid
2025-12-22 18:23:28,2025-12-22T18:23:28,61.09,3.0,SetByAsk
2025-12-22 18:23:28,2025-12-22T18:23:28,61.09,1.0,SetByAsk
2025-12-22 18:23:44,2025-12-22T18:23:44,61.1,2.0,SetByBid
2025-12-22 18:23:44,2025-12-22T18:23:44,61.1,1.0,SetByBid
2025-12-22 18:23:44,2025-12-22T18:23:44,61.1,1.0,SetByBid
2025-12-22 18:23:44,2025-12-22T18:23:44,61.1,1.0,SetByBid
2025-12-22 18:23:44,2025-12-22T18:23:44,61.1,1.0,SetByBid
2025-12-22 18:23:44,2025-12-22T18:23:44,61.1,1.0,SetByBid
2025-12-22 18:23:44,2025-12-22T18:23:44,61.1,1.0,SetByBid
2025-12-22 18:23:44,2025-12-22T18:23:44,61.1,1.0,SetByBid
2025-12-22 18:23:44,2025-12-22T18:23:44,61.1,1.0,SetByBid
2025-12-22 18:23:52,2025-12-22T18:23:52,61.1,1.0,SetByAsk
2025-12-22 18:23:52,2025-12-22T18:23:52,61.1,1.0,SetByAsk
2025-12-22 18:23:52,2025-12-22T18:23:52,61.09,1.0,SetByAsk
2025-12-22 18:24:15,2025-12-22T18:24:15,61.09,1.0,SetByBid
2025-12-22 18:24:15,2025-12-22T18:24:15,61.09,1.0,SetByBid
2025-12-22 18:24:16,2025-12-22T18:24:16,61.09,1.0,SetByBid
2025-12-22 18:24:17,2025-12-22T18:24:17,61.09,1.0,SetByBid
2025-12-22 18:24:21,2025-12-22T18:24:21,61.1,1.0,SetByAsk
2025-12-22 18:24:21,2025-12-22T18:24:21,61.1,1.0,SetByAsk
2025-12-22 18:24:21,2025-12-22T18:24:21,61.1,1.0,SetByAsk
2025-12-22 18:24:21,2025-12-22T18:24:21,61.1,1.0,SetByAsk
2025-12-22 18:24:21,2025-12-22T18:24:21,61.1,1.0,SetByAsk
2025-12-22 18:24:21,2025-12-22T18:24:21,61.1,1.0,SetByAsk
2025-12-22 18:24:21,2025-12-22T18:24:21,61.11,1.0,SetByBid
2025-12-22 18:24:21,2025-12-22T18:24:21,61.11,1.0,SetByBid
2025-12-22 18:24:21,2025-12-22T18:24:21,61.11,1.0,SetByBid
2025-12-22 18:24:21,2025-12-22T18:24:21,61.11,1.0,SetByBid
2025-12-22 18:24:21,2025-12-22T18:24:21,61.11,1.0,SetByBid
2025-12-22 18:24:34,2025-12-22T18:24:34,61.1,1.0,SetByBid
2025-12-22 18:24:34,2025-12-22T18:24:34,61.1,1.0,SetByAsk
2025-12-22 18:24:44,2025-12-22T18:24:44,61.1,1.0,SetByBid
2025-12-22 18:24:44,2025-12-22T18:24:44,61.1,1.0,SetByBid
2025-12-22 18:24:44,2025-12-22T18:24:44,61.1,1.0,SetByBid
2025-12-22 18:24:44,2025-12-22T18:24:44,61.1,1.0,SetByBid
2025-12-22 18:24:44,2025-12-22T18:24:44,61.1,1.0,SetByBid
2025-12-22 18:24:44,2025-12-22T18:24:44,61.1,2.0,SetByBid
2025-12-22 18:24:44,2025-12-22T18:24:44,61.1,1.0,SetByBid
2025-12-22 18:24:44,2025-12-22T18:24:44,61.1,1.0,SetByBid
2025-12-22 18:24:44,2025-12-22T18:24:44,61.1,1.0,SetByBid
2025-12-22 18:24:44,2025-12-22T18:24:44,61.1,2.0,SetByBid
2025-12-22 18:24:45,2025-12-22T18:24:45,61.1,1.0,SetByBid
2025-12-22 18:24:45,2025-12-22T18:24:45,61.1,1.0,SetByBid
2025-12-22 18:24:45,2025-12-22T18:24:45,61.1,1.0,SetByAsk
2025-12-22 18:24:45,2025-12-22T18:24:45,61.1,1.0,SetByAsk
2025-12-22 18:24:45,2025-12-22T18:24:45,61.1,3.0,SetByAsk
2025-12-22 18:24:57,2025-12-22T18:24:57,61.1,1.0,SetByBid
2025-12-22 18:24:58,2025-12-22T18:24:58,61.1,1.0,SetByAsk
2025-12-22 18:24:58,2025-12-22T18:24:58,61.1,1.0,SetByBid
2025-12-22 18:24:58,2025-12-22T18:24:58,61.1,1.0,SetByBid
2025-12-22 18:24:58,2025-12-22T18:24:58,61.1,1.0,SetByBid
2025-12-22 18:24:58,2025-12-22T18:24:58,61.1,1.0,SetByAsk
2025-12-22 18:24:58,2025-12-22T18:24:58,61.1,1.0,SetByBid
2025-12-22 18:24:58,2025-12-22T18:24:58,61.1,1.0,SetByAsk
2025-12-22 18:24:59,2025-12-22T18:24:59,61.1,1.0,SetByBid
2025-12-22 18:24:59,2025-12-22T18:24:59,61.1,1.0,SetByBid
2025-12-22 18:24:59,2025-12-22T18:24:59,61.1,1.0,SetByBid
2025-12-22 18:24:59,2025-12-22T18:24:59,61.1,1.0,SetByBid
2025-12-22 18:24:59,2025-12-22T18:24:59,61.1,1.0,SetByBid
2025-12-22 18:25:01,2025-12-22T18:25:01,61.09,1.0,SetByBid
2025-12-22 18:25:01,2025-12-22T18:25:01,61.09,1.0,SetByBid
2025-12-22 18:25:03,2025-12-22T18:25:03,61.08,1.0,SetByAsk
2025-12-22 18:25:03,2025-12-22T18:25:03,61.08,1.0,SetByBid
2025-12-22 18:25:03,2025-12-22T18:25:03,61.08,1.0,SetByBid
2025-12-22 18:25:07,2025-12-22T18:25:07,61.08,2.0,SetByAsk
2025-12-22 18:25:07,2025-12-22T18:25:07,61.08,1.0,SetByAsk
2025-12-22 18:25:08,2025-12-22T18:25:08,61.09,1.0,SetByBid
2025-12-22 18:25:08,2025-12-22T18:25:08,61.09,1.0,SetByBid
2025-12-22 18:25:08,2025-12-22T18:25:08,61.09,1.0,SetByBid
2025-12-22 18:25:08,2025-12-22T18:25:08,61.09,1.0,SetByBid
2025-12-22 18:25:08,2025-12-22T18:25:08,61.09,1.0,SetByBid
2025-12-22 18:25:08,2025-12-22T18:25:08,61.09,1.0,SetByBid
2025-12-22 18:25:08,2025-12-22T18:25:08,61.09,1.0,SetByBid
2025-12-22 18:25:08,2025-12-22T18:25:08,61.09,1.0,SetByBid
2025-12-22 18:25:08,2025-12-22T18:25:08,61.09,1.0,SetByBid
2025-12-22 18:25:08,2025-12-22T18:25:08,61.09,1.0,SetByBid
2025-12-22 18:25:16,2025-12-22T18:25:16,61.08,1.0,SetByAsk
2025-12-22 18:25:20,2025-12-22T18:25:20,61.08,1.0,SetByBid
2025-12-22 18:25:20,2025-12-22T18:25:20,61.08,1.0,SetByBid
2025-12-22 18:25:20,2025-12-22T18:25:20,61.08,3.0,SetByBid
2025-12-22 18:25:20,2025-12-22T18:25:20,61.09,1.0,SetByBid
2025-12-22 18:25:24,2025-12-22T18:25:24,61.08,1.0,SetByAsk
2025-12-22 18:25:24,2025-12-22T18:25:24,61.08,1.0,SetByBid
2025-12-22 18:25:26,2025-12-22T18:25:26,61.07,1.0,SetByAsk
2025-12-22 18:25:26,2025-12-22T18:25:26,61.07,1.0,SetByAsk
2025-12-22 18:25:33,2025-12-22T18:25:33,61.07,1.0,SetByAsk
2025-12-22 18:25:33,2025-12-22T18:25:33,61.07,1.0,SetByAsk
2025-12-22 18:25:33,2025-12-22T18:25:33,61.07,1.0,SetByAsk
2025-12-22 18:25:35,2025-12-22T18:25:35,61.07,1.0,SetByBid
2025-12-22 18:25:35,2025-12-22T18:25:35,61.07,1.0,SetByBid
2025-12-22 18:25:35,2025-12-22T18:25:35,61.07,1.0,SetByBid
2025-12-22 18:25:35,2025-12-22T18:25:35,61.07,1.0,SetByAsk
2025-12-22 18:25:35,2025-12-22T18:25:35,61.07,1.0,SetByBid
2025-12-22 18:25:35,2025-12-22T18:25:35,61.07,1.0,SetByAsk
2025-12-22 18:25:35,2025-12-22T18:25:35,61.07,1.0,SetByAsk
2025-12-22 18:25:36,2025-12-22T18:25:36,61.07,1.0,SetByAsk
2025-12-22 18:25:36,2025-12-22T18:25:36,61.07,1.0,SetByBid
2025-12-22 18:25:36,2025-12-22T18:25:36,61.07,1.0,SetByBid
2025-12-22 18:25:36,2025-12-22T18:25:36,61.07,1.0,SetByBid
2025-12-22 18:25:36,2025-12-22T18:25:36,61.07,1.0,SetByBid
2025-12-22 18:25:36,2025-12-22T18:25:36,61.07,3.0,SetByBid
2025-12-22 18:25:36,2025-12-22T18:25:36,61.07,1.0,SetByBid
2025-12-22 18:25:36,2025-12-22T18:25:36,61.07,1.0,SetByBid
2025-12-22 18:25:36,2025-12-22T18:25:36,61.07,1.0,SetByBid
2025-12-22 18:25:38,2025-12-22T18:25:38,61.08,1.0,SetByBid
2025-12-22 18:25:38,2025-12-22T18:25:38,61.08,1.0,SetByBid
2025-12-22 18:25:38,2025-12-22T18:25:38,61.08,1.0,SetByBid
2025-12-22 18:25:38,2025-12-22T18:25:38,61.08,1.0,SetByBid
2025-12-22 18:25:38,2025-12-22T18:25:38,61.08,3.0,SetByAsk
2025-12-22 18:25:38,2025-12-22T18:25:38,61.08,1.0,SetByAsk
2025-12-22 18:25:38,2025-12-22T18:25:38,61.08,1.0,SetByBid
2025-12-22 18:25:38,2025-12-22T18:25:38,61.08,1.0,SetByBid
2025-12-22 18:25:38,2025-12-22T18:25:38,61.08,1.0,SetByBid
2025-12-22 18:25:38,2025-12-22T18:25:38,61.08,1.0,SetByBid
2025-12-22 18:25:38,2025-12-22T18:25:38,61.08,1.0,SetByBid
2025-12-22 18:25:38,2025-12-22T18:25:38,61.08,1.0,SetByBid
2025-12-22 18:25:38,2025-12-22T18:25:38,61.08,1.0,SetByBid
2025-12-22 18:25:38,2025-12-22T18:25:38,61.08,1.0,SetByBid
2025-12-22 18:25:38,2025-12-22T18:25:38,61.08,1.0,SetByBid
2025-12-22 18:25:39,2025-12-22T18:25:39,61.07,1.0,SetByAsk
2025-12-22 18:25:39,2025-12-22T18:25:39,61.07,1.0,SetByAsk
2025-12-22 18:25:39,2025-12-22T18:25:39,61.07,1.0,SetByAsk
2025-12-22 18:25:46,2025-12-22T18:25:46,61.07,3.0,SetByBid
2025-12-22 18:25:46,2025-12-22T18:25:46,61.07,1.0,SetByBid
2025-12-22 18:25:46,2025-12-22T18:25:46,61.07,1.0,SetByBid
2025-12-22 18:25:50,2025-12-22T18:25:50,61.06,1.0,SetByAsk
2025-12-22 18:25:50,2025-12-22T18:25:50,61.06,1.0,SetByAsk
2025-12-22 18:25:50,2025-12-22T18:25:50,61.06,1.0,SetByAsk
2025-12-22 18:25:50,2025-12-22T18:25:50,61.06,1.0,SetByAsk
2025-12-22 18:25:50,2025-12-22T18:25:50,61.06,1.0,SetByAsk
2025-12-22 18:25:50,2025-12-22T18:25:50,61.06,1.0,SetByAsk
2025-12-22 18:25:54,2025-12-22T18:25:54,61.06,1.0,SetByBid
2025-12-22 18:25:54,2025-12-22T18:25:54,61.06,1.0,SetByBid
2025-12-22 18:25:54,2025-12-22T18:25:54,61.06,1.0,SetByBid
2025-12-22 18:25:54,2025-12-22T18:25:54,61.06,1.0,SetByBid
2025-12-22 18:25:54,2025-12-22T18:25:54,61.06,1.0,SetByBid
2025-12-22 18:25:54,2025-12-22T18:25:54,61.06,1.0,SetByBid
2025-12-22 18:25:54,2025-12-22T18:25:54,61.06,1.0,SetByBid
2025-12-22 18:25:54,2025-12-22T18:25:54,61.06,1.0,SetByBid
2025-12-22 18:25:54,2025-12-22T18:25:54,61.06,1.0,SetByBid
2025-12-22 18:25:54,2025-12-22T18:25:54,61.06,1.0,SetByBid
2025-12-22 18:25:54,2025-12-22T18:25:54,61.06,1.0,SetByBid
2025-12-22 18:25:54,2025-12-22T18:25:54,61.06,1.0,SetByBid
2025-12-22 18:25:54,2025-12-22T18:25:54,61.06,2.0,SetByBid
2025-12-22 18:25:54,2025-12-22T18:25:54,61.06,1.0,SetByBid
2025-12-22 18:25:55,2025-12-22T18:25:55,61.06,1.0,SetByAsk
2025-12-22 18:25:55,2025-12-22T18:25:55,61.06,1.0,SetByAsk
2025-12-22 18:25:55,2025-12-22T18:25:55,61.06,1.0,SetByAsk
2025-12-22 18:25:56,2025-12-22T18:25:56,61.07,1.0,SetByBid
2025-12-22 18:25:56,2025-12-22T18:25:56,61.07,1.0,SetByBid
2025-12-22 18:25:56,2025-12-22T18:25:56,61.07,1.0,SetByBid
2025-12-22 18:25:56,2025-12-22T18:25:56,61.07,1.0,SetByBid
2025-12-22 18:26:01,2025-12-22T18:26:01,61.07,1.0,SetByBid
2025-12-22 18:26:01,2025-12-22T18:26:01,61.07,6.0,SetByAsk
2025-12-22 18:26:04,2025-12-22T18:26:04,61.07,1.0,SetByBid
2025-12-22 18:26:21,2025-12-22T18:26:21,61.08,1.0,SetByBid
2025-12-22 18:26:21,2025-12-22T18:26:21,61.09,1.0,SetByBid
2025-12-22 18:26:21,2025-12-22T18:26:21,61.09,1.0,SetByBid
2025-12-22 18:26:28,2025-12-22T18:26:28,61.09,1.0,SetByAsk
2025-12-22 18:26:45,2025-12-22T18:26:45,61.09,1.0,SetByAsk
2025-12-22 18:26:58,2025-12-22T18:26:58,61.08,1.0,SetByAsk
2025-12-22 18:26:58,2025-12-22T18:26:58,61.08,1.0,SetByAsk
2025-12-22 18:26:58,2025-12-22T18:26:58,61.08,1.0,SetByAsk
2025-12-22 18:26:58,2025-12-22T18:26:58,61.08,1.0,SetByAsk
2025-12-22 18:26:58,2025-12-22T18:26:58,61.08,1.0,SetByAsk
2025-12-22 18:26:58,2025-12-22T18:26:58,61.08,1.0,SetByBid
2025-12-22 18:26:58,2025-12-22T18:26:58,61.08,1.0,SetByAsk
2025-12-22 18:26:58,2025-12-22T18:26:58,61.08,1.0,SetByBid
2025-12-22 18:26:58,2025-12-22T18:26:58,61.08,1.0,SetByAsk
2025-12-22 18:26:58,2025-12-22T18:26:58,61.08,1.0,SetByAsk
2025-12-22 18:26:58,2025-12-22T18:26:58,61.08,1.0,SetByAsk
2025-12-22 18:26:58,2025-12-22T18:26:58,61.08,1.0,SetByAsk
2025-12-22 18:26:59,2025-12-22T18:26:59,61.08,1.0,SetByAsk
2025-12-22 18:26:59,2025-12-22T18:26:59,61.08,1.0,SetByAsk
2025-12-22 18:27:15,2025-12-22T18:27:15,61.08,1.0,SetByBid
2025-12-22 18:27:23,2025-12-22T18:27:23,61.09,1.0,SetByAsk
2025-12-22 18:27:24,2025-12-22T18:27:24,61.09,2.0,SetByAsk
2025-12-22 18:27:51,2025-12-22T18:27:51,61.1,1.0,SetByAsk
2025-12-22 18:28:07,2025-12-22T18:28:07,61.11,1.0,SetByBid
2025-12-22 18:28:11,2025-12-22T18:28:11,61.12,1.0,SetByBid
2025-12-22 18:28:12,2025-12-22T18:28:12,61.11,1.0,SetByAsk
2025-12-22 18:28:12,2025-12-22T18:28:12,61.11,1.0,SetByAsk
2025-12-22 18:28:12,2025-12-22T18:28:12,61.11,1.0,SetByAsk
2025-12-22 18:28:27,2025-12-22T18:28:27,61.12,2.0,SetByAsk
2025-12-22 18:28:27,2025-12-22T18:28:27,61.12,1.0,SetByBid
2025-12-22 18:28:27,2025-12-22T18:28:27,61.12,1.0,SetByAsk
2025-12-22 18:28:53,2025-12-22T18:28:53,61.11,1.0,SetByAsk
2025-12-22 18:28:53,2025-12-22T18:28:53,61.12,1.0,SetByBid
2025-12-22 18:28:53,2025-12-22T18:28:53,61.12,1.0,SetByBid
2025-12-22 18:28:53,2025-12-22T18:28:53,61.12,1.0,SetByBid
2025-12-22 18:28:53,2025-12-22T18:28:53,61.12,1.0,SetByBid
2025-12-22 18:28:53,2025-12-22T18:28:53,61.12,1.0,SetByBid
2025-12-22 18:28:53,2025-12-22T18:28:53,61.12,1.0,SetByBid
2025-12-22 18:28:55,2025-12-22T18:28:55,61.12,1.0,SetByBid
2025-12-22 18:28:55,2025-12-22T18:28:55,61.12,1.0,SetByBid
2025-12-22 18:28:55,2025-12-22T18:28:55,61.12,1.0,SetByBid
2025-12-22 18:28:55,2025-12-22T18:28:55,61.12,1.0,SetByBid
2025-12-22 18:29:00,2025-12-22T18:29:00,61.1,1.0,SetByAsk
2025-12-22 18:29:01,2025-12-22T18:29:01,61.1,1.0,SetByAsk
2025-12-22 18:29:11,2025-12-22T18:29:11,61.12,1.0,SetByAsk
2025-12-22 18:29:11,2025-12-22T18:29:11,61.12,1.0,SetByAsk
2025-12-22 18:29:13,2025-12-22T18:29:13,61.12,1.0,SetByBid
2025-12-22 18:29:45,2025-12-22T18:29:45,61.11,1.0,SetByBid
2025-12-22 18:29:45,2025-12-22T18:29:45,61.11,1.0,SetByBid
2025-12-22 18:29:45,2025-12-22T18:29:45,61.11,1.0,SetByBid
2025-12-22 18:29:45,2025-12-22T18:29:45,61.11,1.0,SetByBid
2025-12-22 18:29:45,2025-12-22T18:29:45,61.11,1.0,SetByBid
2025-12-22 18:29:45,2025-12-22T18:29:45,61.11,1.0,SetByAsk
2025-12-22 18:29:45,2025-12-22T18:29:45,61.11,1.0,SetByAsk
2025-12-22 18:29:46,2025-12-22T18:29:46,61.11,1.0,SetByAsk
2025-12-22 18:29:46,2025-12-22T18:29:46,61.11,1.0,SetByBid
2025-12-22 18:29:46,2025-12-22T18:29:46,61.11,1.0,SetByAsk
2025-12-22 18:29:46,2025-12-22T18:29:46,61.11,1.0,SetByAsk
2025-12-22 18:29:47,2025-12-22T18:29:47,61.11,1.0,SetByBid
2025-12-22 18:29:47,2025-12-22T18:29:47,61.11,1.0,SetByBid
2025-12-22 18:29:47,2025-12-22T18:29:47,61.11,1.0,SetByBid
2025-12-22 18:29:47,2025-12-22T18:29:47,61.11,1.0,SetByBid
2025-12-22 18:29:47,2025-12-22T18:29:47,61.11,1.0,SetByBid
2025-12-22 18:29:47,2025-12-22T18:29:47,61.11,1.0,SetByAsk
2025-12-22 18:29:48,2025-12-22T18:29:48,61.1,1.0,SetByAsk
2025-12-22 18:29:48,2025-12-22T18:29:48,61.1,1.0,SetByAsk
2025-12-22 18:29:49,2025-12-22T18:29:49,61.11,1.0,SetByBid
2025-12-22 18:29:50,2025-12-22T18:29:50,61.09,1.0,SetByAsk
2025-12-22 18:29:50,2025-12-22T18:29:50,61.09,1.0,SetByAsk
2025-12-22 18:29:51,2025-12-22T18:29:51,61.1,1.0,SetByBid
2025-12-22 18:29:51,2025-12-22T18:29:51,61.1,1.0,SetByBid
2025-12-22 18:29:51,2025-12-22T18:29:51,61.1,1.0,SetByBid
2025-12-22 18:29:52,2025-12-22T18:29:52,61.1,1.0,SetByBid
2025-12-22 18:29:52,2025-12-22T18:29:52,61.1,2.0,SetByAsk
2025-12-22 18:29:55,2025-12-22T18:29:55,61.11,1.0,SetByBid
2025-12-22 18:29:56,2025-12-22T18:29:56,61.1,1.0,SetByBid
2025-12-22 18:29:56,2025-12-22T18:29:56,61.1,1.0,SetByBid
2025-12-22 18:29:56,2025-12-22T18:29:56,61.1,1.0,SetByAsk
2025-12-22 18:29:56,2025-12-22T18:29:56,61.1,3.0,SetByBid
2025-12-22 18:29:57,2025-12-22T18:29:57,61.1,1.0,SetByAsk
2025-12-22 18:30:00,2025-12-22T18:30:00,61.09,1.0,SetByAsk
2025-12-22 18:30:00,2025-12-22T18:30:00,61.09,1.0,SetByAsk
2025-12-22 18:30:00,2025-12-22T18:30:00,61.09,1.0,SetByAsk
2025-12-22 18:30:00,2025-12-22T18:30:00,61.09,1.0,SetByAsk
2025-12-22 18:30:01,2025-12-22T18:30:01,61.07,1.0,SetByBid
2025-12-22 18:30:01,2025-12-22T18:30:01,61.08,1.0,SetByAsk
2025-12-22 18:30:02,2025-12-22T18:30:02,61.08,1.0,SetByAsk
2025-12-22 18:30:02,2025-12-22T18:30:02,61.09,1.0,SetByBid
2025-12-22 18:30:02,2025-12-22T18:30:02,61.09,1.0,SetByBid
2025-12-22 18:30:02,2025-12-22T18:30:02,61.09,1.0,SetByBid
2025-12-22 18:30:02,2025-12-22T18:30:02,61.09,1.0,SetByBid
2025-12-22 18:30:02,2025-12-22T18:30:02,61.09,1.0,SetByBid
2025-12-22 18:30:02,2025-12-22T18:30:02,61.09,1.0,SetByBid
2025-12-22 18:30:02,2025-12-22T18:30:02,61.09,1.0,SetByBid
2025-12-22 18:30:03,2025-12-22T18:30:03,61.1,1.0,SetByBid
2025-12-22 18:30:04,2025-12-22T18:30:04,61.1,1.0,SetByBid
2025-12-22 18:30:04,2025-12-22T18:30:04,61.1,2.0,SetByBid
2025-12-22 18:30:13,2025-12-22T18:30:13,61.11,1.0,SetByAsk
2025-12-22 18:30:16,2025-12-22T18:30:16,61.11,1.0,SetByAsk
2025-12-22 18:30:16,2025-12-22T18:30:16,61.11,1.0,SetByAsk
2025-12-22 18:30:19,2025-12-22T18:30:19,61.11,1.0,SetByAsk
2025-12-22 18:30:24,2025-12-22T18:30:24,61.13,2.0,SetByBid
2025-12-22 18:30:24,2025-12-22T18:30:24,61.15,1.0,SetByBid
2025-12-22 18:30:24,2025-12-22T18:30:24,61.16,1.0,SetByBid
2025-12-22 18:30:24,2025-12-22T18:30:24,61.16,1.0,SetByBid
2025-12-22 18:30:25,2025-12-22T18:30:25,61.17,1.0,SetByBid
2025-12-22 18:30:25,2025-12-22T18:30:25,61.17,1.0,SetByBid
2025-12-22 18:30:25,2025-12-22T18:30:25,61.17,1.0,SetByBid
2025-12-22 18:30:25,2025-12-22T18:30:25,61.17,1.0,SetByBid
2025-12-22 18:30:25,2025-12-22T18:30:25,61.16,1.0,SetByAsk
2025-12-22 18:30:25,2025-12-22T18:30:25,61.16,1.0,SetByAsk
2025-12-22 18:30:28,2025-12-22T18:30:28,61.16,1.0,SetByAsk
2025-12-22 18:30:28,2025-12-22T18:30:28,61.16,2.0,SetByAsk
2025-12-22 18:30:28,2025-12-22T18:30:28,61.16,1.0,SetByAsk
2025-12-22 18:30:28,2025-12-22T18:30:28,61.16,1.0,SetByAsk
2025-12-22 18:30:37,2025-12-22T18:30:37,61.18,1.0,SetByBid
2025-12-22 18:30:37,2025-12-22T18:30:37,61.18,1.0,SetByBid
2025-12-22 18:30:37,2025-12-22T18:30:37,61.18,1.0,SetByAsk
2025-12-22 18:30:37,2025-12-22T18:30:37,61.18,1.0,SetByAsk
2025-12-22 18:30:38,2025-12-22T18:30:38,61.17,1.0,SetByAsk
2025-12-22 18:30:38,2025-12-22T18:30:38,61.17,1.0,SetByAsk
2025-12-22 18:30:44,2025-12-22T18:30:44,61.19,1.0,SetByBid
2025-12-22 18:30:51,2025-12-22T18:30:51,61.19,3.0,SetByBid
2025-12-22 18:30:58,2025-12-22T18:30:58,61.18,1.0,SetByAsk
2025-12-22 18:30:58,2025-12-22T18:30:58,61.18,1.0,SetByAsk
2025-12-22 18:30:58,2025-12-22T18:30:58,61.18,1.0,SetByAsk
2025-12-22 18:30:59,2025-12-22T18:30:59,61.18,1.0,SetByAsk
2025-12-22 18:30:59,2025-12-22T18:30:59,61.18,1.0,SetByAsk
2025-12-22 18:30:59,2025-12-22T18:30:59,61.18,1.0,SetByAsk
2025-12-22 18:30:59,2025-12-22T18:30:59,61.18,1.0,SetByAsk
2025-12-22 18:30:59,2025-12-22T18:30:59,61.18,1.0,SetByAsk
2025-12-22 18:31:03,2025-12-22T18:31:03,61.18,1.0,SetByAsk
2025-12-22 18:31:03,2025-12-22T18:31:03,61.18,1.0,SetByAsk
2025-12-22 18:31:06,2025-12-22T18:31:06,61.2,1.0,SetByBid
2025-12-22 18:31:06,2025-12-22T18:31:06,61.2,6.0,SetByBid
2025-12-22 18:31:06,2025-12-22T18:31:06,61.2,1.0,SetByBid
2025-12-22 18:31:07,2025-12-22T18:31:07,61.19,1.0,SetByAsk
2025-12-22 18:31:07,2025-12-22T18:31:07,61.19,1.0,SetByAsk
2025-12-22 18:31:07,2025-12-22T18:31:07,61.19,1.0,SetByAsk
2025-12-22 18:31:07,2025-12-22T18:31:07,61.19,1.0,SetByAsk
2025-12-22 18:31:07,2025-12-22T18:31:07,61.19,2.0,SetByAsk
2025-12-22 18:31:08,2025-12-22T18:31:08,61.18,1.0,SetByAsk
2025-12-22 18:31:08,2025-12-22T18:31:08,61.18,1.0,SetByAsk
2025-12-22 18:31:08,2025-12-22T18:31:08,61.18,1.0,SetByAsk
2025-12-22 18:31:32,2025-12-22T18:31:32,61.21,1.0,SetByBid
2025-12-22 18:31:35,2025-12-22T18:31:35,61.2,1.0,SetByAsk
2025-12-22 18:31:35,2025-12-22T18:31:35,61.2,1.0,SetByAsk
2025-12-22 18:31:42,2025-12-22T18:31:42,61.22,1.0,SetByBid
2025-12-22 18:31:49,2025-12-22T18:31:49,61.23,1.0,SetByBid
2025-12-22 18:31:49,2025-12-22T18:31:49,61.23,1.0,SetByBid
2025-12-22 18:31:49,2025-12-22T18:31:49,61.23,1.0,SetByBid
2025-12-22 18:31:49,2025-12-22T18:31:49,61.23,1.0,SetByBid
2025-12-22 18:31:49,2025-12-22T18:31:49,61.23,1.0,SetByBid
2025-12-22 18:31:49,2025-12-22T18:31:49,61.23,1.0,SetByBid
2025-12-22 18:31:49,2025-12-22T18:31:49,61.23,2.0,SetByBid
2025-12-22 18:31:49,2025-12-22T18:31:49,61.23,3.0,SetByBid
2025-12-22 18:31:49,2025-12-22T18:31:49,61.23,1.0,SetByBid
2025-12-22 18:31:49,2025-12-22T18:31:49,61.23,1.0,SetByBid
2025-12-22 18:31:49,2025-12-22T18:31:49,61.23,3.0,SetByBid
2025-12-22 18:31:49,2025-12-22T18:31:49,61.23,2.0,SetByBid
2025-12-22 18:31:53,2025-12-22T18:31:53,61.22,1.0,SetByAsk
2025-12-22 18:32:01,2025-12-22T18:32:01,61.23,1.0,SetByAsk
2025-12-22 18:32:07,2025-12-22T18:32:07,61.24,1.0,SetByBid
2025-12-22 18:32:07,2025-12-22T18:32:07,61.24,1.0,SetByBid
2025-12-22 18:32:07,2025-12-22T18:32:07,61.24,1.0,SetByBid
2025-12-22 18:32:07,2025-12-22T18:32:07,61.24,1.0,SetByBid
2025-12-22 18:32:07,2025-12-22T18:32:07,61.24,1.0,SetByBid
2025-12-22 18:32:07,2025-12-22T18:32:07,61.24,1.0,SetByBid
2025-12-22 18:32:07,2025-12-22T18:32:07,61.24,2.0,SetByBid
2025-12-22 18:32:07,2025-12-22T18:32:07,61.24,1.0,SetByBid
2025-12-22 18:32:07,2025-12-22T18:32:07,61.24,1.0,SetByBid
2025-12-22 18:32:08,2025-12-22T18:32:08,61.23,1.0,SetByBid
2025-12-22 18:32:13,2025-12-22T18:32:13,61.23,1.0,SetByBid
2025-12-22 18:32:16,2025-12-22T18:32:16,61.22,1.0,SetByAsk
2025-12-22 18:32:16,2025-12-22T18:32:16,61.22,1.0,SetByAsk
2025-12-22 18:32:23,2025-12-22T18:32:23,61.21,1.0,SetByAsk
2025-12-22 18:32:38,2025-12-22T18:32:38,61.19,1.0,SetByBid
2025-12-22 18:32:38,2025-12-22T18:32:38,61.2,1.0,SetByBid
2025-12-22 18:32:39,2025-12-22T18:32:39,61.2,1.0,SetByBid
2025-12-22 18:32:39,2025-12-22T18:32:39,61.2,1.0,SetByBid
2025-12-22 18:32:39,2025-12-22T18:32:39,61.2,1.0,SetByBid
2025-12-22 18:32:39,2025-12-22T18:32:39,61.2,1.0,SetByBid
2025-12-22 18:32:39,2025-12-22T18:32:39,61.2,1.0,SetByBid
2025-12-22 18:32:40,2025-12-22T18:32:40,61.2,1.0,SetByBid
2025-12-22 18:32:40,2025-12-22T18:32:40,61.2,1.0,SetByBid
2025-12-22 18:32:40,2025-12-22T18:32:40,61.2,1.0,SetByBid
2025-12-22 18:32:47,2025-12-22T18:32:47,61.19,1.0,SetByAsk
2025-12-22 18:32:51,2025-12-22T18:32:51,61.18,1.0,SetByAsk
2025-12-22 18:32:51,2025-12-22T18:32:51,61.18,1.0,SetByBid
2025-12-22 18:32:52,2025-12-22T18:32:52,61.18,1.0,SetByBid
2025-12-22 18:32:56,2025-12-22T18:32:56,61.18,1.0,SetByBid
2025-12-22 18:32:56,2025-12-22T18:32:56,61.18,1.0,SetByBid
2025-12-22 18:32:57,2025-12-22T18:32:57,61.18,1.0,SetByBid
2025-12-22 18:32:57,2025-12-22T18:32:57,61.18,1.0,SetByBid
2025-12-22 18:33:02,2025-12-22T18:33:02,61.19,1.0,SetByBid
2025-12-22 18:33:02,2025-12-22T18:33:02,61.19,1.0,SetByBid
2025-12-22 18:33:02,2025-12-22T18:33:02,61.19,1.0,SetByBid
2025-12-22 18:33:02,2025-12-22T18:33:02,61.19,1.0,SetByBid
2025-12-22 18:33:02,2025-12-22T18:33:02,61.19,1.0,SetByBid
2025-12-22 18:33:02,2025-12-22T18:33:02,61.19,1.0,SetByBid
2025-12-22 18:33:04,2025-12-22T18:33:04,61.2,1.0,SetByBid
2025-12-22 18:33:04,2025-12-22T18:33:04,61.2,1.0,SetByBid
2025-12-22 18:33:04,2025-12-22T18:33:04,61.2,1.0,SetByBid
2025-12-22 18:33:05,2025-12-22T18:33:05,61.19,1.0,SetByAsk
2025-12-22 18:33:05,2025-12-22T18:33:05,61.19,1.0,SetByAsk
2025-12-22 18:33:07,2025-12-22T18:33:07,61.19,1.0,SetByAsk
2025-12-22 18:33:07,2025-12-22T18:33:07,61.19,1.0,SetByAsk
2025-12-22 18:33:07,2025-12-22T18:33:07,61.19,1.0,SetByAsk
2025-12-22 18:33:08,2025-12-22T18:33:08,61.19,1.0,SetByAsk
2025-12-22 18:33:09,2025-12-22T18:33:09,61.19,1.0,SetByAsk
2025-12-22 18:33:12,2025-12-22T18:33:12,61.19,1.0,SetByBid
2025-12-22 18:33:13,2025-12-22T18:33:13,61.19,1.0,SetByBid
2025-12-22 18:33:13,2025-12-22T18:33:13,61.19,1.0,SetByAsk
2025-12-22 18:33:18,2025-12-22T18:33:18,61.18,1.0,SetByAsk
2025-12-22 18:33:18,2025-12-22T18:33:18,61.18,1.0,SetByAsk
2025-12-22 18:33:18,2025-12-22T18:33:18,61.18,1.0,SetByAsk
2025-12-22 18:33:18,2025-12-22T18:33:18,61.18,1.0,SetByAsk
2025-12-22 18:33:31,2025-12-22T18:33:31,61.2,1.0,SetByAsk
2025-12-22 18:33:31,2025-12-22T18:33:31,61.2,1.0,SetByAsk
2025-12-22 18:33:31,2025-12-22T18:33:31,61.2,1.0,SetByAsk
2025-12-22 18:33:31,2025-12-22T18:33:31,61.2,1.0,SetByAsk
2025-12-22 18:33:31,2025-12-22T18:33:31,61.2,1.0,SetByAsk
2025-12-22 18:33:35,2025-12-22T18:33:35,61.2,1.0,SetByBid
2025-12-22 18:33:35,2025-12-22T18:33:35,61.2,1.0,SetByBid
2025-12-22 18:33:36,2025-12-22T18:33:36,61.2,1.0,SetByBid
2025-12-22 18:33:39,2025-12-22T18:33:39,61.2,1.0,SetByAsk
2025-12-22 18:33:52,2025-12-22T18:33:52,61.2,1.0,SetByAsk
2025-12-22 18:33:52,2025-12-22T18:33:52,61.2,1.0,SetByAsk
2025-12-22 18:33:53,2025-12-22T18:33:53,61.19,1.0,SetByAsk
2025-12-22 18:33:53,2025-12-22T18:33:53,61.19,1.0,SetByAsk
2025-12-22 18:33:53,2025-12-22T18:33:53,61.19,1.0,SetByBid
2025-12-22 18:33:53,2025-12-22T18:33:53,61.18,1.0,SetByAsk
2025-12-22 18:33:53,2025-12-22T18:33:53,61.18,1.0,SetByAsk
2025-12-22 18:33:56,2025-12-22T18:33:56,61.17,1.0,SetByAsk
2025-12-22 18:33:56,2025-12-22T18:33:56,61.17,1.0,SetByAsk
2025-12-22 18:33:56,2025-12-22T18:33:56,61.17,1.0,SetByAsk
2025-12-22 18:33:56,2025-12-22T18:33:56,61.17,1.0,SetByAsk
2025-12-22 18:33:56,2025-12-22T18:33:56,61.17,1.0,SetByAsk
2025-12-22 18:33:57,2025-12-22T18:33:57,61.17,1.0,SetByAsk
2025-12-22 18:33:57,2025-12-22T18:33:57,61.17,1.0,SetByAsk
2025-12-22 18:33:57,2025-12-22T18:33:57,61.17,1.0,SetByAsk
2025-12-22 18:33:57,2025-12-22T18:33:57,61.17,1.0,SetByAsk
2025-12-22 18:33:57,2025-12-22T18:33:57,61.17,1.0,SetByAsk
2025-12-22 18:33:57,2025-12-22T18:33:57,61.17,3.0,SetByAsk
2025-12-22 18:33:57,2025-12-22T18:33:57,61.17,1.0,SetByAsk
2025-12-22 18:33:57,2025-12-22T18:33:57,61.17,1.0,SetByAsk
2025-12-22 18:34:03,2025-12-22T18:34:03,61.17,1.0,SetByAsk
2025-12-22 18:34:03,2025-12-22T18:34:03,61.17,1.0,SetByAsk
2025-12-22 18:34:06,2025-12-22T18:34:06,61.17,1.0,SetByAsk
2025-12-22 18:34:15,2025-12-22T18:34:15,61.16,1.0,SetByAsk
2025-12-22 18:34:26,2025-12-22T18:34:26,61.14,1.0,SetByAsk
2025-12-22 18:34:43,2025-12-22T18:34:43,61.14,1.0,SetByBid
2025-12-22 18:34:43,2025-12-22T18:34:43,61.14,1.0,SetByBid
2025-12-22 18:34:43,2025-12-22T18:34:43,61.14,1.0,SetByBid
2025-12-22 18:35:03,2025-12-22T18:35:03,61.17,1.0,SetByAsk
2025-12-22 18:35:08,2025-12-22T18:35:08,61.17,1.0,SetByBid
2025-12-22 18:35:08,2025-12-22T18:35:08,61.17,1.0,SetByBid
2025-12-22 18:35:08,2025-12-22T18:35:08,61.17,1.0,SetByBid
2025-12-22 18:35:08,2025-12-22T18:35:08,61.17,1.0,SetByBid
2025-12-22 18:35:12,2025-12-22T18:35:12,61.18,3.0,SetByBid
2025-12-22 18:35:12,2025-12-22T18:35:12,61.18,1.0,SetByBid
2025-12-22 18:35:12,2025-12-22T18:35:12,61.18,1.0,SetByBid
2025-12-22 18:35:12,2025-12-22T18:35:12,61.19,1.0,SetByBid
2025-12-22 18:35:12,2025-12-22T18:35:12,61.19,1.0,SetByBid
2025-12-22 18:35:12,2025-12-22T18:35:12,61.19,1.0,SetByBid
2025-12-22 18:35:12,2025-12-22T18:35:12,61.19,1.0,SetByBid
2025-12-22 18:35:12,2025-12-22T18:35:12,61.19,1.0,SetByBid
2025-12-22 18:35:13,2025-12-22T18:35:13,61.18,5.0,SetByAsk
2025-12-22 18:35:14,2025-12-22T18:35:14,61.18,1.0,SetByBid
2025-12-22 18:35:14,2025-12-22T18:35:14,61.18,3.0,SetByBid
2025-12-22 18:35:14,2025-12-22T18:35:14,61.18,1.0,SetByBid
2025-12-22 18:35:14,2025-12-22T18:35:14,61.19,1.0,SetByBid
2025-12-22 18:35:14,2025-12-22T18:35:14,61.19,1.0,SetByBid
2025-12-22 18:35:14,2025-12-22T18:35:14,61.19,1.0,SetByBid
2025-12-22 18:35:14,2025-12-22T18:35:14,61.19,1.0,SetByBid
2025-12-22 18:35:14,2025-12-22T18:35:14,61.19,1.0,SetByBid
2025-12-22 18:35:14,2025-12-22T18:35:14,61.19,1.0,SetByBid
2025-12-22 18:35:14,2025-12-22T18:35:14,61.19,1.0,SetByBid
2025-12-22 18:35:14,2025-12-22T18:35:14,61.19,1.0,SetByBid
2025-12-22 18:35:14,2025-12-22T18:35:14,61.19,2.0,SetByBid
2025-12-22 18:35:14,2025-12-22T18:35:14,61.19,1.0,SetByBid
2025-12-22 18:35:14,2025-12-22T18:35:14,61.19,1.0,SetByBid
2025-12-22 18:35:14,2025-12-22T18:35:14,61.19,1.0,SetByBid
2025-12-22 18:35:14,2025-12-22T18:35:14,61.17,1.0,SetByAsk
2025-12-22 18:35:14,2025-12-22T18:35:14,61.17,1.0,SetByAsk
2025-12-22 18:35:14,2025-12-22T18:35:14,61.17,1.0,SetByAsk
2025-12-22 18:35:14,2025-12-22T18:35:14,61.19,1.0,SetByBid
2025-12-22 18:35:14,2025-12-22T18:35:14,61.19,1.0,SetByBid
2025-12-22 18:35:14,2025-12-22T18:35:14,61.19,1.0,SetByBid
2025-12-22 18:35:14,2025-12-22T18:35:14,61.17,1.0,SetByAsk
2025-12-22 18:35:20,2025-12-22T18:35:20,61.18,1.0,SetByAsk
2025-12-22 18:35:20,2025-12-22T18:35:20,61.18,1.0,SetByAsk
2025-12-22 18:35:20,2025-12-22T18:35:20,61.18,1.0,SetByAsk
2025-12-22 18:35:21,2025-12-22T18:35:21,61.18,1.0,SetByAsk
2025-12-22 18:35:23,2025-12-22T18:35:23,61.18,1.0,SetByBid
2025-12-22 18:35:23,2025-12-22T18:35:23,61.19,1.0,SetByBid
2025-12-22 18:35:23,2025-12-22T18:35:23,61.19,1.0,SetByBid
2025-12-22 18:35:23,2025-12-22T18:35:23,61.19,1.0,SetByBid
2025-12-22 18:35:23,2025-12-22T18:35:23,61.19,1.0,SetByBid
2025-12-22 18:35:23,2025-12-22T18:35:23,61.19,1.0,SetByBid
2025-12-22 18:35:23,2025-12-22T18:35:23,61.19,1.0,SetByBid
2025-12-22 18:35:23,2025-12-22T18:35:23,61.19,1.0,SetByBid
2025-12-22 18:35:23,2025-12-22T18:35:23,61.19,1.0,SetByBid
2025-12-22 18:35:24,2025-12-22T18:35:24,61.18,1.0,SetByBid
2025-12-22 18:35:24,2025-12-22T18:35:24,61.19,1.0,SetByBid
2025-12-22 18:35:24,2025-12-22T18:35:24,61.19,1.0,SetByBid
2025-12-22 18:35:24,2025-12-22T18:35:24,61.19,1.0,SetByBid
2025-12-22 18:35:24,2025-12-22T18:35:24,61.19,1.0,SetByBid
2025-12-22 18:35:24,2025-12-22T18:35:24,61.19,1.0,SetByBid
2025-12-22 18:35:24,2025-12-22T18:35:24,61.19,1.0,SetByBid
2025-12-22 18:35:25,2025-12-22T18:35:25,61.18,1.0,SetByAsk
2025-12-22 18:35:25,2025-12-22T18:35:25,61.18,4.0,SetByAsk
2025-12-22 18:35:25,2025-12-22T18:35:25,61.19,1.0,SetByBid
2025-12-22 18:35:25,2025-12-22T18:35:25,61.19,1.0,SetByBid
2025-12-22 18:35:25,2025-12-22T18:35:25,61.19,1.0,SetByBid
2025-12-22 18:35:25,2025-12-22T18:35:25,61.19,1.0,SetByBid
2025-12-22 18:35:25,2025-12-22T18:35:25,61.19,1.0,SetByBid
2025-12-22 18:35:25,2025-12-22T18:35:25,61.19,2.0,SetByBid
2025-12-22 18:35:25,2025-12-22T18:35:25,61.19,1.0,SetByBid
2025-12-22 18:35:25,2025-12-22T18:35:25,61.19,1.0,SetByBid
2025-12-22 18:35:25,2025-12-22T18:35:25,61.19,1.0,SetByAsk
2025-12-22 18:35:25,2025-12-22T18:35:25,61.19,5.0,SetByAsk
2025-12-22 18:35:25,2025-12-22T18:35:25,61.19,3.0,SetByAsk
2025-12-22 18:35:26,2025-12-22T18:35:26,61.19,1.0,SetByBid
2025-12-22 18:35:26,2025-12-22T18:35:26,61.19,1.0,SetByAsk
2025-12-22 18:35:26,2025-12-22T18:35:26,61.19,1.0,SetByAsk
2025-12-22 18:35:26,2025-12-22T18:35:26,61.2,1.0,SetByBid
2025-12-22 18:35:26,2025-12-22T18:35:26,61.2,1.0,SetByBid
2025-12-22 18:35:26,2025-12-22T18:35:26,61.2,1.0,SetByBid
2025-12-22 18:35:26,2025-12-22T18:35:26,61.2,1.0,SetByBid
2025-12-22 18:35:26,2025-12-22T18:35:26,61.2,1.0,SetByBid
2025-12-22 18:35:26,2025-12-22T18:35:26,61.2,1.0,SetByBid
2025-12-22 18:35:26,2025-12-22T18:35:26,61.2,3.0,SetByBid
2025-12-22 18:35:26,2025-12-22T18:35:26,61.19,1.0,SetByAsk
2025-12-22 18:35:26,2025-12-22T18:35:26,61.2,1.0,SetByBid
2025-12-22 18:35:26,2025-12-22T18:35:26,61.2,1.0,SetByBid
2025-12-22 18:35:26,2025-12-22T18:35:26,61.2,1.0,SetByBid
2025-12-22 18:35:26,2025-12-22T18:35:26,61.2,1.0,SetByBid
2025-12-22 18:35:26,2025-12-22T18:35:26,61.2,1.0,SetByBid
2025-12-22 18:35:26,2025-12-22T18:35:26,61.2,1.0,SetByBid
2025-12-22 18:35:26,2025-12-22T18:35:26,61.2,1.0,SetByBid
2025-12-22 18:35:26,2025-12-22T18:35:26,61.2,1.0,SetByBid
2025-12-22 18:35:26,2025-12-22T18:35:26,61.2,1.0,SetByBid
2025-12-22 18:35:26,2025-12-22T18:35:26,61.2,1.0,SetByBid
2025-12-22 18:35:26,2025-12-22T18:35:26,61.2,1.0,SetByBid
2025-12-22 18:35:26,2025-12-22T18:35:26,61.2,2.0,SetByBid
2025-12-22 18:35:26,2025-12-22T18:35:26,61.2,1.0,SetByBid
2025-12-22 18:35:27,2025-12-22T18:35:27,61.2,1.0,SetByBid
2025-12-22 18:35:27,2025-12-22T18:35:27,61.2,1.0,SetByBid
2025-12-22 18:35:27,2025-12-22T18:35:27,61.2,1.0,SetByBid
2025-12-22 18:35:27,2025-12-22T18:35:27,61.2,2.0,SetByBid
2025-12-22 18:35:27,2025-12-22T18:35:27,61.2,1.0,SetByBid
2025-12-22 18:35:27,2025-12-22T18:35:27,61.2,1.0,SetByBid
2025-12-22 18:35:27,2025-12-22T18:35:27,61.2,1.0,SetByBid
2025-12-22 18:35:27,2025-12-22T18:35:27,61.2,1.0,SetByBid
2025-12-22 18:35:28,2025-12-22T18:35:28,61.19,1.0,SetByBid
2025-12-22 18:35:28,2025-12-22T18:35:28,61.19,1.0,SetByBid
2025-12-22 18:35:28,2025-12-22T18:35:28,61.19,5.0,SetByBid
2025-12-22 18:35:28,2025-12-22T18:35:28,61.2,1.0,SetByBid
2025-12-22 18:35:28,2025-12-22T18:35:28,61.19,1.0,SetByBid
2025-12-22 18:35:29,2025-12-22T18:35:29,61.19,1.0,SetByAsk
2025-12-22 18:35:29,2025-12-22T18:35:29,61.19,1.0,SetByAsk
2025-12-22 18:35:30,2025-12-22T18:35:30,61.2,1.0,SetByBid
2025-12-22 18:35:30,2025-12-22T18:35:30,61.2,2.0,SetByBid
2025-12-22 18:35:31,2025-12-22T18:35:31,61.18,1.0,SetByAsk
2025-12-22 18:35:33,2025-12-22T18:35:33,61.19,1.0,SetByBid
2025-12-22 18:35:33,2025-12-22T18:35:33,61.19,1.0,SetByBid
2025-12-22 18:35:33,2025-12-22T18:35:33,61.19,1.0,SetByBid
2025-12-22 18:35:33,2025-12-22T18:35:33,61.19,1.0,SetByBid
2025-12-22 18:35:33,2025-12-22T18:35:33,61.19,1.0,SetByBid
2025-12-22 18:35:34,2025-12-22T18:35:34,61.19,1.0,SetByBid
2025-12-22 18:35:34,2025-12-22T18:35:34,61.19,1.0,SetByBid
2025-12-22 18:35:34,2025-12-22T18:35:34,61.19,1.0,SetByBid
2025-12-22 18:35:34,2025-12-22T18:35:34,61.19,1.0,SetByBid
2025-12-22 18:35:34,2025-12-22T18:35:34,61.19,1.0,SetByBid
2025-12-22 18:35:34,2025-12-22T18:35:34,61.19,1.0,SetByBid
2025-12-22 18:35:34,2025-12-22T18:35:34,61.2,1.0,SetByBid
2025-12-22 18:35:34,2025-12-22T18:35:34,61.2,1.0,SetByBid
2025-12-22 18:35:34,2025-12-22T18:35:34,61.2,1.0,SetByBid
2025-12-22 18:35:34,2025-12-22T18:35:34,61.2,1.0,SetByBid
2025-12-22 18:35:34,2025-12-22T18:35:34,61.19,1.0,SetByAsk
2025-12-22 18:35:34,2025-12-22T18:35:34,61.19,1.0,SetByAsk
2025-12-22 18:35:34,2025-12-22T18:35:34,61.19,1.0,SetByAsk
2025-12-22 18:35:35,2025-12-22T18:35:35,61.2,1.0,SetByBid
2025-12-22 18:35:35,2025-12-22T18:35:35,61.2,1.0,SetByBid
2025-12-22 18:35:35,2025-12-22T18:35:35,61.2,1.0,SetByBid
2025-12-22 18:35:35,2025-12-22T18:35:35,61.2,1.0,SetByBid
2025-12-22 18:35:35,2025-12-22T18:35:35,61.2,1.0,SetByBid
2025-12-22 18:35:35,2025-12-22T18:35:35,61.2,1.0,SetByBid
2025-12-22 18:35:35,2025-12-22T18:35:35,61.2,1.0,SetByBid
2025-12-22 18:35:35,2025-12-22T18:35:35,61.2,1.0,SetByBid
2025-12-22 18:35:35,2025-12-22T18:35:35,61.2,1.0,SetByBid
2025-12-22 18:35:35,2025-12-22T18:35:35,61.2,3.0,SetByBid
2025-12-22 18:35:36,2025-12-22T18:35:36,61.19,1.0,SetByAsk
2025-12-22 18:35:36,2025-12-22T18:35:36,61.19,1.0,SetByAsk
2025-12-22 18:35:36,2025-12-22T18:35:36,61.19,1.0,SetByAsk
2025-12-22 18:35:36,2025-12-22T18:35:36,61.19,1.0,SetByAsk
2025-12-22 18:35:39,2025-12-22T18:35:39,61.18,1.0,SetByAsk
2025-12-22 18:35:39,2025-12-22T18:35:39,61.18,1.0,SetByAsk
2025-12-22 18:35:43,2025-12-22T18:35:43,61.18,1.0,SetByBid
2025-12-22 18:35:43,2025-12-22T18:35:43,61.18,1.0,SetByBid
2025-12-22 18:35:43,2025-12-22T18:35:43,61.18,1.0,SetByBid
2025-12-22 18:35:43,2025-12-22T18:35:43,61.18,1.0,SetByBid
2025-12-22 18:35:43,2025-12-22T18:35:43,61.18,1.0,SetByAsk
2025-12-22 18:35:44,2025-12-22T18:35:44,61.19,1.0,SetByBid
2025-12-22 18:35:44,2025-12-22T18:35:44,61.19,1.0,SetByBid
2025-12-22 18:35:44,2025-12-22T18:35:44,61.19,1.0,SetByBid
2025-12-22 18:35:44,2025-12-22T18:35:44,61.19,1.0,SetByBid
2025-12-22 18:35:44,2025-12-22T18:35:44,61.19,1.0,SetByBid
2025-12-22 18:35:44,2025-12-22T18:35:44,61.19,1.0,SetByBid
2025-12-22 18:36:00,2025-12-22T18:36:00,61.19,1.0,SetByBid
2025-12-22 18:36:01,2025-12-22T18:36:01,61.18,1.0,SetByAsk
2025-12-22 18:36:01,2025-12-22T18:36:01,61.18,1.0,SetByAsk
2025-12-22 18:36:01,2025-12-22T18:36:01,61.18,1.0,SetByAsk
2025-12-22 18:36:01,2025-12-22T18:36:01,61.18,1.0,SetByAsk
2025-12-22 18:36:02,2025-12-22T18:36:02,61.18,1.0,SetByBid
2025-12-22 18:36:03,2025-12-22T18:36:03,61.19,1.0,SetByBid
2025-12-22 18:36:03,2025-12-22T18:36:03,61.18,1.0,SetByAsk
2025-12-22 18:36:03,2025-12-22T18:36:03,61.18,1.0,SetByAsk
2025-12-22 18:36:03,2025-12-22T18:36:03,61.18,1.0,SetByAsk
2025-12-22 18:36:03,2025-12-22T18:36:03,61.18,1.0,SetByAsk
2025-12-22 18:36:03,2025-12-22T18:36:03,61.18,1.0,SetByAsk
2025-12-22 18:36:03,2025-12-22T18:36:03,61.19,1.0,SetByBid
2025-12-22 18:36:03,2025-12-22T18:36:03,61.19,1.0,SetByBid
2025-12-22 18:36:06,2025-12-22T18:36:06,61.18,1.0,SetByAsk
2025-12-22 18:36:06,2025-12-22T18:36:06,61.18,1.0,SetByAsk
2025-12-22 18:36:06,2025-12-22T18:36:06,61.18,1.0,SetByAsk
2025-12-22 18:36:06,2025-12-22T18:36:06,61.18,1.0,SetByAsk
2025-12-22 18:36:07,2025-12-22T18:36:07,61.17,1.0,SetByAsk
2025-12-22 18:36:07,2025-12-22T18:36:07,61.17,1.0,SetByAsk
2025-12-22 18:36:07,2025-12-22T18:36:07,61.17,1.0,SetByAsk
2025-12-22 18:36:07,2025-12-22T18:36:07,61.17,1.0,SetByAsk
2025-12-22 18:36:07,2025-12-22T18:36:07,61.17,1.0,SetByBid
2025-12-22 18:36:07,2025-12-22T18:36:07,61.17,1.0,SetByBid
2025-12-22 18:36:07,2025-12-22T18:36:07,61.17,1.0,SetByBid
2025-12-22 18:36:07,2025-12-22T18:36:07,61.17,1.0,SetByBid
2025-12-22 18:36:07,2025-12-22T18:36:07,61.17,2.0,SetByBid
2025-12-22 18:36:07,2025-12-22T18:36:07,61.17,3.0,SetByAsk
2025-12-22 18:36:08,2025-12-22T18:36:08,61.17,1.0,SetByAsk
2025-12-22 18:36:11,2025-12-22T18:36:11,61.18,1.0,SetByBid
2025-12-22 18:36:11,2025-12-22T18:36:11,61.18,1.0,SetByAsk
2025-12-22 18:36:17,2025-12-22T18:36:17,61.18,1.0,SetByAsk
2025-12-22 18:36:21,2025-12-22T18:36:21,61.18,1.0,SetByAsk
2025-12-22 18:36:24,2025-12-22T18:36:24,61.17,1.0,SetByAsk
2025-12-22 18:36:24,2025-12-22T18:36:24,61.17,1.0,SetByAsk
2025-12-22 18:36:36,2025-12-22T18:36:36,61.18,1.0,SetByAsk
2025-12-22 18:36:36,2025-12-22T18:36:36,61.18,1.0,SetByAsk
2025-12-22 18:36:37,2025-12-22T18:36:37,61.18,1.0,SetByAsk
2025-12-22 18:36:46,2025-12-22T18:36:46,61.18,1.0,SetByAsk
2025-12-22 18:36:46,2025-12-22T18:36:46,61.18,1.0,SetByAsk
2025-12-22 18:36:47,2025-12-22T18:36:47,61.18,1.0,SetByBid
2025-12-22 18:36:48,2025-12-22T18:36:48,61.18,1.0,SetByBid
2025-12-22 18:36:48,2025-12-22T18:36:48,61.18,3.0,SetByBid
2025-12-22 18:36:48,2025-12-22T18:36:48,61.18,1.0,SetByBid
2025-12-22 18:36:48,2025-12-22T18:36:48,61.18,1.0,SetByBid
2025-12-22 18:36:48,2025-12-22T18:36:48,61.18,1.0,SetByBid
2025-12-22 18:36:48,2025-12-22T18:36:48,61.18,1.0,SetByBid
2025-12-22 18:36:48,2025-12-22T18:36:48,61.18,2.0,SetByAsk
2025-12-22 18:36:48,2025-12-22T18:36:48,61.18,1.0,SetByAsk
2025-12-22 18:36:48,2025-12-22T18:36:48,61.18,1.0,SetByAsk
2025-12-22 18:36:48,2025-12-22T18:36:48,61.18,1.0,SetByBid
2025-12-22 18:36:48,2025-12-22T18:36:48,61.18,1.0,SetByAsk
2025-12-22 18:36:49,2025-12-22T18:36:49,61.19,3.0,SetByBid
2025-12-22 18:36:49,2025-12-22T18:36:49,61.18,1.0,SetByBid
2025-12-22 18:36:49,2025-12-22T18:36:49,61.18,1.0,SetByBid
2025-12-22 18:36:49,2025-12-22T18:36:49,61.18,2.0,SetByAsk
2025-12-22 18:36:56,2025-12-22T18:36:56,61.17,1.0,SetByAsk
2025-12-22 18:36:56,2025-12-22T18:36:56,61.17,1.0,SetByAsk
2025-12-22 18:36:56,2025-12-22T18:36:56,61.17,1.0,SetByAsk
2025-12-22 18:36:57,2025-12-22T18:36:57,61.16,1.0,SetByBid
2025-12-22 18:36:57,2025-12-22T18:36:57,61.16,1.0,SetByBid
2025-12-22 18:36:58,2025-12-22T18:36:58,61.16,1.0,SetByBid
2025-12-22 18:37:00,2025-12-22T18:37:00,61.17,1.0,SetByBid
2025-12-22 18:37:00,2025-12-22T18:37:00,61.17,1.0,SetByBid
2025-12-22 18:37:00,2025-12-22T18:37:00,61.17,1.0,SetByBid
2025-12-22 18:37:00,2025-12-22T18:37:00,61.17,1.0,SetByBid
2025-12-22 18:37:00,2025-12-22T18:37:00,61.17,1.0,SetByBid
2025-12-22 18:37:00,2025-12-22T18:37:00,61.17,1.0,SetByBid
2025-12-22 18:37:00,2025-12-22T18:37:00,61.17,1.0,SetByBid
2025-12-22 18:37:00,2025-12-22T18:37:00,61.17,1.0,SetByBid
2025-12-22 18:37:00,2025-12-22T18:37:00,61.17,1.0,SetByBid
2025-12-22 18:37:00,2025-12-22T18:37:00,61.17,1.0,SetByBid
2025-12-22 18:37:00,2025-12-22T18:37:00,61.17,1.0,SetByBid
2025-12-22 18:37:00,2025-12-22T18:37:00,61.17,1.0,SetByBid
2025-12-22 18:37:00,2025-12-22T18:37:00,61.17,1.0,SetByBid
2025-12-22 18:37:00,2025-12-22T18:37:00,61.17,1.0,SetByBid
2025-12-22 18:37:00,2025-12-22T18:37:00,61.17,1.0,SetByBid
2025-12-22 18:37:00,2025-12-22T18:37:00,61.17,1.0,SetByBid
2025-12-22 18:37:00,2025-12-22T18:37:00,61.17,1.0,SetByBid
2025-12-22 18:37:01,2025-12-22T18:37:01,61.17,1.0,SetByBid
2025-12-22 18:37:02,2025-12-22T18:37:02,61.18,1.0,SetByBid
2025-12-22 18:37:02,2025-12-22T18:37:02,61.18,1.0,SetByBid
2025-12-22 18:37:02,2025-12-22T18:37:02,61.18,1.0,SetByBid
2025-12-22 18:37:02,2025-12-22T18:37:02,61.18,1.0,SetByBid
2025-12-22 18:37:03,2025-12-22T18:37:03,61.18,1.0,SetByBid
2025-12-22 18:37:10,2025-12-22T18:37:10,61.19,1.0,SetByBid
2025-12-22 18:37:12,2025-12-22T18:37:12,61.19,1.0,SetByAsk
2025-12-22 18:37:12,2025-12-22T18:37:12,61.19,1.0,SetByAsk
2025-12-22 18:37:21,2025-12-22T18:37:21,61.18,1.0,SetByAsk
2025-12-22 18:37:21,2025-12-22T18:37:21,61.18,1.0,SetByAsk
2025-12-22 18:37:21,2025-12-22T18:37:21,61.18,1.0,SetByAsk
2025-12-22 18:37:21,2025-12-22T18:37:21,61.18,1.0,SetByAsk
2025-12-22 18:37:21,2025-12-22T18:37:21,61.18,1.0,SetByAsk
2025-12-22 18:37:21,2025-12-22T18:37:21,61.18,1.0,SetByAsk
2025-12-22 18:37:24,2025-12-22T18:37:24,61.18,1.0,SetByBid
2025-12-22 18:37:24,2025-12-22T18:37:24,61.18,1.0,SetByBid
2025-12-22 18:37:24,2025-12-22T18:37:24,61.18,1.0,SetByBid
2025-12-22 18:37:24,2025-12-22T18:37:24,61.18,1.0,SetByBid
2025-12-22 18:37:24,2025-12-22T18:37:24,61.18,1.0,SetByBid
2025-12-22 18:37:24,2025-12-22T18:37:24,61.18,1.0,SetByBid
2025-12-22 18:37:24,2025-12-22T18:37:24,61.18,2.0,SetByBid
2025-12-22 18:37:24,2025-12-22T18:37:24,61.18,1.0,SetByBid
2025-12-22 18:37:24,2025-12-22T18:37:24,61.18,1.0,SetByBid
2025-12-22 18:37:24,2025-12-22T18:37:24,61.18,1.0,SetByBid
2025-12-22 18:37:24,2025-12-22T18:37:24,61.18,3.0,SetByBid
2025-12-22 18:37:24,2025-12-22T18:37:24,61.18,3.0,SetByBid
2025-12-22 18:37:24,2025-12-22T18:37:24,61.18,1.0,SetByBid
2025-12-22 18:37:24,2025-12-22T18:37:24,61.18,1.0,SetByBid
2025-12-22 18:37:24,2025-12-22T18:37:24,61.18,1.0,SetByBid
2025-12-22 18:37:25,2025-12-22T18:37:25,61.18,1.0,SetByBid
2025-12-22 18:37:25,2025-12-22T18:37:25,61.18,1.0,SetByBid
2025-12-22 18:37:25,2025-12-22T18:37:25,61.18,1.0,SetByBid
2025-12-22 18:37:25,2025-12-22T18:37:25,61.18,2.0,SetByBid
2025-12-22 18:37:25,2025-12-22T18:37:25,61.18,1.0,SetByBid
2025-12-22 18:37:25,2025-12-22T18:37:25,61.18,1.0,SetByBid
2025-12-22 18:37:25,2025-12-22T18:37:25,61.18,1.0,SetByBid
2025-12-22 18:37:25,2025-12-22T18:37:25,61.18,2.0,SetByBid
2025-12-22 18:37:25,2025-12-22T18:37:25,61.18,1.0,SetByBid
2025-12-22 18:37:25,2025-12-22T18:37:25,61.18,2.0,SetByBid
2025-12-22 18:37:25,2025-12-22T18:37:25,61.18,3.0,SetByBid
2025-12-22 18:37:25,2025-12-22T18:37:25,61.18,1.0,SetByBid
2025-12-22 18:37:25,2025-12-22T18:37:25,61.18,1.0,SetByBid
2025-12-22 18:37:25,2025-12-22T18:37:25,61.18,1.0,SetByBid
2025-12-22 18:37:25,2025-12-22T18:37:25,61.18,1.0,SetByBid
2025-12-22 18:37:25,2025-12-22T18:37:25,61.18,1.0,SetByBid
2025-12-22 18:37:25,2025-12-22T18:37:25,61.18,1.0,SetByBid
2025-12-22 18:37:25,2025-12-22T18:37:25,61.18,3.0,SetByBid
2025-12-22 18:37:25,2025-12-22T18:37:25,61.18,1.0,SetByBid
2025-12-22 18:37:25,2025-12-22T18:37:25,61.18,1.0,SetByBid
2025-12-22 18:37:25,2025-12-22T18:37:25,61.18,1.0,SetByBid
2025-12-22 18:37:25,2025-12-22T18:37:25,61.18,2.0,SetByAsk
2025-12-22 18:37:26,2025-12-22T18:37:26,61.19,1.0,SetByAsk
2025-12-22 18:37:26,2025-12-22T18:37:26,61.19,1.0,SetByAsk
2025-12-22 18:37:26,2025-12-22T18:37:26,61.2,1.0,SetByBid
2025-12-22 18:37:34,2025-12-22T18:37:34,61.18,1.0,SetByAsk
2025-12-22 18:37:34,2025-12-22T18:37:34,61.18,1.0,SetByAsk
2025-12-22 18:37:43,2025-12-22T18:37:43,61.18,1.0,SetByBid
2025-12-22 18:37:43,2025-12-22T18:37:43,61.18,1.0,SetByAsk
2025-12-22 18:37:47,2025-12-22T18:37:47,61.18,1.0,SetByAsk
2025-12-22 18:37:47,2025-12-22T18:37:47,61.18,1.0,SetByAsk
2025-12-22 18:37:54,2025-12-22T18:37:54,61.18,1.0,SetByAsk
2025-12-22 18:37:54,2025-12-22T18:37:54,61.18,1.0,SetByAsk
2025-12-22 18:37:56,2025-12-22T18:37:56,61.18,1.0,SetByBid
2025-12-22 18:37:56,2025-12-22T18:37:56,61.18,1.0,SetByBid
2025-12-22 18:37:56,2025-12-22T18:37:56,61.18,1.0,SetByBid
2025-12-22 18:37:56,2025-12-22T18:37:56,61.18,2.0,SetByBid
2025-12-22 18:37:56,2025-12-22T18:37:56,61.18,1.0,SetByBid
2025-12-22 18:37:56,2025-12-22T18:37:56,61.18,2.0,SetByBid
2025-12-22 18:37:56,2025-12-22T18:37:56,61.18,1.0,SetByBid
2025-12-22 18:37:56,2025-12-22T18:37:56,61.18,1.0,SetByBid
2025-12-22 18:37:56,2025-12-22T18:37:56,61.18,1.0,SetByBid
2025-12-22 18:37:57,2025-12-22T18:37:57,61.18,2.0,SetByAsk
2025-12-22 18:37:57,2025-12-22T18:37:57,61.18,1.0,SetByAsk
2025-12-22 18:37:57,2025-12-22T18:37:57,61.18,1.0,SetByAsk
2025-12-22 18:37:57,2025-12-22T18:37:57,61.18,1.0,SetByAsk
2025-12-22 18:37:57,2025-12-22T18:37:57,61.19,1.0,SetByBid
2025-12-22 18:37:57,2025-12-22T18:37:57,61.19,1.0,SetByBid
2025-12-22 18:37:57,2025-12-22T18:37:57,61.19,1.0,SetByBid
2025-12-22 18:37:57,2025-12-22T18:37:57,61.19,1.0,SetByBid
2025-12-22 18:37:57,2025-12-22T18:37:57,61.19,1.0,SetByBid
2025-12-22 18:37:57,2025-12-22T18:37:57,61.19,1.0,SetByBid
2025-12-22 18:37:57,2025-12-22T18:37:57,61.19,1.0,SetByBid
2025-12-22 18:38:03,2025-12-22T18:38:03,61.17,1.0,SetByAsk
2025-12-22 18:38:03,2025-12-22T18:38:03,61.17,1.0,SetByAsk
2025-12-22 18:38:03,2025-12-22T18:38:03,61.17,1.0,SetByAsk
2025-12-22 18:38:03,2025-12-22T18:38:03,61.17,1.0,SetByAsk
2025-12-22 18:38:03,2025-12-22T18:38:03,61.17,1.0,SetByAsk
2025-12-22 18:38:03,2025-12-22T18:38:03,61.17,1.0,SetByAsk
2025-12-22 18:38:03,2025-12-22T18:38:03,61.17,1.0,SetByAsk
2025-12-22 18:38:03,2025-12-22T18:38:03,61.17,1.0,SetByBid
2025-12-22 18:38:03,2025-12-22T18:38:03,61.17,1.0,SetByBid
2025-12-22 18:38:04,2025-12-22T18:38:04,61.16,1.0,SetByAsk
2025-12-22 18:38:04,2025-12-22T18:38:04,61.16,1.0,SetByAsk
2025-12-22 18:38:06,2025-12-22T18:38:06,61.16,1.0,SetByBid
2025-12-22 18:38:06,2025-12-22T18:38:06,61.16,4.0,SetByBid
2025-12-22 18:38:07,2025-12-22T18:38:07,61.16,1.0,SetByAsk
2025-12-22 18:38:07,2025-12-22T18:38:07,61.16,2.0,SetByAsk
2025-12-22 18:38:07,2025-12-22T18:38:07,61.16,1.0,SetByAsk
2025-12-22 18:38:07,2025-12-22T18:38:07,61.16,1.0,SetByAsk
2025-12-22 18:38:07,2025-12-22T18:38:07,61.16,1.0,SetByAsk
2025-12-22 18:38:07,2025-12-22T18:38:07,61.16,1.0,SetByAsk
2025-12-22 18:38:07,2025-12-22T18:38:07,61.16,1.0,SetByAsk
2025-12-22 18:38:07,2025-12-22T18:38:07,61.16,1.0,SetByBid
2025-12-22 18:38:07,2025-12-22T18:38:07,61.16,2.0,SetByBid
2025-12-22 18:38:07,2025-12-22T18:38:07,61.16,1.0,SetByBid
2025-12-22 18:38:07,2025-12-22T18:38:07,61.16,1.0,SetByBid
2025-12-22 18:38:07,2025-12-22T18:38:07,61.16,1.0,SetByBid
2025-12-22 18:38:07,2025-12-22T18:38:07,61.16,1.0,SetByBid
2025-12-22 18:38:07,2025-12-22T18:38:07,61.16,2.0,SetByBid
2025-12-22 18:38:07,2025-12-22T18:38:07,61.16,1.0,SetByBid
2025-12-22 18:38:07,2025-12-22T18:38:07,61.16,1.0,SetByBid
2025-12-22 18:38:07,2025-12-22T18:38:07,61.17,1.0,SetByBid
2025-12-22 18:38:07,2025-12-22T18:38:07,61.16,1.0,SetByBid
2025-12-22 18:38:07,2025-12-22T18:38:07,61.16,1.0,SetByBid
2025-12-22 18:38:07,2025-12-22T18:38:07,61.16,1.0,SetByBid
2025-12-22 18:38:08,2025-12-22T18:38:08,61.15,1.0,SetByAsk
2025-12-22 18:38:08,2025-12-22T18:38:08,61.16,1.0,SetByBid
2025-12-22 18:38:08,2025-12-22T18:38:08,61.16,1.0,SetByBid
2025-12-22 18:38:08,2025-12-22T18:38:08,61.16,1.0,SetByBid
2025-12-22 18:38:08,2025-12-22T18:38:08,61.16,1.0,SetByBid
2025-12-22 18:38:14,2025-12-22T18:38:14,61.16,1.0,SetByBid
2025-12-22 18:38:15,2025-12-22T18:38:15,61.16,3.0,SetByAsk
2025-12-22 18:38:15,2025-12-22T18:38:15,61.16,1.0,SetByAsk
2025-12-22 18:38:15,2025-12-22T18:38:15,61.16,1.0,SetByAsk
2025-12-22 18:38:15,2025-12-22T18:38:15,61.16,1.0,SetByAsk
2025-12-22 18:38:15,2025-12-22T18:38:15,61.16,1.0,SetByBid
2025-12-22 18:38:16,2025-12-22T18:38:16,61.16,1.0,SetByBid
2025-12-22 18:38:16,2025-12-22T18:38:16,61.16,1.0,SetByBid
2025-12-22 18:38:16,2025-12-22T18:38:16,61.16,1.0,SetByBid
2025-12-22 18:38:16,2025-12-22T18:38:16,61.16,1.0,SetByBid
2025-12-22 18:38:16,2025-12-22T18:38:16,61.16,2.0,SetByBid
2025-12-22 18:38:16,2025-12-22T18:38:16,61.16,1.0,SetByBid
2025-12-22 18:38:16,2025-12-22T18:38:16,61.16,1.0,SetByBid
2025-12-22 18:38:16,2025-12-22T18:38:16,61.16,1.0,SetByBid
2025-12-22 18:38:16,2025-12-22T18:38:16,61.16,1.0,SetByBid
2025-12-22 18:38:20,2025-12-22T18:38:20,61.16,1.0,SetByBid
2025-12-22 18:38:20,2025-12-22T18:38:20,61.16,1.0,SetByBid
2025-12-22 18:38:20,2025-12-22T18:38:20,61.16,3.0,SetByBid
2025-12-22 18:38:22,2025-12-22T18:38:22,61.16,1.0,SetByBid
2025-12-22 18:38:22,2025-12-22T18:38:22,61.16,2.0,SetByBid
2025-12-22 18:38:22,2025-12-22T18:38:22,61.16,1.0,SetByBid
2025-12-22 18:38:22,2025-12-22T18:38:22,61.16,1.0,SetByBid
2025-12-22 18:38:22,2025-12-22T18:38:22,61.16,1.0,SetByBid
2025-12-22 18:38:22,2025-12-22T18:38:22,61.16,2.0,SetByBid
2025-12-22 18:38:22,2025-12-22T18:38:22,61.16,2.0,SetByBid
2025-12-22 18:38:22,2025-12-22T18:38:22,61.16,5.0,SetByBid
2025-12-22 18:38:22,2025-12-22T18:38:22,61.16,1.0,SetByBid
2025-12-22 18:38:22,2025-12-22T18:38:22,61.16,1.0,SetByBid
2025-12-22 18:38:22,2025-12-22T18:38:22,61.16,2.0,SetByAsk
2025-12-22 18:38:22,2025-12-22T18:38:22,61.16,1.0,SetByAsk
2025-12-22 18:38:24,2025-12-22T18:38:24,61.17,1.0,SetByBid
2025-12-22 18:38:24,2025-12-22T18:38:24,61.17,1.0,SetByBid
2025-12-22 18:38:24,2025-12-22T18:38:24,61.17,1.0,SetByBid
2025-12-22 18:38:24,2025-12-22T18:38:24,61.17,1.0,SetByBid
2025-12-22 18:38:24,2025-12-22T18:38:24,61.17,1.0,SetByBid
2025-12-22 18:38:24,2025-12-22T18:38:24,61.17,1.0,SetByBid
2025-12-22 18:38:24,2025-12-22T18:38:24,61.17,3.0,SetByBid
2025-12-22 18:38:24,2025-12-22T18:38:24,61.17,1.0,SetByBid
2025-12-22 18:38:24,2025-12-22T18:38:24,61.16,1.0,SetByAsk
2025-12-22 18:38:24,2025-12-22T18:38:24,61.16,1.0,SetByAsk
2025-12-22 18:38:24,2025-12-22T18:38:24,61.16,1.0,SetByAsk
2025-12-22 18:38:24,2025-12-22T18:38:24,61.17,1.0,SetByBid
2025-12-22 18:38:24,2025-12-22T18:38:24,61.17,1.0,SetByBid
2025-12-22 18:38:24,2025-12-22T18:38:24,61.16,1.0,SetByAsk
2025-12-22 18:38:24,2025-12-22T18:38:24,61.17,1.0,SetByBid
2025-12-22 18:38:24,2025-12-22T18:38:24,61.17,1.0,SetByBid
2025-12-22 18:38:24,2025-12-22T18:38:24,61.17,1.0,SetByBid
2025-12-22 18:38:24,2025-12-22T18:38:24,61.17,1.0,SetByBid
2025-12-22 18:38:24,2025-12-22T18:38:24,61.17,1.0,SetByBid
2025-12-22 18:38:24,2025-12-22T18:38:24,61.17,1.0,SetByBid
2025-12-22 18:38:42,2025-12-22T18:38:42,61.17,1.0,SetByAsk
2025-12-22 18:38:43,2025-12-22T18:38:43,61.17,2.0,SetByAsk
2025-12-22 18:38:44,2025-12-22T18:38:44,61.17,1.0,SetByAsk
2025-12-22 18:38:45,2025-12-22T18:38:45,61.17,1.0,SetByBid
2025-12-22 18:38:45,2025-12-22T18:38:45,61.17,1.0,SetByAsk
2025-12-22 18:38:45,2025-12-22T18:38:45,61.17,1.0,SetByAsk
2025-12-22 18:38:47,2025-12-22T18:38:47,61.17,1.0,SetByBid
2025-12-22 18:38:47,2025-12-22T18:38:47,61.17,3.0,SetByBid
2025-12-22 18:38:47,2025-12-22T18:38:47,61.17,1.0,SetByBid
2025-12-22 18:38:47,2025-12-22T18:38:47,61.17,1.0,SetByBid
2025-12-22 18:38:47,2025-12-22T18:38:47,61.17,1.0,SetByAsk
2025-12-22 18:38:47,2025-12-22T18:38:47,61.17,2.0,SetByAsk
2025-12-22 18:38:48,2025-12-22T18:38:48,61.18,1.0,SetByBid
2025-12-22 18:38:48,2025-12-22T18:38:48,61.18,1.0,SetByBid
2025-12-22 18:38:49,2025-12-22T18:38:49,61.18,1.0,SetByBid
2025-12-22 18:38:49,2025-12-22T18:38:49,61.17,1.0,SetByAsk
2025-12-22 18:38:49,2025-12-22T18:38:49,61.17,1.0,SetByAsk
2025-12-22 18:38:49,2025-12-22T18:38:49,61.17,1.0,SetByAsk
2025-12-22 18:38:52,2025-12-22T18:38:52,61.17,1.0,SetByAsk
2025-12-22 18:38:54,2025-12-22T18:38:54,61.17,1.0,SetByBid
2025-12-22 18:38:54,2025-12-22T18:38:54,61.17,1.0,SetByBid
2025-12-22 18:38:54,2025-12-22T18:38:54,61.17,1.0,SetByBid
2025-12-22 18:38:54,2025-12-22T18:38:54,61.17,1.0,SetByBid
2025-12-22 18:38:54,2025-12-22T18:38:54,61.17,1.0,SetByBid
2025-12-22 18:38:54,2025-12-22T18:38:54,61.17,2.0,SetByBid
2025-12-22 18:38:54,2025-12-22T18:38:54,61.17,1.0,SetByBid
2025-12-22 18:38:54,2025-12-22T18:38:54,61.17,1.0,SetByBid
2025-12-22 18:38:54,2025-12-22T18:38:54,61.17,1.0,SetByBid
2025-12-22 18:38:54,2025-12-22T18:38:54,61.17,1.0,SetByBid
2025-12-22 18:38:54,2025-12-22T18:38:54,61.17,1.0,SetByBid
2025-12-22 18:38:54,2025-12-22T18:38:54,61.17,1.0,SetByBid
2025-12-22 18:38:54,2025-12-22T18:38:54,61.17,1.0,SetByBid
2025-12-22 18:38:54,2025-12-22T18:38:54,61.17,3.0,SetByBid
2025-12-22 18:38:54,2025-12-22T18:38:54,61.17,1.0,SetByBid
2025-12-22 18:38:54,2025-12-22T18:38:54,61.17,1.0,SetByBid
2025-12-22 18:38:54,2025-12-22T18:38:54,61.17,1.0,SetByBid
2025-12-22 18:38:54,2025-12-22T18:38:54,61.17,1.0,SetByBid
2025-12-22 18:38:55,2025-12-22T18:38:55,61.17,1.0,SetByBid
2025-12-22 18:38:55,2025-12-22T18:38:55,61.17,1.0,SetByBid
2025-12-22 18:38:55,2025-12-22T18:38:55,61.17,1.0,SetByBid
2025-12-22 18:38:55,2025-12-22T18:38:55,61.17,2.0,SetByBid
2025-12-22 18:38:55,2025-12-22T18:38:55,61.17,1.0,SetByBid
2025-12-22 18:38:55,2025-12-22T18:38:55,61.17,1.0,SetByBid
2025-12-22 18:38:55,2025-12-22T18:38:55,61.17,1.0,SetByBid
2025-12-22 18:38:55,2025-12-22T18:38:55,61.17,2.0,SetByBid
2025-12-22 18:38:55,2025-12-22T18:38:55,61.17,1.0,SetByBid
2025-12-22 18:38:56,2025-12-22T18:38:56,61.17,1.0,SetByBid
2025-12-22 18:38:56,2025-12-22T18:38:56,61.17,1.0,SetByAsk
2025-12-22 18:38:58,2025-12-22T18:38:58,61.17,1.0,SetByAsk
2025-12-22 18:38:58,2025-12-22T18:38:58,61.17,1.0,SetByAsk
2025-12-22 18:38:58,2025-12-22T18:38:58,61.17,1.0,SetByAsk
2025-12-22 18:38:58,2025-12-22T18:38:58,61.17,1.0,SetByAsk
2025-12-22 18:38:58,2025-12-22T18:38:58,61.18,1.0,SetByBid
2025-12-22 18:38:58,2025-12-22T18:38:58,61.18,1.0,SetByBid
2025-12-22 18:39:00,2025-12-22T18:39:00,61.17,1.0,SetByBid
2025-12-22 18:39:00,2025-12-22T18:39:00,61.17,1.0,SetByBid
2025-12-22 18:39:04,2025-12-22T18:39:04,61.17,1.0,SetByBid
2025-12-22 18:39:04,2025-12-22T18:39:04,61.17,2.0,SetByBid
2025-12-22 18:39:04,2025-12-22T18:39:04,61.17,3.0,SetByBid
2025-12-22 18:39:04,2025-12-22T18:39:04,61.17,1.0,SetByBid
2025-12-22 18:39:08,2025-12-22T18:39:08,61.17,1.0,SetByAsk
2025-12-22 18:39:12,2025-12-22T18:39:12,61.17,1.0,SetByBid
2025-12-22 18:39:23,2025-12-22T18:39:23,61.18,1.0,SetByBid
2025-12-22 18:39:45,2025-12-22T18:39:45,61.16,1.0,SetByAsk
2025-12-22 18:39:47,2025-12-22T18:39:47,61.17,1.0,SetByBid
2025-12-22 18:39:49,2025-12-22T18:39:49,61.17,1.0,SetByAsk
2025-12-22 18:39:49,2025-12-22T18:39:49,61.17,1.0,SetByAsk
2025-12-22 18:39:50,2025-12-22T18:39:50,61.17,1.0,SetByBid
2025-12-22 18:39:55,2025-12-22T18:39:55,61.17,1.0,SetByBid
2025-12-22 18:39:57,2025-12-22T18:39:57,61.17,1.0,SetByAsk
2025-12-22 18:39:57,2025-12-22T18:39:57,61.17,1.0,SetByAsk
2025-12-22 18:40:00,2025-12-22T18:40:00,61.17,1.0,SetByAsk
2025-12-22 18:40:00,2025-12-22T18:40:00,61.17,1.0,SetByAsk
2025-12-22 18:40:00,2025-12-22T18:40:00,61.17,1.0,SetByAsk
2025-12-22 18:40:00,2025-12-22T18:40:00,61.17,1.0,SetByBid
2025-12-22 18:40:07,2025-12-22T18:40:07,61.17,1.0,SetByBid
2025-12-22 18:40:10,2025-12-22T18:40:10,61.16,1.0,SetByAsk
2025-12-22 18:40:10,2025-12-22T18:40:10,61.16,1.0,SetByAsk
2025-12-22 18:40:10,2025-12-22T18:40:10,61.16,1.0,SetByAsk
2025-12-22 18:40:10,2025-12-22T18:40:10,61.16,1.0,SetByAsk
2025-12-22 18:40:25,2025-12-22T18:40:25,61.17,1.0,SetByBid
2025-12-22 18:40:25,2025-12-22T18:40:25,61.17,1.0,SetByBid
2025-12-22 18:40:26,2025-12-22T18:40:26,61.18,1.0,SetByBid
2025-12-22 18:40:27,2025-12-22T18:40:27,61.18,1.0,SetByBid
2025-12-22 18:40:30,2025-12-22T18:40:30,61.19,1.0,SetByBid
2025-12-22 18:40:30,2025-12-22T18:40:30,61.19,1.0,SetByBid
2025-12-22 18:40:33,2025-12-22T18:40:33,61.19,1.0,SetByBid
2025-12-22 18:40:35,2025-12-22T18:40:35,61.18,1.0,SetByAsk
2025-12-22 18:40:35,2025-12-22T18:40:35,61.18,1.0,SetByAsk
2025-12-22 18:40:35,2025-12-22T18:40:35,61.18,1.0,SetByAsk
2025-12-22 18:40:35,2025-12-22T18:40:35,61.18,1.0,SetByAsk
2025-12-22 18:40:35,2025-12-22T18:40:35,61.18,1.0,SetByAsk
2025-12-22 18:40:37,2025-12-22T18:40:37,61.17,1.0,SetByBid
2025-12-22 18:41:01,2025-12-22T18:41:01,61.15,1.0,SetByBid
2025-12-22 18:41:01,2025-12-22T18:41:01,61.15,1.0,SetByBid
2025-12-22 18:41:02,2025-12-22T18:41:02,61.13,1.0,SetByAsk
2025-12-22 18:41:02,2025-12-22T18:41:02,61.13,1.0,SetByAsk
2025-12-22 18:41:02,2025-12-22T18:41:02,61.13,2.0,SetByAsk
2025-12-22 18:41:07,2025-12-22T18:41:07,61.14,1.0,SetByAsk
2025-12-22 18:41:07,2025-12-22T18:41:07,61.14,1.0,SetByBid
2025-12-22 18:41:07,2025-12-22T18:41:07,61.12,1.0,SetByAsk
2025-12-22 18:41:12,2025-12-22T18:41:12,61.13,1.0,SetByBid
2025-12-22 18:41:12,2025-12-22T18:41:12,61.13,1.0,SetByBid
2025-12-22 18:41:14,2025-12-22T18:41:14,61.13,1.0,SetByAsk
2025-12-22 18:41:14,2025-12-22T18:41:14,61.13,1.0,SetByAsk
2025-12-22 18:41:21,2025-12-22T18:41:21,61.15,1.0,SetByBid
2025-12-22 18:41:21,2025-12-22T18:41:21,61.15,2.0,SetByAsk
2025-12-22 18:41:21,2025-12-22T18:41:21,61.15,1.0,SetByAsk
2025-12-22 18:41:21,2025-12-22T18:41:21,61.15,1.0,SetByBid
2025-12-22 18:41:22,2025-12-22T18:41:22,61.15,1.0,SetByBid
2025-12-22 18:41:22,2025-12-22T18:41:22,61.15,1.0,SetByBid
2025-12-22 18:41:22,2025-12-22T18:41:22,61.15,1.0,SetByAsk
2025-12-22 18:41:22,2025-12-22T18:41:22,61.15,1.0,SetByAsk
2025-12-22 18:41:22,2025-12-22T18:41:22,61.15,1.0,SetByBid
2025-12-22 18:41:23,2025-12-22T18:41:23,61.15,1.0,SetByAsk
2025-12-22 18:41:23,2025-12-22T18:41:23,61.15,1.0,SetByAsk
2025-12-22 18:41:23,2025-12-22T18:41:23,61.15,1.0,SetByAsk
2025-12-22 18:41:23,2025-12-22T18:41:23,61.15,1.0,SetByAsk
2025-12-22 18:41:34,2025-12-22T18:41:34,61.16,1.0,SetByAsk
2025-12-22 18:41:34,2025-12-22T18:41:34,61.16,1.0,SetByAsk
2025-12-22 18:41:38,2025-12-22T18:41:38,61.15,1.0,SetByAsk
2025-12-22 18:41:38,2025-12-22T18:41:38,61.15,2.0,SetByAsk
2025-12-22 18:41:38,2025-12-22T18:41:38,61.15,1.0,SetByAsk
2025-12-22 18:41:39,2025-12-22T18:41:39,61.15,1.0,SetByAsk
2025-12-22 18:41:42,2025-12-22T18:41:42,61.14,1.0,SetByAsk
2025-12-22 18:41:42,2025-12-22T18:41:42,61.14,1.0,SetByAsk
2025-12-22 18:41:45,2025-12-22T18:41:45,61.13,1.0,SetByAsk
2025-12-22 18:41:47,2025-12-22T18:41:47,61.12,1.0,SetByAsk
2025-12-22 18:41:47,2025-12-22T18:41:47,61.12,2.0,SetByAsk
2025-12-22 18:41:47,2025-12-22T18:41:47,61.12,1.0,SetByAsk
2025-12-22 18:41:47,2025-12-22T18:41:47,61.12,1.0,SetByAsk
2025-12-22 18:41:47,2025-12-22T18:41:47,61.12,1.0,SetByBid
2025-12-22 18:41:48,2025-12-22T18:41:48,61.13,1.0,SetByBid
2025-12-22 18:41:50,2025-12-22T18:41:50,61.12,1.0,SetByBid
2025-12-22 18:41:50,2025-12-22T18:41:50,61.12,1.0,SetByBid
2025-12-22 18:41:59,2025-12-22T18:41:59,61.13,1.0,SetByBid
2025-12-22 18:42:01,2025-12-22T18:42:01,61.14,1.0,SetByAsk
2025-12-22 18:42:01,2025-12-22T18:42:01,61.14,1.0,SetByAsk
2025-12-22 18:42:08,2025-12-22T18:42:08,61.15,1.0,SetByBid
2025-12-22 18:42:10,2025-12-22T18:42:10,61.16,1.0,SetByBid
2025-12-22 18:42:12,2025-12-22T18:42:12,61.15,1.0,SetByAsk
2025-12-22 18:42:12,2025-12-22T18:42:12,61.15,1.0,SetByAsk
2025-12-22 18:42:12,2025-12-22T18:42:12,61.15,1.0,SetByAsk
2025-12-22 18:42:12,2025-12-22T18:42:12,61.15,1.0,SetByAsk
2025-12-22 18:42:12,2025-12-22T18:42:12,61.15,1.0,SetByAsk
2025-12-22 18:42:23,2025-12-22T18:42:23,61.15,1.0,SetByAsk
2025-12-22 18:42:23,2025-12-22T18:42:23,61.15,1.0,SetByAsk
2025-12-22 18:42:23,2025-12-22T18:42:23,61.15,1.0,SetByAsk
2025-12-22 18:42:44,2025-12-22T18:42:44,61.17,1.0,SetByBid
2025-12-22 18:42:50,2025-12-22T18:42:50,61.16,1.0,SetByAsk
2025-12-22 18:42:50,2025-12-22T18:42:50,61.16,1.0,SetByAsk
2025-12-22 18:42:50,2025-12-22T18:42:50,61.16,1.0,SetByAsk
2025-12-22 18:42:50,2025-12-22T18:42:50,61.16,1.0,SetByAsk
2025-12-22 18:42:50,2025-12-22T18:42:50,61.16,1.0,SetByAsk
2025-12-22 18:42:51,2025-12-22T18:42:51,61.16,1.0,SetByAsk
2025-12-22 18:42:55,2025-12-22T18:42:55,61.15,1.0,SetByAsk
2025-12-22 18:42:56,2025-12-22T18:42:56,61.15,1.0,SetByAsk
2025-12-22 18:42:56,2025-12-22T18:42:56,61.15,1.0,SetByAsk
2025-12-22 18:42:57,2025-12-22T18:42:57,61.15,1.0,SetByAsk
2025-12-22 18:42:57,2025-12-22T18:42:57,61.15,1.0,SetByAsk
2025-12-22 18:42:57,2025-12-22T18:42:57,61.15,1.0,SetByAsk
2025-12-22 18:42:57,2025-12-22T18:42:57,61.15,1.0,SetByAsk
2025-12-22 18:42:59,2025-12-22T18:42:59,61.15,1.0,SetByAsk
2025-12-22 18:42:59,2025-12-22T18:42:59,61.15,1.0,SetByAsk
2025-12-22 18:42:59,2025-12-22T18:42:59,61.15,1.0,SetByAsk
2025-12-22 18:42:59,2025-12-22T18:42:59,61.15,1.0,SetByAsk
2025-12-22 18:42:59,2025-12-22T18:42:59,61.15,1.0,SetByAsk
2025-12-22 18:43:00,2025-12-22T18:43:00,61.15,1.0,SetByBid
2025-12-22 18:43:00,2025-12-22T18:43:00,61.15,1.0,SetByBid
2025-12-22 18:43:00,2025-12-22T18:43:00,61.15,1.0,SetByBid
2025-12-22 18:43:00,2025-12-22T18:43:00,61.15,1.0,SetByBid
2025-12-22 18:43:02,2025-12-22T18:43:02,61.15,1.0,SetByAsk
2025-12-22 18:43:02,2025-12-22T18:43:02,61.15,1.0,SetByAsk
2025-12-22 18:43:03,2025-12-22T18:43:03,61.14,1.0,SetByBid
2025-12-22 18:43:03,2025-12-22T18:43:03,61.14,1.0,SetByBid
2025-12-22 18:43:03,2025-12-22T18:43:03,61.14,6.0,SetByBid
2025-12-22 18:43:03,2025-12-22T18:43:03,61.14,1.0,SetByBid
2025-12-22 18:43:03,2025-12-22T18:43:03,61.14,1.0,SetByBid
2025-12-22 18:43:06,2025-12-22T18:43:06,61.13,1.0,SetByBid
2025-12-22 18:43:19,2025-12-22T18:43:19,61.14,1.0,SetByBid
2025-12-22 18:43:22,2025-12-22T18:43:22,61.14,1.0,SetByBid
2025-12-22 18:43:22,2025-12-22T18:43:22,61.14,2.0,SetByBid
2025-12-22 18:43:22,2025-12-22T18:43:22,61.14,1.0,SetByBid
2025-12-22 18:43:22,2025-12-22T18:43:22,61.14,1.0,SetByBid
2025-12-22 18:43:22,2025-12-22T18:43:22,61.14,1.0,SetByBid
2025-12-22 18:43:22,2025-12-22T18:43:22,61.14,1.0,SetByBid
2025-12-22 18:43:22,2025-12-22T18:43:22,61.14,1.0,SetByBid
2025-12-22 18:43:40,2025-12-22T18:43:40,61.14,1.0,SetByBid
2025-12-22 18:43:46,2025-12-22T18:43:46,61.15,1.0,SetByBid
2025-12-22 18:43:52,2025-12-22T18:43:52,61.14,1.0,SetByAsk
2025-12-22 18:43:52,2025-12-22T18:43:52,61.14,1.0,SetByAsk
2025-12-22 18:43:52,2025-12-22T18:43:52,61.14,1.0,SetByAsk
2025-12-22 18:43:52,2025-12-22T18:43:52,61.14,1.0,SetByAsk
2025-12-22 18:43:58,2025-12-22T18:43:58,61.13,1.0,SetByAsk
2025-12-22 18:43:58,2025-12-22T18:43:58,61.13,1.0,SetByAsk
2025-12-22 18:43:58,2025-12-22T18:43:58,61.13,1.0,SetByAsk
2025-12-22 18:43:58,2025-12-22T18:43:58,61.13,1.0,SetByBid
2025-12-22 18:43:58,2025-12-22T18:43:58,61.13,1.0,SetByBid
2025-12-22 18:43:58,2025-12-22T18:43:58,61.13,1.0,SetByBid
2025-12-22 18:44:07,2025-12-22T18:44:07,61.12,1.0,SetByAsk
2025-12-22 18:44:07,2025-12-22T18:44:07,61.12,1.0,SetByBid
2025-12-22 18:44:08,2025-12-22T18:44:08,61.12,1.0,SetByAsk
2025-12-22 18:44:08,2025-12-22T18:44:08,61.12,1.0,SetByAsk
2025-12-22 18:44:08,2025-12-22T18:44:08,61.12,1.0,SetByAsk
2025-12-22 18:44:08,2025-12-22T18:44:08,61.12,1.0,SetByAsk
2025-12-22 18:44:20,2025-12-22T18:44:20,61.13,1.0,SetByBid
2025-12-22 18:44:26,2025-12-22T18:44:26,61.12,1.0,SetByBid
2025-12-22 18:44:35,2025-12-22T18:44:35,61.13,1.0,SetByBid
2025-12-22 18:44:37,2025-12-22T18:44:37,61.13,1.0,SetByBid
2025-12-22 18:44:39,2025-12-22T18:44:39,61.11,1.0,SetByAsk
2025-12-22 18:44:57,2025-12-22T18:44:57,61.1,1.0,SetByAsk
2025-12-22 18:44:57,2025-12-22T18:44:57,61.1,1.0,SetByAsk
2025-12-22 18:44:58,2025-12-22T18:44:58,61.1,1.0,SetByBid
2025-12-22 18:44:58,2025-12-22T18:44:58,61.1,1.0,SetByBid
2025-12-22 18:44:58,2025-12-22T18:44:58,61.1,1.0,SetByAsk
2025-12-22 18:45:00,2025-12-22T18:45:00,61.1,1.0,SetByAsk
2025-12-22 18:45:00,2025-12-22T18:45:00,61.1,1.0,SetByAsk
2025-12-22 18:45:01,2025-12-22T18:45:01,61.1,1.0,SetByBid
2025-12-22 18:45:01,2025-12-22T18:45:01,61.11,1.0,SetByBid
2025-12-22 18:45:08,2025-12-22T18:45:08,61.12,1.0,SetByBid
2025-12-22 18:45:12,2025-12-22T18:45:12,61.12,1.0,SetByAsk
2025-12-22 18:45:12,2025-12-22T18:45:12,61.12,2.0,SetByAsk
2025-12-22 18:45:12,2025-12-22T18:45:12,61.12,1.0,SetByAsk
2025-12-22 18:45:12,2025-12-22T18:45:12,61.12,1.0,SetByAsk
2025-12-22 18:45:12,2025-12-22T18:45:12,61.12,1.0,SetByBid
2025-12-22 18:45:13,2025-12-22T18:45:13,61.13,1.0,SetByBid
2025-12-22 18:45:21,2025-12-22T18:45:21,61.13,1.0,SetByBid
2025-12-22 18:45:24,2025-12-22T18:45:24,61.13,1.0,SetByAsk
2025-12-22 18:45:24,2025-12-22T18:45:24,61.13,1.0,SetByAsk
2025-12-22 18:45:24,2025-12-22T18:45:24,61.13,1.0,SetByAsk
2025-12-22 18:45:24,2025-12-22T18:45:24,61.13,1.0,SetByAsk
2025-12-22 18:45:24,2025-12-22T18:45:24,61.13,1.0,SetByAsk
2025-12-22 18:45:24,2025-12-22T18:45:24,61.13,4.0,SetByBid
2025-12-22 18:45:24,2025-12-22T18:45:24,61.13,4.0,SetByBid
2025-12-22 18:45:24,2025-12-22T18:45:24,61.13,1.0,SetByBid
2025-12-22 18:45:24,2025-12-22T18:45:24,61.13,1.0,SetByBid
2025-12-22 18:45:24,2025-12-22T18:45:24,61.13,1.0,SetByBid
2025-12-22 18:45:24,2025-12-22T18:45:24,61.13,5.0,SetByBid
2025-12-22 18:45:24,2025-12-22T18:45:24,61.13,1.0,SetByBid
2025-12-22 18:45:24,2025-12-22T18:45:24,61.13,1.0,SetByBid
2025-12-22 18:45:25,2025-12-22T18:45:25,61.13,1.0,SetByBid
2025-12-22 18:45:25,2025-12-22T18:45:25,61.13,1.0,SetByBid
2025-12-22 18:45:25,2025-12-22T18:45:25,61.13,1.0,SetByBid
2025-12-22 18:45:25,2025-12-22T18:45:25,61.13,1.0,SetByBid
2025-12-22 18:45:25,2025-12-22T18:45:25,61.13,1.0,SetByBid
2025-12-22 18:45:27,2025-12-22T18:45:27,61.13,2.0,SetByBid
2025-12-22 18:45:27,2025-12-22T18:45:27,61.13,1.0,SetByBid
2025-12-22 18:45:28,2025-12-22T18:45:28,61.13,1.0,SetByBid
2025-12-22 18:45:28,2025-12-22T18:45:28,61.13,1.0,SetByBid
2025-12-22 18:45:30,2025-12-22T18:45:30,61.13,1.0,SetByBid
2025-12-22 18:45:30,2025-12-22T18:45:30,61.13,1.0,SetByBid
2025-12-22 18:45:30,2025-12-22T18:45:30,61.13,1.0,SetByBid
2025-12-22 18:45:39,2025-12-22T18:45:39,61.13,1.0,SetByBid
2025-12-22 18:45:39,2025-12-22T18:45:39,61.13,1.0,SetByBid
2025-12-22 18:45:40,2025-12-22T18:45:40,61.12,1.0,SetByAsk
2025-12-22 18:45:40,2025-12-22T18:45:40,61.13,1.0,SetByBid
2025-12-22 18:45:42,2025-12-22T18:45:42,61.13,2.0,SetByBid
2025-12-22 18:45:42,2025-12-22T18:45:42,61.13,1.0,SetByBid
2025-12-22 18:45:43,2025-12-22T18:45:43,61.13,1.0,SetByBid
2025-12-22 18:45:43,2025-12-22T18:45:43,61.13,1.0,SetByBid
2025-12-22 18:45:43,2025-12-22T18:45:43,61.13,1.0,SetByBid
2025-12-22 18:45:43,2025-12-22T18:45:43,61.13,1.0,SetByBid
2025-12-22 18:45:43,2025-12-22T18:45:43,61.13,1.0,SetByBid
2025-12-22 18:45:44,2025-12-22T18:45:44,61.13,1.0,SetByBid
2025-12-22 18:45:44,2025-12-22T18:45:44,61.13,1.0,SetByBid
2025-12-22 18:45:44,2025-12-22T18:45:44,61.13,1.0,SetByBid
2025-12-22 18:45:44,2025-12-22T18:45:44,61.13,1.0,SetByBid
2025-12-22 18:45:50,2025-12-22T18:45:50,61.13,1.0,SetByAsk
2025-12-22 18:45:50,2025-12-22T18:45:50,61.13,1.0,SetByAsk
2025-12-22 18:45:53,2025-12-22T18:45:53,61.13,1.0,SetByAsk
2025-12-22 18:45:53,2025-12-22T18:45:53,61.13,1.0,SetByAsk
2025-12-22 18:45:53,2025-12-22T18:45:53,61.13,1.0,SetByAsk
2025-12-22 18:45:53,2025-12-22T18:45:53,61.13,1.0,SetByAsk
2025-12-22 18:45:53,2025-12-22T18:45:53,61.13,1.0,SetByBid
2025-12-22 18:45:53,2025-12-22T18:45:53,61.12,1.0,SetByAsk
2025-12-22 18:45:54,2025-12-22T18:45:54,61.12,1.0,SetByAsk
2025-12-22 18:45:54,2025-12-22T18:45:54,61.12,1.0,SetByAsk
2025-12-22 18:45:54,2025-12-22T18:45:54,61.12,1.0,SetByAsk
2025-12-22 18:45:54,2025-12-22T18:45:54,61.12,1.0,SetByAsk
2025-12-22 18:45:54,2025-12-22T18:45:54,61.13,1.0,SetByBid
2025-12-22 18:45:54,2025-12-22T18:45:54,61.12,1.0,SetByAsk
2025-12-22 18:45:55,2025-12-22T18:45:55,61.12,1.0,SetByAsk
2025-12-22 18:45:55,2025-12-22T18:45:55,61.12,1.0,SetByAsk
2025-12-22 18:45:55,2025-12-22T18:45:55,61.12,1.0,SetByAsk
2025-12-22 18:45:55,2025-12-22T18:45:55,61.12,1.0,SetByAsk
2025-12-22 18:46:00,2025-12-22T18:46:00,61.11,1.0,SetByBid
2025-12-22 18:46:09,2025-12-22T18:46:09,61.15,1.0,SetByBid
2025-12-22 18:46:22,2025-12-22T18:46:22,61.16,1.0,SetByAsk
2025-12-22 18:46:22,2025-12-22T18:46:22,61.16,2.0,SetByAsk
2025-12-22 18:46:22,2025-12-22T18:46:22,61.16,1.0,SetByAsk
2025-12-22 18:46:22,2025-12-22T18:46:22,61.16,1.0,SetByAsk
2025-12-22 18:46:51,2025-12-22T18:46:51,61.14,1.0,SetByAsk
2025-12-22 18:46:51,2025-12-22T18:46:51,61.14,1.0,SetByAsk
2025-12-22 18:46:51,2025-12-22T18:46:51,61.14,1.0,SetByAsk
2025-12-22 18:46:51,2025-12-22T18:46:51,61.14,1.0,SetByBid
2025-12-22 18:47:00,2025-12-22T18:47:00,61.15,1.0,SetByAsk
2025-12-22 18:47:00,2025-12-22T18:47:00,61.15,1.0,SetByAsk
2025-12-22 18:47:00,2025-12-22T18:47:00,61.14,1.0,SetByAsk
2025-12-22 18:47:00,2025-12-22T18:47:00,61.14,1.0,SetByBid
2025-12-22 18:47:00,2025-12-22T18:47:00,61.14,1.0,SetByBid
2025-12-22 18:47:00,2025-12-22T18:47:00,61.14,1.0,SetByBid
2025-12-22 18:47:00,2025-12-22T18:47:00,61.14,1.0,SetByBid
2025-12-22 18:47:00,2025-12-22T18:47:00,61.14,1.0,SetByBid
2025-12-22 18:47:18,2025-12-22T18:47:18,61.14,1.0,SetByAsk
2025-12-22 18:47:32,2025-12-22T18:47:32,61.13,1.0,SetByAsk
2025-12-22 18:47:32,2025-12-22T18:47:32,61.13,1.0,SetByAsk
2025-12-22 18:47:35,2025-12-22T18:47:35,61.11,1.0,SetByAsk
2025-12-22 18:47:35,2025-12-22T18:47:35,61.11,1.0,SetByAsk
2025-12-22 18:47:35,2025-12-22T18:47:35,61.11,1.0,SetByAsk
2025-12-22 18:47:35,2025-12-22T18:47:35,61.11,2.0,SetByAsk
2025-12-22 18:47:35,2025-12-22T18:47:35,61.11,2.0,SetByAsk
2025-12-22 18:47:35,2025-12-22T18:47:35,61.11,1.0,SetByAsk
2025-12-22 18:47:35,2025-12-22T18:47:35,61.11,1.0,SetByAsk
2025-12-22 18:47:35,2025-12-22T18:47:35,61.11,1.0,SetByAsk
2025-12-22 18:47:35,2025-12-22T18:47:35,61.11,1.0,SetByAsk
2025-12-22 18:47:35,2025-12-22T18:47:35,61.11,1.0,SetByAsk
2025-12-22 18:47:35,2025-12-22T18:47:35,61.11,1.0,SetByAsk
2025-12-22 18:47:35,2025-12-22T18:47:35,61.11,1.0,SetByAsk
2025-12-22 18:47:35,2025-12-22T18:47:35,61.11,1.0,SetByAsk
2025-12-22 18:47:35,2025-12-22T18:47:35,61.11,1.0,SetByAsk
2025-12-22 18:47:35,2025-12-22T18:47:35,61.11,1.0,SetByAsk
2025-12-22 18:47:35,2025-12-22T18:47:35,61.11,1.0,SetByBid
2025-12-22 18:47:35,2025-12-22T18:47:35,61.11,2.0,SetByBid
2025-12-22 18:47:35,2025-12-22T18:47:35,61.11,2.0,SetByAsk
2025-12-22 18:47:35,2025-12-22T18:47:35,61.11,2.0,SetByAsk
2025-12-22 18:47:35,2025-12-22T18:47:35,61.11,1.0,SetByAsk
2025-12-22 18:47:35,2025-12-22T18:47:35,61.11,1.0,SetByAsk
2025-12-22 18:47:35,2025-12-22T18:47:35,61.11,1.0,SetByBid
2025-12-22 18:47:35,2025-12-22T18:47:35,61.11,1.0,SetByBid
2025-12-22 18:47:35,2025-12-22T18:47:35,61.11,1.0,SetByBid
2025-12-22 18:47:35,2025-12-22T18:47:35,61.11,1.0,SetByBid
2025-12-22 18:47:37,2025-12-22T18:47:37,61.1,2.0,SetByAsk
2025-12-22 18:47:37,2025-12-22T18:47:37,61.1,1.0,SetByAsk
2025-12-22 18:47:37,2025-12-22T18:47:37,61.1,1.0,SetByAsk
2025-12-22 18:47:37,2025-12-22T18:47:37,61.1,1.0,SetByAsk
2025-12-22 18:47:37,2025-12-22T18:47:37,61.1,1.0,SetByAsk
2025-12-22 18:47:37,2025-12-22T18:47:37,61.1,2.0,SetByAsk
2025-12-22 18:47:37,2025-12-22T18:47:37,61.1,1.0,SetByAsk
2025-12-22 18:47:37,2025-12-22T18:47:37,61.1,1.0,SetByAsk
2025-12-22 18:47:37,2025-12-22T18:47:37,61.1,1.0,SetByAsk
2025-12-22 18:47:37,2025-12-22T18:47:37,61.1,1.0,SetByAsk
2025-12-22 18:47:37,2025-12-22T18:47:37,61.1,1.0,SetByAsk
2025-12-22 18:47:37,2025-12-22T18:47:37,61.1,1.0,SetByAsk
2025-12-22 18:47:37,2025-12-22T18:47:37,61.1,1.0,SetByAsk
2025-12-22 18:47:37,2025-12-22T18:47:37,61.12,1.0,SetByBid
2025-12-22 18:47:37,2025-12-22T18:47:37,61.12,1.0,SetByBid
2025-12-22 18:47:55,2025-12-22T18:47:55,61.12,1.0,SetByAsk
2025-12-22 18:47:55,2025-12-22T18:47:55,61.13,1.0,SetByBid
2025-12-22 18:48:06,2025-12-22T18:48:06,61.12,1.0,SetByAsk
2025-12-22 18:48:09,2025-12-22T18:48:09,61.12,1.0,SetByBid
2025-12-22 18:48:14,2025-12-22T18:48:14,61.12,1.0,SetByBid
2025-12-22 18:48:14,2025-12-22T18:48:14,61.12,1.0,SetByBid
2025-12-22 18:48:14,2025-12-22T18:48:14,61.12,1.0,SetByAsk
2025-12-22 18:48:16,2025-12-22T18:48:16,61.12,1.0,SetByBid
2025-12-22 18:48:16,2025-12-22T18:48:16,61.12,1.0,SetByAsk
2025-12-22 18:48:16,2025-12-22T18:48:16,61.12,1.0,SetByAsk
2025-12-22 18:48:16,2025-12-22T18:48:16,61.12,1.0,SetByAsk
2025-12-22 18:48:17,2025-12-22T18:48:17,61.13,2.0,SetByBid
2025-12-22 18:48:17,2025-12-22T18:48:17,61.13,2.0,SetByBid
2025-12-22 18:48:24,2025-12-22T18:48:24,61.13,1.0,SetByBid
2025-12-22 18:48:24,2025-12-22T18:48:24,61.13,6.0,SetByBid
2025-12-22 18:48:39,2025-12-22T18:48:39,61.13,1.0,SetByBid
2025-12-22 18:48:44,2025-12-22T18:48:44,61.12,1.0,SetByBid
2025-12-22 18:48:44,2025-12-22T18:48:44,61.11,1.0,SetByBid
2025-12-22 18:48:44,2025-12-22T18:48:44,61.11,1.0,SetByAsk
2025-12-22 18:48:52,2025-12-22T18:48:52,61.1,1.0,SetByBid
2025-12-22 18:48:55,2025-12-22T18:48:55,61.09,1.0,SetByBid
2025-12-22 18:48:55,2025-12-22T18:48:55,61.08,1.0,SetByAsk
2025-12-22 18:48:55,2025-12-22T18:48:55,61.08,1.0,SetByAsk
2025-12-22 18:48:55,2025-12-22T18:48:55,61.08,1.0,SetByAsk
2025-12-22 18:48:55,2025-12-22T18:48:55,61.08,1.0,SetByAsk
2025-12-22 18:48:55,2025-12-22T18:48:55,61.08,1.0,SetByAsk
2025-12-22 18:48:55,2025-12-22T18:48:55,61.09,1.0,SetByBid
2025-12-22 18:48:55,2025-12-22T18:48:55,61.1,1.0,SetByBid
2025-12-22 18:48:57,2025-12-22T18:48:57,61.09,1.0,SetByBid
2025-12-22 18:48:57,2025-12-22T18:48:57,61.1,1.0,SetByBid
2025-12-22 18:48:57,2025-12-22T18:48:57,61.1,1.0,SetByBid
2025-12-22 18:49:02,2025-12-22T18:49:02,61.08,1.0,SetByBid
2025-12-22 18:49:03,2025-12-22T18:49:03,61.09,1.0,SetByBid
2025-12-22 18:49:03,2025-12-22T18:49:03,61.09,1.0,SetByBid
2025-12-22 18:49:04,2025-12-22T18:49:04,61.09,1.0,SetByBid
2025-12-22 18:49:04,2025-12-22T18:49:04,61.09,1.0,SetByBid
2025-12-22 18:49:04,2025-12-22T18:49:04,61.09,1.0,SetByAsk
2025-12-22 18:49:04,2025-12-22T18:49:04,61.09,1.0,SetByAsk
2025-12-22 18:49:04,2025-12-22T18:49:04,61.09,1.0,SetByBid
2025-12-22 18:49:10,2025-12-22T18:49:10,61.1,1.0,SetByBid
2025-12-22 18:49:10,2025-12-22T18:49:10,61.1,1.0,SetByBid
2025-12-22 18:49:10,2025-12-22T18:49:10,61.1,1.0,SetByBid
2025-12-22 18:49:10,2025-12-22T18:49:10,61.1,1.0,SetByBid
2025-12-22 18:49:10,2025-12-22T18:49:10,61.1,1.0,SetByAsk
2025-12-22 18:49:10,2025-12-22T18:49:10,61.1,1.0,SetByAsk
2025-12-22 18:49:10,2025-12-22T18:49:10,61.1,1.0,SetByAsk
2025-12-22 18:49:10,2025-12-22T18:49:10,61.1,1.0,SetByAsk
2025-12-22 18:49:10,2025-12-22T18:49:10,61.09,1.0,SetByAsk
2025-12-22 18:49:10,2025-12-22T18:49:10,61.09,1.0,SetByAsk
2025-12-22 18:49:10,2025-12-22T18:49:10,61.09,1.0,SetByAsk
2025-12-22 18:49:10,2025-12-22T18:49:10,61.11,1.0,SetByBid
2025-12-22 18:49:10,2025-12-22T18:49:10,61.09,1.0,SetByAsk
2025-12-22 18:49:10,2025-12-22T18:49:10,61.09,1.0,SetByAsk
2025-12-22 18:49:10,2025-12-22T18:49:10,61.09,1.0,SetByAsk
2025-12-22 18:49:10,2025-12-22T18:49:10,61.09,1.0,SetByAsk
2025-12-22 18:49:10,2025-12-22T18:49:10,61.09,1.0,SetByAsk
2025-12-22 18:49:11,2025-12-22T18:49:11,61.11,1.0,SetByBid
2025-12-22 18:49:11,2025-12-22T18:49:11,61.09,1.0,SetByAsk
2025-12-22 18:49:11,2025-12-22T18:49:11,61.09,1.0,SetByAsk
2025-12-22 18:49:11,2025-12-22T18:49:11,61.09,1.0,SetByAsk
2025-12-22 18:49:11,2025-12-22T18:49:11,61.09,1.0,SetByAsk
2025-12-22 18:49:11,2025-12-22T18:49:11,61.09,1.0,SetByAsk
2025-12-22 18:49:11,2025-12-22T18:49:11,61.09,1.0,SetByAsk
2025-12-22 18:49:11,2025-12-22T18:49:11,61.11,1.0,SetByBid
2025-12-22 18:49:15,2025-12-22T18:49:15,61.1,1.0,SetByAsk
2025-12-22 18:49:20,2025-12-22T18:49:20,61.08,2.0,SetByAsk
2025-12-22 18:49:20,2025-12-22T18:49:20,61.08,1.0,SetByAsk
2025-12-22 18:49:31,2025-12-22T18:49:31,61.09,1.0,SetByBid
2025-12-22 18:49:31,2025-12-22T18:49:31,61.09,1.0,SetByBid
2025-12-22 18:49:31,2025-12-22T18:49:31,61.09,1.0,SetByBid
2025-12-22 18:49:31,2025-12-22T18:49:31,61.09,2.0,SetByBid
2025-12-22 18:49:31,2025-12-22T18:49:31,61.09,1.0,SetByBid
2025-12-22 18:49:31,2025-12-22T18:49:31,61.09,1.0,SetByBid
2025-12-22 18:49:37,2025-12-22T18:49:37,61.09,1.0,SetByAsk
2025-12-22 18:49:42,2025-12-22T18:49:42,61.08,1.0,SetByAsk
2025-12-22 18:49:42,2025-12-22T18:49:42,61.08,1.0,SetByAsk
2025-12-22 18:49:55,2025-12-22T18:49:55,61.1,1.0,SetByBid
2025-12-22 18:49:55,2025-12-22T18:49:55,61.1,1.0,SetByBid
2025-12-22 18:49:55,2025-12-22T18:49:55,61.09,1.0,SetByAsk
2025-12-22 18:50:08,2025-12-22T18:50:08,61.11,1.0,SetByBid
2025-12-22 18:50:08,2025-12-22T18:50:08,61.1,1.0,SetByAsk
2025-12-22 18:50:08,2025-12-22T18:50:08,61.1,1.0,SetByAsk
2025-12-22 18:50:08,2025-12-22T18:50:08,61.1,2.0,SetByAsk
2025-12-22 18:50:10,2025-12-22T18:50:10,61.1,1.0,SetByBid
2025-12-22 18:50:21,2025-12-22T18:50:21,61.11,1.0,SetByBid
2025-12-22 18:50:21,2025-12-22T18:50:21,61.11,1.0,SetByBid
2025-12-22 18:50:21,2025-12-22T18:50:21,61.11,1.0,SetByBid
2025-12-22 18:50:27,2025-12-22T18:50:27,61.11,9.0,SetByBid
2025-12-22 18:50:27,2025-12-22T18:50:27,61.11,1.0,SetByBid
2025-12-22 18:50:28,2025-12-22T18:50:28,61.11,1.0,SetByAsk
2025-12-22 18:50:29,2025-12-22T18:50:29,61.11,1.0,SetByAsk
2025-12-22 18:50:29,2025-12-22T18:50:29,61.11,1.0,SetByAsk
2025-12-22 18:50:29,2025-12-22T18:50:29,61.11,1.0,SetByAsk
2025-12-22 18:50:29,2025-12-22T18:50:29,61.11,1.0,SetByAsk
2025-12-22 18:50:29,2025-12-22T18:50:29,61.11,1.0,SetByAsk
2025-12-22 18:50:29,2025-12-22T18:50:29,61.11,1.0,SetByAsk
2025-12-22 18:50:29,2025-12-22T18:50:29,61.1,1.0,SetByAsk
2025-12-22 18:50:29,2025-12-22T18:50:29,61.1,1.0,SetByAsk
2025-12-22 18:50:29,2025-12-22T18:50:29,61.1,1.0,SetByAsk
2025-12-22 18:50:29,2025-12-22T18:50:29,61.1,2.0,SetByAsk
2025-12-22 18:50:29,2025-12-22T18:50:29,61.1,1.0,SetByAsk
2025-12-22 18:50:29,2025-12-22T18:50:29,61.1,1.0,SetByAsk
2025-12-22 18:50:29,2025-12-22T18:50:29,61.1,1.0,SetByAsk
2025-12-22 18:50:29,2025-12-22T18:50:29,61.1,1.0,SetByAsk
2025-12-22 18:50:29,2025-12-22T18:50:29,61.1,1.0,SetByAsk
2025-12-22 18:50:29,2025-12-22T18:50:29,61.1,1.0,SetByAsk
2025-12-22 18:50:29,2025-12-22T18:50:29,61.1,1.0,SetByAsk
2025-12-22 18:50:29,2025-12-22T18:50:29,61.1,1.0,SetByBid
2025-12-22 18:50:29,2025-12-22T18:50:29,61.1,1.0,SetByBid
2025-12-22 18:50:29,2025-12-22T18:50:29,61.1,1.0,SetByBid
2025-12-22 18:50:29,2025-12-22T18:50:29,61.1,1.0,SetByBid
2025-12-22 18:50:29,2025-12-22T18:50:29,61.1,1.0,SetByBid
2025-12-22 18:50:29,2025-12-22T18:50:29,61.11,1.0,SetByBid
2025-12-22 18:50:29,2025-12-22T18:50:29,61.11,1.0,SetByAsk
2025-12-22 18:50:29,2025-12-22T18:50:29,61.11,1.0,SetByAsk
2025-12-22 18:50:29,2025-12-22T18:50:29,61.1,1.0,SetByAsk
2025-12-22 18:50:29,2025-12-22T18:50:29,61.1,1.0,SetByAsk
2025-12-22 18:50:29,2025-12-22T18:50:29,61.1,1.0,SetByAsk
2025-12-22 18:50:29,2025-12-22T18:50:29,61.1,1.0,SetByAsk
2025-12-22 18:50:29,2025-12-22T18:50:29,61.1,1.0,SetByAsk
2025-12-22 18:50:29,2025-12-22T18:50:29,61.1,1.0,SetByAsk
2025-12-22 18:50:29,2025-12-22T18:50:29,61.1,1.0,SetByAsk
2025-12-22 18:50:29,2025-12-22T18:50:29,61.1,1.0,SetByAsk
2025-12-22 18:50:29,2025-12-22T18:50:29,61.1,1.0,SetByBid
2025-12-22 18:50:29,2025-12-22T18:50:29,61.1,1.0,SetByAsk
2025-12-22 18:50:29,2025-12-22T18:50:29,61.11,1.0,SetByAsk
2025-12-22 18:50:29,2025-12-22T18:50:29,61.1,1.0,SetByAsk
2025-12-22 18:50:29,2025-12-22T18:50:29,61.1,1.0,SetByAsk
2025-12-22 18:50:29,2025-12-22T18:50:29,61.1,2.0,SetByAsk
2025-12-22 18:50:29,2025-12-22T18:50:29,61.1,1.0,SetByAsk
2025-12-22 18:50:29,2025-12-22T18:50:29,61.1,1.0,SetByAsk
2025-12-22 18:50:29,2025-12-22T18:50:29,61.1,1.0,SetByBid
2025-12-22 18:50:29,2025-12-22T18:50:29,61.1,1.0,SetByAsk
2025-12-22 18:50:29,2025-12-22T18:50:29,61.1,1.0,SetByAsk
2025-12-22 18:50:29,2025-12-22T18:50:29,61.1,1.0,SetByAsk
2025-12-22 18:50:29,2025-12-22T18:50:29,61.1,1.0,SetByAsk
2025-12-22 18:50:29,2025-12-22T18:50:29,61.1,2.0,SetByBid
2025-12-22 18:50:29,2025-12-22T18:50:29,61.11,1.0,SetByBid
2025-12-22 18:50:29,2025-12-22T18:50:29,61.1,1.0,SetByAsk
2025-12-22 18:50:29,2025-12-22T18:50:29,61.1,2.0,SetByAsk
2025-12-22 18:50:29,2025-12-22T18:50:29,61.1,1.0,SetByBid
2025-12-22 18:50:29,2025-12-22T18:50:29,61.1,1.0,SetByBid
2025-12-22 18:50:29,2025-12-22T18:50:29,61.1,3.0,SetByBid
2025-12-22 18:50:29,2025-12-22T18:50:29,61.1,1.0,SetByAsk
2025-12-22 18:50:29,2025-12-22T18:50:29,61.11,1.0,SetByBid
2025-12-22 18:50:30,2025-12-22T18:50:30,61.1,1.0,SetByAsk
2025-12-22 18:50:30,2025-12-22T18:50:30,61.1,3.0,SetByBid
2025-12-22 18:50:30,2025-12-22T18:50:30,61.1,1.0,SetByBid
2025-12-22 18:50:30,2025-12-22T18:50:30,61.1,1.0,SetByBid
2025-12-22 18:50:30,2025-12-22T18:50:30,61.1,1.0,SetByBid
2025-12-22 18:50:30,2025-12-22T18:50:30,61.1,2.0,SetByBid
2025-12-22 18:50:30,2025-12-22T18:50:30,61.1,1.0,SetByBid
2025-12-22 18:50:30,2025-12-22T18:50:30,61.1,1.0,SetByBid
2025-12-22 18:50:30,2025-12-22T18:50:30,61.1,1.0,SetByBid
2025-12-22 18:50:30,2025-12-22T18:50:30,61.1,2.0,SetByBid
2025-12-22 18:50:30,2025-12-22T18:50:30,61.1,1.0,SetByBid
2025-12-22 18:50:30,2025-12-22T18:50:30,61.1,1.0,SetByAsk
2025-12-22 18:50:30,2025-12-22T18:50:30,61.1,1.0,SetByBid
2025-12-22 18:50:30,2025-12-22T18:50:30,61.1,1.0,SetByBid
2025-12-22 18:50:30,2025-12-22T18:50:30,61.1,1.0,SetByBid
2025-12-22 18:50:30,2025-12-22T18:50:30,61.1,1.0,SetByBid
2025-12-22 18:50:30,2025-12-22T18:50:30,61.11,1.0,SetByBid
2025-12-22 18:50:30,2025-12-22T18:50:30,61.11,1.0,SetByBid
2025-12-22 18:50:30,2025-12-22T18:50:30,61.11,1.0,SetByBid
2025-12-22 18:50:30,2025-12-22T18:50:30,61.11,1.0,SetByBid
2025-12-22 18:50:34,2025-12-22T18:50:34,61.09,1.0,SetByAsk
2025-12-22 18:50:34,2025-12-22T18:50:34,61.09,1.0,SetByAsk
2025-12-22 18:50:44,2025-12-22T18:50:44,61.07,1.0,SetByAsk
2025-12-22 18:50:44,2025-12-22T18:50:44,61.07,1.0,SetByAsk
2025-12-22 18:50:44,2025-12-22T18:50:44,61.06,1.0,SetByAsk
2025-12-22 18:50:45,2025-12-22T18:50:45,61.06,1.0,SetByBid
2025-12-22 18:50:45,2025-12-22T18:50:45,61.05,1.0,SetByAsk
2025-12-22 18:50:45,2025-12-22T18:50:45,61.06,1.0,SetByBid
2025-12-22 18:50:55,2025-12-22T18:50:55,61.05,1.0,SetByBid
2025-12-22 18:50:55,2025-12-22T18:50:55,61.05,1.0,SetByBid
2025-12-22 18:50:55,2025-12-22T18:50:55,61.05,1.0,SetByBid
2025-12-22 18:50:55,2025-12-22T18:50:55,61.05,1.0,SetByBid
2025-12-22 18:50:56,2025-12-22T18:50:56,61.05,1.0,SetByBid
2025-12-22 18:50:57,2025-12-22T18:50:57,61.05,2.0,SetByBid
2025-12-22 18:51:00,2025-12-22T18:51:00,61.06,1.0,SetByBid
2025-12-22 18:51:08,2025-12-22T18:51:08,61.06,1.0,SetByBid
2025-12-22 18:51:10,2025-12-22T18:51:10,61.05,1.0,SetByAsk
2025-12-22 18:51:10,2025-12-22T18:51:10,61.05,1.0,SetByAsk
2025-12-22 18:51:10,2025-12-22T18:51:10,61.05,1.0,SetByAsk
2025-12-22 18:51:10,2025-12-22T18:51:10,61.05,1.0,SetByAsk
2025-12-22 18:51:10,2025-12-22T18:51:10,61.05,1.0,SetByAsk
2025-12-22 18:51:10,2025-12-22T18:51:10,61.05,1.0,SetByAsk
2025-12-22 18:51:10,2025-12-22T18:51:10,61.04,1.0,SetByAsk
2025-12-22 18:51:10,2025-12-22T18:51:10,61.04,1.0,SetByAsk
2025-12-22 18:51:10,2025-12-22T18:51:10,61.04,1.0,SetByAsk
2025-12-22 18:51:10,2025-12-22T18:51:10,61.04,1.0,SetByAsk
2025-12-22 18:51:10,2025-12-22T18:51:10,61.06,1.0,SetByBid
2025-12-22 18:51:20,2025-12-22T18:51:20,61.07,1.0,SetByBid
2025-12-22 18:51:20,2025-12-22T18:51:20,61.07,1.0,SetByBid
2025-12-22 18:51:24,2025-12-22T18:51:24,61.08,1.0,SetByBid
2025-12-22 18:51:28,2025-12-22T18:51:28,61.07,1.0,SetByAsk
2025-12-22 18:51:29,2025-12-22T18:51:29,61.08,1.0,SetByBid
2025-12-22 18:51:29,2025-12-22T18:51:29,61.08,1.0,SetByBid
2025-12-22 18:51:29,2025-12-22T18:51:29,61.08,1.0,SetByBid
2025-12-22 18:51:30,2025-12-22T18:51:30,61.08,1.0,SetByBid
2025-12-22 18:51:30,2025-12-22T18:51:30,61.08,1.0,SetByBid
2025-12-22 18:51:30,2025-12-22T18:51:30,61.08,1.0,SetByBid
2025-12-22 18:51:30,2025-12-22T18:51:30,61.08,1.0,SetByBid
2025-12-22 18:51:30,2025-12-22T18:51:30,61.08,1.0,SetByBid
2025-12-22 18:51:30,2025-12-22T18:51:30,61.08,1.0,SetByBid
2025-12-22 18:51:30,2025-12-22T18:51:30,61.08,1.0,SetByBid
2025-12-22 18:51:30,2025-12-22T18:51:30,61.08,1.0,SetByBid
2025-12-22 18:51:30,2025-12-22T18:51:30,61.08,1.0,SetByBid
2025-12-22 18:51:31,2025-12-22T18:51:31,61.08,1.0,SetByBid
2025-12-22 18:51:31,2025-12-22T18:51:31,61.08,1.0,SetByBid
2025-12-22 18:51:31,2025-12-22T18:51:31,61.08,2.0,SetByBid
2025-12-22 18:51:31,2025-12-22T18:51:31,61.08,1.0,SetByBid
2025-12-22 18:51:31,2025-12-22T18:51:31,61.07,1.0,SetByAsk
2025-12-22 18:51:31,2025-12-22T18:51:31,61.08,1.0,SetByBid
2025-12-22 18:51:36,2025-12-22T18:51:36,61.08,1.0,SetByBid
2025-12-22 18:51:36,2025-12-22T18:51:36,61.08,1.0,SetByBid
2025-12-22 18:51:36,2025-12-22T18:51:36,61.08,1.0,SetByBid
2025-12-22 18:51:43,2025-12-22T18:51:43,61.06,1.0,SetByAsk
2025-12-22 18:51:43,2025-12-22T18:51:43,61.06,1.0,SetByAsk
2025-12-22 18:51:44,2025-12-22T18:51:44,61.06,1.0,SetByBid
2025-12-22 18:51:44,2025-12-22T18:51:44,61.06,1.0,SetByBid
2025-12-22 18:51:50,2025-12-22T18:51:50,61.06,1.0,SetByAsk
2025-12-22 18:51:50,2025-12-22T18:51:50,61.05,1.0,SetByAsk
2025-12-22 18:51:50,2025-12-22T18:51:50,61.05,1.0,SetByAsk
2025-12-22 18:51:50,2025-12-22T18:51:50,61.05,1.0,SetByAsk
2025-12-22 18:51:50,2025-12-22T18:51:50,61.05,1.0,SetByAsk
2025-12-22 18:51:50,2025-12-22T18:51:50,61.06,1.0,SetByBid
2025-12-22 18:52:00,2025-12-22T18:52:00,61.06,1.0,SetByBid
2025-12-22 18:52:05,2025-12-22T18:52:05,61.05,1.0,SetByAsk
2025-12-22 18:52:05,2025-12-22T18:52:05,61.05,1.0,SetByAsk
2025-12-22 18:52:05,2025-12-22T18:52:05,61.05,1.0,SetByAsk
2025-12-22 18:52:05,2025-12-22T18:52:05,61.05,1.0,SetByBid
2025-12-22 18:52:05,2025-12-22T18:52:05,61.04,1.0,SetByAsk
2025-12-22 18:52:05,2025-12-22T18:52:05,61.04,1.0,SetByAsk
2025-12-22 18:52:05,2025-12-22T18:52:05,61.04,1.0,SetByAsk
2025-12-22 18:52:12,2025-12-22T18:52:12,61.03,1.0,SetByAsk
2025-12-22 18:52:13,2025-12-22T18:52:13,61.04,1.0,SetByAsk
2025-12-22 18:52:13,2025-12-22T18:52:13,61.05,1.0,SetByBid
2025-12-22 18:52:17,2025-12-22T18:52:17,61.03,1.0,SetByAsk
2025-12-22 18:52:17,2025-12-22T18:52:17,61.03,1.0,SetByAsk
2025-12-22 18:52:20,2025-12-22T18:52:20,61.02,1.0,SetByAsk
2025-12-22 18:52:20,2025-12-22T18:52:20,61.02,1.0,SetByAsk
2025-12-22 18:52:32,2025-12-22T18:52:32,61.02,1.0,SetByAsk
2025-12-22 18:52:32,2025-12-22T18:52:32,61.02,1.0,SetByAsk
2025-12-22 18:52:32,2025-12-22T18:52:32,61.02,1.0,SetByAsk
2025-12-22 18:52:32,2025-12-22T18:52:32,61.03,1.0,SetByBid
2025-12-22 18:52:37,2025-12-22T18:52:37,60.98,1.0,SetByBid
2025-12-22 18:52:37,2025-12-22T18:52:37,60.98,1.0,SetByBid
2025-12-22 18:52:37,2025-12-22T18:52:37,60.98,1.0,SetByBid
2025-12-22 18:52:37,2025-12-22T18:52:37,60.97,2.0,SetByAsk
2025-12-22 18:52:37,2025-12-22T18:52:37,60.97,1.0,SetByAsk
2025-12-22 18:52:37,2025-12-22T18:52:37,60.97,1.0,SetByAsk
2025-12-22 18:52:37,2025-12-22T18:52:37,60.98,1.0,SetByBid
2025-12-22 18:52:37,2025-12-22T18:52:37,60.98,1.0,SetByBid
2025-12-22 18:52:37,2025-12-22T18:52:37,60.98,1.0,SetByBid
2025-12-22 18:52:37,2025-12-22T18:52:37,60.98,1.0,SetByBid
2025-12-22 18:52:37,2025-12-22T18:52:37,60.98,1.0,SetByAsk
2025-12-22 18:52:37,2025-12-22T18:52:37,60.98,2.0,SetByBid
2025-12-22 18:52:37,2025-12-22T18:52:37,60.99,1.0,SetByBid
2025-12-22 18:52:37,2025-12-22T18:52:37,60.99,1.0,SetByBid
2025-12-22 18:52:37,2025-12-22T18:52:37,60.99,1.0,SetByBid
2025-12-22 18:52:37,2025-12-22T18:52:37,60.99,1.0,SetByBid
2025-12-22 18:52:37,2025-12-22T18:52:37,60.99,1.0,SetByBid
2025-12-22 18:52:37,2025-12-22T18:52:37,60.99,1.0,SetByBid
2025-12-22 18:52:37,2025-12-22T18:52:37,61.0,1.0,SetByBid
2025-12-22 18:52:37,2025-12-22T18:52:37,61.0,1.0,SetByBid
2025-12-22 18:52:40,2025-12-22T18:52:40,61.0,1.0,SetByAsk
2025-12-22 18:52:40,2025-12-22T18:52:40,60.99,1.0,SetByAsk
2025-12-22 18:52:40,2025-12-22T18:52:40,60.99,1.0,SetByAsk
2025-12-22 18:52:40,2025-12-22T18:52:40,60.99,1.0,SetByAsk
2025-12-22 18:52:40,2025-12-22T18:52:40,60.99,1.0,SetByAsk
2025-12-22 18:52:40,2025-12-22T18:52:40,60.99,1.0,SetByAsk
2025-12-22 18:52:40,2025-12-22T18:52:40,60.99,2.0,SetByAsk
2025-12-22 18:52:40,2025-12-22T18:52:40,60.99,1.0,SetByBid
2025-12-22 18:52:40,2025-12-22T18:52:40,60.99,1.0,SetByBid
2025-12-22 18:52:40,2025-12-22T18:52:40,60.99,1.0,SetByBid
2025-12-22 18:52:43,2025-12-22T18:52:43,61.0,1.0,SetByBid
2025-12-22 18:52:43,2025-12-22T18:52:43,61.0,1.0,SetByBid
2025-12-22 18:52:44,2025-12-22T18:52:44,60.98,1.0,SetByAsk
2025-12-22 18:52:44,2025-12-22T18:52:44,60.98,1.0,SetByAsk
2025-12-22 18:52:44,2025-12-22T18:52:44,60.98,1.0,SetByAsk
2025-12-22 18:52:44,2025-12-22T18:52:44,60.98,1.0,SetByAsk
2025-12-22 18:52:44,2025-12-22T18:52:44,60.98,1.0,SetByAsk
2025-12-22 18:52:44,2025-12-22T18:52:44,60.98,1.0,SetByAsk
2025-12-22 18:52:44,2025-12-22T18:52:44,60.98,1.0,SetByAsk
2025-12-22 18:52:44,2025-12-22T18:52:44,60.98,1.0,SetByAsk
2025-12-22 18:52:44,2025-12-22T18:52:44,60.98,1.0,SetByAsk
2025-12-22 18:52:44,2025-12-22T18:52:44,60.98,1.0,SetByAsk
2025-12-22 18:52:44,2025-12-22T18:52:44,60.98,1.0,SetByAsk
2025-12-22 18:52:44,2025-12-22T18:52:44,60.98,1.0,SetByAsk
2025-12-22 18:52:44,2025-12-22T18:52:44,60.98,1.0,SetByAsk
2025-12-22 18:52:44,2025-12-22T18:52:44,60.99,1.0,SetByBid
2025-12-22 18:52:45,2025-12-22T18:52:45,60.98,1.0,SetByAsk
2025-12-22 18:52:45,2025-12-22T18:52:45,60.99,1.0,SetByBid
2025-12-22 18:52:45,2025-12-22T18:52:45,60.99,1.0,SetByBid
2025-12-22 18:52:45,2025-12-22T18:52:45,60.99,1.0,SetByBid
2025-12-22 18:52:47,2025-12-22T18:52:47,61.0,1.0,SetByBid
2025-12-22 18:52:47,2025-12-22T18:52:47,61.0,1.0,SetByBid
2025-12-22 18:52:48,2025-12-22T18:52:48,61.0,1.0,SetByBid
2025-12-22 18:52:48,2025-12-22T18:52:48,61.0,1.0,SetByBid
2025-12-22 18:52:50,2025-12-22T18:52:50,60.99,1.0,SetByAsk
2025-12-22 18:52:52,2025-12-22T18:52:52,60.97,1.0,SetByAsk
2025-12-22 18:52:52,2025-12-22T18:52:52,60.97,1.0,SetByBid
2025-12-22 18:52:52,2025-12-22T18:52:52,60.97,1.0,SetByBid
2025-12-22 18:52:52,2025-12-22T18:52:52,60.97,1.0,SetByBid
2025-12-22 18:52:52,2025-12-22T18:52:52,60.98,1.0,SetByBid
2025-12-22 18:52:52,2025-12-22T18:52:52,60.98,1.0,SetByBid
2025-12-22 18:52:52,2025-12-22T18:52:52,60.98,1.0,SetByBid
2025-12-22 18:52:52,2025-12-22T18:52:52,60.98,1.0,SetByBid
2025-12-22 18:52:52,2025-12-22T18:52:52,60.98,1.0,SetByBid
2025-12-22 18:52:52,2025-12-22T18:52:52,60.98,1.0,SetByBid
2025-12-22 18:52:52,2025-12-22T18:52:52,60.98,1.0,SetByBid
2025-12-22 18:52:52,2025-12-22T18:52:52,60.98,2.0,SetByBid
2025-12-22 18:52:52,2025-12-22T18:52:52,60.98,1.0,SetByAsk
2025-12-22 18:52:52,2025-12-22T18:52:52,60.98,1.0,SetByAsk
2025-12-22 18:52:52,2025-12-22T18:52:52,60.98,1.0,SetByBid
2025-12-22 18:52:53,2025-12-22T18:52:53,60.97,1.0,SetByAsk
2025-12-22 18:52:54,2025-12-22T18:52:54,60.97,1.0,SetByBid
2025-12-22 18:52:58,2025-12-22T18:52:58,60.96,1.0,SetByAsk
2025-12-22 18:52:59,2025-12-22T18:52:59,60.96,1.0,SetByAsk
2025-12-22 18:52:59,2025-12-22T18:52:59,60.96,1.0,SetByAsk
2025-12-22 18:52:59,2025-12-22T18:52:59,60.96,1.0,SetByAsk
2025-12-22 18:52:59,2025-12-22T18:52:59,60.96,1.0,SetByAsk
2025-12-22 18:52:59,2025-12-22T18:52:59,60.97,1.0,SetByBid
2025-12-22 18:52:59,2025-12-22T18:52:59,60.96,1.0,SetByAsk
2025-12-22 18:52:59,2025-12-22T18:52:59,60.96,1.0,SetByAsk
2025-12-22 18:52:59,2025-12-22T18:52:59,60.96,1.0,SetByAsk
2025-12-22 18:52:59,2025-12-22T18:52:59,60.96,1.0,SetByAsk
2025-12-22 18:52:59,2025-12-22T18:52:59,60.98,1.0,SetByBid
2025-12-22 18:53:00,2025-12-22T18:53:00,60.97,1.0,SetByBid
2025-12-22 18:53:05,2025-12-22T18:53:05,60.98,1.0,SetByBid
2025-12-22 18:53:10,2025-12-22T18:53:10,61.01,3.0,SetByBid
2025-12-22 18:53:10,2025-12-22T18:53:10,61.01,10.0,SetByBid
2025-12-22 18:53:10,2025-12-22T18:53:10,61.01,1.0,SetByBid
2025-12-22 18:53:10,2025-12-22T18:53:10,61.01,1.0,SetByBid
2025-12-22 18:53:10,2025-12-22T18:53:10,61.01,9.0,SetByBid
2025-12-22 18:53:13,2025-12-22T18:53:13,61.01,1.0,SetByAsk
2025-12-22 18:53:13,2025-12-22T18:53:13,61.01,1.0,SetByAsk
2025-12-22 18:53:13,2025-12-22T18:53:13,61.01,1.0,SetByAsk
2025-12-22 18:53:13,2025-12-22T18:53:13,61.01,1.0,SetByAsk
2025-12-22 18:53:13,2025-12-22T18:53:13,61.01,1.0,SetByBid
2025-12-22 18:53:13,2025-12-22T18:53:13,61.01,1.0,SetByBid
2025-12-22 18:53:18,2025-12-22T18:53:18,61.03,1.0,SetByBid
2025-12-22 18:53:18,2025-12-22T18:53:18,61.03,1.0,SetByBid
2025-12-22 18:53:18,2025-12-22T18:53:18,61.03,1.0,SetByBid
2025-12-22 18:53:18,2025-12-22T18:53:18,61.03,1.0,SetByBid
2025-12-22 18:53:24,2025-12-22T18:53:24,61.05,1.0,SetByBid
2025-12-22 18:53:25,2025-12-22T18:53:25,61.05,1.0,SetByAsk
2025-12-22 18:53:28,2025-12-22T18:53:28,61.06,1.0,SetByAsk
2025-12-22 18:53:28,2025-12-22T18:53:28,61.07,1.0,SetByBid
2025-12-22 18:53:36,2025-12-22T18:53:36,61.06,1.0,SetByBid
2025-12-22 18:53:36,2025-12-22T18:53:36,61.06,1.0,SetByBid
2025-12-22 18:53:37,2025-12-22T18:53:37,61.06,2.0,SetByAsk
2025-12-22 18:53:37,2025-12-22T18:53:37,61.06,1.0,SetByBid
2025-12-22 18:53:38,2025-12-22T18:53:38,61.06,1.0,SetByBid
2025-12-22 18:53:38,2025-12-22T18:53:38,61.06,1.0,SetByAsk
2025-12-22 18:53:44,2025-12-22T18:53:44,61.07,1.0,SetByBid
2025-12-22 18:53:48,2025-12-22T18:53:48,61.07,1.0,SetByBid
2025-12-22 18:53:50,2025-12-22T18:53:50,61.08,1.0,SetByBid
2025-12-22 18:53:58,2025-12-22T18:53:58,61.08,1.0,SetByBid
2025-12-22 18:53:58,2025-12-22T18:53:58,61.08,1.0,SetByBid
2025-12-22 18:54:08,2025-12-22T18:54:08,61.09,1.0,SetByBid
2025-12-22 18:54:15,2025-12-22T18:54:15,61.09,1.0,SetByBid
2025-12-22 18:54:23,2025-12-22T18:54:23,61.09,1.0,SetByBid
2025-12-22 18:54:23,2025-12-22T18:54:23,61.09,1.0,SetByBid
2025-12-22 18:54:23,2025-12-22T18:54:23,61.09,2.0,SetByAsk
2025-12-22 18:54:23,2025-12-22T18:54:23,61.09,1.0,SetByAsk
2025-12-22 18:54:24,2025-12-22T18:54:24,61.09,1.0,SetByBid
2025-12-22 18:54:32,2025-12-22T18:54:32,61.09,1.0,SetByBid
2025-12-22 18:54:32,2025-12-22T18:54:32,61.09,1.0,SetByBid
2025-12-22 18:54:34,2025-12-22T18:54:34,61.08,1.0,SetByAsk
2025-12-22 18:54:34,2025-12-22T18:54:34,61.08,1.0,SetByAsk
2025-12-22 18:54:34,2025-12-22T18:54:34,61.08,1.0,SetByAsk
2025-12-22 18:54:48,2025-12-22T18:54:48,61.09,1.0,SetByBid
2025-12-22 18:54:48,2025-12-22T18:54:48,61.09,1.0,SetByBid
2025-12-22 18:54:49,2025-12-22T18:54:49,61.09,1.0,SetByBid
2025-12-22 18:54:49,2025-12-22T18:54:49,61.09,1.0,SetByBid
2025-12-22 18:54:49,2025-12-22T18:54:49,61.09,1.0,SetByBid
2025-12-22 18:54:49,2025-12-22T18:54:49,61.09,1.0,SetByBid
2025-12-22 18:55:01,2025-12-22T18:55:01,61.09,1.0,SetByAsk
2025-12-22 18:55:01,2025-12-22T18:55:01,61.09,1.0,SetByAsk
2025-12-22 18:55:01,2025-12-22T18:55:01,61.09,1.0,SetByAsk
2025-12-22 18:55:01,2025-12-22T18:55:01,61.09,1.0,SetByBid
2025-12-22 18:55:03,2025-12-22T18:55:03,61.09,1.0,SetByBid
2025-12-22 18:55:04,2025-12-22T18:55:04,61.08,1.0,SetByAsk
2025-12-22 18:55:04,2025-12-22T18:55:04,61.08,1.0,SetByAsk
2025-12-22 18:55:07,2025-12-22T18:55:07,61.08,1.0,SetByBid
2025-12-22 18:55:07,2025-12-22T18:55:07,61.07,1.0,SetByBid
2025-12-22 18:55:07,2025-12-22T18:55:07,61.07,1.0,SetByBid
2025-12-22 18:55:09,2025-12-22T18:55:09,61.06,1.0,SetByAsk
2025-12-22 18:55:09,2025-12-22T18:55:09,61.06,1.0,SetByBid
2025-12-22 18:55:09,2025-12-22T18:55:09,61.06,1.0,SetByBid
2025-12-22 18:55:12,2025-12-22T18:55:12,61.06,1.0,SetByAsk
2025-12-22 18:55:23,2025-12-22T18:55:23,61.07,1.0,SetByBid
2025-12-22 18:55:42,2025-12-22T18:55:42,61.08,1.0,SetByBid
2025-12-22 18:55:44,2025-12-22T18:55:44,61.07,1.0,SetByAsk
2025-12-22 18:55:44,2025-12-22T18:55:44,61.07,1.0,SetByAsk
2025-12-22 18:55:44,2025-12-22T18:55:44,61.07,1.0,SetByAsk
2025-12-22 18:55:44,2025-12-22T18:55:44,61.07,1.0,SetByAsk
2025-12-22 18:55:44,2025-12-22T18:55:44,61.07,1.0,SetByAsk
2025-12-22 18:55:44,2025-12-22T18:55:44,61.07,1.0,SetByBid
2025-12-22 18:55:45,2025-12-22T18:55:45,61.07,1.0,SetByBid
2025-12-22 18:55:45,2025-12-22T18:55:45,61.07,1.0,SetByAsk
2025-12-22 18:55:46,2025-12-22T18:55:46,61.03,1.0,SetByBid
2025-12-22 18:55:46,2025-12-22T18:55:46,61.03,1.0,SetByBid
2025-12-22 18:55:46,2025-12-22T18:55:46,61.04,1.0,SetByBid
2025-12-22 18:55:46,2025-12-22T18:55:46,61.04,1.0,SetByBid
2025-12-22 18:55:46,2025-12-22T18:55:46,61.04,1.0,SetByBid
2025-12-22 18:55:46,2025-12-22T18:55:46,61.04,1.0,SetByBid
2025-12-22 18:55:46,2025-12-22T18:55:46,61.04,1.0,SetByBid
2025-12-22 18:55:46,2025-12-22T18:55:46,61.04,1.0,SetByBid
2025-12-22 18:55:46,2025-12-22T18:55:46,61.04,1.0,SetByBid
2025-12-22 18:55:46,2025-12-22T18:55:46,61.04,1.0,SetByBid
2025-12-22 18:55:46,2025-12-22T18:55:46,61.04,1.0,SetByBid
2025-12-22 18:55:49,2025-12-22T18:55:49,61.03,1.0,SetByBid
2025-12-22 18:55:49,2025-12-22T18:55:49,61.03,1.0,SetByBid
2025-12-22 18:55:49,2025-12-22T18:55:49,61.03,1.0,SetByBid
2025-12-22 18:55:49,2025-12-22T18:55:49,61.03,1.0,SetByBid
2025-12-22 18:55:49,2025-12-22T18:55:49,61.03,1.0,SetByBid
2025-12-22 18:55:49,2025-12-22T18:55:49,61.03,1.0,SetByBid
2025-12-22 18:55:49,2025-12-22T18:55:49,61.03,1.0,SetByBid
2025-12-22 18:55:49,2025-12-22T18:55:49,61.02,1.0,SetByBid
2025-12-22 18:55:49,2025-12-22T18:55:49,61.02,1.0,SetByBid
2025-12-22 18:55:49,2025-12-22T18:55:49,61.02,1.0,SetByBid
2025-12-22 18:55:49,2025-12-22T18:55:49,61.02,1.0,SetByBid
2025-12-22 18:55:49,2025-12-22T18:55:49,61.02,1.0,SetByBid
2025-12-22 18:55:49,2025-12-22T18:55:49,61.02,1.0,SetByBid
2025-12-22 18:55:49,2025-12-22T18:55:49,61.02,1.0,SetByBid
2025-12-22 18:55:50,2025-12-22T18:55:50,61.02,1.0,SetByBid
2025-12-22 18:55:50,2025-12-22T18:55:50,61.02,1.0,SetByAsk
2025-12-22 18:55:50,2025-12-22T18:55:50,61.02,1.0,SetByAsk
2025-12-22 18:55:51,2025-12-22T18:55:51,61.01,1.0,SetByAsk
2025-12-22 18:55:51,2025-12-22T18:55:51,61.01,1.0,SetByAsk
2025-12-22 18:55:56,2025-12-22T18:55:56,61.02,1.0,SetByBid
2025-12-22 18:56:00,2025-12-22T18:56:00,61.03,1.0,SetByBid
2025-12-22 18:56:00,2025-12-22T18:56:00,61.03,1.0,SetByBid
2025-12-22 18:56:02,2025-12-22T18:56:02,61.03,3.0,SetByBid
2025-12-22 18:56:03,2025-12-22T18:56:03,61.04,1.0,SetByBid
2025-12-22 18:56:03,2025-12-22T18:56:03,61.04,1.0,SetByBid
2025-12-22 18:56:03,2025-12-22T18:56:03,61.04,1.0,SetByBid
2025-12-22 18:56:04,2025-12-22T18:56:04,61.04,1.0,SetByBid
2025-12-22 18:56:04,2025-12-22T18:56:04,61.04,1.0,SetByAsk
2025-12-22 18:56:04,2025-12-22T18:56:04,61.04,2.0,SetByAsk
2025-12-22 18:56:04,2025-12-22T18:56:04,61.04,1.0,SetByBid
2025-12-22 18:56:14,2025-12-22T18:56:14,61.05,1.0,SetByAsk
2025-12-22 18:56:14,2025-12-22T18:56:14,61.05,1.0,SetByAsk
2025-12-22 18:56:14,2025-12-22T18:56:14,61.05,1.0,SetByAsk
2025-12-22 18:56:14,2025-12-22T18:56:14,61.06,1.0,SetByBid
2025-12-22 18:56:14,2025-12-22T18:56:14,61.05,1.0,SetByAsk
2025-12-22 18:56:14,2025-12-22T18:56:14,61.06,1.0,SetByBid
2025-12-22 18:56:32,2025-12-22T18:56:32,61.08,1.0,SetByBid
2025-12-22 18:56:32,2025-12-22T18:56:32,61.08,1.0,SetByBid
2025-12-22 18:56:48,2025-12-22T18:56:48,61.07,1.0,SetByAsk
2025-12-22 18:56:49,2025-12-22T18:56:49,61.07,1.0,SetByBid
2025-12-22 18:56:50,2025-12-22T18:56:50,61.07,1.0,SetByBid
2025-12-22 18:57:21,2025-12-22T18:57:21,61.05,1.0,SetByBid
2025-12-22 18:57:22,2025-12-22T18:57:22,61.06,1.0,SetByBid
2025-12-22 18:57:28,2025-12-22T18:57:28,61.06,1.0,SetByBid
2025-12-22 18:57:28,2025-12-22T18:57:28,61.06,1.0,SetByBid
2025-12-22 18:57:28,2025-12-22T18:57:28,61.06,1.0,SetByBid
2025-12-22 18:57:28,2025-12-22T18:57:28,61.06,1.0,SetByBid
2025-12-22 18:57:28,2025-12-22T18:57:28,61.06,1.0,SetByBid
2025-12-22 18:57:29,2025-12-22T18:57:29,61.06,1.0,SetByBid
2025-12-22 18:57:29,2025-12-22T18:57:29,61.06,1.0,SetByBid
2025-12-22 18:57:29,2025-12-22T18:57:29,61.06,1.0,SetByBid
2025-12-22 18:57:29,2025-12-22T18:57:29,61.06,1.0,SetByBid
2025-12-22 18:57:29,2025-12-22T18:57:29,61.06,1.0,SetByBid
2025-12-22 18:57:29,2025-12-22T18:57:29,61.06,1.0,SetByBid
2025-12-22 18:57:42,2025-12-22T18:57:42,61.05,1.0,SetByAsk
2025-12-22 18:57:42,2025-12-22T18:57:42,61.05,1.0,SetByBid
2025-12-22 18:57:57,2025-12-22T18:57:57,61.05,1.0,SetByBid
2025-12-22 18:57:59,2025-12-22T18:57:59,61.05,1.0,SetByBid
2025-12-22 18:57:59,2025-12-22T18:57:59,61.05,1.0,SetByBid
2025-12-22 18:58:00,2025-12-22T18:58:00,61.06,1.0,SetByBid
2025-12-22 18:58:00,2025-12-22T18:58:00,61.07,1.0,SetByBid
2025-12-22 18:58:01,2025-12-22T18:58:01,61.07,1.0,SetByAsk
2025-12-22 18:58:01,2025-12-22T18:58:01,61.07,1.0,SetByAsk
2025-12-22 18:58:01,2025-12-22T18:58:01,61.07,1.0,SetByAsk
2025-12-22 18:58:07,2025-12-22T18:58:07,61.07,1.0,SetByBid
2025-12-22 18:58:07,2025-12-22T18:58:07,61.08,1.0,SetByBid
2025-12-22 18:58:07,2025-12-22T18:58:07,61.08,1.0,SetByBid
2025-12-22 18:58:07,2025-12-22T18:58:07,61.08,1.0,SetByBid
2025-12-22 18:58:13,2025-12-22T18:58:13,61.09,1.0,SetByAsk
2025-12-22 18:58:13,2025-12-22T18:58:13,61.09,1.0,SetByAsk
2025-12-22 18:58:13,2025-12-22T18:58:13,61.09,1.0,SetByBid
2025-12-22 18:58:13,2025-12-22T18:58:13,61.09,1.0,SetByAsk
2025-12-22 18:58:13,2025-12-22T18:58:13,61.09,1.0,SetByAsk
2025-12-22 18:58:15,2025-12-22T18:58:15,61.09,1.0,SetByBid
2025-12-22 18:58:25,2025-12-22T18:58:25,61.09,1.0,SetByBid
2025-12-22 18:58:25,2025-12-22T18:58:25,61.09,3.0,SetByAsk
2025-12-22 18:58:39,2025-12-22T18:58:39,61.08,4.0,SetByAsk
2025-12-22 18:58:39,2025-12-22T18:58:39,61.08,4.0,SetByAsk
2025-12-22 18:58:39,2025-12-22T18:58:39,61.08,1.0,SetByAsk
2025-12-22 18:58:39,2025-12-22T18:58:39,61.08,1.0,SetByAsk
2025-12-22 18:58:39,2025-12-22T18:58:39,61.08,2.0,SetByAsk
2025-12-22 18:58:39,2025-12-22T18:58:39,61.08,1.0,SetByBid
2025-12-22 18:58:39,2025-12-22T18:58:39,61.08,1.0,SetByBid
2025-12-22 18:58:53,2025-12-22T18:58:53,61.09,1.0,SetByAsk
2025-12-22 18:58:54,2025-12-22T18:58:54,61.1,1.0,SetByBid
2025-12-22 18:58:58,2025-12-22T18:58:58,61.09,1.0,SetByBid
2025-12-22 18:58:58,2025-12-22T18:58:58,61.09,1.0,SetByBid
2025-12-22 18:59:02,2025-12-22T18:59:02,61.09,1.0,SetByBid
2025-12-22 18:59:04,2025-12-22T18:59:04,61.09,1.0,SetByBid
2025-12-22 18:59:12,2025-12-22T18:59:12,61.09,1.0,SetByBid
2025-12-22 18:59:25,2025-12-22T18:59:25,61.09,1.0,SetByAsk
2025-12-22 18:59:25,2025-12-22T18:59:25,61.09,1.0,SetByAsk
2025-12-22 18:59:30,2025-12-22T18:59:30,61.08,1.0,SetByAsk
2025-12-22 18:59:30,2025-12-22T18:59:30,61.08,2.0,SetByAsk
2025-12-22 18:59:30,2025-12-22T18:59:30,61.08,1.0,SetByBid
2025-12-22 18:59:35,2025-12-22T18:59:35,61.07,1.0,SetByAsk
2025-12-22 18:59:37,2025-12-22T18:59:37,61.07,3.0,SetByBid
2025-12-22 18:59:37,2025-12-22T18:59:37,61.07,1.0,SetByBid
2025-12-22 18:59:39,2025-12-22T18:59:39,61.07,1.0,SetByBid
2025-12-22 18:59:48,2025-12-22T18:59:48,61.08,1.0,SetByBid
2025-12-22 18:59:48,2025-12-22T18:59:48,61.08,1.0,SetByBid
2025-12-22 18:59:51,2025-12-22T18:59:51,61.06,1.0,SetByAsk
2025-12-22 18:59:51,2025-12-22T18:59:51,61.06,1.0,SetByAsk
2025-12-22 18:59:51,2025-12-22T18:59:51,61.06,1.0,SetByAsk
2025-12-22 18:59:51,2025-12-22T18:59:51,61.06,1.0,SetByAsk
2025-12-22 18:59:51,2025-12-22T18:59:51,61.06,1.0,SetByAsk
2025-12-22 18:59:55,2025-12-22T18:59:55,61.07,1.0,SetByBid
2025-12-22 18:59:55,2025-12-22T18:59:55,61.08,1.0,SetByBid
2025-12-22 18:59:55,2025-12-22T18:59:55,61.08,1.0,SetByBid
2025-12-22 19:00:00,2025-12-22T19:00:00,61.06,1.0,SetByAsk
2025-12-22 19:00:00,2025-12-22T19:00:00,61.06,1.0,SetByBid
2025-12-22 19:00:03,2025-12-22T19:00:03,61.07,1.0,SetByBid
2025-12-22 19:00:13,2025-12-22T19:00:13,61.07,1.0,SetByBid
2025-12-22 19:00:18,2025-12-22T19:00:18,61.06,1.0,SetByAsk
2025-12-22 19:00:18,2025-12-22T19:00:18,61.06,1.0,SetByAsk
2025-12-22 19:00:30,2025-12-22T19:00:30,61.04,1.0,SetByAsk
2025-12-22 19:00:46,2025-12-22T19:00:46,61.02,1.0,SetByAsk
2025-12-22 19:00:46,2025-12-22T19:00:46,61.02,1.0,SetByAsk
2025-12-22 19:00:46,2025-12-22T19:00:46,61.02,1.0,SetByBid
2025-12-22 19:00:46,2025-12-22T19:00:46,61.02,1.0,SetByBid
2025-12-22 19:00:47,2025-12-22T19:00:47,61.02,1.0,SetByBid
2025-12-22 19:00:50,2025-12-22T19:00:50,61.02,1.0,SetByBid
2025-12-22 19:00:50,2025-12-22T19:00:50,61.02,1.0,SetByBid
2025-12-22 19:00:53,2025-12-22T19:00:53,61.02,1.0,SetByAsk
2025-12-22 19:00:53,2025-12-22T19:00:53,61.02,1.0,SetByBid
2025-12-22 19:01:04,2025-12-22T19:01:04,61.02,1.0,SetByBid
2025-12-22 19:01:13,2025-12-22T19:01:13,61.02,1.0,SetByBid
2025-12-22 19:01:13,2025-12-22T19:01:13,61.02,1.0,SetByBid
2025-12-22 19:01:13,2025-12-22T19:01:13,61.02,1.0,SetByBid
2025-12-22 19:01:13,2025-12-22T19:01:13,61.02,1.0,SetByBid
2025-12-22 19:01:13,2025-12-22T19:01:13,61.03,1.0,SetByBid
2025-12-22 19:01:13,2025-12-22T19:01:13,61.03,1.0,SetByBid
2025-12-22 19:01:13,2025-12-22T19:01:13,61.03,1.0,SetByBid
2025-12-22 19:01:13,2025-12-22T19:01:13,61.03,1.0,SetByBid
2025-12-22 19:01:13,2025-12-22T19:01:13,61.03,1.0,SetByBid
2025-12-22 19:01:13,2025-12-22T19:01:13,61.03,1.0,SetByBid
2025-12-22 19:01:13,2025-12-22T19:01:13,61.03,1.0,SetByBid
2025-12-22 19:01:13,2025-12-22T19:01:13,61.03,1.0,SetByBid
2025-12-22 19:01:13,2025-12-22T19:01:13,61.03,1.0,SetByBid
2025-12-22 19:01:13,2025-12-22T19:01:13,61.03,1.0,SetByBid
2025-12-22 19:01:13,2025-12-22T19:01:13,61.02,1.0,SetByAsk
2025-12-22 19:01:13,2025-12-22T19:01:13,61.02,1.0,SetByAsk
2025-12-22 19:01:13,2025-12-22T19:01:13,61.02,2.0,SetByAsk
2025-12-22 19:01:13,2025-12-22T19:01:13,61.02,1.0,SetByBid
2025-12-22 19:01:13,2025-12-22T19:01:13,61.02,1.0,SetByBid
2025-12-22 19:01:15,2025-12-22T19:01:15,61.02,1.0,SetByBid
2025-12-22 19:01:16,2025-12-22T19:01:16,61.02,1.0,SetByBid
2025-12-22 19:01:16,2025-12-22T19:01:16,61.03,1.0,SetByBid
2025-12-22 19:01:16,2025-12-22T19:01:16,61.03,1.0,SetByBid
2025-12-22 19:01:17,2025-12-22T19:01:17,61.03,1.0,SetByBid
2025-12-22 19:01:22,2025-12-22T19:01:22,61.03,1.0,SetByBid
2025-12-22 19:01:22,2025-12-22T19:01:22,61.03,1.0,SetByBid
2025-12-22 19:01:22,2025-12-22T19:01:22,61.03,1.0,SetByBid
2025-12-22 19:01:33,2025-12-22T19:01:33,61.02,1.0,SetByBid
2025-12-22 19:01:33,2025-12-22T19:01:33,61.02,1.0,SetByBid
2025-12-22 19:01:33,2025-12-22T19:01:33,61.02,1.0,SetByBid
2025-12-22 19:01:34,2025-12-22T19:01:34,61.02,1.0,SetByBid
2025-12-22 19:01:40,2025-12-22T19:01:40,61.02,1.0,SetByBid
2025-12-22 19:01:53,2025-12-22T19:01:53,61.02,1.0,SetByAsk
2025-12-22 19:01:53,2025-12-22T19:01:53,61.02,1.0,SetByAsk
2025-12-22 19:01:53,2025-12-22T19:01:53,61.01,2.0,SetByAsk
2025-12-22 19:01:53,2025-12-22T19:01:53,61.01,1.0,SetByAsk
2025-12-22 19:01:53,2025-12-22T19:01:53,61.01,1.0,SetByAsk
2025-12-22 19:01:53,2025-12-22T19:01:53,61.01,1.0,SetByAsk
2025-12-22 19:01:53,2025-12-22T19:01:53,61.01,1.0,SetByAsk
2025-12-22 19:01:53,2025-12-22T19:01:53,61.02,1.0,SetByBid
2025-12-22 19:01:53,2025-12-22T19:01:53,61.02,1.0,SetByBid
2025-12-22 19:01:53,2025-12-22T19:01:53,61.01,1.0,SetByBid
2025-12-22 19:01:56,2025-12-22T19:01:56,61.0,1.0,SetByAsk
2025-12-22 19:02:00,2025-12-22T19:02:00,61.0,1.0,SetByAsk
2025-12-22 19:02:04,2025-12-22T19:02:04,61.01,1.0,SetByBid
2025-12-22 19:02:05,2025-12-22T19:02:05,61.01,1.0,SetByAsk
2025-12-22 19:02:07,2025-12-22T19:02:07,61.02,1.0,SetByBid
2025-12-22 19:02:07,2025-12-22T19:02:07,61.02,1.0,SetByBid
2025-12-22 19:02:08,2025-12-22T19:02:08,61.02,2.0,SetByAsk
2025-12-22 19:02:08,2025-12-22T19:02:08,61.02,1.0,SetByAsk
2025-12-22 19:02:08,2025-12-22T19:02:08,61.02,1.0,SetByBid
2025-12-22 19:02:08,2025-12-22T19:02:08,61.02,1.0,SetByBid
2025-12-22 19:02:08,2025-12-22T19:02:08,61.02,1.0,SetByBid
2025-12-22 19:02:09,2025-12-22T19:02:09,61.02,1.0,SetByBid
2025-12-22 19:02:09,2025-12-22T19:02:09,61.02,1.0,SetByBid
2025-12-22 19:02:09,2025-12-22T19:02:09,61.02,1.0,SetByBid
2025-12-22 19:02:10,2025-12-22T19:02:10,61.02,1.0,SetByAsk
2025-12-22 19:02:10,2025-12-22T19:02:10,61.02,1.0,SetByAsk
2025-12-22 19:02:10,2025-12-22T19:02:10,61.02,1.0,SetByAsk
2025-12-22 19:02:10,2025-12-22T19:02:10,61.03,1.0,SetByBid
2025-12-22 19:02:12,2025-12-22T19:02:12,61.01,1.0,SetByAsk
2025-12-22 19:02:17,2025-12-22T19:02:17,61.01,1.0,SetByBid
2025-12-22 19:02:17,2025-12-22T19:02:17,61.01,1.0,SetByBid
2025-12-22 19:02:19,2025-12-22T19:02:19,61.02,1.0,SetByBid
2025-12-22 19:02:29,2025-12-22T19:02:29,61.02,1.0,SetByAsk
2025-12-22 19:02:29,2025-12-22T19:02:29,61.02,1.0,SetByAsk
2025-12-22 19:02:29,2025-12-22T19:02:29,61.02,1.0,SetByAsk
2025-12-22 19:02:30,2025-12-22T19:02:30,61.03,1.0,SetByBid
2025-12-22 19:02:32,2025-12-22T19:02:32,61.02,1.0,SetByAsk
2025-12-22 19:02:43,2025-12-22T19:02:43,61.02,1.0,SetByBid
2025-12-22 19:02:44,2025-12-22T19:02:44,61.02,1.0,SetByBid
2025-12-22 19:02:44,2025-12-22T19:02:44,61.02,1.0,SetByBid
2025-12-22 19:02:44,2025-12-22T19:02:44,61.02,1.0,SetByBid
2025-12-22 19:02:45,2025-12-22T19:02:45,61.02,1.0,SetByBid
2025-12-22 19:02:45,2025-12-22T19:02:45,61.02,1.0,SetByBid
2025-12-22 19:02:47,2025-12-22T19:02:47,61.03,1.0,SetByBid
2025-12-22 19:03:03,2025-12-22T19:03:03,61.04,1.0,SetByBid
2025-12-22 19:03:25,2025-12-22T19:03:25,61.04,1.0,SetByAsk
2025-12-22 19:03:25,2025-12-22T19:03:25,61.03,1.0,SetByAsk
2025-12-22 19:03:25,2025-12-22T19:03:25,61.03,1.0,SetByAsk
2025-12-22 19:03:25,2025-12-22T19:03:25,61.03,2.0,SetByAsk
2025-12-22 19:03:25,2025-12-22T19:03:25,61.04,1.0,SetByBid
2025-12-22 19:03:26,2025-12-22T19:03:26,61.03,1.0,SetByAsk
2025-12-22 19:03:26,2025-12-22T19:03:26,61.03,1.0,SetByBid
2025-12-22 19:03:27,2025-12-22T19:03:27,61.02,1.0,SetByAsk
2025-12-22 19:03:27,2025-12-22T19:03:27,61.02,1.0,SetByBid
2025-12-22 19:03:27,2025-12-22T19:03:27,61.02,1.0,SetByBid
2025-12-22 19:03:28,2025-12-22T19:03:28,61.02,1.0,SetByAsk
2025-12-22 19:03:28,2025-12-22T19:03:28,61.02,1.0,SetByAsk
2025-12-22 19:03:32,2025-12-22T19:03:32,61.02,1.0,SetByBid
2025-12-22 19:03:32,2025-12-22T19:03:32,61.02,1.0,SetByBid
2025-12-22 19:03:33,2025-12-22T19:03:33,61.02,1.0,SetByBid
2025-12-22 19:03:39,2025-12-22T19:03:39,61.02,1.0,SetByBid
2025-12-22 19:03:39,2025-12-22T19:03:39,61.02,1.0,SetByBid
2025-12-22 19:03:39,2025-12-22T19:03:39,61.02,1.0,SetByBid
2025-12-22 19:03:39,2025-12-22T19:03:39,61.02,1.0,SetByBid
2025-12-22 19:03:40,2025-12-22T19:03:40,61.02,1.0,SetByBid
2025-12-22 19:03:40,2025-12-22T19:03:40,61.02,1.0,SetByBid
2025-12-22 19:03:58,2025-12-22T19:03:58,61.03,1.0,SetByBid
2025-12-22 19:03:58,2025-12-22T19:03:58,61.03,1.0,SetByBid
2025-12-22 19:04:17,2025-12-22T19:04:17,61.03,1.0,SetByBid
2025-12-22 19:04:23,2025-12-22T19:04:23,61.03,1.0,SetByBid
2025-12-22 19:04:23,2025-12-22T19:04:23,61.03,1.0,SetByBid
2025-12-22 19:04:50,2025-12-22T19:04:50,61.01,5.0,SetByAsk
2025-12-22 19:04:50,2025-12-22T19:04:50,61.01,1.0,SetByAsk
2025-12-22 19:04:50,2025-12-22T19:04:50,61.01,1.0,SetByAsk
2025-12-22 19:04:50,2025-12-22T19:04:50,61.01,1.0,SetByAsk
2025-12-22 19:04:50,2025-12-22T19:04:50,61.0,1.0,SetByAsk
2025-12-22 19:04:50,2025-12-22T19:04:50,61.0,111.0,SetByAsk
2025-12-22 19:04:50,2025-12-22T19:04:50,61.0,1.0,SetByAsk
2025-12-22 19:04:50,2025-12-22T19:04:50,61.02,1.0,SetByBid
2025-12-22 19:04:50,2025-12-22T19:04:50,61.03,1.0,SetByBid
2025-12-22 19:04:50,2025-12-22T19:04:50,61.03,1.0,SetByBid
2025-12-22 19:04:50,2025-12-22T19:04:50,61.03,1.0,SetByBid
2025-12-22 19:04:50,2025-12-22T19:04:50,61.03,1.0,SetByBid
2025-12-22 19:04:50,2025-12-22T19:04:50,61.03,1.0,SetByBid
2025-12-22 19:04:50,2025-12-22T19:04:50,61.03,1.0,SetByBid
2025-12-22 19:04:50,2025-12-22T19:04:50,61.03,1.0,SetByBid
2025-12-22 19:04:50,2025-12-22T19:04:50,61.03,1.0,SetByBid
2025-12-22 19:04:50,2025-12-22T19:04:50,61.03,1.0,SetByBid
2025-12-22 19:04:50,2025-12-22T19:04:50,61.03,1.0,SetByBid
2025-12-22 19:04:50,2025-12-22T19:04:50,61.03,2.0,SetByBid
2025-12-22 19:04:50,2025-12-22T19:04:50,61.03,1.0,SetByBid
2025-12-22 19:04:53,2025-12-22T19:04:53,61.02,1.0,SetByBid
2025-12-22 19:05:04,2025-12-22T19:05:04,61.01,1.0,SetByAsk
2025-12-22 19:05:06,2025-12-22T19:05:06,61.02,1.0,SetByBid
2025-12-22 19:05:06,2025-12-22T19:05:06,61.02,1.0,SetByBid
2025-12-22 19:05:19,2025-12-22T19:05:19,61.04,1.0,SetByBid
2025-12-22 19:05:36,2025-12-22T19:05:36,61.06,1.0,SetByAsk
2025-12-22 19:05:36,2025-12-22T19:05:36,61.06,1.0,SetByBid
2025-12-22 19:05:46,2025-12-22T19:05:46,61.06,1.0,SetByAsk
2025-12-22 19:05:46,2025-12-22T19:05:46,61.06,1.0,SetByBid
2025-12-22 19:05:46,2025-12-22T19:05:46,61.06,1.0,SetByAsk
2025-12-22 19:05:47,2025-12-22T19:05:47,61.06,1.0,SetByAsk
2025-12-22 19:05:47,2025-12-22T19:05:47,61.06,1.0,SetByAsk
2025-12-22 19:05:53,2025-12-22T19:05:53,61.07,1.0,SetByBid
2025-12-22 19:05:57,2025-12-22T19:05:57,61.07,1.0,SetByBid
2025-12-22 19:06:01,2025-12-22T19:06:01,61.08,1.0,SetByAsk
2025-12-22 19:06:01,2025-12-22T19:06:01,61.08,1.0,SetByAsk
2025-12-22 19:06:08,2025-12-22T19:06:08,61.07,1.0,SetByAsk
2025-12-22 19:06:08,2025-12-22T19:06:08,61.07,2.0,SetByAsk
2025-12-22 19:06:08,2025-12-22T19:06:08,61.07,1.0,SetByAsk
2025-12-22 19:06:14,2025-12-22T19:06:14,61.08,1.0,SetByBid
2025-12-22 19:06:27,2025-12-22T19:06:27,61.08,1.0,SetByBid
2025-12-22 19:06:31,2025-12-22T19:06:31,61.08,1.0,SetByBid
2025-12-22 19:06:31,2025-12-22T19:06:31,61.08,1.0,SetByBid
2025-12-22 19:06:31,2025-12-22T19:06:31,61.08,1.0,SetByAsk
2025-12-22 19:06:31,2025-12-22T19:06:31,61.08,1.0,SetByAsk
2025-12-22 19:06:31,2025-12-22T19:06:31,61.08,1.0,SetByAsk
2025-12-22 19:06:31,2025-12-22T19:06:31,61.08,1.0,SetByAsk
2025-12-22 19:06:31,2025-12-22T19:06:31,61.08,1.0,SetByAsk
2025-12-22 19:06:32,2025-12-22T19:06:32,61.08,1.0,SetByAsk
2025-12-22 19:06:32,2025-12-22T19:06:32,61.08,1.0,SetByAsk
2025-12-22 19:06:32,2025-12-22T19:06:32,61.08,1.0,SetByBid
2025-12-22 19:06:44,2025-12-22T19:06:44,61.08,1.0,SetByBid
2025-12-22 19:06:44,2025-12-22T19:06:44,61.09,1.0,SetByBid
2025-12-22 19:06:55,2025-12-22T19:06:55,61.09,1.0,SetByAsk
2025-12-22 19:07:07,2025-12-22T19:07:07,61.1,1.0,SetByBid
2025-12-22 19:07:07,2025-12-22T19:07:07,61.11,1.0,SetByBid
2025-12-22 19:07:07,2025-12-22T19:07:07,61.1,1.0,SetByAsk
2025-12-22 19:07:07,2025-12-22T19:07:07,61.1,1.0,SetByAsk
2025-12-22 19:07:09,2025-12-22T19:07:09,61.09,1.0,SetByAsk
2025-12-22 19:07:09,2025-12-22T19:07:09,61.09,1.0,SetByAsk
2025-12-22 19:07:09,2025-12-22T19:07:09,61.09,1.0,SetByAsk
2025-12-22 19:07:09,2025-12-22T19:07:09,61.09,1.0,SetByAsk
2025-12-22 19:07:12,2025-12-22T19:07:12,61.09,1.0,SetByAsk
2025-12-22 19:07:30,2025-12-22T19:07:30,61.08,1.0,SetByAsk
2025-12-22 19:07:30,2025-12-22T19:07:30,61.08,2.0,SetByAsk
2025-12-22 19:07:30,2025-12-22T19:07:30,61.08,1.0,SetByAsk
2025-12-22 19:07:30,2025-12-22T19:07:30,61.08,1.0,SetByAsk
2025-12-22 19:07:52,2025-12-22T19:07:52,61.09,1.0,SetByBid
2025-12-22 19:08:13,2025-12-22T19:08:13,61.08,1.0,SetByAsk
2025-12-22 19:08:13,2025-12-22T19:08:13,61.08,1.0,SetByAsk
2025-12-22 19:08:14,2025-12-22T19:08:14,61.08,1.0,SetByAsk
2025-12-22 19:08:28,2025-12-22T19:08:28,61.07,1.0,SetByBid
2025-12-22 19:08:47,2025-12-22T19:08:47,61.08,1.0,SetByBid
2025-12-22 19:08:47,2025-12-22T19:08:47,61.08,1.0,SetByBid
2025-12-22 19:08:47,2025-12-22T19:08:47,61.08,1.0,SetByBid
2025-12-22 19:09:29,2025-12-22T19:09:29,61.08,1.0,SetByBid
2025-12-22 19:09:29,2025-12-22T19:09:29,61.08,1.0,SetByBid
2025-12-22 19:09:39,2025-12-22T19:09:39,61.08,1.0,SetByBid
2025-12-22 19:09:39,2025-12-22T19:09:39,61.08,1.0,SetByBid
2025-12-22 19:09:42,2025-12-22T19:09:42,61.08,1.0,SetByBid
2025-12-22 19:09:55,2025-12-22T19:09:55,61.09,1.0,SetByBid
2025-12-22 19:10:02,2025-12-22T19:10:02,61.09,1.0,SetByBid
2025-12-22 19:10:02,2025-12-22T19:10:02,61.09,1.0,SetByBid
2025-12-22 19:10:08,2025-12-22T19:10:08,61.09,1.0,SetByBid
2025-12-22 19:10:15,2025-12-22T19:10:15,61.08,1.0,SetByAsk
2025-12-22 19:10:15,2025-12-22T19:10:15,61.08,1.0,SetByAsk
2025-12-22 19:10:15,2025-12-22T19:10:15,61.08,1.0,SetByAsk
2025-12-22 19:10:15,2025-12-22T19:10:15,61.08,1.0,SetByBid
2025-12-22 19:10:15,2025-12-22T19:10:15,61.08,1.0,SetByBid
2025-12-22 19:10:15,2025-12-22T19:10:15,61.08,1.0,SetByAsk
2025-12-22 19:10:20,2025-12-22T19:10:20,61.07,1.0,SetByAsk
2025-12-22 19:10:36,2025-12-22T19:10:36,61.07,1.0,SetByBid
2025-12-22 19:10:36,2025-12-22T19:10:36,61.07,1.0,SetByBid
2025-12-22 19:10:36,2025-12-22T19:10:36,61.07,1.0,SetByBid
2025-12-22 19:10:36,2025-12-22T19:10:36,61.07,1.0,SetByAsk
2025-12-22 19:10:36,2025-12-22T19:10:36,61.07,1.0,SetByAsk
2025-12-22 19:10:45,2025-12-22T19:10:45,61.07,1.0,SetByAsk
2025-12-22 19:10:45,2025-12-22T19:10:45,61.07,1.0,SetByAsk
2025-12-22 19:10:45,2025-12-22T19:10:45,61.07,2.0,SetByAsk
2025-12-22 19:10:51,2025-12-22T19:10:51,61.07,1.0,SetByBid
2025-12-22 19:10:51,2025-12-22T19:10:51,61.07,1.0,SetByBid
2025-12-22 19:10:51,2025-12-22T19:10:51,61.07,1.0,SetByBid
2025-12-22 19:10:51,2025-12-22T19:10:51,61.07,1.0,SetByBid
2025-12-22 19:10:51,2025-12-22T19:10:51,61.07,1.0,SetByBid
2025-12-22 19:10:54,2025-12-22T19:10:54,61.07,1.0,SetByBid
2025-12-22 19:11:01,2025-12-22T19:11:01,61.07,1.0,SetByBid
2025-12-22 19:11:01,2025-12-22T19:11:01,61.07,1.0,SetByBid
2025-12-22 19:11:05,2025-12-22T19:11:05,61.08,1.0,SetByBid
2025-12-22 19:11:05,2025-12-22T19:11:05,61.07,1.0,SetByAsk
2025-12-22 19:11:05,2025-12-22T19:11:05,61.07,2.0,SetByAsk
2025-12-22 19:11:05,2025-12-22T19:11:05,61.08,1.0,SetByBid
2025-12-22 19:11:22,2025-12-22T19:11:22,61.08,2.0,SetByBid
2025-12-22 19:11:22,2025-12-22T19:11:22,61.08,1.0,SetByBid
2025-12-22 19:11:22,2025-12-22T19:11:22,61.08,1.0,SetByBid
2025-12-22 19:11:22,2025-12-22T19:11:22,61.08,1.0,SetByBid
2025-12-22 19:11:22,2025-12-22T19:11:22,61.08,1.0,SetByBid
2025-12-22 19:11:23,2025-12-22T19:11:23,61.09,1.0,SetByBid
2025-12-22 19:11:23,2025-12-22T19:11:23,61.09,1.0,SetByBid
2025-12-22 19:11:30,2025-12-22T19:11:30,61.09,1.0,SetByBid
2025-12-22 19:11:30,2025-12-22T19:11:30,61.09,2.0,SetByBid
2025-12-22 19:11:31,2025-12-22T19:11:31,61.09,1.0,SetByAsk
2025-12-22 19:11:31,2025-12-22T19:11:31,61.09,1.0,SetByAsk
2025-12-22 19:11:31,2025-12-22T19:11:31,61.09,1.0,SetByAsk
2025-12-22 19:11:31,2025-12-22T19:11:31,61.09,1.0,SetByAsk
2025-12-22 19:11:31,2025-12-22T19:11:31,61.09,1.0,SetByAsk
2025-12-22 19:11:31,2025-12-22T19:11:31,61.09,1.0,SetByAsk
2025-12-22 19:11:31,2025-12-22T19:11:31,61.09,1.0,SetByAsk
2025-12-22 19:11:31,2025-12-22T19:11:31,61.09,1.0,SetByBid
2025-12-22 19:11:34,2025-12-22T19:11:34,61.09,1.0,SetByBid
2025-12-22 19:11:52,2025-12-22T19:11:52,61.08,1.0,SetByAsk
2025-12-22 19:11:52,2025-12-22T19:11:52,61.08,1.0,SetByAsk
2025-12-22 19:11:52,2025-12-22T19:11:52,61.08,1.0,SetByAsk
2025-12-22 19:11:52,2025-12-22T19:11:52,61.08,1.0,SetByAsk
2025-12-22 19:11:52,2025-12-22T19:11:52,61.08,1.0,SetByAsk
2025-12-22 19:11:52,2025-12-22T19:11:52,61.08,1.0,SetByAsk
2025-12-22 19:11:52,2025-12-22T19:11:52,61.08,1.0,SetByBid
2025-12-22 19:11:58,2025-12-22T19:11:58,61.07,1.0,SetByAsk
2025-12-22 19:11:58,2025-12-22T19:11:58,61.07,1.0,SetByAsk
2025-12-22 19:11:58,2025-12-22T19:11:58,61.07,1.0,SetByAsk
2025-12-22 19:11:58,2025-12-22T19:11:58,61.08,1.0,SetByBid
2025-12-22 19:12:05,2025-12-22T19:12:05,61.08,1.0,SetByBid
2025-12-22 19:12:05,2025-12-22T19:12:05,61.08,1.0,SetByBid
2025-12-22 19:12:05,2025-12-22T19:12:05,61.09,1.0,SetByBid
2025-12-22 19:12:08,2025-12-22T19:12:08,61.09,1.0,SetByBid
2025-12-22 19:12:08,2025-12-22T19:12:08,61.1,1.0,SetByBid
2025-12-22 19:12:10,2025-12-22T19:12:10,61.09,1.0,SetByBid
2025-12-22 19:12:11,2025-12-22T19:12:11,61.09,1.0,SetByBid
2025-12-22 19:12:11,2025-12-22T19:12:11,61.09,1.0,SetByAsk
2025-12-22 19:12:11,2025-12-22T19:12:11,61.09,1.0,SetByBid
2025-12-22 19:12:21,2025-12-22T19:12:21,61.09,1.0,SetByBid
2025-12-22 19:12:25,2025-12-22T19:12:25,61.08,1.0,SetByBid
2025-12-22 19:12:31,2025-12-22T19:12:31,61.08,1.0,SetByAsk
2025-12-22 19:12:31,2025-12-22T19:12:31,61.08,1.0,SetByBid
2025-12-22 19:12:38,2025-12-22T19:12:38,61.07,1.0,SetByAsk
2025-12-22 19:12:38,2025-12-22T19:12:38,61.07,1.0,SetByAsk
2025-12-22 19:12:38,2025-12-22T19:12:38,61.07,1.0,SetByAsk
2025-12-22 19:12:38,2025-12-22T19:12:38,61.07,2.0,SetByAsk
2025-12-22 19:12:39,2025-12-22T19:12:39,61.07,1.0,SetByBid
2025-12-22 19:13:02,2025-12-22T19:13:02,61.08,1.0,SetByBid
2025-12-22 19:13:02,2025-12-22T19:13:02,61.08,1.0,SetByBid
2025-12-22 19:13:02,2025-12-22T19:13:02,61.08,1.0,SetByBid
2025-12-22 19:13:02,2025-12-22T19:13:02,61.08,1.0,SetByBid
2025-12-22 19:13:02,2025-12-22T19:13:02,61.08,1.0,SetByBid
2025-12-22 19:13:02,2025-12-22T19:13:02,61.08,1.0,SetByBid
2025-12-22 19:13:04,2025-12-22T19:13:04,61.09,1.0,SetByBid
2025-12-22 19:13:04,2025-12-22T19:13:04,61.09,1.0,SetByBid
2025-12-22 19:13:21,2025-12-22T19:13:21,61.09,1.0,SetByBid
2025-12-22 19:13:21,2025-12-22T19:13:21,61.09,1.0,SetByBid
2025-12-22 19:13:21,2025-12-22T19:13:21,61.09,1.0,SetByBid
2025-12-22 19:13:21,2025-12-22T19:13:21,61.09,1.0,SetByBid
2025-12-22 19:13:21,2025-12-22T19:13:21,61.09,1.0,SetByBid
2025-12-22 19:13:21,2025-12-22T19:13:21,61.09,1.0,SetByBid
2025-12-22 19:13:21,2025-12-22T19:13:21,61.09,1.0,SetByAsk
2025-12-22 19:13:23,2025-12-22T19:13:23,61.09,1.0,SetByBid
2025-12-22 19:13:23,2025-12-22T19:13:23,61.09,1.0,SetByBid
2025-12-22 19:13:25,2025-12-22T19:13:25,61.09,1.0,SetByAsk
2025-12-22 19:13:29,2025-12-22T19:13:29,61.09,1.0,SetByAsk
2025-12-22 19:13:29,2025-12-22T19:13:29,61.09,1.0,SetByBid
2025-12-22 19:13:33,2025-12-22T19:13:33,61.09,1.0,SetByBid
2025-12-22 19:13:33,2025-12-22T19:13:33,61.09,1.0,SetByBid
2025-12-22 19:13:45,2025-12-22T19:13:45,61.08,1.0,SetByAsk
2025-12-22 19:13:45,2025-12-22T19:13:45,61.08,1.0,SetByBid
2025-12-22 19:13:45,2025-12-22T19:13:45,61.09,1.0,SetByBid
2025-12-22 19:13:46,2025-12-22T19:13:46,61.09,1.0,SetByBid
2025-12-22 19:13:54,2025-12-22T19:13:54,61.09,1.0,SetByBid
2025-12-22 19:13:54,2025-12-22T19:13:54,61.09,1.0,SetByBid
2025-12-22 19:13:54,2025-12-22T19:13:54,61.09,1.0,SetByAsk
2025-12-22 19:13:54,2025-12-22T19:13:54,61.09,1.0,SetByAsk
2025-12-22 19:14:02,2025-12-22T19:14:02,61.08,1.0,SetByAsk
2025-12-22 19:14:02,2025-12-22T19:14:02,61.08,1.0,SetByAsk
2025-12-22 19:14:02,2025-12-22T19:14:02,61.08,1.0,SetByBid
2025-12-22 19:14:03,2025-12-22T19:14:03,61.08,1.0,SetByBid
2025-12-22 19:14:05,2025-12-22T19:14:05,61.08,1.0,SetByBid
2025-12-22 19:14:07,2025-12-22T19:14:07,61.08,1.0,SetByBid
2025-12-22 19:14:27,2025-12-22T19:14:27,61.08,1.0,SetByBid
2025-12-22 19:14:27,2025-12-22T19:14:27,61.08,1.0,SetByBid
2025-12-22 19:14:33,2025-12-22T19:14:33,61.08,1.0,SetByBid
2025-12-22 19:14:40,2025-12-22T19:14:40,61.09,1.0,SetByBid
2025-12-22 19:14:40,2025-12-22T19:14:40,61.09,1.0,SetByBid
2025-12-22 19:14:40,2025-12-22T19:14:40,61.09,1.0,SetByAsk
2025-12-22 19:14:43,2025-12-22T19:14:43,61.1,1.0,SetByBid
2025-12-22 19:14:51,2025-12-22T19:14:51,61.11,1.0,SetByBid
2025-12-22 19:14:51,2025-12-22T19:14:51,61.11,1.0,SetByBid
2025-12-22 19:14:51,2025-12-22T19:14:51,61.11,1.0,SetByBid
2025-12-22 19:14:51,2025-12-22T19:14:51,61.11,1.0,SetByBid
2025-12-22 19:14:51,2025-12-22T19:14:51,61.11,1.0,SetByBid
2025-12-22 19:14:51,2025-12-22T19:14:51,61.11,1.0,SetByBid
2025-12-22 19:14:51,2025-12-22T19:14:51,61.11,1.0,SetByBid
2025-12-22 19:14:51,2025-12-22T19:14:51,61.11,1.0,SetByBid
2025-12-22 19:14:52,2025-12-22T19:14:52,61.11,1.0,SetByBid
2025-12-22 19:14:52,2025-12-22T19:14:52,61.11,1.0,SetByAsk
2025-12-22 19:15:07,2025-12-22T19:15:07,61.12,1.0,SetByBid
2025-12-22 19:15:07,2025-12-22T19:15:07,61.12,1.0,SetByBid
2025-12-22 19:15:07,2025-12-22T19:15:07,61.12,1.0,SetByBid
2025-12-22 19:15:07,2025-12-22T19:15:07,61.13,1.0,SetByBid
2025-12-22 19:15:07,2025-12-22T19:15:07,61.14,1.0,SetByBid
2025-12-22 19:15:07,2025-12-22T19:15:07,61.13,1.0,SetByBid
2025-12-22 19:15:08,2025-12-22T19:15:08,61.13,1.0,SetByAsk
2025-12-22 19:15:08,2025-12-22T19:15:08,61.13,2.0,SetByAsk
2025-12-22 19:15:08,2025-12-22T19:15:08,61.12,1.0,SetByAsk
2025-12-22 19:15:08,2025-12-22T19:15:08,61.13,1.0,SetByAsk
2025-12-22 19:15:08,2025-12-22T19:15:08,61.13,1.0,SetByAsk
2025-12-22 19:15:08,2025-12-22T19:15:08,61.12,1.0,SetByAsk
2025-12-22 19:15:08,2025-12-22T19:15:08,61.13,1.0,SetByAsk
2025-12-22 19:15:08,2025-12-22T19:15:08,61.12,1.0,SetByAsk
2025-12-22 19:15:09,2025-12-22T19:15:09,61.13,1.0,SetByBid
2025-12-22 19:15:09,2025-12-22T19:15:09,61.13,1.0,SetByBid
2025-12-22 19:15:12,2025-12-22T19:15:12,61.13,1.0,SetByBid
2025-12-22 19:15:25,2025-12-22T19:15:25,61.12,1.0,SetByBid
2025-12-22 19:15:31,2025-12-22T19:15:31,61.13,1.0,SetByBid
2025-12-22 19:15:31,2025-12-22T19:15:31,61.13,1.0,SetByBid
2025-12-22 19:15:33,2025-12-22T19:15:33,61.13,1.0,SetByBid
2025-12-22 19:15:33,2025-12-22T19:15:33,61.13,1.0,SetByBid
2025-12-22 19:15:33,2025-12-22T19:15:33,61.13,1.0,SetByBid
2025-12-22 19:15:33,2025-12-22T19:15:33,61.13,1.0,SetByBid
2025-12-22 19:15:33,2025-12-22T19:15:33,61.13,2.0,SetByBid
2025-12-22 19:15:33,2025-12-22T19:15:33,61.13,1.0,SetByBid
2025-12-22 19:15:33,2025-12-22T19:15:33,61.13,1.0,SetByBid
2025-12-22 19:15:33,2025-12-22T19:15:33,61.13,1.0,SetByBid
2025-12-22 19:15:33,2025-12-22T19:15:33,61.13,1.0,SetByBid
2025-12-22 19:15:40,2025-12-22T19:15:40,61.12,1.0,SetByAsk
2025-12-22 19:15:40,2025-12-22T19:15:40,61.12,1.0,SetByAsk
2025-12-22 19:15:40,2025-12-22T19:15:40,61.12,1.0,SetByAsk
2025-12-22 19:15:40,2025-12-22T19:15:40,61.12,2.0,SetByAsk
2025-12-22 19:15:40,2025-12-22T19:15:40,61.12,1.0,SetByAsk
2025-12-22 19:15:40,2025-12-22T19:15:40,61.12,1.0,SetByAsk
2025-12-22 19:15:40,2025-12-22T19:15:40,61.12,1.0,SetByAsk
2025-12-22 19:15:40,2025-12-22T19:15:40,61.12,1.0,SetByAsk
2025-12-22 19:15:40,2025-12-22T19:15:40,61.12,1.0,SetByAsk
2025-12-22 19:15:40,2025-12-22T19:15:40,61.12,1.0,SetByAsk
2025-12-22 19:15:40,2025-12-22T19:15:40,61.12,1.0,SetByAsk
2025-12-22 19:15:43,2025-12-22T19:15:43,61.13,1.0,SetByAsk
2025-12-22 19:15:43,2025-12-22T19:15:43,61.13,1.0,SetByAsk
2025-12-22 19:15:48,2025-12-22T19:15:48,61.13,1.0,SetByBid
2025-12-22 19:15:55,2025-12-22T19:15:55,61.13,1.0,SetByBid
2025-12-22 19:15:55,2025-12-22T19:15:55,61.13,1.0,SetByBid
2025-12-22 19:15:55,2025-12-22T19:15:55,61.13,1.0,SetByBid
2025-12-22 19:15:55,2025-12-22T19:15:55,61.14,1.0,SetByBid
2025-12-22 19:15:55,2025-12-22T19:15:55,61.14,1.0,SetByBid
2025-12-22 19:15:55,2025-12-22T19:15:55,61.14,1.0,SetByBid
2025-12-22 19:15:55,2025-12-22T19:15:55,61.14,1.0,SetByBid
2025-12-22 19:15:55,2025-12-22T19:15:55,61.14,1.0,SetByBid
2025-12-22 19:15:55,2025-12-22T19:15:55,61.14,1.0,SetByBid
2025-12-22 19:15:55,2025-12-22T19:15:55,61.14,1.0,SetByBid
2025-12-22 19:16:10,2025-12-22T19:16:10,61.14,1.0,SetByBid
2025-12-22 19:16:11,2025-12-22T19:16:11,61.13,2.0,SetByAsk
2025-12-22 19:16:11,2025-12-22T19:16:11,61.14,1.0,SetByBid
2025-12-22 19:16:11,2025-12-22T19:16:11,61.14,1.0,SetByBid
2025-12-22 19:16:14,2025-12-22T19:16:14,61.13,1.0,SetByAsk
2025-12-22 19:16:14,2025-12-22T19:16:14,61.13,1.0,SetByAsk
2025-12-22 19:16:14,2025-12-22T19:16:14,61.13,1.0,SetByAsk
2025-12-22 19:16:14,2025-12-22T19:16:14,61.13,1.0,SetByAsk
2025-12-22 19:16:25,2025-12-22T19:16:25,61.12,1.0,SetByAsk
2025-12-22 19:16:25,2025-12-22T19:16:25,61.12,1.0,SetByAsk
2025-12-22 19:16:25,2025-12-22T19:16:25,61.12,1.0,SetByAsk
2025-12-22 19:16:25,2025-12-22T19:16:25,61.12,1.0,SetByAsk
2025-12-22 19:16:25,2025-12-22T19:16:25,61.12,1.0,SetByAsk
2025-12-22 19:16:25,2025-12-22T19:16:25,61.12,1.0,SetByAsk
2025-12-22 19:16:25,2025-12-22T19:16:25,61.12,1.0,SetByBid
2025-12-22 19:16:25,2025-12-22T19:16:25,61.12,1.0,SetByBid
2025-12-22 19:16:33,2025-12-22T19:16:33,61.1,1.0,SetByAsk
2025-12-22 19:16:33,2025-12-22T19:16:33,61.1,1.0,SetByBid
2025-12-22 19:16:44,2025-12-22T19:16:44,61.11,1.0,SetByBid
2025-12-22 19:16:44,2025-12-22T19:16:44,61.11,1.0,SetByBid
2025-12-22 19:16:44,2025-12-22T19:16:44,61.11,1.0,SetByBid
2025-12-22 19:16:44,2025-12-22T19:16:44,61.11,1.0,SetByBid
2025-12-22 19:16:44,2025-12-22T19:16:44,61.11,1.0,SetByBid
2025-12-22 19:16:56,2025-12-22T19:16:56,61.12,1.0,SetByBid
2025-12-22 19:16:57,2025-12-22T19:16:57,61.12,2.0,SetByBid
2025-12-22 19:16:57,2025-12-22T19:16:57,61.12,1.0,SetByBid
2025-12-22 19:16:57,2025-12-22T19:16:57,61.12,1.0,SetByBid
2025-12-22 19:16:57,2025-12-22T19:16:57,61.12,2.0,SetByBid
2025-12-22 19:17:06,2025-12-22T19:17:06,61.11,1.0,SetByAsk
2025-12-22 19:17:06,2025-12-22T19:17:06,61.11,1.0,SetByAsk
2025-12-22 19:17:06,2025-12-22T19:17:06,61.11,1.0,SetByAsk
2025-12-22 19:17:06,2025-12-22T19:17:06,61.11,1.0,SetByAsk
2025-12-22 19:17:06,2025-12-22T19:17:06,61.11,1.0,SetByAsk
2025-12-22 19:17:06,2025-12-22T19:17:06,61.11,1.0,SetByAsk
2025-12-22 19:17:06,2025-12-22T19:17:06,61.11,1.0,SetByBid
2025-12-22 19:17:17,2025-12-22T19:17:17,61.11,1.0,SetByBid
2025-12-22 19:17:40,2025-12-22T19:17:40,61.11,1.0,SetByBid
2025-12-22 19:17:52,2025-12-22T19:17:52,61.11,1.0,SetByBid
2025-12-22 19:17:52,2025-12-22T19:17:52,61.11,1.0,SetByBid
2025-12-22 19:18:09,2025-12-22T19:18:09,61.12,1.0,SetByBid
2025-12-22 19:18:12,2025-12-22T19:18:12,61.11,1.0,SetByBid
2025-12-22 19:18:14,2025-12-22T19:18:14,61.1,1.0,SetByAsk
2025-12-22 19:18:14,2025-12-22T19:18:14,61.1,1.0,SetByAsk
2025-12-22 19:18:15,2025-12-22T19:18:15,61.1,1.0,SetByBid
2025-12-22 19:18:28,2025-12-22T19:18:28,61.11,1.0,SetByBid
2025-12-22 19:18:41,2025-12-22T19:18:41,61.12,1.0,SetByBid
2025-12-22 19:18:51,2025-12-22T19:18:51,61.13,1.0,SetByBid
2025-12-22 19:19:03,2025-12-22T19:19:03,61.12,1.0,SetByAsk
2025-12-22 19:19:03,2025-12-22T19:19:03,61.12,1.0,SetByAsk
2025-12-22 19:19:11,2025-12-22T19:19:11,61.12,1.0,SetByBid
2025-12-22 19:19:12,2025-12-22T19:19:12,61.12,1.0,SetByBid
2025-12-22 19:19:28,2025-12-22T19:19:28,61.13,1.0,SetByAsk
2025-12-22 19:19:28,2025-12-22T19:19:28,61.13,1.0,SetByAsk
2025-12-22 19:19:28,2025-12-22T19:19:28,61.13,1.0,SetByAsk
2025-12-22 19:19:28,2025-12-22T19:19:28,61.13,1.0,SetByAsk
2025-12-22 19:19:28,2025-12-22T19:19:28,61.13,2.0,SetByAsk
2025-12-22 19:19:28,2025-12-22T19:19:28,61.12,1.0,SetByAsk
2025-12-22 19:19:28,2025-12-22T19:19:28,61.12,1.0,SetByAsk
2025-12-22 19:19:28,2025-12-22T19:19:28,61.12,1.0,SetByAsk
2025-12-22 19:19:28,2025-12-22T19:19:28,61.13,1.0,SetByAsk
2025-12-22 19:19:28,2025-12-22T19:19:28,61.13,1.0,SetByAsk
2025-12-22 19:19:28,2025-12-22T19:19:28,61.13,1.0,SetByAsk
2025-12-22 19:19:28,2025-12-22T19:19:28,61.13,1.0,SetByAsk
2025-12-22 19:19:28,2025-12-22T19:19:28,61.12,1.0,SetByAsk
2025-12-22 19:19:28,2025-12-22T19:19:28,61.12,1.0,SetByAsk
2025-12-22 19:19:28,2025-12-22T19:19:28,61.12,1.0,SetByAsk
2025-12-22 19:19:28,2025-12-22T19:19:28,61.12,1.0,SetByAsk
2025-12-22 19:19:28,2025-12-22T19:19:28,61.12,1.0,SetByAsk
2025-12-22 19:19:28,2025-12-22T19:19:28,61.12,1.0,SetByAsk
2025-12-22 19:19:28,2025-12-22T19:19:28,61.12,1.0,SetByAsk
2025-12-22 19:19:28,2025-12-22T19:19:28,61.12,1.0,SetByAsk
2025-12-22 19:19:28,2025-12-22T19:19:28,61.12,1.0,SetByAsk
2025-12-22 19:19:28,2025-12-22T19:19:28,61.12,1.0,SetByAsk
2025-12-22 19:19:28,2025-12-22T19:19:28,61.13,1.0,SetByAsk
2025-12-22 19:19:28,2025-12-22T19:19:28,61.12,1.0,SetByAsk
2025-12-22 19:19:28,2025-12-22T19:19:28,61.12,1.0,SetByAsk
2025-12-22 19:19:28,2025-12-22T19:19:28,61.12,1.0,SetByAsk
2025-12-22 19:19:28,2025-12-22T19:19:28,61.12,1.0,SetByAsk
2025-12-22 19:19:28,2025-12-22T19:19:28,61.12,1.0,SetByAsk
2025-12-22 19:19:28,2025-12-22T19:19:28,61.12,1.0,SetByAsk
2025-12-22 19:19:28,2025-12-22T19:19:28,61.12,1.0,SetByAsk
2025-12-22 19:19:28,2025-12-22T19:19:28,61.12,1.0,SetByAsk
2025-12-22 19:19:28,2025-12-22T19:19:28,61.12,1.0,SetByAsk
2025-12-22 19:19:28,2025-12-22T19:19:28,61.12,1.0,SetByAsk
2025-12-22 19:19:28,2025-12-22T19:19:28,61.12,1.0,SetByAsk
2025-12-22 19:19:28,2025-12-22T19:19:28,61.12,1.0,SetByAsk
2025-12-22 19:19:28,2025-12-22T19:19:28,61.12,1.0,SetByAsk
2025-12-22 19:19:28,2025-12-22T19:19:28,61.12,1.0,SetByAsk
2025-12-22 19:19:28,2025-12-22T19:19:28,61.12,1.0,SetByAsk
2025-12-22 19:19:28,2025-12-22T19:19:28,61.12,1.0,SetByAsk
2025-12-22 19:19:28,2025-12-22T19:19:28,61.12,1.0,SetByAsk
2025-12-22 19:19:28,2025-12-22T19:19:28,61.12,1.0,SetByAsk
2025-12-22 19:19:28,2025-12-22T19:19:28,61.12,1.0,SetByAsk
2025-12-22 19:19:28,2025-12-22T19:19:28,61.12,1.0,SetByAsk
2025-12-22 19:19:28,2025-12-22T19:19:28,61.12,1.0,SetByAsk
2025-12-22 19:19:29,2025-12-22T19:19:29,61.12,1.0,SetByAsk
2025-12-22 19:19:29,2025-12-22T19:19:29,61.12,1.0,SetByAsk
2025-12-22 19:19:29,2025-12-22T19:19:29,61.12,1.0,SetByAsk
2025-12-22 19:19:29,2025-12-22T19:19:29,61.12,1.0,SetByBid
2025-12-22 19:19:29,2025-12-22T19:19:29,61.12,1.0,SetByBid
2025-12-22 19:19:29,2025-12-22T19:19:29,61.12,1.0,SetByBid
2025-12-22 19:19:29,2025-12-22T19:19:29,61.12,1.0,SetByBid
2025-12-22 19:19:29,2025-12-22T19:19:29,61.12,1.0,SetByBid
2025-12-22 19:19:29,2025-12-22T19:19:29,61.12,2.0,SetByBid
2025-12-22 19:19:29,2025-12-22T19:19:29,61.12,2.0,SetByBid
2025-12-22 19:19:29,2025-12-22T19:19:29,61.12,1.0,SetByBid
2025-12-22 19:19:29,2025-12-22T19:19:29,61.12,1.0,SetByAsk
2025-12-22 19:19:29,2025-12-22T19:19:29,61.12,1.0,SetByBid
2025-12-22 19:19:29,2025-12-22T19:19:29,61.12,1.0,SetByBid
2025-12-22 19:19:29,2025-12-22T19:19:29,61.12,2.0,SetByBid
2025-12-22 19:19:30,2025-12-22T19:19:30,61.12,1.0,SetByAsk
2025-12-22 19:19:30,2025-12-22T19:19:30,61.11,1.0,SetByAsk
2025-12-22 19:19:30,2025-12-22T19:19:30,61.11,1.0,SetByAsk
2025-12-22 19:19:30,2025-12-22T19:19:30,61.11,1.0,SetByAsk
2025-12-22 19:19:30,2025-12-22T19:19:30,61.12,1.0,SetByAsk
2025-12-22 19:19:30,2025-12-22T19:19:30,61.11,1.0,SetByAsk
2025-12-22 19:19:30,2025-12-22T19:19:30,61.11,1.0,SetByAsk
2025-12-22 19:19:30,2025-12-22T19:19:30,61.11,1.0,SetByAsk
2025-12-22 19:19:30,2025-12-22T19:19:30,61.11,1.0,SetByAsk
2025-12-22 19:19:30,2025-12-22T19:19:30,61.11,1.0,SetByAsk
2025-12-22 19:19:30,2025-12-22T19:19:30,61.11,1.0,SetByAsk
2025-12-22 19:19:30,2025-12-22T19:19:30,61.11,1.0,SetByAsk
2025-12-22 19:19:30,2025-12-22T19:19:30,61.11,1.0,SetByAsk
2025-12-22 19:19:30,2025-12-22T19:19:30,61.13,1.0,SetByBid
2025-12-22 19:19:31,2025-12-22T19:19:31,61.13,1.0,SetByBid
2025-12-22 19:19:31,2025-12-22T19:19:31,61.13,1.0,SetByBid
2025-12-22 19:19:31,2025-12-22T19:19:31,61.13,1.0,SetByBid
2025-12-22 19:19:32,2025-12-22T19:19:32,61.13,1.0,SetByBid
2025-12-22 19:19:32,2025-12-22T19:19:32,61.13,1.0,SetByBid
2025-12-22 19:19:32,2025-12-22T19:19:32,61.13,1.0,SetByBid
2025-12-22 19:19:32,2025-12-22T19:19:32,61.13,1.0,SetByBid
2025-12-22 19:19:33,2025-12-22T19:19:33,61.13,1.0,SetByBid
2025-12-22 19:19:33,2025-12-22T19:19:33,61.13,1.0,SetByBid
2025-12-22 19:19:33,2025-12-22T19:19:33,61.13,1.0,SetByAsk
2025-12-22 19:19:33,2025-12-22T19:19:33,61.13,1.0,SetByAsk
2025-12-22 19:19:33,2025-12-22T19:19:33,61.13,1.0,SetByAsk
2025-12-22 19:19:33,2025-12-22T19:19:33,61.13,1.0,SetByBid
2025-12-22 19:19:33,2025-12-22T19:19:33,61.13,1.0,SetByBid
2025-12-22 19:19:33,2025-12-22T19:19:33,61.13,1.0,SetByAsk
2025-12-22 19:19:34,2025-12-22T19:19:34,61.13,1.0,SetByAsk
2025-12-22 19:19:34,2025-12-22T19:19:34,61.13,1.0,SetByAsk
2025-12-22 19:19:34,2025-12-22T19:19:34,61.13,1.0,SetByAsk
2025-12-22 19:19:34,2025-12-22T19:19:34,61.13,1.0,SetByAsk
2025-12-22 19:19:37,2025-12-22T19:19:37,61.13,1.0,SetByAsk
2025-12-22 19:19:55,2025-12-22T19:19:55,61.15,1.0,SetByBid
2025-12-22 19:19:57,2025-12-22T19:19:57,61.15,1.0,SetByBid
2025-12-22 19:19:59,2025-12-22T19:19:59,61.14,1.0,SetByAsk
2025-12-22 19:19:59,2025-12-22T19:19:59,61.14,1.0,SetByBid
2025-12-22 19:20:02,2025-12-22T19:20:02,61.14,1.0,SetByAsk
2025-12-22 19:20:04,2025-12-22T19:20:04,61.14,1.0,SetByBid
2025-12-22 19:20:14,2025-12-22T19:20:14,61.15,1.0,SetByBid
2025-12-22 19:20:14,2025-12-22T19:20:14,61.15,1.0,SetByBid
2025-12-22 19:20:16,2025-12-22T19:20:16,61.14,1.0,SetByBid
2025-12-22 19:20:23,2025-12-22T19:20:23,61.16,1.0,SetByBid
2025-12-22 19:20:27,2025-12-22T19:20:27,61.16,1.0,SetByBid
2025-12-22 19:20:27,2025-12-22T19:20:27,61.16,1.0,SetByBid
2025-12-22 19:20:35,2025-12-22T19:20:35,61.15,1.0,SetByAsk
2025-12-22 19:20:35,2025-12-22T19:20:35,61.15,1.0,SetByAsk
2025-12-22 19:20:35,2025-12-22T19:20:35,61.14,1.0,SetByAsk
2025-12-22 19:20:35,2025-12-22T19:20:35,61.14,1.0,SetByAsk
2025-12-22 19:20:35,2025-12-22T19:20:35,61.14,1.0,SetByAsk
2025-12-22 19:20:35,2025-12-22T19:20:35,61.14,1.0,SetByAsk
2025-12-22 19:20:35,2025-12-22T19:20:35,61.14,1.0,SetByAsk
2025-12-22 19:20:35,2025-12-22T19:20:35,61.14,1.0,SetByAsk
2025-12-22 19:20:35,2025-12-22T19:20:35,61.14,1.0,SetByAsk
2025-12-22 19:20:35,2025-12-22T19:20:35,61.14,1.0,SetByAsk
2025-12-22 19:20:35,2025-12-22T19:20:35,61.14,1.0,SetByAsk
2025-12-22 19:20:35,2025-12-22T19:20:35,61.14,1.0,SetByAsk
2025-12-22 19:20:35,2025-12-22T19:20:35,61.14,1.0,SetByAsk
2025-12-22 19:20:35,2025-12-22T19:20:35,61.14,1.0,SetByAsk
2025-12-22 19:20:35,2025-12-22T19:20:35,61.14,1.0,SetByAsk
2025-12-22 19:20:35,2025-12-22T19:20:35,61.14,1.0,SetByAsk
2025-12-22 19:20:35,2025-12-22T19:20:35,61.14,2.0,SetByAsk
2025-12-22 19:20:35,2025-12-22T19:20:35,61.14,1.0,SetByAsk
2025-12-22 19:20:35,2025-12-22T19:20:35,61.14,1.0,SetByAsk
2025-12-22 19:20:35,2025-12-22T19:20:35,61.14,1.0,SetByAsk
2025-12-22 19:20:35,2025-12-22T19:20:35,61.14,1.0,SetByAsk
2025-12-22 19:20:35,2025-12-22T19:20:35,61.14,1.0,SetByAsk
2025-12-22 19:20:35,2025-12-22T19:20:35,61.14,1.0,SetByAsk
2025-12-22 19:20:35,2025-12-22T19:20:35,61.14,3.0,SetByAsk
2025-12-22 19:20:35,2025-12-22T19:20:35,61.14,1.0,SetByAsk
2025-12-22 19:20:35,2025-12-22T19:20:35,61.14,1.0,SetByAsk
2025-12-22 19:20:35,2025-12-22T19:20:35,61.14,3.0,SetByAsk
2025-12-22 19:20:35,2025-12-22T19:20:35,61.14,1.0,SetByAsk
2025-12-22 19:20:35,2025-12-22T19:20:35,61.14,1.0,SetByAsk
2025-12-22 19:20:35,2025-12-22T19:20:35,61.14,6.0,SetByAsk
2025-12-22 19:20:35,2025-12-22T19:20:35,61.14,1.0,SetByAsk
2025-12-22 19:20:35,2025-12-22T19:20:35,61.14,1.0,SetByAsk
2025-12-22 19:20:35,2025-12-22T19:20:35,61.14,1.0,SetByAsk
2025-12-22 19:20:35,2025-12-22T19:20:35,61.14,1.0,SetByAsk
2025-12-22 19:20:35,2025-12-22T19:20:35,61.14,1.0,SetByAsk
2025-12-22 19:20:35,2025-12-22T19:20:35,61.14,1.0,SetByBid
2025-12-22 19:20:35,2025-12-22T19:20:35,61.14,2.0,SetByBid
2025-12-22 19:20:35,2025-12-22T19:20:35,61.14,4.0,SetByBid
2025-12-22 19:20:35,2025-12-22T19:20:35,61.13,1.0,SetByAsk
2025-12-22 19:20:35,2025-12-22T19:20:35,61.13,1.0,SetByAsk
2025-12-22 19:20:35,2025-12-22T19:20:35,61.13,1.0,SetByAsk
2025-12-22 19:20:35,2025-12-22T19:20:35,61.13,1.0,SetByAsk
2025-12-22 19:20:35,2025-12-22T19:20:35,61.13,2.0,SetByAsk
2025-12-22 19:20:35,2025-12-22T19:20:35,61.13,2.0,SetByAsk
2025-12-22 19:20:35,2025-12-22T19:20:35,61.13,1.0,SetByAsk
2025-12-22 19:20:35,2025-12-22T19:20:35,61.13,1.0,SetByAsk
2025-12-22 19:20:35,2025-12-22T19:20:35,61.13,1.0,SetByAsk
2025-12-22 19:20:35,2025-12-22T19:20:35,61.13,1.0,SetByAsk
2025-12-22 19:20:35,2025-12-22T19:20:35,61.13,1.0,SetByAsk
2025-12-22 19:20:35,2025-12-22T19:20:35,61.13,1.0,SetByAsk
2025-12-22 19:20:35,2025-12-22T19:20:35,61.13,1.0,SetByAsk
2025-12-22 19:20:35,2025-12-22T19:20:35,61.13,1.0,SetByAsk
2025-12-22 19:20:35,2025-12-22T19:20:35,61.13,1.0,SetByAsk
2025-12-22 19:20:35,2025-12-22T19:20:35,61.13,1.0,SetByAsk
2025-12-22 19:20:35,2025-12-22T19:20:35,61.13,1.0,SetByAsk
2025-12-22 19:20:35,2025-12-22T19:20:35,61.13,1.0,SetByAsk
2025-12-22 19:20:35,2025-12-22T19:20:35,61.13,1.0,SetByAsk
2025-12-22 19:20:35,2025-12-22T19:20:35,61.14,1.0,SetByBid
2025-12-22 19:20:35,2025-12-22T19:20:35,61.13,1.0,SetByAsk
2025-12-22 19:20:35,2025-12-22T19:20:35,61.13,1.0,SetByAsk
2025-12-22 19:20:35,2025-12-22T19:20:35,61.13,1.0,SetByAsk
2025-12-22 19:20:35,2025-12-22T19:20:35,61.13,1.0,SetByAsk
2025-12-22 19:20:35,2025-12-22T19:20:35,61.13,1.0,SetByAsk
2025-12-22 19:20:35,2025-12-22T19:20:35,61.13,1.0,SetByAsk
2025-12-22 19:20:35,2025-12-22T19:20:35,61.13,1.0,SetByAsk
2025-12-22 19:20:35,2025-12-22T19:20:35,61.14,1.0,SetByBid
2025-12-22 19:20:35,2025-12-22T19:20:35,61.13,1.0,SetByAsk
2025-12-22 19:20:35,2025-12-22T19:20:35,61.13,1.0,SetByAsk
2025-12-22 19:20:35,2025-12-22T19:20:35,61.13,3.0,SetByAsk
2025-12-22 19:20:35,2025-12-22T19:20:35,61.13,1.0,SetByAsk
2025-12-22 19:20:35,2025-12-22T19:20:35,61.13,1.0,SetByAsk
2025-12-22 19:20:35,2025-12-22T19:20:35,61.13,1.0,SetByAsk
2025-12-22 19:20:35,2025-12-22T19:20:35,61.13,1.0,SetByAsk
2025-12-22 19:20:35,2025-12-22T19:20:35,61.13,1.0,SetByAsk
2025-12-22 19:20:35,2025-12-22T19:20:35,61.13,1.0,SetByBid
2025-12-22 19:20:35,2025-12-22T19:20:35,61.13,1.0,SetByAsk
2025-12-22 19:20:35,2025-12-22T19:20:35,61.13,3.0,SetByAsk
2025-12-22 19:20:35,2025-12-22T19:20:35,61.13,3.0,SetByAsk
2025-12-22 19:20:35,2025-12-22T19:20:35,61.13,1.0,SetByAsk
2025-12-22 19:20:35,2025-12-22T19:20:35,61.13,1.0,SetByBid
2025-12-22 19:20:35,2025-12-22T19:20:35,61.13,3.0,SetByBid
2025-12-22 19:20:35,2025-12-22T19:20:35,61.13,1.0,SetByAsk
2025-12-22 19:20:35,2025-12-22T19:20:35,61.13,1.0,SetByAsk
2025-12-22 19:20:35,2025-12-22T19:20:35,61.13,3.0,SetByBid
2025-12-22 19:20:35,2025-12-22T19:20:35,61.13,1.0,SetByAsk
2025-12-22 19:20:35,2025-12-22T19:20:35,61.13,1.0,SetByAsk
2025-12-22 19:20:35,2025-12-22T19:20:35,61.13,1.0,SetByAsk
2025-12-22 19:20:35,2025-12-22T19:20:35,61.13,1.0,SetByAsk
2025-12-22 19:20:35,2025-12-22T19:20:35,61.13,1.0,SetByAsk
2025-12-22 19:20:35,2025-12-22T19:20:35,61.14,296.0,SetByBid
2025-12-22 19:20:35,2025-12-22T19:20:35,61.14,2.0,SetByAsk
2025-12-22 19:20:36,2025-12-22T19:20:36,61.14,1.0,SetByBid
2025-12-22 19:20:42,2025-12-22T19:20:42,61.14,1.0,SetByBid
2025-12-22 19:20:42,2025-12-22T19:20:42,61.14,1.0,SetByBid
2025-12-22 19:20:49,2025-12-22T19:20:49,61.13,1.0,SetByAsk
2025-12-22 19:20:49,2025-12-22T19:20:49,61.14,1.0,SetByBid
2025-12-22 19:20:49,2025-12-22T19:20:49,61.13,1.0,SetByAsk
2025-12-22 19:20:49,2025-12-22T19:20:49,61.13,1.0,SetByAsk
2025-12-22 19:20:51,2025-12-22T19:20:51,61.13,1.0,SetByAsk
2025-12-22 19:20:51,2025-12-22T19:20:51,61.13,1.0,SetByAsk
2025-12-22 19:20:51,2025-12-22T19:20:51,61.13,1.0,SetByAsk
2025-12-22 19:20:52,2025-12-22T19:20:52,61.13,1.0,SetByAsk
2025-12-22 19:20:52,2025-12-22T19:20:52,61.13,1.0,SetByAsk
2025-12-22 19:20:52,2025-12-22T19:20:52,61.13,1.0,SetByAsk
2025-12-22 19:20:52,2025-12-22T19:20:52,61.13,1.0,SetByAsk
2025-12-22 19:20:52,2025-12-22T19:20:52,61.13,1.0,SetByBid
2025-12-22 19:20:55,2025-12-22T19:20:55,61.12,1.0,SetByAsk
2025-12-22 19:20:59,2025-12-22T19:20:59,61.12,1.0,SetByAsk
2025-12-22 19:21:01,2025-12-22T19:21:01,61.12,1.0,SetByAsk
2025-12-22 19:21:08,2025-12-22T19:21:08,61.13,1.0,SetByBid
2025-12-22 19:21:08,2025-12-22T19:21:08,61.14,1.0,SetByBid
2025-12-22 19:21:10,2025-12-22T19:21:10,61.13,1.0,SetByAsk
2025-12-22 19:21:10,2025-12-22T19:21:10,61.13,1.0,SetByAsk
2025-12-22 19:21:28,2025-12-22T19:21:28,61.13,1.0,SetByBid
2025-12-22 19:21:28,2025-12-22T19:21:28,61.13,1.0,SetByBid
2025-12-22 19:21:28,2025-12-22T19:21:28,61.13,1.0,SetByBid
2025-12-22 19:21:29,2025-12-22T19:21:29,61.14,1.0,SetByBid
2025-12-22 19:21:29,2025-12-22T19:21:29,61.14,1.0,SetByBid
2025-12-22 19:21:45,2025-12-22T19:21:45,61.14,1.0,SetByBid
2025-12-22 19:21:46,2025-12-22T19:21:46,61.13,1.0,SetByAsk
2025-12-22 19:21:46,2025-12-22T19:21:46,61.13,1.0,SetByAsk
2025-12-22 19:21:46,2025-12-22T19:21:46,61.13,1.0,SetByAsk
2025-12-22 19:21:46,2025-12-22T19:21:46,61.13,1.0,SetByAsk
2025-12-22 19:21:46,2025-12-22T19:21:46,61.13,1.0,SetByAsk
2025-12-22 19:21:46,2025-12-22T19:21:46,61.13,1.0,SetByAsk
2025-12-22 19:21:46,2025-12-22T19:21:46,61.13,2.0,SetByAsk
2025-12-22 19:21:46,2025-12-22T19:21:46,61.13,1.0,SetByAsk
2025-12-22 19:21:46,2025-12-22T19:21:46,61.13,1.0,SetByAsk
2025-12-22 19:21:46,2025-12-22T19:21:46,61.13,1.0,SetByBid
2025-12-22 19:21:57,2025-12-22T19:21:57,61.13,1.0,SetByAsk
2025-12-22 19:22:00,2025-12-22T19:22:00,61.14,1.0,SetByBid
2025-12-22 19:22:25,2025-12-22T19:22:25,61.15,1.0,SetByBid
2025-12-22 19:22:31,2025-12-22T19:22:31,61.15,1.0,SetByBid
2025-12-22 19:22:31,2025-12-22T19:22:31,61.15,1.0,SetByBid
2025-12-22 19:22:31,2025-12-22T19:22:31,61.15,1.0,SetByBid
2025-12-22 19:22:31,2025-12-22T19:22:31,61.15,1.0,SetByBid
2025-12-22 19:22:31,2025-12-22T19:22:31,61.15,1.0,SetByBid
2025-12-22 19:22:31,2025-12-22T19:22:31,61.15,1.0,SetByBid
2025-12-22 19:22:33,2025-12-22T19:22:33,61.16,1.0,SetByBid
2025-12-22 19:22:33,2025-12-22T19:22:33,61.16,1.0,SetByBid
2025-12-22 19:22:33,2025-12-22T19:22:33,61.16,1.0,SetByBid
2025-12-22 19:22:34,2025-12-22T19:22:34,61.16,1.0,SetByAsk
2025-12-22 19:22:34,2025-12-22T19:22:34,61.16,1.0,SetByAsk
2025-12-22 19:22:41,2025-12-22T19:22:41,61.17,1.0,SetByAsk
2025-12-22 19:22:41,2025-12-22T19:22:41,61.17,1.0,SetByAsk
2025-12-22 19:22:41,2025-12-22T19:22:41,61.17,1.0,SetByAsk
2025-12-22 19:22:41,2025-12-22T19:22:41,61.16,1.0,SetByAsk
2025-12-22 19:22:41,2025-12-22T19:22:41,61.16,1.0,SetByAsk
2025-12-22 19:22:41,2025-12-22T19:22:41,61.16,1.0,SetByAsk
2025-12-22 19:22:41,2025-12-22T19:22:41,61.16,1.0,SetByAsk
2025-12-22 19:22:41,2025-12-22T19:22:41,61.16,1.0,SetByAsk
2025-12-22 19:22:41,2025-12-22T19:22:41,61.16,1.0,SetByAsk
2025-12-22 19:22:41,2025-12-22T19:22:41,61.16,1.0,SetByAsk
2025-12-22 19:22:41,2025-12-22T19:22:41,61.16,1.0,SetByAsk
2025-12-22 19:22:41,2025-12-22T19:22:41,61.17,1.0,SetByBid
2025-12-22 19:22:41,2025-12-22T19:22:41,61.16,1.0,SetByAsk
2025-12-22 19:22:41,2025-12-22T19:22:41,61.17,1.0,SetByBid
2025-12-22 19:22:41,2025-12-22T19:22:41,61.16,1.0,SetByAsk
2025-12-22 19:22:41,2025-12-22T19:22:41,61.16,1.0,SetByAsk
2025-12-22 19:22:41,2025-12-22T19:22:41,61.16,1.0,SetByAsk
2025-12-22 19:22:41,2025-12-22T19:22:41,61.16,1.0,SetByAsk
2025-12-22 19:22:41,2025-12-22T19:22:41,61.16,1.0,SetByAsk
2025-12-22 19:22:41,2025-12-22T19:22:41,61.16,1.0,SetByAsk
2025-12-22 19:22:41,2025-12-22T19:22:41,61.16,1.0,SetByAsk
2025-12-22 19:22:43,2025-12-22T19:22:43,61.18,1.0,SetByBid
2025-12-22 19:22:43,2025-12-22T19:22:43,61.18,1.0,SetByBid
2025-12-22 19:22:43,2025-12-22T19:22:43,61.18,1.0,SetByBid
2025-12-22 19:22:43,2025-12-22T19:22:43,61.18,1.0,SetByBid
2025-12-22 19:22:45,2025-12-22T19:22:45,61.18,1.0,SetByAsk
2025-12-22 19:22:45,2025-12-22T19:22:45,61.18,1.0,SetByBid
2025-12-22 19:22:48,2025-12-22T19:22:48,61.17,1.0,SetByAsk
2025-12-22 19:22:53,2025-12-22T19:22:53,61.18,1.0,SetByBid
2025-12-22 19:22:57,2025-12-22T19:22:57,61.18,1.0,SetByAsk
2025-12-22 19:22:59,2025-12-22T19:22:59,61.18,1.0,SetByAsk
2025-12-22 19:23:00,2025-12-22T19:23:00,61.19,1.0,SetByBid
2025-12-22 19:23:00,2025-12-22T19:23:00,61.19,1.0,SetByBid
2025-12-22 19:23:00,2025-12-22T19:23:00,61.19,1.0,SetByBid
2025-12-22 19:23:00,2025-12-22T19:23:00,61.19,1.0,SetByBid
2025-12-22 19:23:00,2025-12-22T19:23:00,61.19,1.0,SetByBid
2025-12-22 19:23:00,2025-12-22T19:23:00,61.19,1.0,SetByBid
2025-12-22 19:23:00,2025-12-22T19:23:00,61.19,1.0,SetByBid
2025-12-22 19:23:00,2025-12-22T19:23:00,61.19,1.0,SetByBid
2025-12-22 19:23:00,2025-12-22T19:23:00,61.19,1.0,SetByBid
2025-12-22 19:23:00,2025-12-22T19:23:00,61.19,1.0,SetByBid
2025-12-22 19:23:00,2025-12-22T19:23:00,61.19,1.0,SetByBid
2025-12-22 19:23:00,2025-12-22T19:23:00,61.19,3.0,SetByBid
2025-12-22 19:23:00,2025-12-22T19:23:00,61.19,1.0,SetByBid
2025-12-22 19:23:00,2025-12-22T19:23:00,61.19,1.0,SetByBid
2025-12-22 19:23:00,2025-12-22T19:23:00,61.19,1.0,SetByBid
2025-12-22 19:23:00,2025-12-22T19:23:00,61.19,2.0,SetByBid
2025-12-22 19:23:00,2025-12-22T19:23:00,61.19,1.0,SetByBid
2025-12-22 19:23:00,2025-12-22T19:23:00,61.19,1.0,SetByBid
2025-12-22 19:23:00,2025-12-22T19:23:00,61.19,1.0,SetByBid
2025-12-22 19:23:00,2025-12-22T19:23:00,61.19,1.0,SetByBid
2025-12-22 19:23:00,2025-12-22T19:23:00,61.19,1.0,SetByBid
2025-12-22 19:23:00,2025-12-22T19:23:00,61.19,1.0,SetByBid
2025-12-22 19:23:00,2025-12-22T19:23:00,61.19,1.0,SetByBid
2025-12-22 19:23:00,2025-12-22T19:23:00,61.19,1.0,SetByBid
2025-12-22 19:23:00,2025-12-22T19:23:00,61.19,1.0,SetByBid
2025-12-22 19:23:00,2025-12-22T19:23:00,61.19,1.0,SetByBid
2025-12-22 19:23:00,2025-12-22T19:23:00,61.19,1.0,SetByBid
2025-12-22 19:23:00,2025-12-22T19:23:00,61.19,1.0,SetByBid
2025-12-22 19:23:00,2025-12-22T19:23:00,61.19,1.0,SetByBid
2025-12-22 19:23:00,2025-12-22T19:23:00,61.19,1.0,SetByBid
2025-12-22 19:23:00,2025-12-22T19:23:00,61.19,1.0,SetByBid
2025-12-22 19:23:00,2025-12-22T19:23:00,61.19,1.0,SetByBid
2025-12-22 19:23:00,2025-12-22T19:23:00,61.19,1.0,SetByBid
2025-12-22 19:23:00,2025-12-22T19:23:00,61.19,1.0,SetByBid
2025-12-22 19:23:00,2025-12-22T19:23:00,61.19,1.0,SetByBid
2025-12-22 19:23:00,2025-12-22T19:23:00,61.19,1.0,SetByBid
2025-12-22 19:23:00,2025-12-22T19:23:00,61.19,1.0,SetByBid
2025-12-22 19:23:01,2025-12-22T19:23:01,61.19,1.0,SetByBid
2025-12-22 19:23:01,2025-12-22T19:23:01,61.19,1.0,SetByBid
2025-12-22 19:23:11,2025-12-22T19:23:11,61.2,1.0,SetByBid
2025-12-22 19:23:11,2025-12-22T19:23:11,61.19,1.0,SetByAsk
2025-12-22 19:23:12,2025-12-22T19:23:12,61.19,1.0,SetByBid
2025-12-22 19:23:17,2025-12-22T19:23:17,61.18,1.0,SetByAsk
2025-12-22 19:23:24,2025-12-22T19:23:24,61.17,1.0,SetByAsk
2025-12-22 19:23:28,2025-12-22T19:23:28,61.18,1.0,SetByBid
2025-12-22 19:23:32,2025-12-22T19:23:32,61.18,1.0,SetByAsk
2025-12-22 19:23:35,2025-12-22T19:23:35,61.19,1.0,SetByBid
2025-12-22 19:23:45,2025-12-22T19:23:45,61.19,1.0,SetByBid
2025-12-22 19:23:48,2025-12-22T19:23:48,61.18,1.0,SetByAsk
2025-12-22 19:24:03,2025-12-22T19:24:03,61.19,1.0,SetByBid
2025-12-22 19:24:21,2025-12-22T19:24:21,61.2,1.0,SetByBid
2025-12-22 19:24:30,2025-12-22T19:24:30,61.19,1.0,SetByAsk
2025-12-22 19:24:30,2025-12-22T19:24:30,61.19,1.0,SetByAsk
2025-12-22 19:24:30,2025-12-22T19:24:30,61.19,1.0,SetByAsk
2025-12-22 19:24:30,2025-12-22T19:24:30,61.19,1.0,SetByAsk
2025-12-22 19:24:30,2025-12-22T19:24:30,61.18,1.0,SetByAsk
2025-12-22 19:24:30,2025-12-22T19:24:30,61.18,2.0,SetByAsk
2025-12-22 19:24:30,2025-12-22T19:24:30,61.18,1.0,SetByAsk
2025-12-22 19:24:30,2025-12-22T19:24:30,61.18,1.0,SetByAsk
2025-12-22 19:24:30,2025-12-22T19:24:30,61.18,1.0,SetByAsk
2025-12-22 19:24:30,2025-12-22T19:24:30,61.18,1.0,SetByAsk
2025-12-22 19:24:30,2025-12-22T19:24:30,61.18,1.0,SetByAsk
2025-12-22 19:24:30,2025-12-22T19:24:30,61.18,1.0,SetByAsk
2025-12-22 19:24:30,2025-12-22T19:24:30,61.18,1.0,SetByAsk
2025-12-22 19:24:30,2025-12-22T19:24:30,61.18,1.0,SetByAsk
2025-12-22 19:24:30,2025-12-22T19:24:30,61.18,1.0,SetByAsk
2025-12-22 19:24:30,2025-12-22T19:24:30,61.18,1.0,SetByAsk
2025-12-22 19:24:30,2025-12-22T19:24:30,61.18,1.0,SetByAsk
2025-12-22 19:24:30,2025-12-22T19:24:30,61.18,1.0,SetByAsk
2025-12-22 19:24:30,2025-12-22T19:24:30,61.18,1.0,SetByAsk
2025-12-22 19:24:30,2025-12-22T19:24:30,61.18,1.0,SetByAsk
2025-12-22 19:24:30,2025-12-22T19:24:30,61.18,1.0,SetByAsk
2025-12-22 19:24:30,2025-12-22T19:24:30,61.18,1.0,SetByAsk
2025-12-22 19:24:30,2025-12-22T19:24:30,61.18,1.0,SetByAsk
2025-12-22 19:24:30,2025-12-22T19:24:30,61.18,1.0,SetByAsk
2025-12-22 19:24:30,2025-12-22T19:24:30,61.18,1.0,SetByBid
2025-12-22 19:24:30,2025-12-22T19:24:30,61.18,1.0,SetByBid
2025-12-22 19:24:30,2025-12-22T19:24:30,61.18,1.0,SetByBid
2025-12-22 19:24:31,2025-12-22T19:24:31,61.17,1.0,SetByAsk
2025-12-22 19:24:31,2025-12-22T19:24:31,61.17,1.0,SetByAsk
2025-12-22 19:24:31,2025-12-22T19:24:31,61.17,1.0,SetByAsk
2025-12-22 19:24:31,2025-12-22T19:24:31,61.17,1.0,SetByAsk
2025-12-22 19:24:44,2025-12-22T19:24:44,61.18,1.0,SetByBid
2025-12-22 19:24:55,2025-12-22T19:24:55,61.19,1.0,SetByBid
2025-12-22 19:24:59,2025-12-22T19:24:59,61.18,1.0,SetByAsk
2025-12-22 19:24:59,2025-12-22T19:24:59,61.18,1.0,SetByAsk
2025-12-22 19:25:00,2025-12-22T19:25:00,61.18,1.0,SetByBid
2025-12-22 19:25:09,2025-12-22T19:25:09,61.19,1.0,SetByBid
2025-12-22 19:25:09,2025-12-22T19:25:09,61.19,1.0,SetByBid
2025-12-22 19:25:09,2025-12-22T19:25:09,61.19,1.0,SetByBid
2025-12-22 19:25:09,2025-12-22T19:25:09,61.19,1.0,SetByBid
2025-12-22 19:25:09,2025-12-22T19:25:09,61.19,1.0,SetByBid
2025-12-22 19:25:10,2025-12-22T19:25:10,61.19,1.0,SetByBid
2025-12-22 19:25:10,2025-12-22T19:25:10,61.19,1.0,SetByBid
2025-12-22 19:25:10,2025-12-22T19:25:10,61.19,1.0,SetByBid
2025-12-22 19:25:10,2025-12-22T19:25:10,61.2,1.0,SetByBid
2025-12-22 19:25:14,2025-12-22T19:25:14,61.2,1.0,SetByBid
2025-12-22 19:25:14,2025-12-22T19:25:14,61.2,1.0,SetByAsk
2025-12-22 19:25:14,2025-12-22T19:25:14,61.2,1.0,SetByAsk
2025-12-22 19:25:14,2025-12-22T19:25:14,61.2,1.0,SetByAsk
2025-12-22 19:25:15,2025-12-22T19:25:15,61.19,1.0,SetByAsk
2025-12-22 19:25:15,2025-12-22T19:25:15,61.19,1.0,SetByAsk
2025-12-22 19:25:15,2025-12-22T19:25:15,61.19,1.0,SetByAsk
2025-12-22 19:25:15,2025-12-22T19:25:15,61.19,1.0,SetByAsk
2025-12-22 19:25:15,2025-12-22T19:25:15,61.19,1.0,SetByAsk
2025-12-22 19:25:15,2025-12-22T19:25:15,61.19,1.0,SetByAsk
2025-12-22 19:25:16,2025-12-22T19:25:16,61.2,1.0,SetByBid
2025-12-22 19:25:16,2025-12-22T19:25:16,61.2,1.0,SetByAsk
2025-12-22 19:25:16,2025-12-22T19:25:16,61.2,1.0,SetByAsk
2025-12-22 19:25:16,2025-12-22T19:25:16,61.2,1.0,SetByAsk
2025-12-22 19:25:17,2025-12-22T19:25:17,61.19,1.0,SetByAsk
2025-12-22 19:25:17,2025-12-22T19:25:17,61.19,1.0,SetByAsk
2025-12-22 19:25:17,2025-12-22T19:25:17,61.19,1.0,SetByAsk
2025-12-22 19:25:17,2025-12-22T19:25:17,61.19,1.0,SetByAsk
2025-12-22 19:25:17,2025-12-22T19:25:17,61.19,1.0,SetByAsk
2025-12-22 19:25:18,2025-12-22T19:25:18,61.19,1.0,SetByAsk
2025-12-22 19:25:27,2025-12-22T19:25:27,61.2,1.0,SetByAsk
2025-12-22 19:25:41,2025-12-22T19:25:41,61.21,1.0,SetByBid
2025-12-22 19:25:44,2025-12-22T19:25:44,61.21,1.0,SetByBid
2025-12-22 19:25:47,2025-12-22T19:25:47,61.2,1.0,SetByAsk
2025-12-22 19:25:47,2025-12-22T19:25:47,61.2,1.0,SetByAsk
2025-12-22 19:25:50,2025-12-22T19:25:50,61.21,1.0,SetByBid
2025-12-22 19:25:51,2025-12-22T19:25:51,61.21,1.0,SetByBid
2025-12-22 19:25:51,2025-12-22T19:25:51,61.21,1.0,SetByBid
2025-12-22 19:25:51,2025-12-22T19:25:51,61.21,1.0,SetByAsk
2025-12-22 19:25:54,2025-12-22T19:25:54,61.21,1.0,SetByBid
2025-12-22 19:25:55,2025-12-22T19:25:55,61.21,1.0,SetByBid
2025-12-22 19:25:58,2025-12-22T19:25:58,61.2,1.0,SetByAsk
2025-12-22 19:25:58,2025-12-22T19:25:58,61.2,1.0,SetByAsk
2025-12-22 19:25:58,2025-12-22T19:25:58,61.2,1.0,SetByAsk
2025-12-22 19:25:58,2025-12-22T19:25:58,61.21,1.0,SetByBid
2025-12-22 19:26:00,2025-12-22T19:26:00,61.2,1.0,SetByAsk
2025-12-22 19:26:00,2025-12-22T19:26:00,61.2,1.0,SetByAsk
2025-12-22 19:26:00,2025-12-22T19:26:00,61.2,1.0,SetByAsk
2025-12-22 19:26:00,2025-12-22T19:26:00,61.2,1.0,SetByAsk
2025-12-22 19:26:00,2025-12-22T19:26:00,61.2,1.0,SetByBid
2025-12-22 19:26:00,2025-12-22T19:26:00,61.2,1.0,SetByBid
2025-12-22 19:26:00,2025-12-22T19:26:00,61.2,1.0,SetByBid
2025-12-22 19:26:01,2025-12-22T19:26:01,61.2,1.0,SetByAsk
2025-12-22 19:26:01,2025-12-22T19:26:01,61.2,1.0,SetByAsk
2025-12-22 19:26:01,2025-12-22T19:26:01,61.2,1.0,SetByAsk
2025-12-22 19:26:10,2025-12-22T19:26:10,61.21,1.0,SetByBid
2025-12-22 19:26:25,2025-12-22T19:26:25,61.22,1.0,SetByBid
2025-12-22 19:26:32,2025-12-22T19:26:32,61.22,1.0,SetByBid
2025-12-22 19:26:35,2025-12-22T19:26:35,61.22,1.0,SetByBid
2025-12-22 19:26:35,2025-12-22T19:26:35,61.22,1.0,SetByBid
2025-12-22 19:26:36,2025-12-22T19:26:36,61.23,1.0,SetByBid
2025-12-22 19:26:36,2025-12-22T19:26:36,61.23,1.0,SetByBid
2025-12-22 19:26:37,2025-12-22T19:26:37,61.23,1.0,SetByBid
2025-12-22 19:26:37,2025-12-22T19:26:37,61.23,1.0,SetByBid
2025-12-22 19:26:37,2025-12-22T19:26:37,61.23,1.0,SetByBid
2025-12-22 19:26:37,2025-12-22T19:26:37,61.23,1.0,SetByBid
2025-12-22 19:26:46,2025-12-22T19:26:46,61.23,1.0,SetByBid
2025-12-22 19:26:57,2025-12-22T19:26:57,61.23,1.0,SetByBid
2025-12-22 19:27:02,2025-12-22T19:27:02,61.23,1.0,SetByBid
2025-12-22 19:27:02,2025-12-22T19:27:02,61.23,1.0,SetByBid
2025-12-22 19:27:02,2025-12-22T19:27:02,61.23,1.0,SetByBid
2025-12-22 19:27:02,2025-12-22T19:27:02,61.23,1.0,SetByBid
2025-12-22 19:27:02,2025-12-22T19:27:02,61.23,1.0,SetByBid
2025-12-22 19:27:02,2025-12-22T19:27:02,61.23,1.0,SetByBid
2025-12-22 19:27:02,2025-12-22T19:27:02,61.23,1.0,SetByBid
2025-12-22 19:27:02,2025-12-22T19:27:02,61.23,1.0,SetByBid
2025-12-22 19:27:05,2025-12-22T19:27:05,61.23,1.0,SetByBid
2025-12-22 19:27:12,2025-12-22T19:27:12,61.24,1.0,SetByBid
2025-12-22 19:27:12,2025-12-22T19:27:12,61.24,1.0,SetByBid
2025-12-22 19:27:26,2025-12-22T19:27:26,61.23,1.0,SetByBid
2025-12-22 19:27:26,2025-12-22T19:27:26,61.22,1.0,SetByAsk
2025-12-22 19:27:26,2025-12-22T19:27:26,61.22,1.0,SetByAsk
2025-12-22 19:27:26,2025-12-22T19:27:26,61.22,1.0,SetByAsk
2025-12-22 19:27:26,2025-12-22T19:27:26,61.22,1.0,SetByAsk
2025-12-22 19:27:26,2025-12-22T19:27:26,61.22,1.0,SetByAsk
2025-12-22 19:27:26,2025-12-22T19:27:26,61.22,1.0,SetByBid
2025-12-22 19:27:27,2025-12-22T19:27:27,61.22,1.0,SetByBid
2025-12-22 19:27:30,2025-12-22T19:27:30,61.22,1.0,SetByBid
2025-12-22 19:27:30,2025-12-22T19:27:30,61.22,1.0,SetByBid
2025-12-22 19:27:32,2025-12-22T19:27:32,61.22,1.0,SetByBid
2025-12-22 19:27:35,2025-12-22T19:27:35,61.23,1.0,SetByBid
2025-12-22 19:27:46,2025-12-22T19:27:46,61.24,1.0,SetByBid
2025-12-22 19:27:46,2025-12-22T19:27:46,61.24,1.0,SetByBid
2025-12-22 19:27:46,2025-12-22T19:27:46,61.24,1.0,SetByAsk
2025-12-22 19:27:46,2025-12-22T19:27:46,61.24,1.0,SetByBid
2025-12-22 19:27:47,2025-12-22T19:27:47,61.24,1.0,SetByBid
2025-12-22 19:27:47,2025-12-22T19:27:47,61.24,1.0,SetByBid
2025-12-22 19:28:00,2025-12-22T19:28:00,61.23,1.0,SetByAsk
2025-12-22 19:28:00,2025-12-22T19:28:00,61.24,1.0,SetByBid
2025-12-22 19:28:07,2025-12-22T19:28:07,61.25,1.0,SetByBid
2025-12-22 19:28:08,2025-12-22T19:28:08,61.24,1.0,SetByBid
2025-12-22 19:28:14,2025-12-22T19:28:14,61.23,1.0,SetByAsk
2025-12-22 19:28:14,2025-12-22T19:28:14,61.23,1.0,SetByAsk
2025-12-22 19:28:14,2025-12-22T19:28:14,61.23,1.0,SetByAsk
2025-12-22 19:28:14,2025-12-22T19:28:14,61.23,1.0,SetByAsk
2025-12-22 19:28:28,2025-12-22T19:28:28,61.25,1.0,SetByBid
2025-12-22 19:28:28,2025-12-22T19:28:28,61.25,1.0,SetByBid
2025-12-22 19:28:28,2025-12-22T19:28:28,61.25,1.0,SetByBid
2025-12-22 19:28:28,2025-12-22T19:28:28,61.24,1.0,SetByAsk
2025-12-22 19:28:51,2025-12-22T19:28:51,61.23,1.0,SetByBid
2025-12-22 19:28:52,2025-12-22T19:28:52,61.24,1.0,SetByBid
2025-12-22 19:29:04,2025-12-22T19:29:04,61.24,1.0,SetByBid
2025-12-22 19:29:05,2025-12-22T19:29:05,61.23,1.0,SetByAsk
2025-12-22 19:29:05,2025-12-22T19:29:05,61.23,1.0,SetByAsk
2025-12-22 19:29:05,2025-12-22T19:29:05,61.23,1.0,SetByAsk
2025-12-22 19:29:10,2025-12-22T19:29:10,61.24,1.0,SetByBid
2025-12-22 19:29:15,2025-12-22T19:29:15,61.24,1.0,SetByBid
2025-12-22 19:29:23,2025-12-22T19:29:23,61.24,1.0,SetByBid
2025-12-22 19:29:33,2025-12-22T19:29:33,61.24,1.0,SetByBid
2025-12-22 19:29:41,2025-12-22T19:29:41,61.23,1.0,SetByAsk
2025-12-22 19:29:44,2025-12-22T19:29:44,61.24,1.0,SetByBid
2025-12-22 19:29:53,2025-12-22T19:29:53,61.21,1.0,SetByAsk
2025-12-22 19:29:55,2025-12-22T19:29:55,61.22,1.0,SetByBid
2025-12-22 19:30:01,2025-12-22T19:30:01,61.2,1.0,SetByAsk
2025-12-22 19:30:01,2025-12-22T19:30:01,61.2,1.0,SetByAsk
2025-12-22 19:30:01,2025-12-22T19:30:01,61.2,3.0,SetByAsk
2025-12-22 19:30:01,2025-12-22T19:30:01,61.2,1.0,SetByAsk
2025-12-22 19:30:01,2025-12-22T19:30:01,61.2,5.0,SetByAsk
2025-12-22 19:30:01,2025-12-22T19:30:01,61.2,1.0,SetByAsk
2025-12-22 19:30:01,2025-12-22T19:30:01,61.2,1.0,SetByAsk
2025-12-22 19:30:01,2025-12-22T19:30:01,61.18,1.0,SetByAsk
2025-12-22 19:30:01,2025-12-22T19:30:01,61.19,1.0,SetByBid
2025-12-22 19:30:01,2025-12-22T19:30:01,61.19,1.0,SetByBid
2025-12-22 19:30:01,2025-12-22T19:30:01,61.19,1.0,SetByBid
2025-12-22 19:30:01,2025-12-22T19:30:01,61.18,1.0,SetByAsk
2025-12-22 19:30:01,2025-12-22T19:30:01,61.19,1.0,SetByBid
2025-12-22 19:30:03,2025-12-22T19:30:03,61.18,1.0,SetByAsk
2025-12-22 19:30:03,2025-12-22T19:30:03,61.18,1.0,SetByAsk
2025-12-22 19:30:05,2025-12-22T19:30:05,61.18,1.0,SetByBid
2025-12-22 19:30:06,2025-12-22T19:30:06,61.18,1.0,SetByBid
2025-12-22 19:30:06,2025-12-22T19:30:06,61.18,1.0,SetByBid
2025-12-22 19:30:08,2025-12-22T19:30:08,61.18,1.0,SetByBid
2025-12-22 19:30:09,2025-12-22T19:30:09,61.17,1.0,SetByBid
2025-12-22 19:30:09,2025-12-22T19:30:09,61.17,1.0,SetByAsk
2025-12-22 19:30:09,2025-12-22T19:30:09,61.17,1.0,SetByAsk
2025-12-22 19:30:09,2025-12-22T19:30:09,61.17,1.0,SetByAsk
2025-12-22 19:30:09,2025-12-22T19:30:09,61.17,1.0,SetByAsk
2025-12-22 19:30:10,2025-12-22T19:30:10,61.17,1.0,SetByAsk
2025-12-22 19:30:10,2025-12-22T19:30:10,61.17,1.0,SetByAsk
2025-12-22 19:30:11,2025-12-22T19:30:11,61.17,1.0,SetByAsk
2025-12-22 19:30:14,2025-12-22T19:30:14,61.17,1.0,SetByBid
2025-12-22 19:30:17,2025-12-22T19:30:17,61.17,1.0,SetByBid
2025-12-22 19:30:24,2025-12-22T19:30:24,61.17,1.0,SetByBid
2025-12-22 19:30:29,2025-12-22T19:30:29,61.15,1.0,SetByAsk
2025-12-22 19:30:29,2025-12-22T19:30:29,61.15,1.0,SetByAsk
2025-12-22 19:30:29,2025-12-22T19:30:29,61.15,1.0,SetByAsk
2025-12-22 19:30:29,2025-12-22T19:30:29,61.15,1.0,SetByAsk
2025-12-22 19:30:29,2025-12-22T19:30:29,61.15,1.0,SetByAsk
2025-12-22 19:30:29,2025-12-22T19:30:29,61.16,1.0,SetByBid
2025-12-22 19:30:30,2025-12-22T19:30:30,61.15,1.0,SetByAsk
2025-12-22 19:30:30,2025-12-22T19:30:30,61.15,1.0,SetByAsk
2025-12-22 19:30:33,2025-12-22T19:30:33,61.14,1.0,SetByAsk
2025-12-22 19:30:33,2025-12-22T19:30:33,61.14,1.0,SetByAsk
2025-12-22 19:30:33,2025-12-22T19:30:33,61.14,1.0,SetByBid
2025-12-22 19:30:33,2025-12-22T19:30:33,61.14,1.0,SetByBid
2025-12-22 19:30:33,2025-12-22T19:30:33,61.14,1.0,SetByAsk
2025-12-22 19:30:34,2025-12-22T19:30:34,61.14,1.0,SetByBid
2025-12-22 19:30:34,2025-12-22T19:30:34,61.14,1.0,SetByAsk
2025-12-22 19:30:40,2025-12-22T19:30:40,61.14,1.0,SetByAsk
2025-12-22 19:30:40,2025-12-22T19:30:40,61.14,1.0,SetByAsk
2025-12-22 19:30:46,2025-12-22T19:30:46,61.13,1.0,SetByAsk
2025-12-22 19:30:46,2025-12-22T19:30:46,61.13,1.0,SetByAsk
2025-12-22 19:30:47,2025-12-22T19:30:47,61.14,1.0,SetByBid
2025-12-22 19:30:47,2025-12-22T19:30:47,61.14,1.0,SetByBid
2025-12-22 19:30:49,2025-12-22T19:30:49,61.13,1.0,SetByAsk
2025-12-22 19:30:50,2025-12-22T19:30:50,61.13,1.0,SetByAsk
2025-12-22 19:30:50,2025-12-22T19:30:50,61.13,1.0,SetByAsk
2025-12-22 19:30:50,2025-12-22T19:30:50,61.13,1.0,SetByAsk
2025-12-22 19:30:50,2025-12-22T19:30:50,61.12,1.0,SetByAsk
2025-12-22 19:30:50,2025-12-22T19:30:50,61.12,1.0,SetByAsk
2025-12-22 19:30:50,2025-12-22T19:30:50,61.12,1.0,SetByAsk
2025-12-22 19:30:50,2025-12-22T19:30:50,61.12,1.0,SetByAsk
2025-12-22 19:30:50,2025-12-22T19:30:50,61.12,1.0,SetByAsk
2025-12-22 19:30:50,2025-12-22T19:30:50,61.12,1.0,SetByAsk
2025-12-22 19:30:50,2025-12-22T19:30:50,61.12,1.0,SetByAsk
2025-12-22 19:30:50,2025-12-22T19:30:50,61.12,1.0,"SetByAsk, Leg"
2025-12-22 19:30:50,2025-12-22T19:30:50,61.11,1.0,"SetByAsk, Leg"
2025-12-22 19:30:50,2025-12-22T19:30:50,61.11,1.0,SetByAsk
2025-12-22 19:30:50,2025-12-22T19:30:50,61.11,1.0,SetByAsk
2025-12-22 19:30:50,2025-12-22T19:30:50,61.11,1.0,SetByAsk
2025-12-22 19:30:50,2025-12-22T19:30:50,61.11,1.0,SetByAsk
2025-12-22 19:30:50,2025-12-22T19:30:50,61.11,1.0,SetByAsk
2025-12-22 19:30:50,2025-12-22T19:30:50,61.11,1.0,SetByAsk
2025-12-22 19:30:50,2025-12-22T19:30:50,61.11,1.0,SetByAsk
2025-12-22 19:30:50,2025-12-22T19:30:50,61.11,1.0,SetByAsk
2025-12-22 19:30:50,2025-12-22T19:30:50,61.11,1.0,SetByAsk
2025-12-22 19:30:50,2025-12-22T19:30:50,61.11,1.0,SetByAsk
2025-12-22 19:30:50,2025-12-22T19:30:50,61.11,1.0,SetByAsk
2025-12-22 19:30:50,2025-12-22T19:30:50,61.11,2.0,SetByAsk
2025-12-22 19:30:50,2025-12-22T19:30:50,61.11,1.0,SetByAsk
2025-12-22 19:30:50,2025-12-22T19:30:50,61.11,1.0,SetByAsk
2025-12-22 19:30:50,2025-12-22T19:30:50,61.11,1.0,SetByAsk
2025-12-22 19:30:50,2025-12-22T19:30:50,61.12,1.0,SetByAsk
2025-12-22 19:30:50,2025-12-22T19:30:50,61.13,1.0,SetByBid
2025-12-22 19:30:50,2025-12-22T19:30:50,61.13,1.0,SetByBid
2025-12-22 19:30:55,2025-12-22T19:30:55,61.12,1.0,SetByAsk
2025-12-22 19:30:55,2025-12-22T19:30:55,61.12,1.0,SetByAsk
2025-12-22 19:30:57,2025-12-22T19:30:57,61.12,1.0,SetByAsk
2025-12-22 19:31:00,2025-12-22T19:31:00,61.12,1.0,SetByAsk
2025-12-22 19:31:06,2025-12-22T19:31:06,61.13,1.0,SetByBid
2025-12-22 19:31:07,2025-12-22T19:31:07,61.11,1.0,SetByAsk
2025-12-22 19:31:07,2025-12-22T19:31:07,61.11,1.0,SetByBid
2025-12-22 19:31:22,2025-12-22T19:31:22,61.1,1.0,SetByAsk
2025-12-22 19:31:22,2025-12-22T19:31:22,61.1,1.0,SetByAsk
2025-12-22 19:31:22,2025-12-22T19:31:22,61.1,1.0,SetByAsk
2025-12-22 19:31:22,2025-12-22T19:31:22,61.11,1.0,SetByBid
2025-12-22 19:31:23,2025-12-22T19:31:23,61.1,1.0,SetByAsk
2025-12-22 19:31:24,2025-12-22T19:31:24,61.1,1.0,SetByAsk
2025-12-22 19:31:30,2025-12-22T19:31:30,61.11,1.0,SetByBid
2025-12-22 19:31:30,2025-12-22T19:31:30,61.12,1.0,SetByBid
2025-12-22 19:31:32,2025-12-22T19:31:32,61.1,1.0,SetByBid
2025-12-22 19:31:32,2025-12-22T19:31:32,61.1,1.0,SetByBid
2025-12-22 19:31:32,2025-12-22T19:31:32,61.1,1.0,SetByBid
2025-12-22 19:31:41,2025-12-22T19:31:41,61.1,1.0,SetByBid
2025-12-22 19:31:51,2025-12-22T19:31:51,61.1,1.0,SetByBid
2025-12-22 19:31:54,2025-12-22T19:31:54,61.1,1.0,SetByBid
2025-12-22 19:31:54,2025-12-22T19:31:54,61.1,1.0,SetByBid
2025-12-22 19:31:54,2025-12-22T19:31:54,61.1,1.0,SetByBid
2025-12-22 19:31:54,2025-12-22T19:31:54,61.1,1.0,SetByAsk
2025-12-22 19:31:54,2025-12-22T19:31:54,61.1,1.0,SetByAsk
2025-12-22 19:31:56,2025-12-22T19:31:56,61.11,1.0,SetByBid
2025-12-22 19:31:56,2025-12-22T19:31:56,61.11,1.0,SetByBid
2025-12-22 19:31:56,2025-12-22T19:31:56,61.11,1.0,SetByBid
2025-12-22 19:32:00,2025-12-22T19:32:00,61.1,1.0,SetByAsk
2025-12-22 19:32:00,2025-12-22T19:32:00,61.1,2.0,SetByAsk
2025-12-22 19:32:01,2025-12-22T19:32:01,61.11,1.0,SetByBid
2025-12-22 19:32:16,2025-12-22T19:32:16,61.11,1.0,SetByAsk
2025-12-22 19:32:16,2025-12-22T19:32:16,61.11,1.0,SetByAsk
2025-12-22 19:32:16,2025-12-22T19:32:16,61.11,1.0,SetByAsk
2025-12-22 19:32:16,2025-12-22T19:32:16,61.1,1.0,SetByAsk
2025-12-22 19:32:18,2025-12-22T19:32:18,61.09,1.0,SetByAsk
2025-12-22 19:32:18,2025-12-22T19:32:18,61.09,1.0,SetByAsk
2025-12-22 19:32:21,2025-12-22T19:32:21,61.08,1.0,SetByBid
2025-12-22 19:32:21,2025-12-22T19:32:21,61.08,1.0,SetByBid
2025-12-22 19:32:21,2025-12-22T19:32:21,61.08,2.0,SetByBid
2025-12-22 19:32:21,2025-12-22T19:32:21,61.08,1.0,SetByBid
2025-12-22 19:32:21,2025-12-22T19:32:21,61.08,2.0,SetByBid
2025-12-22 19:32:21,2025-12-22T19:32:21,61.08,2.0,SetByBid
2025-12-22 19:32:21,2025-12-22T19:32:21,61.08,2.0,SetByBid
2025-12-22 19:32:21,2025-12-22T19:32:21,61.08,1.0,SetByBid
2025-12-22 19:32:21,2025-12-22T19:32:21,61.08,1.0,SetByBid
2025-12-22 19:32:21,2025-12-22T19:32:21,61.08,3.0,SetByBid
2025-12-22 19:32:21,2025-12-22T19:32:21,61.08,2.0,SetByBid
2025-12-22 19:32:21,2025-12-22T19:32:21,61.08,1.0,SetByBid
2025-12-22 19:32:21,2025-12-22T19:32:21,61.08,1.0,SetByBid
2025-12-22 19:32:21,2025-12-22T19:32:21,61.08,1.0,SetByBid
2025-12-22 19:32:21,2025-12-22T19:32:21,61.08,1.0,SetByBid
2025-12-22 19:32:21,2025-12-22T19:32:21,61.08,1.0,SetByBid
2025-12-22 19:32:21,2025-12-22T19:32:21,61.08,1.0,SetByAsk
2025-12-22 19:32:35,2025-12-22T19:32:35,61.09,1.0,SetByBid
2025-12-22 19:32:35,2025-12-22T19:32:35,61.09,1.0,SetByBid
2025-12-22 19:32:35,2025-12-22T19:32:35,61.09,1.0,SetByBid
2025-12-22 19:32:35,2025-12-22T19:32:35,61.09,1.0,SetByBid
2025-12-22 19:32:35,2025-12-22T19:32:35,61.09,1.0,SetByBid
2025-12-22 19:32:40,2025-12-22T19:32:40,61.1,1.0,SetByAsk
2025-12-22 19:32:49,2025-12-22T19:32:49,61.1,1.0,SetByBid
2025-12-22 19:32:59,2025-12-22T19:32:59,61.09,1.0,SetByAsk
2025-12-22 19:32:59,2025-12-22T19:32:59,61.09,1.0,SetByAsk
2025-12-22 19:32:59,2025-12-22T19:32:59,61.09,1.0,SetByAsk
2025-12-22 19:32:59,2025-12-22T19:32:59,61.09,1.0,SetByAsk
2025-12-22 19:32:59,2025-12-22T19:32:59,61.08,1.0,SetByAsk
2025-12-22 19:32:59,2025-12-22T19:32:59,61.08,1.0,SetByAsk
2025-12-22 19:33:02,2025-12-22T19:33:02,61.08,1.0,SetByBid
2025-12-22 19:33:04,2025-12-22T19:33:04,61.08,1.0,SetByAsk
2025-12-22 19:33:04,2025-12-22T19:33:04,61.08,1.0,SetByAsk
2025-12-22 19:33:10,2025-12-22T19:33:10,61.08,1.0,SetByBid
2025-12-22 19:33:12,2025-12-22T19:33:12,61.08,1.0,SetByBid
2025-12-22 19:33:16,2025-12-22T19:33:16,61.06,1.0,SetByAsk
2025-12-22 19:33:16,2025-12-22T19:33:16,61.06,1.0,SetByBid
2025-12-22 19:33:17,2025-12-22T19:33:17,61.05,1.0,SetByAsk
2025-12-22 19:33:20,2025-12-22T19:33:20,61.04,1.0,SetByBid
2025-12-22 19:33:20,2025-12-22T19:33:20,61.04,1.0,SetByBid
2025-12-22 19:33:20,2025-12-22T19:33:20,61.04,1.0,SetByBid
2025-12-22 19:33:20,2025-12-22T19:33:20,61.04,1.0,SetByBid
2025-12-22 19:33:25,2025-12-22T19:33:25,61.03,1.0,SetByBid
2025-12-22 19:33:25,2025-12-22T19:33:25,61.03,1.0,SetByBid
2025-12-22 19:33:33,2025-12-22T19:33:33,61.04,2.0,SetByBid
2025-12-22 19:33:33,2025-12-22T19:33:33,61.04,1.0,SetByBid
2025-12-22 19:33:33,2025-12-22T19:33:33,61.04,1.0,SetByBid
2025-12-22 19:33:35,2025-12-22T19:33:35,61.05,1.0,SetByBid
2025-12-22 19:33:41,2025-12-22T19:33:41,61.07,1.0,SetByBid
2025-12-22 19:33:41,2025-12-22T19:33:41,61.08,1.0,SetByBid
2025-12-22 19:33:41,2025-12-22T19:33:41,61.08,1.0,SetByBid
2025-12-22 19:33:41,2025-12-22T19:33:41,61.08,1.0,SetByBid
2025-12-22 19:33:49,2025-12-22T19:33:49,61.06,1.0,SetByAsk
2025-12-22 19:33:49,2025-12-22T19:33:49,61.06,1.0,SetByAsk
2025-12-22 19:33:49,2025-12-22T19:33:49,61.06,2.0,SetByAsk
2025-12-22 19:33:49,2025-12-22T19:33:49,61.06,1.0,SetByBid
2025-12-22 19:33:49,2025-12-22T19:33:49,61.06,1.0,SetByBid
2025-12-22 19:33:49,2025-12-22T19:33:49,61.06,1.0,SetByBid
2025-12-22 19:33:50,2025-12-22T19:33:50,61.06,1.0,SetByBid
2025-12-22 19:33:50,2025-12-22T19:33:50,61.06,1.0,SetByBid
2025-12-22 19:33:51,2025-12-22T19:33:51,61.06,1.0,SetByBid
2025-12-22 19:33:52,2025-12-22T19:33:52,61.06,1.0,SetByBid
2025-12-22 19:33:52,2025-12-22T19:33:52,61.06,1.0,SetByBid
2025-12-22 19:33:52,2025-12-22T19:33:52,61.06,1.0,SetByBid
2025-12-22 19:33:52,2025-12-22T19:33:52,61.06,1.0,SetByBid
2025-12-22 19:33:53,2025-12-22T19:33:53,61.06,1.0,SetByBid
2025-12-22 19:34:07,2025-12-22T19:34:07,61.04,1.0,SetByAsk
2025-12-22 19:34:07,2025-12-22T19:34:07,61.04,1.0,SetByAsk
2025-12-22 19:34:12,2025-12-22T19:34:12,61.04,1.0,SetByAsk
2025-12-22 19:34:14,2025-12-22T19:34:14,61.04,1.0,SetByBid
2025-12-22 19:34:14,2025-12-22T19:34:14,61.04,1.0,SetByBid
2025-12-22 19:34:15,2025-12-22T19:34:15,61.04,1.0,SetByBid
2025-12-22 19:34:24,2025-12-22T19:34:24,61.05,1.0,SetByBid
2025-12-22 19:34:29,2025-12-22T19:34:29,61.06,1.0,SetByBid
2025-12-22 19:34:29,2025-12-22T19:34:29,61.06,1.0,SetByBid
2025-12-22 19:34:29,2025-12-22T19:34:29,61.06,4.0,SetByBid
2025-12-22 19:34:29,2025-12-22T19:34:29,61.06,1.0,SetByBid
2025-12-22 19:34:29,2025-12-22T19:34:29,61.06,1.0,SetByBid
2025-12-22 19:34:29,2025-12-22T19:34:29,61.06,1.0,SetByBid
2025-12-22 19:34:32,2025-12-22T19:34:32,61.07,1.0,SetByAsk
2025-12-22 19:34:39,2025-12-22T19:34:39,61.06,1.0,SetByAsk
2025-12-22 19:34:39,2025-12-22T19:34:39,61.06,1.0,SetByAsk
2025-12-22 19:34:39,2025-12-22T19:34:39,61.06,1.0,SetByAsk
2025-12-22 19:34:40,2025-12-22T19:34:40,61.05,1.0,SetByBid
2025-12-22 19:35:07,2025-12-22T19:35:07,61.06,1.0,SetByAsk
2025-12-22 19:35:07,2025-12-22T19:35:07,61.06,1.0,SetByAsk
2025-12-22 19:35:07,2025-12-22T19:35:07,61.06,1.0,SetByAsk
2025-12-22 19:35:07,2025-12-22T19:35:07,61.06,1.0,SetByBid
2025-12-22 19:35:08,2025-12-22T19:35:08,61.06,1.0,SetByBid
2025-12-22 19:35:21,2025-12-22T19:35:21,61.05,1.0,SetByBid
2025-12-22 19:35:21,2025-12-22T19:35:21,61.05,1.0,SetByBid
2025-12-22 19:35:23,2025-12-22T19:35:23,61.06,1.0,SetByBid
2025-12-22 19:35:27,2025-12-22T19:35:27,61.07,1.0,SetByBid
2025-12-22 19:35:27,2025-12-22T19:35:27,61.07,1.0,SetByBid
2025-12-22 19:35:32,2025-12-22T19:35:32,61.06,1.0,SetByBid
2025-12-22 19:35:32,2025-12-22T19:35:32,61.06,1.0,SetByBid
2025-12-22 19:35:32,2025-12-22T19:35:32,61.06,1.0,SetByBid
2025-12-22 19:35:37,2025-12-22T19:35:37,61.05,1.0,SetByAsk
2025-12-22 19:35:37,2025-12-22T19:35:37,61.05,1.0,SetByAsk
2025-12-22 19:35:37,2025-12-22T19:35:37,61.05,1.0,SetByAsk
2025-12-22 19:35:44,2025-12-22T19:35:44,61.04,1.0,SetByBid
2025-12-22 19:35:44,2025-12-22T19:35:44,61.04,1.0,SetByBid
2025-12-22 19:35:44,2025-12-22T19:35:44,61.04,1.0,SetByBid
2025-12-22 19:35:44,2025-12-22T19:35:44,61.04,1.0,SetByBid
2025-12-22 19:35:44,2025-12-22T19:35:44,61.04,1.0,SetByBid
2025-12-22 19:35:44,2025-12-22T19:35:44,61.04,1.0,SetByBid
2025-12-22 19:35:44,2025-12-22T19:35:44,61.04,1.0,SetByBid
2025-12-22 19:35:44,2025-12-22T19:35:44,61.04,1.0,SetByBid
2025-12-22 19:35:44,2025-12-22T19:35:44,61.04,1.0,SetByBid
2025-12-22 19:35:44,2025-12-22T19:35:44,61.04,1.0,SetByBid
2025-12-22 19:35:44,2025-12-22T19:35:44,61.04,1.0,SetByBid
2025-12-22 19:35:44,2025-12-22T19:35:44,61.04,1.0,SetByBid
2025-12-22 19:35:44,2025-12-22T19:35:44,61.04,1.0,SetByBid
2025-12-22 19:35:44,2025-12-22T19:35:44,61.04,1.0,SetByBid
2025-12-22 19:35:45,2025-12-22T19:35:45,61.04,1.0,SetByAsk
2025-12-22 19:35:48,2025-12-22T19:35:48,61.04,1.0,SetByBid
2025-12-22 19:35:48,2025-12-22T19:35:48,61.04,1.0,SetByBid
2025-12-22 19:35:48,2025-12-22T19:35:48,61.04,1.0,SetByBid
2025-12-22 19:35:58,2025-12-22T19:35:58,61.06,1.0,SetByBid
2025-12-22 19:36:03,2025-12-22T19:36:03,61.06,1.0,SetByAsk
2025-12-22 19:36:03,2025-12-22T19:36:03,61.06,1.0,SetByAsk
2025-12-22 19:36:04,2025-12-22T19:36:04,61.06,1.0,SetByAsk
2025-12-22 19:36:14,2025-12-22T19:36:14,61.06,1.0,SetByAsk
2025-12-22 19:36:14,2025-12-22T19:36:14,61.06,1.0,SetByBid
2025-12-22 19:36:14,2025-12-22T19:36:14,61.06,1.0,SetByBid
2025-12-22 19:36:14,2025-12-22T19:36:14,61.06,1.0,SetByAsk
2025-12-22 19:36:14,2025-12-22T19:36:14,61.06,1.0,SetByAsk
2025-12-22 19:36:15,2025-12-22T19:36:15,61.06,1.0,SetByAsk
2025-12-22 19:36:15,2025-12-22T19:36:15,61.06,1.0,SetByAsk
2025-12-22 19:36:15,2025-12-22T19:36:15,61.06,1.0,SetByAsk
2025-12-22 19:36:23,2025-12-22T19:36:23,61.05,1.0,SetByAsk
2025-12-22 19:36:23,2025-12-22T19:36:23,61.05,1.0,SetByAsk
2025-12-22 19:36:23,2025-12-22T19:36:23,61.05,1.0,SetByAsk
2025-12-22 19:36:23,2025-12-22T19:36:23,61.05,1.0,SetByAsk
2025-12-22 19:36:30,2025-12-22T19:36:30,61.06,1.0,SetByBid
2025-12-22 19:36:31,2025-12-22T19:36:31,61.05,1.0,SetByAsk
2025-12-22 19:36:31,2025-12-22T19:36:31,61.05,1.0,SetByAsk
2025-12-22 19:36:31,2025-12-22T19:36:31,61.05,1.0,SetByAsk
2025-12-22 19:36:31,2025-12-22T19:36:31,61.05,2.0,"SetByAsk, Leg"
2025-12-22 19:36:31,2025-12-22T19:36:31,61.04,2.0,"SetByAsk, Leg"
2025-12-22 19:36:31,2025-12-22T19:36:31,61.04,1.0,SetByAsk
2025-12-22 19:36:31,2025-12-22T19:36:31,61.04,1.0,SetByAsk
2025-12-22 19:36:31,2025-12-22T19:36:31,61.04,1.0,SetByAsk
2025-12-22 19:36:48,2025-12-22T19:36:48,61.05,1.0,SetByBid
2025-12-22 19:36:51,2025-12-22T19:36:51,61.05,1.0,SetByBid
2025-12-22 19:36:51,2025-12-22T19:36:51,61.05,1.0,SetByBid
2025-12-22 19:37:06,2025-12-22T19:37:06,61.04,1.0,SetByAsk
2025-12-22 19:37:06,2025-12-22T19:37:06,61.04,1.0,SetByAsk
2025-12-22 19:37:06,2025-12-22T19:37:06,61.04,1.0,SetByAsk
2025-12-22 19:37:06,2025-12-22T19:37:06,61.04,1.0,SetByAsk
2025-12-22 19:37:06,2025-12-22T19:37:06,61.04,1.0,SetByAsk
2025-12-22 19:37:06,2025-12-22T19:37:06,61.04,1.0,SetByAsk
2025-12-22 19:37:06,2025-12-22T19:37:06,61.04,3.0,SetByAsk
2025-12-22 19:37:06,2025-12-22T19:37:06,61.04,1.0,SetByAsk
2025-12-22 19:37:07,2025-12-22T19:37:07,61.04,1.0,SetByAsk
2025-12-22 19:37:10,2025-12-22T19:37:10,61.04,1.0,SetByAsk
2025-12-22 19:37:10,2025-12-22T19:37:10,61.04,1.0,SetByAsk
2025-12-22 19:37:14,2025-12-22T19:37:14,61.04,1.0,SetByAsk
2025-12-22 19:37:14,2025-12-22T19:37:14,61.04,1.0,SetByBid
2025-12-22 19:37:25,2025-12-22T19:37:25,61.04,1.0,SetByAsk
2025-12-22 19:37:25,2025-12-22T19:37:25,61.04,1.0,SetByAsk
2025-12-22 19:37:25,2025-12-22T19:37:25,61.04,1.0,SetByAsk
2025-12-22 19:37:25,2025-12-22T19:37:25,61.04,1.0,SetByBid
2025-12-22 19:37:26,2025-12-22T19:37:26,61.03,1.0,SetByAsk
2025-12-22 19:37:26,2025-12-22T19:37:26,61.03,1.0,SetByBid
2025-12-22 19:37:26,2025-12-22T19:37:26,61.03,1.0,SetByBid
2025-12-22 19:37:26,2025-12-22T19:37:26,61.03,1.0,SetByBid
2025-12-22 19:37:26,2025-12-22T19:37:26,61.03,1.0,SetByBid
2025-12-22 19:37:26,2025-12-22T19:37:26,61.03,1.0,SetByBid
2025-12-22 19:37:27,2025-12-22T19:37:27,61.03,1.0,SetByBid
2025-12-22 19:37:27,2025-12-22T19:37:27,61.03,1.0,SetByAsk
2025-12-22 19:37:28,2025-12-22T19:37:28,61.03,1.0,SetByAsk
2025-12-22 19:37:28,2025-12-22T19:37:28,61.03,1.0,SetByAsk
2025-12-22 19:37:29,2025-12-22T19:37:29,61.03,1.0,SetByAsk
2025-12-22 19:37:34,2025-12-22T19:37:34,61.04,1.0,SetByBid
2025-12-22 19:37:40,2025-12-22T19:37:40,61.04,1.0,SetByBid
2025-12-22 19:37:40,2025-12-22T19:37:40,61.04,1.0,SetByBid
2025-12-22 19:37:40,2025-12-22T19:37:40,61.04,1.0,SetByBid
2025-12-22 19:37:41,2025-12-22T19:37:41,61.04,1.0,SetByBid
2025-12-22 19:37:41,2025-12-22T19:37:41,61.04,1.0,SetByBid
2025-12-22 19:37:41,2025-12-22T19:37:41,61.04,1.0,SetByBid
2025-12-22 19:37:42,2025-12-22T19:37:42,61.04,1.0,SetByAsk
2025-12-22 19:37:42,2025-12-22T19:37:42,61.04,1.0,SetByAsk
2025-12-22 19:37:43,2025-12-22T19:37:43,61.04,1.0,SetByAsk
2025-12-22 19:37:43,2025-12-22T19:37:43,61.04,1.0,SetByBid
2025-12-22 19:37:44,2025-12-22T19:37:44,61.04,1.0,SetByBid
2025-12-22 19:37:44,2025-12-22T19:37:44,61.04,1.0,SetByBid
2025-12-22 19:37:44,2025-12-22T19:37:44,61.04,1.0,SetByBid
2025-12-22 19:37:44,2025-12-22T19:37:44,61.04,1.0,SetByBid
2025-12-22 19:37:45,2025-12-22T19:37:45,61.04,1.0,SetByBid
2025-12-22 19:37:45,2025-12-22T19:37:45,61.04,1.0,SetByBid
2025-12-22 19:37:52,2025-12-22T19:37:52,61.04,1.0,SetByAsk
2025-12-22 19:37:52,2025-12-22T19:37:52,61.04,1.0,SetByAsk
2025-12-22 19:37:57,2025-12-22T19:37:57,61.04,1.0,SetByBid
2025-12-22 19:38:02,2025-12-22T19:38:02,61.04,1.0,SetByAsk
2025-12-22 19:38:02,2025-12-22T19:38:02,61.04,1.0,SetByAsk
2025-12-22 19:38:02,2025-12-22T19:38:02,61.04,1.0,SetByAsk
2025-12-22 19:38:09,2025-12-22T19:38:09,61.04,1.0,SetByAsk
2025-12-22 19:38:18,2025-12-22T19:38:18,61.04,1.0,SetByAsk
2025-12-22 19:38:18,2025-12-22T19:38:18,61.04,1.0,SetByAsk
2025-12-22 19:38:18,2025-12-22T19:38:18,61.04,1.0,SetByAsk
2025-12-22 19:38:35,2025-12-22T19:38:35,61.06,1.0,SetByBid
2025-12-22 19:38:42,2025-12-22T19:38:42,61.06,1.0,SetByAsk
2025-12-22 19:38:42,2025-12-22T19:38:42,61.06,1.0,SetByAsk
2025-12-22 19:38:42,2025-12-22T19:38:42,61.06,1.0,SetByAsk
2025-12-22 19:38:43,2025-12-22T19:38:43,61.05,1.0,SetByAsk
2025-12-22 19:38:43,2025-12-22T19:38:43,61.05,1.0,SetByAsk
2025-12-22 19:38:48,2025-12-22T19:38:48,61.05,1.0,SetByAsk
2025-12-22 19:38:48,2025-12-22T19:38:48,61.05,1.0,SetByAsk
2025-12-22 19:38:48,2025-12-22T19:38:48,61.05,2.0,SetByAsk
2025-12-22 19:38:55,2025-12-22T19:38:55,61.06,1.0,SetByAsk
2025-12-22 19:38:55,2025-12-22T19:38:55,61.06,1.0,SetByAsk
2025-12-22 19:38:55,2025-12-22T19:38:55,61.06,1.0,SetByBid
2025-12-22 19:39:03,2025-12-22T19:39:03,61.05,1.0,SetByAsk
2025-12-22 19:39:20,2025-12-22T19:39:20,61.05,1.0,SetByBid
2025-12-22 19:39:26,2025-12-22T19:39:26,61.04,1.0,SetByAsk
2025-12-22 19:39:26,2025-12-22T19:39:26,61.04,1.0,SetByAsk
2025-12-22 19:39:26,2025-12-22T19:39:26,61.04,1.0,SetByAsk
2025-12-22 19:39:27,2025-12-22T19:39:27,61.04,1.0,SetByBid
2025-12-22 19:39:27,2025-12-22T19:39:27,61.04,1.0,SetByBid
2025-12-22 19:39:35,2025-12-22T19:39:35,61.04,1.0,SetByBid
2025-12-22 19:39:37,2025-12-22T19:39:37,61.04,1.0,SetByAsk
2025-12-22 19:39:37,2025-12-22T19:39:37,61.04,1.0,SetByAsk
2025-12-22 19:39:37,2025-12-22T19:39:37,61.04,1.0,SetByBid
2025-12-22 19:39:45,2025-12-22T19:39:45,61.03,1.0,SetByAsk
2025-12-22 19:39:45,2025-12-22T19:39:45,61.03,1.0,SetByAsk
2025-12-22 19:39:45,2025-12-22T19:39:45,61.03,1.0,SetByAsk
2025-12-22 19:39:46,2025-12-22T19:39:46,61.03,1.0,SetByBid
2025-12-22 19:39:47,2025-12-22T19:39:47,61.03,1.0,SetByBid
2025-12-22 19:39:47,2025-12-22T19:39:47,61.03,1.0,SetByBid
2025-12-22 19:39:54,2025-12-22T19:39:54,61.03,1.0,SetByBid
2025-12-22 19:39:55,2025-12-22T19:39:55,61.03,1.0,SetByBid
2025-12-22 19:40:05,2025-12-22T19:40:05,61.02,1.0,SetByAsk
2025-12-22 19:40:05,2025-12-22T19:40:05,61.02,1.0,SetByAsk
2025-12-22 19:40:19,2025-12-22T19:40:19,61.0,1.0,SetByAsk
2025-12-22 19:40:19,2025-12-22T19:40:19,61.0,1.0,SetByAsk
2025-12-22 19:40:29,2025-12-22T19:40:29,61.01,1.0,SetByBid
2025-12-22 19:40:44,2025-12-22T19:40:44,61.01,1.0,SetByBid
2025-12-22 19:40:44,2025-12-22T19:40:44,61.01,1.0,SetByBid
2025-12-22 19:40:44,2025-12-22T19:40:44,61.01,1.0,SetByBid
2025-12-22 19:40:50,2025-12-22T19:40:50,61.0,1.0,SetByAsk
2025-12-22 19:40:50,2025-12-22T19:40:50,61.0,1.0,SetByAsk
2025-12-22 19:41:04,2025-12-22T19:41:04,60.98,1.0,SetByAsk
2025-12-22 19:41:05,2025-12-22T19:41:05,60.98,1.0,SetByAsk
2025-12-22 19:41:05,2025-12-22T19:41:05,60.98,1.0,SetByAsk
2025-12-22 19:41:41,2025-12-22T19:41:41,60.97,1.0,SetByBid
2025-12-22 19:41:45,2025-12-22T19:41:45,60.96,1.0,SetByAsk
2025-12-22 19:41:45,2025-12-22T19:41:45,60.96,1.0,SetByAsk
2025-12-22 19:41:56,2025-12-22T19:41:56,60.97,1.0,SetByBid
2025-12-22 19:42:04,2025-12-22T19:42:04,60.98,1.0,SetByBid
2025-12-22 19:42:04,2025-12-22T19:42:04,60.98,1.0,SetByAsk
2025-12-22 19:42:04,2025-12-22T19:42:04,60.98,1.0,SetByAsk
2025-12-22 19:42:04,2025-12-22T19:42:04,60.98,1.0,SetByAsk
2025-12-22 19:42:04,2025-12-22T19:42:04,60.98,1.0,SetByAsk
2025-12-22 19:42:08,2025-12-22T19:42:08,60.99,1.0,SetByAsk
2025-12-22 19:42:12,2025-12-22T19:42:12,61.0,1.0,SetByBid
2025-12-22 19:42:29,2025-12-22T19:42:29,61.03,1.0,SetByBid
2025-12-22 19:42:29,2025-12-22T19:42:29,61.03,1.0,SetByBid
2025-12-22 19:42:29,2025-12-22T19:42:29,61.03,1.0,SetByBid
2025-12-22 19:42:46,2025-12-22T19:42:46,61.05,1.0,SetByBid
2025-12-22 19:42:55,2025-12-22T19:42:55,61.04,1.0,SetByAsk
2025-12-22 19:43:20,2025-12-22T19:43:20,61.03,1.0,SetByBid
2025-12-22 19:43:53,2025-12-22T19:43:53,61.03,1.0,SetByBid
2025-12-22 19:44:15,2025-12-22T19:44:15,61.04,1.0,SetByBid
2025-12-22 19:44:15,2025-12-22T19:44:15,61.04,1.0,SetByBid
2025-12-22 19:44:15,2025-12-22T19:44:15,61.04,1.0,SetByBid
2025-12-22 19:44:20,2025-12-22T19:44:20,61.03,2.0,SetByAsk
2025-12-22 19:44:29,2025-12-22T19:44:29,61.03,1.0,SetByBid
2025-12-22 19:44:29,2025-12-22T19:44:29,61.03,1.0,SetByBid
2025-12-22 19:44:31,2025-12-22T19:44:31,61.03,1.0,SetByBid
2025-12-22 19:44:31,2025-12-22T19:44:31,61.02,1.0,SetByAsk
2025-12-22 19:44:31,2025-12-22T19:44:31,61.02,1.0,SetByAsk
2025-12-22 19:44:31,2025-12-22T19:44:31,61.02,1.0,SetByAsk
2025-12-22 19:44:31,2025-12-22T19:44:31,61.02,1.0,SetByAsk
2025-12-22 19:44:31,2025-12-22T19:44:31,61.02,1.0,SetByAsk
2025-12-22 19:45:03,2025-12-22T19:45:03,61.04,1.0,SetByBid
2025-12-22 19:45:16,2025-12-22T19:45:16,61.02,1.0,SetByAsk
2025-12-22 19:45:16,2025-12-22T19:45:16,61.02,1.0,SetByAsk
2025-12-22 19:45:16,2025-12-22T19:45:16,61.02,1.0,SetByAsk
2025-12-22 19:45:16,2025-12-22T19:45:16,61.02,1.0,SetByAsk
2025-12-22 19:45:35,2025-12-22T19:45:35,61.03,1.0,SetByBid
2025-12-22 19:45:54,2025-12-22T19:45:54,61.02,1.0,SetByAsk
2025-12-22 19:45:54,2025-12-22T19:45:54,61.02,2.0,SetByAsk
2025-12-22 19:45:54,2025-12-22T19:45:54,61.01,1.0,SetByAsk
2025-12-22 19:45:54,2025-12-22T19:45:54,61.01,1.0,SetByAsk
2025-12-22 19:45:54,2025-12-22T19:45:54,61.01,1.0,SetByBid
2025-12-22 19:46:28,2025-12-22T19:46:28,61.02,1.0,SetByBid
2025-12-22 19:46:37,2025-12-22T19:46:37,61.02,1.0,SetByBid
2025-12-22 19:46:37,2025-12-22T19:46:37,61.02,1.0,SetByBid
2025-12-22 19:46:44,2025-12-22T19:46:44,61.0,1.0,"SetByBid, Leg"
2025-12-22 19:46:44,2025-12-22T19:46:44,61.0,1.0,"SetByBid, Leg"
2025-12-22 19:47:01,2025-12-22T19:47:01,61.02,1.0,SetByBid
2025-12-22 19:47:19,2025-12-22T19:47:19,61.02,1.0,SetByBid
2025-12-22 19:47:34,2025-12-22T19:47:34,61.03,1.0,SetByBid
2025-12-22 19:47:36,2025-12-22T19:47:36,61.02,3.0,SetByAsk
2025-12-22 19:47:36,2025-12-22T19:47:36,61.02,1.0,SetByBid
2025-12-22 19:47:37,2025-12-22T19:47:37,61.02,1.0,SetByBid
2025-12-22 19:47:40,2025-12-22T19:47:40,61.03,1.0,SetByBid
2025-12-22 19:47:53,2025-12-22T19:47:53,61.03,1.0,SetByBid
2025-12-22 19:48:06,2025-12-22T19:48:06,61.01,1.0,"SetByBid, Leg"
2025-12-22 19:48:06,2025-12-22T19:48:06,61.01,1.0,"SetByBid, Leg"
2025-12-22 19:48:08,2025-12-22T19:48:08,61.01,1.0,"SetByBid, Leg"
2025-12-22 19:48:24,2025-12-22T19:48:24,60.99,1.0,"SetByBid, Leg"
2025-12-22 19:48:25,2025-12-22T19:48:25,61.01,1.0,SetByBid
2025-12-22 19:48:37,2025-12-22T19:48:37,61.0,1.0,SetByBid
2025-12-22 19:48:42,2025-12-22T19:48:42,61.01,1.0,SetByBid
2025-12-22 19:48:57,2025-12-22T19:48:57,60.98,1.0,SetByAsk
2025-12-22 19:49:03,2025-12-22T19:49:03,60.98,1.0,SetByAsk
2025-12-22 19:49:03,2025-12-22T19:49:03,60.98,1.0,SetByAsk
2025-12-22 19:49:03,2025-12-22T19:49:03,60.98,1.0,SetByAsk
2025-12-22 19:49:03,2025-12-22T19:49:03,60.98,1.0,SetByBid
2025-12-22 19:49:03,2025-12-22T19:49:03,60.97,5.0,SetByBid
2025-12-22 19:49:03,2025-12-22T19:49:03,60.97,5.0,SetByBid
2025-12-22 19:49:07,2025-12-22T19:49:07,60.97,1.0,SetByAsk
2025-12-22 19:49:22,2025-12-22T19:49:22,60.98,1.0,SetByBid
2025-12-22 19:49:22,2025-12-22T19:49:22,60.98,1.0,SetByBid
2025-12-22 19:49:23,2025-12-22T19:49:23,60.98,1.0,SetByBid
2025-12-22 19:49:32,2025-12-22T19:49:32,60.98,1.0,SetByBid
2025-12-22 19:49:32,2025-12-22T19:49:32,60.98,1.0,SetByBid
2025-12-22 19:49:39,2025-12-22T19:49:39,60.99,1.0,SetByBid
2025-12-22 19:49:44,2025-12-22T19:49:44,60.99,1.0,SetByBid
2025-12-22 19:49:45,2025-12-22T19:49:45,61.0,1.0,SetByBid
2025-12-22 19:49:47,2025-12-22T19:49:47,61.0,1.0,SetByBid
2025-12-22 19:49:47,2025-12-22T19:49:47,61.0,1.0,SetByBid
2025-12-22 19:49:48,2025-12-22T19:49:48,61.0,1.0,SetByBid
2025-12-22 19:49:55,2025-12-22T19:49:55,61.0,1.0,SetByBid
2025-12-22 19:49:55,2025-12-22T19:49:55,61.0,1.0,SetByBid
2025-12-22 19:50:00,2025-12-22T19:50:00,60.98,1.0,SetByAsk
2025-12-22 19:50:00,2025-12-22T19:50:00,60.98,1.0,SetByAsk
2025-12-22 19:50:00,2025-12-22T19:50:00,60.98,1.0,SetByAsk
2025-12-22 19:50:00,2025-12-22T19:50:00,60.98,1.0,SetByAsk
2025-12-22 19:50:00,2025-12-22T19:50:00,60.98,1.0,SetByAsk
2025-12-22 19:50:00,2025-12-22T19:50:00,60.98,1.0,SetByAsk
2025-12-22 19:50:00,2025-12-22T19:50:00,60.98,1.0,SetByAsk
2025-12-22 19:50:00,2025-12-22T19:50:00,60.98,1.0,SetByAsk
2025-12-22 19:50:00,2025-12-22T19:50:00,60.98,2.0,SetByAsk
2025-12-22 19:50:00,2025-12-22T19:50:00,60.98,1.0,SetByAsk
2025-12-22 19:50:00,2025-12-22T19:50:00,60.98,1.0,SetByAsk
2025-12-22 19:50:00,2025-12-22T19:50:00,60.98,2.0,SetByAsk
2025-12-22 19:50:00,2025-12-22T19:50:00,60.98,1.0,SetByAsk
2025-12-22 19:50:10,2025-12-22T19:50:10,60.99,4.0,SetByAsk
2025-12-22 19:50:10,2025-12-22T19:50:10,60.99,1.0,SetByAsk
2025-12-22 19:50:10,2025-12-22T19:50:10,60.99,1.0,SetByAsk
2025-12-22 19:50:12,2025-12-22T19:50:12,60.97,1.0,SetByAsk
2025-12-22 19:50:12,2025-12-22T19:50:12,60.97,7.0,SetByAsk
2025-12-22 19:50:20,2025-12-22T19:50:20,60.97,1.0,SetByBid
2025-12-22 19:51:00,2025-12-22T19:51:00,60.93,1.0,SetByAsk
2025-12-22 19:51:02,2025-12-22T19:51:02,60.94,1.0,SetByBid
2025-12-22 19:51:02,2025-12-22T19:51:02,60.94,1.0,SetByBid
2025-12-22 19:51:17,2025-12-22T19:51:17,60.97,1.0,SetByBid
2025-12-22 19:51:17,2025-12-22T19:51:17,60.97,1.0,SetByBid
2025-12-22 19:51:17,2025-12-22T19:51:17,60.97,1.0,SetByBid
2025-12-22 19:51:23,2025-12-22T19:51:23,60.96,1.0,SetByBid
2025-12-22 19:51:29,2025-12-22T19:51:29,60.95,1.0,SetByAsk
2025-12-22 19:51:39,2025-12-22T19:51:39,60.95,1.0,SetByAsk
2025-12-22 19:51:52,2025-12-22T19:51:52,60.96,1.0,SetByBid
2025-12-22 19:51:56,2025-12-22T19:51:56,60.96,1.0,SetByBid
2025-12-22 19:52:05,2025-12-22T19:52:05,60.97,1.0,SetByBid
2025-12-22 19:52:15,2025-12-22T19:52:15,60.97,1.0,SetByBid
2025-12-22 19:52:30,2025-12-22T19:52:30,60.96,2.0,SetByAsk
2025-12-22 19:52:30,2025-12-22T19:52:30,60.96,1.0,SetByAsk
2025-12-22 19:52:57,2025-12-22T19:52:57,60.96,1.0,SetByBid
2025-12-22 19:52:59,2025-12-22T19:52:59,60.96,1.0,SetByBid
2025-12-22 19:53:03,2025-12-22T19:53:03,60.96,1.0,SetByBid
2025-12-22 19:53:03,2025-12-22T19:53:03,60.96,1.0,SetByBid
2025-12-22 19:53:15,2025-12-22T19:53:15,60.98,1.0,SetByBid
2025-12-22 19:53:57,2025-12-22T19:53:57,60.98,2.0,SetByBid
2025-12-22 19:53:57,2025-12-22T19:53:57,60.98,1.0,SetByBid
2025-12-22 19:54:24,2025-12-22T19:54:24,60.97,1.0,SetByBid
2025-12-22 19:54:30,2025-12-22T19:54:30,60.96,1.0,SetByAsk
2025-12-22 19:54:30,2025-12-22T19:54:30,60.96,1.0,SetByAsk
2025-12-22 19:54:39,2025-12-22T19:54:39,60.96,1.0,SetByBid
2025-12-22 19:54:48,2025-12-22T19:54:48,60.98,1.0,SetByBid
2025-12-22 19:54:48,2025-12-22T19:54:48,60.98,1.0,SetByBid
2025-12-22 19:54:48,2025-12-22T19:54:48,60.98,1.0,SetByBid
2025-12-22 19:54:55,2025-12-22T19:54:55,60.97,1.0,SetByAsk
2025-12-22 19:54:56,2025-12-22T19:54:56,60.97,1.0,SetByBid
2025-12-22 19:55:05,2025-12-22T19:55:05,60.97,1.0,SetByBid
2025-12-22 19:55:13,2025-12-22T19:55:13,60.97,1.0,SetByBid
2025-12-22 19:55:15,2025-12-22T19:55:15,60.97,2.0,SetByBid
2025-12-22 19:55:25,2025-12-22T19:55:25,60.97,1.0,SetByAsk
2025-12-22 19:55:25,2025-12-22T19:55:25,60.97,1.0,SetByAsk
2025-12-22 19:55:34,2025-12-22T19:55:34,60.98,1.0,SetByBid
2025-12-22 19:55:43,2025-12-22T19:55:43,60.97,1.0,SetByAsk
2025-12-22 19:55:51,2025-12-22T19:55:51,60.96,1.0,SetByAsk
2025-12-22 19:55:51,2025-12-22T19:55:51,60.96,1.0,SetByAsk
2025-12-22 19:55:59,2025-12-22T19:55:59,60.95,1.0,SetByAsk
2025-12-22 19:56:02,2025-12-22T19:56:02,60.96,1.0,SetByBid
2025-12-22 19:56:21,2025-12-22T19:56:21,60.97,1.0,SetByBid
2025-12-22 19:56:34,2025-12-22T19:56:34,60.97,1.0,SetByBid
2025-12-22 19:56:34,2025-12-22T19:56:34,60.98,1.0,SetByBid
2025-12-22 19:56:34,2025-12-22T19:56:34,60.98,1.0,SetByBid
2025-12-22 19:56:39,2025-12-22T19:56:39,60.97,1.0,SetByAsk
2025-12-22 19:56:39,2025-12-22T19:56:39,60.98,1.0,SetByBid
2025-12-22 19:56:42,2025-12-22T19:56:42,60.96,1.0,SetByAsk
2025-12-22 19:57:06,2025-12-22T19:57:06,60.95,1.0,SetByAsk
2025-12-22 19:57:06,2025-12-22T19:57:06,60.95,1.0,SetByAsk
2025-12-22 19:57:06,2025-12-22T19:57:06,60.95,1.0,SetByAsk
2025-12-22 19:57:21,2025-12-22T19:57:21,60.96,1.0,SetByBid
2025-12-22 19:57:25,2025-12-22T19:57:25,60.95,1.0,SetByAsk
2025-12-22 19:57:36,2025-12-22T19:57:36,60.93,1.0,SetByAsk
2025-12-22 19:57:44,2025-12-22T19:57:44,60.93,1.0,SetByAsk
2025-12-22 19:57:58,2025-12-22T19:57:58,60.92,1.0,SetByAsk
2025-12-22 19:58:00,2025-12-22T19:58:00,60.94,1.0,SetByBid
2025-12-22 19:58:00,2025-12-22T19:58:00,60.94,1.0,SetByBid
2025-12-22 19:58:04,2025-12-22T19:58:04,60.94,1.0,SetByBid
2025-12-22 19:58:20,2025-12-22T19:58:20,60.95,1.0,SetByBid
2025-12-22 19:58:20,2025-12-22T19:58:20,60.95,1.0,SetByBid
2025-12-22 19:58:20,2025-12-22T19:58:20,60.95,1.0,SetByBid
2025-12-22 19:58:20,2025-12-22T19:58:20,60.94,1.0,SetByAsk
2025-12-22 19:58:22,2025-12-22T19:58:22,60.95,1.0,SetByBid
2025-12-22 19:58:39,2025-12-22T19:58:39,60.95,1.0,SetByAsk
2025-12-22 19:58:52,2025-12-22T19:58:52,60.95,1.0,SetByBid
2025-12-22 19:58:54,2025-12-22T19:58:54,60.95,1.0,SetByBid
2025-12-22 19:58:57,2025-12-22T19:58:57,60.95,1.0,SetByBid
2025-12-22 19:59:04,2025-12-22T19:59:04,60.95,1.0,SetByBid
2025-12-22 19:59:04,2025-12-22T19:59:04,60.95,1.0,SetByBid
2025-12-22 19:59:04,2025-12-22T19:59:04,60.95,1.0,SetByBid
2025-12-22 19:59:04,2025-12-22T19:59:04,60.95,1.0,SetByAsk
2025-12-22 19:59:04,2025-12-22T19:59:04,60.95,1.0,SetByAsk
2025-12-22 19:59:05,2025-12-22T19:59:05,60.95,1.0,SetByBid
2025-12-22 19:59:05,2025-12-22T19:59:05,60.95,1.0,SetByAsk
2025-12-22 19:59:11,2025-12-22T19:59:11,60.95,1.0,SetByBid
2025-12-22 19:59:14,2025-12-22T19:59:14,60.94,5.0,SetByAsk
2025-12-22 19:59:14,2025-12-22T19:59:14,60.94,1.0,SetByAsk
2025-12-22 19:59:19,2025-12-22T19:59:19,60.94,1.0,SetByAsk
2025-12-22 19:59:19,2025-12-22T19:59:19,60.94,1.0,SetByAsk
2025-12-22 19:59:19,2025-12-22T19:59:19,60.94,1.0,SetByBid
2025-12-22 19:59:19,2025-12-22T19:59:19,60.94,1.0,SetByAsk
2025-12-22 19:59:19,2025-12-22T19:59:19,60.94,1.0,SetByBid
2025-12-22 19:59:19,2025-12-22T19:59:19,60.94,1.0,SetByAsk
2025-12-22 19:59:20,2025-12-22T19:59:20,60.94,1.0,SetByAsk
2025-12-22 19:59:21,2025-12-22T19:59:21,60.94,1.0,SetByBid
2025-12-22 19:59:21,2025-12-22T19:59:21,60.94,1.0,SetByBid
2025-12-22 19:59:21,2025-12-22T19:59:21,60.94,2.0,SetByAsk
2025-12-22 19:59:21,2025-12-22T19:59:21,60.94,1.0,SetByAsk
2025-12-22 19:59:21,2025-12-22T19:59:21,60.94,2.0,SetByAsk
2025-12-22 19:59:21,2025-12-22T19:59:21,60.94,1.0,SetByAsk
2025-12-22 19:59:27,2025-12-22T19:59:27,60.92,1.0,SetByBid
2025-12-22 19:59:28,2025-12-22T19:59:28,60.93,2.0,SetByBid
2025-12-22 19:59:28,2025-12-22T19:59:28,60.93,1.0,SetByBid
2025-12-22 19:59:28,2025-12-22T19:59:28,60.93,1.0,SetByBid
2025-12-22 19:59:28,2025-12-22T19:59:28,60.93,1.0,SetByBid
2025-12-22 19:59:28,2025-12-22T19:59:28,60.92,1.0,SetByBid
2025-12-22 19:59:29,2025-12-22T19:59:29,60.92,1.0,SetByBid
2025-12-22 19:59:31,2025-12-22T19:59:31,60.9,1.0,SetByAsk
2025-12-22 19:59:31,2025-12-22T19:59:31,60.9,2.0,SetByAsk
2025-12-22 19:59:31,2025-12-22T19:59:31,60.91,1.0,SetByBid
2025-12-22 19:59:31,2025-12-22T19:59:31,60.91,1.0,SetByBid
2025-12-22 19:59:31,2025-12-22T19:59:31,60.91,1.0,SetByBid
2025-12-22 19:59:31,2025-12-22T19:59:31,60.91,1.0,SetByBid
2025-12-22 19:59:31,2025-12-22T19:59:31,60.91,1.0,SetByBid
2025-12-22 19:59:31,2025-12-22T19:59:31,60.91,1.0,SetByBid
2025-12-22 19:59:31,2025-12-22T19:59:31,60.91,1.0,SetByBid
2025-12-22 19:59:50,2025-12-22T19:59:50,60.89,2.0,SetByAsk
2025-12-22 19:59:50,2025-12-22T19:59:50,60.89,1.0,SetByAsk
2025-12-22 19:59:50,2025-12-22T19:59:50,60.89,1.0,SetByAsk
2025-12-22 19:59:50,2025-12-22T19:59:50,60.89,2.0,SetByAsk
2025-12-22 19:59:50,2025-12-22T19:59:50,60.89,15.0,SetByAsk
2025-12-22 19:59:50,2025-12-22T19:59:50,60.89,3.0,SetByAsk
2025-12-22 19:59:50,2025-12-22T19:59:50,60.89,1.0,SetByAsk
2025-12-22 19:59:50,2025-12-22T19:59:50,60.89,1.0,SetByAsk
2025-12-22 19:59:50,2025-12-22T19:59:50,60.89,1.0,SetByAsk
2025-12-22 19:59:50,2025-12-22T19:59:50,60.89,1.0,SetByAsk
2025-12-22 19:59:50,2025-12-22T19:59:50,60.89,1.0,SetByAsk
2025-12-22 19:59:50,2025-12-22T19:59:50,60.89,1.0,SetByAsk
2025-12-22 19:59:50,2025-12-22T19:59:50,60.89,1.0,SetByAsk
2025-12-22 19:59:50,2025-12-22T19:59:50,60.89,1.0,SetByAsk
2025-12-22 19:59:50,2025-12-22T19:59:50,60.89,1.0,SetByAsk
2025-12-22 19:59:50,2025-12-22T19:59:50,60.89,1.0,SetByAsk
2025-12-22 19:59:50,2025-12-22T19:59:50,60.89,1.0,SetByAsk
2025-12-22 19:59:50,2025-12-22T19:59:50,60.89,5.0,SetByAsk
2025-12-22 19:59:50,2025-12-22T19:59:50,60.88,1.0,SetByAsk
2025-12-22 19:59:50,2025-12-22T19:59:50,60.88,1.0,SetByAsk
2025-12-22 19:59:50,2025-12-22T19:59:50,60.88,1.0,SetByAsk
2025-12-22 19:59:50,2025-12-22T19:59:50,60.88,1.0,SetByAsk
2025-12-22 19:59:50,2025-12-22T19:59:50,60.88,1.0,SetByAsk
2025-12-22 19:59:50,2025-12-22T19:59:50,60.88,1.0,SetByAsk
2025-12-22 19:59:50,2025-12-22T19:59:50,60.88,1.0,SetByAsk
2025-12-22 19:59:50,2025-12-22T19:59:50,60.88,3.0,SetByAsk
2025-12-22 19:59:51,2025-12-22T19:59:51,60.9,1.0,SetByBid
2025-12-22 19:59:51,2025-12-22T19:59:51,60.9,1.0,SetByBid
2025-12-22 19:59:51,2025-12-22T19:59:51,60.9,1.0,SetByBid
2025-12-22 19:59:52,2025-12-22T19:59:52,60.9,1.0,SetByBid
2025-12-22 19:59:55,2025-12-22T19:59:55,60.9,1.0,SetByBid
2025-12-22 19:59:55,2025-12-22T19:59:55,60.9,1.0,SetByBid
2025-12-22 19:59:55,2025-12-22T19:59:55,60.9,1.0,SetByBid
2025-12-22 20:00:01,2025-12-22T20:00:01,60.91,1.0,SetByBid
2025-12-22 20:00:17,2025-12-22T20:00:17,60.92,1.0,SetByBid
2025-12-22 20:00:20,2025-12-22T20:00:20,60.92,1.0,SetByBid
2025-12-22 20:00:34,2025-12-22T20:00:34,60.91,1.0,SetByAsk
2025-12-22 20:00:36,2025-12-22T20:00:36,60.9,1.0,SetByAsk
2025-12-22 20:00:36,2025-12-22T20:00:36,60.9,1.0,SetByAsk
2025-12-22 20:00:54,2025-12-22T20:00:54,60.9,1.0,SetByBid
2025-12-22 20:00:55,2025-12-22T20:00:55,60.91,1.0,SetByBid
2025-12-22 20:01:05,2025-12-22T20:01:05,60.91,1.0,SetByAsk
2025-12-22 20:01:05,2025-12-22T20:01:05,60.91,1.0,SetByAsk
2025-12-22 20:01:05,2025-12-22T20:01:05,60.91,1.0,SetByAsk
2025-12-22 20:01:09,2025-12-22T20:01:09,60.91,1.0,SetByBid
2025-12-22 20:01:09,2025-12-22T20:01:09,60.91,1.0,SetByBid
2025-12-22 20:01:14,2025-12-22T20:01:14,60.91,1.0,SetByBid
2025-12-22 20:01:14,2025-12-22T20:01:14,60.91,1.0,"SetByBid, Leg"
2025-12-22 20:01:22,2025-12-22T20:01:22,60.9,1.0,SetByAsk
2025-12-22 20:01:24,2025-12-22T20:01:24,60.89,1.0,SetByAsk
2025-12-22 20:01:24,2025-12-22T20:01:24,60.89,1.0,SetByAsk
2025-12-22 20:01:25,2025-12-22T20:01:25,60.89,1.0,SetByBid
2025-12-22 20:01:35,2025-12-22T20:01:35,60.88,1.0,SetByAsk
2025-12-22 20:01:35,2025-12-22T20:01:35,60.88,1.0,SetByAsk
2025-12-22 20:01:38,2025-12-22T20:01:38,60.87,1.0,SetByBid
2025-12-22 20:01:53,2025-12-22T20:01:53,60.91,1.0,SetByBid
2025-12-22 20:02:02,2025-12-22T20:02:02,60.92,1.0,SetByBid
2025-12-22 20:02:40,2025-12-22T20:02:40,60.93,1.0,SetByBid
2025-12-22 20:03:10,2025-12-22T20:03:10,60.93,1.0,SetByBid
2025-12-22 20:03:43,2025-12-22T20:03:43,60.94,1.0,SetByBid
2025-12-22 20:03:44,2025-12-22T20:03:44,60.94,1.0,SetByBid
2025-12-22 20:04:02,2025-12-22T20:04:02,60.94,1.0,SetByBid
2025-12-22 20:04:03,2025-12-22T20:04:03,60.94,1.0,SetByBid
2025-12-22 20:04:18,2025-12-22T20:04:18,60.94,1.0,SetByBid
2025-12-22 20:04:18,2025-12-22T20:04:18,60.94,1.0,SetByBid
2025-12-22 20:04:18,2025-12-22T20:04:18,60.94,1.0,SetByBid
2025-12-22 20:04:18,2025-12-22T20:04:18,60.94,1.0,SetByBid
2025-12-22 20:04:18,2025-12-22T20:04:18,60.94,1.0,SetByBid
2025-12-22 20:04:18,2025-12-22T20:04:18,60.94,1.0,SetByBid
2025-12-22 20:04:18,2025-12-22T20:04:18,60.94,2.0,SetByBid
2025-12-22 20:04:19,2025-12-22T20:04:19,60.95,1.0,SetByBid
2025-12-22 20:04:19,2025-12-22T20:04:19,60.95,1.0,SetByBid
2025-12-22 20:04:19,2025-12-22T20:04:19,60.95,1.0,SetByBid
2025-12-22 20:04:19,2025-12-22T20:04:19,60.95,1.0,SetByBid
2025-12-22 20:04:19,2025-12-22T20:04:19,60.95,1.0,SetByBid
2025-12-22 20:04:19,2025-12-22T20:04:19,60.95,1.0,SetByBid
2025-12-22 20:04:20,2025-12-22T20:04:20,60.95,1.0,SetByBid
2025-12-22 20:04:22,2025-12-22T20:04:22,60.94,1.0,SetByBid
2025-12-22 20:04:23,2025-12-22T20:04:23,60.94,1.0,SetByBid
2025-12-22 20:04:42,2025-12-22T20:04:42,60.95,1.0,"SetByBid, Leg"
2025-12-22 20:04:52,2025-12-22T20:04:52,60.95,1.0,SetByBid
2025-12-22 20:05:01,2025-12-22T20:05:01,60.96,1.0,SetByBid
2025-12-22 20:05:09,2025-12-22T20:05:09,60.95,1.0,SetByBid
2025-12-22 20:05:12,2025-12-22T20:05:12,60.94,1.0,SetByAsk
2025-12-22 20:05:15,2025-12-22T20:05:15,60.94,1.0,SetByBid
2025-12-22 20:05:35,2025-12-22T20:05:35,60.95,1.0,SetByAsk
2025-12-22 20:05:48,2025-12-22T20:05:48,60.95,1.0,SetByBid
2025-12-22 20:06:06,2025-12-22T20:06:06,60.93,1.0,SetByAsk
2025-12-22 20:06:17,2025-12-22T20:06:17,60.94,1.0,SetByBid
2025-12-22 20:06:30,2025-12-22T20:06:30,60.92,1.0,SetByAsk
2025-12-22 20:06:33,2025-12-22T20:06:33,60.92,1.0,SetByBid
2025-12-22 20:07:01,2025-12-22T20:07:01,60.93,1.0,SetByBid
2025-12-22 20:07:01,2025-12-22T20:07:01,60.94,1.0,SetByBid
2025-12-22 20:07:08,2025-12-22T20:07:08,60.94,1.0,SetByBid
2025-12-22 20:07:08,2025-12-22T20:07:08,60.94,1.0,SetByAsk
2025-12-22 20:07:09,2025-12-22T20:07:09,60.94,1.0,SetByAsk
2025-12-22 20:07:10,2025-12-22T20:07:10,60.94,1.0,SetByBid
2025-12-22 20:07:10,2025-12-22T20:07:10,60.94,1.0,SetByBid
2025-12-22 20:07:42,2025-12-22T20:07:42,60.93,1.0,SetByBid
2025-12-22 20:08:03,2025-12-22T20:08:03,60.95,1.0,SetByBid
2025-12-22 20:08:19,2025-12-22T20:08:19,60.96,1.0,SetByBid
2025-12-22 20:08:30,2025-12-22T20:08:30,60.95,1.0,SetByAsk
2025-12-22 20:08:42,2025-12-22T20:08:42,60.95,2.0,SetByBid
2025-12-22 20:08:42,2025-12-22T20:08:42,60.95,1.0,SetByAsk
2025-12-22 20:08:53,2025-12-22T20:08:53,60.94,1.0,SetByAsk
2025-12-22 20:08:53,2025-12-22T20:08:53,60.94,1.0,SetByAsk
2025-12-22 20:09:04,2025-12-22T20:09:04,60.94,1.0,SetByAsk
2025-12-22 20:09:04,2025-12-22T20:09:04,60.94,1.0,SetByAsk
2025-12-22 20:09:06,2025-12-22T20:09:06,60.94,1.0,SetByAsk
2025-12-22 20:09:06,2025-12-22T20:09:06,60.94,1.0,SetByAsk
2025-12-22 20:09:07,2025-12-22T20:09:07,60.94,1.0,SetByAsk
2025-12-22 20:09:15,2025-12-22T20:09:15,60.95,1.0,SetByAsk
2025-12-22 20:09:24,2025-12-22T20:09:24,60.95,1.0,SetByBid
2025-12-22 20:09:39,2025-12-22T20:09:39,60.94,1.0,SetByAsk
2025-12-22 20:09:52,2025-12-22T20:09:52,60.94,1.0,SetByBid
2025-12-22 20:09:55,2025-12-22T20:09:55,60.94,1.0,SetByBid
2025-12-22 20:09:58,2025-12-22T20:09:58,60.94,1.0,SetByBid
2025-12-22 20:10:02,2025-12-22T20:10:02,60.93,1.0,SetByAsk
2025-12-22 20:10:02,2025-12-22T20:10:02,60.93,1.0,SetByAsk
2025-12-22 20:10:02,2025-12-22T20:10:02,60.93,1.0,SetByAsk
2025-12-22 20:10:16,2025-12-22T20:10:16,60.93,1.0,SetByAsk
2025-12-22 20:10:32,2025-12-22T20:10:32,60.94,1.0,SetByBid
2025-12-22 20:10:41,2025-12-22T20:10:41,60.93,1.0,SetByAsk
2025-12-22 20:10:41,2025-12-22T20:10:41,60.93,5.0,SetByAsk
2025-12-22 20:10:41,2025-12-22T20:10:41,60.93,1.0,SetByAsk
2025-12-22 20:10:41,2025-12-22T20:10:41,60.93,2.0,SetByAsk
2025-12-22 20:10:41,2025-12-22T20:10:41,60.93,1.0,SetByAsk
2025-12-22 20:10:41,2025-12-22T20:10:41,60.93,1.0,SetByAsk
2025-12-22 20:10:41,2025-12-22T20:10:41,60.93,1.0,SetByBid
2025-12-22 20:10:41,2025-12-22T20:10:41,60.93,4.0,SetByAsk
2025-12-22 20:10:41,2025-12-22T20:10:41,60.93,1.0,SetByBid
2025-12-22 20:10:44,2025-12-22T20:10:44,60.93,4.0,SetByAsk
2025-12-22 20:11:08,2025-12-22T20:11:08,60.94,1.0,SetByBid
2025-12-22 20:11:31,2025-12-22T20:11:31,60.95,1.0,SetByBid
2025-12-22 20:11:37,2025-12-22T20:11:37,60.96,1.0,SetByBid
2025-12-22 20:11:37,2025-12-22T20:11:37,60.96,1.0,SetByBid
2025-12-22 20:11:37,2025-12-22T20:11:37,60.96,2.0,SetByBid
2025-12-22 20:12:08,2025-12-22T20:12:08,60.97,6.0,SetByAsk
2025-12-22 20:12:08,2025-12-22T20:12:08,60.97,1.0,SetByAsk
2025-12-22 20:12:08,2025-12-22T20:12:08,60.97,1.0,SetByAsk
2025-12-22 20:12:08,2025-12-22T20:12:08,60.97,1.0,SetByAsk
2025-12-22 20:12:21,2025-12-22T20:12:21,60.98,1.0,SetByBid
2025-12-22 20:12:40,2025-12-22T20:12:40,60.97,1.0,SetByBid
2025-12-22 20:12:40,2025-12-22T20:12:40,60.97,1.0,SetByBid
2025-12-22 20:12:40,2025-12-22T20:12:40,60.97,1.0,SetByBid
2025-12-22 20:12:40,2025-12-22T20:12:40,60.97,1.0,SetByBid
2025-12-22 20:12:40,2025-12-22T20:12:40,60.97,1.0,SetByBid
2025-12-22 20:12:40,2025-12-22T20:12:40,60.97,3.0,SetByBid
2025-12-22 20:12:40,2025-12-22T20:12:40,60.97,1.0,SetByBid
2025-12-22 20:12:40,2025-12-22T20:12:40,60.97,1.0,SetByBid
2025-12-22 20:12:40,2025-12-22T20:12:40,60.97,1.0,SetByBid
2025-12-22 20:12:40,2025-12-22T20:12:40,60.97,1.0,SetByBid
2025-12-22 20:12:40,2025-12-22T20:12:40,60.97,1.0,SetByBid
2025-12-22 20:12:40,2025-12-22T20:12:40,60.97,1.0,SetByBid
2025-12-22 20:12:40,2025-12-22T20:12:40,60.97,3.0,SetByBid
2025-12-22 20:12:40,2025-12-22T20:12:40,60.97,1.0,SetByBid
2025-12-22 20:12:40,2025-12-22T20:12:40,60.97,2.0,SetByBid
2025-12-22 20:12:40,2025-12-22T20:12:40,60.97,1.0,SetByBid
2025-12-22 20:12:40,2025-12-22T20:12:40,60.97,1.0,SetByBid
2025-12-22 20:12:40,2025-12-22T20:12:40,60.97,1.0,SetByBid
2025-12-22 20:12:40,2025-12-22T20:12:40,60.97,5.0,SetByBid
2025-12-22 20:12:40,2025-12-22T20:12:40,60.97,1.0,SetByBid
2025-12-22 20:12:40,2025-12-22T20:12:40,60.97,1.0,SetByBid
2025-12-22 20:12:40,2025-12-22T20:12:40,60.97,1.0,SetByBid
2025-12-22 20:12:40,2025-12-22T20:12:40,60.97,1.0,SetByBid
2025-12-22 20:12:40,2025-12-22T20:12:40,60.97,1.0,SetByBid
2025-12-22 20:12:40,2025-12-22T20:12:40,60.98,1.0,SetByBid
2025-12-22 20:12:40,2025-12-22T20:12:40,60.98,1.0,SetByBid
2025-12-22 20:12:40,2025-12-22T20:12:40,60.98,1.0,SetByBid
2025-12-22 20:12:40,2025-12-22T20:12:40,60.98,1.0,SetByBid
2025-12-22 20:12:40,2025-12-22T20:12:40,60.98,1.0,SetByBid
2025-12-22 20:12:40,2025-12-22T20:12:40,60.98,1.0,SetByBid
2025-12-22 20:12:40,2025-12-22T20:12:40,60.98,1.0,SetByBid
2025-12-22 20:12:40,2025-12-22T20:12:40,60.98,1.0,SetByBid
2025-12-22 20:12:40,2025-12-22T20:12:40,60.98,1.0,SetByBid
2025-12-22 20:12:40,2025-12-22T20:12:40,60.98,1.0,SetByBid
2025-12-22 20:12:40,2025-12-22T20:12:40,60.98,1.0,SetByBid
2025-12-22 20:12:40,2025-12-22T20:12:40,60.98,1.0,SetByBid
2025-12-22 20:12:40,2025-12-22T20:12:40,60.98,1.0,SetByBid
2025-12-22 20:12:40,2025-12-22T20:12:40,60.98,1.0,SetByBid
2025-12-22 20:12:40,2025-12-22T20:12:40,60.98,1.0,SetByBid
2025-12-22 20:12:40,2025-12-22T20:12:40,60.98,1.0,SetByBid
2025-12-22 20:12:40,2025-12-22T20:12:40,60.98,1.0,SetByBid
2025-12-22 20:12:49,2025-12-22T20:12:49,60.96,1.0,SetByAsk
2025-12-22 20:13:05,2025-12-22T20:13:05,60.97,1.0,SetByBid
2025-12-22 20:13:12,2025-12-22T20:13:12,60.96,1.0,SetByAsk
2025-12-22 20:13:12,2025-12-22T20:13:12,60.96,1.0,SetByAsk
2025-12-22 20:13:37,2025-12-22T20:13:37,60.95,1.0,SetByBid
2025-12-22 20:13:41,2025-12-22T20:13:41,60.96,1.0,SetByBid
2025-12-22 20:13:50,2025-12-22T20:13:50,60.96,1.0,SetByBid
2025-12-22 20:13:50,2025-12-22T20:13:50,60.96,1.0,SetByBid
2025-12-22 20:13:52,2025-12-22T20:13:52,60.96,1.0,SetByAsk
2025-12-22 20:13:56,2025-12-22T20:13:56,60.97,1.0,SetByBid
2025-12-22 20:14:13,2025-12-22T20:14:13,60.97,1.0,SetByBid
2025-12-22 20:14:16,2025-12-22T20:14:16,60.96,2.0,SetByAsk
2025-12-22 20:14:25,2025-12-22T20:14:25,60.96,2.0,SetByAsk
2025-12-22 20:14:30,2025-12-22T20:14:30,60.96,1.0,SetByBid
2025-12-22 20:14:44,2025-12-22T20:14:44,60.97,1.0,SetByBid
2025-12-22 20:14:44,2025-12-22T20:14:44,60.97,1.0,SetByBid
2025-12-22 20:14:44,2025-12-22T20:14:44,60.97,1.0,SetByBid
2025-12-22 20:14:49,2025-12-22T20:14:49,60.97,1.0,SetByBid
2025-12-22 20:14:55,2025-12-22T20:14:55,60.96,1.0,SetByAsk
2025-12-22 20:14:55,2025-12-22T20:14:55,60.96,1.0,SetByAsk
2025-12-22 20:14:55,2025-12-22T20:14:55,60.96,1.0,SetByAsk
2025-12-22 20:15:02,2025-12-22T20:15:02,60.96,2.0,SetByAsk
2025-12-22 20:15:02,2025-12-22T20:15:02,60.96,1.0,SetByAsk
2025-12-22 20:15:29,2025-12-22T20:15:29,60.97,1.0,SetByBid
2025-12-22 20:15:29,2025-12-22T20:15:29,60.97,1.0,SetByBid
2025-12-22 20:15:29,2025-12-22T20:15:29,60.97,1.0,SetByBid
2025-12-22 20:15:39,2025-12-22T20:15:39,60.99,1.0,SetByBid
2025-12-22 20:15:59,2025-12-22T20:15:59,60.97,1.0,SetByBid
2025-12-22 20:16:13,2025-12-22T20:16:13,60.95,1.0,SetByAsk
2025-12-22 20:16:13,2025-12-22T20:16:13,60.95,1.0,SetByAsk
2025-12-22 20:16:13,2025-12-22T20:16:13,60.95,1.0,SetByAsk
2025-12-22 20:16:13,2025-12-22T20:16:13,60.95,1.0,SetByAsk
2025-12-22 20:16:13,2025-12-22T20:16:13,60.95,1.0,SetByAsk
2025-12-22 20:16:30,2025-12-22T20:16:30,60.95,1.0,SetByBid
2025-12-22 20:16:47,2025-12-22T20:16:47,60.94,1.0,SetByAsk
2025-12-22 20:16:47,2025-12-22T20:16:47,60.94,1.0,SetByAsk
2025-12-22 20:16:47,2025-12-22T20:16:47,60.94,1.0,SetByAsk
2025-12-22 20:16:47,2025-12-22T20:16:47,60.94,3.0,SetByAsk
2025-12-22 20:16:47,2025-12-22T20:16:47,60.94,1.0,SetByAsk
2025-12-22 20:16:47,2025-12-22T20:16:47,60.94,1.0,SetByAsk
2025-12-22 20:16:53,2025-12-22T20:16:53,60.95,1.0,SetByBid
2025-12-22 20:16:58,2025-12-22T20:16:58,60.94,1.0,SetByAsk
2025-12-22 20:16:58,2025-12-22T20:16:58,60.94,1.0,SetByAsk
2025-12-22 20:16:58,2025-12-22T20:16:58,60.94,1.0,SetByAsk
2025-12-22 20:16:58,2025-12-22T20:16:58,60.94,1.0,SetByAsk
2025-12-22 20:16:58,2025-12-22T20:16:58,60.94,1.0,SetByAsk
2025-12-22 20:17:16,2025-12-22T20:17:16,60.95,1.0,SetByBid
2025-12-22 20:17:16,2025-12-22T20:17:16,60.95,1.0,SetByBid
2025-12-22 20:17:25,2025-12-22T20:17:25,60.95,1.0,SetByAsk
2025-12-22 20:17:25,2025-12-22T20:17:25,60.95,4.0,SetByAsk
2025-12-22 20:17:25,2025-12-22T20:17:25,60.95,1.0,SetByAsk
2025-12-22 20:17:25,2025-12-22T20:17:25,60.95,1.0,SetByAsk
2025-12-22 20:17:37,2025-12-22T20:17:37,60.96,1.0,SetByBid
2025-12-22 20:17:37,2025-12-22T20:17:37,60.96,1.0,SetByBid
2025-12-22 20:17:37,2025-12-22T20:17:37,60.96,1.0,SetByBid
2025-12-22 20:17:59,2025-12-22T20:17:59,60.97,1.0,SetByBid
2025-12-22 20:17:59,2025-12-22T20:17:59,60.97,1.0,SetByBid
2025-12-22 20:17:59,2025-12-22T20:17:59,60.97,6.0,SetByAsk
2025-12-22 20:17:59,2025-12-22T20:17:59,60.97,1.0,SetByAsk
2025-12-22 20:18:42,2025-12-22T20:18:42,60.97,3.0,SetByAsk
2025-12-22 20:18:42,2025-12-22T20:18:42,60.97,2.0,SetByAsk
2025-12-22 20:18:42,2025-12-22T20:18:42,60.97,1.0,SetByAsk
2025-12-22 20:18:42,2025-12-22T20:18:42,60.97,4.0,SetByAsk
2025-12-22 20:18:42,2025-12-22T20:18:42,60.97,1.0,SetByAsk
2025-12-22 20:18:49,2025-12-22T20:18:49,60.97,1.0,SetByBid
2025-12-22 20:18:49,2025-12-22T20:18:49,60.97,1.0,SetByBid
2025-12-22 20:18:49,2025-12-22T20:18:49,60.97,1.0,SetByAsk
2025-12-22 20:19:05,2025-12-22T20:19:05,60.97,1.0,SetByAsk
2025-12-22 20:19:05,2025-12-22T20:19:05,60.97,1.0,SetByAsk
2025-12-22 20:19:05,2025-12-22T20:19:05,60.97,1.0,SetByAsk
2025-12-22 20:19:09,2025-12-22T20:19:09,60.97,1.0,SetByAsk
2025-12-22 20:19:09,2025-12-22T20:19:09,60.97,1.0,SetByAsk
2025-12-22 20:19:09,2025-12-22T20:19:09,60.97,2.0,SetByAsk
2025-12-22 20:19:09,2025-12-22T20:19:09,60.97,1.0,SetByAsk
2025-12-22 20:19:09,2025-12-22T20:19:09,60.97,1.0,SetByAsk
2025-12-22 20:19:19,2025-12-22T20:19:19,60.97,1.0,SetByBid
2025-12-22 20:19:28,2025-12-22T20:19:28,60.96,1.0,SetByAsk
2025-12-22 20:19:28,2025-12-22T20:19:28,60.96,1.0,SetByAsk
2025-12-22 20:19:28,2025-12-22T20:19:28,60.96,1.0,SetByAsk
2025-12-22 20:19:28,2025-12-22T20:19:28,60.96,1.0,SetByAsk
2025-12-22 20:19:53,2025-12-22T20:19:53,60.96,1.0,SetByBid
2025-12-22 20:19:53,2025-12-22T20:19:53,60.96,1.0,SetByBid
2025-12-22 20:19:53,2025-12-22T20:19:53,60.96,1.0,SetByBid
2025-12-22 20:19:55,2025-12-22T20:19:55,60.97,1.0,SetByBid
2025-12-22 20:20:13,2025-12-22T20:20:13,60.96,1.0,SetByAsk
2025-12-22 20:20:13,2025-12-22T20:20:13,60.96,2.0,SetByAsk
2025-12-22 20:20:13,2025-12-22T20:20:13,60.96,2.0,SetByAsk
2025-12-22 20:20:36,2025-12-22T20:20:36,60.96,1.0,SetByAsk
2025-12-22 20:20:36,2025-12-22T20:20:36,60.96,6.0,SetByAsk
2025-12-22 20:20:36,2025-12-22T20:20:36,60.96,1.0,SetByAsk
2025-12-22 20:20:36,2025-12-22T20:20:36,60.96,1.0,SetByAsk
2025-12-22 20:20:36,2025-12-22T20:20:36,60.96,1.0,SetByAsk
2025-12-22 20:20:36,2025-12-22T20:20:36,60.96,1.0,SetByAsk
2025-12-22 20:20:36,2025-12-22T20:20:36,60.96,4.0,SetByAsk
2025-12-22 20:20:36,2025-12-22T20:20:36,60.96,1.0,SetByAsk
2025-12-22 20:20:36,2025-12-22T20:20:36,60.96,4.0,SetByAsk
2025-12-22 20:20:36,2025-12-22T20:20:36,60.96,1.0,SetByAsk
2025-12-22 20:20:36,2025-12-22T20:20:36,60.96,1.0,SetByAsk
2025-12-22 20:20:36,2025-12-22T20:20:36,60.96,1.0,SetByAsk
2025-12-22 20:20:36,2025-12-22T20:20:36,60.96,2.0,SetByAsk
2025-12-22 20:20:36,2025-12-22T20:20:36,60.96,1.0,SetByAsk
2025-12-22 20:20:36,2025-12-22T20:20:36,60.96,1.0,SetByAsk
2025-12-22 20:20:36,2025-12-22T20:20:36,60.96,1.0,SetByAsk
2025-12-22 20:20:36,2025-12-22T20:20:36,60.96,1.0,SetByAsk
2025-12-22 20:20:36,2025-12-22T20:20:36,60.96,1.0,SetByAsk
2025-12-22 20:20:37,2025-12-22T20:20:37,60.96,1.0,SetByAsk
2025-12-22 20:20:37,2025-12-22T20:20:37,60.96,2.0,SetByAsk
2025-12-22 20:20:37,2025-12-22T20:20:37,60.96,1.0,SetByAsk
2025-12-22 20:20:37,2025-12-22T20:20:37,60.96,1.0,SetByAsk
2025-12-22 20:20:37,2025-12-22T20:20:37,60.96,1.0,SetByAsk
2025-12-22 20:20:37,2025-12-22T20:20:37,60.96,1.0,SetByAsk
2025-12-22 20:20:37,2025-12-22T20:20:37,60.96,1.0,SetByAsk
2025-12-22 20:20:37,2025-12-22T20:20:37,60.96,1.0,SetByAsk
2025-12-22 20:20:37,2025-12-22T20:20:37,60.96,1.0,SetByAsk
2025-12-22 20:20:37,2025-12-22T20:20:37,60.96,1.0,SetByAsk
2025-12-22 20:20:37,2025-12-22T20:20:37,60.96,1.0,SetByAsk
2025-12-22 20:20:37,2025-12-22T20:20:37,60.96,3.0,SetByAsk
2025-12-22 20:20:37,2025-12-22T20:20:37,60.96,1.0,SetByAsk
2025-12-22 20:20:37,2025-12-22T20:20:37,60.96,2.0,SetByAsk
2025-12-22 20:20:37,2025-12-22T20:20:37,60.96,1.0,SetByAsk
2025-12-22 20:20:37,2025-12-22T20:20:37,60.96,4.0,SetByAsk
2025-12-22 20:20:37,2025-12-22T20:20:37,60.96,1.0,SetByAsk
2025-12-22 20:20:37,2025-12-22T20:20:37,60.96,4.0,SetByAsk
2025-12-22 20:20:37,2025-12-22T20:20:37,60.96,1.0,SetByAsk
2025-12-22 20:20:37,2025-12-22T20:20:37,60.96,1.0,SetByAsk
2025-12-22 20:20:38,2025-12-22T20:20:38,60.96,1.0,SetByAsk
2025-12-22 20:20:39,2025-12-22T20:20:39,60.96,1.0,SetByAsk
2025-12-22 20:20:39,2025-12-22T20:20:39,60.96,1.0,SetByAsk
2025-12-22 20:20:39,2025-12-22T20:20:39,60.96,2.0,SetByAsk
2025-12-22 20:20:39,2025-12-22T20:20:39,60.96,1.0,SetByAsk
2025-12-22 20:20:39,2025-12-22T20:20:39,60.96,3.0,SetByAsk
2025-12-22 20:20:39,2025-12-22T20:20:39,60.96,1.0,SetByAsk
2025-12-22 20:20:39,2025-12-22T20:20:39,60.96,1.0,SetByAsk
2025-12-22 20:20:39,2025-12-22T20:20:39,60.96,1.0,SetByAsk
2025-12-22 20:20:39,2025-12-22T20:20:39,60.96,1.0,SetByAsk
2025-12-22 20:20:39,2025-12-22T20:20:39,60.96,1.0,SetByAsk
2025-12-22 20:20:39,2025-12-22T20:20:39,60.96,1.0,SetByAsk
2025-12-22 20:20:39,2025-12-22T20:20:39,60.96,1.0,SetByAsk
2025-12-22 20:20:39,2025-12-22T20:20:39,60.95,1.0,SetByAsk
2025-12-22 20:20:39,2025-12-22T20:20:39,60.96,1.0,SetByBid
2025-12-22 20:20:39,2025-12-22T20:20:39,60.96,1.0,SetByBid
2025-12-22 20:20:55,2025-12-22T20:20:55,60.95,1.0,SetByAsk
2025-12-22 20:21:11,2025-12-22T20:21:11,60.96,1.0,SetByBid
2025-12-22 20:21:11,2025-12-22T20:21:11,60.96,1.0,SetByBid
2025-12-22 20:21:11,2025-12-22T20:21:11,60.96,1.0,SetByBid
2025-12-22 20:21:11,2025-12-22T20:21:11,60.96,1.0,SetByBid
2025-12-22 20:21:11,2025-12-22T20:21:11,60.96,1.0,SetByBid
2025-12-22 20:21:11,2025-12-22T20:21:11,60.96,1.0,SetByBid
2025-12-22 20:21:13,2025-12-22T20:21:13,60.96,1.0,SetByBid
2025-12-22 20:21:13,2025-12-22T20:21:13,60.96,1.0,SetByBid
2025-12-22 20:21:14,2025-12-22T20:21:14,60.96,1.0,SetByAsk
2025-12-22 20:21:14,2025-12-22T20:21:14,60.96,1.0,SetByAsk
2025-12-22 20:21:14,2025-12-22T20:21:14,60.96,2.0,SetByAsk
2025-12-22 20:21:17,2025-12-22T20:21:17,60.95,1.0,SetByAsk
2025-12-22 20:21:31,2025-12-22T20:21:31,60.95,1.0,SetByAsk
2025-12-22 20:21:35,2025-12-22T20:21:35,60.96,1.0,SetByBid
2025-12-22 20:21:35,2025-12-22T20:21:35,60.96,1.0,SetByBid
2025-12-22 20:21:35,2025-12-22T20:21:35,60.96,1.0,SetByBid
2025-12-22 20:21:35,2025-12-22T20:21:35,60.96,1.0,SetByBid
2025-12-22 20:21:35,2025-12-22T20:21:35,60.96,1.0,SetByBid
2025-12-22 20:21:53,2025-12-22T20:21:53,60.97,1.0,SetByAsk
2025-12-22 20:22:10,2025-12-22T20:22:10,60.97,1.0,SetByAsk
2025-12-22 20:22:10,2025-12-22T20:22:10,60.97,1.0,SetByAsk
2025-12-22 20:22:13,2025-12-22T20:22:13,60.97,1.0,SetByBid
2025-12-22 20:22:27,2025-12-22T20:22:27,60.97,1.0,SetByBid
2025-12-22 20:22:27,2025-12-22T20:22:27,60.97,1.0,SetByBid
2025-12-22 20:22:27,2025-12-22T20:22:27,60.97,1.0,SetByBid
2025-12-22 20:22:27,2025-12-22T20:22:27,60.97,1.0,SetByBid
2025-12-22 20:22:50,2025-12-22T20:22:50,60.96,2.0,SetByAsk
2025-12-22 20:22:50,2025-12-22T20:22:50,60.95,1.0,SetByAsk
2025-12-22 20:22:54,2025-12-22T20:22:54,60.95,1.0,SetByAsk
2025-12-22 20:22:55,2025-12-22T20:22:55,60.95,1.0,SetByAsk
2025-12-22 20:23:12,2025-12-22T20:23:12,60.95,1.0,SetByAsk
2025-12-22 20:23:16,2025-12-22T20:23:16,60.94,1.0,SetByAsk
2025-12-22 20:23:21,2025-12-22T20:23:21,60.93,1.0,SetByAsk
2025-12-22 20:23:21,2025-12-22T20:23:21,60.93,1.0,SetByAsk
2025-12-22 20:23:21,2025-12-22T20:23:21,60.93,1.0,SetByAsk
2025-12-22 20:23:31,2025-12-22T20:23:31,60.93,1.0,SetByBid
2025-12-22 20:23:31,2025-12-22T20:23:31,60.93,1.0,SetByBid
2025-12-22 20:23:31,2025-12-22T20:23:31,60.93,1.0,SetByBid
2025-12-22 20:23:31,2025-12-22T20:23:31,60.93,1.0,SetByBid
2025-12-22 20:23:31,2025-12-22T20:23:31,60.93,1.0,SetByBid
2025-12-22 20:23:31,2025-12-22T20:23:31,60.93,1.0,SetByBid
2025-12-22 20:23:31,2025-12-22T20:23:31,60.93,1.0,SetByBid
2025-12-22 20:23:31,2025-12-22T20:23:31,60.93,1.0,SetByBid
2025-12-22 20:23:31,2025-12-22T20:23:31,60.93,1.0,SetByBid
2025-12-22 20:23:31,2025-12-22T20:23:31,60.93,1.0,SetByBid
2025-12-22 20:23:31,2025-12-22T20:23:31,60.93,1.0,SetByBid
2025-12-22 20:23:37,2025-12-22T20:23:37,60.93,1.0,SetByBid
2025-12-22 20:23:37,2025-12-22T20:23:37,60.93,1.0,SetByBid
2025-12-22 20:23:44,2025-12-22T20:23:44,60.95,1.0,SetByBid
2025-12-22 20:23:44,2025-12-22T20:23:44,60.95,2.0,SetByBid
2025-12-22 20:23:44,2025-12-22T20:23:44,60.95,1.0,SetByBid
2025-12-22 20:23:44,2025-12-22T20:23:44,60.95,1.0,SetByBid
2025-12-22 20:23:44,2025-12-22T20:23:44,60.95,1.0,SetByBid
2025-12-22 20:24:17,2025-12-22T20:24:17,60.96,1.0,SetByAsk
2025-12-22 20:24:29,2025-12-22T20:24:29,60.96,1.0,SetByAsk
2025-12-22 20:24:29,2025-12-22T20:24:29,60.96,1.0,SetByAsk
2025-12-22 20:24:29,2025-12-22T20:24:29,60.96,1.0,SetByBid
2025-12-22 20:24:33,2025-12-22T20:24:33,60.96,1.0,SetByBid
2025-12-22 20:24:33,2025-12-22T20:24:33,60.96,1.0,SetByBid
2025-12-22 20:24:43,2025-12-22T20:24:43,60.96,1.0,SetByBid
2025-12-22 20:24:48,2025-12-22T20:24:48,60.96,1.0,SetByBid
2025-12-22 20:25:04,2025-12-22T20:25:04,60.98,1.0,SetByBid
2025-12-22 20:25:04,2025-12-22T20:25:04,60.98,5.0,SetByBid
2025-12-22 20:25:04,2025-12-22T20:25:04,60.99,1.0,SetByBid
2025-12-22 20:25:04,2025-12-22T20:25:04,60.99,1.0,SetByBid
2025-12-22 20:25:04,2025-12-22T20:25:04,60.99,1.0,SetByBid
2025-12-22 20:25:04,2025-12-22T20:25:04,60.99,1.0,SetByBid
2025-12-22 20:25:04,2025-12-22T20:25:04,60.99,2.0,SetByBid
2025-12-22 20:25:04,2025-12-22T20:25:04,60.99,2.0,SetByBid
2025-12-22 20:25:04,2025-12-22T20:25:04,60.99,2.0,SetByBid
2025-12-22 20:25:04,2025-12-22T20:25:04,60.99,1.0,SetByBid
2025-12-22 20:25:04,2025-12-22T20:25:04,60.99,1.0,SetByBid
2025-12-22 20:25:04,2025-12-22T20:25:04,60.99,1.0,SetByBid
2025-12-22 20:25:04,2025-12-22T20:25:04,60.99,1.0,SetByBid
2025-12-22 20:25:04,2025-12-22T20:25:04,60.99,1.0,SetByBid
2025-12-22 20:25:04,2025-12-22T20:25:04,60.99,1.0,SetByBid
2025-12-22 20:25:04,2025-12-22T20:25:04,60.99,1.0,SetByBid
2025-12-22 20:25:04,2025-12-22T20:25:04,60.99,1.0,SetByBid
2025-12-22 20:25:04,2025-12-22T20:25:04,60.99,1.0,SetByBid
2025-12-22 20:25:04,2025-12-22T20:25:04,61.0,1.0,SetByBid
2025-12-22 20:25:04,2025-12-22T20:25:04,61.0,1.0,SetByBid
2025-12-22 20:25:04,2025-12-22T20:25:04,61.0,1.0,SetByBid
2025-12-22 20:25:04,2025-12-22T20:25:04,61.0,1.0,SetByBid
2025-12-22 20:25:04,2025-12-22T20:25:04,61.0,1.0,SetByBid
2025-12-22 20:25:04,2025-12-22T20:25:04,61.0,1.0,SetByBid
2025-12-22 20:25:04,2025-12-22T20:25:04,61.0,2.0,SetByBid
2025-12-22 20:25:04,2025-12-22T20:25:04,61.0,2.0,SetByAsk
2025-12-22 20:25:04,2025-12-22T20:25:04,61.01,1.0,SetByBid
2025-12-22 20:25:05,2025-12-22T20:25:05,61.01,1.0,SetByBid
2025-12-22 20:25:05,2025-12-22T20:25:05,61.01,1.0,SetByBid
2025-12-22 20:25:05,2025-12-22T20:25:05,61.01,1.0,SetByBid
2025-12-22 20:25:14,2025-12-22T20:25:14,61.01,1.0,SetByAsk
2025-12-22 20:25:14,2025-12-22T20:25:14,61.01,1.0,SetByAsk
2025-12-22 20:25:14,2025-12-22T20:25:14,61.01,1.0,SetByAsk
2025-12-22 20:25:14,2025-12-22T20:25:14,61.01,1.0,SetByAsk
2025-12-22 20:25:14,2025-12-22T20:25:14,61.01,2.0,SetByAsk
2025-12-22 20:25:14,2025-12-22T20:25:14,61.01,2.0,SetByAsk
2025-12-22 20:25:25,2025-12-22T20:25:25,61.01,1.0,SetByBid
2025-12-22 20:25:34,2025-12-22T20:25:34,61.02,1.0,SetByBid
2025-12-22 20:25:51,2025-12-22T20:25:51,61.01,1.0,SetByAsk
2025-12-22 20:25:51,2025-12-22T20:25:51,61.01,1.0,SetByAsk
2025-12-22 20:25:51,2025-12-22T20:25:51,61.01,2.0,SetByAsk
2025-12-22 20:25:51,2025-12-22T20:25:51,61.01,2.0,SetByAsk
2025-12-22 20:25:51,2025-12-22T20:25:51,61.01,2.0,SetByAsk
2025-12-22 20:25:51,2025-12-22T20:25:51,61.01,2.0,SetByAsk
2025-12-22 20:25:51,2025-12-22T20:25:51,61.01,2.0,SetByAsk
2025-12-22 20:25:54,2025-12-22T20:25:54,61.0,1.0,SetByAsk
2025-12-22 20:25:54,2025-12-22T20:25:54,61.0,1.0,SetByAsk
2025-12-22 20:25:54,2025-12-22T20:25:54,61.0,1.0,SetByAsk
2025-12-22 20:25:57,2025-12-22T20:25:57,61.01,1.0,SetByBid
2025-12-22 20:25:57,2025-12-22T20:25:57,61.01,1.0,SetByBid
2025-12-22 20:25:57,2025-12-22T20:25:57,61.01,4.0,SetByBid
2025-12-22 20:25:57,2025-12-22T20:25:57,61.01,1.0,SetByBid
2025-12-22 20:25:57,2025-12-22T20:25:57,61.01,1.0,SetByBid
2025-12-22 20:25:57,2025-12-22T20:25:57,61.01,1.0,SetByBid
2025-12-22 20:25:57,2025-12-22T20:25:57,61.01,1.0,SetByBid
2025-12-22 20:26:00,2025-12-22T20:26:00,61.0,1.0,SetByAsk
2025-12-22 20:26:00,2025-12-22T20:26:00,61.0,1.0,SetByAsk
2025-12-22 20:26:00,2025-12-22T20:26:00,61.0,1.0,SetByAsk
2025-12-22 20:26:24,2025-12-22T20:26:24,61.01,2.0,SetByBid
2025-12-22 20:26:24,2025-12-22T20:26:24,61.01,1.0,SetByBid
2025-12-22 20:26:24,2025-12-22T20:26:24,61.01,1.0,SetByBid
2025-12-22 20:26:33,2025-12-22T20:26:33,61.01,1.0,SetByBid
2025-12-22 20:26:33,2025-12-22T20:26:33,61.0,2.0,SetByAsk
2025-12-22 20:26:33,2025-12-22T20:26:33,61.0,2.0,SetByAsk
2025-12-22 20:26:33,2025-12-22T20:26:33,61.0,1.0,SetByAsk
2025-12-22 20:26:33,2025-12-22T20:26:33,61.0,2.0,SetByAsk
2025-12-22 20:26:33,2025-12-22T20:26:33,61.0,2.0,SetByAsk
2025-12-22 20:26:42,2025-12-22T20:26:42,61.0,1.0,SetByBid
2025-12-22 20:26:48,2025-12-22T20:26:48,60.99,1.0,SetByAsk
2025-12-22 20:26:48,2025-12-22T20:26:48,60.99,1.0,SetByAsk
2025-12-22 20:26:48,2025-12-22T20:26:48,60.99,1.0,SetByAsk
2025-12-22 20:26:48,2025-12-22T20:26:48,60.99,1.0,SetByAsk
2025-12-22 20:26:53,2025-12-22T20:26:53,61.0,1.0,SetByBid
2025-12-22 20:26:53,2025-12-22T20:26:53,61.0,1.0,SetByBid
2025-12-22 20:26:53,2025-12-22T20:26:53,61.0,1.0,SetByBid
2025-12-22 20:26:53,2025-12-22T20:26:53,61.0,1.0,SetByBid
2025-12-22 20:26:53,2025-12-22T20:26:53,61.0,1.0,SetByBid
2025-12-22 20:27:06,2025-12-22T20:27:06,61.02,1.0,SetByAsk
2025-12-22 20:27:06,2025-12-22T20:27:06,61.02,5.0,SetByAsk
2025-12-22 20:27:16,2025-12-22T20:27:16,61.02,1.0,SetByBid
2025-12-22 20:27:33,2025-12-22T20:27:33,61.02,1.0,SetByBid
2025-12-22 20:27:33,2025-12-22T20:27:33,61.02,1.0,SetByBid
2025-12-22 20:27:33,2025-12-22T20:27:33,61.02,1.0,SetByBid
2025-12-22 20:27:33,2025-12-22T20:27:33,61.02,1.0,SetByBid
2025-12-22 20:27:41,2025-12-22T20:27:41,61.02,2.0,"SetByBid, Leg"
2025-12-22 20:27:41,2025-12-22T20:27:41,61.03,2.0,"SetByBid, Leg"
2025-12-22 20:27:41,2025-12-22T20:27:41,61.03,2.0,SetByBid
2025-12-22 20:27:41,2025-12-22T20:27:41,61.03,1.0,SetByBid
2025-12-22 20:27:41,2025-12-22T20:27:41,61.03,1.0,SetByBid
2025-12-22 20:27:41,2025-12-22T20:27:41,61.03,1.0,SetByBid
2025-12-22 20:27:41,2025-12-22T20:27:41,61.03,1.0,SetByBid
2025-12-22 20:27:41,2025-12-22T20:27:41,61.03,1.0,SetByBid
2025-12-22 20:27:41,2025-12-22T20:27:41,61.03,1.0,SetByBid
2025-12-22 20:27:41,2025-12-22T20:27:41,61.03,1.0,SetByBid
2025-12-22 20:27:41,2025-12-22T20:27:41,61.03,1.0,SetByBid
2025-12-22 20:27:41,2025-12-22T20:27:41,61.03,1.0,SetByBid
2025-12-22 20:27:41,2025-12-22T20:27:41,61.03,1.0,SetByBid
2025-12-22 20:27:41,2025-12-22T20:27:41,61.03,1.0,SetByBid
2025-12-22 20:27:41,2025-12-22T20:27:41,61.03,1.0,SetByBid
2025-12-22 20:27:41,2025-12-22T20:27:41,61.03,1.0,SetByBid
2025-12-22 20:27:41,2025-12-22T20:27:41,61.03,2.0,SetByBid
2025-12-22 20:27:41,2025-12-22T20:27:41,61.03,1.0,SetByBid
2025-12-22 20:27:41,2025-12-22T20:27:41,61.03,1.0,SetByBid
2025-12-22 20:27:41,2025-12-22T20:27:41,61.03,1.0,SetByBid
2025-12-22 20:27:41,2025-12-22T20:27:41,61.03,1.0,SetByBid
2025-12-22 20:27:41,2025-12-22T20:27:41,61.03,1.0,SetByBid
2025-12-22 20:27:41,2025-12-22T20:27:41,61.03,1.0,SetByBid
2025-12-22 20:27:41,2025-12-22T20:27:41,61.03,1.0,SetByBid
2025-12-22 20:27:41,2025-12-22T20:27:41,61.03,2.0,SetByBid
2025-12-22 20:27:41,2025-12-22T20:27:41,61.03,1.0,SetByBid
2025-12-22 20:27:41,2025-12-22T20:27:41,61.03,1.0,SetByBid
2025-12-22 20:27:41,2025-12-22T20:27:41,61.03,1.0,SetByBid
2025-12-22 20:27:41,2025-12-22T20:27:41,61.03,1.0,SetByBid
2025-12-22 20:27:41,2025-12-22T20:27:41,61.03,3.0,SetByBid
2025-12-22 20:27:41,2025-12-22T20:27:41,61.03,1.0,SetByBid
2025-12-22 20:27:41,2025-12-22T20:27:41,61.03,1.0,SetByBid
2025-12-22 20:27:41,2025-12-22T20:27:41,61.03,1.0,SetByBid
2025-12-22 20:27:41,2025-12-22T20:27:41,61.03,1.0,SetByBid
2025-12-22 20:27:41,2025-12-22T20:27:41,61.03,1.0,SetByBid
2025-12-22 20:27:41,2025-12-22T20:27:41,61.03,1.0,SetByBid
2025-12-22 20:27:41,2025-12-22T20:27:41,61.03,1.0,SetByBid
2025-12-22 20:27:41,2025-12-22T20:27:41,61.03,2.0,SetByBid
2025-12-22 20:27:41,2025-12-22T20:27:41,61.03,3.0,SetByBid
2025-12-22 20:27:41,2025-12-22T20:27:41,61.03,1.0,SetByBid
2025-12-22 20:27:46,2025-12-22T20:27:46,61.02,2.0,SetByAsk
2025-12-22 20:27:46,2025-12-22T20:27:46,61.02,2.0,SetByAsk
2025-12-22 20:27:47,2025-12-22T20:27:47,61.02,1.0,SetByBid
2025-12-22 20:27:50,2025-12-22T20:27:50,61.02,1.0,SetByBid
2025-12-22 20:27:52,2025-12-22T20:27:52,61.02,2.0,SetByBid
2025-12-22 20:27:52,2025-12-22T20:27:52,61.02,1.0,SetByBid
2025-12-22 20:27:52,2025-12-22T20:27:52,61.02,1.0,SetByBid
2025-12-22 20:27:52,2025-12-22T20:27:52,61.02,1.0,SetByBid
2025-12-22 20:27:52,2025-12-22T20:27:52,61.02,1.0,SetByBid
2025-12-22 20:27:52,2025-12-22T20:27:52,61.02,2.0,SetByBid
2025-12-22 20:28:00,2025-12-22T20:28:00,61.02,5.0,SetByBid
2025-12-22 20:28:00,2025-12-22T20:28:00,61.02,2.0,SetByAsk
2025-12-22 20:28:05,2025-12-22T20:28:05,61.01,1.0,SetByBid
2025-12-22 20:28:08,2025-12-22T20:28:08,61.0,1.0,SetByAsk
2025-12-22 20:28:08,2025-12-22T20:28:08,61.0,6.0,SetByAsk
2025-12-22 20:28:08,2025-12-22T20:28:08,61.0,2.0,SetByAsk
2025-12-22 20:28:08,2025-12-22T20:28:08,61.0,7.0,SetByAsk
2025-12-22 20:28:16,2025-12-22T20:28:16,60.98,1.0,SetByBid
2025-12-22 20:28:16,2025-12-22T20:28:16,60.98,1.0,SetByBid
2025-12-22 20:28:16,2025-12-22T20:28:16,60.98,3.0,SetByBid
2025-12-22 20:28:16,2025-12-22T20:28:16,60.98,1.0,SetByBid
2025-12-22 20:28:16,2025-12-22T20:28:16,60.98,1.0,SetByBid
2025-12-22 20:28:30,2025-12-22T20:28:30,60.97,1.0,SetByBid
2025-12-22 20:28:30,2025-12-22T20:28:30,60.97,2.0,SetByBid
2025-12-22 20:28:30,2025-12-22T20:28:30,60.97,1.0,SetByBid
2025-12-22 20:28:30,2025-12-22T20:28:30,60.97,1.0,SetByBid
2025-12-22 20:28:32,2025-12-22T20:28:32,60.97,1.0,SetByBid
2025-12-22 20:28:39,2025-12-22T20:28:39,60.97,2.0,SetByBid
2025-12-22 20:28:39,2025-12-22T20:28:39,60.97,1.0,SetByBid
2025-12-22 20:28:39,2025-12-22T20:28:39,60.97,1.0,SetByBid
2025-12-22 20:28:41,2025-12-22T20:28:41,60.98,1.0,SetByBid
2025-12-22 20:28:41,2025-12-22T20:28:41,60.98,1.0,SetByBid
2025-12-22 20:28:59,2025-12-22T20:28:59,60.98,1.0,SetByAsk
2025-12-22 20:29:03,2025-12-22T20:29:03,60.98,1.0,SetByAsk
2025-12-22 20:29:09,2025-12-22T20:29:09,60.98,1.0,SetByBid
2025-12-22 20:29:11,2025-12-22T20:29:11,61.01,1.0,SetByBid
2025-12-22 20:29:15,2025-12-22T20:29:15,61.01,1.0,SetByAsk
2025-12-22 20:29:15,2025-12-22T20:29:15,61.01,7.0,SetByAsk
2025-12-22 20:29:15,2025-12-22T20:29:15,61.01,2.0,SetByAsk
2025-12-22 20:29:15,2025-12-22T20:29:15,61.01,3.0,SetByAsk
2025-12-22 20:29:17,2025-12-22T20:29:17,61.01,2.0,SetByAsk
2025-12-22 20:29:20,2025-12-22T20:29:20,61.02,1.0,SetByBid
2025-12-22 20:29:28,2025-12-22T20:29:28,61.03,1.0,SetByBid
2025-12-22 20:29:41,2025-12-22T20:29:41,61.01,1.0,SetByBid
2025-12-22 20:29:41,2025-12-22T20:29:41,61.01,4.0,SetByBid
2025-12-22 20:29:42,2025-12-22T20:29:42,61.01,2.0,SetByAsk
2025-12-22 20:29:42,2025-12-22T20:29:42,61.01,7.0,SetByAsk
2025-12-22 20:29:42,2025-12-22T20:29:42,61.01,2.0,SetByAsk
2025-12-22 20:29:42,2025-12-22T20:29:42,61.01,1.0,SetByAsk
2025-12-22 20:29:47,2025-12-22T20:29:47,61.02,1.0,SetByAsk
2025-12-22 20:29:50,2025-12-22T20:29:50,61.03,5.0,SetByAsk
2025-12-22 20:29:50,2025-12-22T20:29:50,61.03,1.0,SetByAsk
2025-12-22 20:29:50,2025-12-22T20:29:50,61.02,5.0,SetByAsk
2025-12-22 20:29:50,2025-12-22T20:29:50,61.02,1.0,SetByAsk
2025-12-22 20:29:50,2025-12-22T20:29:50,61.02,1.0,SetByAsk
2025-12-22 20:29:50,2025-12-22T20:29:50,61.02,1.0,SetByAsk
2025-12-22 20:29:50,2025-12-22T20:29:50,61.02,3.0,SetByAsk
2025-12-22 20:29:50,2025-12-22T20:29:50,61.02,3.0,SetByAsk
2025-12-22 20:29:50,2025-12-22T20:29:50,61.02,1.0,SetByAsk
2025-12-22 20:29:50,2025-12-22T20:29:50,61.02,1.0,SetByAsk
2025-12-22 20:29:50,2025-12-22T20:29:50,61.02,3.0,SetByAsk
2025-12-22 20:29:50,2025-12-22T20:29:50,61.02,1.0,SetByAsk
2025-12-22 20:29:50,2025-12-22T20:29:50,61.02,1.0,SetByAsk
2025-12-22 20:29:50,2025-12-22T20:29:50,61.02,2.0,SetByAsk
2025-12-22 20:29:50,2025-12-22T20:29:50,61.02,1.0,SetByAsk
2025-12-22 20:29:50,2025-12-22T20:29:50,61.02,1.0,SetByAsk
2025-12-22 20:29:50,2025-12-22T20:29:50,61.02,1.0,SetByAsk
2025-12-22 20:29:50,2025-12-22T20:29:50,61.02,3.0,SetByAsk
2025-12-22 20:29:50,2025-12-22T20:29:50,61.02,3.0,SetByAsk
2025-12-22 20:29:50,2025-12-22T20:29:50,61.02,3.0,SetByAsk
2025-12-22 20:29:50,2025-12-22T20:29:50,61.02,3.0,SetByAsk
2025-12-22 20:29:50,2025-12-22T20:29:50,61.02,1.0,SetByAsk
2025-12-22 20:29:50,2025-12-22T20:29:50,61.02,1.0,SetByAsk
2025-12-22 20:29:50,2025-12-22T20:29:50,61.02,1.0,SetByAsk
2025-12-22 20:29:50,2025-12-22T20:29:50,61.02,4.0,SetByAsk
2025-12-22 20:29:50,2025-12-22T20:29:50,61.02,1.0,SetByAsk
2025-12-22 20:29:50,2025-12-22T20:29:50,61.02,4.0,SetByAsk
2025-12-22 20:29:55,2025-12-22T20:29:55,61.03,1.0,SetByBid
2025-12-22 20:29:55,2025-12-22T20:29:55,61.03,1.0,SetByBid
2025-12-22 20:29:57,2025-12-22T20:29:57,61.01,1.0,SetByAsk
2025-12-22 20:29:58,2025-12-22T20:29:58,60.99,1.0,SetByAsk
2025-12-22 20:29:58,2025-12-22T20:29:58,60.99,2.0,SetByAsk
2025-12-22 20:29:58,2025-12-22T20:29:58,60.97,1.0,SetByBid
2025-12-22 20:29:59,2025-12-22T20:29:59,60.98,1.0,SetByBid
2025-12-22 20:30:04,2025-12-22T20:30:04,60.99,5.0,SetByBid
2025-12-22 20:30:04,2025-12-22T20:30:04,60.99,1.0,SetByBid
2025-12-22 20:30:04,2025-12-22T20:30:04,60.99,1.0,SetByBid
2025-12-22 20:30:04,2025-12-22T20:30:04,60.99,1.0,SetByBid
2025-12-22 20:30:04,2025-12-22T20:30:04,60.99,1.0,SetByBid
2025-12-22 20:30:04,2025-12-22T20:30:04,60.99,1.0,SetByBid
2025-12-22 20:30:14,2025-12-22T20:30:14,60.98,5.0,SetByBid
2025-12-22 20:30:15,2025-12-22T20:30:15,60.98,1.0,SetByBid
2025-12-22 20:30:17,2025-12-22T20:30:17,60.99,1.0,SetByBid
2025-12-22 20:30:24,2025-12-22T20:30:24,61.0,2.0,SetByAsk
2025-12-22 20:30:28,2025-12-22T20:30:28,61.01,2.0,SetByBid
2025-12-22 20:30:28,2025-12-22T20:30:28,61.02,5.0,SetByBid
2025-12-22 20:30:28,2025-12-22T20:30:28,61.02,1.0,SetByBid
2025-12-22 20:30:28,2025-12-22T20:30:28,61.02,1.0,SetByBid
2025-12-22 20:30:28,2025-12-22T20:30:28,61.02,1.0,SetByBid
2025-12-22 20:30:28,2025-12-22T20:30:28,61.02,2.0,SetByBid
2025-12-22 20:30:28,2025-12-22T20:30:28,61.02,1.0,SetByAsk
2025-12-22 20:30:28,2025-12-22T20:30:28,61.02,2.0,SetByAsk
2025-12-22 20:30:28,2025-12-22T20:30:28,61.02,1.0,SetByAsk
2025-12-22 20:30:28,2025-12-22T20:30:28,61.02,2.0,SetByAsk
2025-12-22 20:30:28,2025-12-22T20:30:28,61.02,2.0,SetByAsk
2025-12-22 20:30:28,2025-12-22T20:30:28,61.02,2.0,SetByAsk
2025-12-22 20:30:28,2025-12-22T20:30:28,61.02,1.0,SetByBid
2025-12-22 20:30:28,2025-12-22T20:30:28,61.02,5.0,SetByAsk
2025-12-22 20:30:28,2025-12-22T20:30:28,61.02,1.0,SetByBid
2025-12-22 20:30:28,2025-12-22T20:30:28,61.02,4.0,SetByAsk
2025-12-22 20:30:28,2025-12-22T20:30:28,61.02,1.0,SetByBid
2025-12-22 20:30:28,2025-12-22T20:30:28,61.02,4.0,SetByAsk
2025-12-22 20:30:28,2025-12-22T20:30:28,61.02,1.0,SetByBid
2025-12-22 20:30:28,2025-12-22T20:30:28,61.02,6.0,SetByBid
2025-12-22 20:30:28,2025-12-22T20:30:28,61.02,4.0,SetByBid
2025-12-22 20:30:28,2025-12-22T20:30:28,61.02,2.0,SetByBid
2025-12-22 20:30:28,2025-12-22T20:30:28,61.02,4.0,SetByBid
2025-12-22 20:30:28,2025-12-22T20:30:28,61.02,1.0,SetByBid
2025-12-22 20:30:28,2025-12-22T20:30:28,61.02,1.0,SetByAsk
2025-12-22 20:30:28,2025-12-22T20:30:28,61.02,1.0,SetByAsk
2025-12-22 20:30:28,2025-12-22T20:30:28,61.02,2.0,SetByAsk
2025-12-22 20:30:28,2025-12-22T20:30:28,61.02,1.0,SetByBid
2025-12-22 20:30:28,2025-12-22T20:30:28,61.02,2.0,SetByAsk
2025-12-22 20:30:28,2025-12-22T20:30:28,61.02,3.0,SetByBid
2025-12-22 20:30:28,2025-12-22T20:30:28,61.02,2.0,SetByAsk
2025-12-22 20:30:28,2025-12-22T20:30:28,61.02,3.0,SetByAsk
2025-12-22 20:30:28,2025-12-22T20:30:28,61.02,1.0,SetByAsk
2025-12-22 20:30:28,2025-12-22T20:30:28,61.02,1.0,SetByAsk
2025-12-22 20:30:28,2025-12-22T20:30:28,61.02,1.0,SetByAsk
2025-12-22 20:30:28,2025-12-22T20:30:28,61.02,1.0,SetByAsk
2025-12-22 20:30:28,2025-12-22T20:30:28,61.02,3.0,SetByAsk
2025-12-22 20:30:28,2025-12-22T20:30:28,61.02,2.0,SetByAsk
2025-12-22 20:30:28,2025-12-22T20:30:28,61.01,173.0,SetByAsk
2025-12-22 20:30:28,2025-12-22T20:30:28,61.01,3.0,SetByAsk
2025-12-22 20:30:40,2025-12-22T20:30:40,61.01,1.0,SetByAsk
2025-12-22 20:30:50,2025-12-22T20:30:50,61.01,1.0,SetByAsk
2025-12-22 20:30:50,2025-12-22T20:30:50,61.01,1.0,SetByAsk
2025-12-22 20:30:50,2025-12-22T20:30:50,61.01,1.0,SetByAsk
2025-12-22 20:30:50,2025-12-22T20:30:50,61.01,1.0,SetByAsk
2025-12-22 20:30:50,2025-12-22T20:30:50,61.01,1.0,SetByAsk
2025-12-22 20:30:50,2025-12-22T20:30:50,61.01,2.0,SetByAsk
2025-12-22 20:30:50,2025-12-22T20:30:50,61.01,4.0,SetByAsk
2025-12-22 20:30:50,2025-12-22T20:30:50,61.01,2.0,SetByAsk
2025-12-22 20:30:56,2025-12-22T20:30:56,61.02,1.0,SetByBid
2025-12-22 20:30:56,2025-12-22T20:30:56,61.02,4.0,SetByBid
2025-12-22 20:31:00,2025-12-22T20:31:00,61.03,1.0,SetByBid
2025-12-22 20:31:00,2025-12-22T20:31:00,61.03,2.0,SetByBid
2025-12-22 20:31:06,2025-12-22T20:31:06,61.03,1.0,SetByAsk
2025-12-22 20:31:09,2025-12-22T20:31:09,61.03,1.0,SetByAsk
2025-12-22 20:31:09,2025-12-22T20:31:09,61.03,5.0,SetByAsk
2025-12-22 20:31:17,2025-12-22T20:31:17,61.04,1.0,SetByBid
2025-12-22 20:31:28,2025-12-22T20:31:28,61.06,5.0,SetByAsk
2025-12-22 20:31:28,2025-12-22T20:31:28,61.06,1.0,SetByAsk
2025-12-22 20:31:28,2025-12-22T20:31:28,61.06,6.0,SetByAsk
2025-12-22 20:31:28,2025-12-22T20:31:28,61.06,2.0,SetByAsk
2025-12-22 20:31:29,2025-12-22T20:31:29,61.06,3.0,SetByAsk
2025-12-22 20:31:45,2025-12-22T20:31:45,61.06,1.0,SetByBid
2025-12-22 20:31:50,2025-12-22T20:31:50,61.05,1.0,SetByAsk
2025-12-22 20:31:50,2025-12-22T20:31:50,61.05,1.0,SetByAsk
2025-12-22 20:31:50,2025-12-22T20:31:50,61.04,1.0,SetByAsk
2025-12-22 20:31:50,2025-12-22T20:31:50,61.04,1.0,SetByAsk
2025-12-22 20:31:50,2025-12-22T20:31:50,61.04,2.0,SetByAsk
2025-12-22 20:31:50,2025-12-22T20:31:50,61.04,1.0,SetByAsk
2025-12-22 20:31:55,2025-12-22T20:31:55,61.06,1.0,SetByBid
2025-12-22 20:31:55,2025-12-22T20:31:55,61.06,2.0,SetByBid
2025-12-22 20:31:55,2025-12-22T20:31:55,61.05,2.0,SetByAsk
2025-12-22 20:31:55,2025-12-22T20:31:55,61.05,1.0,SetByAsk
2025-12-22 20:31:55,2025-12-22T20:31:55,61.05,1.0,SetByAsk
2025-12-22 20:31:55,2025-12-22T20:31:55,61.05,1.0,SetByAsk
2025-12-22 20:31:55,2025-12-22T20:31:55,61.05,1.0,SetByAsk
2025-12-22 20:31:55,2025-12-22T20:31:55,61.05,1.0,SetByAsk
2025-12-22 20:31:55,2025-12-22T20:31:55,61.05,1.0,SetByAsk
2025-12-22 20:31:55,2025-12-22T20:31:55,61.07,1.0,SetByAsk
2025-12-22 20:31:56,2025-12-22T20:31:56,61.07,1.0,SetByAsk
2025-12-22 20:31:56,2025-12-22T20:31:56,61.07,1.0,SetByAsk
2025-12-22 20:31:56,2025-12-22T20:31:56,61.07,1.0,SetByAsk
2025-12-22 20:32:02,2025-12-22T20:32:02,61.07,1.0,SetByAsk
2025-12-22 20:32:11,2025-12-22T20:32:11,61.06,2.0,SetByAsk
2025-12-22 20:32:11,2025-12-22T20:32:11,61.06,1.0,SetByAsk
2025-12-22 20:32:11,2025-12-22T20:32:11,61.05,2.0,SetByAsk
2025-12-22 20:32:11,2025-12-22T20:32:11,61.05,1.0,SetByAsk
2025-12-22 20:32:11,2025-12-22T20:32:11,61.05,1.0,SetByAsk
2025-12-22 20:32:11,2025-12-22T20:32:11,61.05,1.0,SetByAsk
2025-12-22 20:32:11,2025-12-22T20:32:11,61.05,1.0,SetByAsk
2025-12-22 20:32:11,2025-12-22T20:32:11,61.05,2.0,SetByAsk
2025-12-22 20:32:11,2025-12-22T20:32:11,61.04,1.0,SetByAsk
2025-12-22 20:32:11,2025-12-22T20:32:11,61.04,1.0,SetByAsk
2025-12-22 20:32:11,2025-12-22T20:32:11,61.05,2.0,SetByBid
2025-12-22 20:32:11,2025-12-22T20:32:11,61.05,1.0,SetByBid
2025-12-22 20:32:12,2025-12-22T20:32:12,61.05,1.0,SetByBid
2025-12-22 20:32:12,2025-12-22T20:32:12,61.05,4.0,SetByBid
2025-12-22 20:32:12,2025-12-22T20:32:12,61.05,2.0,SetByBid
2025-12-22 20:32:12,2025-12-22T20:32:12,61.05,4.0,SetByBid
2025-12-22 20:32:12,2025-12-22T20:32:12,61.05,1.0,SetByBid
2025-12-22 20:32:17,2025-12-22T20:32:17,61.05,2.0,SetByAsk
2025-12-22 20:32:21,2025-12-22T20:32:21,61.05,1.0,SetByAsk
2025-12-22 20:32:55,2025-12-22T20:32:55,61.06,3.0,SetByAsk
2025-12-22 20:32:55,2025-12-22T20:32:55,61.06,2.0,SetByAsk
2025-12-22 20:32:55,2025-12-22T20:32:55,61.06,1.0,SetByAsk
2025-12-22 20:33:13,2025-12-22T20:33:13,61.07,1.0,SetByBid
2025-12-22 20:33:15,2025-12-22T20:33:15,61.08,1.0,SetByBid
2025-12-22 20:33:15,2025-12-22T20:33:15,61.08,1.0,SetByBid
2025-12-22 20:33:15,2025-12-22T20:33:15,61.08,1.0,SetByBid
2025-12-22 20:33:16,2025-12-22T20:33:16,61.08,1.0,SetByAsk
2025-12-22 20:33:23,2025-12-22T20:33:23,61.09,1.0,SetByAsk
2025-12-22 20:33:25,2025-12-22T20:33:25,61.1,1.0,SetByBid
2025-12-22 20:33:25,2025-12-22T20:33:25,61.1,2.0,SetByBid
2025-12-22 20:33:27,2025-12-22T20:33:27,61.1,1.0,SetByAsk
2025-12-22 20:33:27,2025-12-22T20:33:27,61.1,1.0,SetByAsk
2025-12-22 20:33:28,2025-12-22T20:33:28,61.11,1.0,SetByBid
2025-12-22 20:33:28,2025-12-22T20:33:28,61.11,1.0,SetByBid
2025-12-22 20:33:37,2025-12-22T20:33:37,61.1,1.0,SetByAsk
2025-12-22 20:33:37,2025-12-22T20:33:37,61.1,1.0,SetByAsk
2025-12-22 20:33:37,2025-12-22T20:33:37,61.1,3.0,SetByAsk
2025-12-22 20:33:37,2025-12-22T20:33:37,61.1,1.0,SetByAsk
2025-12-22 20:33:37,2025-12-22T20:33:37,61.1,5.0,SetByAsk
2025-12-22 20:33:37,2025-12-22T20:33:37,61.1,2.0,SetByAsk
2025-12-22 20:33:37,2025-12-22T20:33:37,61.09,1.0,SetByAsk
2025-12-22 20:33:37,2025-12-22T20:33:37,61.09,1.0,SetByAsk
2025-12-22 20:33:37,2025-12-22T20:33:37,61.09,1.0,SetByAsk
2025-12-22 20:33:37,2025-12-22T20:33:37,61.09,1.0,SetByAsk
2025-12-22 20:33:38,2025-12-22T20:33:38,61.07,1.0,SetByAsk
2025-12-22 20:33:38,2025-12-22T20:33:38,61.07,1.0,SetByAsk
2025-12-22 20:33:38,2025-12-22T20:33:38,61.07,1.0,SetByAsk
2025-12-22 20:33:38,2025-12-22T20:33:38,61.07,1.0,SetByAsk
2025-12-22 20:33:38,2025-12-22T20:33:38,61.07,1.0,SetByAsk
2025-12-22 20:33:46,2025-12-22T20:33:46,61.09,1.0,SetByAsk
2025-12-22 20:34:07,2025-12-22T20:34:07,61.09,1.0,SetByBid
2025-12-22 20:34:29,2025-12-22T20:34:29,61.08,1.0,SetByBid
2025-12-22 20:34:31,2025-12-22T20:34:31,61.08,1.0,SetByAsk
2025-12-22 20:34:31,2025-12-22T20:34:31,61.08,2.0,SetByAsk
2025-12-22 20:34:47,2025-12-22T20:34:47,61.08,1.0,SetByAsk
2025-12-22 20:34:50,2025-12-22T20:34:50,61.06,1.0,SetByAsk
2025-12-22 20:34:50,2025-12-22T20:34:50,61.06,1.0,SetByAsk
2025-12-22 20:34:50,2025-12-22T20:34:50,61.06,1.0,SetByAsk
2025-12-22 20:34:50,2025-12-22T20:34:50,61.06,6.0,SetByAsk
2025-12-22 20:35:10,2025-12-22T20:35:10,61.06,1.0,SetByBid
2025-12-22 20:35:37,2025-12-22T20:35:37,61.05,1.0,SetByBid
2025-12-22 20:35:37,2025-12-22T20:35:37,61.05,1.0,SetByBid
2025-12-22 20:35:37,2025-12-22T20:35:37,61.05,1.0,SetByBid
2025-12-22 20:35:37,2025-12-22T20:35:37,61.05,1.0,SetByBid
2025-12-22 20:35:37,2025-12-22T20:35:37,61.05,3.0,SetByBid
2025-12-22 20:35:37,2025-12-22T20:35:37,61.05,1.0,SetByBid
2025-12-22 20:35:37,2025-12-22T20:35:37,61.05,1.0,SetByBid
2025-12-22 20:35:37,2025-12-22T20:35:37,61.05,1.0,SetByBid
2025-12-22 20:35:37,2025-12-22T20:35:37,61.05,1.0,SetByBid
2025-12-22 20:35:37,2025-12-22T20:35:37,61.05,1.0,SetByBid
2025-12-22 20:35:45,2025-12-22T20:35:45,61.04,1.0,SetByAsk
2025-12-22 20:35:45,2025-12-22T20:35:45,61.04,1.0,SetByAsk
2025-12-22 20:35:45,2025-12-22T20:35:45,61.04,1.0,SetByAsk
2025-12-22 20:35:59,2025-12-22T20:35:59,61.05,5.0,SetByAsk
2025-12-22 20:36:25,2025-12-22T20:36:25,61.04,1.0,SetByAsk
2025-12-22 20:36:25,2025-12-22T20:36:25,61.04,7.0,SetByAsk
2025-12-22 20:36:25,2025-12-22T20:36:25,61.04,1.0,SetByAsk
2025-12-22 20:37:02,2025-12-22T20:37:02,61.05,1.0,SetByBid
2025-12-22 20:37:02,2025-12-22T20:37:02,61.05,1.0,SetByBid
2025-12-22 20:37:02,2025-12-22T20:37:02,61.05,1.0,SetByBid
2025-12-22 20:37:02,2025-12-22T20:37:02,61.05,1.0,SetByBid
2025-12-22 20:37:02,2025-12-22T20:37:02,61.05,1.0,SetByBid
2025-12-22 20:37:05,2025-12-22T20:37:05,61.05,1.0,SetByBid
2025-12-22 20:37:05,2025-12-22T20:37:05,61.05,1.0,SetByBid
2025-12-22 20:37:05,2025-12-22T20:37:05,61.06,1.0,SetByBid
2025-12-22 20:37:05,2025-12-22T20:37:05,61.06,1.0,SetByBid
2025-12-22 20:37:05,2025-12-22T20:37:05,61.06,1.0,SetByBid
2025-12-22 20:37:05,2025-12-22T20:37:05,61.06,3.0,SetByBid
2025-12-22 20:37:06,2025-12-22T20:37:06,61.05,1.0,SetByAsk
2025-12-22 20:37:06,2025-12-22T20:37:06,61.05,1.0,SetByAsk
2025-12-22 20:37:06,2025-12-22T20:37:06,61.05,20.0,SetByAsk
2025-12-22 20:37:06,2025-12-22T20:37:06,61.05,1.0,SetByAsk
2025-12-22 20:37:06,2025-12-22T20:37:06,61.05,2.0,SetByAsk
2025-12-22 20:37:06,2025-12-22T20:37:06,61.05,2.0,SetByAsk
2025-12-22 20:37:06,2025-12-22T20:37:06,61.05,8.0,SetByAsk
2025-12-22 20:37:06,2025-12-22T20:37:06,61.05,13.0,SetByAsk
2025-12-22 20:37:06,2025-12-22T20:37:06,61.05,1.0,SetByAsk
2025-12-22 20:37:06,2025-12-22T20:37:06,61.05,4.0,SetByAsk
2025-12-22 20:37:06,2025-12-22T20:37:06,61.05,1.0,SetByBid
2025-12-22 20:37:17,2025-12-22T20:37:17,61.05,1.0,SetByAsk
2025-12-22 20:37:17,2025-12-22T20:37:17,61.05,2.0,SetByAsk
2025-12-22 20:37:20,2025-12-22T20:37:20,61.04,2.0,SetByAsk
2025-12-22 20:37:51,2025-12-22T20:37:51,61.04,1.0,SetByAsk
2025-12-22 20:37:51,2025-12-22T20:37:51,61.04,1.0,SetByAsk
2025-12-22 20:37:51,2025-12-22T20:37:51,61.04,1.0,SetByAsk
2025-12-22 20:37:51,2025-12-22T20:37:51,61.04,1.0,SetByAsk
2025-12-22 20:37:51,2025-12-22T20:37:51,61.04,1.0,SetByAsk
2025-12-22 20:37:51,2025-12-22T20:37:51,61.04,3.0,SetByAsk
2025-12-22 20:37:51,2025-12-22T20:37:51,61.04,2.0,SetByAsk
2025-12-22 20:37:51,2025-12-22T20:37:51,61.04,3.0,SetByAsk
2025-12-22 20:37:51,2025-12-22T20:37:51,61.04,2.0,SetByAsk
2025-12-22 20:37:51,2025-12-22T20:37:51,61.04,1.0,SetByAsk
2025-12-22 20:37:51,2025-12-22T20:37:51,61.04,1.0,SetByAsk
2025-12-22 20:37:51,2025-12-22T20:37:51,61.04,2.0,SetByAsk
2025-12-22 20:37:51,2025-12-22T20:37:51,61.04,1.0,SetByAsk
2025-12-22 20:37:51,2025-12-22T20:37:51,61.04,1.0,"SetByAsk, Leg"
2025-12-22 20:37:51,2025-12-22T20:37:51,61.03,1.0,"SetByAsk, Leg"
2025-12-22 20:37:51,2025-12-22T20:37:51,61.03,1.0,SetByAsk
2025-12-22 20:37:51,2025-12-22T20:37:51,61.03,1.0,SetByAsk
2025-12-22 20:37:51,2025-12-22T20:37:51,61.03,1.0,SetByAsk
2025-12-22 20:37:51,2025-12-22T20:37:51,61.03,1.0,SetByAsk
2025-12-22 20:37:51,2025-12-22T20:37:51,61.03,1.0,SetByAsk
2025-12-22 20:37:51,2025-12-22T20:37:51,61.03,2.0,SetByAsk
2025-12-22 20:37:51,2025-12-22T20:37:51,61.03,3.0,SetByAsk
2025-12-22 20:37:51,2025-12-22T20:37:51,61.03,1.0,SetByAsk
2025-12-22 20:37:51,2025-12-22T20:37:51,61.03,1.0,SetByAsk
2025-12-22 20:37:51,2025-12-22T20:37:51,61.03,2.0,SetByAsk
2025-12-22 20:37:51,2025-12-22T20:37:51,61.03,1.0,SetByAsk
2025-12-22 20:37:51,2025-12-22T20:37:51,61.03,1.0,SetByAsk
2025-12-22 20:37:51,2025-12-22T20:37:51,61.03,2.0,SetByAsk
2025-12-22 20:37:51,2025-12-22T20:37:51,61.03,1.0,SetByAsk
2025-12-22 20:37:51,2025-12-22T20:37:51,61.03,1.0,SetByAsk
2025-12-22 20:37:51,2025-12-22T20:37:51,61.03,2.0,SetByAsk
2025-12-22 20:37:51,2025-12-22T20:37:51,61.03,3.0,SetByAsk
2025-12-22 20:37:51,2025-12-22T20:37:51,61.03,1.0,SetByAsk
2025-12-22 20:37:51,2025-12-22T20:37:51,61.03,2.0,SetByAsk
2025-12-22 20:37:51,2025-12-22T20:37:51,61.04,1.0,SetByBid
2025-12-22 20:37:55,2025-12-22T20:37:55,61.04,1.0,SetByAsk
2025-12-22 20:37:55,2025-12-22T20:37:55,61.04,1.0,SetByAsk
2025-12-22 20:38:09,2025-12-22T20:38:09,61.03,2.0,SetByAsk
2025-12-22 20:38:09,2025-12-22T20:38:09,61.03,1.0,SetByAsk
2025-12-22 20:38:09,2025-12-22T20:38:09,61.03,1.0,SetByAsk
2025-12-22 20:38:09,2025-12-22T20:38:09,61.03,1.0,SetByAsk
2025-12-22 20:38:09,2025-12-22T20:38:09,61.03,1.0,SetByAsk
2025-12-22 20:38:09,2025-12-22T20:38:09,61.03,5.0,SetByAsk
2025-12-22 20:38:09,2025-12-22T20:38:09,61.03,1.0,SetByAsk
2025-12-22 20:38:23,2025-12-22T20:38:23,61.03,2.0,SetByAsk
2025-12-22 20:38:23,2025-12-22T20:38:23,61.03,1.0,SetByAsk
2025-12-22 20:38:23,2025-12-22T20:38:23,61.03,1.0,SetByAsk
2025-12-22 20:38:23,2025-12-22T20:38:23,61.03,1.0,SetByAsk
2025-12-22 20:38:23,2025-12-22T20:38:23,61.03,2.0,SetByAsk
2025-12-22 20:38:23,2025-12-22T20:38:23,61.03,1.0,SetByAsk
2025-12-22 20:38:33,2025-12-22T20:38:33,61.03,1.0,SetByBid
2025-12-22 20:38:35,2025-12-22T20:38:35,61.02,1.0,SetByAsk
2025-12-22 20:38:35,2025-12-22T20:38:35,61.02,1.0,SetByAsk
2025-12-22 20:38:35,2025-12-22T20:38:35,61.02,1.0,SetByAsk
2025-12-22 20:38:35,2025-12-22T20:38:35,61.02,1.0,SetByAsk
2025-12-22 20:38:39,2025-12-22T20:38:39,61.03,1.0,SetByBid
2025-12-22 20:38:39,2025-12-22T20:38:39,61.03,1.0,SetByBid
2025-12-22 20:38:39,2025-12-22T20:38:39,61.03,1.0,SetByBid
2025-12-22 20:38:39,2025-12-22T20:38:39,61.03,1.0,SetByBid
2025-12-22 20:38:49,2025-12-22T20:38:49,61.02,1.0,SetByBid
2025-12-22 20:38:57,2025-12-22T20:38:57,61.02,1.0,SetByBid
2025-12-22 20:38:57,2025-12-22T20:38:57,61.02,2.0,SetByBid
2025-12-22 20:38:57,2025-12-22T20:38:57,61.02,1.0,SetByBid
2025-12-22 20:38:57,2025-12-22T20:38:57,61.02,1.0,SetByBid
2025-12-22 20:38:57,2025-12-22T20:38:57,61.02,1.0,SetByBid
2025-12-22 20:38:57,2025-12-22T20:38:57,61.02,1.0,SetByBid
2025-12-22 20:38:57,2025-12-22T20:38:57,61.02,1.0,SetByBid
2025-12-22 20:38:57,2025-12-22T20:38:57,61.02,1.0,SetByBid
2025-12-22 20:38:57,2025-12-22T20:38:57,61.02,1.0,SetByBid
2025-12-22 20:38:57,2025-12-22T20:38:57,61.02,1.0,SetByBid
2025-12-22 20:38:57,2025-12-22T20:38:57,61.02,1.0,SetByBid
2025-12-22 20:38:57,2025-12-22T20:38:57,61.02,1.0,SetByBid
2025-12-22 20:38:57,2025-12-22T20:38:57,61.02,1.0,SetByBid
2025-12-22 20:38:57,2025-12-22T20:38:57,61.02,1.0,SetByBid
2025-12-22 20:38:57,2025-12-22T20:38:57,61.02,1.0,SetByBid
2025-12-22 20:38:57,2025-12-22T20:38:57,61.02,1.0,SetByBid
2025-12-22 20:38:57,2025-12-22T20:38:57,61.02,1.0,SetByBid
2025-12-22 20:38:57,2025-12-22T20:38:57,61.02,1.0,SetByBid
2025-12-22 20:39:00,2025-12-22T20:39:00,61.02,1.0,SetByBid
2025-12-22 20:39:05,2025-12-22T20:39:05,61.01,1.0,SetByAsk
2025-12-22 20:39:05,2025-12-22T20:39:05,61.01,7.0,SetByAsk
2025-12-22 20:39:05,2025-12-22T20:39:05,61.01,1.0,SetByAsk
2025-12-22 20:39:33,2025-12-22T20:39:33,61.0,2.0,SetByAsk
2025-12-22 20:39:42,2025-12-22T20:39:42,61.0,1.0,SetByAsk
2025-12-22 20:39:42,2025-12-22T20:39:42,61.0,1.0,SetByAsk
2025-12-22 20:39:42,2025-12-22T20:39:42,61.0,1.0,SetByAsk
2025-12-22 20:39:55,2025-12-22T20:39:55,61.01,1.0,SetByBid
2025-12-22 20:40:08,2025-12-22T20:40:08,61.0,2.0,SetByAsk
2025-12-22 20:40:21,2025-12-22T20:40:21,61.0,1.0,SetByBid
2025-12-22 20:40:21,2025-12-22T20:40:21,61.0,1.0,SetByBid
2025-12-22 20:40:23,2025-12-22T20:40:23,61.0,1.0,SetByBid
2025-12-22 20:40:23,2025-12-22T20:40:23,61.0,1.0,SetByBid
2025-12-22 20:40:23,2025-12-22T20:40:23,61.0,1.0,SetByBid
2025-12-22 20:40:23,2025-12-22T20:40:23,61.0,1.0,SetByBid
2025-12-22 20:40:23,2025-12-22T20:40:23,61.0,1.0,SetByBid
2025-12-22 20:40:34,2025-12-22T20:40:34,61.0,1.0,SetByAsk
2025-12-22 20:40:40,2025-12-22T20:40:40,61.0,1.0,SetByAsk
2025-12-22 20:40:40,2025-12-22T20:40:40,61.0,4.0,SetByAsk
2025-12-22 20:40:44,2025-12-22T20:40:44,61.0,1.0,SetByBid
2025-12-22 20:40:45,2025-12-22T20:40:45,61.01,1.0,SetByBid
2025-12-22 20:40:45,2025-12-22T20:40:45,61.01,1.0,SetByBid
2025-12-22 20:40:45,2025-12-22T20:40:45,61.01,1.0,SetByBid
2025-12-22 20:40:56,2025-12-22T20:40:56,61.0,1.0,SetByBid
2025-12-22 20:40:56,2025-12-22T20:40:56,61.0,1.0,SetByBid
2025-12-22 20:40:56,2025-12-22T20:40:56,61.0,1.0,SetByBid
2025-12-22 20:40:56,2025-12-22T20:40:56,61.0,1.0,SetByBid
2025-12-22 20:40:56,2025-12-22T20:40:56,61.0,1.0,SetByBid
2025-12-22 20:40:57,2025-12-22T20:40:57,61.01,1.0,SetByBid
2025-12-22 20:40:57,2025-12-22T20:40:57,61.01,1.0,SetByBid
2025-12-22 20:40:57,2025-12-22T20:40:57,61.01,1.0,SetByBid
2025-12-22 20:40:57,2025-12-22T20:40:57,61.01,1.0,SetByBid
2025-12-22 20:40:57,2025-12-22T20:40:57,61.01,1.0,SetByBid
2025-12-22 20:40:57,2025-12-22T20:40:57,61.01,1.0,SetByBid
2025-12-22 20:40:57,2025-12-22T20:40:57,61.01,1.0,SetByBid
2025-12-22 20:40:57,2025-12-22T20:40:57,61.01,1.0,SetByBid
2025-12-22 20:40:58,2025-12-22T20:40:58,61.01,1.0,SetByBid
2025-12-22 20:40:58,2025-12-22T20:40:58,61.01,1.0,SetByBid
2025-12-22 20:41:00,2025-12-22T20:41:00,61.0,1.0,SetByAsk
2025-12-22 20:41:12,2025-12-22T20:41:12,61.0,1.0,SetByAsk
2025-12-22 20:41:12,2025-12-22T20:41:12,61.0,6.0,SetByAsk
2025-12-22 20:41:12,2025-12-22T20:41:12,61.0,1.0,SetByAsk
2025-12-22 20:41:12,2025-12-22T20:41:12,61.0,1.0,SetByBid
2025-12-22 20:41:26,2025-12-22T20:41:26,61.0,1.0,SetByAsk
2025-12-22 20:41:55,2025-12-22T20:41:55,61.01,1.0,SetByBid
2025-12-22 20:41:55,2025-12-22T20:41:55,61.01,1.0,SetByBid
2025-12-22 20:41:55,2025-12-22T20:41:55,61.01,4.0,SetByAsk
2025-12-22 20:41:55,2025-12-22T20:41:55,61.01,3.0,SetByAsk
2025-12-22 20:41:59,2025-12-22T20:41:59,61.0,1.0,SetByAsk
2025-12-22 20:42:06,2025-12-22T20:42:06,61.01,1.0,SetByBid
2025-12-22 20:42:19,2025-12-22T20:42:19,61.02,1.0,SetByBid
2025-12-22 20:42:19,2025-12-22T20:42:19,61.02,1.0,SetByBid
2025-12-22 20:42:26,2025-12-22T20:42:26,61.04,3.0,SetByBid
2025-12-22 20:42:41,2025-12-22T20:42:41,61.07,1.0,SetByBid
2025-12-22 20:42:41,2025-12-22T20:42:41,61.07,1.0,SetByBid
2025-12-22 20:42:41,2025-12-22T20:42:41,61.07,1.0,SetByBid
2025-12-22 20:42:41,2025-12-22T20:42:41,61.07,1.0,SetByBid
2025-12-22 20:42:41,2025-12-22T20:42:41,61.07,1.0,SetByBid
2025-12-22 20:42:41,2025-12-22T20:42:41,61.07,1.0,SetByBid
2025-12-22 20:42:41,2025-12-22T20:42:41,61.07,1.0,SetByBid
2025-12-22 20:43:00,2025-12-22T20:43:00,61.05,3.0,SetByAsk
2025-12-22 20:43:00,2025-12-22T20:43:00,61.05,2.0,SetByAsk
2025-12-22 20:43:21,2025-12-22T20:43:21,61.06,1.0,SetByBid
2025-12-22 20:43:21,2025-12-22T20:43:21,61.06,1.0,SetByBid
2025-12-22 20:43:21,2025-12-22T20:43:21,61.06,1.0,SetByBid
2025-12-22 20:43:21,2025-12-22T20:43:21,61.06,1.0,SetByBid
2025-12-22 20:43:21,2025-12-22T20:43:21,61.06,1.0,SetByBid
2025-12-22 20:43:21,2025-12-22T20:43:21,61.06,1.0,SetByBid
2025-12-22 20:43:21,2025-12-22T20:43:21,61.06,1.0,SetByBid
2025-12-22 20:43:21,2025-12-22T20:43:21,61.06,1.0,SetByBid
2025-12-22 20:43:35,2025-12-22T20:43:35,61.08,1.0,SetByBid
2025-12-22 20:43:35,2025-12-22T20:43:35,61.08,1.0,SetByBid
2025-12-22 20:43:41,2025-12-22T20:43:41,61.07,1.0,SetByAsk
2025-12-22 20:43:41,2025-12-22T20:43:41,61.07,1.0,SetByAsk
2025-12-22 20:43:57,2025-12-22T20:43:57,61.05,1.0,SetByAsk
2025-12-22 20:43:57,2025-12-22T20:43:57,61.05,1.0,SetByAsk
2025-12-22 20:43:57,2025-12-22T20:43:57,61.05,1.0,SetByAsk
2025-12-22 20:43:57,2025-12-22T20:43:57,61.05,1.0,SetByAsk
2025-12-22 20:43:57,2025-12-22T20:43:57,61.05,1.0,SetByAsk
2025-12-22 20:43:57,2025-12-22T20:43:57,61.05,1.0,SetByAsk
2025-12-22 20:43:57,2025-12-22T20:43:57,61.05,1.0,SetByAsk
2025-12-22 20:43:57,2025-12-22T20:43:57,61.05,1.0,SetByAsk
2025-12-22 20:43:57,2025-12-22T20:43:57,61.06,1.0,SetByBid
2025-12-22 20:43:57,2025-12-22T20:43:57,61.06,2.0,SetByBid
2025-12-22 20:43:57,2025-12-22T20:43:57,61.06,2.0,SetByBid
2025-12-22 20:43:57,2025-12-22T20:43:57,61.06,1.0,SetByBid
2025-12-22 20:43:57,2025-12-22T20:43:57,61.06,1.0,SetByAsk
2025-12-22 20:43:57,2025-12-22T20:43:57,61.06,1.0,SetByAsk
2025-12-22 20:43:57,2025-12-22T20:43:57,61.06,1.0,SetByAsk
2025-12-22 20:44:02,2025-12-22T20:44:02,61.06,1.0,SetByBid
2025-12-22 20:44:02,2025-12-22T20:44:02,61.06,1.0,SetByBid
2025-12-22 20:44:03,2025-12-22T20:44:03,61.05,1.0,SetByBid
2025-12-22 20:44:03,2025-12-22T20:44:03,61.05,1.0,SetByBid
2025-12-22 20:44:03,2025-12-22T20:44:03,61.05,1.0,SetByBid
2025-12-22 20:44:03,2025-12-22T20:44:03,61.05,1.0,SetByBid
2025-12-22 20:44:03,2025-12-22T20:44:03,61.05,1.0,SetByBid
2025-12-22 20:44:03,2025-12-22T20:44:03,61.05,1.0,SetByBid
2025-12-22 20:44:03,2025-12-22T20:44:03,61.05,1.0,SetByBid
2025-12-22 20:44:03,2025-12-22T20:44:03,61.05,1.0,SetByBid
2025-12-22 20:44:03,2025-12-22T20:44:03,61.05,1.0,SetByBid
2025-12-22 20:44:03,2025-12-22T20:44:03,61.05,1.0,SetByBid
2025-12-22 20:44:03,2025-12-22T20:44:03,61.05,1.0,SetByBid
2025-12-22 20:44:03,2025-12-22T20:44:03,61.05,1.0,SetByBid
2025-12-22 20:44:06,2025-12-22T20:44:06,61.05,1.0,SetByBid
2025-12-22 20:44:06,2025-12-22T20:44:06,61.05,1.0,SetByBid
2025-12-22 20:44:06,2025-12-22T20:44:06,61.05,1.0,SetByBid
2025-12-22 20:44:06,2025-12-22T20:44:06,61.05,1.0,SetByBid
2025-12-22 20:44:06,2025-12-22T20:44:06,61.05,1.0,SetByBid
2025-12-22 20:44:06,2025-12-22T20:44:06,61.05,1.0,SetByBid
2025-12-22 20:44:06,2025-12-22T20:44:06,61.05,1.0,SetByBid
2025-12-22 20:44:12,2025-12-22T20:44:12,61.05,1.0,SetByBid
2025-12-22 20:44:13,2025-12-22T20:44:13,61.05,1.0,SetByBid
2025-12-22 20:44:15,2025-12-22T20:44:15,61.05,1.0,SetByBid
2025-12-22 20:44:15,2025-12-22T20:44:15,61.05,1.0,SetByBid
2025-12-22 20:44:15,2025-12-22T20:44:15,61.05,1.0,SetByAsk
2025-12-22 20:44:15,2025-12-22T20:44:15,61.05,1.0,SetByAsk
2025-12-22 20:44:15,2025-12-22T20:44:15,61.05,1.0,SetByBid
2025-12-22 20:44:15,2025-12-22T20:44:15,61.05,1.0,SetByBid
2025-12-22 20:44:19,2025-12-22T20:44:19,61.05,1.0,SetByBid
2025-12-22 20:44:19,2025-12-22T20:44:19,61.05,1.0,SetByBid
2025-12-22 20:44:19,2025-12-22T20:44:19,61.05,1.0,SetByBid
2025-12-22 20:44:19,2025-12-22T20:44:19,61.05,1.0,SetByBid
2025-12-22 20:44:19,2025-12-22T20:44:19,61.05,1.0,SetByBid
2025-12-22 20:44:21,2025-12-22T20:44:21,61.04,3.0,SetByAsk
2025-12-22 20:44:21,2025-12-22T20:44:21,61.04,1.0,SetByAsk
2025-12-22 20:44:21,2025-12-22T20:44:21,61.04,1.0,SetByAsk
2025-12-22 20:44:21,2025-12-22T20:44:21,61.04,1.0,SetByAsk
2025-12-22 20:44:21,2025-12-22T20:44:21,61.04,1.0,SetByAsk
2025-12-22 20:44:21,2025-12-22T20:44:21,61.04,4.0,SetByBid
2025-12-22 20:44:21,2025-12-22T20:44:21,61.04,1.0,SetByBid
2025-12-22 20:44:21,2025-12-22T20:44:21,61.04,2.0,SetByBid
2025-12-22 20:44:21,2025-12-22T20:44:21,61.04,1.0,SetByBid
2025-12-22 20:44:21,2025-12-22T20:44:21,61.04,1.0,SetByAsk
2025-12-22 20:44:21,2025-12-22T20:44:21,61.04,1.0,SetByBid
2025-12-22 20:44:22,2025-12-22T20:44:22,61.05,1.0,SetByBid
2025-12-22 20:44:22,2025-12-22T20:44:22,61.05,1.0,SetByBid
2025-12-22 20:44:22,2025-12-22T20:44:22,61.05,1.0,SetByBid
2025-12-22 20:44:22,2025-12-22T20:44:22,61.05,1.0,SetByBid
2025-12-22 20:44:22,2025-12-22T20:44:22,61.05,1.0,SetByBid
2025-12-22 20:44:22,2025-12-22T20:44:22,61.05,1.0,SetByBid
2025-12-22 20:44:22,2025-12-22T20:44:22,61.04,1.0,SetByAsk
2025-12-22 20:44:22,2025-12-22T20:44:22,61.04,1.0,SetByAsk
2025-12-22 20:44:22,2025-12-22T20:44:22,61.04,1.0,SetByBid
2025-12-22 20:44:22,2025-12-22T20:44:22,61.04,1.0,SetByBid
2025-12-22 20:44:23,2025-12-22T20:44:23,61.04,1.0,SetByBid
2025-12-22 20:44:23,2025-12-22T20:44:23,61.04,1.0,SetByBid
2025-12-22 20:44:23,2025-12-22T20:44:23,61.04,1.0,SetByAsk
2025-12-22 20:44:23,2025-12-22T20:44:23,61.05,1.0,SetByBid
2025-12-22 20:44:25,2025-12-22T20:44:25,61.04,1.0,SetByBid
2025-12-22 20:44:25,2025-12-22T20:44:25,61.04,1.0,SetByBid
2025-12-22 20:44:25,2025-12-22T20:44:25,61.04,1.0,SetByBid
2025-12-22 20:44:25,2025-12-22T20:44:25,61.04,1.0,SetByBid
2025-12-22 20:44:27,2025-12-22T20:44:27,61.05,1.0,SetByBid
2025-12-22 20:44:29,2025-12-22T20:44:29,61.04,1.0,SetByBid
2025-12-22 20:44:29,2025-12-22T20:44:29,61.04,1.0,SetByBid
2025-12-22 20:44:29,2025-12-22T20:44:29,61.04,1.0,SetByBid
2025-12-22 20:44:30,2025-12-22T20:44:30,61.04,1.0,SetByBid
2025-12-22 20:44:33,2025-12-22T20:44:33,61.04,1.0,SetByAsk
2025-12-22 20:44:43,2025-12-22T20:44:43,61.03,1.0,SetByAsk
2025-12-22 20:44:43,2025-12-22T20:44:43,61.03,1.0,SetByAsk
2025-12-22 20:44:43,2025-12-22T20:44:43,61.03,1.0,SetByAsk
2025-12-22 20:44:58,2025-12-22T20:44:58,61.02,1.0,SetByAsk
2025-12-22 20:44:58,2025-12-22T20:44:58,61.02,1.0,SetByBid
2025-12-22 20:44:58,2025-12-22T20:44:58,61.02,1.0,SetByBid
2025-12-22 20:44:58,2025-12-22T20:44:58,61.02,1.0,SetByBid
2025-12-22 20:45:02,2025-12-22T20:45:02,61.03,1.0,SetByBid
2025-12-22 20:45:02,2025-12-22T20:45:02,61.03,1.0,SetByBid
2025-12-22 20:45:02,2025-12-22T20:45:02,61.03,1.0,SetByBid
2025-12-22 20:45:02,2025-12-22T20:45:02,61.03,1.0,SetByBid
2025-12-22 20:45:02,2025-12-22T20:45:02,61.04,1.0,SetByBid
2025-12-22 20:45:02,2025-12-22T20:45:02,61.04,1.0,SetByBid
2025-12-22 20:45:02,2025-12-22T20:45:02,61.04,1.0,SetByBid
2025-12-22 20:45:02,2025-12-22T20:45:02,61.04,1.0,SetByBid
2025-12-22 20:45:03,2025-12-22T20:45:03,61.05,1.0,SetByBid
2025-12-22 20:45:03,2025-12-22T20:45:03,61.05,1.0,SetByBid
2025-12-22 20:45:03,2025-12-22T20:45:03,61.05,1.0,SetByBid
2025-12-22 20:45:03,2025-12-22T20:45:03,61.05,1.0,SetByBid
2025-12-22 20:45:15,2025-12-22T20:45:15,61.04,1.0,SetByAsk
2025-12-22 20:45:19,2025-12-22T20:45:19,61.03,1.0,SetByAsk
2025-12-22 20:45:19,2025-12-22T20:45:19,61.03,1.0,SetByAsk
2025-12-22 20:45:28,2025-12-22T20:45:28,61.03,1.0,SetByAsk
2025-12-22 20:45:28,2025-12-22T20:45:28,61.03,1.0,SetByAsk
2025-12-22 20:45:28,2025-12-22T20:45:28,61.03,1.0,SetByAsk
2025-12-22 20:45:28,2025-12-22T20:45:28,61.03,1.0,SetByAsk
2025-12-22 20:45:35,2025-12-22T20:45:35,61.04,1.0,SetByBid
2025-12-22 20:45:36,2025-12-22T20:45:36,61.04,1.0,SetByBid
2025-12-22 20:45:39,2025-12-22T20:45:39,61.05,1.0,SetByBid
2025-12-22 20:45:41,2025-12-22T20:45:41,61.05,1.0,SetByAsk
2025-12-22 20:45:59,2025-12-22T20:45:59,61.05,1.0,SetByAsk
2025-12-22 20:46:01,2025-12-22T20:46:01,61.05,1.0,SetByBid
2025-12-22 20:46:02,2025-12-22T20:46:02,61.04,1.0,SetByAsk
2025-12-22 20:46:02,2025-12-22T20:46:02,61.04,1.0,SetByAsk
2025-12-22 20:46:09,2025-12-22T20:46:09,61.04,1.0,SetByBid
2025-12-22 20:46:15,2025-12-22T20:46:15,61.04,1.0,SetByBid
2025-12-22 20:46:16,2025-12-22T20:46:16,61.05,1.0,SetByBid
2025-12-22 20:46:16,2025-12-22T20:46:16,61.04,1.0,SetByAsk
2025-12-22 20:46:16,2025-12-22T20:46:16,61.05,1.0,SetByBid
2025-12-22 20:46:16,2025-12-22T20:46:16,61.04,1.0,SetByAsk
2025-12-22 20:46:16,2025-12-22T20:46:16,61.05,1.0,SetByBid
2025-12-22 20:46:16,2025-12-22T20:46:16,61.04,1.0,SetByAsk
2025-12-22 20:46:16,2025-12-22T20:46:16,61.05,1.0,SetByBid
2025-12-22 20:46:16,2025-12-22T20:46:16,61.04,1.0,SetByAsk
2025-12-22 20:46:16,2025-12-22T20:46:16,61.04,1.0,SetByAsk
2025-12-22 20:46:16,2025-12-22T20:46:16,61.05,1.0,SetByBid
2025-12-22 20:46:16,2025-12-22T20:46:16,61.05,1.0,SetByBid
2025-12-22 20:46:16,2025-12-22T20:46:16,61.05,1.0,SetByBid
2025-12-22 20:46:27,2025-12-22T20:46:27,61.04,1.0,SetByAsk
2025-12-22 20:46:32,2025-12-22T20:46:32,61.04,1.0,SetByAsk
2025-12-22 20:46:32,2025-12-22T20:46:32,61.04,1.0,SetByAsk
2025-12-22 20:46:51,2025-12-22T20:46:51,61.04,1.0,SetByAsk
2025-12-22 20:46:51,2025-12-22T20:46:51,61.04,1.0,SetByAsk
2025-12-22 20:46:53,2025-12-22T20:46:53,61.04,2.0,SetByAsk
2025-12-22 20:46:55,2025-12-22T20:46:55,61.05,1.0,SetByAsk
2025-12-22 20:47:04,2025-12-22T20:47:04,61.04,1.0,SetByAsk
2025-12-22 20:47:11,2025-12-22T20:47:11,61.02,3.0,SetByBid
2025-12-22 20:47:11,2025-12-22T20:47:11,61.03,1.0,SetByAsk
2025-12-22 20:47:12,2025-12-22T20:47:12,61.04,1.0,SetByBid
2025-12-22 20:47:12,2025-12-22T20:47:12,61.05,1.0,SetByBid
2025-12-22 20:48:03,2025-12-22T20:48:03,61.05,1.0,SetByBid
2025-12-22 20:48:03,2025-12-22T20:48:03,61.04,1.0,SetByAsk
2025-12-22 20:48:03,2025-12-22T20:48:03,61.04,1.0,SetByAsk
2025-12-22 20:48:22,2025-12-22T20:48:22,61.06,1.0,SetByAsk
2025-12-22 20:48:22,2025-12-22T20:48:22,61.06,1.0,SetByAsk
2025-12-22 20:48:27,2025-12-22T20:48:27,61.06,1.0,SetByAsk
2025-12-22 20:48:27,2025-12-22T20:48:27,61.06,1.0,SetByAsk
2025-12-22 20:48:28,2025-12-22T20:48:28,61.06,1.0,SetByAsk
2025-12-22 20:48:39,2025-12-22T20:48:39,61.06,1.0,SetByAsk
2025-12-22 20:48:52,2025-12-22T20:48:52,61.07,1.0,SetByBid
2025-12-22 20:49:33,2025-12-22T20:49:33,61.08,1.0,SetByBid
2025-12-22 20:49:37,2025-12-22T20:49:37,61.09,1.0,SetByBid
2025-12-22 20:49:37,2025-12-22T20:49:37,61.09,1.0,SetByBid
2025-12-22 20:49:37,2025-12-22T20:49:37,61.09,1.0,SetByBid
2025-12-22 20:49:37,2025-12-22T20:49:37,61.09,1.0,SetByBid
2025-12-22 20:49:37,2025-12-22T20:49:37,61.09,1.0,SetByBid
2025-12-22 20:49:37,2025-12-22T20:49:37,61.09,1.0,SetByBid
2025-12-22 20:49:37,2025-12-22T20:49:37,61.09,1.0,SetByBid
2025-12-22 20:49:38,2025-12-22T20:49:38,61.1,1.0,SetByBid
2025-12-22 20:49:40,2025-12-22T20:49:40,61.09,1.0,SetByBid
2025-12-22 20:49:52,2025-12-22T20:49:52,61.08,1.0,SetByBid
2025-12-22 20:49:55,2025-12-22T20:49:55,61.09,1.0,SetByBid
2025-12-22 20:50:00,2025-12-22T20:50:00,61.09,1.0,SetByBid
2025-12-22 20:50:03,2025-12-22T20:50:03,61.09,1.0,SetByBid
2025-12-22 20:50:03,2025-12-22T20:50:03,61.09,1.0,SetByBid
2025-12-22 20:50:04,2025-12-22T20:50:04,61.09,1.0,SetByBid
2025-12-22 20:50:05,2025-12-22T20:50:05,61.09,1.0,SetByBid
2025-12-22 20:50:07,2025-12-22T20:50:07,61.09,1.0,SetByBid
2025-12-22 20:50:07,2025-12-22T20:50:07,61.09,1.0,SetByBid
2025-12-22 20:50:08,2025-12-22T20:50:08,61.1,1.0,SetByBid
2025-12-22 20:50:17,2025-12-22T20:50:17,61.09,1.0,SetByBid
2025-12-22 20:50:29,2025-12-22T20:50:29,61.09,1.0,SetByAsk
2025-12-22 20:50:56,2025-12-22T20:50:56,61.1,1.0,SetByBid
2025-12-22 20:51:22,2025-12-22T20:51:22,61.11,1.0,SetByBid
2025-12-22 20:51:26,2025-12-22T20:51:26,61.11,1.0,SetByAsk
2025-12-22 20:51:27,2025-12-22T20:51:27,61.12,1.0,SetByBid
2025-12-22 20:51:28,2025-12-22T20:51:28,61.13,1.0,SetByBid
2025-12-22 20:51:28,2025-12-22T20:51:28,61.14,1.0,SetByBid
2025-12-22 20:51:32,2025-12-22T20:51:32,61.14,1.0,SetByBid
2025-12-22 20:51:34,2025-12-22T20:51:34,61.13,1.0,SetByAsk
2025-12-22 20:51:44,2025-12-22T20:51:44,61.14,1.0,SetByBid
2025-12-22 20:51:49,2025-12-22T20:51:49,61.13,1.0,SetByAsk
2025-12-22 20:51:49,2025-12-22T20:51:49,61.13,2.0,SetByAsk
2025-12-22 20:51:53,2025-12-22T20:51:53,61.14,1.0,SetByBid
2025-12-22 20:51:55,2025-12-22T20:51:55,61.15,1.0,SetByBid
2025-12-22 20:51:55,2025-12-22T20:51:55,61.15,1.0,SetByBid
2025-12-22 20:51:55,2025-12-22T20:51:55,61.14,1.0,SetByAsk
2025-12-22 20:51:56,2025-12-22T20:51:56,61.14,1.0,SetByBid
2025-12-22 20:52:00,2025-12-22T20:52:00,61.15,1.0,SetByBid
2025-12-22 20:52:14,2025-12-22T20:52:14,61.16,1.0,SetByBid
2025-12-22 20:52:14,2025-12-22T20:52:14,61.16,1.0,SetByBid
2025-12-22 20:52:18,2025-12-22T20:52:18,61.17,1.0,SetByBid
2025-12-22 20:52:18,2025-12-22T20:52:18,61.17,2.0,SetByBid
2025-12-22 20:52:18,2025-12-22T20:52:18,61.17,1.0,SetByBid
2025-12-22 20:52:18,2025-12-22T20:52:18,61.17,1.0,SetByAsk
2025-12-22 20:52:25,2025-12-22T20:52:25,61.16,1.0,SetByAsk
2025-12-22 20:52:25,2025-12-22T20:52:25,61.16,1.0,SetByAsk
2025-12-22 20:52:28,2025-12-22T20:52:28,61.18,1.0,SetByBid
2025-12-22 20:52:47,2025-12-22T20:52:47,61.16,1.0,SetByBid
2025-12-22 20:52:53,2025-12-22T20:52:53,61.15,1.0,SetByAsk
2025-12-22 20:53:12,2025-12-22T20:53:12,61.13,1.0,SetByBid
2025-12-22 20:53:12,2025-12-22T20:53:12,61.13,1.0,SetByBid
2025-12-22 20:53:46,2025-12-22T20:53:46,61.12,1.0,SetByBid
2025-12-22 20:53:46,2025-12-22T20:53:46,61.12,1.0,SetByBid
2025-12-22 20:53:46,2025-12-22T20:53:46,61.12,1.0,SetByAsk
2025-12-22 20:53:46,2025-12-22T20:53:46,61.11,4.0,SetByAsk
2025-12-22 20:53:46,2025-12-22T20:53:46,61.11,1.0,SetByAsk
2025-12-22 20:53:48,2025-12-22T20:53:48,61.11,1.0,"SetByBid, Leg"
2025-12-22 20:53:48,2025-12-22T20:53:48,61.12,1.0,"SetByBid, Leg"
2025-12-22 20:53:48,2025-12-22T20:53:48,61.12,1.0,SetByBid
2025-12-22 20:53:58,2025-12-22T20:53:58,61.11,1.0,SetByBid
2025-12-22 20:54:08,2025-12-22T20:54:08,61.11,1.0,SetByAsk
2025-12-22 20:54:08,2025-12-22T20:54:08,61.11,1.0,SetByAsk
2025-12-22 20:54:11,2025-12-22T20:54:11,61.11,1.0,SetByBid
2025-12-22 20:54:34,2025-12-22T20:54:34,61.12,1.0,SetByAsk
2025-12-22 20:54:34,2025-12-22T20:54:34,61.12,1.0,SetByBid
2025-12-22 20:54:34,2025-12-22T20:54:34,61.12,1.0,SetByBid
2025-12-22 20:54:34,2025-12-22T20:54:34,61.12,1.0,SetByBid
2025-12-22 20:54:34,2025-12-22T20:54:34,61.12,1.0,SetByBid
2025-12-22 20:54:34,2025-12-22T20:54:34,61.12,1.0,SetByBid
2025-12-22 20:54:34,2025-12-22T20:54:34,61.12,1.0,SetByBid
2025-12-22 20:54:34,2025-12-22T20:54:34,61.12,1.0,SetByBid
2025-12-22 20:54:36,2025-12-22T20:54:36,61.12,1.0,SetByBid
2025-12-22 20:54:37,2025-12-22T20:54:37,61.12,1.0,SetByBid
2025-12-22 20:54:40,2025-12-22T20:54:40,61.12,1.0,SetByBid
2025-12-22 20:54:44,2025-12-22T20:54:44,61.12,1.0,SetByBid
2025-12-22 20:54:45,2025-12-22T20:54:45,61.12,1.0,SetByBid
2025-12-22 20:54:45,2025-12-22T20:54:45,61.12,1.0,SetByBid
2025-12-22 20:54:45,2025-12-22T20:54:45,61.12,1.0,SetByBid
2025-12-22 20:54:45,2025-12-22T20:54:45,61.12,1.0,SetByBid
2025-12-22 20:54:45,2025-12-22T20:54:45,61.12,1.0,SetByBid
2025-12-22 20:54:50,2025-12-22T20:54:50,61.12,1.0,SetByBid
2025-12-22 20:54:50,2025-12-22T20:54:50,61.12,1.0,SetByBid
2025-12-22 20:55:02,2025-12-22T20:55:02,61.11,1.0,SetByAsk
2025-12-22 20:55:02,2025-12-22T20:55:02,61.11,1.0,SetByAsk
2025-12-22 20:55:02,2025-12-22T20:55:02,61.11,1.0,SetByAsk
2025-12-22 20:55:02,2025-12-22T20:55:02,61.11,1.0,SetByAsk
2025-12-22 20:55:02,2025-12-22T20:55:02,61.11,1.0,SetByAsk
2025-12-22 20:55:18,2025-12-22T20:55:18,61.11,1.0,SetByBid
2025-12-22 20:55:18,2025-12-22T20:55:18,61.11,1.0,SetByBid
2025-12-22 20:55:22,2025-12-22T20:55:22,61.12,1.0,SetByBid
2025-12-22 20:55:22,2025-12-22T20:55:22,61.13,1.0,SetByBid
2025-12-22 20:55:23,2025-12-22T20:55:23,61.14,1.0,SetByBid
2025-12-22 20:55:29,2025-12-22T20:55:29,61.15,1.0,SetByAsk
2025-12-22 20:55:30,2025-12-22T20:55:30,61.15,5.0,SetByAsk
2025-12-22 20:55:43,2025-12-22T20:55:43,61.14,1.0,SetByAsk
2025-12-22 20:55:43,2025-12-22T20:55:43,61.14,1.0,SetByAsk
2025-12-22 20:55:43,2025-12-22T20:55:43,61.14,1.0,SetByAsk
2025-12-22 20:55:44,2025-12-22T20:55:44,61.14,1.0,SetByAsk
2025-12-22 20:56:09,2025-12-22T20:56:09,61.16,1.0,SetByBid
2025-12-22 20:56:09,2025-12-22T20:56:09,61.16,1.0,SetByBid
2025-12-22 20:56:10,2025-12-22T20:56:10,61.16,1.0,SetByBid
2025-12-22 20:56:15,2025-12-22T20:56:15,61.15,1.0,SetByBid
2025-12-22 20:56:15,2025-12-22T20:56:15,61.15,1.0,SetByBid
2025-12-22 20:56:15,2025-12-22T20:56:15,61.15,1.0,SetByBid
2025-12-22 20:56:17,2025-12-22T20:56:17,61.15,1.0,SetByBid
2025-12-22 20:56:23,2025-12-22T20:56:23,61.16,1.0,SetByBid
2025-12-22 20:56:23,2025-12-22T20:56:23,61.16,1.0,SetByBid
2025-12-22 20:56:23,2025-12-22T20:56:23,61.16,1.0,SetByBid
2025-12-22 20:56:24,2025-12-22T20:56:24,61.16,1.0,SetByAsk
2025-12-22 20:56:24,2025-12-22T20:56:24,61.17,1.0,SetByBid
2025-12-22 20:56:24,2025-12-22T20:56:24,61.17,1.0,SetByBid
2025-12-22 20:56:28,2025-12-22T20:56:28,61.16,1.0,SetByAsk
2025-12-22 20:56:28,2025-12-22T20:56:28,61.16,1.0,SetByBid
2025-12-22 20:56:28,2025-12-22T20:56:28,61.16,1.0,SetByBid
2025-12-22 20:56:41,2025-12-22T20:56:41,61.15,1.0,SetByAsk
2025-12-22 20:56:41,2025-12-22T20:56:41,61.14,1.0,SetByBid
2025-12-22 20:56:50,2025-12-22T20:56:50,61.14,1.0,SetByBid
2025-12-22 20:56:54,2025-12-22T20:56:54,61.14,1.0,SetByBid
2025-12-22 20:56:57,2025-12-22T20:56:57,61.12,1.0,SetByAsk
2025-12-22 20:57:08,2025-12-22T20:57:08,61.12,1.0,SetByAsk
2025-12-22 20:57:08,2025-12-22T20:57:08,61.12,1.0,SetByAsk
2025-12-22 20:57:08,2025-12-22T20:57:08,61.12,1.0,SetByAsk
2025-12-22 20:57:11,2025-12-22T20:57:11,61.12,1.0,SetByBid
2025-12-22 20:57:11,2025-12-22T20:57:11,61.12,1.0,SetByBid
2025-12-22 20:57:11,2025-12-22T20:57:11,61.12,1.0,SetByBid
2025-12-22 20:57:15,2025-12-22T20:57:15,61.12,1.0,SetByBid
2025-12-22 20:57:24,2025-12-22T20:57:24,61.14,1.0,SetByBid
2025-12-22 20:57:24,2025-12-22T20:57:24,61.14,1.0,SetByBid
2025-12-22 20:57:24,2025-12-22T20:57:24,61.14,1.0,SetByAsk
2025-12-22 20:57:25,2025-12-22T20:57:25,61.14,1.0,SetByAsk
2025-12-22 20:57:25,2025-12-22T20:57:25,61.15,1.0,SetByBid
2025-12-22 20:57:28,2025-12-22T20:57:28,61.14,1.0,SetByAsk
2025-12-22 20:57:28,2025-12-22T20:57:28,61.14,1.0,SetByAsk
2025-12-22 20:57:29,2025-12-22T20:57:29,61.14,1.0,SetByAsk
2025-12-22 20:58:01,2025-12-22T20:58:01,61.13,1.0,SetByAsk
2025-12-22 20:58:01,2025-12-22T20:58:01,61.13,1.0,SetByAsk
2025-12-22 20:58:05,2025-12-22T20:58:05,61.13,1.0,SetByBid
2025-12-22 20:58:25,2025-12-22T20:58:25,61.13,1.0,SetByBid
2025-12-22 20:58:55,2025-12-22T20:58:55,61.12,1.0,SetByAsk
2025-12-22 20:58:55,2025-12-22T20:58:55,61.11,1.0,SetByAsk
2025-12-22 20:59:09,2025-12-22T20:59:09,61.1,1.0,SetByAsk
2025-12-22 20:59:09,2025-12-22T20:59:09,61.1,1.0,SetByAsk
2025-12-22 20:59:09,2025-12-22T20:59:09,61.1,1.0,SetByAsk
2025-12-22 20:59:09,2025-12-22T20:59:09,61.1,1.0,SetByAsk
2025-12-22 20:59:09,2025-12-22T20:59:09,61.1,1.0,SetByAsk
2025-12-22 20:59:09,2025-12-22T20:59:09,61.1,1.0,SetByAsk
2025-12-22 20:59:09,2025-12-22T20:59:09,61.1,1.0,SetByAsk
2025-12-22 20:59:09,2025-12-22T20:59:09,61.1,1.0,SetByAsk
2025-12-22 20:59:09,2025-12-22T20:59:09,61.1,1.0,SetByAsk
2025-12-22 20:59:09,2025-12-22T20:59:09,61.1,1.0,SetByAsk
2025-12-22 20:59:24,2025-12-22T20:59:24,61.12,1.0,SetByAsk
2025-12-22 20:59:41,2025-12-22T20:59:41,61.11,1.0,SetByAsk
2025-12-22 20:59:41,2025-12-22T20:59:41,61.11,1.0,SetByAsk
2025-12-22 20:59:45,2025-12-22T20:59:45,61.1,1.0,SetByAsk
2025-12-22 20:59:55,2025-12-22T20:59:55,61.11,1.0,SetByBid
2025-12-22 21:00:14,2025-12-22T21:00:14,61.12,1.0,SetByBid
2025-12-22 21:00:14,2025-12-22T21:00:14,61.12,1.0,SetByBid
2025-12-22 21:00:44,2025-12-22T21:00:44,61.11,1.0,SetByAsk
2025-12-22 21:00:44,2025-12-22T21:00:44,61.11,1.0,SetByAsk
2025-12-22 21:00:44,2025-12-22T21:00:44,61.11,1.0,SetByBid
2025-12-22 21:00:44,2025-12-22T21:00:44,61.11,1.0,SetByBid
2025-12-22 21:00:44,2025-12-22T21:00:44,61.11,1.0,SetByBid
2025-12-22 21:00:51,2025-12-22T21:00:51,61.1,1.0,SetByAsk
2025-12-22 21:00:51,2025-12-22T21:00:51,61.1,1.0,SetByAsk
2025-12-22 21:00:51,2025-12-22T21:00:51,61.1,1.0,SetByBid
2025-12-22 21:00:57,2025-12-22T21:00:57,61.1,1.0,SetByBid
2025-12-22 21:01:00,2025-12-22T21:01:00,61.1,1.0,SetByAsk
2025-12-22 21:01:00,2025-12-22T21:01:00,61.1,1.0,SetByAsk
2025-12-22 21:01:00,2025-12-22T21:01:00,61.1,1.0,SetByAsk
2025-12-22 21:01:02,2025-12-22T21:01:02,61.12,2.0,SetByBid
2025-12-22 21:01:02,2025-12-22T21:01:02,61.12,2.0,SetByBid
2025-12-22 21:01:02,2025-12-22T21:01:02,61.12,1.0,SetByAsk
2025-12-22 21:01:02,2025-12-22T21:01:02,61.12,1.0,SetByAsk
2025-12-22 21:01:02,2025-12-22T21:01:02,61.12,1.0,SetByAsk
2025-12-22 21:01:02,2025-12-22T21:01:02,61.12,1.0,SetByAsk
2025-12-22 21:01:02,2025-12-22T21:01:02,61.12,1.0,SetByAsk
2025-12-22 21:01:02,2025-12-22T21:01:02,61.12,1.0,SetByAsk
2025-12-22 21:01:06,2025-12-22T21:01:06,61.13,1.0,SetByBid
2025-12-22 21:01:07,2025-12-22T21:01:07,61.13,1.0,SetByBid
2025-12-22 21:01:07,2025-12-22T21:01:07,61.13,1.0,SetByAsk
2025-12-22 21:01:28,2025-12-22T21:01:28,61.15,1.0,SetByBid
2025-12-22 21:01:28,2025-12-22T21:01:28,61.15,1.0,SetByBid
2025-12-22 21:01:28,2025-12-22T21:01:28,61.15,1.0,SetByBid
2025-12-22 21:01:28,2025-12-22T21:01:28,61.15,1.0,SetByBid
2025-12-22 21:01:28,2025-12-22T21:01:28,61.15,1.0,SetByBid
2025-12-22 21:01:28,2025-12-22T21:01:28,61.15,1.0,SetByBid
2025-12-22 21:01:28,2025-12-22T21:01:28,61.15,1.0,SetByBid
2025-12-22 21:01:28,2025-12-22T21:01:28,61.15,1.0,SetByBid
2025-12-22 21:01:28,2025-12-22T21:01:28,61.15,1.0,SetByBid
2025-12-22 21:01:28,2025-12-22T21:01:28,61.15,1.0,SetByBid
2025-12-22 21:01:28,2025-12-22T21:01:28,61.15,1.0,SetByBid
2025-12-22 21:01:28,2025-12-22T21:01:28,61.15,1.0,SetByBid
2025-12-22 21:01:28,2025-12-22T21:01:28,61.15,1.0,SetByAsk
2025-12-22 21:01:28,2025-12-22T21:01:28,61.15,1.0,SetByAsk
2025-12-22 21:01:28,2025-12-22T21:01:28,61.15,2.0,SetByAsk
2025-12-22 21:01:28,2025-12-22T21:01:28,61.15,1.0,SetByAsk
2025-12-22 21:01:29,2025-12-22T21:01:29,61.15,1.0,SetByAsk
2025-12-22 21:01:29,2025-12-22T21:01:29,61.15,1.0,SetByAsk
2025-12-22 21:01:29,2025-12-22T21:01:29,61.15,1.0,SetByAsk
2025-12-22 21:01:29,2025-12-22T21:01:29,61.15,1.0,SetByAsk
2025-12-22 21:01:29,2025-12-22T21:01:29,61.15,1.0,SetByAsk
2025-12-22 21:01:29,2025-12-22T21:01:29,61.15,1.0,SetByAsk
2025-12-22 21:01:29,2025-12-22T21:01:29,61.15,1.0,SetByAsk
2025-12-22 21:01:29,2025-12-22T21:01:29,61.15,1.0,SetByAsk
2025-12-22 21:01:29,2025-12-22T21:01:29,61.15,1.0,SetByAsk
2025-12-22 21:01:29,2025-12-22T21:01:29,61.15,1.0,SetByAsk
2025-12-22 21:01:49,2025-12-22T21:01:49,61.15,1.0,SetByAsk
2025-12-22 21:01:49,2025-12-22T21:01:49,61.15,1.0,SetByBid
2025-12-22 21:01:50,2025-12-22T21:01:50,61.16,1.0,SetByBid
2025-12-22 21:01:56,2025-12-22T21:01:56,61.17,1.0,SetByBid
2025-12-22 21:01:56,2025-12-22T21:01:56,61.17,1.0,SetByBid
2025-12-22 21:02:00,2025-12-22T21:02:00,61.16,1.0,SetByBid
2025-12-22 21:02:00,2025-12-22T21:02:00,61.16,1.0,SetByBid
2025-12-22 21:02:00,2025-12-22T21:02:00,61.16,1.0,SetByBid
2025-12-22 21:02:00,2025-12-22T21:02:00,61.16,1.0,SetByBid
2025-12-22 21:02:00,2025-12-22T21:02:00,61.16,2.0,SetByBid
2025-12-22 21:02:00,2025-12-22T21:02:00,61.16,1.0,SetByBid
2025-12-22 21:02:04,2025-12-22T21:02:04,61.16,1.0,SetByBid
2025-12-22 21:02:04,2025-12-22T21:02:04,61.16,1.0,SetByBid
2025-12-22 21:02:04,2025-12-22T21:02:04,61.16,1.0,SetByBid
2025-12-22 21:02:04,2025-12-22T21:02:04,61.16,1.0,SetByBid
2025-12-22 21:02:04,2025-12-22T21:02:04,61.16,3.0,SetByBid
2025-12-22 21:02:04,2025-12-22T21:02:04,61.16,1.0,SetByBid
2025-12-22 21:02:04,2025-12-22T21:02:04,61.16,2.0,SetByBid
2025-12-22 21:02:07,2025-12-22T21:02:07,61.16,1.0,SetByBid
2025-12-22 21:02:07,2025-12-22T21:02:07,61.16,2.0,SetByBid
2025-12-22 21:02:10,2025-12-22T21:02:10,61.16,1.0,SetByBid
2025-12-22 21:02:11,2025-12-22T21:02:11,61.16,1.0,SetByBid
2025-12-22 21:02:11,2025-12-22T21:02:11,61.16,1.0,SetByBid
2025-12-22 21:02:11,2025-12-22T21:02:11,61.16,1.0,SetByBid
2025-12-22 21:02:15,2025-12-22T21:02:15,61.16,1.0,SetByBid
2025-12-22 21:02:21,2025-12-22T21:02:21,61.16,1.0,SetByBid
2025-12-22 21:02:21,2025-12-22T21:02:21,61.16,1.0,SetByBid
2025-12-22 21:02:21,2025-12-22T21:02:21,61.16,1.0,SetByBid
2025-12-22 21:02:21,2025-12-22T21:02:21,61.16,1.0,SetByBid
2025-12-22 21:02:21,2025-12-22T21:02:21,61.16,1.0,SetByBid
2025-12-22 21:02:21,2025-12-22T21:02:21,61.16,1.0,SetByBid
2025-12-22 21:02:21,2025-12-22T21:02:21,61.16,1.0,SetByBid
2025-12-22 21:02:21,2025-12-22T21:02:21,61.16,1.0,SetByBid
2025-12-22 21:02:21,2025-12-22T21:02:21,61.16,1.0,SetByBid
2025-12-22 21:02:21,2025-12-22T21:02:21,61.16,1.0,SetByBid
2025-12-22 21:02:23,2025-12-22T21:02:23,61.16,2.0,SetByBid
2025-12-22 21:02:23,2025-12-22T21:02:23,61.16,1.0,SetByBid
2025-12-22 21:02:23,2025-12-22T21:02:23,61.16,1.0,SetByBid
2025-12-22 21:02:23,2025-12-22T21:02:23,61.16,1.0,SetByBid
2025-12-22 21:02:23,2025-12-22T21:02:23,61.16,1.0,SetByBid
2025-12-22 21:02:23,2025-12-22T21:02:23,61.16,1.0,SetByBid
2025-12-22 21:02:23,2025-12-22T21:02:23,61.16,1.0,SetByAsk
2025-12-22 21:03:01,2025-12-22T21:03:01,61.17,3.0,SetByAsk
2025-12-22 21:03:14,2025-12-22T21:03:14,61.16,1.0,SetByAsk
2025-12-22 21:03:38,2025-12-22T21:03:38,61.16,2.0,SetByAsk
2025-12-22 21:04:05,2025-12-22T21:04:05,61.15,1.0,SetByAsk
2025-12-22 21:04:05,2025-12-22T21:04:05,61.15,1.0,SetByAsk
2025-12-22 21:04:21,2025-12-22T21:04:21,61.16,1.0,SetByBid
2025-12-22 21:04:59,2025-12-22T21:04:59,61.15,1.0,SetByAsk
2025-12-22 21:04:59,2025-12-22T21:04:59,61.15,1.0,SetByAsk
2025-12-22 21:04:59,2025-12-22T21:04:59,61.15,1.0,SetByAsk
2025-12-22 21:04:59,2025-12-22T21:04:59,61.15,1.0,SetByAsk
2025-12-22 21:05:12,2025-12-22T21:05:12,61.14,1.0,SetByBid
2025-12-22 21:05:24,2025-12-22T21:05:24,61.12,1.0,SetByAsk
2025-12-22 21:05:24,2025-12-22T21:05:24,61.12,1.0,SetByAsk
2025-12-22 21:06:13,2025-12-22T21:06:13,61.14,1.0,SetByBid
2025-12-22 21:07:03,2025-12-22T21:07:03,61.14,1.0,SetByBid
2025-12-22 21:07:13,2025-12-22T21:07:13,61.14,1.0,SetByBid
2025-12-22 21:07:54,2025-12-22T21:07:54,61.14,1.0,SetByAsk
2025-12-22 21:08:29,2025-12-22T21:08:29,61.15,1.0,SetByBid
2025-12-22 21:09:35,2025-12-22T21:09:35,61.16,1.0,SetByBid
2025-12-22 21:09:55,2025-12-22T21:09:55,61.17,1.0,SetByBid
2025-12-22 21:09:55,2025-12-22T21:09:55,61.17,1.0,SetByBid
2025-12-22 21:10:16,2025-12-22T21:10:16,61.15,1.0,SetByAsk
2025-12-22 21:10:21,2025-12-22T21:10:21,61.15,1.0,SetByAsk
2025-12-22 21:10:22,2025-12-22T21:10:22,61.14,1.0,SetByAsk
2025-12-22 21:11:01,2025-12-22T21:11:01,61.14,1.0,SetByBid
2025-12-22 21:11:01,2025-12-22T21:11:01,61.14,1.0,SetByBid
2025-12-22 21:11:01,2025-12-22T21:11:01,61.14,1.0,SetByBid
2025-12-22 21:11:01,2025-12-22T21:11:01,61.15,1.0,SetByBid
2025-12-22 21:11:02,2025-12-22T21:11:02,61.16,1.0,SetByBid
2025-12-22 21:11:13,2025-12-22T21:11:13,61.15,1.0,SetByBid
2025-12-22 21:12:27,2025-12-22T21:12:27,61.17,1.0,SetByBid
2025-12-22 21:13:33,2025-12-22T21:13:33,61.17,1.0,SetByAsk
2025-12-22 21:13:39,2025-12-22T21:13:39,61.18,1.0,SetByBid
2025-12-22 21:13:39,2025-12-22T21:13:39,61.18,3.0,SetByBid
2025-12-22 21:13:39,2025-12-22T21:13:39,61.18,1.0,SetByBid
2025-12-22 21:13:39,2025-12-22T21:13:39,61.18,1.0,SetByBid
2025-12-22 21:13:48,2025-12-22T21:13:48,61.17,1.0,SetByAsk
2025-12-22 21:13:48,2025-12-22T21:13:48,61.17,1.0,SetByAsk
2025-12-22 21:13:48,2025-12-22T21:13:48,61.17,1.0,SetByBid
2025-12-22 21:13:48,2025-12-22T21:13:48,61.17,2.0,SetByBid
2025-12-22 21:13:48,2025-12-22T21:13:48,61.17,3.0,SetByBid
2025-12-22 21:13:48,2025-12-22T21:13:48,61.17,1.0,SetByBid
2025-12-22 21:14:01,2025-12-22T21:14:01,61.17,1.0,SetByBid
2025-12-22 21:14:05,2025-12-22T21:14:05,61.16,1.0,SetByAsk
2025-12-22 21:14:12,2025-12-22T21:14:12,61.17,1.0,SetByBid
2025-12-22 21:14:12,2025-12-22T21:14:12,61.17,1.0,SetByBid
2025-12-22 21:14:12,2025-12-22T21:14:12,61.17,1.0,SetByBid
2025-12-22 21:14:12,2025-12-22T21:14:12,61.17,1.0,SetByBid
2025-12-22 21:14:12,2025-12-22T21:14:12,61.17,1.0,SetByAsk
2025-12-22 21:14:12,2025-12-22T21:14:12,61.17,1.0,SetByAsk
2025-12-22 21:14:12,2025-12-22T21:14:12,61.17,1.0,SetByAsk
2025-12-22 21:14:12,2025-12-22T21:14:12,61.17,1.0,SetByAsk
2025-12-22 21:14:12,2025-12-22T21:14:12,61.17,1.0,SetByAsk
2025-12-22 21:14:12,2025-12-22T21:14:12,61.17,1.0,SetByAsk
2025-12-22 21:14:12,2025-12-22T21:14:12,61.17,1.0,SetByAsk
2025-12-22 21:14:12,2025-12-22T21:14:12,61.17,1.0,SetByAsk
2025-12-22 21:14:12,2025-12-22T21:14:12,61.17,1.0,SetByAsk
2025-12-22 21:14:13,2025-12-22T21:14:13,61.17,1.0,SetByAsk
2025-12-22 21:14:13,2025-12-22T21:14:13,61.17,1.0,SetByAsk
2025-12-22 21:14:13,2025-12-22T21:14:13,61.17,1.0,SetByAsk
2025-12-22 21:14:13,2025-12-22T21:14:13,61.17,1.0,SetByAsk
2025-12-22 21:14:13,2025-12-22T21:14:13,61.17,1.0,SetByAsk
2025-12-22 21:14:13,2025-12-22T21:14:13,61.17,1.0,SetByAsk
2025-12-22 21:14:13,2025-12-22T21:14:13,61.17,1.0,SetByAsk
2025-12-22 21:14:13,2025-12-22T21:14:13,61.17,1.0,SetByAsk
2025-12-22 21:14:13,2025-12-22T21:14:13,61.17,1.0,SetByAsk
2025-12-22 21:14:13,2025-12-22T21:14:13,61.17,2.0,SetByAsk
2025-12-22 21:14:14,2025-12-22T21:14:14,61.17,1.0,SetByAsk
2025-12-22 21:14:18,2025-12-22T21:14:18,61.17,1.0,SetByAsk
2025-12-22 21:14:18,2025-12-22T21:14:18,61.17,1.0,SetByAsk
2025-12-22 21:14:20,2025-12-22T21:14:20,61.17,1.0,SetByAsk
2025-12-22 21:14:20,2025-12-22T21:14:20,61.17,1.0,SetByAsk
2025-12-22 21:14:20,2025-12-22T21:14:20,61.17,1.0,SetByAsk
2025-12-22 21:14:30,2025-12-22T21:14:30,61.19,1.0,SetByBid
2025-12-22 21:14:31,2025-12-22T21:14:31,61.18,1.0,SetByBid
2025-12-22 21:15:15,2025-12-22T21:15:15,61.18,1.0,SetByAsk
2025-12-22 21:15:15,2025-12-22T21:15:15,61.18,1.0,SetByAsk
2025-12-22 21:15:15,2025-12-22T21:15:15,61.18,1.0,SetByAsk
2025-12-22 21:15:20,2025-12-22T21:15:20,61.17,1.0,SetByAsk
2025-12-22 21:15:20,2025-12-22T21:15:20,61.17,1.0,SetByAsk
2025-12-22 21:15:20,2025-12-22T21:15:20,61.17,1.0,SetByAsk
2025-12-22 21:15:20,2025-12-22T21:15:20,61.17,2.0,SetByAsk
2025-12-22 21:15:22,2025-12-22T21:15:22,61.17,1.0,SetByAsk
2025-12-22 21:15:22,2025-12-22T21:15:22,61.17,1.0,SetByAsk
2025-12-22 21:15:22,2025-12-22T21:15:22,61.17,1.0,SetByAsk
2025-12-22 21:15:22,2025-12-22T21:15:22,61.17,1.0,SetByAsk
2025-12-22 21:16:11,2025-12-22T21:16:11,61.16,1.0,SetByBid
2025-12-22 21:16:11,2025-12-22T21:16:11,61.16,1.0,SetByBid
2025-12-22 21:16:11,2025-12-22T21:16:11,61.16,1.0,SetByBid
2025-12-22 21:16:11,2025-12-22T21:16:11,61.16,1.0,SetByAsk
2025-12-22 21:16:15,2025-12-22T21:16:15,61.17,1.0,SetByBid
2025-12-22 21:16:42,2025-12-22T21:16:42,61.17,1.0,SetByAsk
2025-12-22 21:16:42,2025-12-22T21:16:42,61.17,1.0,SetByAsk
2025-12-22 21:18:15,2025-12-22T21:18:15,61.17,1.0,SetByAsk
2025-12-22 21:18:15,2025-12-22T21:18:15,61.17,1.0,SetByAsk
2025-12-22 21:18:25,2025-12-22T21:18:25,61.16,1.0,SetByAsk
2025-12-22 21:19:04,2025-12-22T21:19:04,61.16,1.0,SetByAsk
2025-12-22 21:19:55,2025-12-22T21:19:55,61.16,1.0,SetByBid
2025-12-22 21:20:11,2025-12-22T21:20:11,61.16,1.0,SetByBid
2025-12-22 21:20:11,2025-12-22T21:20:11,61.16,1.0,SetByBid
2025-12-22 21:20:11,2025-12-22T21:20:11,61.16,1.0,SetByBid
2025-12-22 21:20:11,2025-12-22T21:20:11,61.16,1.0,SetByBid
2025-12-22 21:20:11,2025-12-22T21:20:11,61.16,1.0,SetByBid
2025-12-22 21:20:42,2025-12-22T21:20:42,61.14,1.0,SetByBid
2025-12-22 21:21:42,2025-12-22T21:21:42,61.14,1.0,SetByAsk
2025-12-22 21:21:42,2025-12-22T21:21:42,61.14,1.0,SetByAsk
2025-12-22 21:22:00,2025-12-22T21:22:00,61.12,1.0,SetByBid
2025-12-22 21:22:00,2025-12-22T21:22:00,61.12,1.0,SetByBid
2025-12-22 21:22:29,2025-12-22T21:22:29,61.11,1.0,SetByAsk
2025-12-22 21:22:41,2025-12-22T21:22:41,61.13,1.0,SetByBid
2025-12-22 21:23:40,2025-12-22T21:23:40,61.11,1.0,SetByAsk
2025-12-22 21:24:35,2025-12-22T21:24:35,61.12,1.0,SetByBid
2025-12-22 21:24:35,2025-12-22T21:24:35,61.12,1.0,SetByBid
2025-12-22 21:24:44,2025-12-22T21:24:44,61.11,1.0,SetByAsk
2025-12-22 21:24:55,2025-12-22T21:24:55,61.1,7.0,SetByBid
2025-12-22 21:26:17,2025-12-22T21:26:17,61.1,1.0,SetByBid
2025-12-22 21:26:17,2025-12-22T21:26:17,61.1,1.0,SetByBid
2025-12-22 21:26:17,2025-12-22T21:26:17,61.1,1.0,SetByBid
2025-12-22 21:26:17,2025-12-22T21:26:17,61.1,1.0,SetByBid
2025-12-22 21:26:17,2025-12-22T21:26:17,61.1,1.0,SetByBid
2025-12-22 21:26:17,2025-12-22T21:26:17,61.1,1.0,SetByBid
2025-12-22 21:26:17,2025-12-22T21:26:17,61.1,1.0,SetByBid
2025-12-22 21:26:17,2025-12-22T21:26:17,61.1,1.0,SetByBid
2025-12-22 21:26:17,2025-12-22T21:26:17,61.1,1.0,SetByBid
2025-12-22 21:26:19,2025-12-22T21:26:19,61.1,1.0,SetByBid
2025-12-22 21:26:19,2025-12-22T21:26:19,61.1,1.0,SetByBid
2025-12-22 21:26:19,2025-12-22T21:26:19,61.1,1.0,SetByBid
2025-12-22 21:26:19,2025-12-22T21:26:19,61.1,1.0,SetByBid
2025-12-22 21:26:19,2025-12-22T21:26:19,61.1,1.0,SetByBid
2025-12-22 21:26:19,2025-12-22T21:26:19,61.1,3.0,SetByBid
2025-12-22 21:26:19,2025-12-22T21:26:19,61.1,1.0,SetByBid
2025-12-22 21:26:25,2025-12-22T21:26:25,61.1,1.0,SetByBid
2025-12-22 21:26:25,2025-12-22T21:26:25,61.1,1.0,SetByBid
2025-12-22 21:26:25,2025-12-22T21:26:25,61.1,1.0,SetByBid
2025-12-22 21:26:25,2025-12-22T21:26:25,61.1,1.0,SetByBid
2025-12-22 21:26:25,2025-12-22T21:26:25,61.1,1.0,SetByBid
2025-12-22 21:26:25,2025-12-22T21:26:25,61.1,1.0,SetByBid
2025-12-22 21:26:25,2025-12-22T21:26:25,61.1,1.0,SetByBid
2025-12-22 21:26:25,2025-12-22T21:26:25,61.1,1.0,SetByBid
2025-12-22 21:26:25,2025-12-22T21:26:25,61.1,1.0,SetByBid
2025-12-22 21:26:25,2025-12-22T21:26:25,61.1,1.0,SetByBid
2025-12-22 21:26:44,2025-12-22T21:26:44,61.08,1.0,SetByAsk
2025-12-22 21:27:12,2025-12-22T21:27:12,61.1,1.0,SetByBid
2025-12-22 21:27:12,2025-12-22T21:27:12,61.1,1.0,SetByBid
2025-12-22 21:27:12,2025-12-22T21:27:12,61.1,1.0,SetByBid
2025-12-22 21:27:12,2025-12-22T21:27:12,61.1,1.0,SetByBid
2025-12-22 21:27:12,2025-12-22T21:27:12,61.1,1.0,SetByBid
2025-12-22 21:27:12,2025-12-22T21:27:12,61.1,1.0,SetByBid
2025-12-22 21:27:12,2025-12-22T21:27:12,61.1,1.0,SetByBid
2025-12-22 21:27:12,2025-12-22T21:27:12,61.1,1.0,SetByBid
2025-12-22 21:27:12,2025-12-22T21:27:12,61.1,1.0,SetByBid
2025-12-22 21:27:22,2025-12-22T21:27:22,61.09,1.0,SetByAsk
2025-12-22 21:27:22,2025-12-22T21:27:22,61.09,1.0,SetByAsk
2025-12-22 21:28:51,2025-12-22T21:28:51,61.09,1.0,SetByAsk
2025-12-22 21:29:01,2025-12-22T21:29:01,61.1,1.0,SetByBid
2025-12-22 21:29:01,2025-12-22T21:29:01,61.1,1.0,SetByBid
2025-12-22 21:29:01,2025-12-22T21:29:01,61.1,1.0,SetByBid
2025-12-22 21:29:22,2025-12-22T21:29:22,61.12,1.0,SetByAsk
2025-12-22 21:29:22,2025-12-22T21:29:22,61.12,1.0,SetByAsk
2025-12-22 21:29:22,2025-12-22T21:29:22,61.12,3.0,SetByAsk
2025-12-22 21:29:22,2025-12-22T21:29:22,61.12,5.0,SetByAsk
2025-12-22 21:29:27,2025-12-22T21:29:27,61.11,1.0,SetByAsk
2025-12-22 21:29:46,2025-12-22T21:29:46,61.11,1.0,SetByAsk
2025-12-22 21:30:06,2025-12-22T21:30:06,61.13,1.0,SetByAsk
2025-12-22 21:30:06,2025-12-22T21:30:06,61.14,1.0,SetByBid
2025-12-22 21:30:06,2025-12-22T21:30:06,61.13,1.0,SetByAsk
2025-12-22 21:31:24,2025-12-22T21:31:24,61.14,1.0,SetByAsk
2025-12-22 21:31:24,2025-12-22T21:31:24,61.14,4.0,SetByAsk
2025-12-22 21:31:24,2025-12-22T21:31:24,61.14,5.0,SetByAsk
2025-12-22 21:32:13,2025-12-22T21:32:13,61.14,1.0,SetByAsk
2025-12-22 21:32:13,2025-12-22T21:32:13,61.14,1.0,SetByAsk
2025-12-22 21:32:13,2025-12-22T21:32:13,61.14,1.0,SetByAsk
2025-12-22 21:32:13,2025-12-22T21:32:13,61.14,1.0,SetByAsk
2025-12-22 21:32:20,2025-12-22T21:32:20,61.13,1.0,SetByAsk
2025-12-22 21:32:20,2025-12-22T21:32:20,61.13,1.0,SetByAsk
2025-12-22 21:32:20,2025-12-22T21:32:20,61.13,1.0,SetByAsk
2025-12-22 21:32:20,2025-12-22T21:32:20,61.13,1.0,SetByAsk
2025-12-22 21:32:44,2025-12-22T21:32:44,61.14,1.0,SetByBid
2025-12-22 21:32:47,2025-12-22T21:32:47,61.13,1.0,SetByAsk
2025-12-22 21:32:47,2025-12-22T21:32:47,61.13,1.0,SetByAsk
2025-12-22 21:32:47,2025-12-22T21:32:47,61.13,1.0,SetByAsk
2025-12-22 21:33:21,2025-12-22T21:33:21,61.14,1.0,SetByAsk
2025-12-22 21:33:44,2025-12-22T21:33:44,61.15,1.0,SetByBid
2025-12-22 21:33:44,2025-12-22T21:33:44,61.15,1.0,SetByBid
2025-12-22 21:33:45,2025-12-22T21:33:45,61.15,1.0,SetByBid
2025-12-22 21:33:45,2025-12-22T21:33:45,61.15,2.0,SetByAsk
2025-12-22 21:33:51,2025-12-22T21:33:51,61.16,1.0,SetByAsk
2025-12-22 21:33:54,2025-12-22T21:33:54,61.16,5.0,SetByAsk
2025-12-22 21:34:04,2025-12-22T21:34:04,61.15,1.0,SetByAsk
2025-12-22 21:34:04,2025-12-22T21:34:04,61.15,1.0,SetByAsk
2025-12-22 21:34:04,2025-12-22T21:34:04,61.15,1.0,SetByAsk
2025-12-22 21:34:04,2025-12-22T21:34:04,61.15,2.0,SetByAsk
2025-12-22 21:34:04,2025-12-22T21:34:04,61.15,1.0,SetByAsk
2025-12-22 21:34:09,2025-12-22T21:34:09,61.18,1.0,SetByBid
2025-12-22 21:34:09,2025-12-22T21:34:09,61.18,1.0,SetByBid
2025-12-22 21:34:09,2025-12-22T21:34:09,61.18,1.0,SetByBid
2025-12-22 21:34:09,2025-12-22T21:34:09,61.18,1.0,SetByBid
2025-12-22 21:34:09,2025-12-22T21:34:09,61.18,1.0,SetByBid
2025-12-22 21:34:09,2025-12-22T21:34:09,61.18,1.0,SetByBid
2025-12-22 21:34:09,2025-12-22T21:34:09,61.18,2.0,SetByBid
2025-12-22 21:34:09,2025-12-22T21:34:09,61.18,1.0,SetByBid
2025-12-22 21:34:09,2025-12-22T21:34:09,61.18,1.0,SetByBid
2025-12-22 21:34:09,2025-12-22T21:34:09,61.18,1.0,SetByBid
2025-12-22 21:34:09,2025-12-22T21:34:09,61.18,1.0,"SetByBid, Leg"
2025-12-22 21:34:09,2025-12-22T21:34:09,61.19,1.0,"SetByBid, Leg"
2025-12-22 21:34:09,2025-12-22T21:34:09,61.19,1.0,SetByBid
2025-12-22 21:34:09,2025-12-22T21:34:09,61.19,1.0,SetByBid
2025-12-22 21:34:09,2025-12-22T21:34:09,61.19,10.0,SetByBid
2025-12-22 21:34:09,2025-12-22T21:34:09,61.19,2.0,SetByBid
2025-12-22 21:34:09,2025-12-22T21:34:09,61.19,3.0,SetByBid
2025-12-22 21:34:09,2025-12-22T21:34:09,61.19,1.0,SetByBid
2025-12-22 21:34:09,2025-12-22T21:34:09,61.19,1.0,SetByBid
2025-12-22 21:34:09,2025-12-22T21:34:09,61.19,1.0,SetByBid
2025-12-22 21:34:09,2025-12-22T21:34:09,61.19,1.0,SetByBid
2025-12-22 21:34:09,2025-12-22T21:34:09,61.19,1.0,SetByBid
2025-12-22 21:34:09,2025-12-22T21:34:09,61.19,1.0,SetByBid
2025-12-22 21:34:09,2025-12-22T21:34:09,61.19,1.0,SetByBid
2025-12-22 21:34:09,2025-12-22T21:34:09,61.19,1.0,SetByBid
2025-12-22 21:34:09,2025-12-22T21:34:09,61.19,1.0,SetByBid
2025-12-22 21:34:09,2025-12-22T21:34:09,61.19,1.0,SetByBid
2025-12-22 21:34:09,2025-12-22T21:34:09,61.19,2.0,SetByBid
2025-12-22 21:34:09,2025-12-22T21:34:09,61.19,3.0,SetByBid
2025-12-22 21:34:09,2025-12-22T21:34:09,61.19,1.0,SetByBid
2025-12-22 21:34:09,2025-12-22T21:34:09,61.19,1.0,SetByBid
2025-12-22 21:34:09,2025-12-22T21:34:09,61.19,1.0,SetByBid
2025-12-22 21:34:09,2025-12-22T21:34:09,61.19,2.0,SetByBid
2025-12-22 21:35:06,2025-12-22T21:35:06,61.18,1.0,SetByBid
2025-12-22 21:35:06,2025-12-22T21:35:06,61.18,1.0,SetByBid
2025-12-22 21:35:06,2025-12-22T21:35:06,61.18,1.0,SetByBid
2025-12-22 21:35:06,2025-12-22T21:35:06,61.18,1.0,SetByBid
2025-12-22 21:35:06,2025-12-22T21:35:06,61.18,1.0,SetByBid
2025-12-22 21:35:06,2025-12-22T21:35:06,61.18,1.0,SetByBid
2025-12-22 21:35:06,2025-12-22T21:35:06,61.18,4.0,SetByBid
2025-12-22 21:35:06,2025-12-22T21:35:06,61.18,2.0,SetByBid
2025-12-22 21:35:06,2025-12-22T21:35:06,61.18,2.0,SetByBid
2025-12-22 21:35:06,2025-12-22T21:35:06,61.18,1.0,SetByBid
2025-12-22 21:35:06,2025-12-22T21:35:06,61.18,1.0,SetByBid
2025-12-22 21:35:06,2025-12-22T21:35:06,61.18,1.0,SetByBid
2025-12-22 21:35:06,2025-12-22T21:35:06,61.18,1.0,SetByBid
2025-12-22 21:35:06,2025-12-22T21:35:06,61.18,1.0,SetByBid
2025-12-22 21:35:06,2025-12-22T21:35:06,61.18,1.0,SetByBid
2025-12-22 21:35:06,2025-12-22T21:35:06,61.18,3.0,SetByBid
2025-12-22 21:35:10,2025-12-22T21:35:10,61.18,1.0,SetByAsk
2025-12-22 21:35:10,2025-12-22T21:35:10,61.18,1.0,SetByAsk
2025-12-22 21:35:26,2025-12-22T21:35:26,61.17,1.0,SetByBid
2025-12-22 21:36:45,2025-12-22T21:36:45,61.17,1.0,SetByBid
2025-12-22 21:36:45,2025-12-22T21:36:45,61.17,1.0,SetByBid
2025-12-22 21:37:00,2025-12-22T21:37:00,61.18,1.0,SetByBid
2025-12-22 21:37:00,2025-12-22T21:37:00,61.18,1.0,SetByBid
2025-12-22 21:37:00,2025-12-22T21:37:00,61.18,1.0,SetByBid
2025-12-22 21:37:00,2025-12-22T21:37:00,61.18,1.0,SetByBid
2025-12-22 21:37:00,2025-12-22T21:37:00,61.18,1.0,SetByBid
2025-12-22 21:37:00,2025-12-22T21:37:00,61.18,1.0,SetByBid
2025-12-22 21:37:00,2025-12-22T21:37:00,61.18,1.0,SetByBid
2025-12-22 21:37:00,2025-12-22T21:37:00,61.18,1.0,SetByBid
2025-12-22 21:37:00,2025-12-22T21:37:00,61.18,1.0,SetByBid
2025-12-22 21:37:02,2025-12-22T21:37:02,61.18,1.0,SetByBid
2025-12-22 21:37:02,2025-12-22T21:37:02,61.18,1.0,SetByBid
2025-12-22 21:37:02,2025-12-22T21:37:02,61.18,1.0,SetByBid
2025-12-22 21:37:02,2025-12-22T21:37:02,61.18,1.0,SetByBid
2025-12-22 21:37:02,2025-12-22T21:37:02,61.18,1.0,SetByBid
2025-12-22 21:37:02,2025-12-22T21:37:02,61.18,1.0,SetByBid
2025-12-22 21:37:02,2025-12-22T21:37:02,61.18,2.0,SetByBid
2025-12-22 21:37:02,2025-12-22T21:37:02,61.18,1.0,SetByBid
2025-12-22 21:37:02,2025-12-22T21:37:02,61.18,1.0,SetByBid
2025-12-22 21:37:04,2025-12-22T21:37:04,61.18,1.0,SetByBid
2025-12-22 21:37:04,2025-12-22T21:37:04,61.18,1.0,SetByBid
2025-12-22 21:37:04,2025-12-22T21:37:04,61.18,1.0,SetByBid
2025-12-22 21:37:04,2025-12-22T21:37:04,61.18,1.0,SetByBid
2025-12-22 21:37:04,2025-12-22T21:37:04,61.18,2.0,SetByBid
2025-12-22 21:37:04,2025-12-22T21:37:04,61.18,1.0,SetByBid
2025-12-22 21:37:04,2025-12-22T21:37:04,61.18,1.0,SetByBid
2025-12-22 21:37:04,2025-12-22T21:37:04,61.18,1.0,SetByBid
2025-12-22 21:37:24,2025-12-22T21:37:24,61.16,1.0,SetByBid
2025-12-22 21:38:22,2025-12-22T21:38:22,61.16,1.0,SetByBid
2025-12-22 21:38:40,2025-12-22T21:38:40,61.17,1.0,SetByBid
2025-12-22 21:38:40,2025-12-22T21:38:40,61.17,1.0,SetByBid
2025-12-22 21:38:41,2025-12-22T21:38:41,61.17,1.0,SetByAsk
2025-12-22 21:38:41,2025-12-22T21:38:41,61.17,1.0,SetByAsk
2025-12-22 21:39:01,2025-12-22T21:39:01,61.17,1.0,SetByBid
2025-12-22 21:39:02,2025-12-22T21:39:02,61.18,1.0,SetByBid
2025-12-22 21:39:09,2025-12-22T21:39:09,61.17,1.0,SetByAsk
2025-12-22 21:39:15,2025-12-22T21:39:15,61.18,1.0,SetByBid
2025-12-22 21:39:15,2025-12-22T21:39:15,61.18,1.0,SetByBid
2025-12-22 21:39:15,2025-12-22T21:39:15,61.18,2.0,SetByBid
2025-12-22 21:39:15,2025-12-22T21:39:15,61.18,3.0,SetByBid
2025-12-22 21:39:15,2025-12-22T21:39:15,61.18,1.0,SetByBid
2025-12-22 21:39:15,2025-12-22T21:39:15,61.18,1.0,SetByBid
2025-12-22 21:39:15,2025-12-22T21:39:15,61.18,1.0,SetByBid
2025-12-22 21:39:15,2025-12-22T21:39:15,61.18,1.0,SetByBid
2025-12-22 21:39:16,2025-12-22T21:39:16,61.19,1.0,SetByBid
2025-12-22 21:39:16,2025-12-22T21:39:16,61.19,1.0,SetByBid
2025-12-22 21:39:17,2025-12-22T21:39:17,61.2,1.0,SetByBid
2025-12-22 21:39:17,2025-12-22T21:39:17,61.19,1.0,SetByAsk
2025-12-22 21:39:17,2025-12-22T21:39:17,61.19,1.0,SetByAsk
2025-12-22 21:39:17,2025-12-22T21:39:17,61.19,1.0,SetByAsk
2025-12-22 21:39:17,2025-12-22T21:39:17,61.19,1.0,SetByAsk
2025-12-22 21:39:17,2025-12-22T21:39:17,61.19,1.0,SetByAsk
2025-12-22 21:39:20,2025-12-22T21:39:20,61.19,1.0,SetByBid
2025-12-22 21:40:00,2025-12-22T21:40:00,61.18,1.0,SetByBid
2025-12-22 21:40:00,2025-12-22T21:40:00,61.18,1.0,SetByAsk
2025-12-22 21:40:00,2025-12-22T21:40:00,61.18,1.0,SetByAsk
2025-12-22 21:40:00,2025-12-22T21:40:00,61.18,1.0,SetByAsk
2025-12-22 21:40:00,2025-12-22T21:40:00,61.19,1.0,SetByBid
2025-12-22 21:40:00,2025-12-22T21:40:00,61.19,1.0,SetByBid
2025-12-22 21:40:00,2025-12-22T21:40:00,61.19,1.0,SetByBid
2025-12-22 21:40:01,2025-12-22T21:40:01,61.19,1.0,SetByAsk
2025-12-22 21:40:01,2025-12-22T21:40:01,61.19,1.0,SetByAsk
2025-12-22 21:40:02,2025-12-22T21:40:02,61.19,1.0,SetByAsk
2025-12-22 21:40:03,2025-12-22T21:40:03,61.19,1.0,SetByAsk
2025-12-22 21:40:03,2025-12-22T21:40:03,61.19,1.0,SetByBid
2025-12-22 21:40:03,2025-12-22T21:40:03,61.19,1.0,SetByBid
2025-12-22 21:40:11,2025-12-22T21:40:11,61.19,1.0,SetByBid
2025-12-22 21:40:14,2025-12-22T21:40:14,61.19,1.0,SetByBid
2025-12-22 21:40:14,2025-12-22T21:40:14,61.19,1.0,SetByAsk
2025-12-22 21:40:27,2025-12-22T21:40:27,61.19,1.0,SetByAsk
2025-12-22 21:40:27,2025-12-22T21:40:27,61.19,1.0,SetByAsk
2025-12-22 21:40:44,2025-12-22T21:40:44,61.19,1.0,SetByAsk
2025-12-22 21:40:44,2025-12-22T21:40:44,61.19,1.0,SetByBid
2025-12-22 21:40:44,2025-12-22T21:40:44,61.19,1.0,SetByAsk
2025-12-22 21:40:44,2025-12-22T21:40:44,61.19,1.0,SetByAsk
2025-12-22 21:40:44,2025-12-22T21:40:44,61.19,1.0,SetByAsk
2025-12-22 21:40:50,2025-12-22T21:40:50,61.19,1.0,SetByBid
2025-12-22 21:40:54,2025-12-22T21:40:54,61.18,1.0,SetByAsk
2025-12-22 21:41:00,2025-12-22T21:41:00,61.18,1.0,SetByAsk
2025-12-22 21:41:01,2025-12-22T21:41:01,61.17,1.0,SetByAsk
2025-12-22 21:41:04,2025-12-22T21:41:04,61.17,1.0,SetByAsk
2025-12-22 21:41:13,2025-12-22T21:41:13,61.18,1.0,SetByAsk
2025-12-22 21:41:13,2025-12-22T21:41:13,61.19,1.0,SetByBid
2025-12-22 21:41:22,2025-12-22T21:41:22,61.19,1.0,SetByBid
2025-12-22 21:41:22,2025-12-22T21:41:22,61.19,1.0,SetByBid
2025-12-22 21:41:22,2025-12-22T21:41:22,61.19,1.0,SetByBid
2025-12-22 21:41:22,2025-12-22T21:41:22,61.19,1.0,SetByBid
2025-12-22 21:41:22,2025-12-22T21:41:22,61.19,1.0,SetByBid
2025-12-22 21:41:22,2025-12-22T21:41:22,61.19,1.0,SetByBid
2025-12-22 21:41:22,2025-12-22T21:41:22,61.19,1.0,SetByBid
2025-12-22 21:41:22,2025-12-22T21:41:22,61.19,1.0,SetByBid
2025-12-22 21:41:22,2025-12-22T21:41:22,61.19,1.0,SetByBid
2025-12-22 21:41:24,2025-12-22T21:41:24,61.19,1.0,SetByAsk
2025-12-22 21:41:24,2025-12-22T21:41:24,61.2,1.0,SetByBid
2025-12-22 21:41:24,2025-12-22T21:41:24,61.19,1.0,SetByAsk
2025-12-22 21:41:24,2025-12-22T21:41:24,61.19,1.0,SetByAsk
2025-12-22 21:41:29,2025-12-22T21:41:29,61.2,1.0,SetByBid
2025-12-22 21:41:29,2025-12-22T21:41:29,61.19,1.0,SetByAsk
2025-12-22 21:41:29,2025-12-22T21:41:29,61.19,1.0,SetByAsk
2025-12-22 21:41:29,2025-12-22T21:41:29,61.2,1.0,SetByBid
2025-12-22 21:41:29,2025-12-22T21:41:29,61.19,1.0,SetByAsk
2025-12-22 21:41:31,2025-12-22T21:41:31,61.19,1.0,SetByBid
2025-12-22 21:41:31,2025-12-22T21:41:31,61.19,1.0,SetByBid
2025-12-22 21:41:31,2025-12-22T21:41:31,61.19,1.0,SetByBid
2025-12-22 21:41:31,2025-12-22T21:41:31,61.18,1.0,SetByAsk
2025-12-22 21:41:31,2025-12-22T21:41:31,61.19,1.0,SetByBid
2025-12-22 21:41:31,2025-12-22T21:41:31,61.18,1.0,SetByAsk
2025-12-22 21:41:31,2025-12-22T21:41:31,61.19,1.0,SetByBid
2025-12-22 21:41:39,2025-12-22T21:41:39,61.19,1.0,SetByAsk
2025-12-22 21:41:44,2025-12-22T21:41:44,61.2,1.0,SetByBid
2025-12-22 21:41:44,2025-12-22T21:41:44,61.2,1.0,SetByAsk
2025-12-22 21:41:44,2025-12-22T21:41:44,61.2,1.0,SetByAsk
2025-12-22 21:41:44,2025-12-22T21:41:44,61.2,1.0,SetByBid
2025-12-22 21:42:03,2025-12-22T21:42:03,61.19,1.0,SetByAsk
2025-12-22 21:43:03,2025-12-22T21:43:03,61.19,1.0,SetByAsk
2025-12-22 21:43:03,2025-12-22T21:43:03,61.19,3.0,SetByAsk
2025-12-22 21:43:03,2025-12-22T21:43:03,61.19,3.0,SetByAsk
2025-12-22 21:43:03,2025-12-22T21:43:03,61.19,1.0,SetByAsk
2025-12-22 21:43:03,2025-12-22T21:43:03,61.19,1.0,SetByAsk
2025-12-22 21:43:03,2025-12-22T21:43:03,61.19,1.0,SetByAsk
2025-12-22 21:43:03,2025-12-22T21:43:03,61.19,1.0,SetByAsk
2025-12-22 21:43:03,2025-12-22T21:43:03,61.19,3.0,SetByAsk
2025-12-22 21:43:03,2025-12-22T21:43:03,61.19,1.0,SetByAsk
2025-12-22 21:43:03,2025-12-22T21:43:03,61.19,1.0,SetByAsk
2025-12-22 21:43:21,2025-12-22T21:43:21,61.2,1.0,SetByBid
2025-12-22 21:43:21,2025-12-22T21:43:21,61.2,1.0,SetByBid
2025-12-22 21:43:21,2025-12-22T21:43:21,61.2,1.0,SetByAsk
2025-12-22 21:43:21,2025-12-22T21:43:21,61.2,1.0,SetByAsk
2025-12-22 21:43:23,2025-12-22T21:43:23,61.2,1.0,SetByBid
2025-12-22 21:43:23,2025-12-22T21:43:23,61.2,7.0,SetByBid
2025-12-22 21:43:23,2025-12-22T21:43:23,61.2,2.0,SetByBid
2025-12-22 21:43:23,2025-12-22T21:43:23,61.2,1.0,SetByAsk
2025-12-22 21:43:23,2025-12-22T21:43:23,61.2,1.0,SetByAsk
2025-12-22 21:43:25,2025-12-22T21:43:25,61.2,1.0,SetByAsk
2025-12-22 21:43:25,2025-12-22T21:43:25,61.2,1.0,SetByAsk
2025-12-22 21:43:56,2025-12-22T21:43:56,61.19,1.0,SetByAsk
2025-12-22 21:43:56,2025-12-22T21:43:56,61.19,1.0,SetByAsk
2025-12-22 21:43:56,2025-12-22T21:43:56,61.19,2.0,SetByAsk
2025-12-22 21:43:56,2025-12-22T21:43:56,61.19,1.0,SetByAsk
2025-12-22 21:44:00,2025-12-22T21:44:00,61.19,1.0,SetByAsk
2025-12-22 21:44:00,2025-12-22T21:44:00,61.19,1.0,SetByAsk
2025-12-22 21:44:00,2025-12-22T21:44:00,61.19,1.0,SetByAsk
2025-12-22 21:44:00,2025-12-22T21:44:00,61.18,1.0,SetByAsk
2025-12-22 21:44:00,2025-12-22T21:44:00,61.18,1.0,SetByAsk
2025-12-22 21:44:00,2025-12-22T21:44:00,61.18,1.0,SetByAsk
2025-12-22 21:44:00,2025-12-22T21:44:00,61.18,1.0,SetByAsk
2025-12-22 21:44:00,2025-12-22T21:44:00,61.18,1.0,SetByAsk
2025-12-22 21:44:00,2025-12-22T21:44:00,61.18,1.0,SetByAsk
2025-12-22 21:44:00,2025-12-22T21:44:00,61.18,1.0,SetByAsk
2025-12-22 21:44:00,2025-12-22T21:44:00,61.18,1.0,SetByAsk
2025-12-22 21:44:00,2025-12-22T21:44:00,61.18,1.0,SetByAsk
2025-12-22 21:44:00,2025-12-22T21:44:00,61.18,1.0,SetByAsk
2025-12-22 21:44:00,2025-12-22T21:44:00,61.18,1.0,SetByAsk
2025-12-22 21:44:00,2025-12-22T21:44:00,61.18,1.0,SetByAsk
2025-12-22 21:44:00,2025-12-22T21:44:00,61.18,1.0,SetByAsk
2025-12-22 21:44:00,2025-12-22T21:44:00,61.18,1.0,SetByAsk
2025-12-22 21:44:00,2025-12-22T21:44:00,61.18,1.0,SetByAsk
2025-12-22 21:44:00,2025-12-22T21:44:00,61.18,1.0,SetByAsk
2025-12-22 21:44:00,2025-12-22T21:44:00,61.18,1.0,SetByAsk
2025-12-22 21:44:00,2025-12-22T21:44:00,61.18,1.0,SetByAsk
2025-12-22 21:44:00,2025-12-22T21:44:00,61.18,1.0,SetByAsk
2025-12-22 21:44:00,2025-12-22T21:44:00,61.18,1.0,SetByAsk
2025-12-22 21:44:00,2025-12-22T21:44:00,61.18,1.0,SetByAsk
2025-12-22 21:44:00,2025-12-22T21:44:00,61.18,1.0,SetByAsk
2025-12-22 21:44:00,2025-12-22T21:44:00,61.18,1.0,SetByAsk
2025-12-22 21:44:00,2025-12-22T21:44:00,61.18,1.0,SetByAsk
2025-12-22 21:44:09,2025-12-22T21:44:09,61.18,1.0,SetByBid
2025-12-22 21:45:01,2025-12-22T21:45:01,61.18,1.0,SetByBid
2025-12-22 21:45:51,2025-12-22T21:45:51,61.19,1.0,SetByBid
2025-12-22 21:46:16,2025-12-22T21:46:16,61.19,1.0,SetByBid
2025-12-22 21:46:16,2025-12-22T21:46:16,61.19,1.0,SetByBid
2025-12-22 21:46:51,2025-12-22T21:46:51,61.2,1.0,SetByAsk
2025-12-22 21:46:51,2025-12-22T21:46:51,61.2,1.0,SetByAsk
2025-12-22 21:46:51,2025-12-22T21:46:51,61.2,1.0,SetByAsk
2025-12-22 21:46:51,2025-12-22T21:46:51,61.2,1.0,SetByAsk
2025-12-22 21:46:52,2025-12-22T21:46:52,61.2,1.0,SetByAsk
2025-12-22 21:46:52,2025-12-22T21:46:52,61.2,1.0,SetByAsk
2025-12-22 21:46:52,2025-12-22T21:46:52,61.2,1.0,SetByAsk
2025-12-22 21:46:52,2025-12-22T21:46:52,61.2,1.0,SetByAsk
2025-12-22 21:46:52,2025-12-22T21:46:52,61.2,1.0,SetByAsk
2025-12-22 21:46:52,2025-12-22T21:46:52,61.2,1.0,SetByAsk
2025-12-22 21:46:52,2025-12-22T21:46:52,61.2,1.0,SetByAsk
2025-12-22 21:46:55,2025-12-22T21:46:55,61.2,1.0,SetByAsk
2025-12-22 21:47:01,2025-12-22T21:47:01,61.2,1.0,SetByAsk
2025-12-22 21:48:26,2025-12-22T21:48:26,61.21,1.0,SetByBid
2025-12-22 21:49:32,2025-12-22T21:49:32,61.21,1.0,SetByAsk
2025-12-22 21:49:32,2025-12-22T21:49:32,61.21,1.0,SetByAsk
2025-12-22 21:49:32,2025-12-22T21:49:32,61.21,1.0,SetByAsk
2025-12-22 21:49:32,2025-12-22T21:49:32,61.21,1.0,SetByAsk
2025-12-22 21:49:43,2025-12-22T21:49:43,61.22,1.0,SetByBid
2025-12-22 21:49:43,2025-12-22T21:49:43,61.23,1.0,SetByBid
2025-12-22 21:49:43,2025-12-22T21:49:43,61.23,1.0,SetByBid
2025-12-22 21:49:43,2025-12-22T21:49:43,61.23,1.0,SetByBid
2025-12-22 21:49:52,2025-12-22T21:49:52,61.22,1.0,"SetByAsk, Leg"
2025-12-22 21:49:52,2025-12-22T21:49:52,61.21,1.0,"SetByAsk, Leg"
2025-12-22 21:49:52,2025-12-22T21:49:52,61.22,2.0,"SetByAsk, Leg"
2025-12-22 21:49:52,2025-12-22T21:49:52,61.21,2.0,"SetByAsk, Leg"
2025-12-22 21:49:52,2025-12-22T21:49:52,61.21,1.0,SetByAsk
2025-12-22 21:49:52,2025-12-22T21:49:52,61.21,1.0,SetByAsk
2025-12-22 21:49:52,2025-12-22T21:49:52,61.21,1.0,SetByAsk
2025-12-22 21:49:52,2025-12-22T21:49:52,61.21,1.0,SetByAsk
2025-12-22 21:49:52,2025-12-22T21:49:52,61.21,1.0,SetByAsk
2025-12-22 21:49:52,2025-12-22T21:49:52,61.21,2.0,SetByAsk
2025-12-22 21:49:52,2025-12-22T21:49:52,61.21,1.0,SetByAsk
2025-12-22 21:49:52,2025-12-22T21:49:52,61.21,1.0,"SetByAsk, Leg"
2025-12-22 21:49:52,2025-12-22T21:49:52,61.2,1.0,"SetByAsk, Leg"
2025-12-22 21:49:52,2025-12-22T21:49:52,61.2,1.0,SetByAsk
2025-12-22 21:49:52,2025-12-22T21:49:52,61.2,1.0,SetByAsk
2025-12-22 21:49:52,2025-12-22T21:49:52,61.2,1.0,SetByAsk
2025-12-22 21:49:52,2025-12-22T21:49:52,61.2,1.0,SetByAsk
2025-12-22 21:49:52,2025-12-22T21:49:52,61.2,1.0,SetByAsk
2025-12-22 21:49:52,2025-12-22T21:49:52,61.2,1.0,SetByAsk
2025-12-22 21:49:52,2025-12-22T21:49:52,61.2,1.0,SetByAsk
2025-12-22 21:49:52,2025-12-22T21:49:52,61.2,2.0,SetByAsk
2025-12-22 21:49:52,2025-12-22T21:49:52,61.2,1.0,SetByAsk
2025-12-22 21:49:52,2025-12-22T21:49:52,61.2,1.0,SetByAsk
2025-12-22 21:49:52,2025-12-22T21:49:52,61.2,1.0,SetByAsk
2025-12-22 21:49:52,2025-12-22T21:49:52,61.2,1.0,SetByAsk
2025-12-22 21:49:52,2025-12-22T21:49:52,61.2,1.0,SetByAsk
2025-12-22 21:49:52,2025-12-22T21:49:52,61.2,1.0,SetByAsk
2025-12-22 21:49:52,2025-12-22T21:49:52,61.2,1.0,SetByAsk
2025-12-22 21:49:52,2025-12-22T21:49:52,61.2,1.0,SetByAsk
2025-12-22 21:49:52,2025-12-22T21:49:52,61.2,1.0,SetByAsk
2025-12-22 21:49:52,2025-12-22T21:49:52,61.2,3.0,SetByAsk
2025-12-22 21:49:52,2025-12-22T21:49:52,61.2,1.0,SetByAsk
2025-12-22 21:49:52,2025-12-22T21:49:52,61.2,1.0,SetByAsk
2025-12-22 21:49:52,2025-12-22T21:49:52,61.2,1.0,SetByAsk
2025-12-22 21:49:52,2025-12-22T21:49:52,61.2,1.0,SetByAsk
2025-12-22 21:49:52,2025-12-22T21:49:52,61.2,1.0,SetByAsk
2025-12-22 21:49:52,2025-12-22T21:49:52,61.2,1.0,SetByAsk
2025-12-22 21:49:52,2025-12-22T21:49:52,61.2,1.0,SetByAsk
2025-12-22 21:49:52,2025-12-22T21:49:52,61.2,1.0,SetByAsk
2025-12-22 21:49:52,2025-12-22T21:49:52,61.2,1.0,SetByAsk
2025-12-22 21:49:52,2025-12-22T21:49:52,61.2,1.0,SetByAsk
2025-12-22 21:49:52,2025-12-22T21:49:52,61.2,2.0,SetByAsk
2025-12-22 21:49:52,2025-12-22T21:49:52,61.2,1.0,SetByAsk
2025-12-22 21:49:52,2025-12-22T21:49:52,61.2,3.0,SetByAsk
2025-12-22 21:49:52,2025-12-22T21:49:52,61.2,1.0,SetByAsk
2025-12-22 21:49:52,2025-12-22T21:49:52,61.2,2.0,SetByAsk
2025-12-22 21:49:52,2025-12-22T21:49:52,61.2,2.0,SetByAsk
2025-12-22 21:49:52,2025-12-22T21:49:52,61.2,3.0,SetByAsk
2025-12-22 21:49:52,2025-12-22T21:49:52,61.2,1.0,SetByAsk
2025-12-22 21:49:52,2025-12-22T21:49:52,61.2,1.0,SetByAsk
2025-12-22 21:49:52,2025-12-22T21:49:52,61.2,1.0,SetByAsk
2025-12-22 21:49:52,2025-12-22T21:49:52,61.2,1.0,SetByAsk
2025-12-22 21:49:52,2025-12-22T21:49:52,61.2,1.0,SetByAsk
2025-12-22 21:49:52,2025-12-22T21:49:52,61.2,4.0,SetByAsk
2025-12-22 21:49:52,2025-12-22T21:49:52,61.2,3.0,SetByAsk
2025-12-22 21:49:52,2025-12-22T21:49:52,61.2,1.0,SetByAsk
2025-12-22 21:49:52,2025-12-22T21:49:52,61.2,2.0,SetByAsk
2025-12-22 21:49:52,2025-12-22T21:49:52,61.2,2.0,"SetByAsk, Leg"
2025-12-22 21:49:52,2025-12-22T21:49:52,61.19,2.0,"SetByAsk, Leg"
2025-12-22 21:49:52,2025-12-22T21:49:52,61.19,1.0,SetByAsk
2025-12-22 21:49:52,2025-12-22T21:49:52,61.19,1.0,SetByAsk
2025-12-22 21:49:52,2025-12-22T21:49:52,61.19,1.0,SetByAsk
2025-12-22 21:49:52,2025-12-22T21:49:52,61.19,1.0,SetByAsk
2025-12-22 21:49:52,2025-12-22T21:49:52,61.19,1.0,SetByAsk
2025-12-22 21:49:52,2025-12-22T21:49:52,61.19,1.0,SetByAsk
2025-12-22 21:49:52,2025-12-22T21:49:52,61.19,1.0,SetByAsk
2025-12-22 21:49:52,2025-12-22T21:49:52,61.19,1.0,SetByAsk
2025-12-22 21:49:52,2025-12-22T21:49:52,61.19,1.0,SetByAsk
2025-12-22 21:49:52,2025-12-22T21:49:52,61.19,1.0,SetByAsk
2025-12-22 21:49:52,2025-12-22T21:49:52,61.19,1.0,SetByAsk
2025-12-22 21:49:52,2025-12-22T21:49:52,61.19,1.0,SetByAsk
2025-12-22 21:49:52,2025-12-22T21:49:52,61.19,1.0,SetByAsk
2025-12-22 21:49:52,2025-12-22T21:49:52,61.19,1.0,SetByAsk
2025-12-22 21:49:52,2025-12-22T21:49:52,61.19,1.0,SetByAsk
2025-12-22 21:49:52,2025-12-22T21:49:52,61.19,1.0,SetByAsk
2025-12-22 21:49:52,2025-12-22T21:49:52,61.19,3.0,SetByAsk
2025-12-22 21:49:52,2025-12-22T21:49:52,61.19,1.0,SetByAsk
2025-12-22 21:49:52,2025-12-22T21:49:52,61.19,1.0,SetByAsk
2025-12-22 21:49:52,2025-12-22T21:49:52,61.19,1.0,SetByAsk
2025-12-22 21:49:52,2025-12-22T21:49:52,61.19,1.0,SetByAsk
2025-12-22 21:49:52,2025-12-22T21:49:52,61.19,1.0,SetByAsk
2025-12-22 21:49:52,2025-12-22T21:49:52,61.19,1.0,SetByAsk
2025-12-22 21:49:52,2025-12-22T21:49:52,61.19,3.0,SetByAsk
2025-12-22 21:49:52,2025-12-22T21:49:52,61.19,4.0,SetByAsk
2025-12-22 21:49:52,2025-12-22T21:49:52,61.19,1.0,SetByAsk
2025-12-22 21:49:52,2025-12-22T21:49:52,61.19,1.0,SetByAsk
2025-12-22 21:49:52,2025-12-22T21:49:52,61.19,1.0,SetByAsk
2025-12-22 21:49:52,2025-12-22T21:49:52,61.19,1.0,SetByAsk
2025-12-22 21:49:52,2025-12-22T21:49:52,61.19,4.0,SetByAsk
2025-12-22 21:49:52,2025-12-22T21:49:52,61.19,1.0,SetByAsk
2025-12-22 21:49:52,2025-12-22T21:49:52,61.19,1.0,SetByAsk
2025-12-22 21:49:52,2025-12-22T21:49:52,61.19,3.0,SetByAsk
2025-12-22 21:49:52,2025-12-22T21:49:52,61.19,1.0,SetByAsk
2025-12-22 21:49:52,2025-12-22T21:49:52,61.19,1.0,SetByAsk
2025-12-22 21:49:52,2025-12-22T21:49:52,61.19,1.0,SetByAsk
2025-12-22 21:49:52,2025-12-22T21:49:52,61.19,1.0,SetByAsk
2025-12-22 21:49:52,2025-12-22T21:49:52,61.19,1.0,SetByAsk
2025-12-22 21:49:52,2025-12-22T21:49:52,61.19,1.0,SetByAsk
2025-12-22 21:49:52,2025-12-22T21:49:52,61.19,10.0,SetByAsk
2025-12-22 21:49:52,2025-12-22T21:49:52,61.19,1.0,SetByAsk
2025-12-22 21:49:52,2025-12-22T21:49:52,61.19,1.0,SetByAsk
2025-12-22 21:49:52,2025-12-22T21:49:52,61.19,1.0,SetByAsk
2025-12-22 21:49:52,2025-12-22T21:49:52,61.19,5.0,SetByAsk
2025-12-22 21:49:52,2025-12-22T21:49:52,61.19,3.0,SetByAsk
2025-12-22 21:49:52,2025-12-22T21:49:52,61.19,2.0,SetByAsk
2025-12-22 21:49:52,2025-12-22T21:49:52,61.19,1.0,SetByAsk
2025-12-22 21:49:52,2025-12-22T21:49:52,61.19,3.0,SetByAsk
2025-12-22 21:49:52,2025-12-22T21:49:52,61.19,1.0,SetByAsk
2025-12-22 21:49:52,2025-12-22T21:49:52,61.19,4.0,SetByAsk
2025-12-22 21:49:52,2025-12-22T21:49:52,61.19,1.0,SetByAsk
2025-12-22 21:49:52,2025-12-22T21:49:52,61.19,1.0,SetByAsk
2025-12-22 21:49:52,2025-12-22T21:49:52,61.19,2.0,SetByAsk
2025-12-22 21:49:52,2025-12-22T21:49:52,61.19,1.0,SetByAsk
2025-12-22 21:49:52,2025-12-22T21:49:52,61.18,1.0,SetByAsk
2025-12-22 21:49:52,2025-12-22T21:49:52,61.18,1.0,SetByAsk
2025-12-22 21:49:52,2025-12-22T21:49:52,61.18,1.0,SetByAsk
2025-12-22 21:49:52,2025-12-22T21:49:52,61.18,1.0,SetByAsk
2025-12-22 21:49:52,2025-12-22T21:49:52,61.18,1.0,SetByAsk
2025-12-22 21:49:52,2025-12-22T21:49:52,61.18,1.0,SetByAsk
2025-12-22 21:49:52,2025-12-22T21:49:52,61.18,1.0,SetByAsk
2025-12-22 21:49:52,2025-12-22T21:49:52,61.18,1.0,SetByAsk
2025-12-22 21:49:52,2025-12-22T21:49:52,61.18,1.0,SetByAsk
2025-12-22 21:49:52,2025-12-22T21:49:52,61.18,1.0,SetByAsk
2025-12-22 21:49:52,2025-12-22T21:49:52,61.18,1.0,SetByAsk
2025-12-22 21:49:52,2025-12-22T21:49:52,61.18,1.0,SetByAsk
2025-12-22 21:49:52,2025-12-22T21:49:52,61.18,1.0,SetByAsk
2025-12-22 21:49:52,2025-12-22T21:49:52,61.18,1.0,SetByAsk
2025-12-22 21:49:52,2025-12-22T21:49:52,61.18,1.0,SetByAsk
2025-12-22 21:49:52,2025-12-22T21:49:52,61.18,1.0,SetByAsk
2025-12-22 21:49:52,2025-12-22T21:49:52,61.18,1.0,SetByAsk
2025-12-22 21:49:52,2025-12-22T21:49:52,61.18,3.0,SetByAsk
2025-12-22 21:49:52,2025-12-22T21:49:52,61.18,1.0,SetByAsk
2025-12-22 21:49:52,2025-12-22T21:49:52,61.18,3.0,SetByAsk
2025-12-22 21:49:52,2025-12-22T21:49:52,61.18,1.0,SetByAsk
2025-12-22 21:49:52,2025-12-22T21:49:52,61.18,4.0,SetByAsk
2025-12-22 21:49:52,2025-12-22T21:49:52,61.18,1.0,SetByAsk
2025-12-22 21:49:52,2025-12-22T21:49:52,61.18,3.0,SetByAsk
2025-12-22 21:49:52,2025-12-22T21:49:52,61.18,2.0,SetByAsk
2025-12-22 21:49:52,2025-12-22T21:49:52,61.18,1.0,SetByAsk
2025-12-22 21:49:52,2025-12-22T21:49:52,61.18,4.0,SetByAsk
2025-12-22 21:49:52,2025-12-22T21:49:52,61.18,1.0,SetByAsk
2025-12-22 21:49:52,2025-12-22T21:49:52,61.18,1.0,SetByAsk
2025-12-22 21:49:52,2025-12-22T21:49:52,61.18,1.0,SetByAsk
2025-12-22 21:49:52,2025-12-22T21:49:52,61.18,1.0,SetByAsk
2025-12-22 21:49:52,2025-12-22T21:49:52,61.18,3.0,SetByAsk
2025-12-22 21:49:52,2025-12-22T21:49:52,61.18,1.0,SetByAsk
2025-12-22 21:49:52,2025-12-22T21:49:52,61.18,1.0,SetByAsk
2025-12-22 21:49:52,2025-12-22T21:49:52,61.18,1.0,SetByAsk
2025-12-22 21:49:52,2025-12-22T21:49:52,61.18,4.0,SetByAsk
2025-12-22 21:49:52,2025-12-22T21:49:52,61.18,1.0,SetByAsk
2025-12-22 21:49:52,2025-12-22T21:49:52,61.18,2.0,SetByAsk
2025-12-22 21:49:52,2025-12-22T21:49:52,61.18,1.0,SetByAsk
2025-12-22 21:49:52,2025-12-22T21:49:52,61.18,3.0,SetByAsk
2025-12-22 21:49:52,2025-12-22T21:49:52,61.18,4.0,SetByAsk
2025-12-22 21:49:52,2025-12-22T21:49:52,61.18,4.0,SetByAsk
2025-12-22 21:49:52,2025-12-22T21:49:52,61.18,1.0,SetByAsk
2025-12-22 21:49:52,2025-12-22T21:49:52,61.18,2.0,SetByAsk
2025-12-22 21:49:52,2025-12-22T21:49:52,61.18,1.0,SetByAsk
2025-12-22 21:49:52,2025-12-22T21:49:52,61.18,1.0,SetByAsk
2025-12-22 21:49:52,2025-12-22T21:49:52,61.18,1.0,SetByAsk
2025-12-22 21:49:52,2025-12-22T21:49:52,61.18,2.0,"SetByAsk, Leg"
2025-12-22 21:49:52,2025-12-22T21:49:52,61.17,2.0,"SetByAsk, Leg"
2025-12-22 21:49:52,2025-12-22T21:49:52,61.17,1.0,SetByAsk
2025-12-22 21:49:52,2025-12-22T21:49:52,61.17,1.0,SetByAsk
2025-12-22 21:49:52,2025-12-22T21:49:52,61.17,1.0,SetByAsk
2025-12-22 21:49:52,2025-12-22T21:49:52,61.17,1.0,SetByAsk
2025-12-22 21:49:52,2025-12-22T21:49:52,61.17,1.0,SetByAsk
2025-12-22 21:49:52,2025-12-22T21:49:52,61.17,1.0,SetByAsk
2025-12-22 21:49:52,2025-12-22T21:49:52,61.17,1.0,SetByAsk
2025-12-22 21:49:52,2025-12-22T21:49:52,61.17,1.0,SetByAsk
2025-12-22 21:49:52,2025-12-22T21:49:52,61.17,1.0,SetByAsk
2025-12-22 21:49:52,2025-12-22T21:49:52,61.17,1.0,SetByAsk
2025-12-22 21:49:52,2025-12-22T21:49:52,61.17,1.0,SetByAsk
2025-12-22 21:49:52,2025-12-22T21:49:52,61.17,1.0,SetByAsk
2025-12-22 21:49:52,2025-12-22T21:49:52,61.17,1.0,SetByAsk
2025-12-22 21:49:52,2025-12-22T21:49:52,61.17,1.0,SetByAsk
2025-12-22 21:49:52,2025-12-22T21:49:52,61.17,2.0,SetByAsk
2025-12-22 21:49:52,2025-12-22T21:49:52,61.17,1.0,SetByAsk
2025-12-22 21:49:52,2025-12-22T21:49:52,61.17,1.0,SetByAsk
2025-12-22 21:49:52,2025-12-22T21:49:52,61.17,1.0,SetByAsk
2025-12-22 21:49:52,2025-12-22T21:49:52,61.17,2.0,SetByAsk
2025-12-22 21:49:52,2025-12-22T21:49:52,61.17,1.0,SetByAsk
2025-12-22 21:49:52,2025-12-22T21:49:52,61.17,1.0,SetByAsk
2025-12-22 21:49:52,2025-12-22T21:49:52,61.17,1.0,SetByAsk
2025-12-22 21:49:52,2025-12-22T21:49:52,61.17,2.0,SetByAsk
2025-12-22 21:49:52,2025-12-22T21:49:52,61.17,1.0,SetByAsk
2025-12-22 21:49:52,2025-12-22T21:49:52,61.17,1.0,SetByAsk
2025-12-22 21:49:52,2025-12-22T21:49:52,61.17,1.0,SetByAsk
2025-12-22 21:49:52,2025-12-22T21:49:52,61.17,2.0,SetByAsk
2025-12-22 21:49:52,2025-12-22T21:49:52,61.17,2.0,SetByAsk
2025-12-22 21:49:52,2025-12-22T21:49:52,61.17,1.0,SetByAsk
2025-12-22 21:49:52,2025-12-22T21:49:52,61.17,2.0,SetByAsk
2025-12-22 21:49:52,2025-12-22T21:49:52,61.17,1.0,SetByAsk
2025-12-22 21:49:52,2025-12-22T21:49:52,61.17,1.0,SetByAsk
2025-12-22 21:49:52,2025-12-22T21:49:52,61.17,1.0,SetByAsk
2025-12-22 21:49:52,2025-12-22T21:49:52,61.17,1.0,SetByAsk
2025-12-22 21:49:52,2025-12-22T21:49:52,61.17,3.0,SetByAsk
2025-12-22 21:49:52,2025-12-22T21:49:52,61.17,1.0,SetByAsk
2025-12-22 21:49:52,2025-12-22T21:49:52,61.17,1.0,SetByAsk
2025-12-22 21:49:52,2025-12-22T21:49:52,61.17,1.0,SetByAsk
2025-12-22 21:49:52,2025-12-22T21:49:52,61.17,1.0,SetByAsk
2025-12-22 21:49:52,2025-12-22T21:49:52,61.17,1.0,SetByAsk
2025-12-22 21:49:52,2025-12-22T21:49:52,61.17,2.0,SetByAsk
2025-12-22 21:49:52,2025-12-22T21:49:52,61.17,3.0,SetByAsk
2025-12-22 21:49:52,2025-12-22T21:49:52,61.17,1.0,SetByAsk
2025-12-22 21:49:52,2025-12-22T21:49:52,61.17,2.0,SetByAsk
2025-12-22 21:49:52,2025-12-22T21:49:52,61.17,1.0,SetByAsk
2025-12-22 21:49:52,2025-12-22T21:49:52,61.17,4.0,SetByAsk
2025-12-22 21:49:52,2025-12-22T21:49:52,61.17,1.0,SetByAsk
2025-12-22 21:49:52,2025-12-22T21:49:52,61.17,4.0,SetByAsk
2025-12-22 21:49:52,2025-12-22T21:49:52,61.17,1.0,SetByAsk
2025-12-22 21:49:52,2025-12-22T21:49:52,61.17,1.0,SetByAsk
2025-12-22 21:49:52,2025-12-22T21:49:52,61.17,1.0,SetByAsk
2025-12-22 21:49:52,2025-12-22T21:49:52,61.17,1.0,SetByAsk
2025-12-22 21:49:52,2025-12-22T21:49:52,61.17,1.0,SetByAsk
2025-12-22 21:49:52,2025-12-22T21:49:52,61.17,1.0,SetByAsk
2025-12-22 21:49:52,2025-12-22T21:49:52,61.16,1.0,SetByAsk
2025-12-22 21:49:52,2025-12-22T21:49:52,61.16,1.0,SetByAsk
2025-12-22 21:49:52,2025-12-22T21:49:52,61.16,1.0,SetByAsk
2025-12-22 21:49:52,2025-12-22T21:49:52,61.16,1.0,SetByAsk
2025-12-22 21:49:52,2025-12-22T21:49:52,61.16,1.0,SetByAsk
2025-12-22 21:49:52,2025-12-22T21:49:52,61.16,1.0,SetByAsk
2025-12-22 21:49:52,2025-12-22T21:49:52,61.16,1.0,SetByAsk
2025-12-22 21:49:52,2025-12-22T21:49:52,61.16,1.0,SetByAsk
2025-12-22 21:49:52,2025-12-22T21:49:52,61.16,1.0,SetByAsk
2025-12-22 21:49:52,2025-12-22T21:49:52,61.16,1.0,SetByAsk
2025-12-22 21:49:52,2025-12-22T21:49:52,61.16,1.0,SetByAsk
2025-12-22 21:49:52,2025-12-22T21:49:52,61.16,1.0,SetByAsk
2025-12-22 21:49:52,2025-12-22T21:49:52,61.16,2.0,SetByAsk
2025-12-22 21:49:52,2025-12-22T21:49:52,61.16,1.0,SetByAsk
2025-12-22 21:49:52,2025-12-22T21:49:52,61.16,1.0,SetByAsk
2025-12-22 21:49:52,2025-12-22T21:49:52,61.16,3.0,SetByAsk
2025-12-22 21:49:52,2025-12-22T21:49:52,61.16,1.0,SetByAsk
2025-12-22 21:49:52,2025-12-22T21:49:52,61.16,1.0,SetByAsk
2025-12-22 21:49:52,2025-12-22T21:49:52,61.16,1.0,SetByAsk
2025-12-22 21:49:52,2025-12-22T21:49:52,61.16,1.0,SetByAsk
2025-12-22 21:49:52,2025-12-22T21:49:52,61.16,1.0,SetByAsk
2025-12-22 21:49:52,2025-12-22T21:49:52,61.16,3.0,SetByAsk
2025-12-22 21:49:52,2025-12-22T21:49:52,61.16,1.0,SetByAsk
2025-12-22 21:49:52,2025-12-22T21:49:52,61.16,2.0,SetByAsk
2025-12-22 21:49:52,2025-12-22T21:49:52,61.16,1.0,SetByAsk
2025-12-22 21:49:52,2025-12-22T21:49:52,61.19,1.0,SetByBid
2025-12-22 21:49:55,2025-12-22T21:49:55,61.2,1.0,SetByBid
2025-12-22 21:50:03,2025-12-22T21:50:03,61.2,1.0,SetByBid
2025-12-22 21:50:06,2025-12-22T21:50:06,61.2,1.0,SetByBid
2025-12-22 21:50:07,2025-12-22T21:50:07,61.2,1.0,SetByBid
2025-12-22 21:50:08,2025-12-22T21:50:08,61.21,1.0,SetByBid
2025-12-22 21:50:19,2025-12-22T21:50:19,61.19,1.0,SetByAsk
2025-12-22 21:50:19,2025-12-22T21:50:19,61.19,1.0,SetByAsk
2025-12-22 21:50:35,2025-12-22T21:50:35,61.19,1.0,SetByBid
2025-12-22 21:50:35,2025-12-22T21:50:35,61.19,1.0,SetByBid
2025-12-22 21:50:38,2025-12-22T21:50:38,61.19,1.0,SetByBid
2025-12-22 21:50:40,2025-12-22T21:50:40,61.19,1.0,SetByBid
2025-12-22 21:50:41,2025-12-22T21:50:41,61.19,1.0,SetByBid
2025-12-22 21:51:43,2025-12-22T21:51:43,61.17,1.0,SetByAsk
2025-12-22 21:52:34,2025-12-22T21:52:34,61.16,1.0,SetByAsk
2025-12-22 21:53:45,2025-12-22T21:53:45,61.15,1.0,SetByBid
2025-12-22 21:53:46,2025-12-22T21:53:46,61.15,1.0,SetByBid
2025-12-22 21:53:47,2025-12-22T21:53:47,61.16,1.0,SetByBid
2025-12-22 21:53:56,2025-12-22T21:53:56,61.16,1.0,SetByBid
2025-12-22 21:53:56,2025-12-22T21:53:56,61.16,1.0,SetByBid
2025-12-22 21:53:56,2025-12-22T21:53:56,61.16,1.0,SetByBid
2025-12-22 21:53:57,2025-12-22T21:53:57,61.17,1.0,SetByBid
2025-12-22 21:54:21,2025-12-22T21:54:21,61.15,1.0,SetByBid
2025-12-22 21:54:31,2025-12-22T21:54:31,61.15,1.0,SetByBid
2025-12-22 21:55:08,2025-12-22T21:55:08,61.15,1.0,SetByBid
2025-12-22 21:55:08,2025-12-22T21:55:08,61.15,1.0,SetByBid
2025-12-22 21:55:36,2025-12-22T21:55:36,61.15,2.0,SetByBid
2025-12-22 21:55:36,2025-12-22T21:55:36,61.15,1.0,SetByBid
2025-12-22 21:55:51,2025-12-22T21:55:51,61.14,1.0,SetByBid
2025-12-22 21:55:51,2025-12-22T21:55:51,61.14,1.0,SetByBid
2025-12-22 21:56:01,2025-12-22T21:56:01,61.14,1.0,SetByBid
2025-12-22 21:56:52,2025-12-22T21:56:52,61.12,1.0,SetByAsk
2025-12-22 21:57:12,2025-12-22T21:57:12,61.11,1.0,SetByAsk
2025-12-22 21:57:30,2025-12-22T21:57:30,61.1,1.0,SetByAsk
2025-12-22 21:57:30,2025-12-22T21:57:30,61.1,1.0,SetByAsk
2025-12-22 21:57:40,2025-12-22T21:57:40,61.1,1.0,SetByBid
2025-12-22 21:57:48,2025-12-22T21:57:48,61.09,1.0,SetByAsk
2025-12-22 21:57:48,2025-12-22T21:57:48,61.09,1.0,SetByAsk
2025-12-22 21:57:48,2025-12-22T21:57:48,61.09,1.0,SetByAsk
2025-12-22 21:57:48,2025-12-22T21:57:48,61.09,1.0,SetByBid
2025-12-22 21:57:51,2025-12-22T21:57:51,61.08,1.0,SetByBid
2025-12-22 21:57:54,2025-12-22T21:57:54,61.08,4.0,SetByBid
2025-12-22 21:57:57,2025-12-22T21:57:57,61.08,5.0,SetByBid
2025-12-22 21:57:57,2025-12-22T21:57:57,61.08,1.0,SetByBid
2025-12-22 21:58:00,2025-12-22T21:58:00,61.08,1.0,SetByBid
2025-12-22 21:58:00,2025-12-22T21:58:00,61.08,1.0,SetByBid
2025-12-22 21:58:00,2025-12-22T21:58:00,61.08,1.0,SetByBid
2025-12-22 21:58:08,2025-12-22T21:58:08,61.08,1.0,SetByBid
2025-12-22 21:58:08,2025-12-22T21:58:08,61.08,1.0,SetByBid
2025-12-22 21:58:19,2025-12-22T21:58:19,61.07,1.0,SetByAsk
2025-12-22 21:58:27,2025-12-22T21:58:27,61.07,1.0,SetByAsk
2025-12-22 21:58:27,2025-12-22T21:58:27,61.07,1.0,SetByAsk
2025-12-22 21:58:27,2025-12-22T21:58:27,61.07,1.0,SetByAsk
2025-12-22 21:58:27,2025-12-22T21:58:27,61.07,4.0,SetByBid
2025-12-22 21:58:27,2025-12-22T21:58:27,61.07,4.0,SetByBid
2025-12-22 21:58:27,2025-12-22T21:58:27,61.07,1.0,SetByBid
2025-12-22 21:58:27,2025-12-22T21:58:27,61.07,4.0,SetByBid
2025-12-22 21:58:27,2025-12-22T21:58:27,61.07,2.0,SetByBid
2025-12-22 21:58:27,2025-12-22T21:58:27,61.07,1.0,SetByBid
2025-12-22 21:58:27,2025-12-22T21:58:27,61.07,1.0,SetByBid
2025-12-22 21:58:27,2025-12-22T21:58:27,61.07,2.0,SetByBid
2025-12-22 21:58:27,2025-12-22T21:58:27,61.07,1.0,SetByBid
2025-12-22 21:58:27,2025-12-22T21:58:27,61.07,1.0,SetByBid
2025-12-22 21:58:27,2025-12-22T21:58:27,61.07,2.0,SetByBid
2025-12-22 21:58:27,2025-12-22T21:58:27,61.07,3.0,SetByBid
2025-12-22 21:58:29,2025-12-22T21:58:29,61.07,1.0,SetByBid
2025-12-22 21:58:29,2025-12-22T21:58:29,61.07,1.0,SetByBid
2025-12-22 21:58:34,2025-12-22T21:58:34,61.07,1.0,SetByBid
2025-12-22 21:58:34,2025-12-22T21:58:34,61.07,1.0,SetByBid
2025-12-22 21:58:37,2025-12-22T21:58:37,61.07,1.0,SetByBid
2025-12-22 21:58:38,2025-12-22T21:58:38,61.06,1.0,SetByBid
2025-12-22 21:58:39,2025-12-22T21:58:39,61.06,1.0,SetByBid
2025-12-22 21:58:39,2025-12-22T21:58:39,61.06,1.0,SetByBid
2025-12-22 21:58:39,2025-12-22T21:58:39,61.06,2.0,SetByBid
2025-12-22 21:58:40,2025-12-22T21:58:40,61.06,1.0,SetByBid
2025-12-22 21:59:00,2025-12-22T21:59:00,61.05,1.0,SetByAsk
2025-12-22 21:59:19,2025-12-22T21:59:19,61.07,1.0,SetByBid
2025-12-22 21:59:27,2025-12-22T21:59:27,61.06,1.0,SetByAsk
2025-12-22 21:59:46,2025-12-22T21:59:46,61.06,1.0,SetByBid
2025-12-22 21:59:54,2025-12-22T21:59:54,61.06,1.0,SetByBid
2025-12-22 21:59:54,2025-12-22T21:59:54,61.06,1.0,SetByBid
2025-12-22 21:59:55,2025-12-22T21:59:55,61.06,1.0,SetByBid
2025-12-22 21:59:55,2025-12-22T21:59:55,61.06,1.0,SetByBid
2025-12-22 22:00:00,2025-12-22T22:00:00,61.08,1.0,SetByBid
2025-12-22 22:00:00,2025-12-22T22:00:00,61.08,1.0,SetByAsk
2025-12-22 22:01:25,2025-12-22T22:01:25,61.09,1.0,SetByAsk
2025-12-22 22:01:25,2025-12-22T22:01:25,61.09,1.0,SetByAsk
2025-12-22 22:02:19,2025-12-22T22:02:19,61.08,1.0,SetByBid
2025-12-22 22:02:19,2025-12-22T22:02:19,61.07,1.0,SetByAsk
2025-12-22 22:02:19,2025-12-22T22:02:19,61.07,1.0,SetByAsk
2025-12-22 22:02:19,2025-12-22T22:02:19,61.07,1.0,SetByAsk
2025-12-22 22:02:19,2025-12-22T22:02:19,61.07,1.0,SetByBid
2025-12-22 22:02:19,2025-12-22T22:02:19,61.07,1.0,SetByBid
2025-12-22 22:02:19,2025-12-22T22:02:19,61.07,1.0,SetByBid
2025-12-22 22:02:19,2025-12-22T22:02:19,61.07,1.0,SetByBid
2025-12-22 22:02:19,2025-12-22T22:02:19,61.08,1.0,SetByBid
2025-12-22 22:02:20,2025-12-22T22:02:20,61.08,1.0,SetByAsk
2025-12-22 22:02:21,2025-12-22T22:02:21,61.09,1.0,SetByBid
2025-12-22 22:02:35,2025-12-22T22:02:35,61.08,1.0,SetByBid
2025-12-22 22:02:35,2025-12-22T22:02:35,61.08,1.0,SetByBid
2025-12-22 22:02:35,2025-12-22T22:02:35,61.08,1.0,SetByBid
2025-12-22 22:02:35,2025-12-22T22:02:35,61.08,1.0,SetByBid
2025-12-22 22:02:35,2025-12-22T22:02:35,61.08,1.0,SetByBid
2025-12-22 22:02:36,2025-12-22T22:02:36,61.08,1.0,SetByBid
2025-12-22 22:02:36,2025-12-22T22:02:36,61.08,1.0,SetByBid
2025-12-22 22:02:36,2025-12-22T22:02:36,61.08,1.0,SetByBid
2025-12-22 22:02:36,2025-12-22T22:02:36,61.08,1.0,SetByBid
2025-12-22 22:02:36,2025-12-22T22:02:36,61.08,1.0,SetByBid
2025-12-22 22:02:36,2025-12-22T22:02:36,61.08,1.0,SetByBid
2025-12-22 22:02:36,2025-12-22T22:02:36,61.08,1.0,SetByBid
2025-12-22 22:02:36,2025-12-22T22:02:36,61.08,1.0,SetByBid
2025-12-22 22:02:36,2025-12-22T22:02:36,61.08,1.0,SetByBid
2025-12-22 22:02:36,2025-12-22T22:02:36,61.08,1.0,SetByBid
2025-12-22 22:02:36,2025-12-22T22:02:36,61.08,1.0,SetByBid
2025-12-22 22:02:36,2025-12-22T22:02:36,61.08,1.0,SetByBid
2025-12-22 22:02:36,2025-12-22T22:02:36,61.08,1.0,SetByBid
2025-12-22 22:02:46,2025-12-22T22:02:46,61.08,3.0,SetByBid
2025-12-22 22:03:42,2025-12-22T22:03:42,61.09,1.0,SetByBid
2025-12-22 22:04:02,2025-12-22T22:04:02,61.1,1.0,SetByBid
2025-12-22 22:04:02,2025-12-22T22:04:02,61.1,1.0,SetByBid
2025-12-22 22:04:02,2025-12-22T22:04:02,61.1,1.0,SetByBid
2025-12-22 22:04:02,2025-12-22T22:04:02,61.1,1.0,SetByBid
2025-12-22 22:04:02,2025-12-22T22:04:02,61.1,1.0,SetByBid
2025-12-22 22:04:02,2025-12-22T22:04:02,61.11,1.0,SetByBid
2025-12-22 22:04:02,2025-12-22T22:04:02,61.1,1.0,SetByBid
2025-12-22 22:04:02,2025-12-22T22:04:02,61.1,1.0,SetByBid
2025-12-22 22:04:02,2025-12-22T22:04:02,61.1,1.0,SetByBid
2025-12-22 22:04:02,2025-12-22T22:04:02,61.1,1.0,SetByBid
2025-12-22 22:04:02,2025-12-22T22:04:02,61.1,1.0,SetByBid
2025-12-22 22:04:02,2025-12-22T22:04:02,61.1,1.0,SetByBid
2025-12-22 22:04:02,2025-12-22T22:04:02,61.1,1.0,SetByBid
2025-12-22 22:04:02,2025-12-22T22:04:02,61.1,1.0,SetByBid
2025-12-22 22:04:02,2025-12-22T22:04:02,61.1,4.0,SetByBid
2025-12-22 22:04:02,2025-12-22T22:04:02,61.1,1.0,SetByBid
2025-12-22 22:04:03,2025-12-22T22:04:03,61.1,1.0,SetByBid
2025-12-22 22:04:03,2025-12-22T22:04:03,61.1,1.0,SetByBid
2025-12-22 22:04:08,2025-12-22T22:04:08,61.09,1.0,SetByBid
2025-12-22 22:04:08,2025-12-22T22:04:08,61.09,1.0,SetByBid
2025-12-22 22:04:09,2025-12-22T22:04:09,61.09,1.0,SetByBid
2025-12-22 22:04:09,2025-12-22T22:04:09,61.09,1.0,SetByBid
2025-12-22 22:04:09,2025-12-22T22:04:09,61.09,1.0,SetByBid
2025-12-22 22:04:09,2025-12-22T22:04:09,61.09,1.0,SetByBid
2025-12-22 22:04:09,2025-12-22T22:04:09,61.09,1.0,SetByBid
2025-12-22 22:04:10,2025-12-22T22:04:10,61.09,1.0,SetByBid
2025-12-22 22:04:10,2025-12-22T22:04:10,61.1,1.0,SetByBid
2025-12-22 22:04:10,2025-12-22T22:04:10,61.1,1.0,SetByBid
2025-12-22 22:04:10,2025-12-22T22:04:10,61.1,1.0,SetByBid
2025-12-22 22:04:10,2025-12-22T22:04:10,61.09,1.0,SetByBid
2025-12-22 22:04:33,2025-12-22T22:04:33,61.09,1.0,SetByAsk
2025-12-22 22:04:33,2025-12-22T22:04:33,61.1,1.0,SetByBid
2025-12-22 22:04:33,2025-12-22T22:04:33,61.1,1.0,SetByBid
2025-12-22 22:04:33,2025-12-22T22:04:33,61.1,1.0,SetByBid
2025-12-22 22:04:33,2025-12-22T22:04:33,61.1,1.0,SetByBid
2025-12-22 22:04:33,2025-12-22T22:04:33,61.1,1.0,SetByBid
2025-12-22 22:04:49,2025-12-22T22:04:49,61.09,1.0,SetByBid
2025-12-22 22:04:49,2025-12-22T22:04:49,61.09,1.0,SetByBid
2025-12-22 22:04:49,2025-12-22T22:04:49,61.09,1.0,SetByBid
2025-12-22 22:04:55,2025-12-22T22:04:55,61.09,1.0,SetByBid
2025-12-22 22:04:55,2025-12-22T22:04:55,61.09,1.0,SetByBid
2025-12-22 22:05:10,2025-12-22T22:05:10,61.1,1.0,SetByBid
2025-12-22 22:05:12,2025-12-22T22:05:12,61.1,1.0,SetByBid
2025-12-22 22:05:13,2025-12-22T22:05:13,61.1,1.0,SetByBid
2025-12-22 22:05:33,2025-12-22T22:05:33,61.11,1.0,SetByBid
2025-12-22 22:06:39,2025-12-22T22:06:39,61.12,1.0,SetByBid
2025-12-22 22:06:39,2025-12-22T22:06:39,61.12,1.0,SetByBid
2025-12-22 22:06:39,2025-12-22T22:06:39,61.12,1.0,SetByBid
2025-12-22 22:06:39,2025-12-22T22:06:39,61.12,1.0,SetByBid
2025-12-22 22:06:39,2025-12-22T22:06:39,61.12,1.0,SetByBid
2025-12-22 22:06:39,2025-12-22T22:06:39,61.12,1.0,SetByBid
2025-12-22 22:06:39,2025-12-22T22:06:39,61.12,1.0,SetByBid
2025-12-22 22:06:39,2025-12-22T22:06:39,61.12,1.0,SetByBid
2025-12-22 22:06:39,2025-12-22T22:06:39,61.12,1.0,SetByBid
2025-12-22 22:06:39,2025-12-22T22:06:39,61.12,3.0,SetByBid
2025-12-22 22:06:39,2025-12-22T22:06:39,61.12,1.0,SetByBid
2025-12-22 22:06:39,2025-12-22T22:06:39,61.12,1.0,SetByBid
2025-12-22 22:06:39,2025-12-22T22:06:39,61.12,1.0,SetByBid
2025-12-22 22:06:39,2025-12-22T22:06:39,61.12,1.0,SetByBid
2025-12-22 22:06:39,2025-12-22T22:06:39,61.12,1.0,SetByBid
2025-12-22 22:06:39,2025-12-22T22:06:39,61.12,3.0,SetByBid
2025-12-22 22:06:39,2025-12-22T22:06:39,61.12,2.0,SetByBid
2025-12-22 22:06:39,2025-12-22T22:06:39,61.12,1.0,SetByBid
2025-12-22 22:06:39,2025-12-22T22:06:39,61.12,3.0,SetByBid
2025-12-22 22:06:39,2025-12-22T22:06:39,61.12,1.0,SetByBid
2025-12-22 22:06:39,2025-12-22T22:06:39,61.12,2.0,SetByBid
2025-12-22 22:06:39,2025-12-22T22:06:39,61.12,1.0,SetByBid
2025-12-22 22:06:42,2025-12-22T22:06:42,61.12,1.0,SetByBid
2025-12-22 22:07:10,2025-12-22T22:07:10,61.12,1.0,SetByBid
2025-12-22 22:07:10,2025-12-22T22:07:10,61.12,1.0,SetByBid
2025-12-22 22:07:10,2025-12-22T22:07:10,61.12,2.0,SetByBid
2025-12-22 22:07:10,2025-12-22T22:07:10,61.12,1.0,SetByBid
2025-12-22 22:07:15,2025-12-22T22:07:15,61.12,1.0,SetByBid
2025-12-22 22:07:18,2025-12-22T22:07:18,61.12,1.0,SetByBid
2025-12-22 22:07:37,2025-12-22T22:07:37,61.13,1.0,SetByBid
2025-12-22 22:07:37,2025-12-22T22:07:37,61.13,1.0,SetByBid
2025-12-22 22:07:37,2025-12-22T22:07:37,61.13,1.0,SetByBid
2025-12-22 22:07:38,2025-12-22T22:07:38,61.15,1.0,SetByBid
2025-12-22 22:07:38,2025-12-22T22:07:38,61.15,1.0,SetByBid
2025-12-22 22:07:38,2025-12-22T22:07:38,61.15,1.0,SetByBid
2025-12-22 22:07:38,2025-12-22T22:07:38,61.15,1.0,SetByBid
2025-12-22 22:07:38,2025-12-22T22:07:38,61.15,1.0,SetByBid
2025-12-22 22:07:55,2025-12-22T22:07:55,61.13,1.0,SetByBid
2025-12-22 22:08:11,2025-12-22T22:08:11,61.13,1.0,SetByAsk
2025-12-22 22:08:11,2025-12-22T22:08:11,61.13,1.0,SetByAsk
2025-12-22 22:08:11,2025-12-22T22:08:11,61.14,1.0,SetByBid
2025-12-22 22:08:23,2025-12-22T22:08:23,61.16,1.0,SetByBid
2025-12-22 22:08:23,2025-12-22T22:08:23,61.16,1.0,SetByBid
2025-12-22 22:08:23,2025-12-22T22:08:23,61.16,1.0,SetByBid
2025-12-22 22:08:23,2025-12-22T22:08:23,61.16,1.0,SetByBid
2025-12-22 22:08:23,2025-12-22T22:08:23,61.16,1.0,SetByBid
2025-12-22 22:08:23,2025-12-22T22:08:23,61.16,1.0,SetByBid
2025-12-22 22:08:23,2025-12-22T22:08:23,61.16,1.0,SetByBid
2025-12-22 22:08:23,2025-12-22T22:08:23,61.16,1.0,SetByBid
2025-12-22 22:08:23,2025-12-22T22:08:23,61.16,2.0,SetByBid
2025-12-22 22:08:48,2025-12-22T22:08:48,61.16,1.0,SetByBid
2025-12-22 22:08:48,2025-12-22T22:08:48,61.16,1.0,SetByBid
2025-12-22 22:08:54,2025-12-22T22:08:54,61.16,2.0,SetByAsk
2025-12-22 22:09:02,2025-12-22T22:09:02,61.17,1.0,SetByBid
2025-12-22 22:09:04,2025-12-22T22:09:04,61.16,1.0,SetByAsk
2025-12-22 22:09:04,2025-12-22T22:09:04,61.16,2.0,SetByAsk
2025-12-22 22:09:04,2025-12-22T22:09:04,61.16,2.0,SetByAsk
2025-12-22 22:09:04,2025-12-22T22:09:04,61.16,1.0,SetByAsk
2025-12-22 22:09:52,2025-12-22T22:09:52,61.17,2.0,SetByAsk
2025-12-22 22:09:55,2025-12-22T22:09:55,61.17,1.0,SetByBid
2025-12-22 22:10:34,2025-12-22T22:10:34,61.16,1.0,SetByAsk
2025-12-22 22:10:34,2025-12-22T22:10:34,61.16,1.0,SetByAsk
2025-12-22 22:11:45,2025-12-22T22:11:45,61.17,15.0,SetByBid
2025-12-22 22:11:45,2025-12-22T22:11:45,61.17,1.0,SetByBid
2025-12-22 22:12:40,2025-12-22T22:12:40,61.16,1.0,SetByAsk
2025-12-22 22:13:17,2025-12-22T22:13:17,61.16,1.0,SetByBid
2025-12-22 22:13:17,2025-12-22T22:13:17,61.16,1.0,SetByBid
2025-12-22 22:13:17,2025-12-22T22:13:17,61.16,1.0,SetByBid
2025-12-22 22:13:17,2025-12-22T22:13:17,61.16,1.0,SetByBid
2025-12-22 22:13:57,2025-12-22T22:13:57,61.17,1.0,SetByBid
2025-12-22 22:13:57,2025-12-22T22:13:57,61.17,1.0,SetByBid
2025-12-22 22:13:57,2025-12-22T22:13:57,61.17,1.0,SetByBid
2025-12-22 22:13:57,2025-12-22T22:13:57,61.17,1.0,SetByBid
2025-12-22 22:14:03,2025-12-22T22:14:03,61.18,2.0,SetByBid
2025-12-22 22:14:28,2025-12-22T22:14:28,61.19,1.0,SetByBid
2025-12-22 22:14:28,2025-12-22T22:14:28,61.19,1.0,SetByBid
2025-12-22 22:14:28,2025-12-22T22:14:28,61.19,1.0,SetByBid
2025-12-22 22:14:42,2025-12-22T22:14:42,61.19,1.0,SetByAsk
2025-12-22 22:16:31,2025-12-22T22:16:31,61.2,1.0,"SetByAsk, Leg"
2025-12-22 22:16:31,2025-12-22T22:16:31,61.19,1.0,"SetByAsk, Leg"
2025-12-22 22:16:31,2025-12-22T22:16:31,61.19,1.0,SetByAsk
2025-12-22 22:16:31,2025-12-22T22:16:31,61.19,1.0,SetByAsk
2025-12-22 22:16:32,2025-12-22T22:16:32,61.2,1.0,SetByAsk
2025-12-22 22:16:33,2025-12-22T22:16:33,61.2,1.0,SetByAsk
2025-12-22 22:16:33,2025-12-22T22:16:33,61.2,1.0,SetByAsk
2025-12-22 22:16:34,2025-12-22T22:16:34,61.2,1.0,SetByAsk
2025-12-22 22:16:37,2025-12-22T22:16:37,61.2,1.0,SetByAsk
2025-12-22 22:16:46,2025-12-22T22:16:46,61.2,1.0,SetByAsk
2025-12-22 22:16:46,2025-12-22T22:16:46,61.2,1.0,SetByAsk
2025-12-22 22:16:46,2025-12-22T22:16:46,61.2,1.0,SetByAsk
2025-12-22 22:16:46,2025-12-22T22:16:46,61.2,1.0,SetByAsk
2025-12-22 22:16:47,2025-12-22T22:16:47,61.2,1.0,SetByAsk
2025-12-22 22:16:47,2025-12-22T22:16:47,61.2,1.0,SetByAsk
2025-12-22 22:16:47,2025-12-22T22:16:47,61.2,1.0,SetByAsk
2025-12-22 22:16:47,2025-12-22T22:16:47,61.2,1.0,SetByAsk
2025-12-22 22:17:27,2025-12-22T22:17:27,61.2,1.0,SetByBid
2025-12-22 22:17:27,2025-12-22T22:17:27,61.2,1.0,SetByBid
2025-12-22 22:17:27,2025-12-22T22:17:27,61.19,1.0,SetByAsk
2025-12-22 22:17:27,2025-12-22T22:17:27,61.19,1.0,SetByAsk
2025-12-22 22:17:27,2025-12-22T22:17:27,61.19,1.0,SetByAsk
2025-12-22 22:17:27,2025-12-22T22:17:27,61.19,1.0,SetByAsk
2025-12-22 22:17:27,2025-12-22T22:17:27,61.19,3.0,SetByAsk
2025-12-22 22:17:27,2025-12-22T22:17:27,61.19,1.0,SetByAsk
2025-12-22 22:17:27,2025-12-22T22:17:27,61.19,1.0,SetByAsk
2025-12-22 22:17:38,2025-12-22T22:17:38,61.2,1.0,SetByBid
2025-12-22 22:17:43,2025-12-22T22:17:43,61.2,1.0,SetByAsk
2025-12-22 22:17:46,2025-12-22T22:17:46,61.2,1.0,SetByAsk
2025-12-22 22:17:46,2025-12-22T22:17:46,61.2,1.0,SetByAsk
2025-12-22 22:17:48,2025-12-22T22:17:48,61.2,1.0,SetByAsk
2025-12-22 22:17:48,2025-12-22T22:17:48,61.2,1.0,SetByAsk
2025-12-22 22:17:48,2025-12-22T22:17:48,61.2,1.0,SetByAsk
2025-12-22 22:17:49,2025-12-22T22:17:49,61.2,1.0,SetByAsk
2025-12-22 22:17:49,2025-12-22T22:17:49,61.2,1.0,SetByAsk
2025-12-22 22:17:49,2025-12-22T22:17:49,61.2,1.0,SetByAsk
2025-12-22 22:17:49,2025-12-22T22:17:49,61.2,1.0,SetByAsk
2025-12-22 22:17:50,2025-12-22T22:17:50,61.2,1.0,SetByAsk
2025-12-22 22:18:02,2025-12-22T22:18:02,61.2,1.0,SetByAsk
2025-12-22 22:19:33,2025-12-22T22:19:33,61.2,1.0,SetByBid
2025-12-22 22:19:55,2025-12-22T22:19:55,61.2,1.0,SetByBid
2025-12-22 22:20:13,2025-12-22T22:20:13,61.2,1.0,SetByAsk
2025-12-22 22:20:13,2025-12-22T22:20:13,61.2,1.0,SetByAsk
2025-12-22 22:20:13,2025-12-22T22:20:13,61.2,1.0,SetByAsk
2025-12-22 22:20:13,2025-12-22T22:20:13,61.2,1.0,SetByAsk
2025-12-22 22:20:13,2025-12-22T22:20:13,61.2,2.0,SetByAsk
2025-12-22 22:20:13,2025-12-22T22:20:13,61.2,1.0,SetByAsk
2025-12-22 22:20:13,2025-12-22T22:20:13,61.2,1.0,SetByAsk
2025-12-22 22:20:13,2025-12-22T22:20:13,61.2,2.0,SetByAsk
2025-12-22 22:20:16,2025-12-22T22:20:16,61.2,1.0,SetByAsk
2025-12-22 22:20:16,2025-12-22T22:20:16,61.2,1.0,SetByAsk
2025-12-22 22:20:16,2025-12-22T22:20:16,61.2,1.0,SetByAsk
2025-12-22 22:20:16,2025-12-22T22:20:16,61.2,1.0,SetByAsk
2025-12-22 22:20:16,2025-12-22T22:20:16,61.2,1.0,SetByAsk
2025-12-22 22:21:26,2025-12-22T22:21:26,61.19,1.0,SetByAsk
2025-12-22 22:21:26,2025-12-22T22:21:26,61.19,1.0,SetByAsk
2025-12-22 22:21:26,2025-12-22T22:21:26,61.19,1.0,SetByAsk
2025-12-22 22:22:00,2025-12-22T22:22:00,61.19,1.0,SetByAsk
2025-12-22 22:22:00,2025-12-22T22:22:00,61.19,1.0,SetByAsk
2025-12-22 22:22:00,2025-12-22T22:22:00,61.19,1.0,SetByAsk
2025-12-22 22:22:00,2025-12-22T22:22:00,61.19,3.0,SetByAsk
2025-12-22 22:22:00,2025-12-22T22:22:00,61.19,1.0,SetByAsk
2025-12-22 22:22:00,2025-12-22T22:22:00,61.19,1.0,SetByAsk
2025-12-22 22:22:00,2025-12-22T22:22:00,61.19,1.0,SetByAsk
2025-12-22 22:22:00,2025-12-22T22:22:00,61.19,1.0,SetByBid
2025-12-22 22:22:00,2025-12-22T22:22:00,61.19,1.0,SetByAsk
2025-12-22 22:22:00,2025-12-22T22:22:00,61.19,1.0,SetByAsk
2025-12-22 22:22:00,2025-12-22T22:22:00,61.19,1.0,SetByBid
2025-12-22 22:23:20,2025-12-22T22:23:20,61.19,1.0,SetByBid
2025-12-22 22:24:01,2025-12-22T22:24:01,61.2,1.0,SetByBid
2025-12-22 22:24:01,2025-12-22T22:24:01,61.2,1.0,SetByBid
2025-12-22 22:24:01,2025-12-22T22:24:01,61.2,2.0,SetByBid
2025-12-22 22:25:12,2025-12-22T22:25:12,61.2,1.0,SetByAsk
2025-12-22 22:25:38,2025-12-22T22:25:38,61.19,1.0,SetByAsk
2025-12-22 22:25:38,2025-12-22T22:25:38,61.19,1.0,SetByAsk
2025-12-22 22:26:08,2025-12-22T22:26:08,61.19,1.0,SetByAsk
2025-12-22 22:26:09,2025-12-22T22:26:09,61.19,1.0,SetByAsk
2025-12-22 22:26:09,2025-12-22T22:26:09,61.19,1.0,SetByAsk
2025-12-22 22:26:10,2025-12-22T22:26:10,61.19,1.0,SetByAsk
2025-12-22 22:26:14,2025-12-22T22:26:14,61.18,1.0,SetByAsk
2025-12-22 22:26:21,2025-12-22T22:26:21,61.16,1.0,SetByAsk
2025-12-22 22:26:21,2025-12-22T22:26:21,61.16,1.0,SetByAsk
2025-12-22 22:26:21,2025-12-22T22:26:21,61.16,1.0,SetByAsk
2025-12-22 22:26:31,2025-12-22T22:26:31,61.17,1.0,SetByAsk
2025-12-22 22:26:53,2025-12-22T22:26:53,61.17,1.0,SetByAsk
2025-12-22 22:26:53,2025-12-22T22:26:53,61.16,1.0,SetByAsk
2025-12-22 22:26:53,2025-12-22T22:26:53,61.16,1.0,SetByAsk
2025-12-22 22:26:53,2025-12-22T22:26:53,61.17,1.0,SetByAsk
2025-12-22 22:27:11,2025-12-22T22:27:11,61.17,1.0,SetByBid
2025-12-22 22:27:57,2025-12-22T22:27:57,61.18,1.0,SetByBid
2025-12-22 22:27:57,2025-12-22T22:27:57,61.18,1.0,SetByBid
2025-12-22 22:27:57,2025-12-22T22:27:57,61.18,1.0,SetByBid
2025-12-22 22:28:28,2025-12-22T22:28:28,61.18,1.0,SetByAsk
2025-12-22 22:28:28,2025-12-22T22:28:28,61.18,1.0,SetByAsk
2025-12-22 22:28:46,2025-12-22T22:28:46,61.17,1.0,SetByAsk
2025-12-22 22:28:46,2025-12-22T22:28:46,61.17,1.0,SetByAsk
2025-12-22 22:28:46,2025-12-22T22:28:46,61.17,1.0,SetByAsk
2025-12-22 22:28:46,2025-12-22T22:28:46,61.17,1.0,SetByAsk
2025-12-22 22:28:46,2025-12-22T22:28:46,61.17,1.0,SetByAsk
2025-12-22 22:28:46,2025-12-22T22:28:46,61.17,2.0,SetByAsk
2025-12-22 22:28:46,2025-12-22T22:28:46,61.17,1.0,SetByAsk
2025-12-22 22:28:46,2025-12-22T22:28:46,61.17,1.0,SetByAsk
2025-12-22 22:28:46,2025-12-22T22:28:46,61.17,1.0,SetByAsk
2025-12-22 22:28:47,2025-12-22T22:28:47,61.17,3.0,SetByAsk
2025-12-22 22:28:48,2025-12-22T22:28:48,61.17,4.0,SetByAsk
2025-12-22 22:28:48,2025-12-22T22:28:48,61.17,1.0,SetByAsk
2025-12-22 22:28:48,2025-12-22T22:28:48,61.17,1.0,SetByAsk
2025-12-22 22:28:48,2025-12-22T22:28:48,61.17,1.0,SetByAsk
2025-12-22 22:28:56,2025-12-22T22:28:56,61.17,1.0,SetByAsk
2025-12-22 22:28:56,2025-12-22T22:28:56,61.17,1.0,SetByAsk
2025-12-22 22:28:56,2025-12-22T22:28:56,61.17,1.0,SetByAsk
2025-12-22 22:28:56,2025-12-22T22:28:56,61.17,1.0,SetByAsk
2025-12-22 22:28:56,2025-12-22T22:28:56,61.17,2.0,SetByAsk
2025-12-22 22:28:56,2025-12-22T22:28:56,61.17,1.0,SetByAsk
2025-12-22 22:28:56,2025-12-22T22:28:56,61.17,2.0,SetByAsk
2025-12-22 22:28:56,2025-12-22T22:28:56,61.17,1.0,SetByAsk
2025-12-22 22:28:57,2025-12-22T22:28:57,61.17,1.0,SetByAsk
2025-12-22 22:28:57,2025-12-22T22:28:57,61.17,1.0,SetByAsk
2025-12-22 22:28:57,2025-12-22T22:28:57,61.17,1.0,SetByAsk
2025-12-22 22:28:57,2025-12-22T22:28:57,61.17,1.0,SetByAsk
2025-12-22 22:28:57,2025-12-22T22:28:57,61.17,2.0,SetByAsk
2025-12-22 22:28:57,2025-12-22T22:28:57,61.17,1.0,SetByAsk
2025-12-22 22:28:57,2025-12-22T22:28:57,61.17,1.0,SetByAsk
2025-12-22 22:28:57,2025-12-22T22:28:57,61.17,2.0,SetByAsk
2025-12-22 22:28:57,2025-12-22T22:28:57,61.17,1.0,SetByAsk
2025-12-22 22:28:57,2025-12-22T22:28:57,61.17,1.0,SetByAsk
2025-12-22 22:28:57,2025-12-22T22:28:57,61.17,1.0,SetByAsk
2025-12-22 22:28:57,2025-12-22T22:28:57,61.17,1.0,SetByAsk
2025-12-22 22:28:57,2025-12-22T22:28:57,61.17,2.0,SetByAsk
2025-12-22 22:28:57,2025-12-22T22:28:57,61.17,1.0,SetByAsk
2025-12-22 22:28:57,2025-12-22T22:28:57,61.17,1.0,SetByAsk
2025-12-22 22:28:57,2025-12-22T22:28:57,61.17,1.0,SetByAsk
2025-12-22 22:28:57,2025-12-22T22:28:57,61.17,1.0,SetByAsk
2025-12-22 22:28:58,2025-12-22T22:28:58,61.17,1.0,SetByAsk
2025-12-22 22:28:58,2025-12-22T22:28:58,61.17,1.0,SetByAsk
2025-12-22 22:28:58,2025-12-22T22:28:58,61.17,1.0,SetByAsk
2025-12-22 22:28:58,2025-12-22T22:28:58,61.17,1.0,SetByAsk
2025-12-22 22:28:58,2025-12-22T22:28:58,61.17,1.0,SetByAsk
2025-12-22 22:28:58,2025-12-22T22:28:58,61.17,2.0,SetByAsk
2025-12-22 22:28:58,2025-12-22T22:28:58,61.17,1.0,SetByAsk
2025-12-22 22:28:58,2025-12-22T22:28:58,61.17,1.0,SetByAsk
2025-12-22 22:28:58,2025-12-22T22:28:58,61.17,1.0,SetByAsk
2025-12-22 22:28:58,2025-12-22T22:28:58,61.17,2.0,SetByAsk
2025-12-22 22:28:58,2025-12-22T22:28:58,61.17,1.0,SetByAsk
2025-12-22 22:28:58,2025-12-22T22:28:58,61.17,2.0,SetByAsk
2025-12-22 22:28:58,2025-12-22T22:28:58,61.17,1.0,SetByAsk
2025-12-22 22:28:58,2025-12-22T22:28:58,61.17,1.0,SetByAsk
2025-12-22 22:29:03,2025-12-22T22:29:03,61.17,2.0,SetByAsk
2025-12-22 22:29:03,2025-12-22T22:29:03,61.17,1.0,SetByAsk
2025-12-22 22:29:03,2025-12-22T22:29:03,61.17,1.0,SetByAsk
2025-12-22 22:29:03,2025-12-22T22:29:03,61.17,1.0,SetByAsk
2025-12-22 22:29:03,2025-12-22T22:29:03,61.17,1.0,SetByAsk
2025-12-22 22:29:03,2025-12-22T22:29:03,61.17,2.0,SetByAsk
2025-12-22 22:29:03,2025-12-22T22:29:03,61.17,1.0,SetByAsk
2025-12-22 22:29:03,2025-12-22T22:29:03,61.17,1.0,SetByAsk
2025-12-22 22:29:30,2025-12-22T22:29:30,61.17,1.0,SetByAsk
2025-12-22 22:29:30,2025-12-22T22:29:30,61.17,1.0,SetByAsk
2025-12-22 22:29:30,2025-12-22T22:29:30,61.17,1.0,SetByAsk
2025-12-22 22:29:30,2025-12-22T22:29:30,61.17,1.0,SetByAsk
2025-12-22 22:29:41,2025-12-22T22:29:41,61.17,1.0,SetByAsk
2025-12-22 22:29:41,2025-12-22T22:29:41,61.17,3.0,SetByAsk
2025-12-22 22:29:41,2025-12-22T22:29:41,61.17,1.0,SetByAsk
2025-12-22 22:29:41,2025-12-22T22:29:41,61.17,1.0,SetByAsk
2025-12-22 22:29:41,2025-12-22T22:29:41,61.17,1.0,SetByAsk
2025-12-22 22:29:49,2025-12-22T22:29:49,61.17,1.0,SetByAsk
2025-12-22 22:29:49,2025-12-22T22:29:49,61.17,1.0,SetByAsk
2025-12-22 22:29:49,2025-12-22T22:29:49,61.17,4.0,SetByAsk
2025-12-22 22:29:51,2025-12-22T22:29:51,61.17,1.0,SetByAsk
2025-12-22 22:29:52,2025-12-22T22:29:52,61.17,1.0,SetByAsk
2025-12-22 22:29:52,2025-12-22T22:29:52,61.17,1.0,SetByAsk
2025-12-22 22:29:53,2025-12-22T22:29:53,61.17,1.0,SetByAsk
2025-12-22 22:29:53,2025-12-22T22:29:53,61.17,1.0,SetByAsk
2025-12-22 22:29:53,2025-12-22T22:29:53,61.17,1.0,SetByAsk
2025-12-22 22:29:58,2025-12-22T22:29:58,61.17,1.0,SetByAsk
2025-12-22 22:30:00,2025-12-22T22:30:00,61.18,1.0,SetByBid
2025-12-22 22:30:41,2025-12-22T22:30:41,61.19,1.0,SetByBid
2025-12-22 22:30:41,2025-12-22T22:30:41,61.19,1.0,SetByAsk
2025-12-22 22:30:41,2025-12-22T22:30:41,61.19,1.0,SetByAsk
2025-12-22 22:30:49,2025-12-22T22:30:49,61.19,1.0,SetByAsk
2025-12-22 22:31:13,2025-12-22T22:31:13,61.2,1.0,SetByAsk
2025-12-22 22:31:13,2025-12-22T22:31:13,61.2,1.0,SetByAsk
2025-12-22 22:31:22,2025-12-22T22:31:22,61.19,1.0,SetByAsk
2025-12-22 22:31:40,2025-12-22T22:31:40,61.19,1.0,SetByAsk
2025-12-22 22:31:40,2025-12-22T22:31:40,61.19,2.0,SetByAsk
2025-12-22 22:31:40,2025-12-22T22:31:40,61.19,1.0,SetByAsk
2025-12-22 22:31:40,2025-12-22T22:31:40,61.19,1.0,SetByAsk
2025-12-22 22:31:40,2025-12-22T22:31:40,61.19,2.0,SetByAsk
2025-12-22 22:31:40,2025-12-22T22:31:40,61.19,1.0,SetByAsk
2025-12-22 22:31:40,2025-12-22T22:31:40,61.19,6.0,SetByAsk
2025-12-22 22:31:40,2025-12-22T22:31:40,61.19,2.0,SetByAsk
2025-12-22 22:31:40,2025-12-22T22:31:40,61.19,1.0,SetByAsk
2025-12-22 22:31:40,2025-12-22T22:31:40,61.19,1.0,SetByAsk
2025-12-22 22:31:41,2025-12-22T22:31:41,61.19,1.0,SetByBid
2025-12-22 22:32:11,2025-12-22T22:32:11,61.19,1.0,SetByAsk
2025-12-22 22:32:11,2025-12-22T22:32:11,61.19,1.0,SetByAsk
2025-12-22 22:32:22,2025-12-22T22:32:22,61.18,1.0,SetByAsk
2025-12-22 22:33:21,2025-12-22T22:33:21,61.18,2.0,SetByAsk
2025-12-22 22:33:21,2025-12-22T22:33:21,61.18,1.0,SetByAsk
2025-12-22 22:33:55,2025-12-22T22:33:55,61.17,1.0,SetByAsk
2025-12-22 22:33:55,2025-12-22T22:33:55,61.17,1.0,SetByAsk
2025-12-22 22:33:55,2025-12-22T22:33:55,61.17,1.0,SetByAsk
2025-12-22 22:33:55,2025-12-22T22:33:55,61.17,1.0,SetByAsk
2025-12-22 22:33:55,2025-12-22T22:33:55,61.17,1.0,SetByAsk
2025-12-22 22:33:55,2025-12-22T22:33:55,61.17,1.0,SetByAsk
2025-12-22 22:34:12,2025-12-22T22:34:12,61.15,1.0,SetByAsk
2025-12-22 22:34:23,2025-12-22T22:34:23,61.14,1.0,SetByAsk
2025-12-22 22:34:23,2025-12-22T22:34:23,61.14,1.0,SetByAsk
2025-12-22 22:34:34,2025-12-22T22:34:34,61.14,1.0,SetByAsk
2025-12-22 22:34:39,2025-12-22T22:34:39,61.15,1.0,SetByBid
2025-12-22 22:35:12,2025-12-22T22:35:12,61.16,1.0,SetByAsk
2025-12-22 22:35:43,2025-12-22T22:35:43,61.2,1.0,SetByBid
2025-12-22 22:36:06,2025-12-22T22:36:06,61.21,1.0,SetByBid
2025-12-22 22:36:06,2025-12-22T22:36:06,61.21,1.0,SetByBid
2025-12-22 22:36:06,2025-12-22T22:36:06,61.21,1.0,SetByBid
2025-12-22 22:37:16,2025-12-22T22:37:16,61.19,1.0,SetByAsk
2025-12-22 22:37:16,2025-12-22T22:37:16,61.2,1.0,SetByBid
2025-12-22 22:37:16,2025-12-22T22:37:16,61.19,2.0,SetByBid
2025-12-22 22:37:16,2025-12-22T22:37:16,61.19,2.0,SetByBid
2025-12-22 22:37:16,2025-12-22T22:37:16,61.19,1.0,SetByBid
2025-12-22 22:37:16,2025-12-22T22:37:16,61.19,1.0,SetByBid
2025-12-22 22:37:37,2025-12-22T22:37:37,61.19,1.0,SetByBid
2025-12-22 22:38:52,2025-12-22T22:38:52,61.24,1.0,SetByAsk
2025-12-22 22:39:55,2025-12-22T22:39:55,61.24,1.0,SetByBid
2025-12-22 22:41:13,2025-12-22T22:41:13,61.25,1.0,SetByBid
2025-12-22 22:42:04,2025-12-22T22:42:04,61.24,1.0,SetByAsk
2025-12-22 22:42:04,2025-12-22T22:42:04,61.24,1.0,SetByAsk
2025-12-22 22:42:04,2025-12-22T22:42:04,61.24,1.0,SetByBid
2025-12-22 22:42:04,2025-12-22T22:42:04,61.24,1.0,SetByBid
2025-12-22 22:42:04,2025-12-22T22:42:04,61.24,1.0,SetByBid
2025-12-22 22:42:21,2025-12-22T22:42:21,61.22,1.0,SetByBid
2025-12-22 22:42:35,2025-12-22T22:42:35,61.22,1.0,SetByAsk
2025-12-22 22:43:52,2025-12-22T22:43:52,61.21,1.0,SetByAsk
2025-12-22 22:43:52,2025-12-22T22:43:52,61.21,1.0,SetByAsk
2025-12-22 22:43:52,2025-12-22T22:43:52,61.21,1.0,SetByAsk
2025-12-22 22:44:00,2025-12-22T22:44:00,61.21,1.0,SetByBid
2025-12-22 22:44:00,2025-12-22T22:44:00,61.21,1.0,SetByBid
2025-12-22 22:44:50,2025-12-22T22:44:50,61.21,1.0,SetByAsk
2025-12-22 22:45:01,2025-12-22T22:45:01,61.21,1.0,SetByBid
2025-12-22 22:45:01,2025-12-22T22:45:01,61.21,1.0,SetByBid
2025-12-22 22:45:01,2025-12-22T22:45:01,61.21,1.0,SetByBid
2025-12-22 22:45:01,2025-12-22T22:45:01,61.21,1.0,SetByBid
2025-12-22 22:45:01,2025-12-22T22:45:01,61.21,1.0,SetByAsk
2025-12-22 22:45:04,2025-12-22T22:45:04,61.21,1.0,SetByBid
2025-12-22 22:45:04,2025-12-22T22:45:04,61.21,1.0,SetByBid
2025-12-22 22:45:31,2025-12-22T22:45:31,61.21,1.0,SetByAsk
2025-12-22 22:45:31,2025-12-22T22:45:31,61.21,1.0,SetByAsk
2025-12-22 22:45:31,2025-12-22T22:45:31,61.21,1.0,SetByAsk
2025-12-22 22:45:31,2025-12-22T22:45:31,61.21,1.0,SetByAsk
2025-12-22 22:45:31,2025-12-22T22:45:31,61.21,1.0,SetByBid
2025-12-22 22:45:31,2025-12-22T22:45:31,61.2,1.0,SetByAsk
2025-12-22 22:45:31,2025-12-22T22:45:31,61.2,1.0,SetByAsk
2025-12-22 22:45:31,2025-12-22T22:45:31,61.2,1.0,SetByAsk
2025-12-22 22:45:31,2025-12-22T22:45:31,61.2,1.0,SetByAsk
2025-12-22 22:45:31,2025-12-22T22:45:31,61.2,1.0,SetByAsk
2025-12-22 22:45:31,2025-12-22T22:45:31,61.2,1.0,SetByAsk
2025-12-22 22:45:31,2025-12-22T22:45:31,61.2,2.0,SetByAsk
2025-12-22 22:45:31,2025-12-22T22:45:31,61.2,2.0,SetByAsk
2025-12-22 22:45:31,2025-12-22T22:45:31,61.2,1.0,SetByAsk
2025-12-22 22:45:31,2025-12-22T22:45:31,61.2,1.0,SetByBid
2025-12-22 22:45:31,2025-12-22T22:45:31,61.2,1.0,SetByBid
2025-12-22 22:45:31,2025-12-22T22:45:31,61.2,10.0,SetByBid
2025-12-22 22:45:31,2025-12-22T22:45:31,61.2,1.0,SetByBid
2025-12-22 22:45:31,2025-12-22T22:45:31,61.2,1.0,SetByBid
2025-12-22 22:45:31,2025-12-22T22:45:31,61.2,1.0,SetByBid
2025-12-22 22:45:31,2025-12-22T22:45:31,61.2,2.0,SetByBid
2025-12-22 22:45:31,2025-12-22T22:45:31,61.2,2.0,SetByBid
2025-12-22 22:45:31,2025-12-22T22:45:31,61.2,1.0,SetByBid
2025-12-22 22:45:40,2025-12-22T22:45:40,61.2,3.0,SetByBid
2025-12-22 22:45:40,2025-12-22T22:45:40,61.2,1.0,SetByBid
2025-12-22 22:45:56,2025-12-22T22:45:56,61.19,3.0,SetByBid
2025-12-22 22:45:56,2025-12-22T22:45:56,61.19,1.0,SetByBid
2025-12-22 22:45:56,2025-12-22T22:45:56,61.19,1.0,SetByBid
2025-12-22 22:45:56,2025-12-22T22:45:56,61.19,3.0,SetByBid
2025-12-22 22:45:56,2025-12-22T22:45:56,61.19,4.0,SetByBid
2025-12-22 22:45:59,2025-12-22T22:45:59,61.19,1.0,SetByBid
2025-12-22 22:45:59,2025-12-22T22:45:59,61.19,1.0,SetByBid
2025-12-22 22:45:59,2025-12-22T22:45:59,61.19,3.0,SetByBid
2025-12-22 22:45:59,2025-12-22T22:45:59,61.19,4.0,SetByBid
2025-12-22 22:45:59,2025-12-22T22:45:59,61.19,2.0,SetByAsk
2025-12-22 22:45:59,2025-12-22T22:45:59,61.19,1.0,SetByAsk
2025-12-22 22:45:59,2025-12-22T22:45:59,61.19,1.0,SetByAsk
2025-12-22 22:45:59,2025-12-22T22:45:59,61.19,1.0,SetByAsk
2025-12-22 22:45:59,2025-12-22T22:45:59,61.19,1.0,SetByBid
2025-12-22 22:45:59,2025-12-22T22:45:59,61.19,4.0,SetByBid
2025-12-22 22:46:02,2025-12-22T22:46:02,61.19,2.0,SetByBid
2025-12-22 22:46:02,2025-12-22T22:46:02,61.19,2.0,SetByBid
2025-12-22 22:46:02,2025-12-22T22:46:02,61.19,3.0,SetByBid
2025-12-22 22:46:02,2025-12-22T22:46:02,61.19,1.0,SetByAsk
2025-12-22 22:46:02,2025-12-22T22:46:02,61.19,1.0,SetByAsk
2025-12-22 22:46:02,2025-12-22T22:46:02,61.19,2.0,"SetByAsk, Leg"
2025-12-22 22:46:02,2025-12-22T22:46:02,61.19,1.0,SetByBid
2025-12-22 22:46:02,2025-12-22T22:46:02,61.2,1.0,SetByBid
2025-12-22 22:46:02,2025-12-22T22:46:02,61.2,1.0,SetByBid
2025-12-22 22:46:02,2025-12-22T22:46:02,61.2,1.0,SetByBid
2025-12-22 22:46:02,2025-12-22T22:46:02,61.2,195.0,SetByBid
2025-12-22 22:46:02,2025-12-22T22:46:02,61.2,1.0,SetByBid
2025-12-22 22:46:02,2025-12-22T22:46:02,61.2,1.0,SetByBid
2025-12-22 22:47:22,2025-12-22T22:47:22,61.21,1.0,SetByAsk
2025-12-22 22:48:41,2025-12-22T22:48:41,61.22,1.0,SetByBid
2025-12-22 22:50:31,2025-12-22T22:50:31,61.24,1.0,SetByBid
2025-12-22 22:50:42,2025-12-22T22:50:42,61.23,1.0,SetByAsk
2025-12-22 22:50:42,2025-12-22T22:50:42,61.23,1.0,SetByAsk
2025-12-22 22:50:43,2025-12-22T22:50:43,61.24,1.0,SetByBid
2025-12-22 22:50:43,2025-12-22T22:50:43,61.24,1.0,SetByBid
2025-12-22 22:50:43,2025-12-22T22:50:43,61.24,1.0,SetByBid
2025-12-22 22:50:43,2025-12-22T22:50:43,61.24,2.0,SetByBid
2025-12-22 22:50:43,2025-12-22T22:50:43,61.24,1.0,SetByBid
2025-12-22 22:50:43,2025-12-22T22:50:43,61.24,1.0,SetByBid
2025-12-22 22:50:43,2025-12-22T22:50:43,61.24,1.0,SetByAsk
2025-12-22 22:50:43,2025-12-22T22:50:43,61.24,1.0,SetByBid
2025-12-22 22:50:43,2025-12-22T22:50:43,61.24,1.0,SetByBid
2025-12-22 22:53:02,2025-12-22T22:53:02,61.25,1.0,SetByAsk
2025-12-22 22:54:37,2025-12-22T22:54:37,61.24,1.0,SetByAsk
2025-12-22 22:54:49,2025-12-22T22:54:49,61.23,1.0,SetByAsk
2025-12-22 22:55:14,2025-12-22T22:55:14,61.22,1.0,SetByAsk
2025-12-22 22:56:00,2025-12-22T22:56:00,61.23,1.0,SetByBid
2025-12-22 22:57:38,2025-12-22T22:57:38,61.22,1.0,SetByAsk
2025-12-22 22:57:38,2025-12-22T22:57:38,61.22,1.0,SetByAsk
2025-12-22 22:57:38,2025-12-22T22:57:38,61.22,1.0,SetByAsk
2025-12-22 22:57:38,2025-12-22T22:57:38,61.22,1.0,SetByAsk
2025-12-22 22:58:34,2025-12-22T22:58:34,61.2,1.0,SetByAsk
2025-12-22 22:58:55,2025-12-22T22:58:55,61.21,1.0,SetByBid
2025-12-22 22:58:55,2025-12-22T22:58:55,61.21,1.0,SetByBid
2025-12-22 22:58:55,2025-12-22T22:58:55,61.21,1.0,SetByBid
2025-12-22 22:59:45,2025-12-22T22:59:45,61.22,1.0,SetByAsk
2025-12-22 23:00:26,2025-12-22T23:00:26,61.21,1.0,SetByBid
2025-12-22 23:00:26,2025-12-22T23:00:26,61.2,1.0,SetByAsk
2025-12-22 23:00:26,2025-12-22T23:00:26,61.2,2.0,SetByAsk
2025-12-22 23:00:30,2025-12-22T23:00:30,61.18,1.0,SetByBid
2025-12-22 23:00:37,2025-12-22T23:00:37,61.18,1.0,SetByBid
2025-12-22 23:00:37,2025-12-22T23:00:37,61.18,1.0,SetByBid
2025-12-22 23:00:40,2025-12-22T23:00:40,61.19,1.0,SetByBid
2025-12-22 23:00:40,2025-12-22T23:00:40,61.19,1.0,SetByAsk
2025-12-22 23:00:40,2025-12-22T23:00:40,61.19,1.0,SetByBid
2025-12-22 23:00:59,2025-12-22T23:00:59,61.19,1.0,SetByAsk
2025-12-22 23:01:25,2025-12-22T23:01:25,61.18,1.0,SetByAsk
2025-12-22 23:01:59,2025-12-22T23:01:59,61.19,2.0,SetByAsk
2025-12-22 23:02:08,2025-12-22T23:02:08,61.19,2.0,SetByAsk
2025-12-22 23:02:09,2025-12-22T23:02:09,61.19,1.0,SetByAsk
2025-12-22 23:02:09,2025-12-22T23:02:09,61.19,1.0,SetByAsk
2025-12-22 23:02:14,2025-12-22T23:02:14,61.19,1.0,SetByAsk
2025-12-22 23:02:15,2025-12-22T23:02:15,61.19,1.0,SetByAsk
2025-12-22 23:02:23,2025-12-22T23:02:23,61.2,1.0,SetByBid
2025-12-22 23:02:23,2025-12-22T23:02:23,61.2,1.0,SetByBid
2025-12-22 23:02:23,2025-12-22T23:02:23,61.2,1.0,SetByBid
2025-12-22 23:02:47,2025-12-22T23:02:47,61.21,1.0,SetByBid
2025-12-22 23:02:53,2025-12-22T23:02:53,61.21,1.0,SetByBid
2025-12-22 23:02:55,2025-12-22T23:02:55,61.21,2.0,SetByAsk
2025-12-22 23:02:55,2025-12-22T23:02:55,61.21,1.0,SetByAsk
2025-12-22 23:03:00,2025-12-22T23:03:00,61.22,1.0,SetByBid
2025-12-22 23:03:00,2025-12-22T23:03:00,61.22,1.0,SetByBid
2025-12-22 23:03:00,2025-12-22T23:03:00,61.22,1.0,SetByBid
2025-12-22 23:03:04,2025-12-22T23:03:04,61.21,1.0,SetByAsk
2025-12-22 23:03:08,2025-12-22T23:03:08,61.21,1.0,SetByAsk
2025-12-22 23:03:08,2025-12-22T23:03:08,61.21,1.0,SetByAsk
2025-12-22 23:03:08,2025-12-22T23:03:08,61.21,1.0,SetByAsk
2025-12-22 23:03:08,2025-12-22T23:03:08,61.21,1.0,SetByBid
2025-12-22 23:03:08,2025-12-22T23:03:08,61.21,1.0,SetByAsk
2025-12-22 23:03:08,2025-12-22T23:03:08,61.21,1.0,SetByBid
2025-12-22 23:03:29,2025-12-22T23:03:29,61.22,1.0,SetByAsk
2025-12-22 23:03:29,2025-12-22T23:03:29,61.22,1.0,SetByAsk
2025-12-22 23:03:29,2025-12-22T23:03:29,61.22,1.0,SetByAsk
2025-12-22 23:03:29,2025-12-22T23:03:29,61.22,1.0,SetByAsk
2025-12-22 23:03:46,2025-12-22T23:03:46,61.22,1.0,SetByAsk
2025-12-22 23:03:46,2025-12-22T23:03:46,61.22,1.0,SetByAsk
2025-12-22 23:04:18,2025-12-22T23:04:18,61.22,1.0,SetByAsk
2025-12-22 23:04:22,2025-12-22T23:04:22,61.22,1.0,SetByAsk
2025-12-22 23:04:39,2025-12-22T23:04:39,61.23,1.0,SetByBid
2025-12-22 23:04:43,2025-12-22T23:04:43,61.23,1.0,SetByBid
2025-12-22 23:04:52,2025-12-22T23:04:52,61.21,1.0,SetByAsk
2025-12-22 23:04:52,2025-12-22T23:04:52,61.21,1.0,SetByAsk
2025-12-22 23:04:52,2025-12-22T23:04:52,61.21,2.0,SetByAsk
2025-12-22 23:04:52,2025-12-22T23:04:52,61.21,1.0,SetByBid
2025-12-22 23:04:52,2025-12-22T23:04:52,61.21,1.0,SetByBid
2025-12-22 23:04:52,2025-12-22T23:04:52,61.21,1.0,SetByAsk
2025-12-22 23:05:11,2025-12-22T23:05:11,61.21,1.0,SetByAsk
2025-12-22 23:05:12,2025-12-22T23:05:12,61.21,1.0,SetByAsk
2025-12-22 23:05:12,2025-12-22T23:05:12,61.21,2.0,SetByAsk
2025-12-22 23:05:16,2025-12-22T23:05:16,61.21,1.0,SetByAsk
2025-12-22 23:05:24,2025-12-22T23:05:24,61.21,1.0,SetByAsk
2025-12-22 23:05:24,2025-12-22T23:05:24,61.21,2.0,SetByBid
2025-12-22 23:05:24,2025-12-22T23:05:24,61.21,2.0,SetByBid
2025-12-22 23:05:26,2025-12-22T23:05:26,61.2,2.0,SetByAsk
2025-12-22 23:05:26,2025-12-22T23:05:26,61.2,2.0,SetByAsk
2025-12-22 23:05:26,2025-12-22T23:05:26,61.21,1.0,SetByBid
2025-12-22 23:05:26,2025-12-22T23:05:26,61.21,1.0,SetByBid
2025-12-22 23:05:34,2025-12-22T23:05:34,61.17,1.0,SetByBid
2025-12-22 23:05:36,2025-12-22T23:05:36,61.17,1.0,SetByBid
2025-12-22 23:05:38,2025-12-22T23:05:38,61.16,1.0,SetByBid
2025-12-22 23:05:40,2025-12-22T23:05:40,61.15,2.0,SetByBid
2025-12-22 23:05:40,2025-12-22T23:05:40,61.15,1.0,SetByBid
2025-12-22 23:05:40,2025-12-22T23:05:40,61.15,2.0,SetByBid
2025-12-22 23:05:40,2025-12-22T23:05:40,61.15,1.0,SetByBid
2025-12-22 23:05:40,2025-12-22T23:05:40,61.16,5.0,SetByBid
2025-12-22 23:05:40,2025-12-22T23:05:40,61.16,1.0,SetByBid
2025-12-22 23:05:40,2025-12-22T23:05:40,61.16,1.0,SetByBid
2025-12-22 23:05:40,2025-12-22T23:05:40,61.16,4.0,SetByBid
2025-12-22 23:05:40,2025-12-22T23:05:40,61.16,1.0,SetByBid
2025-12-22 23:05:40,2025-12-22T23:05:40,61.16,1.0,SetByBid
2025-12-22 23:05:40,2025-12-22T23:05:40,61.16,2.0,SetByBid
2025-12-22 23:05:40,2025-12-22T23:05:40,61.16,1.0,SetByBid
2025-12-22 23:05:40,2025-12-22T23:05:40,61.16,1.0,SetByBid
2025-12-22 23:05:41,2025-12-22T23:05:41,61.16,1.0,SetByBid
2025-12-22 23:05:41,2025-12-22T23:05:41,61.16,2.0,SetByBid
2025-12-22 23:05:41,2025-12-22T23:05:41,61.16,1.0,SetByBid
2025-12-22 23:05:42,2025-12-22T23:05:42,61.16,2.0,SetByBid
2025-12-22 23:05:42,2025-12-22T23:05:42,61.16,3.0,SetByBid
2025-12-22 23:05:42,2025-12-22T23:05:42,61.16,4.0,SetByBid
2025-12-22 23:05:42,2025-12-22T23:05:42,61.16,1.0,SetByBid
2025-12-22 23:05:42,2025-12-22T23:05:42,61.16,5.0,SetByBid
2025-12-22 23:05:42,2025-12-22T23:05:42,61.16,2.0,SetByBid
2025-12-22 23:05:54,2025-12-22T23:05:54,61.17,1.0,SetByAsk
2025-12-22 23:05:54,2025-12-22T23:05:54,61.17,1.0,SetByAsk
2025-12-22 23:05:54,2025-12-22T23:05:54,61.17,1.0,SetByAsk
2025-12-22 23:06:15,2025-12-22T23:06:15,61.16,1.0,SetByAsk
2025-12-22 23:06:15,2025-12-22T23:06:15,61.16,1.0,SetByAsk
2025-12-22 23:06:15,2025-12-22T23:06:15,61.16,1.0,SetByAsk
2025-12-22 23:06:29,2025-12-22T23:06:29,61.16,1.0,SetByAsk
2025-12-22 23:06:29,2025-12-22T23:06:29,61.16,1.0,SetByAsk
2025-12-22 23:06:29,2025-12-22T23:06:29,61.16,1.0,SetByAsk
2025-12-22 23:06:29,2025-12-22T23:06:29,61.16,1.0,SetByAsk
2025-12-22 23:06:29,2025-12-22T23:06:29,61.16,1.0,SetByAsk
2025-12-22 23:06:33,2025-12-22T23:06:33,61.16,1.0,SetByAsk
2025-12-22 23:06:35,2025-12-22T23:06:35,61.16,1.0,SetByAsk
2025-12-22 23:06:36,2025-12-22T23:06:36,61.16,1.0,SetByAsk
2025-12-22 23:06:36,2025-12-22T23:06:36,61.16,1.0,SetByAsk
2025-12-22 23:06:36,2025-12-22T23:06:36,61.16,1.0,SetByAsk
2025-12-22 23:06:36,2025-12-22T23:06:36,61.16,1.0,SetByAsk
2025-12-22 23:06:38,2025-12-22T23:06:38,61.16,1.0,SetByAsk
2025-12-22 23:06:38,2025-12-22T23:06:38,61.16,1.0,SetByBid
2025-12-22 23:06:38,2025-12-22T23:06:38,61.15,1.0,SetByAsk
2025-12-22 23:06:38,2025-12-22T23:06:38,61.16,1.0,SetByBid
2025-12-22 23:06:38,2025-12-22T23:06:38,61.16,1.0,SetByBid
2025-12-22 23:06:38,2025-12-22T23:06:38,61.15,1.0,SetByAsk
2025-12-22 23:06:38,2025-12-22T23:06:38,61.15,1.0,SetByAsk
2025-12-22 23:06:38,2025-12-22T23:06:38,61.15,1.0,SetByAsk
2025-12-22 23:06:38,2025-12-22T23:06:38,61.15,1.0,SetByAsk
2025-12-22 23:06:38,2025-12-22T23:06:38,61.15,1.0,SetByAsk
2025-12-22 23:06:38,2025-12-22T23:06:38,61.15,2.0,SetByAsk
2025-12-22 23:06:38,2025-12-22T23:06:38,61.14,1.0,SetByAsk
2025-12-22 23:06:42,2025-12-22T23:06:42,61.15,1.0,SetByAsk
2025-12-22 23:06:43,2025-12-22T23:06:43,61.15,1.0,SetByAsk
2025-12-22 23:06:43,2025-12-22T23:06:43,61.15,1.0,SetByAsk
2025-12-22 23:06:48,2025-12-22T23:06:48,61.15,1.0,SetByAsk
2025-12-22 23:07:04,2025-12-22T23:07:04,61.16,1.0,SetByAsk
2025-12-22 23:07:17,2025-12-22T23:07:17,61.17,1.0,SetByAsk
2025-12-22 23:07:20,2025-12-22T23:07:20,61.17,1.0,SetByAsk
2025-12-22 23:07:23,2025-12-22T23:07:23,61.16,1.0,SetByAsk
2025-12-22 23:07:23,2025-12-22T23:07:23,61.16,1.0,SetByAsk
2025-12-22 23:07:23,2025-12-22T23:07:23,61.16,1.0,SetByAsk
2025-12-22 23:07:23,2025-12-22T23:07:23,61.16,2.0,SetByAsk
2025-12-22 23:07:23,2025-12-22T23:07:23,61.16,1.0,SetByAsk
2025-12-22 23:07:23,2025-12-22T23:07:23,61.16,1.0,SetByAsk
2025-12-22 23:07:23,2025-12-22T23:07:23,61.15,1.0,SetByAsk
2025-12-22 23:07:25,2025-12-22T23:07:25,61.15,1.0,SetByAsk
2025-12-22 23:07:34,2025-12-22T23:07:34,61.16,1.0,SetByAsk
2025-12-22 23:07:38,2025-12-22T23:07:38,61.16,1.0,SetByAsk
2025-12-22 23:07:40,2025-12-22T23:07:40,61.15,1.0,SetByAsk
2025-12-22 23:07:53,2025-12-22T23:07:53,61.17,1.0,SetByAsk
2025-12-22 23:08:16,2025-12-22T23:08:16,61.16,1.0,SetByAsk
2025-12-22 23:08:16,2025-12-22T23:08:16,61.16,1.0,SetByAsk
2025-12-22 23:08:16,2025-12-22T23:08:16,61.16,1.0,SetByAsk
2025-12-22 23:08:16,2025-12-22T23:08:16,61.16,1.0,SetByAsk
2025-12-22 23:08:16,2025-12-22T23:08:16,61.16,1.0,SetByAsk
2025-12-22 23:08:16,2025-12-22T23:08:16,61.16,1.0,SetByAsk
2025-12-22 23:08:16,2025-12-22T23:08:16,61.16,1.0,SetByAsk
2025-12-22 23:08:16,2025-12-22T23:08:16,61.16,1.0,SetByAsk
2025-12-22 23:08:16,2025-12-22T23:08:16,61.16,1.0,SetByAsk
2025-12-22 23:08:16,2025-12-22T23:08:16,61.16,1.0,SetByAsk
2025-12-22 23:08:22,2025-12-22T23:08:22,61.16,1.0,SetByAsk
2025-12-22 23:08:22,2025-12-22T23:08:22,61.16,1.0,SetByAsk
2025-12-22 23:08:23,2025-12-22T23:08:23,61.16,1.0,SetByAsk
2025-12-22 23:08:23,2025-12-22T23:08:23,61.16,1.0,SetByAsk
2025-12-22 23:08:23,2025-12-22T23:08:23,61.16,1.0,SetByAsk
2025-12-22 23:08:23,2025-12-22T23:08:23,61.16,1.0,SetByAsk
2025-12-22 23:08:23,2025-12-22T23:08:23,61.16,1.0,SetByAsk
2025-12-22 23:08:23,2025-12-22T23:08:23,61.15,1.0,SetByAsk
2025-12-22 23:08:23,2025-12-22T23:08:23,61.16,1.0,SetByAsk
2025-12-22 23:08:23,2025-12-22T23:08:23,61.16,1.0,SetByAsk
2025-12-22 23:08:25,2025-12-22T23:08:25,61.15,1.0,SetByAsk
2025-12-22 23:08:25,2025-12-22T23:08:25,61.16,1.0,SetByAsk
2025-12-22 23:08:25,2025-12-22T23:08:25,61.16,1.0,SetByAsk
2025-12-22 23:08:47,2025-12-22T23:08:47,61.17,1.0,SetByBid
2025-12-22 23:10:03,2025-12-22T23:10:03,61.19,3.0,"SetByAsk, Leg"
2025-12-22 23:10:03,2025-12-22T23:10:03,61.18,3.0,"SetByAsk, Leg"
2025-12-22 23:10:03,2025-12-22T23:10:03,61.18,1.0,SetByAsk
2025-12-22 23:11:33,2025-12-22T23:11:33,61.18,1.0,SetByBid
2025-12-22 23:12:04,2025-12-22T23:12:04,61.19,1.0,SetByAsk
2025-12-22 23:12:25,2025-12-22T23:12:25,61.19,1.0,SetByAsk
2025-12-22 23:12:35,2025-12-22T23:12:35,61.2,1.0,SetByBid
2025-12-22 23:13:45,2025-12-22T23:13:45,61.21,3.0,SetByBid
2025-12-22 23:13:45,2025-12-22T23:13:45,61.22,1.0,SetByBid
2025-12-22 23:13:45,2025-12-22T23:13:45,61.22,1.0,SetByBid
2025-12-22 23:13:45,2025-12-22T23:13:45,61.22,1.0,SetByBid
2025-12-22 23:13:45,2025-12-22T23:13:45,61.22,1.0,SetByBid
2025-12-22 23:13:45,2025-12-22T23:13:45,61.22,3.0,SetByBid
2025-12-22 23:13:45,2025-12-22T23:13:45,61.22,2.0,SetByBid
2025-12-22 23:13:45,2025-12-22T23:13:45,61.22,2.0,SetByAsk
2025-12-22 23:13:46,2025-12-22T23:13:46,61.22,1.0,SetByAsk
2025-12-22 23:13:46,2025-12-22T23:13:46,61.22,1.0,SetByAsk
2025-12-22 23:13:46,2025-12-22T23:13:46,61.23,1.0,SetByBid
2025-12-22 23:14:56,2025-12-22T23:14:56,61.21,1.0,SetByAsk
2025-12-22 23:14:56,2025-12-22T23:14:56,61.21,1.0,SetByAsk
2025-12-22 23:14:56,2025-12-22T23:14:56,61.21,1.0,SetByAsk
2025-12-22 23:14:56,2025-12-22T23:14:56,61.21,1.0,SetByAsk
2025-12-22 23:15:37,2025-12-22T23:15:37,61.21,2.0,SetByAsk
2025-12-22 23:15:37,2025-12-22T23:15:37,61.21,1.0,SetByAsk
2025-12-22 23:16:48,2025-12-22T23:16:48,61.22,1.0,SetByAsk
2025-12-22 23:16:58,2025-12-22T23:16:58,61.22,1.0,SetByAsk
2025-12-22 23:16:58,2025-12-22T23:16:58,61.22,1.0,SetByAsk
2025-12-22 23:16:58,2025-12-22T23:16:58,61.22,1.0,SetByAsk
2025-12-22 23:16:58,2025-12-22T23:16:58,61.22,1.0,SetByAsk
2025-12-22 23:16:58,2025-12-22T23:16:58,61.22,4.0,SetByAsk
2025-12-22 23:16:58,2025-12-22T23:16:58,61.22,2.0,SetByAsk
2025-12-22 23:16:58,2025-12-22T23:16:58,61.22,1.0,SetByAsk
2025-12-22 23:16:58,2025-12-22T23:16:58,61.22,1.0,SetByAsk
2025-12-22 23:16:58,2025-12-22T23:16:58,61.22,1.0,SetByAsk
2025-12-22 23:17:39,2025-12-22T23:17:39,61.22,2.0,SetByBid
2025-12-22 23:17:59,2025-12-22T23:17:59,61.22,1.0,SetByBid
2025-12-22 23:17:59,2025-12-22T23:17:59,61.22,1.0,SetByBid
2025-12-22 23:18:01,2025-12-22T23:18:01,61.22,1.0,SetByAsk
2025-12-22 23:18:32,2025-12-22T23:18:32,61.23,1.0,SetByAsk
2025-12-22 23:18:32,2025-12-22T23:18:32,61.23,2.0,SetByAsk
2025-12-22 23:18:32,2025-12-22T23:18:32,61.23,2.0,SetByAsk
2025-12-22 23:18:32,2025-12-22T23:18:32,61.23,1.0,SetByAsk
2025-12-22 23:18:32,2025-12-22T23:18:32,61.23,2.0,SetByAsk
2025-12-22 23:18:32,2025-12-22T23:18:32,61.23,1.0,SetByAsk
2025-12-22 23:18:41,2025-12-22T23:18:41,61.23,1.0,SetByAsk
2025-12-22 23:18:53,2025-12-22T23:18:53,61.23,1.0,SetByBid
2025-12-22 23:19:55,2025-12-22T23:19:55,61.26,1.0,SetByBid
2025-12-22 23:20:00,2025-12-22T23:20:00,61.25,2.0,SetByAsk
2025-12-22 23:20:00,2025-12-22T23:20:00,61.25,1.0,SetByAsk
2025-12-22 23:20:00,2025-12-22T23:20:00,61.25,1.0,SetByAsk
2025-12-22 23:20:00,2025-12-22T23:20:00,61.25,1.0,SetByAsk
2025-12-22 23:20:00,2025-12-22T23:20:00,61.25,1.0,SetByAsk
2025-12-22 23:20:04,2025-12-22T23:20:04,61.24,1.0,SetByAsk
2025-12-22 23:20:04,2025-12-22T23:20:04,61.24,1.0,SetByAsk
2025-12-22 23:20:04,2025-12-22T23:20:04,61.24,1.0,SetByAsk
2025-12-22 23:20:04,2025-12-22T23:20:04,61.24,1.0,SetByAsk
2025-12-22 23:20:04,2025-12-22T23:20:04,61.24,1.0,SetByBid
2025-12-22 23:20:06,2025-12-22T23:20:06,61.23,2.0,SetByAsk
2025-12-22 23:20:53,2025-12-22T23:20:53,61.23,1.0,SetByBid
2025-12-22 23:20:53,2025-12-22T23:20:53,61.23,1.0,SetByBid
2025-12-22 23:20:53,2025-12-22T23:20:53,61.23,1.0,SetByBid
2025-12-22 23:20:53,2025-12-22T23:20:53,61.23,1.0,SetByBid
2025-12-22 23:20:53,2025-12-22T23:20:53,61.23,1.0,SetByBid
2025-12-22 23:20:53,2025-12-22T23:20:53,61.23,1.0,SetByBid
2025-12-22 23:20:53,2025-12-22T23:20:53,61.23,1.0,SetByBid
2025-12-22 23:20:56,2025-12-22T23:20:56,61.23,1.0,SetByBid
2025-12-22 23:20:56,2025-12-22T23:20:56,61.23,1.0,SetByBid
2025-12-22 23:21:04,2025-12-22T23:21:04,61.22,1.0,SetByAsk
2025-12-22 23:21:04,2025-12-22T23:21:04,61.22,1.0,SetByAsk
2025-12-22 23:21:46,2025-12-22T23:21:46,61.22,1.0,SetByAsk
2025-12-22 23:22:00,2025-12-22T23:22:00,61.21,1.0,SetByBid
2025-12-22 23:22:28,2025-12-22T23:22:28,61.22,1.0,SetByBid
2025-12-22 23:23:05,2025-12-22T23:23:05,61.24,1.0,SetByBid
2025-12-22 23:23:05,2025-12-22T23:23:05,61.24,1.0,SetByBid
2025-12-22 23:23:05,2025-12-22T23:23:05,61.24,2.0,SetByBid
2025-12-22 23:23:05,2025-12-22T23:23:05,61.24,1.0,SetByAsk
2025-12-22 23:23:11,2025-12-22T23:23:11,61.24,1.0,SetByAsk
2025-12-22 23:23:22,2025-12-22T23:23:22,61.24,1.0,SetByBid
2025-12-22 23:23:49,2025-12-22T23:23:49,61.25,1.0,SetByBid
2025-12-22 23:23:49,2025-12-22T23:23:49,61.25,1.0,SetByBid
2025-12-22 23:24:03,2025-12-22T23:24:03,61.26,1.0,SetByBid
2025-12-22 23:24:03,2025-12-22T23:24:03,61.26,1.0,SetByBid
2025-12-22 23:24:03,2025-12-22T23:24:03,61.26,1.0,SetByBid
2025-12-22 23:24:03,2025-12-22T23:24:03,61.26,1.0,SetByBid
2025-12-22 23:24:03,2025-12-22T23:24:03,61.26,1.0,SetByBid
2025-12-22 23:25:01,2025-12-22T23:25:01,61.28,1.0,SetByBid
2025-12-22 23:25:01,2025-12-22T23:25:01,61.28,1.0,SetByAsk
2025-12-22 23:25:05,2025-12-22T23:25:05,61.28,1.0,SetByBid
2025-12-22 23:25:09,2025-12-22T23:25:09,61.27,1.0,SetByAsk
2025-12-22 23:25:09,2025-12-22T23:25:09,61.27,1.0,SetByAsk
2025-12-22 23:25:09,2025-12-22T23:25:09,61.27,2.0,SetByAsk
2025-12-22 23:25:09,2025-12-22T23:25:09,61.27,3.0,SetByAsk
2025-12-22 23:25:18,2025-12-22T23:25:18,61.26,1.0,SetByAsk
2025-12-22 23:25:18,2025-12-22T23:25:18,61.26,1.0,SetByAsk
2025-12-22 23:25:18,2025-12-22T23:25:18,61.26,1.0,SetByAsk
2025-12-22 23:25:18,2025-12-22T23:25:18,61.26,1.0,SetByAsk
2025-12-22 23:25:18,2025-12-22T23:25:18,61.26,1.0,SetByAsk
2025-12-22 23:25:18,2025-12-22T23:25:18,61.26,1.0,SetByAsk
2025-12-22 23:25:38,2025-12-22T23:25:38,61.26,1.0,SetByBid
2025-12-22 23:25:40,2025-12-22T23:25:40,61.26,1.0,SetByBid
2025-12-22 23:25:41,2025-12-22T23:25:41,61.25,1.0,SetByAsk
2025-12-22 23:25:48,2025-12-22T23:25:48,61.25,1.0,SetByAsk
2025-12-22 23:25:48,2025-12-22T23:25:48,61.25,3.0,SetByAsk
2025-12-22 23:25:48,2025-12-22T23:25:48,61.25,1.0,SetByAsk
2025-12-22 23:25:48,2025-12-22T23:25:48,61.25,1.0,SetByAsk
2025-12-22 23:25:48,2025-12-22T23:25:48,61.25,1.0,SetByAsk
2025-12-22 23:25:48,2025-12-22T23:25:48,61.25,1.0,SetByAsk
2025-12-22 23:25:48,2025-12-22T23:25:48,61.25,1.0,SetByAsk
2025-12-22 23:26:01,2025-12-22T23:26:01,61.25,1.0,SetByBid
2025-12-22 23:26:04,2025-12-22T23:26:04,61.26,1.0,SetByBid
2025-12-22 23:26:05,2025-12-22T23:26:05,61.26,1.0,SetByBid
2025-12-22 23:26:30,2025-12-22T23:26:30,61.24,1.0,SetByBid
2025-12-22 23:26:36,2025-12-22T23:26:36,61.22,1.0,SetByAsk
2025-12-22 23:26:38,2025-12-22T23:26:38,61.21,1.0,SetByBid
2025-12-22 23:26:38,2025-12-22T23:26:38,61.21,2.0,SetByBid
2025-12-22 23:26:40,2025-12-22T23:26:40,61.21,1.0,SetByBid
2025-12-22 23:26:40,2025-12-22T23:26:40,61.21,1.0,SetByBid
2025-12-22 23:26:43,2025-12-22T23:26:43,61.2,1.0,SetByBid
2025-12-22 23:26:44,2025-12-22T23:26:44,61.21,1.0,SetByBid
2025-12-22 23:26:44,2025-12-22T23:26:44,61.21,1.0,SetByBid
2025-12-22 23:26:44,2025-12-22T23:26:44,61.22,1.0,SetByBid
2025-12-22 23:26:44,2025-12-22T23:26:44,61.22,1.0,SetByBid
2025-12-22 23:26:50,2025-12-22T23:26:50,61.2,1.0,SetByAsk
2025-12-22 23:26:52,2025-12-22T23:26:52,61.2,1.0,SetByAsk
2025-12-22 23:26:52,2025-12-22T23:26:52,61.2,1.0,SetByAsk
2025-12-22 23:27:05,2025-12-22T23:27:05,61.22,1.0,SetByBid
2025-12-22 23:27:05,2025-12-22T23:27:05,61.22,1.0,SetByBid
2025-12-22 23:27:05,2025-12-22T23:27:05,61.22,1.0,SetByBid
2025-12-22 23:27:05,2025-12-22T23:27:05,61.22,1.0,SetByBid
2025-12-22 23:27:05,2025-12-22T23:27:05,61.22,1.0,SetByBid
2025-12-22 23:27:19,2025-12-22T23:27:19,61.22,1.0,SetByBid
2025-12-22 23:27:47,2025-12-22T23:27:47,61.23,1.0,SetByBid
2025-12-22 23:27:48,2025-12-22T23:27:48,61.23,1.0,SetByBid
2025-12-22 23:27:48,2025-12-22T23:27:48,61.23,1.0,SetByBid
2025-12-22 23:27:48,2025-12-22T23:27:48,61.23,1.0,SetByBid
2025-12-22 23:27:48,2025-12-22T23:27:48,61.23,1.0,SetByBid
2025-12-22 23:27:49,2025-12-22T23:27:49,61.22,1.0,SetByAsk
2025-12-22 23:28:00,2025-12-22T23:28:00,61.23,1.0,SetByAsk
2025-12-22 23:28:00,2025-12-22T23:28:00,61.23,4.0,SetByAsk
2025-12-22 23:28:00,2025-12-22T23:28:00,61.23,1.0,SetByAsk
2025-12-22 23:28:00,2025-12-22T23:28:00,61.23,1.0,SetByBid
2025-12-22 23:28:00,2025-12-22T23:28:00,61.23,1.0,SetByBid
2025-12-22 23:28:00,2025-12-22T23:28:00,61.23,1.0,SetByBid
2025-12-22 23:28:00,2025-12-22T23:28:00,61.24,1.0,SetByBid
2025-12-22 23:28:00,2025-12-22T23:28:00,61.24,1.0,SetByBid
2025-12-22 23:28:00,2025-12-22T23:28:00,61.24,1.0,SetByBid
2025-12-22 23:28:00,2025-12-22T23:28:00,61.25,4.0,SetByBid
2025-12-22 23:28:00,2025-12-22T23:28:00,61.25,1.0,SetByBid
2025-12-22 23:28:00,2025-12-22T23:28:00,61.25,1.0,SetByBid
2025-12-22 23:28:00,2025-12-22T23:28:00,61.25,2.0,SetByAsk
2025-12-22 23:28:00,2025-12-22T23:28:00,61.25,3.0,SetByAsk
2025-12-22 23:28:00,2025-12-22T23:28:00,61.25,1.0,SetByBid
2025-12-22 23:28:00,2025-12-22T23:28:00,61.25,1.0,SetByBid
2025-12-22 23:28:00,2025-12-22T23:28:00,61.25,1.0,SetByBid
2025-12-22 23:28:00,2025-12-22T23:28:00,61.25,1.0,SetByBid
2025-12-22 23:28:00,2025-12-22T23:28:00,61.25,1.0,SetByBid
2025-12-22 23:28:00,2025-12-22T23:28:00,61.25,1.0,SetByBid
2025-12-22 23:28:03,2025-12-22T23:28:03,61.24,1.0,SetByBid
2025-12-22 23:28:04,2025-12-22T23:28:04,61.24,1.0,SetByAsk
2025-12-22 23:28:04,2025-12-22T23:28:04,61.24,1.0,SetByAsk
2025-12-22 23:28:04,2025-12-22T23:28:04,61.24,1.0,SetByAsk
2025-12-22 23:28:06,2025-12-22T23:28:06,61.21,1.0,SetByAsk
2025-12-22 23:28:06,2025-12-22T23:28:06,61.22,1.0,SetByBid
2025-12-22 23:28:06,2025-12-22T23:28:06,61.22,1.0,SetByBid
2025-12-22 23:28:06,2025-12-22T23:28:06,61.22,1.0,SetByBid
2025-12-22 23:28:08,2025-12-22T23:28:08,61.23,1.0,SetByBid
2025-12-22 23:28:08,2025-12-22T23:28:08,61.23,2.0,SetByBid
2025-12-22 23:28:11,2025-12-22T23:28:11,61.24,1.0,SetByBid
2025-12-22 23:28:11,2025-12-22T23:28:11,61.25,1.0,SetByBid
2025-12-22 23:28:11,2025-12-22T23:28:11,61.25,1.0,SetByBid
2025-12-22 23:28:11,2025-12-22T23:28:11,61.25,1.0,SetByBid
2025-12-22 23:28:11,2025-12-22T23:28:11,61.25,1.0,SetByBid
2025-12-22 23:28:11,2025-12-22T23:28:11,61.25,1.0,SetByBid
2025-12-22 23:28:11,2025-12-22T23:28:11,61.25,3.0,SetByBid
2025-12-22 23:28:15,2025-12-22T23:28:15,61.25,1.0,SetByAsk
2025-12-22 23:28:15,2025-12-22T23:28:15,61.26,1.0,SetByBid
2025-12-22 23:28:15,2025-12-22T23:28:15,61.26,1.0,SetByBid
2025-12-22 23:28:21,2025-12-22T23:28:21,61.26,1.0,SetByAsk
2025-12-22 23:28:22,2025-12-22T23:28:22,61.27,1.0,SetByBid
2025-12-22 23:28:22,2025-12-22T23:28:22,61.27,1.0,SetByBid
2025-12-22 23:28:22,2025-12-22T23:28:22,61.27,2.0,SetByBid
2025-12-22 23:28:22,2025-12-22T23:28:22,61.27,1.0,SetByBid
2025-12-22 23:28:22,2025-12-22T23:28:22,61.27,1.0,SetByBid
2025-12-22 23:28:22,2025-12-22T23:28:22,61.27,1.0,SetByBid
2025-12-22 23:28:22,2025-12-22T23:28:22,61.27,1.0,SetByBid
2025-12-22 23:28:22,2025-12-22T23:28:22,61.27,1.0,SetByAsk
2025-12-22 23:28:22,2025-12-22T23:28:22,61.27,1.0,SetByAsk
2025-12-22 23:28:30,2025-12-22T23:28:30,61.27,1.0,SetByAsk
2025-12-22 23:28:31,2025-12-22T23:28:31,61.27,1.0,SetByAsk
2025-12-22 23:28:33,2025-12-22T23:28:33,61.27,1.0,SetByAsk
2025-12-22 23:28:34,2025-12-22T23:28:34,61.27,1.0,SetByAsk
2025-12-22 23:28:34,2025-12-22T23:28:34,61.27,1.0,SetByAsk
2025-12-22 23:28:36,2025-12-22T23:28:36,61.28,1.0,SetByBid
2025-12-22 23:28:36,2025-12-22T23:28:36,61.28,3.0,SetByBid
2025-12-22 23:28:36,2025-12-22T23:28:36,61.28,1.0,SetByBid
2025-12-22 23:28:36,2025-12-22T23:28:36,61.28,1.0,SetByBid
2025-12-22 23:28:36,2025-12-22T23:28:36,61.28,1.0,SetByBid
2025-12-22 23:28:36,2025-12-22T23:28:36,61.28,1.0,SetByBid
2025-12-22 23:28:36,2025-12-22T23:28:36,61.28,1.0,SetByBid
2025-12-22 23:28:36,2025-12-22T23:28:36,61.28,3.0,SetByBid
2025-12-22 23:28:36,2025-12-22T23:28:36,61.29,1.0,SetByAsk
2025-12-22 23:28:41,2025-12-22T23:28:41,61.29,1.0,SetByAsk
2025-12-22 23:28:43,2025-12-22T23:28:43,61.3,1.0,SetByBid
2025-12-22 23:28:43,2025-12-22T23:28:43,61.3,3.0,SetByBid
2025-12-22 23:28:46,2025-12-22T23:28:46,61.3,1.0,SetByAsk
2025-12-22 23:28:46,2025-12-22T23:28:46,61.3,1.0,SetByAsk
2025-12-22 23:28:47,2025-12-22T23:28:47,61.29,1.0,SetByAsk
2025-12-22 23:28:48,2025-12-22T23:28:48,61.3,1.0,SetByBid
2025-12-22 23:28:49,2025-12-22T23:28:49,61.3,2.0,SetByBid
2025-12-22 23:28:49,2025-12-22T23:28:49,61.3,1.0,SetByBid
2025-12-22 23:28:49,2025-12-22T23:28:49,61.3,1.0,SetByBid
2025-12-22 23:28:49,2025-12-22T23:28:49,61.3,1.0,SetByBid
2025-12-22 23:28:49,2025-12-22T23:28:49,61.31,1.0,SetByBid
2025-12-22 23:28:50,2025-12-22T23:28:50,61.31,1.0,SetByBid
2025-12-22 23:28:50,2025-12-22T23:28:50,61.3,1.0,SetByAsk
2025-12-22 23:28:51,2025-12-22T23:28:51,61.3,1.0,SetByAsk
2025-12-22 23:28:51,2025-12-22T23:28:51,61.3,1.0,SetByAsk
2025-12-22 23:28:51,2025-12-22T23:28:51,61.3,1.0,SetByAsk
2025-12-22 23:28:51,2025-12-22T23:28:51,61.3,1.0,SetByAsk
2025-12-22 23:28:51,2025-12-22T23:28:51,61.3,1.0,SetByAsk
2025-12-22 23:28:51,2025-12-22T23:28:51,61.3,1.0,SetByAsk
2025-12-22 23:28:52,2025-12-22T23:28:52,61.31,1.0,SetByBid
2025-12-22 23:28:52,2025-12-22T23:28:52,61.31,1.0,SetByAsk
2025-12-22 23:28:52,2025-12-22T23:28:52,61.31,1.0,SetByAsk
2025-12-22 23:28:52,2025-12-22T23:28:52,61.31,1.0,SetByAsk
2025-12-22 23:28:52,2025-12-22T23:28:52,61.31,1.0,SetByAsk
2025-12-22 23:28:53,2025-12-22T23:28:53,61.3,1.0,SetByAsk
2025-12-22 23:28:55,2025-12-22T23:28:55,61.31,1.0,SetByBid
2025-12-22 23:28:55,2025-12-22T23:28:55,61.31,1.0,SetByBid
2025-12-22 23:28:55,2025-12-22T23:28:55,61.31,1.0,SetByBid
2025-12-22 23:28:55,2025-12-22T23:28:55,61.31,1.0,SetByBid
2025-12-22 23:28:55,2025-12-22T23:28:55,61.31,1.0,SetByBid
2025-12-22 23:28:55,2025-12-22T23:28:55,61.32,1.0,SetByBid
2025-12-22 23:28:56,2025-12-22T23:28:56,61.31,1.0,SetByAsk
2025-12-22 23:28:56,2025-12-22T23:28:56,61.31,1.0,SetByAsk
2025-12-22 23:28:56,2025-12-22T23:28:56,61.31,2.0,SetByAsk
2025-12-22 23:28:56,2025-12-22T23:28:56,61.31,1.0,SetByAsk
2025-12-22 23:28:56,2025-12-22T23:28:56,61.31,1.0,SetByAsk
2025-12-22 23:28:56,2025-12-22T23:28:56,61.31,1.0,SetByBid
2025-12-22 23:28:56,2025-12-22T23:28:56,61.31,1.0,SetByAsk
2025-12-22 23:28:59,2025-12-22T23:28:59,61.31,1.0,SetByBid
2025-12-22 23:28:59,2025-12-22T23:28:59,61.31,5.0,SetByBid
2025-12-22 23:28:59,2025-12-22T23:28:59,61.31,1.0,SetByBid
2025-12-22 23:28:59,2025-12-22T23:28:59,61.31,1.0,SetByBid
2025-12-22 23:28:59,2025-12-22T23:28:59,61.31,5.0,SetByBid
2025-12-22 23:29:01,2025-12-22T23:29:01,61.32,5.0,SetByAsk
2025-12-22 23:29:01,2025-12-22T23:29:01,61.32,1.0,SetByAsk
2025-12-22 23:29:01,2025-12-22T23:29:01,61.32,1.0,SetByAsk
2025-12-22 23:29:01,2025-12-22T23:29:01,61.32,1.0,SetByAsk
2025-12-22 23:29:01,2025-12-22T23:29:01,61.32,1.0,SetByAsk
2025-12-22 23:29:01,2025-12-22T23:29:01,61.32,1.0,SetByAsk
2025-12-22 23:29:01,2025-12-22T23:29:01,61.32,1.0,SetByAsk
2025-12-22 23:29:03,2025-12-22T23:29:03,61.31,1.0,SetByAsk
2025-12-22 23:29:05,2025-12-22T23:29:05,61.3,1.0,SetByAsk
2025-12-22 23:29:06,2025-12-22T23:29:06,61.3,1.0,SetByAsk
2025-12-22 23:29:06,2025-12-22T23:29:06,61.3,1.0,SetByAsk
2025-12-22 23:29:06,2025-12-22T23:29:06,61.3,5.0,SetByAsk
2025-12-22 23:29:06,2025-12-22T23:29:06,61.3,1.0,SetByAsk
2025-12-22 23:29:06,2025-12-22T23:29:06,61.3,4.0,SetByAsk
2025-12-22 23:29:06,2025-12-22T23:29:06,61.3,1.0,SetByAsk
2025-12-22 23:29:06,2025-12-22T23:29:06,61.3,2.0,SetByAsk
2025-12-22 23:29:06,2025-12-22T23:29:06,61.3,1.0,SetByAsk
2025-12-22 23:29:06,2025-12-22T23:29:06,61.3,1.0,SetByAsk
2025-12-22 23:29:06,2025-12-22T23:29:06,61.3,1.0,SetByAsk
2025-12-22 23:29:06,2025-12-22T23:29:06,61.3,1.0,SetByAsk
2025-12-22 23:29:07,2025-12-22T23:29:07,61.29,1.0,SetByAsk
2025-12-22 23:29:07,2025-12-22T23:29:07,61.29,1.0,SetByAsk
2025-12-22 23:29:07,2025-12-22T23:29:07,61.29,1.0,SetByAsk
2025-12-22 23:29:07,2025-12-22T23:29:07,61.29,1.0,SetByBid
2025-12-22 23:29:07,2025-12-22T23:29:07,61.29,1.0,SetByBid
2025-12-22 23:29:07,2025-12-22T23:29:07,61.29,1.0,SetByBid
2025-12-22 23:29:12,2025-12-22T23:29:12,61.29,1.0,SetByAsk
2025-12-22 23:29:15,2025-12-22T23:29:15,61.28,1.0,SetByAsk
2025-12-22 23:29:17,2025-12-22T23:29:17,61.28,1.0,SetByAsk
2025-12-22 23:29:21,2025-12-22T23:29:21,61.28,1.0,SetByAsk
2025-12-22 23:29:21,2025-12-22T23:29:21,61.28,1.0,SetByAsk
2025-12-22 23:29:25,2025-12-22T23:29:25,61.29,3.0,SetByBid
2025-12-22 23:29:25,2025-12-22T23:29:25,61.29,1.0,SetByBid
2025-12-22 23:29:25,2025-12-22T23:29:25,61.29,2.0,SetByBid
2025-12-22 23:29:25,2025-12-22T23:29:25,61.29,1.0,SetByBid
2025-12-22 23:29:25,2025-12-22T23:29:25,61.29,1.0,SetByBid
2025-12-22 23:29:25,2025-12-22T23:29:25,61.29,2.0,SetByBid
2025-12-22 23:29:25,2025-12-22T23:29:25,61.29,1.0,SetByBid
2025-12-22 23:29:25,2025-12-22T23:29:25,61.3,1.0,SetByBid
2025-12-22 23:29:26,2025-12-22T23:29:26,61.3,1.0,SetByBid
2025-12-22 23:29:26,2025-12-22T23:29:26,61.3,1.0,SetByBid
2025-12-22 23:29:26,2025-12-22T23:29:26,61.3,1.0,SetByBid
2025-12-22 23:29:26,2025-12-22T23:29:26,61.3,2.0,SetByBid
2025-12-22 23:29:26,2025-12-22T23:29:26,61.3,1.0,SetByBid
2025-12-22 23:29:26,2025-12-22T23:29:26,61.3,1.0,SetByBid
2025-12-22 23:29:26,2025-12-22T23:29:26,61.3,2.0,SetByBid
2025-12-22 23:29:26,2025-12-22T23:29:26,61.3,1.0,SetByAsk
2025-12-22 23:29:26,2025-12-22T23:29:26,61.3,2.0,SetByAsk
2025-12-22 23:29:26,2025-12-22T23:29:26,61.3,1.0,SetByAsk
2025-12-22 23:29:28,2025-12-22T23:29:28,61.31,1.0,SetByBid
2025-12-22 23:29:28,2025-12-22T23:29:28,61.31,2.0,SetByBid
2025-12-22 23:29:28,2025-12-22T23:29:28,61.31,1.0,SetByBid
2025-12-22 23:29:28,2025-12-22T23:29:28,61.31,1.0,SetByBid
2025-12-22 23:29:28,2025-12-22T23:29:28,61.31,2.0,SetByBid
2025-12-22 23:29:29,2025-12-22T23:29:29,61.31,1.0,SetByAsk
2025-12-22 23:29:30,2025-12-22T23:29:30,61.32,1.0,SetByBid
2025-12-22 23:29:30,2025-12-22T23:29:30,61.32,1.0,SetByBid
2025-12-22 23:29:30,2025-12-22T23:29:30,61.32,1.0,SetByBid
2025-12-22 23:29:30,2025-12-22T23:29:30,61.32,1.0,SetByBid
2025-12-22 23:29:30,2025-12-22T23:29:30,61.32,1.0,SetByBid
2025-12-22 23:29:30,2025-12-22T23:29:30,61.31,1.0,SetByAsk
2025-12-22 23:29:30,2025-12-22T23:29:30,61.31,1.0,SetByAsk
2025-12-22 23:29:30,2025-12-22T23:29:30,61.31,1.0,SetByAsk
2025-12-22 23:29:30,2025-12-22T23:29:30,61.31,2.0,SetByAsk
2025-12-22 23:29:30,2025-12-22T23:29:30,61.31,1.0,SetByAsk
2025-12-22 23:29:30,2025-12-22T23:29:30,61.31,1.0,SetByAsk
2025-12-22 23:29:30,2025-12-22T23:29:30,61.31,1.0,SetByAsk
2025-12-22 23:29:30,2025-12-22T23:29:30,61.31,1.0,SetByAsk
2025-12-22 23:29:30,2025-12-22T23:29:30,61.31,2.0,SetByAsk
2025-12-22 23:29:30,2025-12-22T23:29:30,61.31,1.0,SetByAsk
2025-12-22 23:29:31,2025-12-22T23:29:31,61.31,2.0,SetByAsk
2025-12-22 23:29:31,2025-12-22T23:29:31,61.3,1.0,SetByAsk
2025-12-22 23:29:35,2025-12-22T23:29:35,61.3,1.0,SetByAsk
2025-12-22 23:29:35,2025-12-22T23:29:35,61.3,1.0,SetByAsk
2025-12-22 23:29:36,2025-12-22T23:29:36,61.3,2.0,SetByAsk
2025-12-22 23:29:37,2025-12-22T23:29:37,61.3,1.0,SetByAsk
2025-12-22 23:29:37,2025-12-22T23:29:37,61.3,1.0,SetByAsk
2025-12-22 23:29:38,2025-12-22T23:29:38,61.3,1.0,SetByAsk
2025-12-22 23:29:39,2025-12-22T23:29:39,61.3,1.0,SetByAsk
2025-12-22 23:29:39,2025-12-22T23:29:39,61.3,1.0,SetByAsk
2025-12-22 23:29:40,2025-12-22T23:29:40,61.3,1.0,SetByAsk
2025-12-22 23:29:41,2025-12-22T23:29:41,61.3,1.0,SetByAsk
2025-12-22 23:29:42,2025-12-22T23:29:42,61.3,1.0,SetByAsk
2025-12-22 23:29:42,2025-12-22T23:29:42,61.3,1.0,SetByAsk
2025-12-22 23:29:42,2025-12-22T23:29:42,61.3,1.0,SetByAsk
2025-12-22 23:29:42,2025-12-22T23:29:42,61.3,2.0,SetByAsk
2025-12-22 23:29:42,2025-12-22T23:29:42,61.3,1.0,SetByAsk
2025-12-22 23:29:42,2025-12-22T23:29:42,61.29,1.0,SetByAsk
2025-12-22 23:29:43,2025-12-22T23:29:43,61.29,1.0,SetByAsk
2025-12-22 23:29:43,2025-12-22T23:29:43,61.29,1.0,SetByAsk
2025-12-22 23:29:43,2025-12-22T23:29:43,61.29,1.0,SetByAsk
2025-12-22 23:29:43,2025-12-22T23:29:43,61.29,1.0,SetByAsk
2025-12-22 23:29:43,2025-12-22T23:29:43,61.29,1.0,SetByAsk
2025-12-22 23:29:43,2025-12-22T23:29:43,61.29,1.0,SetByAsk
2025-12-22 23:29:44,2025-12-22T23:29:44,61.3,1.0,SetByBid
2025-12-22 23:29:44,2025-12-22T23:29:44,61.3,1.0,SetByBid
2025-12-22 23:29:44,2025-12-22T23:29:44,61.3,1.0,SetByBid
2025-12-22 23:29:44,2025-12-22T23:29:44,61.3,1.0,SetByBid
2025-12-22 23:29:44,2025-12-22T23:29:44,61.3,1.0,SetByBid
2025-12-22 23:29:44,2025-12-22T23:29:44,61.3,1.0,SetByBid
2025-12-22 23:29:44,2025-12-22T23:29:44,61.3,1.0,SetByBid
2025-12-22 23:29:44,2025-12-22T23:29:44,61.3,1.0,SetByBid
2025-12-22 23:29:44,2025-12-22T23:29:44,61.3,1.0,SetByAsk
2025-12-22 23:29:45,2025-12-22T23:29:45,61.3,1.0,SetByAsk
2025-12-22 23:29:45,2025-12-22T23:29:45,61.3,1.0,SetByAsk
2025-12-22 23:29:45,2025-12-22T23:29:45,61.3,4.0,SetByAsk
2025-12-22 23:29:45,2025-12-22T23:29:45,61.3,1.0,SetByAsk
2025-12-22 23:29:45,2025-12-22T23:29:45,61.3,1.0,SetByAsk
2025-12-22 23:29:45,2025-12-22T23:29:45,61.3,1.0,SetByAsk
2025-12-22 23:29:46,2025-12-22T23:29:46,61.3,1.0,SetByAsk
2025-12-22 23:29:47,2025-12-22T23:29:47,61.3,1.0,SetByAsk
2025-12-22 23:29:47,2025-12-22T23:29:47,61.3,1.0,SetByAsk
2025-12-22 23:29:47,2025-12-22T23:29:47,61.3,1.0,SetByAsk
2025-12-22 23:29:48,2025-12-22T23:29:48,61.3,1.0,SetByAsk
2025-12-22 23:29:48,2025-12-22T23:29:48,61.3,1.0,SetByAsk
2025-12-22 23:29:49,2025-12-22T23:29:49,61.3,1.0,SetByAsk
2025-12-22 23:29:49,2025-12-22T23:29:49,61.3,1.0,SetByAsk
2025-12-22 23:29:50,2025-12-22T23:29:50,61.3,1.0,SetByAsk
2025-12-22 23:29:50,2025-12-22T23:29:50,61.3,1.0,SetByAsk
2025-12-22 23:29:51,2025-12-22T23:29:51,61.3,1.0,SetByAsk
2025-12-22 23:29:51,2025-12-22T23:29:51,61.3,1.0,SetByAsk
2025-12-22 23:29:52,2025-12-22T23:29:52,61.3,1.0,SetByAsk
2025-12-22 23:29:53,2025-12-22T23:29:53,61.3,1.0,SetByAsk
2025-12-22 23:29:53,2025-12-22T23:29:53,61.3,1.0,SetByAsk
2025-12-22 23:29:53,2025-12-22T23:29:53,61.3,1.0,SetByAsk
2025-12-22 23:29:54,2025-12-22T23:29:54,61.3,1.0,SetByAsk
2025-12-22 23:29:54,2025-12-22T23:29:54,61.3,1.0,SetByAsk
2025-12-22 23:29:54,2025-12-22T23:29:54,61.3,1.0,SetByAsk
2025-12-22 23:29:54,2025-12-22T23:29:54,61.31,1.0,SetByBid
2025-12-22 23:29:55,2025-12-22T23:29:55,61.31,1.0,SetByBid
2025-12-22 23:29:55,2025-12-22T23:29:55,61.31,1.0,SetByBid
2025-12-22 23:29:55,2025-12-22T23:29:55,61.31,1.0,SetByBid
2025-12-22 23:29:55,2025-12-22T23:29:55,61.3,1.0,SetByAsk
2025-12-22 23:29:55,2025-12-22T23:29:55,61.3,1.0,SetByAsk
2025-12-22 23:29:55,2025-12-22T23:29:55,61.3,1.0,SetByAsk
2025-12-22 23:29:55,2025-12-22T23:29:55,61.3,1.0,SetByAsk
2025-12-22 23:29:56,2025-12-22T23:29:56,61.3,1.0,SetByAsk
2025-12-22 23:29:57,2025-12-22T23:29:57,61.31,1.0,SetByBid
2025-12-22 23:29:57,2025-12-22T23:29:57,61.3,1.0,SetByAsk
2025-12-22 23:29:57,2025-12-22T23:29:57,61.31,1.0,SetByBid
2025-12-22 23:29:57,2025-12-22T23:29:57,61.31,1.0,SetByBid
2025-12-22 23:29:57,2025-12-22T23:29:57,61.3,1.0,SetByAsk
2025-12-22 23:29:58,2025-12-22T23:29:58,61.3,1.0,SetByAsk
2025-12-22 23:29:58,2025-12-22T23:29:58,61.3,1.0,SetByAsk
2025-12-22 23:29:58,2025-12-22T23:29:58,61.3,1.0,SetByAsk
2025-12-22 23:29:58,2025-12-22T23:29:58,61.3,2.0,SetByAsk
2025-12-22 23:29:58,2025-12-22T23:29:58,61.3,4.0,SetByAsk
2025-12-22 23:29:58,2025-12-22T23:29:58,61.31,1.0,SetByBid
2025-12-22 23:29:59,2025-12-22T23:29:59,61.3,1.0,SetByAsk
2025-12-22 23:29:59,2025-12-22T23:29:59,61.3,1.0,SetByAsk
2025-12-22 23:29:59,2025-12-22T23:29:59,61.3,1.0,SetByAsk
2025-12-22 23:30:01,2025-12-22T23:30:01,61.32,1.0,SetByBid
2025-12-22 23:30:02,2025-12-22T23:30:02,61.32,1.0,SetByBid
2025-12-22 23:30:04,2025-12-22T23:30:04,61.32,1.0,SetByBid
2025-12-22 23:30:04,2025-12-22T23:30:04,61.32,1.0,SetByBid
2025-12-22 23:30:04,2025-12-22T23:30:04,61.32,1.0,SetByBid
2025-12-22 23:30:04,2025-12-22T23:30:04,61.32,1.0,SetByBid
2025-12-22 23:30:04,2025-12-22T23:30:04,61.32,1.0,SetByBid
2025-12-22 23:30:04,2025-12-22T23:30:04,61.32,3.0,SetByBid
2025-12-22 23:30:04,2025-12-22T23:30:04,61.32,1.0,SetByAsk
2025-12-22 23:30:04,2025-12-22T23:30:04,61.32,1.0,SetByAsk
2025-12-22 23:30:04,2025-12-22T23:30:04,61.32,1.0,SetByAsk
2025-12-22 23:30:10,2025-12-22T23:30:10,61.32,3.0,SetByAsk
2025-12-22 23:30:12,2025-12-22T23:30:12,61.31,1.0,SetByAsk
2025-12-22 23:30:19,2025-12-22T23:30:19,61.32,1.0,SetByBid
2025-12-22 23:30:28,2025-12-22T23:30:28,61.32,1.0,SetByAsk
2025-12-22 23:30:28,2025-12-22T23:30:28,61.32,1.0,SetByBid
2025-12-22 23:30:28,2025-12-22T23:30:28,61.32,1.0,SetByBid
2025-12-22 23:30:28,2025-12-22T23:30:28,61.32,1.0,SetByBid
2025-12-22 23:30:52,2025-12-22T23:30:52,61.31,1.0,SetByAsk
2025-12-22 23:31:00,2025-12-22T23:31:00,61.29,1.0,SetByAsk
2025-12-22 23:31:00,2025-12-22T23:31:00,61.29,1.0,SetByAsk
2025-12-22 23:31:00,2025-12-22T23:31:00,61.29,1.0,SetByAsk
2025-12-22 23:31:00,2025-12-22T23:31:00,61.3,1.0,SetByBid
2025-12-22 23:31:00,2025-12-22T23:31:00,61.3,1.0,SetByBid
2025-12-22 23:31:00,2025-12-22T23:31:00,61.31,1.0,SetByBid
2025-12-22 23:31:05,2025-12-22T23:31:05,61.3,1.0,SetByAsk
2025-12-22 23:31:07,2025-12-22T23:31:07,61.3,1.0,SetByAsk
2025-12-22 23:31:09,2025-12-22T23:31:09,61.31,1.0,SetByAsk
2025-12-22 23:31:20,2025-12-22T23:31:20,61.3,1.0,SetByAsk
2025-12-22 23:31:20,2025-12-22T23:31:20,61.29,1.0,SetByAsk
2025-12-22 23:31:21,2025-12-22T23:31:21,61.3,1.0,SetByBid
2025-12-22 23:31:24,2025-12-22T23:31:24,61.3,1.0,SetByAsk
2025-12-22 23:31:42,2025-12-22T23:31:42,61.3,1.0,SetByAsk
2025-12-22 23:31:42,2025-12-22T23:31:42,61.3,1.0,SetByAsk
2025-12-22 23:31:42,2025-12-22T23:31:42,61.29,1.0,SetByAsk
2025-12-22 23:31:42,2025-12-22T23:31:42,61.3,1.0,SetByBid
2025-12-22 23:31:54,2025-12-22T23:31:54,61.3,1.0,SetByBid
2025-12-22 23:31:54,2025-12-22T23:31:54,61.3,1.0,SetByBid
2025-12-22 23:32:09,2025-12-22T23:32:09,61.31,1.0,SetByBid
2025-12-22 23:32:09,2025-12-22T23:32:09,61.31,1.0,SetByBid
2025-12-22 23:32:09,2025-12-22T23:32:09,61.31,1.0,SetByBid
2025-12-22 23:32:09,2025-12-22T23:32:09,61.31,1.0,SetByBid
2025-12-22 23:32:18,2025-12-22T23:32:18,61.31,1.0,SetByAsk
2025-12-22 23:32:30,2025-12-22T23:32:30,61.32,1.0,SetByAsk
2025-12-22 23:32:37,2025-12-22T23:32:37,61.32,1.0,SetByBid
2025-12-22 23:32:48,2025-12-22T23:32:48,61.31,1.0,SetByBid
2025-12-22 23:32:50,2025-12-22T23:32:50,61.3,1.0,SetByAsk
2025-12-22 23:32:50,2025-12-22T23:32:50,61.29,1.0,SetByAsk
2025-12-22 23:32:50,2025-12-22T23:32:50,61.29,1.0,SetByAsk
2025-12-22 23:32:54,2025-12-22T23:32:54,61.3,2.0,SetByBid
2025-12-22 23:32:54,2025-12-22T23:32:54,61.29,1.0,SetByAsk
2025-12-22 23:32:54,2025-12-22T23:32:54,61.3,1.0,SetByBid
2025-12-22 23:32:58,2025-12-22T23:32:58,61.29,1.0,SetByAsk
2025-12-22 23:33:37,2025-12-22T23:33:37,61.28,1.0,SetByBid
2025-12-22 23:34:13,2025-12-22T23:34:13,61.29,1.0,SetByAsk
2025-12-22 23:34:13,2025-12-22T23:34:13,61.29,1.0,SetByAsk
2025-12-22 23:34:13,2025-12-22T23:34:13,61.29,1.0,SetByAsk
2025-12-22 23:34:15,2025-12-22T23:34:15,61.29,1.0,SetByBid
2025-12-22 23:34:17,2025-12-22T23:34:17,61.29,1.0,SetByAsk
2025-12-22 23:34:17,2025-12-22T23:34:17,61.29,1.0,SetByAsk
2025-12-22 23:35:00,2025-12-22T23:35:00,61.28,1.0,SetByAsk
2025-12-22 23:35:00,2025-12-22T23:35:00,61.28,1.0,SetByAsk
2025-12-22 23:35:00,2025-12-22T23:35:00,61.28,1.0,SetByBid
2025-12-22 23:36:11,2025-12-22T23:36:11,61.3,1.0,SetByBid
2025-12-22 23:36:17,2025-12-22T23:36:17,61.31,1.0,SetByBid
2025-12-22 23:36:34,2025-12-22T23:36:34,61.3,1.0,SetByAsk
2025-12-22 23:36:47,2025-12-22T23:36:47,61.31,1.0,SetByBid
2025-12-22 23:36:47,2025-12-22T23:36:47,61.31,1.0,SetByBid
2025-12-22 23:36:47,2025-12-22T23:36:47,61.31,1.0,SetByBid
2025-12-22 23:36:47,2025-12-22T23:36:47,61.31,1.0,SetByBid
2025-12-22 23:37:00,2025-12-22T23:37:00,61.31,1.0,SetByBid
2025-12-22 23:37:06,2025-12-22T23:37:06,61.3,5.0,SetByAsk
2025-12-22 23:37:06,2025-12-22T23:37:06,61.3,1.0,SetByAsk
2025-12-22 23:37:08,2025-12-22T23:37:08,61.3,5.0,SetByAsk
2025-12-22 23:37:08,2025-12-22T23:37:08,61.3,1.0,SetByAsk
2025-12-22 23:37:08,2025-12-22T23:37:08,61.3,5.0,SetByAsk
2025-12-22 23:37:11,2025-12-22T23:37:11,61.3,5.0,SetByAsk
2025-12-22 23:37:11,2025-12-22T23:37:11,61.3,6.0,SetByAsk
2025-12-22 23:37:11,2025-12-22T23:37:11,61.3,6.0,SetByAsk
2025-12-22 23:37:11,2025-12-22T23:37:11,61.3,6.0,SetByAsk
2025-12-22 23:37:11,2025-12-22T23:37:11,61.3,2.0,SetByAsk
2025-12-22 23:37:11,2025-12-22T23:37:11,61.3,2.0,SetByAsk
2025-12-22 23:37:11,2025-12-22T23:37:11,61.3,1.0,SetByAsk
2025-12-22 23:37:11,2025-12-22T23:37:11,61.3,1.0,SetByAsk
2025-12-22 23:37:11,2025-12-22T23:37:11,61.3,5.0,SetByAsk
2025-12-22 23:37:32,2025-12-22T23:37:32,61.3,1.0,SetByBid
2025-12-22 23:37:36,2025-12-22T23:37:36,61.3,1.0,SetByBid
2025-12-22 23:37:36,2025-12-22T23:37:36,61.3,1.0,SetByBid
2025-12-22 23:37:39,2025-12-22T23:37:39,61.3,1.0,SetByAsk
2025-12-22 23:39:04,2025-12-22T23:39:04,61.3,1.0,SetByAsk
2025-12-22 23:39:18,2025-12-22T23:39:18,61.3,1.0,SetByAsk
2025-12-22 23:39:18,2025-12-22T23:39:18,61.3,1.0,SetByAsk
2025-12-22 23:40:19,2025-12-22T23:40:19,61.28,1.0,SetByAsk
2025-12-22 23:40:44,2025-12-22T23:40:44,61.26,1.0,SetByAsk
2025-12-22 23:40:44,2025-12-22T23:40:44,61.26,1.0,SetByAsk
2025-12-22 23:40:45,2025-12-22T23:40:45,61.26,1.0,SetByAsk
2025-12-22 23:40:52,2025-12-22T23:40:52,61.25,6.0,SetByAsk
2025-12-22 23:41:00,2025-12-22T23:41:00,61.25,1.0,SetByBid
2025-12-22 23:41:00,2025-12-22T23:41:00,61.25,1.0,SetByBid
2025-12-22 23:41:10,2025-12-22T23:41:10,61.25,1.0,SetByBid
2025-12-22 23:41:10,2025-12-22T23:41:10,61.25,1.0,SetByAsk
2025-12-22 23:41:13,2025-12-22T23:41:13,61.25,1.0,SetByAsk
2025-12-22 23:41:13,2025-12-22T23:41:13,61.25,1.0,SetByAsk
2025-12-22 23:41:17,2025-12-22T23:41:17,61.25,1.0,SetByAsk
2025-12-22 23:41:51,2025-12-22T23:41:51,61.25,1.0,SetByBid
2025-12-22 23:43:53,2025-12-22T23:43:53,61.25,1.0,SetByAsk
2025-12-22 23:43:53,2025-12-22T23:43:53,61.25,1.0,SetByAsk
2025-12-22 23:44:13,2025-12-22T23:44:13,61.25,1.0,SetByAsk
2025-12-22 23:46:04,2025-12-22T23:46:04,61.24,1.0,SetByBid
2025-12-22 23:46:04,2025-12-22T23:46:04,61.24,1.0,SetByBid
2025-12-22 23:46:04,2025-12-22T23:46:04,61.24,1.0,SetByBid
2025-12-22 23:46:04,2025-12-22T23:46:04,61.24,1.0,SetByBid
2025-12-22 23:46:04,2025-12-22T23:46:04,61.24,10.0,SetByBid
2025-12-22 23:46:04,2025-12-22T23:46:04,61.24,1.0,SetByBid
2025-12-22 23:46:04,2025-12-22T23:46:04,61.24,3.0,SetByBid
2025-12-22 23:49:01,2025-12-22T23:49:01,61.25,1.0,SetByBid
2025-12-22 23:49:01,2025-12-22T23:49:01,61.25,1.0,SetByBid
2025-12-22 23:49:01,2025-12-22T23:49:01,61.25,1.0,SetByBid
2025-12-22 23:49:01,2025-12-22T23:49:01,61.25,1.0,SetByBid
2025-12-22 23:49:01,2025-12-22T23:49:01,61.25,1.0,SetByBid
2025-12-22 23:52:00,2025-12-22T23:52:00,61.26,1.0,SetByBid
2025-12-22 23:52:00,2025-12-22T23:52:00,61.26,1.0,SetByAsk
2025-12-22 23:53:32,2025-12-22T23:53:32,61.28,1.0,SetByBid
2025-12-22 23:53:32,2025-12-22T23:53:32,61.28,1.0,SetByAsk
2025-12-22 23:53:32,2025-12-22T23:53:32,61.28,1.0,SetByAsk
2025-12-22 23:53:32,2025-12-22T23:53:32,61.28,1.0,SetByBid
2025-12-22 23:53:47,2025-12-22T23:53:47,61.28,1.0,SetByBid
2025-12-22 23:53:47,2025-12-22T23:53:47,61.28,1.0,SetByBid
2025-12-22 23:53:47,2025-12-22T23:53:47,61.28,1.0,SetByBid
2025-12-22 23:53:47,2025-12-22T23:53:47,61.28,1.0,SetByBid
2025-12-22 23:53:53,2025-12-22T23:53:53,61.29,1.0,SetByBid
2025-12-22 23:53:53,2025-12-22T23:53:53,61.29,1.0,SetByBid
2025-12-22 23:53:53,2025-12-22T23:53:53,61.29,1.0,SetByBid
2025-12-22 23:53:53,2025-12-22T23:53:53,61.29,1.0,SetByBid
2025-12-22 23:53:53,2025-12-22T23:53:53,61.29,1.0,SetByBid
2025-12-22 23:53:53,2025-12-22T23:53:53,61.29,1.0,SetByBid
2025-12-22 23:54:40,2025-12-22T23:54:40,61.3,1.0,SetByAsk
2025-12-22 23:54:40,2025-12-22T23:54:40,61.3,1.0,SetByAsk
2025-12-22 23:54:40,2025-12-22T23:54:40,61.3,1.0,SetByAsk
2025-12-22 23:54:40,2025-12-22T23:54:40,61.3,1.0,SetByAsk
2025-12-22 23:54:40,2025-12-22T23:54:40,61.3,1.0,SetByAsk
2025-12-22 23:54:43,2025-12-22T23:54:43,61.3,1.0,SetByAsk
2025-12-22 23:54:43,2025-12-22T23:54:43,61.3,1.0,SetByAsk
2025-12-22 23:54:43,2025-12-22T23:54:43,61.3,1.0,SetByAsk
2025-12-22 23:54:43,2025-12-22T23:54:43,61.3,1.0,SetByAsk
2025-12-22 23:57:04,2025-12-22T23:57:04,61.29,1.0,SetByAsk
2025-12-22 23:57:55,2025-12-22T23:57:55,61.28,1.0,SetByAsk
2025-12-22 23:58:10,2025-12-22T23:58:10,61.3,1.0,SetByBid
2025-12-22 23:58:10,2025-12-22T23:58:10,61.3,1.0,SetByBid
2025-12-22 23:59:17,2025-12-22T23:59:17,61.29,1.0,SetByAsk
2025-12-22 23:59:17,2025-12-22T23:59:17,61.29,1.0,SetByAsk
2025-12-22 23:59:55,2025-12-22T23:59:55,61.29,1.0,SetByAsk
2025-12-22 23:59:55,2025-12-22T23:59:55,61.3,1.0,SetByBid
