Time,Time,%BRN 1!-ICE.Price,%BRN 1!-ICE.Size,%BRN 1!-ICE.Conditions
2025-12-16 00:00:31,2025-12-16T00:00:31,60.08,1.0,SetByAsk
2025-12-16 00:00:31,2025-12-16T00:00:31,60.08,1.0,SetByBid
2025-12-16 00:00:46,2025-12-16T00:00:46,60.08,1.0,SetByAsk
2025-12-16 00:02:14,2025-12-16T00:02:14,60.06,1.0,SetByAsk
2025-12-16 00:02:19,2025-12-16T00:02:19,60.07,1.0,SetByBid
2025-12-16 00:02:19,2025-12-16T00:02:19,60.07,1.0,SetByBid
2025-12-16 00:02:19,2025-12-16T00:02:19,60.07,1.0,SetByBid
2025-12-16 00:02:19,2025-12-16T00:02:19,60.07,1.0,SetByBid
2025-12-16 00:04:22,2025-12-16T00:04:22,60.05,1.0,SetByBid
2025-12-16 00:04:22,2025-12-16T00:04:22,60.05,1.0,SetByBid
2025-12-16 00:05:56,2025-12-16T00:05:56,60.05,1.0,SetByAsk
2025-12-16 00:05:56,2025-12-16T00:05:56,60.05,1.0,SetByAsk
2025-12-16 00:05:56,2025-12-16T00:05:56,60.05,1.0,SetByAsk
2025-12-16 00:06:35,2025-12-16T00:06:35,60.06,1.0,SetByBid
2025-12-16 00:06:40,2025-12-16T00:06:40,60.05,1.0,SetByAsk
2025-12-16 00:07:00,2025-12-16T00:07:00,60.05,1.0,SetByAsk
2025-12-16 00:07:10,2025-12-16T00:07:10,60.05,1.0,SetByAsk
2025-12-16 00:08:23,2025-12-16T00:08:23,60.05,1.0,SetByAsk
2025-12-16 00:11:43,2025-12-16T00:11:43,60.06,1.0,SetByAsk
2025-12-16 00:17:05,2025-12-16T00:17:05,60.06,1.0,SetByAsk
2025-12-16 00:17:19,2025-12-16T00:17:19,60.07,1.0,SetByBid
2025-12-16 00:17:19,2025-12-16T00:17:19,60.07,1.0,SetByBid
2025-12-16 00:17:45,2025-12-16T00:17:45,60.07,1.0,"SetByAsk, Leg"
2025-12-16 00:17:45,2025-12-16T00:17:45,60.06,1.0,"SetByAsk, Leg"
2025-12-16 00:17:45,2025-12-16T00:17:45,60.06,1.0,SetByAsk
2025-12-16 00:17:45,2025-12-16T00:17:45,60.06,1.0,SetByAsk
2025-12-16 00:18:14,2025-12-16T00:18:14,60.09,1.0,SetByAsk
2025-12-16 00:18:14,2025-12-16T00:18:14,60.09,1.0,SetByAsk
2025-12-16 00:18:14,2025-12-16T00:18:14,60.09,1.0,SetByAsk
2025-12-16 00:18:14,2025-12-16T00:18:14,60.09,1.0,SetByBid
2025-12-16 00:18:21,2025-12-16T00:18:21,60.08,1.0,SetByAsk
2025-12-16 00:22:06,2025-12-16T00:22:06,60.04,1.0,SetByBid
2025-12-16 00:22:25,2025-12-16T00:22:25,60.03,1.0,SetByBid
2025-12-16 00:24:50,2025-12-16T00:24:50,60.01,1.0,SetByAsk
2025-12-16 00:25:07,2025-12-16T00:25:07,60.01,1.0,SetByBid
2025-12-16 00:26:16,2025-12-16T00:26:16,60.0,1.0,SetByAsk
2025-12-16 00:27:50,2025-12-16T00:27:50,60.0,1.0,"SetByAsk, Leg"
2025-12-16 00:27:50,2025-12-16T00:27:50,59.99,1.0,"SetByAsk, Leg"
2025-12-16 00:27:50,2025-12-16T00:27:50,59.99,1.0,SetByAsk
2025-12-16 00:27:50,2025-12-16T00:27:50,59.99,2.0,SetByAsk
2025-12-16 00:27:50,2025-12-16T00:27:50,59.99,1.0,SetByAsk
2025-12-16 00:27:50,2025-12-16T00:27:50,59.99,1.0,SetByAsk
2025-12-16 00:27:50,2025-12-16T00:27:50,59.99,1.0,SetByAsk
2025-12-16 00:27:50,2025-12-16T00:27:50,59.99,1.0,SetByAsk
2025-12-16 00:27:50,2025-12-16T00:27:50,59.99,1.0,SetByAsk
2025-12-16 00:27:50,2025-12-16T00:27:50,59.99,1.0,SetByAsk
2025-12-16 00:27:50,2025-12-16T00:27:50,59.99,1.0,SetByAsk
2025-12-16 00:27:50,2025-12-16T00:27:50,59.99,1.0,SetByAsk
2025-12-16 00:27:50,2025-12-16T00:27:50,59.99,1.0,SetByAsk
2025-12-16 00:27:50,2025-12-16T00:27:50,59.99,2.0,SetByAsk
2025-12-16 00:27:50,2025-12-16T00:27:50,59.99,1.0,SetByAsk
2025-12-16 00:27:50,2025-12-16T00:27:50,59.99,1.0,SetByAsk
2025-12-16 00:27:50,2025-12-16T00:27:50,59.99,3.0,SetByAsk
2025-12-16 00:27:50,2025-12-16T00:27:50,59.99,2.0,SetByAsk
2025-12-16 00:27:50,2025-12-16T00:27:50,59.99,1.0,SetByAsk
2025-12-16 00:27:50,2025-12-16T00:27:50,59.99,1.0,SetByAsk
2025-12-16 00:27:50,2025-12-16T00:27:50,59.99,1.0,SetByAsk
2025-12-16 00:27:50,2025-12-16T00:27:50,59.99,1.0,SetByAsk
2025-12-16 00:27:50,2025-12-16T00:27:50,59.99,1.0,SetByAsk
2025-12-16 00:27:50,2025-12-16T00:27:50,59.99,2.0,SetByAsk
2025-12-16 00:27:50,2025-12-16T00:27:50,59.99,1.0,SetByAsk
2025-12-16 00:27:50,2025-12-16T00:27:50,59.99,1.0,SetByAsk
2025-12-16 00:27:50,2025-12-16T00:27:50,59.99,3.0,SetByAsk
2025-12-16 00:27:50,2025-12-16T00:27:50,59.99,1.0,SetByAsk
2025-12-16 00:27:50,2025-12-16T00:27:50,59.99,1.0,SetByAsk
2025-12-16 00:27:50,2025-12-16T00:27:50,59.99,2.0,SetByAsk
2025-12-16 00:28:07,2025-12-16T00:28:07,59.99,1.0,SetByBid
2025-12-16 00:28:12,2025-12-16T00:28:12,59.98,1.0,SetByAsk
2025-12-16 00:28:12,2025-12-16T00:28:12,59.98,1.0,SetByAsk
2025-12-16 00:28:16,2025-12-16T00:28:16,59.98,1.0,SetByBid
2025-12-16 00:28:16,2025-12-16T00:28:16,59.99,1.0,SetByBid
2025-12-16 00:28:16,2025-12-16T00:28:16,59.98,1.0,SetByAsk
2025-12-16 00:28:24,2025-12-16T00:28:24,59.97,1.0,SetByBid
2025-12-16 00:28:24,2025-12-16T00:28:24,59.97,1.0,SetByBid
2025-12-16 00:28:30,2025-12-16T00:28:30,59.96,1.0,SetByBid
2025-12-16 00:28:36,2025-12-16T00:28:36,59.95,4.0,SetByBid
2025-12-16 00:28:36,2025-12-16T00:28:36,59.96,1.0,SetByBid
2025-12-16 00:28:50,2025-12-16T00:28:50,59.96,1.0,SetByBid
2025-12-16 00:29:38,2025-12-16T00:29:38,59.97,1.0,SetByAsk
2025-12-16 00:29:46,2025-12-16T00:29:46,59.99,1.0,SetByBid
2025-12-16 00:29:50,2025-12-16T00:29:50,59.98,1.0,SetByAsk
2025-12-16 00:30:18,2025-12-16T00:30:18,60.01,1.0,SetByBid
2025-12-16 00:30:54,2025-12-16T00:30:54,60.01,1.0,SetByBid
2025-12-16 00:30:54,2025-12-16T00:30:54,60.01,1.0,SetByBid
2025-12-16 00:30:54,2025-12-16T00:30:54,60.01,1.0,SetByBid
2025-12-16 00:31:05,2025-12-16T00:31:05,60.0,1.0,SetByAsk
2025-12-16 00:34:01,2025-12-16T00:34:01,59.98,1.0,SetByAsk
2025-12-16 00:35:00,2025-12-16T00:35:00,59.99,1.0,SetByAsk
2025-12-16 00:35:00,2025-12-16T00:35:00,59.99,1.0,SetByAsk
2025-12-16 00:35:00,2025-12-16T00:35:00,59.99,1.0,SetByAsk
2025-12-16 00:35:00,2025-12-16T00:35:00,59.99,1.0,SetByAsk
2025-12-16 00:37:34,2025-12-16T00:37:34,59.99,1.0,SetByBid
2025-12-16 00:39:32,2025-12-16T00:39:32,60.0,1.0,SetByBid
2025-12-16 00:40:21,2025-12-16T00:40:21,60.01,1.0,SetByBid
2025-12-16 00:40:40,2025-12-16T00:40:40,60.01,1.0,SetByBid
2025-12-16 00:40:40,2025-12-16T00:40:40,60.01,1.0,SetByBid
2025-12-16 00:40:40,2025-12-16T00:40:40,60.01,1.0,SetByBid
2025-12-16 00:43:16,2025-12-16T00:43:16,60.0,1.0,SetByBid
2025-12-16 00:43:16,2025-12-16T00:43:16,60.0,1.0,SetByBid
2025-12-16 00:43:33,2025-12-16T00:43:33,60.0,1.0,SetByBid
2025-12-16 00:43:33,2025-12-16T00:43:33,60.0,2.0,SetByBid
2025-12-16 00:43:33,2025-12-16T00:43:33,60.0,2.0,SetByBid
2025-12-16 00:43:33,2025-12-16T00:43:33,60.0,2.0,SetByBid
2025-12-16 00:43:33,2025-12-16T00:43:33,60.0,1.0,SetByBid
2025-12-16 00:43:45,2025-12-16T00:43:45,59.99,1.0,SetByAsk
2025-12-16 00:43:45,2025-12-16T00:43:45,59.99,1.0,SetByAsk
2025-12-16 00:43:45,2025-12-16T00:43:45,59.99,1.0,SetByAsk
2025-12-16 00:43:45,2025-12-16T00:43:45,59.99,2.0,"SetByAsk, Leg"
2025-12-16 00:43:45,2025-12-16T00:43:45,59.98,2.0,"SetByAsk, Leg"
2025-12-16 00:45:02,2025-12-16T00:45:02,59.99,1.0,SetByBid
2025-12-16 00:45:02,2025-12-16T00:45:02,59.99,1.0,SetByBid
2025-12-16 00:50:00,2025-12-16T00:50:00,60.0,1.0,SetByBid
2025-12-16 00:50:00,2025-12-16T00:50:00,60.0,1.0,SetByBid
2025-12-16 00:50:24,2025-12-16T00:50:24,60.0,1.0,SetByBid
2025-12-16 00:50:24,2025-12-16T00:50:24,60.0,1.0,SetByBid
2025-12-16 00:50:24,2025-12-16T00:50:24,60.0,1.0,SetByBid
2025-12-16 00:50:30,2025-12-16T00:50:30,60.01,1.0,SetByBid
2025-12-16 00:50:30,2025-12-16T00:50:30,60.01,1.0,SetByBid
2025-12-16 00:50:34,2025-12-16T00:50:34,60.02,1.0,SetByBid
2025-12-16 00:50:34,2025-12-16T00:50:34,60.02,1.0,SetByBid
2025-12-16 00:50:34,2025-12-16T00:50:34,60.02,1.0,SetByBid
2025-12-16 00:50:34,2025-12-16T00:50:34,60.02,1.0,SetByBid
2025-12-16 00:51:02,2025-12-16T00:51:02,60.02,1.0,SetByAsk
2025-12-16 00:51:06,2025-12-16T00:51:06,60.01,1.0,SetByAsk
2025-12-16 00:51:06,2025-12-16T00:51:06,60.01,1.0,SetByAsk
2025-12-16 00:51:06,2025-12-16T00:51:06,60.01,1.0,SetByAsk
2025-12-16 00:52:02,2025-12-16T00:52:02,60.01,1.0,SetByAsk
2025-12-16 00:52:02,2025-12-16T00:52:02,60.01,1.0,SetByAsk
2025-12-16 00:52:02,2025-12-16T00:52:02,60.01,1.0,SetByBid
2025-12-16 00:53:33,2025-12-16T00:53:33,60.03,1.0,SetByBid
2025-12-16 00:53:33,2025-12-16T00:53:33,60.03,1.0,SetByBid
2025-12-16 00:53:33,2025-12-16T00:53:33,60.03,1.0,SetByBid
2025-12-16 00:53:39,2025-12-16T00:53:39,60.03,1.0,SetByBid
2025-12-16 00:55:25,2025-12-16T00:55:25,60.0,1.0,SetByAsk
2025-12-16 00:55:59,2025-12-16T00:55:59,60.0,1.0,SetByBid
2025-12-16 00:56:04,2025-12-16T00:56:04,60.0,1.0,SetByBid
2025-12-16 00:56:08,2025-12-16T00:56:08,60.0,1.0,SetByBid
2025-12-16 00:56:08,2025-12-16T00:56:08,60.0,1.0,SetByBid
2025-12-16 00:56:08,2025-12-16T00:56:08,60.0,1.0,SetByBid
2025-12-16 00:58:27,2025-12-16T00:58:27,59.98,1.0,SetByAsk
2025-12-16 00:58:50,2025-12-16T00:58:50,60.0,1.0,SetByBid
2025-12-16 00:58:50,2025-12-16T00:58:50,60.0,1.0,SetByBid
2025-12-16 00:58:50,2025-12-16T00:58:50,60.0,1.0,SetByBid
2025-12-16 00:59:17,2025-12-16T00:59:17,60.0,1.0,SetByBid
2025-12-16 00:59:55,2025-12-16T00:59:55,59.99,1.0,SetByAsk
2025-12-16 01:02:01,2025-12-16T01:02:01,59.99,1.0,SetByAsk
2025-12-16 01:05:21,2025-12-16T01:05:21,59.98,2.0,SetByBid
2025-12-16 01:05:45,2025-12-16T01:05:45,59.97,1.0,SetByAsk
2025-12-16 01:06:14,2025-12-16T01:06:14,59.95,1.0,SetByBid
2025-12-16 01:06:23,2025-12-16T01:06:23,59.95,1.0,SetByBid
2025-12-16 01:06:23,2025-12-16T01:06:23,59.95,1.0,SetByBid
2025-12-16 01:06:23,2025-12-16T01:06:23,59.95,1.0,SetByBid
2025-12-16 01:06:23,2025-12-16T01:06:23,59.96,1.0,SetByBid
2025-12-16 01:06:23,2025-12-16T01:06:23,59.96,1.0,SetByBid
2025-12-16 01:06:23,2025-12-16T01:06:23,59.96,1.0,SetByBid
2025-12-16 01:06:23,2025-12-16T01:06:23,59.96,1.0,SetByBid
2025-12-16 01:06:23,2025-12-16T01:06:23,59.96,1.0,SetByBid
2025-12-16 01:06:23,2025-12-16T01:06:23,59.96,1.0,SetByBid
2025-12-16 01:06:23,2025-12-16T01:06:23,59.96,1.0,SetByBid
2025-12-16 01:06:23,2025-12-16T01:06:23,59.96,1.0,SetByBid
2025-12-16 01:06:23,2025-12-16T01:06:23,59.96,1.0,SetByBid
2025-12-16 01:06:23,2025-12-16T01:06:23,59.96,2.0,SetByBid
2025-12-16 01:06:23,2025-12-16T01:06:23,59.96,3.0,SetByBid
2025-12-16 01:06:23,2025-12-16T01:06:23,59.96,1.0,SetByBid
2025-12-16 01:06:23,2025-12-16T01:06:23,59.96,1.0,SetByBid
2025-12-16 01:06:23,2025-12-16T01:06:23,59.96,1.0,SetByBid
2025-12-16 01:06:23,2025-12-16T01:06:23,59.96,3.0,SetByBid
2025-12-16 01:06:23,2025-12-16T01:06:23,59.96,1.0,SetByBid
2025-12-16 01:06:23,2025-12-16T01:06:23,59.96,1.0,SetByBid
2025-12-16 01:06:23,2025-12-16T01:06:23,59.96,1.0,SetByBid
2025-12-16 01:08:20,2025-12-16T01:08:20,59.94,1.0,SetByAsk
2025-12-16 01:10:18,2025-12-16T01:10:18,59.93,1.0,SetByBid
2025-12-16 01:10:18,2025-12-16T01:10:18,59.93,1.0,SetByBid
2025-12-16 01:10:18,2025-12-16T01:10:18,59.93,3.0,SetByBid
2025-12-16 01:10:18,2025-12-16T01:10:18,59.93,4.0,SetByBid
2025-12-16 01:10:22,2025-12-16T01:10:22,59.93,1.0,SetByAsk
2025-12-16 01:12:19,2025-12-16T01:12:19,59.94,1.0,SetByAsk
2025-12-16 01:12:59,2025-12-16T01:12:59,59.95,2.0,SetByBid
2025-12-16 01:14:47,2025-12-16T01:14:47,59.94,1.0,SetByAsk
2025-12-16 01:16:07,2025-12-16T01:16:07,59.94,1.0,SetByAsk
2025-12-16 01:16:07,2025-12-16T01:16:07,59.94,1.0,SetByBid
2025-12-16 01:16:07,2025-12-16T01:16:07,59.94,1.0,SetByBid
2025-12-16 01:16:07,2025-12-16T01:16:07,59.94,1.0,SetByBid
2025-12-16 01:17:07,2025-12-16T01:17:07,59.94,1.0,SetByBid
2025-12-16 01:20:06,2025-12-16T01:20:06,59.95,1.0,SetByBid
2025-12-16 01:21:12,2025-12-16T01:21:12,59.96,1.0,SetByBid
2025-12-16 01:21:12,2025-12-16T01:21:12,59.96,1.0,SetByBid
2025-12-16 01:21:12,2025-12-16T01:21:12,59.96,1.0,SetByBid
2025-12-16 01:21:12,2025-12-16T01:21:12,59.96,1.0,SetByBid
2025-12-16 01:21:12,2025-12-16T01:21:12,59.96,2.0,SetByBid
2025-12-16 01:22:58,2025-12-16T01:22:58,59.95,1.0,SetByBid
2025-12-16 01:22:58,2025-12-16T01:22:58,59.95,1.0,SetByBid
2025-12-16 01:23:06,2025-12-16T01:23:06,59.96,1.0,SetByBid
2025-12-16 01:26:41,2025-12-16T01:26:41,59.95,1.0,SetByAsk
2025-12-16 01:29:35,2025-12-16T01:29:35,59.94,2.0,SetByBid
2025-12-16 01:29:46,2025-12-16T01:29:46,59.93,2.0,SetByAsk
2025-12-16 01:34:03,2025-12-16T01:34:03,59.95,1.0,SetByBid
2025-12-16 01:34:03,2025-12-16T01:34:03,59.95,1.0,SetByBid
2025-12-16 01:36:46,2025-12-16T01:36:46,59.97,1.0,SetByBid
2025-12-16 01:38:35,2025-12-16T01:38:35,59.97,2.0,SetByAsk
2025-12-16 01:38:35,2025-12-16T01:38:35,59.97,1.0,SetByAsk
2025-12-16 01:38:35,2025-12-16T01:38:35,59.97,1.0,SetByAsk
2025-12-16 01:45:20,2025-12-16T01:45:20,59.99,1.0,SetByBid
2025-12-16 01:46:12,2025-12-16T01:46:12,60.0,1.0,SetByBid
2025-12-16 01:46:22,2025-12-16T01:46:22,60.0,1.0,SetByBid
2025-12-16 01:46:23,2025-12-16T01:46:23,60.0,1.0,SetByBid
2025-12-16 01:46:27,2025-12-16T01:46:27,60.0,1.0,SetByBid
2025-12-16 01:46:29,2025-12-16T01:46:29,60.0,1.0,SetByBid
2025-12-16 01:46:31,2025-12-16T01:46:31,60.0,1.0,SetByBid
2025-12-16 01:46:31,2025-12-16T01:46:31,60.0,1.0,SetByAsk
2025-12-16 01:46:32,2025-12-16T01:46:32,60.0,1.0,SetByBid
2025-12-16 01:46:34,2025-12-16T01:46:34,60.0,1.0,SetByBid
2025-12-16 01:46:41,2025-12-16T01:46:41,59.99,1.0,SetByAsk
2025-12-16 01:46:41,2025-12-16T01:46:41,59.99,1.0,SetByAsk
2025-12-16 01:46:41,2025-12-16T01:46:41,59.99,1.0,SetByAsk
2025-12-16 01:46:41,2025-12-16T01:46:41,59.99,1.0,SetByAsk
2025-12-16 01:46:41,2025-12-16T01:46:41,59.99,1.0,SetByAsk
2025-12-16 01:46:41,2025-12-16T01:46:41,59.98,1.0,SetByAsk
2025-12-16 01:46:41,2025-12-16T01:46:41,59.98,1.0,SetByAsk
2025-12-16 01:46:41,2025-12-16T01:46:41,59.98,1.0,SetByAsk
2025-12-16 01:46:41,2025-12-16T01:46:41,59.98,2.0,SetByAsk
2025-12-16 01:46:41,2025-12-16T01:46:41,59.98,1.0,SetByAsk
2025-12-16 01:46:41,2025-12-16T01:46:41,59.98,1.0,SetByAsk
2025-12-16 01:46:41,2025-12-16T01:46:41,59.98,1.0,SetByAsk
2025-12-16 01:46:41,2025-12-16T01:46:41,59.98,1.0,SetByAsk
2025-12-16 01:46:41,2025-12-16T01:46:41,59.98,4.0,SetByAsk
2025-12-16 01:46:41,2025-12-16T01:46:41,59.98,3.0,SetByAsk
2025-12-16 01:46:41,2025-12-16T01:46:41,59.98,1.0,SetByAsk
2025-12-16 01:46:41,2025-12-16T01:46:41,59.98,1.0,SetByAsk
2025-12-16 01:46:41,2025-12-16T01:46:41,59.98,2.0,SetByBid
2025-12-16 01:46:41,2025-12-16T01:46:41,59.98,1.0,SetByBid
2025-12-16 01:46:41,2025-12-16T01:46:41,59.98,1.0,SetByAsk
2025-12-16 01:46:41,2025-12-16T01:46:41,59.98,1.0,SetByBid
2025-12-16 01:46:41,2025-12-16T01:46:41,59.98,1.0,SetByBid
2025-12-16 01:46:41,2025-12-16T01:46:41,59.98,1.0,SetByAsk
2025-12-16 01:46:41,2025-12-16T01:46:41,59.98,1.0,SetByBid
2025-12-16 01:46:41,2025-12-16T01:46:41,59.98,1.0,SetByBid
2025-12-16 01:46:41,2025-12-16T01:46:41,59.98,1.0,SetByBid
2025-12-16 01:46:41,2025-12-16T01:46:41,59.98,1.0,SetByAsk
2025-12-16 01:46:41,2025-12-16T01:46:41,59.98,1.0,SetByBid
2025-12-16 01:46:41,2025-12-16T01:46:41,59.98,1.0,SetByBid
2025-12-16 01:46:41,2025-12-16T01:46:41,59.98,1.0,SetByBid
2025-12-16 01:46:41,2025-12-16T01:46:41,59.98,1.0,SetByBid
2025-12-16 01:46:41,2025-12-16T01:46:41,59.98,1.0,SetByBid
2025-12-16 01:46:41,2025-12-16T01:46:41,59.98,1.0,SetByBid
2025-12-16 01:46:41,2025-12-16T01:46:41,59.98,1.0,SetByBid
2025-12-16 01:46:41,2025-12-16T01:46:41,59.98,3.0,SetByAsk
2025-12-16 01:46:41,2025-12-16T01:46:41,59.98,1.0,SetByAsk
2025-12-16 01:46:41,2025-12-16T01:46:41,59.98,1.0,SetByBid
2025-12-16 01:46:41,2025-12-16T01:46:41,59.98,3.0,SetByBid
2025-12-16 01:46:41,2025-12-16T01:46:41,59.98,3.0,SetByBid
2025-12-16 01:46:41,2025-12-16T01:46:41,59.98,3.0,SetByBid
2025-12-16 01:46:41,2025-12-16T01:46:41,59.99,135.0,SetByBid
2025-12-16 01:46:41,2025-12-16T01:46:41,59.99,1.0,SetByBid
2025-12-16 01:46:41,2025-12-16T01:46:41,59.99,1.0,SetByBid
2025-12-16 01:46:52,2025-12-16T01:46:52,59.98,1.0,SetByAsk
2025-12-16 01:46:52,2025-12-16T01:46:52,59.98,1.0,SetByAsk
2025-12-16 01:46:52,2025-12-16T01:46:52,59.98,1.0,SetByAsk
2025-12-16 01:46:52,2025-12-16T01:46:52,59.98,2.0,SetByAsk
2025-12-16 01:46:52,2025-12-16T01:46:52,59.98,4.0,SetByBid
2025-12-16 01:46:52,2025-12-16T01:46:52,59.98,1.0,SetByAsk
2025-12-16 01:46:52,2025-12-16T01:46:52,59.98,1.0,SetByAsk
2025-12-16 01:46:52,2025-12-16T01:46:52,59.98,1.0,SetByBid
2025-12-16 01:46:52,2025-12-16T01:46:52,59.98,1.0,SetByAsk
2025-12-16 01:46:52,2025-12-16T01:46:52,59.98,1.0,SetByAsk
2025-12-16 01:46:52,2025-12-16T01:46:52,59.98,1.0,SetByBid
2025-12-16 01:46:52,2025-12-16T01:46:52,59.98,1.0,SetByBid
2025-12-16 01:46:52,2025-12-16T01:46:52,59.98,1.0,SetByBid
2025-12-16 01:46:52,2025-12-16T01:46:52,59.98,1.0,SetByAsk
2025-12-16 01:46:52,2025-12-16T01:46:52,59.98,1.0,SetByBid
2025-12-16 01:46:52,2025-12-16T01:46:52,59.98,2.0,SetByBid
2025-12-16 01:46:52,2025-12-16T01:46:52,59.99,140.0,SetByBid
2025-12-16 01:47:07,2025-12-16T01:47:07,60.0,1.0,SetByBid
2025-12-16 01:47:07,2025-12-16T01:47:07,60.0,1.0,SetByBid
2025-12-16 01:47:07,2025-12-16T01:47:07,59.99,1.0,SetByAsk
2025-12-16 01:47:07,2025-12-16T01:47:07,59.99,1.0,SetByAsk
2025-12-16 01:47:07,2025-12-16T01:47:07,59.99,1.0,SetByAsk
2025-12-16 01:47:07,2025-12-16T01:47:07,59.99,1.0,SetByAsk
2025-12-16 01:47:07,2025-12-16T01:47:07,59.99,1.0,SetByAsk
2025-12-16 01:47:07,2025-12-16T01:47:07,59.99,1.0,SetByAsk
2025-12-16 01:47:07,2025-12-16T01:47:07,59.99,1.0,SetByAsk
2025-12-16 01:47:07,2025-12-16T01:47:07,59.99,1.0,SetByAsk
2025-12-16 01:47:07,2025-12-16T01:47:07,59.99,3.0,SetByAsk
2025-12-16 01:47:07,2025-12-16T01:47:07,59.99,1.0,SetByAsk
2025-12-16 01:47:07,2025-12-16T01:47:07,59.99,1.0,SetByAsk
2025-12-16 01:47:07,2025-12-16T01:47:07,59.99,1.0,SetByAsk
2025-12-16 01:47:07,2025-12-16T01:47:07,59.99,1.0,SetByAsk
2025-12-16 01:47:07,2025-12-16T01:47:07,59.99,125.0,SetByBid
2025-12-16 01:47:08,2025-12-16T01:47:08,60.0,1.0,SetByBid
2025-12-16 01:47:08,2025-12-16T01:47:08,60.0,1.0,SetByBid
2025-12-16 01:47:09,2025-12-16T01:47:09,60.0,1.0,SetByBid
2025-12-16 01:47:12,2025-12-16T01:47:12,59.99,1.0,SetByAsk
2025-12-16 01:47:12,2025-12-16T01:47:12,59.99,1.0,SetByAsk
2025-12-16 01:47:22,2025-12-16T01:47:22,59.99,1.0,SetByAsk
2025-12-16 01:47:31,2025-12-16T01:47:31,59.98,2.0,SetByBid
2025-12-16 01:47:31,2025-12-16T01:47:31,59.98,1.0,SetByBid
2025-12-16 01:47:45,2025-12-16T01:47:45,59.98,4.0,SetByBid
2025-12-16 01:47:55,2025-12-16T01:47:55,59.98,4.0,SetByBid
2025-12-16 01:47:55,2025-12-16T01:47:55,59.98,4.0,SetByAsk
2025-12-16 01:47:55,2025-12-16T01:47:55,59.98,1.0,SetByBid
2025-12-16 01:47:55,2025-12-16T01:47:55,59.98,2.0,SetByBid
2025-12-16 01:47:55,2025-12-16T01:47:55,59.98,1.0,SetByBid
2025-12-16 01:47:55,2025-12-16T01:47:55,59.98,3.0,SetByBid
2025-12-16 01:47:55,2025-12-16T01:47:55,59.98,1.0,SetByAsk
2025-12-16 01:48:05,2025-12-16T01:48:05,59.98,140.0,SetByBid
2025-12-16 01:48:06,2025-12-16T01:48:06,59.98,1.0,SetByAsk
2025-12-16 01:48:06,2025-12-16T01:48:06,59.98,1.0,SetByAsk
2025-12-16 01:48:13,2025-12-16T01:48:13,59.98,1.0,SetByBid
2025-12-16 01:48:13,2025-12-16T01:48:13,59.98,3.0,SetByBid
2025-12-16 01:48:13,2025-12-16T01:48:13,59.98,1.0,SetByBid
2025-12-16 01:48:13,2025-12-16T01:48:13,59.98,3.0,SetByBid
2025-12-16 01:48:15,2025-12-16T01:48:15,59.98,1.0,SetByBid
2025-12-16 01:48:15,2025-12-16T01:48:15,59.98,2.0,SetByBid
2025-12-16 01:48:20,2025-12-16T01:48:20,59.98,2.0,SetByBid
2025-12-16 01:48:20,2025-12-16T01:48:20,59.98,1.0,SetByAsk
2025-12-16 01:48:20,2025-12-16T01:48:20,59.98,1.0,SetByBid
2025-12-16 01:48:20,2025-12-16T01:48:20,59.98,1.0,SetByBid
2025-12-16 01:48:20,2025-12-16T01:48:20,59.98,1.0,SetByAsk
2025-12-16 01:48:20,2025-12-16T01:48:20,59.98,1.0,SetByAsk
2025-12-16 01:48:20,2025-12-16T01:48:20,59.98,1.0,SetByBid
2025-12-16 01:48:20,2025-12-16T01:48:20,59.98,1.0,SetByBid
2025-12-16 01:48:20,2025-12-16T01:48:20,59.98,1.0,SetByBid
2025-12-16 01:48:20,2025-12-16T01:48:20,59.98,1.0,SetByBid
2025-12-16 01:48:20,2025-12-16T01:48:20,59.98,1.0,SetByBid
2025-12-16 01:48:20,2025-12-16T01:48:20,59.98,1.0,SetByAsk
2025-12-16 01:48:20,2025-12-16T01:48:20,59.98,1.0,SetByBid
2025-12-16 01:48:20,2025-12-16T01:48:20,59.98,4.0,SetByBid
2025-12-16 01:48:20,2025-12-16T01:48:20,59.98,2.0,SetByBid
2025-12-16 01:48:20,2025-12-16T01:48:20,59.98,2.0,SetByBid
2025-12-16 01:48:20,2025-12-16T01:48:20,59.98,1.0,SetByAsk
2025-12-16 01:48:20,2025-12-16T01:48:20,59.98,1.0,SetByBid
2025-12-16 01:48:22,2025-12-16T01:48:22,59.98,2.0,SetByBid
2025-12-16 01:48:23,2025-12-16T01:48:23,59.98,4.0,SetByBid
2025-12-16 01:48:23,2025-12-16T01:48:23,59.98,1.0,SetByBid
2025-12-16 01:48:27,2025-12-16T01:48:27,59.98,3.0,SetByBid
2025-12-16 01:48:27,2025-12-16T01:48:27,59.98,1.0,SetByAsk
2025-12-16 01:48:27,2025-12-16T01:48:27,59.98,1.0,SetByBid
2025-12-16 01:48:27,2025-12-16T01:48:27,59.98,1.0,SetByBid
2025-12-16 01:48:27,2025-12-16T01:48:27,59.98,2.0,SetByBid
2025-12-16 01:48:27,2025-12-16T01:48:27,59.99,1.0,SetByBid
2025-12-16 01:48:27,2025-12-16T01:48:27,59.99,1.0,SetByBid
2025-12-16 01:48:27,2025-12-16T01:48:27,59.99,140.0,SetByBid
2025-12-16 01:48:32,2025-12-16T01:48:32,59.99,1.0,SetByAsk
2025-12-16 01:48:50,2025-12-16T01:48:50,59.99,1.0,SetByAsk
2025-12-16 01:49:08,2025-12-16T01:49:08,59.98,1.0,SetByAsk
2025-12-16 01:49:35,2025-12-16T01:49:35,59.99,1.0,SetByBid
2025-12-16 01:49:36,2025-12-16T01:49:36,59.99,1.0,SetByBid
2025-12-16 01:51:13,2025-12-16T01:51:13,59.99,1.0,SetByBid
2025-12-16 01:51:13,2025-12-16T01:51:13,59.99,1.0,SetByBid
2025-12-16 01:51:13,2025-12-16T01:51:13,59.99,1.0,SetByBid
2025-12-16 01:51:50,2025-12-16T01:51:50,60.0,1.0,SetByBid
2025-12-16 01:51:59,2025-12-16T01:51:59,60.0,1.0,SetByBid
2025-12-16 01:51:59,2025-12-16T01:51:59,60.0,1.0,SetByBid
2025-12-16 01:52:19,2025-12-16T01:52:19,60.01,1.0,SetByBid
2025-12-16 01:52:19,2025-12-16T01:52:19,60.01,5.0,SetByBid
2025-12-16 01:52:22,2025-12-16T01:52:22,60.01,1.0,SetByBid
2025-12-16 01:52:22,2025-12-16T01:52:22,60.01,1.0,SetByBid
2025-12-16 01:52:39,2025-12-16T01:52:39,60.01,1.0,SetByBid
2025-12-16 01:52:39,2025-12-16T01:52:39,60.01,1.0,SetByBid
2025-12-16 01:52:44,2025-12-16T01:52:44,60.01,1.0,SetByBid
2025-12-16 01:53:11,2025-12-16T01:53:11,60.01,1.0,SetByBid
2025-12-16 01:53:11,2025-12-16T01:53:11,60.01,1.0,SetByBid
2025-12-16 01:54:11,2025-12-16T01:54:11,60.03,1.0,SetByBid
2025-12-16 01:55:00,2025-12-16T01:55:00,60.02,1.0,SetByAsk
2025-12-16 01:55:00,2025-12-16T01:55:00,60.02,1.0,SetByAsk
2025-12-16 01:55:00,2025-12-16T01:55:00,60.02,1.0,SetByAsk
2025-12-16 01:55:00,2025-12-16T01:55:00,60.02,1.0,SetByAsk
2025-12-16 01:55:00,2025-12-16T01:55:00,60.02,1.0,SetByAsk
2025-12-16 01:55:00,2025-12-16T01:55:00,60.02,1.0,SetByAsk
2025-12-16 01:55:00,2025-12-16T01:55:00,60.02,1.0,SetByAsk
2025-12-16 01:56:36,2025-12-16T01:56:36,60.03,1.0,SetByBid
2025-12-16 01:56:36,2025-12-16T01:56:36,60.03,1.0,SetByBid
2025-12-16 01:56:41,2025-12-16T01:56:41,60.03,1.0,SetByBid
2025-12-16 01:56:44,2025-12-16T01:56:44,60.03,1.0,SetByBid
2025-12-16 01:56:44,2025-12-16T01:56:44,60.03,1.0,SetByBid
2025-12-16 01:56:44,2025-12-16T01:56:44,60.03,1.0,SetByBid
2025-12-16 01:57:06,2025-12-16T01:57:06,60.02,1.0,SetByBid
2025-12-16 01:57:06,2025-12-16T01:57:06,60.02,1.0,SetByBid
2025-12-16 01:57:39,2025-12-16T01:57:39,60.01,1.0,SetByBid
2025-12-16 01:58:24,2025-12-16T01:58:24,60.02,1.0,SetByBid
2025-12-16 01:58:24,2025-12-16T01:58:24,60.02,1.0,SetByBid
2025-12-16 01:58:35,2025-12-16T01:58:35,60.02,1.0,SetByBid
2025-12-16 01:58:35,2025-12-16T01:58:35,60.02,1.0,SetByAsk
2025-12-16 01:59:11,2025-12-16T01:59:11,60.01,1.0,SetByAsk
2025-12-16 01:59:44,2025-12-16T01:59:44,60.0,1.0,SetByAsk
2025-12-16 01:59:44,2025-12-16T01:59:44,60.0,1.0,SetByAsk
2025-12-16 01:59:44,2025-12-16T01:59:44,60.0,1.0,SetByBid
2025-12-16 01:59:44,2025-12-16T01:59:44,60.0,1.0,SetByBid
2025-12-16 02:00:12,2025-12-16T02:00:12,60.01,1.0,SetByBid
2025-12-16 02:10:05,2025-12-16T02:10:05,60.0,1.0,SetByAsk
2025-12-16 02:10:05,2025-12-16T02:10:05,60.0,1.0,SetByAsk
2025-12-16 02:10:05,2025-12-16T02:10:05,60.0,1.0,SetByAsk
2025-12-16 02:10:05,2025-12-16T02:10:05,60.0,1.0,SetByAsk
2025-12-16 02:59:55,2025-12-16T02:59:55,59.94,1.0,SetByBid
2025-12-16 05:00:01,2025-12-16T05:00:01,59.99,1.0,SetByBid
2025-12-16 05:00:01,2025-12-16T05:00:01,59.97,1.0,SetByAsk
2025-12-16 05:00:02,2025-12-16T05:00:02,59.96,1.0,SetByAsk
2025-12-16 05:00:04,2025-12-16T05:00:04,59.96,1.0,SetByBid
2025-12-16 05:00:07,2025-12-16T05:00:07,59.96,1.0,SetByBid
2025-12-16 05:00:07,2025-12-16T05:00:07,59.96,1.0,SetByBid
2025-12-16 05:00:15,2025-12-16T05:00:15,59.94,1.0,SetByAsk
2025-12-16 05:00:18,2025-12-16T05:00:18,59.93,1.0,SetByBid
2025-12-16 05:00:18,2025-12-16T05:00:18,59.93,1.0,SetByBid
2025-12-16 05:00:18,2025-12-16T05:00:18,59.93,1.0,SetByBid
2025-12-16 05:00:20,2025-12-16T05:00:20,59.94,1.0,SetByBid
2025-12-16 05:00:21,2025-12-16T05:00:21,59.95,1.0,SetByBid
2025-12-16 05:00:25,2025-12-16T05:00:25,59.93,1.0,SetByAsk
2025-12-16 05:00:25,2025-12-16T05:00:25,59.93,1.0,SetByAsk
2025-12-16 05:00:26,2025-12-16T05:00:26,59.93,1.0,SetByAsk
2025-12-16 05:00:26,2025-12-16T05:00:26,59.93,1.0,SetByAsk
2025-12-16 05:00:27,2025-12-16T05:00:27,59.93,1.0,SetByAsk
2025-12-16 05:00:28,2025-12-16T05:00:28,59.93,1.0,SetByAsk
2025-12-16 05:00:28,2025-12-16T05:00:28,59.93,1.0,SetByAsk
2025-12-16 05:00:28,2025-12-16T05:00:28,59.93,1.0,SetByAsk
2025-12-16 05:00:28,2025-12-16T05:00:28,59.93,1.0,SetByAsk
2025-12-16 05:00:29,2025-12-16T05:00:29,59.93,1.0,SetByAsk
2025-12-16 05:00:29,2025-12-16T05:00:29,59.93,1.0,SetByAsk
2025-12-16 05:00:30,2025-12-16T05:00:30,59.93,1.0,SetByAsk
2025-12-16 05:00:30,2025-12-16T05:00:30,59.93,1.0,SetByAsk
2025-12-16 05:00:30,2025-12-16T05:00:30,59.94,1.0,SetByAsk
2025-12-16 05:00:30,2025-12-16T05:00:30,59.93,1.0,SetByAsk
2025-12-16 05:00:31,2025-12-16T05:00:31,59.93,1.0,SetByAsk
2025-12-16 05:00:31,2025-12-16T05:00:31,59.93,1.0,SetByAsk
2025-12-16 05:00:31,2025-12-16T05:00:31,59.93,1.0,SetByAsk
2025-12-16 05:00:31,2025-12-16T05:00:31,59.93,1.0,SetByAsk
2025-12-16 05:00:33,2025-12-16T05:00:33,59.93,1.0,SetByAsk
2025-12-16 05:00:34,2025-12-16T05:00:34,59.93,1.0,SetByAsk
2025-12-16 05:00:34,2025-12-16T05:00:34,59.93,1.0,SetByAsk
2025-12-16 05:00:34,2025-12-16T05:00:34,59.93,1.0,SetByAsk
2025-12-16 05:00:34,2025-12-16T05:00:34,59.93,2.0,SetByAsk
2025-12-16 05:00:34,2025-12-16T05:00:34,59.92,1.0,SetByAsk
2025-12-16 05:00:34,2025-12-16T05:00:34,59.92,1.0,SetByAsk
2025-12-16 05:00:34,2025-12-16T05:00:34,59.92,1.0,SetByAsk
2025-12-16 05:00:34,2025-12-16T05:00:34,59.92,1.0,SetByAsk
2025-12-16 05:00:39,2025-12-16T05:00:39,59.92,1.0,SetByAsk
2025-12-16 05:00:40,2025-12-16T05:00:40,59.92,1.0,SetByBid
2025-12-16 05:00:40,2025-12-16T05:00:40,59.92,1.0,SetByBid
2025-12-16 05:01:20,2025-12-16T05:01:20,59.92,1.0,SetByAsk
2025-12-16 05:01:20,2025-12-16T05:01:20,59.92,1.0,SetByAsk
2025-12-16 05:01:20,2025-12-16T05:01:20,59.91,1.0,SetByAsk
2025-12-16 05:01:27,2025-12-16T05:01:27,59.94,1.0,"SetByAsk, Leg"
2025-12-16 05:01:27,2025-12-16T05:01:27,59.93,1.0,"SetByAsk, Leg"
2025-12-16 05:01:35,2025-12-16T05:01:35,59.94,1.0,SetByBid
2025-12-16 05:01:37,2025-12-16T05:01:37,59.92,1.0,SetByBid
2025-12-16 05:01:39,2025-12-16T05:01:39,59.91,1.0,SetByAsk
2025-12-16 05:01:39,2025-12-16T05:01:39,59.91,1.0,SetByAsk
2025-12-16 05:01:46,2025-12-16T05:01:46,59.9,1.0,SetByAsk
2025-12-16 05:01:46,2025-12-16T05:01:46,59.9,1.0,SetByAsk
2025-12-16 05:01:46,2025-12-16T05:01:46,59.9,1.0,SetByAsk
2025-12-16 05:01:46,2025-12-16T05:01:46,59.9,1.0,SetByAsk
2025-12-16 05:01:46,2025-12-16T05:01:46,59.9,1.0,SetByAsk
2025-12-16 05:01:46,2025-12-16T05:01:46,59.9,1.0,SetByAsk
2025-12-16 05:01:46,2025-12-16T05:01:46,59.9,1.0,SetByAsk
2025-12-16 05:01:47,2025-12-16T05:01:47,59.89,1.0,SetByAsk
2025-12-16 05:01:47,2025-12-16T05:01:47,59.89,1.0,SetByAsk
2025-12-16 05:01:47,2025-12-16T05:01:47,59.89,1.0,SetByAsk
2025-12-16 05:01:47,2025-12-16T05:01:47,59.89,1.0,SetByAsk
2025-12-16 05:01:47,2025-12-16T05:01:47,59.89,1.0,SetByAsk
2025-12-16 05:02:00,2025-12-16T05:02:00,59.93,1.0,SetByAsk
2025-12-16 05:02:11,2025-12-16T05:02:11,59.94,1.0,SetByAsk
2025-12-16 05:02:29,2025-12-16T05:02:29,59.92,1.0,SetByBid
2025-12-16 05:02:29,2025-12-16T05:02:29,59.92,1.0,SetByBid
2025-12-16 05:02:56,2025-12-16T05:02:56,59.92,1.0,SetByBid
2025-12-16 05:02:56,2025-12-16T05:02:56,59.92,1.0,SetByBid
2025-12-16 05:02:56,2025-12-16T05:02:56,59.92,1.0,SetByBid
2025-12-16 05:02:58,2025-12-16T05:02:58,59.92,1.0,SetByAsk
2025-12-16 05:02:58,2025-12-16T05:02:58,59.92,1.0,SetByAsk
2025-12-16 05:03:07,2025-12-16T05:03:07,59.91,1.0,SetByBid
2025-12-16 05:03:35,2025-12-16T05:03:35,59.9,1.0,SetByBid
2025-12-16 05:03:55,2025-12-16T05:03:55,59.92,1.0,SetByBid
2025-12-16 05:03:58,2025-12-16T05:03:58,59.91,1.0,SetByBid
2025-12-16 05:04:01,2025-12-16T05:04:01,59.91,1.0,SetByBid
2025-12-16 05:04:15,2025-12-16T05:04:15,59.9,1.0,SetByBid
2025-12-16 05:04:15,2025-12-16T05:04:15,59.9,1.0,SetByBid
2025-12-16 05:04:15,2025-12-16T05:04:15,59.9,1.0,SetByBid
2025-12-16 05:04:16,2025-12-16T05:04:16,59.9,1.0,SetByBid
2025-12-16 05:04:22,2025-12-16T05:04:22,59.91,1.0,SetByBid
2025-12-16 05:04:22,2025-12-16T05:04:22,59.91,1.0,SetByBid
2025-12-16 05:04:24,2025-12-16T05:04:24,59.91,1.0,SetByBid
2025-12-16 05:04:26,2025-12-16T05:04:26,59.91,1.0,SetByBid
2025-12-16 05:04:26,2025-12-16T05:04:26,59.91,1.0,SetByBid
2025-12-16 05:04:26,2025-12-16T05:04:26,59.91,1.0,SetByBid
2025-12-16 05:04:28,2025-12-16T05:04:28,59.91,1.0,SetByBid
2025-12-16 05:04:28,2025-12-16T05:04:28,59.91,1.0,SetByBid
2025-12-16 05:05:04,2025-12-16T05:05:04,59.93,1.0,SetByBid
2025-12-16 05:05:29,2025-12-16T05:05:29,59.87,1.0,SetByAsk
2025-12-16 05:05:29,2025-12-16T05:05:29,59.87,1.0,SetByAsk
2025-12-16 05:05:29,2025-12-16T05:05:29,59.87,1.0,SetByAsk
2025-12-16 05:05:29,2025-12-16T05:05:29,59.87,1.0,SetByAsk
2025-12-16 05:05:29,2025-12-16T05:05:29,59.87,1.0,SetByAsk
2025-12-16 05:05:32,2025-12-16T05:05:32,59.87,1.0,SetByAsk
2025-12-16 05:05:32,2025-12-16T05:05:32,59.88,1.0,SetByBid
2025-12-16 05:07:42,2025-12-16T05:07:42,59.89,1.0,SetByAsk
2025-12-16 05:07:46,2025-12-16T05:07:46,59.89,1.0,SetByBid
2025-12-16 05:08:31,2025-12-16T05:08:31,59.87,1.0,SetByBid
2025-12-16 05:08:45,2025-12-16T05:08:45,59.87,1.0,SetByAsk
2025-12-16 05:08:45,2025-12-16T05:08:45,59.87,1.0,SetByAsk
2025-12-16 05:08:45,2025-12-16T05:08:45,59.87,1.0,SetByAsk
2025-12-16 05:08:45,2025-12-16T05:08:45,59.87,1.0,SetByAsk
2025-12-16 05:08:45,2025-12-16T05:08:45,59.87,1.0,SetByAsk
2025-12-16 05:08:45,2025-12-16T05:08:45,59.87,1.0,SetByAsk
2025-12-16 05:08:45,2025-12-16T05:08:45,59.86,1.0,SetByAsk
2025-12-16 05:08:45,2025-12-16T05:08:45,59.86,1.0,SetByAsk
2025-12-16 05:08:45,2025-12-16T05:08:45,59.86,1.0,SetByAsk
2025-12-16 05:08:45,2025-12-16T05:08:45,59.86,1.0,SetByAsk
2025-12-16 05:08:45,2025-12-16T05:08:45,59.86,1.0,SetByAsk
2025-12-16 05:08:45,2025-12-16T05:08:45,59.86,1.0,SetByAsk
2025-12-16 05:08:45,2025-12-16T05:08:45,59.86,1.0,SetByAsk
2025-12-16 05:08:45,2025-12-16T05:08:45,59.86,1.0,SetByAsk
2025-12-16 05:08:45,2025-12-16T05:08:45,59.86,1.0,SetByAsk
2025-12-16 05:08:45,2025-12-16T05:08:45,59.86,1.0,SetByAsk
2025-12-16 05:08:45,2025-12-16T05:08:45,59.86,1.0,SetByAsk
2025-12-16 05:08:45,2025-12-16T05:08:45,59.86,1.0,SetByAsk
2025-12-16 05:08:45,2025-12-16T05:08:45,59.86,1.0,SetByAsk
2025-12-16 05:08:45,2025-12-16T05:08:45,59.86,1.0,SetByAsk
2025-12-16 05:08:45,2025-12-16T05:08:45,59.86,1.0,SetByAsk
2025-12-16 05:08:45,2025-12-16T05:08:45,59.86,3.0,SetByAsk
2025-12-16 05:08:45,2025-12-16T05:08:45,59.86,2.0,SetByAsk
2025-12-16 05:08:45,2025-12-16T05:08:45,59.86,1.0,SetByAsk
2025-12-16 05:08:45,2025-12-16T05:08:45,59.86,1.0,SetByAsk
2025-12-16 05:08:45,2025-12-16T05:08:45,59.86,1.0,SetByAsk
2025-12-16 05:08:45,2025-12-16T05:08:45,59.86,1.0,SetByAsk
2025-12-16 05:08:45,2025-12-16T05:08:45,59.86,1.0,SetByAsk
2025-12-16 05:08:45,2025-12-16T05:08:45,59.86,1.0,SetByAsk
2025-12-16 05:08:45,2025-12-16T05:08:45,59.86,1.0,SetByAsk
2025-12-16 05:08:45,2025-12-16T05:08:45,59.86,1.0,SetByAsk
2025-12-16 05:08:45,2025-12-16T05:08:45,59.86,1.0,SetByAsk
2025-12-16 05:08:45,2025-12-16T05:08:45,59.86,1.0,SetByAsk
2025-12-16 05:08:45,2025-12-16T05:08:45,59.86,1.0,SetByAsk
2025-12-16 05:08:45,2025-12-16T05:08:45,59.86,1.0,SetByAsk
2025-12-16 05:08:45,2025-12-16T05:08:45,59.86,1.0,SetByAsk
2025-12-16 05:08:45,2025-12-16T05:08:45,59.86,1.0,SetByAsk
2025-12-16 05:08:45,2025-12-16T05:08:45,59.86,1.0,SetByAsk
2025-12-16 05:08:45,2025-12-16T05:08:45,59.86,1.0,SetByAsk
2025-12-16 05:08:45,2025-12-16T05:08:45,59.86,2.0,SetByAsk
2025-12-16 05:08:45,2025-12-16T05:08:45,59.86,1.0,SetByAsk
2025-12-16 05:08:45,2025-12-16T05:08:45,59.86,3.0,SetByBid
2025-12-16 05:08:45,2025-12-16T05:08:45,59.86,1.0,SetByBid
2025-12-16 05:08:45,2025-12-16T05:08:45,59.86,1.0,SetByBid
2025-12-16 05:08:45,2025-12-16T05:08:45,59.86,8.0,SetByBid
2025-12-16 05:08:45,2025-12-16T05:08:45,59.86,89.0,SetByBid
2025-12-16 05:08:45,2025-12-16T05:08:45,59.86,6.0,SetByBid
2025-12-16 05:08:45,2025-12-16T05:08:45,59.86,32.0,SetByBid
2025-12-16 05:08:45,2025-12-16T05:08:45,59.85,1.0,SetByAsk
2025-12-16 05:08:45,2025-12-16T05:08:45,59.85,1.0,SetByAsk
2025-12-16 05:08:45,2025-12-16T05:08:45,59.85,1.0,SetByAsk
2025-12-16 05:08:45,2025-12-16T05:08:45,59.85,1.0,SetByAsk
2025-12-16 05:08:45,2025-12-16T05:08:45,59.85,1.0,SetByAsk
2025-12-16 05:08:45,2025-12-16T05:08:45,59.85,2.0,SetByAsk
2025-12-16 05:08:45,2025-12-16T05:08:45,59.85,1.0,SetByAsk
2025-12-16 05:08:45,2025-12-16T05:08:45,59.85,2.0,SetByAsk
2025-12-16 05:08:45,2025-12-16T05:08:45,59.85,1.0,SetByAsk
2025-12-16 05:08:45,2025-12-16T05:08:45,59.85,1.0,SetByAsk
2025-12-16 05:08:45,2025-12-16T05:08:45,59.85,1.0,SetByAsk
2025-12-16 05:08:45,2025-12-16T05:08:45,59.85,1.0,SetByAsk
2025-12-16 05:08:45,2025-12-16T05:08:45,59.85,1.0,SetByAsk
2025-12-16 05:08:45,2025-12-16T05:08:45,59.85,1.0,SetByAsk
2025-12-16 05:08:45,2025-12-16T05:08:45,59.85,1.0,SetByAsk
2025-12-16 05:08:45,2025-12-16T05:08:45,59.85,1.0,SetByAsk
2025-12-16 05:08:45,2025-12-16T05:08:45,59.85,1.0,SetByAsk
2025-12-16 05:08:45,2025-12-16T05:08:45,59.85,3.0,SetByAsk
2025-12-16 05:08:45,2025-12-16T05:08:45,59.85,1.0,SetByAsk
2025-12-16 05:08:45,2025-12-16T05:08:45,59.85,1.0,SetByAsk
2025-12-16 05:08:45,2025-12-16T05:08:45,59.85,2.0,SetByAsk
2025-12-16 05:08:45,2025-12-16T05:08:45,59.85,2.0,SetByAsk
2025-12-16 05:08:45,2025-12-16T05:08:45,59.86,1.0,SetByBid
2025-12-16 05:08:45,2025-12-16T05:08:45,59.85,1.0,SetByAsk
2025-12-16 05:08:45,2025-12-16T05:08:45,59.85,2.0,SetByAsk
2025-12-16 05:08:45,2025-12-16T05:08:45,59.86,2.0,SetByBid
2025-12-16 05:08:45,2025-12-16T05:08:45,59.86,1.0,SetByBid
2025-12-16 05:08:45,2025-12-16T05:08:45,59.86,3.0,SetByBid
2025-12-16 05:08:45,2025-12-16T05:08:45,59.86,1.0,SetByBid
2025-12-16 05:08:45,2025-12-16T05:08:45,59.86,133.0,SetByBid
2025-12-16 05:09:06,2025-12-16T05:09:06,59.88,1.0,SetByBid
2025-12-16 05:09:06,2025-12-16T05:09:06,59.88,21.0,SetByBid
2025-12-16 05:09:07,2025-12-16T05:09:07,59.88,1.0,SetByBid
2025-12-16 05:09:07,2025-12-16T05:09:07,59.88,8.0,SetByBid
2025-12-16 05:09:07,2025-12-16T05:09:07,59.88,1.0,SetByBid
2025-12-16 05:09:07,2025-12-16T05:09:07,59.88,1.0,SetByBid
2025-12-16 05:09:07,2025-12-16T05:09:07,59.88,1.0,SetByBid
2025-12-16 05:09:07,2025-12-16T05:09:07,59.88,1.0,SetByBid
2025-12-16 05:09:07,2025-12-16T05:09:07,59.88,8.0,SetByBid
2025-12-16 05:09:07,2025-12-16T05:09:07,59.88,1.0,SetByBid
2025-12-16 05:09:07,2025-12-16T05:09:07,59.88,8.0,SetByBid
2025-12-16 05:09:07,2025-12-16T05:09:07,59.88,1.0,SetByBid
2025-12-16 05:09:07,2025-12-16T05:09:07,59.88,8.0,SetByBid
2025-12-16 05:09:07,2025-12-16T05:09:07,59.88,1.0,SetByBid
2025-12-16 05:09:07,2025-12-16T05:09:07,59.88,5.0,SetByBid
2025-12-16 05:09:07,2025-12-16T05:09:07,59.88,2.0,SetByBid
2025-12-16 05:09:07,2025-12-16T05:09:07,59.88,3.0,SetByBid
2025-12-16 05:09:12,2025-12-16T05:09:12,59.89,350.0,SetByBid
2025-12-16 05:09:12,2025-12-16T05:09:12,59.9,1.0,SetByBid
2025-12-16 05:09:12,2025-12-16T05:09:12,59.9,1.0,SetByAsk
2025-12-16 05:10:15,2025-12-16T05:10:15,59.88,1.0,SetByAsk
2025-12-16 05:10:24,2025-12-16T05:10:24,59.89,1.0,SetByBid
2025-12-16 05:10:24,2025-12-16T05:10:24,59.89,1.0,SetByBid
2025-12-16 05:11:15,2025-12-16T05:11:15,59.93,1.0,SetByBid
2025-12-16 05:11:15,2025-12-16T05:11:15,59.93,1.0,SetByBid
2025-12-16 05:11:15,2025-12-16T05:11:15,59.93,1.0,SetByBid
2025-12-16 05:11:15,2025-12-16T05:11:15,59.93,1.0,SetByBid
2025-12-16 05:11:15,2025-12-16T05:11:15,59.93,1.0,SetByBid
2025-12-16 05:13:34,2025-12-16T05:13:34,59.91,1.0,SetByAsk
2025-12-16 05:16:13,2025-12-16T05:16:13,59.94,5.0,SetByAsk
2025-12-16 05:16:39,2025-12-16T05:16:39,59.94,1.0,SetByAsk
2025-12-16 05:16:39,2025-12-16T05:16:39,59.94,1.0,SetByAsk
2025-12-16 05:17:25,2025-12-16T05:17:25,59.94,1.0,SetByBid
2025-12-16 05:17:25,2025-12-16T05:17:25,59.94,1.0,SetByBid
2025-12-16 05:17:25,2025-12-16T05:17:25,59.94,1.0,SetByBid
2025-12-16 05:17:44,2025-12-16T05:17:44,59.95,1.0,SetByBid
2025-12-16 05:17:44,2025-12-16T05:17:44,59.96,1.0,SetByBid
2025-12-16 05:17:44,2025-12-16T05:17:44,59.96,1.0,SetByBid
2025-12-16 05:17:44,2025-12-16T05:17:44,59.96,1.0,SetByBid
2025-12-16 05:17:50,2025-12-16T05:17:50,59.96,1.0,SetByBid
2025-12-16 05:17:50,2025-12-16T05:17:50,59.96,1.0,SetByBid
2025-12-16 05:17:50,2025-12-16T05:17:50,59.96,1.0,SetByBid
2025-12-16 05:17:50,2025-12-16T05:17:50,59.96,1.0,SetByBid
2025-12-16 05:18:12,2025-12-16T05:18:12,59.96,1.0,SetByBid
2025-12-16 05:18:18,2025-12-16T05:18:18,59.95,1.0,SetByAsk
2025-12-16 05:18:19,2025-12-16T05:18:19,59.95,1.0,SetByAsk
2025-12-16 05:18:20,2025-12-16T05:18:20,59.94,1.0,SetByAsk
2025-12-16 05:18:20,2025-12-16T05:18:20,59.94,1.0,SetByAsk
2025-12-16 05:18:20,2025-12-16T05:18:20,59.94,1.0,SetByAsk
2025-12-16 05:18:20,2025-12-16T05:18:20,59.94,1.0,SetByAsk
2025-12-16 05:20:12,2025-12-16T05:20:12,59.96,1.0,SetByBid
2025-12-16 05:20:12,2025-12-16T05:20:12,59.96,1.0,SetByBid
2025-12-16 05:21:17,2025-12-16T05:21:17,59.97,1.0,SetByBid
2025-12-16 05:21:17,2025-12-16T05:21:17,59.97,1.0,SetByBid
2025-12-16 05:21:21,2025-12-16T05:21:21,59.97,1.0,SetByBid
2025-12-16 05:22:34,2025-12-16T05:22:34,59.98,3.0,SetByBid
2025-12-16 05:22:44,2025-12-16T05:22:44,59.97,1.0,SetByAsk
2025-12-16 05:22:44,2025-12-16T05:22:44,59.97,1.0,SetByAsk
2025-12-16 05:24:00,2025-12-16T05:24:00,59.95,1.0,SetByBid
2025-12-16 05:24:00,2025-12-16T05:24:00,59.95,2.0,SetByBid
2025-12-16 05:24:01,2025-12-16T05:24:01,59.95,1.0,SetByBid
2025-12-16 05:24:01,2025-12-16T05:24:01,59.95,2.0,SetByBid
2025-12-16 05:24:23,2025-12-16T05:24:23,59.95,3.0,SetByBid
2025-12-16 05:24:39,2025-12-16T05:24:39,59.95,1.0,SetByAsk
2025-12-16 05:24:54,2025-12-16T05:24:54,59.95,1.0,SetByAsk
2025-12-16 05:25:09,2025-12-16T05:25:09,59.95,1.0,SetByBid
2025-12-16 05:25:09,2025-12-16T05:25:09,59.95,1.0,SetByBid
2025-12-16 05:25:18,2025-12-16T05:25:18,59.96,1.0,SetByAsk
2025-12-16 05:25:43,2025-12-16T05:25:43,59.97,1.0,SetByBid
2025-12-16 05:25:43,2025-12-16T05:25:43,59.97,1.0,SetByBid
2025-12-16 05:25:43,2025-12-16T05:25:43,59.97,1.0,SetByBid
2025-12-16 05:25:43,2025-12-16T05:25:43,59.97,1.0,SetByBid
2025-12-16 05:25:43,2025-12-16T05:25:43,59.97,1.0,SetByBid
2025-12-16 05:25:43,2025-12-16T05:25:43,59.97,1.0,SetByBid
2025-12-16 05:25:43,2025-12-16T05:25:43,59.97,1.0,SetByBid
2025-12-16 05:25:43,2025-12-16T05:25:43,59.97,1.0,SetByBid
2025-12-16 05:25:43,2025-12-16T05:25:43,59.97,1.0,SetByBid
2025-12-16 05:25:43,2025-12-16T05:25:43,59.97,1.0,SetByBid
2025-12-16 05:25:44,2025-12-16T05:25:44,59.97,1.0,SetByBid
2025-12-16 05:25:44,2025-12-16T05:25:44,59.97,1.0,SetByBid
2025-12-16 05:25:44,2025-12-16T05:25:44,59.97,1.0,SetByBid
2025-12-16 05:25:57,2025-12-16T05:25:57,59.97,1.0,SetByBid
2025-12-16 05:25:57,2025-12-16T05:25:57,59.97,1.0,SetByBid
2025-12-16 05:27:49,2025-12-16T05:27:49,59.95,1.0,SetByAsk
2025-12-16 05:28:16,2025-12-16T05:28:16,59.95,1.0,SetByBid
2025-12-16 05:28:16,2025-12-16T05:28:16,59.95,1.0,SetByBid
2025-12-16 05:28:16,2025-12-16T05:28:16,59.95,1.0,SetByBid
2025-12-16 05:28:16,2025-12-16T05:28:16,59.95,1.0,SetByBid
2025-12-16 05:29:13,2025-12-16T05:29:13,59.95,1.0,SetByAsk
2025-12-16 05:30:00,2025-12-16T05:30:00,59.95,1.0,SetByAsk
2025-12-16 05:32:37,2025-12-16T05:32:37,59.98,1.0,SetByBid
2025-12-16 05:33:11,2025-12-16T05:33:11,59.98,1.0,SetByAsk
2025-12-16 05:33:45,2025-12-16T05:33:45,59.97,1.0,SetByAsk
2025-12-16 05:35:40,2025-12-16T05:35:40,59.94,1.0,SetByBid
2025-12-16 05:35:40,2025-12-16T05:35:40,59.94,1.0,SetByBid
2025-12-16 05:35:52,2025-12-16T05:35:52,59.94,1.0,SetByBid
2025-12-16 05:35:52,2025-12-16T05:35:52,59.94,1.0,SetByBid
2025-12-16 05:35:52,2025-12-16T05:35:52,59.94,1.0,SetByBid
2025-12-16 05:35:53,2025-12-16T05:35:53,59.94,1.0,SetByAsk
2025-12-16 05:36:12,2025-12-16T05:36:12,59.94,1.0,SetByAsk
2025-12-16 05:36:33,2025-12-16T05:36:33,59.94,1.0,SetByBid
2025-12-16 05:36:33,2025-12-16T05:36:33,59.94,3.0,SetByBid
2025-12-16 05:36:34,2025-12-16T05:36:34,59.94,1.0,SetByBid
2025-12-16 05:36:34,2025-12-16T05:36:34,59.94,1.0,SetByBid
2025-12-16 05:36:34,2025-12-16T05:36:34,59.94,1.0,SetByBid
2025-12-16 05:36:39,2025-12-16T05:36:39,59.94,1.0,SetByBid
2025-12-16 05:36:47,2025-12-16T05:36:47,59.93,1.0,SetByAsk
2025-12-16 05:36:47,2025-12-16T05:36:47,59.93,1.0,SetByAsk
2025-12-16 05:36:47,2025-12-16T05:36:47,59.93,1.0,SetByAsk
2025-12-16 05:36:47,2025-12-16T05:36:47,59.93,1.0,SetByAsk
2025-12-16 05:36:47,2025-12-16T05:36:47,59.93,1.0,SetByAsk
2025-12-16 05:36:59,2025-12-16T05:36:59,59.92,1.0,SetByAsk
2025-12-16 05:37:17,2025-12-16T05:37:17,59.92,1.0,SetByBid
2025-12-16 05:37:22,2025-12-16T05:37:22,59.92,3.0,SetByBid
2025-12-16 05:37:22,2025-12-16T05:37:22,59.92,1.0,SetByBid
2025-12-16 05:37:23,2025-12-16T05:37:23,59.92,1.0,SetByBid
2025-12-16 05:37:23,2025-12-16T05:37:23,59.92,2.0,SetByBid
2025-12-16 05:37:26,2025-12-16T05:37:26,59.92,1.0,SetByBid
2025-12-16 05:38:22,2025-12-16T05:38:22,59.92,1.0,SetByAsk
2025-12-16 05:38:26,2025-12-16T05:38:26,59.91,1.0,SetByAsk
2025-12-16 05:38:26,2025-12-16T05:38:26,59.91,1.0,SetByAsk
2025-12-16 05:38:26,2025-12-16T05:38:26,59.91,1.0,SetByAsk
2025-12-16 05:38:50,2025-12-16T05:38:50,59.92,1.0,SetByBid
2025-12-16 05:38:50,2025-12-16T05:38:50,59.92,1.0,SetByBid
2025-12-16 05:39:57,2025-12-16T05:39:57,59.93,1.0,SetByBid
2025-12-16 05:39:57,2025-12-16T05:39:57,59.93,1.0,SetByBid
2025-12-16 05:39:57,2025-12-16T05:39:57,59.93,1.0,SetByBid
2025-12-16 05:40:00,2025-12-16T05:40:00,59.92,1.0,SetByAsk
2025-12-16 05:41:24,2025-12-16T05:41:24,59.95,1.0,SetByBid
2025-12-16 05:41:24,2025-12-16T05:41:24,59.95,1.0,SetByBid
2025-12-16 05:41:24,2025-12-16T05:41:24,59.95,1.0,SetByBid
2025-12-16 05:41:24,2025-12-16T05:41:24,59.95,1.0,SetByBid
2025-12-16 05:41:24,2025-12-16T05:41:24,59.95,1.0,SetByBid
2025-12-16 05:41:24,2025-12-16T05:41:24,59.95,1.0,SetByBid
2025-12-16 05:42:51,2025-12-16T05:42:51,59.94,1.0,SetByAsk
2025-12-16 05:43:08,2025-12-16T05:43:08,59.94,1.0,SetByAsk
2025-12-16 05:43:14,2025-12-16T05:43:14,59.94,1.0,SetByBid
2025-12-16 05:43:53,2025-12-16T05:43:53,59.95,1.0,SetByAsk
2025-12-16 05:43:53,2025-12-16T05:43:53,59.95,2.0,SetByAsk
2025-12-16 05:43:58,2025-12-16T05:43:58,59.95,1.0,SetByBid
2025-12-16 05:44:18,2025-12-16T05:44:18,59.96,1.0,SetByBid
2025-12-16 05:45:14,2025-12-16T05:45:14,59.95,6.0,SetByBid
2025-12-16 05:45:47,2025-12-16T05:45:47,59.93,1.0,SetByAsk
2025-12-16 05:46:13,2025-12-16T05:46:13,59.94,3.0,SetByAsk
2025-12-16 05:46:13,2025-12-16T05:46:13,59.94,4.0,SetByAsk
2025-12-16 05:46:13,2025-12-16T05:46:13,59.94,1.0,SetByAsk
2025-12-16 05:46:13,2025-12-16T05:46:13,59.94,2.0,SetByAsk
2025-12-16 05:46:34,2025-12-16T05:46:34,59.94,1.0,SetByBid
2025-12-16 05:46:34,2025-12-16T05:46:34,59.94,1.0,SetByBid
2025-12-16 05:48:04,2025-12-16T05:48:04,59.93,1.0,SetByAsk
2025-12-16 05:48:59,2025-12-16T05:48:59,59.93,1.0,SetByAsk
2025-12-16 05:49:50,2025-12-16T05:49:50,59.93,1.0,SetByAsk
2025-12-16 05:49:50,2025-12-16T05:49:50,59.93,1.0,SetByBid
2025-12-16 05:49:50,2025-12-16T05:49:50,59.93,1.0,SetByBid
2025-12-16 05:49:50,2025-12-16T05:49:50,59.93,1.0,SetByBid
2025-12-16 05:49:51,2025-12-16T05:49:51,59.92,1.0,SetByAsk
2025-12-16 05:49:58,2025-12-16T05:49:58,59.92,1.0,SetByAsk
2025-12-16 05:49:58,2025-12-16T05:49:58,59.92,1.0,SetByAsk
2025-12-16 05:49:58,2025-12-16T05:49:58,59.92,1.0,SetByAsk
2025-12-16 05:49:58,2025-12-16T05:49:58,59.91,1.0,SetByAsk
2025-12-16 05:49:58,2025-12-16T05:49:58,59.91,1.0,SetByAsk
2025-12-16 05:49:58,2025-12-16T05:49:58,59.91,1.0,SetByAsk
2025-12-16 05:49:58,2025-12-16T05:49:58,59.91,1.0,SetByAsk
2025-12-16 05:49:58,2025-12-16T05:49:58,59.91,1.0,SetByAsk
2025-12-16 05:49:58,2025-12-16T05:49:58,59.91,1.0,SetByAsk
2025-12-16 05:49:59,2025-12-16T05:49:59,59.91,1.0,SetByAsk
2025-12-16 05:49:59,2025-12-16T05:49:59,59.91,1.0,SetByAsk
2025-12-16 05:49:59,2025-12-16T05:49:59,59.91,1.0,SetByAsk
2025-12-16 05:49:59,2025-12-16T05:49:59,59.91,1.0,SetByAsk
2025-12-16 05:49:59,2025-12-16T05:49:59,59.91,1.0,SetByAsk
2025-12-16 05:49:59,2025-12-16T05:49:59,59.91,1.0,SetByAsk
2025-12-16 05:49:59,2025-12-16T05:49:59,59.91,1.0,SetByAsk
2025-12-16 05:49:59,2025-12-16T05:49:59,59.91,1.0,SetByAsk
2025-12-16 05:50:00,2025-12-16T05:50:00,59.91,1.0,SetByAsk
2025-12-16 05:50:02,2025-12-16T05:50:02,59.9,1.0,SetByAsk
2025-12-16 05:50:02,2025-12-16T05:50:02,59.9,1.0,SetByAsk
2025-12-16 05:50:02,2025-12-16T05:50:02,59.9,1.0,SetByAsk
2025-12-16 05:50:03,2025-12-16T05:50:03,59.9,1.0,SetByAsk
2025-12-16 05:50:45,2025-12-16T05:50:45,59.91,1.0,SetByBid
2025-12-16 05:51:28,2025-12-16T05:51:28,59.9,1.0,SetByBid
2025-12-16 05:51:28,2025-12-16T05:51:28,59.91,1.0,SetByBid
2025-12-16 05:51:36,2025-12-16T05:51:36,59.89,1.0,SetByAsk
2025-12-16 05:51:36,2025-12-16T05:51:36,59.89,1.0,SetByAsk
2025-12-16 05:51:36,2025-12-16T05:51:36,59.89,1.0,SetByAsk
2025-12-16 05:51:36,2025-12-16T05:51:36,59.89,1.0,SetByAsk
2025-12-16 05:51:36,2025-12-16T05:51:36,59.89,1.0,SetByAsk
2025-12-16 05:51:36,2025-12-16T05:51:36,59.89,1.0,SetByAsk
2025-12-16 05:51:36,2025-12-16T05:51:36,59.89,1.0,SetByAsk
2025-12-16 05:51:36,2025-12-16T05:51:36,59.88,1.0,SetByBid
2025-12-16 05:51:53,2025-12-16T05:51:53,59.84,1.0,SetByBid
2025-12-16 05:51:53,2025-12-16T05:51:53,59.84,1.0,SetByBid
2025-12-16 05:51:53,2025-12-16T05:51:53,59.84,2.0,SetByBid
2025-12-16 05:51:53,2025-12-16T05:51:53,59.84,1.0,SetByBid
2025-12-16 05:51:53,2025-12-16T05:51:53,59.84,1.0,SetByBid
2025-12-16 05:51:53,2025-12-16T05:51:53,59.85,1.0,SetByBid
2025-12-16 05:52:00,2025-12-16T05:52:00,59.85,1.0,SetByBid
2025-12-16 05:52:00,2025-12-16T05:52:00,59.85,1.0,SetByBid
2025-12-16 05:52:00,2025-12-16T05:52:00,59.85,1.0,SetByBid
2025-12-16 05:52:06,2025-12-16T05:52:06,59.87,1.0,SetByBid
2025-12-16 05:52:07,2025-12-16T05:52:07,59.88,1.0,SetByAsk
2025-12-16 05:52:07,2025-12-16T05:52:07,59.88,1.0,SetByAsk
2025-12-16 05:52:07,2025-12-16T05:52:07,59.88,1.0,SetByAsk
2025-12-16 05:52:07,2025-12-16T05:52:07,59.88,1.0,SetByAsk
2025-12-16 05:52:07,2025-12-16T05:52:07,59.88,1.0,SetByBid
2025-12-16 05:52:07,2025-12-16T05:52:07,59.87,1.0,SetByAsk
2025-12-16 05:52:07,2025-12-16T05:52:07,59.87,1.0,SetByAsk
2025-12-16 05:52:07,2025-12-16T05:52:07,59.87,1.0,SetByAsk
2025-12-16 05:54:30,2025-12-16T05:54:30,59.87,1.0,SetByBid
2025-12-16 05:54:30,2025-12-16T05:54:30,59.87,1.0,SetByBid
2025-12-16 05:55:27,2025-12-16T05:55:27,59.84,1.0,SetByAsk
2025-12-16 05:55:27,2025-12-16T05:55:27,59.84,1.0,SetByAsk
2025-12-16 05:55:40,2025-12-16T05:55:40,59.84,1.0,SetByAsk
2025-12-16 05:55:40,2025-12-16T05:55:40,59.84,1.0,SetByAsk
2025-12-16 05:55:40,2025-12-16T05:55:40,59.84,1.0,SetByAsk
2025-12-16 05:55:40,2025-12-16T05:55:40,59.84,1.0,SetByAsk
2025-12-16 05:55:40,2025-12-16T05:55:40,59.84,1.0,SetByAsk
2025-12-16 05:55:40,2025-12-16T05:55:40,59.84,1.0,SetByAsk
2025-12-16 05:55:40,2025-12-16T05:55:40,59.84,1.0,SetByAsk
2025-12-16 05:55:40,2025-12-16T05:55:40,59.84,1.0,SetByAsk
2025-12-16 05:55:40,2025-12-16T05:55:40,59.84,1.0,SetByBid
2025-12-16 05:56:26,2025-12-16T05:56:26,59.85,1.0,SetByBid
2025-12-16 05:56:26,2025-12-16T05:56:26,59.85,1.0,SetByBid
2025-12-16 05:56:26,2025-12-16T05:56:26,59.85,1.0,SetByBid
2025-12-16 05:56:35,2025-12-16T05:56:35,59.84,1.0,SetByAsk
2025-12-16 05:56:35,2025-12-16T05:56:35,59.84,1.0,SetByAsk
2025-12-16 05:56:35,2025-12-16T05:56:35,59.84,1.0,SetByAsk
2025-12-16 05:56:35,2025-12-16T05:56:35,59.84,1.0,SetByAsk
2025-12-16 05:56:35,2025-12-16T05:56:35,59.84,1.0,SetByAsk
2025-12-16 05:56:35,2025-12-16T05:56:35,59.84,1.0,SetByAsk
2025-12-16 05:56:35,2025-12-16T05:56:35,59.84,1.0,SetByAsk
2025-12-16 05:56:35,2025-12-16T05:56:35,59.84,1.0,SetByAsk
2025-12-16 05:56:35,2025-12-16T05:56:35,59.84,1.0,SetByAsk
2025-12-16 05:56:35,2025-12-16T05:56:35,59.84,1.0,SetByAsk
2025-12-16 05:56:36,2025-12-16T05:56:36,59.84,1.0,SetByAsk
2025-12-16 05:56:36,2025-12-16T05:56:36,59.84,1.0,SetByAsk
2025-12-16 05:56:36,2025-12-16T05:56:36,59.84,1.0,SetByAsk
2025-12-16 05:56:36,2025-12-16T05:56:36,59.84,1.0,SetByAsk
2025-12-16 05:56:36,2025-12-16T05:56:36,59.84,1.0,SetByAsk
2025-12-16 05:56:36,2025-12-16T05:56:36,59.84,1.0,SetByAsk
2025-12-16 05:57:07,2025-12-16T05:57:07,59.85,1.0,SetByAsk
2025-12-16 05:57:07,2025-12-16T05:57:07,59.85,1.0,SetByAsk
2025-12-16 05:57:07,2025-12-16T05:57:07,59.85,1.0,SetByAsk
2025-12-16 05:57:07,2025-12-16T05:57:07,59.85,1.0,SetByAsk
2025-12-16 05:57:07,2025-12-16T05:57:07,59.85,2.0,SetByBid
2025-12-16 05:57:08,2025-12-16T05:57:08,59.84,1.0,SetByAsk
2025-12-16 05:57:10,2025-12-16T05:57:10,59.84,1.0,SetByAsk
2025-12-16 05:57:10,2025-12-16T05:57:10,59.84,1.0,SetByAsk
2025-12-16 05:57:10,2025-12-16T05:57:10,59.84,1.0,SetByAsk
2025-12-16 05:57:10,2025-12-16T05:57:10,59.84,1.0,SetByAsk
2025-12-16 05:57:13,2025-12-16T05:57:13,59.84,1.0,SetByAsk
2025-12-16 05:57:13,2025-12-16T05:57:13,59.84,1.0,SetByAsk
2025-12-16 05:57:13,2025-12-16T05:57:13,59.84,1.0,SetByAsk
2025-12-16 05:57:16,2025-12-16T05:57:16,59.84,1.0,SetByAsk
2025-12-16 05:57:16,2025-12-16T05:57:16,59.84,1.0,SetByAsk
2025-12-16 05:57:16,2025-12-16T05:57:16,59.84,1.0,SetByAsk
2025-12-16 05:57:16,2025-12-16T05:57:16,59.84,1.0,SetByAsk
2025-12-16 05:57:20,2025-12-16T05:57:20,59.84,1.0,SetByAsk
2025-12-16 05:57:20,2025-12-16T05:57:20,59.84,1.0,SetByAsk
2025-12-16 05:57:20,2025-12-16T05:57:20,59.84,1.0,SetByAsk
2025-12-16 05:57:22,2025-12-16T05:57:22,59.84,1.0,SetByAsk
2025-12-16 05:57:22,2025-12-16T05:57:22,59.84,1.0,SetByAsk
2025-12-16 05:57:22,2025-12-16T05:57:22,59.84,1.0,SetByAsk
2025-12-16 05:57:22,2025-12-16T05:57:22,59.84,1.0,SetByAsk
2025-12-16 05:57:22,2025-12-16T05:57:22,59.84,1.0,SetByAsk
2025-12-16 05:57:23,2025-12-16T05:57:23,59.84,1.0,SetByAsk
2025-12-16 05:57:39,2025-12-16T05:57:39,59.85,1.0,"SetByAsk, Leg"
2025-12-16 05:57:39,2025-12-16T05:57:39,59.84,1.0,"SetByAsk, Leg"
2025-12-16 05:57:39,2025-12-16T05:57:39,59.84,1.0,SetByAsk
2025-12-16 05:57:39,2025-12-16T05:57:39,59.84,1.0,SetByAsk
2025-12-16 05:57:39,2025-12-16T05:57:39,59.84,1.0,SetByAsk
2025-12-16 05:57:39,2025-12-16T05:57:39,59.85,1.0,"SetByAsk, Leg"
2025-12-16 05:57:39,2025-12-16T05:57:39,59.84,1.0,"SetByAsk, Leg"
2025-12-16 05:57:39,2025-12-16T05:57:39,59.84,1.0,SetByAsk
2025-12-16 05:57:39,2025-12-16T05:57:39,59.84,1.0,SetByAsk
2025-12-16 05:57:39,2025-12-16T05:57:39,59.84,1.0,SetByAsk
2025-12-16 05:57:39,2025-12-16T05:57:39,59.84,1.0,SetByAsk
2025-12-16 05:57:39,2025-12-16T05:57:39,59.84,1.0,SetByAsk
2025-12-16 05:57:44,2025-12-16T05:57:44,59.84,1.0,SetByAsk
2025-12-16 05:57:44,2025-12-16T05:57:44,59.84,1.0,SetByAsk
2025-12-16 05:57:44,2025-12-16T05:57:44,59.84,1.0,SetByAsk
2025-12-16 05:57:46,2025-12-16T05:57:46,59.84,1.0,SetByAsk
2025-12-16 05:57:47,2025-12-16T05:57:47,59.84,1.0,SetByAsk
2025-12-16 05:57:47,2025-12-16T05:57:47,59.84,1.0,SetByAsk
2025-12-16 05:57:47,2025-12-16T05:57:47,59.84,1.0,SetByAsk
2025-12-16 05:57:48,2025-12-16T05:57:48,59.84,1.0,SetByAsk
2025-12-16 05:57:56,2025-12-16T05:57:56,59.84,1.0,SetByAsk
2025-12-16 05:58:09,2025-12-16T05:58:09,59.83,1.0,SetByAsk
2025-12-16 05:58:09,2025-12-16T05:58:09,59.83,1.0,SetByAsk
2025-12-16 05:58:09,2025-12-16T05:58:09,59.83,1.0,SetByAsk
2025-12-16 05:58:10,2025-12-16T05:58:10,59.83,1.0,SetByBid
2025-12-16 05:58:11,2025-12-16T05:58:11,59.81,1.0,SetByAsk
2025-12-16 05:58:11,2025-12-16T05:58:11,59.81,1.0,SetByAsk
2025-12-16 05:58:11,2025-12-16T05:58:11,59.81,1.0,SetByAsk
2025-12-16 05:58:11,2025-12-16T05:58:11,59.81,1.0,SetByAsk
2025-12-16 05:58:11,2025-12-16T05:58:11,59.81,1.0,SetByAsk
2025-12-16 05:58:11,2025-12-16T05:58:11,59.81,1.0,SetByAsk
2025-12-16 05:58:11,2025-12-16T05:58:11,59.81,1.0,SetByAsk
2025-12-16 05:58:11,2025-12-16T05:58:11,59.81,1.0,SetByAsk
2025-12-16 05:58:11,2025-12-16T05:58:11,59.81,1.0,SetByAsk
2025-12-16 05:58:11,2025-12-16T05:58:11,59.81,1.0,SetByAsk
2025-12-16 05:58:11,2025-12-16T05:58:11,59.81,1.0,SetByAsk
2025-12-16 05:58:11,2025-12-16T05:58:11,59.81,1.0,SetByAsk
2025-12-16 05:58:11,2025-12-16T05:58:11,59.81,1.0,SetByAsk
2025-12-16 05:58:11,2025-12-16T05:58:11,59.81,1.0,SetByAsk
2025-12-16 05:58:11,2025-12-16T05:58:11,59.81,1.0,SetByAsk
2025-12-16 05:58:11,2025-12-16T05:58:11,59.81,1.0,SetByAsk
2025-12-16 05:58:11,2025-12-16T05:58:11,59.81,1.0,SetByAsk
2025-12-16 05:58:11,2025-12-16T05:58:11,59.81,1.0,SetByAsk
2025-12-16 05:58:11,2025-12-16T05:58:11,59.81,1.0,SetByAsk
2025-12-16 05:58:11,2025-12-16T05:58:11,59.81,1.0,SetByAsk
2025-12-16 05:58:11,2025-12-16T05:58:11,59.81,1.0,SetByAsk
2025-12-16 05:58:11,2025-12-16T05:58:11,59.81,1.0,SetByAsk
2025-12-16 05:58:11,2025-12-16T05:58:11,59.81,1.0,SetByAsk
2025-12-16 05:58:11,2025-12-16T05:58:11,59.81,1.0,SetByAsk
2025-12-16 05:58:11,2025-12-16T05:58:11,59.81,1.0,SetByAsk
2025-12-16 05:58:11,2025-12-16T05:58:11,59.81,1.0,SetByBid
2025-12-16 05:58:11,2025-12-16T05:58:11,59.81,2.0,SetByBid
2025-12-16 05:58:11,2025-12-16T05:58:11,59.81,1.0,SetByAsk
2025-12-16 05:58:11,2025-12-16T05:58:11,59.81,1.0,SetByBid
2025-12-16 05:58:12,2025-12-16T05:58:12,59.81,1.0,SetByAsk
2025-12-16 05:58:12,2025-12-16T05:58:12,59.81,1.0,SetByAsk
2025-12-16 05:58:12,2025-12-16T05:58:12,59.81,1.0,SetByBid
2025-12-16 05:58:12,2025-12-16T05:58:12,59.81,1.0,SetByAsk
2025-12-16 05:58:12,2025-12-16T05:58:12,59.81,1.0,SetByAsk
2025-12-16 05:58:12,2025-12-16T05:58:12,59.81,1.0,SetByAsk
2025-12-16 05:58:12,2025-12-16T05:58:12,59.81,1.0,SetByAsk
2025-12-16 05:58:12,2025-12-16T05:58:12,59.81,1.0,SetByAsk
2025-12-16 05:58:12,2025-12-16T05:58:12,59.81,1.0,SetByAsk
2025-12-16 05:58:12,2025-12-16T05:58:12,59.81,1.0,SetByAsk
2025-12-16 05:58:12,2025-12-16T05:58:12,59.81,1.0,SetByAsk
2025-12-16 05:58:12,2025-12-16T05:58:12,59.81,1.0,SetByAsk
2025-12-16 05:58:12,2025-12-16T05:58:12,59.81,3.0,SetByBid
2025-12-16 05:58:12,2025-12-16T05:58:12,59.81,1.0,SetByAsk
2025-12-16 05:58:12,2025-12-16T05:58:12,59.81,1.0,SetByAsk
2025-12-16 05:58:12,2025-12-16T05:58:12,59.81,1.0,SetByAsk
2025-12-16 05:58:12,2025-12-16T05:58:12,59.81,1.0,SetByAsk
2025-12-16 05:58:12,2025-12-16T05:58:12,59.81,1.0,SetByBid
2025-12-16 05:58:12,2025-12-16T05:58:12,59.81,1.0,SetByBid
2025-12-16 05:58:13,2025-12-16T05:58:13,59.8,1.0,SetByAsk
2025-12-16 05:58:13,2025-12-16T05:58:13,59.8,1.0,SetByAsk
2025-12-16 05:58:13,2025-12-16T05:58:13,59.8,1.0,SetByAsk
2025-12-16 05:58:13,2025-12-16T05:58:13,59.8,1.0,SetByAsk
2025-12-16 05:58:13,2025-12-16T05:58:13,59.8,1.0,SetByAsk
2025-12-16 05:58:13,2025-12-16T05:58:13,59.8,1.0,SetByAsk
2025-12-16 05:58:13,2025-12-16T05:58:13,59.8,1.0,SetByAsk
2025-12-16 05:58:13,2025-12-16T05:58:13,59.8,1.0,SetByAsk
2025-12-16 05:58:13,2025-12-16T05:58:13,59.8,1.0,SetByAsk
2025-12-16 05:58:13,2025-12-16T05:58:13,59.8,1.0,SetByAsk
2025-12-16 05:58:13,2025-12-16T05:58:13,59.8,1.0,SetByAsk
2025-12-16 05:58:13,2025-12-16T05:58:13,59.8,1.0,SetByAsk
2025-12-16 05:58:13,2025-12-16T05:58:13,59.8,1.0,SetByAsk
2025-12-16 05:58:17,2025-12-16T05:58:17,59.82,1.0,SetByBid
2025-12-16 05:58:17,2025-12-16T05:58:17,59.82,1.0,SetByBid
2025-12-16 05:58:17,2025-12-16T05:58:17,59.81,1.0,SetByAsk
2025-12-16 05:58:17,2025-12-16T05:58:17,59.81,1.0,SetByAsk
2025-12-16 05:58:17,2025-12-16T05:58:17,59.81,1.0,SetByAsk
2025-12-16 05:58:17,2025-12-16T05:58:17,59.81,1.0,SetByAsk
2025-12-16 05:58:19,2025-12-16T05:58:19,59.81,1.0,SetByAsk
2025-12-16 05:58:22,2025-12-16T05:58:22,59.81,1.0,SetByAsk
2025-12-16 05:58:22,2025-12-16T05:58:22,59.81,1.0,SetByAsk
2025-12-16 05:58:22,2025-12-16T05:58:22,59.81,1.0,SetByAsk
2025-12-16 05:58:23,2025-12-16T05:58:23,59.81,1.0,SetByAsk
2025-12-16 05:58:23,2025-12-16T05:58:23,59.81,1.0,SetByAsk
2025-12-16 05:58:23,2025-12-16T05:58:23,59.82,1.0,SetByBid
2025-12-16 05:58:26,2025-12-16T05:58:26,59.82,1.0,SetByBid
2025-12-16 05:58:26,2025-12-16T05:58:26,59.82,1.0,SetByBid
2025-12-16 05:58:30,2025-12-16T05:58:30,59.81,1.0,SetByBid
2025-12-16 05:58:30,2025-12-16T05:58:30,59.81,3.0,SetByBid
2025-12-16 05:58:30,2025-12-16T05:58:30,59.81,1.0,SetByBid
2025-12-16 05:58:30,2025-12-16T05:58:30,59.81,1.0,SetByBid
2025-12-16 05:58:30,2025-12-16T05:58:30,59.81,1.0,SetByBid
2025-12-16 05:58:30,2025-12-16T05:58:30,59.81,1.0,SetByBid
2025-12-16 05:58:30,2025-12-16T05:58:30,59.81,2.0,SetByBid
2025-12-16 05:58:30,2025-12-16T05:58:30,59.81,1.0,SetByBid
2025-12-16 05:58:30,2025-12-16T05:58:30,59.81,1.0,SetByBid
2025-12-16 05:59:52,2025-12-16T05:59:52,59.81,1.0,SetByBid
2025-12-16 06:00:45,2025-12-16T06:00:45,59.81,1.0,SetByBid
2025-12-16 06:00:45,2025-12-16T06:00:45,59.81,1.0,SetByAsk
2025-12-16 06:00:50,2025-12-16T06:00:50,59.8,1.0,SetByAsk
2025-12-16 06:00:50,2025-12-16T06:00:50,59.8,1.0,SetByAsk
2025-12-16 06:00:50,2025-12-16T06:00:50,59.8,1.0,SetByAsk
2025-12-16 06:00:50,2025-12-16T06:00:50,59.8,1.0,SetByBid
2025-12-16 06:00:54,2025-12-16T06:00:54,59.79,1.0,SetByAsk
2025-12-16 06:00:54,2025-12-16T06:00:54,59.79,1.0,SetByAsk
2025-12-16 06:00:54,2025-12-16T06:00:54,59.79,1.0,SetByAsk
2025-12-16 06:00:55,2025-12-16T06:00:55,59.78,1.0,SetByAsk
2025-12-16 06:00:55,2025-12-16T06:00:55,59.78,1.0,SetByAsk
2025-12-16 06:01:00,2025-12-16T06:01:00,59.77,1.0,SetByAsk
2025-12-16 06:01:00,2025-12-16T06:01:00,59.77,1.0,SetByAsk
2025-12-16 06:01:00,2025-12-16T06:01:00,59.77,1.0,SetByAsk
2025-12-16 06:01:00,2025-12-16T06:01:00,59.77,1.0,SetByAsk
2025-12-16 06:01:00,2025-12-16T06:01:00,59.77,1.0,SetByAsk
2025-12-16 06:01:05,2025-12-16T06:01:05,59.76,1.0,SetByAsk
2025-12-16 06:01:12,2025-12-16T06:01:12,59.77,1.0,SetByBid
2025-12-16 06:01:12,2025-12-16T06:01:12,59.77,1.0,SetByBid
2025-12-16 06:01:12,2025-12-16T06:01:12,59.77,1.0,SetByAsk
2025-12-16 06:01:20,2025-12-16T06:01:20,59.77,1.0,SetByAsk
2025-12-16 06:01:20,2025-12-16T06:01:20,59.77,1.0,SetByAsk
2025-12-16 06:01:33,2025-12-16T06:01:33,59.79,1.0,SetByAsk
2025-12-16 06:01:43,2025-12-16T06:01:43,59.78,1.0,SetByAsk
2025-12-16 06:01:43,2025-12-16T06:01:43,59.78,1.0,SetByAsk
2025-12-16 06:02:12,2025-12-16T06:02:12,59.79,1.0,SetByAsk
2025-12-16 06:04:28,2025-12-16T06:04:28,59.81,1.0,"SetByAsk, Leg"
2025-12-16 06:04:28,2025-12-16T06:04:28,59.8,1.0,"SetByAsk, Leg"
2025-12-16 06:04:33,2025-12-16T06:04:33,59.81,1.0,"SetByAsk, Leg"
2025-12-16 06:04:33,2025-12-16T06:04:33,59.8,1.0,"SetByAsk, Leg"
2025-12-16 06:05:13,2025-12-16T06:05:13,59.82,1.0,SetByAsk
2025-12-16 06:06:01,2025-12-16T06:06:01,59.82,1.0,SetByBid
2025-12-16 06:06:50,2025-12-16T06:06:50,59.83,1.0,SetByBid
2025-12-16 06:06:50,2025-12-16T06:06:50,59.83,1.0,SetByBid
2025-12-16 06:07:12,2025-12-16T06:07:12,59.83,1.0,SetByBid
2025-12-16 06:08:03,2025-12-16T06:08:03,59.83,1.0,SetByAsk
2025-12-16 06:08:09,2025-12-16T06:08:09,59.83,1.0,SetByAsk
2025-12-16 06:08:09,2025-12-16T06:08:09,59.83,1.0,SetByAsk
2025-12-16 06:08:09,2025-12-16T06:08:09,59.83,1.0,SetByAsk
2025-12-16 06:08:09,2025-12-16T06:08:09,59.83,1.0,SetByAsk
2025-12-16 06:08:09,2025-12-16T06:08:09,59.83,1.0,SetByAsk
2025-12-16 06:08:09,2025-12-16T06:08:09,59.83,2.0,SetByAsk
2025-12-16 06:08:09,2025-12-16T06:08:09,59.83,1.0,SetByAsk
2025-12-16 06:08:09,2025-12-16T06:08:09,59.83,1.0,SetByAsk
2025-12-16 06:08:09,2025-12-16T06:08:09,59.83,1.0,SetByAsk
2025-12-16 06:08:09,2025-12-16T06:08:09,59.83,1.0,SetByAsk
2025-12-16 06:08:09,2025-12-16T06:08:09,59.83,1.0,SetByAsk
2025-12-16 06:08:09,2025-12-16T06:08:09,59.83,1.0,SetByAsk
2025-12-16 06:08:09,2025-12-16T06:08:09,59.83,1.0,SetByAsk
2025-12-16 06:08:09,2025-12-16T06:08:09,59.83,1.0,SetByAsk
2025-12-16 06:08:09,2025-12-16T06:08:09,59.83,1.0,SetByAsk
2025-12-16 06:08:09,2025-12-16T06:08:09,59.83,1.0,SetByAsk
2025-12-16 06:08:09,2025-12-16T06:08:09,59.83,1.0,SetByAsk
2025-12-16 06:08:09,2025-12-16T06:08:09,59.83,1.0,SetByAsk
2025-12-16 06:08:35,2025-12-16T06:08:35,59.82,1.0,SetByBid
2025-12-16 06:08:35,2025-12-16T06:08:35,59.82,1.0,SetByBid
2025-12-16 06:08:44,2025-12-16T06:08:44,59.81,1.0,SetByAsk
2025-12-16 06:09:41,2025-12-16T06:09:41,59.8,1.0,SetByBid
2025-12-16 06:09:41,2025-12-16T06:09:41,59.8,4.0,SetByBid
2025-12-16 06:10:23,2025-12-16T06:10:23,59.83,1.0,SetByBid
2025-12-16 06:12:00,2025-12-16T06:12:00,59.84,1.0,SetByBid
2025-12-16 06:12:00,2025-12-16T06:12:00,59.84,1.0,SetByBid
2025-12-16 06:12:20,2025-12-16T06:12:20,59.83,1.0,SetByAsk
2025-12-16 06:12:20,2025-12-16T06:12:20,59.83,1.0,SetByAsk
2025-12-16 06:12:20,2025-12-16T06:12:20,59.83,1.0,SetByAsk
2025-12-16 06:12:20,2025-12-16T06:12:20,59.83,2.0,SetByAsk
2025-12-16 06:12:20,2025-12-16T06:12:20,59.83,1.0,SetByAsk
2025-12-16 06:12:20,2025-12-16T06:12:20,59.83,1.0,SetByAsk
2025-12-16 06:12:20,2025-12-16T06:12:20,59.83,2.0,SetByBid
2025-12-16 06:13:06,2025-12-16T06:13:06,59.85,1.0,SetByBid
2025-12-16 06:13:06,2025-12-16T06:13:06,59.85,1.0,SetByBid
2025-12-16 06:13:06,2025-12-16T06:13:06,59.84,1.0,SetByAsk
2025-12-16 06:13:06,2025-12-16T06:13:06,59.84,1.0,SetByAsk
2025-12-16 06:13:06,2025-12-16T06:13:06,59.84,1.0,SetByAsk
2025-12-16 06:14:47,2025-12-16T06:14:47,59.83,1.0,SetByBid
2025-12-16 06:14:47,2025-12-16T06:14:47,59.83,1.0,SetByBid
2025-12-16 06:14:47,2025-12-16T06:14:47,59.83,1.0,SetByAsk
2025-12-16 06:14:49,2025-12-16T06:14:49,59.82,1.0,SetByAsk
2025-12-16 06:15:15,2025-12-16T06:15:15,59.84,1.0,SetByBid
2025-12-16 06:15:15,2025-12-16T06:15:15,59.84,1.0,SetByBid
2025-12-16 06:17:35,2025-12-16T06:17:35,59.81,1.0,SetByAsk
2025-12-16 06:18:37,2025-12-16T06:18:37,59.82,1.0,SetByAsk
2025-12-16 06:19:12,2025-12-16T06:19:12,59.81,1.0,SetByBid
2025-12-16 06:20:03,2025-12-16T06:20:03,59.82,1.0,SetByBid
2025-12-16 06:20:03,2025-12-16T06:20:03,59.82,1.0,SetByBid
2025-12-16 06:21:59,2025-12-16T06:21:59,59.83,1.0,SetByAsk
2025-12-16 06:24:17,2025-12-16T06:24:17,59.84,1.0,SetByBid
2025-12-16 06:24:17,2025-12-16T06:24:17,59.84,1.0,SetByBid
2025-12-16 06:24:17,2025-12-16T06:24:17,59.84,1.0,SetByBid
2025-12-16 06:26:13,2025-12-16T06:26:13,59.87,1.0,SetByBid
2025-12-16 06:26:20,2025-12-16T06:26:20,59.87,1.0,SetByBid
2025-12-16 06:27:12,2025-12-16T06:27:12,59.88,1.0,SetByAsk
2025-12-16 06:28:27,2025-12-16T06:28:27,59.9,1.0,SetByBid
2025-12-16 06:28:27,2025-12-16T06:28:27,59.9,1.0,SetByBid
2025-12-16 06:28:27,2025-12-16T06:28:27,59.9,1.0,SetByBid
2025-12-16 06:28:27,2025-12-16T06:28:27,59.9,1.0,SetByBid
2025-12-16 06:28:27,2025-12-16T06:28:27,59.9,1.0,SetByBid
2025-12-16 06:28:39,2025-12-16T06:28:39,59.91,1.0,SetByAsk
2025-12-16 06:30:01,2025-12-16T06:30:01,59.88,1.0,SetByAsk
2025-12-16 06:30:01,2025-12-16T06:30:01,59.88,1.0,SetByAsk
2025-12-16 06:30:01,2025-12-16T06:30:01,59.87,1.0,SetByAsk
2025-12-16 06:30:01,2025-12-16T06:30:01,59.87,1.0,SetByAsk
2025-12-16 06:30:01,2025-12-16T06:30:01,59.87,1.0,SetByAsk
2025-12-16 06:30:01,2025-12-16T06:30:01,59.87,1.0,SetByAsk
2025-12-16 06:30:01,2025-12-16T06:30:01,59.87,1.0,SetByAsk
2025-12-16 06:30:01,2025-12-16T06:30:01,59.87,1.0,SetByAsk
2025-12-16 06:30:02,2025-12-16T06:30:02,59.88,1.0,SetByBid
2025-12-16 06:30:02,2025-12-16T06:30:02,59.88,1.0,SetByBid
2025-12-16 06:30:02,2025-12-16T06:30:02,59.87,1.0,SetByAsk
2025-12-16 06:30:03,2025-12-16T06:30:03,59.87,1.0,SetByAsk
2025-12-16 06:30:03,2025-12-16T06:30:03,59.87,1.0,SetByAsk
2025-12-16 06:30:04,2025-12-16T06:30:04,59.87,1.0,SetByAsk
2025-12-16 06:30:04,2025-12-16T06:30:04,59.87,1.0,SetByAsk
2025-12-16 06:30:05,2025-12-16T06:30:05,59.88,1.0,SetByAsk
2025-12-16 06:30:05,2025-12-16T06:30:05,59.88,1.0,SetByAsk
2025-12-16 06:30:05,2025-12-16T06:30:05,59.88,1.0,SetByAsk
2025-12-16 06:30:05,2025-12-16T06:30:05,59.88,1.0,SetByAsk
2025-12-16 06:30:05,2025-12-16T06:30:05,59.88,1.0,SetByAsk
2025-12-16 06:30:05,2025-12-16T06:30:05,59.88,1.0,SetByAsk
2025-12-16 06:30:05,2025-12-16T06:30:05,59.88,2.0,SetByAsk
2025-12-16 06:30:05,2025-12-16T06:30:05,59.88,1.0,SetByAsk
2025-12-16 06:30:05,2025-12-16T06:30:05,59.88,1.0,SetByAsk
2025-12-16 06:30:05,2025-12-16T06:30:05,59.88,1.0,SetByBid
2025-12-16 06:30:07,2025-12-16T06:30:07,59.87,1.0,SetByAsk
2025-12-16 06:30:07,2025-12-16T06:30:07,59.87,1.0,SetByAsk
2025-12-16 06:30:07,2025-12-16T06:30:07,59.87,1.0,SetByAsk
2025-12-16 06:30:07,2025-12-16T06:30:07,59.87,1.0,SetByAsk
2025-12-16 06:30:07,2025-12-16T06:30:07,59.87,1.0,SetByAsk
2025-12-16 06:30:07,2025-12-16T06:30:07,59.87,1.0,SetByAsk
2025-12-16 06:30:07,2025-12-16T06:30:07,59.87,1.0,SetByAsk
2025-12-16 06:30:07,2025-12-16T06:30:07,59.87,1.0,SetByAsk
2025-12-16 06:30:07,2025-12-16T06:30:07,59.87,1.0,SetByAsk
2025-12-16 06:30:07,2025-12-16T06:30:07,59.88,1.0,SetByBid
2025-12-16 06:30:07,2025-12-16T06:30:07,59.88,2.0,SetByBid
2025-12-16 06:30:07,2025-12-16T06:30:07,59.87,1.0,SetByAsk
2025-12-16 06:30:07,2025-12-16T06:30:07,59.87,1.0,SetByAsk
2025-12-16 06:30:07,2025-12-16T06:30:07,59.87,1.0,SetByAsk
2025-12-16 06:30:07,2025-12-16T06:30:07,59.87,1.0,SetByAsk
2025-12-16 06:30:07,2025-12-16T06:30:07,59.87,1.0,SetByAsk
2025-12-16 06:30:07,2025-12-16T06:30:07,59.87,1.0,SetByAsk
2025-12-16 06:30:08,2025-12-16T06:30:08,59.87,1.0,SetByAsk
2025-12-16 06:30:08,2025-12-16T06:30:08,59.87,1.0,SetByAsk
2025-12-16 06:30:08,2025-12-16T06:30:08,59.87,1.0,SetByAsk
2025-12-16 06:30:09,2025-12-16T06:30:09,59.87,1.0,SetByAsk
2025-12-16 06:30:11,2025-12-16T06:30:11,59.87,1.0,SetByAsk
2025-12-16 06:30:12,2025-12-16T06:30:12,59.87,1.0,SetByAsk
2025-12-16 06:30:12,2025-12-16T06:30:12,59.87,1.0,SetByBid
2025-12-16 06:30:12,2025-12-16T06:30:12,59.87,1.0,SetByBid
2025-12-16 06:30:12,2025-12-16T06:30:12,59.87,1.0,SetByBid
2025-12-16 06:30:56,2025-12-16T06:30:56,59.87,1.0,SetByAsk
2025-12-16 06:30:56,2025-12-16T06:30:56,59.87,2.0,SetByAsk
2025-12-16 06:30:56,2025-12-16T06:30:56,59.87,1.0,SetByAsk
2025-12-16 06:30:57,2025-12-16T06:30:57,59.86,1.0,SetByAsk
2025-12-16 06:30:57,2025-12-16T06:30:57,59.86,1.0,SetByAsk
2025-12-16 06:31:08,2025-12-16T06:31:08,59.88,1.0,SetByBid
2025-12-16 06:31:44,2025-12-16T06:31:44,59.87,1.0,SetByAsk
2025-12-16 06:31:45,2025-12-16T06:31:45,59.87,1.0,SetByAsk
2025-12-16 06:31:47,2025-12-16T06:31:47,59.87,2.0,SetByAsk
2025-12-16 06:31:47,2025-12-16T06:31:47,59.87,1.0,SetByAsk
2025-12-16 06:31:48,2025-12-16T06:31:48,59.87,1.0,SetByAsk
2025-12-16 06:32:10,2025-12-16T06:32:10,59.87,2.0,SetByAsk
2025-12-16 06:32:10,2025-12-16T06:32:10,59.87,1.0,SetByAsk
2025-12-16 06:32:10,2025-12-16T06:32:10,59.87,1.0,SetByAsk
2025-12-16 06:32:10,2025-12-16T06:32:10,59.87,1.0,SetByAsk
2025-12-16 06:32:10,2025-12-16T06:32:10,59.87,1.0,SetByAsk
2025-12-16 06:32:11,2025-12-16T06:32:11,59.85,1.0,SetByAsk
2025-12-16 06:32:11,2025-12-16T06:32:11,59.85,1.0,SetByAsk
2025-12-16 06:32:11,2025-12-16T06:32:11,59.85,1.0,SetByAsk
2025-12-16 06:34:06,2025-12-16T06:34:06,59.85,1.0,SetByAsk
2025-12-16 06:34:06,2025-12-16T06:34:06,59.86,1.0,SetByBid
2025-12-16 06:34:06,2025-12-16T06:34:06,59.86,1.0,SetByBid
2025-12-16 06:34:17,2025-12-16T06:34:17,59.86,1.0,SetByAsk
2025-12-16 06:34:17,2025-12-16T06:34:17,59.86,1.0,SetByAsk
2025-12-16 06:34:18,2025-12-16T06:34:18,59.85,1.0,SetByAsk
2025-12-16 06:34:32,2025-12-16T06:34:32,59.85,1.0,SetByAsk
2025-12-16 06:34:32,2025-12-16T06:34:32,59.84,1.0,SetByAsk
2025-12-16 06:34:32,2025-12-16T06:34:32,59.84,1.0,SetByAsk
2025-12-16 06:34:32,2025-12-16T06:34:32,59.84,1.0,SetByAsk
2025-12-16 06:34:32,2025-12-16T06:34:32,59.84,1.0,SetByAsk
2025-12-16 06:34:32,2025-12-16T06:34:32,59.84,1.0,SetByAsk
2025-12-16 06:34:41,2025-12-16T06:34:41,59.84,1.0,SetByAsk
2025-12-16 06:34:41,2025-12-16T06:34:41,59.84,1.0,SetByAsk
2025-12-16 06:34:41,2025-12-16T06:34:41,59.84,1.0,SetByAsk
2025-12-16 06:34:41,2025-12-16T06:34:41,59.84,1.0,SetByAsk
2025-12-16 06:34:41,2025-12-16T06:34:41,59.84,1.0,SetByAsk
2025-12-16 06:34:41,2025-12-16T06:34:41,59.84,1.0,SetByAsk
2025-12-16 06:34:41,2025-12-16T06:34:41,59.84,1.0,SetByAsk
2025-12-16 06:34:41,2025-12-16T06:34:41,59.84,1.0,SetByAsk
2025-12-16 06:34:41,2025-12-16T06:34:41,59.84,1.0,SetByAsk
2025-12-16 06:34:47,2025-12-16T06:34:47,59.84,1.0,SetByAsk
2025-12-16 06:34:48,2025-12-16T06:34:48,59.84,1.0,SetByAsk
2025-12-16 06:34:52,2025-12-16T06:34:52,59.84,1.0,SetByAsk
2025-12-16 06:34:52,2025-12-16T06:34:52,59.84,1.0,SetByAsk
2025-12-16 06:34:55,2025-12-16T06:34:55,59.84,2.0,SetByAsk
2025-12-16 06:34:55,2025-12-16T06:34:55,59.84,1.0,SetByAsk
2025-12-16 06:34:55,2025-12-16T06:34:55,59.84,1.0,SetByAsk
2025-12-16 06:34:55,2025-12-16T06:34:55,59.84,1.0,SetByAsk
2025-12-16 06:34:55,2025-12-16T06:34:55,59.84,1.0,SetByAsk
2025-12-16 06:34:55,2025-12-16T06:34:55,59.84,2.0,SetByAsk
2025-12-16 06:34:55,2025-12-16T06:34:55,59.84,1.0,SetByAsk
2025-12-16 06:34:56,2025-12-16T06:34:56,59.84,2.0,SetByAsk
2025-12-16 06:35:05,2025-12-16T06:35:05,59.84,1.0,SetByBid
2025-12-16 06:35:05,2025-12-16T06:35:05,59.84,2.0,SetByBid
2025-12-16 06:35:09,2025-12-16T06:35:09,59.84,1.0,SetByAsk
2025-12-16 06:35:09,2025-12-16T06:35:09,59.84,1.0,SetByAsk
2025-12-16 06:35:09,2025-12-16T06:35:09,59.84,1.0,SetByAsk
2025-12-16 06:35:09,2025-12-16T06:35:09,59.84,1.0,SetByBid
2025-12-16 06:35:10,2025-12-16T06:35:10,59.84,1.0,SetByBid
2025-12-16 06:35:10,2025-12-16T06:35:10,59.84,1.0,SetByBid
2025-12-16 06:35:10,2025-12-16T06:35:10,59.84,1.0,SetByBid
2025-12-16 06:35:10,2025-12-16T06:35:10,59.84,1.0,SetByBid
2025-12-16 06:35:25,2025-12-16T06:35:25,59.84,1.0,SetByAsk
2025-12-16 06:35:25,2025-12-16T06:35:25,59.84,1.0,SetByAsk
2025-12-16 06:35:25,2025-12-16T06:35:25,59.84,1.0,SetByAsk
2025-12-16 06:35:25,2025-12-16T06:35:25,59.84,1.0,SetByBid
2025-12-16 06:35:26,2025-12-16T06:35:26,59.83,1.0,SetByAsk
2025-12-16 06:35:32,2025-12-16T06:35:32,59.84,1.0,SetByAsk
2025-12-16 06:35:33,2025-12-16T06:35:33,59.83,1.0,SetByAsk
2025-12-16 06:36:15,2025-12-16T06:36:15,59.84,1.0,SetByBid
2025-12-16 06:36:15,2025-12-16T06:36:15,59.84,2.0,SetByBid
2025-12-16 06:36:15,2025-12-16T06:36:15,59.84,1.0,SetByBid
2025-12-16 06:36:18,2025-12-16T06:36:18,59.84,1.0,SetByAsk
2025-12-16 06:36:18,2025-12-16T06:36:18,59.84,1.0,SetByAsk
2025-12-16 06:36:18,2025-12-16T06:36:18,59.84,1.0,SetByAsk
2025-12-16 06:36:18,2025-12-16T06:36:18,59.84,1.0,SetByAsk
2025-12-16 06:36:20,2025-12-16T06:36:20,59.84,1.0,SetByAsk
2025-12-16 06:36:31,2025-12-16T06:36:31,59.84,1.0,SetByAsk
2025-12-16 06:36:36,2025-12-16T06:36:36,59.84,1.0,SetByAsk
2025-12-16 06:36:46,2025-12-16T06:36:46,59.84,1.0,SetByAsk
2025-12-16 06:36:56,2025-12-16T06:36:56,59.84,1.0,SetByAsk
2025-12-16 06:37:01,2025-12-16T06:37:01,59.84,1.0,SetByAsk
2025-12-16 06:37:06,2025-12-16T06:37:06,59.84,1.0,SetByAsk
2025-12-16 06:37:16,2025-12-16T06:37:16,59.84,1.0,SetByAsk
2025-12-16 06:37:21,2025-12-16T06:37:21,59.85,1.0,SetByBid
2025-12-16 06:37:35,2025-12-16T06:37:35,59.85,1.0,SetByBid
2025-12-16 06:37:43,2025-12-16T06:37:43,59.85,1.0,SetByBid
2025-12-16 06:37:43,2025-12-16T06:37:43,59.85,1.0,SetByBid
2025-12-16 06:37:43,2025-12-16T06:37:43,59.85,1.0,SetByBid
2025-12-16 06:38:38,2025-12-16T06:38:38,59.84,1.0,SetByAsk
2025-12-16 06:38:38,2025-12-16T06:38:38,59.84,2.0,SetByAsk
2025-12-16 06:40:26,2025-12-16T06:40:26,59.85,1.0,SetByAsk
2025-12-16 06:41:30,2025-12-16T06:41:30,59.85,1.0,SetByBid
2025-12-16 06:41:30,2025-12-16T06:41:30,59.85,1.0,SetByBid
2025-12-16 06:43:00,2025-12-16T06:43:00,59.84,1.0,SetByBid
2025-12-16 06:43:06,2025-12-16T06:43:06,59.84,1.0,SetByAsk
2025-12-16 06:43:06,2025-12-16T06:43:06,59.84,1.0,SetByAsk
2025-12-16 06:43:06,2025-12-16T06:43:06,59.82,1.0,SetByAsk
2025-12-16 06:43:06,2025-12-16T06:43:06,59.82,1.0,SetByAsk
2025-12-16 06:43:06,2025-12-16T06:43:06,59.82,1.0,SetByAsk
2025-12-16 06:43:06,2025-12-16T06:43:06,59.82,1.0,SetByAsk
2025-12-16 06:43:06,2025-12-16T06:43:06,59.82,1.0,SetByAsk
2025-12-16 06:43:06,2025-12-16T06:43:06,59.82,1.0,SetByAsk
2025-12-16 06:43:06,2025-12-16T06:43:06,59.82,2.0,SetByAsk
2025-12-16 06:43:06,2025-12-16T06:43:06,59.82,1.0,SetByAsk
2025-12-16 06:43:06,2025-12-16T06:43:06,59.82,1.0,SetByAsk
2025-12-16 06:43:57,2025-12-16T06:43:57,59.82,1.0,SetByBid
2025-12-16 06:43:57,2025-12-16T06:43:57,59.82,2.0,SetByBid
2025-12-16 06:44:15,2025-12-16T06:44:15,59.83,1.0,SetByBid
2025-12-16 06:44:15,2025-12-16T06:44:15,59.83,1.0,SetByBid
2025-12-16 06:44:15,2025-12-16T06:44:15,59.83,1.0,SetByBid
2025-12-16 06:44:15,2025-12-16T06:44:15,59.83,1.0,SetByBid
2025-12-16 06:44:15,2025-12-16T06:44:15,59.83,1.0,SetByBid
2025-12-16 06:44:59,2025-12-16T06:44:59,59.82,1.0,SetByAsk
2025-12-16 06:45:05,2025-12-16T06:45:05,59.83,1.0,SetByBid
2025-12-16 06:45:05,2025-12-16T06:45:05,59.83,1.0,SetByBid
2025-12-16 06:45:05,2025-12-16T06:45:05,59.83,1.0,SetByBid
2025-12-16 06:45:05,2025-12-16T06:45:05,59.83,3.0,SetByBid
2025-12-16 06:45:05,2025-12-16T06:45:05,59.83,1.0,SetByBid
2025-12-16 06:45:07,2025-12-16T06:45:07,59.83,2.0,SetByBid
2025-12-16 06:45:07,2025-12-16T06:45:07,59.83,1.0,SetByBid
2025-12-16 06:45:08,2025-12-16T06:45:08,59.83,2.0,SetByBid
2025-12-16 06:45:08,2025-12-16T06:45:08,59.83,1.0,SetByBid
2025-12-16 06:45:20,2025-12-16T06:45:20,59.83,1.0,SetByBid
2025-12-16 06:45:20,2025-12-16T06:45:20,59.83,2.0,SetByBid
2025-12-16 06:45:20,2025-12-16T06:45:20,59.83,1.0,SetByBid
2025-12-16 06:45:22,2025-12-16T06:45:22,59.83,1.0,SetByBid
2025-12-16 06:45:22,2025-12-16T06:45:22,59.83,1.0,SetByBid
2025-12-16 06:45:22,2025-12-16T06:45:22,59.83,1.0,SetByBid
2025-12-16 06:45:23,2025-12-16T06:45:23,59.83,1.0,SetByBid
2025-12-16 06:45:23,2025-12-16T06:45:23,59.83,1.0,SetByBid
2025-12-16 06:45:31,2025-12-16T06:45:31,59.83,1.0,SetByBid
2025-12-16 06:45:31,2025-12-16T06:45:31,59.83,2.0,SetByBid
2025-12-16 06:45:32,2025-12-16T06:45:32,59.84,1.0,SetByBid
2025-12-16 06:45:32,2025-12-16T06:45:32,59.84,1.0,SetByBid
2025-12-16 06:45:32,2025-12-16T06:45:32,59.83,1.0,SetByAsk
2025-12-16 06:45:32,2025-12-16T06:45:32,59.83,1.0,SetByAsk
2025-12-16 06:45:32,2025-12-16T06:45:32,59.83,1.0,SetByAsk
2025-12-16 06:45:55,2025-12-16T06:45:55,59.83,1.0,SetByAsk
2025-12-16 06:45:55,2025-12-16T06:45:55,59.83,1.0,SetByAsk
2025-12-16 06:46:43,2025-12-16T06:46:43,59.83,1.0,SetByAsk
2025-12-16 06:48:03,2025-12-16T06:48:03,59.81,1.0,SetByAsk
2025-12-16 06:48:03,2025-12-16T06:48:03,59.81,1.0,SetByAsk
2025-12-16 06:48:03,2025-12-16T06:48:03,59.81,1.0,SetByAsk
2025-12-16 06:48:03,2025-12-16T06:48:03,59.81,1.0,SetByAsk
2025-12-16 06:48:03,2025-12-16T06:48:03,59.81,2.0,SetByBid
2025-12-16 06:48:03,2025-12-16T06:48:03,59.81,1.0,SetByBid
2025-12-16 06:48:03,2025-12-16T06:48:03,59.81,1.0,SetByBid
2025-12-16 06:48:03,2025-12-16T06:48:03,59.81,2.0,SetByBid
2025-12-16 06:48:03,2025-12-16T06:48:03,59.81,1.0,SetByBid
2025-12-16 06:48:03,2025-12-16T06:48:03,59.81,1.0,SetByBid
2025-12-16 06:48:03,2025-12-16T06:48:03,59.82,1.0,SetByBid
2025-12-16 06:48:03,2025-12-16T06:48:03,59.82,2.0,SetByBid
2025-12-16 06:48:19,2025-12-16T06:48:19,59.81,1.0,SetByAsk
2025-12-16 06:48:20,2025-12-16T06:48:20,59.81,1.0,SetByAsk
2025-12-16 06:48:20,2025-12-16T06:48:20,59.81,8.0,SetByAsk
2025-12-16 06:48:20,2025-12-16T06:48:20,59.81,2.0,SetByAsk
2025-12-16 06:48:20,2025-12-16T06:48:20,59.81,1.0,SetByAsk
2025-12-16 06:48:20,2025-12-16T06:48:20,59.81,3.0,SetByAsk
2025-12-16 06:48:20,2025-12-16T06:48:20,59.81,1.0,SetByAsk
2025-12-16 06:48:20,2025-12-16T06:48:20,59.81,1.0,SetByAsk
2025-12-16 06:48:20,2025-12-16T06:48:20,59.81,1.0,SetByAsk
2025-12-16 06:48:20,2025-12-16T06:48:20,59.81,1.0,SetByAsk
2025-12-16 06:48:20,2025-12-16T06:48:20,59.81,1.0,SetByAsk
2025-12-16 06:48:20,2025-12-16T06:48:20,59.81,1.0,SetByAsk
2025-12-16 06:48:20,2025-12-16T06:48:20,59.81,1.0,SetByAsk
2025-12-16 06:48:20,2025-12-16T06:48:20,59.81,1.0,SetByAsk
2025-12-16 06:48:20,2025-12-16T06:48:20,59.81,1.0,SetByAsk
2025-12-16 06:48:20,2025-12-16T06:48:20,59.81,1.0,SetByAsk
2025-12-16 06:48:21,2025-12-16T06:48:21,59.81,1.0,SetByAsk
2025-12-16 06:48:22,2025-12-16T06:48:22,59.8,1.0,SetByAsk
2025-12-16 06:48:27,2025-12-16T06:48:27,59.8,1.0,SetByAsk
2025-12-16 06:48:27,2025-12-16T06:48:27,59.8,1.0,SetByAsk
2025-12-16 06:48:27,2025-12-16T06:48:27,59.8,8.0,SetByAsk
2025-12-16 06:48:27,2025-12-16T06:48:27,59.8,1.0,SetByAsk
2025-12-16 06:48:27,2025-12-16T06:48:27,59.8,1.0,SetByBid
2025-12-16 06:48:28,2025-12-16T06:48:28,59.8,1.0,SetByAsk
2025-12-16 06:48:28,2025-12-16T06:48:28,59.8,1.0,SetByAsk
2025-12-16 06:48:28,2025-12-16T06:48:28,59.8,1.0,SetByAsk
2025-12-16 06:48:28,2025-12-16T06:48:28,59.8,1.0,SetByAsk
2025-12-16 06:48:28,2025-12-16T06:48:28,59.8,1.0,SetByBid
2025-12-16 06:48:28,2025-12-16T06:48:28,59.8,1.0,SetByBid
2025-12-16 06:48:28,2025-12-16T06:48:28,59.8,1.0,SetByBid
2025-12-16 06:48:28,2025-12-16T06:48:28,59.8,1.0,SetByBid
2025-12-16 06:48:28,2025-12-16T06:48:28,59.8,1.0,SetByBid
2025-12-16 06:48:29,2025-12-16T06:48:29,59.8,1.0,SetByBid
2025-12-16 06:48:29,2025-12-16T06:48:29,59.8,1.0,SetByBid
2025-12-16 06:48:33,2025-12-16T06:48:33,59.81,1.0,SetByBid
2025-12-16 06:48:33,2025-12-16T06:48:33,59.81,1.0,SetByBid
2025-12-16 06:48:33,2025-12-16T06:48:33,59.81,1.0,SetByBid
2025-12-16 06:48:33,2025-12-16T06:48:33,59.81,2.0,SetByBid
2025-12-16 06:48:43,2025-12-16T06:48:43,59.81,1.0,SetByAsk
2025-12-16 06:48:43,2025-12-16T06:48:43,59.81,1.0,SetByBid
2025-12-16 06:48:43,2025-12-16T06:48:43,59.81,1.0,SetByBid
2025-12-16 06:48:44,2025-12-16T06:48:44,59.81,1.0,SetByBid
2025-12-16 06:48:44,2025-12-16T06:48:44,59.81,1.0,SetByBid
2025-12-16 06:48:44,2025-12-16T06:48:44,59.82,1.0,SetByBid
2025-12-16 06:48:44,2025-12-16T06:48:44,59.82,1.0,SetByBid
2025-12-16 06:48:44,2025-12-16T06:48:44,59.81,1.0,SetByBid
2025-12-16 06:48:54,2025-12-16T06:48:54,59.81,2.0,SetByAsk
2025-12-16 06:48:54,2025-12-16T06:48:54,59.81,1.0,SetByAsk
2025-12-16 06:49:25,2025-12-16T06:49:25,59.81,1.0,SetByBid
2025-12-16 06:49:30,2025-12-16T06:49:30,59.8,1.0,SetByAsk
2025-12-16 06:49:31,2025-12-16T06:49:31,59.8,1.0,SetByAsk
2025-12-16 06:49:45,2025-12-16T06:49:45,59.81,1.0,SetByBid
2025-12-16 06:49:45,2025-12-16T06:49:45,59.81,1.0,SetByBid
2025-12-16 06:51:08,2025-12-16T06:51:08,59.82,1.0,SetByBid
2025-12-16 06:51:08,2025-12-16T06:51:08,59.82,1.0,SetByBid
2025-12-16 06:51:08,2025-12-16T06:51:08,59.82,1.0,SetByBid
2025-12-16 06:51:57,2025-12-16T06:51:57,59.8,1.0,SetByAsk
2025-12-16 06:51:57,2025-12-16T06:51:57,59.8,1.0,SetByAsk
2025-12-16 06:51:57,2025-12-16T06:51:57,59.8,1.0,SetByAsk
2025-12-16 06:51:57,2025-12-16T06:51:57,59.8,1.0,SetByBid
2025-12-16 06:51:58,2025-12-16T06:51:58,59.79,1.0,SetByAsk
2025-12-16 06:51:58,2025-12-16T06:51:58,59.79,1.0,SetByAsk
2025-12-16 06:51:58,2025-12-16T06:51:58,59.79,1.0,SetByAsk
2025-12-16 06:51:58,2025-12-16T06:51:58,59.79,1.0,SetByAsk
2025-12-16 06:51:58,2025-12-16T06:51:58,59.79,1.0,SetByAsk
2025-12-16 06:51:58,2025-12-16T06:51:58,59.79,1.0,SetByAsk
2025-12-16 06:52:59,2025-12-16T06:52:59,59.79,2.0,SetByBid
2025-12-16 06:53:00,2025-12-16T06:53:00,59.79,1.0,SetByBid
2025-12-16 06:53:00,2025-12-16T06:53:00,59.79,2.0,SetByBid
2025-12-16 06:53:49,2025-12-16T06:53:49,59.78,1.0,SetByAsk
2025-12-16 06:53:49,2025-12-16T06:53:49,59.78,1.0,SetByAsk
2025-12-16 06:53:49,2025-12-16T06:53:49,59.78,1.0,SetByAsk
2025-12-16 06:53:49,2025-12-16T06:53:49,59.78,1.0,SetByAsk
2025-12-16 06:53:49,2025-12-16T06:53:49,59.78,1.0,SetByAsk
2025-12-16 06:53:49,2025-12-16T06:53:49,59.78,1.0,SetByAsk
2025-12-16 06:53:49,2025-12-16T06:53:49,59.78,1.0,SetByAsk
2025-12-16 06:53:49,2025-12-16T06:53:49,59.78,1.0,SetByAsk
2025-12-16 06:53:49,2025-12-16T06:53:49,59.78,1.0,SetByAsk
2025-12-16 06:53:49,2025-12-16T06:53:49,59.78,1.0,SetByAsk
2025-12-16 06:53:49,2025-12-16T06:53:49,59.78,1.0,SetByAsk
2025-12-16 06:53:49,2025-12-16T06:53:49,59.78,1.0,SetByAsk
2025-12-16 06:53:50,2025-12-16T06:53:50,59.79,1.0,SetByBid
2025-12-16 06:53:50,2025-12-16T06:53:50,59.79,1.0,SetByBid
2025-12-16 06:53:50,2025-12-16T06:53:50,59.79,1.0,SetByBid
2025-12-16 06:53:50,2025-12-16T06:53:50,59.79,1.0,SetByBid
2025-12-16 06:53:51,2025-12-16T06:53:51,59.78,1.0,SetByAsk
2025-12-16 06:55:57,2025-12-16T06:55:57,59.78,1.0,SetByAsk
2025-12-16 06:56:29,2025-12-16T06:56:29,59.78,1.0,SetByAsk
2025-12-16 06:59:25,2025-12-16T06:59:25,59.8,1.0,SetByAsk
2025-12-16 06:59:25,2025-12-16T06:59:25,59.8,1.0,SetByAsk
2025-12-16 06:59:25,2025-12-16T06:59:25,59.8,1.0,SetByAsk
2025-12-16 07:00:52,2025-12-16T07:00:52,59.8,1.0,SetByAsk
2025-12-16 07:01:09,2025-12-16T07:01:09,59.8,1.0,SetByBid
2025-12-16 07:01:33,2025-12-16T07:01:33,59.79,1.0,SetByAsk
2025-12-16 07:01:39,2025-12-16T07:01:39,59.79,1.0,SetByAsk
2025-12-16 07:01:52,2025-12-16T07:01:52,59.8,1.0,SetByAsk
2025-12-16 07:01:52,2025-12-16T07:01:52,59.8,1.0,SetByAsk
2025-12-16 07:01:52,2025-12-16T07:01:52,59.8,2.0,SetByBid
2025-12-16 07:01:52,2025-12-16T07:01:52,59.8,1.0,SetByBid
2025-12-16 07:01:52,2025-12-16T07:01:52,59.8,1.0,SetByBid
2025-12-16 07:01:54,2025-12-16T07:01:54,59.8,1.0,SetByAsk
2025-12-16 07:01:54,2025-12-16T07:01:54,59.8,1.0,SetByAsk
2025-12-16 07:01:54,2025-12-16T07:01:54,59.8,1.0,SetByAsk
2025-12-16 07:02:12,2025-12-16T07:02:12,59.8,1.0,SetByAsk
2025-12-16 07:02:16,2025-12-16T07:02:16,59.8,1.0,SetByAsk
2025-12-16 07:02:16,2025-12-16T07:02:16,59.8,1.0,SetByAsk
2025-12-16 07:02:16,2025-12-16T07:02:16,59.8,1.0,SetByAsk
2025-12-16 07:02:16,2025-12-16T07:02:16,59.8,1.0,SetByAsk
2025-12-16 07:02:17,2025-12-16T07:02:17,59.8,1.0,SetByAsk
2025-12-16 07:02:17,2025-12-16T07:02:17,59.8,1.0,SetByAsk
2025-12-16 07:02:17,2025-12-16T07:02:17,59.8,1.0,SetByAsk
2025-12-16 07:02:17,2025-12-16T07:02:17,59.8,1.0,SetByAsk
2025-12-16 07:02:17,2025-12-16T07:02:17,59.8,1.0,SetByAsk
2025-12-16 07:02:34,2025-12-16T07:02:34,59.8,1.0,SetByAsk
2025-12-16 07:03:20,2025-12-16T07:03:20,59.8,1.0,SetByAsk
2025-12-16 07:03:20,2025-12-16T07:03:20,59.8,1.0,SetByAsk
2025-12-16 07:03:20,2025-12-16T07:03:20,59.8,2.0,SetByAsk
2025-12-16 07:03:20,2025-12-16T07:03:20,59.8,1.0,SetByAsk
2025-12-16 07:03:20,2025-12-16T07:03:20,59.8,1.0,SetByAsk
2025-12-16 07:03:20,2025-12-16T07:03:20,59.8,2.0,SetByAsk
2025-12-16 07:04:16,2025-12-16T07:04:16,59.79,1.0,SetByAsk
2025-12-16 07:04:16,2025-12-16T07:04:16,59.79,1.0,SetByAsk
2025-12-16 07:04:16,2025-12-16T07:04:16,59.79,1.0,SetByAsk
2025-12-16 07:04:47,2025-12-16T07:04:47,59.8,1.0,SetByAsk
2025-12-16 07:04:47,2025-12-16T07:04:47,59.8,1.0,SetByAsk
2025-12-16 07:06:02,2025-12-16T07:06:02,59.81,1.0,SetByBid
2025-12-16 07:06:02,2025-12-16T07:06:02,59.81,1.0,SetByBid
2025-12-16 07:06:02,2025-12-16T07:06:02,59.81,1.0,SetByBid
2025-12-16 07:06:05,2025-12-16T07:06:05,59.8,1.0,SetByAsk
2025-12-16 07:06:16,2025-12-16T07:06:16,59.81,2.0,SetByAsk
2025-12-16 07:06:16,2025-12-16T07:06:16,59.81,1.0,SetByAsk
2025-12-16 07:06:16,2025-12-16T07:06:16,59.81,1.0,SetByAsk
2025-12-16 07:07:29,2025-12-16T07:07:29,59.81,1.0,SetByAsk
2025-12-16 07:07:34,2025-12-16T07:07:34,59.8,1.0,SetByAsk
2025-12-16 07:07:34,2025-12-16T07:07:34,59.8,1.0,SetByAsk
2025-12-16 07:07:35,2025-12-16T07:07:35,59.81,1.0,SetByAsk
2025-12-16 07:08:05,2025-12-16T07:08:05,59.81,1.0,SetByAsk
2025-12-16 07:08:05,2025-12-16T07:08:05,59.81,1.0,SetByAsk
2025-12-16 07:10:51,2025-12-16T07:10:51,59.81,1.0,SetByAsk
2025-12-16 07:10:51,2025-12-16T07:10:51,59.81,1.0,SetByAsk
2025-12-16 07:10:51,2025-12-16T07:10:51,59.81,1.0,SetByAsk
2025-12-16 07:10:51,2025-12-16T07:10:51,59.81,1.0,SetByAsk
2025-12-16 07:10:51,2025-12-16T07:10:51,59.81,1.0,SetByAsk
2025-12-16 07:10:51,2025-12-16T07:10:51,59.81,2.0,SetByAsk
2025-12-16 07:10:51,2025-12-16T07:10:51,59.81,1.0,SetByAsk
2025-12-16 07:10:51,2025-12-16T07:10:51,59.81,1.0,SetByAsk
2025-12-16 07:11:22,2025-12-16T07:11:22,59.8,1.0,SetByAsk
2025-12-16 07:11:22,2025-12-16T07:11:22,59.8,1.0,SetByAsk
2025-12-16 07:11:22,2025-12-16T07:11:22,59.8,4.0,SetByAsk
2025-12-16 07:12:21,2025-12-16T07:12:21,59.8,1.0,SetByAsk
2025-12-16 07:12:21,2025-12-16T07:12:21,59.8,1.0,SetByAsk
2025-12-16 07:12:38,2025-12-16T07:12:38,59.8,1.0,SetByAsk
2025-12-16 07:12:38,2025-12-16T07:12:38,59.8,1.0,SetByAsk
2025-12-16 07:12:38,2025-12-16T07:12:38,59.8,1.0,SetByAsk
2025-12-16 07:12:38,2025-12-16T07:12:38,59.8,1.0,SetByAsk
2025-12-16 07:12:39,2025-12-16T07:12:39,59.8,1.0,SetByAsk
2025-12-16 07:13:52,2025-12-16T07:13:52,59.81,1.0,SetByAsk
2025-12-16 07:14:26,2025-12-16T07:14:26,59.81,1.0,SetByAsk
2025-12-16 07:14:26,2025-12-16T07:14:26,59.81,1.0,SetByBid
2025-12-16 07:14:39,2025-12-16T07:14:39,59.8,1.0,SetByAsk
2025-12-16 07:14:39,2025-12-16T07:14:39,59.81,1.0,"SetByAsk, Leg"
2025-12-16 07:14:39,2025-12-16T07:14:39,59.8,1.0,"SetByAsk, Leg"
2025-12-16 07:14:39,2025-12-16T07:14:39,59.8,1.0,SetByAsk
2025-12-16 07:14:42,2025-12-16T07:14:42,59.8,1.0,SetByAsk
2025-12-16 07:18:55,2025-12-16T07:18:55,59.81,1.0,SetByAsk
2025-12-16 07:19:50,2025-12-16T07:19:50,59.81,1.0,"SetByAsk, Leg"
2025-12-16 07:19:50,2025-12-16T07:19:50,59.8,1.0,"SetByAsk, Leg"
2025-12-16 07:19:51,2025-12-16T07:19:51,59.8,1.0,SetByAsk
2025-12-16 07:19:57,2025-12-16T07:19:57,59.81,1.0,SetByAsk
2025-12-16 07:19:57,2025-12-16T07:19:57,59.81,1.0,SetByBid
2025-12-16 07:19:57,2025-12-16T07:19:57,59.81,1.0,SetByBid
2025-12-16 07:22:33,2025-12-16T07:22:33,59.85,1.0,SetByBid
2025-12-16 07:22:33,2025-12-16T07:22:33,59.85,1.0,SetByBid
2025-12-16 07:22:33,2025-12-16T07:22:33,59.85,1.0,SetByBid
2025-12-16 07:22:37,2025-12-16T07:22:37,59.84,1.0,SetByAsk
2025-12-16 07:22:37,2025-12-16T07:22:37,59.84,1.0,SetByAsk
2025-12-16 07:26:24,2025-12-16T07:26:24,59.83,1.0,SetByAsk
2025-12-16 07:26:25,2025-12-16T07:26:25,59.83,1.0,SetByAsk
2025-12-16 07:26:25,2025-12-16T07:26:25,59.83,1.0,SetByAsk
2025-12-16 07:26:25,2025-12-16T07:26:25,59.83,1.0,SetByAsk
2025-12-16 07:26:36,2025-12-16T07:26:36,59.83,1.0,SetByAsk
2025-12-16 07:26:36,2025-12-16T07:26:36,59.83,1.0,SetByAsk
2025-12-16 07:26:36,2025-12-16T07:26:36,59.83,1.0,SetByAsk
2025-12-16 07:26:36,2025-12-16T07:26:36,59.83,1.0,SetByAsk
2025-12-16 07:26:36,2025-12-16T07:26:36,59.83,1.0,SetByAsk
2025-12-16 07:27:27,2025-12-16T07:27:27,59.84,1.0,SetByAsk
2025-12-16 07:27:27,2025-12-16T07:27:27,59.84,1.0,SetByAsk
2025-12-16 07:28:18,2025-12-16T07:28:18,59.83,1.0,SetByAsk
2025-12-16 07:28:18,2025-12-16T07:28:18,59.83,1.0,SetByAsk
2025-12-16 07:28:18,2025-12-16T07:28:18,59.83,1.0,SetByAsk
2025-12-16 07:28:18,2025-12-16T07:28:18,59.83,1.0,SetByAsk
2025-12-16 07:28:18,2025-12-16T07:28:18,59.83,1.0,SetByBid
2025-12-16 07:28:36,2025-12-16T07:28:36,59.83,1.0,SetByAsk
2025-12-16 07:28:36,2025-12-16T07:28:36,59.83,1.0,SetByAsk
2025-12-16 07:28:36,2025-12-16T07:28:36,59.83,1.0,SetByAsk
2025-12-16 07:28:36,2025-12-16T07:28:36,59.83,1.0,SetByAsk
2025-12-16 07:28:43,2025-12-16T07:28:43,59.83,1.0,SetByAsk
2025-12-16 07:28:43,2025-12-16T07:28:43,59.83,1.0,SetByAsk
2025-12-16 07:28:44,2025-12-16T07:28:44,59.83,1.0,SetByAsk
2025-12-16 07:29:07,2025-12-16T07:29:07,59.83,1.0,SetByAsk
2025-12-16 07:29:07,2025-12-16T07:29:07,59.83,1.0,SetByAsk
2025-12-16 07:29:07,2025-12-16T07:29:07,59.83,1.0,SetByAsk
2025-12-16 07:29:07,2025-12-16T07:29:07,59.83,2.0,SetByBid
2025-12-16 07:29:09,2025-12-16T07:29:09,59.82,1.0,SetByAsk
2025-12-16 07:29:19,2025-12-16T07:29:19,59.83,1.0,SetByAsk
2025-12-16 07:29:20,2025-12-16T07:29:20,59.83,1.0,SetByBid
2025-12-16 07:29:20,2025-12-16T07:29:20,59.83,4.0,SetByBid
2025-12-16 07:29:20,2025-12-16T07:29:20,59.83,4.0,SetByBid
2025-12-16 07:29:20,2025-12-16T07:29:20,59.83,2.0,SetByBid
2025-12-16 07:29:20,2025-12-16T07:29:20,59.83,1.0,SetByBid
2025-12-16 07:30:10,2025-12-16T07:30:10,59.84,1.0,SetByAsk
2025-12-16 07:31:28,2025-12-16T07:31:28,59.84,1.0,SetByBid
2025-12-16 07:33:09,2025-12-16T07:33:09,59.83,1.0,SetByAsk
2025-12-16 07:33:09,2025-12-16T07:33:09,59.83,1.0,SetByAsk
2025-12-16 07:33:29,2025-12-16T07:33:29,59.82,1.0,SetByAsk
2025-12-16 07:33:47,2025-12-16T07:33:47,59.81,2.0,SetByAsk
2025-12-16 07:38:11,2025-12-16T07:38:11,59.85,3.0,SetByAsk
2025-12-16 07:38:11,2025-12-16T07:38:11,59.85,2.0,SetByAsk
2025-12-16 07:38:11,2025-12-16T07:38:11,59.85,1.0,SetByAsk
2025-12-16 07:38:11,2025-12-16T07:38:11,59.85,1.0,SetByAsk
2025-12-16 07:38:11,2025-12-16T07:38:11,59.85,1.0,SetByAsk
2025-12-16 07:41:01,2025-12-16T07:41:01,59.85,1.0,SetByBid
2025-12-16 07:42:18,2025-12-16T07:42:18,59.85,1.0,SetByBid
2025-12-16 07:43:21,2025-12-16T07:43:21,59.83,1.0,SetByBid
2025-12-16 07:52:00,2025-12-16T07:52:00,59.86,1.0,SetByBid
2025-12-16 07:52:00,2025-12-16T07:52:00,59.86,1.0,SetByBid
2025-12-16 07:55:42,2025-12-16T07:55:42,59.85,1.0,SetByAsk
2025-12-16 07:59:15,2025-12-16T07:59:15,59.82,1.0,SetByAsk
2025-12-16 07:59:41,2025-12-16T07:59:41,59.83,1.0,SetByBid
2025-12-16 07:59:41,2025-12-16T07:59:41,59.83,1.0,SetByBid
2025-12-16 08:08:11,2025-12-16T08:08:11,59.82,1.0,SetByBid
2025-12-16 08:10:40,2025-12-16T08:10:40,59.83,1.0,SetByBid
2025-12-16 08:11:27,2025-12-16T08:11:27,59.84,1.0,SetByAsk
2025-12-16 08:21:46,2025-12-16T08:21:46,59.86,1.0,SetByBid
2025-12-16 08:26:43,2025-12-16T08:26:43,59.87,1.0,SetByBid
2025-12-16 08:26:43,2025-12-16T08:26:43,59.87,1.0,SetByBid
2025-12-16 08:26:43,2025-12-16T08:26:43,59.87,1.0,SetByBid
2025-12-16 08:26:43,2025-12-16T08:26:43,59.87,6.0,SetByAsk
2025-12-16 08:26:43,2025-12-16T08:26:43,59.87,1.0,SetByAsk
2025-12-16 08:26:43,2025-12-16T08:26:43,59.87,1.0,SetByAsk
2025-12-16 08:26:57,2025-12-16T08:26:57,59.87,1.0,SetByBid
2025-12-16 08:32:15,2025-12-16T08:32:15,59.85,1.0,SetByAsk
2025-12-16 08:32:15,2025-12-16T08:32:15,59.85,1.0,SetByAsk
2025-12-16 08:32:15,2025-12-16T08:32:15,59.85,1.0,SetByAsk
2025-12-16 08:32:15,2025-12-16T08:32:15,59.85,1.0,SetByAsk
2025-12-16 08:32:15,2025-12-16T08:32:15,59.85,1.0,SetByAsk
2025-12-16 08:32:15,2025-12-16T08:32:15,59.85,1.0,SetByAsk
2025-12-16 08:32:15,2025-12-16T08:32:15,59.85,1.0,SetByAsk
2025-12-16 08:32:15,2025-12-16T08:32:15,59.85,1.0,SetByAsk
2025-12-16 08:32:15,2025-12-16T08:32:15,59.85,1.0,SetByAsk
2025-12-16 08:32:15,2025-12-16T08:32:15,59.85,1.0,SetByAsk
2025-12-16 08:32:15,2025-12-16T08:32:15,59.85,1.0,SetByAsk
2025-12-16 08:33:46,2025-12-16T08:33:46,59.86,1.0,SetByBid
2025-12-16 08:34:47,2025-12-16T08:34:47,59.86,1.0,SetByAsk
2025-12-16 08:35:11,2025-12-16T08:35:11,59.86,1.0,SetByAsk
2025-12-16 08:35:11,2025-12-16T08:35:11,59.86,1.0,SetByAsk
2025-12-16 08:35:11,2025-12-16T08:35:11,59.86,2.0,SetByAsk
2025-12-16 08:36:52,2025-12-16T08:36:52,59.85,1.0,SetByAsk
2025-12-16 08:36:57,2025-12-16T08:36:57,59.86,1.0,SetByBid
2025-12-16 08:36:57,2025-12-16T08:36:57,59.86,1.0,SetByBid
2025-12-16 08:36:57,2025-12-16T08:36:57,59.86,1.0,SetByBid
2025-12-16 08:36:57,2025-12-16T08:36:57,59.86,1.0,SetByBid
2025-12-16 08:42:46,2025-12-16T08:42:46,59.87,1.0,SetByAsk
2025-12-16 08:42:46,2025-12-16T08:42:46,59.86,1.0,SetByAsk
2025-12-16 08:42:46,2025-12-16T08:42:46,59.86,1.0,SetByAsk
2025-12-16 08:45:01,2025-12-16T08:45:01,59.87,1.0,SetByBid
2025-12-16 08:54:16,2025-12-16T08:54:16,59.85,1.0,SetByAsk
2025-12-16 08:54:17,2025-12-16T08:54:17,59.86,1.0,SetByBid
2025-12-16 08:54:17,2025-12-16T08:54:17,59.86,1.0,SetByBid
2025-12-16 08:54:17,2025-12-16T08:54:17,59.86,3.0,SetByBid
2025-12-16 08:54:46,2025-12-16T08:54:46,59.87,1.0,SetByBid
2025-12-16 08:55:01,2025-12-16T08:55:01,59.85,1.0,SetByAsk
2025-12-16 09:05:04,2025-12-16T09:05:04,59.86,1.0,SetByAsk
2025-12-16 09:05:04,2025-12-16T09:05:04,59.86,1.0,SetByAsk
2025-12-16 09:05:04,2025-12-16T09:05:04,59.86,1.0,SetByAsk
2025-12-16 09:05:04,2025-12-16T09:05:04,59.86,1.0,SetByAsk
2025-12-16 09:05:20,2025-12-16T09:05:20,59.88,1.0,SetByBid
2025-12-16 09:05:20,2025-12-16T09:05:20,59.88,1.0,SetByBid
2025-12-16 09:05:25,2025-12-16T09:05:25,59.88,1.0,SetByAsk
2025-12-16 09:05:33,2025-12-16T09:05:33,59.88,1.0,SetByAsk
2025-12-16 09:05:37,2025-12-16T09:05:37,59.88,2.0,SetByBid
2025-12-16 09:05:37,2025-12-16T09:05:37,59.88,1.0,SetByBid
2025-12-16 09:05:37,2025-12-16T09:05:37,59.88,6.0,SetByAsk
2025-12-16 09:05:37,2025-12-16T09:05:37,59.88,1.0,SetByAsk
2025-12-16 09:05:37,2025-12-16T09:05:37,59.88,1.0,SetByAsk
2025-12-16 09:05:37,2025-12-16T09:05:37,59.88,1.0,SetByAsk
2025-12-16 09:05:53,2025-12-16T09:05:53,59.88,1.0,SetByBid
2025-12-16 09:05:53,2025-12-16T09:05:53,59.88,1.0,"SetByBid, Leg"
2025-12-16 09:05:53,2025-12-16T09:05:53,59.88,1.0,SetByAsk
2025-12-16 09:05:57,2025-12-16T09:05:57,59.89,1.0,"SetByBid, Leg"
2025-12-16 09:06:47,2025-12-16T09:06:47,59.86,1.0,SetByBid
2025-12-16 09:06:47,2025-12-16T09:06:47,59.86,1.0,SetByBid
2025-12-16 09:06:53,2025-12-16T09:06:53,59.86,1.0,SetByBid
2025-12-16 09:07:03,2025-12-16T09:07:03,59.86,1.0,SetByAsk
2025-12-16 09:07:03,2025-12-16T09:07:03,59.86,1.0,SetByAsk
2025-12-16 09:07:03,2025-12-16T09:07:03,59.86,1.0,SetByAsk
2025-12-16 09:09:06,2025-12-16T09:09:06,59.86,1.0,SetByAsk
2025-12-16 09:09:06,2025-12-16T09:09:06,59.86,1.0,SetByAsk
2025-12-16 09:09:13,2025-12-16T09:09:13,59.86,1.0,SetByAsk
2025-12-16 09:09:13,2025-12-16T09:09:13,59.86,1.0,SetByAsk
2025-12-16 09:09:13,2025-12-16T09:09:13,59.86,1.0,SetByAsk
2025-12-16 09:09:13,2025-12-16T09:09:13,59.86,1.0,SetByAsk
2025-12-16 09:09:13,2025-12-16T09:09:13,59.86,1.0,SetByAsk
2025-12-16 09:09:13,2025-12-16T09:09:13,59.85,1.0,SetByAsk
2025-12-16 09:09:13,2025-12-16T09:09:13,59.85,1.0,SetByAsk
2025-12-16 09:09:13,2025-12-16T09:09:13,59.85,1.0,SetByAsk
2025-12-16 09:13:20,2025-12-16T09:13:20,59.83,1.0,SetByAsk
2025-12-16 09:16:15,2025-12-16T09:16:15,59.83,1.0,SetByBid
2025-12-16 09:16:15,2025-12-16T09:16:15,59.83,1.0,SetByBid
2025-12-16 09:17:50,2025-12-16T09:17:50,59.83,1.0,SetByAsk
2025-12-16 09:25:53,2025-12-16T09:25:53,59.79,1.0,SetByBid
2025-12-16 09:25:53,2025-12-16T09:25:53,59.79,1.0,SetByAsk
2025-12-16 09:25:53,2025-12-16T09:25:53,59.79,1.0,SetByBid
2025-12-16 09:25:53,2025-12-16T09:25:53,59.79,2.0,SetByBid
2025-12-16 09:25:53,2025-12-16T09:25:53,59.79,1.0,SetByBid
2025-12-16 09:25:53,2025-12-16T09:25:53,59.79,1.0,SetByBid
2025-12-16 09:25:53,2025-12-16T09:25:53,59.78,1.0,SetByAsk
2025-12-16 09:25:53,2025-12-16T09:25:53,59.78,1.0,SetByAsk
2025-12-16 09:25:53,2025-12-16T09:25:53,59.78,1.0,SetByAsk
2025-12-16 09:25:53,2025-12-16T09:25:53,59.78,137.0,SetByAsk
2025-12-16 09:25:53,2025-12-16T09:25:53,59.78,1.0,SetByAsk
2025-12-16 09:29:54,2025-12-16T09:29:54,59.78,1.0,SetByAsk
2025-12-16 09:29:54,2025-12-16T09:29:54,59.78,1.0,SetByAsk
2025-12-16 09:29:54,2025-12-16T09:29:54,59.78,1.0,SetByAsk
2025-12-16 09:30:00,2025-12-16T09:30:00,59.77,2.0,SetByAsk
2025-12-16 09:30:00,2025-12-16T09:30:00,59.77,1.0,SetByAsk
2025-12-16 09:30:00,2025-12-16T09:30:00,59.77,1.0,SetByAsk
2025-12-16 09:30:00,2025-12-16T09:30:00,59.77,1.0,SetByAsk
2025-12-16 09:30:00,2025-12-16T09:30:00,59.78,1.0,SetByBid
2025-12-16 09:30:00,2025-12-16T09:30:00,59.78,1.0,SetByBid
2025-12-16 09:30:00,2025-12-16T09:30:00,59.77,1.0,SetByAsk
2025-12-16 09:30:00,2025-12-16T09:30:00,59.78,3.0,SetByBid
2025-12-16 09:30:00,2025-12-16T09:30:00,59.78,2.0,SetByBid
2025-12-16 09:30:00,2025-12-16T09:30:00,59.77,1.0,SetByAsk
2025-12-16 09:30:00,2025-12-16T09:30:00,59.77,1.0,SetByAsk
2025-12-16 09:30:01,2025-12-16T09:30:01,59.77,1.0,SetByAsk
2025-12-16 09:30:01,2025-12-16T09:30:01,59.77,1.0,SetByAsk
2025-12-16 09:30:01,2025-12-16T09:30:01,59.77,1.0,SetByAsk
2025-12-16 09:30:01,2025-12-16T09:30:01,59.77,1.0,SetByAsk
2025-12-16 09:30:01,2025-12-16T09:30:01,59.77,1.0,SetByAsk
2025-12-16 09:30:01,2025-12-16T09:30:01,59.77,1.0,SetByAsk
2025-12-16 09:30:01,2025-12-16T09:30:01,59.77,1.0,SetByAsk
2025-12-16 09:30:01,2025-12-16T09:30:01,59.77,2.0,SetByAsk
2025-12-16 09:30:01,2025-12-16T09:30:01,59.77,1.0,SetByAsk
2025-12-16 09:30:01,2025-12-16T09:30:01,59.77,1.0,SetByAsk
2025-12-16 09:30:01,2025-12-16T09:30:01,59.77,2.0,SetByAsk
2025-12-16 09:30:01,2025-12-16T09:30:01,59.78,1.0,SetByBid
2025-12-16 09:30:01,2025-12-16T09:30:01,59.78,1.0,SetByBid
2025-12-16 09:30:01,2025-12-16T09:30:01,59.78,1.0,SetByBid
2025-12-16 09:30:01,2025-12-16T09:30:01,59.78,1.0,SetByBid
2025-12-16 09:30:01,2025-12-16T09:30:01,59.78,1.0,SetByBid
2025-12-16 09:30:01,2025-12-16T09:30:01,59.78,9.0,SetByBid
2025-12-16 09:30:01,2025-12-16T09:30:01,59.77,1.0,SetByAsk
2025-12-16 09:30:01,2025-12-16T09:30:01,59.77,1.0,SetByAsk
2025-12-16 09:30:01,2025-12-16T09:30:01,59.77,1.0,SetByAsk
2025-12-16 09:30:01,2025-12-16T09:30:01,59.77,1.0,SetByAsk
2025-12-16 09:30:01,2025-12-16T09:30:01,59.77,1.0,SetByAsk
2025-12-16 09:30:01,2025-12-16T09:30:01,59.77,1.0,SetByAsk
2025-12-16 09:30:01,2025-12-16T09:30:01,59.77,1.0,SetByAsk
2025-12-16 09:30:01,2025-12-16T09:30:01,59.77,1.0,SetByAsk
2025-12-16 09:30:01,2025-12-16T09:30:01,59.77,1.0,SetByAsk
2025-12-16 09:30:01,2025-12-16T09:30:01,59.77,1.0,SetByAsk
2025-12-16 09:30:01,2025-12-16T09:30:01,59.77,1.0,SetByAsk
2025-12-16 09:30:01,2025-12-16T09:30:01,59.77,1.0,SetByAsk
2025-12-16 09:30:01,2025-12-16T09:30:01,59.77,1.0,SetByAsk
2025-12-16 09:30:01,2025-12-16T09:30:01,59.77,1.0,SetByAsk
2025-12-16 09:30:01,2025-12-16T09:30:01,59.77,2.0,SetByAsk
2025-12-16 09:30:01,2025-12-16T09:30:01,59.77,2.0,SetByAsk
2025-12-16 09:30:01,2025-12-16T09:30:01,59.77,1.0,SetByAsk
2025-12-16 09:30:01,2025-12-16T09:30:01,59.77,1.0,SetByAsk
2025-12-16 09:30:01,2025-12-16T09:30:01,59.77,2.0,SetByAsk
2025-12-16 09:30:01,2025-12-16T09:30:01,59.77,3.0,SetByAsk
2025-12-16 09:30:01,2025-12-16T09:30:01,59.77,1.0,SetByAsk
2025-12-16 09:30:01,2025-12-16T09:30:01,59.77,1.0,SetByAsk
2025-12-16 09:30:01,2025-12-16T09:30:01,59.77,1.0,SetByAsk
2025-12-16 09:30:01,2025-12-16T09:30:01,59.78,1.0,SetByBid
2025-12-16 09:30:01,2025-12-16T09:30:01,59.78,2.0,SetByBid
2025-12-16 09:30:01,2025-12-16T09:30:01,59.78,1.0,SetByAsk
2025-12-16 09:30:01,2025-12-16T09:30:01,59.78,1.0,SetByAsk
2025-12-16 09:30:01,2025-12-16T09:30:01,59.78,1.0,SetByAsk
2025-12-16 09:30:01,2025-12-16T09:30:01,59.78,1.0,SetByAsk
2025-12-16 09:30:01,2025-12-16T09:30:01,59.78,2.0,SetByBid
2025-12-16 09:30:01,2025-12-16T09:30:01,59.78,6.0,SetByBid
2025-12-16 09:30:04,2025-12-16T09:30:04,59.77,1.0,SetByAsk
2025-12-16 09:30:04,2025-12-16T09:30:04,59.77,1.0,SetByAsk
2025-12-16 09:30:05,2025-12-16T09:30:05,59.77,1.0,SetByAsk
2025-12-16 09:30:05,2025-12-16T09:30:05,59.77,1.0,SetByAsk
2025-12-16 09:30:05,2025-12-16T09:30:05,59.77,1.0,SetByAsk
2025-12-16 09:30:05,2025-12-16T09:30:05,59.77,1.0,SetByAsk
2025-12-16 09:30:05,2025-12-16T09:30:05,59.77,1.0,SetByAsk
2025-12-16 09:30:06,2025-12-16T09:30:06,59.77,1.0,SetByAsk
2025-12-16 09:30:06,2025-12-16T09:30:06,59.77,1.0,SetByAsk
2025-12-16 09:30:06,2025-12-16T09:30:06,59.77,1.0,SetByAsk
2025-12-16 09:30:06,2025-12-16T09:30:06,59.77,1.0,SetByAsk
2025-12-16 09:30:06,2025-12-16T09:30:06,59.77,1.0,SetByAsk
2025-12-16 09:30:06,2025-12-16T09:30:06,59.77,1.0,SetByAsk
2025-12-16 09:30:06,2025-12-16T09:30:06,59.77,1.0,SetByAsk
2025-12-16 09:30:06,2025-12-16T09:30:06,59.77,1.0,SetByAsk
2025-12-16 09:30:07,2025-12-16T09:30:07,59.78,1.0,SetByBid
2025-12-16 09:30:08,2025-12-16T09:30:08,59.77,1.0,SetByAsk
2025-12-16 09:30:08,2025-12-16T09:30:08,59.78,1.0,SetByBid
2025-12-16 09:30:15,2025-12-16T09:30:15,59.77,1.0,SetByAsk
2025-12-16 09:30:15,2025-12-16T09:30:15,59.77,1.0,SetByAsk
2025-12-16 09:30:15,2025-12-16T09:30:15,59.77,1.0,SetByAsk
2025-12-16 09:30:17,2025-12-16T09:30:17,59.77,1.0,SetByAsk
2025-12-16 09:30:17,2025-12-16T09:30:17,59.77,1.0,SetByAsk
2025-12-16 09:30:17,2025-12-16T09:30:17,59.77,2.0,SetByAsk
2025-12-16 09:30:17,2025-12-16T09:30:17,59.77,2.0,SetByAsk
2025-12-16 09:30:17,2025-12-16T09:30:17,59.77,1.0,SetByAsk
2025-12-16 09:30:17,2025-12-16T09:30:17,59.77,1.0,SetByAsk
2025-12-16 09:30:17,2025-12-16T09:30:17,59.77,1.0,SetByAsk
2025-12-16 09:30:42,2025-12-16T09:30:42,59.77,1.0,SetByAsk
2025-12-16 09:30:51,2025-12-16T09:30:51,59.77,1.0,SetByAsk
2025-12-16 09:30:51,2025-12-16T09:30:51,59.75,1.0,SetByAsk
2025-12-16 09:30:51,2025-12-16T09:30:51,59.75,1.0,SetByAsk
2025-12-16 09:30:51,2025-12-16T09:30:51,59.75,1.0,SetByAsk
2025-12-16 09:30:51,2025-12-16T09:30:51,59.75,2.0,SetByAsk
2025-12-16 09:30:51,2025-12-16T09:30:51,59.74,1.0,SetByAsk
2025-12-16 09:30:51,2025-12-16T09:30:51,59.74,1.0,SetByAsk
2025-12-16 09:30:52,2025-12-16T09:30:52,59.74,1.0,SetByAsk
2025-12-16 09:30:52,2025-12-16T09:30:52,59.74,2.0,SetByAsk
2025-12-16 09:30:52,2025-12-16T09:30:52,59.74,4.0,SetByAsk
2025-12-16 09:30:52,2025-12-16T09:30:52,59.74,1.0,SetByAsk
2025-12-16 09:30:52,2025-12-16T09:30:52,59.74,3.0,SetByAsk
2025-12-16 09:30:52,2025-12-16T09:30:52,59.74,2.0,SetByAsk
2025-12-16 09:30:52,2025-12-16T09:30:52,59.74,4.0,SetByAsk
2025-12-16 09:30:52,2025-12-16T09:30:52,59.74,2.0,SetByAsk
2025-12-16 09:30:52,2025-12-16T09:30:52,59.74,2.0,SetByAsk
2025-12-16 09:30:56,2025-12-16T09:30:56,59.74,1.0,SetByAsk
2025-12-16 09:30:59,2025-12-16T09:30:59,59.75,1.0,SetByBid
2025-12-16 09:32:26,2025-12-16T09:32:26,59.77,1.0,SetByBid
2025-12-16 09:32:26,2025-12-16T09:32:26,59.77,1.0,SetByBid
2025-12-16 09:32:26,2025-12-16T09:32:26,59.77,1.0,SetByBid
2025-12-16 09:33:08,2025-12-16T09:33:08,59.77,1.0,SetByAsk
2025-12-16 09:33:08,2025-12-16T09:33:08,59.77,1.0,SetByAsk
2025-12-16 09:33:08,2025-12-16T09:33:08,59.77,1.0,SetByAsk
2025-12-16 09:33:08,2025-12-16T09:33:08,59.77,2.0,SetByAsk
2025-12-16 09:33:23,2025-12-16T09:33:23,59.78,1.0,SetByAsk
2025-12-16 09:33:23,2025-12-16T09:33:23,59.78,3.0,SetByAsk
2025-12-16 09:33:23,2025-12-16T09:33:23,59.78,1.0,SetByAsk
2025-12-16 09:38:51,2025-12-16T09:38:51,59.75,1.0,SetByBid
2025-12-16 09:41:11,2025-12-16T09:41:11,59.74,2.0,SetByAsk
2025-12-16 09:41:11,2025-12-16T09:41:11,59.74,1.0,SetByAsk
2025-12-16 09:41:11,2025-12-16T09:41:11,59.74,1.0,SetByAsk
2025-12-16 09:41:12,2025-12-16T09:41:12,59.72,1.0,SetByAsk
2025-12-16 09:41:12,2025-12-16T09:41:12,59.72,1.0,SetByAsk
2025-12-16 09:41:12,2025-12-16T09:41:12,59.72,1.0,SetByAsk
2025-12-16 09:41:12,2025-12-16T09:41:12,59.72,1.0,SetByAsk
2025-12-16 09:41:13,2025-12-16T09:41:13,59.72,1.0,SetByAsk
2025-12-16 09:41:13,2025-12-16T09:41:13,59.72,1.0,SetByAsk
2025-12-16 09:41:13,2025-12-16T09:41:13,59.73,1.0,SetByBid
2025-12-16 09:41:13,2025-12-16T09:41:13,59.72,1.0,SetByAsk
2025-12-16 09:41:18,2025-12-16T09:41:18,59.73,1.0,SetByBid
2025-12-16 09:41:25,2025-12-16T09:41:25,59.72,1.0,SetByAsk
2025-12-16 09:41:38,2025-12-16T09:41:38,59.72,1.0,SetByBid
2025-12-16 09:41:45,2025-12-16T09:41:45,59.72,1.0,SetByAsk
2025-12-16 09:41:46,2025-12-16T09:41:46,59.72,1.0,SetByAsk
2025-12-16 09:41:46,2025-12-16T09:41:46,59.72,1.0,SetByAsk
2025-12-16 09:41:46,2025-12-16T09:41:46,59.72,1.0,SetByAsk
2025-12-16 09:41:46,2025-12-16T09:41:46,59.72,1.0,SetByAsk
2025-12-16 09:41:46,2025-12-16T09:41:46,59.72,1.0,SetByAsk
2025-12-16 09:41:46,2025-12-16T09:41:46,59.72,1.0,SetByAsk
2025-12-16 09:41:47,2025-12-16T09:41:47,59.72,1.0,SetByAsk
2025-12-16 09:41:47,2025-12-16T09:41:47,59.72,1.0,SetByAsk
2025-12-16 09:43:28,2025-12-16T09:43:28,59.74,1.0,SetByAsk
2025-12-16 09:44:11,2025-12-16T09:44:11,59.74,3.0,SetByAsk
2025-12-16 09:45:47,2025-12-16T09:45:47,59.75,3.0,SetByBid
2025-12-16 09:46:02,2025-12-16T09:46:02,59.75,1.0,SetByAsk
2025-12-16 09:46:02,2025-12-16T09:46:02,59.75,1.0,SetByAsk
2025-12-16 09:46:02,2025-12-16T09:46:02,59.75,1.0,SetByAsk
2025-12-16 09:46:02,2025-12-16T09:46:02,59.75,1.0,SetByAsk
2025-12-16 09:46:02,2025-12-16T09:46:02,59.75,2.0,SetByAsk
2025-12-16 09:46:02,2025-12-16T09:46:02,59.75,1.0,SetByAsk
2025-12-16 09:46:02,2025-12-16T09:46:02,59.75,2.0,SetByAsk
2025-12-16 09:46:02,2025-12-16T09:46:02,59.75,1.0,SetByBid
2025-12-16 09:46:03,2025-12-16T09:46:03,59.75,1.0,SetByAsk
2025-12-16 09:46:33,2025-12-16T09:46:33,59.76,3.0,SetByAsk
2025-12-16 09:48:15,2025-12-16T09:48:15,59.74,1.0,SetByAsk
2025-12-16 09:48:15,2025-12-16T09:48:15,59.74,1.0,SetByBid
2025-12-16 09:48:15,2025-12-16T09:48:15,59.74,1.0,SetByBid
2025-12-16 09:52:00,2025-12-16T09:52:00,59.74,1.0,SetByBid
2025-12-16 09:52:00,2025-12-16T09:52:00,59.75,4.0,SetByBid
2025-12-16 09:52:00,2025-12-16T09:52:00,59.75,2.0,SetByBid
2025-12-16 09:52:00,2025-12-16T09:52:00,59.75,1.0,SetByBid
2025-12-16 09:52:00,2025-12-16T09:52:00,59.75,3.0,SetByBid
2025-12-16 09:52:01,2025-12-16T09:52:01,59.75,3.0,SetByAsk
2025-12-16 09:52:14,2025-12-16T09:52:14,59.75,1.0,SetByAsk
2025-12-16 09:53:42,2025-12-16T09:53:42,59.75,2.0,SetByAsk
2025-12-16 09:53:42,2025-12-16T09:53:42,59.75,1.0,SetByAsk
2025-12-16 09:53:42,2025-12-16T09:53:42,59.74,1.0,SetByAsk
2025-12-16 09:55:12,2025-12-16T09:55:12,59.74,1.0,SetByAsk
2025-12-16 09:55:12,2025-12-16T09:55:12,59.74,2.0,SetByAsk
2025-12-16 09:55:12,2025-12-16T09:55:12,59.74,2.0,SetByAsk
2025-12-16 09:55:12,2025-12-16T09:55:12,59.74,1.0,SetByAsk
2025-12-16 09:55:12,2025-12-16T09:55:12,59.74,1.0,SetByAsk
2025-12-16 09:55:12,2025-12-16T09:55:12,59.74,1.0,SetByAsk
2025-12-16 09:55:12,2025-12-16T09:55:12,59.74,1.0,SetByAsk
2025-12-16 09:55:12,2025-12-16T09:55:12,59.74,1.0,SetByAsk
2025-12-16 09:55:12,2025-12-16T09:55:12,59.74,1.0,SetByAsk
2025-12-16 09:55:12,2025-12-16T09:55:12,59.74,1.0,SetByAsk
2025-12-16 09:55:12,2025-12-16T09:55:12,59.74,1.0,SetByAsk
2025-12-16 09:55:12,2025-12-16T09:55:12,59.74,1.0,SetByAsk
2025-12-16 09:55:12,2025-12-16T09:55:12,59.74,2.0,SetByAsk
2025-12-16 09:55:13,2025-12-16T09:55:13,59.74,1.0,SetByAsk
2025-12-16 09:55:13,2025-12-16T09:55:13,59.74,1.0,SetByAsk
2025-12-16 09:55:13,2025-12-16T09:55:13,59.74,1.0,SetByAsk
2025-12-16 09:55:13,2025-12-16T09:55:13,59.74,1.0,SetByAsk
2025-12-16 09:55:13,2025-12-16T09:55:13,59.74,1.0,SetByAsk
2025-12-16 09:55:13,2025-12-16T09:55:13,59.74,1.0,SetByAsk
2025-12-16 09:55:13,2025-12-16T09:55:13,59.74,1.0,SetByAsk
2025-12-16 09:55:13,2025-12-16T09:55:13,59.74,1.0,SetByAsk
2025-12-16 09:55:13,2025-12-16T09:55:13,59.74,1.0,SetByAsk
2025-12-16 09:55:13,2025-12-16T09:55:13,59.74,1.0,SetByAsk
2025-12-16 09:55:13,2025-12-16T09:55:13,59.74,1.0,SetByAsk
2025-12-16 09:55:13,2025-12-16T09:55:13,59.74,1.0,SetByAsk
2025-12-16 09:55:13,2025-12-16T09:55:13,59.74,1.0,SetByAsk
2025-12-16 09:55:13,2025-12-16T09:55:13,59.74,1.0,SetByAsk
2025-12-16 09:55:14,2025-12-16T09:55:14,59.74,1.0,SetByAsk
2025-12-16 09:55:14,2025-12-16T09:55:14,59.74,1.0,SetByAsk
2025-12-16 09:55:14,2025-12-16T09:55:14,59.74,1.0,SetByAsk
2025-12-16 09:55:14,2025-12-16T09:55:14,59.74,1.0,SetByAsk
2025-12-16 09:55:14,2025-12-16T09:55:14,59.74,2.0,SetByAsk
2025-12-16 09:55:14,2025-12-16T09:55:14,59.74,1.0,SetByAsk
2025-12-16 09:55:14,2025-12-16T09:55:14,59.74,2.0,SetByAsk
2025-12-16 09:55:14,2025-12-16T09:55:14,59.74,1.0,SetByAsk
2025-12-16 09:55:14,2025-12-16T09:55:14,59.74,3.0,SetByAsk
2025-12-16 09:55:14,2025-12-16T09:55:14,59.74,2.0,SetByAsk
2025-12-16 09:55:14,2025-12-16T09:55:14,59.74,2.0,SetByAsk
2025-12-16 09:55:14,2025-12-16T09:55:14,59.74,1.0,SetByAsk
2025-12-16 09:55:14,2025-12-16T09:55:14,59.74,1.0,SetByAsk
2025-12-16 09:55:14,2025-12-16T09:55:14,59.74,4.0,SetByAsk
2025-12-16 09:55:14,2025-12-16T09:55:14,59.74,1.0,SetByAsk
2025-12-16 09:55:14,2025-12-16T09:55:14,59.74,1.0,SetByAsk
2025-12-16 09:55:14,2025-12-16T09:55:14,59.74,1.0,SetByAsk
2025-12-16 09:55:14,2025-12-16T09:55:14,59.74,1.0,SetByAsk
2025-12-16 09:55:14,2025-12-16T09:55:14,59.74,3.0,SetByAsk
2025-12-16 09:55:14,2025-12-16T09:55:14,59.74,2.0,SetByAsk
2025-12-16 09:55:14,2025-12-16T09:55:14,59.74,1.0,SetByAsk
2025-12-16 09:55:15,2025-12-16T09:55:15,59.74,5.0,SetByAsk
2025-12-16 09:56:08,2025-12-16T09:56:08,59.74,1.0,SetByAsk
2025-12-16 09:56:08,2025-12-16T09:56:08,59.74,2.0,SetByAsk
2025-12-16 09:56:08,2025-12-16T09:56:08,59.74,1.0,SetByAsk
2025-12-16 09:58:17,2025-12-16T09:58:17,59.76,1.0,SetByAsk
2025-12-16 09:58:17,2025-12-16T09:58:17,59.76,1.0,SetByAsk
2025-12-16 09:58:17,2025-12-16T09:58:17,59.76,1.0,SetByAsk
2025-12-16 09:58:17,2025-12-16T09:58:17,59.76,1.0,SetByAsk
2025-12-16 09:58:17,2025-12-16T09:58:17,59.76,1.0,SetByAsk
2025-12-16 09:58:17,2025-12-16T09:58:17,59.76,1.0,SetByAsk
2025-12-16 09:58:58,2025-12-16T09:58:58,59.75,1.0,SetByAsk
2025-12-16 09:58:58,2025-12-16T09:58:58,59.75,1.0,SetByAsk
2025-12-16 09:59:21,2025-12-16T09:59:21,59.74,1.0,SetByAsk
2025-12-16 09:59:21,2025-12-16T09:59:21,59.74,1.0,SetByAsk
2025-12-16 09:59:44,2025-12-16T09:59:44,59.73,1.0,SetByAsk
2025-12-16 09:59:44,2025-12-16T09:59:44,59.73,1.0,SetByAsk
2025-12-16 09:59:44,2025-12-16T09:59:44,59.73,1.0,SetByAsk
2025-12-16 09:59:44,2025-12-16T09:59:44,59.73,1.0,SetByBid
2025-12-16 09:59:44,2025-12-16T09:59:44,59.73,1.0,SetByBid
2025-12-16 10:04:17,2025-12-16T10:04:17,59.74,1.0,SetByBid
2025-12-16 10:04:51,2025-12-16T10:04:51,59.75,1.0,SetByBid
2025-12-16 10:06:19,2025-12-16T10:06:19,59.76,1.0,SetByAsk
2025-12-16 10:07:14,2025-12-16T10:07:14,59.75,1.0,SetByAsk
2025-12-16 10:07:14,2025-12-16T10:07:14,59.75,1.0,SetByAsk
2025-12-16 10:07:14,2025-12-16T10:07:14,59.75,1.0,SetByAsk
2025-12-16 10:07:38,2025-12-16T10:07:38,59.75,1.0,SetByAsk
2025-12-16 10:08:21,2025-12-16T10:08:21,59.74,1.0,SetByAsk
2025-12-16 10:10:49,2025-12-16T10:10:49,59.75,1.0,SetByAsk
2025-12-16 10:10:49,2025-12-16T10:10:49,59.75,1.0,SetByAsk
2025-12-16 10:10:49,2025-12-16T10:10:49,59.75,1.0,SetByBid
2025-12-16 10:10:49,2025-12-16T10:10:49,59.75,1.0,SetByAsk
2025-12-16 10:10:49,2025-12-16T10:10:49,59.75,1.0,SetByBid
2025-12-16 10:10:49,2025-12-16T10:10:49,59.75,2.0,SetByBid
2025-12-16 10:12:16,2025-12-16T10:12:16,59.77,1.0,SetByBid
2025-12-16 10:12:32,2025-12-16T10:12:32,59.77,1.0,SetByAsk
2025-12-16 10:12:45,2025-12-16T10:12:45,59.78,1.0,SetByBid
2025-12-16 10:12:45,2025-12-16T10:12:45,59.78,1.0,SetByBid
2025-12-16 10:12:46,2025-12-16T10:12:46,59.77,1.0,SetByAsk
2025-12-16 10:12:46,2025-12-16T10:12:46,59.78,1.0,SetByBid
2025-12-16 10:12:46,2025-12-16T10:12:46,59.78,1.0,SetByBid
2025-12-16 10:12:47,2025-12-16T10:12:47,59.77,1.0,SetByBid
2025-12-16 10:12:47,2025-12-16T10:12:47,59.77,1.0,SetByBid
2025-12-16 10:12:47,2025-12-16T10:12:47,59.77,1.0,SetByBid
2025-12-16 10:12:47,2025-12-16T10:12:47,59.78,1.0,SetByBid
2025-12-16 10:12:47,2025-12-16T10:12:47,59.78,1.0,SetByBid
2025-12-16 10:12:47,2025-12-16T10:12:47,59.78,1.0,SetByBid
2025-12-16 10:12:47,2025-12-16T10:12:47,59.78,1.0,SetByBid
2025-12-16 10:13:00,2025-12-16T10:13:00,59.77,1.0,SetByBid
2025-12-16 10:13:00,2025-12-16T10:13:00,59.77,1.0,SetByBid
2025-12-16 10:13:00,2025-12-16T10:13:00,59.77,1.0,SetByBid
2025-12-16 10:13:02,2025-12-16T10:13:02,59.77,1.0,SetByBid
2025-12-16 10:13:02,2025-12-16T10:13:02,59.77,1.0,SetByBid
2025-12-16 10:14:24,2025-12-16T10:14:24,59.75,1.0,SetByAsk
2025-12-16 10:14:26,2025-12-16T10:14:26,59.74,1.0,SetByAsk
2025-12-16 10:16:37,2025-12-16T10:16:37,59.75,1.0,SetByBid
2025-12-16 10:16:37,2025-12-16T10:16:37,59.75,1.0,SetByBid
2025-12-16 10:16:37,2025-12-16T10:16:37,59.75,1.0,SetByBid
2025-12-16 10:16:37,2025-12-16T10:16:37,59.75,1.0,SetByBid
2025-12-16 10:16:37,2025-12-16T10:16:37,59.75,1.0,SetByBid
2025-12-16 10:16:37,2025-12-16T10:16:37,59.75,1.0,SetByAsk
2025-12-16 10:16:37,2025-12-16T10:16:37,59.75,2.0,SetByAsk
2025-12-16 10:16:37,2025-12-16T10:16:37,59.75,2.0,SetByAsk
2025-12-16 10:16:37,2025-12-16T10:16:37,59.76,1.0,SetByBid
2025-12-16 10:16:37,2025-12-16T10:16:37,59.75,1.0,SetByAsk
2025-12-16 10:16:37,2025-12-16T10:16:37,59.75,1.0,SetByAsk
2025-12-16 10:16:37,2025-12-16T10:16:37,59.75,9.0,SetByAsk
2025-12-16 10:16:37,2025-12-16T10:16:37,59.76,1.0,SetByBid
2025-12-16 10:16:37,2025-12-16T10:16:37,59.76,1.0,SetByBid
2025-12-16 10:16:37,2025-12-16T10:16:37,59.76,1.0,SetByBid
2025-12-16 10:16:37,2025-12-16T10:16:37,59.76,3.0,SetByAsk
2025-12-16 10:16:37,2025-12-16T10:16:37,59.76,1.0,SetByBid
2025-12-16 10:16:37,2025-12-16T10:16:37,59.76,1.0,SetByAsk
2025-12-16 10:16:37,2025-12-16T10:16:37,59.76,4.0,SetByAsk
2025-12-16 10:16:37,2025-12-16T10:16:37,59.76,1.0,SetByAsk
2025-12-16 10:16:37,2025-12-16T10:16:37,59.76,1.0,SetByAsk
2025-12-16 10:16:37,2025-12-16T10:16:37,59.76,1.0,SetByAsk
2025-12-16 10:16:37,2025-12-16T10:16:37,59.76,1.0,SetByAsk
2025-12-16 10:16:37,2025-12-16T10:16:37,59.76,1.0,SetByAsk
2025-12-16 10:16:37,2025-12-16T10:16:37,59.76,3.0,SetByBid
2025-12-16 10:16:37,2025-12-16T10:16:37,59.76,1.0,SetByBid
2025-12-16 10:16:37,2025-12-16T10:16:37,59.76,3.0,SetByBid
2025-12-16 10:16:37,2025-12-16T10:16:37,59.76,1.0,SetByBid
2025-12-16 10:16:37,2025-12-16T10:16:37,59.76,3.0,SetByAsk
2025-12-16 10:16:37,2025-12-16T10:16:37,59.76,1.0,SetByBid
2025-12-16 10:16:37,2025-12-16T10:16:37,59.76,1.0,SetByBid
2025-12-16 10:16:37,2025-12-16T10:16:37,59.76,4.0,SetByBid
2025-12-16 10:16:37,2025-12-16T10:16:37,59.75,278.0,SetByAsk
2025-12-16 10:16:37,2025-12-16T10:16:37,59.75,1.0,SetByBid
2025-12-16 10:16:42,2025-12-16T10:16:42,59.75,1.0,SetByAsk
2025-12-16 10:16:42,2025-12-16T10:16:42,59.75,1.0,SetByAsk
2025-12-16 10:16:42,2025-12-16T10:16:42,59.75,1.0,SetByAsk
2025-12-16 10:16:42,2025-12-16T10:16:42,59.75,1.0,SetByBid
2025-12-16 10:16:42,2025-12-16T10:16:42,59.75,1.0,SetByBid
2025-12-16 10:16:42,2025-12-16T10:16:42,59.75,1.0,SetByBid
2025-12-16 10:16:48,2025-12-16T10:16:48,59.75,1.0,SetByAsk
2025-12-16 10:16:48,2025-12-16T10:16:48,59.75,1.0,SetByAsk
2025-12-16 10:16:49,2025-12-16T10:16:49,59.75,2.0,SetByBid
2025-12-16 10:16:49,2025-12-16T10:16:49,59.75,1.0,SetByBid
2025-12-16 10:18:15,2025-12-16T10:18:15,59.74,1.0,SetByAsk
2025-12-16 10:18:15,2025-12-16T10:18:15,59.74,1.0,SetByAsk
2025-12-16 10:18:27,2025-12-16T10:18:27,59.75,1.0,SetByAsk
2025-12-16 10:18:27,2025-12-16T10:18:27,59.75,1.0,SetByAsk
2025-12-16 10:18:27,2025-12-16T10:18:27,59.75,1.0,SetByAsk
2025-12-16 10:18:27,2025-12-16T10:18:27,59.75,1.0,SetByAsk
2025-12-16 10:18:27,2025-12-16T10:18:27,59.75,1.0,SetByAsk
2025-12-16 10:18:27,2025-12-16T10:18:27,59.75,1.0,SetByAsk
2025-12-16 10:18:37,2025-12-16T10:18:37,59.75,1.0,SetByAsk
2025-12-16 10:18:37,2025-12-16T10:18:37,59.75,1.0,SetByAsk
2025-12-16 10:18:37,2025-12-16T10:18:37,59.75,1.0,SetByAsk
2025-12-16 10:18:37,2025-12-16T10:18:37,59.75,1.0,SetByAsk
2025-12-16 10:18:38,2025-12-16T10:18:38,59.75,1.0,SetByBid
2025-12-16 10:18:38,2025-12-16T10:18:38,59.74,1.0,SetByAsk
2025-12-16 10:18:39,2025-12-16T10:18:39,59.74,1.0,SetByAsk
2025-12-16 10:18:39,2025-12-16T10:18:39,59.74,1.0,SetByAsk
2025-12-16 10:18:39,2025-12-16T10:18:39,59.74,1.0,SetByAsk
2025-12-16 10:18:39,2025-12-16T10:18:39,59.74,1.0,SetByAsk
2025-12-16 10:18:39,2025-12-16T10:18:39,59.74,1.0,SetByAsk
2025-12-16 10:19:30,2025-12-16T10:19:30,59.75,1.0,SetByAsk
2025-12-16 10:19:30,2025-12-16T10:19:30,59.75,1.0,SetByAsk
2025-12-16 10:19:31,2025-12-16T10:19:31,59.75,1.0,SetByAsk
2025-12-16 10:19:31,2025-12-16T10:19:31,59.75,1.0,SetByBid
2025-12-16 10:19:31,2025-12-16T10:19:31,59.75,1.0,SetByBid
2025-12-16 10:19:32,2025-12-16T10:19:32,59.75,1.0,SetByAsk
2025-12-16 10:19:32,2025-12-16T10:19:32,59.75,1.0,SetByBid
2025-12-16 10:19:32,2025-12-16T10:19:32,59.75,1.0,SetByAsk
2025-12-16 10:19:47,2025-12-16T10:19:47,59.75,1.0,SetByAsk
2025-12-16 10:19:47,2025-12-16T10:19:47,59.75,1.0,SetByAsk
2025-12-16 10:20:08,2025-12-16T10:20:08,59.76,1.0,SetByBid
2025-12-16 10:20:09,2025-12-16T10:20:09,59.75,1.0,SetByAsk
2025-12-16 10:20:09,2025-12-16T10:20:09,59.75,1.0,SetByAsk
2025-12-16 10:20:09,2025-12-16T10:20:09,59.75,1.0,SetByAsk
2025-12-16 10:20:09,2025-12-16T10:20:09,59.75,1.0,SetByAsk
2025-12-16 10:20:09,2025-12-16T10:20:09,59.75,1.0,SetByAsk
2025-12-16 10:20:09,2025-12-16T10:20:09,59.75,1.0,SetByAsk
2025-12-16 10:20:09,2025-12-16T10:20:09,59.75,1.0,SetByAsk
2025-12-16 10:20:10,2025-12-16T10:20:10,59.75,1.0,SetByBid
2025-12-16 10:20:10,2025-12-16T10:20:10,59.75,1.0,SetByBid
2025-12-16 10:20:18,2025-12-16T10:20:18,59.75,1.0,SetByAsk
2025-12-16 10:20:18,2025-12-16T10:20:18,59.75,1.0,SetByAsk
2025-12-16 10:20:18,2025-12-16T10:20:18,59.75,1.0,SetByAsk
2025-12-16 10:20:19,2025-12-16T10:20:19,59.75,1.0,SetByAsk
2025-12-16 10:20:46,2025-12-16T10:20:46,59.76,1.0,SetByAsk
2025-12-16 10:20:46,2025-12-16T10:20:46,59.76,1.0,SetByAsk
2025-12-16 10:20:46,2025-12-16T10:20:46,59.76,1.0,SetByAsk
2025-12-16 10:20:46,2025-12-16T10:20:46,59.76,1.0,SetByAsk
2025-12-16 10:20:46,2025-12-16T10:20:46,59.76,1.0,SetByAsk
2025-12-16 10:20:47,2025-12-16T10:20:47,59.76,1.0,SetByAsk
2025-12-16 10:20:47,2025-12-16T10:20:47,59.76,1.0,SetByAsk
2025-12-16 10:20:47,2025-12-16T10:20:47,59.76,1.0,SetByAsk
2025-12-16 10:20:47,2025-12-16T10:20:47,59.76,1.0,SetByAsk
2025-12-16 10:21:15,2025-12-16T10:21:15,59.77,1.0,SetByBid
2025-12-16 10:21:15,2025-12-16T10:21:15,59.77,1.0,SetByBid
2025-12-16 10:21:30,2025-12-16T10:21:30,59.77,1.0,SetByAsk
2025-12-16 10:21:30,2025-12-16T10:21:30,59.77,1.0,SetByAsk
2025-12-16 10:21:30,2025-12-16T10:21:30,59.77,1.0,SetByBid
2025-12-16 10:21:30,2025-12-16T10:21:30,59.77,1.0,SetByAsk
2025-12-16 10:21:30,2025-12-16T10:21:30,59.77,1.0,SetByBid
2025-12-16 10:21:30,2025-12-16T10:21:30,59.77,1.0,SetByAsk
2025-12-16 10:21:30,2025-12-16T10:21:30,59.77,1.0,SetByAsk
2025-12-16 10:21:30,2025-12-16T10:21:30,59.77,5.0,SetByBid
2025-12-16 10:21:43,2025-12-16T10:21:43,59.78,2.0,SetByAsk
2025-12-16 10:21:43,2025-12-16T10:21:43,59.78,1.0,SetByBid
2025-12-16 10:21:43,2025-12-16T10:21:43,59.78,1.0,SetByAsk
2025-12-16 10:21:44,2025-12-16T10:21:44,59.78,2.0,SetByAsk
2025-12-16 10:21:45,2025-12-16T10:21:45,59.77,1.0,SetByAsk
2025-12-16 10:21:45,2025-12-16T10:21:45,59.77,1.0,SetByAsk
2025-12-16 10:21:45,2025-12-16T10:21:45,59.77,1.0,SetByAsk
2025-12-16 10:21:45,2025-12-16T10:21:45,59.77,1.0,SetByAsk
2025-12-16 10:21:45,2025-12-16T10:21:45,59.77,1.0,SetByAsk
2025-12-16 10:22:04,2025-12-16T10:22:04,59.78,1.0,SetByAsk
2025-12-16 10:22:04,2025-12-16T10:22:04,59.78,1.0,SetByAsk
2025-12-16 10:22:04,2025-12-16T10:22:04,59.78,1.0,SetByAsk
2025-12-16 10:22:04,2025-12-16T10:22:04,59.78,1.0,SetByAsk
2025-12-16 10:22:19,2025-12-16T10:22:19,59.79,3.0,SetByAsk
2025-12-16 10:22:19,2025-12-16T10:22:19,59.79,1.0,SetByAsk
2025-12-16 10:22:19,2025-12-16T10:22:19,59.79,1.0,SetByAsk
2025-12-16 10:22:19,2025-12-16T10:22:19,59.79,4.0,SetByAsk
2025-12-16 10:22:19,2025-12-16T10:22:19,59.79,1.0,SetByAsk
2025-12-16 10:22:19,2025-12-16T10:22:19,59.79,1.0,SetByAsk
2025-12-16 10:23:21,2025-12-16T10:23:21,59.79,1.0,SetByAsk
2025-12-16 10:24:00,2025-12-16T10:24:00,59.78,1.0,SetByAsk
2025-12-16 10:24:00,2025-12-16T10:24:00,59.78,3.0,SetByAsk
2025-12-16 10:24:00,2025-12-16T10:24:00,59.78,2.0,SetByAsk
2025-12-16 10:24:00,2025-12-16T10:24:00,59.78,3.0,SetByAsk
2025-12-16 10:24:01,2025-12-16T10:24:01,59.77,1.0,SetByAsk
2025-12-16 10:24:01,2025-12-16T10:24:01,59.77,1.0,SetByAsk
2025-12-16 10:24:01,2025-12-16T10:24:01,59.77,1.0,SetByAsk
2025-12-16 10:24:01,2025-12-16T10:24:01,59.77,1.0,SetByAsk
2025-12-16 10:24:01,2025-12-16T10:24:01,59.77,1.0,SetByAsk
2025-12-16 10:24:01,2025-12-16T10:24:01,59.77,1.0,SetByAsk
2025-12-16 10:24:01,2025-12-16T10:24:01,59.77,1.0,SetByAsk
2025-12-16 10:24:01,2025-12-16T10:24:01,59.77,3.0,SetByAsk
2025-12-16 10:24:01,2025-12-16T10:24:01,59.77,1.0,SetByAsk
2025-12-16 10:24:01,2025-12-16T10:24:01,59.77,1.0,SetByAsk
2025-12-16 10:24:01,2025-12-16T10:24:01,59.77,1.0,SetByAsk
2025-12-16 10:27:55,2025-12-16T10:27:55,59.81,1.0,SetByBid
2025-12-16 10:27:55,2025-12-16T10:27:55,59.81,1.0,SetByBid
2025-12-16 10:28:00,2025-12-16T10:28:00,59.81,1.0,SetByBid
2025-12-16 10:28:00,2025-12-16T10:28:00,59.81,1.0,SetByBid
2025-12-16 10:28:04,2025-12-16T10:28:04,59.8,4.0,SetByAsk
2025-12-16 10:29:50,2025-12-16T10:29:50,59.81,3.0,SetByBid
2025-12-16 10:30:04,2025-12-16T10:30:04,59.81,1.0,SetByBid
2025-12-16 10:31:10,2025-12-16T10:31:10,59.81,1.0,SetByBid
2025-12-16 10:31:22,2025-12-16T10:31:22,59.82,1.0,SetByBid
2025-12-16 10:31:22,2025-12-16T10:31:22,59.82,4.0,SetByBid
2025-12-16 10:31:46,2025-12-16T10:31:46,59.82,1.0,SetByAsk
2025-12-16 10:32:49,2025-12-16T10:32:49,59.82,1.0,SetByBid
2025-12-16 10:33:26,2025-12-16T10:33:26,59.82,1.0,SetByAsk
2025-12-16 10:33:26,2025-12-16T10:33:26,59.82,1.0,SetByAsk
2025-12-16 10:33:26,2025-12-16T10:33:26,59.82,1.0,SetByAsk
2025-12-16 10:33:26,2025-12-16T10:33:26,59.82,2.0,SetByBid
2025-12-16 10:33:26,2025-12-16T10:33:26,59.82,1.0,SetByBid
2025-12-16 10:33:26,2025-12-16T10:33:26,59.82,1.0,SetByBid
2025-12-16 10:33:32,2025-12-16T10:33:32,59.82,1.0,SetByAsk
2025-12-16 10:33:33,2025-12-16T10:33:33,59.82,1.0,SetByAsk
2025-12-16 10:33:33,2025-12-16T10:33:33,59.82,1.0,SetByAsk
2025-12-16 10:33:33,2025-12-16T10:33:33,59.82,1.0,SetByAsk
2025-12-16 10:33:33,2025-12-16T10:33:33,59.82,1.0,SetByAsk
2025-12-16 10:34:09,2025-12-16T10:34:09,59.84,1.0,SetByAsk
2025-12-16 10:34:09,2025-12-16T10:34:09,59.84,1.0,SetByAsk
2025-12-16 10:34:09,2025-12-16T10:34:09,59.84,1.0,SetByAsk
2025-12-16 10:34:09,2025-12-16T10:34:09,59.84,1.0,SetByAsk
2025-12-16 10:34:09,2025-12-16T10:34:09,59.84,2.0,SetByAsk
2025-12-16 10:34:09,2025-12-16T10:34:09,59.84,2.0,SetByAsk
2025-12-16 10:34:09,2025-12-16T10:34:09,59.84,1.0,SetByAsk
2025-12-16 10:34:09,2025-12-16T10:34:09,59.84,1.0,SetByAsk
2025-12-16 10:34:16,2025-12-16T10:34:16,59.84,1.0,SetByAsk
2025-12-16 10:34:16,2025-12-16T10:34:16,59.84,1.0,SetByAsk
2025-12-16 10:34:16,2025-12-16T10:34:16,59.84,1.0,SetByAsk
2025-12-16 10:34:16,2025-12-16T10:34:16,59.84,1.0,SetByAsk
2025-12-16 10:34:18,2025-12-16T10:34:18,59.84,1.0,SetByAsk
2025-12-16 10:34:18,2025-12-16T10:34:18,59.84,1.0,SetByAsk
2025-12-16 10:34:19,2025-12-16T10:34:19,59.84,2.0,SetByAsk
2025-12-16 10:34:19,2025-12-16T10:34:19,59.84,1.0,SetByAsk
2025-12-16 10:34:19,2025-12-16T10:34:19,59.84,2.0,SetByAsk
2025-12-16 10:34:19,2025-12-16T10:34:19,59.84,5.0,SetByAsk
2025-12-16 10:34:20,2025-12-16T10:34:20,59.83,1.0,SetByAsk
2025-12-16 10:34:21,2025-12-16T10:34:21,59.83,1.0,SetByAsk
2025-12-16 10:35:07,2025-12-16T10:35:07,59.84,1.0,SetByBid
2025-12-16 10:36:02,2025-12-16T10:36:02,59.84,1.0,SetByAsk
2025-12-16 10:36:02,2025-12-16T10:36:02,59.84,1.0,SetByAsk
2025-12-16 10:36:02,2025-12-16T10:36:02,59.84,5.0,SetByBid
2025-12-16 10:36:02,2025-12-16T10:36:02,59.84,1.0,SetByBid
2025-12-16 10:36:02,2025-12-16T10:36:02,59.84,1.0,SetByBid
2025-12-16 10:36:03,2025-12-16T10:36:03,59.83,1.0,SetByAsk
2025-12-16 10:36:03,2025-12-16T10:36:03,59.83,1.0,SetByAsk
2025-12-16 10:36:03,2025-12-16T10:36:03,59.83,1.0,SetByAsk
2025-12-16 10:36:03,2025-12-16T10:36:03,59.83,1.0,SetByAsk
2025-12-16 10:36:04,2025-12-16T10:36:04,59.84,1.0,SetByAsk
2025-12-16 10:37:37,2025-12-16T10:37:37,59.84,1.0,SetByAsk
2025-12-16 10:37:39,2025-12-16T10:37:39,59.83,1.0,SetByAsk
2025-12-16 10:37:39,2025-12-16T10:37:39,59.83,1.0,SetByAsk
2025-12-16 10:37:39,2025-12-16T10:37:39,59.83,1.0,SetByAsk
2025-12-16 10:37:39,2025-12-16T10:37:39,59.83,1.0,SetByAsk
2025-12-16 10:37:39,2025-12-16T10:37:39,59.83,1.0,SetByAsk
2025-12-16 10:37:39,2025-12-16T10:37:39,59.83,1.0,SetByAsk
2025-12-16 10:37:39,2025-12-16T10:37:39,59.83,1.0,SetByAsk
2025-12-16 10:37:39,2025-12-16T10:37:39,59.83,1.0,SetByAsk
2025-12-16 10:39:05,2025-12-16T10:39:05,59.83,1.0,SetByAsk
2025-12-16 10:39:05,2025-12-16T10:39:05,59.83,1.0,SetByAsk
2025-12-16 10:39:05,2025-12-16T10:39:05,59.83,1.0,SetByBid
2025-12-16 10:39:11,2025-12-16T10:39:11,59.84,1.0,SetByAsk
2025-12-16 10:41:58,2025-12-16T10:41:58,59.87,1.0,SetByBid
2025-12-16 10:41:58,2025-12-16T10:41:58,59.87,1.0,SetByBid
2025-12-16 10:41:58,2025-12-16T10:41:58,59.87,1.0,SetByBid
2025-12-16 10:41:58,2025-12-16T10:41:58,59.87,1.0,SetByBid
2025-12-16 10:42:16,2025-12-16T10:42:16,59.86,1.0,SetByBid
2025-12-16 10:44:15,2025-12-16T10:44:15,59.84,1.0,SetByAsk
2025-12-16 10:44:44,2025-12-16T10:44:44,59.84,1.0,SetByBid
2025-12-16 10:45:02,2025-12-16T10:45:02,59.83,1.0,SetByBid
2025-12-16 10:45:02,2025-12-16T10:45:02,59.83,1.0,SetByBid
2025-12-16 10:45:11,2025-12-16T10:45:11,59.83,1.0,SetByAsk
2025-12-16 10:45:11,2025-12-16T10:45:11,59.83,1.0,SetByAsk
2025-12-16 10:47:30,2025-12-16T10:47:30,59.85,1.0,SetByBid
2025-12-16 10:47:33,2025-12-16T10:47:33,59.85,1.0,SetByBid
2025-12-16 10:47:33,2025-12-16T10:47:33,59.85,1.0,SetByBid
2025-12-16 10:47:33,2025-12-16T10:47:33,59.85,1.0,SetByBid
2025-12-16 10:47:33,2025-12-16T10:47:33,59.85,1.0,SetByBid
2025-12-16 10:47:57,2025-12-16T10:47:57,59.84,1.0,SetByBid
2025-12-16 10:48:20,2025-12-16T10:48:20,59.84,1.0,SetByBid
2025-12-16 10:48:20,2025-12-16T10:48:20,59.84,1.0,SetByBid
2025-12-16 10:49:04,2025-12-16T10:49:04,59.84,1.0,SetByBid
2025-12-16 10:49:04,2025-12-16T10:49:04,59.84,1.0,SetByBid
2025-12-16 10:49:04,2025-12-16T10:49:04,59.84,2.0,SetByBid
2025-12-16 10:49:04,2025-12-16T10:49:04,59.84,5.0,SetByBid
2025-12-16 10:49:04,2025-12-16T10:49:04,59.84,3.0,SetByBid
2025-12-16 10:49:04,2025-12-16T10:49:04,59.84,3.0,SetByBid
2025-12-16 10:49:28,2025-12-16T10:49:28,59.84,1.0,SetByBid
2025-12-16 10:49:28,2025-12-16T10:49:28,59.84,2.0,SetByBid
2025-12-16 10:51:03,2025-12-16T10:51:03,59.84,1.0,SetByBid
2025-12-16 10:51:12,2025-12-16T10:51:12,59.84,1.0,SetByBid
2025-12-16 10:51:29,2025-12-16T10:51:29,59.82,1.0,SetByAsk
2025-12-16 10:51:29,2025-12-16T10:51:29,59.82,1.0,SetByAsk
2025-12-16 10:51:38,2025-12-16T10:51:38,59.82,1.0,SetByBid
2025-12-16 10:53:08,2025-12-16T10:53:08,59.82,1.0,SetByBid
2025-12-16 10:53:08,2025-12-16T10:53:08,59.82,1.0,SetByBid
2025-12-16 10:53:08,2025-12-16T10:53:08,59.82,2.0,SetByBid
2025-12-16 10:53:30,2025-12-16T10:53:30,59.82,1.0,SetByAsk
2025-12-16 10:53:30,2025-12-16T10:53:30,59.82,19.0,SetByBid
2025-12-16 10:53:30,2025-12-16T10:53:30,59.82,1.0,SetByBid
2025-12-16 10:53:32,2025-12-16T10:53:32,59.83,1.0,SetByBid
2025-12-16 10:55:07,2025-12-16T10:55:07,59.85,1.0,SetByBid
2025-12-16 10:56:08,2025-12-16T10:56:08,59.87,1.0,SetByBid
2025-12-16 10:56:17,2025-12-16T10:56:17,59.87,1.0,SetByBid
2025-12-16 10:56:19,2025-12-16T10:56:19,59.86,1.0,SetByAsk
2025-12-16 10:56:19,2025-12-16T10:56:19,59.86,5.0,SetByAsk
2025-12-16 10:56:19,2025-12-16T10:56:19,59.86,1.0,SetByAsk
2025-12-16 10:56:34,2025-12-16T10:56:34,59.86,1.0,SetByBid
2025-12-16 10:56:34,2025-12-16T10:56:34,59.86,1.0,SetByBid
2025-12-16 10:56:50,2025-12-16T10:56:50,59.87,1.0,SetByBid
2025-12-16 10:56:56,2025-12-16T10:56:56,59.86,1.0,SetByAsk
2025-12-16 10:58:30,2025-12-16T10:58:30,59.89,1.0,SetByBid
2025-12-16 10:58:31,2025-12-16T10:58:31,59.89,1.0,SetByBid
2025-12-16 10:59:15,2025-12-16T10:59:15,59.91,1.0,SetByBid
2025-12-16 10:59:32,2025-12-16T10:59:32,59.91,1.0,SetByAsk
2025-12-16 10:59:36,2025-12-16T10:59:36,59.9,1.0,SetByAsk
2025-12-16 10:59:57,2025-12-16T10:59:57,59.91,1.0,SetByAsk
2025-12-16 11:00:09,2025-12-16T11:00:09,59.88,1.0,SetByAsk
2025-12-16 11:00:09,2025-12-16T11:00:09,59.88,1.0,SetByAsk
2025-12-16 11:00:09,2025-12-16T11:00:09,59.88,1.0,SetByAsk
2025-12-16 11:00:09,2025-12-16T11:00:09,59.88,1.0,SetByAsk
2025-12-16 11:00:32,2025-12-16T11:00:32,59.88,1.0,SetByBid
2025-12-16 11:00:32,2025-12-16T11:00:32,59.88,1.0,SetByBid
2025-12-16 11:00:32,2025-12-16T11:00:32,59.88,1.0,SetByBid
2025-12-16 11:00:32,2025-12-16T11:00:32,59.88,1.0,SetByBid
2025-12-16 11:01:12,2025-12-16T11:01:12,59.88,1.0,SetByBid
2025-12-16 11:05:00,2025-12-16T11:05:00,59.88,1.0,SetByAsk
2025-12-16 11:05:06,2025-12-16T11:05:06,59.87,1.0,SetByAsk
2025-12-16 11:07:10,2025-12-16T11:07:10,59.84,1.0,SetByBid
2025-12-16 11:07:10,2025-12-16T11:07:10,59.83,1.0,SetByAsk
2025-12-16 11:10:05,2025-12-16T11:10:05,59.86,1.0,SetByAsk
2025-12-16 11:11:09,2025-12-16T11:11:09,59.87,1.0,SetByBid
2025-12-16 11:13:23,2025-12-16T11:13:23,59.87,1.0,SetByAsk
2025-12-16 11:14:01,2025-12-16T11:14:01,59.86,1.0,SetByBid
2025-12-16 11:16:03,2025-12-16T11:16:03,59.86,1.0,SetByAsk
2025-12-16 11:16:32,2025-12-16T11:16:32,59.85,1.0,SetByAsk
2025-12-16 11:18:03,2025-12-16T11:18:03,59.83,1.0,SetByAsk
2025-12-16 11:18:03,2025-12-16T11:18:03,59.83,1.0,SetByAsk
2025-12-16 11:18:03,2025-12-16T11:18:03,59.83,1.0,SetByAsk
2025-12-16 11:18:03,2025-12-16T11:18:03,59.83,1.0,SetByAsk
2025-12-16 11:18:03,2025-12-16T11:18:03,59.83,1.0,SetByAsk
2025-12-16 11:18:08,2025-12-16T11:18:08,59.84,1.0,SetByBid
2025-12-16 11:19:49,2025-12-16T11:19:49,59.83,1.0,SetByAsk
2025-12-16 11:19:49,2025-12-16T11:19:49,59.83,2.0,SetByAsk
2025-12-16 11:19:49,2025-12-16T11:19:49,59.83,1.0,SetByAsk
2025-12-16 11:19:49,2025-12-16T11:19:49,59.83,2.0,SetByAsk
2025-12-16 11:27:25,2025-12-16T11:27:25,59.86,1.0,SetByBid
2025-12-16 11:27:25,2025-12-16T11:27:25,59.86,1.0,SetByBid
2025-12-16 11:29:27,2025-12-16T11:29:27,59.84,1.0,SetByAsk
2025-12-16 11:29:27,2025-12-16T11:29:27,59.85,1.0,SetByBid
2025-12-16 11:29:27,2025-12-16T11:29:27,59.85,1.0,SetByBid
2025-12-16 11:29:27,2025-12-16T11:29:27,59.85,1.0,SetByBid
2025-12-16 11:30:19,2025-12-16T11:30:19,59.85,1.0,SetByBid
2025-12-16 11:30:28,2025-12-16T11:30:28,59.86,1.0,SetByBid
2025-12-16 11:30:28,2025-12-16T11:30:28,59.86,1.0,SetByBid
2025-12-16 11:31:04,2025-12-16T11:31:04,59.89,1.0,SetByBid
2025-12-16 11:31:04,2025-12-16T11:31:04,59.9,1.0,SetByBid
2025-12-16 11:31:04,2025-12-16T11:31:04,59.89,1.0,SetByBid
2025-12-16 11:31:04,2025-12-16T11:31:04,59.88,1.0,SetByAsk
2025-12-16 11:31:37,2025-12-16T11:31:37,59.88,1.0,SetByBid
2025-12-16 11:31:37,2025-12-16T11:31:37,59.88,1.0,SetByBid
2025-12-16 11:31:37,2025-12-16T11:31:37,59.88,1.0,SetByBid
2025-12-16 11:33:40,2025-12-16T11:33:40,59.91,1.0,SetByBid
2025-12-16 11:36:59,2025-12-16T11:36:59,59.85,1.0,SetByBid
2025-12-16 11:41:53,2025-12-16T11:41:53,59.87,1.0,SetByAsk
2025-12-16 11:42:57,2025-12-16T11:42:57,59.9,1.0,SetByAsk
2025-12-16 11:44:08,2025-12-16T11:44:08,59.88,1.0,SetByBid
2025-12-16 11:45:09,2025-12-16T11:45:09,59.88,1.0,SetByAsk
2025-12-16 11:45:26,2025-12-16T11:45:26,59.87,1.0,SetByAsk
2025-12-16 11:45:26,2025-12-16T11:45:26,59.87,1.0,SetByAsk
2025-12-16 11:45:26,2025-12-16T11:45:26,59.87,1.0,SetByAsk
2025-12-16 11:45:26,2025-12-16T11:45:26,59.87,1.0,SetByAsk
2025-12-16 11:45:26,2025-12-16T11:45:26,59.86,1.0,SetByAsk
2025-12-16 11:46:10,2025-12-16T11:46:10,59.88,1.0,SetByBid
2025-12-16 11:47:47,2025-12-16T11:47:47,59.89,1.0,SetByBid
2025-12-16 11:47:47,2025-12-16T11:47:47,59.89,1.0,SetByBid
2025-12-16 11:47:47,2025-12-16T11:47:47,59.89,1.0,SetByBid
2025-12-16 11:48:08,2025-12-16T11:48:08,59.89,1.0,SetByBid
2025-12-16 11:49:06,2025-12-16T11:49:06,59.85,1.0,SetByBid
2025-12-16 11:49:06,2025-12-16T11:49:06,59.84,1.0,SetByAsk
2025-12-16 11:49:06,2025-12-16T11:49:06,59.84,1.0,SetByAsk
2025-12-16 11:51:54,2025-12-16T11:51:54,59.83,1.0,SetByBid
2025-12-16 11:53:06,2025-12-16T11:53:06,59.82,1.0,SetByBid
2025-12-16 11:53:06,2025-12-16T11:53:06,59.83,1.0,SetByBid
2025-12-16 11:53:06,2025-12-16T11:53:06,59.83,1.0,SetByBid
2025-12-16 11:53:06,2025-12-16T11:53:06,59.83,1.0,SetByBid
2025-12-16 11:53:06,2025-12-16T11:53:06,59.83,1.0,SetByBid
2025-12-16 11:53:27,2025-12-16T11:53:27,59.83,1.0,SetByBid
2025-12-16 11:53:27,2025-12-16T11:53:27,59.83,1.0,SetByBid
2025-12-16 11:54:36,2025-12-16T11:54:36,59.82,1.0,SetByAsk
2025-12-16 11:55:00,2025-12-16T11:55:00,59.82,1.0,SetByBid
2025-12-16 11:55:00,2025-12-16T11:55:00,59.82,1.0,SetByBid
2025-12-16 11:55:38,2025-12-16T11:55:38,59.78,1.0,SetByAsk
2025-12-16 11:55:38,2025-12-16T11:55:38,59.78,1.0,SetByAsk
2025-12-16 11:55:38,2025-12-16T11:55:38,59.78,1.0,SetByAsk
2025-12-16 11:55:38,2025-12-16T11:55:38,59.78,1.0,SetByBid
2025-12-16 11:55:38,2025-12-16T11:55:38,59.78,1.0,SetByAsk
2025-12-16 11:55:38,2025-12-16T11:55:38,59.79,1.0,SetByBid
2025-12-16 11:55:38,2025-12-16T11:55:38,59.79,1.0,SetByBid
2025-12-16 11:55:48,2025-12-16T11:55:48,59.77,1.0,SetByBid
2025-12-16 11:56:56,2025-12-16T11:56:56,59.79,1.0,SetByAsk
2025-12-16 11:56:56,2025-12-16T11:56:56,59.79,1.0,SetByAsk
2025-12-16 11:56:56,2025-12-16T11:56:56,59.79,1.0,SetByAsk
2025-12-16 11:56:58,2025-12-16T11:56:58,59.79,1.0,SetByAsk
2025-12-16 11:58:39,2025-12-16T11:58:39,59.78,1.0,SetByBid
2025-12-16 11:58:58,2025-12-16T11:58:58,59.78,1.0,SetByBid
2025-12-16 11:58:58,2025-12-16T11:58:58,59.78,1.0,SetByBid
2025-12-16 11:59:20,2025-12-16T11:59:20,59.77,1.0,SetByAsk
2025-12-16 11:59:20,2025-12-16T11:59:20,59.77,1.0,SetByAsk
2025-12-16 11:59:20,2025-12-16T11:59:20,59.76,1.0,SetByAsk
2025-12-16 11:59:20,2025-12-16T11:59:20,59.76,1.0,SetByAsk
2025-12-16 11:59:20,2025-12-16T11:59:20,59.76,1.0,SetByAsk
2025-12-16 11:59:21,2025-12-16T11:59:21,59.76,1.0,SetByAsk
2025-12-16 11:59:35,2025-12-16T11:59:35,59.76,1.0,SetByBid
2025-12-16 11:59:35,2025-12-16T11:59:35,59.76,1.0,SetByAsk
2025-12-16 11:59:35,2025-12-16T11:59:35,59.76,1.0,SetByAsk
2025-12-16 11:59:35,2025-12-16T11:59:35,59.76,1.0,SetByAsk
2025-12-16 11:59:36,2025-12-16T11:59:36,59.76,1.0,SetByAsk
2025-12-16 11:59:36,2025-12-16T11:59:36,59.76,1.0,SetByAsk
2025-12-16 11:59:37,2025-12-16T11:59:37,59.76,1.0,SetByAsk
2025-12-16 11:59:51,2025-12-16T11:59:51,59.76,1.0,SetByAsk
2025-12-16 11:59:56,2025-12-16T11:59:56,59.77,1.0,SetByBid
2025-12-16 11:59:56,2025-12-16T11:59:56,59.77,1.0,SetByBid
2025-12-16 12:00:00,2025-12-16T12:00:00,59.77,1.0,SetByBid
2025-12-16 12:00:00,2025-12-16T12:00:00,59.76,1.0,SetByAsk
2025-12-16 12:00:00,2025-12-16T12:00:00,59.76,1.0,SetByAsk
2025-12-16 12:00:00,2025-12-16T12:00:00,59.76,1.0,SetByAsk
2025-12-16 12:00:00,2025-12-16T12:00:00,59.76,1.0,SetByAsk
2025-12-16 12:00:01,2025-12-16T12:00:01,59.75,1.0,SetByAsk
2025-12-16 12:00:02,2025-12-16T12:00:02,59.74,1.0,SetByAsk
2025-12-16 12:00:02,2025-12-16T12:00:02,59.74,1.0,SetByAsk
2025-12-16 12:00:02,2025-12-16T12:00:02,59.74,1.0,SetByAsk
2025-12-16 12:00:02,2025-12-16T12:00:02,59.74,1.0,SetByAsk
2025-12-16 12:00:02,2025-12-16T12:00:02,59.74,1.0,SetByAsk
2025-12-16 12:00:02,2025-12-16T12:00:02,59.74,1.0,SetByAsk
2025-12-16 12:00:02,2025-12-16T12:00:02,59.74,1.0,SetByAsk
2025-12-16 12:00:02,2025-12-16T12:00:02,59.74,1.0,SetByAsk
2025-12-16 12:00:02,2025-12-16T12:00:02,59.74,1.0,SetByAsk
2025-12-16 12:00:05,2025-12-16T12:00:05,59.77,1.0,SetByBid
2025-12-16 12:00:05,2025-12-16T12:00:05,59.77,1.0,SetByBid
2025-12-16 12:00:05,2025-12-16T12:00:05,59.77,1.0,SetByBid
2025-12-16 12:00:05,2025-12-16T12:00:05,59.77,1.0,SetByBid
2025-12-16 12:00:05,2025-12-16T12:00:05,59.77,1.0,SetByBid
2025-12-16 12:00:05,2025-12-16T12:00:05,59.77,1.0,SetByBid
2025-12-16 12:00:30,2025-12-16T12:00:30,59.79,1.0,SetByAsk
2025-12-16 12:00:38,2025-12-16T12:00:38,59.79,1.0,SetByBid
2025-12-16 12:00:38,2025-12-16T12:00:38,59.79,1.0,SetByBid
2025-12-16 12:00:38,2025-12-16T12:00:38,59.79,1.0,SetByBid
2025-12-16 12:00:39,2025-12-16T12:00:39,59.8,1.0,SetByBid
2025-12-16 12:00:49,2025-12-16T12:00:49,59.82,1.0,SetByAsk
2025-12-16 12:01:25,2025-12-16T12:01:25,59.82,1.0,SetByBid
2025-12-16 12:02:28,2025-12-16T12:02:28,59.8,1.0,SetByAsk
2025-12-16 12:02:28,2025-12-16T12:02:28,59.8,1.0,SetByAsk
2025-12-16 12:03:15,2025-12-16T12:03:15,59.76,1.0,SetByBid
2025-12-16 12:03:46,2025-12-16T12:03:46,59.78,1.0,SetByBid
2025-12-16 12:03:46,2025-12-16T12:03:46,59.78,2.0,SetByBid
2025-12-16 12:03:46,2025-12-16T12:03:46,59.78,12.0,SetByBid
2025-12-16 12:03:46,2025-12-16T12:03:46,59.78,14.0,SetByBid
2025-12-16 12:03:46,2025-12-16T12:03:46,59.78,1.0,SetByBid
2025-12-16 12:03:46,2025-12-16T12:03:46,59.78,1.0,SetByBid
2025-12-16 12:03:46,2025-12-16T12:03:46,59.78,16.0,SetByBid
2025-12-16 12:03:46,2025-12-16T12:03:46,59.78,4.0,SetByBid
2025-12-16 12:03:46,2025-12-16T12:03:46,59.78,1.0,SetByBid
2025-12-16 12:03:46,2025-12-16T12:03:46,59.78,3.0,SetByBid
2025-12-16 12:03:46,2025-12-16T12:03:46,59.78,1.0,SetByBid
2025-12-16 12:03:46,2025-12-16T12:03:46,59.78,1.0,SetByBid
2025-12-16 12:03:46,2025-12-16T12:03:46,59.78,2.0,SetByBid
2025-12-16 12:03:46,2025-12-16T12:03:46,59.78,23.0,SetByBid
2025-12-16 12:03:46,2025-12-16T12:03:46,59.78,9.0,SetByBid
2025-12-16 12:03:46,2025-12-16T12:03:46,59.78,18.0,SetByBid
2025-12-16 12:03:46,2025-12-16T12:03:46,59.78,12.0,SetByBid
2025-12-16 12:03:46,2025-12-16T12:03:46,59.78,1.0,SetByBid
2025-12-16 12:03:46,2025-12-16T12:03:46,59.77,1.0,SetByAsk
2025-12-16 12:03:46,2025-12-16T12:03:46,59.77,1.0,SetByAsk
2025-12-16 12:03:46,2025-12-16T12:03:46,59.77,1.0,SetByAsk
2025-12-16 12:03:46,2025-12-16T12:03:46,59.77,1.0,SetByAsk
2025-12-16 12:03:46,2025-12-16T12:03:46,59.77,5.0,SetByBid
2025-12-16 12:03:46,2025-12-16T12:03:46,59.77,1.0,SetByBid
2025-12-16 12:03:46,2025-12-16T12:03:46,59.77,1.0,SetByBid
2025-12-16 12:03:46,2025-12-16T12:03:46,59.77,1.0,SetByBid
2025-12-16 12:03:46,2025-12-16T12:03:46,59.77,4.0,SetByBid
2025-12-16 12:03:46,2025-12-16T12:03:46,59.78,206.0,SetByBid
2025-12-16 12:04:00,2025-12-16T12:04:00,59.75,2.0,SetByAsk
2025-12-16 12:04:00,2025-12-16T12:04:00,59.75,1.0,SetByAsk
2025-12-16 12:04:00,2025-12-16T12:04:00,59.75,1.0,SetByBid
2025-12-16 12:04:00,2025-12-16T12:04:00,59.75,1.0,SetByBid
2025-12-16 12:04:10,2025-12-16T12:04:10,59.74,1.0,SetByAsk
2025-12-16 12:04:36,2025-12-16T12:04:36,59.73,1.0,SetByAsk
2025-12-16 12:04:41,2025-12-16T12:04:41,59.72,1.0,SetByAsk
2025-12-16 12:04:41,2025-12-16T12:04:41,59.72,1.0,SetByAsk
2025-12-16 12:04:46,2025-12-16T12:04:46,59.72,2.0,SetByAsk
2025-12-16 12:04:46,2025-12-16T12:04:46,59.72,1.0,SetByAsk
2025-12-16 12:04:46,2025-12-16T12:04:46,59.72,1.0,SetByAsk
2025-12-16 12:04:46,2025-12-16T12:04:46,59.73,3.0,SetByBid
2025-12-16 12:05:03,2025-12-16T12:05:03,59.72,1.0,SetByBid
2025-12-16 12:05:30,2025-12-16T12:05:30,59.71,1.0,SetByAsk
2025-12-16 12:05:37,2025-12-16T12:05:37,59.72,14.0,SetByBid
2025-12-16 12:05:37,2025-12-16T12:05:37,59.72,2.0,SetByBid
2025-12-16 12:05:37,2025-12-16T12:05:37,59.72,14.0,SetByBid
2025-12-16 12:05:37,2025-12-16T12:05:37,59.72,3.0,SetByBid
2025-12-16 12:05:37,2025-12-16T12:05:37,59.72,7.0,SetByBid
2025-12-16 12:05:37,2025-12-16T12:05:37,59.72,1.0,SetByBid
2025-12-16 12:05:37,2025-12-16T12:05:37,59.72,1.0,SetByBid
2025-12-16 12:05:37,2025-12-16T12:05:37,59.72,40.0,SetByBid
2025-12-16 12:05:37,2025-12-16T12:05:37,59.72,14.0,SetByBid
2025-12-16 12:05:38,2025-12-16T12:05:38,59.71,2.0,SetByAsk
2025-12-16 12:05:38,2025-12-16T12:05:38,59.71,1.0,SetByAsk
2025-12-16 12:05:38,2025-12-16T12:05:38,59.71,1.0,SetByAsk
2025-12-16 12:05:38,2025-12-16T12:05:38,59.71,3.0,SetByAsk
2025-12-16 12:05:38,2025-12-16T12:05:38,59.71,2.0,SetByBid
2025-12-16 12:05:38,2025-12-16T12:05:38,59.71,3.0,SetByBid
2025-12-16 12:05:38,2025-12-16T12:05:38,59.71,2.0,SetByBid
2025-12-16 12:05:38,2025-12-16T12:05:38,59.71,3.0,SetByBid
2025-12-16 12:05:38,2025-12-16T12:05:38,59.71,1.0,SetByAsk
2025-12-16 12:05:38,2025-12-16T12:05:38,59.71,1.0,SetByAsk
2025-12-16 12:05:38,2025-12-16T12:05:38,59.71,1.0,SetByBid
2025-12-16 12:05:38,2025-12-16T12:05:38,59.71,2.0,SetByBid
2025-12-16 12:05:38,2025-12-16T12:05:38,59.71,2.0,SetByBid
2025-12-16 12:05:38,2025-12-16T12:05:38,59.71,1.0,SetByBid
2025-12-16 12:05:38,2025-12-16T12:05:38,59.71,1.0,SetByAsk
2025-12-16 12:05:38,2025-12-16T12:05:38,59.71,1.0,SetByBid
2025-12-16 12:05:38,2025-12-16T12:05:38,59.71,1.0,SetByBid
2025-12-16 12:05:38,2025-12-16T12:05:38,59.71,2.0,SetByBid
2025-12-16 12:05:38,2025-12-16T12:05:38,59.71,1.0,SetByBid
2025-12-16 12:05:38,2025-12-16T12:05:38,59.71,1.0,SetByBid
2025-12-16 12:05:38,2025-12-16T12:05:38,59.71,1.0,SetByBid
2025-12-16 12:05:38,2025-12-16T12:05:38,59.71,6.0,SetByBid
2025-12-16 12:05:38,2025-12-16T12:05:38,59.71,2.0,SetByAsk
2025-12-16 12:05:38,2025-12-16T12:05:38,59.71,2.0,SetByBid
2025-12-16 12:05:38,2025-12-16T12:05:38,59.71,1.0,SetByBid
2025-12-16 12:05:38,2025-12-16T12:05:38,59.71,2.0,SetByAsk
2025-12-16 12:05:38,2025-12-16T12:05:38,59.71,2.0,SetByAsk
2025-12-16 12:05:38,2025-12-16T12:05:38,59.72,254.0,SetByBid
2025-12-16 12:05:38,2025-12-16T12:05:38,59.72,1.0,SetByBid
2025-12-16 12:05:51,2025-12-16T12:05:51,59.71,1.0,SetByBid
2025-12-16 12:05:54,2025-12-16T12:05:54,59.71,1.0,SetByBid
2025-12-16 12:05:54,2025-12-16T12:05:54,59.71,1.0,SetByBid
2025-12-16 12:06:01,2025-12-16T12:06:01,59.69,1.0,SetByAsk
2025-12-16 12:06:01,2025-12-16T12:06:01,59.69,1.0,SetByAsk
2025-12-16 12:06:24,2025-12-16T12:06:24,59.69,1.0,SetByBid
2025-12-16 12:06:24,2025-12-16T12:06:24,59.69,1.0,SetByBid
2025-12-16 12:06:37,2025-12-16T12:06:37,59.69,1.0,SetByAsk
2025-12-16 12:06:43,2025-12-16T12:06:43,59.71,1.0,SetByBid
2025-12-16 12:06:45,2025-12-16T12:06:45,59.69,1.0,SetByAsk
2025-12-16 12:06:45,2025-12-16T12:06:45,59.69,2.0,SetByAsk
2025-12-16 12:06:45,2025-12-16T12:06:45,59.69,1.0,SetByAsk
2025-12-16 12:06:45,2025-12-16T12:06:45,59.69,1.0,SetByAsk
2025-12-16 12:06:59,2025-12-16T12:06:59,59.68,9.0,SetByAsk
2025-12-16 12:06:59,2025-12-16T12:06:59,59.69,1.0,SetByBid
2025-12-16 12:06:59,2025-12-16T12:06:59,59.69,1.0,SetByBid
2025-12-16 12:06:59,2025-12-16T12:06:59,59.69,1.0,SetByBid
2025-12-16 12:06:59,2025-12-16T12:06:59,59.69,1.0,SetByBid
2025-12-16 12:07:00,2025-12-16T12:07:00,59.69,1.0,SetByAsk
2025-12-16 12:07:01,2025-12-16T12:07:01,59.7,2.0,SetByBid
2025-12-16 12:07:01,2025-12-16T12:07:01,59.7,1.0,SetByBid
2025-12-16 12:07:06,2025-12-16T12:07:06,59.7,3.0,SetByAsk
2025-12-16 12:07:06,2025-12-16T12:07:06,59.7,1.0,SetByAsk
2025-12-16 12:07:06,2025-12-16T12:07:06,59.7,1.0,SetByAsk
2025-12-16 12:07:23,2025-12-16T12:07:23,59.7,1.0,SetByAsk
2025-12-16 12:07:35,2025-12-16T12:07:35,59.69,1.0,SetByAsk
2025-12-16 12:07:36,2025-12-16T12:07:36,59.68,2.0,SetByBid
2025-12-16 12:07:38,2025-12-16T12:07:38,59.68,2.0,SetByBid
2025-12-16 12:07:38,2025-12-16T12:07:38,59.68,2.0,SetByBid
2025-12-16 12:07:38,2025-12-16T12:07:38,59.68,2.0,SetByBid
2025-12-16 12:07:38,2025-12-16T12:07:38,59.68,2.0,SetByBid
2025-12-16 12:07:38,2025-12-16T12:07:38,59.68,1.0,SetByBid
2025-12-16 12:07:39,2025-12-16T12:07:39,59.68,2.0,SetByBid
2025-12-16 12:07:39,2025-12-16T12:07:39,59.68,1.0,SetByBid
2025-12-16 12:07:39,2025-12-16T12:07:39,59.68,1.0,SetByBid
2025-12-16 12:07:39,2025-12-16T12:07:39,59.68,1.0,SetByBid
2025-12-16 12:07:40,2025-12-16T12:07:40,59.68,2.0,SetByBid
2025-12-16 12:07:40,2025-12-16T12:07:40,59.68,2.0,SetByBid
2025-12-16 12:07:41,2025-12-16T12:07:41,59.67,1.0,SetByAsk
2025-12-16 12:07:41,2025-12-16T12:07:41,59.67,1.0,SetByAsk
2025-12-16 12:07:42,2025-12-16T12:07:42,59.68,2.0,SetByBid
2025-12-16 12:07:43,2025-12-16T12:07:43,59.68,1.0,SetByBid
2025-12-16 12:07:43,2025-12-16T12:07:43,59.68,1.0,SetByBid
2025-12-16 12:07:44,2025-12-16T12:07:44,59.68,2.0,SetByBid
2025-12-16 12:07:47,2025-12-16T12:07:47,59.66,1.0,SetByAsk
2025-12-16 12:07:47,2025-12-16T12:07:47,59.66,2.0,SetByAsk
2025-12-16 12:07:47,2025-12-16T12:07:47,59.66,1.0,SetByAsk
2025-12-16 12:07:47,2025-12-16T12:07:47,59.66,1.0,SetByAsk
2025-12-16 12:07:47,2025-12-16T12:07:47,59.66,1.0,SetByAsk
2025-12-16 12:07:48,2025-12-16T12:07:48,59.66,2.0,SetByBid
2025-12-16 12:07:48,2025-12-16T12:07:48,59.65,1.0,SetByAsk
2025-12-16 12:07:48,2025-12-16T12:07:48,59.65,1.0,SetByBid
2025-12-16 12:07:48,2025-12-16T12:07:48,59.65,1.0,SetByBid
2025-12-16 12:07:48,2025-12-16T12:07:48,59.65,1.0,SetByBid
2025-12-16 12:08:01,2025-12-16T12:08:01,59.63,1.0,SetByAsk
2025-12-16 12:08:01,2025-12-16T12:08:01,59.63,1.0,SetByAsk
2025-12-16 12:08:09,2025-12-16T12:08:09,59.64,1.0,SetByBid
2025-12-16 12:09:04,2025-12-16T12:09:04,59.64,2.0,SetByAsk
2025-12-16 12:10:14,2025-12-16T12:10:14,59.65,1.0,SetByAsk
2025-12-16 12:10:14,2025-12-16T12:10:14,59.65,1.0,SetByBid
2025-12-16 12:10:14,2025-12-16T12:10:14,59.65,1.0,SetByBid
2025-12-16 12:10:22,2025-12-16T12:10:22,59.63,2.0,SetByAsk
2025-12-16 12:10:22,2025-12-16T12:10:22,59.63,1.0,SetByAsk
2025-12-16 12:10:22,2025-12-16T12:10:22,59.63,1.0,SetByAsk
2025-12-16 12:10:22,2025-12-16T12:10:22,59.63,2.0,SetByAsk
2025-12-16 12:10:22,2025-12-16T12:10:22,59.63,1.0,SetByAsk
2025-12-16 12:10:22,2025-12-16T12:10:22,59.63,3.0,SetByAsk
2025-12-16 12:10:22,2025-12-16T12:10:22,59.63,1.0,SetByAsk
2025-12-16 12:10:22,2025-12-16T12:10:22,59.63,7.0,SetByAsk
2025-12-16 12:10:22,2025-12-16T12:10:22,59.63,2.0,SetByAsk
2025-12-16 12:10:22,2025-12-16T12:10:22,59.63,1.0,SetByAsk
2025-12-16 12:10:22,2025-12-16T12:10:22,59.63,2.0,SetByAsk
2025-12-16 12:10:22,2025-12-16T12:10:22,59.63,3.0,SetByAsk
2025-12-16 12:10:22,2025-12-16T12:10:22,59.63,1.0,SetByAsk
2025-12-16 12:10:22,2025-12-16T12:10:22,59.64,2.0,SetByBid
2025-12-16 12:10:22,2025-12-16T12:10:22,59.64,1.0,SetByBid
2025-12-16 12:10:28,2025-12-16T12:10:28,59.63,1.0,SetByAsk
2025-12-16 12:10:59,2025-12-16T12:10:59,59.64,1.0,SetByBid
2025-12-16 12:10:59,2025-12-16T12:10:59,59.64,1.0,SetByBid
2025-12-16 12:11:00,2025-12-16T12:11:00,59.63,2.0,SetByAsk
2025-12-16 12:11:36,2025-12-16T12:11:36,59.63,1.0,SetByAsk
2025-12-16 12:12:17,2025-12-16T12:12:17,59.63,2.0,SetByAsk
2025-12-16 12:12:17,2025-12-16T12:12:17,59.63,1.0,SetByAsk
2025-12-16 12:12:17,2025-12-16T12:12:17,59.63,1.0,SetByAsk
2025-12-16 12:12:17,2025-12-16T12:12:17,59.63,1.0,SetByAsk
2025-12-16 12:12:17,2025-12-16T12:12:17,59.63,1.0,SetByAsk
2025-12-16 12:12:17,2025-12-16T12:12:17,59.63,1.0,SetByAsk
2025-12-16 12:12:17,2025-12-16T12:12:17,59.63,3.0,SetByAsk
2025-12-16 12:12:17,2025-12-16T12:12:17,59.63,6.0,SetByAsk
2025-12-16 12:12:17,2025-12-16T12:12:17,59.63,1.0,SetByAsk
2025-12-16 12:12:17,2025-12-16T12:12:17,59.63,1.0,SetByAsk
2025-12-16 12:12:17,2025-12-16T12:12:17,59.62,2.0,SetByAsk
2025-12-16 12:12:17,2025-12-16T12:12:17,59.62,1.0,SetByAsk
2025-12-16 12:12:17,2025-12-16T12:12:17,59.62,1.0,SetByAsk
2025-12-16 12:12:17,2025-12-16T12:12:17,59.62,1.0,SetByAsk
2025-12-16 12:12:17,2025-12-16T12:12:17,59.62,1.0,SetByAsk
2025-12-16 12:12:17,2025-12-16T12:12:17,59.62,1.0,SetByAsk
2025-12-16 12:12:17,2025-12-16T12:12:17,59.62,1.0,SetByAsk
2025-12-16 12:12:17,2025-12-16T12:12:17,59.62,1.0,SetByAsk
2025-12-16 12:12:17,2025-12-16T12:12:17,59.62,1.0,SetByAsk
2025-12-16 12:12:17,2025-12-16T12:12:17,59.62,1.0,SetByAsk
2025-12-16 12:12:17,2025-12-16T12:12:17,59.62,1.0,SetByAsk
2025-12-16 12:12:17,2025-12-16T12:12:17,59.62,1.0,SetByAsk
2025-12-16 12:12:17,2025-12-16T12:12:17,59.62,5.0,SetByAsk
2025-12-16 12:12:17,2025-12-16T12:12:17,59.62,1.0,SetByAsk
2025-12-16 12:12:17,2025-12-16T12:12:17,59.62,1.0,SetByAsk
2025-12-16 12:12:17,2025-12-16T12:12:17,59.62,1.0,SetByAsk
2025-12-16 12:12:17,2025-12-16T12:12:17,59.62,1.0,SetByAsk
2025-12-16 12:12:17,2025-12-16T12:12:17,59.62,1.0,SetByAsk
2025-12-16 12:12:17,2025-12-16T12:12:17,59.62,1.0,SetByAsk
2025-12-16 12:12:17,2025-12-16T12:12:17,59.62,2.0,SetByAsk
2025-12-16 12:12:17,2025-12-16T12:12:17,59.62,2.0,SetByAsk
2025-12-16 12:12:17,2025-12-16T12:12:17,59.62,1.0,SetByAsk
2025-12-16 12:12:17,2025-12-16T12:12:17,59.62,5.0,SetByAsk
2025-12-16 12:12:17,2025-12-16T12:12:17,59.62,6.0,SetByBid
2025-12-16 12:12:17,2025-12-16T12:12:17,59.62,32.0,SetByBid
2025-12-16 12:12:17,2025-12-16T12:12:17,59.62,5.0,SetByBid
2025-12-16 12:12:17,2025-12-16T12:12:17,59.62,12.0,SetByBid
2025-12-16 12:12:17,2025-12-16T12:12:17,59.62,4.0,SetByBid
2025-12-16 12:12:17,2025-12-16T12:12:17,59.62,3.0,SetByBid
2025-12-16 12:12:17,2025-12-16T12:12:17,59.62,1.0,SetByBid
2025-12-16 12:12:17,2025-12-16T12:12:17,59.62,2.0,SetByBid
2025-12-16 12:12:17,2025-12-16T12:12:17,59.62,1.0,SetByBid
2025-12-16 12:13:10,2025-12-16T12:13:10,59.62,1.0,SetByAsk
2025-12-16 12:13:10,2025-12-16T12:13:10,59.61,1.0,SetByAsk
2025-12-16 12:13:11,2025-12-16T12:13:11,59.61,1.0,SetByAsk
2025-12-16 12:13:11,2025-12-16T12:13:11,59.61,1.0,SetByBid
2025-12-16 12:13:11,2025-12-16T12:13:11,59.61,1.0,SetByBid
2025-12-16 12:13:28,2025-12-16T12:13:28,59.59,1.0,SetByAsk
2025-12-16 12:13:28,2025-12-16T12:13:28,59.59,1.0,SetByAsk
2025-12-16 12:13:28,2025-12-16T12:13:28,59.59,1.0,SetByAsk
2025-12-16 12:13:28,2025-12-16T12:13:28,59.59,2.0,SetByAsk
2025-12-16 12:13:30,2025-12-16T12:13:30,59.59,3.0,SetByAsk
2025-12-16 12:13:30,2025-12-16T12:13:30,59.59,3.0,SetByAsk
2025-12-16 12:13:30,2025-12-16T12:13:30,59.59,23.0,SetByAsk
2025-12-16 12:13:30,2025-12-16T12:13:30,59.59,1.0,SetByAsk
2025-12-16 12:13:30,2025-12-16T12:13:30,59.59,1.0,SetByAsk
2025-12-16 12:13:30,2025-12-16T12:13:30,59.59,1.0,SetByAsk
2025-12-16 12:13:30,2025-12-16T12:13:30,59.59,10.0,SetByAsk
2025-12-16 12:13:30,2025-12-16T12:13:30,59.59,3.0,SetByAsk
2025-12-16 12:13:30,2025-12-16T12:13:30,59.59,12.0,SetByAsk
2025-12-16 12:13:30,2025-12-16T12:13:30,59.59,1.0,SetByAsk
2025-12-16 12:13:30,2025-12-16T12:13:30,59.59,1.0,SetByAsk
2025-12-16 12:13:39,2025-12-16T12:13:39,59.6,1.0,SetByBid
2025-12-16 12:13:39,2025-12-16T12:13:39,59.6,2.0,SetByBid
2025-12-16 12:13:39,2025-12-16T12:13:39,59.6,1.0,SetByBid
2025-12-16 12:13:39,2025-12-16T12:13:39,59.6,1.0,SetByBid
2025-12-16 12:13:39,2025-12-16T12:13:39,59.6,1.0,SetByBid
2025-12-16 12:13:39,2025-12-16T12:13:39,59.6,1.0,SetByBid
2025-12-16 12:13:39,2025-12-16T12:13:39,59.6,1.0,SetByBid
2025-12-16 12:13:39,2025-12-16T12:13:39,59.6,1.0,SetByBid
2025-12-16 12:13:39,2025-12-16T12:13:39,59.6,1.0,SetByBid
2025-12-16 12:13:49,2025-12-16T12:13:49,59.6,1.0,SetByBid
2025-12-16 12:14:09,2025-12-16T12:14:09,59.61,1.0,SetByAsk
2025-12-16 12:14:23,2025-12-16T12:14:23,59.61,2.0,SetByAsk
2025-12-16 12:14:23,2025-12-16T12:14:23,59.61,1.0,SetByAsk
2025-12-16 12:14:58,2025-12-16T12:14:58,59.6,1.0,SetByAsk
2025-12-16 12:15:52,2025-12-16T12:15:52,59.6,1.0,SetByAsk
2025-12-16 12:15:52,2025-12-16T12:15:52,59.6,2.0,SetByAsk
2025-12-16 12:15:52,2025-12-16T12:15:52,59.6,1.0,SetByAsk
2025-12-16 12:15:52,2025-12-16T12:15:52,59.59,2.0,SetByAsk
2025-12-16 12:15:52,2025-12-16T12:15:52,59.59,1.0,SetByAsk
2025-12-16 12:15:52,2025-12-16T12:15:52,59.59,1.0,SetByAsk
2025-12-16 12:15:52,2025-12-16T12:15:52,59.59,1.0,"SetByAsk, Leg"
2025-12-16 12:15:52,2025-12-16T12:15:52,59.59,2.0,"SetByAsk, Leg"
2025-12-16 12:15:59,2025-12-16T12:15:59,59.58,3.0,SetByAsk
2025-12-16 12:15:59,2025-12-16T12:15:59,59.58,4.0,SetByAsk
2025-12-16 12:15:59,2025-12-16T12:15:59,59.58,1.0,SetByAsk
2025-12-16 12:15:59,2025-12-16T12:15:59,59.58,2.0,SetByAsk
2025-12-16 12:15:59,2025-12-16T12:15:59,59.58,4.0,SetByAsk
2025-12-16 12:16:22,2025-12-16T12:16:22,59.6,1.0,SetByBid
2025-12-16 12:16:32,2025-12-16T12:16:32,59.6,2.0,SetByBid
2025-12-16 12:16:34,2025-12-16T12:16:34,59.6,1.0,SetByBid
2025-12-16 12:16:34,2025-12-16T12:16:34,59.6,1.0,SetByBid
2025-12-16 12:16:43,2025-12-16T12:16:43,59.6,1.0,SetByBid
2025-12-16 12:16:43,2025-12-16T12:16:43,59.6,17.0,SetByBid
2025-12-16 12:16:43,2025-12-16T12:16:43,59.6,1.0,SetByBid
2025-12-16 12:16:43,2025-12-16T12:16:43,59.6,2.0,SetByBid
2025-12-16 12:16:43,2025-12-16T12:16:43,59.61,1.0,SetByBid
2025-12-16 12:16:51,2025-12-16T12:16:51,59.61,1.0,SetByAsk
2025-12-16 12:16:55,2025-12-16T12:16:55,59.61,1.0,SetByBid
2025-12-16 12:16:58,2025-12-16T12:16:58,59.62,1.0,SetByBid
2025-12-16 12:16:58,2025-12-16T12:16:58,59.62,1.0,SetByBid
2025-12-16 12:16:58,2025-12-16T12:16:58,59.62,1.0,SetByBid
2025-12-16 12:16:58,2025-12-16T12:16:58,59.62,1.0,SetByBid
2025-12-16 12:17:00,2025-12-16T12:17:00,59.63,2.0,SetByAsk
2025-12-16 12:17:00,2025-12-16T12:17:00,59.65,1.0,SetByBid
2025-12-16 12:17:00,2025-12-16T12:17:00,59.65,1.0,SetByBid
2025-12-16 12:17:00,2025-12-16T12:17:00,59.65,1.0,SetByBid
2025-12-16 12:17:00,2025-12-16T12:17:00,59.65,1.0,SetByBid
2025-12-16 12:17:00,2025-12-16T12:17:00,59.65,1.0,SetByBid
2025-12-16 12:17:00,2025-12-16T12:17:00,59.64,1.0,SetByAsk
2025-12-16 12:17:00,2025-12-16T12:17:00,59.64,2.0,SetByAsk
2025-12-16 12:17:00,2025-12-16T12:17:00,59.64,1.0,SetByAsk
2025-12-16 12:17:11,2025-12-16T12:17:11,59.64,1.0,SetByBid
2025-12-16 12:17:44,2025-12-16T12:17:44,59.63,1.0,SetByBid
2025-12-16 12:17:46,2025-12-16T12:17:46,59.62,1.0,SetByBid
2025-12-16 12:18:14,2025-12-16T12:18:14,59.59,4.0,SetByAsk
2025-12-16 12:18:14,2025-12-16T12:18:14,59.59,12.0,SetByAsk
2025-12-16 12:18:14,2025-12-16T12:18:14,59.59,34.0,SetByAsk
2025-12-16 12:18:14,2025-12-16T12:18:14,59.59,9.0,SetByAsk
2025-12-16 12:18:42,2025-12-16T12:18:42,59.6,2.0,SetByBid
2025-12-16 12:19:32,2025-12-16T12:19:32,59.63,1.0,SetByBid
2025-12-16 12:20:59,2025-12-16T12:20:59,59.6,1.0,SetByBid
2025-12-16 12:21:17,2025-12-16T12:21:17,59.58,2.0,SetByBid
2025-12-16 12:21:17,2025-12-16T12:21:17,59.58,1.0,SetByBid
2025-12-16 12:22:22,2025-12-16T12:22:22,59.58,1.0,SetByAsk
2025-12-16 12:23:23,2025-12-16T12:23:23,59.6,3.0,SetByAsk
2025-12-16 12:23:23,2025-12-16T12:23:23,59.6,3.0,SetByAsk
2025-12-16 12:23:23,2025-12-16T12:23:23,59.6,1.0,SetByAsk
2025-12-16 12:23:23,2025-12-16T12:23:23,59.6,2.0,SetByAsk
2025-12-16 12:23:23,2025-12-16T12:23:23,59.6,3.0,SetByAsk
2025-12-16 12:23:23,2025-12-16T12:23:23,59.6,4.0,SetByAsk
2025-12-16 12:23:23,2025-12-16T12:23:23,59.6,1.0,SetByAsk
2025-12-16 12:23:24,2025-12-16T12:23:24,59.6,3.0,SetByAsk
2025-12-16 12:24:34,2025-12-16T12:24:34,59.58,1.0,SetByAsk
2025-12-16 12:24:34,2025-12-16T12:24:34,59.58,1.0,SetByAsk
2025-12-16 12:24:34,2025-12-16T12:24:34,59.58,1.0,SetByBid
2025-12-16 12:24:34,2025-12-16T12:24:34,59.58,1.0,SetByBid
2025-12-16 12:24:40,2025-12-16T12:24:40,59.58,1.0,SetByBid
2025-12-16 12:24:48,2025-12-16T12:24:48,59.57,1.0,SetByAsk
2025-12-16 12:24:53,2025-12-16T12:24:53,59.57,1.0,SetByAsk
2025-12-16 12:24:53,2025-12-16T12:24:53,59.58,1.0,SetByBid
2025-12-16 12:25:10,2025-12-16T12:25:10,59.59,1.0,SetByAsk
2025-12-16 12:25:11,2025-12-16T12:25:11,59.59,1.0,SetByAsk
2025-12-16 12:25:21,2025-12-16T12:25:21,59.59,1.0,SetByAsk
2025-12-16 12:25:34,2025-12-16T12:25:34,59.58,1.0,SetByAsk
2025-12-16 12:25:49,2025-12-16T12:25:49,59.58,1.0,SetByAsk
2025-12-16 12:26:05,2025-12-16T12:26:05,59.55,2.0,SetByBid
2025-12-16 12:26:06,2025-12-16T12:26:06,59.55,1.0,SetByBid
2025-12-16 12:26:17,2025-12-16T12:26:17,59.53,1.0,SetByAsk
2025-12-16 12:26:17,2025-12-16T12:26:17,59.53,1.0,SetByAsk
2025-12-16 12:26:17,2025-12-16T12:26:17,59.53,1.0,SetByAsk
2025-12-16 12:26:17,2025-12-16T12:26:17,59.53,1.0,SetByAsk
2025-12-16 12:26:17,2025-12-16T12:26:17,59.54,1.0,SetByAsk
2025-12-16 12:26:17,2025-12-16T12:26:17,59.54,1.0,SetByAsk
2025-12-16 12:26:17,2025-12-16T12:26:17,59.54,1.0,SetByAsk
2025-12-16 12:26:17,2025-12-16T12:26:17,59.54,1.0,SetByAsk
2025-12-16 12:26:17,2025-12-16T12:26:17,59.54,1.0,SetByAsk
2025-12-16 12:26:17,2025-12-16T12:26:17,59.54,1.0,SetByAsk
2025-12-16 12:26:17,2025-12-16T12:26:17,59.54,1.0,SetByAsk
2025-12-16 12:26:17,2025-12-16T12:26:17,59.54,1.0,SetByAsk
2025-12-16 12:26:17,2025-12-16T12:26:17,59.54,1.0,SetByAsk
2025-12-16 12:26:17,2025-12-16T12:26:17,59.54,1.0,SetByAsk
2025-12-16 12:26:17,2025-12-16T12:26:17,59.54,1.0,SetByAsk
2025-12-16 12:26:17,2025-12-16T12:26:17,59.54,1.0,SetByAsk
2025-12-16 12:26:17,2025-12-16T12:26:17,59.54,1.0,SetByAsk
2025-12-16 12:26:18,2025-12-16T12:26:18,59.54,1.0,SetByAsk
2025-12-16 12:26:18,2025-12-16T12:26:18,59.54,1.0,SetByAsk
2025-12-16 12:26:19,2025-12-16T12:26:19,59.54,1.0,SetByAsk
2025-12-16 12:26:19,2025-12-16T12:26:19,59.54,1.0,SetByAsk
2025-12-16 12:26:19,2025-12-16T12:26:19,59.54,1.0,SetByAsk
2025-12-16 12:26:20,2025-12-16T12:26:20,59.54,1.0,SetByAsk
2025-12-16 12:26:20,2025-12-16T12:26:20,59.54,1.0,SetByAsk
2025-12-16 12:26:20,2025-12-16T12:26:20,59.54,1.0,SetByAsk
2025-12-16 12:26:20,2025-12-16T12:26:20,59.54,2.0,SetByAsk
2025-12-16 12:26:22,2025-12-16T12:26:22,59.54,1.0,SetByAsk
2025-12-16 12:26:22,2025-12-16T12:26:22,59.54,1.0,SetByAsk
2025-12-16 12:26:22,2025-12-16T12:26:22,59.55,1.0,SetByBid
2025-12-16 12:26:22,2025-12-16T12:26:22,59.55,1.0,SetByBid
2025-12-16 12:26:23,2025-12-16T12:26:23,59.55,1.0,SetByBid
2025-12-16 12:26:34,2025-12-16T12:26:34,59.55,1.0,SetByAsk
2025-12-16 12:26:52,2025-12-16T12:26:52,59.55,2.0,SetByAsk
2025-12-16 12:26:53,2025-12-16T12:26:53,59.55,1.0,SetByAsk
2025-12-16 12:26:53,2025-12-16T12:26:53,59.55,1.0,SetByAsk
2025-12-16 12:26:53,2025-12-16T12:26:53,59.55,1.0,SetByBid
2025-12-16 12:26:53,2025-12-16T12:26:53,59.55,1.0,SetByAsk
2025-12-16 12:26:53,2025-12-16T12:26:53,59.55,1.0,SetByBid
2025-12-16 12:26:54,2025-12-16T12:26:54,59.55,1.0,SetByAsk
2025-12-16 12:26:54,2025-12-16T12:26:54,59.55,1.0,SetByAsk
2025-12-16 12:26:54,2025-12-16T12:26:54,59.55,1.0,SetByAsk
2025-12-16 12:26:54,2025-12-16T12:26:54,59.55,1.0,SetByAsk
2025-12-16 12:26:54,2025-12-16T12:26:54,59.55,1.0,SetByBid
2025-12-16 12:26:55,2025-12-16T12:26:55,59.55,1.0,SetByAsk
2025-12-16 12:26:55,2025-12-16T12:26:55,59.55,1.0,SetByAsk
2025-12-16 12:26:55,2025-12-16T12:26:55,59.55,1.0,SetByAsk
2025-12-16 12:26:55,2025-12-16T12:26:55,59.55,1.0,SetByAsk
2025-12-16 12:26:56,2025-12-16T12:26:56,59.55,1.0,SetByAsk
2025-12-16 12:26:56,2025-12-16T12:26:56,59.55,1.0,SetByAsk
2025-12-16 12:26:59,2025-12-16T12:26:59,59.55,1.0,SetByAsk
2025-12-16 12:26:59,2025-12-16T12:26:59,59.55,1.0,SetByAsk
2025-12-16 12:26:59,2025-12-16T12:26:59,59.55,1.0,SetByAsk
2025-12-16 12:26:59,2025-12-16T12:26:59,59.55,1.0,SetByAsk
2025-12-16 12:26:59,2025-12-16T12:26:59,59.55,1.0,SetByAsk
2025-12-16 12:26:59,2025-12-16T12:26:59,59.55,1.0,SetByAsk
2025-12-16 12:27:04,2025-12-16T12:27:04,59.55,1.0,SetByAsk
2025-12-16 12:27:04,2025-12-16T12:27:04,59.55,1.0,SetByAsk
2025-12-16 12:27:05,2025-12-16T12:27:05,59.55,1.0,SetByAsk
2025-12-16 12:27:07,2025-12-16T12:27:07,59.55,1.0,SetByAsk
2025-12-16 12:27:08,2025-12-16T12:27:08,59.55,2.0,SetByAsk
2025-12-16 12:27:09,2025-12-16T12:27:09,59.56,1.0,SetByAsk
2025-12-16 12:27:26,2025-12-16T12:27:26,59.54,1.0,SetByAsk
2025-12-16 12:27:26,2025-12-16T12:27:26,59.54,1.0,SetByAsk
2025-12-16 12:27:26,2025-12-16T12:27:26,59.54,1.0,SetByAsk
2025-12-16 12:27:26,2025-12-16T12:27:26,59.54,1.0,SetByAsk
2025-12-16 12:27:26,2025-12-16T12:27:26,59.53,1.0,SetByAsk
2025-12-16 12:27:26,2025-12-16T12:27:26,59.53,1.0,SetByAsk
2025-12-16 12:27:26,2025-12-16T12:27:26,59.53,1.0,SetByAsk
2025-12-16 12:27:26,2025-12-16T12:27:26,59.53,1.0,SetByAsk
2025-12-16 12:27:26,2025-12-16T12:27:26,59.53,1.0,SetByAsk
2025-12-16 12:27:26,2025-12-16T12:27:26,59.53,1.0,SetByAsk
2025-12-16 12:27:26,2025-12-16T12:27:26,59.53,2.0,SetByAsk
2025-12-16 12:27:26,2025-12-16T12:27:26,59.53,2.0,SetByAsk
2025-12-16 12:27:26,2025-12-16T12:27:26,59.54,2.0,SetByBid
2025-12-16 12:27:30,2025-12-16T12:27:30,59.54,1.0,SetByAsk
2025-12-16 12:27:30,2025-12-16T12:27:30,59.54,1.0,SetByAsk
2025-12-16 12:27:30,2025-12-16T12:27:30,59.54,1.0,SetByAsk
2025-12-16 12:27:30,2025-12-16T12:27:30,59.54,1.0,SetByAsk
2025-12-16 12:27:30,2025-12-16T12:27:30,59.54,1.0,SetByAsk
2025-12-16 12:27:30,2025-12-16T12:27:30,59.54,1.0,SetByAsk
2025-12-16 12:27:31,2025-12-16T12:27:31,59.54,1.0,SetByAsk
2025-12-16 12:27:31,2025-12-16T12:27:31,59.54,1.0,SetByAsk
2025-12-16 12:27:31,2025-12-16T12:27:31,59.54,1.0,SetByAsk
2025-12-16 12:27:31,2025-12-16T12:27:31,59.54,1.0,SetByAsk
2025-12-16 12:27:33,2025-12-16T12:27:33,59.54,1.0,SetByAsk
2025-12-16 12:27:33,2025-12-16T12:27:33,59.54,1.0,SetByAsk
2025-12-16 12:27:33,2025-12-16T12:27:33,59.54,2.0,SetByAsk
2025-12-16 12:27:33,2025-12-16T12:27:33,59.54,1.0,SetByAsk
2025-12-16 12:27:33,2025-12-16T12:27:33,59.54,1.0,SetByAsk
2025-12-16 12:27:33,2025-12-16T12:27:33,59.54,1.0,SetByAsk
2025-12-16 12:27:33,2025-12-16T12:27:33,59.54,1.0,SetByAsk
2025-12-16 12:27:33,2025-12-16T12:27:33,59.54,1.0,SetByAsk
2025-12-16 12:27:33,2025-12-16T12:27:33,59.54,1.0,SetByAsk
2025-12-16 12:27:33,2025-12-16T12:27:33,59.54,1.0,SetByAsk
2025-12-16 12:27:33,2025-12-16T12:27:33,59.54,1.0,SetByAsk
2025-12-16 12:27:33,2025-12-16T12:27:33,59.54,1.0,SetByAsk
2025-12-16 12:27:33,2025-12-16T12:27:33,59.54,1.0,SetByAsk
2025-12-16 12:27:34,2025-12-16T12:27:34,59.54,1.0,SetByAsk
2025-12-16 12:27:34,2025-12-16T12:27:34,59.54,1.0,SetByAsk
2025-12-16 12:27:34,2025-12-16T12:27:34,59.54,1.0,SetByAsk
2025-12-16 12:27:34,2025-12-16T12:27:34,59.54,1.0,SetByAsk
2025-12-16 12:27:36,2025-12-16T12:27:36,59.54,1.0,SetByAsk
2025-12-16 12:27:37,2025-12-16T12:27:37,59.54,1.0,SetByAsk
2025-12-16 12:27:49,2025-12-16T12:27:49,59.54,1.0,SetByBid
2025-12-16 12:27:49,2025-12-16T12:27:49,59.54,1.0,SetByBid
2025-12-16 12:27:49,2025-12-16T12:27:49,59.54,1.0,SetByBid
2025-12-16 12:27:49,2025-12-16T12:27:49,59.54,1.0,SetByBid
2025-12-16 12:27:50,2025-12-16T12:27:50,59.54,1.0,SetByBid
2025-12-16 12:27:50,2025-12-16T12:27:50,59.54,1.0,SetByBid
2025-12-16 12:27:51,2025-12-16T12:27:51,59.54,1.0,SetByBid
2025-12-16 12:27:51,2025-12-16T12:27:51,59.54,1.0,SetByBid
2025-12-16 12:27:53,2025-12-16T12:27:53,59.54,1.0,SetByAsk
2025-12-16 12:27:53,2025-12-16T12:27:53,59.54,1.0,SetByAsk
2025-12-16 12:27:57,2025-12-16T12:27:57,59.55,1.0,SetByAsk
2025-12-16 12:27:57,2025-12-16T12:27:57,59.55,1.0,SetByAsk
2025-12-16 12:28:00,2025-12-16T12:28:00,59.55,1.0,SetByAsk
2025-12-16 12:28:00,2025-12-16T12:28:00,59.55,1.0,SetByAsk
2025-12-16 12:28:01,2025-12-16T12:28:01,59.55,2.0,SetByAsk
2025-12-16 12:28:02,2025-12-16T12:28:02,59.55,2.0,SetByAsk
2025-12-16 12:28:02,2025-12-16T12:28:02,59.55,1.0,SetByAsk
2025-12-16 12:28:03,2025-12-16T12:28:03,59.55,1.0,SetByAsk
2025-12-16 12:28:03,2025-12-16T12:28:03,59.55,1.0,SetByAsk
2025-12-16 12:28:03,2025-12-16T12:28:03,59.55,1.0,SetByAsk
2025-12-16 12:28:03,2025-12-16T12:28:03,59.55,1.0,SetByAsk
2025-12-16 12:28:03,2025-12-16T12:28:03,59.55,1.0,SetByAsk
2025-12-16 12:28:03,2025-12-16T12:28:03,59.55,1.0,SetByAsk
2025-12-16 12:28:03,2025-12-16T12:28:03,59.55,1.0,SetByAsk
2025-12-16 12:28:03,2025-12-16T12:28:03,59.55,1.0,SetByAsk
2025-12-16 12:28:04,2025-12-16T12:28:04,59.55,1.0,SetByAsk
2025-12-16 12:28:04,2025-12-16T12:28:04,59.55,1.0,SetByAsk
2025-12-16 12:28:04,2025-12-16T12:28:04,59.55,1.0,SetByAsk
2025-12-16 12:28:04,2025-12-16T12:28:04,59.55,1.0,SetByAsk
2025-12-16 12:28:05,2025-12-16T12:28:05,59.55,1.0,SetByAsk
2025-12-16 12:28:05,2025-12-16T12:28:05,59.55,1.0,SetByAsk
2025-12-16 12:28:06,2025-12-16T12:28:06,59.55,1.0,SetByAsk
2025-12-16 12:28:07,2025-12-16T12:28:07,59.55,1.0,SetByAsk
2025-12-16 12:28:07,2025-12-16T12:28:07,59.55,1.0,SetByBid
2025-12-16 12:28:07,2025-12-16T12:28:07,59.56,1.0,SetByBid
2025-12-16 12:28:07,2025-12-16T12:28:07,59.56,1.0,SetByBid
2025-12-16 12:28:07,2025-12-16T12:28:07,59.56,1.0,SetByBid
2025-12-16 12:28:07,2025-12-16T12:28:07,59.56,1.0,SetByBid
2025-12-16 12:28:08,2025-12-16T12:28:08,59.56,1.0,SetByBid
2025-12-16 12:28:08,2025-12-16T12:28:08,59.56,1.0,SetByBid
2025-12-16 12:28:08,2025-12-16T12:28:08,59.56,1.0,SetByBid
2025-12-16 12:28:10,2025-12-16T12:28:10,59.56,1.0,SetByBid
2025-12-16 12:28:10,2025-12-16T12:28:10,59.56,1.0,SetByBid
2025-12-16 12:28:10,2025-12-16T12:28:10,59.56,1.0,SetByAsk
2025-12-16 12:28:10,2025-12-16T12:28:10,59.56,1.0,SetByAsk
2025-12-16 12:28:10,2025-12-16T12:28:10,59.56,1.0,SetByAsk
2025-12-16 12:28:10,2025-12-16T12:28:10,59.56,1.0,SetByAsk
2025-12-16 12:28:10,2025-12-16T12:28:10,59.56,1.0,SetByAsk
2025-12-16 12:28:10,2025-12-16T12:28:10,59.56,1.0,SetByAsk
2025-12-16 12:28:10,2025-12-16T12:28:10,59.56,1.0,SetByAsk
2025-12-16 12:28:10,2025-12-16T12:28:10,59.56,1.0,SetByBid
2025-12-16 12:28:10,2025-12-16T12:28:10,59.56,1.0,SetByBid
2025-12-16 12:28:10,2025-12-16T12:28:10,59.56,1.0,SetByBid
2025-12-16 12:28:11,2025-12-16T12:28:11,59.56,1.0,SetByBid
2025-12-16 12:28:11,2025-12-16T12:28:11,59.56,1.0,SetByAsk
2025-12-16 12:28:11,2025-12-16T12:28:11,59.56,1.0,SetByAsk
2025-12-16 12:28:11,2025-12-16T12:28:11,59.56,1.0,SetByAsk
2025-12-16 12:28:11,2025-12-16T12:28:11,59.56,1.0,SetByAsk
2025-12-16 12:28:11,2025-12-16T12:28:11,59.56,1.0,SetByAsk
2025-12-16 12:28:11,2025-12-16T12:28:11,59.56,1.0,SetByAsk
2025-12-16 12:28:11,2025-12-16T12:28:11,59.56,1.0,SetByAsk
2025-12-16 12:28:11,2025-12-16T12:28:11,59.56,1.0,SetByAsk
2025-12-16 12:28:11,2025-12-16T12:28:11,59.56,1.0,SetByAsk
2025-12-16 12:28:11,2025-12-16T12:28:11,59.56,1.0,SetByAsk
2025-12-16 12:28:11,2025-12-16T12:28:11,59.56,1.0,SetByAsk
2025-12-16 12:28:12,2025-12-16T12:28:12,59.56,1.0,SetByAsk
2025-12-16 12:28:12,2025-12-16T12:28:12,59.56,1.0,SetByAsk
2025-12-16 12:28:12,2025-12-16T12:28:12,59.56,1.0,SetByAsk
2025-12-16 12:28:12,2025-12-16T12:28:12,59.56,1.0,SetByAsk
2025-12-16 12:28:13,2025-12-16T12:28:13,59.56,1.0,SetByAsk
2025-12-16 12:28:13,2025-12-16T12:28:13,59.56,1.0,SetByAsk
2025-12-16 12:28:13,2025-12-16T12:28:13,59.56,1.0,SetByAsk
2025-12-16 12:28:13,2025-12-16T12:28:13,59.57,1.0,SetByAsk
2025-12-16 12:28:13,2025-12-16T12:28:13,59.56,1.0,SetByAsk
2025-12-16 12:28:13,2025-12-16T12:28:13,59.56,1.0,SetByAsk
2025-12-16 12:28:13,2025-12-16T12:28:13,59.56,1.0,SetByAsk
2025-12-16 12:28:13,2025-12-16T12:28:13,59.56,1.0,SetByAsk
2025-12-16 12:28:13,2025-12-16T12:28:13,59.56,1.0,SetByAsk
2025-12-16 12:28:13,2025-12-16T12:28:13,59.56,1.0,SetByAsk
2025-12-16 12:28:13,2025-12-16T12:28:13,59.56,1.0,SetByAsk
2025-12-16 12:28:13,2025-12-16T12:28:13,59.56,1.0,SetByAsk
2025-12-16 12:28:13,2025-12-16T12:28:13,59.56,1.0,SetByAsk
2025-12-16 12:28:13,2025-12-16T12:28:13,59.56,1.0,SetByAsk
2025-12-16 12:28:13,2025-12-16T12:28:13,59.56,1.0,SetByAsk
2025-12-16 12:28:13,2025-12-16T12:28:13,59.56,1.0,SetByAsk
2025-12-16 12:28:13,2025-12-16T12:28:13,59.56,1.0,SetByAsk
2025-12-16 12:28:13,2025-12-16T12:28:13,59.56,1.0,SetByAsk
2025-12-16 12:28:13,2025-12-16T12:28:13,59.56,1.0,SetByAsk
2025-12-16 12:28:13,2025-12-16T12:28:13,59.56,1.0,SetByAsk
2025-12-16 12:28:13,2025-12-16T12:28:13,59.56,1.0,SetByAsk
2025-12-16 12:28:13,2025-12-16T12:28:13,59.56,1.0,SetByAsk
2025-12-16 12:28:13,2025-12-16T12:28:13,59.56,1.0,SetByAsk
2025-12-16 12:28:13,2025-12-16T12:28:13,59.56,1.0,SetByAsk
2025-12-16 12:28:13,2025-12-16T12:28:13,59.56,1.0,SetByAsk
2025-12-16 12:28:13,2025-12-16T12:28:13,59.56,1.0,SetByAsk
2025-12-16 12:28:13,2025-12-16T12:28:13,59.56,1.0,SetByAsk
2025-12-16 12:28:13,2025-12-16T12:28:13,59.56,1.0,SetByAsk
2025-12-16 12:28:13,2025-12-16T12:28:13,59.56,1.0,SetByAsk
2025-12-16 12:28:13,2025-12-16T12:28:13,59.56,1.0,SetByAsk
2025-12-16 12:28:13,2025-12-16T12:28:13,59.56,1.0,SetByAsk
2025-12-16 12:28:13,2025-12-16T12:28:13,59.56,1.0,SetByAsk
2025-12-16 12:28:13,2025-12-16T12:28:13,59.56,1.0,SetByAsk
2025-12-16 12:28:13,2025-12-16T12:28:13,59.56,1.0,SetByAsk
2025-12-16 12:28:13,2025-12-16T12:28:13,59.56,1.0,SetByAsk
2025-12-16 12:28:13,2025-12-16T12:28:13,59.56,1.0,SetByAsk
2025-12-16 12:28:13,2025-12-16T12:28:13,59.56,1.0,SetByAsk
2025-12-16 12:28:13,2025-12-16T12:28:13,59.56,1.0,SetByAsk
2025-12-16 12:28:13,2025-12-16T12:28:13,59.56,1.0,SetByAsk
2025-12-16 12:28:13,2025-12-16T12:28:13,59.56,1.0,SetByAsk
2025-12-16 12:28:13,2025-12-16T12:28:13,59.56,1.0,SetByAsk
2025-12-16 12:28:13,2025-12-16T12:28:13,59.56,1.0,SetByAsk
2025-12-16 12:28:13,2025-12-16T12:28:13,59.56,1.0,SetByAsk
2025-12-16 12:28:13,2025-12-16T12:28:13,59.56,1.0,SetByAsk
2025-12-16 12:28:13,2025-12-16T12:28:13,59.56,1.0,SetByAsk
2025-12-16 12:28:13,2025-12-16T12:28:13,59.56,1.0,SetByAsk
2025-12-16 12:28:13,2025-12-16T12:28:13,59.56,1.0,SetByAsk
2025-12-16 12:28:13,2025-12-16T12:28:13,59.56,1.0,SetByAsk
2025-12-16 12:28:13,2025-12-16T12:28:13,59.56,1.0,SetByAsk
2025-12-16 12:28:13,2025-12-16T12:28:13,59.56,1.0,SetByAsk
2025-12-16 12:28:13,2025-12-16T12:28:13,59.56,1.0,SetByAsk
2025-12-16 12:28:13,2025-12-16T12:28:13,59.56,1.0,SetByAsk
2025-12-16 12:28:13,2025-12-16T12:28:13,59.56,1.0,SetByAsk
2025-12-16 12:28:13,2025-12-16T12:28:13,59.56,1.0,SetByAsk
2025-12-16 12:28:13,2025-12-16T12:28:13,59.56,1.0,SetByAsk
2025-12-16 12:28:13,2025-12-16T12:28:13,59.56,1.0,SetByAsk
2025-12-16 12:28:13,2025-12-16T12:28:13,59.56,1.0,SetByAsk
2025-12-16 12:28:13,2025-12-16T12:28:13,59.56,1.0,SetByAsk
2025-12-16 12:28:13,2025-12-16T12:28:13,59.56,1.0,SetByAsk
2025-12-16 12:28:13,2025-12-16T12:28:13,59.56,1.0,SetByAsk
2025-12-16 12:28:13,2025-12-16T12:28:13,59.56,1.0,SetByAsk
2025-12-16 12:28:13,2025-12-16T12:28:13,59.56,1.0,SetByAsk
2025-12-16 12:28:13,2025-12-16T12:28:13,59.56,1.0,SetByAsk
2025-12-16 12:28:13,2025-12-16T12:28:13,59.56,1.0,SetByAsk
2025-12-16 12:28:13,2025-12-16T12:28:13,59.56,1.0,SetByAsk
2025-12-16 12:28:13,2025-12-16T12:28:13,59.56,1.0,SetByAsk
2025-12-16 12:28:13,2025-12-16T12:28:13,59.56,1.0,SetByAsk
2025-12-16 12:28:13,2025-12-16T12:28:13,59.56,1.0,SetByAsk
2025-12-16 12:28:13,2025-12-16T12:28:13,59.56,1.0,SetByAsk
2025-12-16 12:28:13,2025-12-16T12:28:13,59.56,1.0,SetByAsk
2025-12-16 12:28:13,2025-12-16T12:28:13,59.56,1.0,SetByAsk
2025-12-16 12:28:13,2025-12-16T12:28:13,59.56,1.0,SetByAsk
2025-12-16 12:28:13,2025-12-16T12:28:13,59.56,1.0,SetByAsk
2025-12-16 12:28:13,2025-12-16T12:28:13,59.56,1.0,SetByAsk
2025-12-16 12:28:13,2025-12-16T12:28:13,59.55,1.0,SetByAsk
2025-12-16 12:28:13,2025-12-16T12:28:13,59.55,1.0,SetByAsk
2025-12-16 12:28:13,2025-12-16T12:28:13,59.55,1.0,SetByAsk
2025-12-16 12:28:13,2025-12-16T12:28:13,59.55,1.0,SetByAsk
2025-12-16 12:28:13,2025-12-16T12:28:13,59.55,1.0,SetByAsk
2025-12-16 12:28:13,2025-12-16T12:28:13,59.55,1.0,SetByAsk
2025-12-16 12:28:13,2025-12-16T12:28:13,59.55,1.0,SetByAsk
2025-12-16 12:28:13,2025-12-16T12:28:13,59.55,1.0,SetByAsk
2025-12-16 12:28:13,2025-12-16T12:28:13,59.55,1.0,SetByAsk
2025-12-16 12:28:13,2025-12-16T12:28:13,59.55,1.0,SetByAsk
2025-12-16 12:28:13,2025-12-16T12:28:13,59.55,1.0,SetByAsk
2025-12-16 12:28:13,2025-12-16T12:28:13,59.55,1.0,SetByAsk
2025-12-16 12:28:13,2025-12-16T12:28:13,59.55,1.0,SetByAsk
2025-12-16 12:28:13,2025-12-16T12:28:13,59.55,1.0,SetByAsk
2025-12-16 12:28:13,2025-12-16T12:28:13,59.55,1.0,SetByAsk
2025-12-16 12:28:13,2025-12-16T12:28:13,59.55,1.0,SetByAsk
2025-12-16 12:28:13,2025-12-16T12:28:13,59.55,1.0,SetByAsk
2025-12-16 12:28:13,2025-12-16T12:28:13,59.55,1.0,SetByAsk
2025-12-16 12:28:13,2025-12-16T12:28:13,59.55,1.0,SetByAsk
2025-12-16 12:28:13,2025-12-16T12:28:13,59.55,1.0,SetByAsk
2025-12-16 12:28:13,2025-12-16T12:28:13,59.55,1.0,SetByAsk
2025-12-16 12:28:13,2025-12-16T12:28:13,59.56,1.0,SetByAsk
2025-12-16 12:28:13,2025-12-16T12:28:13,59.56,1.0,SetByAsk
2025-12-16 12:28:13,2025-12-16T12:28:13,59.56,1.0,SetByAsk
2025-12-16 12:28:13,2025-12-16T12:28:13,59.56,1.0,SetByAsk
2025-12-16 12:28:13,2025-12-16T12:28:13,59.56,1.0,SetByAsk
2025-12-16 12:28:13,2025-12-16T12:28:13,59.56,1.0,SetByAsk
2025-12-16 12:28:13,2025-12-16T12:28:13,59.56,1.0,SetByAsk
2025-12-16 12:28:13,2025-12-16T12:28:13,59.56,1.0,SetByAsk
2025-12-16 12:28:13,2025-12-16T12:28:13,59.56,1.0,SetByAsk
2025-12-16 12:28:13,2025-12-16T12:28:13,59.55,1.0,SetByAsk
2025-12-16 12:28:13,2025-12-16T12:28:13,59.55,1.0,SetByAsk
2025-12-16 12:28:13,2025-12-16T12:28:13,59.55,1.0,SetByAsk
2025-12-16 12:28:13,2025-12-16T12:28:13,59.55,1.0,SetByAsk
2025-12-16 12:28:13,2025-12-16T12:28:13,59.55,1.0,SetByAsk
2025-12-16 12:28:22,2025-12-16T12:28:22,59.56,1.0,SetByBid
2025-12-16 12:28:22,2025-12-16T12:28:22,59.56,1.0,SetByAsk
2025-12-16 12:28:22,2025-12-16T12:28:22,59.56,1.0,SetByAsk
2025-12-16 12:28:22,2025-12-16T12:28:22,59.56,1.0,SetByAsk
2025-12-16 12:28:22,2025-12-16T12:28:22,59.56,1.0,SetByAsk
2025-12-16 12:28:22,2025-12-16T12:28:22,59.56,1.0,SetByAsk
2025-12-16 12:28:23,2025-12-16T12:28:23,59.56,1.0,SetByAsk
2025-12-16 12:28:23,2025-12-16T12:28:23,59.55,1.0,SetByAsk
2025-12-16 12:28:24,2025-12-16T12:28:24,59.55,1.0,SetByAsk
2025-12-16 12:28:24,2025-12-16T12:28:24,59.55,1.0,SetByAsk
2025-12-16 12:28:24,2025-12-16T12:28:24,59.55,1.0,SetByAsk
2025-12-16 12:28:24,2025-12-16T12:28:24,59.55,1.0,SetByAsk
2025-12-16 12:28:24,2025-12-16T12:28:24,59.55,1.0,SetByAsk
2025-12-16 12:28:29,2025-12-16T12:28:29,59.55,1.0,SetByAsk
2025-12-16 12:28:29,2025-12-16T12:28:29,59.55,1.0,SetByAsk
2025-12-16 12:28:29,2025-12-16T12:28:29,59.55,1.0,SetByAsk
2025-12-16 12:28:29,2025-12-16T12:28:29,59.55,1.0,SetByAsk
2025-12-16 12:28:29,2025-12-16T12:28:29,59.55,1.0,SetByAsk
2025-12-16 12:28:29,2025-12-16T12:28:29,59.55,1.0,SetByAsk
2025-12-16 12:28:29,2025-12-16T12:28:29,59.55,1.0,SetByAsk
2025-12-16 12:28:29,2025-12-16T12:28:29,59.55,1.0,SetByAsk
2025-12-16 12:28:29,2025-12-16T12:28:29,59.55,1.0,SetByAsk
2025-12-16 12:28:29,2025-12-16T12:28:29,59.55,1.0,SetByAsk
2025-12-16 12:28:29,2025-12-16T12:28:29,59.55,1.0,SetByAsk
2025-12-16 12:28:29,2025-12-16T12:28:29,59.55,1.0,SetByAsk
2025-12-16 12:28:29,2025-12-16T12:28:29,59.55,1.0,SetByAsk
2025-12-16 12:28:29,2025-12-16T12:28:29,59.55,1.0,SetByAsk
2025-12-16 12:28:29,2025-12-16T12:28:29,59.55,2.0,SetByAsk
2025-12-16 12:28:29,2025-12-16T12:28:29,59.55,1.0,SetByAsk
2025-12-16 12:28:29,2025-12-16T12:28:29,59.55,1.0,SetByAsk
2025-12-16 12:28:29,2025-12-16T12:28:29,59.55,2.0,SetByAsk
2025-12-16 12:28:29,2025-12-16T12:28:29,59.55,2.0,SetByAsk
2025-12-16 12:28:29,2025-12-16T12:28:29,59.55,2.0,SetByAsk
2025-12-16 12:28:29,2025-12-16T12:28:29,59.55,1.0,SetByAsk
2025-12-16 12:28:29,2025-12-16T12:28:29,59.55,1.0,SetByAsk
2025-12-16 12:28:29,2025-12-16T12:28:29,59.55,2.0,SetByAsk
2025-12-16 12:28:29,2025-12-16T12:28:29,59.55,2.0,SetByAsk
2025-12-16 12:28:29,2025-12-16T12:28:29,59.55,1.0,SetByAsk
2025-12-16 12:28:29,2025-12-16T12:28:29,59.55,1.0,SetByAsk
2025-12-16 12:28:29,2025-12-16T12:28:29,59.55,1.0,SetByAsk
2025-12-16 12:28:29,2025-12-16T12:28:29,59.55,1.0,SetByAsk
2025-12-16 12:28:29,2025-12-16T12:28:29,59.55,1.0,SetByAsk
2025-12-16 12:28:29,2025-12-16T12:28:29,59.55,1.0,SetByAsk
2025-12-16 12:28:29,2025-12-16T12:28:29,59.55,1.0,SetByAsk
2025-12-16 12:28:29,2025-12-16T12:28:29,59.54,2.0,SetByAsk
2025-12-16 12:28:29,2025-12-16T12:28:29,59.54,1.0,SetByAsk
2025-12-16 12:28:29,2025-12-16T12:28:29,59.54,1.0,SetByAsk
2025-12-16 12:28:29,2025-12-16T12:28:29,59.54,2.0,SetByAsk
2025-12-16 12:28:29,2025-12-16T12:28:29,59.54,1.0,SetByAsk
2025-12-16 12:28:29,2025-12-16T12:28:29,59.54,1.0,SetByAsk
2025-12-16 12:28:29,2025-12-16T12:28:29,59.54,1.0,SetByAsk
2025-12-16 12:28:29,2025-12-16T12:28:29,59.54,1.0,SetByAsk
2025-12-16 12:28:29,2025-12-16T12:28:29,59.54,1.0,SetByAsk
2025-12-16 12:28:29,2025-12-16T12:28:29,59.54,1.0,SetByAsk
2025-12-16 12:28:30,2025-12-16T12:28:30,59.54,1.0,SetByAsk
2025-12-16 12:28:30,2025-12-16T12:28:30,59.54,1.0,SetByAsk
2025-12-16 12:28:31,2025-12-16T12:28:31,59.54,1.0,SetByAsk
2025-12-16 12:28:31,2025-12-16T12:28:31,59.54,1.0,SetByAsk
2025-12-16 12:28:41,2025-12-16T12:28:41,59.57,1.0,SetByAsk
2025-12-16 12:28:47,2025-12-16T12:28:47,59.57,1.0,SetByAsk
2025-12-16 12:28:48,2025-12-16T12:28:48,59.57,1.0,SetByAsk
2025-12-16 12:28:48,2025-12-16T12:28:48,59.57,1.0,SetByAsk
2025-12-16 12:28:48,2025-12-16T12:28:48,59.57,1.0,SetByAsk
2025-12-16 12:28:48,2025-12-16T12:28:48,59.57,1.0,SetByAsk
2025-12-16 12:28:48,2025-12-16T12:28:48,59.57,1.0,SetByAsk
2025-12-16 12:28:48,2025-12-16T12:28:48,59.57,1.0,SetByAsk
2025-12-16 12:28:48,2025-12-16T12:28:48,59.57,1.0,SetByAsk
2025-12-16 12:28:48,2025-12-16T12:28:48,59.57,1.0,SetByAsk
2025-12-16 12:28:48,2025-12-16T12:28:48,59.57,1.0,SetByAsk
2025-12-16 12:28:48,2025-12-16T12:28:48,59.57,1.0,SetByAsk
2025-12-16 12:28:48,2025-12-16T12:28:48,59.57,1.0,SetByAsk
2025-12-16 12:28:48,2025-12-16T12:28:48,59.57,1.0,SetByAsk
2025-12-16 12:28:48,2025-12-16T12:28:48,59.57,1.0,SetByAsk
2025-12-16 12:28:48,2025-12-16T12:28:48,59.57,1.0,SetByAsk
2025-12-16 12:28:48,2025-12-16T12:28:48,59.57,1.0,SetByAsk
2025-12-16 12:28:48,2025-12-16T12:28:48,59.57,1.0,SetByAsk
2025-12-16 12:28:48,2025-12-16T12:28:48,59.57,1.0,SetByAsk
2025-12-16 12:28:48,2025-12-16T12:28:48,59.57,1.0,SetByAsk
2025-12-16 12:28:48,2025-12-16T12:28:48,59.57,1.0,SetByAsk
2025-12-16 12:28:48,2025-12-16T12:28:48,59.57,1.0,SetByAsk
2025-12-16 12:28:48,2025-12-16T12:28:48,59.57,1.0,SetByAsk
2025-12-16 12:28:48,2025-12-16T12:28:48,59.57,1.0,SetByBid
2025-12-16 12:28:49,2025-12-16T12:28:49,59.57,1.0,SetByAsk
2025-12-16 12:28:49,2025-12-16T12:28:49,59.57,1.0,SetByAsk
2025-12-16 12:28:49,2025-12-16T12:28:49,59.57,1.0,SetByAsk
2025-12-16 12:28:49,2025-12-16T12:28:49,59.57,1.0,SetByAsk
2025-12-16 12:28:49,2025-12-16T12:28:49,59.57,1.0,SetByAsk
2025-12-16 12:28:50,2025-12-16T12:28:50,59.57,1.0,SetByAsk
2025-12-16 12:28:50,2025-12-16T12:28:50,59.57,1.0,SetByAsk
2025-12-16 12:28:50,2025-12-16T12:28:50,59.57,1.0,SetByAsk
2025-12-16 12:28:50,2025-12-16T12:28:50,59.57,1.0,SetByAsk
2025-12-16 12:28:50,2025-12-16T12:28:50,59.57,1.0,SetByAsk
2025-12-16 12:28:50,2025-12-16T12:28:50,59.57,1.0,SetByAsk
2025-12-16 12:28:50,2025-12-16T12:28:50,59.57,1.0,SetByAsk
2025-12-16 12:28:50,2025-12-16T12:28:50,59.57,1.0,SetByAsk
2025-12-16 12:28:50,2025-12-16T12:28:50,59.57,1.0,SetByAsk
2025-12-16 12:28:51,2025-12-16T12:28:51,59.57,1.0,SetByAsk
2025-12-16 12:28:51,2025-12-16T12:28:51,59.57,1.0,SetByAsk
2025-12-16 12:28:51,2025-12-16T12:28:51,59.57,1.0,SetByAsk
2025-12-16 12:28:51,2025-12-16T12:28:51,59.57,1.0,SetByAsk
2025-12-16 12:28:51,2025-12-16T12:28:51,59.57,1.0,SetByAsk
2025-12-16 12:28:51,2025-12-16T12:28:51,59.57,1.0,SetByAsk
2025-12-16 12:28:51,2025-12-16T12:28:51,59.57,1.0,SetByAsk
2025-12-16 12:28:51,2025-12-16T12:28:51,59.57,1.0,SetByAsk
2025-12-16 12:28:51,2025-12-16T12:28:51,59.57,1.0,SetByAsk
2025-12-16 12:28:51,2025-12-16T12:28:51,59.57,1.0,SetByAsk
2025-12-16 12:28:51,2025-12-16T12:28:51,59.57,1.0,SetByAsk
2025-12-16 12:28:51,2025-12-16T12:28:51,59.57,1.0,SetByAsk
2025-12-16 12:28:51,2025-12-16T12:28:51,59.57,1.0,SetByAsk
2025-12-16 12:28:51,2025-12-16T12:28:51,59.57,1.0,SetByAsk
2025-12-16 12:28:51,2025-12-16T12:28:51,59.57,1.0,SetByAsk
2025-12-16 12:28:51,2025-12-16T12:28:51,59.57,1.0,SetByAsk
2025-12-16 12:28:51,2025-12-16T12:28:51,59.57,1.0,SetByAsk
2025-12-16 12:28:51,2025-12-16T12:28:51,59.57,1.0,SetByAsk
2025-12-16 12:28:51,2025-12-16T12:28:51,59.57,1.0,SetByAsk
2025-12-16 12:28:51,2025-12-16T12:28:51,59.57,1.0,SetByAsk
2025-12-16 12:28:51,2025-12-16T12:28:51,59.57,1.0,SetByBid
2025-12-16 12:28:52,2025-12-16T12:28:52,59.57,1.0,SetByBid
2025-12-16 12:28:52,2025-12-16T12:28:52,59.57,1.0,SetByAsk
2025-12-16 12:28:52,2025-12-16T12:28:52,59.57,1.0,SetByAsk
2025-12-16 12:28:52,2025-12-16T12:28:52,59.57,1.0,SetByAsk
2025-12-16 12:28:52,2025-12-16T12:28:52,59.57,1.0,SetByAsk
2025-12-16 12:28:52,2025-12-16T12:28:52,59.57,1.0,SetByAsk
2025-12-16 12:28:52,2025-12-16T12:28:52,59.57,1.0,SetByAsk
2025-12-16 12:28:52,2025-12-16T12:28:52,59.57,1.0,SetByAsk
2025-12-16 12:28:52,2025-12-16T12:28:52,59.57,1.0,SetByAsk
2025-12-16 12:28:52,2025-12-16T12:28:52,59.57,1.0,SetByAsk
2025-12-16 12:28:52,2025-12-16T12:28:52,59.57,1.0,SetByAsk
2025-12-16 12:28:52,2025-12-16T12:28:52,59.57,1.0,SetByAsk
2025-12-16 12:28:52,2025-12-16T12:28:52,59.57,1.0,SetByAsk
2025-12-16 12:28:52,2025-12-16T12:28:52,59.57,1.0,SetByAsk
2025-12-16 12:28:52,2025-12-16T12:28:52,59.57,1.0,SetByAsk
2025-12-16 12:28:52,2025-12-16T12:28:52,59.57,1.0,SetByAsk
2025-12-16 12:28:52,2025-12-16T12:28:52,59.57,1.0,SetByAsk
2025-12-16 12:28:52,2025-12-16T12:28:52,59.57,1.0,SetByAsk
2025-12-16 12:28:52,2025-12-16T12:28:52,59.57,1.0,SetByAsk
2025-12-16 12:28:52,2025-12-16T12:28:52,59.57,1.0,SetByAsk
2025-12-16 12:28:52,2025-12-16T12:28:52,59.57,1.0,SetByAsk
2025-12-16 12:28:52,2025-12-16T12:28:52,59.57,1.0,SetByAsk
2025-12-16 12:28:52,2025-12-16T12:28:52,59.57,1.0,SetByAsk
2025-12-16 12:28:52,2025-12-16T12:28:52,59.57,1.0,SetByAsk
2025-12-16 12:28:52,2025-12-16T12:28:52,59.57,1.0,SetByAsk
2025-12-16 12:28:52,2025-12-16T12:28:52,59.57,1.0,SetByAsk
2025-12-16 12:28:52,2025-12-16T12:28:52,59.57,1.0,SetByAsk
2025-12-16 12:28:52,2025-12-16T12:28:52,59.57,1.0,SetByAsk
2025-12-16 12:28:52,2025-12-16T12:28:52,59.57,1.0,SetByAsk
2025-12-16 12:28:52,2025-12-16T12:28:52,59.57,1.0,SetByAsk
2025-12-16 12:28:52,2025-12-16T12:28:52,59.57,1.0,SetByAsk
2025-12-16 12:28:52,2025-12-16T12:28:52,59.57,1.0,SetByAsk
2025-12-16 12:28:52,2025-12-16T12:28:52,59.57,1.0,SetByAsk
2025-12-16 12:28:52,2025-12-16T12:28:52,59.57,1.0,SetByAsk
2025-12-16 12:28:52,2025-12-16T12:28:52,59.57,1.0,SetByAsk
2025-12-16 12:28:52,2025-12-16T12:28:52,59.57,1.0,SetByAsk
2025-12-16 12:28:52,2025-12-16T12:28:52,59.57,1.0,SetByAsk
2025-12-16 12:28:52,2025-12-16T12:28:52,59.57,1.0,SetByAsk
2025-12-16 12:28:52,2025-12-16T12:28:52,59.57,1.0,SetByAsk
2025-12-16 12:28:52,2025-12-16T12:28:52,59.57,1.0,SetByAsk
2025-12-16 12:28:52,2025-12-16T12:28:52,59.57,1.0,SetByAsk
2025-12-16 12:28:52,2025-12-16T12:28:52,59.57,1.0,SetByAsk
2025-12-16 12:28:52,2025-12-16T12:28:52,59.57,1.0,SetByAsk
2025-12-16 12:28:53,2025-12-16T12:28:53,59.57,1.0,SetByAsk
2025-12-16 12:28:53,2025-12-16T12:28:53,59.57,1.0,SetByAsk
2025-12-16 12:28:53,2025-12-16T12:28:53,59.57,1.0,SetByAsk
2025-12-16 12:28:56,2025-12-16T12:28:56,59.57,1.0,SetByAsk
2025-12-16 12:28:56,2025-12-16T12:28:56,59.57,1.0,SetByAsk
2025-12-16 12:28:57,2025-12-16T12:28:57,59.57,1.0,SetByAsk
2025-12-16 12:28:57,2025-12-16T12:28:57,59.57,1.0,SetByAsk
2025-12-16 12:28:57,2025-12-16T12:28:57,59.57,1.0,SetByAsk
2025-12-16 12:28:57,2025-12-16T12:28:57,59.57,1.0,SetByAsk
2025-12-16 12:28:57,2025-12-16T12:28:57,59.57,1.0,SetByAsk
2025-12-16 12:28:57,2025-12-16T12:28:57,59.57,1.0,SetByAsk
2025-12-16 12:28:57,2025-12-16T12:28:57,59.57,1.0,SetByAsk
2025-12-16 12:28:57,2025-12-16T12:28:57,59.57,1.0,SetByAsk
2025-12-16 12:28:57,2025-12-16T12:28:57,59.57,1.0,SetByAsk
2025-12-16 12:28:57,2025-12-16T12:28:57,59.57,1.0,SetByAsk
2025-12-16 12:28:59,2025-12-16T12:28:59,59.57,1.0,SetByBid
2025-12-16 12:28:59,2025-12-16T12:28:59,59.56,2.0,SetByAsk
2025-12-16 12:28:59,2025-12-16T12:28:59,59.56,1.0,SetByAsk
2025-12-16 12:28:59,2025-12-16T12:28:59,59.56,1.0,SetByAsk
2025-12-16 12:28:59,2025-12-16T12:28:59,59.56,1.0,SetByAsk
2025-12-16 12:28:59,2025-12-16T12:28:59,59.56,1.0,SetByAsk
2025-12-16 12:29:09,2025-12-16T12:29:09,59.56,1.0,SetByAsk
2025-12-16 12:29:09,2025-12-16T12:29:09,59.56,1.0,SetByAsk
2025-12-16 12:29:09,2025-12-16T12:29:09,59.56,1.0,SetByAsk
2025-12-16 12:29:09,2025-12-16T12:29:09,59.56,1.0,SetByAsk
2025-12-16 12:29:09,2025-12-16T12:29:09,59.56,1.0,SetByAsk
2025-12-16 12:29:09,2025-12-16T12:29:09,59.56,1.0,SetByAsk
2025-12-16 12:29:09,2025-12-16T12:29:09,59.56,1.0,SetByAsk
2025-12-16 12:29:09,2025-12-16T12:29:09,59.56,1.0,SetByAsk
2025-12-16 12:29:09,2025-12-16T12:29:09,59.56,1.0,SetByAsk
2025-12-16 12:29:09,2025-12-16T12:29:09,59.56,1.0,SetByAsk
2025-12-16 12:29:09,2025-12-16T12:29:09,59.56,1.0,SetByAsk
2025-12-16 12:29:09,2025-12-16T12:29:09,59.56,1.0,SetByAsk
2025-12-16 12:29:09,2025-12-16T12:29:09,59.56,1.0,SetByAsk
2025-12-16 12:29:09,2025-12-16T12:29:09,59.56,1.0,SetByAsk
2025-12-16 12:29:09,2025-12-16T12:29:09,59.56,1.0,SetByAsk
2025-12-16 12:29:09,2025-12-16T12:29:09,59.56,1.0,SetByAsk
2025-12-16 12:29:09,2025-12-16T12:29:09,59.56,1.0,SetByAsk
2025-12-16 12:29:09,2025-12-16T12:29:09,59.56,1.0,SetByAsk
2025-12-16 12:29:09,2025-12-16T12:29:09,59.56,1.0,SetByAsk
2025-12-16 12:29:09,2025-12-16T12:29:09,59.56,1.0,SetByAsk
2025-12-16 12:29:09,2025-12-16T12:29:09,59.56,1.0,SetByAsk
2025-12-16 12:29:09,2025-12-16T12:29:09,59.56,1.0,SetByAsk
2025-12-16 12:29:09,2025-12-16T12:29:09,59.56,1.0,SetByAsk
2025-12-16 12:29:09,2025-12-16T12:29:09,59.56,1.0,SetByAsk
2025-12-16 12:29:09,2025-12-16T12:29:09,59.56,1.0,SetByAsk
2025-12-16 12:29:09,2025-12-16T12:29:09,59.56,1.0,SetByAsk
2025-12-16 12:29:10,2025-12-16T12:29:10,59.56,1.0,SetByBid
2025-12-16 12:29:10,2025-12-16T12:29:10,59.56,1.0,SetByAsk
2025-12-16 12:29:10,2025-12-16T12:29:10,59.56,1.0,SetByAsk
2025-12-16 12:29:10,2025-12-16T12:29:10,59.56,1.0,SetByAsk
2025-12-16 12:29:10,2025-12-16T12:29:10,59.56,1.0,SetByAsk
2025-12-16 12:29:10,2025-12-16T12:29:10,59.56,1.0,SetByAsk
2025-12-16 12:29:10,2025-12-16T12:29:10,59.56,1.0,SetByAsk
2025-12-16 12:29:10,2025-12-16T12:29:10,59.56,1.0,SetByAsk
2025-12-16 12:29:11,2025-12-16T12:29:11,59.56,1.0,SetByBid
2025-12-16 12:29:11,2025-12-16T12:29:11,59.56,1.0,SetByBid
2025-12-16 12:29:11,2025-12-16T12:29:11,59.56,1.0,SetByBid
2025-12-16 12:29:12,2025-12-16T12:29:12,59.56,1.0,SetByAsk
2025-12-16 12:29:12,2025-12-16T12:29:12,59.56,1.0,SetByAsk
2025-12-16 12:29:12,2025-12-16T12:29:12,59.56,1.0,SetByAsk
2025-12-16 12:29:12,2025-12-16T12:29:12,59.56,1.0,SetByAsk
2025-12-16 12:29:13,2025-12-16T12:29:13,59.56,1.0,SetByBid
2025-12-16 12:29:13,2025-12-16T12:29:13,59.56,1.0,SetByAsk
2025-12-16 12:29:13,2025-12-16T12:29:13,59.56,1.0,SetByAsk
2025-12-16 12:29:13,2025-12-16T12:29:13,59.56,1.0,SetByAsk
2025-12-16 12:29:13,2025-12-16T12:29:13,59.56,1.0,SetByAsk
2025-12-16 12:29:13,2025-12-16T12:29:13,59.56,1.0,SetByAsk
2025-12-16 12:29:13,2025-12-16T12:29:13,59.56,1.0,SetByAsk
2025-12-16 12:29:13,2025-12-16T12:29:13,59.56,1.0,SetByAsk
2025-12-16 12:29:13,2025-12-16T12:29:13,59.56,1.0,SetByBid
2025-12-16 12:29:13,2025-12-16T12:29:13,59.56,1.0,SetByAsk
2025-12-16 12:29:13,2025-12-16T12:29:13,59.56,1.0,SetByAsk
2025-12-16 12:29:13,2025-12-16T12:29:13,59.56,1.0,SetByAsk
2025-12-16 12:29:13,2025-12-16T12:29:13,59.56,1.0,SetByAsk
2025-12-16 12:29:13,2025-12-16T12:29:13,59.56,1.0,SetByAsk
2025-12-16 12:29:13,2025-12-16T12:29:13,59.56,1.0,SetByAsk
2025-12-16 12:29:13,2025-12-16T12:29:13,59.56,1.0,SetByAsk
2025-12-16 12:29:13,2025-12-16T12:29:13,59.56,1.0,SetByAsk
2025-12-16 12:29:13,2025-12-16T12:29:13,59.56,1.0,SetByAsk
2025-12-16 12:29:13,2025-12-16T12:29:13,59.56,1.0,SetByAsk
2025-12-16 12:29:13,2025-12-16T12:29:13,59.56,1.0,SetByAsk
2025-12-16 12:29:13,2025-12-16T12:29:13,59.56,1.0,SetByAsk
2025-12-16 12:29:13,2025-12-16T12:29:13,59.56,1.0,SetByAsk
2025-12-16 12:29:13,2025-12-16T12:29:13,59.56,1.0,SetByBid
2025-12-16 12:29:13,2025-12-16T12:29:13,59.56,1.0,SetByAsk
2025-12-16 12:29:13,2025-12-16T12:29:13,59.56,1.0,SetByAsk
2025-12-16 12:29:13,2025-12-16T12:29:13,59.56,1.0,SetByAsk
2025-12-16 12:29:13,2025-12-16T12:29:13,59.56,1.0,SetByAsk
2025-12-16 12:29:13,2025-12-16T12:29:13,59.56,1.0,SetByAsk
2025-12-16 12:29:13,2025-12-16T12:29:13,59.56,1.0,SetByAsk
2025-12-16 12:29:13,2025-12-16T12:29:13,59.56,1.0,SetByAsk
2025-12-16 12:29:13,2025-12-16T12:29:13,59.56,1.0,SetByAsk
2025-12-16 12:29:13,2025-12-16T12:29:13,59.56,1.0,SetByAsk
2025-12-16 12:29:13,2025-12-16T12:29:13,59.56,1.0,SetByAsk
2025-12-16 12:29:13,2025-12-16T12:29:13,59.56,1.0,SetByAsk
2025-12-16 12:29:13,2025-12-16T12:29:13,59.56,1.0,SetByAsk
2025-12-16 12:29:13,2025-12-16T12:29:13,59.56,1.0,SetByAsk
2025-12-16 12:29:13,2025-12-16T12:29:13,59.56,1.0,SetByAsk
2025-12-16 12:29:13,2025-12-16T12:29:13,59.56,1.0,SetByAsk
2025-12-16 12:29:13,2025-12-16T12:29:13,59.56,1.0,SetByAsk
2025-12-16 12:29:13,2025-12-16T12:29:13,59.56,1.0,SetByAsk
2025-12-16 12:29:13,2025-12-16T12:29:13,59.56,1.0,SetByAsk
2025-12-16 12:29:13,2025-12-16T12:29:13,59.56,1.0,SetByAsk
2025-12-16 12:29:13,2025-12-16T12:29:13,59.56,1.0,SetByAsk
2025-12-16 12:29:13,2025-12-16T12:29:13,59.56,1.0,SetByAsk
2025-12-16 12:29:13,2025-12-16T12:29:13,59.56,1.0,SetByAsk
2025-12-16 12:29:13,2025-12-16T12:29:13,59.56,1.0,SetByBid
2025-12-16 12:29:13,2025-12-16T12:29:13,59.56,1.0,SetByBid
2025-12-16 12:29:13,2025-12-16T12:29:13,59.56,1.0,SetByAsk
2025-12-16 12:29:13,2025-12-16T12:29:13,59.56,1.0,SetByAsk
2025-12-16 12:29:13,2025-12-16T12:29:13,59.56,1.0,SetByAsk
2025-12-16 12:29:13,2025-12-16T12:29:13,59.56,1.0,SetByAsk
2025-12-16 12:29:13,2025-12-16T12:29:13,59.56,1.0,SetByAsk
2025-12-16 12:29:13,2025-12-16T12:29:13,59.56,1.0,SetByAsk
2025-12-16 12:29:13,2025-12-16T12:29:13,59.56,1.0,SetByAsk
2025-12-16 12:29:13,2025-12-16T12:29:13,59.56,1.0,SetByAsk
2025-12-16 12:29:13,2025-12-16T12:29:13,59.56,1.0,SetByAsk
2025-12-16 12:29:13,2025-12-16T12:29:13,59.56,1.0,SetByAsk
2025-12-16 12:29:13,2025-12-16T12:29:13,59.56,1.0,SetByAsk
2025-12-16 12:29:13,2025-12-16T12:29:13,59.56,1.0,SetByAsk
2025-12-16 12:29:13,2025-12-16T12:29:13,59.56,1.0,SetByAsk
2025-12-16 12:29:13,2025-12-16T12:29:13,59.56,1.0,SetByAsk
2025-12-16 12:29:13,2025-12-16T12:29:13,59.56,1.0,SetByAsk
2025-12-16 12:29:13,2025-12-16T12:29:13,59.56,1.0,SetByAsk
2025-12-16 12:29:13,2025-12-16T12:29:13,59.56,1.0,SetByAsk
2025-12-16 12:29:13,2025-12-16T12:29:13,59.56,1.0,SetByAsk
2025-12-16 12:29:13,2025-12-16T12:29:13,59.56,1.0,SetByAsk
2025-12-16 12:29:13,2025-12-16T12:29:13,59.56,1.0,SetByAsk
2025-12-16 12:29:13,2025-12-16T12:29:13,59.56,1.0,SetByAsk
2025-12-16 12:29:13,2025-12-16T12:29:13,59.56,1.0,SetByAsk
2025-12-16 12:29:13,2025-12-16T12:29:13,59.56,1.0,SetByAsk
2025-12-16 12:29:13,2025-12-16T12:29:13,59.56,1.0,SetByAsk
2025-12-16 12:29:13,2025-12-16T12:29:13,59.56,1.0,SetByAsk
2025-12-16 12:29:13,2025-12-16T12:29:13,59.56,1.0,SetByAsk
2025-12-16 12:29:13,2025-12-16T12:29:13,59.56,1.0,SetByAsk
2025-12-16 12:29:13,2025-12-16T12:29:13,59.56,1.0,SetByBid
2025-12-16 12:29:13,2025-12-16T12:29:13,59.56,1.0,SetByBid
2025-12-16 12:29:14,2025-12-16T12:29:14,59.56,1.0,SetByBid
2025-12-16 12:29:14,2025-12-16T12:29:14,59.56,1.0,SetByAsk
2025-12-16 12:29:14,2025-12-16T12:29:14,59.56,1.0,SetByAsk
2025-12-16 12:29:14,2025-12-16T12:29:14,59.56,1.0,SetByAsk
2025-12-16 12:29:14,2025-12-16T12:29:14,59.56,1.0,SetByAsk
2025-12-16 12:29:14,2025-12-16T12:29:14,59.56,1.0,SetByAsk
2025-12-16 12:29:14,2025-12-16T12:29:14,59.56,1.0,SetByAsk
2025-12-16 12:29:14,2025-12-16T12:29:14,59.56,1.0,SetByAsk
2025-12-16 12:29:14,2025-12-16T12:29:14,59.56,2.0,SetByAsk
2025-12-16 12:29:14,2025-12-16T12:29:14,59.56,1.0,SetByAsk
2025-12-16 12:29:14,2025-12-16T12:29:14,59.56,1.0,SetByAsk
2025-12-16 12:29:14,2025-12-16T12:29:14,59.56,1.0,SetByAsk
2025-12-16 12:29:14,2025-12-16T12:29:14,59.56,1.0,SetByAsk
2025-12-16 12:29:14,2025-12-16T12:29:14,59.56,1.0,SetByAsk
2025-12-16 12:29:14,2025-12-16T12:29:14,59.56,1.0,SetByAsk
2025-12-16 12:29:14,2025-12-16T12:29:14,59.56,1.0,SetByAsk
2025-12-16 12:29:14,2025-12-16T12:29:14,59.56,1.0,SetByBid
2025-12-16 12:29:15,2025-12-16T12:29:15,59.56,1.0,SetByBid
2025-12-16 12:29:15,2025-12-16T12:29:15,59.56,1.0,SetByBid
2025-12-16 12:29:15,2025-12-16T12:29:15,59.56,1.0,SetByAsk
2025-12-16 12:29:15,2025-12-16T12:29:15,59.56,1.0,SetByBid
2025-12-16 12:29:15,2025-12-16T12:29:15,59.56,1.0,SetByAsk
2025-12-16 12:29:15,2025-12-16T12:29:15,59.56,1.0,SetByAsk
2025-12-16 12:29:15,2025-12-16T12:29:15,59.56,1.0,SetByAsk
2025-12-16 12:29:16,2025-12-16T12:29:16,59.56,1.0,SetByAsk
2025-12-16 12:29:16,2025-12-16T12:29:16,59.56,1.0,SetByAsk
2025-12-16 12:29:16,2025-12-16T12:29:16,59.56,1.0,SetByAsk
2025-12-16 12:29:16,2025-12-16T12:29:16,59.56,1.0,SetByAsk
2025-12-16 12:29:16,2025-12-16T12:29:16,59.56,1.0,SetByBid
2025-12-16 12:29:16,2025-12-16T12:29:16,59.56,1.0,SetByBid
2025-12-16 12:29:16,2025-12-16T12:29:16,59.56,1.0,SetByBid
2025-12-16 12:29:17,2025-12-16T12:29:17,59.56,1.0,SetByAsk
2025-12-16 12:29:17,2025-12-16T12:29:17,59.56,1.0,SetByAsk
2025-12-16 12:29:19,2025-12-16T12:29:19,59.55,2.0,SetByAsk
2025-12-16 12:29:20,2025-12-16T12:29:20,59.56,1.0,SetByBid
2025-12-16 12:29:20,2025-12-16T12:29:20,59.56,1.0,SetByAsk
2025-12-16 12:29:20,2025-12-16T12:29:20,59.56,1.0,SetByBid
2025-12-16 12:29:20,2025-12-16T12:29:20,59.56,1.0,SetByAsk
2025-12-16 12:29:20,2025-12-16T12:29:20,59.56,1.0,SetByAsk
2025-12-16 12:29:20,2025-12-16T12:29:20,59.56,2.0,SetByAsk
2025-12-16 12:29:20,2025-12-16T12:29:20,59.56,1.0,SetByBid
2025-12-16 12:29:20,2025-12-16T12:29:20,59.56,1.0,SetByAsk
2025-12-16 12:29:20,2025-12-16T12:29:20,59.56,1.0,SetByAsk
2025-12-16 12:29:20,2025-12-16T12:29:20,59.56,2.0,SetByAsk
2025-12-16 12:29:20,2025-12-16T12:29:20,59.56,2.0,SetByBid
2025-12-16 12:29:20,2025-12-16T12:29:20,59.56,1.0,SetByBid
2025-12-16 12:29:20,2025-12-16T12:29:20,59.56,2.0,SetByBid
2025-12-16 12:29:21,2025-12-16T12:29:21,59.56,1.0,SetByBid
2025-12-16 12:29:21,2025-12-16T12:29:21,59.56,1.0,SetByAsk
2025-12-16 12:29:21,2025-12-16T12:29:21,59.56,3.0,SetByAsk
2025-12-16 12:29:21,2025-12-16T12:29:21,59.56,3.0,SetByBid
2025-12-16 12:29:21,2025-12-16T12:29:21,59.56,1.0,SetByBid
2025-12-16 12:29:21,2025-12-16T12:29:21,59.56,1.0,SetByAsk
2025-12-16 12:29:21,2025-12-16T12:29:21,59.56,1.0,SetByBid
2025-12-16 12:29:21,2025-12-16T12:29:21,59.56,1.0,SetByAsk
2025-12-16 12:29:21,2025-12-16T12:29:21,59.56,1.0,SetByAsk
2025-12-16 12:29:21,2025-12-16T12:29:21,59.56,1.0,SetByAsk
2025-12-16 12:29:21,2025-12-16T12:29:21,59.56,1.0,SetByAsk
2025-12-16 12:29:22,2025-12-16T12:29:22,59.56,1.0,SetByBid
2025-12-16 12:29:22,2025-12-16T12:29:22,59.56,1.0,SetByAsk
2025-12-16 12:29:22,2025-12-16T12:29:22,59.56,3.0,SetByAsk
2025-12-16 12:29:22,2025-12-16T12:29:22,59.56,3.0,SetByBid
2025-12-16 12:29:22,2025-12-16T12:29:22,59.56,1.0,SetByBid
2025-12-16 12:29:22,2025-12-16T12:29:22,59.56,1.0,SetByAsk
2025-12-16 12:29:22,2025-12-16T12:29:22,59.56,1.0,SetByBid
2025-12-16 12:29:22,2025-12-16T12:29:22,59.56,1.0,SetByAsk
2025-12-16 12:29:22,2025-12-16T12:29:22,59.56,1.0,SetByAsk
2025-12-16 12:29:22,2025-12-16T12:29:22,59.56,1.0,SetByAsk
2025-12-16 12:29:22,2025-12-16T12:29:22,59.56,1.0,SetByAsk
2025-12-16 12:29:23,2025-12-16T12:29:23,59.56,1.0,SetByBid
2025-12-16 12:29:23,2025-12-16T12:29:23,59.56,1.0,SetByAsk
2025-12-16 12:29:23,2025-12-16T12:29:23,59.56,1.0,SetByAsk
2025-12-16 12:29:23,2025-12-16T12:29:23,59.56,1.0,SetByAsk
2025-12-16 12:29:23,2025-12-16T12:29:23,59.56,1.0,SetByAsk
2025-12-16 12:29:23,2025-12-16T12:29:23,59.56,1.0,SetByAsk
2025-12-16 12:29:23,2025-12-16T12:29:23,59.56,1.0,SetByAsk
2025-12-16 12:29:23,2025-12-16T12:29:23,59.56,1.0,SetByAsk
2025-12-16 12:29:23,2025-12-16T12:29:23,59.56,1.0,SetByAsk
2025-12-16 12:29:23,2025-12-16T12:29:23,59.56,1.0,SetByAsk
2025-12-16 12:29:23,2025-12-16T12:29:23,59.56,1.0,SetByAsk
2025-12-16 12:29:23,2025-12-16T12:29:23,59.56,1.0,SetByAsk
2025-12-16 12:29:23,2025-12-16T12:29:23,59.56,1.0,SetByAsk
2025-12-16 12:29:23,2025-12-16T12:29:23,59.56,1.0,SetByAsk
2025-12-16 12:29:23,2025-12-16T12:29:23,59.56,1.0,SetByAsk
2025-12-16 12:29:23,2025-12-16T12:29:23,59.56,1.0,SetByAsk
2025-12-16 12:29:23,2025-12-16T12:29:23,59.56,1.0,SetByAsk
2025-12-16 12:29:23,2025-12-16T12:29:23,59.56,1.0,SetByAsk
2025-12-16 12:29:23,2025-12-16T12:29:23,59.56,1.0,SetByAsk
2025-12-16 12:29:23,2025-12-16T12:29:23,59.56,1.0,SetByAsk
2025-12-16 12:29:23,2025-12-16T12:29:23,59.56,1.0,SetByAsk
2025-12-16 12:29:23,2025-12-16T12:29:23,59.56,1.0,SetByAsk
2025-12-16 12:29:23,2025-12-16T12:29:23,59.56,1.0,SetByAsk
2025-12-16 12:29:23,2025-12-16T12:29:23,59.56,1.0,SetByAsk
2025-12-16 12:29:23,2025-12-16T12:29:23,59.56,1.0,SetByAsk
2025-12-16 12:29:23,2025-12-16T12:29:23,59.56,1.0,SetByAsk
2025-12-16 12:29:23,2025-12-16T12:29:23,59.56,1.0,SetByAsk
2025-12-16 12:29:23,2025-12-16T12:29:23,59.56,1.0,SetByAsk
2025-12-16 12:29:23,2025-12-16T12:29:23,59.56,1.0,SetByAsk
2025-12-16 12:29:23,2025-12-16T12:29:23,59.56,1.0,SetByAsk
2025-12-16 12:29:23,2025-12-16T12:29:23,59.56,1.0,SetByAsk
2025-12-16 12:29:23,2025-12-16T12:29:23,59.56,1.0,SetByAsk
2025-12-16 12:29:23,2025-12-16T12:29:23,59.56,1.0,SetByAsk
2025-12-16 12:29:23,2025-12-16T12:29:23,59.56,1.0,SetByAsk
2025-12-16 12:29:23,2025-12-16T12:29:23,59.56,1.0,SetByAsk
2025-12-16 12:29:23,2025-12-16T12:29:23,59.56,1.0,SetByAsk
2025-12-16 12:29:23,2025-12-16T12:29:23,59.56,1.0,SetByAsk
2025-12-16 12:29:23,2025-12-16T12:29:23,59.56,1.0,SetByAsk
2025-12-16 12:29:23,2025-12-16T12:29:23,59.56,1.0,SetByAsk
2025-12-16 12:29:23,2025-12-16T12:29:23,59.56,1.0,SetByAsk
2025-12-16 12:29:23,2025-12-16T12:29:23,59.56,1.0,SetByAsk
2025-12-16 12:29:23,2025-12-16T12:29:23,59.56,1.0,SetByAsk
2025-12-16 12:29:23,2025-12-16T12:29:23,59.56,1.0,SetByAsk
2025-12-16 12:29:23,2025-12-16T12:29:23,59.56,1.0,SetByAsk
2025-12-16 12:29:23,2025-12-16T12:29:23,59.56,1.0,SetByAsk
2025-12-16 12:29:23,2025-12-16T12:29:23,59.56,1.0,SetByAsk
2025-12-16 12:29:23,2025-12-16T12:29:23,59.56,1.0,SetByAsk
2025-12-16 12:29:23,2025-12-16T12:29:23,59.56,1.0,SetByAsk
2025-12-16 12:29:23,2025-12-16T12:29:23,59.56,1.0,SetByAsk
2025-12-16 12:29:23,2025-12-16T12:29:23,59.56,1.0,SetByAsk
2025-12-16 12:29:23,2025-12-16T12:29:23,59.56,1.0,SetByAsk
2025-12-16 12:29:23,2025-12-16T12:29:23,59.56,1.0,SetByAsk
2025-12-16 12:29:24,2025-12-16T12:29:24,59.56,1.0,SetByBid
2025-12-16 12:29:24,2025-12-16T12:29:24,59.56,1.0,SetByBid
2025-12-16 12:29:25,2025-12-16T12:29:25,59.56,1.0,SetByBid
2025-12-16 12:29:25,2025-12-16T12:29:25,59.56,4.0,SetByAsk
2025-12-16 12:29:27,2025-12-16T12:29:27,59.56,1.0,SetByAsk
2025-12-16 12:29:27,2025-12-16T12:29:27,59.56,1.0,SetByAsk
2025-12-16 12:29:27,2025-12-16T12:29:27,59.56,1.0,SetByAsk
2025-12-16 12:29:27,2025-12-16T12:29:27,59.56,1.0,SetByAsk
2025-12-16 12:29:27,2025-12-16T12:29:27,59.56,1.0,SetByAsk
2025-12-16 12:29:27,2025-12-16T12:29:27,59.56,1.0,SetByAsk
2025-12-16 12:29:27,2025-12-16T12:29:27,59.56,1.0,SetByAsk
2025-12-16 12:29:27,2025-12-16T12:29:27,59.56,1.0,SetByAsk
2025-12-16 12:29:27,2025-12-16T12:29:27,59.56,1.0,SetByAsk
2025-12-16 12:29:27,2025-12-16T12:29:27,59.56,1.0,SetByAsk
2025-12-16 12:29:27,2025-12-16T12:29:27,59.56,1.0,SetByAsk
2025-12-16 12:29:27,2025-12-16T12:29:27,59.56,1.0,SetByAsk
2025-12-16 12:29:27,2025-12-16T12:29:27,59.56,1.0,SetByAsk
2025-12-16 12:29:27,2025-12-16T12:29:27,59.56,1.0,SetByAsk
2025-12-16 12:29:27,2025-12-16T12:29:27,59.56,1.0,SetByAsk
2025-12-16 12:29:27,2025-12-16T12:29:27,59.56,1.0,SetByAsk
2025-12-16 12:29:27,2025-12-16T12:29:27,59.56,1.0,SetByAsk
2025-12-16 12:29:27,2025-12-16T12:29:27,59.56,1.0,SetByAsk
2025-12-16 12:29:27,2025-12-16T12:29:27,59.56,1.0,SetByAsk
2025-12-16 12:29:27,2025-12-16T12:29:27,59.56,1.0,SetByAsk
2025-12-16 12:29:27,2025-12-16T12:29:27,59.56,1.0,SetByAsk
2025-12-16 12:29:27,2025-12-16T12:29:27,59.56,1.0,SetByAsk
2025-12-16 12:29:27,2025-12-16T12:29:27,59.56,1.0,SetByAsk
2025-12-16 12:29:27,2025-12-16T12:29:27,59.56,1.0,SetByAsk
2025-12-16 12:29:27,2025-12-16T12:29:27,59.56,1.0,SetByAsk
2025-12-16 12:29:27,2025-12-16T12:29:27,59.56,1.0,SetByAsk
2025-12-16 12:29:27,2025-12-16T12:29:27,59.56,1.0,SetByAsk
2025-12-16 12:29:27,2025-12-16T12:29:27,59.56,1.0,SetByAsk
2025-12-16 12:29:27,2025-12-16T12:29:27,59.56,1.0,SetByAsk
2025-12-16 12:29:27,2025-12-16T12:29:27,59.57,1.0,SetByAsk
2025-12-16 12:29:27,2025-12-16T12:29:27,59.57,1.0,SetByAsk
2025-12-16 12:29:27,2025-12-16T12:29:27,59.57,1.0,SetByAsk
2025-12-16 12:29:27,2025-12-16T12:29:27,59.57,1.0,SetByAsk
2025-12-16 12:29:27,2025-12-16T12:29:27,59.57,1.0,SetByAsk
2025-12-16 12:29:27,2025-12-16T12:29:27,59.57,1.0,SetByAsk
2025-12-16 12:29:27,2025-12-16T12:29:27,59.57,1.0,SetByAsk
2025-12-16 12:29:27,2025-12-16T12:29:27,59.57,1.0,SetByAsk
2025-12-16 12:29:27,2025-12-16T12:29:27,59.57,1.0,SetByAsk
2025-12-16 12:29:27,2025-12-16T12:29:27,59.57,1.0,SetByAsk
2025-12-16 12:29:27,2025-12-16T12:29:27,59.57,1.0,SetByAsk
2025-12-16 12:29:27,2025-12-16T12:29:27,59.57,1.0,SetByAsk
2025-12-16 12:29:27,2025-12-16T12:29:27,59.57,1.0,SetByAsk
2025-12-16 12:29:27,2025-12-16T12:29:27,59.57,1.0,SetByAsk
2025-12-16 12:29:27,2025-12-16T12:29:27,59.57,1.0,SetByAsk
2025-12-16 12:29:27,2025-12-16T12:29:27,59.57,1.0,SetByAsk
2025-12-16 12:29:27,2025-12-16T12:29:27,59.57,1.0,SetByAsk
2025-12-16 12:29:27,2025-12-16T12:29:27,59.57,1.0,SetByAsk
2025-12-16 12:29:27,2025-12-16T12:29:27,59.57,1.0,SetByAsk
2025-12-16 12:29:27,2025-12-16T12:29:27,59.57,1.0,SetByAsk
2025-12-16 12:29:27,2025-12-16T12:29:27,59.57,1.0,SetByAsk
2025-12-16 12:29:27,2025-12-16T12:29:27,59.57,1.0,SetByAsk
2025-12-16 12:29:27,2025-12-16T12:29:27,59.57,1.0,SetByAsk
2025-12-16 12:29:27,2025-12-16T12:29:27,59.57,1.0,SetByAsk
2025-12-16 12:29:27,2025-12-16T12:29:27,59.57,1.0,SetByAsk
2025-12-16 12:29:27,2025-12-16T12:29:27,59.57,1.0,SetByAsk
2025-12-16 12:29:27,2025-12-16T12:29:27,59.57,1.0,SetByAsk
2025-12-16 12:29:27,2025-12-16T12:29:27,59.57,1.0,SetByAsk
2025-12-16 12:29:27,2025-12-16T12:29:27,59.57,1.0,SetByAsk
2025-12-16 12:29:27,2025-12-16T12:29:27,59.57,1.0,SetByAsk
2025-12-16 12:29:27,2025-12-16T12:29:27,59.57,1.0,SetByAsk
2025-12-16 12:29:27,2025-12-16T12:29:27,59.57,1.0,SetByAsk
2025-12-16 12:29:27,2025-12-16T12:29:27,59.57,1.0,SetByAsk
2025-12-16 12:29:27,2025-12-16T12:29:27,59.57,1.0,SetByAsk
2025-12-16 12:29:27,2025-12-16T12:29:27,59.57,1.0,SetByAsk
2025-12-16 12:29:27,2025-12-16T12:29:27,59.57,1.0,SetByAsk
2025-12-16 12:29:27,2025-12-16T12:29:27,59.57,1.0,SetByAsk
2025-12-16 12:29:27,2025-12-16T12:29:27,59.57,1.0,SetByBid
2025-12-16 12:29:27,2025-12-16T12:29:27,59.57,1.0,SetByBid
2025-12-16 12:29:27,2025-12-16T12:29:27,59.57,1.0,SetByBid
2025-12-16 12:29:27,2025-12-16T12:29:27,59.57,1.0,SetByBid
2025-12-16 12:29:27,2025-12-16T12:29:27,59.57,1.0,SetByBid
2025-12-16 12:29:27,2025-12-16T12:29:27,59.57,1.0,SetByBid
2025-12-16 12:29:27,2025-12-16T12:29:27,59.57,1.0,SetByBid
2025-12-16 12:29:27,2025-12-16T12:29:27,59.57,1.0,SetByBid
2025-12-16 12:29:27,2025-12-16T12:29:27,59.57,1.0,SetByBid
2025-12-16 12:29:27,2025-12-16T12:29:27,59.57,1.0,SetByBid
2025-12-16 12:29:27,2025-12-16T12:29:27,59.57,1.0,SetByBid
2025-12-16 12:29:27,2025-12-16T12:29:27,59.57,1.0,SetByBid
2025-12-16 12:29:27,2025-12-16T12:29:27,59.57,1.0,SetByBid
2025-12-16 12:29:27,2025-12-16T12:29:27,59.57,1.0,SetByBid
2025-12-16 12:29:27,2025-12-16T12:29:27,59.57,1.0,SetByBid
2025-12-16 12:29:27,2025-12-16T12:29:27,59.57,1.0,SetByBid
2025-12-16 12:29:27,2025-12-16T12:29:27,59.57,1.0,SetByBid
2025-12-16 12:29:27,2025-12-16T12:29:27,59.57,1.0,SetByBid
2025-12-16 12:29:27,2025-12-16T12:29:27,59.57,1.0,SetByBid
2025-12-16 12:29:27,2025-12-16T12:29:27,59.57,1.0,SetByBid
2025-12-16 12:29:27,2025-12-16T12:29:27,59.57,1.0,SetByBid
2025-12-16 12:29:27,2025-12-16T12:29:27,59.57,1.0,SetByBid
2025-12-16 12:29:28,2025-12-16T12:29:28,59.57,1.0,SetByAsk
2025-12-16 12:29:28,2025-12-16T12:29:28,59.57,1.0,SetByAsk
2025-12-16 12:29:28,2025-12-16T12:29:28,59.57,1.0,SetByAsk
2025-12-16 12:29:28,2025-12-16T12:29:28,59.57,1.0,SetByBid
2025-12-16 12:29:28,2025-12-16T12:29:28,59.57,1.0,SetByBid
2025-12-16 12:29:28,2025-12-16T12:29:28,59.57,1.0,SetByBid
2025-12-16 12:29:29,2025-12-16T12:29:29,59.57,1.0,SetByBid
2025-12-16 12:29:29,2025-12-16T12:29:29,59.57,1.0,SetByBid
2025-12-16 12:29:29,2025-12-16T12:29:29,59.58,1.0,SetByBid
2025-12-16 12:29:29,2025-12-16T12:29:29,59.58,1.0,SetByBid
2025-12-16 12:29:29,2025-12-16T12:29:29,59.58,1.0,SetByBid
2025-12-16 12:29:29,2025-12-16T12:29:29,59.57,1.0,SetByAsk
2025-12-16 12:29:29,2025-12-16T12:29:29,59.57,1.0,SetByAsk
2025-12-16 12:29:29,2025-12-16T12:29:29,59.57,1.0,SetByAsk
2025-12-16 12:29:29,2025-12-16T12:29:29,59.57,1.0,SetByAsk
2025-12-16 12:29:29,2025-12-16T12:29:29,59.57,1.0,SetByAsk
2025-12-16 12:29:29,2025-12-16T12:29:29,59.57,1.0,SetByAsk
2025-12-16 12:29:29,2025-12-16T12:29:29,59.57,1.0,SetByAsk
2025-12-16 12:29:29,2025-12-16T12:29:29,59.57,1.0,SetByAsk
2025-12-16 12:29:29,2025-12-16T12:29:29,59.57,1.0,SetByAsk
2025-12-16 12:29:29,2025-12-16T12:29:29,59.57,1.0,SetByAsk
2025-12-16 12:29:29,2025-12-16T12:29:29,59.57,1.0,SetByAsk
2025-12-16 12:29:29,2025-12-16T12:29:29,59.57,1.0,SetByBid
2025-12-16 12:29:29,2025-12-16T12:29:29,59.57,1.0,SetByBid
2025-12-16 12:29:29,2025-12-16T12:29:29,59.57,1.0,SetByBid
2025-12-16 12:29:30,2025-12-16T12:29:30,59.57,1.0,SetByAsk
2025-12-16 12:29:30,2025-12-16T12:29:30,59.57,1.0,SetByAsk
2025-12-16 12:29:30,2025-12-16T12:29:30,59.57,1.0,SetByAsk
2025-12-16 12:29:30,2025-12-16T12:29:30,59.57,1.0,SetByAsk
2025-12-16 12:29:30,2025-12-16T12:29:30,59.57,1.0,SetByAsk
2025-12-16 12:29:30,2025-12-16T12:29:30,59.57,1.0,SetByAsk
2025-12-16 12:29:30,2025-12-16T12:29:30,59.57,1.0,SetByAsk
2025-12-16 12:29:31,2025-12-16T12:29:31,59.57,1.0,SetByBid
2025-12-16 12:29:36,2025-12-16T12:29:36,59.57,1.0,SetByBid
2025-12-16 12:29:36,2025-12-16T12:29:36,59.57,1.0,SetByBid
2025-12-16 12:29:37,2025-12-16T12:29:37,59.56,1.0,SetByAsk
2025-12-16 12:29:37,2025-12-16T12:29:37,59.56,1.0,SetByAsk
2025-12-16 12:29:44,2025-12-16T12:29:44,59.57,1.0,SetByAsk
2025-12-16 12:29:44,2025-12-16T12:29:44,59.57,1.0,SetByAsk
2025-12-16 12:29:44,2025-12-16T12:29:44,59.57,1.0,SetByAsk
2025-12-16 12:29:44,2025-12-16T12:29:44,59.57,1.0,SetByAsk
2025-12-16 12:29:44,2025-12-16T12:29:44,59.57,1.0,SetByAsk
2025-12-16 12:29:45,2025-12-16T12:29:45,59.57,1.0,SetByAsk
2025-12-16 12:29:46,2025-12-16T12:29:46,59.57,1.0,SetByAsk
2025-12-16 12:29:46,2025-12-16T12:29:46,59.57,1.0,SetByAsk
2025-12-16 12:29:46,2025-12-16T12:29:46,59.57,1.0,SetByAsk
2025-12-16 12:29:46,2025-12-16T12:29:46,59.57,1.0,SetByAsk
2025-12-16 12:29:46,2025-12-16T12:29:46,59.57,1.0,SetByAsk
2025-12-16 12:29:47,2025-12-16T12:29:47,59.57,1.0,SetByBid
2025-12-16 12:29:47,2025-12-16T12:29:47,59.57,1.0,SetByAsk
2025-12-16 12:29:47,2025-12-16T12:29:47,59.57,1.0,SetByAsk
2025-12-16 12:29:47,2025-12-16T12:29:47,59.57,1.0,SetByAsk
2025-12-16 12:29:47,2025-12-16T12:29:47,59.57,1.0,SetByAsk
2025-12-16 12:29:47,2025-12-16T12:29:47,59.57,1.0,SetByAsk
2025-12-16 12:29:47,2025-12-16T12:29:47,59.57,1.0,SetByAsk
2025-12-16 12:29:47,2025-12-16T12:29:47,59.57,1.0,SetByAsk
2025-12-16 12:29:47,2025-12-16T12:29:47,59.57,1.0,SetByAsk
2025-12-16 12:29:47,2025-12-16T12:29:47,59.57,1.0,SetByAsk
2025-12-16 12:29:47,2025-12-16T12:29:47,59.57,1.0,SetByAsk
2025-12-16 12:29:47,2025-12-16T12:29:47,59.57,1.0,SetByAsk
2025-12-16 12:29:47,2025-12-16T12:29:47,59.57,1.0,SetByAsk
2025-12-16 12:29:47,2025-12-16T12:29:47,59.57,1.0,SetByAsk
2025-12-16 12:29:47,2025-12-16T12:29:47,59.57,1.0,SetByBid
2025-12-16 12:29:48,2025-12-16T12:29:48,59.57,1.0,SetByAsk
2025-12-16 12:29:48,2025-12-16T12:29:48,59.57,1.0,SetByAsk
2025-12-16 12:29:48,2025-12-16T12:29:48,59.57,1.0,SetByAsk
2025-12-16 12:29:48,2025-12-16T12:29:48,59.57,1.0,SetByAsk
2025-12-16 12:29:48,2025-12-16T12:29:48,59.57,1.0,SetByAsk
2025-12-16 12:29:48,2025-12-16T12:29:48,59.57,1.0,SetByAsk
2025-12-16 12:29:48,2025-12-16T12:29:48,59.57,1.0,SetByAsk
2025-12-16 12:29:48,2025-12-16T12:29:48,59.57,1.0,SetByAsk
2025-12-16 12:29:48,2025-12-16T12:29:48,59.57,1.0,SetByAsk
2025-12-16 12:29:48,2025-12-16T12:29:48,59.57,1.0,SetByAsk
2025-12-16 12:29:48,2025-12-16T12:29:48,59.57,1.0,SetByAsk
2025-12-16 12:29:48,2025-12-16T12:29:48,59.57,1.0,SetByAsk
2025-12-16 12:29:48,2025-12-16T12:29:48,59.57,1.0,SetByAsk
2025-12-16 12:29:48,2025-12-16T12:29:48,59.57,1.0,SetByAsk
2025-12-16 12:29:48,2025-12-16T12:29:48,59.57,1.0,SetByAsk
2025-12-16 12:29:48,2025-12-16T12:29:48,59.57,1.0,SetByAsk
2025-12-16 12:29:48,2025-12-16T12:29:48,59.57,1.0,SetByAsk
2025-12-16 12:29:48,2025-12-16T12:29:48,59.57,1.0,SetByAsk
2025-12-16 12:29:48,2025-12-16T12:29:48,59.57,1.0,SetByAsk
2025-12-16 12:29:48,2025-12-16T12:29:48,59.57,1.0,SetByAsk
2025-12-16 12:29:48,2025-12-16T12:29:48,59.57,1.0,SetByAsk
2025-12-16 12:29:48,2025-12-16T12:29:48,59.57,1.0,SetByAsk
2025-12-16 12:29:48,2025-12-16T12:29:48,59.59,1.0,SetByBid
2025-12-16 12:29:48,2025-12-16T12:29:48,59.59,1.0,SetByBid
2025-12-16 12:29:48,2025-12-16T12:29:48,59.59,1.0,SetByBid
2025-12-16 12:29:48,2025-12-16T12:29:48,59.59,1.0,SetByBid
2025-12-16 12:29:48,2025-12-16T12:29:48,59.59,1.0,SetByBid
2025-12-16 12:29:48,2025-12-16T12:29:48,59.59,1.0,SetByBid
2025-12-16 12:29:48,2025-12-16T12:29:48,59.59,1.0,SetByBid
2025-12-16 12:29:48,2025-12-16T12:29:48,59.59,1.0,SetByBid
2025-12-16 12:29:48,2025-12-16T12:29:48,59.59,1.0,SetByBid
2025-12-16 12:29:48,2025-12-16T12:29:48,59.59,1.0,SetByBid
2025-12-16 12:29:48,2025-12-16T12:29:48,59.59,1.0,SetByBid
2025-12-16 12:29:49,2025-12-16T12:29:49,59.59,1.0,SetByAsk
2025-12-16 12:29:54,2025-12-16T12:29:54,59.58,1.0,SetByAsk
2025-12-16 12:29:54,2025-12-16T12:29:54,59.58,1.0,SetByAsk
2025-12-16 12:29:54,2025-12-16T12:29:54,59.58,1.0,SetByAsk
2025-12-16 12:29:54,2025-12-16T12:29:54,59.58,1.0,SetByAsk
2025-12-16 12:29:54,2025-12-16T12:29:54,59.58,1.0,SetByAsk
2025-12-16 12:29:54,2025-12-16T12:29:54,59.58,1.0,SetByAsk
2025-12-16 12:29:54,2025-12-16T12:29:54,59.58,1.0,SetByAsk
2025-12-16 12:29:54,2025-12-16T12:29:54,59.58,1.0,SetByAsk
2025-12-16 12:29:54,2025-12-16T12:29:54,59.58,1.0,SetByAsk
2025-12-16 12:29:54,2025-12-16T12:29:54,59.58,1.0,SetByAsk
2025-12-16 12:29:54,2025-12-16T12:29:54,59.58,1.0,SetByAsk
2025-12-16 12:29:54,2025-12-16T12:29:54,59.58,1.0,SetByAsk
2025-12-16 12:29:54,2025-12-16T12:29:54,59.58,1.0,SetByAsk
2025-12-16 12:29:54,2025-12-16T12:29:54,59.58,1.0,SetByAsk
2025-12-16 12:29:54,2025-12-16T12:29:54,59.58,1.0,SetByBid
2025-12-16 12:29:55,2025-12-16T12:29:55,59.58,1.0,SetByBid
2025-12-16 12:29:55,2025-12-16T12:29:55,59.58,1.0,SetByAsk
2025-12-16 12:29:55,2025-12-16T12:29:55,59.58,1.0,SetByAsk
2025-12-16 12:29:56,2025-12-16T12:29:56,59.58,1.0,SetByAsk
2025-12-16 12:29:56,2025-12-16T12:29:56,59.58,1.0,SetByAsk
2025-12-16 12:29:56,2025-12-16T12:29:56,59.58,1.0,SetByBid
2025-12-16 12:29:56,2025-12-16T12:29:56,59.58,1.0,SetByBid
2025-12-16 12:29:56,2025-12-16T12:29:56,59.58,1.0,SetByBid
2025-12-16 12:29:57,2025-12-16T12:29:57,59.58,1.0,SetByBid
2025-12-16 12:29:58,2025-12-16T12:29:58,59.58,1.0,SetByAsk
2025-12-16 12:29:58,2025-12-16T12:29:58,59.58,1.0,SetByBid
2025-12-16 12:29:58,2025-12-16T12:29:58,59.58,1.0,SetByAsk
2025-12-16 12:29:59,2025-12-16T12:29:59,59.58,1.0,SetByAsk
2025-12-16 12:29:59,2025-12-16T12:29:59,59.58,1.0,SetByAsk
2025-12-16 12:29:59,2025-12-16T12:29:59,59.57,1.0,SetByAsk
2025-12-16 12:29:59,2025-12-16T12:29:59,59.57,1.0,SetByAsk
2025-12-16 12:29:59,2025-12-16T12:29:59,59.57,1.0,SetByAsk
2025-12-16 12:29:59,2025-12-16T12:29:59,59.57,1.0,SetByAsk
2025-12-16 12:29:59,2025-12-16T12:29:59,59.57,1.0,SetByAsk
2025-12-16 12:29:59,2025-12-16T12:29:59,59.57,1.0,SetByAsk
2025-12-16 12:29:59,2025-12-16T12:29:59,59.57,1.0,SetByAsk
2025-12-16 12:29:59,2025-12-16T12:29:59,59.57,1.0,SetByAsk
2025-12-16 12:30:00,2025-12-16T12:30:00,59.57,1.0,SetByAsk
2025-12-16 12:30:05,2025-12-16T12:30:05,59.54,1.0,SetByAsk
2025-12-16 12:30:08,2025-12-16T12:30:08,59.53,1.0,SetByAsk
2025-12-16 12:30:08,2025-12-16T12:30:08,59.53,1.0,SetByAsk
2025-12-16 12:30:08,2025-12-16T12:30:08,59.53,1.0,SetByAsk
2025-12-16 12:30:09,2025-12-16T12:30:09,59.53,1.0,SetByAsk
2025-12-16 12:30:09,2025-12-16T12:30:09,59.53,1.0,SetByAsk
2025-12-16 12:30:09,2025-12-16T12:30:09,59.53,1.0,SetByAsk
2025-12-16 12:30:09,2025-12-16T12:30:09,59.53,1.0,SetByAsk
2025-12-16 12:30:09,2025-12-16T12:30:09,59.53,1.0,SetByAsk
2025-12-16 12:30:09,2025-12-16T12:30:09,59.53,1.0,SetByAsk
2025-12-16 12:30:09,2025-12-16T12:30:09,59.53,1.0,SetByAsk
2025-12-16 12:30:09,2025-12-16T12:30:09,59.53,1.0,SetByAsk
2025-12-16 12:30:10,2025-12-16T12:30:10,59.54,2.0,SetByAsk
2025-12-16 12:30:10,2025-12-16T12:30:10,59.54,3.0,SetByAsk
2025-12-16 12:30:10,2025-12-16T12:30:10,59.54,1.0,SetByAsk
2025-12-16 12:30:10,2025-12-16T12:30:10,59.54,1.0,SetByAsk
2025-12-16 12:30:11,2025-12-16T12:30:11,59.54,1.0,SetByAsk
2025-12-16 12:30:11,2025-12-16T12:30:11,59.54,3.0,SetByAsk
2025-12-16 12:30:11,2025-12-16T12:30:11,59.55,1.0,SetByAsk
2025-12-16 12:30:11,2025-12-16T12:30:11,59.55,1.0,SetByAsk
2025-12-16 12:30:11,2025-12-16T12:30:11,59.55,1.0,SetByAsk
2025-12-16 12:30:19,2025-12-16T12:30:19,59.54,1.0,SetByAsk
2025-12-16 12:30:28,2025-12-16T12:30:28,59.52,1.0,SetByAsk
2025-12-16 12:30:29,2025-12-16T12:30:29,59.52,6.0,SetByAsk
2025-12-16 12:30:29,2025-12-16T12:30:29,59.52,1.0,SetByAsk
2025-12-16 12:30:29,2025-12-16T12:30:29,59.52,1.0,SetByAsk
2025-12-16 12:30:29,2025-12-16T12:30:29,59.52,1.0,SetByAsk
2025-12-16 12:30:29,2025-12-16T12:30:29,59.52,1.0,SetByAsk
2025-12-16 12:30:29,2025-12-16T12:30:29,59.52,1.0,SetByAsk
2025-12-16 12:30:29,2025-12-16T12:30:29,59.52,1.0,SetByAsk
2025-12-16 12:30:29,2025-12-16T12:30:29,59.52,1.0,SetByAsk
2025-12-16 12:30:40,2025-12-16T12:30:40,59.51,1.0,SetByAsk
2025-12-16 12:30:40,2025-12-16T12:30:40,59.51,1.0,SetByAsk
2025-12-16 12:30:40,2025-12-16T12:30:40,59.51,1.0,SetByAsk
2025-12-16 12:30:40,2025-12-16T12:30:40,59.51,4.0,SetByAsk
2025-12-16 12:30:40,2025-12-16T12:30:40,59.51,9.0,SetByAsk
2025-12-16 12:30:50,2025-12-16T12:30:50,59.52,1.0,SetByBid
2025-12-16 12:30:50,2025-12-16T12:30:50,59.52,1.0,SetByAsk
2025-12-16 12:30:50,2025-12-16T12:30:50,59.52,1.0,SetByAsk
2025-12-16 12:30:57,2025-12-16T12:30:57,59.52,1.0,SetByBid
2025-12-16 12:30:57,2025-12-16T12:30:57,59.52,1.0,SetByBid
2025-12-16 12:30:57,2025-12-16T12:30:57,59.52,1.0,SetByBid
2025-12-16 12:30:57,2025-12-16T12:30:57,59.52,1.0,SetByBid
2025-12-16 12:30:57,2025-12-16T12:30:57,59.52,1.0,SetByBid
2025-12-16 12:30:57,2025-12-16T12:30:57,59.52,1.0,SetByBid
2025-12-16 12:30:57,2025-12-16T12:30:57,59.52,1.0,SetByBid
2025-12-16 12:30:57,2025-12-16T12:30:57,59.52,1.0,SetByBid
2025-12-16 12:30:57,2025-12-16T12:30:57,59.52,1.0,SetByBid
2025-12-16 12:30:57,2025-12-16T12:30:57,59.52,3.0,SetByBid
2025-12-16 12:30:57,2025-12-16T12:30:57,59.52,1.0,SetByBid
2025-12-16 12:30:57,2025-12-16T12:30:57,59.52,1.0,SetByBid
2025-12-16 12:30:57,2025-12-16T12:30:57,59.52,1.0,SetByBid
2025-12-16 12:30:57,2025-12-16T12:30:57,59.52,1.0,SetByBid
2025-12-16 12:31:07,2025-12-16T12:31:07,59.52,1.0,SetByBid
2025-12-16 12:31:07,2025-12-16T12:31:07,59.52,1.0,SetByBid
2025-12-16 12:31:09,2025-12-16T12:31:09,59.52,1.0,SetByBid
2025-12-16 12:31:09,2025-12-16T12:31:09,59.52,1.0,SetByBid
2025-12-16 12:31:09,2025-12-16T12:31:09,59.52,1.0,SetByAsk
2025-12-16 12:31:12,2025-12-16T12:31:12,59.52,1.0,SetByAsk
2025-12-16 12:31:12,2025-12-16T12:31:12,59.52,1.0,SetByAsk
2025-12-16 12:31:12,2025-12-16T12:31:12,59.52,1.0,SetByAsk
2025-12-16 12:31:13,2025-12-16T12:31:13,59.52,1.0,SetByBid
2025-12-16 12:31:25,2025-12-16T12:31:25,59.52,1.0,SetByBid
2025-12-16 12:31:26,2025-12-16T12:31:26,59.52,1.0,SetByAsk
2025-12-16 12:31:26,2025-12-16T12:31:26,59.52,1.0,SetByAsk
2025-12-16 12:31:26,2025-12-16T12:31:26,59.52,1.0,SetByAsk
2025-12-16 12:31:26,2025-12-16T12:31:26,59.52,1.0,SetByAsk
2025-12-16 12:31:26,2025-12-16T12:31:26,59.52,1.0,SetByAsk
2025-12-16 12:31:26,2025-12-16T12:31:26,59.52,1.0,SetByAsk
2025-12-16 12:31:26,2025-12-16T12:31:26,59.52,1.0,SetByAsk
2025-12-16 12:31:26,2025-12-16T12:31:26,59.52,1.0,SetByAsk
2025-12-16 12:31:26,2025-12-16T12:31:26,59.52,1.0,SetByAsk
2025-12-16 12:31:26,2025-12-16T12:31:26,59.52,1.0,SetByAsk
2025-12-16 12:31:26,2025-12-16T12:31:26,59.52,1.0,SetByAsk
2025-12-16 12:31:26,2025-12-16T12:31:26,59.52,1.0,SetByAsk
2025-12-16 12:31:26,2025-12-16T12:31:26,59.52,1.0,SetByAsk
2025-12-16 12:31:26,2025-12-16T12:31:26,59.52,1.0,SetByAsk
2025-12-16 12:31:26,2025-12-16T12:31:26,59.52,1.0,SetByAsk
2025-12-16 12:31:26,2025-12-16T12:31:26,59.52,1.0,SetByAsk
2025-12-16 12:31:26,2025-12-16T12:31:26,59.52,1.0,SetByAsk
2025-12-16 12:31:26,2025-12-16T12:31:26,59.52,1.0,SetByAsk
2025-12-16 12:31:26,2025-12-16T12:31:26,59.52,1.0,SetByAsk
2025-12-16 12:31:26,2025-12-16T12:31:26,59.52,1.0,SetByAsk
2025-12-16 12:31:26,2025-12-16T12:31:26,59.52,1.0,SetByAsk
2025-12-16 12:31:26,2025-12-16T12:31:26,59.52,1.0,SetByAsk
2025-12-16 12:31:26,2025-12-16T12:31:26,59.52,1.0,SetByAsk
2025-12-16 12:31:26,2025-12-16T12:31:26,59.52,1.0,SetByAsk
2025-12-16 12:31:26,2025-12-16T12:31:26,59.52,1.0,SetByAsk
2025-12-16 12:31:26,2025-12-16T12:31:26,59.52,1.0,SetByAsk
2025-12-16 12:31:26,2025-12-16T12:31:26,59.52,1.0,SetByAsk
2025-12-16 12:31:26,2025-12-16T12:31:26,59.52,1.0,SetByAsk
2025-12-16 12:31:26,2025-12-16T12:31:26,59.52,1.0,SetByAsk
2025-12-16 12:31:26,2025-12-16T12:31:26,59.52,1.0,SetByAsk
2025-12-16 12:31:26,2025-12-16T12:31:26,59.52,1.0,SetByAsk
2025-12-16 12:31:26,2025-12-16T12:31:26,59.52,1.0,SetByAsk
2025-12-16 12:31:26,2025-12-16T12:31:26,59.52,1.0,SetByAsk
2025-12-16 12:31:26,2025-12-16T12:31:26,59.52,1.0,SetByAsk
2025-12-16 12:31:26,2025-12-16T12:31:26,59.52,1.0,SetByAsk
2025-12-16 12:31:26,2025-12-16T12:31:26,59.52,1.0,SetByAsk
2025-12-16 12:31:26,2025-12-16T12:31:26,59.52,1.0,SetByAsk
2025-12-16 12:31:26,2025-12-16T12:31:26,59.52,1.0,SetByAsk
2025-12-16 12:31:26,2025-12-16T12:31:26,59.52,1.0,SetByAsk
2025-12-16 12:31:26,2025-12-16T12:31:26,59.52,1.0,SetByAsk
2025-12-16 12:31:26,2025-12-16T12:31:26,59.52,1.0,SetByAsk
2025-12-16 12:31:26,2025-12-16T12:31:26,59.52,1.0,SetByAsk
2025-12-16 12:31:26,2025-12-16T12:31:26,59.52,1.0,SetByAsk
2025-12-16 12:31:26,2025-12-16T12:31:26,59.52,1.0,SetByAsk
2025-12-16 12:31:26,2025-12-16T12:31:26,59.52,1.0,SetByAsk
2025-12-16 12:31:26,2025-12-16T12:31:26,59.52,1.0,SetByAsk
2025-12-16 12:31:26,2025-12-16T12:31:26,59.52,1.0,SetByAsk
2025-12-16 12:31:26,2025-12-16T12:31:26,59.52,1.0,SetByAsk
2025-12-16 12:31:26,2025-12-16T12:31:26,59.52,1.0,SetByAsk
2025-12-16 12:31:26,2025-12-16T12:31:26,59.52,1.0,SetByAsk
2025-12-16 12:31:26,2025-12-16T12:31:26,59.52,1.0,SetByAsk
2025-12-16 12:31:26,2025-12-16T12:31:26,59.52,1.0,SetByAsk
2025-12-16 12:31:26,2025-12-16T12:31:26,59.52,1.0,SetByBid
2025-12-16 12:31:26,2025-12-16T12:31:26,59.52,1.0,SetByBid
2025-12-16 12:31:26,2025-12-16T12:31:26,59.52,1.0,SetByBid
2025-12-16 12:31:26,2025-12-16T12:31:26,59.52,1.0,SetByBid
2025-12-16 12:31:26,2025-12-16T12:31:26,59.52,1.0,SetByBid
2025-12-16 12:31:26,2025-12-16T12:31:26,59.52,1.0,SetByBid
2025-12-16 12:31:26,2025-12-16T12:31:26,59.52,1.0,SetByAsk
2025-12-16 12:31:26,2025-12-16T12:31:26,59.52,1.0,SetByBid
2025-12-16 12:31:26,2025-12-16T12:31:26,59.52,1.0,SetByAsk
2025-12-16 12:31:26,2025-12-16T12:31:26,59.52,1.0,SetByAsk
2025-12-16 12:31:26,2025-12-16T12:31:26,59.52,1.0,SetByAsk
2025-12-16 12:31:26,2025-12-16T12:31:26,59.52,1.0,SetByAsk
2025-12-16 12:31:26,2025-12-16T12:31:26,59.52,1.0,SetByAsk
2025-12-16 12:31:26,2025-12-16T12:31:26,59.52,1.0,SetByAsk
2025-12-16 12:31:26,2025-12-16T12:31:26,59.53,1.0,SetByBid
2025-12-16 12:31:26,2025-12-16T12:31:26,59.52,1.0,SetByAsk
2025-12-16 12:31:26,2025-12-16T12:31:26,59.52,1.0,SetByAsk
2025-12-16 12:31:26,2025-12-16T12:31:26,59.52,1.0,SetByAsk
2025-12-16 12:31:26,2025-12-16T12:31:26,59.52,1.0,SetByAsk
2025-12-16 12:31:26,2025-12-16T12:31:26,59.52,1.0,SetByAsk
2025-12-16 12:31:26,2025-12-16T12:31:26,59.52,1.0,SetByAsk
2025-12-16 12:31:26,2025-12-16T12:31:26,59.52,1.0,SetByBid
2025-12-16 12:31:26,2025-12-16T12:31:26,59.52,1.0,SetByBid
2025-12-16 12:31:26,2025-12-16T12:31:26,59.52,1.0,SetByBid
2025-12-16 12:31:26,2025-12-16T12:31:26,59.52,1.0,SetByBid
2025-12-16 12:31:26,2025-12-16T12:31:26,59.52,1.0,SetByBid
2025-12-16 12:31:26,2025-12-16T12:31:26,59.52,1.0,SetByBid
2025-12-16 12:31:26,2025-12-16T12:31:26,59.52,1.0,SetByBid
2025-12-16 12:31:26,2025-12-16T12:31:26,59.52,1.0,SetByBid
2025-12-16 12:31:26,2025-12-16T12:31:26,59.52,1.0,SetByBid
2025-12-16 12:31:26,2025-12-16T12:31:26,59.52,1.0,SetByBid
2025-12-16 12:31:43,2025-12-16T12:31:43,59.52,1.0,SetByBid
2025-12-16 12:31:47,2025-12-16T12:31:47,59.53,1.0,SetByBid
2025-12-16 12:31:47,2025-12-16T12:31:47,59.53,1.0,SetByBid
2025-12-16 12:31:56,2025-12-16T12:31:56,59.53,1.0,SetByBid
2025-12-16 12:31:56,2025-12-16T12:31:56,59.53,1.0,SetByBid
2025-12-16 12:32:01,2025-12-16T12:32:01,59.53,1.0,SetByAsk
2025-12-16 12:32:01,2025-12-16T12:32:01,59.53,1.0,SetByAsk
2025-12-16 12:32:01,2025-12-16T12:32:01,59.53,1.0,SetByAsk
2025-12-16 12:32:01,2025-12-16T12:32:01,59.53,1.0,SetByAsk
2025-12-16 12:32:01,2025-12-16T12:32:01,59.53,1.0,SetByAsk
2025-12-16 12:32:01,2025-12-16T12:32:01,59.53,1.0,SetByAsk
2025-12-16 12:32:01,2025-12-16T12:32:01,59.53,1.0,SetByAsk
2025-12-16 12:32:16,2025-12-16T12:32:16,59.53,1.0,SetByAsk
2025-12-16 12:32:16,2025-12-16T12:32:16,59.53,1.0,SetByAsk
2025-12-16 12:32:16,2025-12-16T12:32:16,59.53,1.0,SetByAsk
2025-12-16 12:32:16,2025-12-16T12:32:16,59.53,1.0,SetByAsk
2025-12-16 12:32:16,2025-12-16T12:32:16,59.53,1.0,SetByAsk
2025-12-16 12:32:16,2025-12-16T12:32:16,59.53,1.0,SetByAsk
2025-12-16 12:32:16,2025-12-16T12:32:16,59.53,1.0,SetByAsk
2025-12-16 12:32:16,2025-12-16T12:32:16,59.53,1.0,SetByAsk
2025-12-16 12:32:16,2025-12-16T12:32:16,59.53,1.0,SetByAsk
2025-12-16 12:32:16,2025-12-16T12:32:16,59.53,1.0,SetByAsk
2025-12-16 12:32:16,2025-12-16T12:32:16,59.53,2.0,SetByAsk
2025-12-16 12:32:16,2025-12-16T12:32:16,59.53,1.0,SetByAsk
2025-12-16 12:32:16,2025-12-16T12:32:16,59.53,1.0,SetByAsk
2025-12-16 12:32:16,2025-12-16T12:32:16,59.53,2.0,SetByAsk
2025-12-16 12:32:16,2025-12-16T12:32:16,59.53,1.0,SetByAsk
2025-12-16 12:32:16,2025-12-16T12:32:16,59.53,1.0,SetByAsk
2025-12-16 12:32:16,2025-12-16T12:32:16,59.53,1.0,SetByAsk
2025-12-16 12:32:16,2025-12-16T12:32:16,59.53,1.0,SetByAsk
2025-12-16 12:32:16,2025-12-16T12:32:16,59.53,2.0,SetByAsk
2025-12-16 12:32:16,2025-12-16T12:32:16,59.53,1.0,SetByAsk
2025-12-16 12:32:16,2025-12-16T12:32:16,59.53,1.0,SetByAsk
2025-12-16 12:32:16,2025-12-16T12:32:16,59.53,1.0,SetByAsk
2025-12-16 12:32:16,2025-12-16T12:32:16,59.53,1.0,SetByAsk
2025-12-16 12:32:16,2025-12-16T12:32:16,59.53,1.0,SetByAsk
2025-12-16 12:32:16,2025-12-16T12:32:16,59.53,1.0,SetByBid
2025-12-16 12:32:16,2025-12-16T12:32:16,59.53,1.0,SetByBid
2025-12-16 12:32:16,2025-12-16T12:32:16,59.53,1.0,SetByBid
2025-12-16 12:32:16,2025-12-16T12:32:16,59.53,1.0,SetByBid
2025-12-16 12:32:16,2025-12-16T12:32:16,59.53,1.0,SetByBid
2025-12-16 12:32:16,2025-12-16T12:32:16,59.53,1.0,SetByBid
2025-12-16 12:32:22,2025-12-16T12:32:22,59.53,1.0,SetByBid
2025-12-16 12:32:22,2025-12-16T12:32:22,59.53,1.0,SetByBid
2025-12-16 12:32:23,2025-12-16T12:32:23,59.53,1.0,SetByBid
2025-12-16 12:32:29,2025-12-16T12:32:29,59.51,1.0,SetByAsk
2025-12-16 12:32:29,2025-12-16T12:32:29,59.51,1.0,SetByAsk
2025-12-16 12:32:35,2025-12-16T12:32:35,59.5,5.0,SetByAsk
2025-12-16 12:32:35,2025-12-16T12:32:35,59.5,1.0,SetByAsk
2025-12-16 12:32:35,2025-12-16T12:32:35,59.5,1.0,SetByAsk
2025-12-16 12:32:35,2025-12-16T12:32:35,59.5,4.0,SetByAsk
2025-12-16 12:32:35,2025-12-16T12:32:35,59.5,3.0,SetByAsk
2025-12-16 12:32:35,2025-12-16T12:32:35,59.5,1.0,SetByAsk
2025-12-16 12:32:35,2025-12-16T12:32:35,59.5,1.0,SetByAsk
2025-12-16 12:32:35,2025-12-16T12:32:35,59.5,1.0,SetByAsk
2025-12-16 12:32:35,2025-12-16T12:32:35,59.5,1.0,SetByAsk
2025-12-16 12:32:36,2025-12-16T12:32:36,59.5,1.0,SetByBid
2025-12-16 12:32:39,2025-12-16T12:32:39,59.49,1.0,SetByAsk
2025-12-16 12:32:39,2025-12-16T12:32:39,59.49,1.0,SetByAsk
2025-12-16 12:32:39,2025-12-16T12:32:39,59.49,1.0,SetByAsk
2025-12-16 12:32:39,2025-12-16T12:32:39,59.5,1.0,SetByBid
2025-12-16 12:32:39,2025-12-16T12:32:39,59.5,1.0,SetByBid
2025-12-16 12:32:39,2025-12-16T12:32:39,59.5,1.0,SetByBid
2025-12-16 12:32:39,2025-12-16T12:32:39,59.5,1.0,SetByBid
2025-12-16 12:32:39,2025-12-16T12:32:39,59.5,1.0,SetByBid
2025-12-16 12:32:44,2025-12-16T12:32:44,59.5,3.0,SetByBid
2025-12-16 12:32:44,2025-12-16T12:32:44,59.5,1.0,SetByBid
2025-12-16 12:32:44,2025-12-16T12:32:44,59.5,1.0,SetByBid
2025-12-16 12:32:44,2025-12-16T12:32:44,59.5,1.0,SetByBid
2025-12-16 12:32:44,2025-12-16T12:32:44,59.5,11.0,SetByBid
2025-12-16 12:32:49,2025-12-16T12:32:49,59.5,1.0,SetByBid
2025-12-16 12:32:49,2025-12-16T12:32:49,59.5,1.0,SetByBid
2025-12-16 12:32:49,2025-12-16T12:32:49,59.5,11.0,SetByBid
2025-12-16 12:32:49,2025-12-16T12:32:49,59.5,1.0,SetByBid
2025-12-16 12:32:49,2025-12-16T12:32:49,59.5,14.0,SetByBid
2025-12-16 12:33:01,2025-12-16T12:33:01,59.52,1.0,SetByAsk
2025-12-16 12:33:02,2025-12-16T12:33:02,59.51,1.0,SetByAsk
2025-12-16 12:33:34,2025-12-16T12:33:34,59.5,1.0,SetByBid
2025-12-16 12:33:43,2025-12-16T12:33:43,59.5,1.0,SetByBid
2025-12-16 12:33:44,2025-12-16T12:33:44,59.49,1.0,SetByAsk
2025-12-16 12:33:44,2025-12-16T12:33:44,59.49,1.0,SetByAsk
2025-12-16 12:33:44,2025-12-16T12:33:44,59.49,1.0,SetByAsk
2025-12-16 12:33:44,2025-12-16T12:33:44,59.49,1.0,SetByAsk
2025-12-16 12:33:44,2025-12-16T12:33:44,59.49,1.0,SetByAsk
2025-12-16 12:33:44,2025-12-16T12:33:44,59.49,2.0,"SetByAsk, Leg"
2025-12-16 12:33:44,2025-12-16T12:33:44,59.49,1.0,"SetByAsk, Leg"
2025-12-16 12:33:44,2025-12-16T12:33:44,59.49,1.0,"SetByAsk, Leg"
2025-12-16 12:33:45,2025-12-16T12:33:45,59.49,1.0,"SetByAsk, Leg"
2025-12-16 12:33:45,2025-12-16T12:33:45,59.49,1.0,"SetByAsk, Leg"
2025-12-16 12:33:45,2025-12-16T12:33:45,59.49,1.0,"SetByAsk, Leg"
2025-12-16 12:33:49,2025-12-16T12:33:49,59.5,1.0,SetByBid
2025-12-16 12:33:49,2025-12-16T12:33:49,59.5,1.0,SetByBid
2025-12-16 12:33:49,2025-12-16T12:33:49,59.5,1.0,SetByBid
2025-12-16 12:33:49,2025-12-16T12:33:49,59.5,1.0,SetByBid
2025-12-16 12:33:49,2025-12-16T12:33:49,59.5,1.0,SetByBid
2025-12-16 12:33:54,2025-12-16T12:33:54,59.5,1.0,SetByBid
2025-12-16 12:34:00,2025-12-16T12:34:00,59.5,1.0,SetByBid
2025-12-16 12:34:03,2025-12-16T12:34:03,59.5,1.0,SetByBid
2025-12-16 12:34:05,2025-12-16T12:34:05,59.5,1.0,SetByBid
2025-12-16 12:34:06,2025-12-16T12:34:06,59.5,1.0,SetByBid
2025-12-16 12:34:06,2025-12-16T12:34:06,59.5,1.0,SetByBid
2025-12-16 12:34:08,2025-12-16T12:34:08,59.5,1.0,SetByBid
2025-12-16 12:34:09,2025-12-16T12:34:09,59.5,1.0,SetByBid
2025-12-16 12:34:09,2025-12-16T12:34:09,59.5,1.0,SetByAsk
2025-12-16 12:34:09,2025-12-16T12:34:09,59.5,1.0,SetByAsk
2025-12-16 12:34:17,2025-12-16T12:34:17,59.5,1.0,SetByAsk
2025-12-16 12:34:17,2025-12-16T12:34:17,59.5,1.0,SetByAsk
2025-12-16 12:34:17,2025-12-16T12:34:17,59.5,1.0,SetByAsk
2025-12-16 12:34:17,2025-12-16T12:34:17,59.5,1.0,SetByAsk
2025-12-16 12:34:17,2025-12-16T12:34:17,59.5,1.0,SetByAsk
2025-12-16 12:34:17,2025-12-16T12:34:17,59.5,1.0,SetByAsk
2025-12-16 12:34:17,2025-12-16T12:34:17,59.5,1.0,SetByAsk
2025-12-16 12:34:17,2025-12-16T12:34:17,59.5,1.0,SetByAsk
2025-12-16 12:34:17,2025-12-16T12:34:17,59.5,1.0,SetByAsk
2025-12-16 12:34:17,2025-12-16T12:34:17,59.5,1.0,SetByAsk
2025-12-16 12:34:17,2025-12-16T12:34:17,59.5,1.0,SetByAsk
2025-12-16 12:34:17,2025-12-16T12:34:17,59.5,1.0,SetByAsk
2025-12-16 12:34:17,2025-12-16T12:34:17,59.5,1.0,SetByAsk
2025-12-16 12:34:17,2025-12-16T12:34:17,59.5,1.0,SetByAsk
2025-12-16 12:34:17,2025-12-16T12:34:17,59.5,1.0,SetByAsk
2025-12-16 12:34:17,2025-12-16T12:34:17,59.5,1.0,SetByAsk
2025-12-16 12:34:17,2025-12-16T12:34:17,59.5,1.0,SetByAsk
2025-12-16 12:34:17,2025-12-16T12:34:17,59.5,1.0,SetByAsk
2025-12-16 12:34:17,2025-12-16T12:34:17,59.5,1.0,SetByAsk
2025-12-16 12:34:17,2025-12-16T12:34:17,59.5,1.0,SetByAsk
2025-12-16 12:34:17,2025-12-16T12:34:17,59.5,1.0,SetByAsk
2025-12-16 12:34:17,2025-12-16T12:34:17,59.5,1.0,SetByAsk
2025-12-16 12:34:17,2025-12-16T12:34:17,59.5,1.0,SetByAsk
2025-12-16 12:34:17,2025-12-16T12:34:17,59.5,1.0,SetByAsk
2025-12-16 12:34:17,2025-12-16T12:34:17,59.5,1.0,SetByAsk
2025-12-16 12:34:17,2025-12-16T12:34:17,59.5,1.0,SetByAsk
2025-12-16 12:34:17,2025-12-16T12:34:17,59.5,1.0,SetByAsk
2025-12-16 12:34:17,2025-12-16T12:34:17,59.5,1.0,SetByBid
2025-12-16 12:34:17,2025-12-16T12:34:17,59.5,1.0,SetByBid
2025-12-16 12:34:17,2025-12-16T12:34:17,59.5,1.0,SetByBid
2025-12-16 12:34:17,2025-12-16T12:34:17,59.5,1.0,SetByBid
2025-12-16 12:34:17,2025-12-16T12:34:17,59.5,1.0,SetByBid
2025-12-16 12:34:17,2025-12-16T12:34:17,59.5,1.0,SetByBid
2025-12-16 12:34:17,2025-12-16T12:34:17,59.5,1.0,SetByBid
2025-12-16 12:34:17,2025-12-16T12:34:17,59.5,1.0,SetByBid
2025-12-16 12:34:17,2025-12-16T12:34:17,59.5,1.0,SetByBid
2025-12-16 12:34:17,2025-12-16T12:34:17,59.5,1.0,SetByBid
2025-12-16 12:34:17,2025-12-16T12:34:17,59.5,1.0,SetByAsk
2025-12-16 12:34:17,2025-12-16T12:34:17,59.5,1.0,SetByAsk
2025-12-16 12:34:17,2025-12-16T12:34:17,59.5,1.0,SetByAsk
2025-12-16 12:34:17,2025-12-16T12:34:17,59.5,1.0,SetByAsk
2025-12-16 12:34:17,2025-12-16T12:34:17,59.5,1.0,SetByBid
2025-12-16 12:34:17,2025-12-16T12:34:17,59.5,1.0,SetByBid
2025-12-16 12:34:17,2025-12-16T12:34:17,59.5,1.0,SetByBid
2025-12-16 12:34:17,2025-12-16T12:34:17,59.5,1.0,SetByBid
2025-12-16 12:34:17,2025-12-16T12:34:17,59.5,1.0,SetByBid
2025-12-16 12:34:17,2025-12-16T12:34:17,59.5,1.0,SetByBid
2025-12-16 12:34:17,2025-12-16T12:34:17,59.5,1.0,SetByBid
2025-12-16 12:34:17,2025-12-16T12:34:17,59.5,1.0,SetByAsk
2025-12-16 12:34:17,2025-12-16T12:34:17,59.5,1.0,SetByAsk
2025-12-16 12:34:17,2025-12-16T12:34:17,59.5,1.0,SetByAsk
2025-12-16 12:34:17,2025-12-16T12:34:17,59.5,1.0,SetByBid
2025-12-16 12:34:28,2025-12-16T12:34:28,59.5,2.0,SetByAsk
2025-12-16 12:34:28,2025-12-16T12:34:28,59.5,1.0,SetByAsk
2025-12-16 12:34:28,2025-12-16T12:34:28,59.5,1.0,SetByAsk
2025-12-16 12:34:28,2025-12-16T12:34:28,59.5,1.0,SetByAsk
2025-12-16 12:34:28,2025-12-16T12:34:28,59.5,1.0,SetByAsk
2025-12-16 12:34:28,2025-12-16T12:34:28,59.5,1.0,SetByAsk
2025-12-16 12:34:28,2025-12-16T12:34:28,59.5,1.0,SetByAsk
2025-12-16 12:34:28,2025-12-16T12:34:28,59.5,1.0,SetByAsk
2025-12-16 12:34:28,2025-12-16T12:34:28,59.5,1.0,SetByAsk
2025-12-16 12:34:28,2025-12-16T12:34:28,59.5,1.0,SetByAsk
2025-12-16 12:34:28,2025-12-16T12:34:28,59.5,1.0,SetByAsk
2025-12-16 12:34:28,2025-12-16T12:34:28,59.5,1.0,SetByAsk
2025-12-16 12:34:28,2025-12-16T12:34:28,59.5,1.0,SetByAsk
2025-12-16 12:34:28,2025-12-16T12:34:28,59.5,1.0,SetByAsk
2025-12-16 12:34:28,2025-12-16T12:34:28,59.5,1.0,SetByAsk
2025-12-16 12:34:28,2025-12-16T12:34:28,59.5,1.0,SetByAsk
2025-12-16 12:34:28,2025-12-16T12:34:28,59.5,1.0,SetByAsk
2025-12-16 12:34:28,2025-12-16T12:34:28,59.5,1.0,SetByAsk
2025-12-16 12:34:28,2025-12-16T12:34:28,59.5,1.0,SetByAsk
2025-12-16 12:34:29,2025-12-16T12:34:29,59.51,1.0,SetByAsk
2025-12-16 12:34:29,2025-12-16T12:34:29,59.51,1.0,SetByAsk
2025-12-16 12:34:29,2025-12-16T12:34:29,59.51,1.0,SetByAsk
2025-12-16 12:34:29,2025-12-16T12:34:29,59.51,1.0,SetByAsk
2025-12-16 12:34:29,2025-12-16T12:34:29,59.51,1.0,SetByAsk
2025-12-16 12:34:29,2025-12-16T12:34:29,59.51,1.0,SetByAsk
2025-12-16 12:34:29,2025-12-16T12:34:29,59.51,1.0,SetByAsk
2025-12-16 12:34:29,2025-12-16T12:34:29,59.51,1.0,SetByAsk
2025-12-16 12:34:29,2025-12-16T12:34:29,59.51,1.0,SetByAsk
2025-12-16 12:34:29,2025-12-16T12:34:29,59.51,1.0,SetByAsk
2025-12-16 12:34:29,2025-12-16T12:34:29,59.51,1.0,SetByAsk
2025-12-16 12:34:29,2025-12-16T12:34:29,59.51,1.0,SetByAsk
2025-12-16 12:34:29,2025-12-16T12:34:29,59.51,1.0,SetByAsk
2025-12-16 12:34:29,2025-12-16T12:34:29,59.51,1.0,SetByAsk
2025-12-16 12:34:29,2025-12-16T12:34:29,59.51,1.0,SetByAsk
2025-12-16 12:34:29,2025-12-16T12:34:29,59.51,1.0,SetByAsk
2025-12-16 12:34:29,2025-12-16T12:34:29,59.51,1.0,SetByAsk
2025-12-16 12:34:29,2025-12-16T12:34:29,59.51,1.0,SetByAsk
2025-12-16 12:34:29,2025-12-16T12:34:29,59.51,1.0,SetByAsk
2025-12-16 12:34:29,2025-12-16T12:34:29,59.51,1.0,SetByAsk
2025-12-16 12:34:29,2025-12-16T12:34:29,59.51,1.0,SetByAsk
2025-12-16 12:34:29,2025-12-16T12:34:29,59.51,1.0,SetByAsk
2025-12-16 12:34:29,2025-12-16T12:34:29,59.51,1.0,SetByAsk
2025-12-16 12:34:29,2025-12-16T12:34:29,59.51,1.0,SetByAsk
2025-12-16 12:34:29,2025-12-16T12:34:29,59.51,1.0,SetByAsk
2025-12-16 12:34:29,2025-12-16T12:34:29,59.5,1.0,SetByAsk
2025-12-16 12:34:29,2025-12-16T12:34:29,59.5,1.0,SetByAsk
2025-12-16 12:34:29,2025-12-16T12:34:29,59.5,1.0,SetByAsk
2025-12-16 12:34:29,2025-12-16T12:34:29,59.5,1.0,SetByAsk
2025-12-16 12:34:29,2025-12-16T12:34:29,59.5,1.0,SetByAsk
2025-12-16 12:34:29,2025-12-16T12:34:29,59.5,1.0,SetByAsk
2025-12-16 12:34:29,2025-12-16T12:34:29,59.5,1.0,SetByAsk
2025-12-16 12:34:29,2025-12-16T12:34:29,59.5,1.0,SetByAsk
2025-12-16 12:34:29,2025-12-16T12:34:29,59.5,1.0,SetByAsk
2025-12-16 12:34:29,2025-12-16T12:34:29,59.5,1.0,SetByAsk
2025-12-16 12:34:29,2025-12-16T12:34:29,59.5,1.0,SetByAsk
2025-12-16 12:34:29,2025-12-16T12:34:29,59.5,1.0,SetByAsk
2025-12-16 12:34:29,2025-12-16T12:34:29,59.5,1.0,SetByAsk
2025-12-16 12:34:29,2025-12-16T12:34:29,59.5,1.0,SetByAsk
2025-12-16 12:34:29,2025-12-16T12:34:29,59.5,1.0,SetByAsk
2025-12-16 12:34:29,2025-12-16T12:34:29,59.5,1.0,SetByAsk
2025-12-16 12:34:29,2025-12-16T12:34:29,59.5,1.0,SetByAsk
2025-12-16 12:34:29,2025-12-16T12:34:29,59.5,1.0,SetByAsk
2025-12-16 12:34:29,2025-12-16T12:34:29,59.5,1.0,SetByAsk
2025-12-16 12:34:29,2025-12-16T12:34:29,59.5,1.0,SetByAsk
2025-12-16 12:34:29,2025-12-16T12:34:29,59.5,1.0,SetByAsk
2025-12-16 12:34:33,2025-12-16T12:34:33,59.51,1.0,SetByBid
2025-12-16 12:34:57,2025-12-16T12:34:57,59.51,4.0,SetByAsk
2025-12-16 12:35:13,2025-12-16T12:35:13,59.51,1.0,SetByBid
2025-12-16 12:35:13,2025-12-16T12:35:13,59.51,1.0,SetByBid
2025-12-16 12:35:22,2025-12-16T12:35:22,59.5,1.0,SetByAsk
2025-12-16 12:35:22,2025-12-16T12:35:22,59.5,1.0,SetByAsk
2025-12-16 12:35:22,2025-12-16T12:35:22,59.5,1.0,SetByAsk
2025-12-16 12:35:22,2025-12-16T12:35:22,59.5,2.0,SetByAsk
2025-12-16 12:35:22,2025-12-16T12:35:22,59.5,1.0,SetByAsk
2025-12-16 12:35:27,2025-12-16T12:35:27,59.51,1.0,SetByAsk
2025-12-16 12:35:50,2025-12-16T12:35:50,59.49,1.0,SetByAsk
2025-12-16 12:35:50,2025-12-16T12:35:50,59.49,1.0,SetByAsk
2025-12-16 12:35:50,2025-12-16T12:35:50,59.49,1.0,SetByAsk
2025-12-16 12:35:50,2025-12-16T12:35:50,59.49,3.0,SetByAsk
2025-12-16 12:35:50,2025-12-16T12:35:50,59.49,1.0,SetByAsk
2025-12-16 12:35:50,2025-12-16T12:35:50,59.49,2.0,SetByAsk
2025-12-16 12:35:50,2025-12-16T12:35:50,59.49,1.0,SetByAsk
2025-12-16 12:35:50,2025-12-16T12:35:50,59.49,1.0,"SetByAsk, Leg"
2025-12-16 12:35:50,2025-12-16T12:35:50,59.49,1.0,"SetByAsk, Leg"
2025-12-16 12:35:50,2025-12-16T12:35:50,59.49,1.0,"SetByAsk, Leg"
2025-12-16 12:35:50,2025-12-16T12:35:50,59.49,1.0,"SetByAsk, Leg"
2025-12-16 12:35:50,2025-12-16T12:35:50,59.49,1.0,"SetByAsk, Leg"
2025-12-16 12:35:50,2025-12-16T12:35:50,59.49,1.0,"SetByAsk, Leg"
2025-12-16 12:35:50,2025-12-16T12:35:50,59.48,1.0,SetByAsk
2025-12-16 12:35:51,2025-12-16T12:35:51,59.46,1.0,SetByBid
2025-12-16 12:35:53,2025-12-16T12:35:53,59.48,1.0,SetByBid
2025-12-16 12:35:53,2025-12-16T12:35:53,59.48,1.0,SetByBid
2025-12-16 12:36:02,2025-12-16T12:36:02,59.49,1.0,SetByAsk
2025-12-16 12:36:02,2025-12-16T12:36:02,59.49,1.0,SetByAsk
2025-12-16 12:36:02,2025-12-16T12:36:02,59.48,1.0,SetByAsk
2025-12-16 12:36:02,2025-12-16T12:36:02,59.49,1.0,SetByBid
2025-12-16 12:36:16,2025-12-16T12:36:16,59.49,2.0,SetByAsk
2025-12-16 12:36:32,2025-12-16T12:36:32,59.47,1.0,SetByAsk
2025-12-16 12:36:32,2025-12-16T12:36:32,59.47,1.0,SetByAsk
2025-12-16 12:36:45,2025-12-16T12:36:45,59.47,1.0,SetByAsk
2025-12-16 12:36:46,2025-12-16T12:36:46,59.47,12.0,SetByAsk
2025-12-16 12:36:46,2025-12-16T12:36:46,59.47,1.0,SetByAsk
2025-12-16 12:36:48,2025-12-16T12:36:48,59.47,2.0,SetByAsk
2025-12-16 12:36:57,2025-12-16T12:36:57,59.47,1.0,SetByBid
2025-12-16 12:36:57,2025-12-16T12:36:57,59.47,1.0,SetByBid
2025-12-16 12:37:32,2025-12-16T12:37:32,59.47,1.0,SetByAsk
2025-12-16 12:37:32,2025-12-16T12:37:32,59.47,1.0,SetByAsk
2025-12-16 12:37:38,2025-12-16T12:37:38,59.48,1.0,SetByBid
2025-12-16 12:37:38,2025-12-16T12:37:38,59.48,1.0,SetByAsk
2025-12-16 12:37:38,2025-12-16T12:37:38,59.49,1.0,SetByBid
2025-12-16 12:37:38,2025-12-16T12:37:38,59.49,1.0,SetByAsk
2025-12-16 12:37:51,2025-12-16T12:37:51,59.5,1.0,SetByAsk
2025-12-16 12:38:01,2025-12-16T12:38:01,59.49,1.0,SetByAsk
2025-12-16 12:38:09,2025-12-16T12:38:09,59.48,1.0,SetByAsk
2025-12-16 12:38:09,2025-12-16T12:38:09,59.48,1.0,SetByAsk
2025-12-16 12:38:09,2025-12-16T12:38:09,59.48,1.0,SetByAsk
2025-12-16 12:38:09,2025-12-16T12:38:09,59.48,1.0,SetByAsk
2025-12-16 12:38:09,2025-12-16T12:38:09,59.48,3.0,SetByAsk
2025-12-16 12:38:09,2025-12-16T12:38:09,59.48,1.0,SetByAsk
2025-12-16 12:38:14,2025-12-16T12:38:14,59.47,1.0,SetByAsk
2025-12-16 12:38:21,2025-12-16T12:38:21,59.45,1.0,SetByAsk
2025-12-16 12:38:21,2025-12-16T12:38:21,59.45,8.0,SetByAsk
2025-12-16 12:38:21,2025-12-16T12:38:21,59.45,3.0,SetByAsk
2025-12-16 12:38:21,2025-12-16T12:38:21,59.45,19.0,SetByAsk
2025-12-16 12:38:29,2025-12-16T12:38:29,59.45,1.0,SetByBid
2025-12-16 12:38:29,2025-12-16T12:38:29,59.45,2.0,SetByBid
2025-12-16 12:38:29,2025-12-16T12:38:29,59.45,1.0,SetByBid
2025-12-16 12:38:57,2025-12-16T12:38:57,59.42,1.0,SetByAsk
2025-12-16 12:39:04,2025-12-16T12:39:04,59.41,1.0,SetByBid
2025-12-16 12:39:04,2025-12-16T12:39:04,59.41,1.0,SetByBid
2025-12-16 12:39:21,2025-12-16T12:39:21,59.39,1.0,SetByAsk
2025-12-16 12:39:21,2025-12-16T12:39:21,59.39,1.0,SetByAsk
2025-12-16 12:39:28,2025-12-16T12:39:28,59.39,1.0,SetByBid
2025-12-16 12:39:32,2025-12-16T12:39:32,59.39,1.0,SetByAsk
2025-12-16 12:39:33,2025-12-16T12:39:33,59.39,1.0,SetByBid
2025-12-16 12:39:35,2025-12-16T12:39:35,59.42,1.0,SetByBid
2025-12-16 12:39:35,2025-12-16T12:39:35,59.42,1.0,SetByBid
2025-12-16 12:39:35,2025-12-16T12:39:35,59.41,1.0,SetByAsk
2025-12-16 12:39:35,2025-12-16T12:39:35,59.41,1.0,SetByAsk
2025-12-16 12:39:40,2025-12-16T12:39:40,59.41,1.0,SetByAsk
2025-12-16 12:39:44,2025-12-16T12:39:44,59.42,1.0,SetByBid
2025-12-16 12:39:44,2025-12-16T12:39:44,59.42,1.0,SetByBid
2025-12-16 12:39:52,2025-12-16T12:39:52,59.43,1.0,SetByAsk
2025-12-16 12:40:08,2025-12-16T12:40:08,59.44,1.0,SetByBid
2025-12-16 12:40:24,2025-12-16T12:40:24,59.45,1.0,SetByAsk
2025-12-16 12:40:47,2025-12-16T12:40:47,59.46,3.0,SetByAsk
2025-12-16 12:40:54,2025-12-16T12:40:54,59.46,1.0,SetByAsk
2025-12-16 12:41:02,2025-12-16T12:41:02,59.46,2.0,SetByAsk
2025-12-16 12:41:02,2025-12-16T12:41:02,59.46,1.0,SetByAsk
2025-12-16 12:41:02,2025-12-16T12:41:02,59.46,3.0,SetByAsk
2025-12-16 12:41:17,2025-12-16T12:41:17,59.47,1.0,SetByBid
2025-12-16 12:41:28,2025-12-16T12:41:28,59.48,1.0,SetByBid
2025-12-16 12:41:28,2025-12-16T12:41:28,59.48,1.0,SetByBid
2025-12-16 12:41:41,2025-12-16T12:41:41,59.46,1.0,SetByAsk
2025-12-16 12:41:49,2025-12-16T12:41:49,59.46,1.0,SetByAsk
2025-12-16 12:41:49,2025-12-16T12:41:49,59.46,6.0,SetByAsk
2025-12-16 12:41:51,2025-12-16T12:41:51,59.45,1.0,SetByAsk
2025-12-16 12:41:51,2025-12-16T12:41:51,59.45,1.0,SetByAsk
2025-12-16 12:41:51,2025-12-16T12:41:51,59.45,1.0,SetByAsk
2025-12-16 12:41:51,2025-12-16T12:41:51,59.45,1.0,SetByBid
2025-12-16 12:42:05,2025-12-16T12:42:05,59.46,2.0,SetByBid
2025-12-16 12:42:05,2025-12-16T12:42:05,59.46,1.0,SetByBid
2025-12-16 12:42:05,2025-12-16T12:42:05,59.47,1.0,SetByBid
2025-12-16 12:42:05,2025-12-16T12:42:05,59.47,1.0,SetByBid
2025-12-16 12:42:05,2025-12-16T12:42:05,59.47,1.0,SetByBid
2025-12-16 12:42:05,2025-12-16T12:42:05,59.47,1.0,SetByBid
2025-12-16 12:42:53,2025-12-16T12:42:53,59.48,1.0,SetByBid
2025-12-16 12:43:27,2025-12-16T12:43:27,59.49,1.0,SetByBid
2025-12-16 12:43:43,2025-12-16T12:43:43,59.5,1.0,SetByBid
2025-12-16 12:43:59,2025-12-16T12:43:59,59.5,1.0,SetByAsk
2025-12-16 12:44:14,2025-12-16T12:44:14,59.48,1.0,SetByAsk
2025-12-16 12:44:15,2025-12-16T12:44:15,59.48,1.0,SetByAsk
2025-12-16 12:44:18,2025-12-16T12:44:18,59.46,1.0,SetByAsk
2025-12-16 12:44:21,2025-12-16T12:44:21,59.47,1.0,SetByAsk
2025-12-16 12:44:21,2025-12-16T12:44:21,59.47,2.0,SetByAsk
2025-12-16 12:44:22,2025-12-16T12:44:22,59.47,1.0,SetByBid
2025-12-16 12:44:55,2025-12-16T12:44:55,59.5,1.0,SetByBid
2025-12-16 12:44:55,2025-12-16T12:44:55,59.5,1.0,SetByBid
2025-12-16 12:45:18,2025-12-16T12:45:18,59.51,1.0,SetByBid
2025-12-16 12:45:18,2025-12-16T12:45:18,59.51,1.0,SetByBid
2025-12-16 12:45:18,2025-12-16T12:45:18,59.51,3.0,SetByBid
2025-12-16 12:45:18,2025-12-16T12:45:18,59.52,1.0,SetByBid
2025-12-16 12:45:18,2025-12-16T12:45:18,59.52,1.0,SetByBid
2025-12-16 12:45:40,2025-12-16T12:45:40,59.5,1.0,SetByBid
2025-12-16 12:45:41,2025-12-16T12:45:41,59.5,1.0,SetByBid
2025-12-16 12:46:15,2025-12-16T12:46:15,59.51,1.0,SetByBid
2025-12-16 12:46:15,2025-12-16T12:46:15,59.51,1.0,SetByBid
2025-12-16 12:46:15,2025-12-16T12:46:15,59.51,1.0,SetByBid
2025-12-16 12:46:15,2025-12-16T12:46:15,59.51,1.0,SetByBid
2025-12-16 12:46:15,2025-12-16T12:46:15,59.51,1.0,SetByBid
2025-12-16 12:46:15,2025-12-16T12:46:15,59.51,1.0,SetByAsk
2025-12-16 12:46:15,2025-12-16T12:46:15,59.51,1.0,SetByAsk
2025-12-16 12:46:15,2025-12-16T12:46:15,59.51,5.0,SetByAsk
2025-12-16 12:46:15,2025-12-16T12:46:15,59.51,1.0,SetByAsk
2025-12-16 12:46:15,2025-12-16T12:46:15,59.51,3.0,SetByAsk
2025-12-16 12:46:15,2025-12-16T12:46:15,59.51,9.0,SetByAsk
2025-12-16 12:46:23,2025-12-16T12:46:23,59.52,1.0,"SetByBid, Leg"
2025-12-16 12:46:23,2025-12-16T12:46:23,59.53,1.0,"SetByBid, Leg"
2025-12-16 12:46:23,2025-12-16T12:46:23,59.53,1.0,SetByBid
2025-12-16 12:46:23,2025-12-16T12:46:23,59.53,1.0,SetByBid
2025-12-16 12:46:23,2025-12-16T12:46:23,59.53,1.0,SetByBid
2025-12-16 12:46:23,2025-12-16T12:46:23,59.53,1.0,SetByBid
2025-12-16 12:46:23,2025-12-16T12:46:23,59.53,1.0,SetByBid
2025-12-16 12:46:23,2025-12-16T12:46:23,59.53,1.0,SetByBid
2025-12-16 12:46:23,2025-12-16T12:46:23,59.53,1.0,SetByBid
2025-12-16 12:46:23,2025-12-16T12:46:23,59.53,1.0,SetByBid
2025-12-16 12:46:23,2025-12-16T12:46:23,59.53,1.0,SetByBid
2025-12-16 12:46:23,2025-12-16T12:46:23,59.53,1.0,SetByBid
2025-12-16 12:46:23,2025-12-16T12:46:23,59.53,1.0,SetByBid
2025-12-16 12:46:23,2025-12-16T12:46:23,59.53,1.0,SetByBid
2025-12-16 12:46:23,2025-12-16T12:46:23,59.53,1.0,SetByBid
2025-12-16 12:46:23,2025-12-16T12:46:23,59.53,1.0,SetByBid
2025-12-16 12:46:23,2025-12-16T12:46:23,59.53,1.0,SetByBid
2025-12-16 12:46:23,2025-12-16T12:46:23,59.53,1.0,SetByBid
2025-12-16 12:46:23,2025-12-16T12:46:23,59.53,1.0,SetByBid
2025-12-16 12:46:23,2025-12-16T12:46:23,59.53,1.0,SetByBid
2025-12-16 12:46:23,2025-12-16T12:46:23,59.53,1.0,SetByBid
2025-12-16 12:46:23,2025-12-16T12:46:23,59.53,1.0,SetByBid
2025-12-16 12:46:23,2025-12-16T12:46:23,59.53,1.0,SetByBid
2025-12-16 12:46:23,2025-12-16T12:46:23,59.53,1.0,SetByBid
2025-12-16 12:46:23,2025-12-16T12:46:23,59.53,1.0,SetByBid
2025-12-16 12:46:49,2025-12-16T12:46:49,59.51,4.0,SetByAsk
2025-12-16 12:46:50,2025-12-16T12:46:50,59.52,1.0,SetByBid
2025-12-16 12:46:50,2025-12-16T12:46:50,59.52,1.0,SetByBid
2025-12-16 12:46:50,2025-12-16T12:46:50,59.52,1.0,SetByBid
2025-12-16 12:46:50,2025-12-16T12:46:50,59.52,1.0,SetByBid
2025-12-16 12:46:50,2025-12-16T12:46:50,59.52,1.0,SetByBid
2025-12-16 12:46:50,2025-12-16T12:46:50,59.52,1.0,SetByBid
2025-12-16 12:46:50,2025-12-16T12:46:50,59.52,1.0,SetByBid
2025-12-16 12:46:56,2025-12-16T12:46:56,59.54,1.0,SetByBid
2025-12-16 12:46:56,2025-12-16T12:46:56,59.54,2.0,SetByBid
2025-12-16 12:46:56,2025-12-16T12:46:56,59.54,1.0,SetByBid
2025-12-16 12:46:56,2025-12-16T12:46:56,59.54,1.0,SetByBid
2025-12-16 12:46:56,2025-12-16T12:46:56,59.54,1.0,SetByBid
2025-12-16 12:46:57,2025-12-16T12:46:57,59.53,1.0,SetByAsk
2025-12-16 12:47:00,2025-12-16T12:47:00,59.54,1.0,SetByBid
2025-12-16 12:47:00,2025-12-16T12:47:00,59.54,1.0,SetByBid
2025-12-16 12:47:00,2025-12-16T12:47:00,59.54,1.0,SetByBid
2025-12-16 12:47:00,2025-12-16T12:47:00,59.54,2.0,SetByBid
2025-12-16 12:47:00,2025-12-16T12:47:00,59.54,1.0,SetByBid
2025-12-16 12:47:16,2025-12-16T12:47:16,59.53,1.0,SetByAsk
2025-12-16 12:47:47,2025-12-16T12:47:47,59.53,1.0,SetByBid
2025-12-16 12:47:47,2025-12-16T12:47:47,59.53,1.0,SetByBid
2025-12-16 12:47:47,2025-12-16T12:47:47,59.53,1.0,SetByBid
2025-12-16 12:47:47,2025-12-16T12:47:47,59.53,1.0,SetByBid
2025-12-16 12:48:23,2025-12-16T12:48:23,59.52,1.0,SetByAsk
2025-12-16 12:48:37,2025-12-16T12:48:37,59.52,1.0,SetByBid
2025-12-16 12:48:37,2025-12-16T12:48:37,59.52,1.0,SetByBid
2025-12-16 12:48:37,2025-12-16T12:48:37,59.52,1.0,SetByBid
2025-12-16 12:50:31,2025-12-16T12:50:31,59.56,1.0,SetByBid
2025-12-16 12:50:31,2025-12-16T12:50:31,59.57,1.0,SetByAsk
2025-12-16 12:50:31,2025-12-16T12:50:31,59.57,1.0,SetByAsk
2025-12-16 12:50:35,2025-12-16T12:50:35,59.57,1.0,SetByAsk
2025-12-16 12:50:50,2025-12-16T12:50:50,59.58,1.0,SetByAsk
2025-12-16 12:50:50,2025-12-16T12:50:50,59.58,1.0,SetByAsk
2025-12-16 12:50:50,2025-12-16T12:50:50,59.58,1.0,SetByAsk
2025-12-16 12:50:50,2025-12-16T12:50:50,59.58,3.0,SetByAsk
2025-12-16 12:50:50,2025-12-16T12:50:50,59.58,1.0,SetByAsk
2025-12-16 12:50:50,2025-12-16T12:50:50,59.58,1.0,SetByAsk
2025-12-16 12:50:52,2025-12-16T12:50:52,59.58,1.0,SetByAsk
2025-12-16 12:50:52,2025-12-16T12:50:52,59.58,1.0,SetByAsk
2025-12-16 12:51:50,2025-12-16T12:51:50,59.54,1.0,SetByBid
2025-12-16 12:51:52,2025-12-16T12:51:52,59.55,1.0,SetByBid
2025-12-16 12:52:28,2025-12-16T12:52:28,59.55,5.0,SetByBid
2025-12-16 12:52:28,2025-12-16T12:52:28,59.55,2.0,SetByBid
2025-12-16 12:52:28,2025-12-16T12:52:28,59.56,1.0,SetByBid
2025-12-16 12:52:32,2025-12-16T12:52:32,59.56,1.0,SetByAsk
2025-12-16 12:52:32,2025-12-16T12:52:32,59.56,1.0,SetByAsk
2025-12-16 12:52:32,2025-12-16T12:52:32,59.56,1.0,SetByAsk
2025-12-16 12:52:32,2025-12-16T12:52:32,59.56,1.0,SetByAsk
2025-12-16 12:53:52,2025-12-16T12:53:52,59.59,1.0,SetByBid
2025-12-16 12:54:04,2025-12-16T12:54:04,59.58,1.0,SetByBid
2025-12-16 12:54:04,2025-12-16T12:54:04,59.58,1.0,SetByBid
2025-12-16 12:54:04,2025-12-16T12:54:04,59.58,1.0,SetByBid
2025-12-16 12:54:04,2025-12-16T12:54:04,59.58,1.0,SetByBid
2025-12-16 12:54:04,2025-12-16T12:54:04,59.58,1.0,SetByBid
2025-12-16 12:54:11,2025-12-16T12:54:11,59.58,1.0,SetByAsk
2025-12-16 12:54:16,2025-12-16T12:54:16,59.57,1.0,SetByAsk
2025-12-16 12:54:25,2025-12-16T12:54:25,59.58,1.0,SetByAsk
2025-12-16 12:54:25,2025-12-16T12:54:25,59.58,1.0,SetByAsk
2025-12-16 12:54:25,2025-12-16T12:54:25,59.58,1.0,SetByAsk
2025-12-16 12:54:31,2025-12-16T12:54:31,59.58,1.0,SetByAsk
2025-12-16 12:54:46,2025-12-16T12:54:46,59.58,1.0,SetByBid
2025-12-16 12:55:01,2025-12-16T12:55:01,59.57,7.0,SetByBid
2025-12-16 12:55:19,2025-12-16T12:55:19,59.58,1.0,SetByBid
2025-12-16 12:56:14,2025-12-16T12:56:14,59.58,3.0,SetByAsk
2025-12-16 12:56:21,2025-12-16T12:56:21,59.57,1.0,SetByBid
2025-12-16 12:56:28,2025-12-16T12:56:28,59.58,1.0,SetByBid
2025-12-16 12:56:28,2025-12-16T12:56:28,59.58,1.0,SetByBid
2025-12-16 12:56:28,2025-12-16T12:56:28,59.58,1.0,SetByBid
2025-12-16 12:56:28,2025-12-16T12:56:28,59.58,1.0,SetByBid
2025-12-16 12:56:28,2025-12-16T12:56:28,59.58,1.0,SetByBid
2025-12-16 12:56:28,2025-12-16T12:56:28,59.58,1.0,SetByBid
2025-12-16 12:56:28,2025-12-16T12:56:28,59.58,1.0,SetByBid
2025-12-16 12:56:28,2025-12-16T12:56:28,59.58,3.0,SetByBid
2025-12-16 12:56:28,2025-12-16T12:56:28,59.58,1.0,SetByBid
2025-12-16 12:56:28,2025-12-16T12:56:28,59.58,1.0,SetByBid
2025-12-16 12:56:28,2025-12-16T12:56:28,59.58,3.0,SetByBid
2025-12-16 12:56:28,2025-12-16T12:56:28,59.58,1.0,SetByBid
2025-12-16 12:56:28,2025-12-16T12:56:28,59.58,1.0,SetByBid
2025-12-16 12:56:28,2025-12-16T12:56:28,59.58,1.0,SetByBid
2025-12-16 12:56:28,2025-12-16T12:56:28,59.58,1.0,SetByBid
2025-12-16 12:56:28,2025-12-16T12:56:28,59.58,1.0,SetByBid
2025-12-16 12:56:28,2025-12-16T12:56:28,59.58,2.0,SetByBid
2025-12-16 12:56:28,2025-12-16T12:56:28,59.58,1.0,SetByBid
2025-12-16 12:56:28,2025-12-16T12:56:28,59.58,1.0,SetByBid
2025-12-16 12:56:28,2025-12-16T12:56:28,59.58,1.0,SetByBid
2025-12-16 12:56:36,2025-12-16T12:56:36,59.59,1.0,SetByAsk
2025-12-16 12:56:36,2025-12-16T12:56:36,59.59,2.0,SetByAsk
2025-12-16 12:56:36,2025-12-16T12:56:36,59.59,2.0,SetByAsk
2025-12-16 12:57:48,2025-12-16T12:57:48,59.6,2.0,SetByBid
2025-12-16 12:57:48,2025-12-16T12:57:48,59.6,2.0,SetByBid
2025-12-16 12:57:48,2025-12-16T12:57:48,59.6,2.0,SetByBid
2025-12-16 12:57:48,2025-12-16T12:57:48,59.6,1.0,SetByBid
2025-12-16 12:57:48,2025-12-16T12:57:48,59.6,1.0,SetByBid
2025-12-16 12:57:48,2025-12-16T12:57:48,59.6,1.0,SetByBid
2025-12-16 12:57:48,2025-12-16T12:57:48,59.6,1.0,SetByBid
2025-12-16 12:57:48,2025-12-16T12:57:48,59.6,1.0,SetByAsk
2025-12-16 12:57:48,2025-12-16T12:57:48,59.6,1.0,SetByAsk
2025-12-16 12:57:48,2025-12-16T12:57:48,59.6,1.0,SetByAsk
2025-12-16 12:57:48,2025-12-16T12:57:48,59.6,1.0,SetByAsk
2025-12-16 12:57:48,2025-12-16T12:57:48,59.6,1.0,SetByAsk
2025-12-16 12:57:48,2025-12-16T12:57:48,59.59,1.0,SetByAsk
2025-12-16 12:57:48,2025-12-16T12:57:48,59.59,1.0,SetByAsk
2025-12-16 12:57:48,2025-12-16T12:57:48,59.59,1.0,SetByAsk
2025-12-16 12:57:52,2025-12-16T12:57:52,59.59,1.0,SetByBid
2025-12-16 12:57:52,2025-12-16T12:57:52,59.59,1.0,SetByBid
2025-12-16 12:57:52,2025-12-16T12:57:52,59.59,1.0,SetByBid
2025-12-16 12:57:52,2025-12-16T12:57:52,59.59,2.0,SetByBid
2025-12-16 12:57:52,2025-12-16T12:57:52,59.59,1.0,SetByBid
2025-12-16 12:57:52,2025-12-16T12:57:52,59.59,1.0,SetByBid
2025-12-16 12:57:52,2025-12-16T12:57:52,59.59,1.0,SetByAsk
2025-12-16 12:57:52,2025-12-16T12:57:52,59.59,2.0,SetByAsk
2025-12-16 12:57:53,2025-12-16T12:57:53,59.59,3.0,SetByBid
2025-12-16 12:57:53,2025-12-16T12:57:53,59.59,1.0,SetByBid
2025-12-16 12:58:18,2025-12-16T12:58:18,59.59,1.0,SetByAsk
2025-12-16 12:58:18,2025-12-16T12:58:18,59.59,1.0,SetByAsk
2025-12-16 12:59:22,2025-12-16T12:59:22,59.57,4.0,SetByAsk
2025-12-16 12:59:37,2025-12-16T12:59:37,59.58,3.0,SetByBid
2025-12-16 12:59:37,2025-12-16T12:59:37,59.58,7.0,SetByBid
2025-12-16 12:59:42,2025-12-16T12:59:42,59.59,1.0,SetByBid
2025-12-16 12:59:42,2025-12-16T12:59:42,59.59,1.0,SetByBid
2025-12-16 12:59:42,2025-12-16T12:59:42,59.59,1.0,SetByBid
2025-12-16 12:59:42,2025-12-16T12:59:42,59.59,1.0,SetByBid
2025-12-16 12:59:42,2025-12-16T12:59:42,59.59,1.0,SetByBid
2025-12-16 12:59:42,2025-12-16T12:59:42,59.59,1.0,SetByBid
2025-12-16 13:00:00,2025-12-16T13:00:00,59.58,1.0,SetByAsk
2025-12-16 13:00:00,2025-12-16T13:00:00,59.57,1.0,SetByAsk
2025-12-16 13:00:00,2025-12-16T13:00:00,59.57,1.0,SetByAsk
2025-12-16 13:00:00,2025-12-16T13:00:00,59.58,1.0,SetByBid
2025-12-16 13:00:00,2025-12-16T13:00:00,59.58,2.0,SetByBid
2025-12-16 13:00:01,2025-12-16T13:00:01,59.58,3.0,SetByAsk
2025-12-16 13:00:06,2025-12-16T13:00:06,59.56,1.0,SetByAsk
2025-12-16 13:00:06,2025-12-16T13:00:06,59.56,1.0,SetByAsk
2025-12-16 13:00:06,2025-12-16T13:00:06,59.56,7.0,SetByAsk
2025-12-16 13:00:06,2025-12-16T13:00:06,59.56,9.0,SetByAsk
2025-12-16 13:00:06,2025-12-16T13:00:06,59.56,9.0,SetByAsk
2025-12-16 13:00:06,2025-12-16T13:00:06,59.56,4.0,SetByAsk
2025-12-16 13:00:06,2025-12-16T13:00:06,59.56,1.0,SetByAsk
2025-12-16 13:00:06,2025-12-16T13:00:06,59.56,5.0,SetByAsk
2025-12-16 13:00:06,2025-12-16T13:00:06,59.56,5.0,SetByAsk
2025-12-16 13:00:06,2025-12-16T13:00:06,59.57,2.0,SetByBid
2025-12-16 13:00:17,2025-12-16T13:00:17,59.53,2.0,SetByAsk
2025-12-16 13:00:17,2025-12-16T13:00:17,59.53,1.0,SetByAsk
2025-12-16 13:00:21,2025-12-16T13:00:21,59.55,3.0,SetByBid
2025-12-16 13:00:21,2025-12-16T13:00:21,59.55,1.0,SetByBid
2025-12-16 13:00:21,2025-12-16T13:00:21,59.55,3.0,SetByBid
2025-12-16 13:00:30,2025-12-16T13:00:30,59.54,1.0,SetByAsk
2025-12-16 13:00:30,2025-12-16T13:00:30,59.54,1.0,SetByAsk
2025-12-16 13:00:39,2025-12-16T13:00:39,59.53,1.0,SetByAsk
2025-12-16 13:00:39,2025-12-16T13:00:39,59.53,1.0,SetByAsk
2025-12-16 13:00:39,2025-12-16T13:00:39,59.53,1.0,SetByAsk
2025-12-16 13:00:39,2025-12-16T13:00:39,59.53,1.0,SetByAsk
2025-12-16 13:00:40,2025-12-16T13:00:40,59.53,1.0,SetByAsk
2025-12-16 13:00:40,2025-12-16T13:00:40,59.53,1.0,SetByAsk
2025-12-16 13:00:45,2025-12-16T13:00:45,59.52,1.0,"SetByBid, Leg"
2025-12-16 13:00:45,2025-12-16T13:00:45,59.53,1.0,"SetByBid, Leg"
2025-12-16 13:00:45,2025-12-16T13:00:45,59.53,1.0,SetByBid
2025-12-16 13:00:45,2025-12-16T13:00:45,59.53,4.0,SetByBid
2025-12-16 13:00:45,2025-12-16T13:00:45,59.53,1.0,SetByBid
2025-12-16 13:01:00,2025-12-16T13:01:00,59.51,1.0,SetByAsk
2025-12-16 13:01:00,2025-12-16T13:01:00,59.51,1.0,SetByAsk
2025-12-16 13:01:00,2025-12-16T13:01:00,59.51,1.0,SetByAsk
2025-12-16 13:01:00,2025-12-16T13:01:00,59.51,2.0,SetByAsk
2025-12-16 13:01:00,2025-12-16T13:01:00,59.51,2.0,SetByAsk
2025-12-16 13:01:00,2025-12-16T13:01:00,59.51,1.0,SetByAsk
2025-12-16 13:01:00,2025-12-16T13:01:00,59.51,1.0,SetByAsk
2025-12-16 13:01:00,2025-12-16T13:01:00,59.51,6.0,SetByAsk
2025-12-16 13:01:00,2025-12-16T13:01:00,59.51,1.0,SetByAsk
2025-12-16 13:01:00,2025-12-16T13:01:00,59.51,1.0,SetByAsk
2025-12-16 13:01:05,2025-12-16T13:01:05,59.5,1.0,SetByAsk
2025-12-16 13:01:05,2025-12-16T13:01:05,59.5,1.0,SetByAsk
2025-12-16 13:01:05,2025-12-16T13:01:05,59.5,1.0,SetByAsk
2025-12-16 13:01:05,2025-12-16T13:01:05,59.5,1.0,SetByAsk
2025-12-16 13:01:11,2025-12-16T13:01:11,59.53,1.0,SetByBid
2025-12-16 13:01:23,2025-12-16T13:01:23,59.54,1.0,SetByAsk
2025-12-16 13:01:23,2025-12-16T13:01:23,59.54,1.0,SetByAsk
2025-12-16 13:01:23,2025-12-16T13:01:23,59.54,1.0,SetByAsk
2025-12-16 13:01:30,2025-12-16T13:01:30,59.53,1.0,SetByAsk
2025-12-16 13:01:30,2025-12-16T13:01:30,59.53,1.0,SetByAsk
2025-12-16 13:01:30,2025-12-16T13:01:30,59.53,1.0,SetByAsk
2025-12-16 13:01:32,2025-12-16T13:01:32,59.54,1.0,SetByAsk
2025-12-16 13:01:38,2025-12-16T13:01:38,59.53,1.0,SetByAsk
2025-12-16 13:01:38,2025-12-16T13:01:38,59.53,1.0,SetByAsk
2025-12-16 13:01:38,2025-12-16T13:01:38,59.53,1.0,SetByAsk
2025-12-16 13:01:47,2025-12-16T13:01:47,59.52,1.0,SetByAsk
2025-12-16 13:01:47,2025-12-16T13:01:47,59.52,1.0,SetByAsk
2025-12-16 13:01:47,2025-12-16T13:01:47,59.52,1.0,SetByAsk
2025-12-16 13:01:55,2025-12-16T13:01:55,59.52,3.0,SetByAsk
2025-12-16 13:02:03,2025-12-16T13:02:03,59.52,1.0,SetByAsk
2025-12-16 13:02:03,2025-12-16T13:02:03,59.52,1.0,SetByAsk
2025-12-16 13:02:03,2025-12-16T13:02:03,59.52,1.0,SetByAsk
2025-12-16 13:02:05,2025-12-16T13:02:05,59.53,5.0,SetByBid
2025-12-16 13:02:05,2025-12-16T13:02:05,59.53,1.0,SetByBid
2025-12-16 13:02:05,2025-12-16T13:02:05,59.53,1.0,SetByAsk
2025-12-16 13:02:05,2025-12-16T13:02:05,59.53,1.0,SetByAsk
2025-12-16 13:02:09,2025-12-16T13:02:09,59.53,1.0,SetByBid
2025-12-16 13:02:09,2025-12-16T13:02:09,59.53,1.0,SetByBid
2025-12-16 13:02:09,2025-12-16T13:02:09,59.53,1.0,SetByBid
2025-12-16 13:02:09,2025-12-16T13:02:09,59.53,1.0,SetByBid
2025-12-16 13:02:09,2025-12-16T13:02:09,59.53,1.0,SetByBid
2025-12-16 13:02:09,2025-12-16T13:02:09,59.53,1.0,SetByBid
2025-12-16 13:02:09,2025-12-16T13:02:09,59.53,1.0,SetByBid
2025-12-16 13:02:09,2025-12-16T13:02:09,59.53,1.0,SetByBid
2025-12-16 13:02:09,2025-12-16T13:02:09,59.53,1.0,SetByBid
2025-12-16 13:02:09,2025-12-16T13:02:09,59.53,1.0,SetByAsk
2025-12-16 13:02:20,2025-12-16T13:02:20,59.52,1.0,SetByAsk
2025-12-16 13:02:20,2025-12-16T13:02:20,59.52,1.0,SetByAsk
2025-12-16 13:02:20,2025-12-16T13:02:20,59.52,1.0,SetByAsk
2025-12-16 13:02:20,2025-12-16T13:02:20,59.52,1.0,SetByAsk
2025-12-16 13:02:20,2025-12-16T13:02:20,59.52,1.0,SetByAsk
2025-12-16 13:02:25,2025-12-16T13:02:25,59.54,1.0,SetByBid
2025-12-16 13:02:25,2025-12-16T13:02:25,59.54,1.0,SetByBid
2025-12-16 13:02:25,2025-12-16T13:02:25,59.54,1.0,SetByBid
2025-12-16 13:02:28,2025-12-16T13:02:28,59.54,1.0,SetByBid
2025-12-16 13:02:30,2025-12-16T13:02:30,59.52,1.0,SetByAsk
2025-12-16 13:02:30,2025-12-16T13:02:30,59.52,1.0,SetByAsk
2025-12-16 13:02:30,2025-12-16T13:02:30,59.53,1.0,SetByBid
2025-12-16 13:02:43,2025-12-16T13:02:43,59.54,1.0,SetByAsk
2025-12-16 13:02:43,2025-12-16T13:02:43,59.54,1.0,SetByAsk
2025-12-16 13:02:43,2025-12-16T13:02:43,59.54,1.0,SetByAsk
2025-12-16 13:02:43,2025-12-16T13:02:43,59.54,1.0,SetByAsk
2025-12-16 13:02:43,2025-12-16T13:02:43,59.55,2.0,SetByBid
2025-12-16 13:02:54,2025-12-16T13:02:54,59.57,3.0,SetByAsk
2025-12-16 13:03:02,2025-12-16T13:03:02,59.58,1.0,SetByBid
2025-12-16 13:03:02,2025-12-16T13:03:02,59.58,1.0,SetByBid
2025-12-16 13:03:02,2025-12-16T13:03:02,59.58,2.0,SetByBid
2025-12-16 13:03:02,2025-12-16T13:03:02,59.58,1.0,SetByBid
2025-12-16 13:03:45,2025-12-16T13:03:45,59.59,1.0,SetByAsk
2025-12-16 13:04:14,2025-12-16T13:04:14,59.61,1.0,SetByAsk
2025-12-16 13:04:16,2025-12-16T13:04:16,59.6,1.0,SetByAsk
2025-12-16 13:05:03,2025-12-16T13:05:03,59.6,1.0,SetByBid
2025-12-16 13:05:03,2025-12-16T13:05:03,59.6,1.0,SetByBid
2025-12-16 13:05:12,2025-12-16T13:05:12,59.57,1.0,SetByAsk
2025-12-16 13:05:13,2025-12-16T13:05:13,59.58,1.0,SetByBid
2025-12-16 13:05:14,2025-12-16T13:05:14,59.57,1.0,SetByAsk
2025-12-16 13:05:14,2025-12-16T13:05:14,59.57,2.0,SetByAsk
2025-12-16 13:05:14,2025-12-16T13:05:14,59.57,1.0,SetByAsk
2025-12-16 13:05:14,2025-12-16T13:05:14,59.57,1.0,SetByAsk
2025-12-16 13:05:14,2025-12-16T13:05:14,59.57,2.0,SetByAsk
2025-12-16 13:05:14,2025-12-16T13:05:14,59.57,1.0,SetByAsk
2025-12-16 13:05:14,2025-12-16T13:05:14,59.57,1.0,SetByAsk
2025-12-16 13:05:14,2025-12-16T13:05:14,59.57,1.0,SetByAsk
2025-12-16 13:05:14,2025-12-16T13:05:14,59.57,2.0,SetByAsk
2025-12-16 13:05:14,2025-12-16T13:05:14,59.57,2.0,SetByAsk
2025-12-16 13:05:14,2025-12-16T13:05:14,59.57,2.0,SetByAsk
2025-12-16 13:05:14,2025-12-16T13:05:14,59.57,1.0,SetByAsk
2025-12-16 13:05:14,2025-12-16T13:05:14,59.57,1.0,SetByAsk
2025-12-16 13:05:14,2025-12-16T13:05:14,59.57,1.0,SetByAsk
2025-12-16 13:05:14,2025-12-16T13:05:14,59.57,1.0,SetByAsk
2025-12-16 13:05:14,2025-12-16T13:05:14,59.57,1.0,SetByAsk
2025-12-16 13:05:14,2025-12-16T13:05:14,59.57,1.0,SetByAsk
2025-12-16 13:05:14,2025-12-16T13:05:14,59.57,2.0,SetByAsk
2025-12-16 13:05:14,2025-12-16T13:05:14,59.57,1.0,SetByAsk
2025-12-16 13:05:14,2025-12-16T13:05:14,59.57,1.0,SetByAsk
2025-12-16 13:05:14,2025-12-16T13:05:14,59.57,1.0,SetByAsk
2025-12-16 13:05:14,2025-12-16T13:05:14,59.57,1.0,SetByAsk
2025-12-16 13:05:14,2025-12-16T13:05:14,59.57,1.0,SetByAsk
2025-12-16 13:05:14,2025-12-16T13:05:14,59.57,1.0,SetByAsk
2025-12-16 13:05:14,2025-12-16T13:05:14,59.57,1.0,SetByAsk
2025-12-16 13:05:14,2025-12-16T13:05:14,59.57,1.0,SetByAsk
2025-12-16 13:05:14,2025-12-16T13:05:14,59.57,1.0,SetByAsk
2025-12-16 13:05:14,2025-12-16T13:05:14,59.57,1.0,SetByAsk
2025-12-16 13:05:15,2025-12-16T13:05:15,59.57,1.0,SetByAsk
2025-12-16 13:05:24,2025-12-16T13:05:24,59.56,1.0,SetByAsk
2025-12-16 13:05:24,2025-12-16T13:05:24,59.56,1.0,SetByBid
2025-12-16 13:05:29,2025-12-16T13:05:29,59.55,1.0,SetByAsk
2025-12-16 13:05:41,2025-12-16T13:05:41,59.55,1.0,SetByBid
2025-12-16 13:05:56,2025-12-16T13:05:56,59.54,1.0,SetByAsk
2025-12-16 13:06:23,2025-12-16T13:06:23,59.58,1.0,SetByAsk
2025-12-16 13:06:32,2025-12-16T13:06:32,59.6,1.0,SetByAsk
2025-12-16 13:06:32,2025-12-16T13:06:32,59.6,1.0,SetByAsk
2025-12-16 13:06:33,2025-12-16T13:06:33,59.61,1.0,SetByBid
2025-12-16 13:08:30,2025-12-16T13:08:30,59.57,1.0,SetByAsk
2025-12-16 13:08:30,2025-12-16T13:08:30,59.57,1.0,SetByBid
2025-12-16 13:13:24,2025-12-16T13:13:24,59.54,1.0,SetByBid
2025-12-16 13:13:39,2025-12-16T13:13:39,59.55,1.0,SetByBid
2025-12-16 13:15:01,2025-12-16T13:15:01,59.55,1.0,SetByAsk
2025-12-16 13:16:00,2025-12-16T13:16:00,59.55,1.0,SetByAsk
2025-12-16 13:16:53,2025-12-16T13:16:53,59.52,1.0,SetByAsk
2025-12-16 13:16:53,2025-12-16T13:16:53,59.52,1.0,SetByAsk
2025-12-16 13:16:53,2025-12-16T13:16:53,59.52,1.0,SetByAsk
2025-12-16 13:16:53,2025-12-16T13:16:53,59.52,2.0,SetByAsk
2025-12-16 13:16:53,2025-12-16T13:16:53,59.52,1.0,SetByAsk
2025-12-16 13:17:15,2025-12-16T13:17:15,59.53,2.0,SetByBid
2025-12-16 13:17:15,2025-12-16T13:17:15,59.53,3.0,SetByBid
2025-12-16 13:17:15,2025-12-16T13:17:15,59.53,2.0,SetByBid
2025-12-16 13:17:15,2025-12-16T13:17:15,59.53,1.0,SetByBid
2025-12-16 13:17:15,2025-12-16T13:17:15,59.53,1.0,SetByBid
2025-12-16 13:17:16,2025-12-16T13:17:16,59.53,1.0,SetByAsk
2025-12-16 13:17:22,2025-12-16T13:17:22,59.52,1.0,SetByBid
2025-12-16 13:17:22,2025-12-16T13:17:22,59.52,2.0,SetByBid
2025-12-16 13:17:44,2025-12-16T13:17:44,59.52,1.0,SetByBid
2025-12-16 13:18:45,2025-12-16T13:18:45,59.53,3.0,SetByBid
2025-12-16 13:19:13,2025-12-16T13:19:13,59.51,1.0,SetByAsk
2025-12-16 13:19:38,2025-12-16T13:19:38,59.5,1.0,SetByAsk
2025-12-16 13:19:41,2025-12-16T13:19:41,59.5,5.0,SetByAsk
2025-12-16 13:21:04,2025-12-16T13:21:04,59.49,1.0,SetByAsk
2025-12-16 13:21:39,2025-12-16T13:21:39,59.5,1.0,SetByBid
2025-12-16 13:21:39,2025-12-16T13:21:39,59.5,1.0,SetByBid
2025-12-16 13:21:39,2025-12-16T13:21:39,59.5,1.0,SetByBid
2025-12-16 13:21:39,2025-12-16T13:21:39,59.49,1.0,SetByAsk
2025-12-16 13:21:39,2025-12-16T13:21:39,59.49,1.0,SetByAsk
2025-12-16 13:21:39,2025-12-16T13:21:39,59.49,1.0,SetByAsk
2025-12-16 13:21:39,2025-12-16T13:21:39,59.49,1.0,SetByAsk
2025-12-16 13:21:39,2025-12-16T13:21:39,59.49,1.0,SetByAsk
2025-12-16 13:21:45,2025-12-16T13:21:45,59.49,1.0,SetByAsk
2025-12-16 13:21:54,2025-12-16T13:21:54,59.49,1.0,SetByBid
2025-12-16 13:21:54,2025-12-16T13:21:54,59.48,2.0,SetByAsk
2025-12-16 13:21:54,2025-12-16T13:21:54,59.48,2.0,SetByAsk
2025-12-16 13:22:42,2025-12-16T13:22:42,59.49,1.0,SetByBid
2025-12-16 13:22:44,2025-12-16T13:22:44,59.49,1.0,SetByAsk
2025-12-16 13:22:51,2025-12-16T13:22:51,59.49,1.0,SetByAsk
2025-12-16 13:22:53,2025-12-16T13:22:53,59.49,1.0,SetByBid
2025-12-16 13:22:53,2025-12-16T13:22:53,59.49,1.0,SetByBid
2025-12-16 13:22:53,2025-12-16T13:22:53,59.49,1.0,SetByBid
2025-12-16 13:22:53,2025-12-16T13:22:53,59.49,1.0,SetByBid
2025-12-16 13:23:43,2025-12-16T13:23:43,59.49,1.0,SetByBid
2025-12-16 13:23:51,2025-12-16T13:23:51,59.49,1.0,SetByAsk
2025-12-16 13:25:25,2025-12-16T13:25:25,59.48,1.0,SetByAsk
2025-12-16 13:25:26,2025-12-16T13:25:26,59.48,1.0,SetByAsk
2025-12-16 13:25:33,2025-12-16T13:25:33,59.48,1.0,SetByBid
2025-12-16 13:25:42,2025-12-16T13:25:42,59.49,1.0,SetByBid
2025-12-16 13:26:00,2025-12-16T13:26:00,59.47,1.0,SetByBid
2025-12-16 13:26:02,2025-12-16T13:26:02,59.45,1.0,SetByAsk
2025-12-16 13:26:02,2025-12-16T13:26:02,59.45,1.0,SetByAsk
2025-12-16 13:26:35,2025-12-16T13:26:35,59.46,2.0,SetByBid
2025-12-16 13:26:35,2025-12-16T13:26:35,59.46,2.0,SetByBid
2025-12-16 13:26:35,2025-12-16T13:26:35,59.46,1.0,SetByBid
2025-12-16 13:26:35,2025-12-16T13:26:35,59.46,3.0,SetByBid
2025-12-16 13:26:50,2025-12-16T13:26:50,59.46,2.0,SetByBid
2025-12-16 13:26:50,2025-12-16T13:26:50,59.46,1.0,SetByBid
2025-12-16 13:26:50,2025-12-16T13:26:50,59.46,1.0,SetByBid
2025-12-16 13:26:50,2025-12-16T13:26:50,59.46,1.0,SetByBid
2025-12-16 13:26:50,2025-12-16T13:26:50,59.46,4.0,SetByBid
2025-12-16 13:26:50,2025-12-16T13:26:50,59.46,1.0,SetByBid
2025-12-16 13:26:50,2025-12-16T13:26:50,59.46,1.0,SetByBid
2025-12-16 13:26:50,2025-12-16T13:26:50,59.46,1.0,SetByBid
2025-12-16 13:26:51,2025-12-16T13:26:51,59.46,1.0,SetByAsk
2025-12-16 13:27:06,2025-12-16T13:27:06,59.47,1.0,SetByAsk
2025-12-16 13:27:06,2025-12-16T13:27:06,59.47,4.0,SetByAsk
2025-12-16 13:27:06,2025-12-16T13:27:06,59.47,1.0,SetByAsk
2025-12-16 13:27:06,2025-12-16T13:27:06,59.48,1.0,SetByBid
2025-12-16 13:27:10,2025-12-16T13:27:10,59.46,1.0,SetByBid
2025-12-16 13:27:10,2025-12-16T13:27:10,59.46,3.0,SetByBid
2025-12-16 13:27:10,2025-12-16T13:27:10,59.46,1.0,SetByBid
2025-12-16 13:27:10,2025-12-16T13:27:10,59.46,4.0,SetByBid
2025-12-16 13:27:10,2025-12-16T13:27:10,59.46,2.0,SetByBid
2025-12-16 13:27:10,2025-12-16T13:27:10,59.45,1.0,SetByAsk
2025-12-16 13:27:10,2025-12-16T13:27:10,59.45,1.0,SetByAsk
2025-12-16 13:27:10,2025-12-16T13:27:10,59.45,1.0,SetByAsk
2025-12-16 13:27:10,2025-12-16T13:27:10,59.45,2.0,SetByAsk
2025-12-16 13:27:10,2025-12-16T13:27:10,59.45,1.0,SetByAsk
2025-12-16 13:27:10,2025-12-16T13:27:10,59.45,1.0,SetByAsk
2025-12-16 13:27:10,2025-12-16T13:27:10,59.45,1.0,SetByAsk
2025-12-16 13:27:10,2025-12-16T13:27:10,59.45,1.0,SetByBid
2025-12-16 13:27:10,2025-12-16T13:27:10,59.45,1.0,SetByBid
2025-12-16 13:27:10,2025-12-16T13:27:10,59.45,2.0,SetByBid
2025-12-16 13:27:10,2025-12-16T13:27:10,59.45,1.0,SetByBid
2025-12-16 13:27:10,2025-12-16T13:27:10,59.45,1.0,SetByBid
2025-12-16 13:27:10,2025-12-16T13:27:10,59.45,1.0,SetByBid
2025-12-16 13:27:10,2025-12-16T13:27:10,59.45,1.0,SetByBid
2025-12-16 13:27:10,2025-12-16T13:27:10,59.45,1.0,SetByBid
2025-12-16 13:27:10,2025-12-16T13:27:10,59.45,1.0,SetByBid
2025-12-16 13:27:10,2025-12-16T13:27:10,59.45,1.0,SetByBid
2025-12-16 13:27:10,2025-12-16T13:27:10,59.45,1.0,SetByBid
2025-12-16 13:27:11,2025-12-16T13:27:11,59.45,1.0,SetByBid
2025-12-16 13:27:17,2025-12-16T13:27:17,59.44,1.0,SetByAsk
2025-12-16 13:27:17,2025-12-16T13:27:17,59.44,1.0,SetByAsk
2025-12-16 13:27:17,2025-12-16T13:27:17,59.44,4.0,SetByAsk
2025-12-16 13:27:17,2025-12-16T13:27:17,59.44,1.0,SetByAsk
2025-12-16 13:27:17,2025-12-16T13:27:17,59.44,1.0,SetByAsk
2025-12-16 13:27:17,2025-12-16T13:27:17,59.44,1.0,SetByAsk
2025-12-16 13:27:17,2025-12-16T13:27:17,59.44,1.0,SetByAsk
2025-12-16 13:27:17,2025-12-16T13:27:17,59.44,11.0,SetByAsk
2025-12-16 13:27:17,2025-12-16T13:27:17,59.44,2.0,SetByAsk
2025-12-16 13:27:17,2025-12-16T13:27:17,59.44,1.0,SetByAsk
2025-12-16 13:27:17,2025-12-16T13:27:17,59.44,1.0,SetByAsk
2025-12-16 13:27:17,2025-12-16T13:27:17,59.44,1.0,SetByAsk
2025-12-16 13:27:17,2025-12-16T13:27:17,59.44,1.0,SetByAsk
2025-12-16 13:27:17,2025-12-16T13:27:17,59.44,2.0,SetByAsk
2025-12-16 13:27:17,2025-12-16T13:27:17,59.44,1.0,SetByAsk
2025-12-16 13:27:20,2025-12-16T13:27:20,59.43,1.0,SetByAsk
2025-12-16 13:27:20,2025-12-16T13:27:20,59.44,1.0,SetByBid
2025-12-16 13:27:20,2025-12-16T13:27:20,59.44,1.0,SetByBid
2025-12-16 13:27:28,2025-12-16T13:27:28,59.45,1.0,SetByBid
2025-12-16 13:27:28,2025-12-16T13:27:28,59.45,1.0,SetByBid
2025-12-16 13:27:28,2025-12-16T13:27:28,59.45,1.0,SetByBid
2025-12-16 13:27:28,2025-12-16T13:27:28,59.45,1.0,SetByAsk
2025-12-16 13:27:37,2025-12-16T13:27:37,59.45,1.0,SetByBid
2025-12-16 13:27:37,2025-12-16T13:27:37,59.45,1.0,SetByBid
2025-12-16 13:27:37,2025-12-16T13:27:37,59.46,1.0,SetByBid
2025-12-16 13:27:37,2025-12-16T13:27:37,59.45,1.0,SetByAsk
2025-12-16 13:27:37,2025-12-16T13:27:37,59.45,1.0,SetByAsk
2025-12-16 13:28:09,2025-12-16T13:28:09,59.44,1.0,SetByBid
2025-12-16 13:28:09,2025-12-16T13:28:09,59.44,1.0,SetByBid
2025-12-16 13:28:09,2025-12-16T13:28:09,59.44,1.0,SetByBid
2025-12-16 13:28:09,2025-12-16T13:28:09,59.44,1.0,SetByBid
2025-12-16 13:28:09,2025-12-16T13:28:09,59.44,2.0,SetByBid
2025-12-16 13:28:10,2025-12-16T13:28:10,59.43,1.0,SetByBid
2025-12-16 13:29:12,2025-12-16T13:29:12,59.43,1.0,SetByAsk
2025-12-16 13:29:12,2025-12-16T13:29:12,59.43,1.0,SetByAsk
2025-12-16 13:29:12,2025-12-16T13:29:12,59.43,1.0,SetByAsk
2025-12-16 13:29:12,2025-12-16T13:29:12,59.43,1.0,SetByAsk
2025-12-16 13:29:12,2025-12-16T13:29:12,59.43,1.0,SetByAsk
2025-12-16 13:29:18,2025-12-16T13:29:18,59.43,1.0,SetByBid
2025-12-16 13:29:22,2025-12-16T13:29:22,59.43,1.0,SetByBid
2025-12-16 13:29:43,2025-12-16T13:29:43,59.42,1.0,SetByAsk
2025-12-16 13:29:54,2025-12-16T13:29:54,59.43,1.0,SetByBid
2025-12-16 13:30:10,2025-12-16T13:30:10,59.42,1.0,SetByAsk
2025-12-16 13:30:10,2025-12-16T13:30:10,59.42,1.0,SetByAsk
2025-12-16 13:30:10,2025-12-16T13:30:10,59.42,1.0,SetByAsk
2025-12-16 13:30:10,2025-12-16T13:30:10,59.42,1.0,SetByAsk
2025-12-16 13:30:10,2025-12-16T13:30:10,59.42,1.0,SetByAsk
2025-12-16 13:30:10,2025-12-16T13:30:10,59.42,1.0,SetByAsk
2025-12-16 13:30:10,2025-12-16T13:30:10,59.42,1.0,SetByAsk
2025-12-16 13:30:10,2025-12-16T13:30:10,59.42,1.0,SetByAsk
2025-12-16 13:30:23,2025-12-16T13:30:23,59.43,1.0,SetByBid
2025-12-16 13:30:23,2025-12-16T13:30:23,59.42,1.0,SetByAsk
2025-12-16 13:30:23,2025-12-16T13:30:23,59.43,1.0,SetByBid
2025-12-16 13:31:07,2025-12-16T13:31:07,59.42,1.0,SetByAsk
2025-12-16 13:31:23,2025-12-16T13:31:23,59.41,1.0,SetByAsk
2025-12-16 13:31:25,2025-12-16T13:31:25,59.41,1.0,SetByBid
2025-12-16 13:31:25,2025-12-16T13:31:25,59.41,1.0,SetByBid
2025-12-16 13:31:27,2025-12-16T13:31:27,59.4,1.0,SetByAsk
2025-12-16 13:31:27,2025-12-16T13:31:27,59.4,1.0,SetByAsk
2025-12-16 13:31:27,2025-12-16T13:31:27,59.4,1.0,SetByAsk
2025-12-16 13:31:27,2025-12-16T13:31:27,59.4,1.0,SetByAsk
2025-12-16 13:31:27,2025-12-16T13:31:27,59.4,1.0,SetByAsk
2025-12-16 13:31:27,2025-12-16T13:31:27,59.41,1.0,SetByAsk
2025-12-16 13:31:27,2025-12-16T13:31:27,59.41,1.0,SetByAsk
2025-12-16 13:31:27,2025-12-16T13:31:27,59.41,1.0,SetByAsk
2025-12-16 13:31:27,2025-12-16T13:31:27,59.41,1.0,SetByAsk
2025-12-16 13:31:27,2025-12-16T13:31:27,59.41,1.0,SetByAsk
2025-12-16 13:31:27,2025-12-16T13:31:27,59.41,1.0,SetByAsk
2025-12-16 13:31:27,2025-12-16T13:31:27,59.41,1.0,SetByAsk
2025-12-16 13:31:27,2025-12-16T13:31:27,59.41,4.0,SetByAsk
2025-12-16 13:31:27,2025-12-16T13:31:27,59.41,2.0,SetByAsk
2025-12-16 13:31:27,2025-12-16T13:31:27,59.41,2.0,SetByAsk
2025-12-16 13:31:27,2025-12-16T13:31:27,59.42,1.0,SetByBid
2025-12-16 13:31:27,2025-12-16T13:31:27,59.42,1.0,SetByBid
2025-12-16 13:31:27,2025-12-16T13:31:27,59.42,1.0,SetByBid
2025-12-16 13:31:27,2025-12-16T13:31:27,59.42,1.0,SetByBid
2025-12-16 13:31:27,2025-12-16T13:31:27,59.42,1.0,SetByAsk
2025-12-16 13:31:27,2025-12-16T13:31:27,59.42,1.0,SetByAsk
2025-12-16 13:31:30,2025-12-16T13:31:30,59.41,1.0,SetByBid
2025-12-16 13:31:36,2025-12-16T13:31:36,59.41,1.0,SetByAsk
2025-12-16 13:31:36,2025-12-16T13:31:36,59.41,1.0,SetByAsk
2025-12-16 13:31:51,2025-12-16T13:31:51,59.41,1.0,SetByAsk
2025-12-16 13:31:51,2025-12-16T13:31:51,59.41,1.0,SetByAsk
2025-12-16 13:31:51,2025-12-16T13:31:51,59.41,1.0,SetByAsk
2025-12-16 13:31:51,2025-12-16T13:31:51,59.41,1.0,SetByAsk
2025-12-16 13:31:51,2025-12-16T13:31:51,59.41,1.0,SetByAsk
2025-12-16 13:31:51,2025-12-16T13:31:51,59.41,1.0,SetByAsk
2025-12-16 13:31:51,2025-12-16T13:31:51,59.41,1.0,SetByAsk
2025-12-16 13:31:56,2025-12-16T13:31:56,59.38,1.0,SetByAsk
2025-12-16 13:31:56,2025-12-16T13:31:56,59.38,1.0,SetByAsk
2025-12-16 13:31:56,2025-12-16T13:31:56,59.38,1.0,SetByAsk
2025-12-16 13:31:56,2025-12-16T13:31:56,59.38,1.0,SetByAsk
2025-12-16 13:31:56,2025-12-16T13:31:56,59.38,1.0,SetByAsk
2025-12-16 13:31:56,2025-12-16T13:31:56,59.38,2.0,SetByAsk
2025-12-16 13:31:56,2025-12-16T13:31:56,59.39,1.0,SetByBid
2025-12-16 13:32:14,2025-12-16T13:32:14,59.39,1.0,SetByAsk
2025-12-16 13:32:14,2025-12-16T13:32:14,59.39,1.0,SetByAsk
2025-12-16 13:32:14,2025-12-16T13:32:14,59.39,1.0,SetByAsk
2025-12-16 13:32:14,2025-12-16T13:32:14,59.39,1.0,SetByAsk
2025-12-16 13:32:14,2025-12-16T13:32:14,59.39,1.0,SetByAsk
2025-12-16 13:32:16,2025-12-16T13:32:16,59.38,2.0,SetByBid
2025-12-16 13:32:23,2025-12-16T13:32:23,59.38,1.0,SetByBid
2025-12-16 13:32:23,2025-12-16T13:32:23,59.38,1.0,SetByBid
2025-12-16 13:32:23,2025-12-16T13:32:23,59.37,1.0,SetByAsk
2025-12-16 13:32:23,2025-12-16T13:32:23,59.37,1.0,SetByAsk
2025-12-16 13:32:23,2025-12-16T13:32:23,59.37,1.0,SetByAsk
2025-12-16 13:32:23,2025-12-16T13:32:23,59.37,1.0,SetByAsk
2025-12-16 13:32:23,2025-12-16T13:32:23,59.36,1.0,SetByAsk
2025-12-16 13:32:23,2025-12-16T13:32:23,59.36,1.0,SetByBid
2025-12-16 13:32:23,2025-12-16T13:32:23,59.36,1.0,SetByBid
2025-12-16 13:32:24,2025-12-16T13:32:24,59.36,1.0,SetByBid
2025-12-16 13:32:24,2025-12-16T13:32:24,59.36,1.0,SetByBid
2025-12-16 13:32:24,2025-12-16T13:32:24,59.36,1.0,SetByBid
2025-12-16 13:32:24,2025-12-16T13:32:24,59.36,1.0,SetByBid
2025-12-16 13:32:24,2025-12-16T13:32:24,59.36,1.0,SetByBid
2025-12-16 13:32:24,2025-12-16T13:32:24,59.36,1.0,SetByBid
2025-12-16 13:32:34,2025-12-16T13:32:34,59.36,1.0,SetByAsk
2025-12-16 13:32:34,2025-12-16T13:32:34,59.36,1.0,SetByAsk
2025-12-16 13:32:35,2025-12-16T13:32:35,59.36,1.0,SetByBid
2025-12-16 13:33:14,2025-12-16T13:33:14,59.33,1.0,SetByAsk
2025-12-16 13:33:14,2025-12-16T13:33:14,59.33,1.0,SetByAsk
2025-12-16 13:33:14,2025-12-16T13:33:14,59.32,1.0,SetByAsk
2025-12-16 13:33:14,2025-12-16T13:33:14,59.32,1.0,SetByAsk
2025-12-16 13:33:14,2025-12-16T13:33:14,59.33,1.0,SetByBid
2025-12-16 13:33:14,2025-12-16T13:33:14,59.33,1.0,SetByBid
2025-12-16 13:33:23,2025-12-16T13:33:23,59.32,1.0,SetByAsk
2025-12-16 13:33:27,2025-12-16T13:33:27,59.34,1.0,SetByBid
2025-12-16 13:33:28,2025-12-16T13:33:28,59.35,1.0,SetByBid
2025-12-16 13:33:31,2025-12-16T13:33:31,59.34,1.0,SetByAsk
2025-12-16 13:33:36,2025-12-16T13:33:36,59.35,1.0,SetByBid
2025-12-16 13:33:36,2025-12-16T13:33:36,59.35,1.0,SetByBid
2025-12-16 13:33:36,2025-12-16T13:33:36,59.35,1.0,SetByBid
2025-12-16 13:33:36,2025-12-16T13:33:36,59.35,2.0,SetByBid
2025-12-16 13:33:40,2025-12-16T13:33:40,59.33,1.0,SetByAsk
2025-12-16 13:33:41,2025-12-16T13:33:41,59.34,1.0,SetByAsk
2025-12-16 13:33:41,2025-12-16T13:33:41,59.34,1.0,SetByAsk
2025-12-16 13:33:41,2025-12-16T13:33:41,59.34,1.0,SetByAsk
2025-12-16 13:33:41,2025-12-16T13:33:41,59.33,1.0,SetByAsk
2025-12-16 13:33:41,2025-12-16T13:33:41,59.33,1.0,SetByAsk
2025-12-16 13:34:00,2025-12-16T13:34:00,59.34,1.0,SetByBid
2025-12-16 13:34:10,2025-12-16T13:34:10,59.37,1.0,SetByBid
2025-12-16 13:34:10,2025-12-16T13:34:10,59.37,1.0,SetByBid
2025-12-16 13:34:10,2025-12-16T13:34:10,59.37,1.0,SetByBid
2025-12-16 13:34:10,2025-12-16T13:34:10,59.37,1.0,SetByBid
2025-12-16 13:34:10,2025-12-16T13:34:10,59.37,1.0,SetByBid
2025-12-16 13:34:10,2025-12-16T13:34:10,59.37,1.0,SetByBid
2025-12-16 13:34:10,2025-12-16T13:34:10,59.38,1.0,SetByBid
2025-12-16 13:34:10,2025-12-16T13:34:10,59.38,1.0,SetByBid
2025-12-16 13:34:31,2025-12-16T13:34:31,59.36,1.0,SetByAsk
2025-12-16 13:34:31,2025-12-16T13:34:31,59.36,1.0,SetByAsk
2025-12-16 13:34:37,2025-12-16T13:34:37,59.36,1.0,SetByAsk
2025-12-16 13:34:48,2025-12-16T13:34:48,59.38,1.0,SetByBid
2025-12-16 13:35:17,2025-12-16T13:35:17,59.35,1.0,SetByAsk
2025-12-16 13:35:19,2025-12-16T13:35:19,59.33,1.0,SetByAsk
2025-12-16 13:35:19,2025-12-16T13:35:19,59.33,1.0,SetByAsk
2025-12-16 13:35:27,2025-12-16T13:35:27,59.32,1.0,SetByAsk
2025-12-16 13:35:27,2025-12-16T13:35:27,59.32,1.0,SetByAsk
2025-12-16 13:35:27,2025-12-16T13:35:27,59.32,1.0,SetByAsk
2025-12-16 13:35:27,2025-12-16T13:35:27,59.32,1.0,SetByAsk
2025-12-16 13:35:27,2025-12-16T13:35:27,59.32,1.0,SetByAsk
2025-12-16 13:35:27,2025-12-16T13:35:27,59.32,2.0,SetByAsk
2025-12-16 13:35:32,2025-12-16T13:35:32,59.33,1.0,SetByBid
2025-12-16 13:35:35,2025-12-16T13:35:35,59.33,1.0,SetByBid
2025-12-16 13:35:35,2025-12-16T13:35:35,59.33,5.0,SetByBid
2025-12-16 13:36:00,2025-12-16T13:36:00,59.33,1.0,SetByAsk
2025-12-16 13:36:53,2025-12-16T13:36:53,59.33,1.0,SetByAsk
2025-12-16 13:37:02,2025-12-16T13:37:02,59.33,1.0,SetByAsk
2025-12-16 13:37:02,2025-12-16T13:37:02,59.33,1.0,SetByAsk
2025-12-16 13:37:02,2025-12-16T13:37:02,59.33,1.0,SetByAsk
2025-12-16 13:37:12,2025-12-16T13:37:12,59.32,1.0,SetByAsk
2025-12-16 13:37:12,2025-12-16T13:37:12,59.32,1.0,SetByAsk
2025-12-16 13:37:12,2025-12-16T13:37:12,59.32,1.0,SetByAsk
2025-12-16 13:37:12,2025-12-16T13:37:12,59.32,1.0,SetByAsk
2025-12-16 13:37:12,2025-12-16T13:37:12,59.32,1.0,SetByAsk
2025-12-16 13:37:12,2025-12-16T13:37:12,59.32,1.0,SetByAsk
2025-12-16 13:37:12,2025-12-16T13:37:12,59.32,1.0,SetByAsk
2025-12-16 13:37:39,2025-12-16T13:37:39,59.33,1.0,SetByBid
2025-12-16 13:37:39,2025-12-16T13:37:39,59.33,1.0,SetByBid
2025-12-16 13:37:51,2025-12-16T13:37:51,59.33,1.0,SetByBid
2025-12-16 13:38:35,2025-12-16T13:38:35,59.35,1.0,SetByAsk
2025-12-16 13:38:58,2025-12-16T13:38:58,59.33,1.0,SetByAsk
2025-12-16 13:38:58,2025-12-16T13:38:58,59.33,1.0,SetByAsk
2025-12-16 13:38:58,2025-12-16T13:38:58,59.33,1.0,SetByAsk
2025-12-16 13:38:58,2025-12-16T13:38:58,59.33,1.0,SetByAsk
2025-12-16 13:38:58,2025-12-16T13:38:58,59.33,1.0,SetByAsk
2025-12-16 13:38:58,2025-12-16T13:38:58,59.33,1.0,SetByAsk
2025-12-16 13:38:58,2025-12-16T13:38:58,59.33,1.0,SetByAsk
2025-12-16 13:39:01,2025-12-16T13:39:01,59.37,1.0,SetByBid
2025-12-16 13:39:01,2025-12-16T13:39:01,59.37,1.0,SetByBid
2025-12-16 13:39:07,2025-12-16T13:39:07,59.38,1.0,SetByBid
2025-12-16 13:39:07,2025-12-16T13:39:07,59.38,1.0,SetByBid
2025-12-16 13:39:07,2025-12-16T13:39:07,59.38,1.0,SetByAsk
2025-12-16 13:39:07,2025-12-16T13:39:07,59.38,7.0,SetByAsk
2025-12-16 13:39:07,2025-12-16T13:39:07,59.38,1.0,SetByAsk
2025-12-16 13:39:07,2025-12-16T13:39:07,59.38,1.0,SetByAsk
2025-12-16 13:39:07,2025-12-16T13:39:07,59.38,3.0,SetByAsk
2025-12-16 13:39:07,2025-12-16T13:39:07,59.38,1.0,SetByAsk
2025-12-16 13:39:07,2025-12-16T13:39:07,59.38,1.0,SetByAsk
2025-12-16 13:39:07,2025-12-16T13:39:07,59.38,1.0,SetByAsk
2025-12-16 13:39:07,2025-12-16T13:39:07,59.38,1.0,SetByAsk
2025-12-16 13:39:07,2025-12-16T13:39:07,59.38,1.0,SetByAsk
2025-12-16 13:39:07,2025-12-16T13:39:07,59.38,1.0,SetByAsk
2025-12-16 13:39:07,2025-12-16T13:39:07,59.38,1.0,SetByAsk
2025-12-16 13:40:00,2025-12-16T13:40:00,59.35,1.0,SetByBid
2025-12-16 13:40:01,2025-12-16T13:40:01,59.38,1.0,SetByAsk
2025-12-16 13:40:01,2025-12-16T13:40:01,59.38,1.0,SetByAsk
2025-12-16 13:40:01,2025-12-16T13:40:01,59.41,1.0,SetByBid
2025-12-16 13:40:01,2025-12-16T13:40:01,59.4,1.0,SetByAsk
2025-12-16 13:40:01,2025-12-16T13:40:01,59.4,1.0,SetByAsk
2025-12-16 13:40:01,2025-12-16T13:40:01,59.41,1.0,SetByBid
2025-12-16 13:40:01,2025-12-16T13:40:01,59.42,1.0,SetByBid
2025-12-16 13:40:01,2025-12-16T13:40:01,59.42,1.0,SetByBid
2025-12-16 13:40:01,2025-12-16T13:40:01,59.42,1.0,SetByBid
2025-12-16 13:40:01,2025-12-16T13:40:01,59.42,1.0,SetByBid
2025-12-16 13:40:01,2025-12-16T13:40:01,59.42,1.0,SetByBid
2025-12-16 13:40:01,2025-12-16T13:40:01,59.42,1.0,SetByBid
2025-12-16 13:40:01,2025-12-16T13:40:01,59.4,1.0,SetByAsk
2025-12-16 13:40:01,2025-12-16T13:40:01,59.41,1.0,SetByBid
2025-12-16 13:40:01,2025-12-16T13:40:01,59.41,1.0,SetByBid
2025-12-16 13:40:01,2025-12-16T13:40:01,59.41,1.0,SetByBid
2025-12-16 13:40:01,2025-12-16T13:40:01,59.4,1.0,SetByAsk
2025-12-16 13:40:01,2025-12-16T13:40:01,59.41,1.0,SetByBid
2025-12-16 13:40:01,2025-12-16T13:40:01,59.41,1.0,SetByBid
2025-12-16 13:40:01,2025-12-16T13:40:01,59.4,1.0,SetByAsk
2025-12-16 13:40:01,2025-12-16T13:40:01,59.4,1.0,SetByAsk
2025-12-16 13:40:01,2025-12-16T13:40:01,59.39,1.0,SetByAsk
2025-12-16 13:40:01,2025-12-16T13:40:01,59.39,1.0,SetByAsk
2025-12-16 13:40:01,2025-12-16T13:40:01,59.39,1.0,SetByAsk
2025-12-16 13:40:01,2025-12-16T13:40:01,59.4,1.0,SetByBid
2025-12-16 13:40:01,2025-12-16T13:40:01,59.4,1.0,SetByBid
2025-12-16 13:40:01,2025-12-16T13:40:01,59.39,1.0,SetByBid
2025-12-16 13:40:01,2025-12-16T13:40:01,59.39,1.0,SetByBid
2025-12-16 13:40:01,2025-12-16T13:40:01,59.39,1.0,SetByBid
2025-12-16 13:40:01,2025-12-16T13:40:01,59.39,1.0,SetByBid
2025-12-16 13:40:01,2025-12-16T13:40:01,59.39,2.0,SetByBid
2025-12-16 13:40:01,2025-12-16T13:40:01,59.38,1.0,SetByAsk
2025-12-16 13:40:01,2025-12-16T13:40:01,59.38,1.0,SetByAsk
2025-12-16 13:40:02,2025-12-16T13:40:02,59.4,1.0,SetByBid
2025-12-16 13:40:02,2025-12-16T13:40:02,59.41,1.0,SetByBid
2025-12-16 13:40:02,2025-12-16T13:40:02,59.41,5.0,SetByBid
2025-12-16 13:40:02,2025-12-16T13:40:02,59.41,1.0,SetByBid
2025-12-16 13:40:02,2025-12-16T13:40:02,59.41,5.0,SetByBid
2025-12-16 13:40:02,2025-12-16T13:40:02,59.42,2.0,SetByBid
2025-12-16 13:40:02,2025-12-16T13:40:02,59.41,1.0,SetByAsk
2025-12-16 13:40:02,2025-12-16T13:40:02,59.41,1.0,SetByAsk
2025-12-16 13:40:04,2025-12-16T13:40:04,59.4,1.0,SetByAsk
2025-12-16 13:40:04,2025-12-16T13:40:04,59.4,1.0,SetByAsk
2025-12-16 13:40:04,2025-12-16T13:40:04,59.4,1.0,SetByAsk
2025-12-16 13:40:04,2025-12-16T13:40:04,59.4,1.0,SetByAsk
2025-12-16 13:40:05,2025-12-16T13:40:05,59.39,1.0,SetByAsk
2025-12-16 13:40:05,2025-12-16T13:40:05,59.39,1.0,SetByAsk
2025-12-16 13:40:05,2025-12-16T13:40:05,59.38,1.0,SetByAsk
2025-12-16 13:40:06,2025-12-16T13:40:06,59.39,1.0,SetByAsk
2025-12-16 13:40:10,2025-12-16T13:40:10,59.38,1.0,SetByAsk
2025-12-16 13:40:10,2025-12-16T13:40:10,59.38,1.0,SetByAsk
2025-12-16 13:40:11,2025-12-16T13:40:11,59.38,1.0,SetByAsk
2025-12-16 13:40:11,2025-12-16T13:40:11,59.38,1.0,SetByAsk
2025-12-16 13:40:11,2025-12-16T13:40:11,59.38,1.0,SetByAsk
2025-12-16 13:40:11,2025-12-16T13:40:11,59.38,1.0,SetByAsk
2025-12-16 13:40:25,2025-12-16T13:40:25,59.36,1.0,SetByBid
2025-12-16 13:40:25,2025-12-16T13:40:25,59.36,1.0,SetByBid
2025-12-16 13:40:25,2025-12-16T13:40:25,59.35,1.0,SetByBid
2025-12-16 13:40:25,2025-12-16T13:40:25,59.36,1.0,SetByBid
2025-12-16 13:40:25,2025-12-16T13:40:25,59.36,1.0,SetByBid
2025-12-16 13:40:25,2025-12-16T13:40:25,59.36,3.0,SetByBid
2025-12-16 13:40:25,2025-12-16T13:40:25,59.36,1.0,SetByBid
2025-12-16 13:40:25,2025-12-16T13:40:25,59.36,1.0,SetByBid
2025-12-16 13:40:25,2025-12-16T13:40:25,59.36,1.0,SetByBid
2025-12-16 13:40:25,2025-12-16T13:40:25,59.36,1.0,SetByBid
2025-12-16 13:40:25,2025-12-16T13:40:25,59.36,2.0,SetByBid
2025-12-16 13:40:25,2025-12-16T13:40:25,59.36,1.0,SetByBid
2025-12-16 13:40:25,2025-12-16T13:40:25,59.35,1.0,SetByAsk
2025-12-16 13:40:25,2025-12-16T13:40:25,59.35,1.0,SetByAsk
2025-12-16 13:40:25,2025-12-16T13:40:25,59.36,2.0,SetByBid
2025-12-16 13:40:25,2025-12-16T13:40:25,59.36,1.0,SetByAsk
2025-12-16 13:40:25,2025-12-16T13:40:25,59.37,1.0,SetByBid
2025-12-16 13:40:25,2025-12-16T13:40:25,59.37,1.0,SetByBid
2025-12-16 13:40:25,2025-12-16T13:40:25,59.36,1.0,SetByAsk
2025-12-16 13:40:25,2025-12-16T13:40:25,59.36,1.0,SetByAsk
2025-12-16 13:40:28,2025-12-16T13:40:28,59.38,1.0,SetByBid
2025-12-16 13:40:30,2025-12-16T13:40:30,59.37,1.0,SetByBid
2025-12-16 13:40:30,2025-12-16T13:40:30,59.37,1.0,SetByBid
2025-12-16 13:40:30,2025-12-16T13:40:30,59.37,1.0,SetByBid
2025-12-16 13:40:40,2025-12-16T13:40:40,59.37,1.0,SetByBid
2025-12-16 13:40:44,2025-12-16T13:40:44,59.36,1.0,SetByAsk
2025-12-16 13:40:44,2025-12-16T13:40:44,59.36,1.0,SetByAsk
2025-12-16 13:40:44,2025-12-16T13:40:44,59.36,1.0,SetByAsk
2025-12-16 13:40:44,2025-12-16T13:40:44,59.36,1.0,SetByAsk
2025-12-16 13:40:44,2025-12-16T13:40:44,59.36,1.0,SetByAsk
2025-12-16 13:40:44,2025-12-16T13:40:44,59.36,1.0,SetByAsk
2025-12-16 13:40:44,2025-12-16T13:40:44,59.36,1.0,SetByAsk
2025-12-16 13:40:49,2025-12-16T13:40:49,59.38,1.0,SetByAsk
2025-12-16 13:40:55,2025-12-16T13:40:55,59.39,1.0,SetByAsk
2025-12-16 13:41:16,2025-12-16T13:41:16,59.37,1.0,SetByAsk
2025-12-16 13:41:16,2025-12-16T13:41:16,59.38,1.0,SetByBid
2025-12-16 13:41:32,2025-12-16T13:41:32,59.39,1.0,SetByBid
2025-12-16 13:41:32,2025-12-16T13:41:32,59.39,1.0,SetByBid
2025-12-16 13:41:34,2025-12-16T13:41:34,59.39,1.0,SetByBid
2025-12-16 13:42:20,2025-12-16T13:42:20,59.38,1.0,SetByAsk
2025-12-16 13:42:29,2025-12-16T13:42:29,59.37,1.0,SetByAsk
2025-12-16 13:42:29,2025-12-16T13:42:29,59.37,1.0,SetByAsk
2025-12-16 13:42:29,2025-12-16T13:42:29,59.37,1.0,SetByAsk
2025-12-16 13:42:29,2025-12-16T13:42:29,59.37,1.0,SetByAsk
2025-12-16 13:42:29,2025-12-16T13:42:29,59.37,1.0,SetByAsk
2025-12-16 13:42:29,2025-12-16T13:42:29,59.37,1.0,SetByAsk
2025-12-16 13:42:29,2025-12-16T13:42:29,59.36,1.0,SetByAsk
2025-12-16 13:42:30,2025-12-16T13:42:30,59.38,1.0,SetByBid
2025-12-16 13:42:30,2025-12-16T13:42:30,59.38,1.0,SetByBid
2025-12-16 13:42:30,2025-12-16T13:42:30,59.38,1.0,SetByBid
2025-12-16 13:44:10,2025-12-16T13:44:10,59.36,2.0,SetByBid
2025-12-16 13:44:10,2025-12-16T13:44:10,59.36,2.0,SetByBid
2025-12-16 13:44:14,2025-12-16T13:44:14,59.36,1.0,SetByAsk
2025-12-16 13:44:16,2025-12-16T13:44:16,59.39,1.0,SetByBid
2025-12-16 13:44:16,2025-12-16T13:44:16,59.38,1.0,SetByAsk
2025-12-16 13:44:16,2025-12-16T13:44:16,59.38,1.0,SetByAsk
2025-12-16 13:44:16,2025-12-16T13:44:16,59.38,1.0,SetByBid
2025-12-16 13:44:27,2025-12-16T13:44:27,59.37,1.0,SetByBid
2025-12-16 13:44:27,2025-12-16T13:44:27,59.37,1.0,SetByBid
2025-12-16 13:44:29,2025-12-16T13:44:29,59.37,1.0,SetByAsk
2025-12-16 13:44:29,2025-12-16T13:44:29,59.37,1.0,SetByAsk
2025-12-16 13:44:29,2025-12-16T13:44:29,59.37,1.0,SetByAsk
2025-12-16 13:44:29,2025-12-16T13:44:29,59.37,2.0,SetByAsk
2025-12-16 13:44:29,2025-12-16T13:44:29,59.37,1.0,SetByAsk
2025-12-16 13:44:29,2025-12-16T13:44:29,59.37,2.0,SetByAsk
2025-12-16 13:44:51,2025-12-16T13:44:51,59.35,1.0,SetByAsk
2025-12-16 13:44:51,2025-12-16T13:44:51,59.35,1.0,SetByAsk
2025-12-16 13:45:29,2025-12-16T13:45:29,59.35,1.0,SetByBid
2025-12-16 13:45:29,2025-12-16T13:45:29,59.35,1.0,SetByBid
2025-12-16 13:45:36,2025-12-16T13:45:36,59.35,1.0,SetByAsk
2025-12-16 13:45:39,2025-12-16T13:45:39,59.37,2.0,SetByBid
2025-12-16 13:45:39,2025-12-16T13:45:39,59.37,1.0,SetByBid
2025-12-16 13:45:42,2025-12-16T13:45:42,59.37,1.0,SetByAsk
2025-12-16 13:46:00,2025-12-16T13:46:00,59.34,1.0,SetByAsk
2025-12-16 13:46:00,2025-12-16T13:46:00,59.34,1.0,SetByAsk
2025-12-16 13:46:00,2025-12-16T13:46:00,59.33,1.0,SetByAsk
2025-12-16 13:46:00,2025-12-16T13:46:00,59.33,1.0,SetByAsk
2025-12-16 13:46:00,2025-12-16T13:46:00,59.33,1.0,SetByAsk
2025-12-16 13:46:00,2025-12-16T13:46:00,59.33,1.0,SetByAsk
2025-12-16 13:46:00,2025-12-16T13:46:00,59.33,1.0,SetByAsk
2025-12-16 13:46:19,2025-12-16T13:46:19,59.35,1.0,SetByBid
2025-12-16 13:46:19,2025-12-16T13:46:19,59.35,2.0,SetByBid
2025-12-16 13:46:24,2025-12-16T13:46:24,59.34,1.0,SetByAsk
2025-12-16 13:46:24,2025-12-16T13:46:24,59.34,1.0,SetByAsk
2025-12-16 13:46:24,2025-12-16T13:46:24,59.34,1.0,SetByAsk
2025-12-16 13:46:24,2025-12-16T13:46:24,59.34,1.0,SetByAsk
2025-12-16 13:46:24,2025-12-16T13:46:24,59.34,1.0,SetByAsk
2025-12-16 13:46:24,2025-12-16T13:46:24,59.34,1.0,SetByAsk
2025-12-16 13:46:24,2025-12-16T13:46:24,59.34,1.0,SetByAsk
2025-12-16 13:46:24,2025-12-16T13:46:24,59.34,1.0,SetByAsk
2025-12-16 13:46:24,2025-12-16T13:46:24,59.34,1.0,SetByAsk
2025-12-16 13:46:24,2025-12-16T13:46:24,59.33,1.0,SetByAsk
2025-12-16 13:47:46,2025-12-16T13:47:46,59.33,5.0,SetByAsk
2025-12-16 13:47:46,2025-12-16T13:47:46,59.33,2.0,SetByAsk
2025-12-16 13:48:13,2025-12-16T13:48:13,59.33,5.0,SetByAsk
2025-12-16 13:48:13,2025-12-16T13:48:13,59.33,1.0,SetByAsk
2025-12-16 13:48:13,2025-12-16T13:48:13,59.33,1.0,SetByAsk
2025-12-16 13:48:13,2025-12-16T13:48:13,59.33,1.0,SetByAsk
2025-12-16 13:49:31,2025-12-16T13:49:31,59.34,1.0,SetByAsk
2025-12-16 13:49:31,2025-12-16T13:49:31,59.34,2.0,SetByAsk
2025-12-16 13:49:31,2025-12-16T13:49:31,59.35,1.0,SetByBid
2025-12-16 13:49:31,2025-12-16T13:49:31,59.34,1.0,SetByAsk
2025-12-16 13:49:31,2025-12-16T13:49:31,59.34,2.0,SetByAsk
2025-12-16 13:49:31,2025-12-16T13:49:31,59.34,1.0,SetByAsk
2025-12-16 13:49:31,2025-12-16T13:49:31,59.34,1.0,SetByBid
2025-12-16 13:49:32,2025-12-16T13:49:32,59.33,1.0,SetByAsk
2025-12-16 13:49:32,2025-12-16T13:49:32,59.33,1.0,SetByAsk
2025-12-16 13:49:32,2025-12-16T13:49:32,59.33,1.0,SetByAsk
2025-12-16 13:49:32,2025-12-16T13:49:32,59.33,1.0,SetByAsk
2025-12-16 13:49:32,2025-12-16T13:49:32,59.33,1.0,SetByAsk
2025-12-16 13:49:32,2025-12-16T13:49:32,59.33,2.0,SetByAsk
2025-12-16 13:50:00,2025-12-16T13:50:00,59.35,1.0,SetByBid
2025-12-16 13:50:19,2025-12-16T13:50:19,59.34,1.0,SetByBid
2025-12-16 13:50:19,2025-12-16T13:50:19,59.34,3.0,SetByBid
2025-12-16 13:50:19,2025-12-16T13:50:19,59.34,1.0,SetByBid
2025-12-16 13:50:19,2025-12-16T13:50:19,59.34,1.0,SetByBid
2025-12-16 13:50:20,2025-12-16T13:50:20,59.34,1.0,SetByAsk
2025-12-16 13:50:36,2025-12-16T13:50:36,59.34,1.0,SetByBid
2025-12-16 13:50:54,2025-12-16T13:50:54,59.34,1.0,SetByBid
2025-12-16 13:51:17,2025-12-16T13:51:17,59.32,1.0,SetByAsk
2025-12-16 13:51:17,2025-12-16T13:51:17,59.32,1.0,SetByAsk
2025-12-16 13:51:17,2025-12-16T13:51:17,59.32,1.0,SetByAsk
2025-12-16 13:51:17,2025-12-16T13:51:17,59.32,1.0,SetByAsk
2025-12-16 13:51:17,2025-12-16T13:51:17,59.32,3.0,SetByAsk
2025-12-16 13:51:17,2025-12-16T13:51:17,59.33,1.0,SetByBid
2025-12-16 13:51:17,2025-12-16T13:51:17,59.33,1.0,SetByBid
2025-12-16 13:51:17,2025-12-16T13:51:17,59.33,1.0,SetByAsk
2025-12-16 13:51:19,2025-12-16T13:51:19,59.33,1.0,SetByBid
2025-12-16 13:51:19,2025-12-16T13:51:19,59.33,1.0,SetByBid
2025-12-16 13:51:19,2025-12-16T13:51:19,59.33,1.0,SetByBid
2025-12-16 13:51:19,2025-12-16T13:51:19,59.33,1.0,SetByBid
2025-12-16 13:51:22,2025-12-16T13:51:22,59.33,1.0,SetByAsk
2025-12-16 13:51:53,2025-12-16T13:51:53,59.33,1.0,SetByAsk
2025-12-16 13:51:53,2025-12-16T13:51:53,59.33,1.0,SetByAsk
2025-12-16 13:51:53,2025-12-16T13:51:53,59.33,1.0,SetByAsk
2025-12-16 13:52:17,2025-12-16T13:52:17,59.35,1.0,SetByBid
2025-12-16 13:52:18,2025-12-16T13:52:18,59.35,1.0,SetByBid
2025-12-16 13:52:18,2025-12-16T13:52:18,59.35,1.0,SetByBid
2025-12-16 13:52:18,2025-12-16T13:52:18,59.35,2.0,SetByBid
2025-12-16 13:52:18,2025-12-16T13:52:18,59.35,1.0,SetByBid
2025-12-16 13:53:01,2025-12-16T13:53:01,59.35,3.0,SetByAsk
2025-12-16 13:53:01,2025-12-16T13:53:01,59.35,3.0,SetByAsk
2025-12-16 13:53:01,2025-12-16T13:53:01,59.35,3.0,SetByAsk
2025-12-16 13:53:03,2025-12-16T13:53:03,59.34,1.0,SetByAsk
2025-12-16 13:53:03,2025-12-16T13:53:03,59.34,1.0,SetByAsk
2025-12-16 13:53:03,2025-12-16T13:53:03,59.34,1.0,SetByAsk
2025-12-16 13:53:03,2025-12-16T13:53:03,59.34,1.0,SetByAsk
2025-12-16 13:53:03,2025-12-16T13:53:03,59.34,1.0,SetByAsk
2025-12-16 13:53:03,2025-12-16T13:53:03,59.34,1.0,SetByAsk
2025-12-16 13:53:03,2025-12-16T13:53:03,59.34,1.0,SetByAsk
2025-12-16 13:53:08,2025-12-16T13:53:08,59.36,1.0,SetByBid
2025-12-16 13:53:08,2025-12-16T13:53:08,59.36,1.0,SetByBid
2025-12-16 13:53:11,2025-12-16T13:53:11,59.36,1.0,SetByAsk
2025-12-16 13:53:11,2025-12-16T13:53:11,59.36,1.0,SetByAsk
2025-12-16 13:53:12,2025-12-16T13:53:12,59.36,1.0,SetByAsk
2025-12-16 13:53:12,2025-12-16T13:53:12,59.36,1.0,SetByAsk
2025-12-16 13:53:12,2025-12-16T13:53:12,59.36,2.0,SetByAsk
2025-12-16 13:53:12,2025-12-16T13:53:12,59.36,1.0,SetByAsk
2025-12-16 13:53:12,2025-12-16T13:53:12,59.36,1.0,SetByAsk
2025-12-16 13:53:17,2025-12-16T13:53:17,59.37,1.0,SetByBid
2025-12-16 13:53:17,2025-12-16T13:53:17,59.37,1.0,SetByBid
2025-12-16 13:53:17,2025-12-16T13:53:17,59.37,1.0,SetByBid
2025-12-16 13:53:17,2025-12-16T13:53:17,59.37,2.0,SetByBid
2025-12-16 13:53:17,2025-12-16T13:53:17,59.37,1.0,SetByBid
2025-12-16 13:53:52,2025-12-16T13:53:52,59.37,1.0,SetByBid
2025-12-16 13:54:33,2025-12-16T13:54:33,59.34,1.0,SetByAsk
2025-12-16 13:54:33,2025-12-16T13:54:33,59.34,1.0,SetByAsk
2025-12-16 13:54:33,2025-12-16T13:54:33,59.34,1.0,SetByAsk
2025-12-16 13:54:33,2025-12-16T13:54:33,59.34,1.0,SetByAsk
2025-12-16 13:54:33,2025-12-16T13:54:33,59.34,1.0,SetByAsk
2025-12-16 13:54:33,2025-12-16T13:54:33,59.34,1.0,SetByAsk
2025-12-16 13:54:33,2025-12-16T13:54:33,59.34,1.0,SetByAsk
2025-12-16 13:54:33,2025-12-16T13:54:33,59.34,1.0,SetByBid
2025-12-16 13:54:33,2025-12-16T13:54:33,59.34,3.0,SetByBid
2025-12-16 13:54:33,2025-12-16T13:54:33,59.34,2.0,SetByBid
2025-12-16 13:54:33,2025-12-16T13:54:33,59.34,2.0,SetByBid
2025-12-16 13:54:33,2025-12-16T13:54:33,59.34,1.0,SetByBid
2025-12-16 13:54:33,2025-12-16T13:54:33,59.34,2.0,SetByBid
2025-12-16 13:54:33,2025-12-16T13:54:33,59.34,2.0,SetByBid
2025-12-16 13:54:33,2025-12-16T13:54:33,59.34,2.0,SetByBid
2025-12-16 13:54:33,2025-12-16T13:54:33,59.34,1.0,SetByBid
2025-12-16 13:54:33,2025-12-16T13:54:33,59.34,1.0,SetByBid
2025-12-16 13:54:33,2025-12-16T13:54:33,59.34,2.0,SetByBid
2025-12-16 13:54:33,2025-12-16T13:54:33,59.34,2.0,SetByBid
2025-12-16 13:54:33,2025-12-16T13:54:33,59.34,2.0,SetByBid
2025-12-16 13:54:33,2025-12-16T13:54:33,59.34,1.0,SetByBid
2025-12-16 13:54:33,2025-12-16T13:54:33,59.34,1.0,SetByBid
2025-12-16 13:54:33,2025-12-16T13:54:33,59.34,7.0,SetByBid
2025-12-16 13:54:34,2025-12-16T13:54:34,59.34,1.0,SetByBid
2025-12-16 13:54:38,2025-12-16T13:54:38,59.33,1.0,SetByAsk
2025-12-16 13:54:42,2025-12-16T13:54:42,59.33,2.0,SetByBid
2025-12-16 13:54:42,2025-12-16T13:54:42,59.33,6.0,SetByBid
2025-12-16 13:54:42,2025-12-16T13:54:42,59.33,2.0,SetByBid
2025-12-16 13:54:42,2025-12-16T13:54:42,59.33,3.0,SetByBid
2025-12-16 13:54:42,2025-12-16T13:54:42,59.33,1.0,SetByBid
2025-12-16 13:54:42,2025-12-16T13:54:42,59.33,2.0,SetByBid
2025-12-16 13:54:42,2025-12-16T13:54:42,59.33,2.0,SetByBid
2025-12-16 13:54:42,2025-12-16T13:54:42,59.33,1.0,SetByBid
2025-12-16 13:54:42,2025-12-16T13:54:42,59.33,1.0,SetByBid
2025-12-16 13:54:42,2025-12-16T13:54:42,59.33,1.0,SetByBid
2025-12-16 13:54:42,2025-12-16T13:54:42,59.33,2.0,SetByBid
2025-12-16 13:54:42,2025-12-16T13:54:42,59.33,1.0,SetByBid
2025-12-16 13:54:42,2025-12-16T13:54:42,59.33,1.0,SetByBid
2025-12-16 13:54:48,2025-12-16T13:54:48,59.33,1.0,SetByBid
2025-12-16 13:54:48,2025-12-16T13:54:48,59.33,3.0,SetByBid
2025-12-16 13:54:48,2025-12-16T13:54:48,59.33,1.0,SetByBid
2025-12-16 13:55:58,2025-12-16T13:55:58,59.37,1.0,SetByAsk
2025-12-16 13:56:09,2025-12-16T13:56:09,59.38,1.0,SetByAsk
2025-12-16 13:56:24,2025-12-16T13:56:24,59.37,1.0,SetByAsk
2025-12-16 13:56:24,2025-12-16T13:56:24,59.37,1.0,SetByAsk
2025-12-16 13:56:24,2025-12-16T13:56:24,59.37,1.0,SetByAsk
2025-12-16 13:56:24,2025-12-16T13:56:24,59.37,1.0,SetByAsk
2025-12-16 13:56:32,2025-12-16T13:56:32,59.36,1.0,SetByAsk
2025-12-16 13:56:32,2025-12-16T13:56:32,59.36,1.0,SetByAsk
2025-12-16 13:56:34,2025-12-16T13:56:34,59.35,1.0,SetByAsk
2025-12-16 13:56:34,2025-12-16T13:56:34,59.35,1.0,SetByAsk
2025-12-16 13:56:34,2025-12-16T13:56:34,59.35,1.0,SetByAsk
2025-12-16 13:56:34,2025-12-16T13:56:34,59.35,1.0,SetByAsk
2025-12-16 13:56:34,2025-12-16T13:56:34,59.35,1.0,SetByAsk
2025-12-16 13:56:34,2025-12-16T13:56:34,59.35,1.0,SetByAsk
2025-12-16 13:56:34,2025-12-16T13:56:34,59.35,1.0,SetByAsk
2025-12-16 13:58:02,2025-12-16T13:58:02,59.34,1.0,SetByAsk
2025-12-16 13:58:20,2025-12-16T13:58:20,59.32,1.0,SetByAsk
2025-12-16 13:58:20,2025-12-16T13:58:20,59.32,1.0,SetByAsk
2025-12-16 13:58:20,2025-12-16T13:58:20,59.32,1.0,SetByAsk
2025-12-16 13:58:20,2025-12-16T13:58:20,59.32,1.0,SetByAsk
2025-12-16 13:58:20,2025-12-16T13:58:20,59.32,1.0,SetByAsk
2025-12-16 13:58:20,2025-12-16T13:58:20,59.32,1.0,SetByAsk
2025-12-16 13:58:20,2025-12-16T13:58:20,59.32,1.0,SetByAsk
2025-12-16 13:58:59,2025-12-16T13:58:59,59.35,1.0,SetByBid
2025-12-16 13:59:30,2025-12-16T13:59:30,59.34,1.0,SetByBid
2025-12-16 13:59:55,2025-12-16T13:59:55,59.33,1.0,SetByAsk
2025-12-16 13:59:55,2025-12-16T13:59:55,59.33,1.0,SetByAsk
2025-12-16 13:59:55,2025-12-16T13:59:55,59.33,1.0,SetByAsk
2025-12-16 13:59:55,2025-12-16T13:59:55,59.33,1.0,SetByAsk
2025-12-16 13:59:55,2025-12-16T13:59:55,59.33,3.0,SetByAsk
2025-12-16 14:00:00,2025-12-16T14:00:00,59.33,1.0,SetByAsk
2025-12-16 14:00:06,2025-12-16T14:00:06,59.34,1.0,SetByBid
2025-12-16 14:00:06,2025-12-16T14:00:06,59.34,1.0,SetByBid
2025-12-16 14:00:06,2025-12-16T14:00:06,59.34,1.0,SetByBid
2025-12-16 14:00:21,2025-12-16T14:00:21,59.34,1.0,SetByBid
2025-12-16 14:00:28,2025-12-16T14:00:28,59.32,3.0,SetByAsk
2025-12-16 14:00:28,2025-12-16T14:00:28,59.31,1.0,SetByAsk
2025-12-16 14:00:28,2025-12-16T14:00:28,59.31,1.0,SetByAsk
2025-12-16 14:00:28,2025-12-16T14:00:28,59.31,4.0,SetByAsk
2025-12-16 14:00:28,2025-12-16T14:00:28,59.31,3.0,SetByAsk
2025-12-16 14:00:28,2025-12-16T14:00:28,59.31,1.0,SetByAsk
2025-12-16 14:00:28,2025-12-16T14:00:28,59.31,2.0,SetByAsk
2025-12-16 14:00:28,2025-12-16T14:00:28,59.32,1.0,SetByBid
2025-12-16 14:00:28,2025-12-16T14:00:28,59.31,1.0,SetByAsk
2025-12-16 14:00:28,2025-12-16T14:00:28,59.32,1.0,SetByBid
2025-12-16 14:00:28,2025-12-16T14:00:28,59.32,1.0,SetByBid
2025-12-16 14:00:28,2025-12-16T14:00:28,59.32,1.0,SetByBid
2025-12-16 14:00:28,2025-12-16T14:00:28,59.32,1.0,SetByBid
2025-12-16 14:00:28,2025-12-16T14:00:28,59.31,1.0,SetByAsk
2025-12-16 14:00:28,2025-12-16T14:00:28,59.31,1.0,SetByAsk
2025-12-16 14:00:28,2025-12-16T14:00:28,59.31,1.0,SetByAsk
2025-12-16 14:00:28,2025-12-16T14:00:28,59.31,1.0,SetByAsk
2025-12-16 14:00:28,2025-12-16T14:00:28,59.31,1.0,SetByAsk
2025-12-16 14:00:28,2025-12-16T14:00:28,59.31,1.0,SetByAsk
2025-12-16 14:00:28,2025-12-16T14:00:28,59.3,2.0,SetByAsk
2025-12-16 14:00:28,2025-12-16T14:00:28,59.3,1.0,SetByAsk
2025-12-16 14:00:28,2025-12-16T14:00:28,59.3,1.0,SetByAsk
2025-12-16 14:00:28,2025-12-16T14:00:28,59.3,1.0,SetByAsk
2025-12-16 14:00:28,2025-12-16T14:00:28,59.3,1.0,SetByAsk
2025-12-16 14:00:28,2025-12-16T14:00:28,59.3,4.0,SetByAsk
2025-12-16 14:00:28,2025-12-16T14:00:28,59.3,2.0,SetByAsk
2025-12-16 14:00:28,2025-12-16T14:00:28,59.3,1.0,SetByAsk
2025-12-16 14:00:28,2025-12-16T14:00:28,59.3,1.0,SetByAsk
2025-12-16 14:00:28,2025-12-16T14:00:28,59.29,1.0,SetByAsk
2025-12-16 14:00:28,2025-12-16T14:00:28,59.29,1.0,SetByAsk
2025-12-16 14:00:28,2025-12-16T14:00:28,59.29,1.0,SetByAsk
2025-12-16 14:00:28,2025-12-16T14:00:28,59.3,1.0,SetByBid
2025-12-16 14:00:35,2025-12-16T14:00:35,59.3,1.0,SetByAsk
2025-12-16 14:00:35,2025-12-16T14:00:35,59.3,1.0,SetByAsk
2025-12-16 14:00:50,2025-12-16T14:00:50,59.3,1.0,SetByBid
2025-12-16 14:01:16,2025-12-16T14:01:16,59.28,1.0,SetByAsk
2025-12-16 14:01:19,2025-12-16T14:01:19,59.27,1.0,SetByAsk
2025-12-16 14:01:19,2025-12-16T14:01:19,59.27,1.0,SetByAsk
2025-12-16 14:01:19,2025-12-16T14:01:19,59.27,1.0,SetByAsk
2025-12-16 14:01:19,2025-12-16T14:01:19,59.27,1.0,SetByAsk
2025-12-16 14:01:19,2025-12-16T14:01:19,59.27,1.0,SetByAsk
2025-12-16 14:01:19,2025-12-16T14:01:19,59.27,1.0,SetByAsk
2025-12-16 14:01:19,2025-12-16T14:01:19,59.27,1.0,SetByAsk
2025-12-16 14:01:19,2025-12-16T14:01:19,59.27,1.0,SetByAsk
2025-12-16 14:01:19,2025-12-16T14:01:19,59.27,1.0,SetByAsk
2025-12-16 14:01:19,2025-12-16T14:01:19,59.27,1.0,SetByAsk
2025-12-16 14:01:19,2025-12-16T14:01:19,59.27,2.0,SetByAsk
2025-12-16 14:01:19,2025-12-16T14:01:19,59.27,1.0,SetByAsk
2025-12-16 14:01:19,2025-12-16T14:01:19,59.27,12.0,SetByAsk
2025-12-16 14:01:24,2025-12-16T14:01:24,59.27,1.0,SetByAsk
2025-12-16 14:01:25,2025-12-16T14:01:25,59.27,1.0,SetByAsk
2025-12-16 14:01:26,2025-12-16T14:01:26,59.27,1.0,SetByAsk
2025-12-16 14:01:28,2025-12-16T14:01:28,59.28,1.0,SetByBid
2025-12-16 14:01:29,2025-12-16T14:01:29,59.28,1.0,SetByBid
2025-12-16 14:01:30,2025-12-16T14:01:30,59.28,1.0,SetByBid
2025-12-16 14:01:32,2025-12-16T14:01:32,59.29,1.0,SetByBid
2025-12-16 14:01:33,2025-12-16T14:01:33,59.29,1.0,SetByBid
2025-12-16 14:01:33,2025-12-16T14:01:33,59.29,1.0,SetByBid
2025-12-16 14:01:34,2025-12-16T14:01:34,59.3,1.0,SetByBid
2025-12-16 14:01:34,2025-12-16T14:01:34,59.3,1.0,SetByBid
2025-12-16 14:01:55,2025-12-16T14:01:55,59.29,1.0,SetByBid
2025-12-16 14:01:59,2025-12-16T14:01:59,59.29,1.0,SetByBid
2025-12-16 14:02:02,2025-12-16T14:02:02,59.29,1.0,SetByBid
2025-12-16 14:02:02,2025-12-16T14:02:02,59.29,1.0,SetByAsk
2025-12-16 14:02:16,2025-12-16T14:02:16,59.28,1.0,SetByBid
2025-12-16 14:02:16,2025-12-16T14:02:16,59.28,1.0,SetByBid
2025-12-16 14:02:16,2025-12-16T14:02:16,59.28,3.0,SetByBid
2025-12-16 14:02:24,2025-12-16T14:02:24,59.28,1.0,SetByBid
2025-12-16 14:03:06,2025-12-16T14:03:06,59.29,1.0,SetByBid
2025-12-16 14:03:11,2025-12-16T14:03:11,59.29,1.0,SetByAsk
2025-12-16 14:03:11,2025-12-16T14:03:11,59.29,1.0,SetByAsk
2025-12-16 14:03:11,2025-12-16T14:03:11,59.29,1.0,SetByAsk
2025-12-16 14:03:29,2025-12-16T14:03:29,59.29,1.0,SetByBid
2025-12-16 14:04:13,2025-12-16T14:04:13,59.27,1.0,SetByAsk
2025-12-16 14:04:31,2025-12-16T14:04:31,59.28,1.0,SetByAsk
2025-12-16 14:05:02,2025-12-16T14:05:02,59.28,1.0,SetByAsk
2025-12-16 14:05:02,2025-12-16T14:05:02,59.28,3.0,SetByAsk
2025-12-16 14:05:02,2025-12-16T14:05:02,59.28,1.0,SetByAsk
2025-12-16 14:05:08,2025-12-16T14:05:08,59.26,1.0,SetByAsk
2025-12-16 14:05:24,2025-12-16T14:05:24,59.27,1.0,SetByBid
2025-12-16 14:05:25,2025-12-16T14:05:25,59.27,1.0,SetByBid
2025-12-16 14:05:29,2025-12-16T14:05:29,59.28,1.0,SetByBid
2025-12-16 14:05:29,2025-12-16T14:05:29,59.28,2.0,SetByBid
2025-12-16 14:06:09,2025-12-16T14:06:09,59.26,1.0,SetByAsk
2025-12-16 14:06:09,2025-12-16T14:06:09,59.26,1.0,SetByAsk
2025-12-16 14:06:09,2025-12-16T14:06:09,59.26,1.0,SetByAsk
2025-12-16 14:06:09,2025-12-16T14:06:09,59.26,1.0,SetByAsk
2025-12-16 14:06:09,2025-12-16T14:06:09,59.26,1.0,SetByAsk
2025-12-16 14:06:09,2025-12-16T14:06:09,59.26,1.0,SetByAsk
2025-12-16 14:06:09,2025-12-16T14:06:09,59.26,1.0,SetByAsk
2025-12-16 14:06:09,2025-12-16T14:06:09,59.26,1.0,SetByAsk
2025-12-16 14:06:09,2025-12-16T14:06:09,59.26,1.0,SetByAsk
2025-12-16 14:06:09,2025-12-16T14:06:09,59.26,1.0,SetByBid
2025-12-16 14:06:14,2025-12-16T14:06:14,59.26,1.0,SetByAsk
2025-12-16 14:06:25,2025-12-16T14:06:25,59.25,1.0,SetByBid
2025-12-16 14:06:25,2025-12-16T14:06:25,59.25,2.0,SetByBid
2025-12-16 14:06:25,2025-12-16T14:06:25,59.25,1.0,SetByBid
2025-12-16 14:06:25,2025-12-16T14:06:25,59.25,1.0,SetByBid
2025-12-16 14:06:25,2025-12-16T14:06:25,59.25,3.0,SetByBid
2025-12-16 14:06:25,2025-12-16T14:06:25,59.26,1.0,SetByBid
2025-12-16 14:06:25,2025-12-16T14:06:25,59.26,1.0,SetByBid
2025-12-16 14:06:25,2025-12-16T14:06:25,59.26,1.0,SetByAsk
2025-12-16 14:06:25,2025-12-16T14:06:25,59.26,1.0,SetByAsk
2025-12-16 14:06:25,2025-12-16T14:06:25,59.25,1.0,SetByAsk
2025-12-16 14:06:26,2025-12-16T14:06:26,59.25,1.0,SetByAsk
2025-12-16 14:06:26,2025-12-16T14:06:26,59.25,1.0,SetByAsk
2025-12-16 14:06:28,2025-12-16T14:06:28,59.25,4.0,SetByAsk
2025-12-16 14:06:28,2025-12-16T14:06:28,59.25,3.0,SetByAsk
2025-12-16 14:06:28,2025-12-16T14:06:28,59.25,1.0,SetByAsk
2025-12-16 14:06:44,2025-12-16T14:06:44,59.25,1.0,SetByBid
2025-12-16 14:06:44,2025-12-16T14:06:44,59.25,1.0,SetByBid
2025-12-16 14:06:55,2025-12-16T14:06:55,59.25,1.0,SetByAsk
2025-12-16 14:07:20,2025-12-16T14:07:20,59.25,1.0,SetByAsk
2025-12-16 14:07:20,2025-12-16T14:07:20,59.25,1.0,SetByAsk
2025-12-16 14:07:22,2025-12-16T14:07:22,59.24,1.0,SetByAsk
2025-12-16 14:07:31,2025-12-16T14:07:31,59.23,1.0,SetByAsk
2025-12-16 14:07:31,2025-12-16T14:07:31,59.23,1.0,SetByAsk
2025-12-16 14:07:31,2025-12-16T14:07:31,59.23,1.0,SetByAsk
2025-12-16 14:07:31,2025-12-16T14:07:31,59.23,1.0,SetByAsk
2025-12-16 14:07:36,2025-12-16T14:07:36,59.19,1.0,"SetByAsk, Leg"
2025-12-16 14:07:36,2025-12-16T14:07:36,59.18,1.0,"SetByAsk, Leg"
2025-12-16 14:07:36,2025-12-16T14:07:36,59.18,1.0,SetByAsk
2025-12-16 14:07:36,2025-12-16T14:07:36,59.18,1.0,SetByAsk
2025-12-16 14:07:36,2025-12-16T14:07:36,59.18,1.0,SetByAsk
2025-12-16 14:07:36,2025-12-16T14:07:36,59.2,1.0,SetByAsk
2025-12-16 14:07:36,2025-12-16T14:07:36,59.19,1.0,SetByBid
2025-12-16 14:07:36,2025-12-16T14:07:36,59.19,1.0,SetByBid
2025-12-16 14:07:36,2025-12-16T14:07:36,59.19,1.0,SetByBid
2025-12-16 14:07:36,2025-12-16T14:07:36,59.19,1.0,SetByBid
2025-12-16 14:07:36,2025-12-16T14:07:36,59.19,1.0,SetByBid
2025-12-16 14:07:37,2025-12-16T14:07:37,59.21,1.0,SetByAsk
2025-12-16 14:07:37,2025-12-16T14:07:37,59.21,3.0,SetByAsk
2025-12-16 14:07:37,2025-12-16T14:07:37,59.21,2.0,SetByAsk
2025-12-16 14:07:37,2025-12-16T14:07:37,59.21,1.0,SetByAsk
2025-12-16 14:07:37,2025-12-16T14:07:37,59.21,3.0,SetByAsk
2025-12-16 14:07:39,2025-12-16T14:07:39,59.19,1.0,SetByAsk
2025-12-16 14:07:39,2025-12-16T14:07:39,59.19,1.0,SetByAsk
2025-12-16 14:07:45,2025-12-16T14:07:45,59.21,1.0,SetByBid
2025-12-16 14:07:45,2025-12-16T14:07:45,59.21,1.0,SetByBid
2025-12-16 14:07:45,2025-12-16T14:07:45,59.21,2.0,SetByBid
2025-12-16 14:07:45,2025-12-16T14:07:45,59.21,1.0,SetByBid
2025-12-16 14:08:17,2025-12-16T14:08:17,59.22,1.0,SetByBid
2025-12-16 14:08:17,2025-12-16T14:08:17,59.21,1.0,SetByAsk
2025-12-16 14:09:03,2025-12-16T14:09:03,59.21,1.0,SetByAsk
2025-12-16 14:09:03,2025-12-16T14:09:03,59.21,1.0,SetByAsk
2025-12-16 14:09:03,2025-12-16T14:09:03,59.21,3.0,SetByAsk
2025-12-16 14:09:16,2025-12-16T14:09:16,59.22,1.0,SetByAsk
2025-12-16 14:09:21,2025-12-16T14:09:21,59.21,1.0,SetByAsk
2025-12-16 14:09:21,2025-12-16T14:09:21,59.21,1.0,SetByAsk
2025-12-16 14:09:34,2025-12-16T14:09:34,59.22,1.0,SetByBid
2025-12-16 14:09:38,2025-12-16T14:09:38,59.23,1.0,SetByBid
2025-12-16 14:09:45,2025-12-16T14:09:45,59.24,1.0,SetByBid
2025-12-16 14:09:49,2025-12-16T14:09:49,59.24,1.0,SetByBid
2025-12-16 14:09:52,2025-12-16T14:09:52,59.24,1.0,SetByAsk
2025-12-16 14:09:52,2025-12-16T14:09:52,59.24,1.0,SetByAsk
2025-12-16 14:10:03,2025-12-16T14:10:03,59.24,1.0,SetByBid
2025-12-16 14:10:03,2025-12-16T14:10:03,59.24,1.0,SetByAsk
2025-12-16 14:10:03,2025-12-16T14:10:03,59.24,1.0,SetByAsk
2025-12-16 14:10:32,2025-12-16T14:10:32,59.26,1.0,SetByBid
2025-12-16 14:10:45,2025-12-16T14:10:45,59.25,1.0,SetByBid
2025-12-16 14:11:15,2025-12-16T14:11:15,59.25,1.0,SetByBid
2025-12-16 14:11:15,2025-12-16T14:11:15,59.25,1.0,SetByBid
2025-12-16 14:11:39,2025-12-16T14:11:39,59.24,1.0,SetByBid
2025-12-16 14:12:11,2025-12-16T14:12:11,59.24,1.0,SetByAsk
2025-12-16 14:12:13,2025-12-16T14:12:13,59.23,1.0,SetByAsk
2025-12-16 14:12:13,2025-12-16T14:12:13,59.23,1.0,SetByAsk
2025-12-16 14:12:13,2025-12-16T14:12:13,59.23,1.0,SetByAsk
2025-12-16 14:12:13,2025-12-16T14:12:13,59.23,1.0,SetByAsk
2025-12-16 14:12:30,2025-12-16T14:12:30,59.24,1.0,SetByBid
2025-12-16 14:12:50,2025-12-16T14:12:50,59.22,1.0,SetByAsk
2025-12-16 14:12:50,2025-12-16T14:12:50,59.22,1.0,SetByAsk
2025-12-16 14:12:50,2025-12-16T14:12:50,59.22,1.0,SetByAsk
2025-12-16 14:12:50,2025-12-16T14:12:50,59.22,1.0,SetByAsk
2025-12-16 14:12:50,2025-12-16T14:12:50,59.22,1.0,SetByAsk
2025-12-16 14:12:50,2025-12-16T14:12:50,59.22,1.0,SetByAsk
2025-12-16 14:12:50,2025-12-16T14:12:50,59.22,1.0,SetByAsk
2025-12-16 14:12:50,2025-12-16T14:12:50,59.22,1.0,SetByAsk
2025-12-16 14:12:50,2025-12-16T14:12:50,59.22,1.0,SetByAsk
2025-12-16 14:12:50,2025-12-16T14:12:50,59.22,1.0,SetByAsk
2025-12-16 14:12:50,2025-12-16T14:12:50,59.22,1.0,SetByAsk
2025-12-16 14:12:50,2025-12-16T14:12:50,59.22,1.0,SetByAsk
2025-12-16 14:12:50,2025-12-16T14:12:50,59.22,1.0,SetByAsk
2025-12-16 14:12:50,2025-12-16T14:12:50,59.22,1.0,SetByAsk
2025-12-16 14:12:50,2025-12-16T14:12:50,59.22,1.0,SetByAsk
2025-12-16 14:12:50,2025-12-16T14:12:50,59.22,1.0,SetByAsk
2025-12-16 14:12:50,2025-12-16T14:12:50,59.22,1.0,SetByAsk
2025-12-16 14:12:50,2025-12-16T14:12:50,59.22,2.0,SetByAsk
2025-12-16 14:12:50,2025-12-16T14:12:50,59.22,1.0,SetByAsk
2025-12-16 14:12:50,2025-12-16T14:12:50,59.22,1.0,SetByAsk
2025-12-16 14:12:50,2025-12-16T14:12:50,59.22,6.0,SetByAsk
2025-12-16 14:12:50,2025-12-16T14:12:50,59.22,3.0,SetByAsk
2025-12-16 14:12:50,2025-12-16T14:12:50,59.22,3.0,SetByAsk
2025-12-16 14:12:50,2025-12-16T14:12:50,59.22,1.0,SetByAsk
2025-12-16 14:12:50,2025-12-16T14:12:50,59.22,2.0,SetByAsk
2025-12-16 14:12:50,2025-12-16T14:12:50,59.22,1.0,SetByAsk
2025-12-16 14:12:50,2025-12-16T14:12:50,59.22,2.0,SetByAsk
2025-12-16 14:12:50,2025-12-16T14:12:50,59.22,1.0,SetByAsk
2025-12-16 14:12:50,2025-12-16T14:12:50,59.22,1.0,SetByAsk
2025-12-16 14:12:50,2025-12-16T14:12:50,59.22,1.0,SetByAsk
2025-12-16 14:12:50,2025-12-16T14:12:50,59.22,2.0,SetByAsk
2025-12-16 14:12:50,2025-12-16T14:12:50,59.22,100.0,SetByAsk
2025-12-16 14:12:50,2025-12-16T14:12:50,59.22,1.0,SetByAsk
2025-12-16 14:12:50,2025-12-16T14:12:50,59.22,2.0,SetByAsk
2025-12-16 14:12:50,2025-12-16T14:12:50,59.22,4.0,SetByAsk
2025-12-16 14:12:50,2025-12-16T14:12:50,59.22,2.0,SetByAsk
2025-12-16 14:12:50,2025-12-16T14:12:50,59.22,1.0,SetByAsk
2025-12-16 14:12:50,2025-12-16T14:12:50,59.21,1.0,SetByAsk
2025-12-16 14:12:50,2025-12-16T14:12:50,59.21,1.0,SetByAsk
2025-12-16 14:12:50,2025-12-16T14:12:50,59.21,1.0,SetByAsk
2025-12-16 14:12:50,2025-12-16T14:12:50,59.21,1.0,SetByAsk
2025-12-16 14:12:50,2025-12-16T14:12:50,59.21,1.0,SetByAsk
2025-12-16 14:12:50,2025-12-16T14:12:50,59.21,2.0,SetByAsk
2025-12-16 14:12:50,2025-12-16T14:12:50,59.21,1.0,SetByAsk
2025-12-16 14:12:50,2025-12-16T14:12:50,59.21,1.0,SetByAsk
2025-12-16 14:12:50,2025-12-16T14:12:50,59.21,1.0,SetByAsk
2025-12-16 14:12:50,2025-12-16T14:12:50,59.21,1.0,SetByAsk
2025-12-16 14:12:50,2025-12-16T14:12:50,59.21,4.0,SetByAsk
2025-12-16 14:12:50,2025-12-16T14:12:50,59.21,1.0,SetByAsk
2025-12-16 14:12:50,2025-12-16T14:12:50,59.21,1.0,SetByAsk
2025-12-16 14:12:50,2025-12-16T14:12:50,59.21,1.0,SetByAsk
2025-12-16 14:12:50,2025-12-16T14:12:50,59.21,8.0,SetByAsk
2025-12-16 14:12:50,2025-12-16T14:12:50,59.21,1.0,SetByAsk
2025-12-16 14:12:50,2025-12-16T14:12:50,59.21,1.0,SetByAsk
2025-12-16 14:12:50,2025-12-16T14:12:50,59.21,6.0,SetByAsk
2025-12-16 14:12:50,2025-12-16T14:12:50,59.21,2.0,SetByAsk
2025-12-16 14:12:50,2025-12-16T14:12:50,59.21,4.0,SetByAsk
2025-12-16 14:12:50,2025-12-16T14:12:50,59.21,1.0,SetByAsk
2025-12-16 14:12:50,2025-12-16T14:12:50,59.21,4.0,SetByAsk
2025-12-16 14:12:50,2025-12-16T14:12:50,59.21,5.0,SetByAsk
2025-12-16 14:12:50,2025-12-16T14:12:50,59.21,1.0,SetByAsk
2025-12-16 14:12:50,2025-12-16T14:12:50,59.21,1.0,SetByAsk
2025-12-16 14:12:50,2025-12-16T14:12:50,59.21,1.0,SetByAsk
2025-12-16 14:12:50,2025-12-16T14:12:50,59.21,1.0,SetByAsk
2025-12-16 14:12:50,2025-12-16T14:12:50,59.21,3.0,SetByAsk
2025-12-16 14:12:50,2025-12-16T14:12:50,59.21,1.0,SetByAsk
2025-12-16 14:12:50,2025-12-16T14:12:50,59.21,3.0,SetByAsk
2025-12-16 14:12:50,2025-12-16T14:12:50,59.21,1.0,SetByAsk
2025-12-16 14:12:50,2025-12-16T14:12:50,59.21,1.0,SetByAsk
2025-12-16 14:12:50,2025-12-16T14:12:50,59.21,1.0,SetByAsk
2025-12-16 14:12:50,2025-12-16T14:12:50,59.21,1.0,SetByAsk
2025-12-16 14:12:50,2025-12-16T14:12:50,59.21,1.0,SetByAsk
2025-12-16 14:12:50,2025-12-16T14:12:50,59.21,1.0,SetByAsk
2025-12-16 14:12:50,2025-12-16T14:12:50,59.21,1.0,SetByAsk
2025-12-16 14:12:50,2025-12-16T14:12:50,59.21,3.0,SetByAsk
2025-12-16 14:12:50,2025-12-16T14:12:50,59.21,4.0,SetByAsk
2025-12-16 14:12:50,2025-12-16T14:12:50,59.21,1.0,SetByAsk
2025-12-16 14:12:50,2025-12-16T14:12:50,59.21,3.0,SetByAsk
2025-12-16 14:12:50,2025-12-16T14:12:50,59.21,1.0,SetByAsk
2025-12-16 14:12:50,2025-12-16T14:12:50,59.21,2.0,SetByAsk
2025-12-16 14:12:50,2025-12-16T14:12:50,59.21,2.0,SetByAsk
2025-12-16 14:12:50,2025-12-16T14:12:50,59.21,1.0,SetByAsk
2025-12-16 14:12:50,2025-12-16T14:12:50,59.21,2.0,SetByAsk
2025-12-16 14:12:50,2025-12-16T14:12:50,59.21,1.0,SetByAsk
2025-12-16 14:12:50,2025-12-16T14:12:50,59.21,1.0,SetByAsk
2025-12-16 14:12:50,2025-12-16T14:12:50,59.21,2.0,SetByAsk
2025-12-16 14:12:50,2025-12-16T14:12:50,59.2,1.0,SetByAsk
2025-12-16 14:12:50,2025-12-16T14:12:50,59.2,1.0,SetByAsk
2025-12-16 14:12:50,2025-12-16T14:12:50,59.2,1.0,SetByAsk
2025-12-16 14:12:50,2025-12-16T14:12:50,59.2,1.0,SetByAsk
2025-12-16 14:12:50,2025-12-16T14:12:50,59.2,1.0,SetByAsk
2025-12-16 14:12:50,2025-12-16T14:12:50,59.2,1.0,SetByAsk
2025-12-16 14:12:50,2025-12-16T14:12:50,59.2,1.0,SetByAsk
2025-12-16 14:12:50,2025-12-16T14:12:50,59.2,1.0,SetByAsk
2025-12-16 14:12:50,2025-12-16T14:12:50,59.2,1.0,SetByAsk
2025-12-16 14:12:50,2025-12-16T14:12:50,59.2,1.0,SetByAsk
2025-12-16 14:12:50,2025-12-16T14:12:50,59.2,1.0,SetByAsk
2025-12-16 14:12:50,2025-12-16T14:12:50,59.2,1.0,SetByAsk
2025-12-16 14:12:50,2025-12-16T14:12:50,59.2,1.0,SetByAsk
2025-12-16 14:12:50,2025-12-16T14:12:50,59.2,1.0,SetByAsk
2025-12-16 14:12:50,2025-12-16T14:12:50,59.2,1.0,SetByAsk
2025-12-16 14:12:50,2025-12-16T14:12:50,59.2,1.0,SetByAsk
2025-12-16 14:12:50,2025-12-16T14:12:50,59.2,1.0,SetByAsk
2025-12-16 14:12:50,2025-12-16T14:12:50,59.2,1.0,SetByAsk
2025-12-16 14:12:50,2025-12-16T14:12:50,59.2,1.0,SetByAsk
2025-12-16 14:12:50,2025-12-16T14:12:50,59.2,1.0,SetByAsk
2025-12-16 14:12:50,2025-12-16T14:12:50,59.2,3.0,SetByAsk
2025-12-16 14:12:50,2025-12-16T14:12:50,59.2,1.0,SetByAsk
2025-12-16 14:12:50,2025-12-16T14:12:50,59.2,1.0,SetByAsk
2025-12-16 14:12:50,2025-12-16T14:12:50,59.2,1.0,SetByAsk
2025-12-16 14:12:50,2025-12-16T14:12:50,59.2,1.0,SetByAsk
2025-12-16 14:12:50,2025-12-16T14:12:50,59.2,1.0,SetByAsk
2025-12-16 14:12:50,2025-12-16T14:12:50,59.2,2.0,SetByAsk
2025-12-16 14:12:50,2025-12-16T14:12:50,59.2,4.0,SetByAsk
2025-12-16 14:12:50,2025-12-16T14:12:50,59.2,1.0,SetByAsk
2025-12-16 14:12:50,2025-12-16T14:12:50,59.2,1.0,SetByAsk
2025-12-16 14:12:50,2025-12-16T14:12:50,59.2,1.0,SetByAsk
2025-12-16 14:12:50,2025-12-16T14:12:50,59.2,6.0,SetByAsk
2025-12-16 14:12:50,2025-12-16T14:12:50,59.2,3.0,SetByAsk
2025-12-16 14:12:50,2025-12-16T14:12:50,59.2,8.0,SetByAsk
2025-12-16 14:12:50,2025-12-16T14:12:50,59.2,1.0,SetByAsk
2025-12-16 14:12:50,2025-12-16T14:12:50,59.2,1.0,SetByAsk
2025-12-16 14:12:50,2025-12-16T14:12:50,59.2,5.0,SetByAsk
2025-12-16 14:12:50,2025-12-16T14:12:50,59.2,1.0,SetByAsk
2025-12-16 14:12:50,2025-12-16T14:12:50,59.2,1.0,SetByAsk
2025-12-16 14:12:50,2025-12-16T14:12:50,59.2,2.0,SetByAsk
2025-12-16 14:12:50,2025-12-16T14:12:50,59.2,1.0,SetByAsk
2025-12-16 14:12:50,2025-12-16T14:12:50,59.2,3.0,SetByAsk
2025-12-16 14:12:50,2025-12-16T14:12:50,59.2,1.0,SetByAsk
2025-12-16 14:12:50,2025-12-16T14:12:50,59.2,2.0,SetByAsk
2025-12-16 14:12:50,2025-12-16T14:12:50,59.2,1.0,SetByAsk
2025-12-16 14:12:50,2025-12-16T14:12:50,59.2,3.0,SetByAsk
2025-12-16 14:12:50,2025-12-16T14:12:50,59.2,1.0,SetByAsk
2025-12-16 14:12:50,2025-12-16T14:12:50,59.2,1.0,SetByAsk
2025-12-16 14:12:50,2025-12-16T14:12:50,59.2,1.0,SetByAsk
2025-12-16 14:12:50,2025-12-16T14:12:50,59.2,2.0,SetByAsk
2025-12-16 14:12:50,2025-12-16T14:12:50,59.2,1.0,SetByAsk
2025-12-16 14:12:50,2025-12-16T14:12:50,59.2,1.0,SetByAsk
2025-12-16 14:12:50,2025-12-16T14:12:50,59.2,1.0,SetByAsk
2025-12-16 14:12:50,2025-12-16T14:12:50,59.2,1.0,SetByAsk
2025-12-16 14:12:50,2025-12-16T14:12:50,59.2,3.0,SetByAsk
2025-12-16 14:12:50,2025-12-16T14:12:50,59.2,1.0,SetByAsk
2025-12-16 14:12:50,2025-12-16T14:12:50,59.2,1.0,SetByAsk
2025-12-16 14:12:50,2025-12-16T14:12:50,59.2,1.0,SetByAsk
2025-12-16 14:12:50,2025-12-16T14:12:50,59.2,3.0,SetByAsk
2025-12-16 14:12:50,2025-12-16T14:12:50,59.2,2.0,SetByAsk
2025-12-16 14:12:50,2025-12-16T14:12:50,59.2,1.0,SetByAsk
2025-12-16 14:12:50,2025-12-16T14:12:50,59.2,1.0,SetByAsk
2025-12-16 14:12:50,2025-12-16T14:12:50,59.2,3.0,SetByAsk
2025-12-16 14:12:50,2025-12-16T14:12:50,59.2,2.0,SetByAsk
2025-12-16 14:12:50,2025-12-16T14:12:50,59.2,1.0,SetByAsk
2025-12-16 14:12:50,2025-12-16T14:12:50,59.2,1.0,SetByAsk
2025-12-16 14:12:50,2025-12-16T14:12:50,59.21,1.0,SetByBid
2025-12-16 14:12:52,2025-12-16T14:12:52,59.2,1.0,SetByBid
2025-12-16 14:12:59,2025-12-16T14:12:59,59.2,1.0,SetByAsk
2025-12-16 14:13:41,2025-12-16T14:13:41,59.2,5.0,SetByBid
2025-12-16 14:13:43,2025-12-16T14:13:43,59.2,1.0,SetByAsk
2025-12-16 14:13:59,2025-12-16T14:13:59,59.19,1.0,SetByBid
2025-12-16 14:13:59,2025-12-16T14:13:59,59.19,1.0,SetByBid
2025-12-16 14:14:50,2025-12-16T14:14:50,59.2,1.0,SetByAsk
2025-12-16 14:15:24,2025-12-16T14:15:24,59.2,1.0,SetByBid
2025-12-16 14:15:42,2025-12-16T14:15:42,59.21,1.0,SetByBid
2025-12-16 14:15:48,2025-12-16T14:15:48,59.21,1.0,SetByBid
2025-12-16 14:16:05,2025-12-16T14:16:05,59.23,1.0,SetByBid
2025-12-16 14:16:05,2025-12-16T14:16:05,59.23,1.0,SetByAsk
2025-12-16 14:16:08,2025-12-16T14:16:08,59.23,1.0,SetByAsk
2025-12-16 14:16:08,2025-12-16T14:16:08,59.23,1.0,SetByAsk
2025-12-16 14:16:08,2025-12-16T14:16:08,59.23,2.0,SetByAsk
2025-12-16 14:16:08,2025-12-16T14:16:08,59.23,1.0,SetByAsk
2025-12-16 14:16:08,2025-12-16T14:16:08,59.23,1.0,SetByAsk
2025-12-16 14:16:08,2025-12-16T14:16:08,59.23,1.0,SetByAsk
2025-12-16 14:16:08,2025-12-16T14:16:08,59.22,1.0,SetByAsk
2025-12-16 14:16:08,2025-12-16T14:16:08,59.22,1.0,SetByAsk
2025-12-16 14:16:08,2025-12-16T14:16:08,59.22,1.0,SetByAsk
2025-12-16 14:16:08,2025-12-16T14:16:08,59.22,1.0,SetByAsk
2025-12-16 14:16:08,2025-12-16T14:16:08,59.22,1.0,SetByAsk
2025-12-16 14:16:08,2025-12-16T14:16:08,59.22,1.0,SetByAsk
2025-12-16 14:16:08,2025-12-16T14:16:08,59.22,1.0,SetByAsk
2025-12-16 14:16:08,2025-12-16T14:16:08,59.22,2.0,SetByAsk
2025-12-16 14:16:08,2025-12-16T14:16:08,59.22,1.0,SetByAsk
2025-12-16 14:16:08,2025-12-16T14:16:08,59.22,1.0,SetByAsk
2025-12-16 14:16:08,2025-12-16T14:16:08,59.22,2.0,SetByAsk
2025-12-16 14:16:08,2025-12-16T14:16:08,59.22,2.0,SetByAsk
2025-12-16 14:16:08,2025-12-16T14:16:08,59.22,1.0,SetByAsk
2025-12-16 14:16:08,2025-12-16T14:16:08,59.22,1.0,SetByAsk
2025-12-16 14:16:08,2025-12-16T14:16:08,59.22,1.0,SetByAsk
2025-12-16 14:16:08,2025-12-16T14:16:08,59.22,1.0,SetByAsk
2025-12-16 14:16:08,2025-12-16T14:16:08,59.22,1.0,SetByAsk
2025-12-16 14:16:08,2025-12-16T14:16:08,59.22,1.0,SetByAsk
2025-12-16 14:16:08,2025-12-16T14:16:08,59.22,3.0,SetByAsk
2025-12-16 14:16:08,2025-12-16T14:16:08,59.22,1.0,SetByAsk
2025-12-16 14:16:08,2025-12-16T14:16:08,59.22,2.0,SetByAsk
2025-12-16 14:16:08,2025-12-16T14:16:08,59.22,1.0,SetByAsk
2025-12-16 14:16:08,2025-12-16T14:16:08,59.22,4.0,SetByAsk
2025-12-16 14:16:08,2025-12-16T14:16:08,59.22,2.0,SetByAsk
2025-12-16 14:16:08,2025-12-16T14:16:08,59.22,3.0,SetByAsk
2025-12-16 14:16:08,2025-12-16T14:16:08,59.22,2.0,SetByAsk
2025-12-16 14:16:08,2025-12-16T14:16:08,59.22,3.0,SetByAsk
2025-12-16 14:16:08,2025-12-16T14:16:08,59.22,3.0,SetByAsk
2025-12-16 14:16:08,2025-12-16T14:16:08,59.22,1.0,SetByAsk
2025-12-16 14:16:08,2025-12-16T14:16:08,59.22,1.0,SetByAsk
2025-12-16 14:16:08,2025-12-16T14:16:08,59.22,1.0,SetByAsk
2025-12-16 14:16:08,2025-12-16T14:16:08,59.22,1.0,SetByAsk
2025-12-16 14:16:08,2025-12-16T14:16:08,59.22,1.0,SetByAsk
2025-12-16 14:16:08,2025-12-16T14:16:08,59.22,2.0,SetByAsk
2025-12-16 14:16:08,2025-12-16T14:16:08,59.22,3.0,SetByAsk
2025-12-16 14:16:08,2025-12-16T14:16:08,59.22,1.0,SetByAsk
2025-12-16 14:16:08,2025-12-16T14:16:08,59.22,1.0,SetByAsk
2025-12-16 14:16:08,2025-12-16T14:16:08,59.22,1.0,SetByAsk
2025-12-16 14:16:08,2025-12-16T14:16:08,59.22,4.0,SetByAsk
2025-12-16 14:16:08,2025-12-16T14:16:08,59.22,2.0,SetByAsk
2025-12-16 14:16:08,2025-12-16T14:16:08,59.22,1.0,SetByAsk
2025-12-16 14:16:08,2025-12-16T14:16:08,59.22,2.0,SetByAsk
2025-12-16 14:16:08,2025-12-16T14:16:08,59.22,2.0,SetByAsk
2025-12-16 14:16:08,2025-12-16T14:16:08,59.22,3.0,SetByAsk
2025-12-16 14:16:08,2025-12-16T14:16:08,59.22,3.0,SetByAsk
2025-12-16 14:16:08,2025-12-16T14:16:08,59.22,1.0,SetByAsk
2025-12-16 14:16:08,2025-12-16T14:16:08,59.21,1.0,SetByAsk
2025-12-16 14:16:08,2025-12-16T14:16:08,59.21,1.0,SetByAsk
2025-12-16 14:16:08,2025-12-16T14:16:08,59.21,1.0,SetByAsk
2025-12-16 14:16:08,2025-12-16T14:16:08,59.21,1.0,SetByAsk
2025-12-16 14:16:08,2025-12-16T14:16:08,59.21,1.0,SetByAsk
2025-12-16 14:16:08,2025-12-16T14:16:08,59.21,1.0,SetByAsk
2025-12-16 14:16:08,2025-12-16T14:16:08,59.21,1.0,SetByAsk
2025-12-16 14:16:08,2025-12-16T14:16:08,59.21,2.0,SetByAsk
2025-12-16 14:16:08,2025-12-16T14:16:08,59.21,1.0,SetByAsk
2025-12-16 14:16:08,2025-12-16T14:16:08,59.21,1.0,SetByAsk
2025-12-16 14:16:08,2025-12-16T14:16:08,59.21,1.0,SetByAsk
2025-12-16 14:16:08,2025-12-16T14:16:08,59.21,1.0,SetByAsk
2025-12-16 14:16:08,2025-12-16T14:16:08,59.21,1.0,SetByAsk
2025-12-16 14:16:08,2025-12-16T14:16:08,59.21,1.0,SetByAsk
2025-12-16 14:16:08,2025-12-16T14:16:08,59.21,1.0,SetByAsk
2025-12-16 14:16:08,2025-12-16T14:16:08,59.21,1.0,SetByAsk
2025-12-16 14:16:08,2025-12-16T14:16:08,59.21,1.0,SetByAsk
2025-12-16 14:16:08,2025-12-16T14:16:08,59.21,1.0,SetByAsk
2025-12-16 14:16:08,2025-12-16T14:16:08,59.21,1.0,SetByAsk
2025-12-16 14:16:08,2025-12-16T14:16:08,59.21,1.0,SetByAsk
2025-12-16 14:16:08,2025-12-16T14:16:08,59.21,1.0,SetByAsk
2025-12-16 14:16:08,2025-12-16T14:16:08,59.21,1.0,SetByAsk
2025-12-16 14:16:08,2025-12-16T14:16:08,59.21,1.0,SetByAsk
2025-12-16 14:16:08,2025-12-16T14:16:08,59.21,4.0,SetByAsk
2025-12-16 14:16:08,2025-12-16T14:16:08,59.21,3.0,SetByAsk
2025-12-16 14:16:08,2025-12-16T14:16:08,59.21,1.0,SetByAsk
2025-12-16 14:16:08,2025-12-16T14:16:08,59.21,1.0,SetByAsk
2025-12-16 14:16:08,2025-12-16T14:16:08,59.21,2.0,SetByAsk
2025-12-16 14:16:08,2025-12-16T14:16:08,59.21,1.0,SetByAsk
2025-12-16 14:16:08,2025-12-16T14:16:08,59.21,2.0,SetByAsk
2025-12-16 14:16:08,2025-12-16T14:16:08,59.21,1.0,SetByAsk
2025-12-16 14:16:08,2025-12-16T14:16:08,59.21,1.0,SetByAsk
2025-12-16 14:16:08,2025-12-16T14:16:08,59.21,3.0,SetByAsk
2025-12-16 14:16:08,2025-12-16T14:16:08,59.21,7.0,SetByAsk
2025-12-16 14:16:08,2025-12-16T14:16:08,59.21,1.0,SetByAsk
2025-12-16 14:16:08,2025-12-16T14:16:08,59.21,5.0,SetByAsk
2025-12-16 14:16:08,2025-12-16T14:16:08,59.21,3.0,SetByAsk
2025-12-16 14:16:08,2025-12-16T14:16:08,59.21,1.0,SetByAsk
2025-12-16 14:16:08,2025-12-16T14:16:08,59.21,1.0,SetByAsk
2025-12-16 14:16:08,2025-12-16T14:16:08,59.21,1.0,SetByAsk
2025-12-16 14:16:08,2025-12-16T14:16:08,59.21,3.0,SetByAsk
2025-12-16 14:16:08,2025-12-16T14:16:08,59.21,1.0,SetByAsk
2025-12-16 14:16:08,2025-12-16T14:16:08,59.21,1.0,SetByAsk
2025-12-16 14:16:08,2025-12-16T14:16:08,59.21,1.0,SetByAsk
2025-12-16 14:16:08,2025-12-16T14:16:08,59.21,1.0,SetByAsk
2025-12-16 14:16:08,2025-12-16T14:16:08,59.21,1.0,SetByAsk
2025-12-16 14:16:08,2025-12-16T14:16:08,59.21,3.0,SetByAsk
2025-12-16 14:16:08,2025-12-16T14:16:08,59.21,2.0,SetByAsk
2025-12-16 14:16:08,2025-12-16T14:16:08,59.21,1.0,SetByAsk
2025-12-16 14:16:08,2025-12-16T14:16:08,59.21,1.0,SetByAsk
2025-12-16 14:16:08,2025-12-16T14:16:08,59.21,1.0,SetByAsk
2025-12-16 14:16:08,2025-12-16T14:16:08,59.21,1.0,SetByAsk
2025-12-16 14:16:08,2025-12-16T14:16:08,59.21,1.0,SetByAsk
2025-12-16 14:16:08,2025-12-16T14:16:08,59.21,2.0,SetByAsk
2025-12-16 14:16:08,2025-12-16T14:16:08,59.21,1.0,SetByAsk
2025-12-16 14:16:08,2025-12-16T14:16:08,59.21,1.0,SetByAsk
2025-12-16 14:16:08,2025-12-16T14:16:08,59.21,1.0,SetByAsk
2025-12-16 14:16:08,2025-12-16T14:16:08,59.21,3.0,SetByAsk
2025-12-16 14:16:08,2025-12-16T14:16:08,59.21,3.0,SetByAsk
2025-12-16 14:16:08,2025-12-16T14:16:08,59.21,2.0,SetByAsk
2025-12-16 14:16:08,2025-12-16T14:16:08,59.21,1.0,SetByAsk
2025-12-16 14:16:08,2025-12-16T14:16:08,59.21,2.0,SetByAsk
2025-12-16 14:16:08,2025-12-16T14:16:08,59.21,1.0,SetByAsk
2025-12-16 14:16:08,2025-12-16T14:16:08,59.21,1.0,SetByAsk
2025-12-16 14:16:08,2025-12-16T14:16:08,59.21,1.0,SetByAsk
2025-12-16 14:16:08,2025-12-16T14:16:08,59.2,1.0,SetByAsk
2025-12-16 14:16:08,2025-12-16T14:16:08,59.2,1.0,SetByAsk
2025-12-16 14:16:08,2025-12-16T14:16:08,59.2,1.0,SetByAsk
2025-12-16 14:16:08,2025-12-16T14:16:08,59.2,1.0,SetByAsk
2025-12-16 14:16:08,2025-12-16T14:16:08,59.2,1.0,SetByAsk
2025-12-16 14:16:08,2025-12-16T14:16:08,59.2,2.0,SetByAsk
2025-12-16 14:16:08,2025-12-16T14:16:08,59.2,1.0,SetByAsk
2025-12-16 14:16:08,2025-12-16T14:16:08,59.2,1.0,SetByAsk
2025-12-16 14:16:08,2025-12-16T14:16:08,59.2,4.0,SetByAsk
2025-12-16 14:16:08,2025-12-16T14:16:08,59.2,1.0,SetByAsk
2025-12-16 14:16:08,2025-12-16T14:16:08,59.2,1.0,SetByAsk
2025-12-16 14:16:08,2025-12-16T14:16:08,59.2,1.0,SetByAsk
2025-12-16 14:16:08,2025-12-16T14:16:08,59.2,1.0,SetByAsk
2025-12-16 14:16:08,2025-12-16T14:16:08,59.2,1.0,SetByAsk
2025-12-16 14:16:08,2025-12-16T14:16:08,59.2,1.0,SetByAsk
2025-12-16 14:16:08,2025-12-16T14:16:08,59.2,1.0,SetByAsk
2025-12-16 14:16:08,2025-12-16T14:16:08,59.2,7.0,SetByAsk
2025-12-16 14:16:08,2025-12-16T14:16:08,59.2,5.0,SetByAsk
2025-12-16 14:16:08,2025-12-16T14:16:08,59.2,1.0,SetByAsk
2025-12-16 14:16:08,2025-12-16T14:16:08,59.2,3.0,SetByAsk
2025-12-16 14:16:08,2025-12-16T14:16:08,59.2,3.0,SetByAsk
2025-12-16 14:16:08,2025-12-16T14:16:08,59.2,1.0,SetByAsk
2025-12-16 14:16:08,2025-12-16T14:16:08,59.2,5.0,SetByAsk
2025-12-16 14:16:08,2025-12-16T14:16:08,59.2,1.0,SetByAsk
2025-12-16 14:16:08,2025-12-16T14:16:08,59.2,1.0,SetByAsk
2025-12-16 14:16:08,2025-12-16T14:16:08,59.2,1.0,SetByAsk
2025-12-16 14:16:08,2025-12-16T14:16:08,59.2,1.0,SetByAsk
2025-12-16 14:16:08,2025-12-16T14:16:08,59.2,2.0,SetByAsk
2025-12-16 14:16:08,2025-12-16T14:16:08,59.2,1.0,SetByAsk
2025-12-16 14:16:08,2025-12-16T14:16:08,59.2,1.0,SetByAsk
2025-12-16 14:16:08,2025-12-16T14:16:08,59.2,1.0,SetByAsk
2025-12-16 14:16:08,2025-12-16T14:16:08,59.2,1.0,SetByAsk
2025-12-16 14:16:08,2025-12-16T14:16:08,59.2,3.0,SetByAsk
2025-12-16 14:16:08,2025-12-16T14:16:08,59.2,1.0,SetByAsk
2025-12-16 14:16:08,2025-12-16T14:16:08,59.2,2.0,SetByAsk
2025-12-16 14:16:08,2025-12-16T14:16:08,59.2,1.0,SetByAsk
2025-12-16 14:16:08,2025-12-16T14:16:08,59.2,1.0,SetByAsk
2025-12-16 14:16:08,2025-12-16T14:16:08,59.2,1.0,SetByAsk
2025-12-16 14:16:08,2025-12-16T14:16:08,59.2,1.0,SetByAsk
2025-12-16 14:16:08,2025-12-16T14:16:08,59.2,4.0,SetByAsk
2025-12-16 14:16:08,2025-12-16T14:16:08,59.2,2.0,SetByAsk
2025-12-16 14:16:08,2025-12-16T14:16:08,59.2,1.0,SetByAsk
2025-12-16 14:16:08,2025-12-16T14:16:08,59.2,3.0,SetByAsk
2025-12-16 14:16:08,2025-12-16T14:16:08,59.2,2.0,SetByAsk
2025-12-16 14:16:08,2025-12-16T14:16:08,59.2,1.0,SetByAsk
2025-12-16 14:16:08,2025-12-16T14:16:08,59.2,1.0,SetByAsk
2025-12-16 14:16:08,2025-12-16T14:16:08,59.2,1.0,SetByAsk
2025-12-16 14:16:08,2025-12-16T14:16:08,59.2,1.0,SetByAsk
2025-12-16 14:16:08,2025-12-16T14:16:08,59.2,1.0,SetByAsk
2025-12-16 14:16:08,2025-12-16T14:16:08,59.2,1.0,SetByAsk
2025-12-16 14:16:08,2025-12-16T14:16:08,59.2,1.0,SetByAsk
2025-12-16 14:16:08,2025-12-16T14:16:08,59.19,1.0,SetByAsk
2025-12-16 14:16:08,2025-12-16T14:16:08,59.19,1.0,SetByAsk
2025-12-16 14:16:08,2025-12-16T14:16:08,59.19,1.0,SetByAsk
2025-12-16 14:16:08,2025-12-16T14:16:08,59.19,1.0,SetByAsk
2025-12-16 14:16:08,2025-12-16T14:16:08,59.19,1.0,SetByAsk
2025-12-16 14:16:08,2025-12-16T14:16:08,59.19,1.0,SetByAsk
2025-12-16 14:16:08,2025-12-16T14:16:08,59.19,1.0,SetByAsk
2025-12-16 14:16:08,2025-12-16T14:16:08,59.19,1.0,SetByAsk
2025-12-16 14:16:08,2025-12-16T14:16:08,59.19,1.0,SetByAsk
2025-12-16 14:16:08,2025-12-16T14:16:08,59.19,1.0,SetByAsk
2025-12-16 14:16:08,2025-12-16T14:16:08,59.19,1.0,SetByAsk
2025-12-16 14:16:08,2025-12-16T14:16:08,59.19,1.0,SetByAsk
2025-12-16 14:16:08,2025-12-16T14:16:08,59.19,1.0,SetByAsk
2025-12-16 14:16:08,2025-12-16T14:16:08,59.19,1.0,SetByAsk
2025-12-16 14:16:08,2025-12-16T14:16:08,59.19,1.0,SetByAsk
2025-12-16 14:16:08,2025-12-16T14:16:08,59.19,4.0,SetByAsk
2025-12-16 14:16:08,2025-12-16T14:16:08,59.19,3.0,SetByAsk
2025-12-16 14:16:08,2025-12-16T14:16:08,59.19,3.0,SetByAsk
2025-12-16 14:16:08,2025-12-16T14:16:08,59.19,1.0,SetByAsk
2025-12-16 14:16:08,2025-12-16T14:16:08,59.19,1.0,SetByAsk
2025-12-16 14:16:08,2025-12-16T14:16:08,59.19,3.0,SetByAsk
2025-12-16 14:16:08,2025-12-16T14:16:08,59.19,5.0,SetByAsk
2025-12-16 14:16:08,2025-12-16T14:16:08,59.19,1.0,SetByAsk
2025-12-16 14:16:08,2025-12-16T14:16:08,59.19,6.0,SetByAsk
2025-12-16 14:16:08,2025-12-16T14:16:08,59.19,1.0,SetByAsk
2025-12-16 14:16:08,2025-12-16T14:16:08,59.19,1.0,SetByAsk
2025-12-16 14:16:08,2025-12-16T14:16:08,59.19,1.0,SetByAsk
2025-12-16 14:16:08,2025-12-16T14:16:08,59.19,1.0,SetByAsk
2025-12-16 14:16:08,2025-12-16T14:16:08,59.19,5.0,SetByAsk
2025-12-16 14:16:08,2025-12-16T14:16:08,59.19,1.0,SetByAsk
2025-12-16 14:16:08,2025-12-16T14:16:08,59.19,1.0,SetByAsk
2025-12-16 14:16:08,2025-12-16T14:16:08,59.19,1.0,SetByAsk
2025-12-16 14:16:08,2025-12-16T14:16:08,59.19,1.0,SetByAsk
2025-12-16 14:16:08,2025-12-16T14:16:08,59.19,1.0,SetByAsk
2025-12-16 14:16:08,2025-12-16T14:16:08,59.19,1.0,SetByAsk
2025-12-16 14:16:08,2025-12-16T14:16:08,59.19,1.0,SetByAsk
2025-12-16 14:16:08,2025-12-16T14:16:08,59.19,1.0,SetByAsk
2025-12-16 14:16:08,2025-12-16T14:16:08,59.19,1.0,SetByAsk
2025-12-16 14:16:08,2025-12-16T14:16:08,59.19,2.0,SetByAsk
2025-12-16 14:16:08,2025-12-16T14:16:08,59.19,1.0,SetByAsk
2025-12-16 14:16:08,2025-12-16T14:16:08,59.19,5.0,SetByAsk
2025-12-16 14:16:08,2025-12-16T14:16:08,59.19,1.0,SetByAsk
2025-12-16 14:16:08,2025-12-16T14:16:08,59.19,1.0,SetByAsk
2025-12-16 14:16:08,2025-12-16T14:16:08,59.19,1.0,SetByAsk
2025-12-16 14:16:08,2025-12-16T14:16:08,59.19,2.0,SetByAsk
2025-12-16 14:16:08,2025-12-16T14:16:08,59.19,2.0,SetByAsk
2025-12-16 14:16:08,2025-12-16T14:16:08,59.19,4.0,SetByAsk
2025-12-16 14:16:08,2025-12-16T14:16:08,59.19,1.0,SetByAsk
2025-12-16 14:16:08,2025-12-16T14:16:08,59.19,1.0,SetByAsk
2025-12-16 14:16:08,2025-12-16T14:16:08,59.19,1.0,SetByAsk
2025-12-16 14:16:08,2025-12-16T14:16:08,59.19,1.0,SetByAsk
2025-12-16 14:16:08,2025-12-16T14:16:08,59.19,1.0,SetByAsk
2025-12-16 14:16:08,2025-12-16T14:16:08,59.23,1.0,SetByBid
2025-12-16 14:16:17,2025-12-16T14:16:17,59.19,1.0,SetByAsk
2025-12-16 14:16:35,2025-12-16T14:16:35,59.21,1.0,SetByBid
2025-12-16 14:16:36,2025-12-16T14:16:36,59.22,1.0,SetByBid
2025-12-16 14:17:04,2025-12-16T14:17:04,59.21,1.0,SetByAsk
2025-12-16 14:17:04,2025-12-16T14:17:04,59.21,1.0,SetByAsk
2025-12-16 14:17:11,2025-12-16T14:17:11,59.2,1.0,SetByBid
2025-12-16 14:17:33,2025-12-16T14:17:33,59.19,1.0,SetByAsk
2025-12-16 14:17:33,2025-12-16T14:17:33,59.19,1.0,SetByAsk
2025-12-16 14:17:40,2025-12-16T14:17:40,59.2,1.0,SetByBid
2025-12-16 14:17:42,2025-12-16T14:17:42,59.2,1.0,SetByBid
2025-12-16 14:17:42,2025-12-16T14:17:42,59.22,1.0,SetByBid
2025-12-16 14:17:42,2025-12-16T14:17:42,59.23,1.0,SetByBid
2025-12-16 14:17:42,2025-12-16T14:17:42,59.23,1.0,SetByBid
2025-12-16 14:17:42,2025-12-16T14:17:42,59.23,1.0,SetByBid
2025-12-16 14:17:42,2025-12-16T14:17:42,59.23,1.0,SetByBid
2025-12-16 14:17:42,2025-12-16T14:17:42,59.23,1.0,SetByBid
2025-12-16 14:17:50,2025-12-16T14:17:50,59.23,1.0,SetByAsk
2025-12-16 14:17:50,2025-12-16T14:17:50,59.24,1.0,SetByAsk
2025-12-16 14:17:50,2025-12-16T14:17:50,59.24,1.0,SetByAsk
2025-12-16 14:17:52,2025-12-16T14:17:52,59.23,1.0,SetByAsk
2025-12-16 14:17:52,2025-12-16T14:17:52,59.23,1.0,SetByAsk
2025-12-16 14:18:00,2025-12-16T14:18:00,59.23,1.0,SetByBid
2025-12-16 14:18:23,2025-12-16T14:18:23,59.24,1.0,SetByBid
2025-12-16 14:18:23,2025-12-16T14:18:23,59.24,1.0,SetByBid
2025-12-16 14:18:23,2025-12-16T14:18:23,59.24,1.0,SetByAsk
2025-12-16 14:19:08,2025-12-16T14:19:08,59.23,1.0,SetByAsk
2025-12-16 14:19:08,2025-12-16T14:19:08,59.23,1.0,SetByBid
2025-12-16 14:20:03,2025-12-16T14:20:03,59.21,1.0,SetByBid
2025-12-16 14:20:05,2025-12-16T14:20:05,59.22,1.0,SetByBid
2025-12-16 14:21:13,2025-12-16T14:21:13,59.2,1.0,SetByBid
2025-12-16 14:21:13,2025-12-16T14:21:13,59.2,1.0,SetByBid
2025-12-16 14:21:14,2025-12-16T14:21:14,59.18,1.0,SetByAsk
2025-12-16 14:21:41,2025-12-16T14:21:41,59.19,1.0,SetByBid
2025-12-16 14:21:41,2025-12-16T14:21:41,59.19,1.0,SetByBid
2025-12-16 14:21:41,2025-12-16T14:21:41,59.19,1.0,SetByBid
2025-12-16 14:21:41,2025-12-16T14:21:41,59.19,10.0,SetByBid
2025-12-16 14:21:41,2025-12-16T14:21:41,59.19,1.0,SetByBid
2025-12-16 14:22:44,2025-12-16T14:22:44,59.18,1.0,SetByBid
2025-12-16 14:22:44,2025-12-16T14:22:44,59.18,1.0,SetByBid
2025-12-16 14:23:35,2025-12-16T14:23:35,59.19,1.0,SetByBid
2025-12-16 14:23:35,2025-12-16T14:23:35,59.19,1.0,SetByBid
2025-12-16 14:23:35,2025-12-16T14:23:35,59.19,1.0,SetByBid
2025-12-16 14:23:35,2025-12-16T14:23:35,59.19,1.0,SetByBid
2025-12-16 14:24:09,2025-12-16T14:24:09,59.19,1.0,SetByAsk
2025-12-16 14:24:41,2025-12-16T14:24:41,59.2,1.0,SetByBid
2025-12-16 14:24:41,2025-12-16T14:24:41,59.21,1.0,SetByBid
2025-12-16 14:24:51,2025-12-16T14:24:51,59.21,1.0,SetByAsk
2025-12-16 14:25:00,2025-12-16T14:25:00,59.22,1.0,SetByBid
2025-12-16 14:25:00,2025-12-16T14:25:00,59.22,1.0,SetByBid
2025-12-16 14:25:04,2025-12-16T14:25:04,59.22,2.0,SetByAsk
2025-12-16 14:25:04,2025-12-16T14:25:04,59.21,1.0,SetByAsk
2025-12-16 14:25:07,2025-12-16T14:25:07,59.21,1.0,SetByAsk
2025-12-16 14:25:34,2025-12-16T14:25:34,59.21,1.0,SetByBid
2025-12-16 14:25:34,2025-12-16T14:25:34,59.21,1.0,SetByBid
2025-12-16 14:25:49,2025-12-16T14:25:49,59.23,1.0,SetByAsk
2025-12-16 14:25:51,2025-12-16T14:25:51,59.23,1.0,SetByAsk
2025-12-16 14:26:11,2025-12-16T14:26:11,59.25,1.0,SetByBid
2025-12-16 14:26:37,2025-12-16T14:26:37,59.23,1.0,SetByAsk
2025-12-16 14:26:37,2025-12-16T14:26:37,59.23,1.0,SetByAsk
2025-12-16 14:26:37,2025-12-16T14:26:37,59.23,1.0,SetByAsk
2025-12-16 14:26:42,2025-12-16T14:26:42,59.23,1.0,SetByBid
2025-12-16 14:26:42,2025-12-16T14:26:42,59.23,1.0,SetByBid
2025-12-16 14:26:51,2025-12-16T14:26:51,59.24,1.0,SetByBid
2025-12-16 14:26:53,2025-12-16T14:26:53,59.24,1.0,SetByBid
2025-12-16 14:27:16,2025-12-16T14:27:16,59.24,1.0,SetByBid
2025-12-16 14:27:16,2025-12-16T14:27:16,59.24,1.0,"SetByBid, Leg"
2025-12-16 14:27:16,2025-12-16T14:27:16,59.25,1.0,"SetByBid, Leg"
2025-12-16 14:27:16,2025-12-16T14:27:16,59.25,1.0,SetByBid
2025-12-16 14:27:16,2025-12-16T14:27:16,59.25,1.0,SetByBid
2025-12-16 14:27:16,2025-12-16T14:27:16,59.25,1.0,SetByBid
2025-12-16 14:27:16,2025-12-16T14:27:16,59.25,1.0,SetByBid
2025-12-16 14:27:16,2025-12-16T14:27:16,59.25,1.0,SetByBid
2025-12-16 14:27:16,2025-12-16T14:27:16,59.25,1.0,SetByBid
2025-12-16 14:27:16,2025-12-16T14:27:16,59.25,1.0,SetByBid
2025-12-16 14:27:16,2025-12-16T14:27:16,59.25,1.0,SetByBid
2025-12-16 14:27:16,2025-12-16T14:27:16,59.25,4.0,SetByBid
2025-12-16 14:27:16,2025-12-16T14:27:16,59.25,5.0,SetByBid
2025-12-16 14:27:26,2025-12-16T14:27:26,59.24,1.0,"SetByBid, Leg"
2025-12-16 14:27:26,2025-12-16T14:27:26,59.25,1.0,"SetByBid, Leg"
2025-12-16 14:27:26,2025-12-16T14:27:26,59.25,1.0,SetByBid
2025-12-16 14:27:26,2025-12-16T14:27:26,59.25,1.0,SetByBid
2025-12-16 14:27:26,2025-12-16T14:27:26,59.25,1.0,SetByBid
2025-12-16 14:27:26,2025-12-16T14:27:26,59.25,1.0,SetByBid
2025-12-16 14:27:26,2025-12-16T14:27:26,59.25,1.0,SetByBid
2025-12-16 14:27:26,2025-12-16T14:27:26,59.25,1.0,SetByBid
2025-12-16 14:27:26,2025-12-16T14:27:26,59.25,1.0,SetByBid
2025-12-16 14:27:26,2025-12-16T14:27:26,59.25,2.0,SetByBid
2025-12-16 14:27:26,2025-12-16T14:27:26,59.25,1.0,SetByBid
2025-12-16 14:27:26,2025-12-16T14:27:26,59.25,1.0,SetByBid
2025-12-16 14:27:26,2025-12-16T14:27:26,59.25,1.0,SetByBid
2025-12-16 14:27:26,2025-12-16T14:27:26,59.25,1.0,SetByBid
2025-12-16 14:27:26,2025-12-16T14:27:26,59.25,3.0,SetByBid
2025-12-16 14:27:26,2025-12-16T14:27:26,59.25,1.0,SetByBid
2025-12-16 14:27:26,2025-12-16T14:27:26,59.25,1.0,SetByBid
2025-12-16 14:27:29,2025-12-16T14:27:29,59.25,1.0,SetByBid
2025-12-16 14:27:29,2025-12-16T14:27:29,59.25,1.0,SetByBid
2025-12-16 14:27:29,2025-12-16T14:27:29,59.25,1.0,SetByBid
2025-12-16 14:27:29,2025-12-16T14:27:29,59.25,1.0,SetByBid
2025-12-16 14:27:29,2025-12-16T14:27:29,59.25,1.0,SetByBid
2025-12-16 14:27:29,2025-12-16T14:27:29,59.25,2.0,SetByBid
2025-12-16 14:27:29,2025-12-16T14:27:29,59.25,1.0,SetByBid
2025-12-16 14:27:29,2025-12-16T14:27:29,59.25,5.0,SetByBid
2025-12-16 14:27:29,2025-12-16T14:27:29,59.25,3.0,SetByBid
2025-12-16 14:27:29,2025-12-16T14:27:29,59.25,2.0,SetByBid
2025-12-16 14:27:29,2025-12-16T14:27:29,59.25,2.0,SetByBid
2025-12-16 14:27:45,2025-12-16T14:27:45,59.25,1.0,SetByBid
2025-12-16 14:27:45,2025-12-16T14:27:45,59.25,1.0,SetByBid
2025-12-16 14:27:45,2025-12-16T14:27:45,59.25,1.0,SetByBid
2025-12-16 14:27:45,2025-12-16T14:27:45,59.25,1.0,SetByBid
2025-12-16 14:27:45,2025-12-16T14:27:45,59.25,1.0,SetByBid
2025-12-16 14:27:45,2025-12-16T14:27:45,59.25,1.0,SetByBid
2025-12-16 14:27:45,2025-12-16T14:27:45,59.25,1.0,SetByBid
2025-12-16 14:27:45,2025-12-16T14:27:45,59.25,1.0,SetByBid
2025-12-16 14:27:45,2025-12-16T14:27:45,59.25,1.0,SetByBid
2025-12-16 14:27:45,2025-12-16T14:27:45,59.25,1.0,SetByBid
2025-12-16 14:27:45,2025-12-16T14:27:45,59.25,1.0,SetByBid
2025-12-16 14:27:45,2025-12-16T14:27:45,59.25,1.0,SetByBid
2025-12-16 14:27:45,2025-12-16T14:27:45,59.25,1.0,SetByBid
2025-12-16 14:27:45,2025-12-16T14:27:45,59.25,1.0,SetByBid
2025-12-16 14:27:45,2025-12-16T14:27:45,59.25,1.0,SetByBid
2025-12-16 14:27:45,2025-12-16T14:27:45,59.25,2.0,SetByBid
2025-12-16 14:27:45,2025-12-16T14:27:45,59.25,1.0,"SetByBid, Leg"
2025-12-16 14:27:45,2025-12-16T14:27:45,59.26,1.0,"SetByBid, Leg"
2025-12-16 14:27:45,2025-12-16T14:27:45,59.26,1.0,SetByBid
2025-12-16 14:27:47,2025-12-16T14:27:47,59.25,1.0,SetByBid
2025-12-16 14:28:16,2025-12-16T14:28:16,59.26,1.0,SetByAsk
2025-12-16 14:28:43,2025-12-16T14:28:43,59.26,1.0,SetByAsk
2025-12-16 14:28:57,2025-12-16T14:28:57,59.27,1.0,SetByBid
2025-12-16 14:29:28,2025-12-16T14:29:28,59.29,2.0,SetByAsk
2025-12-16 14:29:28,2025-12-16T14:29:28,59.29,1.0,SetByAsk
2025-12-16 14:29:28,2025-12-16T14:29:28,59.29,1.0,SetByAsk
2025-12-16 14:29:46,2025-12-16T14:29:46,59.3,1.0,SetByAsk
2025-12-16 14:29:51,2025-12-16T14:29:51,59.3,1.0,SetByBid
2025-12-16 14:29:51,2025-12-16T14:29:51,59.3,1.0,SetByBid
2025-12-16 14:29:54,2025-12-16T14:29:54,59.3,1.0,SetByAsk
2025-12-16 14:29:54,2025-12-16T14:29:54,59.3,1.0,SetByAsk
2025-12-16 14:29:55,2025-12-16T14:29:55,59.3,1.0,SetByAsk
2025-12-16 14:29:56,2025-12-16T14:29:56,59.3,1.0,SetByAsk
2025-12-16 14:29:56,2025-12-16T14:29:56,59.3,1.0,SetByAsk
2025-12-16 14:29:56,2025-12-16T14:29:56,59.3,1.0,SetByAsk
2025-12-16 14:29:56,2025-12-16T14:29:56,59.3,1.0,SetByAsk
2025-12-16 14:29:56,2025-12-16T14:29:56,59.3,1.0,SetByAsk
2025-12-16 14:29:59,2025-12-16T14:29:59,59.3,1.0,SetByAsk
2025-12-16 14:29:59,2025-12-16T14:29:59,59.3,1.0,SetByAsk
2025-12-16 14:29:59,2025-12-16T14:29:59,59.3,1.0,SetByAsk
2025-12-16 14:29:59,2025-12-16T14:29:59,59.3,1.0,SetByAsk
2025-12-16 14:29:59,2025-12-16T14:29:59,59.3,1.0,SetByAsk
2025-12-16 14:29:59,2025-12-16T14:29:59,59.3,1.0,SetByAsk
2025-12-16 14:29:59,2025-12-16T14:29:59,59.3,1.0,SetByAsk
2025-12-16 14:29:59,2025-12-16T14:29:59,59.3,1.0,SetByAsk
2025-12-16 14:29:59,2025-12-16T14:29:59,59.3,1.0,SetByAsk
2025-12-16 14:30:00,2025-12-16T14:30:00,59.3,1.0,SetByAsk
2025-12-16 14:30:00,2025-12-16T14:30:00,59.3,1.0,SetByAsk
2025-12-16 14:30:00,2025-12-16T14:30:00,59.31,3.0,SetByAsk
2025-12-16 14:30:00,2025-12-16T14:30:00,59.31,1.0,SetByAsk
2025-12-16 14:30:01,2025-12-16T14:30:01,59.32,1.0,SetByBid
2025-12-16 14:30:19,2025-12-16T14:30:19,59.32,1.0,SetByAsk
2025-12-16 14:30:28,2025-12-16T14:30:28,59.33,1.0,SetByAsk
2025-12-16 14:30:32,2025-12-16T14:30:32,59.32,1.0,SetByAsk
2025-12-16 14:30:33,2025-12-16T14:30:33,59.32,1.0,SetByAsk
2025-12-16 14:30:39,2025-12-16T14:30:39,59.31,1.0,SetByAsk
2025-12-16 14:30:51,2025-12-16T14:30:51,59.3,1.0,SetByBid
2025-12-16 14:30:51,2025-12-16T14:30:51,59.3,1.0,SetByBid
2025-12-16 14:31:04,2025-12-16T14:31:04,59.3,1.0,SetByBid
2025-12-16 14:31:04,2025-12-16T14:31:04,59.3,1.0,SetByBid
2025-12-16 14:31:04,2025-12-16T14:31:04,59.3,1.0,SetByBid
2025-12-16 14:31:04,2025-12-16T14:31:04,59.31,1.0,SetByBid
2025-12-16 14:31:04,2025-12-16T14:31:04,59.31,1.0,SetByBid
2025-12-16 14:31:04,2025-12-16T14:31:04,59.3,2.0,SetByAsk
2025-12-16 14:31:04,2025-12-16T14:31:04,59.3,1.0,SetByAsk
2025-12-16 14:31:17,2025-12-16T14:31:17,59.32,1.0,SetByBid
2025-12-16 14:31:17,2025-12-16T14:31:17,59.32,1.0,SetByBid
2025-12-16 14:31:17,2025-12-16T14:31:17,59.32,1.0,SetByBid
2025-12-16 14:31:17,2025-12-16T14:31:17,59.32,2.0,SetByBid
2025-12-16 14:31:17,2025-12-16T14:31:17,59.32,1.0,SetByBid
2025-12-16 14:31:29,2025-12-16T14:31:29,59.31,1.0,SetByAsk
2025-12-16 14:31:29,2025-12-16T14:31:29,59.31,1.0,SetByAsk
2025-12-16 14:31:29,2025-12-16T14:31:29,59.31,1.0,SetByAsk
2025-12-16 14:31:29,2025-12-16T14:31:29,59.31,1.0,SetByAsk
2025-12-16 14:31:29,2025-12-16T14:31:29,59.31,1.0,SetByAsk
2025-12-16 14:31:29,2025-12-16T14:31:29,59.31,7.0,SetByBid
2025-12-16 14:31:29,2025-12-16T14:31:29,59.31,1.0,SetByBid
2025-12-16 14:31:29,2025-12-16T14:31:29,59.31,5.0,SetByBid
2025-12-16 14:31:29,2025-12-16T14:31:29,59.31,2.0,SetByBid
2025-12-16 14:31:29,2025-12-16T14:31:29,59.31,4.0,SetByBid
2025-12-16 14:31:37,2025-12-16T14:31:37,59.32,1.0,SetByBid
2025-12-16 14:31:37,2025-12-16T14:31:37,59.32,1.0,SetByBid
2025-12-16 14:31:37,2025-12-16T14:31:37,59.32,3.0,SetByBid
2025-12-16 14:31:37,2025-12-16T14:31:37,59.32,1.0,SetByBid
2025-12-16 14:31:37,2025-12-16T14:31:37,59.32,1.0,SetByBid
2025-12-16 14:31:37,2025-12-16T14:31:37,59.32,1.0,SetByBid
2025-12-16 14:31:37,2025-12-16T14:31:37,59.32,1.0,SetByBid
2025-12-16 14:31:37,2025-12-16T14:31:37,59.32,1.0,SetByAsk
2025-12-16 14:31:37,2025-12-16T14:31:37,59.32,1.0,SetByAsk
2025-12-16 14:31:56,2025-12-16T14:31:56,59.31,1.0,SetByAsk
2025-12-16 14:31:56,2025-12-16T14:31:56,59.31,1.0,SetByAsk
2025-12-16 14:31:56,2025-12-16T14:31:56,59.31,1.0,SetByAsk
2025-12-16 14:31:57,2025-12-16T14:31:57,59.31,1.0,SetByAsk
2025-12-16 14:31:57,2025-12-16T14:31:57,59.31,1.0,SetByBid
2025-12-16 14:32:00,2025-12-16T14:32:00,59.32,1.0,SetByBid
2025-12-16 14:32:00,2025-12-16T14:32:00,59.32,3.0,SetByBid
2025-12-16 14:32:07,2025-12-16T14:32:07,59.31,1.0,SetByAsk
2025-12-16 14:32:26,2025-12-16T14:32:26,59.31,1.0,SetByAsk
2025-12-16 14:32:36,2025-12-16T14:32:36,59.3,1.0,SetByAsk
2025-12-16 14:32:54,2025-12-16T14:32:54,59.29,1.0,SetByAsk
2025-12-16 14:32:54,2025-12-16T14:32:54,59.29,1.0,SetByAsk
2025-12-16 14:32:59,2025-12-16T14:32:59,59.3,1.0,SetByBid
2025-12-16 14:32:59,2025-12-16T14:32:59,59.3,1.0,SetByBid
2025-12-16 14:33:16,2025-12-16T14:33:16,59.29,1.0,SetByAsk
2025-12-16 14:33:16,2025-12-16T14:33:16,59.29,1.0,SetByAsk
2025-12-16 14:33:16,2025-12-16T14:33:16,59.29,2.0,SetByAsk
2025-12-16 14:33:31,2025-12-16T14:33:31,59.3,1.0,SetByBid
2025-12-16 14:33:41,2025-12-16T14:33:41,59.29,1.0,SetByAsk
2025-12-16 14:33:41,2025-12-16T14:33:41,59.29,1.0,SetByAsk
2025-12-16 14:33:41,2025-12-16T14:33:41,59.29,1.0,SetByAsk
2025-12-16 14:33:41,2025-12-16T14:33:41,59.29,1.0,SetByAsk
2025-12-16 14:34:38,2025-12-16T14:34:38,59.3,1.0,SetByBid
2025-12-16 14:34:38,2025-12-16T14:34:38,59.3,1.0,SetByBid
2025-12-16 14:35:18,2025-12-16T14:35:18,59.28,1.0,SetByAsk
2025-12-16 14:35:27,2025-12-16T14:35:27,59.28,1.0,SetByAsk
2025-12-16 14:35:27,2025-12-16T14:35:27,59.28,1.0,SetByAsk
2025-12-16 14:35:27,2025-12-16T14:35:27,59.28,1.0,SetByAsk
2025-12-16 14:35:27,2025-12-16T14:35:27,59.28,1.0,SetByAsk
2025-12-16 14:35:40,2025-12-16T14:35:40,59.29,1.0,SetByBid
2025-12-16 14:35:40,2025-12-16T14:35:40,59.29,1.0,SetByBid
2025-12-16 14:35:40,2025-12-16T14:35:40,59.29,1.0,SetByBid
2025-12-16 14:35:40,2025-12-16T14:35:40,59.3,1.0,SetByAsk
2025-12-16 14:35:40,2025-12-16T14:35:40,59.3,1.0,SetByAsk
2025-12-16 14:35:40,2025-12-16T14:35:40,59.3,1.0,SetByAsk
2025-12-16 14:35:40,2025-12-16T14:35:40,59.3,1.0,SetByAsk
2025-12-16 14:35:40,2025-12-16T14:35:40,59.3,2.0,SetByAsk
2025-12-16 14:37:12,2025-12-16T14:37:12,59.28,1.0,SetByAsk
2025-12-16 14:37:12,2025-12-16T14:37:12,59.28,1.0,SetByAsk
2025-12-16 14:37:12,2025-12-16T14:37:12,59.28,1.0,SetByAsk
2025-12-16 14:37:12,2025-12-16T14:37:12,59.28,1.0,SetByAsk
2025-12-16 14:37:36,2025-12-16T14:37:36,59.26,1.0,SetByAsk
2025-12-16 14:37:36,2025-12-16T14:37:36,59.26,1.0,SetByAsk
2025-12-16 14:37:42,2025-12-16T14:37:42,59.27,1.0,SetByBid
2025-12-16 14:38:10,2025-12-16T14:38:10,59.28,1.0,SetByBid
2025-12-16 14:38:12,2025-12-16T14:38:12,59.29,1.0,SetByBid
2025-12-16 14:38:12,2025-12-16T14:38:12,59.29,1.0,SetByBid
2025-12-16 14:38:12,2025-12-16T14:38:12,59.29,1.0,SetByBid
2025-12-16 14:38:12,2025-12-16T14:38:12,59.29,1.0,SetByBid
2025-12-16 14:38:12,2025-12-16T14:38:12,59.29,2.0,SetByBid
2025-12-16 14:38:12,2025-12-16T14:38:12,59.29,1.0,SetByBid
2025-12-16 14:38:12,2025-12-16T14:38:12,59.29,1.0,SetByBid
2025-12-16 14:38:12,2025-12-16T14:38:12,59.29,1.0,SetByBid
2025-12-16 14:38:12,2025-12-16T14:38:12,59.29,1.0,SetByBid
2025-12-16 14:38:12,2025-12-16T14:38:12,59.29,1.0,SetByBid
2025-12-16 14:38:12,2025-12-16T14:38:12,59.29,1.0,SetByBid
2025-12-16 14:38:12,2025-12-16T14:38:12,59.29,1.0,SetByAsk
2025-12-16 14:38:12,2025-12-16T14:38:12,59.29,1.0,SetByAsk
2025-12-16 14:38:12,2025-12-16T14:38:12,59.29,5.0,SetByAsk
2025-12-16 14:38:14,2025-12-16T14:38:14,59.29,1.0,SetByBid
2025-12-16 14:38:26,2025-12-16T14:38:26,59.3,1.0,SetByBid
2025-12-16 14:38:26,2025-12-16T14:38:26,59.3,1.0,SetByBid
2025-12-16 14:38:26,2025-12-16T14:38:26,59.32,1.0,SetByBid
2025-12-16 14:38:26,2025-12-16T14:38:26,59.32,1.0,SetByBid
2025-12-16 14:38:26,2025-12-16T14:38:26,59.31,1.0,SetByAsk
2025-12-16 14:38:26,2025-12-16T14:38:26,59.31,1.0,SetByAsk
2025-12-16 14:38:26,2025-12-16T14:38:26,59.3,1.0,SetByAsk
2025-12-16 14:38:27,2025-12-16T14:38:27,59.31,1.0,SetByBid
2025-12-16 14:38:48,2025-12-16T14:38:48,59.32,1.0,SetByBid
2025-12-16 14:38:48,2025-12-16T14:38:48,59.32,2.0,SetByBid
2025-12-16 14:38:50,2025-12-16T14:38:50,59.33,1.0,SetByBid
2025-12-16 14:38:55,2025-12-16T14:38:55,59.35,1.0,SetByAsk
2025-12-16 14:38:55,2025-12-16T14:38:55,59.35,1.0,SetByAsk
2025-12-16 14:39:01,2025-12-16T14:39:01,59.35,1.0,SetByAsk
2025-12-16 14:39:02,2025-12-16T14:39:02,59.35,1.0,SetByBid
2025-12-16 14:39:02,2025-12-16T14:39:02,59.35,1.0,SetByBid
2025-12-16 14:39:02,2025-12-16T14:39:02,59.35,1.0,SetByBid
2025-12-16 14:39:02,2025-12-16T14:39:02,59.36,1.0,SetByBid
2025-12-16 14:39:02,2025-12-16T14:39:02,59.36,1.0,SetByBid
2025-12-16 14:39:02,2025-12-16T14:39:02,59.36,1.0,SetByBid
2025-12-16 14:39:02,2025-12-16T14:39:02,59.36,1.0,SetByBid
2025-12-16 14:39:02,2025-12-16T14:39:02,59.36,1.0,SetByBid
2025-12-16 14:39:02,2025-12-16T14:39:02,59.36,2.0,SetByBid
2025-12-16 14:39:25,2025-12-16T14:39:25,59.36,1.0,SetByBid
2025-12-16 14:39:52,2025-12-16T14:39:52,59.35,1.0,SetByAsk
2025-12-16 14:39:53,2025-12-16T14:39:53,59.35,1.0,SetByAsk
2025-12-16 14:39:53,2025-12-16T14:39:53,59.35,1.0,SetByAsk
2025-12-16 14:39:56,2025-12-16T14:39:56,59.36,1.0,SetByBid
2025-12-16 14:40:08,2025-12-16T14:40:08,59.37,1.0,SetByAsk
2025-12-16 14:40:08,2025-12-16T14:40:08,59.37,1.0,SetByAsk
2025-12-16 14:40:10,2025-12-16T14:40:10,59.36,1.0,SetByAsk
2025-12-16 14:40:44,2025-12-16T14:40:44,59.35,1.0,SetByAsk
2025-12-16 14:40:44,2025-12-16T14:40:44,59.35,1.0,SetByAsk
2025-12-16 14:40:44,2025-12-16T14:40:44,59.35,1.0,SetByAsk
2025-12-16 14:40:44,2025-12-16T14:40:44,59.35,1.0,SetByAsk
2025-12-16 14:40:47,2025-12-16T14:40:47,59.36,1.0,SetByBid
2025-12-16 14:40:55,2025-12-16T14:40:55,59.36,1.0,SetByAsk
2025-12-16 14:40:55,2025-12-16T14:40:55,59.36,1.0,SetByAsk
2025-12-16 14:40:55,2025-12-16T14:40:55,59.36,1.0,SetByAsk
2025-12-16 14:40:55,2025-12-16T14:40:55,59.36,1.0,SetByAsk
2025-12-16 14:41:12,2025-12-16T14:41:12,59.36,1.0,SetByBid
2025-12-16 14:41:12,2025-12-16T14:41:12,59.36,1.0,SetByBid
2025-12-16 14:41:41,2025-12-16T14:41:41,59.33,1.0,SetByAsk
2025-12-16 14:42:04,2025-12-16T14:42:04,59.33,1.0,SetByAsk
2025-12-16 14:42:20,2025-12-16T14:42:20,59.34,1.0,SetByBid
2025-12-16 14:42:20,2025-12-16T14:42:20,59.33,1.0,SetByAsk
2025-12-16 14:42:20,2025-12-16T14:42:20,59.33,1.0,SetByAsk
2025-12-16 14:42:21,2025-12-16T14:42:21,59.32,1.0,SetByAsk
2025-12-16 14:42:21,2025-12-16T14:42:21,59.32,1.0,SetByAsk
2025-12-16 14:42:21,2025-12-16T14:42:21,59.32,3.0,SetByAsk
2025-12-16 14:42:21,2025-12-16T14:42:21,59.32,1.0,SetByAsk
2025-12-16 14:42:21,2025-12-16T14:42:21,59.32,1.0,SetByAsk
2025-12-16 14:42:21,2025-12-16T14:42:21,59.32,1.0,SetByAsk
2025-12-16 14:42:21,2025-12-16T14:42:21,59.32,1.0,SetByAsk
2025-12-16 14:42:29,2025-12-16T14:42:29,59.32,1.0,SetByAsk
2025-12-16 14:42:29,2025-12-16T14:42:29,59.32,1.0,SetByAsk
2025-12-16 14:42:29,2025-12-16T14:42:29,59.32,1.0,SetByAsk
2025-12-16 14:42:29,2025-12-16T14:42:29,59.32,1.0,SetByAsk
2025-12-16 14:42:58,2025-12-16T14:42:58,59.35,1.0,SetByAsk
2025-12-16 14:44:15,2025-12-16T14:44:15,59.33,1.0,SetByAsk
2025-12-16 14:44:15,2025-12-16T14:44:15,59.33,1.0,SetByAsk
2025-12-16 14:44:15,2025-12-16T14:44:15,59.33,1.0,SetByAsk
2025-12-16 14:44:15,2025-12-16T14:44:15,59.33,1.0,SetByAsk
2025-12-16 14:45:29,2025-12-16T14:45:29,59.35,1.0,SetByBid
2025-12-16 14:45:29,2025-12-16T14:45:29,59.35,1.0,SetByBid
2025-12-16 14:45:43,2025-12-16T14:45:43,59.34,1.0,SetByAsk
2025-12-16 14:45:43,2025-12-16T14:45:43,59.34,1.0,SetByBid
2025-12-16 14:46:00,2025-12-16T14:46:00,59.32,1.0,SetByAsk
2025-12-16 14:46:00,2025-12-16T14:46:00,59.32,1.0,SetByAsk
2025-12-16 14:46:00,2025-12-16T14:46:00,59.32,1.0,SetByAsk
2025-12-16 14:46:00,2025-12-16T14:46:00,59.32,1.0,SetByAsk
2025-12-16 14:47:14,2025-12-16T14:47:14,59.32,1.0,SetByBid
2025-12-16 14:47:14,2025-12-16T14:47:14,59.32,1.0,SetByBid
2025-12-16 14:47:22,2025-12-16T14:47:22,59.31,1.0,SetByAsk
2025-12-16 14:47:30,2025-12-16T14:47:30,59.31,1.0,SetByBid
2025-12-16 14:47:43,2025-12-16T14:47:43,59.32,3.0,SetByBid
2025-12-16 14:48:00,2025-12-16T14:48:00,59.32,2.0,"SetByBid, Leg"
2025-12-16 14:48:00,2025-12-16T14:48:00,59.33,2.0,"SetByBid, Leg"
2025-12-16 14:48:00,2025-12-16T14:48:00,59.33,1.0,SetByBid
2025-12-16 14:48:00,2025-12-16T14:48:00,59.33,1.0,SetByBid
2025-12-16 14:48:00,2025-12-16T14:48:00,59.33,1.0,SetByBid
2025-12-16 14:48:00,2025-12-16T14:48:00,59.33,1.0,SetByBid
2025-12-16 14:48:00,2025-12-16T14:48:00,59.33,1.0,SetByBid
2025-12-16 14:48:00,2025-12-16T14:48:00,59.33,1.0,SetByBid
2025-12-16 14:48:00,2025-12-16T14:48:00,59.33,1.0,SetByBid
2025-12-16 14:48:00,2025-12-16T14:48:00,59.33,1.0,SetByBid
2025-12-16 14:48:00,2025-12-16T14:48:00,59.33,1.0,SetByBid
2025-12-16 14:48:00,2025-12-16T14:48:00,59.33,1.0,SetByBid
2025-12-16 14:48:00,2025-12-16T14:48:00,59.33,1.0,SetByBid
2025-12-16 14:49:11,2025-12-16T14:49:11,59.32,1.0,SetByAsk
2025-12-16 14:49:32,2025-12-16T14:49:32,59.31,1.0,SetByAsk
2025-12-16 14:49:32,2025-12-16T14:49:32,59.31,1.0,SetByAsk
2025-12-16 14:49:32,2025-12-16T14:49:32,59.31,1.0,SetByAsk
2025-12-16 14:49:32,2025-12-16T14:49:32,59.31,1.0,SetByAsk
2025-12-16 14:49:45,2025-12-16T14:49:45,59.33,1.0,SetByBid
2025-12-16 14:49:45,2025-12-16T14:49:45,59.33,1.0,SetByAsk
2025-12-16 14:49:48,2025-12-16T14:49:48,59.34,1.0,SetByBid
2025-12-16 14:49:48,2025-12-16T14:49:48,59.34,1.0,SetByBid
2025-12-16 14:50:59,2025-12-16T14:50:59,59.37,1.0,SetByBid
2025-12-16 14:50:59,2025-12-16T14:50:59,59.37,1.0,SetByBid
2025-12-16 14:50:59,2025-12-16T14:50:59,59.37,1.0,SetByBid
2025-12-16 14:50:59,2025-12-16T14:50:59,59.37,1.0,SetByBid
2025-12-16 14:50:59,2025-12-16T14:50:59,59.37,1.0,SetByBid
2025-12-16 14:50:59,2025-12-16T14:50:59,59.37,1.0,SetByBid
2025-12-16 14:50:59,2025-12-16T14:50:59,59.37,1.0,SetByBid
2025-12-16 14:50:59,2025-12-16T14:50:59,59.37,1.0,SetByBid
2025-12-16 14:50:59,2025-12-16T14:50:59,59.37,1.0,SetByBid
2025-12-16 14:50:59,2025-12-16T14:50:59,59.37,1.0,SetByBid
2025-12-16 14:50:59,2025-12-16T14:50:59,59.37,1.0,SetByBid
2025-12-16 14:50:59,2025-12-16T14:50:59,59.38,1.0,SetByBid
2025-12-16 14:50:59,2025-12-16T14:50:59,59.38,1.0,SetByBid
2025-12-16 14:50:59,2025-12-16T14:50:59,59.38,1.0,SetByBid
2025-12-16 14:50:59,2025-12-16T14:50:59,59.38,1.0,SetByBid
2025-12-16 14:50:59,2025-12-16T14:50:59,59.38,1.0,SetByBid
2025-12-16 14:50:59,2025-12-16T14:50:59,59.38,1.0,SetByBid
2025-12-16 14:50:59,2025-12-16T14:50:59,59.38,1.0,SetByBid
2025-12-16 14:50:59,2025-12-16T14:50:59,59.38,1.0,SetByBid
2025-12-16 14:50:59,2025-12-16T14:50:59,59.38,5.0,SetByBid
2025-12-16 14:50:59,2025-12-16T14:50:59,59.38,1.0,SetByBid
2025-12-16 14:50:59,2025-12-16T14:50:59,59.38,1.0,SetByBid
2025-12-16 14:50:59,2025-12-16T14:50:59,59.38,1.0,SetByBid
2025-12-16 14:50:59,2025-12-16T14:50:59,59.38,7.0,SetByBid
2025-12-16 14:50:59,2025-12-16T14:50:59,59.38,2.0,SetByBid
2025-12-16 14:50:59,2025-12-16T14:50:59,59.38,1.0,SetByBid
2025-12-16 14:50:59,2025-12-16T14:50:59,59.38,1.0,SetByBid
2025-12-16 14:50:59,2025-12-16T14:50:59,59.38,1.0,SetByBid
2025-12-16 14:50:59,2025-12-16T14:50:59,59.38,1.0,SetByBid
2025-12-16 14:50:59,2025-12-16T14:50:59,59.38,1.0,SetByBid
2025-12-16 14:50:59,2025-12-16T14:50:59,59.38,1.0,SetByBid
2025-12-16 14:50:59,2025-12-16T14:50:59,59.38,1.0,SetByBid
2025-12-16 14:50:59,2025-12-16T14:50:59,59.38,3.0,SetByBid
2025-12-16 14:50:59,2025-12-16T14:50:59,59.38,1.0,SetByBid
2025-12-16 14:50:59,2025-12-16T14:50:59,59.38,1.0,SetByBid
2025-12-16 14:50:59,2025-12-16T14:50:59,59.38,1.0,SetByBid
2025-12-16 14:50:59,2025-12-16T14:50:59,59.38,1.0,SetByBid
2025-12-16 14:50:59,2025-12-16T14:50:59,59.38,2.0,SetByBid
2025-12-16 14:50:59,2025-12-16T14:50:59,59.38,1.0,SetByBid
2025-12-16 14:50:59,2025-12-16T14:50:59,59.38,1.0,SetByBid
2025-12-16 14:50:59,2025-12-16T14:50:59,59.38,1.0,SetByBid
2025-12-16 14:50:59,2025-12-16T14:50:59,59.38,2.0,SetByBid
2025-12-16 14:50:59,2025-12-16T14:50:59,59.38,1.0,SetByBid
2025-12-16 14:50:59,2025-12-16T14:50:59,59.38,1.0,SetByBid
2025-12-16 14:50:59,2025-12-16T14:50:59,59.38,5.0,SetByBid
2025-12-16 14:50:59,2025-12-16T14:50:59,59.38,3.0,SetByBid
2025-12-16 14:50:59,2025-12-16T14:50:59,59.38,1.0,SetByBid
2025-12-16 14:50:59,2025-12-16T14:50:59,59.38,1.0,SetByBid
2025-12-16 14:50:59,2025-12-16T14:50:59,59.38,4.0,SetByBid
2025-12-16 14:50:59,2025-12-16T14:50:59,59.38,1.0,SetByBid
2025-12-16 14:50:59,2025-12-16T14:50:59,59.38,1.0,SetByBid
2025-12-16 14:50:59,2025-12-16T14:50:59,59.38,1.0,SetByBid
2025-12-16 14:50:59,2025-12-16T14:50:59,59.38,1.0,SetByBid
2025-12-16 14:50:59,2025-12-16T14:50:59,59.38,1.0,SetByBid
2025-12-16 14:50:59,2025-12-16T14:50:59,59.38,1.0,SetByBid
2025-12-16 14:50:59,2025-12-16T14:50:59,59.38,2.0,"SetByBid, Leg"
2025-12-16 14:50:59,2025-12-16T14:50:59,59.39,2.0,"SetByBid, Leg"
2025-12-16 14:50:59,2025-12-16T14:50:59,59.39,1.0,SetByBid
2025-12-16 14:50:59,2025-12-16T14:50:59,59.39,1.0,SetByBid
2025-12-16 14:50:59,2025-12-16T14:50:59,59.39,1.0,SetByBid
2025-12-16 14:50:59,2025-12-16T14:50:59,59.39,1.0,SetByBid
2025-12-16 14:50:59,2025-12-16T14:50:59,59.39,9.0,SetByBid
2025-12-16 14:50:59,2025-12-16T14:50:59,59.39,1.0,SetByBid
2025-12-16 14:50:59,2025-12-16T14:50:59,59.39,1.0,SetByBid
2025-12-16 14:50:59,2025-12-16T14:50:59,59.39,1.0,SetByBid
2025-12-16 14:50:59,2025-12-16T14:50:59,59.39,1.0,SetByBid
2025-12-16 14:50:59,2025-12-16T14:50:59,59.39,3.0,SetByBid
2025-12-16 14:50:59,2025-12-16T14:50:59,59.39,1.0,SetByBid
2025-12-16 14:50:59,2025-12-16T14:50:59,59.39,4.0,SetByBid
2025-12-16 14:50:59,2025-12-16T14:50:59,59.39,4.0,SetByBid
2025-12-16 14:50:59,2025-12-16T14:50:59,59.39,2.0,SetByBid
2025-12-16 14:50:59,2025-12-16T14:50:59,59.39,1.0,SetByBid
2025-12-16 14:50:59,2025-12-16T14:50:59,59.39,1.0,SetByBid
2025-12-16 14:50:59,2025-12-16T14:50:59,59.39,1.0,SetByBid
2025-12-16 14:50:59,2025-12-16T14:50:59,59.39,2.0,SetByBid
2025-12-16 14:50:59,2025-12-16T14:50:59,59.39,1.0,SetByBid
2025-12-16 14:50:59,2025-12-16T14:50:59,59.39,1.0,SetByBid
2025-12-16 14:50:59,2025-12-16T14:50:59,59.39,1.0,SetByBid
2025-12-16 14:50:59,2025-12-16T14:50:59,59.39,1.0,SetByBid
2025-12-16 14:50:59,2025-12-16T14:50:59,59.39,1.0,SetByBid
2025-12-16 14:50:59,2025-12-16T14:50:59,59.39,1.0,SetByBid
2025-12-16 14:50:59,2025-12-16T14:50:59,59.39,1.0,SetByBid
2025-12-16 14:50:59,2025-12-16T14:50:59,59.39,1.0,SetByBid
2025-12-16 14:50:59,2025-12-16T14:50:59,59.39,1.0,SetByBid
2025-12-16 14:50:59,2025-12-16T14:50:59,59.39,1.0,SetByBid
2025-12-16 14:50:59,2025-12-16T14:50:59,59.39,1.0,SetByBid
2025-12-16 14:50:59,2025-12-16T14:50:59,59.39,1.0,SetByBid
2025-12-16 14:50:59,2025-12-16T14:50:59,59.39,1.0,SetByBid
2025-12-16 14:50:59,2025-12-16T14:50:59,59.39,1.0,SetByBid
2025-12-16 14:50:59,2025-12-16T14:50:59,59.39,1.0,SetByBid
2025-12-16 14:50:59,2025-12-16T14:50:59,59.39,1.0,SetByBid
2025-12-16 14:50:59,2025-12-16T14:50:59,59.39,1.0,SetByBid
2025-12-16 14:50:59,2025-12-16T14:50:59,59.39,1.0,SetByBid
2025-12-16 14:50:59,2025-12-16T14:50:59,59.39,1.0,SetByBid
2025-12-16 14:50:59,2025-12-16T14:50:59,59.39,1.0,SetByBid
2025-12-16 14:50:59,2025-12-16T14:50:59,59.39,1.0,SetByBid
2025-12-16 14:50:59,2025-12-16T14:50:59,59.39,1.0,SetByBid
2025-12-16 14:50:59,2025-12-16T14:50:59,59.39,1.0,SetByBid
2025-12-16 14:50:59,2025-12-16T14:50:59,59.39,1.0,SetByBid
2025-12-16 14:50:59,2025-12-16T14:50:59,59.39,1.0,SetByBid
2025-12-16 14:50:59,2025-12-16T14:50:59,59.39,1.0,SetByBid
2025-12-16 14:50:59,2025-12-16T14:50:59,59.39,1.0,SetByBid
2025-12-16 14:50:59,2025-12-16T14:50:59,59.39,1.0,SetByAsk
2025-12-16 14:50:59,2025-12-16T14:50:59,59.39,1.0,SetByAsk
2025-12-16 14:50:59,2025-12-16T14:50:59,59.39,1.0,SetByAsk
2025-12-16 14:50:59,2025-12-16T14:50:59,59.39,1.0,SetByAsk
2025-12-16 14:50:59,2025-12-16T14:50:59,59.39,2.0,SetByAsk
2025-12-16 14:50:59,2025-12-16T14:50:59,59.39,3.0,SetByAsk
2025-12-16 14:50:59,2025-12-16T14:50:59,59.39,3.0,SetByAsk
2025-12-16 14:51:02,2025-12-16T14:51:02,59.37,1.0,SetByBid
2025-12-16 14:51:02,2025-12-16T14:51:02,59.37,1.0,SetByBid
2025-12-16 14:51:17,2025-12-16T14:51:17,59.36,1.0,SetByAsk
2025-12-16 14:51:17,2025-12-16T14:51:17,59.35,1.0,SetByAsk
2025-12-16 14:51:17,2025-12-16T14:51:17,59.35,1.0,SetByAsk
2025-12-16 14:51:17,2025-12-16T14:51:17,59.35,1.0,SetByAsk
2025-12-16 14:52:06,2025-12-16T14:52:06,59.33,1.0,SetByAsk
2025-12-16 14:52:17,2025-12-16T14:52:17,59.33,1.0,SetByBid
2025-12-16 14:52:17,2025-12-16T14:52:17,59.33,1.0,SetByBid
2025-12-16 14:52:41,2025-12-16T14:52:41,59.32,1.0,SetByAsk
2025-12-16 14:52:41,2025-12-16T14:52:41,59.32,1.0,SetByAsk
2025-12-16 14:52:41,2025-12-16T14:52:41,59.32,4.0,SetByAsk
2025-12-16 14:52:41,2025-12-16T14:52:41,59.32,10.0,SetByAsk
2025-12-16 14:52:44,2025-12-16T14:52:44,59.31,1.0,SetByAsk
2025-12-16 14:52:44,2025-12-16T14:52:44,59.3,1.0,SetByAsk
2025-12-16 14:52:58,2025-12-16T14:52:58,59.32,1.0,SetByBid
2025-12-16 14:53:02,2025-12-16T14:53:02,59.32,1.0,SetByBid
2025-12-16 14:53:02,2025-12-16T14:53:02,59.32,1.0,SetByBid
2025-12-16 14:53:02,2025-12-16T14:53:02,59.32,1.0,SetByBid
2025-12-16 14:53:02,2025-12-16T14:53:02,59.32,1.0,SetByBid
2025-12-16 14:54:39,2025-12-16T14:54:39,59.32,1.0,SetByAsk
2025-12-16 14:54:48,2025-12-16T14:54:48,59.32,1.0,SetByAsk
2025-12-16 14:54:48,2025-12-16T14:54:48,59.32,1.0,SetByAsk
2025-12-16 14:54:48,2025-12-16T14:54:48,59.32,1.0,SetByAsk
2025-12-16 14:55:51,2025-12-16T14:55:51,59.32,1.0,SetByBid
2025-12-16 14:55:51,2025-12-16T14:55:51,59.32,1.0,SetByBid
2025-12-16 14:55:51,2025-12-16T14:55:51,59.32,1.0,SetByBid
2025-12-16 14:55:51,2025-12-16T14:55:51,59.32,1.0,SetByBid
2025-12-16 14:55:51,2025-12-16T14:55:51,59.32,1.0,SetByBid
2025-12-16 14:55:53,2025-12-16T14:55:53,59.34,1.0,SetByBid
2025-12-16 14:55:53,2025-12-16T14:55:53,59.34,1.0,SetByBid
2025-12-16 14:55:53,2025-12-16T14:55:53,59.34,1.0,SetByBid
2025-12-16 14:56:33,2025-12-16T14:56:33,59.33,1.0,SetByBid
2025-12-16 14:56:34,2025-12-16T14:56:34,59.32,1.0,SetByAsk
2025-12-16 14:56:34,2025-12-16T14:56:34,59.32,1.0,SetByAsk
2025-12-16 14:56:34,2025-12-16T14:56:34,59.32,1.0,SetByAsk
2025-12-16 14:56:34,2025-12-16T14:56:34,59.32,1.0,SetByAsk
2025-12-16 14:56:49,2025-12-16T14:56:49,59.34,1.0,SetByBid
2025-12-16 14:56:54,2025-12-16T14:56:54,59.35,1.0,SetByAsk
2025-12-16 14:56:54,2025-12-16T14:56:54,59.35,1.0,SetByAsk
2025-12-16 14:56:54,2025-12-16T14:56:54,59.35,1.0,SetByAsk
2025-12-16 14:56:56,2025-12-16T14:56:56,59.36,1.0,SetByBid
2025-12-16 14:57:39,2025-12-16T14:57:39,59.35,7.0,SetByBid
2025-12-16 14:58:00,2025-12-16T14:58:00,59.35,1.0,SetByAsk
2025-12-16 14:58:20,2025-12-16T14:58:20,59.34,1.0,SetByAsk
2025-12-16 14:58:20,2025-12-16T14:58:20,59.34,1.0,SetByAsk
2025-12-16 14:58:20,2025-12-16T14:58:20,59.34,1.0,SetByAsk
2025-12-16 14:58:20,2025-12-16T14:58:20,59.34,1.0,SetByAsk
2025-12-16 14:58:35,2025-12-16T14:58:35,59.35,1.0,SetByAsk
2025-12-16 14:58:48,2025-12-16T14:58:48,59.35,3.0,SetByAsk
2025-12-16 14:59:48,2025-12-16T14:59:48,59.33,1.0,SetByBid
2025-12-16 14:59:53,2025-12-16T14:59:53,59.33,1.0,SetByBid
2025-12-16 14:59:55,2025-12-16T14:59:55,59.32,1.0,SetByAsk
2025-12-16 14:59:55,2025-12-16T14:59:55,59.32,1.0,SetByAsk
2025-12-16 14:59:55,2025-12-16T14:59:55,59.32,1.0,SetByAsk
2025-12-16 14:59:55,2025-12-16T14:59:55,59.32,1.0,SetByAsk
2025-12-16 14:59:57,2025-12-16T14:59:57,59.33,1.0,SetByBid
2025-12-16 15:00:00,2025-12-16T15:00:00,59.33,2.0,SetByAsk
2025-12-16 15:00:26,2025-12-16T15:00:26,59.32,1.0,SetByAsk
2025-12-16 15:01:03,2025-12-16T15:01:03,59.33,1.0,SetByBid
2025-12-16 15:01:03,2025-12-16T15:01:03,59.33,1.0,SetByBid
2025-12-16 15:01:03,2025-12-16T15:01:03,59.33,1.0,SetByBid
2025-12-16 15:01:18,2025-12-16T15:01:18,59.33,1.0,SetByAsk
2025-12-16 15:01:18,2025-12-16T15:01:18,59.33,1.0,SetByAsk
2025-12-16 15:01:18,2025-12-16T15:01:18,59.33,1.0,SetByAsk
2025-12-16 15:01:18,2025-12-16T15:01:18,59.32,1.0,SetByAsk
2025-12-16 15:01:18,2025-12-16T15:01:18,59.32,2.0,SetByAsk
2025-12-16 15:01:18,2025-12-16T15:01:18,59.32,1.0,SetByAsk
2025-12-16 15:01:18,2025-12-16T15:01:18,59.32,1.0,SetByAsk
2025-12-16 15:01:18,2025-12-16T15:01:18,59.32,3.0,SetByAsk
2025-12-16 15:01:18,2025-12-16T15:01:18,59.32,2.0,SetByAsk
2025-12-16 15:01:18,2025-12-16T15:01:18,59.32,1.0,SetByAsk
2025-12-16 15:01:18,2025-12-16T15:01:18,59.32,1.0,SetByAsk
2025-12-16 15:01:18,2025-12-16T15:01:18,59.32,2.0,SetByAsk
2025-12-16 15:01:18,2025-12-16T15:01:18,59.32,1.0,SetByAsk
2025-12-16 15:01:18,2025-12-16T15:01:18,59.32,5.0,SetByAsk
2025-12-16 15:01:28,2025-12-16T15:01:28,59.33,1.0,SetByBid
2025-12-16 15:01:28,2025-12-16T15:01:28,59.33,1.0,SetByBid
2025-12-16 15:01:28,2025-12-16T15:01:28,59.33,1.0,SetByAsk
2025-12-16 15:01:28,2025-12-16T15:01:28,59.33,1.0,SetByAsk
2025-12-16 15:01:28,2025-12-16T15:01:28,59.33,1.0,SetByAsk
2025-12-16 15:01:28,2025-12-16T15:01:28,59.33,1.0,SetByAsk
2025-12-16 15:02:07,2025-12-16T15:02:07,59.31,1.0,SetByBid
2025-12-16 15:02:07,2025-12-16T15:02:07,59.31,1.0,SetByBid
2025-12-16 15:02:07,2025-12-16T15:02:07,59.31,1.0,SetByBid
2025-12-16 15:02:07,2025-12-16T15:02:07,59.31,1.0,SetByAsk
2025-12-16 15:02:07,2025-12-16T15:02:07,59.31,1.0,SetByAsk
2025-12-16 15:02:07,2025-12-16T15:02:07,59.3,1.0,SetByAsk
2025-12-16 15:02:07,2025-12-16T15:02:07,59.3,1.0,SetByAsk
2025-12-16 15:02:21,2025-12-16T15:02:21,59.31,1.0,SetByBid
2025-12-16 15:02:21,2025-12-16T15:02:21,59.32,1.0,SetByBid
2025-12-16 15:02:21,2025-12-16T15:02:21,59.32,1.0,SetByBid
2025-12-16 15:02:21,2025-12-16T15:02:21,59.32,1.0,SetByBid
2025-12-16 15:02:47,2025-12-16T15:02:47,59.32,1.0,SetByBid
2025-12-16 15:02:56,2025-12-16T15:02:56,59.3,1.0,SetByAsk
2025-12-16 15:02:58,2025-12-16T15:02:58,59.3,1.0,SetByAsk
2025-12-16 15:03:00,2025-12-16T15:03:00,59.3,1.0,SetByAsk
2025-12-16 15:03:03,2025-12-16T15:03:03,59.3,1.0,SetByAsk
2025-12-16 15:03:03,2025-12-16T15:03:03,59.31,1.0,SetByBid
2025-12-16 15:03:03,2025-12-16T15:03:03,59.31,1.0,SetByAsk
2025-12-16 15:03:03,2025-12-16T15:03:03,59.31,1.0,SetByAsk
2025-12-16 15:03:03,2025-12-16T15:03:03,59.31,1.0,SetByAsk
2025-12-16 15:03:03,2025-12-16T15:03:03,59.31,1.0,SetByAsk
2025-12-16 15:03:03,2025-12-16T15:03:03,59.31,1.0,SetByAsk
2025-12-16 15:03:04,2025-12-16T15:03:04,59.31,1.0,SetByAsk
2025-12-16 15:03:04,2025-12-16T15:03:04,59.31,1.0,SetByAsk
2025-12-16 15:03:06,2025-12-16T15:03:06,59.32,1.0,SetByBid
2025-12-16 15:03:06,2025-12-16T15:03:06,59.32,1.0,SetByBid
2025-12-16 15:03:13,2025-12-16T15:03:13,59.33,1.0,SetByBid
2025-12-16 15:03:13,2025-12-16T15:03:13,59.33,1.0,SetByBid
2025-12-16 15:03:19,2025-12-16T15:03:19,59.32,1.0,SetByAsk
2025-12-16 15:03:27,2025-12-16T15:03:27,59.32,1.0,SetByBid
2025-12-16 15:03:27,2025-12-16T15:03:27,59.32,1.0,SetByBid
2025-12-16 15:03:27,2025-12-16T15:03:27,59.32,1.0,SetByBid
2025-12-16 15:03:33,2025-12-16T15:03:33,59.32,1.0,SetByAsk
2025-12-16 15:03:51,2025-12-16T15:03:51,59.32,1.0,SetByAsk
2025-12-16 15:03:51,2025-12-16T15:03:51,59.32,1.0,SetByAsk
2025-12-16 15:03:51,2025-12-16T15:03:51,59.32,1.0,SetByAsk
2025-12-16 15:03:51,2025-12-16T15:03:51,59.32,1.0,SetByAsk
2025-12-16 15:03:51,2025-12-16T15:03:51,59.32,1.0,SetByAsk
2025-12-16 15:03:51,2025-12-16T15:03:51,59.32,1.0,SetByAsk
2025-12-16 15:03:51,2025-12-16T15:03:51,59.32,1.0,SetByAsk
2025-12-16 15:03:52,2025-12-16T15:03:52,59.32,1.0,SetByAsk
2025-12-16 15:03:52,2025-12-16T15:03:52,59.32,1.0,SetByAsk
2025-12-16 15:03:52,2025-12-16T15:03:52,59.32,1.0,SetByAsk
2025-12-16 15:03:52,2025-12-16T15:03:52,59.32,1.0,SetByAsk
2025-12-16 15:03:52,2025-12-16T15:03:52,59.32,1.0,SetByAsk
2025-12-16 15:03:52,2025-12-16T15:03:52,59.32,1.0,SetByAsk
2025-12-16 15:03:54,2025-12-16T15:03:54,59.32,1.0,SetByAsk
2025-12-16 15:03:54,2025-12-16T15:03:54,59.32,1.0,SetByAsk
2025-12-16 15:03:54,2025-12-16T15:03:54,59.32,1.0,SetByBid
2025-12-16 15:03:55,2025-12-16T15:03:55,59.32,1.0,SetByBid
2025-12-16 15:04:35,2025-12-16T15:04:35,59.3,1.0,SetByBid
2025-12-16 15:04:35,2025-12-16T15:04:35,59.31,2.0,SetByAsk
2025-12-16 15:04:45,2025-12-16T15:04:45,59.31,1.0,SetByBid
2025-12-16 15:04:49,2025-12-16T15:04:49,59.31,1.0,SetByAsk
2025-12-16 15:04:52,2025-12-16T15:04:52,59.31,1.0,SetByAsk
2025-12-16 15:04:57,2025-12-16T15:04:57,59.29,1.0,SetByAsk
2025-12-16 15:05:38,2025-12-16T15:05:38,59.29,1.0,SetByBid
2025-12-16 15:05:38,2025-12-16T15:05:38,59.29,1.0,SetByBid
2025-12-16 15:06:08,2025-12-16T15:06:08,59.3,1.0,SetByAsk
2025-12-16 15:06:08,2025-12-16T15:06:08,59.3,2.0,SetByAsk
2025-12-16 15:06:08,2025-12-16T15:06:08,59.3,2.0,SetByAsk
2025-12-16 15:06:08,2025-12-16T15:06:08,59.3,1.0,SetByAsk
2025-12-16 15:06:08,2025-12-16T15:06:08,59.3,1.0,SetByBid
2025-12-16 15:06:08,2025-12-16T15:06:08,59.3,1.0,SetByBid
2025-12-16 15:06:34,2025-12-16T15:06:34,59.33,1.0,SetByBid
2025-12-16 15:06:34,2025-12-16T15:06:34,59.33,1.0,SetByAsk
2025-12-16 15:06:34,2025-12-16T15:06:34,59.33,3.0,SetByAsk
2025-12-16 15:06:34,2025-12-16T15:06:34,59.33,1.0,SetByAsk
2025-12-16 15:06:52,2025-12-16T15:06:52,59.33,1.0,SetByAsk
2025-12-16 15:06:52,2025-12-16T15:06:52,59.33,1.0,SetByBid
2025-12-16 15:07:01,2025-12-16T15:07:01,59.33,8.0,SetByBid
2025-12-16 15:07:01,2025-12-16T15:07:01,59.33,7.0,SetByBid
2025-12-16 15:07:12,2025-12-16T15:07:12,59.34,1.0,SetByAsk
2025-12-16 15:07:12,2025-12-16T15:07:12,59.34,1.0,SetByAsk
2025-12-16 15:07:12,2025-12-16T15:07:12,59.34,1.0,SetByAsk
2025-12-16 15:07:12,2025-12-16T15:07:12,59.34,1.0,SetByAsk
2025-12-16 15:07:12,2025-12-16T15:07:12,59.34,1.0,SetByAsk
2025-12-16 15:07:12,2025-12-16T15:07:12,59.34,1.0,SetByAsk
2025-12-16 15:07:12,2025-12-16T15:07:12,59.34,1.0,SetByAsk
2025-12-16 15:07:12,2025-12-16T15:07:12,59.34,1.0,SetByAsk
2025-12-16 15:07:12,2025-12-16T15:07:12,59.34,1.0,SetByAsk
2025-12-16 15:07:12,2025-12-16T15:07:12,59.34,1.0,SetByAsk
2025-12-16 15:07:12,2025-12-16T15:07:12,59.34,2.0,SetByAsk
2025-12-16 15:07:14,2025-12-16T15:07:14,59.34,1.0,SetByBid
2025-12-16 15:07:31,2025-12-16T15:07:31,59.35,1.0,SetByAsk
2025-12-16 15:07:31,2025-12-16T15:07:31,59.35,1.0,SetByAsk
2025-12-16 15:07:31,2025-12-16T15:07:31,59.35,1.0,SetByAsk
2025-12-16 15:08:39,2025-12-16T15:08:39,59.38,1.0,SetByBid
2025-12-16 15:08:39,2025-12-16T15:08:39,59.39,1.0,SetByBid
2025-12-16 15:08:39,2025-12-16T15:08:39,59.39,1.0,SetByAsk
2025-12-16 15:08:39,2025-12-16T15:08:39,59.39,1.0,SetByAsk
2025-12-16 15:09:33,2025-12-16T15:09:33,59.38,1.0,SetByAsk
2025-12-16 15:09:40,2025-12-16T15:09:40,59.38,1.0,SetByBid
2025-12-16 15:09:40,2025-12-16T15:09:40,59.38,1.0,SetByBid
2025-12-16 15:09:40,2025-12-16T15:09:40,59.38,1.0,SetByBid
2025-12-16 15:09:40,2025-12-16T15:09:40,59.38,4.0,SetByAsk
2025-12-16 15:09:40,2025-12-16T15:09:40,59.37,1.0,SetByAsk
2025-12-16 15:09:40,2025-12-16T15:09:40,59.37,1.0,SetByAsk
2025-12-16 15:10:21,2025-12-16T15:10:21,59.35,1.0,SetByAsk
2025-12-16 15:10:22,2025-12-16T15:10:22,59.34,1.0,SetByAsk
2025-12-16 15:10:27,2025-12-16T15:10:27,59.34,1.0,SetByAsk
2025-12-16 15:10:32,2025-12-16T15:10:32,59.35,1.0,SetByBid
2025-12-16 15:10:51,2025-12-16T15:10:51,59.32,1.0,SetByAsk
2025-12-16 15:10:51,2025-12-16T15:10:51,59.32,1.0,SetByAsk
2025-12-16 15:10:58,2025-12-16T15:10:58,59.31,1.0,SetByAsk
2025-12-16 15:11:10,2025-12-16T15:11:10,59.3,1.0,SetByBid
2025-12-16 15:11:10,2025-12-16T15:11:10,59.3,1.0,SetByBid
2025-12-16 15:11:10,2025-12-16T15:11:10,59.3,1.0,SetByBid
2025-12-16 15:11:21,2025-12-16T15:11:21,59.3,1.0,SetByAsk
2025-12-16 15:11:41,2025-12-16T15:11:41,59.3,1.0,SetByBid
2025-12-16 15:11:41,2025-12-16T15:11:41,59.3,1.0,SetByBid
2025-12-16 15:11:41,2025-12-16T15:11:41,59.3,1.0,SetByBid
2025-12-16 15:11:45,2025-12-16T15:11:45,59.3,1.0,SetByBid
2025-12-16 15:11:45,2025-12-16T15:11:45,59.3,5.0,SetByBid
2025-12-16 15:11:45,2025-12-16T15:11:45,59.3,1.0,SetByBid
2025-12-16 15:11:45,2025-12-16T15:11:45,59.3,1.0,SetByAsk
2025-12-16 15:11:45,2025-12-16T15:11:45,59.3,1.0,SetByAsk
2025-12-16 15:11:45,2025-12-16T15:11:45,59.3,2.0,SetByAsk
2025-12-16 15:11:45,2025-12-16T15:11:45,59.3,2.0,SetByAsk
2025-12-16 15:11:45,2025-12-16T15:11:45,59.3,1.0,SetByAsk
2025-12-16 15:11:45,2025-12-16T15:11:45,59.3,4.0,SetByAsk
2025-12-16 15:11:45,2025-12-16T15:11:45,59.3,1.0,SetByAsk
2025-12-16 15:11:45,2025-12-16T15:11:45,59.3,1.0,SetByBid
2025-12-16 15:11:45,2025-12-16T15:11:45,59.3,1.0,SetByBid
2025-12-16 15:11:45,2025-12-16T15:11:45,59.3,1.0,SetByBid
2025-12-16 15:11:45,2025-12-16T15:11:45,59.3,4.0,SetByBid
2025-12-16 15:11:45,2025-12-16T15:11:45,59.3,7.0,SetByBid
2025-12-16 15:11:45,2025-12-16T15:11:45,59.3,2.0,SetByBid
2025-12-16 15:12:05,2025-12-16T15:12:05,59.31,1.0,SetByBid
2025-12-16 15:12:05,2025-12-16T15:12:05,59.31,1.0,SetByBid
2025-12-16 15:12:05,2025-12-16T15:12:05,59.31,5.0,SetByAsk
2025-12-16 15:12:05,2025-12-16T15:12:05,59.31,1.0,SetByAsk
2025-12-16 15:12:05,2025-12-16T15:12:05,59.31,3.0,SetByAsk
2025-12-16 15:12:05,2025-12-16T15:12:05,59.31,9.0,SetByAsk
2025-12-16 15:12:05,2025-12-16T15:12:05,59.31,8.0,SetByAsk
2025-12-16 15:12:05,2025-12-16T15:12:05,59.31,2.0,SetByAsk
2025-12-16 15:12:05,2025-12-16T15:12:05,59.31,1.0,SetByAsk
2025-12-16 15:12:28,2025-12-16T15:12:28,59.29,1.0,SetByBid
2025-12-16 15:12:29,2025-12-16T15:12:29,59.3,1.0,SetByBid
2025-12-16 15:12:57,2025-12-16T15:12:57,59.33,1.0,SetByBid
2025-12-16 15:13:31,2025-12-16T15:13:31,59.33,2.0,SetByAsk
2025-12-16 15:13:31,2025-12-16T15:13:31,59.32,1.0,SetByAsk
2025-12-16 15:13:31,2025-12-16T15:13:31,59.32,1.0,SetByAsk
2025-12-16 15:13:36,2025-12-16T15:13:36,59.33,1.0,SetByBid
2025-12-16 15:13:36,2025-12-16T15:13:36,59.33,1.0,SetByBid
2025-12-16 15:13:36,2025-12-16T15:13:36,59.33,1.0,SetByBid
2025-12-16 15:13:36,2025-12-16T15:13:36,59.33,1.0,SetByBid
2025-12-16 15:13:36,2025-12-16T15:13:36,59.34,1.0,SetByBid
2025-12-16 15:13:36,2025-12-16T15:13:36,59.34,1.0,SetByBid
2025-12-16 15:13:36,2025-12-16T15:13:36,59.34,1.0,SetByBid
2025-12-16 15:13:36,2025-12-16T15:13:36,59.34,1.0,SetByBid
2025-12-16 15:13:36,2025-12-16T15:13:36,59.34,1.0,SetByBid
2025-12-16 15:13:36,2025-12-16T15:13:36,59.34,1.0,SetByBid
2025-12-16 15:13:36,2025-12-16T15:13:36,59.34,1.0,SetByBid
2025-12-16 15:13:36,2025-12-16T15:13:36,59.34,1.0,SetByBid
2025-12-16 15:13:36,2025-12-16T15:13:36,59.34,1.0,SetByBid
2025-12-16 15:13:36,2025-12-16T15:13:36,59.34,1.0,SetByBid
2025-12-16 15:13:36,2025-12-16T15:13:36,59.34,1.0,SetByBid
2025-12-16 15:13:36,2025-12-16T15:13:36,59.34,1.0,SetByBid
2025-12-16 15:13:36,2025-12-16T15:13:36,59.34,1.0,SetByBid
2025-12-16 15:13:36,2025-12-16T15:13:36,59.34,1.0,SetByBid
2025-12-16 15:13:36,2025-12-16T15:13:36,59.34,1.0,SetByBid
2025-12-16 15:13:36,2025-12-16T15:13:36,59.34,1.0,SetByBid
2025-12-16 15:13:36,2025-12-16T15:13:36,59.34,1.0,SetByBid
2025-12-16 15:13:36,2025-12-16T15:13:36,59.34,1.0,SetByBid
2025-12-16 15:13:36,2025-12-16T15:13:36,59.34,2.0,SetByBid
2025-12-16 15:13:36,2025-12-16T15:13:36,59.34,2.0,SetByBid
2025-12-16 15:13:36,2025-12-16T15:13:36,59.33,1.0,SetByBid
2025-12-16 15:13:36,2025-12-16T15:13:36,59.34,1.0,SetByBid
2025-12-16 15:13:36,2025-12-16T15:13:36,59.34,1.0,SetByBid
2025-12-16 15:13:36,2025-12-16T15:13:36,59.34,1.0,SetByBid
2025-12-16 15:13:36,2025-12-16T15:13:36,59.34,1.0,SetByBid
2025-12-16 15:15:25,2025-12-16T15:15:25,59.33,1.0,SetByBid
2025-12-16 15:15:42,2025-12-16T15:15:42,59.33,1.0,SetByAsk
2025-12-16 15:16:03,2025-12-16T15:16:03,59.32,1.0,SetByAsk
2025-12-16 15:16:03,2025-12-16T15:16:03,59.32,1.0,SetByAsk
2025-12-16 15:16:03,2025-12-16T15:16:03,59.32,1.0,SetByAsk
2025-12-16 15:16:03,2025-12-16T15:16:03,59.32,2.0,SetByAsk
2025-12-16 15:16:03,2025-12-16T15:16:03,59.32,1.0,SetByAsk
2025-12-16 15:16:03,2025-12-16T15:16:03,59.32,1.0,SetByAsk
2025-12-16 15:16:03,2025-12-16T15:16:03,59.32,1.0,SetByAsk
2025-12-16 15:16:03,2025-12-16T15:16:03,59.32,1.0,SetByAsk
2025-12-16 15:16:03,2025-12-16T15:16:03,59.32,1.0,SetByAsk
2025-12-16 15:16:03,2025-12-16T15:16:03,59.32,5.0,SetByAsk
2025-12-16 15:16:03,2025-12-16T15:16:03,59.32,1.0,SetByBid
2025-12-16 15:16:08,2025-12-16T15:16:08,59.32,1.0,SetByBid
2025-12-16 15:16:08,2025-12-16T15:16:08,59.32,1.0,SetByBid
2025-12-16 15:16:24,2025-12-16T15:16:24,59.33,1.0,SetByBid
2025-12-16 15:17:00,2025-12-16T15:17:00,59.33,1.0,SetByAsk
2025-12-16 15:17:00,2025-12-16T15:17:00,59.33,1.0,SetByAsk
2025-12-16 15:17:03,2025-12-16T15:17:03,59.33,1.0,SetByAsk
2025-12-16 15:17:19,2025-12-16T15:17:19,59.34,1.0,SetByBid
2025-12-16 15:17:36,2025-12-16T15:17:36,59.35,1.0,SetByAsk
2025-12-16 15:17:36,2025-12-16T15:17:36,59.35,1.0,SetByAsk
2025-12-16 15:17:36,2025-12-16T15:17:36,59.35,1.0,SetByAsk
2025-12-16 15:17:36,2025-12-16T15:17:36,59.35,1.0,SetByAsk
2025-12-16 15:17:40,2025-12-16T15:17:40,59.34,1.0,SetByAsk
2025-12-16 15:19:01,2025-12-16T15:19:01,59.35,1.0,SetByBid
2025-12-16 15:19:01,2025-12-16T15:19:01,59.35,1.0,SetByBid
2025-12-16 15:19:02,2025-12-16T15:19:02,59.35,1.0,SetByAsk
2025-12-16 15:19:08,2025-12-16T15:19:08,59.35,1.0,SetByAsk
2025-12-16 15:19:58,2025-12-16T15:19:58,59.36,1.0,SetByAsk
2025-12-16 15:20:13,2025-12-16T15:20:13,59.37,1.0,SetByBid
2025-12-16 15:20:28,2025-12-16T15:20:28,59.39,1.0,SetByAsk
2025-12-16 15:20:28,2025-12-16T15:20:28,59.39,1.0,SetByAsk
2025-12-16 15:20:28,2025-12-16T15:20:28,59.39,1.0,SetByAsk
2025-12-16 15:20:28,2025-12-16T15:20:28,59.39,1.0,SetByAsk
2025-12-16 15:20:28,2025-12-16T15:20:28,59.39,1.0,SetByAsk
2025-12-16 15:20:28,2025-12-16T15:20:28,59.39,2.0,SetByAsk
2025-12-16 15:20:28,2025-12-16T15:20:28,59.39,1.0,SetByAsk
2025-12-16 15:20:28,2025-12-16T15:20:28,59.39,1.0,SetByAsk
2025-12-16 15:20:46,2025-12-16T15:20:46,59.4,1.0,SetByBid
2025-12-16 15:21:09,2025-12-16T15:21:09,59.4,1.0,SetByAsk
2025-12-16 15:21:14,2025-12-16T15:21:14,59.4,1.0,SetByAsk
2025-12-16 15:21:51,2025-12-16T15:21:51,59.4,1.0,SetByBid
2025-12-16 15:21:53,2025-12-16T15:21:53,59.4,1.0,SetByBid
2025-12-16 15:21:53,2025-12-16T15:21:53,59.4,8.0,SetByBid
2025-12-16 15:21:59,2025-12-16T15:21:59,59.39,1.0,SetByAsk
2025-12-16 15:23:04,2025-12-16T15:23:04,59.4,1.0,SetByAsk
2025-12-16 15:23:04,2025-12-16T15:23:04,59.4,1.0,SetByAsk
2025-12-16 15:23:04,2025-12-16T15:23:04,59.4,1.0,SetByAsk
2025-12-16 15:23:04,2025-12-16T15:23:04,59.4,1.0,SetByAsk
2025-12-16 15:23:04,2025-12-16T15:23:04,59.4,5.0,SetByBid
2025-12-16 15:23:04,2025-12-16T15:23:04,59.4,1.0,SetByBid
2025-12-16 15:23:04,2025-12-16T15:23:04,59.4,3.0,SetByBid
2025-12-16 15:23:04,2025-12-16T15:23:04,59.4,1.0,SetByBid
2025-12-16 15:23:07,2025-12-16T15:23:07,59.4,1.0,SetByAsk
2025-12-16 15:23:07,2025-12-16T15:23:07,59.4,1.0,SetByAsk
2025-12-16 15:23:07,2025-12-16T15:23:07,59.4,1.0,SetByAsk
2025-12-16 15:23:07,2025-12-16T15:23:07,59.4,1.0,SetByAsk
2025-12-16 15:24:31,2025-12-16T15:24:31,59.42,1.0,SetByAsk
2025-12-16 15:24:35,2025-12-16T15:24:35,59.43,1.0,SetByBid
2025-12-16 15:24:35,2025-12-16T15:24:35,59.43,1.0,SetByBid
2025-12-16 15:24:42,2025-12-16T15:24:42,59.43,1.0,SetByAsk
2025-12-16 15:25:36,2025-12-16T15:25:36,59.42,1.0,SetByBid
2025-12-16 15:25:45,2025-12-16T15:25:45,59.41,1.0,SetByAsk
2025-12-16 15:25:45,2025-12-16T15:25:45,59.42,1.0,SetByBid
2025-12-16 15:25:45,2025-12-16T15:25:45,59.41,1.0,SetByAsk
2025-12-16 15:25:48,2025-12-16T15:25:48,59.41,1.0,SetByBid
2025-12-16 15:25:51,2025-12-16T15:25:51,59.41,1.0,SetByAsk
2025-12-16 15:25:51,2025-12-16T15:25:51,59.41,1.0,SetByAsk
2025-12-16 15:25:51,2025-12-16T15:25:51,59.4,1.0,SetByAsk
2025-12-16 15:26:25,2025-12-16T15:26:25,59.4,1.0,SetByBid
2025-12-16 15:26:45,2025-12-16T15:26:45,59.39,1.0,SetByAsk
2025-12-16 15:26:45,2025-12-16T15:26:45,59.39,1.0,SetByAsk
2025-12-16 15:26:45,2025-12-16T15:26:45,59.39,1.0,SetByAsk
2025-12-16 15:26:45,2025-12-16T15:26:45,59.39,1.0,SetByAsk
2025-12-16 15:26:46,2025-12-16T15:26:46,59.39,1.0,SetByAsk
2025-12-16 15:26:46,2025-12-16T15:26:46,59.39,1.0,SetByAsk
2025-12-16 15:27:01,2025-12-16T15:27:01,59.38,1.0,SetByAsk
2025-12-16 15:27:07,2025-12-16T15:27:07,59.38,1.0,SetByAsk
2025-12-16 15:27:09,2025-12-16T15:27:09,59.37,1.0,SetByAsk
2025-12-16 15:27:10,2025-12-16T15:27:10,59.37,1.0,SetByAsk
2025-12-16 15:27:10,2025-12-16T15:27:10,59.37,1.0,SetByAsk
2025-12-16 15:27:10,2025-12-16T15:27:10,59.37,1.0,SetByAsk
2025-12-16 15:27:10,2025-12-16T15:27:10,59.37,1.0,SetByAsk
2025-12-16 15:27:10,2025-12-16T15:27:10,59.37,1.0,SetByAsk
2025-12-16 15:27:10,2025-12-16T15:27:10,59.37,1.0,SetByAsk
2025-12-16 15:27:10,2025-12-16T15:27:10,59.37,1.0,SetByAsk
2025-12-16 15:27:10,2025-12-16T15:27:10,59.37,1.0,SetByAsk
2025-12-16 15:27:10,2025-12-16T15:27:10,59.37,1.0,SetByAsk
2025-12-16 15:27:10,2025-12-16T15:27:10,59.37,1.0,SetByAsk
2025-12-16 15:27:10,2025-12-16T15:27:10,59.37,1.0,SetByAsk
2025-12-16 15:27:10,2025-12-16T15:27:10,59.37,1.0,SetByAsk
2025-12-16 15:27:10,2025-12-16T15:27:10,59.37,1.0,SetByAsk
2025-12-16 15:27:10,2025-12-16T15:27:10,59.37,1.0,SetByAsk
2025-12-16 15:27:10,2025-12-16T15:27:10,59.37,1.0,SetByAsk
2025-12-16 15:27:10,2025-12-16T15:27:10,59.37,1.0,SetByAsk
2025-12-16 15:27:10,2025-12-16T15:27:10,59.37,1.0,SetByAsk
2025-12-16 15:27:10,2025-12-16T15:27:10,59.37,1.0,SetByAsk
2025-12-16 15:27:10,2025-12-16T15:27:10,59.37,1.0,SetByAsk
2025-12-16 15:27:10,2025-12-16T15:27:10,59.37,1.0,SetByBid
2025-12-16 15:27:10,2025-12-16T15:27:10,59.37,1.0,SetByAsk
2025-12-16 15:27:10,2025-12-16T15:27:10,59.37,1.0,SetByAsk
2025-12-16 15:27:11,2025-12-16T15:27:11,59.37,1.0,SetByAsk
2025-12-16 15:27:11,2025-12-16T15:27:11,59.37,1.0,SetByAsk
2025-12-16 15:27:11,2025-12-16T15:27:11,59.37,1.0,SetByAsk
2025-12-16 15:27:11,2025-12-16T15:27:11,59.37,1.0,SetByAsk
2025-12-16 15:27:11,2025-12-16T15:27:11,59.37,1.0,SetByAsk
2025-12-16 15:27:11,2025-12-16T15:27:11,59.37,1.0,SetByAsk
2025-12-16 15:27:11,2025-12-16T15:27:11,59.37,1.0,SetByAsk
2025-12-16 15:27:11,2025-12-16T15:27:11,59.37,1.0,SetByAsk
2025-12-16 15:27:11,2025-12-16T15:27:11,59.37,1.0,SetByAsk
2025-12-16 15:27:11,2025-12-16T15:27:11,59.37,1.0,SetByAsk
2025-12-16 15:27:12,2025-12-16T15:27:12,59.38,1.0,SetByBid
2025-12-16 15:27:12,2025-12-16T15:27:12,59.37,1.0,SetByAsk
2025-12-16 15:27:12,2025-12-16T15:27:12,59.37,1.0,SetByAsk
2025-12-16 15:27:12,2025-12-16T15:27:12,59.37,1.0,SetByAsk
2025-12-16 15:27:22,2025-12-16T15:27:22,59.37,1.0,SetByAsk
2025-12-16 15:27:22,2025-12-16T15:27:22,59.37,1.0,SetByAsk
2025-12-16 15:27:22,2025-12-16T15:27:22,59.37,1.0,SetByAsk
2025-12-16 15:27:22,2025-12-16T15:27:22,59.37,1.0,SetByAsk
2025-12-16 15:27:23,2025-12-16T15:27:23,59.37,1.0,SetByAsk
2025-12-16 15:27:23,2025-12-16T15:27:23,59.38,1.0,SetByBid
2025-12-16 15:27:23,2025-12-16T15:27:23,59.37,1.0,SetByAsk
2025-12-16 15:27:23,2025-12-16T15:27:23,59.37,1.0,SetByAsk
2025-12-16 15:27:23,2025-12-16T15:27:23,59.37,1.0,SetByAsk
2025-12-16 15:27:23,2025-12-16T15:27:23,59.37,1.0,SetByAsk
2025-12-16 15:27:23,2025-12-16T15:27:23,59.37,1.0,SetByAsk
2025-12-16 15:27:23,2025-12-16T15:27:23,59.37,1.0,SetByAsk
2025-12-16 15:27:23,2025-12-16T15:27:23,59.37,1.0,SetByAsk
2025-12-16 15:27:23,2025-12-16T15:27:23,59.37,1.0,SetByAsk
2025-12-16 15:27:23,2025-12-16T15:27:23,59.37,1.0,SetByAsk
2025-12-16 15:27:23,2025-12-16T15:27:23,59.37,1.0,SetByAsk
2025-12-16 15:27:23,2025-12-16T15:27:23,59.37,1.0,SetByAsk
2025-12-16 15:27:23,2025-12-16T15:27:23,59.37,1.0,SetByAsk
2025-12-16 15:27:23,2025-12-16T15:27:23,59.37,1.0,SetByAsk
2025-12-16 15:27:23,2025-12-16T15:27:23,59.37,1.0,SetByAsk
2025-12-16 15:27:23,2025-12-16T15:27:23,59.37,1.0,SetByAsk
2025-12-16 15:27:23,2025-12-16T15:27:23,59.37,1.0,SetByAsk
2025-12-16 15:27:23,2025-12-16T15:27:23,59.37,1.0,SetByAsk
2025-12-16 15:27:23,2025-12-16T15:27:23,59.37,1.0,SetByAsk
2025-12-16 15:27:23,2025-12-16T15:27:23,59.37,1.0,SetByAsk
2025-12-16 15:27:23,2025-12-16T15:27:23,59.37,1.0,SetByAsk
2025-12-16 15:27:23,2025-12-16T15:27:23,59.37,1.0,SetByAsk
2025-12-16 15:27:23,2025-12-16T15:27:23,59.37,1.0,SetByAsk
2025-12-16 15:27:23,2025-12-16T15:27:23,59.37,1.0,SetByAsk
2025-12-16 15:27:23,2025-12-16T15:27:23,59.37,1.0,SetByAsk
2025-12-16 15:27:23,2025-12-16T15:27:23,59.37,1.0,SetByAsk
2025-12-16 15:27:23,2025-12-16T15:27:23,59.37,1.0,SetByAsk
2025-12-16 15:27:23,2025-12-16T15:27:23,59.37,1.0,SetByAsk
2025-12-16 15:27:23,2025-12-16T15:27:23,59.37,1.0,SetByAsk
2025-12-16 15:27:23,2025-12-16T15:27:23,59.37,1.0,SetByAsk
2025-12-16 15:27:23,2025-12-16T15:27:23,59.37,1.0,SetByAsk
2025-12-16 15:27:23,2025-12-16T15:27:23,59.37,1.0,SetByAsk
2025-12-16 15:27:23,2025-12-16T15:27:23,59.37,1.0,SetByAsk
2025-12-16 15:27:23,2025-12-16T15:27:23,59.37,1.0,SetByAsk
2025-12-16 15:27:23,2025-12-16T15:27:23,59.37,1.0,SetByAsk
2025-12-16 15:27:23,2025-12-16T15:27:23,59.37,1.0,SetByAsk
2025-12-16 15:27:23,2025-12-16T15:27:23,59.37,1.0,SetByAsk
2025-12-16 15:27:23,2025-12-16T15:27:23,59.37,1.0,SetByAsk
2025-12-16 15:27:23,2025-12-16T15:27:23,59.37,1.0,SetByAsk
2025-12-16 15:27:23,2025-12-16T15:27:23,59.37,1.0,SetByAsk
2025-12-16 15:27:23,2025-12-16T15:27:23,59.37,1.0,SetByAsk
2025-12-16 15:27:23,2025-12-16T15:27:23,59.37,1.0,SetByAsk
2025-12-16 15:27:23,2025-12-16T15:27:23,59.39,1.0,SetByBid
2025-12-16 15:27:23,2025-12-16T15:27:23,59.39,1.0,SetByBid
2025-12-16 15:27:23,2025-12-16T15:27:23,59.39,1.0,SetByBid
2025-12-16 15:27:23,2025-12-16T15:27:23,59.38,1.0,SetByAsk
2025-12-16 15:27:23,2025-12-16T15:27:23,59.38,1.0,SetByAsk
2025-12-16 15:27:23,2025-12-16T15:27:23,59.38,1.0,SetByAsk
2025-12-16 15:27:23,2025-12-16T15:27:23,59.38,1.0,SetByAsk
2025-12-16 15:27:23,2025-12-16T15:27:23,59.38,1.0,SetByBid
2025-12-16 15:27:23,2025-12-16T15:27:23,59.37,1.0,SetByAsk
2025-12-16 15:27:23,2025-12-16T15:27:23,59.37,1.0,SetByAsk
2025-12-16 15:27:23,2025-12-16T15:27:23,59.37,1.0,SetByAsk
2025-12-16 15:27:23,2025-12-16T15:27:23,59.37,1.0,SetByAsk
2025-12-16 15:27:23,2025-12-16T15:27:23,59.37,1.0,SetByAsk
2025-12-16 15:27:23,2025-12-16T15:27:23,59.37,1.0,SetByAsk
2025-12-16 15:27:23,2025-12-16T15:27:23,59.37,1.0,SetByAsk
2025-12-16 15:27:23,2025-12-16T15:27:23,59.37,1.0,SetByAsk
2025-12-16 15:27:23,2025-12-16T15:27:23,59.38,1.0,SetByBid
2025-12-16 15:27:23,2025-12-16T15:27:23,59.37,1.0,SetByAsk
2025-12-16 15:27:23,2025-12-16T15:27:23,59.37,1.0,SetByAsk
2025-12-16 15:27:23,2025-12-16T15:27:23,59.37,1.0,SetByAsk
2025-12-16 15:27:23,2025-12-16T15:27:23,59.37,1.0,SetByAsk
2025-12-16 15:27:23,2025-12-16T15:27:23,59.37,1.0,SetByAsk
2025-12-16 15:27:23,2025-12-16T15:27:23,59.37,1.0,SetByAsk
2025-12-16 15:27:23,2025-12-16T15:27:23,59.37,1.0,SetByAsk
2025-12-16 15:27:23,2025-12-16T15:27:23,59.37,1.0,SetByAsk
2025-12-16 15:27:23,2025-12-16T15:27:23,59.37,1.0,SetByAsk
2025-12-16 15:27:23,2025-12-16T15:27:23,59.37,1.0,SetByAsk
2025-12-16 15:27:23,2025-12-16T15:27:23,59.37,1.0,SetByAsk
2025-12-16 15:27:23,2025-12-16T15:27:23,59.37,1.0,SetByAsk
2025-12-16 15:27:23,2025-12-16T15:27:23,59.37,1.0,SetByAsk
2025-12-16 15:27:23,2025-12-16T15:27:23,59.37,1.0,SetByAsk
2025-12-16 15:27:23,2025-12-16T15:27:23,59.37,1.0,SetByAsk
2025-12-16 15:27:23,2025-12-16T15:27:23,59.37,1.0,SetByAsk
2025-12-16 15:27:23,2025-12-16T15:27:23,59.37,1.0,SetByAsk
2025-12-16 15:27:23,2025-12-16T15:27:23,59.37,1.0,SetByAsk
2025-12-16 15:27:23,2025-12-16T15:27:23,59.37,1.0,SetByAsk
2025-12-16 15:27:24,2025-12-16T15:27:24,59.37,1.0,SetByAsk
2025-12-16 15:27:24,2025-12-16T15:27:24,59.37,1.0,SetByAsk
2025-12-16 15:27:24,2025-12-16T15:27:24,59.37,1.0,SetByAsk
2025-12-16 15:27:24,2025-12-16T15:27:24,59.37,1.0,SetByAsk
2025-12-16 15:27:24,2025-12-16T15:27:24,59.37,1.0,SetByAsk
2025-12-16 15:27:24,2025-12-16T15:27:24,59.37,1.0,SetByAsk
2025-12-16 15:27:24,2025-12-16T15:27:24,59.37,1.0,SetByAsk
2025-12-16 15:27:24,2025-12-16T15:27:24,59.37,1.0,SetByAsk
2025-12-16 15:27:24,2025-12-16T15:27:24,59.37,1.0,SetByAsk
2025-12-16 15:27:24,2025-12-16T15:27:24,59.37,1.0,SetByAsk
2025-12-16 15:27:24,2025-12-16T15:27:24,59.37,1.0,SetByAsk
2025-12-16 15:27:24,2025-12-16T15:27:24,59.37,1.0,SetByAsk
2025-12-16 15:27:24,2025-12-16T15:27:24,59.37,1.0,SetByAsk
2025-12-16 15:27:24,2025-12-16T15:27:24,59.37,1.0,SetByAsk
2025-12-16 15:27:24,2025-12-16T15:27:24,59.37,1.0,SetByAsk
2025-12-16 15:27:24,2025-12-16T15:27:24,59.37,1.0,SetByAsk
2025-12-16 15:27:24,2025-12-16T15:27:24,59.37,1.0,SetByAsk
2025-12-16 15:27:24,2025-12-16T15:27:24,59.37,1.0,SetByAsk
2025-12-16 15:27:24,2025-12-16T15:27:24,59.37,1.0,SetByAsk
2025-12-16 15:27:24,2025-12-16T15:27:24,59.37,1.0,SetByAsk
2025-12-16 15:27:24,2025-12-16T15:27:24,59.37,1.0,SetByAsk
2025-12-16 15:27:24,2025-12-16T15:27:24,59.37,1.0,SetByAsk
2025-12-16 15:27:24,2025-12-16T15:27:24,59.37,1.0,SetByAsk
2025-12-16 15:27:24,2025-12-16T15:27:24,59.37,1.0,SetByAsk
2025-12-16 15:27:24,2025-12-16T15:27:24,59.37,1.0,SetByAsk
2025-12-16 15:27:24,2025-12-16T15:27:24,59.37,1.0,SetByAsk
2025-12-16 15:27:24,2025-12-16T15:27:24,59.37,1.0,SetByAsk
2025-12-16 15:27:24,2025-12-16T15:27:24,59.37,1.0,SetByAsk
2025-12-16 15:27:24,2025-12-16T15:27:24,59.37,1.0,SetByAsk
2025-12-16 15:27:24,2025-12-16T15:27:24,59.37,1.0,SetByAsk
2025-12-16 15:27:24,2025-12-16T15:27:24,59.37,1.0,SetByAsk
2025-12-16 15:27:24,2025-12-16T15:27:24,59.37,1.0,SetByAsk
2025-12-16 15:27:24,2025-12-16T15:27:24,59.37,1.0,SetByAsk
2025-12-16 15:27:24,2025-12-16T15:27:24,59.37,1.0,SetByAsk
2025-12-16 15:27:24,2025-12-16T15:27:24,59.37,1.0,SetByAsk
2025-12-16 15:27:24,2025-12-16T15:27:24,59.37,1.0,SetByAsk
2025-12-16 15:27:24,2025-12-16T15:27:24,59.37,1.0,SetByAsk
2025-12-16 15:27:24,2025-12-16T15:27:24,59.37,1.0,SetByAsk
2025-12-16 15:27:24,2025-12-16T15:27:24,59.37,1.0,SetByAsk
2025-12-16 15:27:24,2025-12-16T15:27:24,59.37,1.0,SetByAsk
2025-12-16 15:27:24,2025-12-16T15:27:24,59.37,1.0,SetByAsk
2025-12-16 15:27:24,2025-12-16T15:27:24,59.37,1.0,SetByAsk
2025-12-16 15:27:24,2025-12-16T15:27:24,59.37,1.0,SetByAsk
2025-12-16 15:27:24,2025-12-16T15:27:24,59.37,1.0,SetByAsk
2025-12-16 15:27:24,2025-12-16T15:27:24,59.37,1.0,SetByAsk
2025-12-16 15:27:24,2025-12-16T15:27:24,59.37,1.0,SetByAsk
2025-12-16 15:27:24,2025-12-16T15:27:24,59.37,1.0,SetByAsk
2025-12-16 15:27:24,2025-12-16T15:27:24,59.37,1.0,SetByAsk
2025-12-16 15:27:24,2025-12-16T15:27:24,59.37,1.0,SetByAsk
2025-12-16 15:27:24,2025-12-16T15:27:24,59.37,1.0,SetByAsk
2025-12-16 15:27:24,2025-12-16T15:27:24,59.37,1.0,SetByAsk
2025-12-16 15:27:24,2025-12-16T15:27:24,59.37,1.0,SetByAsk
2025-12-16 15:27:24,2025-12-16T15:27:24,59.37,1.0,SetByAsk
2025-12-16 15:27:24,2025-12-16T15:27:24,59.37,1.0,SetByAsk
2025-12-16 15:27:24,2025-12-16T15:27:24,59.37,1.0,SetByAsk
2025-12-16 15:27:24,2025-12-16T15:27:24,59.37,1.0,SetByAsk
2025-12-16 15:27:24,2025-12-16T15:27:24,59.37,1.0,SetByAsk
2025-12-16 15:27:24,2025-12-16T15:27:24,59.37,1.0,SetByAsk
2025-12-16 15:27:24,2025-12-16T15:27:24,59.36,1.0,SetByAsk
2025-12-16 15:27:24,2025-12-16T15:27:24,59.36,1.0,SetByAsk
2025-12-16 15:27:24,2025-12-16T15:27:24,59.36,1.0,SetByAsk
2025-12-16 15:27:24,2025-12-16T15:27:24,59.36,1.0,SetByAsk
2025-12-16 15:27:24,2025-12-16T15:27:24,59.36,1.0,SetByAsk
2025-12-16 15:27:24,2025-12-16T15:27:24,59.36,1.0,SetByAsk
2025-12-16 15:27:24,2025-12-16T15:27:24,59.36,1.0,SetByAsk
2025-12-16 15:27:24,2025-12-16T15:27:24,59.36,1.0,SetByAsk
2025-12-16 15:27:24,2025-12-16T15:27:24,59.36,1.0,SetByAsk
2025-12-16 15:27:24,2025-12-16T15:27:24,59.36,1.0,SetByAsk
2025-12-16 15:27:24,2025-12-16T15:27:24,59.36,1.0,SetByAsk
2025-12-16 15:27:24,2025-12-16T15:27:24,59.36,1.0,SetByAsk
2025-12-16 15:27:31,2025-12-16T15:27:31,59.38,1.0,SetByBid
2025-12-16 15:28:00,2025-12-16T15:28:00,59.38,1.0,SetByBid
2025-12-16 15:28:35,2025-12-16T15:28:35,59.37,1.0,SetByBid
2025-12-16 15:28:35,2025-12-16T15:28:35,59.37,1.0,SetByBid
2025-12-16 15:31:11,2025-12-16T15:31:11,59.36,1.0,SetByBid
2025-12-16 15:31:21,2025-12-16T15:31:21,59.35,1.0,SetByAsk
2025-12-16 15:31:26,2025-12-16T15:31:26,59.34,1.0,SetByAsk
2025-12-16 15:31:26,2025-12-16T15:31:26,59.34,1.0,SetByAsk
2025-12-16 15:31:26,2025-12-16T15:31:26,59.34,1.0,SetByAsk
2025-12-16 15:31:44,2025-12-16T15:31:44,59.34,1.0,SetByBid
2025-12-16 15:31:58,2025-12-16T15:31:58,59.34,1.0,SetByBid
2025-12-16 15:31:59,2025-12-16T15:31:59,59.34,1.0,SetByBid
2025-12-16 15:32:28,2025-12-16T15:32:28,59.33,1.0,SetByBid
2025-12-16 15:32:28,2025-12-16T15:32:28,59.33,1.0,SetByBid
2025-12-16 15:32:39,2025-12-16T15:32:39,59.33,1.0,SetByBid
2025-12-16 15:32:57,2025-12-16T15:32:57,59.32,1.0,SetByAsk
2025-12-16 15:33:02,2025-12-16T15:33:02,59.32,1.0,SetByBid
2025-12-16 15:34:00,2025-12-16T15:34:00,59.32,1.0,SetByBid
2025-12-16 15:34:00,2025-12-16T15:34:00,59.32,1.0,SetByBid
2025-12-16 15:35:38,2025-12-16T15:35:38,59.32,2.0,SetByAsk
2025-12-16 15:35:38,2025-12-16T15:35:38,59.32,14.0,SetByAsk
2025-12-16 15:35:38,2025-12-16T15:35:38,59.32,4.0,SetByAsk
2025-12-16 15:35:54,2025-12-16T15:35:54,59.32,1.0,SetByBid
2025-12-16 15:35:54,2025-12-16T15:35:54,59.32,1.0,SetByBid
2025-12-16 15:35:54,2025-12-16T15:35:54,59.32,1.0,SetByBid
2025-12-16 15:35:54,2025-12-16T15:35:54,59.32,1.0,SetByBid
2025-12-16 15:35:54,2025-12-16T15:35:54,59.32,1.0,SetByBid
2025-12-16 15:35:54,2025-12-16T15:35:54,59.32,1.0,SetByBid
2025-12-16 15:35:55,2025-12-16T15:35:55,59.33,1.0,SetByBid
2025-12-16 15:36:24,2025-12-16T15:36:24,59.32,1.0,SetByBid
2025-12-16 15:36:24,2025-12-16T15:36:24,59.32,1.0,SetByBid
2025-12-16 15:36:47,2025-12-16T15:36:47,59.32,1.0,SetByBid
2025-12-16 15:36:47,2025-12-16T15:36:47,59.32,1.0,SetByBid
2025-12-16 15:37:39,2025-12-16T15:37:39,59.3,1.0,SetByAsk
2025-12-16 15:37:39,2025-12-16T15:37:39,59.3,13.0,SetByAsk
2025-12-16 15:37:39,2025-12-16T15:37:39,59.3,2.0,SetByAsk
2025-12-16 15:37:39,2025-12-16T15:37:39,59.3,2.0,SetByAsk
2025-12-16 15:37:39,2025-12-16T15:37:39,59.3,1.0,SetByAsk
2025-12-16 15:37:39,2025-12-16T15:37:39,59.3,1.0,SetByAsk
2025-12-16 15:37:39,2025-12-16T15:37:39,59.3,5.0,SetByAsk
2025-12-16 15:37:39,2025-12-16T15:37:39,59.3,1.0,SetByAsk
2025-12-16 15:37:39,2025-12-16T15:37:39,59.3,1.0,SetByAsk
2025-12-16 15:37:39,2025-12-16T15:37:39,59.3,13.0,SetByAsk
2025-12-16 15:37:39,2025-12-16T15:37:39,59.3,10.0,SetByAsk
2025-12-16 15:37:54,2025-12-16T15:37:54,59.29,1.0,SetByAsk
2025-12-16 15:38:16,2025-12-16T15:38:16,59.29,1.0,SetByBid
2025-12-16 15:38:16,2025-12-16T15:38:16,59.29,1.0,SetByBid
2025-12-16 15:38:53,2025-12-16T15:38:53,59.29,1.0,SetByBid
2025-12-16 15:39:10,2025-12-16T15:39:10,59.3,1.0,SetByBid
2025-12-16 15:39:10,2025-12-16T15:39:10,59.3,1.0,SetByBid
2025-12-16 15:39:10,2025-12-16T15:39:10,59.3,1.0,SetByBid
2025-12-16 15:39:10,2025-12-16T15:39:10,59.29,2.0,SetByAsk
2025-12-16 15:39:10,2025-12-16T15:39:10,59.29,1.0,SetByAsk
2025-12-16 15:39:10,2025-12-16T15:39:10,59.29,1.0,SetByAsk
2025-12-16 15:39:10,2025-12-16T15:39:10,59.29,1.0,SetByAsk
2025-12-16 15:39:10,2025-12-16T15:39:10,59.29,1.0,SetByAsk
2025-12-16 15:39:10,2025-12-16T15:39:10,59.29,1.0,SetByAsk
2025-12-16 15:39:10,2025-12-16T15:39:10,59.29,1.0,SetByAsk
2025-12-16 15:39:10,2025-12-16T15:39:10,59.29,7.0,SetByAsk
2025-12-16 15:39:25,2025-12-16T15:39:25,59.29,2.0,SetByAsk
2025-12-16 15:39:25,2025-12-16T15:39:25,59.29,1.0,SetByAsk
2025-12-16 15:39:25,2025-12-16T15:39:25,59.29,1.0,SetByAsk
2025-12-16 15:39:25,2025-12-16T15:39:25,59.29,1.0,SetByAsk
2025-12-16 15:39:25,2025-12-16T15:39:25,59.29,1.0,SetByBid
2025-12-16 15:40:04,2025-12-16T15:40:04,59.3,1.0,SetByBid
2025-12-16 15:40:04,2025-12-16T15:40:04,59.3,1.0,SetByBid
2025-12-16 15:40:04,2025-12-16T15:40:04,59.3,1.0,SetByBid
2025-12-16 15:40:04,2025-12-16T15:40:04,59.3,2.0,SetByBid
2025-12-16 15:40:04,2025-12-16T15:40:04,59.3,1.0,SetByBid
2025-12-16 15:41:04,2025-12-16T15:41:04,59.3,1.0,SetByBid
2025-12-16 15:41:13,2025-12-16T15:41:13,59.3,1.0,SetByBid
2025-12-16 15:42:22,2025-12-16T15:42:22,59.3,1.0,SetByBid
2025-12-16 15:42:34,2025-12-16T15:42:34,59.3,1.0,SetByAsk
2025-12-16 15:42:34,2025-12-16T15:42:34,59.31,1.0,SetByBid
2025-12-16 15:42:34,2025-12-16T15:42:34,59.31,1.0,SetByBid
2025-12-16 15:43:34,2025-12-16T15:43:34,59.32,1.0,SetByBid
2025-12-16 15:43:34,2025-12-16T15:43:34,59.32,1.0,SetByBid
2025-12-16 15:43:34,2025-12-16T15:43:34,59.32,1.0,SetByBid
2025-12-16 15:44:00,2025-12-16T15:44:00,59.34,1.0,SetByBid
2025-12-16 15:44:00,2025-12-16T15:44:00,59.34,1.0,SetByAsk
2025-12-16 15:44:12,2025-12-16T15:44:12,59.34,2.0,SetByAsk
2025-12-16 15:44:12,2025-12-16T15:44:12,59.34,1.0,SetByAsk
2025-12-16 15:44:12,2025-12-16T15:44:12,59.34,1.0,SetByAsk
2025-12-16 15:44:43,2025-12-16T15:44:43,59.36,1.0,SetByBid
2025-12-16 15:46:45,2025-12-16T15:46:45,59.35,1.0,SetByBid
2025-12-16 15:46:45,2025-12-16T15:46:45,59.35,1.0,SetByBid
2025-12-16 15:46:45,2025-12-16T15:46:45,59.35,1.0,SetByBid
2025-12-16 15:47:34,2025-12-16T15:47:34,59.38,1.0,SetByAsk
2025-12-16 15:47:37,2025-12-16T15:47:37,59.38,2.0,SetByAsk
2025-12-16 15:47:37,2025-12-16T15:47:37,59.38,1.0,SetByAsk
2025-12-16 15:47:49,2025-12-16T15:47:49,59.38,1.0,SetByBid
2025-12-16 15:48:17,2025-12-16T15:48:17,59.37,1.0,SetByAsk
2025-12-16 15:48:17,2025-12-16T15:48:17,59.37,2.0,SetByAsk
2025-12-16 15:48:17,2025-12-16T15:48:17,59.37,2.0,SetByAsk
2025-12-16 15:48:17,2025-12-16T15:48:17,59.37,2.0,SetByAsk
2025-12-16 15:48:17,2025-12-16T15:48:17,59.37,1.0,SetByAsk
2025-12-16 15:48:17,2025-12-16T15:48:17,59.37,1.0,SetByAsk
2025-12-16 15:48:45,2025-12-16T15:48:45,59.39,1.0,SetByBid
2025-12-16 15:48:45,2025-12-16T15:48:45,59.39,1.0,SetByBid
2025-12-16 15:49:39,2025-12-16T15:49:39,59.37,1.0,SetByAsk
2025-12-16 15:49:39,2025-12-16T15:49:39,59.37,1.0,SetByAsk
2025-12-16 15:49:39,2025-12-16T15:49:39,59.37,2.0,SetByAsk
2025-12-16 15:49:39,2025-12-16T15:49:39,59.37,3.0,SetByAsk
2025-12-16 15:50:04,2025-12-16T15:50:04,59.38,1.0,SetByBid
2025-12-16 15:51:02,2025-12-16T15:51:02,59.37,1.0,SetByAsk
2025-12-16 15:51:02,2025-12-16T15:51:02,59.37,1.0,SetByAsk
2025-12-16 15:51:12,2025-12-16T15:51:12,59.38,1.0,SetByBid
2025-12-16 15:51:12,2025-12-16T15:51:12,59.38,1.0,SetByBid
2025-12-16 15:51:12,2025-12-16T15:51:12,59.38,2.0,SetByAsk
2025-12-16 15:51:12,2025-12-16T15:51:12,59.38,1.0,SetByAsk
2025-12-16 15:51:12,2025-12-16T15:51:12,59.38,2.0,SetByBid
2025-12-16 15:51:12,2025-12-16T15:51:12,59.38,1.0,SetByBid
2025-12-16 15:51:12,2025-12-16T15:51:12,59.38,2.0,SetByBid
2025-12-16 15:51:15,2025-12-16T15:51:15,59.39,1.0,SetByBid
2025-12-16 15:51:33,2025-12-16T15:51:33,59.39,2.0,SetByAsk
2025-12-16 15:51:33,2025-12-16T15:51:33,59.39,1.0,SetByAsk
2025-12-16 15:51:33,2025-12-16T15:51:33,59.39,1.0,SetByAsk
2025-12-16 15:51:37,2025-12-16T15:51:37,59.4,1.0,SetByBid
2025-12-16 15:51:42,2025-12-16T15:51:42,59.39,1.0,SetByAsk
2025-12-16 15:51:47,2025-12-16T15:51:47,59.39,2.0,SetByAsk
2025-12-16 15:52:12,2025-12-16T15:52:12,59.4,1.0,SetByBid
2025-12-16 15:52:12,2025-12-16T15:52:12,59.4,1.0,SetByBid
2025-12-16 15:52:12,2025-12-16T15:52:12,59.4,1.0,SetByBid
2025-12-16 15:52:28,2025-12-16T15:52:28,59.41,4.0,SetByAsk
2025-12-16 15:52:28,2025-12-16T15:52:28,59.41,4.0,SetByAsk
2025-12-16 15:52:50,2025-12-16T15:52:50,59.42,1.0,SetByBid
2025-12-16 15:53:20,2025-12-16T15:53:20,59.41,3.0,SetByAsk
2025-12-16 15:53:40,2025-12-16T15:53:40,59.41,1.0,SetByAsk
2025-12-16 15:53:40,2025-12-16T15:53:40,59.41,1.0,SetByAsk
2025-12-16 15:53:40,2025-12-16T15:53:40,59.41,1.0,SetByAsk
2025-12-16 15:53:40,2025-12-16T15:53:40,59.41,5.0,SetByAsk
2025-12-16 15:53:45,2025-12-16T15:53:45,59.41,1.0,SetByAsk
2025-12-16 15:53:45,2025-12-16T15:53:45,59.41,2.0,SetByAsk
2025-12-16 15:54:01,2025-12-16T15:54:01,59.41,1.0,SetByAsk
2025-12-16 15:54:01,2025-12-16T15:54:01,59.41,2.0,SetByAsk
2025-12-16 15:54:01,2025-12-16T15:54:01,59.41,1.0,SetByAsk
2025-12-16 15:54:01,2025-12-16T15:54:01,59.41,1.0,SetByAsk
2025-12-16 15:54:01,2025-12-16T15:54:01,59.41,1.0,SetByAsk
2025-12-16 15:54:01,2025-12-16T15:54:01,59.41,1.0,SetByAsk
2025-12-16 15:54:01,2025-12-16T15:54:01,59.4,1.0,SetByBid
2025-12-16 15:54:38,2025-12-16T15:54:38,59.39,1.0,SetByAsk
2025-12-16 15:54:41,2025-12-16T15:54:41,59.4,1.0,SetByBid
2025-12-16 15:54:46,2025-12-16T15:54:46,59.41,1.0,SetByBid
2025-12-16 15:55:04,2025-12-16T15:55:04,59.41,2.0,SetByAsk
2025-12-16 15:55:04,2025-12-16T15:55:04,59.41,1.0,SetByAsk
2025-12-16 15:55:25,2025-12-16T15:55:25,59.38,1.0,SetByBid
2025-12-16 15:55:53,2025-12-16T15:55:53,59.39,1.0,SetByBid
2025-12-16 15:57:29,2025-12-16T15:57:29,59.4,1.0,SetByBid
2025-12-16 15:57:57,2025-12-16T15:57:57,59.4,1.0,SetByAsk
2025-12-16 15:58:00,2025-12-16T15:58:00,59.41,1.0,SetByBid
2025-12-16 15:58:09,2025-12-16T15:58:09,59.38,1.0,SetByBid
2025-12-16 15:58:16,2025-12-16T15:58:16,59.39,1.0,SetByBid
2025-12-16 15:58:16,2025-12-16T15:58:16,59.39,1.0,SetByBid
2025-12-16 15:58:16,2025-12-16T15:58:16,59.39,1.0,SetByBid
2025-12-16 15:58:16,2025-12-16T15:58:16,59.39,1.0,SetByBid
2025-12-16 15:58:16,2025-12-16T15:58:16,59.39,1.0,SetByBid
2025-12-16 15:58:16,2025-12-16T15:58:16,59.39,1.0,SetByBid
2025-12-16 15:58:16,2025-12-16T15:58:16,59.39,3.0,SetByBid
2025-12-16 15:58:16,2025-12-16T15:58:16,59.39,1.0,SetByBid
2025-12-16 15:58:16,2025-12-16T15:58:16,59.39,1.0,SetByBid
2025-12-16 15:58:16,2025-12-16T15:58:16,59.38,1.0,SetByAsk
2025-12-16 15:59:50,2025-12-16T15:59:50,59.36,1.0,SetByAsk
2025-12-16 15:59:58,2025-12-16T15:59:58,59.37,1.0,SetByBid
2025-12-16 16:00:00,2025-12-16T16:00:00,59.36,1.0,SetByAsk
2025-12-16 16:00:37,2025-12-16T16:00:37,59.36,1.0,SetByBid
2025-12-16 16:00:37,2025-12-16T16:00:37,59.36,1.0,SetByBid
2025-12-16 16:00:37,2025-12-16T16:00:37,59.36,1.0,SetByBid
2025-12-16 16:00:37,2025-12-16T16:00:37,59.36,1.0,SetByBid
2025-12-16 16:00:37,2025-12-16T16:00:37,59.36,3.0,SetByAsk
2025-12-16 16:00:37,2025-12-16T16:00:37,59.36,1.0,SetByAsk
2025-12-16 16:00:40,2025-12-16T16:00:40,59.36,2.0,SetByBid
2025-12-16 16:00:56,2025-12-16T16:00:56,59.38,3.0,SetByAsk
2025-12-16 16:00:56,2025-12-16T16:00:56,59.38,1.0,SetByBid
2025-12-16 16:00:57,2025-12-16T16:00:57,59.38,2.0,SetByAsk
2025-12-16 16:00:59,2025-12-16T16:00:59,59.37,1.0,SetByAsk
2025-12-16 16:00:59,2025-12-16T16:00:59,59.37,1.0,SetByAsk
2025-12-16 16:01:27,2025-12-16T16:01:27,59.37,1.0,SetByBid
2025-12-16 16:01:27,2025-12-16T16:01:27,59.37,1.0,SetByBid
2025-12-16 16:01:27,2025-12-16T16:01:27,59.37,2.0,SetByBid
2025-12-16 16:01:27,2025-12-16T16:01:27,59.37,1.0,SetByBid
2025-12-16 16:01:27,2025-12-16T16:01:27,59.37,1.0,SetByBid
2025-12-16 16:01:29,2025-12-16T16:01:29,59.38,1.0,SetByBid
2025-12-16 16:01:35,2025-12-16T16:01:35,59.39,1.0,SetByBid
2025-12-16 16:01:35,2025-12-16T16:01:35,59.39,1.0,SetByBid
2025-12-16 16:01:35,2025-12-16T16:01:35,59.39,1.0,SetByBid
2025-12-16 16:01:35,2025-12-16T16:01:35,59.39,1.0,SetByBid
2025-12-16 16:01:35,2025-12-16T16:01:35,59.38,1.0,SetByAsk
2025-12-16 16:01:35,2025-12-16T16:01:35,59.38,1.0,SetByAsk
2025-12-16 16:01:59,2025-12-16T16:01:59,59.39,1.0,SetByBid
2025-12-16 16:03:00,2025-12-16T16:03:00,59.39,1.0,SetByBid
2025-12-16 16:03:16,2025-12-16T16:03:16,59.4,1.0,SetByBid
2025-12-16 16:04:04,2025-12-16T16:04:04,59.39,1.0,SetByAsk
2025-12-16 16:04:20,2025-12-16T16:04:20,59.41,1.0,SetByAsk
2025-12-16 16:04:35,2025-12-16T16:04:35,59.41,1.0,SetByBid
2025-12-16 16:05:09,2025-12-16T16:05:09,59.41,1.0,SetByBid
2025-12-16 16:05:09,2025-12-16T16:05:09,59.41,1.0,SetByBid
2025-12-16 16:05:23,2025-12-16T16:05:23,59.42,1.0,SetByBid
2025-12-16 16:05:40,2025-12-16T16:05:40,59.42,1.0,SetByBid
2025-12-16 16:06:36,2025-12-16T16:06:36,59.42,1.0,SetByAsk
2025-12-16 16:07:35,2025-12-16T16:07:35,59.43,1.0,SetByAsk
2025-12-16 16:08:03,2025-12-16T16:08:03,59.44,1.0,SetByBid
2025-12-16 16:08:03,2025-12-16T16:08:03,59.44,1.0,SetByBid
2025-12-16 16:08:10,2025-12-16T16:08:10,59.44,1.0,SetByAsk
2025-12-16 16:08:47,2025-12-16T16:08:47,59.43,1.0,SetByBid
2025-12-16 16:08:47,2025-12-16T16:08:47,59.43,1.0,SetByBid
2025-12-16 16:11:22,2025-12-16T16:11:22,59.44,3.0,SetByAsk
2025-12-16 16:11:54,2025-12-16T16:11:54,59.44,1.0,SetByBid
2025-12-16 16:11:54,2025-12-16T16:11:54,59.44,1.0,SetByBid
2025-12-16 16:11:55,2025-12-16T16:11:55,59.44,1.0,SetByBid
2025-12-16 16:11:58,2025-12-16T16:11:58,59.44,1.0,SetByBid
2025-12-16 16:11:58,2025-12-16T16:11:58,59.44,1.0,SetByAsk
2025-12-16 16:12:02,2025-12-16T16:12:02,59.44,1.0,SetByBid
2025-12-16 16:12:15,2025-12-16T16:12:15,59.45,1.0,SetByBid
2025-12-16 16:12:15,2025-12-16T16:12:15,59.45,1.0,SetByBid
2025-12-16 16:12:15,2025-12-16T16:12:15,59.45,1.0,SetByBid
2025-12-16 16:12:15,2025-12-16T16:12:15,59.45,1.0,SetByBid
2025-12-16 16:12:15,2025-12-16T16:12:15,59.45,1.0,SetByBid
2025-12-16 16:12:15,2025-12-16T16:12:15,59.45,1.0,SetByBid
2025-12-16 16:12:15,2025-12-16T16:12:15,59.45,1.0,SetByBid
2025-12-16 16:12:15,2025-12-16T16:12:15,59.45,1.0,SetByBid
2025-12-16 16:12:15,2025-12-16T16:12:15,59.45,1.0,SetByBid
2025-12-16 16:12:15,2025-12-16T16:12:15,59.45,3.0,SetByBid
2025-12-16 16:12:15,2025-12-16T16:12:15,59.45,1.0,SetByBid
2025-12-16 16:12:15,2025-12-16T16:12:15,59.45,1.0,SetByBid
2025-12-16 16:12:15,2025-12-16T16:12:15,59.45,1.0,SetByBid
2025-12-16 16:12:15,2025-12-16T16:12:15,59.45,1.0,SetByBid
2025-12-16 16:12:15,2025-12-16T16:12:15,59.45,2.0,SetByAsk
2025-12-16 16:12:15,2025-12-16T16:12:15,59.45,1.0,SetByAsk
2025-12-16 16:12:15,2025-12-16T16:12:15,59.45,1.0,SetByAsk
2025-12-16 16:12:15,2025-12-16T16:12:15,59.45,1.0,SetByAsk
2025-12-16 16:13:27,2025-12-16T16:13:27,59.48,1.0,SetByBid
2025-12-16 16:14:35,2025-12-16T16:14:35,59.47,1.0,SetByBid
2025-12-16 16:14:35,2025-12-16T16:14:35,59.47,1.0,SetByBid
2025-12-16 16:14:35,2025-12-16T16:14:35,59.47,1.0,SetByBid
2025-12-16 16:14:37,2025-12-16T16:14:37,59.47,1.0,SetByAsk
2025-12-16 16:14:45,2025-12-16T16:14:45,59.48,1.0,SetByBid
2025-12-16 16:15:45,2025-12-16T16:15:45,59.46,1.0,SetByAsk
2025-12-16 16:15:45,2025-12-16T16:15:45,59.46,1.0,SetByBid
2025-12-16 16:16:07,2025-12-16T16:16:07,59.46,1.0,SetByBid
2025-12-16 16:16:07,2025-12-16T16:16:07,59.46,1.0,SetByAsk
2025-12-16 16:16:24,2025-12-16T16:16:24,59.46,1.0,SetByAsk
2025-12-16 16:16:45,2025-12-16T16:16:45,59.47,1.0,SetByBid
2025-12-16 16:16:45,2025-12-16T16:16:45,59.47,1.0,SetByBid
2025-12-16 16:17:43,2025-12-16T16:17:43,59.45,1.0,SetByAsk
2025-12-16 16:17:43,2025-12-16T16:17:43,59.45,1.0,SetByAsk
2025-12-16 16:17:43,2025-12-16T16:17:43,59.45,1.0,SetByAsk
2025-12-16 16:18:00,2025-12-16T16:18:00,59.46,1.0,SetByBid
2025-12-16 16:18:00,2025-12-16T16:18:00,59.46,2.0,SetByBid
2025-12-16 16:18:00,2025-12-16T16:18:00,59.46,3.0,SetByBid
2025-12-16 16:18:00,2025-12-16T16:18:00,59.46,1.0,SetByBid
2025-12-16 16:18:00,2025-12-16T16:18:00,59.46,1.0,SetByBid
2025-12-16 16:18:28,2025-12-16T16:18:28,59.47,1.0,SetByBid
2025-12-16 16:18:28,2025-12-16T16:18:28,59.47,1.0,SetByBid
2025-12-16 16:18:41,2025-12-16T16:18:41,59.46,1.0,SetByAsk
2025-12-16 16:18:41,2025-12-16T16:18:41,59.46,1.0,SetByAsk
2025-12-16 16:19:20,2025-12-16T16:19:20,59.48,1.0,SetByBid
2025-12-16 16:20:15,2025-12-16T16:20:15,59.48,1.0,SetByAsk
2025-12-16 16:20:15,2025-12-16T16:20:15,59.48,2.0,SetByAsk
2025-12-16 16:20:15,2025-12-16T16:20:15,59.48,2.0,SetByAsk
2025-12-16 16:20:15,2025-12-16T16:20:15,59.48,2.0,SetByAsk
2025-12-16 16:20:15,2025-12-16T16:20:15,59.48,1.0,SetByAsk
2025-12-16 16:20:15,2025-12-16T16:20:15,59.48,2.0,SetByAsk
2025-12-16 16:20:15,2025-12-16T16:20:15,59.48,2.0,SetByAsk
2025-12-16 16:20:15,2025-12-16T16:20:15,59.48,1.0,SetByAsk
2025-12-16 16:20:15,2025-12-16T16:20:15,59.48,1.0,SetByAsk
2025-12-16 16:20:15,2025-12-16T16:20:15,59.48,1.0,SetByAsk
2025-12-16 16:20:15,2025-12-16T16:20:15,59.48,1.0,SetByAsk
2025-12-16 16:20:15,2025-12-16T16:20:15,59.48,1.0,SetByAsk
2025-12-16 16:20:15,2025-12-16T16:20:15,59.48,2.0,SetByAsk
2025-12-16 16:20:15,2025-12-16T16:20:15,59.48,1.0,SetByAsk
2025-12-16 16:20:15,2025-12-16T16:20:15,59.48,1.0,SetByAsk
2025-12-16 16:20:15,2025-12-16T16:20:15,59.48,1.0,SetByAsk
2025-12-16 16:20:15,2025-12-16T16:20:15,59.48,1.0,SetByAsk
2025-12-16 16:20:15,2025-12-16T16:20:15,59.48,1.0,SetByAsk
2025-12-16 16:20:15,2025-12-16T16:20:15,59.48,1.0,SetByAsk
2025-12-16 16:20:15,2025-12-16T16:20:15,59.48,1.0,SetByAsk
2025-12-16 16:20:15,2025-12-16T16:20:15,59.48,1.0,SetByAsk
2025-12-16 16:20:15,2025-12-16T16:20:15,59.48,1.0,SetByAsk
2025-12-16 16:20:15,2025-12-16T16:20:15,59.48,1.0,SetByAsk
2025-12-16 16:20:15,2025-12-16T16:20:15,59.48,1.0,SetByAsk
2025-12-16 16:20:15,2025-12-16T16:20:15,59.48,1.0,SetByAsk
2025-12-16 16:20:15,2025-12-16T16:20:15,59.48,1.0,SetByAsk
2025-12-16 16:20:15,2025-12-16T16:20:15,59.48,1.0,SetByAsk
2025-12-16 16:20:15,2025-12-16T16:20:15,59.48,1.0,SetByAsk
2025-12-16 16:20:15,2025-12-16T16:20:15,59.48,1.0,SetByAsk
2025-12-16 16:20:15,2025-12-16T16:20:15,59.48,2.0,SetByAsk
2025-12-16 16:20:15,2025-12-16T16:20:15,59.48,1.0,SetByAsk
2025-12-16 16:20:15,2025-12-16T16:20:15,59.48,1.0,SetByAsk
2025-12-16 16:20:16,2025-12-16T16:20:16,59.48,2.0,SetByAsk
2025-12-16 16:20:16,2025-12-16T16:20:16,59.48,1.0,SetByAsk
2025-12-16 16:20:16,2025-12-16T16:20:16,59.48,2.0,SetByAsk
2025-12-16 16:20:16,2025-12-16T16:20:16,59.48,1.0,SetByAsk
2025-12-16 16:20:16,2025-12-16T16:20:16,59.48,1.0,SetByAsk
2025-12-16 16:20:16,2025-12-16T16:20:16,59.48,1.0,SetByAsk
2025-12-16 16:20:16,2025-12-16T16:20:16,59.48,2.0,SetByAsk
2025-12-16 16:20:16,2025-12-16T16:20:16,59.48,1.0,SetByAsk
2025-12-16 16:20:16,2025-12-16T16:20:16,59.48,1.0,SetByAsk
2025-12-16 16:20:16,2025-12-16T16:20:16,59.48,1.0,SetByAsk
2025-12-16 16:20:16,2025-12-16T16:20:16,59.48,1.0,SetByAsk
2025-12-16 16:20:17,2025-12-16T16:20:17,59.48,2.0,SetByAsk
2025-12-16 16:20:17,2025-12-16T16:20:17,59.48,1.0,SetByAsk
2025-12-16 16:20:18,2025-12-16T16:20:18,59.48,1.0,SetByAsk
2025-12-16 16:20:43,2025-12-16T16:20:43,59.48,1.0,SetByBid
2025-12-16 16:21:00,2025-12-16T16:21:00,59.48,1.0,SetByBid
2025-12-16 16:21:00,2025-12-16T16:21:00,59.49,1.0,SetByBid
2025-12-16 16:21:00,2025-12-16T16:21:00,59.49,1.0,SetByBid
2025-12-16 16:21:00,2025-12-16T16:21:00,59.49,1.0,SetByBid
2025-12-16 16:21:00,2025-12-16T16:21:00,59.49,1.0,SetByBid
2025-12-16 16:21:26,2025-12-16T16:21:26,59.48,1.0,SetByBid
2025-12-16 16:21:26,2025-12-16T16:21:26,59.48,1.0,SetByBid
2025-12-16 16:21:26,2025-12-16T16:21:26,59.48,1.0,SetByBid
2025-12-16 16:21:27,2025-12-16T16:21:27,59.48,3.0,SetByAsk
2025-12-16 16:21:27,2025-12-16T16:21:27,59.48,1.0,SetByBid
2025-12-16 16:21:27,2025-12-16T16:21:27,59.48,1.0,SetByBid
2025-12-16 16:21:27,2025-12-16T16:21:27,59.48,1.0,SetByAsk
2025-12-16 16:22:01,2025-12-16T16:22:01,59.48,1.0,SetByBid
2025-12-16 16:22:01,2025-12-16T16:22:01,59.48,1.0,SetByBid
2025-12-16 16:22:01,2025-12-16T16:22:01,59.48,1.0,SetByAsk
2025-12-16 16:22:01,2025-12-16T16:22:01,59.48,1.0,SetByAsk
2025-12-16 16:22:13,2025-12-16T16:22:13,59.48,1.0,SetByAsk
2025-12-16 16:22:39,2025-12-16T16:22:39,59.47,1.0,SetByBid
2025-12-16 16:23:15,2025-12-16T16:23:15,59.45,1.0,SetByAsk
2025-12-16 16:23:15,2025-12-16T16:23:15,59.45,1.0,SetByAsk
2025-12-16 16:24:11,2025-12-16T16:24:11,59.44,1.0,SetByAsk
2025-12-16 16:24:11,2025-12-16T16:24:11,59.44,1.0,SetByAsk
2025-12-16 16:24:35,2025-12-16T16:24:35,59.45,1.0,SetByAsk
2025-12-16 16:24:35,2025-12-16T16:24:35,59.45,1.0,SetByBid
2025-12-16 16:25:09,2025-12-16T16:25:09,59.47,1.0,SetByBid
2025-12-16 16:25:09,2025-12-16T16:25:09,59.47,1.0,SetByBid
2025-12-16 16:25:09,2025-12-16T16:25:09,59.47,1.0,SetByBid
2025-12-16 16:25:09,2025-12-16T16:25:09,59.47,2.0,SetByBid
2025-12-16 16:25:09,2025-12-16T16:25:09,59.47,1.0,SetByBid
2025-12-16 16:25:09,2025-12-16T16:25:09,59.47,1.0,SetByBid
2025-12-16 16:25:14,2025-12-16T16:25:14,59.48,1.0,SetByBid
2025-12-16 16:25:19,2025-12-16T16:25:19,59.48,1.0,SetByAsk
2025-12-16 16:25:19,2025-12-16T16:25:19,59.48,1.0,SetByAsk
2025-12-16 16:25:31,2025-12-16T16:25:31,59.47,1.0,SetByAsk
2025-12-16 16:25:56,2025-12-16T16:25:56,59.48,1.0,SetByBid
2025-12-16 16:26:03,2025-12-16T16:26:03,59.48,1.0,SetByBid
2025-12-16 16:27:46,2025-12-16T16:27:46,59.45,1.0,SetByAsk
2025-12-16 16:27:46,2025-12-16T16:27:46,59.45,1.0,SetByAsk
2025-12-16 16:27:46,2025-12-16T16:27:46,59.45,1.0,SetByAsk
2025-12-16 16:27:46,2025-12-16T16:27:46,59.45,1.0,SetByAsk
2025-12-16 16:27:57,2025-12-16T16:27:57,59.45,1.0,SetByAsk
2025-12-16 16:28:55,2025-12-16T16:28:55,59.46,1.0,SetByBid
2025-12-16 16:28:55,2025-12-16T16:28:55,59.46,1.0,SetByBid
2025-12-16 16:28:59,2025-12-16T16:28:59,59.46,1.0,SetByBid
2025-12-16 16:29:19,2025-12-16T16:29:19,59.44,1.0,SetByAsk
2025-12-16 16:29:19,2025-12-16T16:29:19,59.44,1.0,SetByBid
2025-12-16 16:30:38,2025-12-16T16:30:38,59.42,1.0,SetByAsk
2025-12-16 16:30:48,2025-12-16T16:30:48,59.42,1.0,SetByBid
2025-12-16 16:32:37,2025-12-16T16:32:37,59.4,1.0,SetByBid
2025-12-16 16:32:37,2025-12-16T16:32:37,59.4,1.0,SetByBid
2025-12-16 16:32:37,2025-12-16T16:32:37,59.4,1.0,SetByBid
2025-12-16 16:33:21,2025-12-16T16:33:21,59.39,2.0,SetByAsk
2025-12-16 16:33:21,2025-12-16T16:33:21,59.39,1.0,SetByAsk
2025-12-16 16:33:23,2025-12-16T16:33:23,59.39,2.0,SetByAsk
2025-12-16 16:33:24,2025-12-16T16:33:24,59.39,1.0,SetByAsk
2025-12-16 16:33:27,2025-12-16T16:33:27,59.4,1.0,SetByBid
2025-12-16 16:33:27,2025-12-16T16:33:27,59.4,3.0,SetByBid
2025-12-16 16:33:27,2025-12-16T16:33:27,59.4,3.0,SetByBid
2025-12-16 16:33:27,2025-12-16T16:33:27,59.4,1.0,SetByBid
2025-12-16 16:33:27,2025-12-16T16:33:27,59.4,2.0,SetByBid
2025-12-16 16:33:27,2025-12-16T16:33:27,59.4,3.0,SetByBid
2025-12-16 16:33:27,2025-12-16T16:33:27,59.4,3.0,SetByBid
2025-12-16 16:33:32,2025-12-16T16:33:32,59.4,1.0,SetByAsk
2025-12-16 16:33:32,2025-12-16T16:33:32,59.4,1.0,SetByAsk
2025-12-16 16:33:51,2025-12-16T16:33:51,59.4,1.0,SetByAsk
2025-12-16 16:33:58,2025-12-16T16:33:58,59.41,1.0,SetByBid
2025-12-16 16:33:58,2025-12-16T16:33:58,59.41,2.0,SetByBid
2025-12-16 16:33:58,2025-12-16T16:33:58,59.41,2.0,SetByBid
2025-12-16 16:33:58,2025-12-16T16:33:58,59.41,1.0,SetByAsk
2025-12-16 16:33:58,2025-12-16T16:33:58,59.41,1.0,SetByAsk
2025-12-16 16:33:58,2025-12-16T16:33:58,59.41,1.0,SetByAsk
2025-12-16 16:34:09,2025-12-16T16:34:09,59.4,1.0,SetByAsk
2025-12-16 16:35:01,2025-12-16T16:35:01,59.38,16.0,SetByAsk
2025-12-16 16:35:04,2025-12-16T16:35:04,59.37,3.0,SetByAsk
2025-12-16 16:35:09,2025-12-16T16:35:09,59.38,1.0,SetByBid
2025-12-16 16:35:09,2025-12-16T16:35:09,59.38,1.0,SetByBid
2025-12-16 16:35:16,2025-12-16T16:35:16,59.39,1.0,SetByBid
2025-12-16 16:35:16,2025-12-16T16:35:16,59.39,1.0,SetByBid
2025-12-16 16:35:17,2025-12-16T16:35:17,59.39,1.0,SetByAsk
2025-12-16 16:35:39,2025-12-16T16:35:39,59.39,1.0,SetByBid
2025-12-16 16:35:39,2025-12-16T16:35:39,59.39,1.0,SetByBid
2025-12-16 16:35:51,2025-12-16T16:35:51,59.41,1.0,SetByBid
2025-12-16 16:38:09,2025-12-16T16:38:09,59.39,1.0,SetByBid
2025-12-16 16:38:09,2025-12-16T16:38:09,59.39,2.0,SetByBid
2025-12-16 16:38:21,2025-12-16T16:38:21,59.41,1.0,SetByBid
2025-12-16 16:38:23,2025-12-16T16:38:23,59.41,1.0,SetByBid
2025-12-16 16:38:27,2025-12-16T16:38:27,59.4,1.0,SetByBid
2025-12-16 16:38:28,2025-12-16T16:38:28,59.4,1.0,SetByBid
2025-12-16 16:38:40,2025-12-16T16:38:40,59.39,1.0,SetByBid
2025-12-16 16:38:40,2025-12-16T16:38:40,59.39,1.0,SetByBid
2025-12-16 16:38:40,2025-12-16T16:38:40,59.39,1.0,SetByBid
2025-12-16 16:38:40,2025-12-16T16:38:40,59.39,1.0,SetByBid
2025-12-16 16:39:00,2025-12-16T16:39:00,59.4,1.0,SetByAsk
2025-12-16 16:39:07,2025-12-16T16:39:07,59.41,1.0,SetByBid
2025-12-16 16:39:07,2025-12-16T16:39:07,59.42,1.0,SetByBid
2025-12-16 16:39:09,2025-12-16T16:39:09,59.42,1.0,SetByAsk
2025-12-16 16:39:09,2025-12-16T16:39:09,59.42,1.0,SetByAsk
2025-12-16 16:39:10,2025-12-16T16:39:10,59.41,1.0,SetByAsk
2025-12-16 16:39:10,2025-12-16T16:39:10,59.41,1.0,SetByAsk
2025-12-16 16:39:10,2025-12-16T16:39:10,59.41,1.0,SetByAsk
2025-12-16 16:39:11,2025-12-16T16:39:11,59.4,1.0,SetByAsk
2025-12-16 16:39:11,2025-12-16T16:39:11,59.4,2.0,SetByAsk
2025-12-16 16:39:13,2025-12-16T16:39:13,59.4,1.0,SetByAsk
2025-12-16 16:39:13,2025-12-16T16:39:13,59.4,1.0,SetByAsk
2025-12-16 16:39:13,2025-12-16T16:39:13,59.4,1.0,SetByAsk
2025-12-16 16:39:15,2025-12-16T16:39:15,59.4,1.0,SetByAsk
2025-12-16 16:39:15,2025-12-16T16:39:15,59.4,1.0,SetByAsk
2025-12-16 16:39:15,2025-12-16T16:39:15,59.4,1.0,SetByAsk
2025-12-16 16:39:15,2025-12-16T16:39:15,59.4,1.0,SetByAsk
2025-12-16 16:39:50,2025-12-16T16:39:50,59.4,1.0,SetByAsk
2025-12-16 16:39:55,2025-12-16T16:39:55,59.39,1.0,SetByAsk
2025-12-16 16:40:28,2025-12-16T16:40:28,59.39,1.0,SetByAsk
2025-12-16 16:40:28,2025-12-16T16:40:28,59.39,1.0,SetByAsk
2025-12-16 16:40:28,2025-12-16T16:40:28,59.39,1.0,SetByAsk
2025-12-16 16:40:28,2025-12-16T16:40:28,59.39,1.0,SetByAsk
2025-12-16 16:41:14,2025-12-16T16:41:14,59.38,1.0,SetByAsk
2025-12-16 16:41:14,2025-12-16T16:41:14,59.38,1.0,SetByAsk
2025-12-16 16:41:14,2025-12-16T16:41:14,59.38,1.0,SetByAsk
2025-12-16 16:41:49,2025-12-16T16:41:49,59.4,1.0,SetByBid
2025-12-16 16:42:25,2025-12-16T16:42:25,59.38,2.0,SetByAsk
2025-12-16 16:42:25,2025-12-16T16:42:25,59.38,1.0,SetByBid
2025-12-16 16:42:26,2025-12-16T16:42:26,59.37,3.0,SetByAsk
2025-12-16 16:42:37,2025-12-16T16:42:37,59.37,1.0,SetByAsk
2025-12-16 16:42:37,2025-12-16T16:42:37,59.37,2.0,SetByAsk
2025-12-16 16:42:38,2025-12-16T16:42:38,59.37,1.0,SetByAsk
2025-12-16 16:42:38,2025-12-16T16:42:38,59.37,1.0,SetByAsk
2025-12-16 16:42:38,2025-12-16T16:42:38,59.37,1.0,SetByAsk
2025-12-16 16:42:39,2025-12-16T16:42:39,59.37,1.0,SetByAsk
2025-12-16 16:42:39,2025-12-16T16:42:39,59.37,1.0,SetByAsk
2025-12-16 16:42:59,2025-12-16T16:42:59,59.37,1.0,SetByAsk
2025-12-16 16:42:59,2025-12-16T16:42:59,59.37,1.0,SetByAsk
2025-12-16 16:42:59,2025-12-16T16:42:59,59.37,1.0,SetByAsk
2025-12-16 16:42:59,2025-12-16T16:42:59,59.37,1.0,SetByAsk
2025-12-16 16:42:59,2025-12-16T16:42:59,59.37,1.0,SetByAsk
2025-12-16 16:42:59,2025-12-16T16:42:59,59.37,1.0,SetByAsk
2025-12-16 16:42:59,2025-12-16T16:42:59,59.37,1.0,SetByAsk
2025-12-16 16:42:59,2025-12-16T16:42:59,59.37,1.0,SetByAsk
2025-12-16 16:44:35,2025-12-16T16:44:35,59.41,1.0,SetByBid
2025-12-16 16:44:37,2025-12-16T16:44:37,59.41,1.0,SetByBid
2025-12-16 16:44:38,2025-12-16T16:44:38,59.41,1.0,SetByBid
2025-12-16 16:44:39,2025-12-16T16:44:39,59.41,1.0,SetByBid
2025-12-16 16:44:41,2025-12-16T16:44:41,59.41,1.0,SetByBid
2025-12-16 16:44:43,2025-12-16T16:44:43,59.4,1.0,SetByBid
2025-12-16 16:44:43,2025-12-16T16:44:43,59.4,1.0,SetByBid
2025-12-16 16:44:55,2025-12-16T16:44:55,59.39,1.0,SetByAsk
2025-12-16 16:44:55,2025-12-16T16:44:55,59.39,2.0,SetByAsk
2025-12-16 16:44:55,2025-12-16T16:44:55,59.39,1.0,SetByAsk
2025-12-16 16:44:57,2025-12-16T16:44:57,59.4,1.0,SetByBid
2025-12-16 16:44:57,2025-12-16T16:44:57,59.4,1.0,SetByBid
2025-12-16 16:45:26,2025-12-16T16:45:26,59.39,1.0,SetByAsk
2025-12-16 16:45:38,2025-12-16T16:45:38,59.4,1.0,SetByBid
2025-12-16 16:46:18,2025-12-16T16:46:18,59.4,1.0,SetByBid
2025-12-16 16:46:55,2025-12-16T16:46:55,59.4,1.0,SetByBid
2025-12-16 16:46:55,2025-12-16T16:46:55,59.4,1.0,SetByBid
2025-12-16 16:47:06,2025-12-16T16:47:06,59.4,1.0,SetByAsk
2025-12-16 16:47:37,2025-12-16T16:47:37,59.4,1.0,SetByAsk
2025-12-16 16:47:37,2025-12-16T16:47:37,59.4,3.0,SetByAsk
2025-12-16 16:47:53,2025-12-16T16:47:53,59.4,1.0,SetByBid
2025-12-16 16:48:23,2025-12-16T16:48:23,59.39,1.0,SetByAsk
2025-12-16 16:48:26,2025-12-16T16:48:26,59.4,1.0,SetByBid
2025-12-16 16:48:31,2025-12-16T16:48:31,59.4,1.0,SetByBid
2025-12-16 16:49:00,2025-12-16T16:49:00,59.39,1.0,SetByAsk
2025-12-16 16:49:00,2025-12-16T16:49:00,59.38,2.0,SetByAsk
2025-12-16 16:49:00,2025-12-16T16:49:00,59.38,1.0,SetByAsk
2025-12-16 16:49:00,2025-12-16T16:49:00,59.39,1.0,SetByBid
2025-12-16 16:50:00,2025-12-16T16:50:00,59.39,1.0,SetByAsk
2025-12-16 16:50:00,2025-12-16T16:50:00,59.39,1.0,SetByAsk
2025-12-16 16:50:18,2025-12-16T16:50:18,59.38,1.0,SetByAsk
2025-12-16 16:50:18,2025-12-16T16:50:18,59.38,1.0,SetByAsk
2025-12-16 16:50:22,2025-12-16T16:50:22,59.36,4.0,SetByAsk
2025-12-16 16:50:22,2025-12-16T16:50:22,59.36,2.0,SetByAsk
2025-12-16 16:50:36,2025-12-16T16:50:36,59.36,1.0,SetByAsk
2025-12-16 16:50:36,2025-12-16T16:50:36,59.36,4.0,SetByAsk
2025-12-16 16:50:36,2025-12-16T16:50:36,59.36,1.0,SetByAsk
2025-12-16 16:50:53,2025-12-16T16:50:53,59.37,1.0,SetByBid
2025-12-16 16:51:35,2025-12-16T16:51:35,59.39,4.0,SetByAsk
2025-12-16 16:51:35,2025-12-16T16:51:35,59.39,1.0,SetByAsk
2025-12-16 16:51:49,2025-12-16T16:51:49,59.38,2.0,SetByAsk
2025-12-16 16:52:40,2025-12-16T16:52:40,59.37,1.0,SetByAsk
2025-12-16 16:52:40,2025-12-16T16:52:40,59.37,1.0,SetByAsk
2025-12-16 16:52:40,2025-12-16T16:52:40,59.37,1.0,SetByAsk
2025-12-16 16:52:40,2025-12-16T16:52:40,59.37,1.0,SetByAsk
2025-12-16 16:52:40,2025-12-16T16:52:40,59.37,1.0,SetByAsk
2025-12-16 16:52:40,2025-12-16T16:52:40,59.36,5.0,SetByAsk
2025-12-16 16:52:40,2025-12-16T16:52:40,59.36,1.0,SetByAsk
2025-12-16 16:52:40,2025-12-16T16:52:40,59.37,1.0,SetByBid
2025-12-16 16:52:40,2025-12-16T16:52:40,59.37,1.0,SetByBid
2025-12-16 16:52:40,2025-12-16T16:52:40,59.37,1.0,SetByBid
2025-12-16 16:52:50,2025-12-16T16:52:50,59.36,1.0,SetByAsk
2025-12-16 16:53:16,2025-12-16T16:53:16,59.35,1.0,SetByAsk
2025-12-16 16:53:18,2025-12-16T16:53:18,59.35,1.0,SetByAsk
2025-12-16 16:53:19,2025-12-16T16:53:19,59.35,1.0,SetByAsk
2025-12-16 16:53:24,2025-12-16T16:53:24,59.36,1.0,SetByAsk
2025-12-16 16:53:26,2025-12-16T16:53:26,59.36,1.0,SetByAsk
2025-12-16 16:53:34,2025-12-16T16:53:34,59.37,1.0,SetByBid
2025-12-16 16:53:39,2025-12-16T16:53:39,59.38,2.0,SetByBid
2025-12-16 16:53:39,2025-12-16T16:53:39,59.38,1.0,SetByBid
2025-12-16 16:53:42,2025-12-16T16:53:42,59.37,1.0,SetByAsk
2025-12-16 16:53:42,2025-12-16T16:53:42,59.37,2.0,SetByAsk
2025-12-16 16:53:54,2025-12-16T16:53:54,59.38,1.0,SetByAsk
2025-12-16 16:53:55,2025-12-16T16:53:55,59.38,2.0,SetByAsk
2025-12-16 16:54:14,2025-12-16T16:54:14,59.37,2.0,SetByAsk
2025-12-16 16:54:14,2025-12-16T16:54:14,59.37,1.0,SetByAsk
2025-12-16 16:54:14,2025-12-16T16:54:14,59.37,1.0,SetByAsk
2025-12-16 16:54:14,2025-12-16T16:54:14,59.37,1.0,SetByAsk
2025-12-16 16:54:14,2025-12-16T16:54:14,59.37,3.0,SetByAsk
2025-12-16 16:54:21,2025-12-16T16:54:21,59.38,1.0,SetByAsk
2025-12-16 16:54:48,2025-12-16T16:54:48,59.39,1.0,SetByBid
2025-12-16 16:55:13,2025-12-16T16:55:13,59.39,1.0,SetByBid
2025-12-16 16:55:26,2025-12-16T16:55:26,59.39,1.0,SetByBid
2025-12-16 16:55:28,2025-12-16T16:55:28,59.4,1.0,SetByAsk
2025-12-16 16:55:38,2025-12-16T16:55:38,59.4,1.0,SetByAsk
2025-12-16 16:55:45,2025-12-16T16:55:45,59.4,2.0,SetByBid
2025-12-16 16:55:56,2025-12-16T16:55:56,59.41,1.0,SetByBid
2025-12-16 16:56:02,2025-12-16T16:56:02,59.39,2.0,SetByAsk
2025-12-16 16:56:54,2025-12-16T16:56:54,59.39,1.0,SetByAsk
2025-12-16 16:56:54,2025-12-16T16:56:54,59.39,1.0,SetByAsk
2025-12-16 16:56:54,2025-12-16T16:56:54,59.39,1.0,SetByAsk
2025-12-16 16:57:04,2025-12-16T16:57:04,59.4,1.0,SetByBid
2025-12-16 16:57:04,2025-12-16T16:57:04,59.4,5.0,SetByBid
2025-12-16 16:57:12,2025-12-16T16:57:12,59.41,1.0,SetByBid
2025-12-16 16:57:14,2025-12-16T16:57:14,59.42,1.0,SetByBid
2025-12-16 16:58:08,2025-12-16T16:58:08,59.4,1.0,SetByAsk
2025-12-16 16:58:08,2025-12-16T16:58:08,59.4,2.0,SetByAsk
2025-12-16 16:58:08,2025-12-16T16:58:08,59.4,2.0,SetByAsk
2025-12-16 16:58:08,2025-12-16T16:58:08,59.4,1.0,SetByAsk
2025-12-16 16:58:08,2025-12-16T16:58:08,59.4,1.0,SetByAsk
2025-12-16 16:58:08,2025-12-16T16:58:08,59.4,1.0,SetByAsk
2025-12-16 16:58:08,2025-12-16T16:58:08,59.4,1.0,SetByAsk
2025-12-16 16:58:08,2025-12-16T16:58:08,59.4,2.0,SetByAsk
2025-12-16 16:58:08,2025-12-16T16:58:08,59.4,1.0,SetByAsk
2025-12-16 16:58:08,2025-12-16T16:58:08,59.4,1.0,SetByAsk
2025-12-16 16:58:09,2025-12-16T16:58:09,59.41,1.0,SetByBid
2025-12-16 16:58:09,2025-12-16T16:58:09,59.41,1.0,SetByBid
2025-12-16 16:58:09,2025-12-16T16:58:09,59.4,1.0,SetByAsk
2025-12-16 16:58:09,2025-12-16T16:58:09,59.4,1.0,SetByAsk
2025-12-16 16:58:09,2025-12-16T16:58:09,59.4,2.0,SetByAsk
2025-12-16 16:58:09,2025-12-16T16:58:09,59.4,1.0,SetByAsk
2025-12-16 16:58:11,2025-12-16T16:58:11,59.4,1.0,SetByAsk
2025-12-16 16:58:12,2025-12-16T16:58:12,59.4,1.0,SetByAsk
2025-12-16 16:58:12,2025-12-16T16:58:12,59.4,1.0,SetByAsk
2025-12-16 16:58:12,2025-12-16T16:58:12,59.4,1.0,SetByAsk
2025-12-16 16:58:12,2025-12-16T16:58:12,59.4,1.0,SetByAsk
2025-12-16 16:58:12,2025-12-16T16:58:12,59.4,1.0,SetByAsk
2025-12-16 16:58:19,2025-12-16T16:58:19,59.4,1.0,SetByAsk
2025-12-16 16:58:19,2025-12-16T16:58:19,59.4,1.0,SetByAsk
2025-12-16 16:58:19,2025-12-16T16:58:19,59.4,1.0,SetByAsk
2025-12-16 16:58:52,2025-12-16T16:58:52,59.4,1.0,SetByAsk
2025-12-16 16:58:53,2025-12-16T16:58:53,59.4,1.0,SetByAsk
2025-12-16 16:59:00,2025-12-16T16:59:00,59.39,1.0,SetByAsk
2025-12-16 16:59:00,2025-12-16T16:59:00,59.39,1.0,SetByAsk
2025-12-16 16:59:00,2025-12-16T16:59:00,59.39,6.0,SetByAsk
2025-12-16 16:59:18,2025-12-16T16:59:18,59.38,1.0,SetByAsk
2025-12-16 16:59:18,2025-12-16T16:59:18,59.38,1.0,SetByAsk
2025-12-16 16:59:25,2025-12-16T16:59:25,59.38,1.0,SetByAsk
2025-12-16 16:59:31,2025-12-16T16:59:31,59.39,2.0,SetByBid
2025-12-16 16:59:31,2025-12-16T16:59:31,59.39,1.0,SetByAsk
2025-12-16 17:00:00,2025-12-16T17:00:00,59.37,1.0,SetByAsk
2025-12-16 17:00:00,2025-12-16T17:00:00,59.37,1.0,SetByAsk
2025-12-16 17:00:00,2025-12-16T17:00:00,59.37,1.0,SetByAsk
2025-12-16 17:00:00,2025-12-16T17:00:00,59.37,1.0,SetByAsk
2025-12-16 17:00:00,2025-12-16T17:00:00,59.37,1.0,SetByAsk
2025-12-16 17:00:00,2025-12-16T17:00:00,59.37,2.0,SetByAsk
2025-12-16 17:00:00,2025-12-16T17:00:00,59.37,1.0,SetByAsk
2025-12-16 17:00:00,2025-12-16T17:00:00,59.38,2.0,SetByBid
2025-12-16 17:00:00,2025-12-16T17:00:00,59.38,1.0,SetByBid
2025-12-16 17:00:00,2025-12-16T17:00:00,59.37,1.0,SetByAsk
2025-12-16 17:00:00,2025-12-16T17:00:00,59.39,1.0,SetByAsk
2025-12-16 17:00:00,2025-12-16T17:00:00,59.39,1.0,SetByAsk
2025-12-16 17:00:00,2025-12-16T17:00:00,59.38,1.0,SetByAsk
2025-12-16 17:00:00,2025-12-16T17:00:00,59.38,1.0,SetByAsk
2025-12-16 17:00:00,2025-12-16T17:00:00,59.38,1.0,SetByAsk
2025-12-16 17:00:00,2025-12-16T17:00:00,59.39,2.0,SetByBid
2025-12-16 17:00:00,2025-12-16T17:00:00,59.38,1.0,SetByAsk
2025-12-16 17:00:00,2025-12-16T17:00:00,59.38,1.0,SetByAsk
2025-12-16 17:00:00,2025-12-16T17:00:00,59.38,1.0,SetByAsk
2025-12-16 17:00:00,2025-12-16T17:00:00,59.38,2.0,SetByAsk
2025-12-16 17:00:00,2025-12-16T17:00:00,59.38,1.0,SetByAsk
2025-12-16 17:00:00,2025-12-16T17:00:00,59.39,1.0,SetByBid
2025-12-16 17:00:01,2025-12-16T17:00:01,59.4,1.0,SetByBid
2025-12-16 17:00:01,2025-12-16T17:00:01,59.39,2.0,SetByAsk
2025-12-16 17:00:01,2025-12-16T17:00:01,59.39,1.0,SetByAsk
2025-12-16 17:00:01,2025-12-16T17:00:01,59.39,1.0,SetByAsk
2025-12-16 17:00:01,2025-12-16T17:00:01,59.39,2.0,SetByAsk
2025-12-16 17:00:01,2025-12-16T17:00:01,59.39,1.0,SetByAsk
2025-12-16 17:00:01,2025-12-16T17:00:01,59.39,1.0,SetByAsk
2025-12-16 17:00:01,2025-12-16T17:00:01,59.39,1.0,SetByAsk
2025-12-16 17:00:01,2025-12-16T17:00:01,59.39,2.0,SetByAsk
2025-12-16 17:00:01,2025-12-16T17:00:01,59.39,1.0,SetByAsk
2025-12-16 17:00:02,2025-12-16T17:00:02,59.4,3.0,SetByAsk
2025-12-16 17:00:02,2025-12-16T17:00:02,59.41,7.0,SetByBid
2025-12-16 17:00:02,2025-12-16T17:00:02,59.4,1.0,SetByAsk
2025-12-16 17:00:05,2025-12-16T17:00:05,59.4,1.0,SetByBid
2025-12-16 17:00:10,2025-12-16T17:00:10,59.4,1.0,SetByAsk
2025-12-16 17:00:10,2025-12-16T17:00:10,59.4,1.0,SetByAsk
2025-12-16 17:00:10,2025-12-16T17:00:10,59.41,12.0,SetByBid
2025-12-16 17:00:10,2025-12-16T17:00:10,59.41,1.0,SetByBid
2025-12-16 17:00:10,2025-12-16T17:00:10,59.41,9.0,SetByAsk
2025-12-16 17:00:10,2025-12-16T17:00:10,59.4,1.0,SetByAsk
2025-12-16 17:00:10,2025-12-16T17:00:10,59.4,1.0,SetByAsk
2025-12-16 17:00:11,2025-12-16T17:00:11,59.4,2.0,SetByAsk
2025-12-16 17:00:11,2025-12-16T17:00:11,59.4,1.0,SetByAsk
2025-12-16 17:00:11,2025-12-16T17:00:11,59.4,1.0,SetByAsk
2025-12-16 17:00:11,2025-12-16T17:00:11,59.4,1.0,SetByAsk
2025-12-16 17:00:11,2025-12-16T17:00:11,59.4,1.0,SetByAsk
2025-12-16 17:00:12,2025-12-16T17:00:12,59.4,1.0,SetByAsk
2025-12-16 17:00:12,2025-12-16T17:00:12,59.4,1.0,SetByAsk
2025-12-16 17:00:12,2025-12-16T17:00:12,59.4,1.0,SetByAsk
2025-12-16 17:00:14,2025-12-16T17:00:14,59.4,1.0,SetByAsk
2025-12-16 17:00:17,2025-12-16T17:00:17,59.4,1.0,SetByAsk
2025-12-16 17:00:17,2025-12-16T17:00:17,59.4,1.0,SetByAsk
2025-12-16 17:00:17,2025-12-16T17:00:17,59.4,1.0,SetByAsk
2025-12-16 17:00:17,2025-12-16T17:00:17,59.4,1.0,SetByAsk
2025-12-16 17:00:17,2025-12-16T17:00:17,59.4,2.0,SetByAsk
2025-12-16 17:00:17,2025-12-16T17:00:17,59.4,2.0,SetByAsk
2025-12-16 17:00:17,2025-12-16T17:00:17,59.4,1.0,SetByAsk
2025-12-16 17:00:17,2025-12-16T17:00:17,59.4,1.0,SetByAsk
2025-12-16 17:00:18,2025-12-16T17:00:18,59.41,1.0,SetByBid
2025-12-16 17:00:18,2025-12-16T17:00:18,59.41,1.0,SetByBid
2025-12-16 17:00:20,2025-12-16T17:00:20,59.4,1.0,SetByAsk
2025-12-16 17:00:23,2025-12-16T17:00:23,59.41,1.0,SetByAsk
2025-12-16 17:00:23,2025-12-16T17:00:23,59.41,1.0,SetByAsk
2025-12-16 17:00:49,2025-12-16T17:00:49,59.44,2.0,SetByBid
2025-12-16 17:00:52,2025-12-16T17:00:52,59.45,1.0,SetByBid
2025-12-16 17:01:09,2025-12-16T17:01:09,59.42,1.0,SetByAsk
2025-12-16 17:01:09,2025-12-16T17:01:09,59.42,1.0,SetByAsk
2025-12-16 17:01:09,2025-12-16T17:01:09,59.42,2.0,SetByAsk
2025-12-16 17:01:17,2025-12-16T17:01:17,59.43,6.0,SetByAsk
2025-12-16 17:01:19,2025-12-16T17:01:19,59.43,2.0,SetByAsk
2025-12-16 17:01:19,2025-12-16T17:01:19,59.42,1.0,SetByAsk
2025-12-16 17:01:19,2025-12-16T17:01:19,59.42,2.0,SetByAsk
2025-12-16 17:01:19,2025-12-16T17:01:19,59.42,1.0,SetByAsk
2025-12-16 17:01:19,2025-12-16T17:01:19,59.42,1.0,SetByAsk
2025-12-16 17:01:19,2025-12-16T17:01:19,59.42,1.0,SetByAsk
2025-12-16 17:01:19,2025-12-16T17:01:19,59.42,1.0,SetByAsk
2025-12-16 17:01:19,2025-12-16T17:01:19,59.42,1.0,SetByAsk
2025-12-16 17:01:19,2025-12-16T17:01:19,59.42,1.0,SetByAsk
2025-12-16 17:01:20,2025-12-16T17:01:20,59.42,1.0,SetByAsk
2025-12-16 17:01:20,2025-12-16T17:01:20,59.42,2.0,SetByAsk
2025-12-16 17:01:20,2025-12-16T17:01:20,59.42,1.0,SetByAsk
2025-12-16 17:01:20,2025-12-16T17:01:20,59.42,1.0,SetByAsk
2025-12-16 17:01:20,2025-12-16T17:01:20,59.42,1.0,SetByAsk
2025-12-16 17:01:20,2025-12-16T17:01:20,59.42,1.0,SetByAsk
2025-12-16 17:01:20,2025-12-16T17:01:20,59.42,1.0,SetByAsk
2025-12-16 17:01:20,2025-12-16T17:01:20,59.42,1.0,SetByAsk
2025-12-16 17:01:20,2025-12-16T17:01:20,59.42,1.0,SetByAsk
2025-12-16 17:01:20,2025-12-16T17:01:20,59.42,1.0,SetByAsk
2025-12-16 17:01:20,2025-12-16T17:01:20,59.42,1.0,SetByAsk
2025-12-16 17:01:20,2025-12-16T17:01:20,59.42,2.0,SetByAsk
2025-12-16 17:01:20,2025-12-16T17:01:20,59.42,1.0,SetByAsk
2025-12-16 17:01:20,2025-12-16T17:01:20,59.42,1.0,SetByAsk
2025-12-16 17:01:21,2025-12-16T17:01:21,59.43,3.0,SetByAsk
2025-12-16 17:01:22,2025-12-16T17:01:22,59.42,1.0,SetByAsk
2025-12-16 17:01:22,2025-12-16T17:01:22,59.42,1.0,SetByAsk
2025-12-16 17:01:22,2025-12-16T17:01:22,59.42,1.0,SetByAsk
2025-12-16 17:01:22,2025-12-16T17:01:22,59.41,1.0,SetByAsk
2025-12-16 17:01:22,2025-12-16T17:01:22,59.41,1.0,SetByAsk
2025-12-16 17:01:22,2025-12-16T17:01:22,59.41,2.0,SetByAsk
2025-12-16 17:01:22,2025-12-16T17:01:22,59.41,1.0,SetByAsk
2025-12-16 17:01:26,2025-12-16T17:01:26,59.43,1.0,SetByBid
2025-12-16 17:01:26,2025-12-16T17:01:26,59.42,1.0,SetByAsk
2025-12-16 17:01:26,2025-12-16T17:01:26,59.42,1.0,SetByAsk
2025-12-16 17:01:26,2025-12-16T17:01:26,59.42,1.0,SetByAsk
2025-12-16 17:01:26,2025-12-16T17:01:26,59.42,2.0,SetByAsk
2025-12-16 17:01:26,2025-12-16T17:01:26,59.42,1.0,SetByAsk
2025-12-16 17:01:26,2025-12-16T17:01:26,59.42,1.0,SetByAsk
2025-12-16 17:01:27,2025-12-16T17:01:27,59.42,1.0,SetByAsk
2025-12-16 17:01:27,2025-12-16T17:01:27,59.42,1.0,SetByAsk
2025-12-16 17:01:27,2025-12-16T17:01:27,59.42,1.0,SetByAsk
2025-12-16 17:01:27,2025-12-16T17:01:27,59.42,1.0,SetByAsk
2025-12-16 17:01:27,2025-12-16T17:01:27,59.42,1.0,SetByAsk
2025-12-16 17:01:27,2025-12-16T17:01:27,59.42,1.0,SetByAsk
2025-12-16 17:01:27,2025-12-16T17:01:27,59.42,1.0,SetByAsk
2025-12-16 17:01:27,2025-12-16T17:01:27,59.42,1.0,SetByBid
2025-12-16 17:01:28,2025-12-16T17:01:28,59.42,1.0,SetByAsk
2025-12-16 17:01:28,2025-12-16T17:01:28,59.42,1.0,SetByAsk
2025-12-16 17:01:28,2025-12-16T17:01:28,59.42,1.0,SetByAsk
2025-12-16 17:01:28,2025-12-16T17:01:28,59.42,1.0,SetByAsk
2025-12-16 17:01:29,2025-12-16T17:01:29,59.42,1.0,SetByAsk
2025-12-16 17:01:29,2025-12-16T17:01:29,59.42,1.0,SetByAsk
2025-12-16 17:01:30,2025-12-16T17:01:30,59.42,1.0,SetByAsk
2025-12-16 17:01:30,2025-12-16T17:01:30,59.42,1.0,SetByAsk
2025-12-16 17:01:30,2025-12-16T17:01:30,59.42,1.0,SetByAsk
2025-12-16 17:01:30,2025-12-16T17:01:30,59.42,2.0,SetByAsk
2025-12-16 17:01:30,2025-12-16T17:01:30,59.42,1.0,SetByAsk
2025-12-16 17:01:30,2025-12-16T17:01:30,59.42,1.0,SetByAsk
2025-12-16 17:01:30,2025-12-16T17:01:30,59.42,1.0,SetByAsk
2025-12-16 17:01:30,2025-12-16T17:01:30,59.41,1.0,SetByAsk
2025-12-16 17:01:30,2025-12-16T17:01:30,59.41,1.0,SetByAsk
2025-12-16 17:01:30,2025-12-16T17:01:30,59.42,1.0,SetByAsk
2025-12-16 17:01:30,2025-12-16T17:01:30,59.42,1.0,SetByAsk
2025-12-16 17:01:30,2025-12-16T17:01:30,59.42,1.0,SetByAsk
2025-12-16 17:01:30,2025-12-16T17:01:30,59.42,1.0,SetByAsk
2025-12-16 17:01:30,2025-12-16T17:01:30,59.42,1.0,SetByAsk
2025-12-16 17:01:31,2025-12-16T17:01:31,59.42,1.0,SetByAsk
2025-12-16 17:01:31,2025-12-16T17:01:31,59.42,1.0,SetByAsk
2025-12-16 17:01:33,2025-12-16T17:01:33,59.42,1.0,SetByAsk
2025-12-16 17:01:33,2025-12-16T17:01:33,59.42,1.0,SetByAsk
2025-12-16 17:01:36,2025-12-16T17:01:36,59.42,1.0,SetByAsk
2025-12-16 17:01:45,2025-12-16T17:01:45,59.42,1.0,SetByAsk
2025-12-16 17:01:45,2025-12-16T17:01:45,59.42,1.0,SetByAsk
2025-12-16 17:01:46,2025-12-16T17:01:46,59.42,1.0,SetByAsk
2025-12-16 17:01:46,2025-12-16T17:01:46,59.42,1.0,SetByAsk
2025-12-16 17:01:46,2025-12-16T17:01:46,59.42,1.0,SetByAsk
2025-12-16 17:01:46,2025-12-16T17:01:46,59.42,1.0,SetByAsk
2025-12-16 17:01:46,2025-12-16T17:01:46,59.42,1.0,SetByAsk
2025-12-16 17:01:46,2025-12-16T17:01:46,59.42,1.0,SetByAsk
2025-12-16 17:01:46,2025-12-16T17:01:46,59.42,1.0,SetByAsk
2025-12-16 17:01:46,2025-12-16T17:01:46,59.42,1.0,SetByAsk
2025-12-16 17:01:46,2025-12-16T17:01:46,59.42,1.0,SetByAsk
2025-12-16 17:01:46,2025-12-16T17:01:46,59.42,1.0,SetByAsk
2025-12-16 17:01:46,2025-12-16T17:01:46,59.42,1.0,SetByAsk
2025-12-16 17:01:46,2025-12-16T17:01:46,59.42,1.0,SetByAsk
2025-12-16 17:01:46,2025-12-16T17:01:46,59.41,1.0,SetByAsk
2025-12-16 17:01:46,2025-12-16T17:01:46,59.41,1.0,SetByAsk
2025-12-16 17:01:46,2025-12-16T17:01:46,59.41,1.0,SetByAsk
2025-12-16 17:01:46,2025-12-16T17:01:46,59.41,1.0,SetByAsk
2025-12-16 17:01:46,2025-12-16T17:01:46,59.41,1.0,SetByAsk
2025-12-16 17:01:46,2025-12-16T17:01:46,59.41,1.0,SetByAsk
2025-12-16 17:01:47,2025-12-16T17:01:47,59.41,1.0,SetByAsk
2025-12-16 17:01:47,2025-12-16T17:01:47,59.41,1.0,SetByAsk
2025-12-16 17:01:47,2025-12-16T17:01:47,59.41,1.0,SetByAsk
2025-12-16 17:01:47,2025-12-16T17:01:47,59.41,1.0,SetByAsk
2025-12-16 17:01:47,2025-12-16T17:01:47,59.41,1.0,SetByAsk
2025-12-16 17:01:49,2025-12-16T17:01:49,59.41,1.0,SetByAsk
2025-12-16 17:01:49,2025-12-16T17:01:49,59.41,1.0,SetByAsk
2025-12-16 17:01:50,2025-12-16T17:01:50,59.41,1.0,SetByAsk
2025-12-16 17:01:51,2025-12-16T17:01:51,59.42,1.0,SetByBid
2025-12-16 17:01:51,2025-12-16T17:01:51,59.42,1.0,SetByBid
2025-12-16 17:01:56,2025-12-16T17:01:56,59.41,1.0,SetByAsk
2025-12-16 17:01:57,2025-12-16T17:01:57,59.4,1.0,SetByAsk
2025-12-16 17:01:57,2025-12-16T17:01:57,59.4,1.0,SetByAsk
2025-12-16 17:01:57,2025-12-16T17:01:57,59.4,1.0,SetByAsk
2025-12-16 17:01:57,2025-12-16T17:01:57,59.4,2.0,SetByAsk
2025-12-16 17:01:57,2025-12-16T17:01:57,59.4,1.0,SetByAsk
2025-12-16 17:01:57,2025-12-16T17:01:57,59.4,2.0,SetByAsk
2025-12-16 17:01:57,2025-12-16T17:01:57,59.4,1.0,SetByAsk
2025-12-16 17:01:57,2025-12-16T17:01:57,59.4,1.0,SetByAsk
2025-12-16 17:01:57,2025-12-16T17:01:57,59.4,1.0,SetByAsk
2025-12-16 17:01:57,2025-12-16T17:01:57,59.4,4.0,SetByAsk
2025-12-16 17:01:57,2025-12-16T17:01:57,59.4,1.0,SetByAsk
2025-12-16 17:01:59,2025-12-16T17:01:59,59.41,1.0,SetByAsk
2025-12-16 17:01:59,2025-12-16T17:01:59,59.4,1.0,SetByAsk
2025-12-16 17:02:00,2025-12-16T17:02:00,59.4,1.0,SetByAsk
2025-12-16 17:02:02,2025-12-16T17:02:02,59.4,1.0,SetByAsk
2025-12-16 17:02:03,2025-12-16T17:02:03,59.4,1.0,SetByAsk
2025-12-16 17:02:03,2025-12-16T17:02:03,59.4,1.0,SetByAsk
2025-12-16 17:02:03,2025-12-16T17:02:03,59.4,1.0,SetByAsk
2025-12-16 17:02:05,2025-12-16T17:02:05,59.4,2.0,SetByAsk
2025-12-16 17:02:05,2025-12-16T17:02:05,59.4,1.0,SetByAsk
2025-12-16 17:02:05,2025-12-16T17:02:05,59.4,1.0,SetByAsk
2025-12-16 17:02:05,2025-12-16T17:02:05,59.4,1.0,SetByAsk
2025-12-16 17:02:05,2025-12-16T17:02:05,59.4,1.0,SetByAsk
2025-12-16 17:02:06,2025-12-16T17:02:06,59.4,1.0,SetByAsk
2025-12-16 17:02:06,2025-12-16T17:02:06,59.4,1.0,SetByAsk
2025-12-16 17:02:06,2025-12-16T17:02:06,59.4,2.0,SetByAsk
2025-12-16 17:02:09,2025-12-16T17:02:09,59.4,1.0,SetByAsk
2025-12-16 17:02:09,2025-12-16T17:02:09,59.4,4.0,SetByAsk
2025-12-16 17:02:09,2025-12-16T17:02:09,59.4,1.0,SetByAsk
2025-12-16 17:02:09,2025-12-16T17:02:09,59.4,4.0,SetByAsk
2025-12-16 17:02:12,2025-12-16T17:02:12,59.41,1.0,SetByBid
2025-12-16 17:02:12,2025-12-16T17:02:12,59.41,1.0,SetByBid
2025-12-16 17:02:20,2025-12-16T17:02:20,59.41,1.0,SetByAsk
2025-12-16 17:02:20,2025-12-16T17:02:20,59.41,1.0,SetByAsk
2025-12-16 17:02:21,2025-12-16T17:02:21,59.41,1.0,SetByAsk
2025-12-16 17:02:21,2025-12-16T17:02:21,59.41,1.0,SetByAsk
2025-12-16 17:02:21,2025-12-16T17:02:21,59.41,1.0,SetByAsk
2025-12-16 17:02:21,2025-12-16T17:02:21,59.41,1.0,SetByAsk
2025-12-16 17:02:21,2025-12-16T17:02:21,59.41,1.0,SetByAsk
2025-12-16 17:02:21,2025-12-16T17:02:21,59.41,1.0,SetByAsk
2025-12-16 17:02:21,2025-12-16T17:02:21,59.41,1.0,SetByAsk
2025-12-16 17:02:22,2025-12-16T17:02:22,59.41,1.0,SetByAsk
2025-12-16 17:02:22,2025-12-16T17:02:22,59.41,1.0,SetByAsk
2025-12-16 17:02:22,2025-12-16T17:02:22,59.41,1.0,SetByAsk
2025-12-16 17:02:22,2025-12-16T17:02:22,59.41,1.0,SetByAsk
2025-12-16 17:02:22,2025-12-16T17:02:22,59.41,1.0,SetByAsk
2025-12-16 17:02:23,2025-12-16T17:02:23,59.41,1.0,SetByAsk
2025-12-16 17:02:23,2025-12-16T17:02:23,59.41,1.0,SetByAsk
2025-12-16 17:02:23,2025-12-16T17:02:23,59.41,1.0,SetByAsk
2025-12-16 17:02:24,2025-12-16T17:02:24,59.41,1.0,SetByAsk
2025-12-16 17:02:24,2025-12-16T17:02:24,59.41,1.0,SetByAsk
2025-12-16 17:02:24,2025-12-16T17:02:24,59.41,1.0,SetByAsk
2025-12-16 17:02:24,2025-12-16T17:02:24,59.41,1.0,SetByAsk
2025-12-16 17:02:24,2025-12-16T17:02:24,59.41,1.0,SetByAsk
2025-12-16 17:02:26,2025-12-16T17:02:26,59.41,1.0,SetByAsk
2025-12-16 17:02:30,2025-12-16T17:02:30,59.41,1.0,SetByAsk
2025-12-16 17:02:35,2025-12-16T17:02:35,59.41,1.0,SetByAsk
2025-12-16 17:02:36,2025-12-16T17:02:36,59.41,1.0,SetByAsk
2025-12-16 17:02:36,2025-12-16T17:02:36,59.41,1.0,SetByAsk
2025-12-16 17:02:36,2025-12-16T17:02:36,59.41,1.0,SetByAsk
2025-12-16 17:02:36,2025-12-16T17:02:36,59.41,1.0,SetByAsk
2025-12-16 17:02:36,2025-12-16T17:02:36,59.41,1.0,SetByAsk
2025-12-16 17:02:42,2025-12-16T17:02:42,59.41,1.0,SetByAsk
2025-12-16 17:03:02,2025-12-16T17:03:02,59.4,1.0,SetByAsk
2025-12-16 17:03:02,2025-12-16T17:03:02,59.4,1.0,SetByAsk
2025-12-16 17:03:02,2025-12-16T17:03:02,59.4,1.0,SetByAsk
2025-12-16 17:03:02,2025-12-16T17:03:02,59.4,1.0,SetByAsk
2025-12-16 17:03:02,2025-12-16T17:03:02,59.4,2.0,SetByAsk
2025-12-16 17:03:02,2025-12-16T17:03:02,59.4,1.0,SetByAsk
2025-12-16 17:03:02,2025-12-16T17:03:02,59.4,2.0,SetByAsk
2025-12-16 17:03:02,2025-12-16T17:03:02,59.4,1.0,SetByAsk
2025-12-16 17:03:03,2025-12-16T17:03:03,59.4,1.0,SetByAsk
2025-12-16 17:03:03,2025-12-16T17:03:03,59.4,1.0,SetByAsk
2025-12-16 17:03:03,2025-12-16T17:03:03,59.4,1.0,SetByAsk
2025-12-16 17:03:03,2025-12-16T17:03:03,59.4,1.0,SetByAsk
2025-12-16 17:03:03,2025-12-16T17:03:03,59.41,1.0,SetByBid
2025-12-16 17:03:34,2025-12-16T17:03:34,59.39,1.0,SetByAsk
2025-12-16 17:03:36,2025-12-16T17:03:36,59.4,1.0,SetByBid
2025-12-16 17:03:42,2025-12-16T17:03:42,59.39,1.0,SetByAsk
2025-12-16 17:03:42,2025-12-16T17:03:42,59.39,1.0,SetByAsk
2025-12-16 17:03:44,2025-12-16T17:03:44,59.39,2.0,SetByAsk
2025-12-16 17:03:44,2025-12-16T17:03:44,59.39,1.0,SetByAsk
2025-12-16 17:03:44,2025-12-16T17:03:44,59.39,1.0,SetByAsk
2025-12-16 17:03:44,2025-12-16T17:03:44,59.39,1.0,SetByAsk
2025-12-16 17:03:46,2025-12-16T17:03:46,59.37,1.0,SetByAsk
2025-12-16 17:03:46,2025-12-16T17:03:46,59.37,1.0,SetByAsk
2025-12-16 17:03:46,2025-12-16T17:03:46,59.37,1.0,SetByAsk
2025-12-16 17:03:46,2025-12-16T17:03:46,59.37,1.0,SetByAsk
2025-12-16 17:03:46,2025-12-16T17:03:46,59.37,1.0,SetByAsk
2025-12-16 17:03:46,2025-12-16T17:03:46,59.37,2.0,SetByAsk
2025-12-16 17:03:46,2025-12-16T17:03:46,59.37,1.0,SetByAsk
2025-12-16 17:03:46,2025-12-16T17:03:46,59.37,1.0,SetByAsk
2025-12-16 17:03:46,2025-12-16T17:03:46,59.37,1.0,SetByAsk
2025-12-16 17:03:47,2025-12-16T17:03:47,59.36,1.0,SetByAsk
2025-12-16 17:03:47,2025-12-16T17:03:47,59.36,2.0,SetByAsk
2025-12-16 17:03:47,2025-12-16T17:03:47,59.36,1.0,SetByAsk
2025-12-16 17:03:47,2025-12-16T17:03:47,59.36,1.0,SetByAsk
2025-12-16 17:03:47,2025-12-16T17:03:47,59.36,2.0,SetByAsk
2025-12-16 17:03:47,2025-12-16T17:03:47,59.36,1.0,SetByAsk
2025-12-16 17:03:47,2025-12-16T17:03:47,59.36,1.0,SetByAsk
2025-12-16 17:03:47,2025-12-16T17:03:47,59.36,1.0,SetByAsk
2025-12-16 17:03:47,2025-12-16T17:03:47,59.36,1.0,SetByAsk
2025-12-16 17:03:47,2025-12-16T17:03:47,59.36,1.0,SetByAsk
2025-12-16 17:03:47,2025-12-16T17:03:47,59.36,1.0,SetByAsk
2025-12-16 17:03:47,2025-12-16T17:03:47,59.36,2.0,SetByAsk
2025-12-16 17:03:47,2025-12-16T17:03:47,59.36,1.0,SetByAsk
2025-12-16 17:03:47,2025-12-16T17:03:47,59.36,1.0,SetByAsk
2025-12-16 17:03:47,2025-12-16T17:03:47,59.36,3.0,SetByAsk
2025-12-16 17:03:47,2025-12-16T17:03:47,59.37,1.0,SetByBid
2025-12-16 17:03:47,2025-12-16T17:03:47,59.37,1.0,SetByBid
2025-12-16 17:03:48,2025-12-16T17:03:48,59.36,1.0,SetByAsk
2025-12-16 17:03:48,2025-12-16T17:03:48,59.36,2.0,SetByAsk
2025-12-16 17:03:48,2025-12-16T17:03:48,59.36,1.0,SetByAsk
2025-12-16 17:03:48,2025-12-16T17:03:48,59.36,1.0,SetByAsk
2025-12-16 17:03:48,2025-12-16T17:03:48,59.36,2.0,SetByAsk
2025-12-16 17:03:48,2025-12-16T17:03:48,59.36,1.0,SetByAsk
2025-12-16 17:03:48,2025-12-16T17:03:48,59.36,1.0,SetByAsk
2025-12-16 17:03:48,2025-12-16T17:03:48,59.36,1.0,SetByAsk
2025-12-16 17:03:49,2025-12-16T17:03:49,59.36,2.0,SetByAsk
2025-12-16 17:03:49,2025-12-16T17:03:49,59.36,1.0,SetByAsk
2025-12-16 17:03:49,2025-12-16T17:03:49,59.36,4.0,SetByAsk
2025-12-16 17:03:49,2025-12-16T17:03:49,59.36,3.0,SetByAsk
2025-12-16 17:03:49,2025-12-16T17:03:49,59.36,2.0,SetByAsk
2025-12-16 17:03:49,2025-12-16T17:03:49,59.36,2.0,SetByAsk
2025-12-16 17:03:49,2025-12-16T17:03:49,59.36,2.0,SetByAsk
2025-12-16 17:03:49,2025-12-16T17:03:49,59.36,1.0,SetByAsk
2025-12-16 17:03:49,2025-12-16T17:03:49,59.36,1.0,SetByAsk
2025-12-16 17:03:49,2025-12-16T17:03:49,59.36,2.0,SetByAsk
2025-12-16 17:03:50,2025-12-16T17:03:50,59.36,2.0,SetByAsk
2025-12-16 17:03:50,2025-12-16T17:03:50,59.36,1.0,SetByAsk
2025-12-16 17:03:50,2025-12-16T17:03:50,59.36,2.0,SetByAsk
2025-12-16 17:03:50,2025-12-16T17:03:50,59.36,3.0,SetByAsk
2025-12-16 17:03:50,2025-12-16T17:03:50,59.36,1.0,SetByAsk
2025-12-16 17:03:50,2025-12-16T17:03:50,59.36,1.0,SetByAsk
2025-12-16 17:03:50,2025-12-16T17:03:50,59.36,4.0,SetByAsk
2025-12-16 17:03:50,2025-12-16T17:03:50,59.36,1.0,SetByAsk
2025-12-16 17:03:50,2025-12-16T17:03:50,59.36,1.0,SetByAsk
2025-12-16 17:03:50,2025-12-16T17:03:50,59.36,4.0,SetByAsk
2025-12-16 17:03:51,2025-12-16T17:03:51,59.37,4.0,SetByAsk
2025-12-16 17:03:51,2025-12-16T17:03:51,59.37,3.0,SetByAsk
2025-12-16 17:03:51,2025-12-16T17:03:51,59.37,1.0,SetByAsk
2025-12-16 17:03:51,2025-12-16T17:03:51,59.37,2.0,SetByAsk
2025-12-16 17:03:51,2025-12-16T17:03:51,59.37,2.0,SetByAsk
2025-12-16 17:03:51,2025-12-16T17:03:51,59.37,2.0,SetByAsk
2025-12-16 17:03:51,2025-12-16T17:03:51,59.37,2.0,SetByAsk
2025-12-16 17:03:51,2025-12-16T17:03:51,59.36,1.0,SetByAsk
2025-12-16 17:03:51,2025-12-16T17:03:51,59.36,1.0,SetByAsk
2025-12-16 17:03:51,2025-12-16T17:03:51,59.36,2.0,SetByAsk
2025-12-16 17:03:51,2025-12-16T17:03:51,59.36,1.0,SetByAsk
2025-12-16 17:03:51,2025-12-16T17:03:51,59.36,3.0,SetByAsk
2025-12-16 17:03:51,2025-12-16T17:03:51,59.36,1.0,SetByAsk
2025-12-16 17:03:51,2025-12-16T17:03:51,59.36,1.0,SetByBid
2025-12-16 17:03:51,2025-12-16T17:03:51,59.36,1.0,SetByBid
2025-12-16 17:03:51,2025-12-16T17:03:51,59.36,2.0,SetByBid
2025-12-16 17:03:52,2025-12-16T17:03:52,59.37,1.0,SetByBid
2025-12-16 17:03:52,2025-12-16T17:03:52,59.37,2.0,SetByBid
2025-12-16 17:03:52,2025-12-16T17:03:52,59.37,1.0,SetByBid
2025-12-16 17:03:52,2025-12-16T17:03:52,59.37,1.0,SetByBid
2025-12-16 17:03:52,2025-12-16T17:03:52,59.37,1.0,SetByBid
2025-12-16 17:03:52,2025-12-16T17:03:52,59.37,1.0,SetByBid
2025-12-16 17:03:52,2025-12-16T17:03:52,59.37,1.0,SetByBid
2025-12-16 17:03:52,2025-12-16T17:03:52,59.37,1.0,SetByBid
2025-12-16 17:03:52,2025-12-16T17:03:52,59.37,1.0,SetByBid
2025-12-16 17:04:01,2025-12-16T17:04:01,59.35,10.0,SetByAsk
2025-12-16 17:04:04,2025-12-16T17:04:04,59.33,1.0,SetByBid
2025-12-16 17:04:04,2025-12-16T17:04:04,59.33,5.0,SetByBid
2025-12-16 17:04:04,2025-12-16T17:04:04,59.33,6.0,SetByBid
2025-12-16 17:04:04,2025-12-16T17:04:04,59.33,4.0,SetByBid
2025-12-16 17:04:04,2025-12-16T17:04:04,59.32,1.0,SetByAsk
2025-12-16 17:04:04,2025-12-16T17:04:04,59.32,1.0,SetByAsk
2025-12-16 17:04:04,2025-12-16T17:04:04,59.32,1.0,SetByAsk
2025-12-16 17:04:04,2025-12-16T17:04:04,59.32,5.0,SetByAsk
2025-12-16 17:04:04,2025-12-16T17:04:04,59.32,1.0,SetByAsk
2025-12-16 17:04:04,2025-12-16T17:04:04,59.32,1.0,SetByAsk
2025-12-16 17:04:04,2025-12-16T17:04:04,59.32,4.0,SetByAsk
2025-12-16 17:04:04,2025-12-16T17:04:04,59.32,1.0,SetByAsk
2025-12-16 17:04:04,2025-12-16T17:04:04,59.32,1.0,SetByAsk
2025-12-16 17:04:04,2025-12-16T17:04:04,59.32,1.0,SetByAsk
2025-12-16 17:04:04,2025-12-16T17:04:04,59.32,1.0,SetByAsk
2025-12-16 17:04:04,2025-12-16T17:04:04,59.32,1.0,SetByBid
2025-12-16 17:04:04,2025-12-16T17:04:04,59.31,1.0,SetByAsk
2025-12-16 17:04:04,2025-12-16T17:04:04,59.31,1.0,SetByAsk
2025-12-16 17:04:04,2025-12-16T17:04:04,59.31,17.0,SetByAsk
2025-12-16 17:04:04,2025-12-16T17:04:04,59.31,1.0,SetByBid
2025-12-16 17:04:04,2025-12-16T17:04:04,59.32,1.0,SetByBid
2025-12-16 17:04:05,2025-12-16T17:04:05,59.31,1.0,SetByBid
2025-12-16 17:04:05,2025-12-16T17:04:05,59.31,1.0,SetByBid
2025-12-16 17:04:05,2025-12-16T17:04:05,59.31,2.0,SetByAsk
2025-12-16 17:04:05,2025-12-16T17:04:05,59.31,1.0,SetByAsk
2025-12-16 17:04:05,2025-12-16T17:04:05,59.31,1.0,SetByAsk
2025-12-16 17:04:05,2025-12-16T17:04:05,59.31,1.0,SetByAsk
2025-12-16 17:04:06,2025-12-16T17:04:06,59.31,2.0,SetByAsk
2025-12-16 17:04:06,2025-12-16T17:04:06,59.31,1.0,SetByBid
2025-12-16 17:04:17,2025-12-16T17:04:17,59.3,2.0,SetByAsk
2025-12-16 17:04:17,2025-12-16T17:04:17,59.3,1.0,SetByAsk
2025-12-16 17:04:17,2025-12-16T17:04:17,59.3,6.0,SetByAsk
2025-12-16 17:04:18,2025-12-16T17:04:18,59.3,5.0,SetByAsk
2025-12-16 17:04:21,2025-12-16T17:04:21,59.31,1.0,SetByBid
2025-12-16 17:04:21,2025-12-16T17:04:21,59.31,1.0,SetByBid
2025-12-16 17:04:38,2025-12-16T17:04:38,59.31,1.0,SetByAsk
2025-12-16 17:04:38,2025-12-16T17:04:38,59.31,2.0,SetByAsk
2025-12-16 17:04:38,2025-12-16T17:04:38,59.31,3.0,SetByAsk
2025-12-16 17:04:38,2025-12-16T17:04:38,59.31,1.0,SetByAsk
2025-12-16 17:04:38,2025-12-16T17:04:38,59.3,3.0,SetByAsk
2025-12-16 17:04:40,2025-12-16T17:04:40,59.31,1.0,SetByAsk
2025-12-16 17:04:40,2025-12-16T17:04:40,59.31,2.0,SetByAsk
2025-12-16 17:04:40,2025-12-16T17:04:40,59.31,1.0,SetByAsk
2025-12-16 17:04:40,2025-12-16T17:04:40,59.31,1.0,SetByAsk
2025-12-16 17:04:40,2025-12-16T17:04:40,59.32,1.0,SetByAsk
2025-12-16 17:04:40,2025-12-16T17:04:40,59.32,1.0,SetByAsk
2025-12-16 17:04:40,2025-12-16T17:04:40,59.31,1.0,SetByAsk
2025-12-16 17:04:40,2025-12-16T17:04:40,59.31,1.0,SetByAsk
2025-12-16 17:04:40,2025-12-16T17:04:40,59.31,1.0,SetByAsk
2025-12-16 17:04:41,2025-12-16T17:04:41,59.31,2.0,SetByAsk
2025-12-16 17:04:41,2025-12-16T17:04:41,59.31,1.0,SetByAsk
2025-12-16 17:04:41,2025-12-16T17:04:41,59.31,1.0,SetByAsk
2025-12-16 17:04:41,2025-12-16T17:04:41,59.31,1.0,SetByAsk
2025-12-16 17:04:41,2025-12-16T17:04:41,59.31,1.0,SetByAsk
2025-12-16 17:04:41,2025-12-16T17:04:41,59.31,1.0,SetByAsk
2025-12-16 17:04:41,2025-12-16T17:04:41,59.31,1.0,SetByAsk
2025-12-16 17:04:41,2025-12-16T17:04:41,59.31,1.0,SetByAsk
2025-12-16 17:04:41,2025-12-16T17:04:41,59.31,1.0,SetByAsk
2025-12-16 17:04:41,2025-12-16T17:04:41,59.31,1.0,SetByAsk
2025-12-16 17:04:41,2025-12-16T17:04:41,59.31,1.0,SetByAsk
2025-12-16 17:04:41,2025-12-16T17:04:41,59.31,1.0,SetByAsk
2025-12-16 17:04:41,2025-12-16T17:04:41,59.31,1.0,SetByAsk
2025-12-16 17:04:42,2025-12-16T17:04:42,59.32,1.0,SetByBid
2025-12-16 17:04:42,2025-12-16T17:04:42,59.31,1.0,SetByAsk
2025-12-16 17:04:42,2025-12-16T17:04:42,59.31,2.0,SetByAsk
2025-12-16 17:04:42,2025-12-16T17:04:42,59.31,1.0,SetByAsk
2025-12-16 17:04:42,2025-12-16T17:04:42,59.31,1.0,SetByAsk
2025-12-16 17:04:42,2025-12-16T17:04:42,59.31,1.0,SetByAsk
2025-12-16 17:04:42,2025-12-16T17:04:42,59.31,1.0,SetByAsk
2025-12-16 17:04:42,2025-12-16T17:04:42,59.31,1.0,SetByAsk
2025-12-16 17:04:42,2025-12-16T17:04:42,59.31,1.0,SetByAsk
2025-12-16 17:04:42,2025-12-16T17:04:42,59.31,1.0,SetByAsk
2025-12-16 17:04:58,2025-12-16T17:04:58,59.31,1.0,SetByAsk
2025-12-16 17:04:58,2025-12-16T17:04:58,59.31,1.0,SetByAsk
2025-12-16 17:04:58,2025-12-16T17:04:58,59.31,1.0,SetByAsk
2025-12-16 17:04:58,2025-12-16T17:04:58,59.31,1.0,SetByAsk
2025-12-16 17:05:00,2025-12-16T17:05:00,59.3,1.0,SetByAsk
2025-12-16 17:05:01,2025-12-16T17:05:01,59.3,1.0,SetByAsk
2025-12-16 17:05:01,2025-12-16T17:05:01,59.3,1.0,SetByAsk
2025-12-16 17:05:02,2025-12-16T17:05:02,59.3,2.0,SetByAsk
2025-12-16 17:05:02,2025-12-16T17:05:02,59.3,1.0,SetByAsk
2025-12-16 17:05:02,2025-12-16T17:05:02,59.3,1.0,SetByAsk
2025-12-16 17:05:02,2025-12-16T17:05:02,59.3,1.0,SetByAsk
2025-12-16 17:05:02,2025-12-16T17:05:02,59.29,1.0,SetByAsk
2025-12-16 17:05:02,2025-12-16T17:05:02,59.29,1.0,SetByAsk
2025-12-16 17:05:04,2025-12-16T17:05:04,59.29,10.0,SetByAsk
2025-12-16 17:05:04,2025-12-16T17:05:04,59.29,10.0,SetByAsk
2025-12-16 17:05:05,2025-12-16T17:05:05,59.29,1.0,SetByAsk
2025-12-16 17:05:05,2025-12-16T17:05:05,59.29,1.0,SetByAsk
2025-12-16 17:05:05,2025-12-16T17:05:05,59.29,2.0,SetByAsk
2025-12-16 17:05:05,2025-12-16T17:05:05,59.29,1.0,SetByAsk
2025-12-16 17:05:05,2025-12-16T17:05:05,59.29,1.0,SetByAsk
2025-12-16 17:05:05,2025-12-16T17:05:05,59.29,1.0,SetByAsk
2025-12-16 17:05:05,2025-12-16T17:05:05,59.29,1.0,SetByAsk
2025-12-16 17:05:05,2025-12-16T17:05:05,59.29,1.0,SetByAsk
2025-12-16 17:05:05,2025-12-16T17:05:05,59.29,1.0,SetByAsk
2025-12-16 17:05:06,2025-12-16T17:05:06,59.3,1.0,SetByBid
2025-12-16 17:05:06,2025-12-16T17:05:06,59.29,1.0,SetByAsk
2025-12-16 17:05:06,2025-12-16T17:05:06,59.29,6.0,SetByAsk
2025-12-16 17:05:06,2025-12-16T17:05:06,59.29,1.0,SetByAsk
2025-12-16 17:05:06,2025-12-16T17:05:06,59.29,1.0,SetByAsk
2025-12-16 17:05:06,2025-12-16T17:05:06,59.28,1.0,SetByAsk
2025-12-16 17:05:07,2025-12-16T17:05:07,59.28,1.0,SetByAsk
2025-12-16 17:05:07,2025-12-16T17:05:07,59.28,1.0,SetByAsk
2025-12-16 17:05:07,2025-12-16T17:05:07,59.28,1.0,SetByAsk
2025-12-16 17:05:07,2025-12-16T17:05:07,59.28,1.0,SetByAsk
2025-12-16 17:05:07,2025-12-16T17:05:07,59.28,1.0,SetByAsk
2025-12-16 17:05:07,2025-12-16T17:05:07,59.28,1.0,SetByAsk
2025-12-16 17:05:08,2025-12-16T17:05:08,59.28,2.0,SetByAsk
2025-12-16 17:05:08,2025-12-16T17:05:08,59.28,1.0,SetByAsk
2025-12-16 17:05:08,2025-12-16T17:05:08,59.28,1.0,SetByAsk
2025-12-16 17:05:19,2025-12-16T17:05:19,59.29,1.0,SetByBid
2025-12-16 17:05:20,2025-12-16T17:05:20,59.29,1.0,SetByBid
2025-12-16 17:05:20,2025-12-16T17:05:20,59.29,2.0,SetByBid
2025-12-16 17:05:20,2025-12-16T17:05:20,59.3,1.0,SetByBid
2025-12-16 17:05:21,2025-12-16T17:05:21,59.29,2.0,SetByAsk
2025-12-16 17:05:21,2025-12-16T17:05:21,59.29,1.0,SetByAsk
2025-12-16 17:05:21,2025-12-16T17:05:21,59.29,1.0,SetByAsk
2025-12-16 17:05:21,2025-12-16T17:05:21,59.29,1.0,SetByAsk
2025-12-16 17:05:21,2025-12-16T17:05:21,59.29,1.0,SetByAsk
2025-12-16 17:05:21,2025-12-16T17:05:21,59.29,1.0,SetByAsk
2025-12-16 17:05:21,2025-12-16T17:05:21,59.29,1.0,SetByAsk
2025-12-16 17:05:21,2025-12-16T17:05:21,59.29,1.0,SetByAsk
2025-12-16 17:05:21,2025-12-16T17:05:21,59.29,1.0,SetByAsk
2025-12-16 17:05:22,2025-12-16T17:05:22,59.3,1.0,SetByAsk
2025-12-16 17:05:38,2025-12-16T17:05:38,59.29,2.0,SetByAsk
2025-12-16 17:05:38,2025-12-16T17:05:38,59.29,1.0,SetByBid
2025-12-16 17:05:38,2025-12-16T17:05:38,59.29,1.0,SetByBid
2025-12-16 17:05:45,2025-12-16T17:05:45,59.28,1.0,SetByBid
2025-12-16 17:05:45,2025-12-16T17:05:45,59.28,2.0,SetByBid
2025-12-16 17:05:57,2025-12-16T17:05:57,59.27,1.0,SetByAsk
2025-12-16 17:05:57,2025-12-16T17:05:57,59.27,1.0,SetByAsk
2025-12-16 17:05:57,2025-12-16T17:05:57,59.27,1.0,SetByAsk
2025-12-16 17:05:57,2025-12-16T17:05:57,59.27,1.0,SetByAsk
2025-12-16 17:05:57,2025-12-16T17:05:57,59.27,1.0,SetByAsk
2025-12-16 17:05:57,2025-12-16T17:05:57,59.27,1.0,SetByAsk
2025-12-16 17:05:57,2025-12-16T17:05:57,59.27,1.0,SetByAsk
2025-12-16 17:05:57,2025-12-16T17:05:57,59.27,1.0,SetByAsk
2025-12-16 17:06:05,2025-12-16T17:06:05,59.28,1.0,SetByAsk
2025-12-16 17:06:05,2025-12-16T17:06:05,59.28,1.0,SetByAsk
2025-12-16 17:06:06,2025-12-16T17:06:06,59.28,1.0,SetByAsk
2025-12-16 17:06:13,2025-12-16T17:06:13,59.28,1.0,SetByAsk
2025-12-16 17:06:15,2025-12-16T17:06:15,59.28,1.0,SetByAsk
2025-12-16 17:06:16,2025-12-16T17:06:16,59.28,1.0,SetByAsk
2025-12-16 17:06:16,2025-12-16T17:06:16,59.28,1.0,SetByAsk
2025-12-16 17:06:30,2025-12-16T17:06:30,59.28,2.0,SetByBid
2025-12-16 17:06:58,2025-12-16T17:06:58,59.28,1.0,SetByAsk
2025-12-16 17:06:58,2025-12-16T17:06:58,59.28,1.0,SetByAsk
2025-12-16 17:07:33,2025-12-16T17:07:33,59.29,2.0,SetByAsk
2025-12-16 17:07:33,2025-12-16T17:07:33,59.29,1.0,SetByAsk
2025-12-16 17:07:33,2025-12-16T17:07:33,59.29,1.0,SetByAsk
2025-12-16 17:07:33,2025-12-16T17:07:33,59.29,1.0,SetByAsk
2025-12-16 17:07:33,2025-12-16T17:07:33,59.29,1.0,SetByAsk
2025-12-16 17:07:33,2025-12-16T17:07:33,59.29,1.0,SetByAsk
2025-12-16 17:07:33,2025-12-16T17:07:33,59.29,1.0,SetByAsk
2025-12-16 17:07:33,2025-12-16T17:07:33,59.29,1.0,SetByAsk
2025-12-16 17:07:33,2025-12-16T17:07:33,59.29,1.0,SetByAsk
2025-12-16 17:07:33,2025-12-16T17:07:33,59.29,1.0,SetByAsk
2025-12-16 17:07:33,2025-12-16T17:07:33,59.29,1.0,SetByAsk
2025-12-16 17:07:33,2025-12-16T17:07:33,59.29,3.0,SetByAsk
2025-12-16 17:07:34,2025-12-16T17:07:34,59.29,2.0,SetByAsk
2025-12-16 17:07:35,2025-12-16T17:07:35,59.29,2.0,SetByAsk
2025-12-16 17:07:36,2025-12-16T17:07:36,59.29,1.0,SetByAsk
2025-12-16 17:07:36,2025-12-16T17:07:36,59.29,2.0,SetByAsk
2025-12-16 17:07:37,2025-12-16T17:07:37,59.29,4.0,SetByAsk
2025-12-16 17:07:37,2025-12-16T17:07:37,59.29,1.0,SetByAsk
2025-12-16 17:07:41,2025-12-16T17:07:41,59.29,1.0,SetByAsk
2025-12-16 17:07:41,2025-12-16T17:07:41,59.29,1.0,SetByAsk
2025-12-16 17:07:41,2025-12-16T17:07:41,59.29,1.0,SetByAsk
2025-12-16 17:07:41,2025-12-16T17:07:41,59.29,1.0,SetByAsk
2025-12-16 17:07:43,2025-12-16T17:07:43,59.3,2.0,SetByBid
2025-12-16 17:08:01,2025-12-16T17:08:01,59.3,1.0,SetByAsk
2025-12-16 17:08:01,2025-12-16T17:08:01,59.3,6.0,SetByAsk
2025-12-16 17:08:01,2025-12-16T17:08:01,59.3,1.0,SetByAsk
2025-12-16 17:08:03,2025-12-16T17:08:03,59.3,1.0,SetByAsk
2025-12-16 17:08:03,2025-12-16T17:08:03,59.3,1.0,SetByAsk
2025-12-16 17:08:03,2025-12-16T17:08:03,59.3,1.0,SetByAsk
2025-12-16 17:08:03,2025-12-16T17:08:03,59.3,1.0,SetByAsk
2025-12-16 17:08:12,2025-12-16T17:08:12,59.29,1.0,SetByAsk
2025-12-16 17:08:12,2025-12-16T17:08:12,59.29,1.0,SetByAsk
2025-12-16 17:08:15,2025-12-16T17:08:15,59.28,1.0,SetByAsk
2025-12-16 17:08:26,2025-12-16T17:08:26,59.3,1.0,SetByAsk
2025-12-16 17:08:28,2025-12-16T17:08:28,59.3,1.0,SetByAsk
2025-12-16 17:08:53,2025-12-16T17:08:53,59.3,1.0,SetByAsk
2025-12-16 17:08:57,2025-12-16T17:08:57,59.31,1.0,SetByBid
2025-12-16 17:09:00,2025-12-16T17:09:00,59.31,2.0,SetByAsk
2025-12-16 17:09:00,2025-12-16T17:09:00,59.31,1.0,SetByAsk
2025-12-16 17:09:00,2025-12-16T17:09:00,59.31,1.0,SetByBid
2025-12-16 17:09:11,2025-12-16T17:09:11,59.32,1.0,SetByAsk
2025-12-16 17:09:11,2025-12-16T17:09:11,59.32,1.0,SetByAsk
2025-12-16 17:09:11,2025-12-16T17:09:11,59.32,1.0,SetByAsk
2025-12-16 17:09:11,2025-12-16T17:09:11,59.31,1.0,SetByAsk
2025-12-16 17:09:11,2025-12-16T17:09:11,59.31,1.0,SetByAsk
2025-12-16 17:09:11,2025-12-16T17:09:11,59.31,1.0,SetByAsk
2025-12-16 17:09:11,2025-12-16T17:09:11,59.31,1.0,SetByAsk
2025-12-16 17:09:11,2025-12-16T17:09:11,59.31,1.0,SetByAsk
2025-12-16 17:09:11,2025-12-16T17:09:11,59.31,1.0,SetByAsk
2025-12-16 17:09:13,2025-12-16T17:09:13,59.33,1.0,SetByBid
2025-12-16 17:09:13,2025-12-16T17:09:13,59.33,1.0,SetByBid
2025-12-16 17:09:13,2025-12-16T17:09:13,59.33,6.0,SetByBid
2025-12-16 17:09:13,2025-12-16T17:09:13,59.32,2.0,SetByAsk
2025-12-16 17:09:13,2025-12-16T17:09:13,59.32,1.0,SetByAsk
2025-12-16 17:09:20,2025-12-16T17:09:20,59.32,1.0,SetByAsk
2025-12-16 17:09:20,2025-12-16T17:09:20,59.32,1.0,SetByAsk
2025-12-16 17:09:20,2025-12-16T17:09:20,59.32,1.0,SetByAsk
2025-12-16 17:09:47,2025-12-16T17:09:47,59.29,2.0,SetByBid
2025-12-16 17:09:47,2025-12-16T17:09:47,59.29,1.0,SetByBid
2025-12-16 17:09:47,2025-12-16T17:09:47,59.29,1.0,SetByBid
2025-12-16 17:09:55,2025-12-16T17:09:55,59.28,1.0,SetByAsk
2025-12-16 17:10:00,2025-12-16T17:10:00,59.3,1.0,SetByBid
2025-12-16 17:10:00,2025-12-16T17:10:00,59.3,2.0,SetByBid
2025-12-16 17:10:00,2025-12-16T17:10:00,59.3,1.0,SetByBid
2025-12-16 17:10:00,2025-12-16T17:10:00,59.3,2.0,SetByBid
2025-12-16 17:10:00,2025-12-16T17:10:00,59.3,1.0,SetByBid
2025-12-16 17:10:06,2025-12-16T17:10:06,59.3,1.0,SetByBid
2025-12-16 17:10:32,2025-12-16T17:10:32,59.27,1.0,SetByAsk
2025-12-16 17:10:32,2025-12-16T17:10:32,59.27,2.0,SetByAsk
2025-12-16 17:10:32,2025-12-16T17:10:32,59.27,1.0,SetByAsk
2025-12-16 17:10:32,2025-12-16T17:10:32,59.27,3.0,SetByAsk
2025-12-16 17:10:32,2025-12-16T17:10:32,59.27,1.0,SetByAsk
2025-12-16 17:10:32,2025-12-16T17:10:32,59.27,5.0,SetByAsk
2025-12-16 17:11:15,2025-12-16T17:11:15,59.29,1.0,SetByBid
2025-12-16 17:11:16,2025-12-16T17:11:16,59.29,2.0,SetByBid
2025-12-16 17:12:22,2025-12-16T17:12:22,59.31,1.0,SetByBid
2025-12-16 17:12:22,2025-12-16T17:12:22,59.32,1.0,SetByBid
2025-12-16 17:12:22,2025-12-16T17:12:22,59.32,1.0,SetByBid
2025-12-16 17:12:23,2025-12-16T17:12:23,59.31,1.0,SetByBid
2025-12-16 17:13:42,2025-12-16T17:13:42,59.32,1.0,SetByBid
2025-12-16 17:13:42,2025-12-16T17:13:42,59.32,2.0,SetByBid
2025-12-16 17:13:42,2025-12-16T17:13:42,59.32,1.0,SetByBid
2025-12-16 17:13:42,2025-12-16T17:13:42,59.32,2.0,SetByBid
2025-12-16 17:13:42,2025-12-16T17:13:42,59.32,1.0,SetByBid
2025-12-16 17:13:42,2025-12-16T17:13:42,59.32,1.0,SetByBid
2025-12-16 17:13:42,2025-12-16T17:13:42,59.32,1.0,SetByBid
2025-12-16 17:13:42,2025-12-16T17:13:42,59.32,1.0,SetByBid
2025-12-16 17:13:42,2025-12-16T17:13:42,59.32,1.0,SetByBid
2025-12-16 17:13:42,2025-12-16T17:13:42,59.32,2.0,SetByBid
2025-12-16 17:13:42,2025-12-16T17:13:42,59.32,1.0,SetByBid
2025-12-16 17:13:42,2025-12-16T17:13:42,59.32,1.0,SetByBid
2025-12-16 17:13:59,2025-12-16T17:13:59,59.32,1.0,SetByBid
2025-12-16 17:14:18,2025-12-16T17:14:18,59.33,1.0,SetByBid
2025-12-16 17:14:18,2025-12-16T17:14:18,59.33,1.0,SetByBid
2025-12-16 17:14:18,2025-12-16T17:14:18,59.33,1.0,SetByBid
2025-12-16 17:14:32,2025-12-16T17:14:32,59.32,1.0,SetByAsk
2025-12-16 17:14:41,2025-12-16T17:14:41,59.34,1.0,SetByBid
2025-12-16 17:14:41,2025-12-16T17:14:41,59.34,2.0,SetByBid
2025-12-16 17:14:57,2025-12-16T17:14:57,59.34,1.0,SetByAsk
2025-12-16 17:15:22,2025-12-16T17:15:22,59.34,2.0,SetByAsk
2025-12-16 17:15:26,2025-12-16T17:15:26,59.34,1.0,SetByAsk
2025-12-16 17:15:48,2025-12-16T17:15:48,59.37,2.0,SetByBid
2025-12-16 17:16:32,2025-12-16T17:16:32,59.38,2.0,SetByAsk
2025-12-16 17:16:32,2025-12-16T17:16:32,59.38,1.0,SetByAsk
2025-12-16 17:16:49,2025-12-16T17:16:49,59.36,2.0,SetByBid
2025-12-16 17:16:49,2025-12-16T17:16:49,59.36,1.0,SetByBid
2025-12-16 17:16:49,2025-12-16T17:16:49,59.36,1.0,SetByBid
2025-12-16 17:16:49,2025-12-16T17:16:49,59.36,1.0,SetByBid
2025-12-16 17:17:36,2025-12-16T17:17:36,59.35,1.0,SetByAsk
2025-12-16 17:17:47,2025-12-16T17:17:47,59.35,1.0,SetByAsk
2025-12-16 17:17:47,2025-12-16T17:17:47,59.35,2.0,SetByAsk
2025-12-16 17:17:47,2025-12-16T17:17:47,59.35,3.0,SetByAsk
2025-12-16 17:17:47,2025-12-16T17:17:47,59.35,1.0,SetByBid
2025-12-16 17:17:47,2025-12-16T17:17:47,59.35,1.0,SetByBid
2025-12-16 17:17:47,2025-12-16T17:17:47,59.35,1.0,SetByBid
2025-12-16 17:17:52,2025-12-16T17:17:52,59.34,1.0,SetByAsk
2025-12-16 17:18:54,2025-12-16T17:18:54,59.34,1.0,SetByBid
2025-12-16 17:19:02,2025-12-16T17:19:02,59.34,1.0,SetByBid
2025-12-16 17:19:02,2025-12-16T17:19:02,59.34,1.0,SetByBid
2025-12-16 17:19:02,2025-12-16T17:19:02,59.34,1.0,SetByBid
2025-12-16 17:19:33,2025-12-16T17:19:33,59.36,1.0,SetByBid
2025-12-16 17:19:33,2025-12-16T17:19:33,59.36,2.0,SetByBid
2025-12-16 17:19:33,2025-12-16T17:19:33,59.36,1.0,SetByBid
2025-12-16 17:19:33,2025-12-16T17:19:33,59.36,2.0,SetByBid
2025-12-16 17:19:33,2025-12-16T17:19:33,59.36,1.0,SetByBid
2025-12-16 17:19:33,2025-12-16T17:19:33,59.36,1.0,SetByBid
2025-12-16 17:19:33,2025-12-16T17:19:33,59.36,1.0,SetByBid
2025-12-16 17:19:33,2025-12-16T17:19:33,59.36,1.0,SetByBid
2025-12-16 17:19:33,2025-12-16T17:19:33,59.36,1.0,SetByBid
2025-12-16 17:19:33,2025-12-16T17:19:33,59.36,1.0,SetByBid
2025-12-16 17:19:55,2025-12-16T17:19:55,59.36,1.0,SetByAsk
2025-12-16 17:20:00,2025-12-16T17:20:00,59.38,1.0,SetByBid
2025-12-16 17:20:12,2025-12-16T17:20:12,59.37,1.0,SetByBid
2025-12-16 17:20:12,2025-12-16T17:20:12,59.37,1.0,SetByBid
2025-12-16 17:20:22,2025-12-16T17:20:22,59.35,1.0,SetByAsk
2025-12-16 17:21:14,2025-12-16T17:21:14,59.34,2.0,SetByAsk
2025-12-16 17:21:14,2025-12-16T17:21:14,59.34,1.0,SetByAsk
2025-12-16 17:21:14,2025-12-16T17:21:14,59.34,1.0,SetByAsk
2025-12-16 17:21:14,2025-12-16T17:21:14,59.34,1.0,SetByAsk
2025-12-16 17:21:14,2025-12-16T17:21:14,59.34,1.0,SetByAsk
2025-12-16 17:21:14,2025-12-16T17:21:14,59.34,1.0,SetByAsk
2025-12-16 17:21:14,2025-12-16T17:21:14,59.34,1.0,SetByAsk
2025-12-16 17:21:14,2025-12-16T17:21:14,59.34,1.0,SetByAsk
2025-12-16 17:21:14,2025-12-16T17:21:14,59.34,1.0,SetByAsk
2025-12-16 17:21:14,2025-12-16T17:21:14,59.34,1.0,SetByAsk
2025-12-16 17:21:14,2025-12-16T17:21:14,59.34,2.0,SetByAsk
2025-12-16 17:21:14,2025-12-16T17:21:14,59.34,1.0,SetByBid
2025-12-16 17:21:14,2025-12-16T17:21:14,59.34,1.0,SetByBid
2025-12-16 17:21:41,2025-12-16T17:21:41,59.36,1.0,SetByBid
2025-12-16 17:21:48,2025-12-16T17:21:48,59.36,1.0,SetByAsk
2025-12-16 17:22:10,2025-12-16T17:22:10,59.38,2.0,SetByBid
2025-12-16 17:22:10,2025-12-16T17:22:10,59.38,2.0,SetByBid
2025-12-16 17:22:38,2025-12-16T17:22:38,59.38,2.0,SetByBid
2025-12-16 17:22:38,2025-12-16T17:22:38,59.38,1.0,SetByBid
2025-12-16 17:22:38,2025-12-16T17:22:38,59.38,1.0,SetByBid
2025-12-16 17:22:57,2025-12-16T17:22:57,59.39,2.0,SetByBid
2025-12-16 17:22:57,2025-12-16T17:22:57,59.39,1.0,SetByBid
2025-12-16 17:23:11,2025-12-16T17:23:11,59.4,1.0,SetByBid
2025-12-16 17:23:15,2025-12-16T17:23:15,59.41,1.0,SetByBid
2025-12-16 17:23:15,2025-12-16T17:23:15,59.41,1.0,SetByBid
2025-12-16 17:23:26,2025-12-16T17:23:26,59.4,2.0,SetByAsk
2025-12-16 17:23:40,2025-12-16T17:23:40,59.41,1.0,SetByBid
2025-12-16 17:23:59,2025-12-16T17:23:59,59.41,1.0,SetByBid
2025-12-16 17:23:59,2025-12-16T17:23:59,59.41,1.0,SetByBid
2025-12-16 17:23:59,2025-12-16T17:23:59,59.41,1.0,SetByBid
2025-12-16 17:23:59,2025-12-16T17:23:59,59.41,1.0,SetByBid
2025-12-16 17:24:01,2025-12-16T17:24:01,59.41,1.0,SetByBid
2025-12-16 17:24:10,2025-12-16T17:24:10,59.41,1.0,SetByBid
2025-12-16 17:24:13,2025-12-16T17:24:13,59.4,1.0,SetByAsk
2025-12-16 17:24:17,2025-12-16T17:24:17,59.41,1.0,SetByBid
2025-12-16 17:24:42,2025-12-16T17:24:42,59.4,1.0,SetByBid
2025-12-16 17:24:42,2025-12-16T17:24:42,59.41,1.0,SetByBid
2025-12-16 17:24:47,2025-12-16T17:24:47,59.39,2.0,SetByAsk
2025-12-16 17:24:47,2025-12-16T17:24:47,59.4,1.0,SetByBid
2025-12-16 17:24:47,2025-12-16T17:24:47,59.4,2.0,SetByBid
2025-12-16 17:24:50,2025-12-16T17:24:50,59.4,1.0,SetByBid
2025-12-16 17:25:01,2025-12-16T17:25:01,59.4,1.0,SetByBid
2025-12-16 17:25:04,2025-12-16T17:25:04,59.4,1.0,SetByBid
2025-12-16 17:25:04,2025-12-16T17:25:04,59.4,1.0,SetByBid
2025-12-16 17:25:05,2025-12-16T17:25:05,59.4,1.0,SetByBid
2025-12-16 17:25:21,2025-12-16T17:25:21,59.38,1.0,SetByAsk
2025-12-16 17:25:21,2025-12-16T17:25:21,59.38,1.0,SetByAsk
2025-12-16 17:25:21,2025-12-16T17:25:21,59.38,1.0,SetByAsk
2025-12-16 17:25:25,2025-12-16T17:25:25,59.39,1.0,SetByBid
2025-12-16 17:25:25,2025-12-16T17:25:25,59.39,1.0,SetByBid
2025-12-16 17:25:26,2025-12-16T17:25:26,59.4,1.0,SetByBid
2025-12-16 17:25:26,2025-12-16T17:25:26,59.4,1.0,SetByBid
2025-12-16 17:25:26,2025-12-16T17:25:26,59.4,1.0,SetByBid
2025-12-16 17:25:26,2025-12-16T17:25:26,59.4,1.0,SetByBid
2025-12-16 17:25:26,2025-12-16T17:25:26,59.4,1.0,SetByBid
2025-12-16 17:25:26,2025-12-16T17:25:26,59.4,1.0,SetByBid
2025-12-16 17:25:26,2025-12-16T17:25:26,59.41,1.0,SetByBid
2025-12-16 17:25:26,2025-12-16T17:25:26,59.41,1.0,SetByBid
2025-12-16 17:25:26,2025-12-16T17:25:26,59.41,1.0,SetByBid
2025-12-16 17:25:26,2025-12-16T17:25:26,59.41,1.0,SetByBid
2025-12-16 17:25:26,2025-12-16T17:25:26,59.41,1.0,SetByBid
2025-12-16 17:25:26,2025-12-16T17:25:26,59.41,1.0,SetByBid
2025-12-16 17:25:26,2025-12-16T17:25:26,59.41,1.0,SetByBid
2025-12-16 17:25:27,2025-12-16T17:25:27,59.4,1.0,SetByBid
2025-12-16 17:25:27,2025-12-16T17:25:27,59.41,1.0,SetByBid
2025-12-16 17:25:27,2025-12-16T17:25:27,59.41,1.0,SetByBid
2025-12-16 17:25:27,2025-12-16T17:25:27,59.41,1.0,SetByBid
2025-12-16 17:25:27,2025-12-16T17:25:27,59.41,1.0,SetByBid
2025-12-16 17:25:27,2025-12-16T17:25:27,59.41,1.0,SetByBid
2025-12-16 17:25:27,2025-12-16T17:25:27,59.41,1.0,SetByBid
2025-12-16 17:25:27,2025-12-16T17:25:27,59.41,1.0,SetByBid
2025-12-16 17:25:27,2025-12-16T17:25:27,59.41,1.0,SetByBid
2025-12-16 17:25:27,2025-12-16T17:25:27,59.41,1.0,SetByBid
2025-12-16 17:25:28,2025-12-16T17:25:28,59.4,1.0,SetByAsk
2025-12-16 17:25:28,2025-12-16T17:25:28,59.4,1.0,SetByAsk
2025-12-16 17:25:28,2025-12-16T17:25:28,59.41,1.0,SetByBid
2025-12-16 17:25:28,2025-12-16T17:25:28,59.41,1.0,SetByBid
2025-12-16 17:25:28,2025-12-16T17:25:28,59.41,1.0,SetByBid
2025-12-16 17:25:28,2025-12-16T17:25:28,59.41,1.0,SetByBid
2025-12-16 17:25:28,2025-12-16T17:25:28,59.41,1.0,SetByBid
2025-12-16 17:25:28,2025-12-16T17:25:28,59.41,1.0,SetByBid
2025-12-16 17:25:28,2025-12-16T17:25:28,59.41,1.0,SetByBid
2025-12-16 17:25:28,2025-12-16T17:25:28,59.41,1.0,SetByBid
2025-12-16 17:25:28,2025-12-16T17:25:28,59.41,2.0,SetByBid
2025-12-16 17:25:28,2025-12-16T17:25:28,59.41,1.0,SetByBid
2025-12-16 17:25:28,2025-12-16T17:25:28,59.41,1.0,SetByBid
2025-12-16 17:25:29,2025-12-16T17:25:29,59.42,1.0,SetByBid
2025-12-16 17:25:29,2025-12-16T17:25:29,59.42,1.0,SetByBid
2025-12-16 17:25:29,2025-12-16T17:25:29,59.42,1.0,SetByBid
2025-12-16 17:25:29,2025-12-16T17:25:29,59.42,1.0,SetByBid
2025-12-16 17:25:29,2025-12-16T17:25:29,59.42,1.0,SetByBid
2025-12-16 17:25:29,2025-12-16T17:25:29,59.42,1.0,SetByBid
2025-12-16 17:25:30,2025-12-16T17:25:30,59.42,1.0,SetByBid
2025-12-16 17:25:30,2025-12-16T17:25:30,59.42,1.0,SetByBid
2025-12-16 17:25:30,2025-12-16T17:25:30,59.42,2.0,SetByBid
2025-12-16 17:25:30,2025-12-16T17:25:30,59.41,1.0,SetByBid
2025-12-16 17:25:30,2025-12-16T17:25:30,59.41,1.0,SetByBid
2025-12-16 17:25:30,2025-12-16T17:25:30,59.41,1.0,SetByBid
2025-12-16 17:25:30,2025-12-16T17:25:30,59.41,1.0,SetByBid
2025-12-16 17:25:31,2025-12-16T17:25:31,59.42,1.0,SetByBid
2025-12-16 17:25:31,2025-12-16T17:25:31,59.42,1.0,SetByBid
2025-12-16 17:25:31,2025-12-16T17:25:31,59.42,1.0,SetByBid
2025-12-16 17:25:31,2025-12-16T17:25:31,59.42,1.0,SetByBid
2025-12-16 17:25:31,2025-12-16T17:25:31,59.42,1.0,SetByBid
2025-12-16 17:25:31,2025-12-16T17:25:31,59.42,1.0,SetByBid
2025-12-16 17:25:31,2025-12-16T17:25:31,59.41,1.0,SetByBid
2025-12-16 17:25:32,2025-12-16T17:25:32,59.42,1.0,SetByBid
2025-12-16 17:25:32,2025-12-16T17:25:32,59.42,1.0,SetByBid
2025-12-16 17:25:32,2025-12-16T17:25:32,59.42,1.0,SetByBid
2025-12-16 17:25:32,2025-12-16T17:25:32,59.41,3.0,SetByBid
2025-12-16 17:25:32,2025-12-16T17:25:32,59.42,2.0,SetByBid
2025-12-16 17:25:33,2025-12-16T17:25:33,59.42,1.0,SetByBid
2025-12-16 17:25:33,2025-12-16T17:25:33,59.42,1.0,SetByBid
2025-12-16 17:25:33,2025-12-16T17:25:33,59.42,1.0,SetByBid
2025-12-16 17:25:33,2025-12-16T17:25:33,59.42,1.0,SetByBid
2025-12-16 17:25:33,2025-12-16T17:25:33,59.42,1.0,SetByBid
2025-12-16 17:25:33,2025-12-16T17:25:33,59.42,1.0,SetByBid
2025-12-16 17:25:33,2025-12-16T17:25:33,59.42,1.0,SetByBid
2025-12-16 17:25:33,2025-12-16T17:25:33,59.42,1.0,SetByBid
2025-12-16 17:25:33,2025-12-16T17:25:33,59.42,1.0,SetByBid
2025-12-16 17:25:33,2025-12-16T17:25:33,59.42,1.0,SetByBid
2025-12-16 17:25:33,2025-12-16T17:25:33,59.42,1.0,SetByBid
2025-12-16 17:25:33,2025-12-16T17:25:33,59.42,1.0,SetByBid
2025-12-16 17:25:33,2025-12-16T17:25:33,59.42,1.0,SetByBid
2025-12-16 17:25:33,2025-12-16T17:25:33,59.42,1.0,SetByBid
2025-12-16 17:25:33,2025-12-16T17:25:33,59.42,1.0,SetByBid
2025-12-16 17:25:34,2025-12-16T17:25:34,59.42,1.0,SetByBid
2025-12-16 17:25:34,2025-12-16T17:25:34,59.42,1.0,SetByBid
2025-12-16 17:25:34,2025-12-16T17:25:34,59.42,1.0,SetByBid
2025-12-16 17:25:34,2025-12-16T17:25:34,59.42,1.0,SetByBid
2025-12-16 17:25:34,2025-12-16T17:25:34,59.42,1.0,SetByBid
2025-12-16 17:25:34,2025-12-16T17:25:34,59.42,1.0,SetByBid
2025-12-16 17:25:34,2025-12-16T17:25:34,59.42,1.0,SetByBid
2025-12-16 17:25:34,2025-12-16T17:25:34,59.42,1.0,SetByBid
2025-12-16 17:25:34,2025-12-16T17:25:34,59.42,1.0,SetByBid
2025-12-16 17:25:34,2025-12-16T17:25:34,59.42,1.0,SetByBid
2025-12-16 17:25:34,2025-12-16T17:25:34,59.42,1.0,SetByBid
2025-12-16 17:25:34,2025-12-16T17:25:34,59.42,1.0,SetByBid
2025-12-16 17:25:34,2025-12-16T17:25:34,59.43,1.0,SetByBid
2025-12-16 17:25:34,2025-12-16T17:25:34,59.43,1.0,SetByBid
2025-12-16 17:25:35,2025-12-16T17:25:35,59.43,1.0,SetByBid
2025-12-16 17:25:35,2025-12-16T17:25:35,59.43,1.0,SetByBid
2025-12-16 17:25:35,2025-12-16T17:25:35,59.43,1.0,SetByBid
2025-12-16 17:25:35,2025-12-16T17:25:35,59.42,2.0,SetByAsk
2025-12-16 17:25:35,2025-12-16T17:25:35,59.42,1.0,SetByAsk
2025-12-16 17:25:35,2025-12-16T17:25:35,59.42,1.0,SetByAsk
2025-12-16 17:25:35,2025-12-16T17:25:35,59.43,1.0,SetByBid
2025-12-16 17:25:35,2025-12-16T17:25:35,59.43,1.0,SetByBid
2025-12-16 17:25:35,2025-12-16T17:25:35,59.42,1.0,SetByBid
2025-12-16 17:25:35,2025-12-16T17:25:35,59.42,1.0,SetByBid
2025-12-16 17:25:35,2025-12-16T17:25:35,59.41,1.0,SetByAsk
2025-12-16 17:25:35,2025-12-16T17:25:35,59.41,1.0,SetByAsk
2025-12-16 17:25:35,2025-12-16T17:25:35,59.42,1.0,SetByBid
2025-12-16 17:25:36,2025-12-16T17:25:36,59.4,1.0,SetByAsk
2025-12-16 17:25:36,2025-12-16T17:25:36,59.4,1.0,SetByAsk
2025-12-16 17:25:36,2025-12-16T17:25:36,59.41,2.0,SetByBid
2025-12-16 17:25:36,2025-12-16T17:25:36,59.4,1.0,SetByAsk
2025-12-16 17:25:39,2025-12-16T17:25:39,59.41,1.0,SetByBid
2025-12-16 17:25:39,2025-12-16T17:25:39,59.41,1.0,SetByBid
2025-12-16 17:25:39,2025-12-16T17:25:39,59.41,1.0,SetByBid
2025-12-16 17:25:39,2025-12-16T17:25:39,59.42,1.0,SetByBid
2025-12-16 17:25:39,2025-12-16T17:25:39,59.42,1.0,SetByBid
2025-12-16 17:25:39,2025-12-16T17:25:39,59.42,1.0,SetByBid
2025-12-16 17:25:39,2025-12-16T17:25:39,59.42,1.0,SetByBid
2025-12-16 17:25:39,2025-12-16T17:25:39,59.42,1.0,SetByBid
2025-12-16 17:25:39,2025-12-16T17:25:39,59.42,1.0,SetByBid
2025-12-16 17:25:40,2025-12-16T17:25:40,59.42,1.0,SetByBid
2025-12-16 17:25:40,2025-12-16T17:25:40,59.42,1.0,SetByBid
2025-12-16 17:25:40,2025-12-16T17:25:40,59.42,4.0,SetByBid
2025-12-16 17:25:40,2025-12-16T17:25:40,59.43,1.0,SetByBid
2025-12-16 17:25:40,2025-12-16T17:25:40,59.43,1.0,SetByBid
2025-12-16 17:25:40,2025-12-16T17:25:40,59.43,1.0,SetByBid
2025-12-16 17:25:40,2025-12-16T17:25:40,59.43,1.0,SetByBid
2025-12-16 17:25:40,2025-12-16T17:25:40,59.43,1.0,SetByBid
2025-12-16 17:25:40,2025-12-16T17:25:40,59.43,1.0,SetByBid
2025-12-16 17:25:40,2025-12-16T17:25:40,59.43,1.0,SetByBid
2025-12-16 17:25:40,2025-12-16T17:25:40,59.43,1.0,SetByBid
2025-12-16 17:25:40,2025-12-16T17:25:40,59.43,1.0,SetByBid
2025-12-16 17:25:40,2025-12-16T17:25:40,59.43,1.0,SetByBid
2025-12-16 17:25:40,2025-12-16T17:25:40,59.43,1.0,SetByBid
2025-12-16 17:25:40,2025-12-16T17:25:40,59.42,1.0,SetByBid
2025-12-16 17:25:40,2025-12-16T17:25:40,59.43,1.0,SetByBid
2025-12-16 17:25:41,2025-12-16T17:25:41,59.42,1.0,SetByBid
2025-12-16 17:25:41,2025-12-16T17:25:41,59.42,1.0,SetByBid
2025-12-16 17:25:44,2025-12-16T17:25:44,59.41,1.0,SetByBid
2025-12-16 17:25:44,2025-12-16T17:25:44,59.41,1.0,SetByBid
2025-12-16 17:25:44,2025-12-16T17:25:44,59.41,2.0,SetByAsk
2025-12-16 17:25:46,2025-12-16T17:25:46,59.41,2.0,SetByBid
2025-12-16 17:25:46,2025-12-16T17:25:46,59.41,1.0,SetByBid
2025-12-16 17:25:46,2025-12-16T17:25:46,59.41,1.0,SetByBid
2025-12-16 17:25:47,2025-12-16T17:25:47,59.41,1.0,SetByBid
2025-12-16 17:25:47,2025-12-16T17:25:47,59.41,1.0,SetByBid
2025-12-16 17:25:47,2025-12-16T17:25:47,59.41,1.0,SetByBid
2025-12-16 17:25:47,2025-12-16T17:25:47,59.41,1.0,SetByBid
2025-12-16 17:25:47,2025-12-16T17:25:47,59.42,1.0,SetByBid
2025-12-16 17:25:47,2025-12-16T17:25:47,59.42,1.0,SetByBid
2025-12-16 17:25:47,2025-12-16T17:25:47,59.41,1.0,SetByBid
2025-12-16 17:25:47,2025-12-16T17:25:47,59.41,1.0,SetByBid
2025-12-16 17:25:47,2025-12-16T17:25:47,59.42,1.0,SetByBid
2025-12-16 17:25:47,2025-12-16T17:25:47,59.42,1.0,SetByBid
2025-12-16 17:25:47,2025-12-16T17:25:47,59.42,1.0,SetByBid
2025-12-16 17:25:48,2025-12-16T17:25:48,59.42,1.0,SetByBid
2025-12-16 17:25:48,2025-12-16T17:25:48,59.42,1.0,SetByBid
2025-12-16 17:25:48,2025-12-16T17:25:48,59.42,1.0,SetByBid
2025-12-16 17:25:48,2025-12-16T17:25:48,59.42,1.0,SetByBid
2025-12-16 17:25:49,2025-12-16T17:25:49,59.42,1.0,SetByBid
2025-12-16 17:25:49,2025-12-16T17:25:49,59.42,1.0,SetByBid
2025-12-16 17:25:49,2025-12-16T17:25:49,59.41,1.0,SetByAsk
2025-12-16 17:25:49,2025-12-16T17:25:49,59.41,1.0,SetByAsk
2025-12-16 17:25:49,2025-12-16T17:25:49,59.41,2.0,SetByBid
2025-12-16 17:25:49,2025-12-16T17:25:49,59.41,2.0,SetByBid
2025-12-16 17:25:49,2025-12-16T17:25:49,59.41,1.0,SetByBid
2025-12-16 17:25:49,2025-12-16T17:25:49,59.42,1.0,SetByBid
2025-12-16 17:25:51,2025-12-16T17:25:51,59.42,1.0,SetByBid
2025-12-16 17:25:51,2025-12-16T17:25:51,59.42,1.0,SetByBid
2025-12-16 17:25:51,2025-12-16T17:25:51,59.42,1.0,SetByBid
2025-12-16 17:25:57,2025-12-16T17:25:57,59.4,1.0,SetByAsk
2025-12-16 17:25:57,2025-12-16T17:25:57,59.4,1.0,SetByAsk
2025-12-16 17:25:57,2025-12-16T17:25:57,59.4,1.0,SetByAsk
2025-12-16 17:25:57,2025-12-16T17:25:57,59.4,1.0,SetByAsk
2025-12-16 17:25:57,2025-12-16T17:25:57,59.4,1.0,SetByAsk
2025-12-16 17:25:57,2025-12-16T17:25:57,59.4,1.0,SetByAsk
2025-12-16 17:25:57,2025-12-16T17:25:57,59.4,1.0,SetByAsk
2025-12-16 17:25:57,2025-12-16T17:25:57,59.4,1.0,SetByAsk
2025-12-16 17:25:57,2025-12-16T17:25:57,59.4,1.0,SetByAsk
2025-12-16 17:25:57,2025-12-16T17:25:57,59.4,1.0,SetByAsk
2025-12-16 17:25:57,2025-12-16T17:25:57,59.4,1.0,SetByAsk
2025-12-16 17:25:57,2025-12-16T17:25:57,59.4,1.0,SetByAsk
2025-12-16 17:25:57,2025-12-16T17:25:57,59.4,1.0,SetByAsk
2025-12-16 17:25:57,2025-12-16T17:25:57,59.4,1.0,SetByAsk
2025-12-16 17:25:57,2025-12-16T17:25:57,59.4,1.0,SetByAsk
2025-12-16 17:25:58,2025-12-16T17:25:58,59.4,1.0,SetByAsk
2025-12-16 17:26:02,2025-12-16T17:26:02,59.42,1.0,SetByBid
2025-12-16 17:26:02,2025-12-16T17:26:02,59.42,1.0,SetByBid
2025-12-16 17:26:02,2025-12-16T17:26:02,59.42,1.0,SetByBid
2025-12-16 17:26:02,2025-12-16T17:26:02,59.42,1.0,SetByBid
2025-12-16 17:26:32,2025-12-16T17:26:32,59.39,1.0,SetByAsk
2025-12-16 17:26:33,2025-12-16T17:26:33,59.39,1.0,SetByAsk
2025-12-16 17:26:45,2025-12-16T17:26:45,59.39,15.0,SetByAsk
2025-12-16 17:26:45,2025-12-16T17:26:45,59.39,4.0,SetByAsk
2025-12-16 17:26:55,2025-12-16T17:26:55,59.4,1.0,SetByBid
2025-12-16 17:27:39,2025-12-16T17:27:39,59.39,1.0,SetByBid
2025-12-16 17:27:40,2025-12-16T17:27:40,59.39,1.0,SetByBid
2025-12-16 17:28:07,2025-12-16T17:28:07,59.4,1.0,SetByBid
2025-12-16 17:28:07,2025-12-16T17:28:07,59.4,1.0,SetByBid
2025-12-16 17:28:08,2025-12-16T17:28:08,59.39,1.0,SetByBid
2025-12-16 17:28:11,2025-12-16T17:28:11,59.38,1.0,SetByBid
2025-12-16 17:28:21,2025-12-16T17:28:21,59.37,1.0,SetByAsk
2025-12-16 17:28:21,2025-12-16T17:28:21,59.37,1.0,SetByAsk
2025-12-16 17:28:27,2025-12-16T17:28:27,59.39,1.0,SetByBid
2025-12-16 17:28:27,2025-12-16T17:28:27,59.39,1.0,SetByBid
2025-12-16 17:28:27,2025-12-16T17:28:27,59.4,1.0,SetByBid
2025-12-16 17:28:27,2025-12-16T17:28:27,59.4,1.0,SetByBid
2025-12-16 17:28:27,2025-12-16T17:28:27,59.4,1.0,SetByBid
2025-12-16 17:28:27,2025-12-16T17:28:27,59.4,1.0,SetByBid
2025-12-16 17:28:31,2025-12-16T17:28:31,59.4,1.0,SetByAsk
2025-12-16 17:28:33,2025-12-16T17:28:33,59.39,1.0,SetByAsk
2025-12-16 17:28:33,2025-12-16T17:28:33,59.39,1.0,SetByAsk
2025-12-16 17:28:33,2025-12-16T17:28:33,59.39,1.0,SetByAsk
2025-12-16 17:28:38,2025-12-16T17:28:38,59.39,1.0,SetByAsk
2025-12-16 17:28:55,2025-12-16T17:28:55,59.41,1.0,SetByBid
2025-12-16 17:28:55,2025-12-16T17:28:55,59.39,1.0,SetByAsk
2025-12-16 17:29:23,2025-12-16T17:29:23,59.39,1.0,SetByAsk
2025-12-16 17:29:31,2025-12-16T17:29:31,59.38,1.0,SetByAsk
2025-12-16 17:29:45,2025-12-16T17:29:45,59.39,1.0,SetByBid
2025-12-16 17:29:59,2025-12-16T17:29:59,59.38,1.0,SetByAsk
2025-12-16 17:29:59,2025-12-16T17:29:59,59.38,1.0,SetByAsk
2025-12-16 17:30:02,2025-12-16T17:30:02,59.37,1.0,SetByAsk
2025-12-16 17:30:06,2025-12-16T17:30:06,59.35,1.0,SetByAsk
2025-12-16 17:30:06,2025-12-16T17:30:06,59.35,1.0,SetByAsk
2025-12-16 17:30:10,2025-12-16T17:30:10,59.36,1.0,SetByAsk
2025-12-16 17:30:10,2025-12-16T17:30:10,59.36,1.0,SetByAsk
2025-12-16 17:30:10,2025-12-16T17:30:10,59.36,1.0,SetByAsk
2025-12-16 17:30:11,2025-12-16T17:30:11,59.37,1.0,SetByBid
2025-12-16 17:30:11,2025-12-16T17:30:11,59.37,1.0,SetByAsk
2025-12-16 17:30:11,2025-12-16T17:30:11,59.37,1.0,SetByAsk
2025-12-16 17:30:12,2025-12-16T17:30:12,59.36,1.0,SetByAsk
2025-12-16 17:30:16,2025-12-16T17:30:16,59.35,1.0,SetByAsk
2025-12-16 17:30:16,2025-12-16T17:30:16,59.35,1.0,SetByAsk
2025-12-16 17:30:16,2025-12-16T17:30:16,59.36,1.0,SetByAsk
2025-12-16 17:30:21,2025-12-16T17:30:21,59.38,1.0,SetByAsk
2025-12-16 17:30:21,2025-12-16T17:30:21,59.38,1.0,SetByAsk
2025-12-16 17:30:26,2025-12-16T17:30:26,59.39,1.0,SetByAsk
2025-12-16 17:30:27,2025-12-16T17:30:27,59.4,1.0,SetByBid
2025-12-16 17:30:27,2025-12-16T17:30:27,59.4,1.0,SetByBid
2025-12-16 17:30:27,2025-12-16T17:30:27,59.4,1.0,SetByBid
2025-12-16 17:30:37,2025-12-16T17:30:37,59.37,1.0,SetByAsk
2025-12-16 17:30:37,2025-12-16T17:30:37,59.37,1.0,SetByAsk
2025-12-16 17:30:40,2025-12-16T17:30:40,59.39,1.0,SetByBid
2025-12-16 17:30:40,2025-12-16T17:30:40,59.39,1.0,SetByBid
2025-12-16 17:30:40,2025-12-16T17:30:40,59.37,1.0,SetByAsk
2025-12-16 17:30:43,2025-12-16T17:30:43,59.36,1.0,SetByAsk
2025-12-16 17:31:39,2025-12-16T17:31:39,59.33,1.0,SetByBid
2025-12-16 17:31:44,2025-12-16T17:31:44,59.32,1.0,SetByAsk
2025-12-16 17:31:44,2025-12-16T17:31:44,59.32,1.0,SetByAsk
2025-12-16 17:31:44,2025-12-16T17:31:44,59.32,1.0,SetByAsk
2025-12-16 17:31:44,2025-12-16T17:31:44,59.32,1.0,SetByAsk
2025-12-16 17:31:44,2025-12-16T17:31:44,59.32,1.0,SetByAsk
2025-12-16 17:31:44,2025-12-16T17:31:44,59.32,1.0,SetByAsk
2025-12-16 17:31:49,2025-12-16T17:31:49,59.34,1.0,SetByAsk
2025-12-16 17:31:49,2025-12-16T17:31:49,59.34,1.0,SetByAsk
2025-12-16 17:31:50,2025-12-16T17:31:50,59.35,1.0,SetByAsk
2025-12-16 17:31:50,2025-12-16T17:31:50,59.34,1.0,SetByAsk
2025-12-16 17:31:50,2025-12-16T17:31:50,59.34,1.0,SetByAsk
2025-12-16 17:31:52,2025-12-16T17:31:52,59.37,1.0,SetByBid
2025-12-16 17:32:48,2025-12-16T17:32:48,59.34,1.0,SetByAsk
2025-12-16 17:32:51,2025-12-16T17:32:51,59.34,1.0,SetByAsk
2025-12-16 17:32:55,2025-12-16T17:32:55,59.35,1.0,SetByBid
2025-12-16 17:33:09,2025-12-16T17:33:09,59.35,1.0,SetByBid
2025-12-16 17:33:09,2025-12-16T17:33:09,59.35,1.0,SetByBid
2025-12-16 17:33:09,2025-12-16T17:33:09,59.35,1.0,SetByBid
2025-12-16 17:33:09,2025-12-16T17:33:09,59.35,1.0,SetByAsk
2025-12-16 17:33:16,2025-12-16T17:33:16,59.35,1.0,SetByBid
2025-12-16 17:33:16,2025-12-16T17:33:16,59.35,4.0,SetByBid
2025-12-16 17:33:16,2025-12-16T17:33:16,59.35,2.0,SetByBid
2025-12-16 17:33:30,2025-12-16T17:33:30,59.35,3.0,SetByBid
2025-12-16 17:33:31,2025-12-16T17:33:31,59.34,1.0,SetByAsk
2025-12-16 17:33:40,2025-12-16T17:33:40,59.33,3.0,SetByBid
2025-12-16 17:33:40,2025-12-16T17:33:40,59.33,10.0,SetByBid
2025-12-16 17:33:40,2025-12-16T17:33:40,59.33,1.0,SetByBid
2025-12-16 17:33:40,2025-12-16T17:33:40,59.33,6.0,SetByBid
2025-12-16 17:33:52,2025-12-16T17:33:52,59.34,1.0,SetByAsk
2025-12-16 17:33:52,2025-12-16T17:33:52,59.34,1.0,SetByAsk
2025-12-16 17:34:08,2025-12-16T17:34:08,59.36,1.0,SetByBid
2025-12-16 17:34:08,2025-12-16T17:34:08,59.36,1.0,SetByBid
2025-12-16 17:34:08,2025-12-16T17:34:08,59.36,1.0,SetByBid
2025-12-16 17:34:08,2025-12-16T17:34:08,59.36,1.0,SetByBid
2025-12-16 17:34:08,2025-12-16T17:34:08,59.36,1.0,SetByBid
2025-12-16 17:34:44,2025-12-16T17:34:44,59.34,1.0,SetByBid
2025-12-16 17:34:44,2025-12-16T17:34:44,59.34,5.0,SetByBid
2025-12-16 17:34:44,2025-12-16T17:34:44,59.34,1.0,SetByBid
2025-12-16 17:34:44,2025-12-16T17:34:44,59.34,1.0,SetByBid
2025-12-16 17:34:58,2025-12-16T17:34:58,59.36,1.0,SetByAsk
2025-12-16 17:35:11,2025-12-16T17:35:11,59.35,1.0,SetByBid
2025-12-16 17:35:14,2025-12-16T17:35:14,59.34,1.0,SetByAsk
2025-12-16 17:35:14,2025-12-16T17:35:14,59.35,1.0,SetByBid
2025-12-16 17:35:15,2025-12-16T17:35:15,59.34,1.0,SetByAsk
2025-12-16 17:35:15,2025-12-16T17:35:15,59.34,1.0,SetByAsk
2025-12-16 17:35:41,2025-12-16T17:35:41,59.33,3.0,SetByAsk
2025-12-16 17:35:41,2025-12-16T17:35:41,59.33,1.0,SetByAsk
2025-12-16 17:36:01,2025-12-16T17:36:01,59.31,1.0,SetByAsk
2025-12-16 17:36:01,2025-12-16T17:36:01,59.31,1.0,SetByAsk
2025-12-16 17:36:01,2025-12-16T17:36:01,59.31,1.0,SetByAsk
2025-12-16 17:36:01,2025-12-16T17:36:01,59.31,1.0,SetByAsk
2025-12-16 17:36:01,2025-12-16T17:36:01,59.31,1.0,SetByAsk
2025-12-16 17:36:02,2025-12-16T17:36:02,59.3,1.0,SetByAsk
2025-12-16 17:36:02,2025-12-16T17:36:02,59.3,1.0,SetByAsk
2025-12-16 17:36:05,2025-12-16T17:36:05,59.3,1.0,SetByAsk
2025-12-16 17:36:26,2025-12-16T17:36:26,59.3,1.0,SetByBid
2025-12-16 17:36:28,2025-12-16T17:36:28,59.29,3.0,SetByAsk
2025-12-16 17:36:28,2025-12-16T17:36:28,59.28,1.0,SetByAsk
2025-12-16 17:36:28,2025-12-16T17:36:28,59.28,1.0,SetByAsk
2025-12-16 17:36:31,2025-12-16T17:36:31,59.28,1.0,SetByAsk
2025-12-16 17:37:08,2025-12-16T17:37:08,59.27,1.0,SetByAsk
2025-12-16 17:37:25,2025-12-16T17:37:25,59.26,1.0,SetByAsk
2025-12-16 17:37:25,2025-12-16T17:37:25,59.26,1.0,SetByAsk
2025-12-16 17:37:25,2025-12-16T17:37:25,59.25,4.0,SetByAsk
2025-12-16 17:37:25,2025-12-16T17:37:25,59.25,1.0,SetByAsk
2025-12-16 17:37:25,2025-12-16T17:37:25,59.23,1.0,SetByAsk
2025-12-16 17:37:25,2025-12-16T17:37:25,59.23,1.0,SetByAsk
2025-12-16 17:37:25,2025-12-16T17:37:25,59.23,1.0,SetByAsk
2025-12-16 17:37:25,2025-12-16T17:37:25,59.23,1.0,SetByAsk
2025-12-16 17:37:25,2025-12-16T17:37:25,59.23,1.0,SetByAsk
2025-12-16 17:37:25,2025-12-16T17:37:25,59.23,1.0,SetByAsk
2025-12-16 17:37:25,2025-12-16T17:37:25,59.23,1.0,SetByAsk
2025-12-16 17:37:25,2025-12-16T17:37:25,59.23,1.0,SetByAsk
2025-12-16 17:37:25,2025-12-16T17:37:25,59.23,1.0,SetByAsk
2025-12-16 17:37:25,2025-12-16T17:37:25,59.23,1.0,SetByAsk
2025-12-16 17:37:25,2025-12-16T17:37:25,59.23,1.0,SetByAsk
2025-12-16 17:37:25,2025-12-16T17:37:25,59.23,1.0,SetByAsk
2025-12-16 17:37:25,2025-12-16T17:37:25,59.23,1.0,SetByAsk
2025-12-16 17:37:25,2025-12-16T17:37:25,59.23,1.0,SetByAsk
2025-12-16 17:37:25,2025-12-16T17:37:25,59.23,1.0,SetByAsk
2025-12-16 17:37:25,2025-12-16T17:37:25,59.23,2.0,SetByAsk
2025-12-16 17:37:25,2025-12-16T17:37:25,59.23,1.0,SetByAsk
2025-12-16 17:37:25,2025-12-16T17:37:25,59.23,1.0,SetByAsk
2025-12-16 17:37:25,2025-12-16T17:37:25,59.23,3.0,SetByAsk
2025-12-16 17:37:25,2025-12-16T17:37:25,59.24,1.0,SetByBid
2025-12-16 17:37:25,2025-12-16T17:37:25,59.24,1.0,SetByBid
2025-12-16 17:37:25,2025-12-16T17:37:25,59.24,1.0,SetByBid
2025-12-16 17:37:25,2025-12-16T17:37:25,59.22,1.0,SetByAsk
2025-12-16 17:37:31,2025-12-16T17:37:31,59.25,1.0,SetByBid
2025-12-16 17:37:31,2025-12-16T17:37:31,59.25,1.0,SetByBid
2025-12-16 17:37:31,2025-12-16T17:37:31,59.25,1.0,SetByBid
2025-12-16 17:37:31,2025-12-16T17:37:31,59.25,1.0,SetByBid
2025-12-16 17:37:31,2025-12-16T17:37:31,59.25,1.0,SetByBid
2025-12-16 17:37:31,2025-12-16T17:37:31,59.25,1.0,SetByBid
2025-12-16 17:37:58,2025-12-16T17:37:58,59.25,1.0,SetByAsk
2025-12-16 17:37:58,2025-12-16T17:37:58,59.25,1.0,SetByAsk
2025-12-16 17:37:58,2025-12-16T17:37:58,59.25,1.0,SetByAsk
2025-12-16 17:38:18,2025-12-16T17:38:18,59.25,1.0,SetByAsk
2025-12-16 17:38:24,2025-12-16T17:38:24,59.25,1.0,SetByAsk
2025-12-16 17:38:26,2025-12-16T17:38:26,59.26,1.0,SetByBid
2025-12-16 17:38:46,2025-12-16T17:38:46,59.25,1.0,SetByAsk
2025-12-16 17:38:49,2025-12-16T17:38:49,59.25,1.0,SetByAsk
2025-12-16 17:39:01,2025-12-16T17:39:01,59.24,1.0,SetByAsk
2025-12-16 17:39:11,2025-12-16T17:39:11,59.24,1.0,SetByAsk
2025-12-16 17:39:18,2025-12-16T17:39:18,59.23,1.0,SetByBid
2025-12-16 17:39:18,2025-12-16T17:39:18,59.23,1.0,SetByBid
2025-12-16 17:39:18,2025-12-16T17:39:18,59.23,1.0,SetByBid
2025-12-16 17:39:40,2025-12-16T17:39:40,59.24,1.0,SetByAsk
2025-12-16 17:39:55,2025-12-16T17:39:55,59.24,1.0,SetByAsk
2025-12-16 17:39:55,2025-12-16T17:39:55,59.24,1.0,SetByAsk
2025-12-16 17:39:57,2025-12-16T17:39:57,59.23,1.0,SetByAsk
2025-12-16 17:40:30,2025-12-16T17:40:30,59.25,1.0,SetByBid
2025-12-16 17:40:51,2025-12-16T17:40:51,59.26,1.0,SetByBid
2025-12-16 17:40:51,2025-12-16T17:40:51,59.26,3.0,SetByBid
2025-12-16 17:40:51,2025-12-16T17:40:51,59.26,2.0,SetByBid
2025-12-16 17:40:53,2025-12-16T17:40:53,59.25,1.0,SetByBid
2025-12-16 17:41:05,2025-12-16T17:41:05,59.26,1.0,SetByBid
2025-12-16 17:41:05,2025-12-16T17:41:05,59.26,1.0,SetByBid
2025-12-16 17:41:05,2025-12-16T17:41:05,59.26,2.0,SetByBid
2025-12-16 17:41:05,2025-12-16T17:41:05,59.26,1.0,SetByBid
2025-12-16 17:41:05,2025-12-16T17:41:05,59.26,1.0,SetByBid
2025-12-16 17:41:05,2025-12-16T17:41:05,59.26,1.0,SetByBid
2025-12-16 17:41:22,2025-12-16T17:41:22,59.28,1.0,SetByBid
2025-12-16 17:41:22,2025-12-16T17:41:22,59.28,1.0,SetByBid
2025-12-16 17:41:30,2025-12-16T17:41:30,59.3,1.0,SetByBid
2025-12-16 17:41:30,2025-12-16T17:41:30,59.3,1.0,SetByBid
2025-12-16 17:41:30,2025-12-16T17:41:30,59.3,2.0,SetByAsk
2025-12-16 17:41:38,2025-12-16T17:41:38,59.31,1.0,SetByBid
2025-12-16 17:41:40,2025-12-16T17:41:40,59.31,1.0,SetByBid
2025-12-16 17:41:41,2025-12-16T17:41:41,59.31,1.0,SetByBid
2025-12-16 17:41:42,2025-12-16T17:41:42,59.31,1.0,SetByBid
2025-12-16 17:42:19,2025-12-16T17:42:19,59.32,1.0,SetByBid
2025-12-16 17:42:19,2025-12-16T17:42:19,59.32,1.0,SetByBid
2025-12-16 17:42:19,2025-12-16T17:42:19,59.32,1.0,SetByBid
2025-12-16 17:42:23,2025-12-16T17:42:23,59.32,2.0,SetByAsk
2025-12-16 17:42:34,2025-12-16T17:42:34,59.32,2.0,SetByAsk
2025-12-16 17:42:35,2025-12-16T17:42:35,59.33,1.0,SetByBid
2025-12-16 17:42:43,2025-12-16T17:42:43,59.33,1.0,SetByBid
2025-12-16 17:42:46,2025-12-16T17:42:46,59.33,1.0,SetByBid
2025-12-16 17:43:04,2025-12-16T17:43:04,59.31,1.0,SetByAsk
2025-12-16 17:43:04,2025-12-16T17:43:04,59.31,1.0,SetByAsk
2025-12-16 17:43:04,2025-12-16T17:43:04,59.31,1.0,SetByAsk
2025-12-16 17:43:42,2025-12-16T17:43:42,59.31,1.0,SetByBid
2025-12-16 17:45:33,2025-12-16T17:45:33,59.27,1.0,SetByAsk
2025-12-16 17:45:33,2025-12-16T17:45:33,59.27,1.0,SetByAsk
2025-12-16 17:45:34,2025-12-16T17:45:34,59.27,1.0,SetByBid
2025-12-16 17:45:37,2025-12-16T17:45:37,59.29,1.0,SetByBid
2025-12-16 17:45:37,2025-12-16T17:45:37,59.29,1.0,SetByBid
2025-12-16 17:46:21,2025-12-16T17:46:21,59.27,1.0,SetByBid
2025-12-16 17:46:21,2025-12-16T17:46:21,59.27,1.0,SetByBid
2025-12-16 17:46:32,2025-12-16T17:46:32,59.26,1.0,SetByAsk
2025-12-16 17:46:57,2025-12-16T17:46:57,59.24,1.0,SetByAsk
2025-12-16 17:46:57,2025-12-16T17:46:57,59.24,1.0,SetByAsk
2025-12-16 17:47:00,2025-12-16T17:47:00,59.24,1.0,SetByAsk
2025-12-16 17:47:00,2025-12-16T17:47:00,59.23,1.0,SetByAsk
2025-12-16 17:47:00,2025-12-16T17:47:00,59.23,1.0,SetByAsk
2025-12-16 17:47:05,2025-12-16T17:47:05,59.23,1.0,SetByBid
2025-12-16 17:47:05,2025-12-16T17:47:05,59.23,1.0,SetByBid
2025-12-16 17:47:05,2025-12-16T17:47:05,59.23,1.0,SetByBid
2025-12-16 17:47:05,2025-12-16T17:47:05,59.23,1.0,SetByBid
2025-12-16 17:47:05,2025-12-16T17:47:05,59.23,1.0,SetByAsk
2025-12-16 17:47:07,2025-12-16T17:47:07,59.24,1.0,SetByBid
2025-12-16 17:47:12,2025-12-16T17:47:12,59.24,1.0,SetByAsk
2025-12-16 17:47:21,2025-12-16T17:47:21,59.23,1.0,SetByAsk
2025-12-16 17:47:21,2025-12-16T17:47:21,59.23,1.0,SetByAsk
2025-12-16 17:47:21,2025-12-16T17:47:21,59.23,1.0,SetByAsk
2025-12-16 17:47:22,2025-12-16T17:47:22,59.22,1.0,SetByAsk
2025-12-16 17:47:23,2025-12-16T17:47:23,59.24,1.0,SetByBid
2025-12-16 17:47:24,2025-12-16T17:47:24,59.22,1.0,SetByAsk
2025-12-16 17:47:28,2025-12-16T17:47:28,59.21,1.0,SetByAsk
2025-12-16 17:47:28,2025-12-16T17:47:28,59.21,1.0,SetByAsk
2025-12-16 17:47:31,2025-12-16T17:47:31,59.23,1.0,SetByBid
2025-12-16 17:47:37,2025-12-16T17:47:37,59.22,4.0,SetByAsk
2025-12-16 17:47:37,2025-12-16T17:47:37,59.22,1.0,SetByAsk
2025-12-16 17:47:37,2025-12-16T17:47:37,59.22,3.0,SetByAsk
2025-12-16 17:47:37,2025-12-16T17:47:37,59.22,1.0,SetByAsk
2025-12-16 17:47:37,2025-12-16T17:47:37,59.22,1.0,SetByAsk
2025-12-16 17:47:41,2025-12-16T17:47:41,59.21,1.0,SetByAsk
2025-12-16 17:47:41,2025-12-16T17:47:41,59.21,1.0,SetByAsk
2025-12-16 17:47:50,2025-12-16T17:47:50,59.21,1.0,SetByBid
2025-12-16 17:47:50,2025-12-16T17:47:50,59.21,1.0,SetByBid
2025-12-16 17:47:56,2025-12-16T17:47:56,59.22,1.0,SetByBid
2025-12-16 17:48:55,2025-12-16T17:48:55,59.21,1.0,SetByBid
2025-12-16 17:49:09,2025-12-16T17:49:09,59.22,1.0,SetByBid
2025-12-16 17:49:09,2025-12-16T17:49:09,59.22,1.0,SetByBid
2025-12-16 17:49:46,2025-12-16T17:49:46,59.2,1.0,SetByAsk
2025-12-16 17:49:46,2025-12-16T17:49:46,59.2,1.0,SetByAsk
2025-12-16 17:49:46,2025-12-16T17:49:46,59.2,1.0,SetByAsk
2025-12-16 17:49:55,2025-12-16T17:49:55,59.18,1.0,SetByAsk
2025-12-16 17:49:55,2025-12-16T17:49:55,59.16,1.0,SetByBid
2025-12-16 17:49:55,2025-12-16T17:49:55,59.16,1.0,SetByAsk
2025-12-16 17:49:55,2025-12-16T17:49:55,59.17,1.0,SetByBid
2025-12-16 17:50:01,2025-12-16T17:50:01,59.17,1.0,SetByAsk
2025-12-16 17:50:20,2025-12-16T17:50:20,59.17,1.0,SetByBid
2025-12-16 17:50:34,2025-12-16T17:50:34,59.18,1.0,SetByBid
2025-12-16 17:51:21,2025-12-16T17:51:21,59.13,1.0,SetByAsk
2025-12-16 17:51:23,2025-12-16T17:51:23,59.13,2.0,SetByAsk
2025-12-16 17:51:23,2025-12-16T17:51:23,59.14,1.0,SetByBid
2025-12-16 17:51:23,2025-12-16T17:51:23,59.14,1.0,SetByBid
2025-12-16 17:51:23,2025-12-16T17:51:23,59.14,1.0,SetByBid
2025-12-16 17:51:23,2025-12-16T17:51:23,59.14,1.0,SetByAsk
2025-12-16 17:51:23,2025-12-16T17:51:23,59.14,1.0,SetByAsk
2025-12-16 17:51:23,2025-12-16T17:51:23,59.14,1.0,SetByAsk
2025-12-16 17:51:23,2025-12-16T17:51:23,59.15,1.0,SetByBid
2025-12-16 17:51:23,2025-12-16T17:51:23,59.15,1.0,SetByBid
2025-12-16 17:51:23,2025-12-16T17:51:23,59.15,1.0,SetByBid
2025-12-16 17:51:52,2025-12-16T17:51:52,59.14,1.0,SetByBid
2025-12-16 17:51:52,2025-12-16T17:51:52,59.14,1.0,SetByAsk
2025-12-16 17:51:55,2025-12-16T17:51:55,59.13,1.0,SetByAsk
2025-12-16 17:51:55,2025-12-16T17:51:55,59.13,1.0,SetByAsk
2025-12-16 17:51:55,2025-12-16T17:51:55,59.13,1.0,SetByAsk
2025-12-16 17:51:55,2025-12-16T17:51:55,59.13,1.0,SetByAsk
2025-12-16 17:51:55,2025-12-16T17:51:55,59.13,1.0,SetByAsk
2025-12-16 17:51:55,2025-12-16T17:51:55,59.13,1.0,SetByAsk
2025-12-16 17:51:55,2025-12-16T17:51:55,59.13,1.0,SetByAsk
2025-12-16 17:51:56,2025-12-16T17:51:56,59.13,1.0,SetByAsk
2025-12-16 17:51:56,2025-12-16T17:51:56,59.13,1.0,SetByAsk
2025-12-16 17:51:56,2025-12-16T17:51:56,59.13,1.0,SetByAsk
2025-12-16 17:51:56,2025-12-16T17:51:56,59.13,3.0,SetByAsk
2025-12-16 17:51:56,2025-12-16T17:51:56,59.11,1.0,SetByAsk
2025-12-16 17:52:00,2025-12-16T17:52:00,59.13,1.0,SetByBid
2025-12-16 17:52:14,2025-12-16T17:52:14,59.14,1.0,SetByBid
2025-12-16 17:52:14,2025-12-16T17:52:14,59.14,1.0,SetByBid
2025-12-16 17:52:14,2025-12-16T17:52:14,59.14,1.0,SetByBid
2025-12-16 17:52:26,2025-12-16T17:52:26,59.15,1.0,SetByBid
2025-12-16 17:53:25,2025-12-16T17:53:25,59.15,1.0,SetByAsk
2025-12-16 17:53:25,2025-12-16T17:53:25,59.15,1.0,SetByAsk
2025-12-16 17:53:25,2025-12-16T17:53:25,59.15,1.0,SetByAsk
2025-12-16 17:53:43,2025-12-16T17:53:43,59.17,1.0,SetByBid
2025-12-16 17:53:43,2025-12-16T17:53:43,59.17,2.0,SetByBid
2025-12-16 17:53:43,2025-12-16T17:53:43,59.17,1.0,SetByBid
2025-12-16 17:53:43,2025-12-16T17:53:43,59.17,1.0,SetByBid
2025-12-16 17:53:43,2025-12-16T17:53:43,59.17,1.0,SetByBid
2025-12-16 17:53:43,2025-12-16T17:53:43,59.17,1.0,SetByBid
2025-12-16 17:53:43,2025-12-16T17:53:43,59.17,1.0,SetByBid
2025-12-16 17:53:43,2025-12-16T17:53:43,59.17,1.0,SetByBid
2025-12-16 17:53:44,2025-12-16T17:53:44,59.16,1.0,SetByAsk
2025-12-16 17:54:02,2025-12-16T17:54:02,59.16,2.0,SetByBid
2025-12-16 17:54:02,2025-12-16T17:54:02,59.16,1.0,SetByBid
2025-12-16 17:54:06,2025-12-16T17:54:06,59.16,1.0,SetByAsk
2025-12-16 17:54:30,2025-12-16T17:54:30,59.19,1.0,"SetByAsk, Leg"
2025-12-16 17:54:30,2025-12-16T17:54:30,59.19,1.0,SetByAsk
2025-12-16 17:54:57,2025-12-16T17:54:57,59.17,1.0,SetByAsk
2025-12-16 17:56:23,2025-12-16T17:56:23,59.2,1.0,SetByAsk
2025-12-16 17:56:54,2025-12-16T17:56:54,59.2,1.0,SetByAsk
2025-12-16 17:56:54,2025-12-16T17:56:54,59.2,2.0,SetByAsk
2025-12-16 17:57:08,2025-12-16T17:57:08,59.21,1.0,SetByBid
2025-12-16 17:57:08,2025-12-16T17:57:08,59.21,1.0,SetByAsk
2025-12-16 17:57:08,2025-12-16T17:57:08,59.21,1.0,SetByAsk
2025-12-16 17:57:10,2025-12-16T17:57:10,59.22,1.0,SetByBid
2025-12-16 17:57:10,2025-12-16T17:57:10,59.22,1.0,SetByBid
2025-12-16 17:57:10,2025-12-16T17:57:10,59.22,1.0,SetByBid
2025-12-16 17:57:19,2025-12-16T17:57:19,59.2,1.0,SetByAsk
2025-12-16 17:57:22,2025-12-16T17:57:22,59.21,1.0,SetByBid
2025-12-16 17:57:28,2025-12-16T17:57:28,59.2,1.0,SetByAsk
2025-12-16 17:57:28,2025-12-16T17:57:28,59.2,1.0,SetByAsk
2025-12-16 17:57:29,2025-12-16T17:57:29,59.22,1.0,SetByBid
2025-12-16 17:57:29,2025-12-16T17:57:29,59.22,1.0,SetByBid
2025-12-16 17:57:29,2025-12-16T17:57:29,59.22,1.0,SetByBid
2025-12-16 17:57:30,2025-12-16T17:57:30,59.22,1.0,SetByBid
2025-12-16 17:57:30,2025-12-16T17:57:30,59.22,1.0,SetByBid
2025-12-16 17:57:30,2025-12-16T17:57:30,59.22,1.0,SetByBid
2025-12-16 17:57:31,2025-12-16T17:57:31,59.21,1.0,SetByAsk
2025-12-16 17:57:31,2025-12-16T17:57:31,59.2,1.0,SetByAsk
2025-12-16 17:57:31,2025-12-16T17:57:31,59.2,1.0,SetByAsk
2025-12-16 17:57:38,2025-12-16T17:57:38,59.21,1.0,SetByBid
2025-12-16 17:57:45,2025-12-16T17:57:45,59.22,1.0,SetByBid
2025-12-16 17:57:55,2025-12-16T17:57:55,59.22,1.0,SetByBid
2025-12-16 17:57:55,2025-12-16T17:57:55,59.22,1.0,SetByBid
2025-12-16 17:57:55,2025-12-16T17:57:55,59.22,1.0,SetByBid
2025-12-16 17:58:38,2025-12-16T17:58:38,59.23,1.0,SetByBid
2025-12-16 17:58:38,2025-12-16T17:58:38,59.23,1.0,SetByBid
2025-12-16 17:58:38,2025-12-16T17:58:38,59.23,1.0,SetByBid
2025-12-16 17:59:06,2025-12-16T17:59:06,59.23,1.0,SetByBid
2025-12-16 17:59:50,2025-12-16T17:59:50,59.23,1.0,SetByAsk
2025-12-16 17:59:50,2025-12-16T17:59:50,59.23,2.0,SetByAsk
2025-12-16 17:59:55,2025-12-16T17:59:55,59.22,1.0,SetByAsk
2025-12-16 17:59:55,2025-12-16T17:59:55,59.22,1.0,SetByAsk
2025-12-16 18:00:00,2025-12-16T18:00:00,59.2,1.0,SetByAsk
2025-12-16 18:00:00,2025-12-16T18:00:00,59.2,1.0,SetByAsk
2025-12-16 18:00:00,2025-12-16T18:00:00,59.18,1.0,SetByAsk
2025-12-16 18:00:00,2025-12-16T18:00:00,59.18,1.0,SetByBid
2025-12-16 18:00:00,2025-12-16T18:00:00,59.18,1.0,SetByBid
2025-12-16 18:00:00,2025-12-16T18:00:00,59.18,1.0,SetByBid
2025-12-16 18:00:00,2025-12-16T18:00:00,59.18,1.0,SetByBid
2025-12-16 18:00:00,2025-12-16T18:00:00,59.18,1.0,SetByBid
2025-12-16 18:00:01,2025-12-16T18:00:01,59.17,1.0,SetByAsk
2025-12-16 18:00:01,2025-12-16T18:00:01,59.17,1.0,SetByAsk
2025-12-16 18:00:01,2025-12-16T18:00:01,59.17,1.0,SetByAsk
2025-12-16 18:00:01,2025-12-16T18:00:01,59.17,1.0,SetByAsk
2025-12-16 18:00:01,2025-12-16T18:00:01,59.17,1.0,SetByAsk
2025-12-16 18:00:01,2025-12-16T18:00:01,59.17,1.0,SetByAsk
2025-12-16 18:00:01,2025-12-16T18:00:01,59.17,1.0,SetByAsk
2025-12-16 18:00:01,2025-12-16T18:00:01,59.17,1.0,SetByAsk
2025-12-16 18:00:01,2025-12-16T18:00:01,59.17,1.0,SetByBid
2025-12-16 18:00:01,2025-12-16T18:00:01,59.17,1.0,SetByBid
2025-12-16 18:00:01,2025-12-16T18:00:01,59.17,1.0,SetByBid
2025-12-16 18:00:01,2025-12-16T18:00:01,59.16,1.0,SetByAsk
2025-12-16 18:00:01,2025-12-16T18:00:01,59.16,1.0,SetByAsk
2025-12-16 18:00:02,2025-12-16T18:00:02,59.16,1.0,SetByBid
2025-12-16 18:00:02,2025-12-16T18:00:02,59.16,1.0,SetByBid
2025-12-16 18:00:02,2025-12-16T18:00:02,59.16,1.0,SetByBid
2025-12-16 18:00:08,2025-12-16T18:00:08,59.11,1.0,SetByAsk
2025-12-16 18:00:08,2025-12-16T18:00:08,59.11,1.0,SetByAsk
2025-12-16 18:00:08,2025-12-16T18:00:08,59.11,1.0,SetByAsk
2025-12-16 18:00:08,2025-12-16T18:00:08,59.11,1.0,SetByBid
2025-12-16 18:00:08,2025-12-16T18:00:08,59.11,3.0,SetByBid
2025-12-16 18:00:08,2025-12-16T18:00:08,59.11,1.0,SetByBid
2025-12-16 18:00:10,2025-12-16T18:00:10,59.13,1.0,SetByBid
2025-12-16 18:00:24,2025-12-16T18:00:24,59.09,1.0,SetByAsk
2025-12-16 18:00:24,2025-12-16T18:00:24,59.09,1.0,"SetByAsk, Leg"
2025-12-16 18:00:24,2025-12-16T18:00:24,59.09,1.0,"SetByAsk, Leg"
2025-12-16 18:00:25,2025-12-16T18:00:25,59.09,2.0,"SetByAsk, Leg"
2025-12-16 18:00:25,2025-12-16T18:00:25,59.09,1.0,"SetByAsk, Leg"
2025-12-16 18:00:25,2025-12-16T18:00:25,59.09,1.0,"SetByAsk, Leg"
2025-12-16 18:00:25,2025-12-16T18:00:25,59.08,1.0,SetByAsk
2025-12-16 18:00:25,2025-12-16T18:00:25,59.08,1.0,"SetByAsk, Leg"
2025-12-16 18:00:26,2025-12-16T18:00:26,59.07,1.0,SetByAsk
2025-12-16 18:00:35,2025-12-16T18:00:35,59.08,1.0,SetByAsk
2025-12-16 18:00:36,2025-12-16T18:00:36,59.08,1.0,SetByAsk
2025-12-16 18:00:36,2025-12-16T18:00:36,59.08,1.0,SetByAsk
2025-12-16 18:00:40,2025-12-16T18:00:40,59.09,1.0,SetByBid
2025-12-16 18:00:41,2025-12-16T18:00:41,59.09,1.0,SetByAsk
2025-12-16 18:00:42,2025-12-16T18:00:42,59.09,1.0,SetByAsk
2025-12-16 18:01:05,2025-12-16T18:01:05,59.08,1.0,SetByBid
2025-12-16 18:01:05,2025-12-16T18:01:05,59.08,1.0,SetByAsk
2025-12-16 18:01:11,2025-12-16T18:01:11,59.05,1.0,"SetByAsk, Leg"
2025-12-16 18:01:11,2025-12-16T18:01:11,59.05,1.0,"SetByAsk, Leg"
2025-12-16 18:01:11,2025-12-16T18:01:11,59.05,1.0,"SetByAsk, Leg"
2025-12-16 18:01:11,2025-12-16T18:01:11,59.05,1.0,SetByAsk
2025-12-16 18:01:11,2025-12-16T18:01:11,59.03,1.0,SetByAsk
2025-12-16 18:01:11,2025-12-16T18:01:11,59.03,1.0,SetByAsk
2025-12-16 18:01:11,2025-12-16T18:01:11,59.03,1.0,SetByBid
2025-12-16 18:01:11,2025-12-16T18:01:11,59.03,2.0,SetByBid
2025-12-16 18:01:11,2025-12-16T18:01:11,59.03,1.0,SetByBid
2025-12-16 18:01:11,2025-12-16T18:01:11,59.03,1.0,SetByBid
2025-12-16 18:01:11,2025-12-16T18:01:11,59.04,1.0,SetByBid
2025-12-16 18:01:11,2025-12-16T18:01:11,59.04,1.0,SetByBid
2025-12-16 18:01:11,2025-12-16T18:01:11,59.04,1.0,SetByBid
2025-12-16 18:01:11,2025-12-16T18:01:11,59.04,1.0,SetByBid
2025-12-16 18:01:12,2025-12-16T18:01:12,59.05,1.0,SetByAsk
2025-12-16 18:01:12,2025-12-16T18:01:12,59.05,1.0,SetByAsk
2025-12-16 18:01:12,2025-12-16T18:01:12,59.05,1.0,SetByAsk
2025-12-16 18:01:12,2025-12-16T18:01:12,59.06,1.0,SetByBid
2025-12-16 18:01:12,2025-12-16T18:01:12,59.06,1.0,SetByBid
2025-12-16 18:01:12,2025-12-16T18:01:12,59.06,1.0,SetByBid
2025-12-16 18:01:14,2025-12-16T18:01:14,59.07,1.0,SetByBid
2025-12-16 18:01:17,2025-12-16T18:01:17,59.08,1.0,SetByBid
2025-12-16 18:01:17,2025-12-16T18:01:17,59.08,1.0,SetByBid
2025-12-16 18:01:17,2025-12-16T18:01:17,59.08,1.0,SetByBid
2025-12-16 18:01:17,2025-12-16T18:01:17,59.08,1.0,SetByAsk
2025-12-16 18:01:17,2025-12-16T18:01:17,59.08,3.0,SetByAsk
2025-12-16 18:01:19,2025-12-16T18:01:19,59.09,1.0,SetByBid
2025-12-16 18:01:19,2025-12-16T18:01:19,59.09,1.0,SetByBid
2025-12-16 18:01:19,2025-12-16T18:01:19,59.09,1.0,SetByBid
2025-12-16 18:01:19,2025-12-16T18:01:19,59.09,1.0,SetByBid
2025-12-16 18:01:19,2025-12-16T18:01:19,59.09,1.0,SetByBid
2025-12-16 18:01:41,2025-12-16T18:01:41,59.08,1.0,SetByAsk
2025-12-16 18:01:41,2025-12-16T18:01:41,59.08,1.0,SetByAsk
2025-12-16 18:01:41,2025-12-16T18:01:41,59.08,1.0,SetByAsk
2025-12-16 18:01:41,2025-12-16T18:01:41,59.08,1.0,SetByAsk
2025-12-16 18:01:51,2025-12-16T18:01:51,59.08,1.0,SetByAsk
2025-12-16 18:01:51,2025-12-16T18:01:51,59.08,1.0,SetByAsk
2025-12-16 18:01:51,2025-12-16T18:01:51,59.08,1.0,SetByAsk
2025-12-16 18:01:51,2025-12-16T18:01:51,59.08,1.0,SetByAsk
2025-12-16 18:02:03,2025-12-16T18:02:03,59.07,1.0,SetByAsk
2025-12-16 18:02:23,2025-12-16T18:02:23,59.04,1.0,SetByAsk
2025-12-16 18:02:27,2025-12-16T18:02:27,59.03,1.0,SetByAsk
2025-12-16 18:03:00,2025-12-16T18:03:00,59.04,1.0,SetByBid
2025-12-16 18:03:06,2025-12-16T18:03:06,59.04,1.0,SetByBid
2025-12-16 18:03:06,2025-12-16T18:03:06,59.04,1.0,SetByBid
2025-12-16 18:03:06,2025-12-16T18:03:06,59.04,1.0,SetByBid
2025-12-16 18:03:06,2025-12-16T18:03:06,59.04,1.0,SetByBid
2025-12-16 18:03:09,2025-12-16T18:03:09,59.03,1.0,SetByAsk
2025-12-16 18:03:09,2025-12-16T18:03:09,59.03,1.0,SetByAsk
2025-12-16 18:03:09,2025-12-16T18:03:09,59.03,1.0,SetByAsk
2025-12-16 18:03:09,2025-12-16T18:03:09,59.03,1.0,SetByAsk
2025-12-16 18:03:09,2025-12-16T18:03:09,59.03,1.0,SetByAsk
2025-12-16 18:03:09,2025-12-16T18:03:09,59.03,1.0,SetByAsk
2025-12-16 18:03:13,2025-12-16T18:03:13,59.04,1.0,SetByBid
2025-12-16 18:03:19,2025-12-16T18:03:19,59.04,1.0,SetByAsk
2025-12-16 18:03:19,2025-12-16T18:03:19,59.05,1.0,SetByBid
2025-12-16 18:03:19,2025-12-16T18:03:19,59.05,1.0,SetByBid
2025-12-16 18:03:19,2025-12-16T18:03:19,59.05,1.0,SetByBid
2025-12-16 18:03:19,2025-12-16T18:03:19,59.05,1.0,SetByBid
2025-12-16 18:03:26,2025-12-16T18:03:26,59.05,1.0,SetByAsk
2025-12-16 18:03:26,2025-12-16T18:03:26,59.05,1.0,SetByAsk
2025-12-16 18:03:26,2025-12-16T18:03:26,59.05,1.0,SetByAsk
2025-12-16 18:03:30,2025-12-16T18:03:30,59.04,1.0,SetByAsk
2025-12-16 18:03:30,2025-12-16T18:03:30,59.04,1.0,SetByAsk
2025-12-16 18:03:30,2025-12-16T18:03:30,59.04,1.0,SetByAsk
2025-12-16 18:03:30,2025-12-16T18:03:30,59.04,1.0,SetByAsk
2025-12-16 18:03:30,2025-12-16T18:03:30,59.04,1.0,SetByAsk
2025-12-16 18:03:30,2025-12-16T18:03:30,59.04,1.0,SetByAsk
2025-12-16 18:03:30,2025-12-16T18:03:30,59.04,1.0,SetByAsk
2025-12-16 18:03:30,2025-12-16T18:03:30,59.04,1.0,SetByAsk
2025-12-16 18:03:30,2025-12-16T18:03:30,59.04,1.0,SetByAsk
2025-12-16 18:03:30,2025-12-16T18:03:30,59.04,1.0,SetByAsk
2025-12-16 18:03:30,2025-12-16T18:03:30,59.04,1.0,SetByAsk
2025-12-16 18:03:30,2025-12-16T18:03:30,59.04,1.0,SetByAsk
2025-12-16 18:03:30,2025-12-16T18:03:30,59.04,1.0,SetByAsk
2025-12-16 18:03:30,2025-12-16T18:03:30,59.04,1.0,SetByAsk
2025-12-16 18:03:30,2025-12-16T18:03:30,59.04,3.0,SetByAsk
2025-12-16 18:03:30,2025-12-16T18:03:30,59.04,1.0,SetByAsk
2025-12-16 18:03:30,2025-12-16T18:03:30,59.04,1.0,SetByAsk
2025-12-16 18:03:30,2025-12-16T18:03:30,59.04,5.0,SetByAsk
2025-12-16 18:03:30,2025-12-16T18:03:30,59.04,1.0,SetByAsk
2025-12-16 18:03:30,2025-12-16T18:03:30,59.04,3.0,SetByAsk
2025-12-16 18:03:30,2025-12-16T18:03:30,59.04,1.0,SetByAsk
2025-12-16 18:03:30,2025-12-16T18:03:30,59.04,1.0,SetByAsk
2025-12-16 18:03:30,2025-12-16T18:03:30,59.04,1.0,SetByAsk
2025-12-16 18:03:34,2025-12-16T18:03:34,59.04,1.0,SetByAsk
2025-12-16 18:03:57,2025-12-16T18:03:57,59.05,1.0,"SetByAsk, Leg"
2025-12-16 18:04:03,2025-12-16T18:04:03,59.05,1.0,SetByAsk
2025-12-16 18:04:23,2025-12-16T18:04:23,59.09,1.0,SetByAsk
2025-12-16 18:04:24,2025-12-16T18:04:24,59.08,1.0,SetByAsk
2025-12-16 18:04:46,2025-12-16T18:04:46,59.1,1.0,SetByAsk
2025-12-16 18:04:53,2025-12-16T18:04:53,59.1,2.0,SetByAsk
2025-12-16 18:04:59,2025-12-16T18:04:59,59.1,1.0,SetByBid
2025-12-16 18:05:07,2025-12-16T18:05:07,59.08,1.0,SetByBid
2025-12-16 18:05:08,2025-12-16T18:05:08,59.08,1.0,SetByAsk
2025-12-16 18:05:08,2025-12-16T18:05:08,59.08,2.0,SetByAsk
2025-12-16 18:05:31,2025-12-16T18:05:31,59.08,1.0,SetByAsk
2025-12-16 18:05:32,2025-12-16T18:05:32,59.08,1.0,SetByBid
2025-12-16 18:05:52,2025-12-16T18:05:52,59.07,1.0,SetByAsk
2025-12-16 18:05:52,2025-12-16T18:05:52,59.07,1.0,SetByAsk
2025-12-16 18:06:22,2025-12-16T18:06:22,59.08,1.0,SetByAsk
2025-12-16 18:06:36,2025-12-16T18:06:36,59.08,1.0,SetByBid
2025-12-16 18:06:36,2025-12-16T18:06:36,59.08,1.0,SetByBid
2025-12-16 18:06:36,2025-12-16T18:06:36,59.08,1.0,SetByAsk
2025-12-16 18:06:45,2025-12-16T18:06:45,59.07,1.0,SetByAsk
2025-12-16 18:07:18,2025-12-16T18:07:18,59.04,1.0,SetByBid
2025-12-16 18:07:18,2025-12-16T18:07:18,59.04,1.0,SetByBid
2025-12-16 18:07:34,2025-12-16T18:07:34,59.05,1.0,SetByBid
2025-12-16 18:07:38,2025-12-16T18:07:38,59.04,1.0,SetByAsk
2025-12-16 18:07:41,2025-12-16T18:07:41,59.03,1.0,SetByAsk
2025-12-16 18:07:52,2025-12-16T18:07:52,59.03,1.0,SetByBid
2025-12-16 18:07:52,2025-12-16T18:07:52,59.02,1.0,SetByAsk
2025-12-16 18:07:52,2025-12-16T18:07:52,59.02,1.0,SetByAsk
2025-12-16 18:07:52,2025-12-16T18:07:52,59.02,1.0,SetByBid
2025-12-16 18:07:52,2025-12-16T18:07:52,59.02,1.0,SetByBid
2025-12-16 18:08:00,2025-12-16T18:08:00,59.02,1.0,SetByBid
2025-12-16 18:08:04,2025-12-16T18:08:04,59.01,2.0,SetByAsk
2025-12-16 18:08:04,2025-12-16T18:08:04,59.01,4.0,SetByAsk
2025-12-16 18:08:04,2025-12-16T18:08:04,59.01,5.0,SetByAsk
2025-12-16 18:08:10,2025-12-16T18:08:10,59.01,1.0,SetByBid
2025-12-16 18:08:13,2025-12-16T18:08:13,58.99,1.0,SetByAsk
2025-12-16 18:08:37,2025-12-16T18:08:37,58.99,1.0,SetByBid
2025-12-16 18:08:37,2025-12-16T18:08:37,58.99,1.0,SetByBid
2025-12-16 18:08:37,2025-12-16T18:08:37,58.99,1.0,SetByBid
2025-12-16 18:08:37,2025-12-16T18:08:37,58.99,1.0,SetByBid
2025-12-16 18:08:37,2025-12-16T18:08:37,58.99,1.0,SetByBid
2025-12-16 18:08:43,2025-12-16T18:08:43,58.99,1.0,SetByAsk
2025-12-16 18:09:12,2025-12-16T18:09:12,58.99,1.0,SetByBid
2025-12-16 18:09:12,2025-12-16T18:09:12,58.99,1.0,SetByBid
2025-12-16 18:09:33,2025-12-16T18:09:33,59.0,1.0,SetByBid
2025-12-16 18:09:33,2025-12-16T18:09:33,59.0,1.0,SetByBid
2025-12-16 18:09:55,2025-12-16T18:09:55,58.99,1.0,SetByAsk
2025-12-16 18:10:03,2025-12-16T18:10:03,59.0,1.0,SetByBid
2025-12-16 18:10:22,2025-12-16T18:10:22,59.01,1.0,SetByAsk
2025-12-16 18:10:22,2025-12-16T18:10:22,59.01,1.0,SetByAsk
2025-12-16 18:10:39,2025-12-16T18:10:39,59.03,1.0,SetByAsk
2025-12-16 18:10:39,2025-12-16T18:10:39,59.03,1.0,SetByAsk
2025-12-16 18:11:23,2025-12-16T18:11:23,59.02,1.0,SetByBid
2025-12-16 18:11:23,2025-12-16T18:11:23,59.02,1.0,SetByAsk
2025-12-16 18:11:50,2025-12-16T18:11:50,59.02,1.0,SetByBid
2025-12-16 18:12:06,2025-12-16T18:12:06,59.03,1.0,SetByAsk
2025-12-16 18:12:06,2025-12-16T18:12:06,59.03,1.0,SetByAsk
2025-12-16 18:13:15,2025-12-16T18:13:15,59.03,1.0,SetByBid
2025-12-16 18:13:15,2025-12-16T18:13:15,59.03,1.0,SetByBid
2025-12-16 18:13:15,2025-12-16T18:13:15,59.03,1.0,SetByBid
2025-12-16 18:13:15,2025-12-16T18:13:15,59.03,1.0,SetByBid
2025-12-16 18:13:33,2025-12-16T18:13:33,59.01,1.0,SetByAsk
2025-12-16 18:13:33,2025-12-16T18:13:33,59.01,1.0,SetByAsk
2025-12-16 18:13:34,2025-12-16T18:13:34,59.03,1.0,SetByBid
2025-12-16 18:13:34,2025-12-16T18:13:34,59.03,1.0,SetByBid
2025-12-16 18:13:34,2025-12-16T18:13:34,59.03,1.0,SetByBid
2025-12-16 18:13:34,2025-12-16T18:13:34,59.03,1.0,SetByBid
2025-12-16 18:13:34,2025-12-16T18:13:34,59.03,1.0,SetByBid
2025-12-16 18:13:34,2025-12-16T18:13:34,59.03,1.0,SetByBid
2025-12-16 18:13:34,2025-12-16T18:13:34,59.03,1.0,SetByBid
2025-12-16 18:13:34,2025-12-16T18:13:34,59.03,1.0,SetByBid
2025-12-16 18:13:34,2025-12-16T18:13:34,59.03,6.0,SetByBid
2025-12-16 18:13:34,2025-12-16T18:13:34,59.03,1.0,SetByBid
2025-12-16 18:13:34,2025-12-16T18:13:34,59.03,1.0,SetByBid
2025-12-16 18:13:34,2025-12-16T18:13:34,59.03,3.0,SetByBid
2025-12-16 18:13:34,2025-12-16T18:13:34,59.03,5.0,SetByBid
2025-12-16 18:13:34,2025-12-16T18:13:34,59.03,1.0,SetByBid
2025-12-16 18:13:34,2025-12-16T18:13:34,59.03,1.0,SetByBid
2025-12-16 18:13:34,2025-12-16T18:13:34,59.03,1.0,SetByBid
2025-12-16 18:13:34,2025-12-16T18:13:34,59.03,1.0,SetByBid
2025-12-16 18:13:34,2025-12-16T18:13:34,59.03,3.0,SetByBid
2025-12-16 18:13:34,2025-12-16T18:13:34,59.03,6.0,SetByBid
2025-12-16 18:13:34,2025-12-16T18:13:34,59.03,3.0,SetByBid
2025-12-16 18:13:34,2025-12-16T18:13:34,59.03,1.0,SetByBid
2025-12-16 18:13:34,2025-12-16T18:13:34,59.03,1.0,SetByBid
2025-12-16 18:13:34,2025-12-16T18:13:34,59.03,3.0,SetByBid
2025-12-16 18:13:34,2025-12-16T18:13:34,59.03,1.0,SetByBid
2025-12-16 18:13:34,2025-12-16T18:13:34,59.03,1.0,SetByBid
2025-12-16 18:13:34,2025-12-16T18:13:34,59.03,1.0,SetByBid
2025-12-16 18:13:34,2025-12-16T18:13:34,59.03,1.0,SetByBid
2025-12-16 18:13:34,2025-12-16T18:13:34,59.03,1.0,SetByBid
2025-12-16 18:13:34,2025-12-16T18:13:34,59.03,1.0,SetByBid
2025-12-16 18:13:34,2025-12-16T18:13:34,59.03,5.0,SetByBid
2025-12-16 18:13:34,2025-12-16T18:13:34,59.03,1.0,SetByBid
2025-12-16 18:13:34,2025-12-16T18:13:34,59.03,1.0,SetByBid
2025-12-16 18:13:56,2025-12-16T18:13:56,59.03,1.0,SetByBid
2025-12-16 18:13:56,2025-12-16T18:13:56,59.03,1.0,SetByBid
2025-12-16 18:14:33,2025-12-16T18:14:33,59.0,1.0,SetByAsk
2025-12-16 18:15:25,2025-12-16T18:15:25,58.97,8.0,SetByAsk
2025-12-16 18:15:25,2025-12-16T18:15:25,58.97,5.0,SetByAsk
2025-12-16 18:15:25,2025-12-16T18:15:25,58.97,4.0,SetByAsk
2025-12-16 18:15:31,2025-12-16T18:15:31,58.95,1.0,SetByAsk
2025-12-16 18:15:31,2025-12-16T18:15:31,58.95,1.0,SetByAsk
2025-12-16 18:15:31,2025-12-16T18:15:31,58.95,1.0,SetByBid
2025-12-16 18:15:31,2025-12-16T18:15:31,58.95,1.0,SetByBid
2025-12-16 18:15:31,2025-12-16T18:15:31,58.94,1.0,SetByBid
2025-12-16 18:15:35,2025-12-16T18:15:35,58.95,1.0,SetByBid
2025-12-16 18:15:35,2025-12-16T18:15:35,58.95,1.0,SetByBid
2025-12-16 18:15:36,2025-12-16T18:15:36,58.96,1.0,SetByBid
2025-12-16 18:15:39,2025-12-16T18:15:39,58.96,1.0,SetByAsk
2025-12-16 18:15:39,2025-12-16T18:15:39,58.96,2.0,SetByAsk
2025-12-16 18:15:42,2025-12-16T18:15:42,58.97,1.0,SetByBid
2025-12-16 18:15:42,2025-12-16T18:15:42,58.97,1.0,SetByBid
2025-12-16 18:15:42,2025-12-16T18:15:42,58.97,1.0,SetByBid
2025-12-16 18:15:42,2025-12-16T18:15:42,58.97,1.0,SetByBid
2025-12-16 18:15:42,2025-12-16T18:15:42,58.97,2.0,SetByBid
2025-12-16 18:15:42,2025-12-16T18:15:42,58.97,1.0,SetByBid
2025-12-16 18:15:42,2025-12-16T18:15:42,58.97,2.0,SetByBid
2025-12-16 18:15:42,2025-12-16T18:15:42,58.97,1.0,SetByAsk
2025-12-16 18:15:42,2025-12-16T18:15:42,58.97,1.0,SetByBid
2025-12-16 18:15:45,2025-12-16T18:15:45,58.98,2.0,SetByAsk
2025-12-16 18:15:51,2025-12-16T18:15:51,58.99,1.0,SetByBid
2025-12-16 18:15:51,2025-12-16T18:15:51,58.99,1.0,SetByBid
2025-12-16 18:15:55,2025-12-16T18:15:55,59.0,1.0,SetByBid
2025-12-16 18:15:57,2025-12-16T18:15:57,59.01,1.0,SetByAsk
2025-12-16 18:15:58,2025-12-16T18:15:58,59.0,1.0,SetByAsk
2025-12-16 18:15:58,2025-12-16T18:15:58,59.0,1.0,SetByAsk
2025-12-16 18:15:58,2025-12-16T18:15:58,59.0,1.0,SetByAsk
2025-12-16 18:15:58,2025-12-16T18:15:58,59.0,1.0,SetByAsk
2025-12-16 18:16:08,2025-12-16T18:16:08,59.01,1.0,SetByAsk
2025-12-16 18:16:52,2025-12-16T18:16:52,59.0,1.0,SetByBid
2025-12-16 18:16:52,2025-12-16T18:16:52,59.0,1.0,SetByBid
2025-12-16 18:16:52,2025-12-16T18:16:52,59.0,1.0,SetByBid
2025-12-16 18:16:53,2025-12-16T18:16:53,59.0,1.0,SetByAsk
2025-12-16 18:16:53,2025-12-16T18:16:53,59.0,2.0,SetByAsk
2025-12-16 18:16:55,2025-12-16T18:16:55,59.0,1.0,SetByBid
2025-12-16 18:16:55,2025-12-16T18:16:55,59.0,1.0,SetByBid
2025-12-16 18:16:55,2025-12-16T18:16:55,59.0,1.0,SetByBid
2025-12-16 18:16:57,2025-12-16T18:16:57,59.0,1.0,SetByBid
2025-12-16 18:17:08,2025-12-16T18:17:08,59.0,1.0,SetByBid
2025-12-16 18:17:27,2025-12-16T18:17:27,59.03,1.0,SetByBid
2025-12-16 18:17:27,2025-12-16T18:17:27,59.03,1.0,SetByBid
2025-12-16 18:17:27,2025-12-16T18:17:27,59.03,1.0,SetByBid
2025-12-16 18:18:02,2025-12-16T18:18:02,59.05,1.0,SetByBid
2025-12-16 18:18:02,2025-12-16T18:18:02,59.05,1.0,SetByBid
2025-12-16 18:18:02,2025-12-16T18:18:02,59.05,1.0,SetByBid
2025-12-16 18:18:02,2025-12-16T18:18:02,59.05,1.0,SetByBid
2025-12-16 18:18:06,2025-12-16T18:18:06,59.06,1.0,SetByBid
2025-12-16 18:18:31,2025-12-16T18:18:31,59.04,1.0,SetByAsk
2025-12-16 18:18:31,2025-12-16T18:18:31,59.04,1.0,SetByAsk
2025-12-16 18:19:04,2025-12-16T18:19:04,59.06,1.0,SetByBid
2025-12-16 18:19:34,2025-12-16T18:19:34,59.06,1.0,SetByAsk
2025-12-16 18:19:42,2025-12-16T18:19:42,59.06,1.0,SetByBid
2025-12-16 18:19:42,2025-12-16T18:19:42,59.06,1.0,SetByAsk
2025-12-16 18:19:42,2025-12-16T18:19:42,59.06,1.0,SetByAsk
2025-12-16 18:19:42,2025-12-16T18:19:42,59.06,1.0,SetByAsk
2025-12-16 18:19:42,2025-12-16T18:19:42,59.06,1.0,SetByAsk
2025-12-16 18:19:42,2025-12-16T18:19:42,59.06,1.0,SetByBid
2025-12-16 18:19:42,2025-12-16T18:19:42,59.06,1.0,SetByBid
2025-12-16 18:19:42,2025-12-16T18:19:42,59.06,1.0,SetByBid
2025-12-16 18:19:42,2025-12-16T18:19:42,59.06,1.0,SetByBid
2025-12-16 18:19:42,2025-12-16T18:19:42,59.06,1.0,SetByAsk
2025-12-16 18:19:42,2025-12-16T18:19:42,59.06,1.0,SetByAsk
2025-12-16 18:19:42,2025-12-16T18:19:42,59.06,1.0,SetByAsk
2025-12-16 18:19:42,2025-12-16T18:19:42,59.06,3.0,SetByAsk
2025-12-16 18:19:42,2025-12-16T18:19:42,59.06,1.0,SetByBid
2025-12-16 18:19:42,2025-12-16T18:19:42,59.06,1.0,SetByBid
2025-12-16 18:19:42,2025-12-16T18:19:42,59.06,1.0,SetByAsk
2025-12-16 18:19:49,2025-12-16T18:19:49,59.05,1.0,"SetByBid, Leg"
2025-12-16 18:19:49,2025-12-16T18:19:49,59.06,1.0,"SetByBid, Leg"
2025-12-16 18:19:49,2025-12-16T18:19:49,59.06,1.0,SetByBid
2025-12-16 18:19:49,2025-12-16T18:19:49,59.06,1.0,SetByBid
2025-12-16 18:19:49,2025-12-16T18:19:49,59.06,1.0,SetByBid
2025-12-16 18:19:49,2025-12-16T18:19:49,59.06,1.0,SetByAsk
2025-12-16 18:19:55,2025-12-16T18:19:55,59.05,1.0,SetByAsk
2025-12-16 18:20:01,2025-12-16T18:20:01,59.05,1.0,SetByBid
2025-12-16 18:20:01,2025-12-16T18:20:01,59.05,1.0,SetByBid
2025-12-16 18:20:01,2025-12-16T18:20:01,59.05,1.0,SetByAsk
2025-12-16 18:20:06,2025-12-16T18:20:06,59.05,1.0,SetByBid
2025-12-16 18:20:06,2025-12-16T18:20:06,59.05,1.0,SetByBid
2025-12-16 18:20:06,2025-12-16T18:20:06,59.05,1.0,SetByAsk
2025-12-16 18:20:06,2025-12-16T18:20:06,59.05,1.0,SetByAsk
2025-12-16 18:20:06,2025-12-16T18:20:06,59.05,1.0,SetByAsk
2025-12-16 18:20:07,2025-12-16T18:20:07,59.05,1.0,SetByAsk
2025-12-16 18:20:07,2025-12-16T18:20:07,59.05,1.0,SetByBid
2025-12-16 18:20:13,2025-12-16T18:20:13,59.05,1.0,SetByBid
2025-12-16 18:20:13,2025-12-16T18:20:13,59.05,1.0,SetByBid
2025-12-16 18:20:13,2025-12-16T18:20:13,59.05,1.0,SetByBid
2025-12-16 18:20:33,2025-12-16T18:20:33,59.06,1.0,SetByBid
2025-12-16 18:20:42,2025-12-16T18:20:42,59.05,1.0,SetByAsk
2025-12-16 18:20:42,2025-12-16T18:20:42,59.05,2.0,SetByAsk
2025-12-16 18:20:42,2025-12-16T18:20:42,59.05,1.0,SetByAsk
2025-12-16 18:20:42,2025-12-16T18:20:42,59.05,1.0,SetByAsk
2025-12-16 18:20:42,2025-12-16T18:20:42,59.06,1.0,SetByAsk
2025-12-16 18:20:42,2025-12-16T18:20:42,59.06,1.0,SetByAsk
2025-12-16 18:20:50,2025-12-16T18:20:50,59.07,1.0,SetByBid
2025-12-16 18:20:50,2025-12-16T18:20:50,59.07,1.0,SetByAsk
2025-12-16 18:20:50,2025-12-16T18:20:50,59.07,1.0,SetByAsk
2025-12-16 18:20:51,2025-12-16T18:20:51,59.07,1.0,SetByAsk
2025-12-16 18:20:55,2025-12-16T18:20:55,59.08,1.0,SetByBid
2025-12-16 18:20:55,2025-12-16T18:20:55,59.09,1.0,SetByBid
2025-12-16 18:20:55,2025-12-16T18:20:55,59.08,1.0,"SetByBid, Leg"
2025-12-16 18:20:55,2025-12-16T18:20:55,59.09,1.0,"SetByBid, Leg"
2025-12-16 18:20:55,2025-12-16T18:20:55,59.09,1.0,"SetByBid, Leg"
2025-12-16 18:20:55,2025-12-16T18:20:55,59.1,1.0,"SetByBid, Leg"
2025-12-16 18:20:55,2025-12-16T18:20:55,59.1,1.0,SetByBid
2025-12-16 18:20:55,2025-12-16T18:20:55,59.09,1.0,SetByAsk
2025-12-16 18:20:55,2025-12-16T18:20:55,59.09,1.0,SetByAsk
2025-12-16 18:20:55,2025-12-16T18:20:55,59.09,1.0,SetByAsk
2025-12-16 18:21:01,2025-12-16T18:21:01,59.1,1.0,SetByBid
2025-12-16 18:21:01,2025-12-16T18:21:01,59.1,1.0,SetByBid
2025-12-16 18:21:01,2025-12-16T18:21:01,59.09,1.0,SetByBid
2025-12-16 18:21:01,2025-12-16T18:21:01,59.09,1.0,SetByBid
2025-12-16 18:21:01,2025-12-16T18:21:01,59.09,1.0,SetByBid
2025-12-16 18:21:09,2025-12-16T18:21:09,59.09,1.0,SetByAsk
2025-12-16 18:21:09,2025-12-16T18:21:09,59.09,1.0,SetByAsk
2025-12-16 18:21:11,2025-12-16T18:21:11,59.1,1.0,SetByAsk
2025-12-16 18:21:11,2025-12-16T18:21:11,59.1,1.0,SetByAsk
2025-12-16 18:21:11,2025-12-16T18:21:11,59.1,6.0,SetByAsk
2025-12-16 18:21:11,2025-12-16T18:21:11,59.11,1.0,SetByBid
2025-12-16 18:21:11,2025-12-16T18:21:11,59.11,1.0,SetByBid
2025-12-16 18:21:11,2025-12-16T18:21:11,59.11,1.0,SetByBid
2025-12-16 18:21:11,2025-12-16T18:21:11,59.11,1.0,SetByBid
2025-12-16 18:21:11,2025-12-16T18:21:11,59.11,1.0,SetByBid
2025-12-16 18:21:11,2025-12-16T18:21:11,59.11,1.0,SetByBid
2025-12-16 18:21:14,2025-12-16T18:21:14,59.12,1.0,SetByBid
2025-12-16 18:21:14,2025-12-16T18:21:14,59.12,1.0,SetByBid
2025-12-16 18:21:14,2025-12-16T18:21:14,59.12,1.0,SetByBid
2025-12-16 18:21:21,2025-12-16T18:21:21,59.09,1.0,SetByAsk
2025-12-16 18:21:21,2025-12-16T18:21:21,59.09,1.0,SetByAsk
2025-12-16 18:21:24,2025-12-16T18:21:24,59.08,1.0,SetByAsk
2025-12-16 18:21:24,2025-12-16T18:21:24,59.08,1.0,SetByBid
2025-12-16 18:21:24,2025-12-16T18:21:24,59.08,1.0,SetByBid
2025-12-16 18:21:24,2025-12-16T18:21:24,59.08,1.0,SetByBid
2025-12-16 18:21:24,2025-12-16T18:21:24,59.08,1.0,SetByBid
2025-12-16 18:21:26,2025-12-16T18:21:26,59.08,1.0,SetByAsk
2025-12-16 18:21:26,2025-12-16T18:21:26,59.08,1.0,SetByAsk
2025-12-16 18:21:50,2025-12-16T18:21:50,59.06,1.0,SetByAsk
2025-12-16 18:21:50,2025-12-16T18:21:50,59.06,1.0,SetByAsk
2025-12-16 18:21:50,2025-12-16T18:21:50,59.06,1.0,SetByAsk
2025-12-16 18:22:17,2025-12-16T18:22:17,59.07,1.0,SetByBid
2025-12-16 18:22:17,2025-12-16T18:22:17,59.07,1.0,SetByBid
2025-12-16 18:22:17,2025-12-16T18:22:17,59.07,1.0,SetByBid
2025-12-16 18:22:17,2025-12-16T18:22:17,59.07,1.0,SetByBid
2025-12-16 18:22:17,2025-12-16T18:22:17,59.07,1.0,SetByBid
2025-12-16 18:22:18,2025-12-16T18:22:18,59.07,1.0,"SetByBid, Leg"
2025-12-16 18:22:18,2025-12-16T18:22:18,59.08,1.0,"SetByBid, Leg"
2025-12-16 18:22:18,2025-12-16T18:22:18,59.08,1.0,SetByBid
2025-12-16 18:22:18,2025-12-16T18:22:18,59.08,1.0,SetByBid
2025-12-16 18:22:18,2025-12-16T18:22:18,59.08,1.0,SetByBid
2025-12-16 18:22:18,2025-12-16T18:22:18,59.08,1.0,SetByBid
2025-12-16 18:22:18,2025-12-16T18:22:18,59.08,1.0,SetByBid
2025-12-16 18:22:18,2025-12-16T18:22:18,59.08,1.0,SetByBid
2025-12-16 18:22:18,2025-12-16T18:22:18,59.08,1.0,SetByBid
2025-12-16 18:22:18,2025-12-16T18:22:18,59.08,1.0,SetByBid
2025-12-16 18:22:18,2025-12-16T18:22:18,59.08,1.0,SetByBid
2025-12-16 18:22:18,2025-12-16T18:22:18,59.08,1.0,SetByBid
2025-12-16 18:22:23,2025-12-16T18:22:23,59.07,1.0,SetByBid
2025-12-16 18:23:21,2025-12-16T18:23:21,59.07,1.0,SetByAsk
2025-12-16 18:23:21,2025-12-16T18:23:21,59.07,1.0,SetByAsk
2025-12-16 18:24:14,2025-12-16T18:24:14,59.06,1.0,SetByAsk
2025-12-16 18:24:14,2025-12-16T18:24:14,59.06,1.0,SetByAsk
2025-12-16 18:24:29,2025-12-16T18:24:29,59.07,1.0,SetByBid
2025-12-16 18:24:56,2025-12-16T18:24:56,59.07,1.0,SetByAsk
2025-12-16 18:24:56,2025-12-16T18:24:56,59.07,1.0,SetByAsk
2025-12-16 18:25:28,2025-12-16T18:25:28,59.07,1.0,SetByBid
2025-12-16 18:25:28,2025-12-16T18:25:28,59.07,1.0,SetByBid
2025-12-16 18:25:28,2025-12-16T18:25:28,59.07,1.0,SetByBid
2025-12-16 18:25:28,2025-12-16T18:25:28,59.07,1.0,SetByBid
2025-12-16 18:25:28,2025-12-16T18:25:28,59.07,1.0,SetByBid
2025-12-16 18:25:28,2025-12-16T18:25:28,59.07,1.0,SetByBid
2025-12-16 18:25:28,2025-12-16T18:25:28,59.07,3.0,SetByBid
2025-12-16 18:25:28,2025-12-16T18:25:28,59.07,1.0,SetByBid
2025-12-16 18:25:28,2025-12-16T18:25:28,59.07,1.0,SetByBid
2025-12-16 18:25:28,2025-12-16T18:25:28,59.07,4.0,"SetByBid, Leg"
2025-12-16 18:25:28,2025-12-16T18:25:28,59.07,3.0,SetByAsk
2025-12-16 18:25:28,2025-12-16T18:25:28,59.07,1.0,SetByAsk
2025-12-16 18:25:28,2025-12-16T18:25:28,59.07,1.0,SetByAsk
2025-12-16 18:25:28,2025-12-16T18:25:28,59.07,29.0,SetByAsk
2025-12-16 18:25:53,2025-12-16T18:25:53,59.07,1.0,SetByBid
2025-12-16 18:25:56,2025-12-16T18:25:56,59.08,1.0,SetByAsk
2025-12-16 18:25:56,2025-12-16T18:25:56,59.07,1.0,SetByAsk
2025-12-16 18:25:56,2025-12-16T18:25:56,59.07,1.0,SetByAsk
2025-12-16 18:25:56,2025-12-16T18:25:56,59.07,1.0,SetByAsk
2025-12-16 18:25:56,2025-12-16T18:25:56,59.07,1.0,SetByAsk
2025-12-16 18:25:56,2025-12-16T18:25:56,59.07,1.0,SetByAsk
2025-12-16 18:25:56,2025-12-16T18:25:56,59.07,1.0,SetByAsk
2025-12-16 18:25:56,2025-12-16T18:25:56,59.07,1.0,SetByAsk
2025-12-16 18:25:56,2025-12-16T18:25:56,59.07,1.0,SetByAsk
2025-12-16 18:25:56,2025-12-16T18:25:56,59.07,1.0,SetByAsk
2025-12-16 18:25:56,2025-12-16T18:25:56,59.07,1.0,SetByAsk
2025-12-16 18:25:56,2025-12-16T18:25:56,59.07,1.0,SetByAsk
2025-12-16 18:25:56,2025-12-16T18:25:56,59.07,1.0,SetByAsk
2025-12-16 18:25:56,2025-12-16T18:25:56,59.07,1.0,SetByAsk
2025-12-16 18:25:56,2025-12-16T18:25:56,59.07,1.0,SetByAsk
2025-12-16 18:25:56,2025-12-16T18:25:56,59.07,1.0,SetByAsk
2025-12-16 18:25:56,2025-12-16T18:25:56,59.07,3.0,SetByAsk
2025-12-16 18:25:56,2025-12-16T18:25:56,59.07,1.0,SetByAsk
2025-12-16 18:25:56,2025-12-16T18:25:56,59.07,1.0,SetByAsk
2025-12-16 18:25:56,2025-12-16T18:25:56,59.07,4.0,SetByAsk
2025-12-16 18:25:59,2025-12-16T18:25:59,59.08,1.0,SetByBid
2025-12-16 18:26:28,2025-12-16T18:26:28,59.11,2.0,SetByAsk
2025-12-16 18:26:28,2025-12-16T18:26:28,59.11,1.0,SetByAsk
2025-12-16 18:26:30,2025-12-16T18:26:30,59.11,1.0,SetByAsk
2025-12-16 18:26:32,2025-12-16T18:26:32,59.12,1.0,SetByAsk
2025-12-16 18:26:40,2025-12-16T18:26:40,59.12,1.0,SetByBid
2025-12-16 18:26:40,2025-12-16T18:26:40,59.12,1.0,SetByBid
2025-12-16 18:26:40,2025-12-16T18:26:40,59.12,1.0,SetByBid
2025-12-16 18:26:40,2025-12-16T18:26:40,59.12,1.0,SetByBid
2025-12-16 18:26:40,2025-12-16T18:26:40,59.12,1.0,SetByBid
2025-12-16 18:26:40,2025-12-16T18:26:40,59.12,1.0,SetByBid
2025-12-16 18:26:40,2025-12-16T18:26:40,59.12,1.0,SetByBid
2025-12-16 18:26:40,2025-12-16T18:26:40,59.12,1.0,SetByBid
2025-12-16 18:26:40,2025-12-16T18:26:40,59.12,1.0,SetByBid
2025-12-16 18:26:40,2025-12-16T18:26:40,59.12,1.0,SetByBid
2025-12-16 18:26:40,2025-12-16T18:26:40,59.12,1.0,SetByAsk
2025-12-16 18:26:40,2025-12-16T18:26:40,59.12,1.0,SetByAsk
2025-12-16 18:26:46,2025-12-16T18:26:46,59.11,1.0,SetByAsk
2025-12-16 18:26:46,2025-12-16T18:26:46,59.11,1.0,SetByAsk
2025-12-16 18:26:46,2025-12-16T18:26:46,59.11,1.0,SetByAsk
2025-12-16 18:26:48,2025-12-16T18:26:48,59.11,1.0,SetByBid
2025-12-16 18:26:48,2025-12-16T18:26:48,59.11,3.0,SetByBid
2025-12-16 18:26:50,2025-12-16T18:26:50,59.12,2.0,SetByBid
2025-12-16 18:27:11,2025-12-16T18:27:11,59.1,1.0,SetByBid
2025-12-16 18:27:11,2025-12-16T18:27:11,59.1,1.0,SetByBid
2025-12-16 18:27:21,2025-12-16T18:27:21,59.1,1.0,SetByBid
2025-12-16 18:27:30,2025-12-16T18:27:30,59.12,1.0,SetByBid
2025-12-16 18:28:18,2025-12-16T18:28:18,59.09,1.0,SetByBid
2025-12-16 18:28:18,2025-12-16T18:28:18,59.09,1.0,SetByBid
2025-12-16 18:28:40,2025-12-16T18:28:40,59.07,1.0,SetByAsk
2025-12-16 18:28:43,2025-12-16T18:28:43,59.07,1.0,SetByAsk
2025-12-16 18:29:16,2025-12-16T18:29:16,59.07,1.0,SetByBid
2025-12-16 18:29:31,2025-12-16T18:29:31,59.07,1.0,SetByBid
2025-12-16 18:29:31,2025-12-16T18:29:31,59.07,1.0,SetByBid
2025-12-16 18:29:31,2025-12-16T18:29:31,59.07,1.0,SetByBid
2025-12-16 18:29:31,2025-12-16T18:29:31,59.07,2.0,SetByBid
2025-12-16 18:29:31,2025-12-16T18:29:31,59.07,1.0,SetByBid
2025-12-16 18:29:35,2025-12-16T18:29:35,59.08,1.0,SetByBid
2025-12-16 18:29:55,2025-12-16T18:29:55,59.07,1.0,SetByAsk
2025-12-16 18:29:57,2025-12-16T18:29:57,59.08,1.0,SetByBid
2025-12-16 18:30:00,2025-12-16T18:30:00,59.09,1.0,SetByBid
2025-12-16 18:30:00,2025-12-16T18:30:00,59.09,1.0,SetByBid
2025-12-16 18:30:00,2025-12-16T18:30:00,59.09,1.0,SetByBid
2025-12-16 18:30:00,2025-12-16T18:30:00,59.09,4.0,SetByBid
2025-12-16 18:30:03,2025-12-16T18:30:03,59.09,1.0,SetByBid
2025-12-16 18:30:09,2025-12-16T18:30:09,59.1,2.0,SetByBid
2025-12-16 18:30:24,2025-12-16T18:30:24,59.11,3.0,SetByAsk
2025-12-16 18:30:25,2025-12-16T18:30:25,59.1,1.0,SetByAsk
2025-12-16 18:30:28,2025-12-16T18:30:28,59.09,1.0,SetByBid
2025-12-16 18:30:28,2025-12-16T18:30:28,59.09,1.0,SetByBid
2025-12-16 18:30:32,2025-12-16T18:30:32,59.09,1.0,SetByBid
2025-12-16 18:30:39,2025-12-16T18:30:39,59.09,1.0,SetByBid
2025-12-16 18:30:41,2025-12-16T18:30:41,59.1,2.0,SetByBid
2025-12-16 18:30:41,2025-12-16T18:30:41,59.09,1.0,SetByAsk
2025-12-16 18:31:03,2025-12-16T18:31:03,59.05,1.0,SetByAsk
2025-12-16 18:31:03,2025-12-16T18:31:03,59.05,1.0,SetByAsk
2025-12-16 18:31:05,2025-12-16T18:31:05,59.05,1.0,SetByAsk
2025-12-16 18:31:05,2025-12-16T18:31:05,59.05,1.0,SetByAsk
2025-12-16 18:31:05,2025-12-16T18:31:05,59.06,1.0,SetByBid
2025-12-16 18:31:06,2025-12-16T18:31:06,59.05,1.0,SetByAsk
2025-12-16 18:31:06,2025-12-16T18:31:06,59.05,1.0,SetByBid
2025-12-16 18:31:08,2025-12-16T18:31:08,59.05,1.0,SetByAsk
2025-12-16 18:31:24,2025-12-16T18:31:24,59.04,1.0,SetByBid
2025-12-16 18:31:27,2025-12-16T18:31:27,59.04,1.0,SetByAsk
2025-12-16 18:31:27,2025-12-16T18:31:27,59.05,1.0,SetByBid
2025-12-16 18:31:36,2025-12-16T18:31:36,59.07,1.0,SetByAsk
2025-12-16 18:31:39,2025-12-16T18:31:39,59.06,1.0,SetByAsk
2025-12-16 18:31:41,2025-12-16T18:31:41,59.05,1.0,SetByAsk
2025-12-16 18:31:41,2025-12-16T18:31:41,59.05,1.0,SetByAsk
2025-12-16 18:31:41,2025-12-16T18:31:41,59.05,1.0,SetByAsk
2025-12-16 18:31:41,2025-12-16T18:31:41,59.05,1.0,SetByAsk
2025-12-16 18:31:41,2025-12-16T18:31:41,59.05,1.0,SetByAsk
2025-12-16 18:31:42,2025-12-16T18:31:42,59.05,1.0,SetByAsk
2025-12-16 18:31:45,2025-12-16T18:31:45,59.05,1.0,SetByAsk
2025-12-16 18:31:45,2025-12-16T18:31:45,59.05,1.0,SetByBid
2025-12-16 18:31:46,2025-12-16T18:31:46,59.04,1.0,SetByAsk
2025-12-16 18:31:49,2025-12-16T18:31:49,59.04,1.0,SetByAsk
2025-12-16 18:31:58,2025-12-16T18:31:58,59.04,1.0,SetByAsk
2025-12-16 18:31:58,2025-12-16T18:31:58,59.04,1.0,SetByAsk
2025-12-16 18:31:58,2025-12-16T18:31:58,59.04,1.0,SetByAsk
2025-12-16 18:31:58,2025-12-16T18:31:58,59.04,1.0,SetByAsk
2025-12-16 18:31:58,2025-12-16T18:31:58,59.04,1.0,SetByAsk
2025-12-16 18:31:58,2025-12-16T18:31:58,59.04,1.0,SetByAsk
2025-12-16 18:31:58,2025-12-16T18:31:58,59.04,1.0,SetByAsk
2025-12-16 18:31:58,2025-12-16T18:31:58,59.04,1.0,SetByAsk
2025-12-16 18:31:58,2025-12-16T18:31:58,59.04,1.0,SetByAsk
2025-12-16 18:31:58,2025-12-16T18:31:58,59.04,3.0,SetByAsk
2025-12-16 18:31:58,2025-12-16T18:31:58,59.04,1.0,SetByAsk
2025-12-16 18:31:58,2025-12-16T18:31:58,59.04,1.0,SetByAsk
2025-12-16 18:31:58,2025-12-16T18:31:58,59.04,1.0,SetByAsk
2025-12-16 18:31:58,2025-12-16T18:31:58,59.04,3.0,SetByAsk
2025-12-16 18:31:58,2025-12-16T18:31:58,59.04,1.0,SetByAsk
2025-12-16 18:31:58,2025-12-16T18:31:58,59.04,4.0,SetByAsk
2025-12-16 18:31:58,2025-12-16T18:31:58,59.04,1.0,SetByAsk
2025-12-16 18:31:58,2025-12-16T18:31:58,59.04,1.0,SetByAsk
2025-12-16 18:31:58,2025-12-16T18:31:58,59.04,1.0,SetByAsk
2025-12-16 18:31:58,2025-12-16T18:31:58,59.04,1.0,SetByAsk
2025-12-16 18:31:58,2025-12-16T18:31:58,59.04,1.0,SetByAsk
2025-12-16 18:31:58,2025-12-16T18:31:58,59.04,3.0,SetByAsk
2025-12-16 18:31:58,2025-12-16T18:31:58,59.04,2.0,SetByAsk
2025-12-16 18:31:58,2025-12-16T18:31:58,59.04,1.0,SetByAsk
2025-12-16 18:31:58,2025-12-16T18:31:58,59.04,4.0,SetByAsk
2025-12-16 18:31:58,2025-12-16T18:31:58,59.04,1.0,SetByAsk
2025-12-16 18:31:58,2025-12-16T18:31:58,59.04,3.0,SetByAsk
2025-12-16 18:31:58,2025-12-16T18:31:58,59.04,2.0,SetByAsk
2025-12-16 18:31:58,2025-12-16T18:31:58,59.04,3.0,SetByAsk
2025-12-16 18:32:12,2025-12-16T18:32:12,59.05,1.0,SetByBid
2025-12-16 18:32:12,2025-12-16T18:32:12,59.05,1.0,SetByBid
2025-12-16 18:32:12,2025-12-16T18:32:12,59.05,1.0,SetByBid
2025-12-16 18:32:12,2025-12-16T18:32:12,59.05,1.0,SetByBid
2025-12-16 18:32:12,2025-12-16T18:32:12,59.05,1.0,SetByBid
2025-12-16 18:32:12,2025-12-16T18:32:12,59.05,1.0,SetByBid
2025-12-16 18:32:12,2025-12-16T18:32:12,59.05,2.0,SetByBid
2025-12-16 18:32:12,2025-12-16T18:32:12,59.05,1.0,SetByBid
2025-12-16 18:32:12,2025-12-16T18:32:12,59.05,1.0,SetByBid
2025-12-16 18:32:12,2025-12-16T18:32:12,59.05,1.0,SetByBid
2025-12-16 18:32:45,2025-12-16T18:32:45,59.03,1.0,SetByBid
2025-12-16 18:32:50,2025-12-16T18:32:50,59.04,1.0,SetByBid
2025-12-16 18:32:50,2025-12-16T18:32:50,59.04,1.0,SetByBid
2025-12-16 18:32:51,2025-12-16T18:32:51,59.05,1.0,SetByAsk
2025-12-16 18:33:14,2025-12-16T18:33:14,59.02,1.0,SetByAsk
2025-12-16 18:33:14,2025-12-16T18:33:14,59.02,9.0,SetByAsk
2025-12-16 18:33:14,2025-12-16T18:33:14,59.02,1.0,SetByAsk
2025-12-16 18:33:15,2025-12-16T18:33:15,59.02,2.0,SetByAsk
2025-12-16 18:33:15,2025-12-16T18:33:15,59.02,1.0,SetByAsk
2025-12-16 18:33:16,2025-12-16T18:33:16,59.02,3.0,SetByAsk
2025-12-16 18:33:40,2025-12-16T18:33:40,59.01,1.0,SetByBid
2025-12-16 18:33:40,2025-12-16T18:33:40,59.01,1.0,SetByBid
2025-12-16 18:33:40,2025-12-16T18:33:40,59.01,1.0,SetByBid
2025-12-16 18:33:43,2025-12-16T18:33:43,59.02,1.0,SetByBid
2025-12-16 18:33:46,2025-12-16T18:33:46,59.02,1.0,SetByBid
2025-12-16 18:33:46,2025-12-16T18:33:46,59.02,1.0,SetByBid
2025-12-16 18:34:19,2025-12-16T18:34:19,59.04,1.0,SetByBid
2025-12-16 18:34:32,2025-12-16T18:34:32,59.03,1.0,SetByBid
2025-12-16 18:34:32,2025-12-16T18:34:32,59.03,2.0,SetByBid
2025-12-16 18:34:32,2025-12-16T18:34:32,59.03,1.0,SetByBid
2025-12-16 18:34:32,2025-12-16T18:34:32,59.03,2.0,SetByBid
2025-12-16 18:34:33,2025-12-16T18:34:33,59.01,1.0,SetByBid
2025-12-16 18:34:34,2025-12-16T18:34:34,59.0,1.0,SetByAsk
2025-12-16 18:34:48,2025-12-16T18:34:48,58.98,1.0,SetByAsk
2025-12-16 18:34:48,2025-12-16T18:34:48,58.98,1.0,SetByAsk
2025-12-16 18:34:48,2025-12-16T18:34:48,58.98,1.0,SetByAsk
2025-12-16 18:34:48,2025-12-16T18:34:48,58.98,1.0,SetByAsk
2025-12-16 18:34:48,2025-12-16T18:34:48,58.98,1.0,SetByBid
2025-12-16 18:35:00,2025-12-16T18:35:00,58.99,1.0,SetByBid
2025-12-16 18:35:06,2025-12-16T18:35:06,58.99,1.0,SetByAsk
2025-12-16 18:35:06,2025-12-16T18:35:06,59.0,1.0,SetByBid
2025-12-16 18:35:06,2025-12-16T18:35:06,59.0,1.0,SetByAsk
2025-12-16 18:35:13,2025-12-16T18:35:13,59.0,1.0,SetByBid
2025-12-16 18:35:13,2025-12-16T18:35:13,59.0,1.0,SetByBid
2025-12-16 18:35:13,2025-12-16T18:35:13,59.0,2.0,SetByBid
2025-12-16 18:35:13,2025-12-16T18:35:13,59.0,2.0,SetByBid
2025-12-16 18:35:15,2025-12-16T18:35:15,58.99,1.0,SetByAsk
2025-12-16 18:35:28,2025-12-16T18:35:28,59.02,1.0,SetByBid
2025-12-16 18:35:28,2025-12-16T18:35:28,59.02,1.0,SetByBid
2025-12-16 18:35:28,2025-12-16T18:35:28,59.02,1.0,SetByBid
2025-12-16 18:35:28,2025-12-16T18:35:28,59.02,1.0,SetByBid
2025-12-16 18:35:28,2025-12-16T18:35:28,59.02,1.0,SetByBid
2025-12-16 18:35:28,2025-12-16T18:35:28,59.02,1.0,SetByBid
2025-12-16 18:35:28,2025-12-16T18:35:28,59.02,1.0,SetByBid
2025-12-16 18:35:28,2025-12-16T18:35:28,59.02,1.0,SetByBid
2025-12-16 18:35:28,2025-12-16T18:35:28,59.02,1.0,SetByBid
2025-12-16 18:35:28,2025-12-16T18:35:28,59.02,1.0,SetByBid
2025-12-16 18:35:28,2025-12-16T18:35:28,59.02,1.0,SetByBid
2025-12-16 18:35:28,2025-12-16T18:35:28,59.02,1.0,SetByBid
2025-12-16 18:35:28,2025-12-16T18:35:28,59.02,1.0,SetByBid
2025-12-16 18:35:59,2025-12-16T18:35:59,59.0,1.0,SetByAsk
2025-12-16 18:35:59,2025-12-16T18:35:59,59.0,1.0,SetByAsk
2025-12-16 18:35:59,2025-12-16T18:35:59,59.0,1.0,SetByAsk
2025-12-16 18:35:59,2025-12-16T18:35:59,59.0,1.0,SetByAsk
2025-12-16 18:35:59,2025-12-16T18:35:59,59.0,1.0,SetByAsk
2025-12-16 18:35:59,2025-12-16T18:35:59,59.0,1.0,SetByAsk
2025-12-16 18:35:59,2025-12-16T18:35:59,59.0,1.0,SetByAsk
2025-12-16 18:35:59,2025-12-16T18:35:59,59.0,1.0,SetByAsk
2025-12-16 18:35:59,2025-12-16T18:35:59,58.99,2.0,SetByAsk
2025-12-16 18:35:59,2025-12-16T18:35:59,58.99,1.0,SetByAsk
2025-12-16 18:35:59,2025-12-16T18:35:59,58.99,1.0,SetByAsk
2025-12-16 18:35:59,2025-12-16T18:35:59,58.99,1.0,SetByAsk
2025-12-16 18:35:59,2025-12-16T18:35:59,58.99,1.0,SetByAsk
2025-12-16 18:35:59,2025-12-16T18:35:59,58.99,1.0,SetByAsk
2025-12-16 18:35:59,2025-12-16T18:35:59,58.99,1.0,SetByAsk
2025-12-16 18:35:59,2025-12-16T18:35:59,58.99,1.0,SetByAsk
2025-12-16 18:35:59,2025-12-16T18:35:59,58.99,1.0,SetByAsk
2025-12-16 18:35:59,2025-12-16T18:35:59,58.99,4.0,SetByAsk
2025-12-16 18:35:59,2025-12-16T18:35:59,58.99,1.0,SetByAsk
2025-12-16 18:35:59,2025-12-16T18:35:59,58.99,2.0,SetByAsk
2025-12-16 18:35:59,2025-12-16T18:35:59,58.99,1.0,SetByAsk
2025-12-16 18:35:59,2025-12-16T18:35:59,58.99,1.0,SetByAsk
2025-12-16 18:35:59,2025-12-16T18:35:59,58.99,1.0,SetByAsk
2025-12-16 18:35:59,2025-12-16T18:35:59,58.99,1.0,SetByAsk
2025-12-16 18:35:59,2025-12-16T18:35:59,58.99,5.0,SetByAsk
2025-12-16 18:35:59,2025-12-16T18:35:59,58.99,1.0,SetByAsk
2025-12-16 18:35:59,2025-12-16T18:35:59,58.99,3.0,SetByAsk
2025-12-16 18:35:59,2025-12-16T18:35:59,58.99,1.0,SetByAsk
2025-12-16 18:35:59,2025-12-16T18:35:59,58.99,3.0,SetByAsk
2025-12-16 18:35:59,2025-12-16T18:35:59,58.99,6.0,SetByAsk
2025-12-16 18:35:59,2025-12-16T18:35:59,58.99,5.0,SetByAsk
2025-12-16 18:35:59,2025-12-16T18:35:59,58.99,2.0,SetByAsk
2025-12-16 18:35:59,2025-12-16T18:35:59,58.99,1.0,SetByAsk
2025-12-16 18:35:59,2025-12-16T18:35:59,58.99,1.0,SetByAsk
2025-12-16 18:35:59,2025-12-16T18:35:59,58.99,1.0,SetByAsk
2025-12-16 18:35:59,2025-12-16T18:35:59,58.99,1.0,SetByAsk
2025-12-16 18:35:59,2025-12-16T18:35:59,58.99,2.0,SetByAsk
2025-12-16 18:35:59,2025-12-16T18:35:59,58.99,1.0,SetByAsk
2025-12-16 18:35:59,2025-12-16T18:35:59,58.99,1.0,SetByAsk
2025-12-16 18:35:59,2025-12-16T18:35:59,58.99,1.0,SetByAsk
2025-12-16 18:35:59,2025-12-16T18:35:59,58.99,1.0,SetByAsk
2025-12-16 18:35:59,2025-12-16T18:35:59,58.99,1.0,SetByAsk
2025-12-16 18:35:59,2025-12-16T18:35:59,58.99,1.0,SetByAsk
2025-12-16 18:35:59,2025-12-16T18:35:59,58.99,1.0,SetByAsk
2025-12-16 18:35:59,2025-12-16T18:35:59,58.99,5.0,SetByAsk
2025-12-16 18:35:59,2025-12-16T18:35:59,58.99,2.0,SetByAsk
2025-12-16 18:35:59,2025-12-16T18:35:59,58.99,4.0,SetByAsk
2025-12-16 18:35:59,2025-12-16T18:35:59,58.99,1.0,SetByAsk
2025-12-16 18:35:59,2025-12-16T18:35:59,58.99,1.0,SetByAsk
2025-12-16 18:35:59,2025-12-16T18:35:59,58.99,1.0,SetByAsk
2025-12-16 18:35:59,2025-12-16T18:35:59,58.99,1.0,SetByAsk
2025-12-16 18:35:59,2025-12-16T18:35:59,58.99,1.0,SetByAsk
2025-12-16 18:35:59,2025-12-16T18:35:59,58.99,3.0,SetByAsk
2025-12-16 18:35:59,2025-12-16T18:35:59,58.98,1.0,SetByAsk
2025-12-16 18:35:59,2025-12-16T18:35:59,58.98,1.0,SetByAsk
2025-12-16 18:35:59,2025-12-16T18:35:59,58.98,1.0,SetByAsk
2025-12-16 18:35:59,2025-12-16T18:35:59,58.98,1.0,SetByAsk
2025-12-16 18:35:59,2025-12-16T18:35:59,58.98,1.0,SetByAsk
2025-12-16 18:35:59,2025-12-16T18:35:59,58.98,2.0,SetByAsk
2025-12-16 18:35:59,2025-12-16T18:35:59,58.98,1.0,SetByAsk
2025-12-16 18:35:59,2025-12-16T18:35:59,58.98,1.0,SetByAsk
2025-12-16 18:35:59,2025-12-16T18:35:59,58.98,1.0,SetByAsk
2025-12-16 18:35:59,2025-12-16T18:35:59,58.98,1.0,SetByAsk
2025-12-16 18:35:59,2025-12-16T18:35:59,58.98,1.0,SetByAsk
2025-12-16 18:35:59,2025-12-16T18:35:59,58.98,1.0,SetByAsk
2025-12-16 18:35:59,2025-12-16T18:35:59,58.98,1.0,SetByAsk
2025-12-16 18:35:59,2025-12-16T18:35:59,58.98,1.0,SetByAsk
2025-12-16 18:35:59,2025-12-16T18:35:59,58.98,1.0,SetByAsk
2025-12-16 18:35:59,2025-12-16T18:35:59,58.98,1.0,SetByAsk
2025-12-16 18:35:59,2025-12-16T18:35:59,58.98,1.0,SetByAsk
2025-12-16 18:35:59,2025-12-16T18:35:59,58.98,1.0,SetByAsk
2025-12-16 18:35:59,2025-12-16T18:35:59,58.98,2.0,SetByAsk
2025-12-16 18:35:59,2025-12-16T18:35:59,58.98,1.0,SetByAsk
2025-12-16 18:35:59,2025-12-16T18:35:59,58.98,1.0,SetByAsk
2025-12-16 18:35:59,2025-12-16T18:35:59,59.0,1.0,SetByBid
2025-12-16 18:35:59,2025-12-16T18:35:59,59.0,1.0,SetByAsk
2025-12-16 18:36:13,2025-12-16T18:36:13,58.97,1.0,SetByBid
2025-12-16 18:36:14,2025-12-16T18:36:14,58.98,1.0,SetByBid
2025-12-16 18:36:14,2025-12-16T18:36:14,58.98,1.0,SetByBid
2025-12-16 18:36:14,2025-12-16T18:36:14,58.98,1.0,SetByBid
2025-12-16 18:36:14,2025-12-16T18:36:14,58.99,1.0,SetByBid
2025-12-16 18:36:14,2025-12-16T18:36:14,58.99,2.0,SetByBid
2025-12-16 18:36:14,2025-12-16T18:36:14,58.99,1.0,SetByBid
2025-12-16 18:36:14,2025-12-16T18:36:14,58.99,4.0,SetByBid
2025-12-16 18:36:33,2025-12-16T18:36:33,58.99,1.0,SetByAsk
2025-12-16 18:36:36,2025-12-16T18:36:36,59.0,1.0,SetByBid
2025-12-16 18:36:36,2025-12-16T18:36:36,59.0,1.0,SetByAsk
2025-12-16 18:36:59,2025-12-16T18:36:59,58.99,1.0,SetByBid
2025-12-16 18:37:12,2025-12-16T18:37:12,58.96,1.0,SetByAsk
2025-12-16 18:37:12,2025-12-16T18:37:12,58.96,1.0,SetByAsk
2025-12-16 18:37:12,2025-12-16T18:37:12,58.96,1.0,SetByAsk
2025-12-16 18:37:14,2025-12-16T18:37:14,58.97,1.0,SetByBid
2025-12-16 18:37:17,2025-12-16T18:37:17,58.96,1.0,SetByAsk
2025-12-16 18:37:17,2025-12-16T18:37:17,58.96,2.0,SetByAsk
2025-12-16 18:37:17,2025-12-16T18:37:17,58.96,1.0,SetByAsk
2025-12-16 18:37:17,2025-12-16T18:37:17,58.96,1.0,SetByAsk
2025-12-16 18:37:17,2025-12-16T18:37:17,58.95,1.0,SetByBid
2025-12-16 18:37:17,2025-12-16T18:37:17,58.95,1.0,SetByBid
2025-12-16 18:37:17,2025-12-16T18:37:17,58.95,1.0,SetByBid
2025-12-16 18:37:38,2025-12-16T18:37:38,58.95,1.0,SetByBid
2025-12-16 18:37:49,2025-12-16T18:37:49,58.95,1.0,SetByAsk
2025-12-16 18:37:57,2025-12-16T18:37:57,58.94,1.0,SetByBid
2025-12-16 18:37:57,2025-12-16T18:37:57,58.94,1.0,SetByBid
2025-12-16 18:37:57,2025-12-16T18:37:57,58.94,1.0,SetByBid
2025-12-16 18:38:04,2025-12-16T18:38:04,58.96,1.0,SetByBid
2025-12-16 18:38:07,2025-12-16T18:38:07,58.96,1.0,SetByAsk
2025-12-16 18:38:21,2025-12-16T18:38:21,58.94,1.0,SetByAsk
2025-12-16 18:38:21,2025-12-16T18:38:21,58.94,1.0,SetByAsk
2025-12-16 18:38:52,2025-12-16T18:38:52,58.96,4.0,SetByBid
2025-12-16 18:39:03,2025-12-16T18:39:03,58.96,1.0,SetByBid
2025-12-16 18:39:04,2025-12-16T18:39:04,58.96,1.0,SetByBid
2025-12-16 18:39:13,2025-12-16T18:39:13,58.97,1.0,SetByAsk
2025-12-16 18:39:31,2025-12-16T18:39:31,58.98,1.0,SetByAsk
2025-12-16 18:39:31,2025-12-16T18:39:31,58.98,1.0,SetByAsk
2025-12-16 18:39:31,2025-12-16T18:39:31,58.98,3.0,SetByAsk
2025-12-16 18:39:37,2025-12-16T18:39:37,58.98,1.0,SetByAsk
2025-12-16 18:39:37,2025-12-16T18:39:37,58.98,1.0,SetByAsk
2025-12-16 18:39:37,2025-12-16T18:39:37,58.98,1.0,SetByAsk
2025-12-16 18:39:49,2025-12-16T18:39:49,58.99,1.0,SetByBid
2025-12-16 18:39:49,2025-12-16T18:39:49,58.99,1.0,SetByBid
2025-12-16 18:39:55,2025-12-16T18:39:55,58.98,1.0,SetByAsk
2025-12-16 18:40:02,2025-12-16T18:40:02,58.98,1.0,SetByBid
2025-12-16 18:40:15,2025-12-16T18:40:15,58.97,1.0,SetByBid
2025-12-16 18:40:15,2025-12-16T18:40:15,58.97,1.0,SetByBid
2025-12-16 18:40:15,2025-12-16T18:40:15,58.97,1.0,SetByBid
2025-12-16 18:40:15,2025-12-16T18:40:15,58.97,1.0,SetByBid
2025-12-16 18:40:22,2025-12-16T18:40:22,58.98,1.0,SetByBid
2025-12-16 18:40:22,2025-12-16T18:40:22,58.98,1.0,SetByBid
2025-12-16 18:40:33,2025-12-16T18:40:33,58.97,1.0,SetByAsk
2025-12-16 18:40:33,2025-12-16T18:40:33,58.97,1.0,SetByAsk
2025-12-16 18:40:33,2025-12-16T18:40:33,58.97,1.0,SetByAsk
2025-12-16 18:40:44,2025-12-16T18:40:44,58.94,1.0,SetByAsk
2025-12-16 18:40:44,2025-12-16T18:40:44,58.94,1.0,SetByAsk
2025-12-16 18:40:44,2025-12-16T18:40:44,58.94,1.0,SetByAsk
2025-12-16 18:40:57,2025-12-16T18:40:57,58.94,1.0,SetByBid
2025-12-16 18:40:57,2025-12-16T18:40:57,58.94,1.0,SetByBid
2025-12-16 18:41:21,2025-12-16T18:41:21,58.94,1.0,SetByBid
2025-12-16 18:41:21,2025-12-16T18:41:21,58.94,1.0,SetByBid
2025-12-16 18:41:21,2025-12-16T18:41:21,58.94,1.0,SetByBid
2025-12-16 18:41:21,2025-12-16T18:41:21,58.94,1.0,SetByBid
2025-12-16 18:41:21,2025-12-16T18:41:21,58.94,1.0,SetByBid
2025-12-16 18:41:21,2025-12-16T18:41:21,58.94,1.0,SetByBid
2025-12-16 18:41:35,2025-12-16T18:41:35,58.93,1.0,SetByBid
2025-12-16 18:41:35,2025-12-16T18:41:35,58.93,1.0,SetByBid
2025-12-16 18:41:42,2025-12-16T18:41:42,58.94,1.0,SetByBid
2025-12-16 18:41:42,2025-12-16T18:41:42,58.94,1.0,SetByBid
2025-12-16 18:42:13,2025-12-16T18:42:13,58.95,1.0,SetByBid
2025-12-16 18:42:13,2025-12-16T18:42:13,58.95,1.0,SetByBid
2025-12-16 18:42:13,2025-12-16T18:42:13,58.95,1.0,SetByBid
2025-12-16 18:42:13,2025-12-16T18:42:13,58.95,1.0,SetByBid
2025-12-16 18:42:29,2025-12-16T18:42:29,58.93,1.0,SetByAsk
2025-12-16 18:42:29,2025-12-16T18:42:29,58.93,1.0,SetByAsk
2025-12-16 18:42:29,2025-12-16T18:42:29,58.93,1.0,SetByAsk
2025-12-16 18:42:31,2025-12-16T18:42:31,58.94,1.0,SetByBid
2025-12-16 18:42:31,2025-12-16T18:42:31,58.94,1.0,SetByBid
2025-12-16 18:42:31,2025-12-16T18:42:31,58.95,1.0,SetByBid
2025-12-16 18:42:31,2025-12-16T18:42:31,58.95,1.0,SetByBid
2025-12-16 18:42:31,2025-12-16T18:42:31,58.95,1.0,SetByBid
2025-12-16 18:42:31,2025-12-16T18:42:31,58.95,1.0,SetByBid
2025-12-16 18:42:31,2025-12-16T18:42:31,58.95,1.0,SetByBid
2025-12-16 18:42:31,2025-12-16T18:42:31,58.95,1.0,SetByBid
2025-12-16 18:42:31,2025-12-16T18:42:31,58.95,1.0,SetByBid
2025-12-16 18:42:31,2025-12-16T18:42:31,58.95,1.0,SetByBid
2025-12-16 18:42:31,2025-12-16T18:42:31,58.95,1.0,SetByBid
2025-12-16 18:42:31,2025-12-16T18:42:31,58.95,1.0,SetByBid
2025-12-16 18:42:31,2025-12-16T18:42:31,58.95,1.0,SetByBid
2025-12-16 18:42:31,2025-12-16T18:42:31,58.95,1.0,SetByBid
2025-12-16 18:42:31,2025-12-16T18:42:31,58.95,1.0,SetByBid
2025-12-16 18:42:31,2025-12-16T18:42:31,58.95,1.0,SetByBid
2025-12-16 18:42:31,2025-12-16T18:42:31,58.95,1.0,SetByBid
2025-12-16 18:42:31,2025-12-16T18:42:31,58.95,3.0,SetByBid
2025-12-16 18:42:31,2025-12-16T18:42:31,58.95,1.0,SetByBid
2025-12-16 18:42:31,2025-12-16T18:42:31,58.95,5.0,SetByBid
2025-12-16 18:42:33,2025-12-16T18:42:33,58.94,1.0,SetByAsk
2025-12-16 18:42:33,2025-12-16T18:42:33,58.94,1.0,SetByAsk
2025-12-16 18:42:56,2025-12-16T18:42:56,58.95,1.0,SetByBid
2025-12-16 18:42:56,2025-12-16T18:42:56,58.95,1.0,SetByBid
2025-12-16 18:43:15,2025-12-16T18:43:15,58.93,1.0,SetByAsk
2025-12-16 18:43:15,2025-12-16T18:43:15,58.93,1.0,SetByAsk
2025-12-16 18:43:15,2025-12-16T18:43:15,58.93,1.0,SetByAsk
2025-12-16 18:43:15,2025-12-16T18:43:15,58.93,1.0,SetByAsk
2025-12-16 18:43:15,2025-12-16T18:43:15,58.93,1.0,SetByAsk
2025-12-16 18:43:15,2025-12-16T18:43:15,58.93,1.0,SetByAsk
2025-12-16 18:43:15,2025-12-16T18:43:15,58.93,1.0,SetByAsk
2025-12-16 18:43:15,2025-12-16T18:43:15,58.93,1.0,SetByAsk
2025-12-16 18:43:15,2025-12-16T18:43:15,58.93,1.0,SetByAsk
2025-12-16 18:43:15,2025-12-16T18:43:15,58.93,1.0,SetByAsk
2025-12-16 18:43:15,2025-12-16T18:43:15,58.93,1.0,SetByAsk
2025-12-16 18:43:15,2025-12-16T18:43:15,58.93,1.0,SetByAsk
2025-12-16 18:43:15,2025-12-16T18:43:15,58.93,1.0,SetByAsk
2025-12-16 18:43:15,2025-12-16T18:43:15,58.93,1.0,SetByAsk
2025-12-16 18:43:15,2025-12-16T18:43:15,58.93,2.0,SetByAsk
2025-12-16 18:43:15,2025-12-16T18:43:15,58.93,1.0,SetByAsk
2025-12-16 18:43:15,2025-12-16T18:43:15,58.93,1.0,SetByAsk
2025-12-16 18:43:15,2025-12-16T18:43:15,58.93,1.0,SetByAsk
2025-12-16 18:43:15,2025-12-16T18:43:15,58.93,1.0,SetByAsk
2025-12-16 18:43:15,2025-12-16T18:43:15,58.93,1.0,SetByAsk
2025-12-16 18:43:15,2025-12-16T18:43:15,58.93,1.0,SetByAsk
2025-12-16 18:43:15,2025-12-16T18:43:15,58.93,1.0,SetByAsk
2025-12-16 18:43:15,2025-12-16T18:43:15,58.93,1.0,SetByAsk
2025-12-16 18:43:15,2025-12-16T18:43:15,58.93,1.0,SetByAsk
2025-12-16 18:43:15,2025-12-16T18:43:15,58.93,1.0,SetByAsk
2025-12-16 18:43:15,2025-12-16T18:43:15,58.93,1.0,SetByAsk
2025-12-16 18:43:15,2025-12-16T18:43:15,58.93,3.0,SetByAsk
2025-12-16 18:43:15,2025-12-16T18:43:15,58.93,1.0,SetByAsk
2025-12-16 18:43:15,2025-12-16T18:43:15,58.93,1.0,SetByAsk
2025-12-16 18:43:15,2025-12-16T18:43:15,58.93,1.0,SetByAsk
2025-12-16 18:43:15,2025-12-16T18:43:15,58.93,1.0,SetByAsk
2025-12-16 18:43:15,2025-12-16T18:43:15,58.93,1.0,SetByAsk
2025-12-16 18:43:15,2025-12-16T18:43:15,58.93,1.0,SetByAsk
2025-12-16 18:43:15,2025-12-16T18:43:15,58.93,2.0,SetByAsk
2025-12-16 18:43:15,2025-12-16T18:43:15,58.93,2.0,SetByAsk
2025-12-16 18:43:15,2025-12-16T18:43:15,58.93,3.0,SetByAsk
2025-12-16 18:43:15,2025-12-16T18:43:15,58.93,1.0,SetByAsk
2025-12-16 18:43:15,2025-12-16T18:43:15,58.93,1.0,SetByAsk
2025-12-16 18:43:15,2025-12-16T18:43:15,58.93,1.0,SetByAsk
2025-12-16 18:43:15,2025-12-16T18:43:15,58.93,4.0,SetByAsk
2025-12-16 18:43:15,2025-12-16T18:43:15,58.92,1.0,SetByAsk
2025-12-16 18:43:15,2025-12-16T18:43:15,58.92,1.0,SetByAsk
2025-12-16 18:43:15,2025-12-16T18:43:15,58.92,1.0,SetByAsk
2025-12-16 18:43:15,2025-12-16T18:43:15,58.92,1.0,SetByAsk
2025-12-16 18:43:15,2025-12-16T18:43:15,58.92,1.0,SetByAsk
2025-12-16 18:43:15,2025-12-16T18:43:15,58.92,1.0,SetByAsk
2025-12-16 18:43:15,2025-12-16T18:43:15,58.92,1.0,SetByAsk
2025-12-16 18:43:15,2025-12-16T18:43:15,58.92,2.0,SetByAsk
2025-12-16 18:43:15,2025-12-16T18:43:15,58.92,1.0,SetByAsk
2025-12-16 18:43:15,2025-12-16T18:43:15,58.92,1.0,SetByAsk
2025-12-16 18:43:15,2025-12-16T18:43:15,58.92,1.0,SetByAsk
2025-12-16 18:43:15,2025-12-16T18:43:15,58.92,1.0,SetByAsk
2025-12-16 18:43:15,2025-12-16T18:43:15,58.92,1.0,SetByAsk
2025-12-16 18:43:15,2025-12-16T18:43:15,58.92,1.0,SetByAsk
2025-12-16 18:43:15,2025-12-16T18:43:15,58.92,1.0,SetByAsk
2025-12-16 18:43:15,2025-12-16T18:43:15,58.92,1.0,SetByAsk
2025-12-16 18:43:15,2025-12-16T18:43:15,58.92,1.0,SetByAsk
2025-12-16 18:43:15,2025-12-16T18:43:15,58.92,1.0,SetByAsk
2025-12-16 18:43:15,2025-12-16T18:43:15,58.92,1.0,SetByAsk
2025-12-16 18:43:15,2025-12-16T18:43:15,58.92,1.0,SetByAsk
2025-12-16 18:43:15,2025-12-16T18:43:15,58.92,5.0,SetByAsk
2025-12-16 18:43:15,2025-12-16T18:43:15,58.92,4.0,SetByAsk
2025-12-16 18:43:15,2025-12-16T18:43:15,58.92,2.0,SetByAsk
2025-12-16 18:43:15,2025-12-16T18:43:15,58.92,1.0,SetByAsk
2025-12-16 18:43:15,2025-12-16T18:43:15,58.92,1.0,SetByAsk
2025-12-16 18:43:15,2025-12-16T18:43:15,58.92,1.0,SetByAsk
2025-12-16 18:43:15,2025-12-16T18:43:15,58.92,1.0,SetByAsk
2025-12-16 18:43:15,2025-12-16T18:43:15,58.92,1.0,SetByAsk
2025-12-16 18:43:15,2025-12-16T18:43:15,58.92,1.0,SetByAsk
2025-12-16 18:43:15,2025-12-16T18:43:15,58.92,3.0,SetByAsk
2025-12-16 18:43:15,2025-12-16T18:43:15,58.92,1.0,SetByAsk
2025-12-16 18:43:15,2025-12-16T18:43:15,58.92,2.0,SetByAsk
2025-12-16 18:43:15,2025-12-16T18:43:15,58.92,1.0,SetByAsk
2025-12-16 18:43:15,2025-12-16T18:43:15,58.92,1.0,SetByAsk
2025-12-16 18:43:15,2025-12-16T18:43:15,58.92,1.0,SetByAsk
2025-12-16 18:43:15,2025-12-16T18:43:15,58.92,1.0,SetByAsk
2025-12-16 18:43:15,2025-12-16T18:43:15,58.92,1.0,SetByAsk
2025-12-16 18:43:15,2025-12-16T18:43:15,58.92,1.0,SetByAsk
2025-12-16 18:43:15,2025-12-16T18:43:15,58.92,27.0,SetByAsk
2025-12-16 18:43:15,2025-12-16T18:43:15,58.92,1.0,SetByAsk
2025-12-16 18:43:15,2025-12-16T18:43:15,58.92,3.0,SetByAsk
2025-12-16 18:43:15,2025-12-16T18:43:15,58.92,2.0,SetByAsk
2025-12-16 18:43:15,2025-12-16T18:43:15,58.92,2.0,SetByAsk
2025-12-16 18:43:15,2025-12-16T18:43:15,58.92,2.0,SetByAsk
2025-12-16 18:43:53,2025-12-16T18:43:53,58.94,1.0,SetByBid
2025-12-16 18:43:53,2025-12-16T18:43:53,58.94,1.0,SetByBid
2025-12-16 18:43:53,2025-12-16T18:43:53,58.94,1.0,SetByBid
2025-12-16 18:43:53,2025-12-16T18:43:53,58.94,1.0,SetByBid
2025-12-16 18:44:04,2025-12-16T18:44:04,58.94,1.0,SetByBid
2025-12-16 18:44:15,2025-12-16T18:44:15,58.92,1.0,SetByAsk
2025-12-16 18:44:15,2025-12-16T18:44:15,58.92,1.0,SetByAsk
2025-12-16 18:44:15,2025-12-16T18:44:15,58.92,1.0,SetByAsk
2025-12-16 18:44:15,2025-12-16T18:44:15,58.93,1.0,SetByBid
2025-12-16 18:44:16,2025-12-16T18:44:16,58.93,1.0,SetByBid
2025-12-16 18:44:16,2025-12-16T18:44:16,58.93,1.0,SetByBid
2025-12-16 18:44:17,2025-12-16T18:44:17,58.94,1.0,SetByAsk
2025-12-16 18:45:00,2025-12-16T18:45:00,58.95,1.0,SetByBid
2025-12-16 18:45:00,2025-12-16T18:45:00,58.95,1.0,SetByBid
2025-12-16 18:45:00,2025-12-16T18:45:00,58.95,1.0,SetByBid
2025-12-16 18:45:00,2025-12-16T18:45:00,58.95,1.0,SetByBid
2025-12-16 18:45:00,2025-12-16T18:45:00,58.95,1.0,SetByAsk
2025-12-16 18:45:00,2025-12-16T18:45:00,58.95,1.0,SetByAsk
2025-12-16 18:45:22,2025-12-16T18:45:22,58.93,1.0,SetByBid
2025-12-16 18:45:22,2025-12-16T18:45:22,58.93,3.0,SetByBid
2025-12-16 18:45:22,2025-12-16T18:45:22,58.93,1.0,SetByBid
2025-12-16 18:45:22,2025-12-16T18:45:22,58.92,1.0,SetByAsk
2025-12-16 18:45:22,2025-12-16T18:45:22,58.92,1.0,SetByAsk
2025-12-16 18:45:22,2025-12-16T18:45:22,58.92,1.0,SetByAsk
2025-12-16 18:45:22,2025-12-16T18:45:22,58.92,2.0,SetByAsk
2025-12-16 18:45:22,2025-12-16T18:45:22,58.92,2.0,SetByAsk
2025-12-16 18:45:22,2025-12-16T18:45:22,58.92,1.0,SetByAsk
2025-12-16 18:45:22,2025-12-16T18:45:22,58.92,1.0,SetByAsk
2025-12-16 18:45:22,2025-12-16T18:45:22,58.92,1.0,SetByAsk
2025-12-16 18:45:22,2025-12-16T18:45:22,58.92,1.0,SetByAsk
2025-12-16 18:45:22,2025-12-16T18:45:22,58.92,2.0,SetByAsk
2025-12-16 18:45:28,2025-12-16T18:45:28,58.9,1.0,SetByAsk
2025-12-16 18:45:28,2025-12-16T18:45:28,58.9,2.0,SetByAsk
2025-12-16 18:45:28,2025-12-16T18:45:28,58.9,1.0,SetByAsk
2025-12-16 18:45:28,2025-12-16T18:45:28,58.9,1.0,SetByAsk
2025-12-16 18:45:28,2025-12-16T18:45:28,58.89,1.0,SetByAsk
2025-12-16 18:45:28,2025-12-16T18:45:28,58.9,1.0,SetByBid
2025-12-16 18:45:28,2025-12-16T18:45:28,58.9,1.0,SetByBid
2025-12-16 18:45:28,2025-12-16T18:45:28,58.9,6.0,SetByBid
2025-12-16 18:45:29,2025-12-16T18:45:29,58.9,1.0,SetByAsk
2025-12-16 18:45:30,2025-12-16T18:45:30,58.88,1.0,SetByAsk
2025-12-16 18:45:30,2025-12-16T18:45:30,58.88,1.0,SetByAsk
2025-12-16 18:45:30,2025-12-16T18:45:30,58.88,1.0,SetByAsk
2025-12-16 18:45:35,2025-12-16T18:45:35,58.88,5.0,SetByAsk
2025-12-16 18:45:35,2025-12-16T18:45:35,58.88,1.0,SetByAsk
2025-12-16 18:45:43,2025-12-16T18:45:43,58.88,1.0,SetByAsk
2025-12-16 18:45:43,2025-12-16T18:45:43,58.88,1.0,SetByAsk
2025-12-16 18:46:00,2025-12-16T18:46:00,58.87,1.0,SetByAsk
2025-12-16 18:46:00,2025-12-16T18:46:00,58.87,1.0,SetByAsk
2025-12-16 18:46:00,2025-12-16T18:46:00,58.87,1.0,SetByAsk
2025-12-16 18:46:00,2025-12-16T18:46:00,58.87,1.0,SetByAsk
2025-12-16 18:46:01,2025-12-16T18:46:01,58.87,1.0,SetByAsk
2025-12-16 18:46:01,2025-12-16T18:46:01,58.87,1.0,SetByAsk
2025-12-16 18:46:01,2025-12-16T18:46:01,58.87,1.0,SetByAsk
2025-12-16 18:46:01,2025-12-16T18:46:01,58.87,1.0,SetByAsk
2025-12-16 18:46:02,2025-12-16T18:46:02,58.87,1.0,SetByBid
2025-12-16 18:46:02,2025-12-16T18:46:02,58.87,1.0,SetByBid
2025-12-16 18:46:07,2025-12-16T18:46:07,58.87,1.0,SetByBid
2025-12-16 18:46:07,2025-12-16T18:46:07,58.87,1.0,SetByBid
2025-12-16 18:46:07,2025-12-16T18:46:07,58.88,1.0,SetByBid
2025-12-16 18:46:07,2025-12-16T18:46:07,58.88,1.0,SetByBid
2025-12-16 18:46:07,2025-12-16T18:46:07,58.88,1.0,SetByBid
2025-12-16 18:46:07,2025-12-16T18:46:07,58.88,1.0,SetByBid
2025-12-16 18:46:07,2025-12-16T18:46:07,58.88,1.0,SetByBid
2025-12-16 18:46:07,2025-12-16T18:46:07,58.88,1.0,SetByBid
2025-12-16 18:46:07,2025-12-16T18:46:07,58.88,1.0,SetByBid
2025-12-16 18:46:07,2025-12-16T18:46:07,58.88,1.0,SetByBid
2025-12-16 18:46:07,2025-12-16T18:46:07,58.88,4.0,SetByBid
2025-12-16 18:46:07,2025-12-16T18:46:07,58.88,1.0,SetByBid
2025-12-16 18:46:07,2025-12-16T18:46:07,58.88,2.0,SetByBid
2025-12-16 18:46:07,2025-12-16T18:46:07,58.88,2.0,SetByBid
2025-12-16 18:46:07,2025-12-16T18:46:07,58.88,1.0,SetByBid
2025-12-16 18:46:07,2025-12-16T18:46:07,58.88,1.0,SetByBid
2025-12-16 18:46:07,2025-12-16T18:46:07,58.88,1.0,SetByBid
2025-12-16 18:46:07,2025-12-16T18:46:07,58.88,1.0,SetByBid
2025-12-16 18:46:07,2025-12-16T18:46:07,58.88,1.0,SetByBid
2025-12-16 18:46:07,2025-12-16T18:46:07,58.88,1.0,SetByBid
2025-12-16 18:46:07,2025-12-16T18:46:07,58.88,1.0,SetByBid
2025-12-16 18:46:07,2025-12-16T18:46:07,58.88,1.0,SetByBid
2025-12-16 18:46:07,2025-12-16T18:46:07,58.88,1.0,SetByBid
2025-12-16 18:46:07,2025-12-16T18:46:07,58.88,1.0,SetByBid
2025-12-16 18:46:13,2025-12-16T18:46:13,58.88,1.0,SetByAsk
2025-12-16 18:46:13,2025-12-16T18:46:13,58.88,1.0,SetByAsk
2025-12-16 18:46:27,2025-12-16T18:46:27,58.86,1.0,SetByAsk
2025-12-16 18:46:27,2025-12-16T18:46:27,58.86,1.0,SetByAsk
2025-12-16 18:46:27,2025-12-16T18:46:27,58.86,1.0,SetByAsk
2025-12-16 18:46:28,2025-12-16T18:46:28,58.86,1.0,SetByBid
2025-12-16 18:46:35,2025-12-16T18:46:35,58.86,1.0,SetByAsk
2025-12-16 18:46:47,2025-12-16T18:46:47,58.85,4.0,SetByAsk
2025-12-16 18:46:47,2025-12-16T18:46:47,58.85,1.0,SetByBid
2025-12-16 18:46:48,2025-12-16T18:46:48,58.84,1.0,SetByAsk
2025-12-16 18:46:48,2025-12-16T18:46:48,58.84,6.0,SetByAsk
2025-12-16 18:46:48,2025-12-16T18:46:48,58.84,2.0,SetByAsk
2025-12-16 18:46:48,2025-12-16T18:46:48,58.84,2.0,SetByAsk
2025-12-16 18:46:48,2025-12-16T18:46:48,58.84,1.0,SetByAsk
2025-12-16 18:46:48,2025-12-16T18:46:48,58.84,2.0,SetByAsk
2025-12-16 18:46:48,2025-12-16T18:46:48,58.84,1.0,SetByAsk
2025-12-16 18:46:48,2025-12-16T18:46:48,58.84,1.0,SetByAsk
2025-12-16 18:46:48,2025-12-16T18:46:48,58.84,1.0,SetByAsk
2025-12-16 18:46:48,2025-12-16T18:46:48,58.84,1.0,SetByAsk
2025-12-16 18:46:48,2025-12-16T18:46:48,58.84,1.0,SetByBid
2025-12-16 18:46:48,2025-12-16T18:46:48,58.84,1.0,SetByBid
2025-12-16 18:46:48,2025-12-16T18:46:48,58.84,1.0,SetByBid
2025-12-16 18:46:48,2025-12-16T18:46:48,58.84,1.0,SetByBid
2025-12-16 18:46:48,2025-12-16T18:46:48,58.84,1.0,SetByBid
2025-12-16 18:46:49,2025-12-16T18:46:49,58.83,1.0,SetByAsk
2025-12-16 18:46:54,2025-12-16T18:46:54,58.83,3.0,SetByBid
2025-12-16 18:46:54,2025-12-16T18:46:54,58.83,1.0,SetByBid
2025-12-16 18:46:54,2025-12-16T18:46:54,58.83,1.0,SetByBid
2025-12-16 18:46:54,2025-12-16T18:46:54,58.83,3.0,SetByBid
2025-12-16 18:46:54,2025-12-16T18:46:54,58.83,2.0,SetByBid
2025-12-16 18:46:54,2025-12-16T18:46:54,58.83,2.0,SetByBid
2025-12-16 18:46:54,2025-12-16T18:46:54,58.83,1.0,SetByBid
2025-12-16 18:46:54,2025-12-16T18:46:54,58.83,2.0,SetByBid
2025-12-16 18:46:54,2025-12-16T18:46:54,58.83,1.0,SetByBid
2025-12-16 18:46:54,2025-12-16T18:46:54,58.83,4.0,SetByBid
2025-12-16 18:46:58,2025-12-16T18:46:58,58.84,2.0,SetByBid
2025-12-16 18:46:58,2025-12-16T18:46:58,58.84,1.0,SetByBid
2025-12-16 18:47:00,2025-12-16T18:47:00,58.84,1.0,SetByBid
2025-12-16 18:47:00,2025-12-16T18:47:00,58.84,1.0,SetByBid
2025-12-16 18:47:01,2025-12-16T18:47:01,58.85,1.0,SetByBid
2025-12-16 18:47:01,2025-12-16T18:47:01,58.85,1.0,SetByBid
2025-12-16 18:47:01,2025-12-16T18:47:01,58.85,1.0,SetByBid
2025-12-16 18:47:01,2025-12-16T18:47:01,58.85,1.0,SetByBid
2025-12-16 18:47:01,2025-12-16T18:47:01,58.85,1.0,SetByBid
2025-12-16 18:47:01,2025-12-16T18:47:01,58.85,1.0,SetByAsk
2025-12-16 18:47:01,2025-12-16T18:47:01,58.85,1.0,SetByAsk
2025-12-16 18:47:05,2025-12-16T18:47:05,58.84,1.0,SetByAsk
2025-12-16 18:47:05,2025-12-16T18:47:05,58.84,1.0,SetByAsk
2025-12-16 18:47:11,2025-12-16T18:47:11,58.84,1.0,SetByAsk
2025-12-16 18:47:11,2025-12-16T18:47:11,58.84,1.0,SetByAsk
2025-12-16 18:47:11,2025-12-16T18:47:11,58.84,1.0,SetByAsk
2025-12-16 18:47:21,2025-12-16T18:47:21,58.84,1.0,SetByBid
2025-12-16 18:47:29,2025-12-16T18:47:29,58.85,1.0,SetByBid
2025-12-16 18:47:29,2025-12-16T18:47:29,58.85,1.0,SetByAsk
2025-12-16 18:47:29,2025-12-16T18:47:29,58.85,1.0,SetByAsk
2025-12-16 18:47:38,2025-12-16T18:47:38,58.86,1.0,SetByBid
2025-12-16 18:47:38,2025-12-16T18:47:38,58.86,3.0,SetByBid
2025-12-16 18:47:38,2025-12-16T18:47:38,58.88,1.0,SetByBid
2025-12-16 18:47:41,2025-12-16T18:47:41,58.86,4.0,SetByAsk
2025-12-16 18:47:41,2025-12-16T18:47:41,58.86,4.0,SetByAsk
2025-12-16 18:48:02,2025-12-16T18:48:02,58.86,1.0,SetByAsk
2025-12-16 18:48:02,2025-12-16T18:48:02,58.86,1.0,SetByAsk
2025-12-16 18:48:08,2025-12-16T18:48:08,58.84,1.0,SetByAsk
2025-12-16 18:48:27,2025-12-16T18:48:27,58.84,1.0,SetByAsk
2025-12-16 18:48:27,2025-12-16T18:48:27,58.84,1.0,SetByAsk
2025-12-16 18:48:46,2025-12-16T18:48:46,58.85,1.0,SetByBid
2025-12-16 18:48:47,2025-12-16T18:48:47,58.86,1.0,SetByBid
2025-12-16 18:48:47,2025-12-16T18:48:47,58.86,1.0,SetByBid
2025-12-16 18:48:47,2025-12-16T18:48:47,58.86,1.0,SetByBid
2025-12-16 18:48:51,2025-12-16T18:48:51,58.86,1.0,SetByAsk
2025-12-16 18:48:55,2025-12-16T18:48:55,58.85,1.0,SetByAsk
2025-12-16 18:49:01,2025-12-16T18:49:01,58.87,1.0,SetByBid
2025-12-16 18:49:03,2025-12-16T18:49:03,58.88,1.0,SetByAsk
2025-12-16 18:49:04,2025-12-16T18:49:04,58.88,1.0,SetByAsk
2025-12-16 18:49:09,2025-12-16T18:49:09,58.88,1.0,SetByAsk
2025-12-16 18:49:16,2025-12-16T18:49:16,58.88,1.0,SetByAsk
2025-12-16 18:49:32,2025-12-16T18:49:32,58.86,1.0,SetByAsk
2025-12-16 18:49:32,2025-12-16T18:49:32,58.86,1.0,SetByAsk
2025-12-16 18:49:32,2025-12-16T18:49:32,58.85,1.0,SetByAsk
2025-12-16 18:49:33,2025-12-16T18:49:33,58.87,1.0,SetByBid
2025-12-16 18:49:48,2025-12-16T18:49:48,58.88,1.0,SetByAsk
2025-12-16 18:49:48,2025-12-16T18:49:48,58.88,1.0,SetByAsk
2025-12-16 18:49:55,2025-12-16T18:49:55,58.88,1.0,SetByAsk
2025-12-16 18:50:10,2025-12-16T18:50:10,58.86,1.0,SetByBid
2025-12-16 18:50:38,2025-12-16T18:50:38,58.84,1.0,SetByAsk
2025-12-16 18:50:38,2025-12-16T18:50:38,58.84,1.0,SetByAsk
2025-12-16 18:50:38,2025-12-16T18:50:38,58.84,1.0,SetByAsk
2025-12-16 18:50:38,2025-12-16T18:50:38,58.84,1.0,SetByAsk
2025-12-16 18:50:38,2025-12-16T18:50:38,58.84,1.0,SetByAsk
2025-12-16 18:50:39,2025-12-16T18:50:39,58.84,1.0,SetByAsk
2025-12-16 18:50:39,2025-12-16T18:50:39,58.84,1.0,SetByAsk
2025-12-16 18:50:49,2025-12-16T18:50:49,58.87,1.0,SetByAsk
2025-12-16 18:50:49,2025-12-16T18:50:49,58.86,1.0,SetByAsk
2025-12-16 18:50:49,2025-12-16T18:50:49,58.86,1.0,SetByAsk
2025-12-16 18:51:03,2025-12-16T18:51:03,58.9,1.0,SetByBid
2025-12-16 18:51:16,2025-12-16T18:51:16,58.89,1.0,SetByAsk
2025-12-16 18:51:16,2025-12-16T18:51:16,58.89,1.0,SetByBid
2025-12-16 18:51:16,2025-12-16T18:51:16,58.89,2.0,SetByBid
2025-12-16 18:51:16,2025-12-16T18:51:16,58.89,1.0,SetByAsk
2025-12-16 18:51:24,2025-12-16T18:51:24,58.89,3.0,SetByBid
2025-12-16 18:51:24,2025-12-16T18:51:24,58.89,1.0,SetByBid
2025-12-16 18:51:24,2025-12-16T18:51:24,58.89,4.0,SetByBid
2025-12-16 18:51:24,2025-12-16T18:51:24,58.89,3.0,SetByBid
2025-12-16 18:51:27,2025-12-16T18:51:27,58.89,1.0,SetByAsk
2025-12-16 18:51:35,2025-12-16T18:51:35,58.89,4.0,SetByBid
2025-12-16 18:51:38,2025-12-16T18:51:38,58.89,1.0,SetByBid
2025-12-16 18:51:45,2025-12-16T18:51:45,58.88,3.0,SetByBid
2025-12-16 18:51:51,2025-12-16T18:51:51,58.87,1.0,SetByAsk
2025-12-16 18:51:51,2025-12-16T18:51:51,58.87,1.0,SetByAsk
2025-12-16 18:51:51,2025-12-16T18:51:51,58.87,1.0,SetByAsk
2025-12-16 18:51:51,2025-12-16T18:51:51,58.87,1.0,SetByAsk
2025-12-16 18:51:51,2025-12-16T18:51:51,58.87,1.0,SetByAsk
2025-12-16 18:51:51,2025-12-16T18:51:51,58.87,1.0,SetByAsk
2025-12-16 18:51:51,2025-12-16T18:51:51,58.87,1.0,SetByAsk
2025-12-16 18:51:51,2025-12-16T18:51:51,58.87,1.0,SetByAsk
2025-12-16 18:51:51,2025-12-16T18:51:51,58.87,1.0,SetByAsk
2025-12-16 18:51:51,2025-12-16T18:51:51,58.87,1.0,SetByAsk
2025-12-16 18:51:51,2025-12-16T18:51:51,58.87,1.0,SetByAsk
2025-12-16 18:51:51,2025-12-16T18:51:51,58.87,1.0,SetByAsk
2025-12-16 18:51:51,2025-12-16T18:51:51,58.87,1.0,SetByAsk
2025-12-16 18:51:51,2025-12-16T18:51:51,58.87,1.0,SetByAsk
2025-12-16 18:51:51,2025-12-16T18:51:51,58.87,3.0,SetByAsk
2025-12-16 18:51:51,2025-12-16T18:51:51,58.87,3.0,SetByAsk
2025-12-16 18:51:51,2025-12-16T18:51:51,58.87,1.0,SetByAsk
2025-12-16 18:51:51,2025-12-16T18:51:51,58.87,3.0,SetByAsk
2025-12-16 18:51:51,2025-12-16T18:51:51,58.87,4.0,SetByAsk
2025-12-16 18:51:51,2025-12-16T18:51:51,58.87,4.0,SetByAsk
2025-12-16 18:51:51,2025-12-16T18:51:51,58.87,4.0,SetByAsk
2025-12-16 18:51:51,2025-12-16T18:51:51,58.87,4.0,SetByAsk
2025-12-16 18:51:51,2025-12-16T18:51:51,58.87,4.0,SetByAsk
2025-12-16 18:51:51,2025-12-16T18:51:51,58.87,1.0,SetByAsk
2025-12-16 18:51:51,2025-12-16T18:51:51,58.86,1.0,SetByAsk
2025-12-16 18:51:51,2025-12-16T18:51:51,58.86,1.0,SetByAsk
2025-12-16 18:51:51,2025-12-16T18:51:51,58.86,1.0,SetByAsk
2025-12-16 18:51:51,2025-12-16T18:51:51,58.86,1.0,SetByAsk
2025-12-16 18:51:51,2025-12-16T18:51:51,58.86,1.0,SetByAsk
2025-12-16 18:51:51,2025-12-16T18:51:51,58.86,1.0,SetByAsk
2025-12-16 18:51:51,2025-12-16T18:51:51,58.86,1.0,SetByAsk
2025-12-16 18:51:51,2025-12-16T18:51:51,58.86,1.0,SetByAsk
2025-12-16 18:51:51,2025-12-16T18:51:51,58.86,1.0,SetByAsk
2025-12-16 18:51:51,2025-12-16T18:51:51,58.86,1.0,SetByAsk
2025-12-16 18:51:51,2025-12-16T18:51:51,58.86,1.0,SetByAsk
2025-12-16 18:51:51,2025-12-16T18:51:51,58.86,2.0,SetByAsk
2025-12-16 18:51:51,2025-12-16T18:51:51,58.86,1.0,SetByAsk
2025-12-16 18:51:51,2025-12-16T18:51:51,58.86,4.0,SetByAsk
2025-12-16 18:51:51,2025-12-16T18:51:51,58.86,1.0,SetByAsk
2025-12-16 18:51:51,2025-12-16T18:51:51,58.86,1.0,SetByAsk
2025-12-16 18:51:51,2025-12-16T18:51:51,58.86,2.0,SetByAsk
2025-12-16 18:51:51,2025-12-16T18:51:51,58.86,1.0,SetByAsk
2025-12-16 18:51:51,2025-12-16T18:51:51,58.86,4.0,SetByAsk
2025-12-16 18:51:51,2025-12-16T18:51:51,58.86,1.0,SetByAsk
2025-12-16 18:51:51,2025-12-16T18:51:51,58.86,1.0,SetByAsk
2025-12-16 18:51:51,2025-12-16T18:51:51,58.86,1.0,SetByAsk
2025-12-16 18:51:51,2025-12-16T18:51:51,58.86,1.0,SetByAsk
2025-12-16 18:51:51,2025-12-16T18:51:51,58.86,1.0,SetByAsk
2025-12-16 18:51:51,2025-12-16T18:51:51,58.86,1.0,SetByAsk
2025-12-16 18:51:51,2025-12-16T18:51:51,58.86,1.0,SetByAsk
2025-12-16 18:51:51,2025-12-16T18:51:51,58.86,1.0,SetByAsk
2025-12-16 18:51:51,2025-12-16T18:51:51,58.86,1.0,SetByAsk
2025-12-16 18:51:51,2025-12-16T18:51:51,58.86,3.0,SetByAsk
2025-12-16 18:51:51,2025-12-16T18:51:51,58.86,1.0,SetByAsk
2025-12-16 18:51:51,2025-12-16T18:51:51,58.86,1.0,SetByAsk
2025-12-16 18:51:51,2025-12-16T18:51:51,58.86,1.0,SetByAsk
2025-12-16 18:51:51,2025-12-16T18:51:51,58.86,2.0,SetByAsk
2025-12-16 18:51:51,2025-12-16T18:51:51,58.86,1.0,SetByAsk
2025-12-16 18:51:51,2025-12-16T18:51:51,58.86,1.0,SetByAsk
2025-12-16 18:51:51,2025-12-16T18:51:51,58.86,1.0,SetByAsk
2025-12-16 18:51:51,2025-12-16T18:51:51,58.86,1.0,SetByAsk
2025-12-16 18:51:51,2025-12-16T18:51:51,58.86,1.0,SetByAsk
2025-12-16 18:51:51,2025-12-16T18:51:51,58.85,1.0,SetByAsk
2025-12-16 18:51:51,2025-12-16T18:51:51,58.85,1.0,SetByAsk
2025-12-16 18:51:51,2025-12-16T18:51:51,58.85,1.0,SetByAsk
2025-12-16 18:51:51,2025-12-16T18:51:51,58.85,1.0,SetByAsk
2025-12-16 18:51:51,2025-12-16T18:51:51,58.85,1.0,SetByAsk
2025-12-16 18:51:51,2025-12-16T18:51:51,58.85,1.0,SetByAsk
2025-12-16 18:52:03,2025-12-16T18:52:03,58.85,1.0,SetByBid
2025-12-16 18:52:16,2025-12-16T18:52:16,58.84,1.0,SetByBid
2025-12-16 18:52:16,2025-12-16T18:52:16,58.84,1.0,SetByBid
2025-12-16 18:52:16,2025-12-16T18:52:16,58.84,1.0,SetByBid
2025-12-16 18:52:16,2025-12-16T18:52:16,58.84,1.0,SetByBid
2025-12-16 18:52:16,2025-12-16T18:52:16,58.84,1.0,SetByBid
2025-12-16 18:52:19,2025-12-16T18:52:19,58.84,1.0,SetByAsk
2025-12-16 18:52:26,2025-12-16T18:52:26,58.84,1.0,SetByBid
2025-12-16 18:52:26,2025-12-16T18:52:26,58.84,1.0,SetByBid
2025-12-16 18:52:26,2025-12-16T18:52:26,58.84,1.0,SetByBid
2025-12-16 18:52:33,2025-12-16T18:52:33,58.84,3.0,SetByAsk
2025-12-16 18:52:33,2025-12-16T18:52:33,58.84,1.0,SetByAsk
2025-12-16 18:52:54,2025-12-16T18:52:54,58.82,1.0,SetByAsk
2025-12-16 18:52:54,2025-12-16T18:52:54,58.82,1.0,SetByAsk
2025-12-16 18:52:54,2025-12-16T18:52:54,58.82,1.0,SetByAsk
2025-12-16 18:52:54,2025-12-16T18:52:54,58.82,1.0,SetByAsk
2025-12-16 18:52:54,2025-12-16T18:52:54,58.82,1.0,SetByAsk
2025-12-16 18:52:54,2025-12-16T18:52:54,58.82,1.0,SetByAsk
2025-12-16 18:52:54,2025-12-16T18:52:54,58.82,1.0,SetByAsk
2025-12-16 18:52:54,2025-12-16T18:52:54,58.82,1.0,SetByAsk
2025-12-16 18:52:54,2025-12-16T18:52:54,58.82,1.0,SetByAsk
2025-12-16 18:52:54,2025-12-16T18:52:54,58.82,1.0,SetByAsk
2025-12-16 18:52:54,2025-12-16T18:52:54,58.81,1.0,SetByAsk
2025-12-16 18:52:54,2025-12-16T18:52:54,58.81,1.0,SetByAsk
2025-12-16 18:52:54,2025-12-16T18:52:54,58.81,1.0,SetByAsk
2025-12-16 18:52:54,2025-12-16T18:52:54,58.81,1.0,SetByAsk
2025-12-16 18:52:54,2025-12-16T18:52:54,58.81,1.0,SetByAsk
2025-12-16 18:52:54,2025-12-16T18:52:54,58.81,1.0,SetByAsk
2025-12-16 18:53:03,2025-12-16T18:53:03,58.81,1.0,SetByBid
2025-12-16 18:53:03,2025-12-16T18:53:03,58.81,2.0,SetByBid
2025-12-16 18:53:14,2025-12-16T18:53:14,58.81,1.0,SetByBid
2025-12-16 18:53:15,2025-12-16T18:53:15,58.82,1.0,SetByBid
2025-12-16 18:53:15,2025-12-16T18:53:15,58.82,1.0,SetByBid
2025-12-16 18:53:15,2025-12-16T18:53:15,58.82,1.0,SetByBid
2025-12-16 18:53:15,2025-12-16T18:53:15,58.82,1.0,SetByBid
2025-12-16 18:53:15,2025-12-16T18:53:15,58.82,1.0,SetByBid
2025-12-16 18:53:15,2025-12-16T18:53:15,58.82,1.0,SetByBid
2025-12-16 18:53:15,2025-12-16T18:53:15,58.82,3.0,SetByBid
2025-12-16 18:53:15,2025-12-16T18:53:15,58.82,1.0,SetByBid
2025-12-16 18:53:18,2025-12-16T18:53:18,58.82,1.0,SetByBid
2025-12-16 18:53:56,2025-12-16T18:53:56,58.82,1.0,SetByBid
2025-12-16 18:53:56,2025-12-16T18:53:56,58.81,1.0,SetByAsk
2025-12-16 18:53:56,2025-12-16T18:53:56,58.81,1.0,SetByAsk
2025-12-16 18:53:56,2025-12-16T18:53:56,58.81,1.0,SetByAsk
2025-12-16 18:53:56,2025-12-16T18:53:56,58.81,1.0,SetByAsk
2025-12-16 18:53:56,2025-12-16T18:53:56,58.81,1.0,SetByAsk
2025-12-16 18:53:56,2025-12-16T18:53:56,58.81,1.0,SetByAsk
2025-12-16 18:53:58,2025-12-16T18:53:58,58.81,1.0,SetByAsk
2025-12-16 18:53:58,2025-12-16T18:53:58,58.81,1.0,SetByAsk
2025-12-16 18:53:58,2025-12-16T18:53:58,58.81,1.0,SetByBid
2025-12-16 18:54:08,2025-12-16T18:54:08,58.8,1.0,SetByAsk
2025-12-16 18:54:08,2025-12-16T18:54:08,58.8,1.0,SetByAsk
2025-12-16 18:54:09,2025-12-16T18:54:09,58.81,2.0,SetByBid
2025-12-16 18:54:09,2025-12-16T18:54:09,58.81,1.0,SetByBid
2025-12-16 18:54:10,2025-12-16T18:54:10,58.81,1.0,SetByBid
2025-12-16 18:54:10,2025-12-16T18:54:10,58.81,1.0,SetByBid
2025-12-16 18:54:10,2025-12-16T18:54:10,58.81,1.0,SetByBid
2025-12-16 18:54:14,2025-12-16T18:54:14,58.81,1.0,SetByAsk
2025-12-16 18:54:14,2025-12-16T18:54:14,58.81,1.0,SetByAsk
2025-12-16 18:54:14,2025-12-16T18:54:14,58.81,1.0,SetByAsk
2025-12-16 18:54:14,2025-12-16T18:54:14,58.81,1.0,SetByAsk
2025-12-16 18:54:14,2025-12-16T18:54:14,58.81,1.0,SetByAsk
2025-12-16 18:54:14,2025-12-16T18:54:14,58.81,1.0,SetByAsk
2025-12-16 18:54:17,2025-12-16T18:54:17,58.82,1.0,SetByBid
2025-12-16 18:54:17,2025-12-16T18:54:17,58.82,1.0,SetByBid
2025-12-16 18:54:18,2025-12-16T18:54:18,58.82,1.0,SetByAsk
2025-12-16 18:54:18,2025-12-16T18:54:18,58.82,1.0,SetByAsk
2025-12-16 18:54:19,2025-12-16T18:54:19,58.83,1.0,SetByBid
2025-12-16 18:54:19,2025-12-16T18:54:19,58.83,1.0,SetByBid
2025-12-16 18:54:19,2025-12-16T18:54:19,58.83,1.0,SetByBid
2025-12-16 18:54:19,2025-12-16T18:54:19,58.83,1.0,SetByBid
2025-12-16 18:54:19,2025-12-16T18:54:19,58.83,3.0,SetByBid
2025-12-16 18:54:19,2025-12-16T18:54:19,58.83,1.0,SetByBid
2025-12-16 18:54:19,2025-12-16T18:54:19,58.83,1.0,SetByBid
2025-12-16 18:54:19,2025-12-16T18:54:19,58.83,1.0,SetByBid
2025-12-16 18:54:19,2025-12-16T18:54:19,58.83,2.0,SetByBid
2025-12-16 18:54:19,2025-12-16T18:54:19,58.83,1.0,SetByBid
2025-12-16 18:54:19,2025-12-16T18:54:19,58.83,10.0,SetByBid
2025-12-16 18:54:19,2025-12-16T18:54:19,58.83,1.0,SetByBid
2025-12-16 18:54:19,2025-12-16T18:54:19,58.83,3.0,SetByBid
2025-12-16 18:54:19,2025-12-16T18:54:19,58.83,1.0,SetByBid
2025-12-16 18:54:19,2025-12-16T18:54:19,58.83,1.0,SetByBid
2025-12-16 18:54:19,2025-12-16T18:54:19,58.83,1.0,SetByBid
2025-12-16 18:54:19,2025-12-16T18:54:19,58.83,1.0,SetByBid
2025-12-16 18:54:19,2025-12-16T18:54:19,58.83,6.0,SetByAsk
2025-12-16 18:54:19,2025-12-16T18:54:19,58.83,1.0,SetByAsk
2025-12-16 18:54:19,2025-12-16T18:54:19,58.83,2.0,SetByAsk
2025-12-16 18:54:19,2025-12-16T18:54:19,58.83,3.0,SetByAsk
2025-12-16 18:54:19,2025-12-16T18:54:19,58.83,2.0,SetByAsk
2025-12-16 18:54:19,2025-12-16T18:54:19,58.83,1.0,SetByAsk
2025-12-16 18:54:19,2025-12-16T18:54:19,58.83,3.0,SetByAsk
2025-12-16 18:54:19,2025-12-16T18:54:19,58.83,3.0,SetByAsk
2025-12-16 18:54:19,2025-12-16T18:54:19,58.83,1.0,SetByAsk
2025-12-16 18:54:19,2025-12-16T18:54:19,58.83,1.0,SetByAsk
2025-12-16 18:54:19,2025-12-16T18:54:19,58.83,1.0,SetByAsk
2025-12-16 18:54:19,2025-12-16T18:54:19,58.83,9.0,SetByAsk
2025-12-16 18:54:19,2025-12-16T18:54:19,58.83,8.0,SetByAsk
2025-12-16 18:54:19,2025-12-16T18:54:19,58.83,1.0,SetByAsk
2025-12-16 18:54:19,2025-12-16T18:54:19,58.83,22.0,SetByAsk
2025-12-16 18:54:19,2025-12-16T18:54:19,58.83,17.0,SetByAsk
2025-12-16 18:54:19,2025-12-16T18:54:19,58.83,1.0,SetByAsk
2025-12-16 18:54:19,2025-12-16T18:54:19,58.83,1.0,SetByAsk
2025-12-16 18:54:19,2025-12-16T18:54:19,58.83,1.0,SetByAsk
2025-12-16 18:54:19,2025-12-16T18:54:19,58.83,11.0,SetByAsk
2025-12-16 18:54:19,2025-12-16T18:54:19,58.83,2.0,SetByAsk
2025-12-16 18:54:25,2025-12-16T18:54:25,58.82,1.0,SetByAsk
2025-12-16 18:54:25,2025-12-16T18:54:25,58.82,1.0,SetByBid
2025-12-16 18:54:25,2025-12-16T18:54:25,58.82,1.0,SetByBid
2025-12-16 18:54:25,2025-12-16T18:54:25,58.82,2.0,SetByBid
2025-12-16 18:54:25,2025-12-16T18:54:25,58.82,1.0,SetByBid
2025-12-16 18:54:25,2025-12-16T18:54:25,58.82,1.0,SetByBid
2025-12-16 18:54:28,2025-12-16T18:54:28,58.83,1.0,SetByBid
2025-12-16 18:54:28,2025-12-16T18:54:28,58.83,3.0,SetByBid
2025-12-16 18:54:30,2025-12-16T18:54:30,58.81,1.0,SetByAsk
2025-12-16 18:54:30,2025-12-16T18:54:30,58.81,1.0,SetByAsk
2025-12-16 18:54:33,2025-12-16T18:54:33,58.83,3.0,SetByBid
2025-12-16 18:54:41,2025-12-16T18:54:41,58.83,1.0,SetByAsk
2025-12-16 18:54:41,2025-12-16T18:54:41,58.83,1.0,SetByAsk
2025-12-16 18:54:48,2025-12-16T18:54:48,58.83,1.0,SetByAsk
2025-12-16 18:54:48,2025-12-16T18:54:48,58.83,1.0,SetByAsk
2025-12-16 18:54:48,2025-12-16T18:54:48,58.83,1.0,SetByAsk
2025-12-16 18:54:48,2025-12-16T18:54:48,58.83,1.0,SetByAsk
2025-12-16 18:54:48,2025-12-16T18:54:48,58.83,1.0,SetByAsk
2025-12-16 18:55:06,2025-12-16T18:55:06,58.84,1.0,SetByBid
2025-12-16 18:55:13,2025-12-16T18:55:13,58.83,1.0,SetByAsk
2025-12-16 18:55:13,2025-12-16T18:55:13,58.83,1.0,SetByAsk
2025-12-16 18:55:16,2025-12-16T18:55:16,58.85,1.0,SetByBid
2025-12-16 18:55:23,2025-12-16T18:55:23,58.87,1.0,SetByBid
2025-12-16 18:55:44,2025-12-16T18:55:44,58.88,1.0,SetByBid
2025-12-16 18:55:44,2025-12-16T18:55:44,58.88,1.0,SetByBid
2025-12-16 18:55:44,2025-12-16T18:55:44,58.88,1.0,SetByBid
2025-12-16 18:55:44,2025-12-16T18:55:44,58.88,1.0,SetByBid
2025-12-16 18:55:44,2025-12-16T18:55:44,58.88,1.0,SetByAsk
2025-12-16 18:55:44,2025-12-16T18:55:44,58.88,1.0,SetByAsk
2025-12-16 18:55:46,2025-12-16T18:55:46,58.87,1.0,SetByAsk
2025-12-16 18:55:47,2025-12-16T18:55:47,58.87,1.0,SetByBid
2025-12-16 18:56:34,2025-12-16T18:56:34,58.84,1.0,SetByAsk
2025-12-16 18:56:34,2025-12-16T18:56:34,58.84,1.0,SetByAsk
2025-12-16 18:56:34,2025-12-16T18:56:34,58.84,1.0,SetByAsk
2025-12-16 18:56:51,2025-12-16T18:56:51,58.85,1.0,SetByAsk
2025-12-16 18:57:17,2025-12-16T18:57:17,58.85,1.0,SetByBid
2025-12-16 18:57:18,2025-12-16T18:57:18,58.85,1.0,SetByAsk
2025-12-16 18:57:43,2025-12-16T18:57:43,58.82,1.0,SetByBid
2025-12-16 18:57:43,2025-12-16T18:57:43,58.82,1.0,SetByBid
2025-12-16 18:57:48,2025-12-16T18:57:48,58.81,1.0,SetByAsk
2025-12-16 18:58:05,2025-12-16T18:58:05,58.81,1.0,SetByBid
2025-12-16 18:58:42,2025-12-16T18:58:42,58.81,1.0,SetByBid
2025-12-16 18:59:11,2025-12-16T18:59:11,58.8,1.0,SetByAsk
2025-12-16 18:59:11,2025-12-16T18:59:11,58.8,1.0,SetByAsk
2025-12-16 18:59:11,2025-12-16T18:59:11,58.8,4.0,SetByAsk
2025-12-16 18:59:11,2025-12-16T18:59:11,58.8,1.0,SetByAsk
2025-12-16 18:59:11,2025-12-16T18:59:11,58.79,1.0,SetByAsk
2025-12-16 18:59:12,2025-12-16T18:59:12,58.79,1.0,SetByAsk
2025-12-16 18:59:17,2025-12-16T18:59:17,58.79,1.0,SetByBid
2025-12-16 18:59:17,2025-12-16T18:59:17,58.79,1.0,SetByBid
2025-12-16 18:59:33,2025-12-16T18:59:33,58.78,1.0,SetByAsk
2025-12-16 18:59:33,2025-12-16T18:59:33,58.79,1.0,SetByBid
2025-12-16 18:59:33,2025-12-16T18:59:33,58.79,1.0,SetByBid
2025-12-16 18:59:33,2025-12-16T18:59:33,58.79,1.0,SetByBid
2025-12-16 18:59:33,2025-12-16T18:59:33,58.79,1.0,SetByBid
2025-12-16 18:59:39,2025-12-16T18:59:39,58.79,1.0,SetByBid
2025-12-16 18:59:39,2025-12-16T18:59:39,58.79,1.0,SetByBid
2025-12-16 18:59:39,2025-12-16T18:59:39,58.79,1.0,SetByBid
2025-12-16 18:59:39,2025-12-16T18:59:39,58.79,1.0,SetByBid
2025-12-16 18:59:39,2025-12-16T18:59:39,58.79,1.0,SetByBid
2025-12-16 18:59:39,2025-12-16T18:59:39,58.79,1.0,SetByBid
2025-12-16 18:59:39,2025-12-16T18:59:39,58.79,1.0,SetByBid
2025-12-16 18:59:40,2025-12-16T18:59:40,58.79,1.0,SetByBid
2025-12-16 18:59:40,2025-12-16T18:59:40,58.79,1.0,SetByBid
2025-12-16 18:59:40,2025-12-16T18:59:40,58.79,1.0,SetByBid
2025-12-16 18:59:40,2025-12-16T18:59:40,58.79,1.0,SetByBid
2025-12-16 18:59:40,2025-12-16T18:59:40,58.79,1.0,SetByAsk
2025-12-16 18:59:40,2025-12-16T18:59:40,58.79,1.0,SetByAsk
2025-12-16 18:59:40,2025-12-16T18:59:40,58.79,3.0,SetByAsk
2025-12-16 18:59:41,2025-12-16T18:59:41,58.79,3.0,SetByAsk
2025-12-16 18:59:41,2025-12-16T18:59:41,58.8,1.0,SetByBid
2025-12-16 18:59:41,2025-12-16T18:59:41,58.8,1.0,SetByBid
2025-12-16 18:59:41,2025-12-16T18:59:41,58.8,1.0,SetByBid
2025-12-16 18:59:41,2025-12-16T18:59:41,58.8,1.0,SetByBid
2025-12-16 18:59:41,2025-12-16T18:59:41,58.8,1.0,SetByBid
2025-12-16 18:59:41,2025-12-16T18:59:41,58.8,1.0,SetByBid
2025-12-16 18:59:41,2025-12-16T18:59:41,58.8,1.0,SetByBid
2025-12-16 18:59:41,2025-12-16T18:59:41,58.8,1.0,SetByBid
2025-12-16 18:59:41,2025-12-16T18:59:41,58.8,1.0,SetByBid
2025-12-16 18:59:41,2025-12-16T18:59:41,58.8,1.0,SetByBid
2025-12-16 18:59:41,2025-12-16T18:59:41,58.8,1.0,SetByBid
2025-12-16 18:59:41,2025-12-16T18:59:41,58.8,1.0,SetByBid
2025-12-16 18:59:41,2025-12-16T18:59:41,58.8,1.0,SetByBid
2025-12-16 18:59:41,2025-12-16T18:59:41,58.8,1.0,SetByBid
2025-12-16 18:59:41,2025-12-16T18:59:41,58.8,2.0,SetByBid
2025-12-16 18:59:41,2025-12-16T18:59:41,58.8,1.0,SetByBid
2025-12-16 18:59:41,2025-12-16T18:59:41,58.8,2.0,SetByBid
2025-12-16 18:59:41,2025-12-16T18:59:41,58.8,2.0,SetByBid
2025-12-16 18:59:41,2025-12-16T18:59:41,58.8,3.0,SetByBid
2025-12-16 18:59:41,2025-12-16T18:59:41,58.8,1.0,SetByBid
2025-12-16 18:59:44,2025-12-16T18:59:44,58.78,1.0,SetByBid
2025-12-16 18:59:44,2025-12-16T18:59:44,58.78,1.0,SetByBid
2025-12-16 18:59:44,2025-12-16T18:59:44,58.79,2.0,SetByAsk
2025-12-16 18:59:55,2025-12-16T18:59:55,58.79,1.0,SetByAsk
2025-12-16 18:59:55,2025-12-16T18:59:55,58.78,1.0,SetByAsk
2025-12-16 18:59:55,2025-12-16T18:59:55,58.78,1.0,SetByAsk
2025-12-16 18:59:55,2025-12-16T18:59:55,58.78,1.0,SetByAsk
2025-12-16 18:59:55,2025-12-16T18:59:55,58.78,1.0,SetByAsk
2025-12-16 18:59:59,2025-12-16T18:59:59,58.8,1.0,SetByBid
2025-12-16 18:59:59,2025-12-16T18:59:59,58.8,1.0,SetByBid
2025-12-16 18:59:59,2025-12-16T18:59:59,58.8,1.0,SetByBid
2025-12-16 18:59:59,2025-12-16T18:59:59,58.8,1.0,SetByBid
2025-12-16 18:59:59,2025-12-16T18:59:59,58.8,1.0,SetByBid
2025-12-16 18:59:59,2025-12-16T18:59:59,58.8,1.0,SetByBid
2025-12-16 18:59:59,2025-12-16T18:59:59,58.8,2.0,SetByBid
2025-12-16 18:59:59,2025-12-16T18:59:59,58.8,1.0,SetByBid
2025-12-16 18:59:59,2025-12-16T18:59:59,58.8,1.0,SetByBid
2025-12-16 18:59:59,2025-12-16T18:59:59,58.8,1.0,SetByBid
2025-12-16 18:59:59,2025-12-16T18:59:59,58.8,1.0,SetByBid
2025-12-16 18:59:59,2025-12-16T18:59:59,58.8,1.0,SetByBid
2025-12-16 18:59:59,2025-12-16T18:59:59,58.8,1.0,SetByBid
2025-12-16 19:00:01,2025-12-16T19:00:01,58.79,1.0,SetByBid
2025-12-16 19:00:01,2025-12-16T19:00:01,58.79,1.0,SetByBid
2025-12-16 19:00:07,2025-12-16T19:00:07,58.78,1.0,SetByAsk
2025-12-16 19:00:07,2025-12-16T19:00:07,58.78,1.0,SetByAsk
2025-12-16 19:00:07,2025-12-16T19:00:07,58.78,1.0,SetByAsk
2025-12-16 19:00:09,2025-12-16T19:00:09,58.79,1.0,SetByBid
2025-12-16 19:00:15,2025-12-16T19:00:15,58.8,1.0,SetByBid
2025-12-16 19:00:27,2025-12-16T19:00:27,58.79,1.0,SetByAsk
2025-12-16 19:00:29,2025-12-16T19:00:29,58.78,1.0,SetByAsk
2025-12-16 19:00:29,2025-12-16T19:00:29,58.78,1.0,SetByAsk
2025-12-16 19:00:29,2025-12-16T19:00:29,58.78,1.0,SetByAsk
2025-12-16 19:00:29,2025-12-16T19:00:29,58.78,1.0,SetByAsk
2025-12-16 19:00:29,2025-12-16T19:00:29,58.78,1.0,SetByAsk
2025-12-16 19:00:29,2025-12-16T19:00:29,58.78,1.0,SetByAsk
2025-12-16 19:00:42,2025-12-16T19:00:42,58.79,1.0,SetByBid
2025-12-16 19:00:42,2025-12-16T19:00:42,58.79,1.0,SetByBid
2025-12-16 19:00:42,2025-12-16T19:00:42,58.79,1.0,SetByBid
2025-12-16 19:00:42,2025-12-16T19:00:42,58.79,1.0,SetByBid
2025-12-16 19:00:42,2025-12-16T19:00:42,58.79,1.0,SetByBid
2025-12-16 19:00:42,2025-12-16T19:00:42,58.79,1.0,SetByBid
2025-12-16 19:00:42,2025-12-16T19:00:42,58.79,1.0,SetByBid
2025-12-16 19:00:42,2025-12-16T19:00:42,58.79,1.0,SetByBid
2025-12-16 19:00:43,2025-12-16T19:00:43,58.78,1.0,SetByAsk
2025-12-16 19:00:50,2025-12-16T19:00:50,58.8,1.0,SetByBid
2025-12-16 19:01:01,2025-12-16T19:01:01,58.81,1.0,SetByBid
2025-12-16 19:01:20,2025-12-16T19:01:20,58.8,1.0,SetByAsk
2025-12-16 19:01:20,2025-12-16T19:01:20,58.8,1.0,SetByAsk
2025-12-16 19:01:24,2025-12-16T19:01:24,58.81,1.0,SetByBid
2025-12-16 19:01:59,2025-12-16T19:01:59,58.79,1.0,SetByBid
2025-12-16 19:01:59,2025-12-16T19:01:59,58.79,1.0,SetByBid
2025-12-16 19:01:59,2025-12-16T19:01:59,58.79,1.0,SetByBid
2025-12-16 19:01:59,2025-12-16T19:01:59,58.79,1.0,SetByBid
2025-12-16 19:02:02,2025-12-16T19:02:02,58.78,1.0,SetByAsk
2025-12-16 19:02:02,2025-12-16T19:02:02,58.78,1.0,SetByAsk
2025-12-16 19:02:02,2025-12-16T19:02:02,58.78,1.0,SetByAsk
2025-12-16 19:02:02,2025-12-16T19:02:02,58.78,1.0,SetByAsk
2025-12-16 19:02:02,2025-12-16T19:02:02,58.78,1.0,SetByAsk
2025-12-16 19:02:02,2025-12-16T19:02:02,58.78,1.0,SetByAsk
2025-12-16 19:02:02,2025-12-16T19:02:02,58.78,1.0,SetByAsk
2025-12-16 19:02:02,2025-12-16T19:02:02,58.78,2.0,SetByAsk
2025-12-16 19:02:09,2025-12-16T19:02:09,58.77,1.0,SetByAsk
2025-12-16 19:02:09,2025-12-16T19:02:09,58.77,1.0,SetByAsk
2025-12-16 19:02:15,2025-12-16T19:02:15,58.77,1.0,SetByAsk
2025-12-16 19:02:21,2025-12-16T19:02:21,58.78,1.0,SetByBid
2025-12-16 19:02:21,2025-12-16T19:02:21,58.78,1.0,SetByBid
2025-12-16 19:02:21,2025-12-16T19:02:21,58.78,1.0,SetByBid
2025-12-16 19:02:38,2025-12-16T19:02:38,58.77,1.0,SetByAsk
2025-12-16 19:02:38,2025-12-16T19:02:38,58.78,1.0,SetByBid
2025-12-16 19:02:38,2025-12-16T19:02:38,58.78,1.0,SetByBid
2025-12-16 19:02:38,2025-12-16T19:02:38,58.78,1.0,SetByBid
2025-12-16 19:02:38,2025-12-16T19:02:38,58.78,1.0,SetByBid
2025-12-16 19:02:38,2025-12-16T19:02:38,58.78,1.0,SetByBid
2025-12-16 19:02:38,2025-12-16T19:02:38,58.78,1.0,SetByBid
2025-12-16 19:02:38,2025-12-16T19:02:38,58.78,1.0,SetByBid
2025-12-16 19:02:38,2025-12-16T19:02:38,58.78,1.0,SetByBid
2025-12-16 19:02:38,2025-12-16T19:02:38,58.78,1.0,SetByBid
2025-12-16 19:02:38,2025-12-16T19:02:38,58.78,1.0,SetByBid
2025-12-16 19:02:38,2025-12-16T19:02:38,58.78,4.0,SetByBid
2025-12-16 19:02:38,2025-12-16T19:02:38,58.78,1.0,SetByBid
2025-12-16 19:02:38,2025-12-16T19:02:38,58.78,1.0,SetByBid
2025-12-16 19:02:38,2025-12-16T19:02:38,58.78,1.0,SetByBid
2025-12-16 19:02:38,2025-12-16T19:02:38,58.78,1.0,SetByBid
2025-12-16 19:02:38,2025-12-16T19:02:38,58.78,1.0,SetByBid
2025-12-16 19:02:38,2025-12-16T19:02:38,58.78,1.0,SetByBid
2025-12-16 19:02:38,2025-12-16T19:02:38,58.78,1.0,SetByBid
2025-12-16 19:02:38,2025-12-16T19:02:38,58.78,1.0,SetByBid
2025-12-16 19:02:38,2025-12-16T19:02:38,58.78,2.0,SetByBid
2025-12-16 19:02:39,2025-12-16T19:02:39,58.77,1.0,SetByBid
2025-12-16 19:02:39,2025-12-16T19:02:39,58.77,1.0,SetByBid
2025-12-16 19:02:39,2025-12-16T19:02:39,58.77,1.0,SetByBid
2025-12-16 19:02:39,2025-12-16T19:02:39,58.77,1.0,SetByBid
2025-12-16 19:02:39,2025-12-16T19:02:39,58.77,1.0,SetByBid
2025-12-16 19:02:39,2025-12-16T19:02:39,58.77,1.0,SetByBid
2025-12-16 19:02:39,2025-12-16T19:02:39,58.77,1.0,SetByBid
2025-12-16 19:02:39,2025-12-16T19:02:39,58.77,1.0,SetByBid
2025-12-16 19:02:39,2025-12-16T19:02:39,58.77,1.0,SetByBid
2025-12-16 19:02:39,2025-12-16T19:02:39,58.77,1.0,SetByBid
2025-12-16 19:02:39,2025-12-16T19:02:39,58.78,1.0,SetByBid
2025-12-16 19:02:39,2025-12-16T19:02:39,58.78,1.0,SetByBid
2025-12-16 19:02:39,2025-12-16T19:02:39,58.78,1.0,SetByBid
2025-12-16 19:02:39,2025-12-16T19:02:39,58.78,1.0,SetByBid
2025-12-16 19:02:39,2025-12-16T19:02:39,58.78,1.0,SetByBid
2025-12-16 19:02:39,2025-12-16T19:02:39,58.78,1.0,SetByBid
2025-12-16 19:02:39,2025-12-16T19:02:39,58.78,1.0,SetByBid
2025-12-16 19:02:39,2025-12-16T19:02:39,58.78,1.0,SetByBid
2025-12-16 19:02:39,2025-12-16T19:02:39,58.78,1.0,SetByBid
2025-12-16 19:02:39,2025-12-16T19:02:39,58.78,1.0,SetByBid
2025-12-16 19:02:39,2025-12-16T19:02:39,58.78,1.0,SetByBid
2025-12-16 19:02:39,2025-12-16T19:02:39,58.78,1.0,SetByBid
2025-12-16 19:02:39,2025-12-16T19:02:39,58.78,1.0,SetByBid
2025-12-16 19:02:39,2025-12-16T19:02:39,58.78,1.0,SetByBid
2025-12-16 19:02:39,2025-12-16T19:02:39,58.77,1.0,SetByBid
2025-12-16 19:02:39,2025-12-16T19:02:39,58.78,1.0,SetByBid
2025-12-16 19:02:45,2025-12-16T19:02:45,58.77,1.0,SetByAsk
2025-12-16 19:02:50,2025-12-16T19:02:50,58.77,1.0,SetByAsk
2025-12-16 19:03:01,2025-12-16T19:03:01,58.78,1.0,SetByBid
2025-12-16 19:03:30,2025-12-16T19:03:30,58.78,1.0,SetByBid
2025-12-16 19:03:30,2025-12-16T19:03:30,58.78,2.0,SetByBid
2025-12-16 19:03:57,2025-12-16T19:03:57,58.78,1.0,SetByBid
2025-12-16 19:03:57,2025-12-16T19:03:57,58.79,1.0,SetByBid
2025-12-16 19:03:57,2025-12-16T19:03:57,58.79,1.0,SetByBid
2025-12-16 19:04:03,2025-12-16T19:04:03,58.79,1.0,SetByAsk
2025-12-16 19:04:03,2025-12-16T19:04:03,58.8,1.0,SetByBid
2025-12-16 19:04:03,2025-12-16T19:04:03,58.8,1.0,SetByBid
2025-12-16 19:04:14,2025-12-16T19:04:14,58.79,1.0,SetByBid
2025-12-16 19:04:30,2025-12-16T19:04:30,58.78,2.0,SetByAsk
2025-12-16 19:04:34,2025-12-16T19:04:34,58.77,1.0,SetByAsk
2025-12-16 19:04:34,2025-12-16T19:04:34,58.77,1.0,SetByAsk
2025-12-16 19:05:00,2025-12-16T19:05:00,58.78,2.0,SetByBid
2025-12-16 19:05:02,2025-12-16T19:05:02,58.78,1.0,SetByAsk
2025-12-16 19:05:02,2025-12-16T19:05:02,58.78,1.0,SetByAsk
2025-12-16 19:05:13,2025-12-16T19:05:13,58.78,1.0,SetByBid
2025-12-16 19:05:13,2025-12-16T19:05:13,58.78,1.0,SetByBid
2025-12-16 19:05:38,2025-12-16T19:05:38,58.77,1.0,SetByAsk
2025-12-16 19:05:39,2025-12-16T19:05:39,58.79,1.0,SetByBid
2025-12-16 19:05:39,2025-12-16T19:05:39,58.79,1.0,SetByBid
2025-12-16 19:05:39,2025-12-16T19:05:39,58.79,1.0,SetByBid
2025-12-16 19:05:39,2025-12-16T19:05:39,58.79,1.0,SetByBid
2025-12-16 19:05:39,2025-12-16T19:05:39,58.79,2.0,SetByBid
2025-12-16 19:05:39,2025-12-16T19:05:39,58.79,1.0,SetByBid
2025-12-16 19:05:39,2025-12-16T19:05:39,58.79,1.0,SetByBid
2025-12-16 19:05:39,2025-12-16T19:05:39,58.79,1.0,SetByBid
2025-12-16 19:05:39,2025-12-16T19:05:39,58.79,2.0,SetByBid
2025-12-16 19:05:39,2025-12-16T19:05:39,58.79,1.0,SetByBid
2025-12-16 19:05:39,2025-12-16T19:05:39,58.79,1.0,SetByBid
2025-12-16 19:05:39,2025-12-16T19:05:39,58.79,1.0,SetByBid
2025-12-16 19:05:39,2025-12-16T19:05:39,58.79,2.0,SetByBid
2025-12-16 19:05:39,2025-12-16T19:05:39,58.79,1.0,SetByBid
2025-12-16 19:05:39,2025-12-16T19:05:39,58.79,1.0,SetByBid
2025-12-16 19:05:39,2025-12-16T19:05:39,58.79,2.0,SetByBid
2025-12-16 19:05:52,2025-12-16T19:05:52,58.77,1.0,SetByBid
2025-12-16 19:05:53,2025-12-16T19:05:53,58.77,1.0,SetByBid
2025-12-16 19:06:01,2025-12-16T19:06:01,58.77,1.0,SetByAsk
2025-12-16 19:06:22,2025-12-16T19:06:22,58.75,1.0,SetByAsk
2025-12-16 19:06:25,2025-12-16T19:06:25,58.76,1.0,SetByBid
2025-12-16 19:06:25,2025-12-16T19:06:25,58.76,1.0,SetByBid
2025-12-16 19:06:32,2025-12-16T19:06:32,58.77,2.0,SetByBid
2025-12-16 19:06:32,2025-12-16T19:06:32,58.77,1.0,SetByBid
2025-12-16 19:06:32,2025-12-16T19:06:32,58.77,1.0,SetByBid
2025-12-16 19:06:32,2025-12-16T19:06:32,58.77,1.0,SetByBid
2025-12-16 19:06:32,2025-12-16T19:06:32,58.77,4.0,SetByBid
2025-12-16 19:06:32,2025-12-16T19:06:32,58.77,1.0,SetByBid
2025-12-16 19:06:32,2025-12-16T19:06:32,58.77,1.0,SetByBid
2025-12-16 19:06:42,2025-12-16T19:06:42,58.77,2.0,SetByBid
2025-12-16 19:06:52,2025-12-16T19:06:52,58.78,1.0,SetByAsk
2025-12-16 19:06:52,2025-12-16T19:06:52,58.78,1.0,SetByAsk
2025-12-16 19:06:54,2025-12-16T19:06:54,58.78,1.0,SetByBid
2025-12-16 19:06:54,2025-12-16T19:06:54,58.78,1.0,SetByBid
2025-12-16 19:07:02,2025-12-16T19:07:02,58.8,1.0,SetByBid
2025-12-16 19:07:08,2025-12-16T19:07:08,58.79,1.0,SetByAsk
2025-12-16 19:07:08,2025-12-16T19:07:08,58.79,1.0,SetByAsk
2025-12-16 19:07:08,2025-12-16T19:07:08,58.79,1.0,SetByAsk
2025-12-16 19:07:21,2025-12-16T19:07:21,58.82,1.0,SetByBid
2025-12-16 19:07:21,2025-12-16T19:07:21,58.81,1.0,SetByAsk
2025-12-16 19:07:21,2025-12-16T19:07:21,58.81,1.0,SetByAsk
2025-12-16 19:07:21,2025-12-16T19:07:21,58.81,1.0,SetByAsk
2025-12-16 19:07:21,2025-12-16T19:07:21,58.81,1.0,SetByAsk
2025-12-16 19:07:21,2025-12-16T19:07:21,58.81,9.0,SetByBid
2025-12-16 19:07:21,2025-12-16T19:07:21,58.81,3.0,SetByBid
2025-12-16 19:07:21,2025-12-16T19:07:21,58.81,6.0,SetByBid
2025-12-16 19:07:46,2025-12-16T19:07:46,58.83,1.0,SetByAsk
2025-12-16 19:07:58,2025-12-16T19:07:58,58.83,1.0,SetByBid
2025-12-16 19:08:05,2025-12-16T19:08:05,58.83,1.0,SetByBid
2025-12-16 19:08:09,2025-12-16T19:08:09,58.84,1.0,SetByBid
2025-12-16 19:08:09,2025-12-16T19:08:09,58.84,1.0,SetByBid
2025-12-16 19:08:11,2025-12-16T19:08:11,58.83,1.0,SetByAsk
2025-12-16 19:08:21,2025-12-16T19:08:21,58.81,1.0,SetByAsk
2025-12-16 19:08:21,2025-12-16T19:08:21,58.81,1.0,SetByBid
2025-12-16 19:08:21,2025-12-16T19:08:21,58.81,1.0,SetByBid
2025-12-16 19:08:21,2025-12-16T19:08:21,58.81,1.0,SetByBid
2025-12-16 19:08:21,2025-12-16T19:08:21,58.81,1.0,SetByBid
2025-12-16 19:08:26,2025-12-16T19:08:26,58.8,1.0,SetByAsk
2025-12-16 19:08:40,2025-12-16T19:08:40,58.81,1.0,SetByAsk
2025-12-16 19:08:40,2025-12-16T19:08:40,58.81,1.0,SetByAsk
2025-12-16 19:08:40,2025-12-16T19:08:40,58.81,1.0,SetByAsk
2025-12-16 19:08:59,2025-12-16T19:08:59,58.8,1.0,SetByAsk
2025-12-16 19:08:59,2025-12-16T19:08:59,58.81,1.0,SetByBid
2025-12-16 19:08:59,2025-12-16T19:08:59,58.81,1.0,SetByBid
2025-12-16 19:09:12,2025-12-16T19:09:12,58.79,1.0,SetByAsk
2025-12-16 19:09:13,2025-12-16T19:09:13,58.79,1.0,SetByBid
2025-12-16 19:09:13,2025-12-16T19:09:13,58.79,3.0,SetByBid
2025-12-16 19:09:21,2025-12-16T19:09:21,58.78,1.0,SetByAsk
2025-12-16 19:09:45,2025-12-16T19:09:45,58.78,1.0,SetByBid
2025-12-16 19:09:49,2025-12-16T19:09:49,58.77,1.0,SetByAsk
2025-12-16 19:09:55,2025-12-16T19:09:55,58.77,1.0,SetByAsk
2025-12-16 19:09:57,2025-12-16T19:09:57,58.77,1.0,SetByAsk
2025-12-16 19:10:05,2025-12-16T19:10:05,58.76,1.0,SetByAsk
2025-12-16 19:10:05,2025-12-16T19:10:05,58.76,1.0,SetByAsk
2025-12-16 19:10:05,2025-12-16T19:10:05,58.76,1.0,SetByBid
2025-12-16 19:10:07,2025-12-16T19:10:07,58.77,1.0,SetByBid
2025-12-16 19:10:07,2025-12-16T19:10:07,58.77,1.0,SetByBid
2025-12-16 19:10:07,2025-12-16T19:10:07,58.77,1.0,SetByBid
2025-12-16 19:10:07,2025-12-16T19:10:07,58.77,1.0,SetByBid
2025-12-16 19:10:07,2025-12-16T19:10:07,58.77,1.0,SetByBid
2025-12-16 19:10:07,2025-12-16T19:10:07,58.77,1.0,SetByBid
2025-12-16 19:10:13,2025-12-16T19:10:13,58.77,1.0,SetByBid
2025-12-16 19:10:19,2025-12-16T19:10:19,58.76,1.0,SetByAsk
2025-12-16 19:10:19,2025-12-16T19:10:19,58.76,1.0,SetByAsk
2025-12-16 19:10:19,2025-12-16T19:10:19,58.76,1.0,SetByAsk
2025-12-16 19:10:21,2025-12-16T19:10:21,58.75,1.0,SetByBid
2025-12-16 19:10:29,2025-12-16T19:10:29,58.78,1.0,SetByBid
2025-12-16 19:10:48,2025-12-16T19:10:48,58.76,1.0,SetByBid
2025-12-16 19:10:50,2025-12-16T19:10:50,58.76,4.0,SetByBid
2025-12-16 19:10:53,2025-12-16T19:10:53,58.77,1.0,SetByBid
2025-12-16 19:10:53,2025-12-16T19:10:53,58.77,1.0,SetByAsk
2025-12-16 19:11:01,2025-12-16T19:11:01,58.76,1.0,SetByBid
2025-12-16 19:11:08,2025-12-16T19:11:08,58.76,1.0,SetByBid
2025-12-16 19:11:08,2025-12-16T19:11:08,58.76,1.0,SetByBid
2025-12-16 19:11:08,2025-12-16T19:11:08,58.76,1.0,SetByBid
2025-12-16 19:11:08,2025-12-16T19:11:08,58.76,1.0,SetByBid
2025-12-16 19:11:08,2025-12-16T19:11:08,58.76,1.0,SetByBid
2025-12-16 19:11:32,2025-12-16T19:11:32,58.77,1.0,SetByBid
2025-12-16 19:11:39,2025-12-16T19:11:39,58.77,1.0,SetByBid
2025-12-16 19:11:45,2025-12-16T19:11:45,58.76,1.0,SetByBid
2025-12-16 19:11:57,2025-12-16T19:11:57,58.77,1.0,SetByBid
2025-12-16 19:12:08,2025-12-16T19:12:08,58.76,1.0,SetByBid
2025-12-16 19:12:28,2025-12-16T19:12:28,58.77,1.0,SetByBid
2025-12-16 19:12:28,2025-12-16T19:12:28,58.77,1.0,SetByBid
2025-12-16 19:12:35,2025-12-16T19:12:35,58.77,1.0,SetByAsk
2025-12-16 19:12:35,2025-12-16T19:12:35,58.76,1.0,SetByAsk
2025-12-16 19:12:37,2025-12-16T19:12:37,58.77,1.0,SetByAsk
2025-12-16 19:12:37,2025-12-16T19:12:37,58.77,1.0,SetByAsk
2025-12-16 19:12:37,2025-12-16T19:12:37,58.76,1.0,SetByAsk
2025-12-16 19:12:37,2025-12-16T19:12:37,58.76,1.0,SetByBid
2025-12-16 19:12:37,2025-12-16T19:12:37,58.77,1.0,SetByBid
2025-12-16 19:12:37,2025-12-16T19:12:37,58.77,1.0,SetByBid
2025-12-16 19:12:41,2025-12-16T19:12:41,58.77,1.0,SetByBid
2025-12-16 19:12:41,2025-12-16T19:12:41,58.77,1.0,SetByBid
2025-12-16 19:12:41,2025-12-16T19:12:41,58.77,1.0,SetByBid
2025-12-16 19:12:42,2025-12-16T19:12:42,58.76,1.0,SetByAsk
2025-12-16 19:12:42,2025-12-16T19:12:42,58.76,1.0,SetByAsk
2025-12-16 19:12:50,2025-12-16T19:12:50,58.75,1.0,SetByAsk
2025-12-16 19:12:50,2025-12-16T19:12:50,58.75,1.0,SetByAsk
2025-12-16 19:12:50,2025-12-16T19:12:50,58.75,1.0,SetByAsk
2025-12-16 19:12:53,2025-12-16T19:12:53,58.75,1.0,SetByAsk
2025-12-16 19:12:57,2025-12-16T19:12:57,58.77,1.0,SetByBid
2025-12-16 19:13:01,2025-12-16T19:13:01,58.77,1.0,SetByBid
2025-12-16 19:13:01,2025-12-16T19:13:01,58.77,1.0,SetByBid
2025-12-16 19:13:04,2025-12-16T19:13:04,58.77,1.0,SetByAsk
2025-12-16 19:13:04,2025-12-16T19:13:04,58.77,1.0,SetByBid
2025-12-16 19:13:04,2025-12-16T19:13:04,58.77,1.0,SetByBid
2025-12-16 19:13:04,2025-12-16T19:13:04,58.77,1.0,SetByBid
2025-12-16 19:13:05,2025-12-16T19:13:05,58.77,1.0,SetByAsk
2025-12-16 19:13:15,2025-12-16T19:13:15,58.75,1.0,SetByAsk
2025-12-16 19:13:28,2025-12-16T19:13:28,58.75,1.0,SetByAsk
2025-12-16 19:13:37,2025-12-16T19:13:37,58.74,1.0,SetByAsk
2025-12-16 19:13:38,2025-12-16T19:13:38,58.75,1.0,SetByBid
2025-12-16 19:13:39,2025-12-16T19:13:39,58.76,1.0,SetByBid
2025-12-16 19:13:39,2025-12-16T19:13:39,58.76,1.0,SetByBid
2025-12-16 19:13:39,2025-12-16T19:13:39,58.76,1.0,SetByBid
2025-12-16 19:13:39,2025-12-16T19:13:39,58.76,1.0,SetByBid
2025-12-16 19:13:39,2025-12-16T19:13:39,58.76,1.0,SetByBid
2025-12-16 19:13:39,2025-12-16T19:13:39,58.77,1.0,SetByBid
2025-12-16 19:13:39,2025-12-16T19:13:39,58.77,1.0,SetByBid
2025-12-16 19:13:39,2025-12-16T19:13:39,58.77,1.0,SetByBid
2025-12-16 19:13:39,2025-12-16T19:13:39,58.77,1.0,SetByBid
2025-12-16 19:13:39,2025-12-16T19:13:39,58.77,1.0,SetByBid
2025-12-16 19:13:39,2025-12-16T19:13:39,58.77,1.0,SetByBid
2025-12-16 19:14:00,2025-12-16T19:14:00,58.77,2.0,SetByBid
2025-12-16 19:14:00,2025-12-16T19:14:00,58.77,1.0,SetByBid
2025-12-16 19:14:01,2025-12-16T19:14:01,58.77,1.0,SetByBid
2025-12-16 19:14:01,2025-12-16T19:14:01,58.77,1.0,SetByBid
2025-12-16 19:14:01,2025-12-16T19:14:01,58.77,1.0,SetByBid
2025-12-16 19:14:04,2025-12-16T19:14:04,58.76,1.0,SetByAsk
2025-12-16 19:14:09,2025-12-16T19:14:09,58.77,1.0,SetByBid
2025-12-16 19:14:09,2025-12-16T19:14:09,58.77,1.0,SetByBid
2025-12-16 19:14:09,2025-12-16T19:14:09,58.77,2.0,SetByAsk
2025-12-16 19:14:29,2025-12-16T19:14:29,58.78,1.0,SetByBid
2025-12-16 19:15:07,2025-12-16T19:15:07,58.77,1.0,SetByAsk
2025-12-16 19:15:15,2025-12-16T19:15:15,58.77,1.0,SetByAsk
2025-12-16 19:15:49,2025-12-16T19:15:49,58.75,1.0,SetByAsk
2025-12-16 19:15:49,2025-12-16T19:15:49,58.75,1.0,SetByAsk
2025-12-16 19:15:49,2025-12-16T19:15:49,58.75,1.0,SetByBid
2025-12-16 19:15:49,2025-12-16T19:15:49,58.75,1.0,SetByAsk
2025-12-16 19:15:52,2025-12-16T19:15:52,58.74,1.0,SetByAsk
2025-12-16 19:15:57,2025-12-16T19:15:57,58.76,1.0,SetByBid
2025-12-16 19:16:00,2025-12-16T19:16:00,58.75,1.0,SetByAsk
2025-12-16 19:16:01,2025-12-16T19:16:01,58.75,1.0,SetByAsk
2025-12-16 19:16:01,2025-12-16T19:16:01,58.75,1.0,SetByAsk
2025-12-16 19:16:01,2025-12-16T19:16:01,58.75,1.0,SetByAsk
2025-12-16 19:16:01,2025-12-16T19:16:01,58.75,1.0,SetByAsk
2025-12-16 19:16:01,2025-12-16T19:16:01,58.75,1.0,SetByAsk
2025-12-16 19:16:01,2025-12-16T19:16:01,58.75,1.0,SetByAsk
2025-12-16 19:16:01,2025-12-16T19:16:01,58.75,2.0,SetByAsk
2025-12-16 19:16:01,2025-12-16T19:16:01,58.75,2.0,SetByAsk
2025-12-16 19:16:05,2025-12-16T19:16:05,58.74,1.0,SetByAsk
2025-12-16 19:16:06,2025-12-16T19:16:06,58.74,2.0,SetByAsk
2025-12-16 19:16:06,2025-12-16T19:16:06,58.74,1.0,SetByBid
2025-12-16 19:16:06,2025-12-16T19:16:06,58.74,1.0,SetByBid
2025-12-16 19:16:06,2025-12-16T19:16:06,58.74,1.0,SetByBid
2025-12-16 19:16:06,2025-12-16T19:16:06,58.74,1.0,SetByBid
2025-12-16 19:16:06,2025-12-16T19:16:06,58.74,1.0,SetByBid
2025-12-16 19:16:19,2025-12-16T19:16:19,58.75,1.0,SetByBid
2025-12-16 19:16:30,2025-12-16T19:16:30,58.75,1.0,SetByBid
2025-12-16 19:16:37,2025-12-16T19:16:37,58.74,1.0,SetByAsk
2025-12-16 19:17:01,2025-12-16T19:17:01,58.76,1.0,SetByAsk
2025-12-16 19:17:19,2025-12-16T19:17:19,58.74,1.0,SetByAsk
2025-12-16 19:17:34,2025-12-16T19:17:34,58.74,1.0,SetByAsk
2025-12-16 19:17:34,2025-12-16T19:17:34,58.74,1.0,SetByAsk
2025-12-16 19:17:44,2025-12-16T19:17:44,58.74,1.0,SetByBid
2025-12-16 19:17:44,2025-12-16T19:17:44,58.74,1.0,SetByBid
2025-12-16 19:17:50,2025-12-16T19:17:50,58.74,1.0,SetByBid
2025-12-16 19:17:50,2025-12-16T19:17:50,58.74,1.0,SetByBid
2025-12-16 19:17:50,2025-12-16T19:17:50,58.74,1.0,SetByBid
2025-12-16 19:17:50,2025-12-16T19:17:50,58.74,1.0,SetByBid
2025-12-16 19:17:50,2025-12-16T19:17:50,58.74,1.0,SetByBid
2025-12-16 19:17:50,2025-12-16T19:17:50,58.74,2.0,SetByBid
2025-12-16 19:17:57,2025-12-16T19:17:57,58.72,1.0,SetByBid
2025-12-16 19:17:57,2025-12-16T19:17:57,58.72,1.0,SetByBid
2025-12-16 19:17:57,2025-12-16T19:17:57,58.72,1.0,SetByBid
2025-12-16 19:17:57,2025-12-16T19:17:57,58.72,2.0,SetByBid
2025-12-16 19:17:57,2025-12-16T19:17:57,58.71,1.0,SetByAsk
2025-12-16 19:17:57,2025-12-16T19:17:57,58.7,1.0,SetByAsk
2025-12-16 19:17:57,2025-12-16T19:17:57,58.7,1.0,SetByAsk
2025-12-16 19:17:57,2025-12-16T19:17:57,58.7,1.0,SetByAsk
2025-12-16 19:17:57,2025-12-16T19:17:57,58.7,1.0,SetByBid
2025-12-16 19:17:57,2025-12-16T19:17:57,58.7,1.0,SetByBid
2025-12-16 19:17:57,2025-12-16T19:17:57,58.7,1.0,SetByBid
2025-12-16 19:17:57,2025-12-16T19:17:57,58.7,1.0,SetByBid
2025-12-16 19:17:57,2025-12-16T19:17:57,58.7,1.0,SetByBid
2025-12-16 19:17:58,2025-12-16T19:17:58,58.71,1.0,SetByBid
2025-12-16 19:17:58,2025-12-16T19:17:58,58.71,1.0,SetByBid
2025-12-16 19:18:07,2025-12-16T19:18:07,58.69,1.0,SetByAsk
2025-12-16 19:18:07,2025-12-16T19:18:07,58.69,1.0,SetByAsk
2025-12-16 19:18:07,2025-12-16T19:18:07,58.69,1.0,SetByAsk
2025-12-16 19:18:07,2025-12-16T19:18:07,58.69,1.0,SetByAsk
2025-12-16 19:18:07,2025-12-16T19:18:07,58.69,1.0,SetByAsk
2025-12-16 19:18:07,2025-12-16T19:18:07,58.68,1.0,SetByAsk
2025-12-16 19:18:07,2025-12-16T19:18:07,58.68,1.0,SetByAsk
2025-12-16 19:18:08,2025-12-16T19:18:08,58.68,1.0,SetByBid
2025-12-16 19:18:20,2025-12-16T19:18:20,58.68,1.0,SetByBid
2025-12-16 19:18:23,2025-12-16T19:18:23,58.67,3.0,SetByBid
2025-12-16 19:18:26,2025-12-16T19:18:26,58.68,1.0,SetByBid
2025-12-16 19:18:32,2025-12-16T19:18:32,58.67,1.0,"SetByAsk, Leg"
2025-12-16 19:18:32,2025-12-16T19:18:32,58.66,1.0,"SetByAsk, Leg"
2025-12-16 19:18:34,2025-12-16T19:18:34,58.67,1.0,SetByAsk
2025-12-16 19:18:37,2025-12-16T19:18:37,58.66,1.0,SetByAsk
2025-12-16 19:18:39,2025-12-16T19:18:39,58.67,1.0,SetByBid
2025-12-16 19:18:39,2025-12-16T19:18:39,58.67,1.0,SetByBid
2025-12-16 19:18:39,2025-12-16T19:18:39,58.67,1.0,SetByBid
2025-12-16 19:19:02,2025-12-16T19:19:02,58.68,1.0,SetByBid
2025-12-16 19:19:02,2025-12-16T19:19:02,58.68,1.0,SetByBid
2025-12-16 19:19:04,2025-12-16T19:19:04,58.68,1.0,SetByAsk
2025-12-16 19:19:04,2025-12-16T19:19:04,58.68,1.0,SetByAsk
2025-12-16 19:19:04,2025-12-16T19:19:04,58.68,1.0,SetByAsk
2025-12-16 19:19:25,2025-12-16T19:19:25,58.65,1.0,SetByAsk
2025-12-16 19:19:50,2025-12-16T19:19:50,58.66,1.0,SetByAsk
2025-12-16 19:19:50,2025-12-16T19:19:50,58.66,1.0,SetByAsk
2025-12-16 19:19:55,2025-12-16T19:19:55,58.65,1.0,SetByAsk
2025-12-16 19:19:57,2025-12-16T19:19:57,58.66,1.0,SetByBid
2025-12-16 19:19:57,2025-12-16T19:19:57,58.66,1.0,SetByBid
2025-12-16 19:20:07,2025-12-16T19:20:07,58.66,1.0,SetByBid
2025-12-16 19:20:21,2025-12-16T19:20:21,58.67,1.0,SetByAsk
2025-12-16 19:20:21,2025-12-16T19:20:21,58.67,1.0,SetByAsk
2025-12-16 19:20:21,2025-12-16T19:20:21,58.67,1.0,SetByAsk
2025-12-16 19:20:21,2025-12-16T19:20:21,58.67,1.0,SetByAsk
2025-12-16 19:20:21,2025-12-16T19:20:21,58.68,1.0,SetByBid
2025-12-16 19:20:31,2025-12-16T19:20:31,58.68,1.0,SetByAsk
2025-12-16 19:20:37,2025-12-16T19:20:37,58.67,1.0,SetByAsk
2025-12-16 19:20:37,2025-12-16T19:20:37,58.67,1.0,SetByAsk
2025-12-16 19:20:37,2025-12-16T19:20:37,58.67,1.0,SetByAsk
2025-12-16 19:20:37,2025-12-16T19:20:37,58.67,1.0,SetByAsk
2025-12-16 19:20:38,2025-12-16T19:20:38,58.66,1.0,SetByBid
2025-12-16 19:20:38,2025-12-16T19:20:38,58.66,1.0,SetByBid
2025-12-16 19:20:38,2025-12-16T19:20:38,58.66,1.0,SetByBid
2025-12-16 19:20:38,2025-12-16T19:20:38,58.66,1.0,SetByBid
2025-12-16 19:20:39,2025-12-16T19:20:39,58.66,1.0,SetByBid
2025-12-16 19:20:39,2025-12-16T19:20:39,58.66,1.0,SetByBid
2025-12-16 19:20:43,2025-12-16T19:20:43,58.68,1.0,SetByAsk
2025-12-16 19:20:52,2025-12-16T19:20:52,58.69,1.0,SetByAsk
2025-12-16 19:20:53,2025-12-16T19:20:53,58.69,4.0,SetByAsk
2025-12-16 19:20:53,2025-12-16T19:20:53,58.69,1.0,SetByAsk
2025-12-16 19:20:53,2025-12-16T19:20:53,58.69,1.0,SetByAsk
2025-12-16 19:20:53,2025-12-16T19:20:53,58.69,2.0,SetByAsk
2025-12-16 19:20:53,2025-12-16T19:20:53,58.69,1.0,SetByAsk
2025-12-16 19:21:01,2025-12-16T19:21:01,58.7,1.0,SetByBid
2025-12-16 19:21:48,2025-12-16T19:21:48,58.66,1.0,SetByAsk
2025-12-16 19:21:56,2025-12-16T19:21:56,58.68,1.0,SetByBid
2025-12-16 19:22:02,2025-12-16T19:22:02,58.66,1.0,SetByAsk
2025-12-16 19:22:20,2025-12-16T19:22:20,58.66,1.0,SetByAsk
2025-12-16 19:22:23,2025-12-16T19:22:23,58.66,1.0,SetByBid
2025-12-16 19:22:30,2025-12-16T19:22:30,58.65,1.0,SetByAsk
2025-12-16 19:22:30,2025-12-16T19:22:30,58.65,1.0,SetByAsk
2025-12-16 19:22:30,2025-12-16T19:22:30,58.63,1.0,SetByAsk
2025-12-16 19:22:38,2025-12-16T19:22:38,58.64,1.0,SetByAsk
2025-12-16 19:22:46,2025-12-16T19:22:46,58.63,1.0,SetByAsk
2025-12-16 19:22:59,2025-12-16T19:22:59,58.67,1.0,SetByBid
2025-12-16 19:23:16,2025-12-16T19:23:16,58.68,1.0,SetByBid
2025-12-16 19:23:48,2025-12-16T19:23:48,58.69,1.0,SetByAsk
2025-12-16 19:23:48,2025-12-16T19:23:48,58.69,1.0,SetByBid
2025-12-16 19:23:52,2025-12-16T19:23:52,58.69,1.0,SetByBid
2025-12-16 19:23:52,2025-12-16T19:23:52,58.69,1.0,SetByBid
2025-12-16 19:23:56,2025-12-16T19:23:56,58.68,1.0,SetByBid
2025-12-16 19:24:07,2025-12-16T19:24:07,58.67,1.0,SetByAsk
2025-12-16 19:24:26,2025-12-16T19:24:26,58.67,1.0,SetByAsk
2025-12-16 19:24:26,2025-12-16T19:24:26,58.67,1.0,SetByAsk
2025-12-16 19:24:26,2025-12-16T19:24:26,58.67,1.0,SetByAsk
2025-12-16 19:24:26,2025-12-16T19:24:26,58.67,3.0,SetByAsk
2025-12-16 19:24:38,2025-12-16T19:24:38,58.67,1.0,SetByAsk
2025-12-16 19:24:54,2025-12-16T19:24:54,58.66,1.0,SetByBid
2025-12-16 19:25:06,2025-12-16T19:25:06,58.64,1.0,SetByBid
2025-12-16 19:25:06,2025-12-16T19:25:06,58.64,2.0,SetByBid
2025-12-16 19:25:07,2025-12-16T19:25:07,58.64,1.0,SetByAsk
2025-12-16 19:25:33,2025-12-16T19:25:33,58.62,1.0,SetByAsk
2025-12-16 19:25:33,2025-12-16T19:25:33,58.62,1.0,SetByAsk
2025-12-16 19:25:33,2025-12-16T19:25:33,58.61,1.0,SetByAsk
2025-12-16 19:25:33,2025-12-16T19:25:33,58.61,1.0,SetByAsk
2025-12-16 19:25:33,2025-12-16T19:25:33,58.61,1.0,SetByAsk
2025-12-16 19:25:33,2025-12-16T19:25:33,58.61,1.0,SetByAsk
2025-12-16 19:25:33,2025-12-16T19:25:33,58.62,1.0,SetByAsk
2025-12-16 19:25:33,2025-12-16T19:25:33,58.62,1.0,SetByAsk
2025-12-16 19:25:41,2025-12-16T19:25:41,58.64,1.0,SetByAsk
2025-12-16 19:25:41,2025-12-16T19:25:41,58.64,1.0,SetByAsk
2025-12-16 19:25:41,2025-12-16T19:25:41,58.64,1.0,SetByAsk
2025-12-16 19:25:42,2025-12-16T19:25:42,58.64,1.0,SetByAsk
2025-12-16 19:25:42,2025-12-16T19:25:42,58.64,1.0,SetByAsk
2025-12-16 19:25:42,2025-12-16T19:25:42,58.64,1.0,SetByAsk
2025-12-16 19:25:42,2025-12-16T19:25:42,58.64,1.0,SetByAsk
2025-12-16 19:25:42,2025-12-16T19:25:42,58.64,1.0,SetByAsk
2025-12-16 19:25:42,2025-12-16T19:25:42,58.64,1.0,SetByAsk
2025-12-16 19:25:42,2025-12-16T19:25:42,58.64,1.0,SetByAsk
2025-12-16 19:25:42,2025-12-16T19:25:42,58.64,1.0,SetByAsk
2025-12-16 19:25:42,2025-12-16T19:25:42,58.64,1.0,SetByAsk
2025-12-16 19:25:42,2025-12-16T19:25:42,58.64,1.0,SetByAsk
2025-12-16 19:25:46,2025-12-16T19:25:46,58.64,1.0,SetByAsk
2025-12-16 19:25:46,2025-12-16T19:25:46,58.64,1.0,SetByAsk
2025-12-16 19:25:46,2025-12-16T19:25:46,58.64,1.0,SetByAsk
2025-12-16 19:25:48,2025-12-16T19:25:48,58.64,1.0,SetByAsk
2025-12-16 19:25:48,2025-12-16T19:25:48,58.64,1.0,SetByAsk
2025-12-16 19:25:48,2025-12-16T19:25:48,58.64,1.0,SetByAsk
2025-12-16 19:25:50,2025-12-16T19:25:50,58.64,1.0,SetByAsk
2025-12-16 19:25:50,2025-12-16T19:25:50,58.64,1.0,SetByAsk
2025-12-16 19:25:50,2025-12-16T19:25:50,58.64,1.0,SetByAsk
2025-12-16 19:26:27,2025-12-16T19:26:27,58.62,1.0,SetByBid
2025-12-16 19:26:36,2025-12-16T19:26:36,58.61,1.0,SetByAsk
2025-12-16 19:26:37,2025-12-16T19:26:37,58.61,1.0,SetByAsk
2025-12-16 19:26:40,2025-12-16T19:26:40,58.61,1.0,SetByAsk
2025-12-16 19:26:42,2025-12-16T19:26:42,58.61,1.0,SetByBid
2025-12-16 19:26:42,2025-12-16T19:26:42,58.61,1.0,SetByBid
2025-12-16 19:26:57,2025-12-16T19:26:57,58.6,1.0,SetByAsk
2025-12-16 19:26:57,2025-12-16T19:26:57,58.6,1.0,SetByAsk
2025-12-16 19:26:57,2025-12-16T19:26:57,58.6,1.0,SetByAsk
2025-12-16 19:27:00,2025-12-16T19:27:00,58.57,1.0,"SetByBid, Leg"
2025-12-16 19:27:00,2025-12-16T19:27:00,58.58,1.0,SetByBid
2025-12-16 19:27:10,2025-12-16T19:27:10,58.58,1.0,SetByBid
2025-12-16 19:27:10,2025-12-16T19:27:10,58.58,1.0,SetByBid
2025-12-16 19:27:37,2025-12-16T19:27:37,58.56,1.0,SetByAsk
2025-12-16 19:27:37,2025-12-16T19:27:37,58.56,1.0,SetByAsk
2025-12-16 19:27:37,2025-12-16T19:27:37,58.56,1.0,SetByAsk
2025-12-16 19:27:37,2025-12-16T19:27:37,58.56,1.0,SetByAsk
2025-12-16 19:27:41,2025-12-16T19:27:41,58.57,1.0,SetByAsk
2025-12-16 19:27:41,2025-12-16T19:27:41,58.57,1.0,SetByAsk
2025-12-16 19:27:41,2025-12-16T19:27:41,58.57,1.0,SetByAsk
2025-12-16 19:27:42,2025-12-16T19:27:42,58.57,1.0,SetByAsk
2025-12-16 19:27:42,2025-12-16T19:27:42,58.57,1.0,SetByAsk
2025-12-16 19:27:42,2025-12-16T19:27:42,58.57,1.0,SetByAsk
2025-12-16 19:27:45,2025-12-16T19:27:45,58.58,1.0,SetByAsk
2025-12-16 19:27:48,2025-12-16T19:27:48,58.57,1.0,SetByAsk
2025-12-16 19:27:48,2025-12-16T19:27:48,58.57,1.0,SetByAsk
2025-12-16 19:27:48,2025-12-16T19:27:48,58.57,1.0,SetByAsk
2025-12-16 19:27:48,2025-12-16T19:27:48,58.57,1.0,SetByAsk
2025-12-16 19:27:48,2025-12-16T19:27:48,58.57,1.0,SetByAsk
2025-12-16 19:27:49,2025-12-16T19:27:49,58.56,1.0,SetByAsk
2025-12-16 19:27:49,2025-12-16T19:27:49,58.57,1.0,SetByBid
2025-12-16 19:27:49,2025-12-16T19:27:49,58.57,1.0,SetByBid
2025-12-16 19:27:49,2025-12-16T19:27:49,58.57,1.0,SetByBid
2025-12-16 19:27:49,2025-12-16T19:27:49,58.58,1.0,SetByAsk
2025-12-16 19:27:49,2025-12-16T19:27:49,58.58,1.0,SetByAsk
2025-12-16 19:27:49,2025-12-16T19:27:49,58.58,1.0,SetByAsk
2025-12-16 19:27:49,2025-12-16T19:27:49,58.58,1.0,SetByAsk
2025-12-16 19:27:49,2025-12-16T19:27:49,58.58,1.0,SetByAsk
2025-12-16 19:27:49,2025-12-16T19:27:49,58.58,1.0,SetByAsk
2025-12-16 19:27:49,2025-12-16T19:27:49,58.58,1.0,SetByAsk
2025-12-16 19:27:49,2025-12-16T19:27:49,58.58,1.0,SetByAsk
2025-12-16 19:27:49,2025-12-16T19:27:49,58.58,1.0,SetByAsk
2025-12-16 19:27:49,2025-12-16T19:27:49,58.58,1.0,SetByAsk
2025-12-16 19:27:50,2025-12-16T19:27:50,58.58,1.0,"SetByBid, Leg"
2025-12-16 19:27:54,2025-12-16T19:27:54,58.58,1.0,SetByAsk
2025-12-16 19:27:54,2025-12-16T19:27:54,58.58,1.0,SetByAsk
2025-12-16 19:27:54,2025-12-16T19:27:54,58.58,1.0,SetByAsk
2025-12-16 19:27:54,2025-12-16T19:27:54,58.58,1.0,SetByAsk
2025-12-16 19:27:54,2025-12-16T19:27:54,58.58,1.0,SetByAsk
2025-12-16 19:27:54,2025-12-16T19:27:54,58.58,1.0,SetByAsk
2025-12-16 19:27:54,2025-12-16T19:27:54,58.58,1.0,SetByAsk
2025-12-16 19:27:54,2025-12-16T19:27:54,58.58,1.0,SetByAsk
2025-12-16 19:27:54,2025-12-16T19:27:54,58.58,1.0,SetByAsk
2025-12-16 19:27:54,2025-12-16T19:27:54,58.58,1.0,SetByAsk
2025-12-16 19:27:54,2025-12-16T19:27:54,58.58,1.0,SetByAsk
2025-12-16 19:27:55,2025-12-16T19:27:55,58.58,1.0,SetByAsk
2025-12-16 19:27:59,2025-12-16T19:27:59,58.57,1.0,SetByAsk
2025-12-16 19:28:00,2025-12-16T19:28:00,58.59,1.0,SetByBid
2025-12-16 19:28:04,2025-12-16T19:28:04,58.59,1.0,SetByBid
2025-12-16 19:28:04,2025-12-16T19:28:04,58.59,1.0,SetByBid
2025-12-16 19:28:04,2025-12-16T19:28:04,58.59,1.0,SetByBid
2025-12-16 19:28:04,2025-12-16T19:28:04,58.59,1.0,SetByBid
2025-12-16 19:28:04,2025-12-16T19:28:04,58.59,1.0,SetByBid
2025-12-16 19:28:04,2025-12-16T19:28:04,58.59,1.0,SetByBid
2025-12-16 19:28:04,2025-12-16T19:28:04,58.59,1.0,SetByBid
2025-12-16 19:28:04,2025-12-16T19:28:04,58.59,2.0,SetByBid
2025-12-16 19:28:04,2025-12-16T19:28:04,58.59,1.0,SetByBid
2025-12-16 19:28:04,2025-12-16T19:28:04,58.59,1.0,SetByBid
2025-12-16 19:28:04,2025-12-16T19:28:04,58.59,1.0,SetByBid
2025-12-16 19:28:04,2025-12-16T19:28:04,58.59,1.0,SetByBid
2025-12-16 19:28:04,2025-12-16T19:28:04,58.59,1.0,SetByBid
2025-12-16 19:28:04,2025-12-16T19:28:04,58.59,1.0,SetByBid
2025-12-16 19:28:04,2025-12-16T19:28:04,58.59,1.0,SetByBid
2025-12-16 19:28:04,2025-12-16T19:28:04,58.59,2.0,SetByBid
2025-12-16 19:28:07,2025-12-16T19:28:07,58.58,1.0,SetByBid
2025-12-16 19:28:07,2025-12-16T19:28:07,58.58,1.0,SetByBid
2025-12-16 19:28:07,2025-12-16T19:28:07,58.58,1.0,SetByBid
2025-12-16 19:28:07,2025-12-16T19:28:07,58.58,1.0,SetByBid
2025-12-16 19:28:07,2025-12-16T19:28:07,58.58,4.0,SetByBid
2025-12-16 19:28:07,2025-12-16T19:28:07,58.58,1.0,SetByBid
2025-12-16 19:28:07,2025-12-16T19:28:07,58.58,3.0,SetByBid
2025-12-16 19:28:13,2025-12-16T19:28:13,58.58,1.0,SetByBid
2025-12-16 19:28:13,2025-12-16T19:28:13,58.58,1.0,SetByBid
2025-12-16 19:28:13,2025-12-16T19:28:13,58.58,1.0,SetByBid
2025-12-16 19:28:13,2025-12-16T19:28:13,58.58,1.0,SetByBid
2025-12-16 19:28:13,2025-12-16T19:28:13,58.58,1.0,SetByBid
2025-12-16 19:28:13,2025-12-16T19:28:13,58.58,3.0,SetByBid
2025-12-16 19:28:15,2025-12-16T19:28:15,58.57,1.0,"SetByBid, Leg"
2025-12-16 19:28:15,2025-12-16T19:28:15,58.58,1.0,SetByBid
2025-12-16 19:28:15,2025-12-16T19:28:15,58.58,1.0,SetByBid
2025-12-16 19:28:16,2025-12-16T19:28:16,58.57,1.0,SetByAsk
2025-12-16 19:28:16,2025-12-16T19:28:16,58.57,1.0,SetByAsk
2025-12-16 19:28:16,2025-12-16T19:28:16,58.57,1.0,SetByAsk
2025-12-16 19:28:16,2025-12-16T19:28:16,58.57,1.0,SetByAsk
2025-12-16 19:28:16,2025-12-16T19:28:16,58.57,1.0,SetByAsk
2025-12-16 19:28:16,2025-12-16T19:28:16,58.57,1.0,SetByAsk
2025-12-16 19:28:16,2025-12-16T19:28:16,58.57,1.0,SetByAsk
2025-12-16 19:28:16,2025-12-16T19:28:16,58.57,1.0,SetByAsk
2025-12-16 19:28:16,2025-12-16T19:28:16,58.57,1.0,SetByAsk
2025-12-16 19:28:16,2025-12-16T19:28:16,58.57,1.0,SetByAsk
2025-12-16 19:28:16,2025-12-16T19:28:16,58.57,1.0,SetByAsk
2025-12-16 19:28:16,2025-12-16T19:28:16,58.57,1.0,SetByAsk
2025-12-16 19:28:16,2025-12-16T19:28:16,58.57,1.0,SetByAsk
2025-12-16 19:28:16,2025-12-16T19:28:16,58.57,4.0,SetByAsk
2025-12-16 19:28:16,2025-12-16T19:28:16,58.57,1.0,SetByAsk
2025-12-16 19:28:16,2025-12-16T19:28:16,58.57,1.0,SetByAsk
2025-12-16 19:28:16,2025-12-16T19:28:16,58.56,1.0,SetByAsk
2025-12-16 19:28:16,2025-12-16T19:28:16,58.56,1.0,SetByAsk
2025-12-16 19:28:16,2025-12-16T19:28:16,58.56,1.0,SetByAsk
2025-12-16 19:28:16,2025-12-16T19:28:16,58.56,1.0,SetByAsk
2025-12-16 19:28:16,2025-12-16T19:28:16,58.56,1.0,SetByAsk
2025-12-16 19:28:16,2025-12-16T19:28:16,58.56,1.0,SetByAsk
2025-12-16 19:28:27,2025-12-16T19:28:27,58.57,1.0,SetByBid
2025-12-16 19:28:30,2025-12-16T19:28:30,58.57,1.0,"SetByBid, Leg"
2025-12-16 19:28:32,2025-12-16T19:28:32,58.57,1.0,SetByAsk
2025-12-16 19:28:38,2025-12-16T19:28:38,58.57,1.0,SetByBid
2025-12-16 19:28:39,2025-12-16T19:28:39,58.56,1.0,"SetByBid, Leg"
2025-12-16 19:28:40,2025-12-16T19:28:40,58.57,1.0,SetByBid
2025-12-16 19:28:42,2025-12-16T19:28:42,58.57,1.0,SetByBid
2025-12-16 19:28:42,2025-12-16T19:28:42,58.57,1.0,SetByBid
2025-12-16 19:28:44,2025-12-16T19:28:44,58.56,1.0,SetByAsk
2025-12-16 19:28:44,2025-12-16T19:28:44,58.56,1.0,SetByAsk
2025-12-16 19:28:44,2025-12-16T19:28:44,58.56,1.0,SetByAsk
2025-12-16 19:28:44,2025-12-16T19:28:44,58.56,1.0,SetByAsk
2025-12-16 19:28:44,2025-12-16T19:28:44,58.56,1.0,SetByAsk
2025-12-16 19:28:47,2025-12-16T19:28:47,58.56,1.0,SetByAsk
2025-12-16 19:28:48,2025-12-16T19:28:48,58.55,5.0,SetByAsk
2025-12-16 19:28:48,2025-12-16T19:28:48,58.55,1.0,SetByAsk
2025-12-16 19:28:48,2025-12-16T19:28:48,58.55,1.0,SetByAsk
2025-12-16 19:28:48,2025-12-16T19:28:48,58.55,1.0,SetByAsk
2025-12-16 19:28:48,2025-12-16T19:28:48,58.55,1.0,SetByAsk
2025-12-16 19:28:50,2025-12-16T19:28:50,58.55,1.0,SetByAsk
2025-12-16 19:28:50,2025-12-16T19:28:50,58.55,1.0,SetByAsk
2025-12-16 19:28:50,2025-12-16T19:28:50,58.55,1.0,SetByAsk
2025-12-16 19:28:50,2025-12-16T19:28:50,58.55,1.0,SetByAsk
2025-12-16 19:28:53,2025-12-16T19:28:53,58.56,1.0,SetByBid
2025-12-16 19:28:53,2025-12-16T19:28:53,58.56,1.0,SetByBid
2025-12-16 19:29:00,2025-12-16T19:29:00,58.56,1.0,SetByBid
2025-12-16 19:29:00,2025-12-16T19:29:00,58.56,1.0,SetByBid
2025-12-16 19:29:07,2025-12-16T19:29:07,58.56,1.0,SetByBid
2025-12-16 19:29:07,2025-12-16T19:29:07,58.56,1.0,SetByBid
2025-12-16 19:29:07,2025-12-16T19:29:07,58.56,1.0,SetByBid
2025-12-16 19:29:07,2025-12-16T19:29:07,58.56,1.0,SetByBid
2025-12-16 19:29:11,2025-12-16T19:29:11,58.55,1.0,SetByAsk
2025-12-16 19:29:15,2025-12-16T19:29:15,58.56,1.0,SetByAsk
2025-12-16 19:29:21,2025-12-16T19:29:21,58.55,5.0,SetByAsk
2025-12-16 19:29:24,2025-12-16T19:29:24,58.55,20.0,SetByAsk
2025-12-16 19:29:24,2025-12-16T19:29:24,58.55,2.0,SetByAsk
2025-12-16 19:29:26,2025-12-16T19:29:26,58.56,1.0,SetByBid
2025-12-16 19:29:26,2025-12-16T19:29:26,58.56,1.0,SetByAsk
2025-12-16 19:29:26,2025-12-16T19:29:26,58.56,1.0,SetByAsk
2025-12-16 19:29:27,2025-12-16T19:29:27,58.57,1.0,SetByAsk
2025-12-16 19:29:41,2025-12-16T19:29:41,58.56,1.0,SetByAsk
2025-12-16 19:29:41,2025-12-16T19:29:41,58.56,1.0,SetByAsk
2025-12-16 19:29:41,2025-12-16T19:29:41,58.56,1.0,SetByAsk
2025-12-16 19:29:48,2025-12-16T19:29:48,58.55,1.0,SetByAsk
2025-12-16 19:29:48,2025-12-16T19:29:48,58.55,1.0,SetByAsk
2025-12-16 19:29:48,2025-12-16T19:29:48,58.55,4.0,SetByAsk
2025-12-16 19:29:48,2025-12-16T19:29:48,58.55,1.0,SetByAsk
2025-12-16 19:29:48,2025-12-16T19:29:48,58.55,1.0,SetByAsk
2025-12-16 19:29:49,2025-12-16T19:29:49,58.55,3.0,SetByAsk
2025-12-16 19:29:49,2025-12-16T19:29:49,58.55,1.0,SetByAsk
2025-12-16 19:29:49,2025-12-16T19:29:49,58.55,2.0,SetByAsk
2025-12-16 19:29:49,2025-12-16T19:29:49,58.55,1.0,SetByAsk
2025-12-16 19:29:49,2025-12-16T19:29:49,58.55,1.0,SetByAsk
2025-12-16 19:29:49,2025-12-16T19:29:49,58.55,1.0,SetByAsk
2025-12-16 19:29:49,2025-12-16T19:29:49,58.55,1.0,SetByAsk
2025-12-16 19:29:49,2025-12-16T19:29:49,58.55,1.0,SetByAsk
2025-12-16 19:29:50,2025-12-16T19:29:50,58.55,5.0,SetByAsk
2025-12-16 19:29:50,2025-12-16T19:29:50,58.55,1.0,SetByAsk
2025-12-16 19:29:50,2025-12-16T19:29:50,58.55,1.0,SetByAsk
2025-12-16 19:29:50,2025-12-16T19:29:50,58.55,1.0,SetByAsk
2025-12-16 19:29:50,2025-12-16T19:29:50,58.55,1.0,SetByAsk
2025-12-16 19:29:50,2025-12-16T19:29:50,58.55,1.0,SetByAsk
2025-12-16 19:29:50,2025-12-16T19:29:50,58.55,2.0,SetByAsk
2025-12-16 19:29:50,2025-12-16T19:29:50,58.55,5.0,SetByAsk
2025-12-16 19:29:50,2025-12-16T19:29:50,58.55,1.0,SetByAsk
2025-12-16 19:29:50,2025-12-16T19:29:50,58.55,1.0,SetByAsk
2025-12-16 19:29:50,2025-12-16T19:29:50,58.55,1.0,SetByAsk
2025-12-16 19:29:50,2025-12-16T19:29:50,58.55,1.0,SetByAsk
2025-12-16 19:29:50,2025-12-16T19:29:50,58.55,1.0,SetByAsk
2025-12-16 19:29:52,2025-12-16T19:29:52,58.55,2.0,SetByAsk
2025-12-16 19:29:52,2025-12-16T19:29:52,58.55,1.0,SetByAsk
2025-12-16 19:29:52,2025-12-16T19:29:52,58.55,2.0,SetByAsk
2025-12-16 19:29:52,2025-12-16T19:29:52,58.55,1.0,SetByAsk
2025-12-16 19:29:52,2025-12-16T19:29:52,58.55,2.0,SetByAsk
2025-12-16 19:29:52,2025-12-16T19:29:52,58.54,1.0,SetByBid
2025-12-16 19:29:52,2025-12-16T19:29:52,58.54,1.0,SetByBid
2025-12-16 19:29:52,2025-12-16T19:29:52,58.54,1.0,SetByAsk
2025-12-16 19:29:52,2025-12-16T19:29:52,58.54,1.0,SetByBid
2025-12-16 19:29:52,2025-12-16T19:29:52,58.54,2.0,SetByBid
2025-12-16 19:29:55,2025-12-16T19:29:55,58.53,1.0,SetByAsk
2025-12-16 19:29:55,2025-12-16T19:29:55,58.54,1.0,SetByBid
2025-12-16 19:29:55,2025-12-16T19:29:55,58.54,1.0,SetByBid
2025-12-16 19:30:00,2025-12-16T19:30:00,58.55,1.0,SetByBid
2025-12-16 19:30:00,2025-12-16T19:30:00,58.55,1.0,SetByAsk
2025-12-16 19:30:00,2025-12-16T19:30:00,58.55,1.0,SetByAsk
2025-12-16 19:30:00,2025-12-16T19:30:00,58.55,1.0,SetByAsk
2025-12-16 19:30:00,2025-12-16T19:30:00,58.55,1.0,SetByAsk
2025-12-16 19:30:00,2025-12-16T19:30:00,58.55,1.0,SetByAsk
2025-12-16 19:30:00,2025-12-16T19:30:00,58.55,1.0,SetByAsk
2025-12-16 19:30:00,2025-12-16T19:30:00,58.55,2.0,SetByAsk
2025-12-16 19:30:00,2025-12-16T19:30:00,58.55,2.0,SetByAsk
2025-12-16 19:30:00,2025-12-16T19:30:00,58.56,1.0,SetByBid
2025-12-16 19:30:01,2025-12-16T19:30:01,58.56,1.0,SetByBid
2025-12-16 19:30:02,2025-12-16T19:30:02,58.56,1.0,SetByBid
2025-12-16 19:30:02,2025-12-16T19:30:02,58.56,1.0,SetByBid
2025-12-16 19:30:16,2025-12-16T19:30:16,58.57,1.0,SetByBid
2025-12-16 19:30:31,2025-12-16T19:30:31,58.58,1.0,SetByAsk
2025-12-16 19:30:33,2025-12-16T19:30:33,58.57,1.0,SetByAsk
2025-12-16 19:30:54,2025-12-16T19:30:54,58.57,1.0,SetByBid
2025-12-16 19:30:54,2025-12-16T19:30:54,58.57,1.0,SetByBid
2025-12-16 19:31:06,2025-12-16T19:31:06,58.55,1.0,SetByBid
2025-12-16 19:31:19,2025-12-16T19:31:19,58.55,1.0,SetByBid
2025-12-16 19:31:23,2025-12-16T19:31:23,58.56,1.0,SetByAsk
2025-12-16 19:31:23,2025-12-16T19:31:23,58.56,1.0,SetByAsk
2025-12-16 19:31:46,2025-12-16T19:31:46,58.56,1.0,SetByBid
2025-12-16 19:31:46,2025-12-16T19:31:46,58.56,8.0,SetByBid
2025-12-16 19:31:53,2025-12-16T19:31:53,58.57,2.0,SetByAsk
2025-12-16 19:31:57,2025-12-16T19:31:57,58.57,1.0,SetByAsk
2025-12-16 19:31:59,2025-12-16T19:31:59,58.58,1.0,SetByBid
2025-12-16 19:32:01,2025-12-16T19:32:01,58.59,1.0,SetByBid
2025-12-16 19:32:01,2025-12-16T19:32:01,58.59,1.0,SetByBid
2025-12-16 19:32:01,2025-12-16T19:32:01,58.58,1.0,SetByAsk
2025-12-16 19:32:02,2025-12-16T19:32:02,58.59,1.0,SetByBid
2025-12-16 19:32:02,2025-12-16T19:32:02,58.59,9.0,SetByBid
2025-12-16 19:32:02,2025-12-16T19:32:02,58.59,1.0,SetByBid
2025-12-16 19:32:02,2025-12-16T19:32:02,58.59,2.0,SetByBid
2025-12-16 19:32:02,2025-12-16T19:32:02,58.59,1.0,SetByBid
2025-12-16 19:32:02,2025-12-16T19:32:02,58.59,1.0,SetByBid
2025-12-16 19:32:02,2025-12-16T19:32:02,58.59,2.0,SetByBid
2025-12-16 19:32:02,2025-12-16T19:32:02,58.59,2.0,SetByBid
2025-12-16 19:32:02,2025-12-16T19:32:02,58.59,3.0,SetByBid
2025-12-16 19:32:02,2025-12-16T19:32:02,58.59,1.0,SetByBid
2025-12-16 19:32:02,2025-12-16T19:32:02,58.59,1.0,SetByBid
2025-12-16 19:32:02,2025-12-16T19:32:02,58.59,1.0,SetByAsk
2025-12-16 19:32:03,2025-12-16T19:32:03,58.59,1.0,SetByAsk
2025-12-16 19:32:03,2025-12-16T19:32:03,58.59,2.0,SetByAsk
2025-12-16 19:32:03,2025-12-16T19:32:03,58.59,2.0,SetByAsk
2025-12-16 19:32:03,2025-12-16T19:32:03,58.59,6.0,SetByAsk
2025-12-16 19:32:03,2025-12-16T19:32:03,58.59,1.0,SetByBid
2025-12-16 19:32:03,2025-12-16T19:32:03,58.59,1.0,SetByBid
2025-12-16 19:32:03,2025-12-16T19:32:03,58.59,1.0,SetByBid
2025-12-16 19:32:04,2025-12-16T19:32:04,58.6,3.0,SetByBid
2025-12-16 19:32:19,2025-12-16T19:32:19,58.6,1.0,SetByBid
2025-12-16 19:32:19,2025-12-16T19:32:19,58.6,1.0,SetByBid
2025-12-16 19:32:20,2025-12-16T19:32:20,58.61,1.0,SetByBid
2025-12-16 19:32:20,2025-12-16T19:32:20,58.61,1.0,SetByBid
2025-12-16 19:32:20,2025-12-16T19:32:20,58.61,1.0,SetByBid
2025-12-16 19:32:20,2025-12-16T19:32:20,58.61,1.0,SetByBid
2025-12-16 19:32:20,2025-12-16T19:32:20,58.61,1.0,SetByBid
2025-12-16 19:32:20,2025-12-16T19:32:20,58.61,2.0,SetByBid
2025-12-16 19:32:20,2025-12-16T19:32:20,58.6,1.0,SetByAsk
2025-12-16 19:32:20,2025-12-16T19:32:20,58.6,1.0,SetByAsk
2025-12-16 19:32:20,2025-12-16T19:32:20,58.6,1.0,SetByAsk
2025-12-16 19:32:20,2025-12-16T19:32:20,58.6,1.0,SetByAsk
2025-12-16 19:32:20,2025-12-16T19:32:20,58.6,1.0,SetByAsk
2025-12-16 19:32:20,2025-12-16T19:32:20,58.6,1.0,SetByAsk
2025-12-16 19:32:36,2025-12-16T19:32:36,58.58,1.0,SetByBid
2025-12-16 19:32:36,2025-12-16T19:32:36,58.58,1.0,SetByBid
2025-12-16 19:32:36,2025-12-16T19:32:36,58.58,2.0,SetByAsk
2025-12-16 19:32:37,2025-12-16T19:32:37,58.58,2.0,SetByAsk
2025-12-16 19:32:46,2025-12-16T19:32:46,58.58,1.0,SetByBid
2025-12-16 19:32:46,2025-12-16T19:32:46,58.58,1.0,SetByBid
2025-12-16 19:32:47,2025-12-16T19:32:47,58.58,1.0,SetByAsk
2025-12-16 19:32:48,2025-12-16T19:32:48,58.58,1.0,SetByAsk
2025-12-16 19:32:48,2025-12-16T19:32:48,58.58,1.0,SetByAsk
2025-12-16 19:32:48,2025-12-16T19:32:48,58.59,1.0,SetByBid
2025-12-16 19:32:48,2025-12-16T19:32:48,58.59,1.0,SetByBid
2025-12-16 19:32:48,2025-12-16T19:32:48,58.59,1.0,SetByBid
2025-12-16 19:32:48,2025-12-16T19:32:48,58.59,1.0,SetByBid
2025-12-16 19:32:48,2025-12-16T19:32:48,58.59,1.0,SetByBid
2025-12-16 19:32:48,2025-12-16T19:32:48,58.59,1.0,SetByBid
2025-12-16 19:32:48,2025-12-16T19:32:48,58.59,1.0,SetByBid
2025-12-16 19:32:48,2025-12-16T19:32:48,58.59,1.0,SetByBid
2025-12-16 19:32:48,2025-12-16T19:32:48,58.59,1.0,SetByBid
2025-12-16 19:32:52,2025-12-16T19:32:52,58.58,1.0,SetByBid
2025-12-16 19:32:56,2025-12-16T19:32:56,58.59,1.0,SetByBid
2025-12-16 19:32:56,2025-12-16T19:32:56,58.59,1.0,SetByBid
2025-12-16 19:32:56,2025-12-16T19:32:56,58.59,1.0,SetByBid
2025-12-16 19:32:56,2025-12-16T19:32:56,58.59,1.0,SetByBid
2025-12-16 19:32:56,2025-12-16T19:32:56,58.59,1.0,SetByBid
2025-12-16 19:32:56,2025-12-16T19:32:56,58.6,1.0,SetByBid
2025-12-16 19:32:56,2025-12-16T19:32:56,58.6,1.0,SetByBid
2025-12-16 19:32:56,2025-12-16T19:32:56,58.6,1.0,SetByBid
2025-12-16 19:32:56,2025-12-16T19:32:56,58.6,1.0,SetByBid
2025-12-16 19:32:56,2025-12-16T19:32:56,58.6,1.0,SetByBid
2025-12-16 19:32:56,2025-12-16T19:32:56,58.6,1.0,SetByBid
2025-12-16 19:32:56,2025-12-16T19:32:56,58.6,1.0,SetByBid
2025-12-16 19:32:56,2025-12-16T19:32:56,58.6,1.0,SetByBid
2025-12-16 19:32:56,2025-12-16T19:32:56,58.6,1.0,SetByBid
2025-12-16 19:32:56,2025-12-16T19:32:56,58.6,1.0,SetByBid
2025-12-16 19:32:56,2025-12-16T19:32:56,58.6,1.0,SetByBid
2025-12-16 19:32:56,2025-12-16T19:32:56,58.6,1.0,SetByBid
2025-12-16 19:32:56,2025-12-16T19:32:56,58.59,1.0,SetByAsk
2025-12-16 19:33:00,2025-12-16T19:33:00,58.6,1.0,SetByAsk
2025-12-16 19:33:05,2025-12-16T19:33:05,58.59,1.0,SetByBid
2025-12-16 19:33:05,2025-12-16T19:33:05,58.59,1.0,SetByBid
2025-12-16 19:33:05,2025-12-16T19:33:05,58.59,1.0,SetByBid
2025-12-16 19:33:05,2025-12-16T19:33:05,58.59,1.0,SetByBid
2025-12-16 19:33:05,2025-12-16T19:33:05,58.59,1.0,SetByBid
2025-12-16 19:33:09,2025-12-16T19:33:09,58.6,1.0,SetByAsk
2025-12-16 19:33:13,2025-12-16T19:33:13,58.6,1.0,SetByAsk
2025-12-16 19:33:14,2025-12-16T19:33:14,58.6,1.0,SetByAsk
2025-12-16 19:33:28,2025-12-16T19:33:28,58.61,1.0,SetByBid
2025-12-16 19:33:28,2025-12-16T19:33:28,58.61,1.0,SetByBid
2025-12-16 19:33:32,2025-12-16T19:33:32,58.59,1.0,SetByAsk
2025-12-16 19:33:41,2025-12-16T19:33:41,58.58,1.0,SetByAsk
2025-12-16 19:33:41,2025-12-16T19:33:41,58.58,1.0,SetByAsk
2025-12-16 19:33:41,2025-12-16T19:33:41,58.58,1.0,SetByAsk
2025-12-16 19:33:41,2025-12-16T19:33:41,58.58,1.0,SetByAsk
2025-12-16 19:33:41,2025-12-16T19:33:41,58.58,2.0,SetByAsk
2025-12-16 19:33:41,2025-12-16T19:33:41,58.58,1.0,SetByAsk
2025-12-16 19:33:41,2025-12-16T19:33:41,58.58,1.0,SetByAsk
2025-12-16 19:33:41,2025-12-16T19:33:41,58.58,1.0,SetByAsk
2025-12-16 19:33:41,2025-12-16T19:33:41,58.6,1.0,SetByBid
2025-12-16 19:33:41,2025-12-16T19:33:41,58.6,1.0,SetByBid
2025-12-16 19:33:41,2025-12-16T19:33:41,58.6,1.0,SetByBid
2025-12-16 19:33:41,2025-12-16T19:33:41,58.6,1.0,SetByBid
2025-12-16 19:33:41,2025-12-16T19:33:41,58.6,1.0,SetByBid
2025-12-16 19:33:41,2025-12-16T19:33:41,58.6,1.0,SetByBid
2025-12-16 19:33:41,2025-12-16T19:33:41,58.6,1.0,SetByBid
2025-12-16 19:33:41,2025-12-16T19:33:41,58.6,1.0,SetByBid
2025-12-16 19:33:41,2025-12-16T19:33:41,58.6,2.0,SetByBid
2025-12-16 19:33:41,2025-12-16T19:33:41,58.6,1.0,SetByBid
2025-12-16 19:33:41,2025-12-16T19:33:41,58.6,1.0,SetByBid
2025-12-16 19:33:41,2025-12-16T19:33:41,58.6,1.0,SetByBid
2025-12-16 19:33:41,2025-12-16T19:33:41,58.6,1.0,SetByBid
2025-12-16 19:33:45,2025-12-16T19:33:45,58.59,1.0,SetByBid
2025-12-16 19:34:48,2025-12-16T19:34:48,58.56,1.0,SetByBid
2025-12-16 19:35:04,2025-12-16T19:35:04,58.57,1.0,SetByBid
2025-12-16 19:35:04,2025-12-16T19:35:04,58.57,1.0,SetByBid
2025-12-16 19:35:27,2025-12-16T19:35:27,58.55,1.0,SetByAsk
2025-12-16 19:35:27,2025-12-16T19:35:27,58.55,1.0,SetByAsk
2025-12-16 19:35:27,2025-12-16T19:35:27,58.55,1.0,SetByAsk
2025-12-16 19:35:27,2025-12-16T19:35:27,58.55,3.0,SetByAsk
2025-12-16 19:35:27,2025-12-16T19:35:27,58.55,1.0,SetByAsk
2025-12-16 19:35:27,2025-12-16T19:35:27,58.55,1.0,SetByAsk
2025-12-16 19:35:27,2025-12-16T19:35:27,58.55,1.0,SetByAsk
2025-12-16 19:35:28,2025-12-16T19:35:28,58.55,1.0,SetByAsk
2025-12-16 19:35:28,2025-12-16T19:35:28,58.55,1.0,SetByAsk
2025-12-16 19:35:31,2025-12-16T19:35:31,58.57,1.0,SetByBid
2025-12-16 19:35:40,2025-12-16T19:35:40,58.57,1.0,SetByBid
2025-12-16 19:35:40,2025-12-16T19:35:40,58.57,1.0,SetByBid
2025-12-16 19:35:40,2025-12-16T19:35:40,58.57,1.0,SetByBid
2025-12-16 19:35:40,2025-12-16T19:35:40,58.57,1.0,SetByAsk
2025-12-16 19:35:49,2025-12-16T19:35:49,58.58,1.0,SetByBid
2025-12-16 19:35:59,2025-12-16T19:35:59,58.57,1.0,SetByBid
2025-12-16 19:36:17,2025-12-16T19:36:17,58.58,1.0,SetByAsk
2025-12-16 19:36:17,2025-12-16T19:36:17,58.58,1.0,SetByAsk
2025-12-16 19:36:17,2025-12-16T19:36:17,58.58,1.0,SetByAsk
2025-12-16 19:36:18,2025-12-16T19:36:18,58.58,1.0,SetByAsk
2025-12-16 19:36:35,2025-12-16T19:36:35,58.57,1.0,SetByBid
2025-12-16 19:36:35,2025-12-16T19:36:35,58.58,1.0,SetByBid
2025-12-16 19:36:42,2025-12-16T19:36:42,58.59,1.0,SetByBid
2025-12-16 19:36:42,2025-12-16T19:36:42,58.59,1.0,SetByBid
2025-12-16 19:36:42,2025-12-16T19:36:42,58.59,1.0,SetByBid
2025-12-16 19:36:51,2025-12-16T19:36:51,58.59,1.0,SetByBid
2025-12-16 19:36:51,2025-12-16T19:36:51,58.59,1.0,SetByBid
2025-12-16 19:36:51,2025-12-16T19:36:51,58.59,1.0,SetByBid
2025-12-16 19:36:54,2025-12-16T19:36:54,58.58,1.0,SetByAsk
2025-12-16 19:36:54,2025-12-16T19:36:54,58.58,1.0,SetByAsk
2025-12-16 19:36:54,2025-12-16T19:36:54,58.58,1.0,SetByAsk
2025-12-16 19:36:54,2025-12-16T19:36:54,58.58,1.0,SetByAsk
2025-12-16 19:36:54,2025-12-16T19:36:54,58.58,1.0,SetByAsk
2025-12-16 19:36:54,2025-12-16T19:36:54,58.58,1.0,SetByAsk
2025-12-16 19:36:54,2025-12-16T19:36:54,58.58,1.0,SetByAsk
2025-12-16 19:36:54,2025-12-16T19:36:54,58.58,1.0,SetByAsk
2025-12-16 19:36:54,2025-12-16T19:36:54,58.58,1.0,SetByAsk
2025-12-16 19:36:54,2025-12-16T19:36:54,58.58,1.0,SetByAsk
2025-12-16 19:36:54,2025-12-16T19:36:54,58.58,1.0,SetByAsk
2025-12-16 19:36:54,2025-12-16T19:36:54,58.58,1.0,SetByAsk
2025-12-16 19:36:54,2025-12-16T19:36:54,58.58,1.0,SetByAsk
2025-12-16 19:36:54,2025-12-16T19:36:54,58.58,1.0,SetByAsk
2025-12-16 19:36:54,2025-12-16T19:36:54,58.58,1.0,SetByAsk
2025-12-16 19:36:54,2025-12-16T19:36:54,58.58,1.0,SetByAsk
2025-12-16 19:36:55,2025-12-16T19:36:55,58.59,1.0,SetByBid
2025-12-16 19:36:55,2025-12-16T19:36:55,58.59,1.0,SetByBid
2025-12-16 19:37:04,2025-12-16T19:37:04,58.6,1.0,SetByBid
2025-12-16 19:37:04,2025-12-16T19:37:04,58.6,1.0,SetByBid
2025-12-16 19:37:04,2025-12-16T19:37:04,58.6,1.0,SetByBid
2025-12-16 19:37:04,2025-12-16T19:37:04,58.6,1.0,SetByBid
2025-12-16 19:37:04,2025-12-16T19:37:04,58.6,1.0,SetByAsk
2025-12-16 19:37:04,2025-12-16T19:37:04,58.6,1.0,SetByAsk
2025-12-16 19:37:04,2025-12-16T19:37:04,58.6,1.0,SetByAsk
2025-12-16 19:37:04,2025-12-16T19:37:04,58.6,1.0,SetByAsk
2025-12-16 19:37:05,2025-12-16T19:37:05,58.6,1.0,SetByAsk
2025-12-16 19:37:25,2025-12-16T19:37:25,58.6,1.0,SetByBid
2025-12-16 19:37:36,2025-12-16T19:37:36,58.6,1.0,SetByAsk
2025-12-16 19:37:45,2025-12-16T19:37:45,58.61,1.0,SetByBid
2025-12-16 19:37:45,2025-12-16T19:37:45,58.61,1.0,SetByBid
2025-12-16 19:37:57,2025-12-16T19:37:57,58.58,1.0,SetByAsk
2025-12-16 19:38:35,2025-12-16T19:38:35,58.55,1.0,SetByBid
2025-12-16 19:38:48,2025-12-16T19:38:48,58.54,1.0,SetByAsk
2025-12-16 19:38:48,2025-12-16T19:38:48,58.54,2.0,SetByAsk
2025-12-16 19:38:48,2025-12-16T19:38:48,58.54,1.0,SetByAsk
2025-12-16 19:38:48,2025-12-16T19:38:48,58.54,1.0,SetByAsk
2025-12-16 19:38:48,2025-12-16T19:38:48,58.54,1.0,SetByAsk
2025-12-16 19:38:48,2025-12-16T19:38:48,58.54,1.0,SetByBid
2025-12-16 19:38:48,2025-12-16T19:38:48,58.53,1.0,SetByAsk
2025-12-16 19:38:48,2025-12-16T19:38:48,58.53,2.0,SetByAsk
2025-12-16 19:38:51,2025-12-16T19:38:51,58.53,3.0,SetByAsk
2025-12-16 19:38:55,2025-12-16T19:38:55,58.55,2.0,SetByBid
2025-12-16 19:38:55,2025-12-16T19:38:55,58.55,1.0,SetByBid
2025-12-16 19:39:01,2025-12-16T19:39:01,58.53,3.0,SetByAsk
2025-12-16 19:39:04,2025-12-16T19:39:04,58.54,1.0,SetByBid
2025-12-16 19:39:04,2025-12-16T19:39:04,58.54,1.0,SetByAsk
2025-12-16 19:39:04,2025-12-16T19:39:04,58.54,1.0,SetByAsk
2025-12-16 19:39:15,2025-12-16T19:39:15,58.55,1.0,SetByBid
2025-12-16 19:39:15,2025-12-16T19:39:15,58.55,3.0,SetByBid
2025-12-16 19:39:16,2025-12-16T19:39:16,58.55,3.0,SetByBid
2025-12-16 19:39:18,2025-12-16T19:39:18,58.54,1.0,SetByAsk
2025-12-16 19:39:18,2025-12-16T19:39:18,58.54,1.0,SetByAsk
2025-12-16 19:39:18,2025-12-16T19:39:18,58.54,1.0,SetByAsk
2025-12-16 19:39:18,2025-12-16T19:39:18,58.55,1.0,SetByBid
2025-12-16 19:39:18,2025-12-16T19:39:18,58.55,1.0,SetByBid
2025-12-16 19:39:18,2025-12-16T19:39:18,58.55,1.0,SetByBid
2025-12-16 19:39:18,2025-12-16T19:39:18,58.55,1.0,SetByBid
2025-12-16 19:39:18,2025-12-16T19:39:18,58.55,1.0,SetByBid
2025-12-16 19:39:18,2025-12-16T19:39:18,58.55,1.0,SetByBid
2025-12-16 19:39:19,2025-12-16T19:39:19,58.56,1.0,SetByAsk
2025-12-16 19:39:19,2025-12-16T19:39:19,58.56,2.0,SetByAsk
2025-12-16 19:39:19,2025-12-16T19:39:19,58.56,1.0,SetByAsk
2025-12-16 19:39:19,2025-12-16T19:39:19,58.55,2.0,SetByAsk
2025-12-16 19:39:19,2025-12-16T19:39:19,58.55,1.0,SetByAsk
2025-12-16 19:39:19,2025-12-16T19:39:19,58.55,1.0,SetByAsk
2025-12-16 19:39:19,2025-12-16T19:39:19,58.55,1.0,SetByAsk
2025-12-16 19:39:19,2025-12-16T19:39:19,58.55,1.0,SetByAsk
2025-12-16 19:39:19,2025-12-16T19:39:19,58.55,1.0,SetByAsk
2025-12-16 19:39:19,2025-12-16T19:39:19,58.55,1.0,SetByAsk
2025-12-16 19:39:19,2025-12-16T19:39:19,58.55,1.0,SetByAsk
2025-12-16 19:39:20,2025-12-16T19:39:20,58.55,1.0,SetByAsk
2025-12-16 19:39:20,2025-12-16T19:39:20,58.55,1.0,SetByAsk
2025-12-16 19:39:20,2025-12-16T19:39:20,58.55,1.0,SetByAsk
2025-12-16 19:39:20,2025-12-16T19:39:20,58.55,1.0,SetByAsk
2025-12-16 19:39:20,2025-12-16T19:39:20,58.55,1.0,SetByAsk
2025-12-16 19:39:20,2025-12-16T19:39:20,58.55,1.0,SetByAsk
2025-12-16 19:39:20,2025-12-16T19:39:20,58.55,1.0,SetByAsk
2025-12-16 19:39:20,2025-12-16T19:39:20,58.55,1.0,SetByAsk
2025-12-16 19:39:20,2025-12-16T19:39:20,58.55,1.0,SetByAsk
2025-12-16 19:39:20,2025-12-16T19:39:20,58.55,1.0,SetByAsk
2025-12-16 19:39:20,2025-12-16T19:39:20,58.55,1.0,SetByAsk
2025-12-16 19:39:20,2025-12-16T19:39:20,58.55,1.0,SetByAsk
2025-12-16 19:39:20,2025-12-16T19:39:20,58.55,1.0,SetByAsk
2025-12-16 19:39:20,2025-12-16T19:39:20,58.55,1.0,SetByAsk
2025-12-16 19:39:20,2025-12-16T19:39:20,58.55,1.0,SetByAsk
2025-12-16 19:39:20,2025-12-16T19:39:20,58.55,1.0,SetByAsk
2025-12-16 19:39:20,2025-12-16T19:39:20,58.55,1.0,SetByAsk
2025-12-16 19:39:20,2025-12-16T19:39:20,58.55,1.0,SetByAsk
2025-12-16 19:39:20,2025-12-16T19:39:20,58.55,1.0,SetByAsk
2025-12-16 19:39:20,2025-12-16T19:39:20,58.55,1.0,SetByAsk
2025-12-16 19:39:20,2025-12-16T19:39:20,58.55,1.0,SetByAsk
2025-12-16 19:39:44,2025-12-16T19:39:44,58.53,1.0,SetByAsk
2025-12-16 19:39:44,2025-12-16T19:39:44,58.53,6.0,SetByAsk
2025-12-16 19:39:44,2025-12-16T19:39:44,58.53,1.0,SetByAsk
2025-12-16 19:39:45,2025-12-16T19:39:45,58.52,16.0,SetByAsk
2025-12-16 19:39:45,2025-12-16T19:39:45,58.52,2.0,SetByAsk
2025-12-16 19:39:45,2025-12-16T19:39:45,58.52,4.0,SetByAsk
2025-12-16 19:39:45,2025-12-16T19:39:45,58.52,44.0,SetByAsk
2025-12-16 19:39:46,2025-12-16T19:39:46,58.53,1.0,SetByBid
2025-12-16 19:39:55,2025-12-16T19:39:55,58.53,1.0,SetByAsk
2025-12-16 19:39:56,2025-12-16T19:39:56,58.55,3.0,SetByBid
2025-12-16 19:39:59,2025-12-16T19:39:59,58.55,1.0,SetByBid
2025-12-16 19:40:01,2025-12-16T19:40:01,58.56,1.0,SetByAsk
2025-12-16 19:40:09,2025-12-16T19:40:09,58.57,1.0,SetByBid
2025-12-16 19:40:27,2025-12-16T19:40:27,58.56,1.0,SetByBid
2025-12-16 19:40:38,2025-12-16T19:40:38,58.55,1.0,SetByAsk
2025-12-16 19:40:44,2025-12-16T19:40:44,58.54,2.0,SetByAsk
2025-12-16 19:40:44,2025-12-16T19:40:44,58.54,1.0,SetByAsk
2025-12-16 19:40:44,2025-12-16T19:40:44,58.54,1.0,SetByAsk
2025-12-16 19:40:44,2025-12-16T19:40:44,58.54,2.0,SetByAsk
2025-12-16 19:40:44,2025-12-16T19:40:44,58.54,1.0,SetByAsk
2025-12-16 19:40:44,2025-12-16T19:40:44,58.54,1.0,SetByAsk
2025-12-16 19:40:44,2025-12-16T19:40:44,58.54,1.0,SetByAsk
2025-12-16 19:41:31,2025-12-16T19:41:31,58.53,1.0,SetByBid
2025-12-16 19:41:31,2025-12-16T19:41:31,58.53,1.0,SetByBid
2025-12-16 19:41:31,2025-12-16T19:41:31,58.53,1.0,SetByBid
2025-12-16 19:41:39,2025-12-16T19:41:39,58.52,1.0,SetByAsk
2025-12-16 19:41:39,2025-12-16T19:41:39,58.52,1.0,SetByAsk
2025-12-16 19:41:40,2025-12-16T19:41:40,58.51,1.0,SetByBid
2025-12-16 19:41:40,2025-12-16T19:41:40,58.51,1.0,SetByBid
2025-12-16 19:41:40,2025-12-16T19:41:40,58.5,25.0,SetByAsk
2025-12-16 19:41:40,2025-12-16T19:41:40,58.5,25.0,SetByAsk
2025-12-16 19:41:40,2025-12-16T19:41:40,58.5,25.0,SetByAsk
2025-12-16 19:41:40,2025-12-16T19:41:40,58.5,25.0,SetByAsk
2025-12-16 19:41:40,2025-12-16T19:41:40,58.5,5.0,SetByAsk
2025-12-16 19:41:40,2025-12-16T19:41:40,58.5,1.0,SetByAsk
2025-12-16 19:41:40,2025-12-16T19:41:40,58.5,1.0,SetByAsk
2025-12-16 19:41:40,2025-12-16T19:41:40,58.5,2.0,SetByAsk
2025-12-16 19:41:40,2025-12-16T19:41:40,58.5,5.0,SetByAsk
2025-12-16 19:41:40,2025-12-16T19:41:40,58.5,3.0,SetByAsk
2025-12-16 19:41:40,2025-12-16T19:41:40,58.5,1.0,SetByAsk
2025-12-16 19:41:40,2025-12-16T19:41:40,58.5,12.0,SetByAsk
2025-12-16 19:41:40,2025-12-16T19:41:40,58.5,3.0,SetByAsk
2025-12-16 19:41:40,2025-12-16T19:41:40,58.5,2.0,SetByAsk
2025-12-16 19:41:40,2025-12-16T19:41:40,58.5,4.0,SetByAsk
2025-12-16 19:41:40,2025-12-16T19:41:40,58.5,1.0,SetByAsk
2025-12-16 19:41:40,2025-12-16T19:41:40,58.51,2.0,SetByBid
2025-12-16 19:41:40,2025-12-16T19:41:40,58.51,1.0,SetByBid
2025-12-16 19:41:40,2025-12-16T19:41:40,58.5,11.0,SetByAsk
2025-12-16 19:41:40,2025-12-16T19:41:40,58.5,4.0,SetByAsk
2025-12-16 19:41:40,2025-12-16T19:41:40,58.51,1.0,SetByBid
2025-12-16 19:41:40,2025-12-16T19:41:40,58.51,1.0,SetByBid
2025-12-16 19:41:40,2025-12-16T19:41:40,58.51,2.0,SetByBid
2025-12-16 19:41:40,2025-12-16T19:41:40,58.51,1.0,SetByBid
2025-12-16 19:41:40,2025-12-16T19:41:40,58.5,1.0,SetByAsk
2025-12-16 19:41:43,2025-12-16T19:41:43,58.51,1.0,SetByBid
2025-12-16 19:41:46,2025-12-16T19:41:46,58.51,1.0,SetByBid
2025-12-16 19:41:46,2025-12-16T19:41:46,58.51,1.0,SetByBid
2025-12-16 19:41:56,2025-12-16T19:41:56,58.49,1.0,SetByAsk
2025-12-16 19:41:56,2025-12-16T19:41:56,58.49,1.0,SetByAsk
2025-12-16 19:41:56,2025-12-16T19:41:56,58.48,1.0,SetByAsk
2025-12-16 19:41:56,2025-12-16T19:41:56,58.48,1.0,SetByAsk
2025-12-16 19:41:56,2025-12-16T19:41:56,58.48,1.0,SetByAsk
2025-12-16 19:41:56,2025-12-16T19:41:56,58.48,1.0,SetByAsk
2025-12-16 19:41:56,2025-12-16T19:41:56,58.49,1.0,SetByBid
2025-12-16 19:41:56,2025-12-16T19:41:56,58.49,1.0,SetByBid
2025-12-16 19:41:57,2025-12-16T19:41:57,58.49,1.0,SetByAsk
2025-12-16 19:42:01,2025-12-16T19:42:01,58.48,1.0,SetByAsk
2025-12-16 19:42:01,2025-12-16T19:42:01,58.48,2.0,SetByBid
2025-12-16 19:42:02,2025-12-16T19:42:02,58.47,1.0,SetByAsk
2025-12-16 19:42:02,2025-12-16T19:42:02,58.47,1.0,SetByBid
2025-12-16 19:42:04,2025-12-16T19:42:04,58.47,2.0,SetByAsk
2025-12-16 19:42:14,2025-12-16T19:42:14,58.47,1.0,SetByBid
2025-12-16 19:42:15,2025-12-16T19:42:15,58.47,1.0,SetByBid
2025-12-16 19:42:24,2025-12-16T19:42:24,58.46,1.0,SetByAsk
2025-12-16 19:42:24,2025-12-16T19:42:24,58.47,1.0,SetByBid
2025-12-16 19:42:29,2025-12-16T19:42:29,58.45,1.0,SetByAsk
2025-12-16 19:42:29,2025-12-16T19:42:29,58.45,1.0,SetByAsk
2025-12-16 19:42:29,2025-12-16T19:42:29,58.45,1.0,SetByAsk
2025-12-16 19:42:29,2025-12-16T19:42:29,58.45,2.0,SetByAsk
2025-12-16 19:42:29,2025-12-16T19:42:29,58.45,4.0,SetByAsk
2025-12-16 19:42:31,2025-12-16T19:42:31,58.47,1.0,SetByBid
2025-12-16 19:42:32,2025-12-16T19:42:32,58.48,1.0,SetByBid
2025-12-16 19:42:37,2025-12-16T19:42:37,58.48,1.0,SetByAsk
2025-12-16 19:42:37,2025-12-16T19:42:37,58.48,1.0,SetByAsk
2025-12-16 19:42:37,2025-12-16T19:42:37,58.48,1.0,SetByAsk
2025-12-16 19:42:37,2025-12-16T19:42:37,58.48,1.0,SetByAsk
2025-12-16 19:42:39,2025-12-16T19:42:39,58.48,1.0,SetByAsk
2025-12-16 19:42:39,2025-12-16T19:42:39,58.48,1.0,SetByAsk
2025-12-16 19:42:39,2025-12-16T19:42:39,58.48,1.0,SetByAsk
2025-12-16 19:42:39,2025-12-16T19:42:39,58.47,1.0,SetByAsk
2025-12-16 19:42:39,2025-12-16T19:42:39,58.47,1.0,SetByAsk
2025-12-16 19:42:39,2025-12-16T19:42:39,58.47,1.0,SetByAsk
2025-12-16 19:42:39,2025-12-16T19:42:39,58.47,1.0,SetByAsk
2025-12-16 19:42:39,2025-12-16T19:42:39,58.47,1.0,SetByAsk
2025-12-16 19:42:39,2025-12-16T19:42:39,58.47,1.0,SetByAsk
2025-12-16 19:42:39,2025-12-16T19:42:39,58.47,1.0,SetByAsk
2025-12-16 19:42:39,2025-12-16T19:42:39,58.47,1.0,SetByAsk
2025-12-16 19:42:39,2025-12-16T19:42:39,58.47,2.0,SetByAsk
2025-12-16 19:42:39,2025-12-16T19:42:39,58.47,1.0,SetByAsk
2025-12-16 19:42:39,2025-12-16T19:42:39,58.47,1.0,SetByAsk
2025-12-16 19:42:39,2025-12-16T19:42:39,58.47,3.0,SetByAsk
2025-12-16 19:42:39,2025-12-16T19:42:39,58.47,2.0,SetByAsk
2025-12-16 19:42:39,2025-12-16T19:42:39,58.47,1.0,SetByAsk
2025-12-16 19:42:39,2025-12-16T19:42:39,58.47,1.0,SetByAsk
2025-12-16 19:42:39,2025-12-16T19:42:39,58.47,1.0,SetByAsk
2025-12-16 19:42:39,2025-12-16T19:42:39,58.47,1.0,SetByAsk
2025-12-16 19:42:39,2025-12-16T19:42:39,58.47,1.0,SetByAsk
2025-12-16 19:42:41,2025-12-16T19:42:41,58.47,1.0,SetByBid
2025-12-16 19:42:45,2025-12-16T19:42:45,58.46,1.0,SetByBid
2025-12-16 19:42:45,2025-12-16T19:42:45,58.46,1.0,SetByBid
2025-12-16 19:42:46,2025-12-16T19:42:46,58.46,1.0,SetByBid
2025-12-16 19:42:49,2025-12-16T19:42:49,58.46,1.0,SetByBid
2025-12-16 19:42:49,2025-12-16T19:42:49,58.46,1.0,SetByBid
2025-12-16 19:42:49,2025-12-16T19:42:49,58.46,1.0,SetByBid
2025-12-16 19:42:49,2025-12-16T19:42:49,58.46,1.0,SetByBid
2025-12-16 19:42:55,2025-12-16T19:42:55,58.46,1.0,SetByAsk
2025-12-16 19:42:55,2025-12-16T19:42:55,58.46,1.0,SetByAsk
2025-12-16 19:43:01,2025-12-16T19:43:01,58.47,1.0,SetByBid
2025-12-16 19:43:02,2025-12-16T19:43:02,58.48,1.0,SetByBid
2025-12-16 19:43:02,2025-12-16T19:43:02,58.48,1.0,SetByBid
2025-12-16 19:43:15,2025-12-16T19:43:15,58.47,1.0,SetByAsk
2025-12-16 19:43:15,2025-12-16T19:43:15,58.47,1.0,SetByAsk
2025-12-16 19:43:25,2025-12-16T19:43:25,58.47,1.0,SetByAsk
2025-12-16 19:43:33,2025-12-16T19:43:33,58.47,1.0,SetByAsk
2025-12-16 19:43:34,2025-12-16T19:43:34,58.48,1.0,SetByBid
2025-12-16 19:43:58,2025-12-16T19:43:58,58.52,1.0,SetByBid
2025-12-16 19:44:02,2025-12-16T19:44:02,58.52,1.0,SetByAsk
2025-12-16 19:44:04,2025-12-16T19:44:04,58.53,1.0,SetByBid
2025-12-16 19:44:04,2025-12-16T19:44:04,58.53,1.0,SetByBid
2025-12-16 19:44:04,2025-12-16T19:44:04,58.53,4.0,SetByBid
2025-12-16 19:44:05,2025-12-16T19:44:05,58.53,1.0,SetByBid
2025-12-16 19:44:05,2025-12-16T19:44:05,58.53,1.0,SetByBid
2025-12-16 19:44:05,2025-12-16T19:44:05,58.53,4.0,SetByAsk
2025-12-16 19:44:05,2025-12-16T19:44:05,58.53,1.0,SetByAsk
2025-12-16 19:44:05,2025-12-16T19:44:05,58.53,4.0,SetByAsk
2025-12-16 19:44:05,2025-12-16T19:44:05,58.53,4.0,SetByAsk
2025-12-16 19:44:05,2025-12-16T19:44:05,58.53,4.0,SetByAsk
2025-12-16 19:44:05,2025-12-16T19:44:05,58.53,2.0,SetByAsk
2025-12-16 19:44:05,2025-12-16T19:44:05,58.53,1.0,SetByAsk
2025-12-16 19:44:05,2025-12-16T19:44:05,58.53,2.0,SetByAsk
2025-12-16 19:44:05,2025-12-16T19:44:05,58.53,2.0,SetByAsk
2025-12-16 19:44:05,2025-12-16T19:44:05,58.53,1.0,SetByAsk
2025-12-16 19:44:10,2025-12-16T19:44:10,58.53,1.0,SetByAsk
2025-12-16 19:44:10,2025-12-16T19:44:10,58.53,1.0,SetByAsk
2025-12-16 19:44:10,2025-12-16T19:44:10,58.53,2.0,SetByAsk
2025-12-16 19:44:10,2025-12-16T19:44:10,58.53,1.0,SetByAsk
2025-12-16 19:44:10,2025-12-16T19:44:10,58.53,1.0,SetByAsk
2025-12-16 19:44:10,2025-12-16T19:44:10,58.53,1.0,SetByAsk
2025-12-16 19:44:15,2025-12-16T19:44:15,58.52,1.0,SetByAsk
2025-12-16 19:44:15,2025-12-16T19:44:15,58.51,1.0,SetByAsk
2025-12-16 19:44:15,2025-12-16T19:44:15,58.51,1.0,SetByAsk
2025-12-16 19:44:15,2025-12-16T19:44:15,58.51,1.0,SetByAsk
2025-12-16 19:44:15,2025-12-16T19:44:15,58.51,1.0,SetByAsk
2025-12-16 19:44:15,2025-12-16T19:44:15,58.51,1.0,SetByAsk
2025-12-16 19:44:15,2025-12-16T19:44:15,58.51,1.0,SetByAsk
2025-12-16 19:44:15,2025-12-16T19:44:15,58.51,1.0,SetByAsk
2025-12-16 19:44:15,2025-12-16T19:44:15,58.51,1.0,SetByAsk
2025-12-16 19:44:33,2025-12-16T19:44:33,58.56,1.0,SetByBid
2025-12-16 19:44:34,2025-12-16T19:44:34,58.57,1.0,SetByBid
2025-12-16 19:44:45,2025-12-16T19:44:45,58.56,1.0,SetByBid
2025-12-16 19:44:45,2025-12-16T19:44:45,58.56,1.0,SetByBid
2025-12-16 19:44:47,2025-12-16T19:44:47,58.55,1.0,SetByAsk
2025-12-16 19:44:47,2025-12-16T19:44:47,58.55,1.0,SetByAsk
2025-12-16 19:44:48,2025-12-16T19:44:48,58.55,1.0,SetByAsk
2025-12-16 19:44:48,2025-12-16T19:44:48,58.55,1.0,SetByAsk
2025-12-16 19:44:48,2025-12-16T19:44:48,58.55,1.0,SetByAsk
2025-12-16 19:44:57,2025-12-16T19:44:57,58.56,1.0,SetByBid
2025-12-16 19:45:00,2025-12-16T19:45:00,58.58,1.0,SetByBid
2025-12-16 19:45:07,2025-12-16T19:45:07,58.59,1.0,SetByBid
2025-12-16 19:45:11,2025-12-16T19:45:11,58.59,1.0,SetByAsk
2025-12-16 19:45:34,2025-12-16T19:45:34,58.57,1.0,SetByBid
2025-12-16 19:45:52,2025-12-16T19:45:52,58.59,1.0,SetByBid
2025-12-16 19:45:52,2025-12-16T19:45:52,58.59,7.0,SetByBid
2025-12-16 19:45:52,2025-12-16T19:45:52,58.59,1.0,SetByBid
2025-12-16 19:45:52,2025-12-16T19:45:52,58.59,1.0,SetByBid
2025-12-16 19:45:52,2025-12-16T19:45:52,58.59,1.0,SetByAsk
2025-12-16 19:45:52,2025-12-16T19:45:52,58.59,1.0,SetByAsk
2025-12-16 19:45:54,2025-12-16T19:45:54,58.6,1.0,SetByBid
2025-12-16 19:45:54,2025-12-16T19:45:54,58.6,1.0,SetByBid
2025-12-16 19:46:08,2025-12-16T19:46:08,58.6,1.0,SetByAsk
2025-12-16 19:46:08,2025-12-16T19:46:08,58.6,1.0,SetByAsk
2025-12-16 19:46:19,2025-12-16T19:46:19,58.6,1.0,SetByAsk
2025-12-16 19:46:19,2025-12-16T19:46:19,58.6,1.0,SetByAsk
2025-12-16 19:46:19,2025-12-16T19:46:19,58.6,4.0,SetByAsk
2025-12-16 19:46:24,2025-12-16T19:46:24,58.61,1.0,SetByBid
2025-12-16 19:46:24,2025-12-16T19:46:24,58.61,1.0,SetByBid
2025-12-16 19:46:24,2025-12-16T19:46:24,58.61,1.0,SetByBid
2025-12-16 19:46:24,2025-12-16T19:46:24,58.61,1.0,SetByBid
2025-12-16 19:46:24,2025-12-16T19:46:24,58.61,1.0,SetByBid
2025-12-16 19:46:24,2025-12-16T19:46:24,58.61,4.0,SetByBid
2025-12-16 19:46:24,2025-12-16T19:46:24,58.61,1.0,SetByBid
2025-12-16 19:46:31,2025-12-16T19:46:31,58.62,1.0,SetByBid
2025-12-16 19:46:32,2025-12-16T19:46:32,58.63,1.0,SetByAsk
2025-12-16 19:46:35,2025-12-16T19:46:35,58.63,1.0,SetByAsk
2025-12-16 19:46:35,2025-12-16T19:46:35,58.63,1.0,SetByAsk
2025-12-16 19:46:35,2025-12-16T19:46:35,58.63,1.0,SetByAsk
2025-12-16 19:46:49,2025-12-16T19:46:49,58.62,1.0,SetByAsk
2025-12-16 19:46:57,2025-12-16T19:46:57,58.6,1.0,SetByAsk
2025-12-16 19:46:58,2025-12-16T19:46:58,58.59,1.0,SetByAsk
2025-12-16 19:47:00,2025-12-16T19:47:00,58.6,5.0,SetByBid
2025-12-16 19:47:14,2025-12-16T19:47:14,58.61,5.0,SetByAsk
2025-12-16 19:47:21,2025-12-16T19:47:21,58.62,1.0,SetByBid
2025-12-16 19:47:42,2025-12-16T19:47:42,58.62,1.0,SetByAsk
2025-12-16 19:47:42,2025-12-16T19:47:42,58.62,1.0,SetByAsk
2025-12-16 19:47:44,2025-12-16T19:47:44,58.61,2.0,SetByBid
2025-12-16 19:47:44,2025-12-16T19:47:44,58.61,1.0,SetByBid
2025-12-16 19:47:44,2025-12-16T19:47:44,58.61,1.0,SetByBid
2025-12-16 19:47:45,2025-12-16T19:47:45,58.62,1.0,SetByBid
2025-12-16 19:47:45,2025-12-16T19:47:45,58.62,1.0,SetByBid
2025-12-16 19:47:45,2025-12-16T19:47:45,58.62,1.0,SetByBid
2025-12-16 19:47:45,2025-12-16T19:47:45,58.61,1.0,SetByAsk
2025-12-16 19:47:46,2025-12-16T19:47:46,58.62,1.0,SetByAsk
2025-12-16 19:47:46,2025-12-16T19:47:46,58.62,1.0,SetByAsk
2025-12-16 19:47:46,2025-12-16T19:47:46,58.62,21.0,SetByAsk
2025-12-16 19:47:46,2025-12-16T19:47:46,58.62,1.0,SetByAsk
2025-12-16 19:47:46,2025-12-16T19:47:46,58.62,1.0,SetByAsk
2025-12-16 19:47:46,2025-12-16T19:47:46,58.62,2.0,SetByAsk
2025-12-16 19:47:46,2025-12-16T19:47:46,58.62,1.0,SetByAsk
2025-12-16 19:47:46,2025-12-16T19:47:46,58.62,1.0,SetByAsk
2025-12-16 19:47:46,2025-12-16T19:47:46,58.61,1.0,SetByAsk
2025-12-16 19:47:46,2025-12-16T19:47:46,58.61,1.0,SetByAsk
2025-12-16 19:47:46,2025-12-16T19:47:46,58.61,1.0,SetByAsk
2025-12-16 19:47:46,2025-12-16T19:47:46,58.61,1.0,SetByAsk
2025-12-16 19:47:46,2025-12-16T19:47:46,58.61,1.0,SetByAsk
2025-12-16 19:47:46,2025-12-16T19:47:46,58.61,1.0,SetByAsk
2025-12-16 19:47:46,2025-12-16T19:47:46,58.61,1.0,SetByAsk
2025-12-16 19:47:46,2025-12-16T19:47:46,58.61,1.0,SetByAsk
2025-12-16 19:47:50,2025-12-16T19:47:50,58.6,2.0,SetByBid
2025-12-16 19:48:00,2025-12-16T19:48:00,58.6,2.0,SetByBid
2025-12-16 19:48:10,2025-12-16T19:48:10,58.6,2.0,SetByAsk
2025-12-16 19:48:10,2025-12-16T19:48:10,58.6,2.0,SetByAsk
2025-12-16 19:48:10,2025-12-16T19:48:10,58.6,1.0,SetByAsk
2025-12-16 19:48:13,2025-12-16T19:48:13,58.6,2.0,SetByBid
2025-12-16 19:48:21,2025-12-16T19:48:21,58.6,2.0,SetByBid
2025-12-16 19:48:32,2025-12-16T19:48:32,58.61,2.0,SetByBid
2025-12-16 19:48:32,2025-12-16T19:48:32,58.61,1.0,SetByBid
2025-12-16 19:48:33,2025-12-16T19:48:33,58.6,1.0,SetByAsk
2025-12-16 19:48:33,2025-12-16T19:48:33,58.6,1.0,SetByAsk
2025-12-16 19:48:40,2025-12-16T19:48:40,58.6,1.0,SetByAsk
2025-12-16 19:48:40,2025-12-16T19:48:40,58.6,1.0,SetByAsk
2025-12-16 19:48:40,2025-12-16T19:48:40,58.6,1.0,SetByAsk
2025-12-16 19:48:40,2025-12-16T19:48:40,58.6,1.0,SetByAsk
2025-12-16 19:48:40,2025-12-16T19:48:40,58.6,1.0,SetByAsk
2025-12-16 19:48:40,2025-12-16T19:48:40,58.6,1.0,SetByAsk
2025-12-16 19:48:45,2025-12-16T19:48:45,58.6,2.0,SetByBid
2025-12-16 19:48:45,2025-12-16T19:48:45,58.6,1.0,SetByBid
2025-12-16 19:48:58,2025-12-16T19:48:58,58.59,2.0,SetByBid
2025-12-16 19:48:58,2025-12-16T19:48:58,58.59,1.0,SetByBid
2025-12-16 19:48:58,2025-12-16T19:48:58,58.59,1.0,SetByBid
2025-12-16 19:48:58,2025-12-16T19:48:58,58.59,1.0,SetByBid
2025-12-16 19:48:58,2025-12-16T19:48:58,58.59,1.0,SetByBid
2025-12-16 19:49:04,2025-12-16T19:49:04,58.58,2.0,SetByBid
2025-12-16 19:49:07,2025-12-16T19:49:07,58.57,1.0,SetByAsk
2025-12-16 19:49:07,2025-12-16T19:49:07,58.57,1.0,SetByAsk
2025-12-16 19:49:07,2025-12-16T19:49:07,58.57,1.0,SetByAsk
2025-12-16 19:49:07,2025-12-16T19:49:07,58.57,1.0,SetByAsk
2025-12-16 19:49:14,2025-12-16T19:49:14,58.58,1.0,SetByAsk
2025-12-16 19:49:26,2025-12-16T19:49:26,58.58,1.0,SetByAsk
2025-12-16 19:49:27,2025-12-16T19:49:27,58.57,1.0,SetByAsk
2025-12-16 19:49:27,2025-12-16T19:49:27,58.57,1.0,SetByAsk
2025-12-16 19:49:27,2025-12-16T19:49:27,58.57,1.0,SetByAsk
2025-12-16 19:49:27,2025-12-16T19:49:27,58.57,1.0,SetByAsk
2025-12-16 19:49:32,2025-12-16T19:49:32,58.57,1.0,SetByAsk
2025-12-16 19:49:32,2025-12-16T19:49:32,58.57,1.0,SetByAsk
2025-12-16 19:49:32,2025-12-16T19:49:32,58.57,1.0,SetByAsk
2025-12-16 19:49:32,2025-12-16T19:49:32,58.57,1.0,SetByAsk
2025-12-16 19:49:32,2025-12-16T19:49:32,58.57,1.0,SetByAsk
2025-12-16 19:49:32,2025-12-16T19:49:32,58.57,1.0,SetByAsk
2025-12-16 19:49:32,2025-12-16T19:49:32,58.57,1.0,SetByAsk
2025-12-16 19:49:32,2025-12-16T19:49:32,58.57,1.0,SetByAsk
2025-12-16 19:49:32,2025-12-16T19:49:32,58.57,1.0,SetByAsk
2025-12-16 19:49:32,2025-12-16T19:49:32,58.57,1.0,SetByAsk
2025-12-16 19:49:32,2025-12-16T19:49:32,58.57,1.0,SetByBid
2025-12-16 19:49:41,2025-12-16T19:49:41,58.57,1.0,SetByAsk
2025-12-16 19:49:41,2025-12-16T19:49:41,58.57,1.0,SetByAsk
2025-12-16 19:49:41,2025-12-16T19:49:41,58.57,1.0,SetByAsk
2025-12-16 19:49:41,2025-12-16T19:49:41,58.57,1.0,SetByAsk
2025-12-16 19:49:41,2025-12-16T19:49:41,58.57,1.0,SetByAsk
2025-12-16 19:49:41,2025-12-16T19:49:41,58.57,1.0,SetByAsk
2025-12-16 19:49:41,2025-12-16T19:49:41,58.57,1.0,SetByAsk
2025-12-16 19:49:41,2025-12-16T19:49:41,58.57,1.0,SetByAsk
2025-12-16 19:49:41,2025-12-16T19:49:41,58.57,1.0,SetByAsk
2025-12-16 19:49:41,2025-12-16T19:49:41,58.57,1.0,SetByAsk
2025-12-16 19:49:43,2025-12-16T19:49:43,58.57,1.0,SetByAsk
2025-12-16 19:49:43,2025-12-16T19:49:43,58.57,1.0,SetByAsk
2025-12-16 19:49:43,2025-12-16T19:49:43,58.57,1.0,SetByAsk
2025-12-16 19:49:43,2025-12-16T19:49:43,58.57,1.0,SetByAsk
2025-12-16 19:49:43,2025-12-16T19:49:43,58.57,1.0,SetByAsk
2025-12-16 19:49:46,2025-12-16T19:49:46,58.57,1.0,SetByAsk
2025-12-16 19:49:46,2025-12-16T19:49:46,58.57,1.0,SetByAsk
2025-12-16 19:49:46,2025-12-16T19:49:46,58.57,1.0,SetByAsk
2025-12-16 19:49:46,2025-12-16T19:49:46,58.57,1.0,SetByAsk
2025-12-16 19:49:46,2025-12-16T19:49:46,58.57,1.0,SetByAsk
2025-12-16 19:49:46,2025-12-16T19:49:46,58.57,1.0,SetByAsk
2025-12-16 19:49:46,2025-12-16T19:49:46,58.57,1.0,SetByAsk
2025-12-16 19:49:46,2025-12-16T19:49:46,58.57,1.0,SetByAsk
2025-12-16 19:49:46,2025-12-16T19:49:46,58.57,1.0,SetByAsk
2025-12-16 19:49:46,2025-12-16T19:49:46,58.57,1.0,SetByAsk
2025-12-16 19:49:46,2025-12-16T19:49:46,58.57,1.0,SetByAsk
2025-12-16 19:49:46,2025-12-16T19:49:46,58.57,1.0,SetByAsk
2025-12-16 19:49:46,2025-12-16T19:49:46,58.57,1.0,SetByAsk
2025-12-16 19:49:46,2025-12-16T19:49:46,58.57,1.0,SetByAsk
2025-12-16 19:49:46,2025-12-16T19:49:46,58.57,1.0,SetByAsk
2025-12-16 19:49:46,2025-12-16T19:49:46,58.57,1.0,SetByAsk
2025-12-16 19:49:46,2025-12-16T19:49:46,58.57,1.0,SetByAsk
2025-12-16 19:49:46,2025-12-16T19:49:46,58.57,1.0,SetByAsk
2025-12-16 19:49:46,2025-12-16T19:49:46,58.57,1.0,SetByAsk
2025-12-16 19:49:46,2025-12-16T19:49:46,58.57,1.0,SetByAsk
2025-12-16 19:49:48,2025-12-16T19:49:48,58.57,1.0,SetByAsk
2025-12-16 19:49:48,2025-12-16T19:49:48,58.57,1.0,SetByAsk
2025-12-16 19:49:49,2025-12-16T19:49:49,58.57,3.0,SetByAsk
2025-12-16 19:49:49,2025-12-16T19:49:49,58.57,7.0,SetByAsk
2025-12-16 19:49:49,2025-12-16T19:49:49,58.57,7.0,SetByAsk
2025-12-16 19:49:49,2025-12-16T19:49:49,58.57,7.0,SetByAsk
2025-12-16 19:49:49,2025-12-16T19:49:49,58.57,7.0,SetByAsk
2025-12-16 19:49:49,2025-12-16T19:49:49,58.57,6.0,SetByAsk
2025-12-16 19:49:49,2025-12-16T19:49:49,58.57,1.0,SetByAsk
2025-12-16 19:49:49,2025-12-16T19:49:49,58.57,6.0,SetByAsk
2025-12-16 19:49:49,2025-12-16T19:49:49,58.56,1.0,SetByAsk
2025-12-16 19:49:49,2025-12-16T19:49:49,58.56,1.0,SetByAsk
2025-12-16 19:49:49,2025-12-16T19:49:49,58.56,1.0,SetByAsk
2025-12-16 19:49:49,2025-12-16T19:49:49,58.56,1.0,SetByAsk
2025-12-16 19:49:49,2025-12-16T19:49:49,58.56,1.0,SetByAsk
2025-12-16 19:49:49,2025-12-16T19:49:49,58.56,1.0,SetByAsk
2025-12-16 19:49:49,2025-12-16T19:49:49,58.56,1.0,SetByAsk
2025-12-16 19:49:49,2025-12-16T19:49:49,58.56,1.0,SetByAsk
2025-12-16 19:49:49,2025-12-16T19:49:49,58.56,2.0,SetByAsk
2025-12-16 19:49:49,2025-12-16T19:49:49,58.56,1.0,SetByAsk
2025-12-16 19:49:49,2025-12-16T19:49:49,58.56,1.0,SetByAsk
2025-12-16 19:49:49,2025-12-16T19:49:49,58.56,3.0,SetByAsk
2025-12-16 19:49:49,2025-12-16T19:49:49,58.56,1.0,SetByAsk
2025-12-16 19:49:49,2025-12-16T19:49:49,58.56,1.0,SetByAsk
2025-12-16 19:49:49,2025-12-16T19:49:49,58.56,1.0,SetByBid
2025-12-16 19:49:49,2025-12-16T19:49:49,58.56,1.0,SetByBid
2025-12-16 19:49:49,2025-12-16T19:49:49,58.56,6.0,SetByBid
2025-12-16 19:49:55,2025-12-16T19:49:55,58.55,1.0,SetByAsk
2025-12-16 19:49:57,2025-12-16T19:49:57,58.56,1.0,SetByBid
2025-12-16 19:49:57,2025-12-16T19:49:57,58.56,6.0,SetByBid
2025-12-16 19:49:57,2025-12-16T19:49:57,58.56,1.0,SetByBid
2025-12-16 19:49:57,2025-12-16T19:49:57,58.56,8.0,SetByBid
2025-12-16 19:49:57,2025-12-16T19:49:57,58.56,1.0,SetByBid
2025-12-16 19:49:57,2025-12-16T19:49:57,58.56,1.0,SetByAsk
2025-12-16 19:49:57,2025-12-16T19:49:57,58.56,1.0,SetByAsk
2025-12-16 19:49:57,2025-12-16T19:49:57,58.56,1.0,SetByAsk
2025-12-16 19:49:57,2025-12-16T19:49:57,58.56,1.0,SetByAsk
2025-12-16 19:49:57,2025-12-16T19:49:57,58.56,2.0,SetByAsk
2025-12-16 19:49:57,2025-12-16T19:49:57,58.56,1.0,SetByAsk
2025-12-16 19:49:57,2025-12-16T19:49:57,58.56,1.0,SetByBid
2025-12-16 19:49:57,2025-12-16T19:49:57,58.56,1.0,SetByBid
2025-12-16 19:49:57,2025-12-16T19:49:57,58.56,4.0,SetByBid
2025-12-16 19:49:57,2025-12-16T19:49:57,58.56,3.0,SetByAsk
2025-12-16 19:49:57,2025-12-16T19:49:57,58.56,2.0,SetByAsk
2025-12-16 19:49:57,2025-12-16T19:49:57,58.56,1.0,SetByBid
2025-12-16 19:49:57,2025-12-16T19:49:57,58.56,1.0,SetByAsk
2025-12-16 19:49:57,2025-12-16T19:49:57,58.56,2.0,SetByAsk
2025-12-16 19:49:57,2025-12-16T19:49:57,58.56,1.0,SetByAsk
2025-12-16 19:49:57,2025-12-16T19:49:57,58.56,2.0,SetByAsk
2025-12-16 19:49:57,2025-12-16T19:49:57,58.56,3.0,SetByAsk
2025-12-16 19:49:57,2025-12-16T19:49:57,58.56,1.0,SetByAsk
2025-12-16 19:49:57,2025-12-16T19:49:57,58.56,1.0,SetByAsk
2025-12-16 19:49:57,2025-12-16T19:49:57,58.57,111.0,SetByBid
2025-12-16 19:50:08,2025-12-16T19:50:08,58.58,1.0,SetByBid
2025-12-16 19:50:08,2025-12-16T19:50:08,58.58,1.0,SetByBid
2025-12-16 19:50:08,2025-12-16T19:50:08,58.58,1.0,SetByAsk
2025-12-16 19:50:16,2025-12-16T19:50:16,58.57,1.0,SetByAsk
2025-12-16 19:50:33,2025-12-16T19:50:33,58.56,1.0,SetByBid
2025-12-16 19:50:33,2025-12-16T19:50:33,58.56,1.0,SetByBid
2025-12-16 19:50:43,2025-12-16T19:50:43,58.56,2.0,SetByAsk
2025-12-16 19:51:01,2025-12-16T19:51:01,58.55,1.0,SetByAsk
2025-12-16 19:51:01,2025-12-16T19:51:01,58.54,1.0,SetByAsk
2025-12-16 19:51:08,2025-12-16T19:51:08,58.55,1.0,SetByAsk
2025-12-16 19:51:12,2025-12-16T19:51:12,58.54,2.0,SetByBid
2025-12-16 19:51:12,2025-12-16T19:51:12,58.54,1.0,SetByBid
2025-12-16 19:51:12,2025-12-16T19:51:12,58.54,2.0,SetByBid
2025-12-16 19:51:12,2025-12-16T19:51:12,58.54,2.0,SetByBid
2025-12-16 19:51:12,2025-12-16T19:51:12,58.54,1.0,SetByBid
2025-12-16 19:51:12,2025-12-16T19:51:12,58.54,1.0,SetByBid
2025-12-16 19:51:17,2025-12-16T19:51:17,58.54,1.0,SetByAsk
2025-12-16 19:51:17,2025-12-16T19:51:17,58.53,1.0,SetByAsk
2025-12-16 19:51:17,2025-12-16T19:51:17,58.53,1.0,SetByAsk
2025-12-16 19:51:17,2025-12-16T19:51:17,58.53,1.0,SetByAsk
2025-12-16 19:51:17,2025-12-16T19:51:17,58.53,1.0,SetByAsk
2025-12-16 19:51:17,2025-12-16T19:51:17,58.53,1.0,SetByAsk
2025-12-16 19:51:17,2025-12-16T19:51:17,58.53,1.0,SetByAsk
2025-12-16 19:51:17,2025-12-16T19:51:17,58.53,1.0,SetByAsk
2025-12-16 19:51:17,2025-12-16T19:51:17,58.53,1.0,SetByAsk
2025-12-16 19:51:17,2025-12-16T19:51:17,58.54,1.0,SetByBid
2025-12-16 19:51:18,2025-12-16T19:51:18,58.56,1.0,SetByBid
2025-12-16 19:51:18,2025-12-16T19:51:18,58.56,1.0,SetByBid
2025-12-16 19:51:18,2025-12-16T19:51:18,58.56,1.0,SetByBid
2025-12-16 19:51:18,2025-12-16T19:51:18,58.56,1.0,SetByBid
2025-12-16 19:51:18,2025-12-16T19:51:18,58.56,2.0,SetByBid
2025-12-16 19:51:18,2025-12-16T19:51:18,58.56,1.0,SetByBid
2025-12-16 19:51:18,2025-12-16T19:51:18,58.56,1.0,SetByAsk
2025-12-16 19:51:28,2025-12-16T19:51:28,58.57,1.0,SetByBid
2025-12-16 19:51:33,2025-12-16T19:51:33,58.59,1.0,SetByAsk
2025-12-16 19:51:33,2025-12-16T19:51:33,58.59,2.0,SetByAsk
2025-12-16 19:51:49,2025-12-16T19:51:49,58.58,1.0,SetByBid
2025-12-16 19:52:06,2025-12-16T19:52:06,58.56,1.0,SetByAsk
2025-12-16 19:52:10,2025-12-16T19:52:10,58.57,1.0,SetByBid
2025-12-16 19:52:25,2025-12-16T19:52:25,58.58,11.0,SetByAsk
2025-12-16 19:52:25,2025-12-16T19:52:25,58.59,1.0,SetByBid
2025-12-16 19:52:25,2025-12-16T19:52:25,58.59,1.0,SetByBid
2025-12-16 19:52:25,2025-12-16T19:52:25,58.59,2.0,SetByBid
2025-12-16 19:52:37,2025-12-16T19:52:37,58.58,1.0,SetByAsk
2025-12-16 19:52:37,2025-12-16T19:52:37,58.58,1.0,SetByAsk
2025-12-16 19:52:38,2025-12-16T19:52:38,58.58,1.0,SetByAsk
2025-12-16 19:52:42,2025-12-16T19:52:42,58.58,1.0,SetByBid
2025-12-16 19:52:42,2025-12-16T19:52:42,58.58,1.0,SetByAsk
2025-12-16 19:52:43,2025-12-16T19:52:43,58.58,1.0,SetByBid
2025-12-16 19:52:43,2025-12-16T19:52:43,58.58,1.0,SetByAsk
2025-12-16 19:52:43,2025-12-16T19:52:43,58.59,1.0,SetByBid
2025-12-16 19:53:03,2025-12-16T19:53:03,58.57,1.0,SetByAsk
2025-12-16 19:53:03,2025-12-16T19:53:03,58.57,1.0,SetByAsk
2025-12-16 19:53:03,2025-12-16T19:53:03,58.57,3.0,SetByAsk
2025-12-16 19:53:03,2025-12-16T19:53:03,58.57,1.0,SetByAsk
2025-12-16 19:53:03,2025-12-16T19:53:03,58.57,1.0,SetByAsk
2025-12-16 19:53:03,2025-12-16T19:53:03,58.57,2.0,SetByAsk
2025-12-16 19:53:10,2025-12-16T19:53:10,58.57,3.0,SetByBid
2025-12-16 19:53:10,2025-12-16T19:53:10,58.57,1.0,SetByBid
2025-12-16 19:53:10,2025-12-16T19:53:10,58.57,2.0,SetByBid
2025-12-16 19:53:10,2025-12-16T19:53:10,58.57,1.0,SetByBid
2025-12-16 19:53:28,2025-12-16T19:53:28,58.58,1.0,SetByBid
2025-12-16 19:53:58,2025-12-16T19:53:58,58.59,1.0,SetByBid
2025-12-16 19:53:58,2025-12-16T19:53:58,58.59,1.0,SetByBid
2025-12-16 19:53:58,2025-12-16T19:53:58,58.59,1.0,SetByBid
2025-12-16 19:53:58,2025-12-16T19:53:58,58.59,1.0,SetByBid
2025-12-16 19:53:58,2025-12-16T19:53:58,58.59,1.0,SetByBid
2025-12-16 19:53:58,2025-12-16T19:53:58,58.59,1.0,SetByBid
2025-12-16 19:53:58,2025-12-16T19:53:58,58.59,1.0,SetByBid
2025-12-16 19:53:58,2025-12-16T19:53:58,58.59,1.0,SetByBid
2025-12-16 19:53:58,2025-12-16T19:53:58,58.59,1.0,SetByBid
2025-12-16 19:53:58,2025-12-16T19:53:58,58.59,1.0,SetByBid
2025-12-16 19:53:58,2025-12-16T19:53:58,58.59,1.0,SetByBid
2025-12-16 19:53:58,2025-12-16T19:53:58,58.59,1.0,SetByBid
2025-12-16 19:54:20,2025-12-16T19:54:20,58.57,1.0,SetByAsk
2025-12-16 19:54:29,2025-12-16T19:54:29,58.57,1.0,SetByBid
2025-12-16 19:54:38,2025-12-16T19:54:38,58.57,1.0,SetByAsk
2025-12-16 19:54:48,2025-12-16T19:54:48,58.56,1.0,SetByAsk
2025-12-16 19:54:48,2025-12-16T19:54:48,58.56,1.0,SetByAsk
2025-12-16 19:54:48,2025-12-16T19:54:48,58.55,1.0,SetByAsk
2025-12-16 19:54:48,2025-12-16T19:54:48,58.55,1.0,SetByAsk
2025-12-16 19:54:48,2025-12-16T19:54:48,58.55,1.0,SetByAsk
2025-12-16 19:54:48,2025-12-16T19:54:48,58.55,1.0,SetByAsk
2025-12-16 19:54:48,2025-12-16T19:54:48,58.55,1.0,SetByAsk
2025-12-16 19:54:48,2025-12-16T19:54:48,58.55,1.0,SetByAsk
2025-12-16 19:54:52,2025-12-16T19:54:52,58.56,1.0,SetByBid
2025-12-16 19:55:11,2025-12-16T19:55:11,58.58,1.0,SetByBid
2025-12-16 19:55:11,2025-12-16T19:55:11,58.58,1.0,SetByBid
2025-12-16 19:55:11,2025-12-16T19:55:11,58.58,1.0,SetByBid
2025-12-16 19:55:11,2025-12-16T19:55:11,58.58,1.0,SetByBid
2025-12-16 19:55:27,2025-12-16T19:55:27,58.57,1.0,SetByAsk
2025-12-16 19:55:27,2025-12-16T19:55:27,58.57,1.0,SetByAsk
2025-12-16 19:55:49,2025-12-16T19:55:49,58.58,1.0,SetByBid
2025-12-16 19:56:04,2025-12-16T19:56:04,58.61,1.0,SetByBid
2025-12-16 19:56:04,2025-12-16T19:56:04,58.61,1.0,SetByBid
2025-12-16 19:56:04,2025-12-16T19:56:04,58.61,1.0,SetByBid
2025-12-16 19:56:10,2025-12-16T19:56:10,58.62,1.0,SetByAsk
2025-12-16 19:56:11,2025-12-16T19:56:11,58.63,1.0,SetByBid
2025-12-16 19:56:11,2025-12-16T19:56:11,58.63,1.0,SetByAsk
2025-12-16 19:56:11,2025-12-16T19:56:11,58.63,1.0,SetByAsk
2025-12-16 19:56:22,2025-12-16T19:56:22,58.63,1.0,SetByAsk
2025-12-16 19:56:24,2025-12-16T19:56:24,58.62,1.0,SetByAsk
2025-12-16 19:56:27,2025-12-16T19:56:27,58.62,1.0,SetByAsk
2025-12-16 19:56:27,2025-12-16T19:56:27,58.61,1.0,SetByAsk
2025-12-16 19:56:34,2025-12-16T19:56:34,58.6,1.0,SetByAsk
2025-12-16 19:56:34,2025-12-16T19:56:34,58.6,1.0,SetByAsk
2025-12-16 19:56:34,2025-12-16T19:56:34,58.6,1.0,SetByAsk
2025-12-16 19:56:34,2025-12-16T19:56:34,58.6,1.0,SetByAsk
2025-12-16 19:56:34,2025-12-16T19:56:34,58.59,1.0,SetByAsk
2025-12-16 19:56:34,2025-12-16T19:56:34,58.59,2.0,SetByAsk
2025-12-16 19:56:34,2025-12-16T19:56:34,58.59,1.0,SetByAsk
2025-12-16 19:56:34,2025-12-16T19:56:34,58.59,1.0,SetByAsk
2025-12-16 19:56:42,2025-12-16T19:56:42,58.6,1.0,SetByAsk
2025-12-16 19:56:47,2025-12-16T19:56:47,58.6,1.0,SetByBid
2025-12-16 19:56:58,2025-12-16T19:56:58,58.59,1.0,SetByBid
2025-12-16 19:56:58,2025-12-16T19:56:58,58.59,1.0,SetByBid
2025-12-16 19:57:17,2025-12-16T19:57:17,58.59,1.0,SetByBid
2025-12-16 19:57:17,2025-12-16T19:57:17,58.59,1.0,SetByBid
2025-12-16 19:57:23,2025-12-16T19:57:23,58.6,1.0,SetByBid
2025-12-16 19:57:27,2025-12-16T19:57:27,58.62,1.0,SetByBid
2025-12-16 19:57:31,2025-12-16T19:57:31,58.62,1.0,SetByAsk
2025-12-16 19:57:54,2025-12-16T19:57:54,58.64,1.0,SetByAsk
2025-12-16 19:58:03,2025-12-16T19:58:03,58.64,1.0,SetByAsk
2025-12-16 19:58:03,2025-12-16T19:58:03,58.64,1.0,SetByAsk
2025-12-16 19:58:03,2025-12-16T19:58:03,58.64,1.0,SetByAsk
2025-12-16 19:58:03,2025-12-16T19:58:03,58.64,1.0,SetByAsk
2025-12-16 19:58:03,2025-12-16T19:58:03,58.64,1.0,SetByAsk
2025-12-16 19:58:05,2025-12-16T19:58:05,58.64,1.0,SetByAsk
2025-12-16 19:58:05,2025-12-16T19:58:05,58.64,4.0,SetByAsk
2025-12-16 19:58:05,2025-12-16T19:58:05,58.64,1.0,SetByAsk
2025-12-16 19:58:05,2025-12-16T19:58:05,58.64,5.0,SetByAsk
2025-12-16 19:58:05,2025-12-16T19:58:05,58.64,5.0,SetByAsk
2025-12-16 19:58:05,2025-12-16T19:58:05,58.64,1.0,SetByAsk
2025-12-16 19:58:08,2025-12-16T19:58:08,58.64,1.0,SetByAsk
2025-12-16 19:58:08,2025-12-16T19:58:08,58.64,3.0,SetByAsk
2025-12-16 19:58:08,2025-12-16T19:58:08,58.64,1.0,SetByAsk
2025-12-16 19:58:08,2025-12-16T19:58:08,58.64,3.0,SetByAsk
2025-12-16 19:58:08,2025-12-16T19:58:08,58.63,1.0,SetByAsk
2025-12-16 19:58:20,2025-12-16T19:58:20,58.61,1.0,SetByAsk
2025-12-16 19:58:20,2025-12-16T19:58:20,58.61,1.0,SetByAsk
2025-12-16 19:58:20,2025-12-16T19:58:20,58.61,1.0,SetByAsk
2025-12-16 19:58:20,2025-12-16T19:58:20,58.61,1.0,SetByAsk
2025-12-16 19:58:20,2025-12-16T19:58:20,58.61,1.0,SetByAsk
2025-12-16 19:58:20,2025-12-16T19:58:20,58.61,2.0,SetByAsk
2025-12-16 19:58:20,2025-12-16T19:58:20,58.61,1.0,SetByAsk
2025-12-16 19:58:20,2025-12-16T19:58:20,58.61,1.0,SetByAsk
2025-12-16 19:58:29,2025-12-16T19:58:29,58.63,1.0,SetByBid
2025-12-16 19:58:29,2025-12-16T19:58:29,58.63,1.0,SetByBid
2025-12-16 19:58:36,2025-12-16T19:58:36,58.65,1.0,SetByBid
2025-12-16 19:58:41,2025-12-16T19:58:41,58.66,1.0,SetByBid
2025-12-16 19:58:50,2025-12-16T19:58:50,58.66,1.0,SetByBid
2025-12-16 19:58:51,2025-12-16T19:58:51,58.66,1.0,SetByBid
2025-12-16 19:58:53,2025-12-16T19:58:53,58.66,1.0,SetByAsk
2025-12-16 19:58:53,2025-12-16T19:58:53,58.66,3.0,SetByAsk
2025-12-16 19:58:53,2025-12-16T19:58:53,58.66,1.0,SetByAsk
2025-12-16 19:58:54,2025-12-16T19:58:54,58.66,3.0,SetByAsk
2025-12-16 19:59:02,2025-12-16T19:59:02,58.67,1.0,SetByBid
2025-12-16 19:59:02,2025-12-16T19:59:02,58.67,1.0,SetByBid
2025-12-16 19:59:02,2025-12-16T19:59:02,58.67,1.0,SetByBid
2025-12-16 19:59:02,2025-12-16T19:59:02,58.67,1.0,SetByBid
2025-12-16 19:59:02,2025-12-16T19:59:02,58.67,1.0,SetByBid
2025-12-16 19:59:02,2025-12-16T19:59:02,58.67,1.0,SetByBid
2025-12-16 19:59:02,2025-12-16T19:59:02,58.67,1.0,SetByBid
2025-12-16 19:59:02,2025-12-16T19:59:02,58.67,4.0,SetByBid
2025-12-16 19:59:02,2025-12-16T19:59:02,58.67,1.0,SetByBid
2025-12-16 19:59:02,2025-12-16T19:59:02,58.67,1.0,SetByAsk
2025-12-16 19:59:02,2025-12-16T19:59:02,58.67,13.0,SetByAsk
2025-12-16 19:59:17,2025-12-16T19:59:17,58.68,1.0,SetByBid
2025-12-16 19:59:17,2025-12-16T19:59:17,58.68,1.0,SetByBid
2025-12-16 19:59:17,2025-12-16T19:59:17,58.68,1.0,SetByBid
2025-12-16 19:59:42,2025-12-16T19:59:42,58.68,1.0,SetByBid
2025-12-16 19:59:42,2025-12-16T19:59:42,58.68,1.0,SetByBid
2025-12-16 19:59:42,2025-12-16T19:59:42,58.68,1.0,SetByBid
2025-12-16 19:59:42,2025-12-16T19:59:42,58.68,2.0,SetByBid
2025-12-16 19:59:51,2025-12-16T19:59:51,58.66,1.0,SetByAsk
2025-12-16 19:59:51,2025-12-16T19:59:51,58.66,1.0,SetByAsk
2025-12-16 19:59:51,2025-12-16T19:59:51,58.66,1.0,SetByAsk
2025-12-16 19:59:51,2025-12-16T19:59:51,58.66,1.0,SetByAsk
2025-12-16 19:59:51,2025-12-16T19:59:51,58.66,1.0,SetByAsk
2025-12-16 19:59:51,2025-12-16T19:59:51,58.66,1.0,SetByAsk
2025-12-16 19:59:51,2025-12-16T19:59:51,58.66,1.0,SetByAsk
2025-12-16 19:59:51,2025-12-16T19:59:51,58.66,1.0,SetByAsk
2025-12-16 19:59:51,2025-12-16T19:59:51,58.66,1.0,SetByAsk
2025-12-16 19:59:51,2025-12-16T19:59:51,58.66,3.0,SetByBid
2025-12-16 19:59:52,2025-12-16T19:59:52,58.66,1.0,SetByAsk
2025-12-16 19:59:52,2025-12-16T19:59:52,58.66,1.0,SetByAsk
2025-12-16 19:59:52,2025-12-16T19:59:52,58.66,1.0,SetByAsk
2025-12-16 19:59:53,2025-12-16T19:59:53,58.66,3.0,SetByBid
2025-12-16 19:59:53,2025-12-16T19:59:53,58.66,3.0,SetByBid
2025-12-16 19:59:54,2025-12-16T19:59:54,58.66,1.0,SetByBid
2025-12-16 19:59:54,2025-12-16T19:59:54,58.66,1.0,SetByBid
2025-12-16 19:59:55,2025-12-16T19:59:55,58.66,1.0,SetByAsk
2025-12-16 19:59:55,2025-12-16T19:59:55,58.65,1.0,SetByAsk
2025-12-16 19:59:55,2025-12-16T19:59:55,58.65,1.0,SetByAsk
2025-12-16 19:59:55,2025-12-16T19:59:55,58.65,1.0,SetByAsk
2025-12-16 19:59:55,2025-12-16T19:59:55,58.65,1.0,SetByAsk
2025-12-16 19:59:55,2025-12-16T19:59:55,58.65,1.0,SetByAsk
2025-12-16 19:59:55,2025-12-16T19:59:55,58.65,1.0,SetByAsk
2025-12-16 19:59:55,2025-12-16T19:59:55,58.65,1.0,SetByAsk
2025-12-16 19:59:55,2025-12-16T19:59:55,58.65,1.0,SetByAsk
2025-12-16 19:59:55,2025-12-16T19:59:55,58.65,1.0,SetByAsk
2025-12-16 20:00:01,2025-12-16T20:00:01,58.66,1.0,SetByBid
2025-12-16 20:00:01,2025-12-16T20:00:01,58.66,1.0,SetByAsk
2025-12-16 20:00:01,2025-12-16T20:00:01,58.66,1.0,SetByAsk
2025-12-16 20:00:01,2025-12-16T20:00:01,58.66,1.0,SetByAsk
2025-12-16 20:00:01,2025-12-16T20:00:01,58.66,3.0,SetByAsk
2025-12-16 20:00:01,2025-12-16T20:00:01,58.67,1.0,SetByBid
2025-12-16 20:00:02,2025-12-16T20:00:02,58.67,3.0,SetByAsk
2025-12-16 20:00:02,2025-12-16T20:00:02,58.68,1.0,SetByBid
2025-12-16 20:00:02,2025-12-16T20:00:02,58.66,1.0,SetByAsk
2025-12-16 20:00:02,2025-12-16T20:00:02,58.66,1.0,SetByAsk
2025-12-16 20:00:02,2025-12-16T20:00:02,58.66,1.0,SetByAsk
2025-12-16 20:00:04,2025-12-16T20:00:04,58.68,1.0,SetByBid
2025-12-16 20:00:04,2025-12-16T20:00:04,58.68,1.0,SetByBid
2025-12-16 20:00:04,2025-12-16T20:00:04,58.68,2.0,SetByAsk
2025-12-16 20:00:05,2025-12-16T20:00:05,58.69,1.0,SetByBid
2025-12-16 20:00:05,2025-12-16T20:00:05,58.68,1.0,SetByBid
2025-12-16 20:00:05,2025-12-16T20:00:05,58.68,1.0,SetByBid
2025-12-16 20:00:07,2025-12-16T20:00:07,58.68,1.0,SetByBid
2025-12-16 20:00:07,2025-12-16T20:00:07,58.68,1.0,SetByBid
2025-12-16 20:00:07,2025-12-16T20:00:07,58.68,1.0,SetByBid
2025-12-16 20:00:07,2025-12-16T20:00:07,58.68,1.0,SetByBid
2025-12-16 20:00:09,2025-12-16T20:00:09,58.68,1.0,SetByBid
2025-12-16 20:00:09,2025-12-16T20:00:09,58.68,2.0,SetByBid
2025-12-16 20:00:10,2025-12-16T20:00:10,58.69,1.0,SetByAsk
2025-12-16 20:00:10,2025-12-16T20:00:10,58.69,1.0,SetByAsk
2025-12-16 20:00:10,2025-12-16T20:00:10,58.69,1.0,SetByAsk
2025-12-16 20:00:14,2025-12-16T20:00:14,58.7,1.0,SetByBid
2025-12-16 20:00:14,2025-12-16T20:00:14,58.7,1.0,SetByBid
2025-12-16 20:00:14,2025-12-16T20:00:14,58.7,1.0,SetByBid
2025-12-16 20:00:14,2025-12-16T20:00:14,58.7,1.0,SetByBid
2025-12-16 20:00:14,2025-12-16T20:00:14,58.7,1.0,SetByBid
2025-12-16 20:00:14,2025-12-16T20:00:14,58.7,2.0,SetByBid
2025-12-16 20:00:14,2025-12-16T20:00:14,58.7,1.0,SetByBid
2025-12-16 20:00:14,2025-12-16T20:00:14,58.7,1.0,SetByBid
2025-12-16 20:00:14,2025-12-16T20:00:14,58.7,1.0,SetByBid
2025-12-16 20:00:14,2025-12-16T20:00:14,58.7,1.0,SetByBid
2025-12-16 20:00:15,2025-12-16T20:00:15,58.7,2.0,SetByBid
2025-12-16 20:00:15,2025-12-16T20:00:15,58.7,1.0,SetByBid
2025-12-16 20:00:15,2025-12-16T20:00:15,58.71,1.0,SetByBid
2025-12-16 20:00:19,2025-12-16T20:00:19,58.73,1.0,SetByBid
2025-12-16 20:00:19,2025-12-16T20:00:19,58.73,1.0,SetByAsk
2025-12-16 20:00:19,2025-12-16T20:00:19,58.73,1.0,SetByAsk
2025-12-16 20:00:19,2025-12-16T20:00:19,58.73,1.0,SetByAsk
2025-12-16 20:00:19,2025-12-16T20:00:19,58.73,1.0,SetByAsk
2025-12-16 20:00:21,2025-12-16T20:00:21,58.73,1.0,SetByBid
2025-12-16 20:00:21,2025-12-16T20:00:21,58.73,1.0,SetByBid
2025-12-16 20:00:21,2025-12-16T20:00:21,58.73,1.0,SetByBid
2025-12-16 20:00:21,2025-12-16T20:00:21,58.73,3.0,SetByBid
2025-12-16 20:00:21,2025-12-16T20:00:21,58.73,2.0,SetByBid
2025-12-16 20:00:21,2025-12-16T20:00:21,58.73,1.0,SetByBid
2025-12-16 20:00:21,2025-12-16T20:00:21,58.73,2.0,SetByBid
2025-12-16 20:00:21,2025-12-16T20:00:21,58.73,1.0,SetByBid
2025-12-16 20:00:21,2025-12-16T20:00:21,58.73,1.0,SetByBid
2025-12-16 20:00:21,2025-12-16T20:00:21,58.73,1.0,SetByBid
2025-12-16 20:00:21,2025-12-16T20:00:21,58.73,1.0,SetByBid
2025-12-16 20:00:21,2025-12-16T20:00:21,58.73,1.0,SetByBid
2025-12-16 20:00:21,2025-12-16T20:00:21,58.73,1.0,SetByBid
2025-12-16 20:00:21,2025-12-16T20:00:21,58.73,1.0,SetByBid
2025-12-16 20:00:21,2025-12-16T20:00:21,58.73,3.0,SetByBid
2025-12-16 20:00:21,2025-12-16T20:00:21,58.73,1.0,SetByBid
2025-12-16 20:00:21,2025-12-16T20:00:21,58.74,1.0,SetByBid
2025-12-16 20:00:21,2025-12-16T20:00:21,58.73,1.0,SetByBid
2025-12-16 20:00:23,2025-12-16T20:00:23,58.73,1.0,SetByBid
2025-12-16 20:00:23,2025-12-16T20:00:23,58.73,1.0,SetByBid
2025-12-16 20:00:28,2025-12-16T20:00:28,58.74,1.0,SetByBid
2025-12-16 20:00:28,2025-12-16T20:00:28,58.74,1.0,SetByBid
2025-12-16 20:00:28,2025-12-16T20:00:28,58.74,1.0,SetByBid
2025-12-16 20:00:31,2025-12-16T20:00:31,58.74,1.0,SetByBid
2025-12-16 20:00:31,2025-12-16T20:00:31,58.74,1.0,SetByBid
2025-12-16 20:00:32,2025-12-16T20:00:32,58.74,1.0,SetByAsk
2025-12-16 20:00:44,2025-12-16T20:00:44,58.74,1.0,SetByAsk
2025-12-16 20:00:47,2025-12-16T20:00:47,58.73,1.0,SetByAsk
2025-12-16 20:00:47,2025-12-16T20:00:47,58.73,2.0,SetByAsk
2025-12-16 20:00:48,2025-12-16T20:00:48,58.73,1.0,SetByAsk
2025-12-16 20:00:48,2025-12-16T20:00:48,58.73,1.0,SetByAsk
2025-12-16 20:00:48,2025-12-16T20:00:48,58.73,1.0,SetByAsk
2025-12-16 20:00:59,2025-12-16T20:00:59,58.72,5.0,SetByAsk
2025-12-16 20:00:59,2025-12-16T20:00:59,58.72,5.0,SetByAsk
2025-12-16 20:01:05,2025-12-16T20:01:05,58.72,1.0,SetByAsk
2025-12-16 20:01:05,2025-12-16T20:01:05,58.72,1.0,SetByAsk
2025-12-16 20:01:06,2025-12-16T20:01:06,58.72,1.0,SetByAsk
2025-12-16 20:01:06,2025-12-16T20:01:06,58.72,1.0,SetByAsk
2025-12-16 20:01:09,2025-12-16T20:01:09,58.72,1.0,SetByAsk
2025-12-16 20:01:09,2025-12-16T20:01:09,58.72,1.0,SetByAsk
2025-12-16 20:01:09,2025-12-16T20:01:09,58.72,1.0,SetByAsk
2025-12-16 20:01:09,2025-12-16T20:01:09,58.73,1.0,SetByBid
2025-12-16 20:01:14,2025-12-16T20:01:14,58.74,1.0,SetByBid
2025-12-16 20:01:25,2025-12-16T20:01:25,58.73,1.0,SetByAsk
2025-12-16 20:01:25,2025-12-16T20:01:25,58.73,1.0,SetByAsk
2025-12-16 20:01:27,2025-12-16T20:01:27,58.73,1.0,SetByAsk
2025-12-16 20:01:27,2025-12-16T20:01:27,58.73,1.0,SetByAsk
2025-12-16 20:01:27,2025-12-16T20:01:27,58.73,1.0,SetByAsk
2025-12-16 20:01:27,2025-12-16T20:01:27,58.73,1.0,SetByAsk
2025-12-16 20:01:27,2025-12-16T20:01:27,58.73,1.0,SetByAsk
2025-12-16 20:01:27,2025-12-16T20:01:27,58.73,1.0,SetByAsk
2025-12-16 20:01:27,2025-12-16T20:01:27,58.72,3.0,SetByAsk
2025-12-16 20:01:29,2025-12-16T20:01:29,58.72,1.0,SetByBid
2025-12-16 20:01:31,2025-12-16T20:01:31,58.71,1.0,SetByAsk
2025-12-16 20:01:31,2025-12-16T20:01:31,58.71,1.0,SetByAsk
2025-12-16 20:01:31,2025-12-16T20:01:31,58.7,1.0,SetByAsk
2025-12-16 20:01:31,2025-12-16T20:01:31,58.7,1.0,SetByAsk
2025-12-16 20:01:32,2025-12-16T20:01:32,58.7,1.0,SetByAsk
2025-12-16 20:01:32,2025-12-16T20:01:32,58.7,1.0,SetByBid
2025-12-16 20:01:33,2025-12-16T20:01:33,58.71,1.0,SetByBid
2025-12-16 20:01:34,2025-12-16T20:01:34,58.71,1.0,SetByAsk
2025-12-16 20:01:36,2025-12-16T20:01:36,58.71,1.0,SetByAsk
2025-12-16 20:01:36,2025-12-16T20:01:36,58.71,1.0,SetByAsk
2025-12-16 20:01:39,2025-12-16T20:01:39,58.71,1.0,SetByAsk
2025-12-16 20:01:39,2025-12-16T20:01:39,58.71,1.0,SetByAsk
2025-12-16 20:01:49,2025-12-16T20:01:49,58.72,1.0,SetByBid
2025-12-16 20:01:51,2025-12-16T20:01:51,58.71,1.0,SetByAsk
2025-12-16 20:01:51,2025-12-16T20:01:51,58.71,1.0,SetByAsk
2025-12-16 20:01:52,2025-12-16T20:01:52,58.71,1.0,SetByAsk
2025-12-16 20:01:52,2025-12-16T20:01:52,58.71,1.0,SetByAsk
2025-12-16 20:01:52,2025-12-16T20:01:52,58.71,1.0,SetByAsk
2025-12-16 20:01:52,2025-12-16T20:01:52,58.71,1.0,SetByAsk
2025-12-16 20:01:52,2025-12-16T20:01:52,58.71,1.0,SetByAsk
2025-12-16 20:01:52,2025-12-16T20:01:52,58.71,1.0,SetByAsk
2025-12-16 20:01:52,2025-12-16T20:01:52,58.71,1.0,SetByAsk
2025-12-16 20:01:53,2025-12-16T20:01:53,58.71,1.0,SetByAsk
2025-12-16 20:01:53,2025-12-16T20:01:53,58.71,1.0,SetByAsk
2025-12-16 20:01:53,2025-12-16T20:01:53,58.71,1.0,SetByAsk
2025-12-16 20:01:53,2025-12-16T20:01:53,58.71,1.0,SetByAsk
2025-12-16 20:01:53,2025-12-16T20:01:53,58.71,1.0,SetByAsk
2025-12-16 20:01:53,2025-12-16T20:01:53,58.71,1.0,SetByAsk
2025-12-16 20:01:53,2025-12-16T20:01:53,58.71,1.0,SetByAsk
2025-12-16 20:01:53,2025-12-16T20:01:53,58.71,1.0,SetByBid
2025-12-16 20:01:53,2025-12-16T20:01:53,58.71,1.0,SetByBid
2025-12-16 20:01:53,2025-12-16T20:01:53,58.71,1.0,SetByAsk
2025-12-16 20:01:53,2025-12-16T20:01:53,58.71,1.0,SetByBid
2025-12-16 20:01:53,2025-12-16T20:01:53,58.71,1.0,SetByBid
2025-12-16 20:01:54,2025-12-16T20:01:54,58.71,1.0,SetByBid
2025-12-16 20:01:54,2025-12-16T20:01:54,58.71,1.0,SetByBid
2025-12-16 20:01:54,2025-12-16T20:01:54,58.71,1.0,SetByBid
2025-12-16 20:01:54,2025-12-16T20:01:54,58.71,1.0,SetByBid
2025-12-16 20:01:54,2025-12-16T20:01:54,58.71,1.0,SetByBid
2025-12-16 20:01:54,2025-12-16T20:01:54,58.71,1.0,SetByBid
2025-12-16 20:01:55,2025-12-16T20:01:55,58.7,1.0,SetByAsk
2025-12-16 20:01:56,2025-12-16T20:01:56,58.7,1.0,SetByAsk
2025-12-16 20:01:56,2025-12-16T20:01:56,58.7,1.0,SetByBid
2025-12-16 20:01:56,2025-12-16T20:01:56,58.7,1.0,SetByBid
2025-12-16 20:01:56,2025-12-16T20:01:56,58.7,1.0,SetByBid
2025-12-16 20:01:57,2025-12-16T20:01:57,58.69,1.0,SetByAsk
2025-12-16 20:01:57,2025-12-16T20:01:57,58.69,1.0,SetByAsk
2025-12-16 20:01:57,2025-12-16T20:01:57,58.69,1.0,SetByAsk
2025-12-16 20:01:57,2025-12-16T20:01:57,58.69,1.0,SetByAsk
2025-12-16 20:01:57,2025-12-16T20:01:57,58.69,1.0,SetByAsk
2025-12-16 20:01:57,2025-12-16T20:01:57,58.69,1.0,SetByAsk
2025-12-16 20:01:57,2025-12-16T20:01:57,58.69,1.0,SetByAsk
2025-12-16 20:01:57,2025-12-16T20:01:57,58.69,1.0,SetByBid
2025-12-16 20:01:59,2025-12-16T20:01:59,58.69,1.0,SetByBid
2025-12-16 20:02:01,2025-12-16T20:02:01,58.69,1.0,SetByBid
2025-12-16 20:02:02,2025-12-16T20:02:02,58.68,1.0,SetByAsk
2025-12-16 20:02:02,2025-12-16T20:02:02,58.68,1.0,SetByBid
2025-12-16 20:02:02,2025-12-16T20:02:02,58.68,1.0,SetByAsk
2025-12-16 20:02:04,2025-12-16T20:02:04,58.69,1.0,SetByBid
2025-12-16 20:02:04,2025-12-16T20:02:04,58.69,1.0,SetByBid
2025-12-16 20:02:04,2025-12-16T20:02:04,58.69,1.0,SetByBid
2025-12-16 20:02:11,2025-12-16T20:02:11,58.69,1.0,SetByBid
2025-12-16 20:02:12,2025-12-16T20:02:12,58.69,1.0,SetByBid
2025-12-16 20:02:15,2025-12-16T20:02:15,58.69,1.0,SetByBid
2025-12-16 20:02:21,2025-12-16T20:02:21,58.68,1.0,SetByAsk
2025-12-16 20:02:21,2025-12-16T20:02:21,58.68,1.0,SetByAsk
2025-12-16 20:02:21,2025-12-16T20:02:21,58.68,1.0,SetByAsk
2025-12-16 20:02:21,2025-12-16T20:02:21,58.68,1.0,SetByAsk
2025-12-16 20:02:21,2025-12-16T20:02:21,58.68,1.0,SetByAsk
2025-12-16 20:02:21,2025-12-16T20:02:21,58.68,1.0,SetByAsk
2025-12-16 20:02:21,2025-12-16T20:02:21,58.68,1.0,SetByAsk
2025-12-16 20:02:21,2025-12-16T20:02:21,58.68,1.0,SetByBid
2025-12-16 20:02:30,2025-12-16T20:02:30,58.67,1.0,SetByBid
2025-12-16 20:02:33,2025-12-16T20:02:33,58.66,1.0,SetByAsk
2025-12-16 20:02:34,2025-12-16T20:02:34,58.66,1.0,SetByAsk
2025-12-16 20:02:34,2025-12-16T20:02:34,58.66,1.0,SetByAsk
2025-12-16 20:02:35,2025-12-16T20:02:35,58.66,1.0,SetByAsk
2025-12-16 20:02:38,2025-12-16T20:02:38,58.66,1.0,SetByAsk
2025-12-16 20:02:38,2025-12-16T20:02:38,58.66,1.0,SetByAsk
2025-12-16 20:02:38,2025-12-16T20:02:38,58.66,1.0,SetByAsk
2025-12-16 20:02:38,2025-12-16T20:02:38,58.66,1.0,SetByAsk
2025-12-16 20:02:38,2025-12-16T20:02:38,58.66,1.0,SetByAsk
2025-12-16 20:02:38,2025-12-16T20:02:38,58.66,1.0,SetByBid
2025-12-16 20:02:38,2025-12-16T20:02:38,58.66,1.0,SetByBid
2025-12-16 20:02:40,2025-12-16T20:02:40,58.67,1.0,SetByBid
2025-12-16 20:02:40,2025-12-16T20:02:40,58.67,1.0,SetByBid
2025-12-16 20:02:40,2025-12-16T20:02:40,58.67,1.0,SetByBid
2025-12-16 20:02:54,2025-12-16T20:02:54,58.67,1.0,SetByBid
2025-12-16 20:02:54,2025-12-16T20:02:54,58.67,1.0,SetByBid
2025-12-16 20:02:54,2025-12-16T20:02:54,58.67,1.0,SetByBid
2025-12-16 20:02:58,2025-12-16T20:02:58,58.67,1.0,SetByBid
2025-12-16 20:02:58,2025-12-16T20:02:58,58.67,1.0,SetByBid
2025-12-16 20:02:58,2025-12-16T20:02:58,58.67,1.0,SetByBid
2025-12-16 20:03:02,2025-12-16T20:03:02,58.67,1.0,SetByAsk
2025-12-16 20:03:02,2025-12-16T20:03:02,58.67,1.0,SetByBid
2025-12-16 20:03:04,2025-12-16T20:03:04,58.68,1.0,SetByBid
2025-12-16 20:03:04,2025-12-16T20:03:04,58.68,1.0,SetByBid
2025-12-16 20:03:04,2025-12-16T20:03:04,58.68,1.0,SetByBid
2025-12-16 20:03:07,2025-12-16T20:03:07,58.68,1.0,SetByAsk
2025-12-16 20:03:07,2025-12-16T20:03:07,58.68,1.0,SetByAsk
2025-12-16 20:03:07,2025-12-16T20:03:07,58.68,1.0,SetByAsk
2025-12-16 20:03:07,2025-12-16T20:03:07,58.68,1.0,SetByAsk
2025-12-16 20:03:14,2025-12-16T20:03:14,58.68,1.0,SetByBid
2025-12-16 20:03:14,2025-12-16T20:03:14,58.68,1.0,SetByBid
2025-12-16 20:03:15,2025-12-16T20:03:15,58.67,1.0,SetByAsk
2025-12-16 20:03:15,2025-12-16T20:03:15,58.67,1.0,SetByAsk
2025-12-16 20:03:15,2025-12-16T20:03:15,58.67,1.0,SetByAsk
2025-12-16 20:03:15,2025-12-16T20:03:15,58.67,1.0,SetByAsk
2025-12-16 20:03:15,2025-12-16T20:03:15,58.67,1.0,SetByAsk
2025-12-16 20:03:15,2025-12-16T20:03:15,58.67,1.0,SetByAsk
2025-12-16 20:03:15,2025-12-16T20:03:15,58.67,1.0,SetByBid
2025-12-16 20:03:15,2025-12-16T20:03:15,58.67,1.0,SetByBid
2025-12-16 20:03:15,2025-12-16T20:03:15,58.67,1.0,SetByBid
2025-12-16 20:03:15,2025-12-16T20:03:15,58.67,1.0,SetByBid
2025-12-16 20:03:15,2025-12-16T20:03:15,58.67,2.0,SetByBid
2025-12-16 20:03:15,2025-12-16T20:03:15,58.67,1.0,SetByBid
2025-12-16 20:03:15,2025-12-16T20:03:15,58.67,1.0,SetByBid
2025-12-16 20:03:15,2025-12-16T20:03:15,58.67,1.0,SetByBid
2025-12-16 20:03:15,2025-12-16T20:03:15,58.67,1.0,SetByBid
2025-12-16 20:03:15,2025-12-16T20:03:15,58.67,2.0,SetByAsk
2025-12-16 20:03:15,2025-12-16T20:03:15,58.67,1.0,SetByAsk
2025-12-16 20:03:15,2025-12-16T20:03:15,58.67,1.0,SetByAsk
2025-12-16 20:03:15,2025-12-16T20:03:15,58.67,1.0,SetByAsk
2025-12-16 20:03:15,2025-12-16T20:03:15,58.67,1.0,SetByAsk
2025-12-16 20:03:15,2025-12-16T20:03:15,58.67,1.0,SetByAsk
2025-12-16 20:03:15,2025-12-16T20:03:15,58.67,1.0,SetByAsk
2025-12-16 20:03:15,2025-12-16T20:03:15,58.67,1.0,SetByAsk
2025-12-16 20:03:15,2025-12-16T20:03:15,58.67,1.0,SetByAsk
2025-12-16 20:03:15,2025-12-16T20:03:15,58.67,2.0,SetByBid
2025-12-16 20:03:15,2025-12-16T20:03:15,58.67,1.0,SetByBid
2025-12-16 20:03:15,2025-12-16T20:03:15,58.67,1.0,SetByBid
2025-12-16 20:03:16,2025-12-16T20:03:16,58.68,2.0,SetByBid
2025-12-16 20:03:16,2025-12-16T20:03:16,58.68,2.0,SetByBid
2025-12-16 20:03:20,2025-12-16T20:03:20,58.67,1.0,SetByAsk
2025-12-16 20:03:20,2025-12-16T20:03:20,58.67,1.0,SetByAsk
2025-12-16 20:03:20,2025-12-16T20:03:20,58.67,1.0,SetByAsk
2025-12-16 20:03:20,2025-12-16T20:03:20,58.67,1.0,SetByAsk
2025-12-16 20:03:20,2025-12-16T20:03:20,58.67,1.0,SetByAsk
2025-12-16 20:03:20,2025-12-16T20:03:20,58.67,1.0,SetByAsk
2025-12-16 20:03:20,2025-12-16T20:03:20,58.67,2.0,SetByAsk
2025-12-16 20:03:20,2025-12-16T20:03:20,58.67,1.0,SetByAsk
2025-12-16 20:03:20,2025-12-16T20:03:20,58.67,1.0,SetByAsk
2025-12-16 20:03:20,2025-12-16T20:03:20,58.67,1.0,SetByAsk
2025-12-16 20:03:20,2025-12-16T20:03:20,58.67,2.0,SetByAsk
2025-12-16 20:03:24,2025-12-16T20:03:24,58.66,1.0,SetByAsk
2025-12-16 20:03:25,2025-12-16T20:03:25,58.66,1.0,SetByBid
2025-12-16 20:03:25,2025-12-16T20:03:25,58.66,2.0,SetByBid
2025-12-16 20:03:25,2025-12-16T20:03:25,58.66,1.0,SetByBid
2025-12-16 20:03:25,2025-12-16T20:03:25,58.66,1.0,SetByBid
2025-12-16 20:03:25,2025-12-16T20:03:25,58.65,1.0,SetByAsk
2025-12-16 20:03:25,2025-12-16T20:03:25,58.65,1.0,SetByAsk
2025-12-16 20:03:25,2025-12-16T20:03:25,58.65,1.0,SetByAsk
2025-12-16 20:03:25,2025-12-16T20:03:25,58.65,1.0,SetByAsk
2025-12-16 20:03:25,2025-12-16T20:03:25,58.65,1.0,SetByAsk
2025-12-16 20:03:26,2025-12-16T20:03:26,58.65,1.0,SetByAsk
2025-12-16 20:03:26,2025-12-16T20:03:26,58.65,1.0,SetByAsk
2025-12-16 20:03:26,2025-12-16T20:03:26,58.65,1.0,SetByAsk
2025-12-16 20:03:26,2025-12-16T20:03:26,58.65,1.0,SetByAsk
2025-12-16 20:03:26,2025-12-16T20:03:26,58.65,1.0,SetByAsk
2025-12-16 20:03:26,2025-12-16T20:03:26,58.65,1.0,SetByAsk
2025-12-16 20:03:27,2025-12-16T20:03:27,58.65,1.0,SetByAsk
2025-12-16 20:03:27,2025-12-16T20:03:27,58.65,1.0,SetByAsk
2025-12-16 20:03:27,2025-12-16T20:03:27,58.65,1.0,SetByAsk
2025-12-16 20:03:27,2025-12-16T20:03:27,58.65,1.0,SetByAsk
2025-12-16 20:03:27,2025-12-16T20:03:27,58.65,1.0,SetByAsk
2025-12-16 20:03:27,2025-12-16T20:03:27,58.65,1.0,SetByAsk
2025-12-16 20:03:27,2025-12-16T20:03:27,58.65,1.0,SetByAsk
2025-12-16 20:03:30,2025-12-16T20:03:30,58.65,1.0,SetByAsk
2025-12-16 20:03:30,2025-12-16T20:03:30,58.65,1.0,SetByAsk
2025-12-16 20:03:30,2025-12-16T20:03:30,58.65,1.0,SetByAsk
2025-12-16 20:03:30,2025-12-16T20:03:30,58.65,1.0,SetByAsk
2025-12-16 20:03:30,2025-12-16T20:03:30,58.65,1.0,SetByAsk
2025-12-16 20:03:30,2025-12-16T20:03:30,58.65,1.0,SetByAsk
2025-12-16 20:03:30,2025-12-16T20:03:30,58.65,1.0,SetByAsk
2025-12-16 20:03:30,2025-12-16T20:03:30,58.65,1.0,SetByAsk
2025-12-16 20:03:30,2025-12-16T20:03:30,58.65,1.0,SetByAsk
2025-12-16 20:03:31,2025-12-16T20:03:31,58.65,1.0,SetByBid
2025-12-16 20:03:31,2025-12-16T20:03:31,58.65,2.0,SetByBid
2025-12-16 20:03:31,2025-12-16T20:03:31,58.65,1.0,SetByBid
2025-12-16 20:03:31,2025-12-16T20:03:31,58.65,1.0,SetByBid
2025-12-16 20:03:31,2025-12-16T20:03:31,58.65,1.0,SetByBid
2025-12-16 20:03:31,2025-12-16T20:03:31,58.65,1.0,SetByBid
2025-12-16 20:03:31,2025-12-16T20:03:31,58.65,1.0,SetByBid
2025-12-16 20:03:31,2025-12-16T20:03:31,58.65,2.0,SetByBid
2025-12-16 20:03:31,2025-12-16T20:03:31,58.65,1.0,SetByBid
2025-12-16 20:03:32,2025-12-16T20:03:32,58.65,1.0,SetByBid
2025-12-16 20:03:32,2025-12-16T20:03:32,58.65,1.0,SetByBid
2025-12-16 20:03:32,2025-12-16T20:03:32,58.65,1.0,SetByBid
2025-12-16 20:03:32,2025-12-16T20:03:32,58.65,1.0,SetByBid
2025-12-16 20:03:38,2025-12-16T20:03:38,58.64,1.0,SetByBid
2025-12-16 20:03:38,2025-12-16T20:03:38,58.64,1.0,SetByBid
2025-12-16 20:03:38,2025-12-16T20:03:38,58.64,1.0,SetByBid
2025-12-16 20:03:40,2025-12-16T20:03:40,58.64,1.0,SetByBid
2025-12-16 20:03:40,2025-12-16T20:03:40,58.64,1.0,SetByBid
2025-12-16 20:03:40,2025-12-16T20:03:40,58.64,1.0,SetByBid
2025-12-16 20:03:40,2025-12-16T20:03:40,58.64,2.0,SetByBid
2025-12-16 20:03:40,2025-12-16T20:03:40,58.64,1.0,SetByBid
2025-12-16 20:03:40,2025-12-16T20:03:40,58.64,1.0,SetByBid
2025-12-16 20:03:43,2025-12-16T20:03:43,58.64,1.0,SetByBid
2025-12-16 20:03:43,2025-12-16T20:03:43,58.64,2.0,SetByBid
2025-12-16 20:03:43,2025-12-16T20:03:43,58.64,1.0,SetByBid
2025-12-16 20:03:43,2025-12-16T20:03:43,58.64,1.0,SetByBid
2025-12-16 20:03:43,2025-12-16T20:03:43,58.64,1.0,SetByBid
2025-12-16 20:03:43,2025-12-16T20:03:43,58.64,2.0,SetByBid
2025-12-16 20:03:43,2025-12-16T20:03:43,58.64,1.0,SetByAsk
2025-12-16 20:03:43,2025-12-16T20:03:43,58.64,1.0,SetByBid
2025-12-16 20:03:43,2025-12-16T20:03:43,58.64,1.0,SetByBid
2025-12-16 20:03:43,2025-12-16T20:03:43,58.64,1.0,SetByBid
2025-12-16 20:03:43,2025-12-16T20:03:43,58.64,1.0,SetByBid
2025-12-16 20:03:47,2025-12-16T20:03:47,58.64,1.0,SetByBid
2025-12-16 20:03:47,2025-12-16T20:03:47,58.64,1.0,SetByBid
2025-12-16 20:03:47,2025-12-16T20:03:47,58.64,2.0,SetByBid
2025-12-16 20:03:47,2025-12-16T20:03:47,58.64,1.0,SetByBid
2025-12-16 20:03:47,2025-12-16T20:03:47,58.64,1.0,SetByBid
2025-12-16 20:03:50,2025-12-16T20:03:50,58.66,1.0,SetByAsk
2025-12-16 20:03:52,2025-12-16T20:03:52,58.65,1.0,SetByAsk
2025-12-16 20:03:56,2025-12-16T20:03:56,58.64,1.0,SetByAsk
2025-12-16 20:03:56,2025-12-16T20:03:56,58.64,1.0,SetByAsk
2025-12-16 20:04:04,2025-12-16T20:04:04,58.65,1.0,SetByBid
2025-12-16 20:04:04,2025-12-16T20:04:04,58.65,1.0,SetByBid
2025-12-16 20:04:04,2025-12-16T20:04:04,58.65,1.0,SetByBid
2025-12-16 20:04:04,2025-12-16T20:04:04,58.65,2.0,SetByBid
2025-12-16 20:04:19,2025-12-16T20:04:19,58.66,1.0,SetByAsk
2025-12-16 20:04:19,2025-12-16T20:04:19,58.66,1.0,SetByBid
2025-12-16 20:04:21,2025-12-16T20:04:21,58.66,1.0,SetByBid
2025-12-16 20:04:24,2025-12-16T20:04:24,58.65,1.0,SetByAsk
2025-12-16 20:04:24,2025-12-16T20:04:24,58.65,1.0,SetByAsk
2025-12-16 20:04:24,2025-12-16T20:04:24,58.65,1.0,SetByAsk
2025-12-16 20:04:24,2025-12-16T20:04:24,58.65,1.0,SetByAsk
2025-12-16 20:04:24,2025-12-16T20:04:24,58.65,1.0,SetByAsk
2025-12-16 20:04:24,2025-12-16T20:04:24,58.65,1.0,SetByAsk
2025-12-16 20:04:24,2025-12-16T20:04:24,58.65,1.0,SetByAsk
2025-12-16 20:04:24,2025-12-16T20:04:24,58.65,1.0,SetByAsk
2025-12-16 20:04:26,2025-12-16T20:04:26,58.65,1.0,SetByAsk
2025-12-16 20:04:26,2025-12-16T20:04:26,58.65,1.0,SetByAsk
2025-12-16 20:04:26,2025-12-16T20:04:26,58.65,1.0,SetByAsk
2025-12-16 20:04:26,2025-12-16T20:04:26,58.65,1.0,SetByAsk
2025-12-16 20:04:26,2025-12-16T20:04:26,58.65,1.0,SetByAsk
2025-12-16 20:04:26,2025-12-16T20:04:26,58.65,1.0,SetByAsk
2025-12-16 20:04:26,2025-12-16T20:04:26,58.65,1.0,SetByAsk
2025-12-16 20:04:26,2025-12-16T20:04:26,58.65,1.0,SetByAsk
2025-12-16 20:04:26,2025-12-16T20:04:26,58.65,1.0,SetByAsk
2025-12-16 20:04:26,2025-12-16T20:04:26,58.65,1.0,SetByBid
2025-12-16 20:04:26,2025-12-16T20:04:26,58.65,1.0,SetByBid
2025-12-16 20:04:26,2025-12-16T20:04:26,58.65,1.0,SetByBid
2025-12-16 20:04:26,2025-12-16T20:04:26,58.65,1.0,SetByBid
2025-12-16 20:04:26,2025-12-16T20:04:26,58.65,1.0,SetByAsk
2025-12-16 20:04:27,2025-12-16T20:04:27,58.65,1.0,SetByBid
2025-12-16 20:04:28,2025-12-16T20:04:28,58.65,1.0,SetByAsk
2025-12-16 20:04:28,2025-12-16T20:04:28,58.65,1.0,SetByBid
2025-12-16 20:04:29,2025-12-16T20:04:29,58.65,1.0,SetByAsk
2025-12-16 20:04:29,2025-12-16T20:04:29,58.65,1.0,SetByAsk
2025-12-16 20:04:52,2025-12-16T20:04:52,58.65,1.0,SetByAsk
2025-12-16 20:05:00,2025-12-16T20:05:00,58.63,1.0,SetByAsk
2025-12-16 20:05:00,2025-12-16T20:05:00,58.63,1.0,SetByAsk
2025-12-16 20:05:00,2025-12-16T20:05:00,58.63,1.0,SetByAsk
2025-12-16 20:05:00,2025-12-16T20:05:00,58.63,1.0,SetByBid
2025-12-16 20:05:00,2025-12-16T20:05:00,58.63,1.0,SetByBid
2025-12-16 20:05:00,2025-12-16T20:05:00,58.63,1.0,SetByBid
2025-12-16 20:05:00,2025-12-16T20:05:00,58.63,1.0,SetByBid
2025-12-16 20:05:00,2025-12-16T20:05:00,58.63,1.0,SetByBid
2025-12-16 20:05:07,2025-12-16T20:05:07,58.63,1.0,SetByBid
2025-12-16 20:05:09,2025-12-16T20:05:09,58.62,1.0,SetByAsk
2025-12-16 20:05:09,2025-12-16T20:05:09,58.62,1.0,SetByAsk
2025-12-16 20:05:09,2025-12-16T20:05:09,58.62,1.0,SetByAsk
2025-12-16 20:05:09,2025-12-16T20:05:09,58.62,1.0,SetByAsk
2025-12-16 20:05:09,2025-12-16T20:05:09,58.62,4.0,SetByAsk
2025-12-16 20:05:09,2025-12-16T20:05:09,58.62,1.0,SetByAsk
2025-12-16 20:05:09,2025-12-16T20:05:09,58.62,1.0,SetByAsk
2025-12-16 20:05:09,2025-12-16T20:05:09,58.62,1.0,SetByBid
2025-12-16 20:05:10,2025-12-16T20:05:10,58.62,1.0,SetByBid
2025-12-16 20:05:16,2025-12-16T20:05:16,58.61,1.0,SetByAsk
2025-12-16 20:05:16,2025-12-16T20:05:16,58.61,1.0,SetByAsk
2025-12-16 20:05:18,2025-12-16T20:05:18,58.61,1.0,SetByAsk
2025-12-16 20:05:19,2025-12-16T20:05:19,58.61,1.0,SetByBid
2025-12-16 20:05:22,2025-12-16T20:05:22,58.61,1.0,SetByAsk
2025-12-16 20:05:22,2025-12-16T20:05:22,58.61,1.0,SetByAsk
2025-12-16 20:05:22,2025-12-16T20:05:22,58.61,1.0,SetByBid
2025-12-16 20:05:23,2025-12-16T20:05:23,58.62,1.0,SetByBid
2025-12-16 20:05:24,2025-12-16T20:05:24,58.62,1.0,SetByAsk
2025-12-16 20:05:24,2025-12-16T20:05:24,58.62,1.0,SetByAsk
2025-12-16 20:05:25,2025-12-16T20:05:25,58.63,1.0,SetByAsk
2025-12-16 20:05:26,2025-12-16T20:05:26,58.62,1.0,SetByAsk
2025-12-16 20:05:30,2025-12-16T20:05:30,58.62,1.0,SetByBid
2025-12-16 20:05:30,2025-12-16T20:05:30,58.62,1.0,SetByBid
2025-12-16 20:05:30,2025-12-16T20:05:30,58.62,1.0,SetByBid
2025-12-16 20:05:39,2025-12-16T20:05:39,58.63,1.0,SetByBid
2025-12-16 20:05:41,2025-12-16T20:05:41,58.63,1.0,SetByBid
2025-12-16 20:05:49,2025-12-16T20:05:49,58.63,1.0,SetByBid
2025-12-16 20:05:55,2025-12-16T20:05:55,58.63,1.0,SetByBid
2025-12-16 20:05:57,2025-12-16T20:05:57,58.63,1.0,SetByBid
2025-12-16 20:06:00,2025-12-16T20:06:00,58.63,1.0,SetByAsk
2025-12-16 20:06:00,2025-12-16T20:06:00,58.63,1.0,SetByAsk
2025-12-16 20:06:00,2025-12-16T20:06:00,58.63,1.0,SetByAsk
2025-12-16 20:06:00,2025-12-16T20:06:00,58.63,1.0,SetByBid
2025-12-16 20:06:09,2025-12-16T20:06:09,58.62,2.0,SetByBid
2025-12-16 20:06:18,2025-12-16T20:06:18,58.61,1.0,SetByAsk
2025-12-16 20:06:18,2025-12-16T20:06:18,58.61,1.0,SetByBid
2025-12-16 20:06:18,2025-12-16T20:06:18,58.61,2.0,SetByBid
2025-12-16 20:06:18,2025-12-16T20:06:18,58.61,1.0,SetByBid
2025-12-16 20:06:18,2025-12-16T20:06:18,58.61,1.0,SetByBid
2025-12-16 20:06:18,2025-12-16T20:06:18,58.61,1.0,SetByBid
2025-12-16 20:06:18,2025-12-16T20:06:18,58.61,1.0,SetByBid
2025-12-16 20:06:18,2025-12-16T20:06:18,58.61,1.0,SetByBid
2025-12-16 20:06:18,2025-12-16T20:06:18,58.61,1.0,SetByBid
2025-12-16 20:06:18,2025-12-16T20:06:18,58.61,1.0,SetByAsk
2025-12-16 20:06:18,2025-12-16T20:06:18,58.61,1.0,SetByAsk
2025-12-16 20:06:21,2025-12-16T20:06:21,58.61,1.0,SetByBid
2025-12-16 20:06:21,2025-12-16T20:06:21,58.61,2.0,SetByBid
2025-12-16 20:06:21,2025-12-16T20:06:21,58.61,1.0,SetByBid
2025-12-16 20:06:30,2025-12-16T20:06:30,58.62,1.0,SetByAsk
2025-12-16 20:06:34,2025-12-16T20:06:34,58.61,1.0,SetByAsk
2025-12-16 20:06:34,2025-12-16T20:06:34,58.61,1.0,SetByAsk
2025-12-16 20:06:34,2025-12-16T20:06:34,58.61,1.0,SetByAsk
2025-12-16 20:06:34,2025-12-16T20:06:34,58.61,1.0,SetByAsk
2025-12-16 20:06:37,2025-12-16T20:06:37,58.61,1.0,SetByAsk
2025-12-16 20:06:37,2025-12-16T20:06:37,58.61,1.0,SetByBid
2025-12-16 20:06:37,2025-12-16T20:06:37,58.61,1.0,SetByAsk
2025-12-16 20:06:37,2025-12-16T20:06:37,58.61,1.0,SetByAsk
2025-12-16 20:06:37,2025-12-16T20:06:37,58.61,1.0,SetByBid
2025-12-16 20:06:37,2025-12-16T20:06:37,58.61,1.0,SetByBid
2025-12-16 20:06:39,2025-12-16T20:06:39,58.6,1.0,SetByAsk
2025-12-16 20:06:39,2025-12-16T20:06:39,58.6,1.0,SetByAsk
2025-12-16 20:06:39,2025-12-16T20:06:39,58.6,1.0,SetByAsk
2025-12-16 20:06:39,2025-12-16T20:06:39,58.6,1.0,SetByAsk
2025-12-16 20:06:44,2025-12-16T20:06:44,58.59,1.0,SetByAsk
2025-12-16 20:06:44,2025-12-16T20:06:44,58.59,1.0,SetByAsk
2025-12-16 20:06:44,2025-12-16T20:06:44,58.59,1.0,SetByAsk
2025-12-16 20:06:44,2025-12-16T20:06:44,58.59,1.0,SetByAsk
2025-12-16 20:06:49,2025-12-16T20:06:49,58.59,1.0,SetByBid
2025-12-16 20:06:49,2025-12-16T20:06:49,58.59,2.0,SetByBid
2025-12-16 20:06:49,2025-12-16T20:06:49,58.59,1.0,SetByBid
2025-12-16 20:06:49,2025-12-16T20:06:49,58.59,1.0,SetByAsk
2025-12-16 20:06:49,2025-12-16T20:06:49,58.59,1.0,SetByAsk
2025-12-16 20:06:49,2025-12-16T20:06:49,58.59,1.0,SetByAsk
2025-12-16 20:06:50,2025-12-16T20:06:50,58.59,1.0,SetByAsk
2025-12-16 20:06:52,2025-12-16T20:06:52,58.59,1.0,SetByBid
2025-12-16 20:06:54,2025-12-16T20:06:54,58.59,1.0,SetByBid
2025-12-16 20:06:54,2025-12-16T20:06:54,58.59,1.0,SetByBid
2025-12-16 20:06:54,2025-12-16T20:06:54,58.59,1.0,SetByAsk
2025-12-16 20:06:54,2025-12-16T20:06:54,58.59,1.0,SetByAsk
2025-12-16 20:06:54,2025-12-16T20:06:54,58.59,1.0,SetByAsk
2025-12-16 20:06:57,2025-12-16T20:06:57,58.58,1.0,SetByBid
2025-12-16 20:06:57,2025-12-16T20:06:57,58.58,1.0,SetByBid
2025-12-16 20:06:58,2025-12-16T20:06:58,58.58,1.0,SetByBid
2025-12-16 20:06:58,2025-12-16T20:06:58,58.58,1.0,SetByBid
2025-12-16 20:06:58,2025-12-16T20:06:58,58.58,1.0,SetByBid
2025-12-16 20:06:58,2025-12-16T20:06:58,58.58,1.0,SetByBid
2025-12-16 20:07:00,2025-12-16T20:07:00,58.58,1.0,SetByBid
2025-12-16 20:07:00,2025-12-16T20:07:00,58.58,1.0,SetByBid
2025-12-16 20:07:03,2025-12-16T20:07:03,58.59,1.0,SetByBid
2025-12-16 20:07:03,2025-12-16T20:07:03,58.59,2.0,SetByBid
2025-12-16 20:07:03,2025-12-16T20:07:03,58.59,2.0,SetByAsk
2025-12-16 20:07:04,2025-12-16T20:07:04,58.59,2.0,SetByBid
2025-12-16 20:07:20,2025-12-16T20:07:20,58.59,1.0,SetByBid
2025-12-16 20:07:26,2025-12-16T20:07:26,58.59,1.0,SetByBid
2025-12-16 20:07:26,2025-12-16T20:07:26,58.59,2.0,SetByBid
2025-12-16 20:07:29,2025-12-16T20:07:29,58.6,1.0,SetByAsk
2025-12-16 20:07:35,2025-12-16T20:07:35,58.6,1.0,SetByAsk
2025-12-16 20:07:35,2025-12-16T20:07:35,58.6,1.0,SetByAsk
2025-12-16 20:07:35,2025-12-16T20:07:35,58.6,1.0,SetByAsk
2025-12-16 20:07:35,2025-12-16T20:07:35,58.6,1.0,SetByAsk
2025-12-16 20:08:03,2025-12-16T20:08:03,58.6,1.0,SetByAsk
2025-12-16 20:08:03,2025-12-16T20:08:03,58.6,1.0,SetByBid
2025-12-16 20:08:17,2025-12-16T20:08:17,58.6,1.0,SetByAsk
2025-12-16 20:08:17,2025-12-16T20:08:17,58.6,1.0,SetByAsk
2025-12-16 20:08:18,2025-12-16T20:08:18,58.6,1.0,SetByAsk
2025-12-16 20:08:18,2025-12-16T20:08:18,58.6,1.0,SetByAsk
2025-12-16 20:08:18,2025-12-16T20:08:18,58.6,1.0,SetByAsk
2025-12-16 20:08:30,2025-12-16T20:08:30,58.62,1.0,SetByBid
2025-12-16 20:08:33,2025-12-16T20:08:33,58.64,2.0,SetByAsk
2025-12-16 20:08:33,2025-12-16T20:08:33,58.64,2.0,SetByAsk
2025-12-16 20:08:33,2025-12-16T20:08:33,58.64,1.0,SetByAsk
2025-12-16 20:09:21,2025-12-16T20:09:21,58.63,1.0,SetByBid
2025-12-16 20:09:21,2025-12-16T20:09:21,58.63,1.0,SetByBid
2025-12-16 20:09:24,2025-12-16T20:09:24,58.64,1.0,SetByBid
2025-12-16 20:09:24,2025-12-16T20:09:24,58.64,1.0,SetByBid
2025-12-16 20:09:24,2025-12-16T20:09:24,58.64,1.0,SetByBid
2025-12-16 20:09:24,2025-12-16T20:09:24,58.64,1.0,SetByBid
2025-12-16 20:09:24,2025-12-16T20:09:24,58.64,1.0,SetByBid
2025-12-16 20:09:24,2025-12-16T20:09:24,58.64,4.0,SetByBid
2025-12-16 20:09:24,2025-12-16T20:09:24,58.64,1.0,SetByBid
2025-12-16 20:09:24,2025-12-16T20:09:24,58.64,1.0,SetByBid
2025-12-16 20:09:24,2025-12-16T20:09:24,58.64,1.0,SetByBid
2025-12-16 20:09:24,2025-12-16T20:09:24,58.64,1.0,SetByBid
2025-12-16 20:09:24,2025-12-16T20:09:24,58.64,4.0,SetByBid
2025-12-16 20:09:24,2025-12-16T20:09:24,58.64,1.0,SetByBid
2025-12-16 20:09:24,2025-12-16T20:09:24,58.64,3.0,SetByBid
2025-12-16 20:09:24,2025-12-16T20:09:24,58.64,1.0,SetByBid
2025-12-16 20:09:24,2025-12-16T20:09:24,58.64,2.0,SetByBid
2025-12-16 20:09:24,2025-12-16T20:09:24,58.64,1.0,SetByBid
2025-12-16 20:09:24,2025-12-16T20:09:24,58.64,1.0,SetByBid
2025-12-16 20:09:24,2025-12-16T20:09:24,58.64,1.0,SetByBid
2025-12-16 20:09:24,2025-12-16T20:09:24,58.64,3.0,SetByBid
2025-12-16 20:09:24,2025-12-16T20:09:24,58.64,6.0,SetByBid
2025-12-16 20:09:24,2025-12-16T20:09:24,58.64,1.0,SetByBid
2025-12-16 20:09:24,2025-12-16T20:09:24,58.64,1.0,SetByBid
2025-12-16 20:09:24,2025-12-16T20:09:24,58.64,1.0,SetByBid
2025-12-16 20:09:24,2025-12-16T20:09:24,58.64,2.0,SetByBid
2025-12-16 20:09:24,2025-12-16T20:09:24,58.64,1.0,SetByBid
2025-12-16 20:09:24,2025-12-16T20:09:24,58.64,3.0,SetByBid
2025-12-16 20:09:24,2025-12-16T20:09:24,58.64,1.0,SetByBid
2025-12-16 20:09:24,2025-12-16T20:09:24,58.65,1.0,SetByBid
2025-12-16 20:09:24,2025-12-16T20:09:24,58.65,1.0,SetByBid
2025-12-16 20:09:24,2025-12-16T20:09:24,58.65,1.0,SetByBid
2025-12-16 20:09:24,2025-12-16T20:09:24,58.65,1.0,SetByBid
2025-12-16 20:09:24,2025-12-16T20:09:24,58.65,1.0,SetByBid
2025-12-16 20:09:24,2025-12-16T20:09:24,58.65,1.0,SetByBid
2025-12-16 20:09:24,2025-12-16T20:09:24,58.65,1.0,SetByBid
2025-12-16 20:09:24,2025-12-16T20:09:24,58.65,1.0,SetByBid
2025-12-16 20:09:24,2025-12-16T20:09:24,58.65,1.0,SetByBid
2025-12-16 20:09:24,2025-12-16T20:09:24,58.65,1.0,SetByBid
2025-12-16 20:09:24,2025-12-16T20:09:24,58.65,1.0,SetByBid
2025-12-16 20:09:24,2025-12-16T20:09:24,58.65,1.0,SetByBid
2025-12-16 20:09:24,2025-12-16T20:09:24,58.65,3.0,SetByBid
2025-12-16 20:09:24,2025-12-16T20:09:24,58.65,1.0,SetByBid
2025-12-16 20:09:24,2025-12-16T20:09:24,58.65,1.0,SetByBid
2025-12-16 20:09:24,2025-12-16T20:09:24,58.65,1.0,SetByBid
2025-12-16 20:09:24,2025-12-16T20:09:24,58.65,2.0,SetByBid
2025-12-16 20:09:24,2025-12-16T20:09:24,58.65,1.0,SetByBid
2025-12-16 20:09:24,2025-12-16T20:09:24,58.65,2.0,SetByBid
2025-12-16 20:09:24,2025-12-16T20:09:24,58.65,1.0,SetByBid
2025-12-16 20:09:24,2025-12-16T20:09:24,58.65,3.0,SetByBid
2025-12-16 20:09:24,2025-12-16T20:09:24,58.65,1.0,SetByBid
2025-12-16 20:09:24,2025-12-16T20:09:24,58.65,1.0,SetByBid
2025-12-16 20:09:24,2025-12-16T20:09:24,58.65,2.0,SetByBid
2025-12-16 20:09:24,2025-12-16T20:09:24,58.65,1.0,SetByBid
2025-12-16 20:09:24,2025-12-16T20:09:24,58.65,1.0,SetByBid
2025-12-16 20:09:24,2025-12-16T20:09:24,58.65,1.0,SetByBid
2025-12-16 20:09:24,2025-12-16T20:09:24,58.65,1.0,SetByBid
2025-12-16 20:09:24,2025-12-16T20:09:24,58.65,1.0,SetByBid
2025-12-16 20:09:24,2025-12-16T20:09:24,58.65,1.0,SetByBid
2025-12-16 20:09:24,2025-12-16T20:09:24,58.65,1.0,SetByBid
2025-12-16 20:09:24,2025-12-16T20:09:24,58.65,2.0,SetByBid
2025-12-16 20:09:24,2025-12-16T20:09:24,58.65,1.0,SetByBid
2025-12-16 20:09:24,2025-12-16T20:09:24,58.65,1.0,SetByBid
2025-12-16 20:09:24,2025-12-16T20:09:24,58.65,1.0,SetByBid
2025-12-16 20:09:24,2025-12-16T20:09:24,58.65,3.0,SetByBid
2025-12-16 20:09:24,2025-12-16T20:09:24,58.65,1.0,SetByBid
2025-12-16 20:09:24,2025-12-16T20:09:24,58.65,1.0,SetByBid
2025-12-16 20:09:24,2025-12-16T20:09:24,58.65,1.0,SetByBid
2025-12-16 20:09:24,2025-12-16T20:09:24,58.65,1.0,SetByBid
2025-12-16 20:09:24,2025-12-16T20:09:24,58.65,5.0,SetByBid
2025-12-16 20:09:24,2025-12-16T20:09:24,58.65,1.0,SetByBid
2025-12-16 20:09:24,2025-12-16T20:09:24,58.65,1.0,SetByBid
2025-12-16 20:09:24,2025-12-16T20:09:24,58.65,1.0,SetByBid
2025-12-16 20:09:24,2025-12-16T20:09:24,58.65,2.0,SetByBid
2025-12-16 20:09:24,2025-12-16T20:09:24,58.65,2.0,SetByBid
2025-12-16 20:09:24,2025-12-16T20:09:24,58.65,1.0,SetByBid
2025-12-16 20:09:24,2025-12-16T20:09:24,58.65,2.0,SetByBid
2025-12-16 20:09:24,2025-12-16T20:09:24,58.65,1.0,SetByBid
2025-12-16 20:09:24,2025-12-16T20:09:24,58.65,1.0,SetByBid
2025-12-16 20:09:24,2025-12-16T20:09:24,58.65,1.0,SetByBid
2025-12-16 20:09:24,2025-12-16T20:09:24,58.65,2.0,SetByBid
2025-12-16 20:09:24,2025-12-16T20:09:24,58.65,2.0,SetByAsk
2025-12-16 20:09:24,2025-12-16T20:09:24,58.65,1.0,SetByAsk
2025-12-16 20:09:24,2025-12-16T20:09:24,58.65,15.0,SetByAsk
2025-12-16 20:09:24,2025-12-16T20:09:24,58.65,2.0,SetByAsk
2025-12-16 20:09:33,2025-12-16T20:09:33,58.64,1.0,SetByAsk
2025-12-16 20:09:55,2025-12-16T20:09:55,58.63,1.0,SetByAsk
2025-12-16 20:10:02,2025-12-16T20:10:02,58.63,1.0,SetByBid
2025-12-16 20:10:02,2025-12-16T20:10:02,58.63,1.0,SetByBid
2025-12-16 20:10:02,2025-12-16T20:10:02,58.63,1.0,SetByBid
2025-12-16 20:10:02,2025-12-16T20:10:02,58.63,1.0,SetByBid
2025-12-16 20:10:02,2025-12-16T20:10:02,58.63,4.0,SetByBid
2025-12-16 20:10:02,2025-12-16T20:10:02,58.63,1.0,SetByBid
2025-12-16 20:10:02,2025-12-16T20:10:02,58.63,1.0,SetByBid
2025-12-16 20:10:16,2025-12-16T20:10:16,58.62,1.0,SetByAsk
2025-12-16 20:10:17,2025-12-16T20:10:17,58.62,1.0,SetByBid
2025-12-16 20:10:17,2025-12-16T20:10:17,58.62,1.0,SetByBid
2025-12-16 20:10:24,2025-12-16T20:10:24,58.61,1.0,SetByBid
2025-12-16 20:10:40,2025-12-16T20:10:40,58.61,1.0,SetByBid
2025-12-16 20:11:20,2025-12-16T20:11:20,58.61,1.0,SetByBid
2025-12-16 20:11:24,2025-12-16T20:11:24,58.61,1.0,SetByAsk
2025-12-16 20:11:34,2025-12-16T20:11:34,58.6,1.0,SetByBid
2025-12-16 20:11:36,2025-12-16T20:11:36,58.6,1.0,SetByBid
2025-12-16 20:11:53,2025-12-16T20:11:53,58.59,1.0,SetByBid
2025-12-16 20:12:30,2025-12-16T20:12:30,58.59,1.0,SetByBid
2025-12-16 20:12:30,2025-12-16T20:12:30,58.59,1.0,SetByBid
2025-12-16 20:12:30,2025-12-16T20:12:30,58.59,1.0,SetByBid
2025-12-16 20:12:32,2025-12-16T20:12:32,58.59,1.0,SetByBid
2025-12-16 20:12:42,2025-12-16T20:12:42,58.6,1.0,SetByBid
2025-12-16 20:13:05,2025-12-16T20:13:05,58.6,1.0,SetByBid
2025-12-16 20:13:06,2025-12-16T20:13:06,58.6,1.0,SetByAsk
2025-12-16 20:13:13,2025-12-16T20:13:13,58.6,1.0,SetByBid
2025-12-16 20:13:14,2025-12-16T20:13:14,58.6,1.0,SetByBid
2025-12-16 20:13:14,2025-12-16T20:13:14,58.6,1.0,SetByBid
2025-12-16 20:13:14,2025-12-16T20:13:14,58.6,1.0,SetByBid
2025-12-16 20:13:30,2025-12-16T20:13:30,58.59,1.0,SetByAsk
2025-12-16 20:13:30,2025-12-16T20:13:30,58.59,1.0,SetByAsk
2025-12-16 20:13:33,2025-12-16T20:13:33,58.59,1.0,SetByBid
2025-12-16 20:13:36,2025-12-16T20:13:36,58.59,1.0,SetByBid
2025-12-16 20:13:45,2025-12-16T20:13:45,58.59,1.0,SetByAsk
2025-12-16 20:13:45,2025-12-16T20:13:45,58.59,1.0,SetByAsk
2025-12-16 20:13:45,2025-12-16T20:13:45,58.59,1.0,SetByAsk
2025-12-16 20:13:46,2025-12-16T20:13:46,58.58,1.0,SetByAsk
2025-12-16 20:14:05,2025-12-16T20:14:05,58.6,1.0,SetByBid
2025-12-16 20:14:18,2025-12-16T20:14:18,58.61,1.0,SetByBid
2025-12-16 20:14:25,2025-12-16T20:14:25,58.61,1.0,SetByBid
2025-12-16 20:14:25,2025-12-16T20:14:25,58.61,1.0,SetByBid
2025-12-16 20:14:25,2025-12-16T20:14:25,58.61,1.0,SetByBid
2025-12-16 20:14:25,2025-12-16T20:14:25,58.61,1.0,SetByBid
2025-12-16 20:14:25,2025-12-16T20:14:25,58.61,1.0,SetByBid
2025-12-16 20:14:25,2025-12-16T20:14:25,58.61,1.0,SetByBid
2025-12-16 20:14:25,2025-12-16T20:14:25,58.61,3.0,SetByBid
2025-12-16 20:14:29,2025-12-16T20:14:29,58.61,7.0,SetByBid
2025-12-16 20:14:38,2025-12-16T20:14:38,58.6,1.0,SetByAsk
2025-12-16 20:14:38,2025-12-16T20:14:38,58.6,1.0,SetByAsk
2025-12-16 20:14:41,2025-12-16T20:14:41,58.6,1.0,SetByBid
2025-12-16 20:14:41,2025-12-16T20:14:41,58.6,2.0,SetByBid
2025-12-16 20:14:41,2025-12-16T20:14:41,58.6,3.0,SetByBid
2025-12-16 20:14:58,2025-12-16T20:14:58,58.59,3.0,SetByBid
2025-12-16 20:15:00,2025-12-16T20:15:00,58.59,1.0,SetByBid
2025-12-16 20:15:00,2025-12-16T20:15:00,58.59,1.0,SetByBid
2025-12-16 20:15:00,2025-12-16T20:15:00,58.59,2.0,SetByBid
2025-12-16 20:15:00,2025-12-16T20:15:00,58.59,1.0,SetByBid
2025-12-16 20:15:00,2025-12-16T20:15:00,58.59,3.0,SetByBid
2025-12-16 20:15:11,2025-12-16T20:15:11,58.59,1.0,SetByBid
2025-12-16 20:15:11,2025-12-16T20:15:11,58.59,1.0,SetByBid
2025-12-16 20:15:11,2025-12-16T20:15:11,58.59,1.0,SetByBid
2025-12-16 20:15:11,2025-12-16T20:15:11,58.59,2.0,SetByBid
2025-12-16 20:15:11,2025-12-16T20:15:11,58.59,5.0,SetByBid
2025-12-16 20:15:11,2025-12-16T20:15:11,58.59,1.0,SetByBid
2025-12-16 20:15:11,2025-12-16T20:15:11,58.59,1.0,SetByBid
2025-12-16 20:15:11,2025-12-16T20:15:11,58.59,1.0,SetByBid
2025-12-16 20:15:11,2025-12-16T20:15:11,58.59,2.0,SetByBid
2025-12-16 20:15:11,2025-12-16T20:15:11,58.59,2.0,SetByBid
2025-12-16 20:15:11,2025-12-16T20:15:11,58.59,2.0,SetByBid
2025-12-16 20:15:11,2025-12-16T20:15:11,58.59,1.0,SetByBid
2025-12-16 20:15:11,2025-12-16T20:15:11,58.59,1.0,SetByBid
2025-12-16 20:15:11,2025-12-16T20:15:11,58.59,1.0,SetByBid
2025-12-16 20:15:11,2025-12-16T20:15:11,58.59,1.0,SetByBid
2025-12-16 20:15:11,2025-12-16T20:15:11,58.59,3.0,SetByBid
2025-12-16 20:15:17,2025-12-16T20:15:17,58.59,1.0,SetByBid
2025-12-16 20:15:17,2025-12-16T20:15:17,58.59,1.0,SetByBid
2025-12-16 20:15:17,2025-12-16T20:15:17,58.59,1.0,SetByBid
2025-12-16 20:15:18,2025-12-16T20:15:18,58.59,2.0,SetByBid
2025-12-16 20:15:18,2025-12-16T20:15:18,58.59,1.0,SetByBid
2025-12-16 20:15:18,2025-12-16T20:15:18,58.59,4.0,SetByBid
2025-12-16 20:15:18,2025-12-16T20:15:18,58.59,3.0,SetByBid
2025-12-16 20:15:18,2025-12-16T20:15:18,58.59,2.0,SetByBid
2025-12-16 20:15:18,2025-12-16T20:15:18,58.59,1.0,SetByBid
2025-12-16 20:15:18,2025-12-16T20:15:18,58.59,1.0,SetByBid
2025-12-16 20:15:18,2025-12-16T20:15:18,58.59,1.0,SetByBid
2025-12-16 20:15:18,2025-12-16T20:15:18,58.59,1.0,SetByBid
2025-12-16 20:15:18,2025-12-16T20:15:18,58.59,3.0,SetByBid
2025-12-16 20:15:18,2025-12-16T20:15:18,58.59,3.0,SetByBid
2025-12-16 20:15:20,2025-12-16T20:15:20,58.62,1.0,SetByAsk
2025-12-16 20:15:20,2025-12-16T20:15:20,58.61,1.0,SetByAsk
2025-12-16 20:15:20,2025-12-16T20:15:20,58.61,1.0,SetByAsk
2025-12-16 20:15:46,2025-12-16T20:15:46,58.62,1.0,SetByBid
2025-12-16 20:16:00,2025-12-16T20:16:00,58.62,1.0,SetByBid
2025-12-16 20:16:00,2025-12-16T20:16:00,58.62,1.0,SetByAsk
2025-12-16 20:16:00,2025-12-16T20:16:00,58.62,1.0,SetByAsk
2025-12-16 20:16:00,2025-12-16T20:16:00,58.62,1.0,SetByAsk
2025-12-16 20:16:00,2025-12-16T20:16:00,58.62,1.0,SetByAsk
2025-12-16 20:16:00,2025-12-16T20:16:00,58.62,1.0,SetByAsk
2025-12-16 20:16:00,2025-12-16T20:16:00,58.62,1.0,SetByAsk
2025-12-16 20:16:00,2025-12-16T20:16:00,58.62,1.0,SetByAsk
2025-12-16 20:16:00,2025-12-16T20:16:00,58.62,1.0,SetByAsk
2025-12-16 20:16:00,2025-12-16T20:16:00,58.62,3.0,SetByAsk
2025-12-16 20:16:42,2025-12-16T20:16:42,58.61,1.0,SetByAsk
2025-12-16 20:16:42,2025-12-16T20:16:42,58.61,1.0,SetByAsk
2025-12-16 20:16:43,2025-12-16T20:16:43,58.61,1.0,SetByAsk
2025-12-16 20:17:05,2025-12-16T20:17:05,58.6,1.0,SetByBid
2025-12-16 20:17:05,2025-12-16T20:17:05,58.6,1.0,SetByBid
2025-12-16 20:17:08,2025-12-16T20:17:08,58.59,1.0,SetByAsk
2025-12-16 20:17:08,2025-12-16T20:17:08,58.59,1.0,SetByAsk
2025-12-16 20:17:08,2025-12-16T20:17:08,58.59,1.0,SetByAsk
2025-12-16 20:17:11,2025-12-16T20:17:11,58.59,1.0,SetByBid
2025-12-16 20:17:22,2025-12-16T20:17:22,58.6,3.0,SetByBid
2025-12-16 20:17:22,2025-12-16T20:17:22,58.6,1.0,SetByBid
2025-12-16 20:17:22,2025-12-16T20:17:22,58.6,1.0,SetByBid
2025-12-16 20:17:22,2025-12-16T20:17:22,58.6,1.0,SetByBid
2025-12-16 20:17:22,2025-12-16T20:17:22,58.59,1.0,SetByAsk
2025-12-16 20:17:27,2025-12-16T20:17:27,58.6,1.0,SetByBid
2025-12-16 20:17:27,2025-12-16T20:17:27,58.6,2.0,SetByBid
2025-12-16 20:17:27,2025-12-16T20:17:27,58.6,1.0,SetByBid
2025-12-16 20:17:53,2025-12-16T20:17:53,58.63,1.0,SetByBid
2025-12-16 20:17:53,2025-12-16T20:17:53,58.63,1.0,SetByAsk
2025-12-16 20:17:54,2025-12-16T20:17:54,58.63,1.0,SetByBid
2025-12-16 20:17:54,2025-12-16T20:17:54,58.63,1.0,SetByBid
2025-12-16 20:18:13,2025-12-16T20:18:13,58.64,1.0,SetByBid
2025-12-16 20:18:17,2025-12-16T20:18:17,58.63,1.0,SetByAsk
2025-12-16 20:18:17,2025-12-16T20:18:17,58.63,1.0,SetByAsk
2025-12-16 20:18:17,2025-12-16T20:18:17,58.63,1.0,SetByAsk
2025-12-16 20:18:21,2025-12-16T20:18:21,58.65,1.0,SetByBid
2025-12-16 20:18:21,2025-12-16T20:18:21,58.65,1.0,SetByBid
2025-12-16 20:18:21,2025-12-16T20:18:21,58.65,1.0,SetByBid
2025-12-16 20:18:21,2025-12-16T20:18:21,58.65,1.0,SetByBid
2025-12-16 20:18:21,2025-12-16T20:18:21,58.65,1.0,SetByBid
2025-12-16 20:18:21,2025-12-16T20:18:21,58.65,1.0,SetByBid
2025-12-16 20:18:21,2025-12-16T20:18:21,58.65,1.0,SetByBid
2025-12-16 20:18:27,2025-12-16T20:18:27,58.67,1.0,SetByBid
2025-12-16 20:18:33,2025-12-16T20:18:33,58.65,1.0,SetByAsk
2025-12-16 20:18:44,2025-12-16T20:18:44,58.65,1.0,SetByBid
2025-12-16 20:18:44,2025-12-16T20:18:44,58.65,1.0,SetByBid
2025-12-16 20:18:44,2025-12-16T20:18:44,58.65,2.0,SetByBid
2025-12-16 20:18:48,2025-12-16T20:18:48,58.65,1.0,SetByBid
2025-12-16 20:18:50,2025-12-16T20:18:50,58.65,1.0,SetByBid
2025-12-16 20:18:50,2025-12-16T20:18:50,58.65,1.0,SetByBid
2025-12-16 20:19:06,2025-12-16T20:19:06,58.67,1.0,SetByBid
2025-12-16 20:19:06,2025-12-16T20:19:06,58.67,4.0,SetByBid
2025-12-16 20:19:06,2025-12-16T20:19:06,58.67,2.0,SetByBid
2025-12-16 20:19:06,2025-12-16T20:19:06,58.67,2.0,SetByBid
2025-12-16 20:19:06,2025-12-16T20:19:06,58.67,3.0,SetByBid
2025-12-16 20:19:06,2025-12-16T20:19:06,58.66,1.0,SetByAsk
2025-12-16 20:19:06,2025-12-16T20:19:06,58.66,1.0,SetByAsk
2025-12-16 20:19:15,2025-12-16T20:19:15,58.66,4.0,SetByAsk
2025-12-16 20:19:15,2025-12-16T20:19:15,58.66,1.0,SetByAsk
2025-12-16 20:19:15,2025-12-16T20:19:15,58.66,1.0,SetByAsk
2025-12-16 20:19:15,2025-12-16T20:19:15,58.66,2.0,SetByAsk
2025-12-16 20:19:15,2025-12-16T20:19:15,58.66,1.0,SetByAsk
2025-12-16 20:19:49,2025-12-16T20:19:49,58.7,1.0,SetByBid
2025-12-16 20:19:49,2025-12-16T20:19:49,58.7,1.0,SetByBid
2025-12-16 20:19:55,2025-12-16T20:19:55,58.69,1.0,SetByAsk
2025-12-16 20:20:00,2025-12-16T20:20:00,58.69,1.0,SetByBid
2025-12-16 20:20:00,2025-12-16T20:20:00,58.69,1.0,SetByBid
2025-12-16 20:20:05,2025-12-16T20:20:05,58.69,1.0,SetByAsk
2025-12-16 20:20:05,2025-12-16T20:20:05,58.69,1.0,SetByAsk
2025-12-16 20:20:10,2025-12-16T20:20:10,58.68,1.0,SetByAsk
2025-12-16 20:20:10,2025-12-16T20:20:10,58.68,1.0,SetByAsk
2025-12-16 20:20:10,2025-12-16T20:20:10,58.68,1.0,SetByAsk
2025-12-16 20:20:10,2025-12-16T20:20:10,58.68,1.0,SetByAsk
2025-12-16 20:20:10,2025-12-16T20:20:10,58.68,1.0,SetByAsk
2025-12-16 20:20:10,2025-12-16T20:20:10,58.68,1.0,SetByAsk
2025-12-16 20:20:10,2025-12-16T20:20:10,58.68,2.0,SetByAsk
2025-12-16 20:20:10,2025-12-16T20:20:10,58.68,1.0,SetByAsk
2025-12-16 20:20:10,2025-12-16T20:20:10,58.68,1.0,SetByAsk
2025-12-16 20:20:10,2025-12-16T20:20:10,58.68,1.0,SetByAsk
2025-12-16 20:20:10,2025-12-16T20:20:10,58.68,1.0,SetByAsk
2025-12-16 20:20:10,2025-12-16T20:20:10,58.68,1.0,SetByAsk
2025-12-16 20:20:10,2025-12-16T20:20:10,58.68,1.0,SetByAsk
2025-12-16 20:20:10,2025-12-16T20:20:10,58.68,1.0,SetByAsk
2025-12-16 20:20:10,2025-12-16T20:20:10,58.68,1.0,SetByAsk
2025-12-16 20:20:11,2025-12-16T20:20:11,58.69,1.0,SetByBid
2025-12-16 20:20:11,2025-12-16T20:20:11,58.69,1.0,SetByBid
2025-12-16 20:20:11,2025-12-16T20:20:11,58.69,1.0,SetByBid
2025-12-16 20:20:22,2025-12-16T20:20:22,58.68,1.0,SetByBid
2025-12-16 20:20:23,2025-12-16T20:20:23,58.68,1.0,SetByBid
2025-12-16 20:20:23,2025-12-16T20:20:23,58.68,1.0,SetByBid
2025-12-16 20:20:23,2025-12-16T20:20:23,58.68,1.0,SetByBid
2025-12-16 20:20:23,2025-12-16T20:20:23,58.68,1.0,SetByBid
2025-12-16 20:20:32,2025-12-16T20:20:32,58.68,2.0,SetByBid
2025-12-16 20:20:35,2025-12-16T20:20:35,58.68,1.0,SetByBid
2025-12-16 20:20:35,2025-12-16T20:20:35,58.69,1.0,SetByBid
2025-12-16 20:20:35,2025-12-16T20:20:35,58.69,9.0,SetByBid
2025-12-16 20:20:35,2025-12-16T20:20:35,58.7,2.0,SetByAsk
2025-12-16 20:20:38,2025-12-16T20:20:38,58.7,7.0,SetByAsk
2025-12-16 20:20:38,2025-12-16T20:20:38,58.7,1.0,SetByAsk
2025-12-16 20:20:39,2025-12-16T20:20:39,58.69,1.0,SetByAsk
2025-12-16 20:20:39,2025-12-16T20:20:39,58.69,1.0,SetByAsk
2025-12-16 20:20:39,2025-12-16T20:20:39,58.69,1.0,SetByAsk
2025-12-16 20:20:39,2025-12-16T20:20:39,58.69,1.0,SetByAsk
2025-12-16 20:20:39,2025-12-16T20:20:39,58.69,1.0,SetByAsk
2025-12-16 20:20:53,2025-12-16T20:20:53,58.71,1.0,SetByBid
2025-12-16 20:21:13,2025-12-16T20:21:13,58.72,1.0,SetByAsk
2025-12-16 20:21:13,2025-12-16T20:21:13,58.72,4.0,SetByAsk
2025-12-16 20:21:15,2025-12-16T20:21:15,58.71,1.0,SetByAsk
2025-12-16 20:21:18,2025-12-16T20:21:18,58.71,1.0,SetByAsk
2025-12-16 20:21:18,2025-12-16T20:21:18,58.71,1.0,SetByAsk
2025-12-16 20:21:18,2025-12-16T20:21:18,58.71,2.0,SetByAsk
2025-12-16 20:21:18,2025-12-16T20:21:18,58.71,1.0,SetByAsk
2025-12-16 20:21:18,2025-12-16T20:21:18,58.71,1.0,SetByAsk
2025-12-16 20:21:21,2025-12-16T20:21:21,58.7,1.0,SetByAsk
2025-12-16 20:21:21,2025-12-16T20:21:21,58.7,1.0,SetByAsk
2025-12-16 20:21:21,2025-12-16T20:21:21,58.7,1.0,SetByAsk
2025-12-16 20:21:21,2025-12-16T20:21:21,58.7,1.0,SetByAsk
2025-12-16 20:21:21,2025-12-16T20:21:21,58.7,1.0,SetByAsk
2025-12-16 20:21:21,2025-12-16T20:21:21,58.7,4.0,SetByAsk
2025-12-16 20:21:21,2025-12-16T20:21:21,58.7,4.0,SetByAsk
2025-12-16 20:21:21,2025-12-16T20:21:21,58.7,4.0,SetByAsk
2025-12-16 20:21:21,2025-12-16T20:21:21,58.7,4.0,SetByAsk
2025-12-16 20:21:21,2025-12-16T20:21:21,58.7,1.0,SetByAsk
2025-12-16 20:21:21,2025-12-16T20:21:21,58.7,3.0,SetByAsk
2025-12-16 20:21:21,2025-12-16T20:21:21,58.7,2.0,SetByAsk
2025-12-16 20:21:21,2025-12-16T20:21:21,58.7,1.0,SetByAsk
2025-12-16 20:21:21,2025-12-16T20:21:21,58.7,1.0,SetByAsk
2025-12-16 20:21:21,2025-12-16T20:21:21,58.7,1.0,SetByAsk
2025-12-16 20:21:21,2025-12-16T20:21:21,58.7,1.0,SetByAsk
2025-12-16 20:21:21,2025-12-16T20:21:21,58.7,1.0,SetByAsk
2025-12-16 20:21:21,2025-12-16T20:21:21,58.69,1.0,SetByAsk
2025-12-16 20:21:21,2025-12-16T20:21:21,58.69,1.0,SetByAsk
2025-12-16 20:21:21,2025-12-16T20:21:21,58.69,1.0,SetByAsk
2025-12-16 20:21:21,2025-12-16T20:21:21,58.69,1.0,SetByAsk
2025-12-16 20:21:21,2025-12-16T20:21:21,58.69,1.0,"SetByBid, Leg"
2025-12-16 20:21:21,2025-12-16T20:21:21,58.69,1.0,"SetByBid, Leg"
2025-12-16 20:21:27,2025-12-16T20:21:27,58.68,1.0,SetByBid
2025-12-16 20:21:27,2025-12-16T20:21:27,58.68,1.0,SetByBid
2025-12-16 20:21:27,2025-12-16T20:21:27,58.68,2.0,SetByBid
2025-12-16 20:21:27,2025-12-16T20:21:27,58.68,1.0,SetByBid
2025-12-16 20:21:28,2025-12-16T20:21:28,58.68,4.0,SetByBid
2025-12-16 20:21:35,2025-12-16T20:21:35,58.67,1.0,SetByAsk
2025-12-16 20:21:35,2025-12-16T20:21:35,58.67,1.0,SetByAsk
2025-12-16 20:21:38,2025-12-16T20:21:38,58.67,1.0,SetByBid
2025-12-16 20:21:42,2025-12-16T20:21:42,58.67,1.0,SetByBid
2025-12-16 20:22:03,2025-12-16T20:22:03,58.67,1.0,SetByBid
2025-12-16 20:22:03,2025-12-16T20:22:03,58.67,1.0,SetByBid
2025-12-16 20:22:03,2025-12-16T20:22:03,58.67,1.0,SetByBid
2025-12-16 20:22:03,2025-12-16T20:22:03,58.67,1.0,SetByBid
2025-12-16 20:22:03,2025-12-16T20:22:03,58.67,1.0,SetByBid
2025-12-16 20:22:07,2025-12-16T20:22:07,58.69,1.0,SetByBid
2025-12-16 20:22:07,2025-12-16T20:22:07,58.69,1.0,SetByBid
2025-12-16 20:22:07,2025-12-16T20:22:07,58.69,1.0,SetByBid
2025-12-16 20:22:07,2025-12-16T20:22:07,58.69,1.0,SetByBid
2025-12-16 20:22:07,2025-12-16T20:22:07,58.69,1.0,SetByBid
2025-12-16 20:22:07,2025-12-16T20:22:07,58.69,1.0,SetByBid
2025-12-16 20:22:07,2025-12-16T20:22:07,58.69,4.0,"SetByBid, Leg"
2025-12-16 20:22:16,2025-12-16T20:22:16,58.69,1.0,"SetByBid, Leg"
2025-12-16 20:22:23,2025-12-16T20:22:23,58.68,1.0,SetByAsk
2025-12-16 20:22:23,2025-12-16T20:22:23,58.68,1.0,SetByAsk
2025-12-16 20:22:23,2025-12-16T20:22:23,58.68,1.0,SetByAsk
2025-12-16 20:22:23,2025-12-16T20:22:23,58.68,1.0,SetByAsk
2025-12-16 20:22:23,2025-12-16T20:22:23,58.68,1.0,SetByAsk
2025-12-16 20:22:23,2025-12-16T20:22:23,58.68,1.0,SetByAsk
2025-12-16 20:22:23,2025-12-16T20:22:23,58.68,1.0,SetByAsk
2025-12-16 20:22:23,2025-12-16T20:22:23,58.68,1.0,SetByAsk
2025-12-16 20:22:23,2025-12-16T20:22:23,58.68,1.0,SetByAsk
2025-12-16 20:22:23,2025-12-16T20:22:23,58.68,1.0,SetByAsk
2025-12-16 20:22:23,2025-12-16T20:22:23,58.68,1.0,SetByAsk
2025-12-16 20:22:35,2025-12-16T20:22:35,58.69,4.0,SetByBid
2025-12-16 20:22:35,2025-12-16T20:22:35,58.69,3.0,SetByBid
2025-12-16 20:22:39,2025-12-16T20:22:39,58.7,1.0,SetByBid
2025-12-16 20:23:07,2025-12-16T20:23:07,58.7,1.0,SetByBid
2025-12-16 20:23:11,2025-12-16T20:23:11,58.7,1.0,SetByAsk
2025-12-16 20:23:23,2025-12-16T20:23:23,58.69,6.0,SetByBid
2025-12-16 20:23:23,2025-12-16T20:23:23,58.69,2.0,SetByBid
2025-12-16 20:23:23,2025-12-16T20:23:23,58.69,2.0,SetByBid
2025-12-16 20:23:40,2025-12-16T20:23:40,58.72,1.0,SetByBid
2025-12-16 20:23:40,2025-12-16T20:23:40,58.72,1.0,SetByBid
2025-12-16 20:23:40,2025-12-16T20:23:40,58.72,1.0,SetByBid
2025-12-16 20:23:40,2025-12-16T20:23:40,58.72,3.0,SetByBid
2025-12-16 20:23:40,2025-12-16T20:23:40,58.72,1.0,SetByBid
2025-12-16 20:23:40,2025-12-16T20:23:40,58.72,1.0,SetByBid
2025-12-16 20:23:40,2025-12-16T20:23:40,58.72,1.0,SetByBid
2025-12-16 20:23:40,2025-12-16T20:23:40,58.72,1.0,SetByBid
2025-12-16 20:23:40,2025-12-16T20:23:40,58.72,1.0,SetByBid
2025-12-16 20:23:40,2025-12-16T20:23:40,58.72,1.0,SetByBid
2025-12-16 20:23:40,2025-12-16T20:23:40,58.72,1.0,SetByBid
2025-12-16 20:23:40,2025-12-16T20:23:40,58.72,1.0,SetByBid
2025-12-16 20:23:40,2025-12-16T20:23:40,58.73,1.0,SetByBid
2025-12-16 20:23:41,2025-12-16T20:23:41,58.71,1.0,SetByAsk
2025-12-16 20:23:53,2025-12-16T20:23:53,58.7,1.0,SetByAsk
2025-12-16 20:24:04,2025-12-16T20:24:04,58.7,1.0,SetByBid
2025-12-16 20:24:04,2025-12-16T20:24:04,58.7,6.0,SetByBid
2025-12-16 20:24:05,2025-12-16T20:24:05,58.7,1.0,SetByAsk
2025-12-16 20:24:10,2025-12-16T20:24:10,58.71,1.0,SetByBid
2025-12-16 20:24:14,2025-12-16T20:24:14,58.71,1.0,SetByBid
2025-12-16 20:24:14,2025-12-16T20:24:14,58.71,1.0,SetByBid
2025-12-16 20:24:14,2025-12-16T20:24:14,58.71,1.0,SetByBid
2025-12-16 20:24:14,2025-12-16T20:24:14,58.71,1.0,SetByBid
2025-12-16 20:24:14,2025-12-16T20:24:14,58.71,1.0,SetByBid
2025-12-16 20:24:14,2025-12-16T20:24:14,58.71,1.0,SetByBid
2025-12-16 20:24:14,2025-12-16T20:24:14,58.71,2.0,SetByBid
2025-12-16 20:24:14,2025-12-16T20:24:14,58.71,1.0,SetByBid
2025-12-16 20:24:14,2025-12-16T20:24:14,58.71,2.0,SetByBid
2025-12-16 20:24:14,2025-12-16T20:24:14,58.71,1.0,SetByBid
2025-12-16 20:24:14,2025-12-16T20:24:14,58.71,1.0,SetByBid
2025-12-16 20:24:14,2025-12-16T20:24:14,58.71,1.0,SetByBid
2025-12-16 20:24:14,2025-12-16T20:24:14,58.71,2.0,SetByBid
2025-12-16 20:24:14,2025-12-16T20:24:14,58.71,1.0,SetByBid
2025-12-16 20:24:14,2025-12-16T20:24:14,58.71,1.0,SetByAsk
2025-12-16 20:24:14,2025-12-16T20:24:14,58.71,5.0,SetByAsk
2025-12-16 20:24:32,2025-12-16T20:24:32,58.7,1.0,"SetByBid, Leg"
2025-12-16 20:24:33,2025-12-16T20:24:33,58.71,4.0,SetByBid
2025-12-16 20:24:42,2025-12-16T20:24:42,58.7,1.0,SetByAsk
2025-12-16 20:24:42,2025-12-16T20:24:42,58.7,1.0,SetByAsk
2025-12-16 20:24:42,2025-12-16T20:24:42,58.7,1.0,SetByAsk
2025-12-16 20:24:42,2025-12-16T20:24:42,58.7,1.0,SetByAsk
2025-12-16 20:24:42,2025-12-16T20:24:42,58.7,1.0,SetByBid
2025-12-16 20:24:52,2025-12-16T20:24:52,58.71,1.0,SetByBid
2025-12-16 20:24:59,2025-12-16T20:24:59,58.7,2.0,SetByAsk
2025-12-16 20:24:59,2025-12-16T20:24:59,58.7,1.0,SetByAsk
2025-12-16 20:24:59,2025-12-16T20:24:59,58.71,2.0,SetByBid
2025-12-16 20:24:59,2025-12-16T20:24:59,58.71,1.0,SetByBid
2025-12-16 20:25:26,2025-12-16T20:25:26,58.71,6.0,SetByBid
2025-12-16 20:25:29,2025-12-16T20:25:29,58.7,1.0,SetByAsk
2025-12-16 20:25:34,2025-12-16T20:25:34,58.69,1.0,SetByAsk
2025-12-16 20:25:34,2025-12-16T20:25:34,58.69,1.0,SetByAsk
2025-12-16 20:25:47,2025-12-16T20:25:47,58.69,1.0,SetByAsk
2025-12-16 20:25:47,2025-12-16T20:25:47,58.69,1.0,SetByAsk
2025-12-16 20:25:47,2025-12-16T20:25:47,58.68,1.0,SetByAsk
2025-12-16 20:25:47,2025-12-16T20:25:47,58.68,1.0,SetByAsk
2025-12-16 20:25:47,2025-12-16T20:25:47,58.68,1.0,SetByAsk
2025-12-16 20:25:47,2025-12-16T20:25:47,58.68,1.0,SetByAsk
2025-12-16 20:25:47,2025-12-16T20:25:47,58.68,1.0,SetByAsk
2025-12-16 20:25:47,2025-12-16T20:25:47,58.68,1.0,SetByAsk
2025-12-16 20:25:47,2025-12-16T20:25:47,58.68,1.0,SetByAsk
2025-12-16 20:25:47,2025-12-16T20:25:47,58.68,1.0,SetByAsk
2025-12-16 20:25:52,2025-12-16T20:25:52,58.69,1.0,SetByAsk
2025-12-16 20:25:52,2025-12-16T20:25:52,58.69,1.0,SetByAsk
2025-12-16 20:26:02,2025-12-16T20:26:02,58.67,1.0,SetByBid
2025-12-16 20:26:16,2025-12-16T20:26:16,58.68,1.0,SetByAsk
2025-12-16 20:26:16,2025-12-16T20:26:16,58.68,1.0,SetByAsk
2025-12-16 20:26:17,2025-12-16T20:26:17,58.69,1.0,SetByBid
2025-12-16 20:26:17,2025-12-16T20:26:17,58.69,1.0,SetByBid
2025-12-16 20:26:17,2025-12-16T20:26:17,58.69,1.0,SetByBid
2025-12-16 20:26:23,2025-12-16T20:26:23,58.69,1.0,SetByAsk
2025-12-16 20:26:27,2025-12-16T20:26:27,58.68,1.0,SetByAsk
2025-12-16 20:26:27,2025-12-16T20:26:27,58.68,1.0,SetByAsk
2025-12-16 20:26:27,2025-12-16T20:26:27,58.68,1.0,SetByAsk
2025-12-16 20:26:27,2025-12-16T20:26:27,58.68,2.0,SetByAsk
2025-12-16 20:26:27,2025-12-16T20:26:27,58.68,1.0,SetByAsk
2025-12-16 20:26:27,2025-12-16T20:26:27,58.68,1.0,SetByAsk
2025-12-16 20:26:27,2025-12-16T20:26:27,58.68,1.0,SetByAsk
2025-12-16 20:26:27,2025-12-16T20:26:27,58.68,2.0,SetByAsk
2025-12-16 20:26:27,2025-12-16T20:26:27,58.68,1.0,SetByAsk
2025-12-16 20:26:27,2025-12-16T20:26:27,58.68,1.0,SetByAsk
2025-12-16 20:26:27,2025-12-16T20:26:27,58.69,1.0,SetByBid
2025-12-16 20:26:27,2025-12-16T20:26:27,58.69,1.0,SetByBid
2025-12-16 20:26:27,2025-12-16T20:26:27,58.69,1.0,SetByBid
2025-12-16 20:26:27,2025-12-16T20:26:27,58.69,3.0,SetByBid
2025-12-16 20:26:27,2025-12-16T20:26:27,58.69,1.0,SetByBid
2025-12-16 20:26:27,2025-12-16T20:26:27,58.69,1.0,SetByBid
2025-12-16 20:26:27,2025-12-16T20:26:27,58.69,1.0,SetByBid
2025-12-16 20:26:27,2025-12-16T20:26:27,58.69,1.0,SetByBid
2025-12-16 20:26:27,2025-12-16T20:26:27,58.69,2.0,SetByBid
2025-12-16 20:26:31,2025-12-16T20:26:31,58.7,1.0,SetByBid
2025-12-16 20:26:31,2025-12-16T20:26:31,58.7,1.0,SetByBid
2025-12-16 20:26:38,2025-12-16T20:26:38,58.7,1.0,SetByAsk
2025-12-16 20:26:50,2025-12-16T20:26:50,58.71,1.0,SetByBid
2025-12-16 20:26:50,2025-12-16T20:26:50,58.71,1.0,SetByBid
2025-12-16 20:26:50,2025-12-16T20:26:50,58.71,4.0,SetByBid
2025-12-16 20:26:54,2025-12-16T20:26:54,58.71,1.0,SetByAsk
2025-12-16 20:26:54,2025-12-16T20:26:54,58.71,3.0,SetByAsk
2025-12-16 20:26:54,2025-12-16T20:26:54,58.71,1.0,SetByAsk
2025-12-16 20:27:00,2025-12-16T20:27:00,58.72,1.0,SetByBid
2025-12-16 20:27:00,2025-12-16T20:27:00,58.72,1.0,SetByBid
2025-12-16 20:27:09,2025-12-16T20:27:09,58.72,1.0,SetByAsk
2025-12-16 20:27:09,2025-12-16T20:27:09,58.72,1.0,SetByAsk
2025-12-16 20:27:13,2025-12-16T20:27:13,58.72,1.0,SetByBid
2025-12-16 20:27:13,2025-12-16T20:27:13,58.72,3.0,SetByBid
2025-12-16 20:27:13,2025-12-16T20:27:13,58.72,3.0,SetByBid
2025-12-16 20:27:13,2025-12-16T20:27:13,58.72,2.0,SetByBid
2025-12-16 20:27:13,2025-12-16T20:27:13,58.72,2.0,SetByBid
2025-12-16 20:27:20,2025-12-16T20:27:20,58.72,1.0,SetByBid
2025-12-16 20:27:20,2025-12-16T20:27:20,58.72,1.0,SetByBid
2025-12-16 20:27:24,2025-12-16T20:27:24,58.72,1.0,SetByBid
2025-12-16 20:27:24,2025-12-16T20:27:24,58.72,1.0,SetByBid
2025-12-16 20:27:24,2025-12-16T20:27:24,58.72,1.0,SetByBid
2025-12-16 20:27:30,2025-12-16T20:27:30,58.71,1.0,SetByAsk
2025-12-16 20:27:34,2025-12-16T20:27:34,58.71,2.0,SetByBid
2025-12-16 20:27:34,2025-12-16T20:27:34,58.71,1.0,SetByBid
2025-12-16 20:27:34,2025-12-16T20:27:34,58.71,1.0,SetByBid
2025-12-16 20:27:34,2025-12-16T20:27:34,58.71,1.0,SetByBid
2025-12-16 20:27:34,2025-12-16T20:27:34,58.72,1.0,SetByBid
2025-12-16 20:27:36,2025-12-16T20:27:36,58.71,1.0,SetByAsk
2025-12-16 20:27:36,2025-12-16T20:27:36,58.71,1.0,SetByAsk
2025-12-16 20:27:36,2025-12-16T20:27:36,58.71,1.0,SetByAsk
2025-12-16 20:27:45,2025-12-16T20:27:45,58.72,1.0,SetByAsk
2025-12-16 20:27:45,2025-12-16T20:27:45,58.72,1.0,SetByAsk
2025-12-16 20:27:49,2025-12-16T20:27:49,58.71,1.0,SetByAsk
2025-12-16 20:27:55,2025-12-16T20:27:55,58.71,5.0,SetByBid
2025-12-16 20:27:55,2025-12-16T20:27:55,58.71,1.0,SetByBid
2025-12-16 20:27:55,2025-12-16T20:27:55,58.71,2.0,SetByBid
2025-12-16 20:27:55,2025-12-16T20:27:55,58.71,2.0,SetByBid
2025-12-16 20:28:00,2025-12-16T20:28:00,58.7,1.0,SetByAsk
2025-12-16 20:28:00,2025-12-16T20:28:00,58.7,1.0,SetByAsk
2025-12-16 20:28:00,2025-12-16T20:28:00,58.7,1.0,SetByAsk
2025-12-16 20:28:00,2025-12-16T20:28:00,58.7,1.0,SetByAsk
2025-12-16 20:28:00,2025-12-16T20:28:00,58.7,1.0,SetByAsk
2025-12-16 20:28:00,2025-12-16T20:28:00,58.7,2.0,SetByAsk
2025-12-16 20:28:00,2025-12-16T20:28:00,58.7,2.0,SetByAsk
2025-12-16 20:28:02,2025-12-16T20:28:02,58.7,1.0,SetByBid
2025-12-16 20:28:02,2025-12-16T20:28:02,58.7,4.0,SetByBid
2025-12-16 20:28:03,2025-12-16T20:28:03,58.71,2.0,SetByBid
2025-12-16 20:28:03,2025-12-16T20:28:03,58.71,2.0,SetByBid
2025-12-16 20:28:05,2025-12-16T20:28:05,58.72,1.0,SetByBid
2025-12-16 20:28:11,2025-12-16T20:28:11,58.71,1.0,SetByBid
2025-12-16 20:28:15,2025-12-16T20:28:15,58.7,1.0,SetByAsk
2025-12-16 20:28:15,2025-12-16T20:28:15,58.7,2.0,SetByAsk
2025-12-16 20:28:23,2025-12-16T20:28:23,58.71,1.0,SetByBid
2025-12-16 20:28:23,2025-12-16T20:28:23,58.71,2.0,SetByBid
2025-12-16 20:28:25,2025-12-16T20:28:25,58.71,1.0,SetByBid
2025-12-16 20:28:25,2025-12-16T20:28:25,58.71,5.0,SetByBid
2025-12-16 20:28:25,2025-12-16T20:28:25,58.71,3.0,SetByBid
2025-12-16 20:28:47,2025-12-16T20:28:47,58.71,1.0,SetByBid
2025-12-16 20:28:47,2025-12-16T20:28:47,58.71,1.0,SetByBid
2025-12-16 20:28:47,2025-12-16T20:28:47,58.71,1.0,SetByBid
2025-12-16 20:28:51,2025-12-16T20:28:51,58.71,7.0,SetByBid
2025-12-16 20:28:51,2025-12-16T20:28:51,58.71,2.0,SetByBid
2025-12-16 20:28:51,2025-12-16T20:28:51,58.71,6.0,"SetByBid, Leg"
2025-12-16 20:29:00,2025-12-16T20:29:00,58.7,1.0,"SetByBid, Leg"
2025-12-16 20:29:10,2025-12-16T20:29:10,58.71,1.0,SetByBid
2025-12-16 20:29:10,2025-12-16T20:29:10,58.71,8.0,SetByBid
2025-12-16 20:29:12,2025-12-16T20:29:12,58.71,4.0,SetByBid
2025-12-16 20:29:12,2025-12-16T20:29:12,58.71,1.0,SetByBid
2025-12-16 20:29:12,2025-12-16T20:29:12,58.71,3.0,SetByBid
2025-12-16 20:29:12,2025-12-16T20:29:12,58.71,3.0,SetByBid
2025-12-16 20:29:13,2025-12-16T20:29:13,58.71,1.0,SetByBid
2025-12-16 20:29:13,2025-12-16T20:29:13,58.71,1.0,SetByBid
2025-12-16 20:29:13,2025-12-16T20:29:13,58.71,1.0,SetByBid
2025-12-16 20:29:13,2025-12-16T20:29:13,58.71,1.0,"SetByBid, Leg"
2025-12-16 20:29:23,2025-12-16T20:29:23,58.69,2.0,SetByBid
2025-12-16 20:29:23,2025-12-16T20:29:23,58.69,2.0,SetByBid
2025-12-16 20:29:26,2025-12-16T20:29:26,58.69,1.0,SetByBid
2025-12-16 20:29:26,2025-12-16T20:29:26,58.69,8.0,SetByBid
2025-12-16 20:29:26,2025-12-16T20:29:26,58.69,2.0,SetByBid
2025-12-16 20:29:26,2025-12-16T20:29:26,58.69,4.0,SetByBid
2025-12-16 20:29:26,2025-12-16T20:29:26,58.7,4.0,SetByBid
2025-12-16 20:29:32,2025-12-16T20:29:32,58.7,1.0,SetByBid
2025-12-16 20:29:32,2025-12-16T20:29:32,58.69,4.0,SetByAsk
2025-12-16 20:29:40,2025-12-16T20:29:40,58.69,1.0,SetByBid
2025-12-16 20:29:40,2025-12-16T20:29:40,58.69,1.0,SetByBid
2025-12-16 20:29:46,2025-12-16T20:29:46,58.69,6.0,SetByBid
2025-12-16 20:29:50,2025-12-16T20:29:50,58.68,2.0,SetByAsk
2025-12-16 20:29:53,2025-12-16T20:29:53,58.69,1.0,SetByAsk
2025-12-16 20:29:53,2025-12-16T20:29:53,58.68,2.0,SetByAsk
2025-12-16 20:29:53,2025-12-16T20:29:53,58.68,1.0,SetByAsk
2025-12-16 20:29:55,2025-12-16T20:29:55,58.69,1.0,SetByAsk
2025-12-16 20:29:55,2025-12-16T20:29:55,58.69,1.0,SetByAsk
2025-12-16 20:29:55,2025-12-16T20:29:55,58.69,1.0,SetByAsk
2025-12-16 20:29:55,2025-12-16T20:29:55,58.7,1.0,SetByAsk
2025-12-16 20:29:55,2025-12-16T20:29:55,58.7,2.0,SetByBid
2025-12-16 20:29:57,2025-12-16T20:29:57,58.71,4.0,SetByBid
2025-12-16 20:29:57,2025-12-16T20:29:57,58.71,1.0,SetByBid
2025-12-16 20:29:57,2025-12-16T20:29:57,58.71,1.0,SetByBid
2025-12-16 20:29:57,2025-12-16T20:29:57,58.7,3.0,SetByAsk
2025-12-16 20:29:59,2025-12-16T20:29:59,58.71,1.0,SetByBid
2025-12-16 20:30:00,2025-12-16T20:30:00,58.72,1.0,SetByBid
2025-12-16 20:30:00,2025-12-16T20:30:00,58.72,6.0,SetByBid
2025-12-16 20:30:00,2025-12-16T20:30:00,58.72,3.0,SetByBid
2025-12-16 20:30:00,2025-12-16T20:30:00,58.73,3.0,SetByBid
2025-12-16 20:30:00,2025-12-16T20:30:00,58.73,3.0,SetByBid
2025-12-16 20:30:00,2025-12-16T20:30:00,58.72,1.0,SetByAsk
2025-12-16 20:30:00,2025-12-16T20:30:00,58.72,1.0,SetByAsk
2025-12-16 20:30:00,2025-12-16T20:30:00,58.72,1.0,SetByAsk
2025-12-16 20:30:00,2025-12-16T20:30:00,58.72,2.0,SetByAsk
2025-12-16 20:30:01,2025-12-16T20:30:01,58.72,2.0,SetByAsk
2025-12-16 20:30:01,2025-12-16T20:30:01,58.72,4.0,SetByAsk
2025-12-16 20:30:01,2025-12-16T20:30:01,58.72,1.0,SetByAsk
2025-12-16 20:30:01,2025-12-16T20:30:01,58.72,1.0,SetByAsk
2025-12-16 20:30:01,2025-12-16T20:30:01,58.72,1.0,SetByAsk
2025-12-16 20:30:01,2025-12-16T20:30:01,58.72,1.0,SetByAsk
2025-12-16 20:30:01,2025-12-16T20:30:01,58.72,1.0,SetByAsk
2025-12-16 20:30:01,2025-12-16T20:30:01,58.72,3.0,SetByAsk
2025-12-16 20:30:01,2025-12-16T20:30:01,58.73,2.0,SetByBid
2025-12-16 20:30:01,2025-12-16T20:30:01,58.73,1.0,SetByBid
2025-12-16 20:30:01,2025-12-16T20:30:01,58.73,3.0,SetByBid
2025-12-16 20:30:01,2025-12-16T20:30:01,58.73,3.0,SetByBid
2025-12-16 20:30:02,2025-12-16T20:30:02,58.73,2.0,SetByBid
2025-12-16 20:30:02,2025-12-16T20:30:02,58.73,1.0,SetByBid
2025-12-16 20:30:02,2025-12-16T20:30:02,58.73,1.0,SetByAsk
2025-12-16 20:30:02,2025-12-16T20:30:02,58.73,1.0,SetByAsk
2025-12-16 20:30:02,2025-12-16T20:30:02,58.73,1.0,SetByAsk
2025-12-16 20:30:04,2025-12-16T20:30:04,58.72,1.0,SetByAsk
2025-12-16 20:30:10,2025-12-16T20:30:10,58.71,1.0,SetByAsk
2025-12-16 20:30:10,2025-12-16T20:30:10,58.71,2.0,SetByAsk
2025-12-16 20:30:10,2025-12-16T20:30:10,58.71,1.0,SetByAsk
2025-12-16 20:30:10,2025-12-16T20:30:10,58.71,2.0,SetByAsk
2025-12-16 20:30:14,2025-12-16T20:30:14,58.72,1.0,SetByBid
2025-12-16 20:30:14,2025-12-16T20:30:14,58.72,1.0,SetByBid
2025-12-16 20:30:14,2025-12-16T20:30:14,58.72,1.0,SetByBid
2025-12-16 20:30:16,2025-12-16T20:30:16,58.72,1.0,SetByBid
2025-12-16 20:30:16,2025-12-16T20:30:16,58.72,1.0,SetByBid
2025-12-16 20:30:16,2025-12-16T20:30:16,58.72,1.0,SetByBid
2025-12-16 20:30:16,2025-12-16T20:30:16,58.72,1.0,SetByBid
2025-12-16 20:30:16,2025-12-16T20:30:16,58.72,1.0,SetByBid
2025-12-16 20:30:16,2025-12-16T20:30:16,58.72,1.0,SetByBid
2025-12-16 20:30:16,2025-12-16T20:30:16,58.72,1.0,SetByBid
2025-12-16 20:30:16,2025-12-16T20:30:16,58.72,1.0,SetByBid
2025-12-16 20:30:16,2025-12-16T20:30:16,58.72,1.0,SetByBid
2025-12-16 20:30:17,2025-12-16T20:30:17,58.72,1.0,SetByBid
2025-12-16 20:30:17,2025-12-16T20:30:17,58.72,1.0,SetByBid
2025-12-16 20:30:17,2025-12-16T20:30:17,58.72,1.0,SetByBid
2025-12-16 20:30:17,2025-12-16T20:30:17,58.72,1.0,SetByBid
2025-12-16 20:30:17,2025-12-16T20:30:17,58.72,1.0,SetByBid
2025-12-16 20:30:17,2025-12-16T20:30:17,58.72,1.0,SetByBid
2025-12-16 20:30:17,2025-12-16T20:30:17,58.72,2.0,SetByBid
2025-12-16 20:30:17,2025-12-16T20:30:17,58.72,1.0,SetByBid
2025-12-16 20:30:17,2025-12-16T20:30:17,58.72,5.0,SetByBid
2025-12-16 20:30:17,2025-12-16T20:30:17,58.72,1.0,SetByBid
2025-12-16 20:30:17,2025-12-16T20:30:17,58.72,2.0,SetByBid
2025-12-16 20:30:17,2025-12-16T20:30:17,58.72,1.0,SetByBid
2025-12-16 20:30:17,2025-12-16T20:30:17,58.72,1.0,SetByBid
2025-12-16 20:30:17,2025-12-16T20:30:17,58.72,1.0,SetByBid
2025-12-16 20:30:17,2025-12-16T20:30:17,58.72,1.0,SetByBid
2025-12-16 20:30:17,2025-12-16T20:30:17,58.72,1.0,SetByBid
2025-12-16 20:30:17,2025-12-16T20:30:17,58.72,1.0,SetByBid
2025-12-16 20:30:17,2025-12-16T20:30:17,58.72,5.0,SetByBid
2025-12-16 20:30:17,2025-12-16T20:30:17,58.72,1.0,SetByBid
2025-12-16 20:30:17,2025-12-16T20:30:17,58.72,1.0,SetByBid
2025-12-16 20:30:18,2025-12-16T20:30:18,58.73,1.0,SetByAsk
2025-12-16 20:30:18,2025-12-16T20:30:18,58.73,1.0,SetByAsk
2025-12-16 20:30:18,2025-12-16T20:30:18,58.73,1.0,SetByAsk
2025-12-16 20:30:18,2025-12-16T20:30:18,58.73,1.0,SetByAsk
2025-12-16 20:30:18,2025-12-16T20:30:18,58.73,3.0,SetByAsk
2025-12-16 20:30:18,2025-12-16T20:30:18,58.73,1.0,SetByAsk
2025-12-16 20:30:18,2025-12-16T20:30:18,58.73,1.0,SetByAsk
2025-12-16 20:30:18,2025-12-16T20:30:18,58.73,2.0,SetByAsk
2025-12-16 20:30:18,2025-12-16T20:30:18,58.73,1.0,SetByAsk
2025-12-16 20:30:18,2025-12-16T20:30:18,58.73,1.0,SetByAsk
2025-12-16 20:30:19,2025-12-16T20:30:19,58.73,4.0,SetByAsk
2025-12-16 20:30:19,2025-12-16T20:30:19,58.73,1.0,SetByAsk
2025-12-16 20:30:19,2025-12-16T20:30:19,58.73,5.0,SetByAsk
2025-12-16 20:30:19,2025-12-16T20:30:19,58.73,1.0,SetByAsk
2025-12-16 20:30:19,2025-12-16T20:30:19,58.73,1.0,SetByAsk
2025-12-16 20:30:19,2025-12-16T20:30:19,58.73,1.0,SetByAsk
2025-12-16 20:30:21,2025-12-16T20:30:21,58.74,1.0,SetByAsk
2025-12-16 20:30:34,2025-12-16T20:30:34,58.73,1.0,SetByBid
2025-12-16 20:30:43,2025-12-16T20:30:43,58.72,1.0,SetByAsk
2025-12-16 20:30:43,2025-12-16T20:30:43,58.71,1.0,SetByAsk
2025-12-16 20:30:43,2025-12-16T20:30:43,58.71,1.0,SetByAsk
2025-12-16 20:30:43,2025-12-16T20:30:43,58.71,1.0,SetByAsk
2025-12-16 20:30:44,2025-12-16T20:30:44,58.72,6.0,SetByBid
2025-12-16 20:30:44,2025-12-16T20:30:44,58.72,2.0,SetByBid
2025-12-16 20:30:44,2025-12-16T20:30:44,58.72,3.0,SetByBid
2025-12-16 20:30:54,2025-12-16T20:30:54,58.72,6.0,SetByBid
2025-12-16 20:30:54,2025-12-16T20:30:54,58.72,3.0,SetByBid
2025-12-16 20:31:02,2025-12-16T20:31:02,58.71,1.0,SetByAsk
2025-12-16 20:31:02,2025-12-16T20:31:02,58.71,1.0,SetByAsk
2025-12-16 20:31:02,2025-12-16T20:31:02,58.71,1.0,SetByAsk
2025-12-16 20:31:22,2025-12-16T20:31:22,58.71,1.0,SetByBid
2025-12-16 20:31:22,2025-12-16T20:31:22,58.71,4.0,SetByBid
2025-12-16 20:31:28,2025-12-16T20:31:28,58.73,3.0,SetByBid
2025-12-16 20:31:28,2025-12-16T20:31:28,58.73,3.0,SetByBid
2025-12-16 20:31:28,2025-12-16T20:31:28,58.73,2.0,SetByBid
2025-12-16 20:31:28,2025-12-16T20:31:28,58.73,2.0,SetByBid
2025-12-16 20:31:28,2025-12-16T20:31:28,58.73,3.0,SetByAsk
2025-12-16 20:31:31,2025-12-16T20:31:31,58.74,1.0,SetByAsk
2025-12-16 20:31:31,2025-12-16T20:31:31,58.74,1.0,SetByAsk
2025-12-16 20:31:31,2025-12-16T20:31:31,58.74,1.0,SetByAsk
2025-12-16 20:31:31,2025-12-16T20:31:31,58.74,1.0,SetByAsk
2025-12-16 20:31:42,2025-12-16T20:31:42,58.74,5.0,SetByBid
2025-12-16 20:31:42,2025-12-16T20:31:42,58.74,1.0,SetByAsk
2025-12-16 20:31:42,2025-12-16T20:31:42,58.74,1.0,SetByAsk
2025-12-16 20:31:42,2025-12-16T20:31:42,58.74,2.0,SetByAsk
2025-12-16 20:31:42,2025-12-16T20:31:42,58.74,4.0,SetByAsk
2025-12-16 20:31:42,2025-12-16T20:31:42,58.74,1.0,SetByAsk
2025-12-16 20:31:42,2025-12-16T20:31:42,58.74,1.0,SetByAsk
2025-12-16 20:31:42,2025-12-16T20:31:42,58.74,1.0,SetByAsk
2025-12-16 20:31:42,2025-12-16T20:31:42,58.74,10.0,SetByAsk
2025-12-16 20:31:57,2025-12-16T20:31:57,58.76,1.0,SetByBid
2025-12-16 20:32:00,2025-12-16T20:32:00,58.77,1.0,SetByBid
2025-12-16 20:32:04,2025-12-16T20:32:04,58.75,1.0,SetByAsk
2025-12-16 20:32:06,2025-12-16T20:32:06,58.75,1.0,SetByBid
2025-12-16 20:32:06,2025-12-16T20:32:06,58.75,1.0,SetByBid
2025-12-16 20:32:06,2025-12-16T20:32:06,58.75,1.0,SetByBid
2025-12-16 20:32:19,2025-12-16T20:32:19,58.78,1.0,SetByBid
2025-12-16 20:32:19,2025-12-16T20:32:19,58.78,1.0,SetByBid
2025-12-16 20:32:19,2025-12-16T20:32:19,58.78,1.0,SetByBid
2025-12-16 20:32:45,2025-12-16T20:32:45,58.76,1.0,SetByBid
2025-12-16 20:32:45,2025-12-16T20:32:45,58.76,2.0,SetByBid
2025-12-16 20:33:02,2025-12-16T20:33:02,58.75,2.0,SetByAsk
2025-12-16 20:33:02,2025-12-16T20:33:02,58.75,2.0,SetByAsk
2025-12-16 20:33:14,2025-12-16T20:33:14,58.76,5.0,SetByBid
2025-12-16 20:33:14,2025-12-16T20:33:14,58.76,1.0,SetByBid
2025-12-16 20:33:14,2025-12-16T20:33:14,58.76,1.0,SetByBid
2025-12-16 20:33:20,2025-12-16T20:33:20,58.77,1.0,SetByBid
2025-12-16 20:33:20,2025-12-16T20:33:20,58.77,1.0,SetByBid
2025-12-16 20:33:22,2025-12-16T20:33:22,58.78,1.0,SetByAsk
2025-12-16 20:33:22,2025-12-16T20:33:22,58.79,1.0,SetByBid
2025-12-16 20:33:30,2025-12-16T20:33:30,58.78,1.0,SetByAsk
2025-12-16 20:33:30,2025-12-16T20:33:30,58.78,1.0,SetByAsk
2025-12-16 20:33:30,2025-12-16T20:33:30,58.78,2.0,SetByAsk
2025-12-16 20:33:30,2025-12-16T20:33:30,58.78,3.0,SetByAsk
2025-12-16 20:33:30,2025-12-16T20:33:30,58.78,1.0,SetByAsk
2025-12-16 20:33:39,2025-12-16T20:33:39,58.79,1.0,SetByBid
2025-12-16 20:33:43,2025-12-16T20:33:43,58.79,2.0,SetByBid
2025-12-16 20:33:43,2025-12-16T20:33:43,58.79,1.0,SetByBid
2025-12-16 20:33:43,2025-12-16T20:33:43,58.79,1.0,SetByBid
2025-12-16 20:33:43,2025-12-16T20:33:43,58.79,1.0,SetByBid
2025-12-16 20:33:43,2025-12-16T20:33:43,58.79,1.0,SetByBid
2025-12-16 20:33:50,2025-12-16T20:33:50,58.78,1.0,SetByAsk
2025-12-16 20:33:50,2025-12-16T20:33:50,58.78,1.0,SetByAsk
2025-12-16 20:33:56,2025-12-16T20:33:56,58.77,5.0,SetByAsk
2025-12-16 20:33:59,2025-12-16T20:33:59,58.77,2.0,SetByBid
2025-12-16 20:33:59,2025-12-16T20:33:59,58.77,2.0,SetByBid
2025-12-16 20:33:59,2025-12-16T20:33:59,58.77,1.0,SetByBid
2025-12-16 20:34:01,2025-12-16T20:34:01,58.76,1.0,SetByAsk
2025-12-16 20:34:02,2025-12-16T20:34:02,58.76,1.0,SetByAsk
2025-12-16 20:34:05,2025-12-16T20:34:05,58.77,1.0,SetByBid
2025-12-16 20:34:06,2025-12-16T20:34:06,58.78,2.0,SetByBid
2025-12-16 20:34:06,2025-12-16T20:34:06,58.78,2.0,SetByBid
2025-12-16 20:34:08,2025-12-16T20:34:08,58.79,1.0,SetByBid
2025-12-16 20:34:30,2025-12-16T20:34:30,58.79,1.0,SetByBid
2025-12-16 20:34:45,2025-12-16T20:34:45,58.78,1.0,SetByAsk
2025-12-16 20:34:45,2025-12-16T20:34:45,58.78,3.0,SetByAsk
2025-12-16 20:34:45,2025-12-16T20:34:45,58.78,2.0,SetByAsk
2025-12-16 20:34:46,2025-12-16T20:34:46,58.78,1.0,SetByAsk
2025-12-16 20:34:48,2025-12-16T20:34:48,58.79,1.0,SetByBid
2025-12-16 20:34:49,2025-12-16T20:34:49,58.79,1.0,SetByBid
2025-12-16 20:34:50,2025-12-16T20:34:50,58.79,1.0,SetByBid
2025-12-16 20:35:32,2025-12-16T20:35:32,58.8,1.0,SetByAsk
2025-12-16 20:35:32,2025-12-16T20:35:32,58.8,1.0,SetByAsk
2025-12-16 20:35:32,2025-12-16T20:35:32,58.8,1.0,SetByAsk
2025-12-16 20:35:33,2025-12-16T20:35:33,58.8,1.0,SetByBid
2025-12-16 20:35:33,2025-12-16T20:35:33,58.8,1.0,SetByBid
2025-12-16 20:35:33,2025-12-16T20:35:33,58.79,1.0,SetByAsk
2025-12-16 20:35:34,2025-12-16T20:35:34,58.79,1.0,SetByBid
2025-12-16 20:35:46,2025-12-16T20:35:46,58.85,1.0,SetByAsk
2025-12-16 20:35:46,2025-12-16T20:35:46,58.85,3.0,SetByAsk
2025-12-16 20:35:50,2025-12-16T20:35:50,58.85,1.0,SetByAsk
2025-12-16 20:35:54,2025-12-16T20:35:54,58.85,1.0,SetByAsk
2025-12-16 20:35:54,2025-12-16T20:35:54,58.85,1.0,SetByAsk
2025-12-16 20:35:54,2025-12-16T20:35:54,58.85,1.0,SetByAsk
2025-12-16 20:35:54,2025-12-16T20:35:54,58.85,1.0,SetByAsk
2025-12-16 20:35:54,2025-12-16T20:35:54,58.85,4.0,SetByAsk
2025-12-16 20:35:54,2025-12-16T20:35:54,58.85,1.0,SetByAsk
2025-12-16 20:35:54,2025-12-16T20:35:54,58.85,1.0,SetByAsk
2025-12-16 20:35:54,2025-12-16T20:35:54,58.85,1.0,SetByAsk
2025-12-16 20:35:54,2025-12-16T20:35:54,58.85,1.0,SetByAsk
2025-12-16 20:35:54,2025-12-16T20:35:54,58.85,1.0,SetByAsk
2025-12-16 20:35:54,2025-12-16T20:35:54,58.85,1.0,SetByAsk
2025-12-16 20:35:54,2025-12-16T20:35:54,58.85,1.0,SetByAsk
2025-12-16 20:36:01,2025-12-16T20:36:01,58.84,1.0,SetByBid
2025-12-16 20:36:06,2025-12-16T20:36:06,58.86,1.0,SetByBid
2025-12-16 20:36:07,2025-12-16T20:36:07,58.87,3.0,SetByBid
2025-12-16 20:36:07,2025-12-16T20:36:07,58.87,2.0,SetByBid
2025-12-16 20:36:07,2025-12-16T20:36:07,58.88,1.0,SetByBid
2025-12-16 20:36:18,2025-12-16T20:36:18,58.86,1.0,SetByAsk
2025-12-16 20:36:24,2025-12-16T20:36:24,58.86,1.0,SetByAsk
2025-12-16 20:36:30,2025-12-16T20:36:30,58.85,1.0,SetByAsk
2025-12-16 20:36:34,2025-12-16T20:36:34,58.82,1.0,SetByBid
2025-12-16 20:36:52,2025-12-16T20:36:52,58.8,1.0,SetByAsk
2025-12-16 20:36:52,2025-12-16T20:36:52,58.8,1.0,SetByBid
2025-12-16 20:36:52,2025-12-16T20:36:52,58.8,1.0,SetByBid
2025-12-16 20:36:52,2025-12-16T20:36:52,58.8,1.0,SetByBid
2025-12-16 20:37:04,2025-12-16T20:37:04,58.82,1.0,SetByAsk
2025-12-16 20:37:04,2025-12-16T20:37:04,58.82,1.0,SetByAsk
2025-12-16 20:37:04,2025-12-16T20:37:04,58.82,1.0,SetByAsk
2025-12-16 20:37:16,2025-12-16T20:37:16,58.83,2.0,SetByBid
2025-12-16 20:37:16,2025-12-16T20:37:16,58.83,2.0,SetByBid
2025-12-16 20:37:25,2025-12-16T20:37:25,58.83,1.0,SetByBid
2025-12-16 20:37:34,2025-12-16T20:37:34,58.8,1.0,SetByAsk
2025-12-16 20:37:34,2025-12-16T20:37:34,58.81,1.0,SetByBid
2025-12-16 20:37:34,2025-12-16T20:37:34,58.81,6.0,SetByBid
2025-12-16 20:37:34,2025-12-16T20:37:34,58.81,3.0,SetByBid
2025-12-16 20:37:43,2025-12-16T20:37:43,58.83,3.0,SetByBid
2025-12-16 20:37:49,2025-12-16T20:37:49,58.83,1.0,SetByAsk
2025-12-16 20:37:49,2025-12-16T20:37:49,58.83,1.0,SetByAsk
2025-12-16 20:37:49,2025-12-16T20:37:49,58.83,1.0,SetByAsk
2025-12-16 20:37:49,2025-12-16T20:37:49,58.83,1.0,SetByAsk
2025-12-16 20:37:51,2025-12-16T20:37:51,58.83,1.0,SetByAsk
2025-12-16 20:37:58,2025-12-16T20:37:58,58.81,1.0,SetByAsk
2025-12-16 20:37:58,2025-12-16T20:37:58,58.81,7.0,SetByAsk
2025-12-16 20:38:01,2025-12-16T20:38:01,58.8,1.0,SetByAsk
2025-12-16 20:38:17,2025-12-16T20:38:17,58.8,1.0,SetByBid
2025-12-16 20:38:17,2025-12-16T20:38:17,58.8,1.0,SetByBid
2025-12-16 20:38:28,2025-12-16T20:38:28,58.8,1.0,SetByAsk
2025-12-16 20:38:41,2025-12-16T20:38:41,58.8,2.0,"SetByAsk, Leg"
2025-12-16 20:38:41,2025-12-16T20:38:41,58.79,2.0,"SetByAsk, Leg"
2025-12-16 20:38:45,2025-12-16T20:38:45,58.81,1.0,SetByBid
2025-12-16 20:38:45,2025-12-16T20:38:45,58.81,1.0,SetByBid
2025-12-16 20:38:48,2025-12-16T20:38:48,58.79,1.0,SetByAsk
2025-12-16 20:38:50,2025-12-16T20:38:50,58.8,1.0,SetByAsk
2025-12-16 20:38:50,2025-12-16T20:38:50,58.8,1.0,SetByAsk
2025-12-16 20:38:54,2025-12-16T20:38:54,58.78,1.0,SetByAsk
2025-12-16 20:38:54,2025-12-16T20:38:54,58.78,1.0,SetByAsk
2025-12-16 20:38:54,2025-12-16T20:38:54,58.78,1.0,SetByAsk
2025-12-16 20:38:54,2025-12-16T20:38:54,58.78,1.0,SetByAsk
2025-12-16 20:38:54,2025-12-16T20:38:54,58.78,1.0,SetByAsk
2025-12-16 20:38:54,2025-12-16T20:38:54,58.78,1.0,SetByAsk
2025-12-16 20:38:54,2025-12-16T20:38:54,58.78,1.0,SetByAsk
2025-12-16 20:38:54,2025-12-16T20:38:54,58.78,1.0,SetByAsk
2025-12-16 20:38:55,2025-12-16T20:38:55,58.76,1.0,SetByAsk
2025-12-16 20:38:55,2025-12-16T20:38:55,58.76,1.0,SetByAsk
2025-12-16 20:38:57,2025-12-16T20:38:57,58.76,1.0,SetByAsk
2025-12-16 20:38:57,2025-12-16T20:38:57,58.76,1.0,SetByAsk
2025-12-16 20:38:58,2025-12-16T20:38:58,58.76,1.0,SetByAsk
2025-12-16 20:38:59,2025-12-16T20:38:59,58.76,1.0,SetByAsk
2025-12-16 20:39:00,2025-12-16T20:39:00,58.76,1.0,SetByAsk
2025-12-16 20:39:00,2025-12-16T20:39:00,58.76,1.0,SetByAsk
2025-12-16 20:39:03,2025-12-16T20:39:03,58.76,1.0,SetByAsk
2025-12-16 20:39:04,2025-12-16T20:39:04,58.76,1.0,SetByAsk
2025-12-16 20:39:25,2025-12-16T20:39:25,58.77,1.0,SetByAsk
2025-12-16 20:39:28,2025-12-16T20:39:28,58.78,10.0,SetByBid
2025-12-16 20:39:28,2025-12-16T20:39:28,58.78,1.0,SetByBid
2025-12-16 20:39:32,2025-12-16T20:39:32,58.77,1.0,SetByBid
2025-12-16 20:39:49,2025-12-16T20:39:49,58.75,3.0,SetByAsk
2025-12-16 20:39:49,2025-12-16T20:39:49,58.75,2.0,SetByBid
2025-12-16 20:39:49,2025-12-16T20:39:49,58.75,4.0,SetByBid
2025-12-16 20:39:51,2025-12-16T20:39:51,58.75,1.0,SetByBid
2025-12-16 20:39:51,2025-12-16T20:39:51,58.75,1.0,SetByBid
2025-12-16 20:39:51,2025-12-16T20:39:51,58.75,3.0,SetByBid
2025-12-16 20:39:55,2025-12-16T20:39:55,58.74,1.0,SetByAsk
2025-12-16 20:39:58,2025-12-16T20:39:58,58.74,1.0,SetByBid
2025-12-16 20:39:58,2025-12-16T20:39:58,58.74,1.0,SetByBid
2025-12-16 20:40:03,2025-12-16T20:40:03,58.74,1.0,SetByBid
2025-12-16 20:40:10,2025-12-16T20:40:10,58.72,1.0,SetByAsk
2025-12-16 20:40:10,2025-12-16T20:40:10,58.72,1.0,SetByBid
2025-12-16 20:40:13,2025-12-16T20:40:13,58.71,1.0,SetByAsk
2025-12-16 20:40:18,2025-12-16T20:40:18,58.73,1.0,SetByAsk
2025-12-16 20:40:18,2025-12-16T20:40:18,58.73,1.0,SetByBid
2025-12-16 20:40:18,2025-12-16T20:40:18,58.73,1.0,SetByBid
2025-12-16 20:40:18,2025-12-16T20:40:18,58.73,1.0,SetByBid
2025-12-16 20:40:22,2025-12-16T20:40:22,58.74,1.0,SetByAsk
2025-12-16 20:40:33,2025-12-16T20:40:33,58.74,1.0,SetByBid
2025-12-16 20:40:42,2025-12-16T20:40:42,58.72,1.0,SetByBid
2025-12-16 20:40:42,2025-12-16T20:40:42,58.72,1.0,SetByBid
2025-12-16 20:40:52,2025-12-16T20:40:52,58.71,1.0,SetByAsk
2025-12-16 20:41:07,2025-12-16T20:41:07,58.7,1.0,SetByAsk
2025-12-16 20:41:07,2025-12-16T20:41:07,58.7,1.0,SetByAsk
2025-12-16 20:41:07,2025-12-16T20:41:07,58.7,1.0,SetByAsk
2025-12-16 20:41:07,2025-12-16T20:41:07,58.7,1.0,SetByAsk
2025-12-16 20:41:11,2025-12-16T20:41:11,58.7,1.0,SetByAsk
2025-12-16 20:41:11,2025-12-16T20:41:11,58.7,2.0,SetByBid
2025-12-16 20:41:11,2025-12-16T20:41:11,58.7,2.0,SetByBid
2025-12-16 20:41:11,2025-12-16T20:41:11,58.7,2.0,SetByBid
2025-12-16 20:41:12,2025-12-16T20:41:12,58.71,1.0,SetByBid
2025-12-16 20:41:12,2025-12-16T20:41:12,58.71,2.0,SetByBid
2025-12-16 20:41:23,2025-12-16T20:41:23,58.72,1.0,SetByBid
2025-12-16 20:41:24,2025-12-16T20:41:24,58.72,1.0,SetByAsk
2025-12-16 20:41:46,2025-12-16T20:41:46,58.73,4.0,SetByBid
2025-12-16 20:41:46,2025-12-16T20:41:46,58.73,2.0,SetByBid
2025-12-16 20:41:46,2025-12-16T20:41:46,58.73,2.0,SetByBid
2025-12-16 20:41:46,2025-12-16T20:41:46,58.73,1.0,SetByAsk
2025-12-16 20:41:46,2025-12-16T20:41:46,58.73,1.0,SetByAsk
2025-12-16 20:41:47,2025-12-16T20:41:47,58.73,1.0,SetByBid
2025-12-16 20:41:50,2025-12-16T20:41:50,58.73,1.0,SetByAsk
2025-12-16 20:42:06,2025-12-16T20:42:06,58.72,1.0,SetByAsk
2025-12-16 20:42:10,2025-12-16T20:42:10,58.73,1.0,"SetByBid, Leg"
2025-12-16 20:42:10,2025-12-16T20:42:10,58.74,1.0,"SetByBid, Leg"
2025-12-16 20:42:10,2025-12-16T20:42:10,58.74,1.0,SetByBid
2025-12-16 20:42:10,2025-12-16T20:42:10,58.74,1.0,SetByBid
2025-12-16 20:42:15,2025-12-16T20:42:15,58.76,1.0,SetByAsk
2025-12-16 20:42:27,2025-12-16T20:42:27,58.78,1.0,SetByAsk
2025-12-16 20:42:27,2025-12-16T20:42:27,58.78,1.0,SetByAsk
2025-12-16 20:42:27,2025-12-16T20:42:27,58.78,1.0,SetByAsk
2025-12-16 20:42:29,2025-12-16T20:42:29,58.78,1.0,SetByAsk
2025-12-16 20:42:42,2025-12-16T20:42:42,58.79,4.0,SetByBid
2025-12-16 20:42:42,2025-12-16T20:42:42,58.79,1.0,SetByAsk
2025-12-16 20:42:49,2025-12-16T20:42:49,58.8,1.0,SetByBid
2025-12-16 20:42:49,2025-12-16T20:42:49,58.8,2.0,SetByBid
2025-12-16 20:42:49,2025-12-16T20:42:49,58.8,1.0,SetByBid
2025-12-16 20:42:49,2025-12-16T20:42:49,58.8,2.0,SetByBid
2025-12-16 20:42:49,2025-12-16T20:42:49,58.8,2.0,SetByBid
2025-12-16 20:42:53,2025-12-16T20:42:53,58.79,1.0,SetByAsk
2025-12-16 20:43:02,2025-12-16T20:43:02,58.79,1.0,SetByBid
2025-12-16 20:43:03,2025-12-16T20:43:03,58.79,1.0,SetByAsk
2025-12-16 20:43:42,2025-12-16T20:43:42,58.78,5.0,SetByBid
2025-12-16 20:43:42,2025-12-16T20:43:42,58.78,1.0,SetByBid
2025-12-16 20:43:42,2025-12-16T20:43:42,58.78,1.0,SetByBid
2025-12-16 20:43:55,2025-12-16T20:43:55,58.77,1.0,SetByAsk
2025-12-16 20:43:56,2025-12-16T20:43:56,58.77,2.0,SetByBid
2025-12-16 20:43:56,2025-12-16T20:43:56,58.77,1.0,SetByBid
2025-12-16 20:43:56,2025-12-16T20:43:56,58.77,2.0,SetByBid
2025-12-16 20:44:00,2025-12-16T20:44:00,58.77,3.0,SetByBid
2025-12-16 20:44:00,2025-12-16T20:44:00,58.77,1.0,SetByBid
2025-12-16 20:44:00,2025-12-16T20:44:00,58.77,1.0,SetByBid
2025-12-16 20:44:00,2025-12-16T20:44:00,58.77,1.0,SetByBid
2025-12-16 20:44:00,2025-12-16T20:44:00,58.77,1.0,SetByBid
2025-12-16 20:44:12,2025-12-16T20:44:12,58.77,1.0,SetByAsk
2025-12-16 20:45:12,2025-12-16T20:45:12,58.79,2.0,SetByBid
2025-12-16 20:45:12,2025-12-16T20:45:12,58.79,2.0,SetByBid
2025-12-16 20:45:12,2025-12-16T20:45:12,58.79,5.0,SetByAsk
2025-12-16 20:45:12,2025-12-16T20:45:12,58.79,1.0,SetByAsk
2025-12-16 20:45:12,2025-12-16T20:45:12,58.79,1.0,SetByAsk
2025-12-16 20:45:12,2025-12-16T20:45:12,58.79,1.0,SetByAsk
2025-12-16 20:45:16,2025-12-16T20:45:16,58.79,1.0,SetByAsk
2025-12-16 20:45:16,2025-12-16T20:45:16,58.79,1.0,SetByAsk
2025-12-16 20:45:24,2025-12-16T20:45:24,58.81,1.0,SetByBid
2025-12-16 20:45:24,2025-12-16T20:45:24,58.81,1.0,SetByBid
2025-12-16 20:45:24,2025-12-16T20:45:24,58.82,1.0,SetByBid
2025-12-16 20:45:24,2025-12-16T20:45:24,58.82,1.0,SetByAsk
2025-12-16 20:45:28,2025-12-16T20:45:28,58.81,1.0,SetByAsk
2025-12-16 20:45:28,2025-12-16T20:45:28,58.81,1.0,SetByAsk
2025-12-16 20:45:28,2025-12-16T20:45:28,58.81,1.0,SetByAsk
2025-12-16 20:45:35,2025-12-16T20:45:35,58.81,1.0,SetByAsk
2025-12-16 20:45:35,2025-12-16T20:45:35,58.81,2.0,"SetByAsk, Leg"
2025-12-16 20:45:35,2025-12-16T20:45:35,58.8,2.0,"SetByAsk, Leg"
2025-12-16 20:45:35,2025-12-16T20:45:35,58.8,1.0,SetByAsk
2025-12-16 20:45:35,2025-12-16T20:45:35,58.8,1.0,SetByAsk
2025-12-16 20:45:35,2025-12-16T20:45:35,58.8,1.0,SetByAsk
2025-12-16 20:45:35,2025-12-16T20:45:35,58.8,1.0,SetByAsk
2025-12-16 20:45:35,2025-12-16T20:45:35,58.8,1.0,SetByAsk
2025-12-16 20:45:35,2025-12-16T20:45:35,58.8,1.0,SetByAsk
2025-12-16 20:45:35,2025-12-16T20:45:35,58.8,1.0,SetByAsk
2025-12-16 20:45:35,2025-12-16T20:45:35,58.8,1.0,SetByAsk
2025-12-16 20:45:35,2025-12-16T20:45:35,58.8,1.0,SetByAsk
2025-12-16 20:45:35,2025-12-16T20:45:35,58.8,1.0,SetByAsk
2025-12-16 20:45:35,2025-12-16T20:45:35,58.8,4.0,SetByAsk
2025-12-16 20:45:35,2025-12-16T20:45:35,58.8,1.0,SetByAsk
2025-12-16 20:45:35,2025-12-16T20:45:35,58.8,1.0,SetByAsk
2025-12-16 20:45:35,2025-12-16T20:45:35,58.8,1.0,SetByAsk
2025-12-16 20:45:35,2025-12-16T20:45:35,58.8,1.0,SetByAsk
2025-12-16 20:45:35,2025-12-16T20:45:35,58.8,1.0,SetByAsk
2025-12-16 20:45:35,2025-12-16T20:45:35,58.8,1.0,SetByAsk
2025-12-16 20:45:35,2025-12-16T20:45:35,58.8,1.0,SetByAsk
2025-12-16 20:45:35,2025-12-16T20:45:35,58.8,1.0,SetByAsk
2025-12-16 20:45:35,2025-12-16T20:45:35,58.8,1.0,SetByAsk
2025-12-16 20:45:35,2025-12-16T20:45:35,58.8,1.0,SetByAsk
2025-12-16 20:45:35,2025-12-16T20:45:35,58.8,1.0,SetByAsk
2025-12-16 20:45:39,2025-12-16T20:45:39,58.8,1.0,SetByBid
2025-12-16 20:45:41,2025-12-16T20:45:41,58.81,1.0,SetByAsk
2025-12-16 20:45:43,2025-12-16T20:45:43,58.82,1.0,SetByBid
2025-12-16 20:45:43,2025-12-16T20:45:43,58.81,2.0,SetByAsk
2025-12-16 20:45:43,2025-12-16T20:45:43,58.81,1.0,SetByAsk
2025-12-16 20:45:43,2025-12-16T20:45:43,58.81,1.0,SetByAsk
2025-12-16 20:46:05,2025-12-16T20:46:05,58.81,1.0,SetByBid
2025-12-16 20:46:05,2025-12-16T20:46:05,58.81,1.0,SetByBid
2025-12-16 20:46:05,2025-12-16T20:46:05,58.81,1.0,SetByBid
2025-12-16 20:46:10,2025-12-16T20:46:10,58.82,1.0,SetByBid
2025-12-16 20:46:10,2025-12-16T20:46:10,58.82,3.0,SetByBid
2025-12-16 20:46:32,2025-12-16T20:46:32,58.81,1.0,SetByAsk
2025-12-16 20:47:06,2025-12-16T20:47:06,58.78,1.0,SetByAsk
2025-12-16 20:47:07,2025-12-16T20:47:07,58.78,1.0,SetByBid
2025-12-16 20:47:07,2025-12-16T20:47:07,58.78,1.0,SetByBid
2025-12-16 20:47:07,2025-12-16T20:47:07,58.78,1.0,SetByBid
2025-12-16 20:47:07,2025-12-16T20:47:07,58.78,1.0,SetByBid
2025-12-16 20:47:07,2025-12-16T20:47:07,58.78,1.0,SetByBid
2025-12-16 20:47:07,2025-12-16T20:47:07,58.78,1.0,SetByBid
2025-12-16 20:47:12,2025-12-16T20:47:12,58.79,1.0,SetByBid
2025-12-16 20:47:47,2025-12-16T20:47:47,58.79,1.0,SetByBid
2025-12-16 20:48:03,2025-12-16T20:48:03,58.79,1.0,SetByBid
2025-12-16 20:49:01,2025-12-16T20:49:01,58.78,1.0,SetByBid
2025-12-16 20:49:01,2025-12-16T20:49:01,58.78,1.0,SetByBid
2025-12-16 20:49:26,2025-12-16T20:49:26,58.78,1.0,SetByAsk
2025-12-16 20:49:34,2025-12-16T20:49:34,58.78,1.0,SetByBid
2025-12-16 20:49:55,2025-12-16T20:49:55,58.76,1.0,SetByAsk
2025-12-16 20:50:02,2025-12-16T20:50:02,58.78,1.0,SetByBid
2025-12-16 20:50:17,2025-12-16T20:50:17,58.78,1.0,SetByAsk
2025-12-16 20:50:43,2025-12-16T20:50:43,58.79,1.0,SetByBid
2025-12-16 20:50:51,2025-12-16T20:50:51,58.8,1.0,SetByAsk
2025-12-16 20:51:33,2025-12-16T20:51:33,58.8,1.0,SetByBid
2025-12-16 20:51:33,2025-12-16T20:51:33,58.8,1.0,SetByBid
2025-12-16 20:51:33,2025-12-16T20:51:33,58.8,1.0,SetByBid
2025-12-16 20:51:36,2025-12-16T20:51:36,58.79,1.0,SetByAsk
2025-12-16 20:51:36,2025-12-16T20:51:36,58.79,1.0,SetByAsk
2025-12-16 20:51:36,2025-12-16T20:51:36,58.79,1.0,SetByAsk
2025-12-16 20:52:06,2025-12-16T20:52:06,58.79,1.0,SetByBid
2025-12-16 20:52:12,2025-12-16T20:52:12,58.8,1.0,SetByBid
2025-12-16 20:53:02,2025-12-16T20:53:02,58.79,1.0,SetByBid
2025-12-16 20:53:20,2025-12-16T20:53:20,58.78,1.0,SetByAsk
2025-12-16 20:53:23,2025-12-16T20:53:23,58.79,1.0,SetByBid
2025-12-16 20:53:23,2025-12-16T20:53:23,58.79,1.0,SetByBid
2025-12-16 20:53:23,2025-12-16T20:53:23,58.79,1.0,SetByBid
2025-12-16 20:53:23,2025-12-16T20:53:23,58.79,1.0,SetByBid
2025-12-16 20:53:23,2025-12-16T20:53:23,58.79,2.0,SetByBid
2025-12-16 20:53:36,2025-12-16T20:53:36,58.78,1.0,SetByAsk
2025-12-16 20:53:36,2025-12-16T20:53:36,58.78,1.0,SetByAsk
2025-12-16 20:53:36,2025-12-16T20:53:36,58.78,1.0,SetByAsk
2025-12-16 20:53:36,2025-12-16T20:53:36,58.78,1.0,SetByAsk
2025-12-16 20:53:36,2025-12-16T20:53:36,58.78,1.0,SetByAsk
2025-12-16 20:53:36,2025-12-16T20:53:36,58.78,1.0,SetByAsk
2025-12-16 20:53:36,2025-12-16T20:53:36,58.78,1.0,SetByAsk
2025-12-16 20:53:36,2025-12-16T20:53:36,58.78,1.0,SetByAsk
2025-12-16 20:53:36,2025-12-16T20:53:36,58.78,1.0,SetByAsk
2025-12-16 20:53:36,2025-12-16T20:53:36,58.78,1.0,SetByAsk
2025-12-16 20:53:37,2025-12-16T20:53:37,58.78,1.0,SetByAsk
2025-12-16 20:53:37,2025-12-16T20:53:37,58.78,1.0,SetByAsk
2025-12-16 20:53:47,2025-12-16T20:53:47,58.77,1.0,SetByAsk
2025-12-16 20:53:49,2025-12-16T20:53:49,58.78,1.0,SetByBid
2025-12-16 20:53:49,2025-12-16T20:53:49,58.78,1.0,SetByBid
2025-12-16 20:53:49,2025-12-16T20:53:49,58.78,1.0,SetByBid
2025-12-16 20:53:49,2025-12-16T20:53:49,58.78,1.0,SetByBid
2025-12-16 20:53:49,2025-12-16T20:53:49,58.78,1.0,SetByBid
2025-12-16 20:54:11,2025-12-16T20:54:11,58.78,1.0,SetByBid
2025-12-16 20:54:28,2025-12-16T20:54:28,58.79,1.0,SetByBid
2025-12-16 20:54:48,2025-12-16T20:54:48,58.78,1.0,SetByBid
2025-12-16 20:55:07,2025-12-16T20:55:07,58.79,1.0,SetByBid
2025-12-16 20:55:07,2025-12-16T20:55:07,58.79,1.0,SetByBid
2025-12-16 20:55:59,2025-12-16T20:55:59,58.82,1.0,SetByBid
2025-12-16 20:56:03,2025-12-16T20:56:03,58.83,1.0,SetByBid
2025-12-16 20:56:03,2025-12-16T20:56:03,58.83,1.0,SetByBid
2025-12-16 20:56:10,2025-12-16T20:56:10,58.8,1.0,SetByAsk
2025-12-16 20:56:10,2025-12-16T20:56:10,58.8,1.0,SetByAsk
2025-12-16 20:56:10,2025-12-16T20:56:10,58.8,1.0,SetByAsk
2025-12-16 20:56:55,2025-12-16T20:56:55,58.82,1.0,SetByAsk
2025-12-16 20:57:09,2025-12-16T20:57:09,58.8,1.0,SetByBid
2025-12-16 20:57:20,2025-12-16T20:57:20,58.8,1.0,SetByBid
2025-12-16 20:58:02,2025-12-16T20:58:02,58.83,1.0,SetByBid
2025-12-16 20:58:02,2025-12-16T20:58:02,58.84,1.0,SetByBid
2025-12-16 20:58:02,2025-12-16T20:58:02,58.84,1.0,SetByBid
2025-12-16 20:58:02,2025-12-16T20:58:02,58.84,1.0,SetByBid
2025-12-16 20:58:02,2025-12-16T20:58:02,58.84,1.0,SetByBid
2025-12-16 20:58:02,2025-12-16T20:58:02,58.84,1.0,SetByBid
2025-12-16 20:58:02,2025-12-16T20:58:02,58.84,1.0,SetByBid
2025-12-16 20:58:02,2025-12-16T20:58:02,58.83,1.0,SetByBid
2025-12-16 20:58:02,2025-12-16T20:58:02,58.83,1.0,SetByBid
2025-12-16 20:58:11,2025-12-16T20:58:11,58.84,1.0,SetByAsk
2025-12-16 20:58:11,2025-12-16T20:58:11,58.84,1.0,SetByAsk
2025-12-16 20:58:35,2025-12-16T20:58:35,58.85,2.0,SetByAsk
2025-12-16 20:59:09,2025-12-16T20:59:09,58.85,1.0,SetByBid
2025-12-16 20:59:19,2025-12-16T20:59:19,58.84,1.0,SetByAsk
2025-12-16 20:59:35,2025-12-16T20:59:35,58.84,1.0,SetByAsk
2025-12-16 20:59:48,2025-12-16T20:59:48,58.84,1.0,SetByAsk
2025-12-16 20:59:48,2025-12-16T20:59:48,58.84,1.0,SetByAsk
2025-12-16 20:59:55,2025-12-16T20:59:55,58.81,1.0,SetByAsk
2025-12-16 21:00:00,2025-12-16T21:00:00,58.85,1.0,SetByBid
2025-12-16 21:00:00,2025-12-16T21:00:00,58.85,1.0,SetByBid
2025-12-16 21:00:00,2025-12-16T21:00:00,58.85,1.0,SetByBid
2025-12-16 21:00:12,2025-12-16T21:00:12,58.84,1.0,SetByAsk
2025-12-16 21:00:26,2025-12-16T21:00:26,58.84,1.0,SetByBid
2025-12-16 21:00:38,2025-12-16T21:00:38,58.85,1.0,SetByBid
2025-12-16 21:00:38,2025-12-16T21:00:38,58.85,1.0,SetByBid
2025-12-16 21:00:38,2025-12-16T21:00:38,58.85,1.0,SetByBid
2025-12-16 21:00:38,2025-12-16T21:00:38,58.85,1.0,SetByBid
2025-12-16 21:00:38,2025-12-16T21:00:38,58.85,8.0,SetByBid
2025-12-16 21:00:38,2025-12-16T21:00:38,58.85,1.0,SetByBid
2025-12-16 21:00:58,2025-12-16T21:00:58,58.86,1.0,SetByBid
2025-12-16 21:00:58,2025-12-16T21:00:58,58.86,1.0,SetByBid
2025-12-16 21:00:58,2025-12-16T21:00:58,58.87,1.0,SetByBid
2025-12-16 21:01:48,2025-12-16T21:01:48,58.86,1.0,SetByAsk
2025-12-16 21:01:49,2025-12-16T21:01:49,58.86,1.0,SetByAsk
2025-12-16 21:01:49,2025-12-16T21:01:49,58.86,1.0,SetByAsk
2025-12-16 21:01:49,2025-12-16T21:01:49,58.86,1.0,SetByAsk
2025-12-16 21:02:24,2025-12-16T21:02:24,58.87,1.0,SetByBid
2025-12-16 21:02:24,2025-12-16T21:02:24,58.87,1.0,SetByBid
2025-12-16 21:02:30,2025-12-16T21:02:30,58.87,1.0,SetByBid
2025-12-16 21:02:30,2025-12-16T21:02:30,58.87,1.0,SetByBid
2025-12-16 21:03:20,2025-12-16T21:03:20,58.86,1.0,SetByBid
2025-12-16 21:03:29,2025-12-16T21:03:29,58.86,1.0,SetByBid
2025-12-16 21:03:29,2025-12-16T21:03:29,58.86,1.0,SetByBid
2025-12-16 21:03:30,2025-12-16T21:03:30,58.86,1.0,SetByBid
2025-12-16 21:03:30,2025-12-16T21:03:30,58.86,1.0,SetByBid
2025-12-16 21:03:30,2025-12-16T21:03:30,58.86,1.0,SetByBid
2025-12-16 21:03:30,2025-12-16T21:03:30,58.86,1.0,SetByBid
2025-12-16 21:03:47,2025-12-16T21:03:47,58.88,1.0,SetByBid
2025-12-16 21:03:47,2025-12-16T21:03:47,58.88,1.0,SetByBid
2025-12-16 21:03:47,2025-12-16T21:03:47,58.88,1.0,SetByBid
2025-12-16 21:04:09,2025-12-16T21:04:09,58.89,1.0,SetByBid
2025-12-16 21:05:11,2025-12-16T21:05:11,58.91,1.0,SetByBid
2025-12-16 21:05:16,2025-12-16T21:05:16,58.93,1.0,SetByBid
2025-12-16 21:05:16,2025-12-16T21:05:16,58.93,1.0,SetByBid
2025-12-16 21:05:16,2025-12-16T21:05:16,58.93,1.0,SetByBid
2025-12-16 21:05:36,2025-12-16T21:05:36,58.94,1.0,SetByBid
2025-12-16 21:05:36,2025-12-16T21:05:36,58.94,1.0,SetByBid
2025-12-16 21:05:36,2025-12-16T21:05:36,58.94,1.0,SetByBid
2025-12-16 21:05:36,2025-12-16T21:05:36,58.94,1.0,SetByBid
2025-12-16 21:05:44,2025-12-16T21:05:44,58.93,1.0,SetByAsk
2025-12-16 21:06:01,2025-12-16T21:06:01,58.92,1.0,SetByBid
2025-12-16 21:06:21,2025-12-16T21:06:21,58.93,1.0,SetByAsk
2025-12-16 21:06:43,2025-12-16T21:06:43,58.92,1.0,SetByAsk
2025-12-16 21:07:15,2025-12-16T21:07:15,58.93,1.0,SetByAsk
2025-12-16 21:07:15,2025-12-16T21:07:15,58.93,1.0,SetByBid
2025-12-16 21:07:17,2025-12-16T21:07:17,58.96,1.0,SetByAsk
2025-12-16 21:07:17,2025-12-16T21:07:17,58.96,4.0,SetByAsk
2025-12-16 21:07:17,2025-12-16T21:07:17,58.96,1.0,SetByBid
2025-12-16 21:07:18,2025-12-16T21:07:18,58.95,1.0,SetByAsk
2025-12-16 21:07:18,2025-12-16T21:07:18,58.95,1.0,SetByAsk
2025-12-16 21:07:18,2025-12-16T21:07:18,58.95,1.0,SetByAsk
2025-12-16 21:07:18,2025-12-16T21:07:18,58.95,2.0,"SetByAsk, Leg"
2025-12-16 21:07:18,2025-12-16T21:07:18,58.94,2.0,"SetByAsk, Leg"
2025-12-16 21:07:18,2025-12-16T21:07:18,58.94,1.0,SetByAsk
2025-12-16 21:07:18,2025-12-16T21:07:18,58.94,1.0,SetByAsk
2025-12-16 21:07:18,2025-12-16T21:07:18,58.94,1.0,SetByAsk
2025-12-16 21:07:18,2025-12-16T21:07:18,58.94,1.0,SetByAsk
2025-12-16 21:07:18,2025-12-16T21:07:18,58.94,1.0,SetByAsk
2025-12-16 21:07:18,2025-12-16T21:07:18,58.94,1.0,SetByAsk
2025-12-16 21:07:18,2025-12-16T21:07:18,58.94,1.0,SetByAsk
2025-12-16 21:07:18,2025-12-16T21:07:18,58.94,1.0,SetByAsk
2025-12-16 21:07:18,2025-12-16T21:07:18,58.94,1.0,SetByAsk
2025-12-16 21:07:18,2025-12-16T21:07:18,58.94,1.0,SetByAsk
2025-12-16 21:07:18,2025-12-16T21:07:18,58.94,2.0,SetByAsk
2025-12-16 21:07:42,2025-12-16T21:07:42,58.95,1.0,SetByAsk
2025-12-16 21:08:15,2025-12-16T21:08:15,58.92,1.0,SetByBid
2025-12-16 21:08:15,2025-12-16T21:08:15,58.92,1.0,SetByBid
2025-12-16 21:08:15,2025-12-16T21:08:15,58.92,1.0,SetByBid
2025-12-16 21:08:40,2025-12-16T21:08:40,58.91,1.0,SetByAsk
2025-12-16 21:08:40,2025-12-16T21:08:40,58.91,1.0,SetByAsk
2025-12-16 21:08:49,2025-12-16T21:08:49,58.89,1.0,SetByBid
2025-12-16 21:08:57,2025-12-16T21:08:57,58.88,1.0,SetByAsk
2025-12-16 21:08:57,2025-12-16T21:08:57,58.88,1.0,SetByAsk
2025-12-16 21:08:57,2025-12-16T21:08:57,58.88,1.0,SetByAsk
2025-12-16 21:08:57,2025-12-16T21:08:57,58.88,1.0,SetByAsk
2025-12-16 21:09:42,2025-12-16T21:09:42,58.9,1.0,SetByBid
2025-12-16 21:09:42,2025-12-16T21:09:42,58.9,1.0,SetByBid
2025-12-16 21:09:42,2025-12-16T21:09:42,58.9,1.0,SetByBid
2025-12-16 21:09:42,2025-12-16T21:09:42,58.9,1.0,SetByBid
2025-12-16 21:09:42,2025-12-16T21:09:42,58.9,1.0,SetByBid
2025-12-16 21:09:42,2025-12-16T21:09:42,58.9,1.0,SetByBid
2025-12-16 21:09:42,2025-12-16T21:09:42,58.9,1.0,SetByBid
2025-12-16 21:09:55,2025-12-16T21:09:55,58.89,1.0,SetByAsk
2025-12-16 21:10:02,2025-12-16T21:10:02,58.88,1.0,SetByAsk
2025-12-16 21:10:11,2025-12-16T21:10:11,58.87,1.0,SetByBid
2025-12-16 21:10:13,2025-12-16T21:10:13,58.86,1.0,SetByAsk
2025-12-16 21:10:48,2025-12-16T21:10:48,58.86,1.0,SetByBid
2025-12-16 21:11:01,2025-12-16T21:11:01,58.85,1.0,SetByAsk
2025-12-16 21:11:02,2025-12-16T21:11:02,58.86,1.0,SetByBid
2025-12-16 21:11:02,2025-12-16T21:11:02,58.86,1.0,SetByBid
2025-12-16 21:11:02,2025-12-16T21:11:02,58.86,1.0,SetByBid
2025-12-16 21:11:02,2025-12-16T21:11:02,58.86,1.0,SetByBid
2025-12-16 21:11:02,2025-12-16T21:11:02,58.86,1.0,SetByBid
2025-12-16 21:11:22,2025-12-16T21:11:22,58.84,1.0,SetByAsk
2025-12-16 21:12:22,2025-12-16T21:12:22,58.88,1.0,SetByAsk
2025-12-16 21:13:00,2025-12-16T21:13:00,58.88,1.0,SetByBid
2025-12-16 21:13:00,2025-12-16T21:13:00,58.88,1.0,SetByBid
2025-12-16 21:13:14,2025-12-16T21:13:14,58.89,1.0,SetByBid
2025-12-16 21:13:43,2025-12-16T21:13:43,58.89,1.0,SetByAsk
2025-12-16 21:13:43,2025-12-16T21:13:43,58.89,1.0,SetByAsk
2025-12-16 21:13:43,2025-12-16T21:13:43,58.89,1.0,SetByBid
2025-12-16 21:13:57,2025-12-16T21:13:57,58.89,1.0,SetByAsk
2025-12-16 21:13:59,2025-12-16T21:13:59,58.88,1.0,SetByAsk
2025-12-16 21:14:25,2025-12-16T21:14:25,58.89,1.0,SetByAsk
2025-12-16 21:15:05,2025-12-16T21:15:05,58.89,1.0,SetByAsk
2025-12-16 21:15:05,2025-12-16T21:15:05,58.89,1.0,SetByAsk
2025-12-16 21:17:59,2025-12-16T21:17:59,58.87,1.0,SetByAsk
2025-12-16 21:19:07,2025-12-16T21:19:07,58.84,1.0,SetByBid
2025-12-16 21:19:07,2025-12-16T21:19:07,58.84,1.0,SetByBid
2025-12-16 21:19:45,2025-12-16T21:19:45,58.84,1.0,SetByAsk
2025-12-16 21:20:12,2025-12-16T21:20:12,58.83,1.0,SetByAsk
2025-12-16 21:20:18,2025-12-16T21:20:18,58.82,1.0,SetByAsk
2025-12-16 21:20:18,2025-12-16T21:20:18,58.82,1.0,SetByAsk
2025-12-16 21:20:20,2025-12-16T21:20:20,58.82,1.0,SetByAsk
2025-12-16 21:20:28,2025-12-16T21:20:28,58.81,1.0,SetByAsk
2025-12-16 21:20:30,2025-12-16T21:20:30,58.81,1.0,SetByAsk
2025-12-16 21:20:30,2025-12-16T21:20:30,58.81,1.0,SetByAsk
2025-12-16 21:20:31,2025-12-16T21:20:31,58.81,1.0,SetByAsk
2025-12-16 21:20:31,2025-12-16T21:20:31,58.81,1.0,SetByAsk
2025-12-16 21:20:40,2025-12-16T21:20:40,58.82,1.0,SetByBid
2025-12-16 21:21:12,2025-12-16T21:21:12,58.82,1.0,SetByAsk
2025-12-16 21:21:53,2025-12-16T21:21:53,58.81,1.0,SetByBid
2025-12-16 21:22:01,2025-12-16T21:22:01,58.8,1.0,SetByAsk
2025-12-16 21:22:01,2025-12-16T21:22:01,58.8,1.0,SetByAsk
2025-12-16 21:22:23,2025-12-16T21:22:23,58.77,1.0,SetByAsk
2025-12-16 21:22:23,2025-12-16T21:22:23,58.78,1.0,SetByBid
2025-12-16 21:22:23,2025-12-16T21:22:23,58.78,1.0,SetByBid
2025-12-16 21:22:23,2025-12-16T21:22:23,58.78,1.0,SetByBid
2025-12-16 21:22:41,2025-12-16T21:22:41,58.78,1.0,SetByAsk
2025-12-16 21:22:53,2025-12-16T21:22:53,58.77,1.0,SetByAsk
2025-12-16 21:23:05,2025-12-16T21:23:05,58.77,1.0,SetByAsk
2025-12-16 21:23:05,2025-12-16T21:23:05,58.77,1.0,SetByAsk
2025-12-16 21:23:05,2025-12-16T21:23:05,58.77,1.0,SetByAsk
2025-12-16 21:23:05,2025-12-16T21:23:05,58.77,1.0,SetByAsk
2025-12-16 21:23:05,2025-12-16T21:23:05,58.77,1.0,SetByAsk
2025-12-16 21:23:05,2025-12-16T21:23:05,58.77,1.0,SetByAsk
2025-12-16 21:23:05,2025-12-16T21:23:05,58.77,4.0,SetByAsk
2025-12-16 21:23:05,2025-12-16T21:23:05,58.77,1.0,SetByAsk
2025-12-16 21:23:05,2025-12-16T21:23:05,58.77,1.0,SetByAsk
2025-12-16 21:23:05,2025-12-16T21:23:05,58.77,3.0,SetByAsk
2025-12-16 21:23:43,2025-12-16T21:23:43,58.79,1.0,SetByAsk
2025-12-16 21:23:59,2025-12-16T21:23:59,58.79,1.0,SetByBid
2025-12-16 21:24:08,2025-12-16T21:24:08,58.76,1.0,SetByAsk
2025-12-16 21:24:08,2025-12-16T21:24:08,58.76,1.0,SetByAsk
2025-12-16 21:24:23,2025-12-16T21:24:23,58.75,1.0,SetByAsk
2025-12-16 21:24:48,2025-12-16T21:24:48,58.75,1.0,SetByBid
2025-12-16 21:24:54,2025-12-16T21:24:54,58.74,1.0,SetByAsk
2025-12-16 21:24:54,2025-12-16T21:24:54,58.74,1.0,SetByBid
2025-12-16 21:25:30,2025-12-16T21:25:30,58.76,1.0,SetByBid
2025-12-16 21:25:30,2025-12-16T21:25:30,58.76,1.0,SetByBid
2025-12-16 21:26:38,2025-12-16T21:26:38,58.74,1.0,SetByAsk
2025-12-16 21:27:03,2025-12-16T21:27:03,58.74,1.0,SetByAsk
2025-12-16 21:27:18,2025-12-16T21:27:18,58.74,1.0,SetByAsk
2025-12-16 21:28:07,2025-12-16T21:28:07,58.75,1.0,SetByBid
2025-12-16 21:29:32,2025-12-16T21:29:32,58.79,1.0,SetByAsk
2025-12-16 21:29:49,2025-12-16T21:29:49,58.8,1.0,SetByBid
2025-12-16 21:30:00,2025-12-16T21:30:00,58.8,1.0,SetByAsk
2025-12-16 21:30:00,2025-12-16T21:30:00,58.8,1.0,SetByAsk
2025-12-16 21:30:01,2025-12-16T21:30:01,58.81,1.0,SetByBid
2025-12-16 21:30:01,2025-12-16T21:30:01,58.81,1.0,SetByBid
2025-12-16 21:30:01,2025-12-16T21:30:01,58.81,1.0,SetByBid
2025-12-16 21:30:01,2025-12-16T21:30:01,58.81,1.0,SetByBid
2025-12-16 21:30:01,2025-12-16T21:30:01,58.81,1.0,SetByBid
2025-12-16 21:30:01,2025-12-16T21:30:01,58.81,1.0,SetByAsk
2025-12-16 21:30:46,2025-12-16T21:30:46,58.85,1.0,SetByBid
2025-12-16 21:30:57,2025-12-16T21:30:57,58.85,1.0,SetByAsk
2025-12-16 21:31:04,2025-12-16T21:31:04,58.85,1.0,SetByAsk
2025-12-16 21:31:30,2025-12-16T21:31:30,58.86,1.0,SetByAsk
2025-12-16 21:32:46,2025-12-16T21:32:46,58.83,1.0,SetByAsk
2025-12-16 21:35:13,2025-12-16T21:35:13,58.78,1.0,SetByAsk
2025-12-16 21:35:26,2025-12-16T21:35:26,58.78,1.0,SetByBid
2025-12-16 21:35:26,2025-12-16T21:35:26,58.78,2.0,SetByBid
2025-12-16 21:35:26,2025-12-16T21:35:26,58.78,1.0,SetByBid
2025-12-16 21:35:26,2025-12-16T21:35:26,58.78,5.0,SetByBid
2025-12-16 21:36:02,2025-12-16T21:36:02,58.78,1.0,SetByBid
2025-12-16 21:36:02,2025-12-16T21:36:02,58.78,1.0,SetByBid
2025-12-16 21:36:02,2025-12-16T21:36:02,58.78,1.0,SetByBid
2025-12-16 21:36:02,2025-12-16T21:36:02,58.78,1.0,SetByBid
2025-12-16 21:36:20,2025-12-16T21:36:20,58.78,1.0,SetByBid
2025-12-16 21:36:49,2025-12-16T21:36:49,58.77,1.0,SetByAsk
2025-12-16 21:37:04,2025-12-16T21:37:04,58.77,1.0,SetByBid
2025-12-16 21:37:52,2025-12-16T21:37:52,58.77,1.0,SetByAsk
2025-12-16 21:37:53,2025-12-16T21:37:53,58.76,1.0,SetByAsk
2025-12-16 21:37:53,2025-12-16T21:37:53,58.76,1.0,SetByAsk
2025-12-16 21:37:53,2025-12-16T21:37:53,58.76,1.0,SetByAsk
2025-12-16 21:37:53,2025-12-16T21:37:53,58.76,1.0,SetByAsk
2025-12-16 21:37:53,2025-12-16T21:37:53,58.76,1.0,SetByAsk
2025-12-16 21:37:55,2025-12-16T21:37:55,58.75,1.0,SetByAsk
2025-12-16 21:37:56,2025-12-16T21:37:56,58.75,1.0,SetByAsk
2025-12-16 21:37:58,2025-12-16T21:37:58,58.75,1.0,SetByAsk
2025-12-16 21:38:00,2025-12-16T21:38:00,58.76,1.0,SetByBid
2025-12-16 21:38:03,2025-12-16T21:38:03,58.76,1.0,SetByAsk
2025-12-16 21:38:03,2025-12-16T21:38:03,58.76,1.0,SetByAsk
2025-12-16 21:38:03,2025-12-16T21:38:03,58.76,1.0,SetByAsk
2025-12-16 21:38:05,2025-12-16T21:38:05,58.76,1.0,SetByAsk
2025-12-16 21:38:05,2025-12-16T21:38:05,58.76,1.0,SetByBid
2025-12-16 21:38:10,2025-12-16T21:38:10,58.76,1.0,SetByAsk
2025-12-16 21:38:10,2025-12-16T21:38:10,58.76,1.0,SetByAsk
2025-12-16 21:38:12,2025-12-16T21:38:12,58.75,1.0,SetByAsk
2025-12-16 21:38:12,2025-12-16T21:38:12,58.75,1.0,SetByAsk
2025-12-16 21:38:12,2025-12-16T21:38:12,58.75,1.0,SetByAsk
2025-12-16 21:38:13,2025-12-16T21:38:13,58.75,1.0,SetByAsk
2025-12-16 21:38:13,2025-12-16T21:38:13,58.75,1.0,SetByAsk
2025-12-16 21:38:15,2025-12-16T21:38:15,58.75,1.0,SetByAsk
2025-12-16 21:38:19,2025-12-16T21:38:19,58.74,1.0,SetByAsk
2025-12-16 21:38:19,2025-12-16T21:38:19,58.74,1.0,SetByAsk
2025-12-16 21:38:24,2025-12-16T21:38:24,58.74,1.0,SetByAsk
2025-12-16 21:38:24,2025-12-16T21:38:24,58.74,1.0,SetByAsk
2025-12-16 21:38:24,2025-12-16T21:38:24,58.74,1.0,SetByAsk
2025-12-16 21:38:25,2025-12-16T21:38:25,58.73,1.0,SetByAsk
2025-12-16 21:38:25,2025-12-16T21:38:25,58.74,1.0,SetByBid
2025-12-16 21:38:25,2025-12-16T21:38:25,58.73,1.0,SetByAsk
2025-12-16 21:38:34,2025-12-16T21:38:34,58.73,1.0,SetByBid
2025-12-16 21:38:34,2025-12-16T21:38:34,58.73,1.0,SetByAsk
2025-12-16 21:38:35,2025-12-16T21:38:35,58.73,1.0,SetByBid
2025-12-16 21:38:35,2025-12-16T21:38:35,58.73,1.0,SetByBid
2025-12-16 21:38:40,2025-12-16T21:38:40,58.73,1.0,SetByAsk
2025-12-16 21:38:41,2025-12-16T21:38:41,58.73,1.0,SetByAsk
2025-12-16 21:38:41,2025-12-16T21:38:41,58.73,1.0,SetByAsk
2025-12-16 21:38:57,2025-12-16T21:38:57,58.73,1.0,SetByBid
2025-12-16 21:39:01,2025-12-16T21:39:01,58.73,1.0,SetByBid
2025-12-16 21:39:12,2025-12-16T21:39:12,58.73,1.0,SetByAsk
2025-12-16 21:39:12,2025-12-16T21:39:12,58.73,1.0,SetByAsk
2025-12-16 21:39:12,2025-12-16T21:39:12,58.73,1.0,SetByAsk
2025-12-16 21:39:12,2025-12-16T21:39:12,58.73,1.0,SetByAsk
2025-12-16 21:39:12,2025-12-16T21:39:12,58.73,1.0,SetByAsk
2025-12-16 21:39:12,2025-12-16T21:39:12,58.73,1.0,SetByAsk
2025-12-16 21:39:12,2025-12-16T21:39:12,58.73,1.0,SetByAsk
2025-12-16 21:39:32,2025-12-16T21:39:32,58.71,1.0,SetByAsk
2025-12-16 21:39:34,2025-12-16T21:39:34,58.72,1.0,SetByBid
2025-12-16 21:39:41,2025-12-16T21:39:41,58.71,1.0,SetByAsk
2025-12-16 21:39:41,2025-12-16T21:39:41,58.71,1.0,SetByAsk
2025-12-16 21:39:41,2025-12-16T21:39:41,58.71,1.0,SetByAsk
2025-12-16 21:39:41,2025-12-16T21:39:41,58.71,1.0,SetByAsk
2025-12-16 21:39:41,2025-12-16T21:39:41,58.71,1.0,SetByAsk
2025-12-16 21:39:41,2025-12-16T21:39:41,58.71,1.0,SetByAsk
2025-12-16 21:39:50,2025-12-16T21:39:50,58.71,1.0,SetByBid
2025-12-16 21:40:10,2025-12-16T21:40:10,58.71,1.0,SetByBid
2025-12-16 21:40:10,2025-12-16T21:40:10,58.71,1.0,SetByBid
2025-12-16 21:40:17,2025-12-16T21:40:17,58.72,1.0,SetByAsk
2025-12-16 21:42:33,2025-12-16T21:42:33,58.7,1.0,SetByBid
2025-12-16 21:42:34,2025-12-16T21:42:34,58.7,2.0,SetByBid
2025-12-16 21:42:34,2025-12-16T21:42:34,58.7,3.0,SetByBid
2025-12-16 21:42:39,2025-12-16T21:42:39,58.7,1.0,SetByAsk
2025-12-16 21:44:09,2025-12-16T21:44:09,58.7,1.0,SetByBid
2025-12-16 21:44:51,2025-12-16T21:44:51,58.71,1.0,SetByAsk
2025-12-16 21:45:14,2025-12-16T21:45:14,58.74,1.0,SetByAsk
2025-12-16 21:45:32,2025-12-16T21:45:32,58.75,1.0,SetByBid
2025-12-16 21:45:41,2025-12-16T21:45:41,58.75,1.0,SetByBid
2025-12-16 21:46:43,2025-12-16T21:46:43,58.76,1.0,SetByBid
2025-12-16 21:47:54,2025-12-16T21:47:54,58.77,1.0,SetByAsk
2025-12-16 21:48:53,2025-12-16T21:48:53,58.75,1.0,SetByAsk
2025-12-16 21:48:53,2025-12-16T21:48:53,58.75,4.0,SetByAsk
2025-12-16 21:49:43,2025-12-16T21:49:43,58.73,1.0,SetByAsk
2025-12-16 21:50:00,2025-12-16T21:50:00,58.72,2.0,SetByBid
2025-12-16 21:50:37,2025-12-16T21:50:37,58.72,1.0,SetByBid
2025-12-16 21:50:54,2025-12-16T21:50:54,58.72,10.0,SetByBid
2025-12-16 21:50:54,2025-12-16T21:50:54,58.72,1.0,SetByBid
2025-12-16 21:50:54,2025-12-16T21:50:54,58.72,1.0,SetByBid
2025-12-16 21:51:34,2025-12-16T21:51:34,58.71,2.0,SetByAsk
2025-12-16 21:51:34,2025-12-16T21:51:34,58.71,2.0,SetByAsk
2025-12-16 21:52:02,2025-12-16T21:52:02,58.71,1.0,SetByBid
2025-12-16 21:52:12,2025-12-16T21:52:12,58.7,1.0,SetByAsk
2025-12-16 21:52:12,2025-12-16T21:52:12,58.7,1.0,SetByAsk
2025-12-16 21:52:12,2025-12-16T21:52:12,58.7,1.0,SetByAsk
2025-12-16 21:52:21,2025-12-16T21:52:21,58.71,1.0,SetByBid
2025-12-16 21:52:23,2025-12-16T21:52:23,58.71,1.0,SetByBid
2025-12-16 21:52:26,2025-12-16T21:52:26,58.71,1.0,SetByBid
2025-12-16 21:53:00,2025-12-16T21:53:00,58.7,1.0,SetByAsk
2025-12-16 21:53:00,2025-12-16T21:53:00,58.7,1.0,SetByAsk
2025-12-16 21:53:00,2025-12-16T21:53:00,58.69,1.0,SetByAsk
2025-12-16 21:53:06,2025-12-16T21:53:06,58.71,1.0,SetByBid
2025-12-16 21:53:37,2025-12-16T21:53:37,58.7,1.0,SetByAsk
2025-12-16 21:53:41,2025-12-16T21:53:41,58.71,1.0,SetByBid
2025-12-16 21:54:28,2025-12-16T21:54:28,58.72,1.0,SetByAsk
2025-12-16 21:55:59,2025-12-16T21:55:59,58.72,1.0,SetByAsk
2025-12-16 21:55:59,2025-12-16T21:55:59,58.72,1.0,SetByAsk
2025-12-16 21:56:14,2025-12-16T21:56:14,58.71,1.0,SetByAsk
2025-12-16 21:56:14,2025-12-16T21:56:14,58.71,1.0,SetByAsk
2025-12-16 21:56:15,2025-12-16T21:56:15,58.7,1.0,SetByAsk
2025-12-16 21:56:30,2025-12-16T21:56:30,58.71,1.0,SetByBid
2025-12-16 21:57:01,2025-12-16T21:57:01,58.72,1.0,SetByBid
2025-12-16 21:57:25,2025-12-16T21:57:25,58.71,1.0,SetByAsk
2025-12-16 21:57:25,2025-12-16T21:57:25,58.71,1.0,SetByAsk
2025-12-16 21:57:39,2025-12-16T21:57:39,58.69,1.0,SetByAsk
2025-12-16 21:58:00,2025-12-16T21:58:00,58.71,1.0,SetByAsk
2025-12-16 21:58:00,2025-12-16T21:58:00,58.71,1.0,SetByAsk
2025-12-16 21:58:47,2025-12-16T21:58:47,58.68,1.0,SetByBid
2025-12-16 21:58:47,2025-12-16T21:58:47,58.68,1.0,SetByBid
2025-12-16 21:59:00,2025-12-16T21:59:00,58.68,1.0,SetByAsk
2025-12-16 21:59:11,2025-12-16T21:59:11,58.69,1.0,SetByBid
2025-12-16 21:59:11,2025-12-16T21:59:11,58.69,2.0,SetByBid
2025-12-16 21:59:19,2025-12-16T21:59:19,58.68,1.0,SetByAsk
2025-12-16 21:59:40,2025-12-16T21:59:40,58.69,1.0,SetByBid
2025-12-16 21:59:55,2025-12-16T21:59:55,58.68,1.0,SetByAsk
2025-12-16 22:00:04,2025-12-16T22:00:04,58.69,1.0,SetByBid
2025-12-16 22:00:04,2025-12-16T22:00:04,58.69,1.0,SetByBid
2025-12-16 22:00:04,2025-12-16T22:00:04,58.69,1.0,SetByBid
2025-12-16 22:00:04,2025-12-16T22:00:04,58.69,1.0,SetByBid
2025-12-16 22:00:04,2025-12-16T22:00:04,58.69,11.0,SetByBid
2025-12-16 22:00:04,2025-12-16T22:00:04,58.69,10.0,SetByBid
2025-12-16 22:00:04,2025-12-16T22:00:04,58.69,3.0,SetByBid
2025-12-16 22:00:04,2025-12-16T22:00:04,58.69,7.0,SetByBid
2025-12-16 22:00:04,2025-12-16T22:00:04,58.69,1.0,SetByBid
2025-12-16 22:00:04,2025-12-16T22:00:04,58.69,1.0,SetByBid
2025-12-16 22:00:04,2025-12-16T22:00:04,58.69,8.0,SetByBid
2025-12-16 22:00:37,2025-12-16T22:00:37,58.69,1.0,SetByBid
2025-12-16 22:00:59,2025-12-16T22:00:59,58.68,1.0,SetByBid
2025-12-16 22:01:10,2025-12-16T22:01:10,58.68,1.0,SetByAsk
2025-12-16 22:01:10,2025-12-16T22:01:10,58.68,1.0,SetByAsk
2025-12-16 22:01:22,2025-12-16T22:01:22,58.66,1.0,SetByBid
2025-12-16 22:01:43,2025-12-16T22:01:43,58.68,1.0,SetByBid
2025-12-16 22:01:43,2025-12-16T22:01:43,58.68,1.0,SetByBid
2025-12-16 22:01:43,2025-12-16T22:01:43,58.68,1.0,SetByBid
2025-12-16 22:02:30,2025-12-16T22:02:30,58.68,1.0,SetByBid
2025-12-16 22:02:30,2025-12-16T22:02:30,58.68,1.0,SetByBid
2025-12-16 22:02:30,2025-12-16T22:02:30,58.68,1.0,SetByBid
2025-12-16 22:02:47,2025-12-16T22:02:47,58.68,1.0,SetByBid
2025-12-16 22:02:56,2025-12-16T22:02:56,58.69,1.0,SetByBid
2025-12-16 22:02:56,2025-12-16T22:02:56,58.69,1.0,SetByBid
2025-12-16 22:02:56,2025-12-16T22:02:56,58.69,1.0,SetByBid
2025-12-16 22:02:56,2025-12-16T22:02:56,58.69,1.0,SetByBid
2025-12-16 22:02:56,2025-12-16T22:02:56,58.69,1.0,SetByAsk
2025-12-16 22:03:05,2025-12-16T22:03:05,58.69,2.0,SetByAsk
2025-12-16 22:03:05,2025-12-16T22:03:05,58.69,1.0,SetByAsk
2025-12-16 22:03:12,2025-12-16T22:03:12,58.69,1.0,SetByBid
2025-12-16 22:03:23,2025-12-16T22:03:23,58.69,1.0,SetByBid
2025-12-16 22:03:29,2025-12-16T22:03:29,58.68,1.0,SetByAsk
2025-12-16 22:03:29,2025-12-16T22:03:29,58.68,1.0,SetByAsk
2025-12-16 22:03:29,2025-12-16T22:03:29,58.68,1.0,SetByAsk
2025-12-16 22:03:30,2025-12-16T22:03:30,58.65,1.0,SetByAsk
2025-12-16 22:03:30,2025-12-16T22:03:30,58.65,1.0,SetByBid
2025-12-16 22:03:30,2025-12-16T22:03:30,58.65,1.0,SetByBid
2025-12-16 22:03:30,2025-12-16T22:03:30,58.65,1.0,SetByBid
2025-12-16 22:03:30,2025-12-16T22:03:30,58.65,1.0,SetByBid
2025-12-16 22:03:30,2025-12-16T22:03:30,58.65,1.0,SetByBid
2025-12-16 22:03:30,2025-12-16T22:03:30,58.65,1.0,SetByBid
2025-12-16 22:03:32,2025-12-16T22:03:32,58.66,1.0,SetByBid
2025-12-16 22:03:32,2025-12-16T22:03:32,58.66,1.0,SetByBid
2025-12-16 22:03:32,2025-12-16T22:03:32,58.66,2.0,SetByBid
2025-12-16 22:03:35,2025-12-16T22:03:35,58.65,1.0,SetByBid
2025-12-16 22:03:36,2025-12-16T22:03:36,58.66,1.0,SetByBid
2025-12-16 22:03:44,2025-12-16T22:03:44,58.68,1.0,SetByBid
2025-12-16 22:03:56,2025-12-16T22:03:56,58.7,1.0,SetByBid
2025-12-16 22:04:04,2025-12-16T22:04:04,58.7,1.0,SetByAsk
2025-12-16 22:04:37,2025-12-16T22:04:37,58.7,1.0,SetByAsk
2025-12-16 22:05:57,2025-12-16T22:05:57,58.68,1.0,SetByAsk
2025-12-16 22:05:57,2025-12-16T22:05:57,58.68,1.0,SetByAsk
2025-12-16 22:05:57,2025-12-16T22:05:57,58.68,1.0,SetByAsk
2025-12-16 22:05:57,2025-12-16T22:05:57,58.68,1.0,SetByAsk
2025-12-16 22:05:57,2025-12-16T22:05:57,58.68,1.0,SetByAsk
2025-12-16 22:05:57,2025-12-16T22:05:57,58.68,1.0,SetByAsk
2025-12-16 22:06:29,2025-12-16T22:06:29,58.64,1.0,SetByBid
2025-12-16 22:06:29,2025-12-16T22:06:29,58.64,1.0,SetByBid
2025-12-16 22:06:50,2025-12-16T22:06:50,58.65,1.0,SetByBid
2025-12-16 22:06:50,2025-12-16T22:06:50,58.65,1.0,SetByBid
2025-12-16 22:07:15,2025-12-16T22:07:15,58.65,1.0,SetByAsk
2025-12-16 22:07:15,2025-12-16T22:07:15,58.65,1.0,SetByAsk
2025-12-16 22:07:15,2025-12-16T22:07:15,58.65,1.0,SetByAsk
2025-12-16 22:07:31,2025-12-16T22:07:31,58.65,1.0,SetByAsk
2025-12-16 22:07:43,2025-12-16T22:07:43,58.65,1.0,SetByAsk
2025-12-16 22:09:52,2025-12-16T22:09:52,58.66,1.0,SetByBid
2025-12-16 22:10:20,2025-12-16T22:10:20,58.67,1.0,SetByBid
2025-12-16 22:11:05,2025-12-16T22:11:05,58.67,1.0,SetByAsk
2025-12-16 22:11:57,2025-12-16T22:11:57,58.68,1.0,SetByAsk
2025-12-16 22:12:25,2025-12-16T22:12:25,58.69,1.0,SetByBid
2025-12-16 22:12:25,2025-12-16T22:12:25,58.69,1.0,SetByBid
2025-12-16 22:12:25,2025-12-16T22:12:25,58.69,1.0,SetByBid
2025-12-16 22:12:25,2025-12-16T22:12:25,58.69,1.0,SetByBid
2025-12-16 22:12:25,2025-12-16T22:12:25,58.69,1.0,SetByBid
2025-12-16 22:12:39,2025-12-16T22:12:39,58.68,2.0,SetByAsk
2025-12-16 22:12:50,2025-12-16T22:12:50,58.68,1.0,SetByBid
2025-12-16 22:13:00,2025-12-16T22:13:00,58.69,1.0,SetByBid
2025-12-16 22:13:53,2025-12-16T22:13:53,58.67,1.0,SetByAsk
2025-12-16 22:13:53,2025-12-16T22:13:53,58.67,3.0,SetByAsk
2025-12-16 22:14:36,2025-12-16T22:14:36,58.69,1.0,SetByAsk
2025-12-16 22:15:02,2025-12-16T22:15:02,58.72,1.0,SetByBid
2025-12-16 22:15:02,2025-12-16T22:15:02,58.72,1.0,SetByBid
2025-12-16 22:16:01,2025-12-16T22:16:01,58.73,1.0,SetByAsk
2025-12-16 22:16:38,2025-12-16T22:16:38,58.72,1.0,SetByBid
2025-12-16 22:17:32,2025-12-16T22:17:32,58.7,1.0,SetByAsk
2025-12-16 22:19:06,2025-12-16T22:19:06,58.69,1.0,SetByAsk
2025-12-16 22:19:09,2025-12-16T22:19:09,58.68,1.0,SetByBid
2025-12-16 22:19:09,2025-12-16T22:19:09,58.68,1.0,SetByBid
2025-12-16 22:19:09,2025-12-16T22:19:09,58.68,1.0,SetByBid
2025-12-16 22:19:09,2025-12-16T22:19:09,58.68,1.0,SetByBid
2025-12-16 22:19:09,2025-12-16T22:19:09,58.68,1.0,SetByBid
2025-12-16 22:19:09,2025-12-16T22:19:09,58.68,2.0,SetByBid
2025-12-16 22:20:58,2025-12-16T22:20:58,58.68,1.0,SetByAsk
2025-12-16 22:22:00,2025-12-16T22:22:00,58.69,1.0,SetByBid
2025-12-16 22:23:40,2025-12-16T22:23:40,58.68,1.0,SetByAsk
2025-12-16 22:25:22,2025-12-16T22:25:22,58.74,1.0,SetByBid
2025-12-16 22:25:45,2025-12-16T22:25:45,58.74,1.0,SetByBid
2025-12-16 22:25:50,2025-12-16T22:25:50,58.73,1.0,SetByAsk
2025-12-16 22:25:54,2025-12-16T22:25:54,58.73,1.0,SetByAsk
2025-12-16 22:26:30,2025-12-16T22:26:30,58.72,1.0,SetByAsk
2025-12-16 22:26:57,2025-12-16T22:26:57,58.7,1.0,SetByAsk
2025-12-16 22:27:21,2025-12-16T22:27:21,58.71,1.0,SetByBid
2025-12-16 22:28:05,2025-12-16T22:28:05,58.72,1.0,SetByBid
2025-12-16 22:28:05,2025-12-16T22:28:05,58.72,1.0,SetByBid
2025-12-16 22:30:03,2025-12-16T22:30:03,58.74,1.0,SetByAsk
2025-12-16 22:30:03,2025-12-16T22:30:03,58.74,1.0,SetByAsk
2025-12-16 22:30:03,2025-12-16T22:30:03,58.74,2.0,SetByAsk
2025-12-16 22:30:03,2025-12-16T22:30:03,58.75,1.0,SetByBid
2025-12-16 22:30:25,2025-12-16T22:30:25,58.78,1.0,SetByBid
2025-12-16 22:31:08,2025-12-16T22:31:08,58.8,1.0,SetByAsk
2025-12-16 22:31:20,2025-12-16T22:31:20,58.82,1.0,SetByBid
2025-12-16 22:31:34,2025-12-16T22:31:34,58.81,1.0,SetByAsk
2025-12-16 22:31:37,2025-12-16T22:31:37,58.81,1.0,SetByAsk
2025-12-16 22:31:38,2025-12-16T22:31:38,58.82,1.0,SetByBid
2025-12-16 22:31:38,2025-12-16T22:31:38,58.82,1.0,SetByBid
2025-12-16 22:31:38,2025-12-16T22:31:38,58.82,1.0,SetByBid
2025-12-16 22:31:38,2025-12-16T22:31:38,58.82,1.0,SetByBid
2025-12-16 22:31:38,2025-12-16T22:31:38,58.82,1.0,SetByAsk
2025-12-16 22:31:38,2025-12-16T22:31:38,58.83,1.0,SetByBid
2025-12-16 22:31:42,2025-12-16T22:31:42,58.82,1.0,SetByAsk
2025-12-16 22:32:19,2025-12-16T22:32:19,58.8,1.0,SetByAsk
2025-12-16 22:32:19,2025-12-16T22:32:19,58.8,1.0,SetByAsk
2025-12-16 22:32:19,2025-12-16T22:32:19,58.8,1.0,SetByAsk
2025-12-16 22:32:22,2025-12-16T22:32:22,58.8,1.0,"SetByAsk, Leg"
2025-12-16 22:32:22,2025-12-16T22:32:22,58.79,1.0,"SetByAsk, Leg"
2025-12-16 22:32:22,2025-12-16T22:32:22,58.79,1.0,SetByAsk
2025-12-16 22:32:37,2025-12-16T22:32:37,58.78,1.0,SetByAsk
2025-12-16 22:32:40,2025-12-16T22:32:40,58.78,1.0,SetByBid
2025-12-16 22:32:41,2025-12-16T22:32:41,58.78,1.0,SetByBid
2025-12-16 22:32:58,2025-12-16T22:32:58,58.78,1.0,SetByBid
2025-12-16 22:32:58,2025-12-16T22:32:58,58.78,1.0,SetByBid
2025-12-16 22:33:14,2025-12-16T22:33:14,58.78,1.0,SetByAsk
2025-12-16 22:33:41,2025-12-16T22:33:41,58.81,1.0,SetByBid
2025-12-16 22:34:15,2025-12-16T22:34:15,58.83,2.0,SetByBid
2025-12-16 22:34:20,2025-12-16T22:34:20,58.84,1.0,SetByBid
2025-12-16 22:34:36,2025-12-16T22:34:36,58.85,1.0,SetByBid
2025-12-16 22:34:36,2025-12-16T22:34:36,58.85,1.0,SetByBid
2025-12-16 22:35:02,2025-12-16T22:35:02,58.87,1.0,SetByBid
2025-12-16 22:35:33,2025-12-16T22:35:33,58.86,1.0,SetByAsk
2025-12-16 22:35:33,2025-12-16T22:35:33,58.86,1.0,SetByAsk
2025-12-16 22:35:41,2025-12-16T22:35:41,58.86,1.0,SetByAsk
2025-12-16 22:35:56,2025-12-16T22:35:56,58.85,1.0,SetByAsk
2025-12-16 22:35:56,2025-12-16T22:35:56,58.85,1.0,SetByAsk
2025-12-16 22:35:56,2025-12-16T22:35:56,58.85,1.0,SetByAsk
2025-12-16 22:36:13,2025-12-16T22:36:13,58.86,1.0,SetByBid
2025-12-16 22:36:13,2025-12-16T22:36:13,58.86,1.0,SetByBid
2025-12-16 22:36:13,2025-12-16T22:36:13,58.86,1.0,SetByBid
2025-12-16 22:36:13,2025-12-16T22:36:13,58.86,1.0,SetByBid
2025-12-16 22:36:17,2025-12-16T22:36:17,58.87,1.0,SetByBid
2025-12-16 22:36:32,2025-12-16T22:36:32,58.88,1.0,SetByBid
2025-12-16 22:36:32,2025-12-16T22:36:32,58.88,1.0,SetByBid
2025-12-16 22:36:47,2025-12-16T22:36:47,58.87,1.0,SetByAsk
2025-12-16 22:37:02,2025-12-16T22:37:02,58.89,1.0,SetByBid
2025-12-16 22:37:06,2025-12-16T22:37:06,58.89,1.0,SetByBid
2025-12-16 22:37:57,2025-12-16T22:37:57,58.87,1.0,SetByAsk
2025-12-16 22:38:04,2025-12-16T22:38:04,58.87,1.0,SetByBid
2025-12-16 22:38:04,2025-12-16T22:38:04,58.87,1.0,SetByBid
2025-12-16 22:38:10,2025-12-16T22:38:10,58.86,1.0,SetByAsk
2025-12-16 22:38:10,2025-12-16T22:38:10,58.86,1.0,SetByAsk
2025-12-16 22:38:49,2025-12-16T22:38:49,58.86,1.0,SetByAsk
2025-12-16 22:38:49,2025-12-16T22:38:49,58.86,1.0,SetByAsk
2025-12-16 22:39:02,2025-12-16T22:39:02,58.87,1.0,SetByBid
2025-12-16 22:39:02,2025-12-16T22:39:02,58.87,1.0,SetByBid
2025-12-16 22:39:03,2025-12-16T22:39:03,58.87,3.0,SetByBid
2025-12-16 22:40:52,2025-12-16T22:40:52,58.88,1.0,SetByBid
2025-12-16 22:41:33,2025-12-16T22:41:33,58.88,1.0,SetByAsk
2025-12-16 22:41:33,2025-12-16T22:41:33,58.88,1.0,SetByAsk
2025-12-16 22:41:35,2025-12-16T22:41:35,58.88,1.0,SetByAsk
2025-12-16 22:41:35,2025-12-16T22:41:35,58.88,1.0,SetByAsk
2025-12-16 22:41:41,2025-12-16T22:41:41,58.88,1.0,SetByAsk
2025-12-16 22:41:41,2025-12-16T22:41:41,58.88,1.0,SetByAsk
2025-12-16 22:41:41,2025-12-16T22:41:41,58.88,1.0,SetByAsk
2025-12-16 22:41:47,2025-12-16T22:41:47,58.87,1.0,SetByAsk
2025-12-16 22:41:47,2025-12-16T22:41:47,58.87,1.0,SetByAsk
2025-12-16 22:41:56,2025-12-16T22:41:56,58.86,1.0,SetByBid
2025-12-16 22:41:56,2025-12-16T22:41:56,58.86,1.0,SetByBid
2025-12-16 22:42:28,2025-12-16T22:42:28,58.85,1.0,SetByAsk
2025-12-16 22:42:28,2025-12-16T22:42:28,58.85,1.0,SetByAsk
2025-12-16 22:42:29,2025-12-16T22:42:29,58.85,2.0,SetByAsk
2025-12-16 22:42:29,2025-12-16T22:42:29,58.85,1.0,SetByAsk
2025-12-16 22:42:42,2025-12-16T22:42:42,58.83,1.0,SetByAsk
2025-12-16 22:43:01,2025-12-16T22:43:01,58.83,1.0,SetByAsk
2025-12-16 22:43:03,2025-12-16T22:43:03,58.84,1.0,SetByBid
2025-12-16 22:43:03,2025-12-16T22:43:03,58.84,1.0,SetByBid
2025-12-16 22:43:07,2025-12-16T22:43:07,58.83,1.0,SetByAsk
2025-12-16 22:43:14,2025-12-16T22:43:14,58.84,1.0,SetByBid
2025-12-16 22:43:14,2025-12-16T22:43:14,58.85,1.0,SetByBid
2025-12-16 22:43:38,2025-12-16T22:43:38,58.83,1.0,SetByAsk
2025-12-16 22:43:51,2025-12-16T22:43:51,58.82,1.0,SetByAsk
2025-12-16 22:43:54,2025-12-16T22:43:54,58.81,1.0,SetByBid
2025-12-16 22:45:36,2025-12-16T22:45:36,58.83,1.0,SetByBid
2025-12-16 22:45:59,2025-12-16T22:45:59,58.82,1.0,SetByBid
2025-12-16 22:45:59,2025-12-16T22:45:59,58.82,1.0,SetByBid
2025-12-16 22:46:07,2025-12-16T22:46:07,58.82,1.0,SetByAsk
2025-12-16 22:48:48,2025-12-16T22:48:48,58.81,1.0,SetByAsk
2025-12-16 22:49:06,2025-12-16T22:49:06,58.8,1.0,SetByAsk
2025-12-16 22:49:09,2025-12-16T22:49:09,58.8,1.0,SetByBid
2025-12-16 22:50:06,2025-12-16T22:50:06,58.8,1.0,SetByBid
2025-12-16 22:50:23,2025-12-16T22:50:23,58.8,1.0,SetByBid
2025-12-16 22:50:23,2025-12-16T22:50:23,58.8,1.0,SetByBid
2025-12-16 22:50:23,2025-12-16T22:50:23,58.8,1.0,SetByBid
2025-12-16 22:50:25,2025-12-16T22:50:25,58.8,1.0,SetByAsk
2025-12-16 22:50:25,2025-12-16T22:50:25,58.8,1.0,SetByAsk
2025-12-16 22:50:59,2025-12-16T22:50:59,58.8,1.0,SetByAsk
2025-12-16 22:50:59,2025-12-16T22:50:59,58.8,1.0,SetByAsk
2025-12-16 22:50:59,2025-12-16T22:50:59,58.8,1.0,SetByAsk
2025-12-16 22:51:11,2025-12-16T22:51:11,58.81,1.0,SetByAsk
2025-12-16 22:51:32,2025-12-16T22:51:32,58.78,1.0,SetByAsk
2025-12-16 22:51:42,2025-12-16T22:51:42,58.78,1.0,SetByAsk
2025-12-16 22:52:31,2025-12-16T22:52:31,58.77,1.0,SetByAsk
2025-12-16 22:52:45,2025-12-16T22:52:45,58.77,1.0,SetByAsk
2025-12-16 22:53:03,2025-12-16T22:53:03,58.77,1.0,SetByAsk
2025-12-16 22:53:06,2025-12-16T22:53:06,58.78,1.0,SetByBid
2025-12-16 22:53:06,2025-12-16T22:53:06,58.78,2.0,SetByBid
2025-12-16 22:53:06,2025-12-16T22:53:06,58.78,1.0,SetByBid
2025-12-16 22:53:08,2025-12-16T22:53:08,58.78,1.0,SetByAsk
2025-12-16 22:53:50,2025-12-16T22:53:50,58.77,1.0,SetByAsk
2025-12-16 22:54:09,2025-12-16T22:54:09,58.77,1.0,SetByAsk
2025-12-16 22:54:09,2025-12-16T22:54:09,58.77,1.0,SetByAsk
2025-12-16 22:54:09,2025-12-16T22:54:09,58.77,1.0,SetByAsk
2025-12-16 22:54:34,2025-12-16T22:54:34,58.76,1.0,SetByBid
2025-12-16 22:54:34,2025-12-16T22:54:34,58.76,1.0,SetByBid
2025-12-16 22:54:45,2025-12-16T22:54:45,58.75,1.0,SetByAsk
2025-12-16 22:54:46,2025-12-16T22:54:46,58.76,1.0,SetByBid
2025-12-16 22:55:12,2025-12-16T22:55:12,58.76,1.0,SetByBid
2025-12-16 22:55:45,2025-12-16T22:55:45,58.75,1.0,SetByAsk
2025-12-16 22:56:09,2025-12-16T22:56:09,58.76,1.0,SetByAsk
2025-12-16 22:57:42,2025-12-16T22:57:42,58.74,1.0,SetByBid
2025-12-16 22:59:55,2025-12-16T22:59:55,58.73,1.0,SetByAsk
2025-12-16 22:59:55,2025-12-16T22:59:55,58.73,1.0,SetByAsk
2025-12-16 22:59:55,2025-12-16T22:59:55,58.73,1.0,SetByAsk
2025-12-16 23:00:00,2025-12-16T23:00:00,58.73,1.0,SetByBid
2025-12-16 23:00:09,2025-12-16T23:00:09,58.72,1.0,SetByBid
2025-12-16 23:00:30,2025-12-16T23:00:30,58.72,1.0,SetByAsk
2025-12-16 23:00:30,2025-12-16T23:00:30,58.73,1.0,SetByBid
2025-12-16 23:00:30,2025-12-16T23:00:30,58.73,1.0,SetByAsk
2025-12-16 23:00:32,2025-12-16T23:00:32,58.73,1.0,SetByBid
2025-12-16 23:00:32,2025-12-16T23:00:32,58.73,1.0,SetByBid
2025-12-16 23:00:54,2025-12-16T23:00:54,58.73,1.0,SetByAsk
2025-12-16 23:01:14,2025-12-16T23:01:14,58.73,1.0,SetByBid
2025-12-16 23:01:14,2025-12-16T23:01:14,58.72,1.0,SetByAsk
2025-12-16 23:01:56,2025-12-16T23:01:56,58.72,1.0,SetByAsk
2025-12-16 23:03:31,2025-12-16T23:03:31,58.69,1.0,SetByBid
2025-12-16 23:03:31,2025-12-16T23:03:31,58.69,1.0,SetByBid
2025-12-16 23:03:31,2025-12-16T23:03:31,58.69,1.0,SetByBid
2025-12-16 23:03:45,2025-12-16T23:03:45,58.69,1.0,SetByAsk
2025-12-16 23:03:45,2025-12-16T23:03:45,58.69,1.0,SetByAsk
2025-12-16 23:03:53,2025-12-16T23:03:53,58.68,1.0,SetByAsk
2025-12-16 23:04:31,2025-12-16T23:04:31,58.69,1.0,SetByAsk
2025-12-16 23:04:31,2025-12-16T23:04:31,58.69,1.0,SetByAsk
2025-12-16 23:05:00,2025-12-16T23:05:00,58.67,1.0,SetByAsk
2025-12-16 23:05:08,2025-12-16T23:05:08,58.68,1.0,SetByBid
2025-12-16 23:05:13,2025-12-16T23:05:13,58.68,1.0,SetByAsk
2025-12-16 23:06:00,2025-12-16T23:06:00,58.69,1.0,SetByBid
2025-12-16 23:06:08,2025-12-16T23:06:08,58.68,1.0,SetByAsk
2025-12-16 23:06:08,2025-12-16T23:06:08,58.68,1.0,SetByAsk
2025-12-16 23:06:40,2025-12-16T23:06:40,58.67,5.0,SetByAsk
2025-12-16 23:06:40,2025-12-16T23:06:40,58.67,1.0,SetByAsk
2025-12-16 23:06:40,2025-12-16T23:06:40,58.67,1.0,SetByAsk
2025-12-16 23:06:40,2025-12-16T23:06:40,58.67,1.0,SetByAsk
2025-12-16 23:06:40,2025-12-16T23:06:40,58.67,1.0,SetByAsk
2025-12-16 23:06:44,2025-12-16T23:06:44,58.67,1.0,SetByBid
2025-12-16 23:06:52,2025-12-16T23:06:52,58.67,1.0,SetByBid
2025-12-16 23:07:13,2025-12-16T23:07:13,58.66,1.0,SetByAsk
2025-12-16 23:07:31,2025-12-16T23:07:31,58.65,1.0,SetByAsk
2025-12-16 23:07:31,2025-12-16T23:07:31,58.67,2.0,SetByBid
2025-12-16 23:07:40,2025-12-16T23:07:40,58.65,1.0,SetByAsk
2025-12-16 23:07:40,2025-12-16T23:07:40,58.65,7.0,SetByAsk
2025-12-16 23:07:40,2025-12-16T23:07:40,58.65,2.0,SetByAsk
2025-12-16 23:07:50,2025-12-16T23:07:50,58.65,1.0,SetByBid
2025-12-16 23:09:54,2025-12-16T23:09:54,58.66,1.0,SetByBid
2025-12-16 23:10:42,2025-12-16T23:10:42,58.64,1.0,SetByAsk
2025-12-16 23:10:44,2025-12-16T23:10:44,58.65,1.0,SetByBid
2025-12-16 23:10:53,2025-12-16T23:10:53,58.65,1.0,SetByBid
2025-12-16 23:11:33,2025-12-16T23:11:33,58.65,1.0,SetByBid
2025-12-16 23:11:33,2025-12-16T23:11:33,58.65,2.0,SetByBid
2025-12-16 23:11:33,2025-12-16T23:11:33,58.65,1.0,SetByAsk
2025-12-16 23:11:35,2025-12-16T23:11:35,58.64,1.0,SetByAsk
2025-12-16 23:11:35,2025-12-16T23:11:35,58.64,1.0,SetByAsk
2025-12-16 23:11:35,2025-12-16T23:11:35,58.65,1.0,SetByBid
2025-12-16 23:11:45,2025-12-16T23:11:45,58.66,1.0,SetByBid
2025-12-16 23:11:54,2025-12-16T23:11:54,58.66,1.0,SetByBid
2025-12-16 23:12:18,2025-12-16T23:12:18,58.65,1.0,SetByBid
2025-12-16 23:12:37,2025-12-16T23:12:37,58.65,4.0,SetByAsk
2025-12-16 23:12:37,2025-12-16T23:12:37,58.64,1.0,SetByAsk
2025-12-16 23:12:39,2025-12-16T23:12:39,58.64,1.0,SetByAsk
2025-12-16 23:13:25,2025-12-16T23:13:25,58.63,1.0,SetByAsk
2025-12-16 23:13:25,2025-12-16T23:13:25,58.63,1.0,SetByAsk
2025-12-16 23:13:25,2025-12-16T23:13:25,58.63,1.0,SetByAsk
2025-12-16 23:13:41,2025-12-16T23:13:41,58.61,1.0,SetByBid
2025-12-16 23:13:41,2025-12-16T23:13:41,58.61,1.0,SetByBid
2025-12-16 23:13:41,2025-12-16T23:13:41,58.61,1.0,SetByAsk
2025-12-16 23:14:30,2025-12-16T23:14:30,58.62,1.0,SetByBid
2025-12-16 23:15:00,2025-12-16T23:15:00,58.62,1.0,SetByBid
2025-12-16 23:15:01,2025-12-16T23:15:01,58.62,1.0,SetByBid
2025-12-16 23:15:09,2025-12-16T23:15:09,58.62,1.0,SetByAsk
2025-12-16 23:15:29,2025-12-16T23:15:29,58.64,1.0,SetByBid
2025-12-16 23:15:52,2025-12-16T23:15:52,58.65,1.0,SetByBid
2025-12-16 23:16:05,2025-12-16T23:16:05,58.65,1.0,SetByAsk
2025-12-16 23:16:29,2025-12-16T23:16:29,58.66,1.0,SetByBid
2025-12-16 23:16:36,2025-12-16T23:16:36,58.66,1.0,SetByBid
2025-12-16 23:16:43,2025-12-16T23:16:43,58.65,1.0,SetByAsk
2025-12-16 23:18:13,2025-12-16T23:18:13,58.65,1.0,SetByBid
2025-12-16 23:18:13,2025-12-16T23:18:13,58.65,1.0,SetByBid
2025-12-16 23:18:22,2025-12-16T23:18:22,58.66,1.0,SetByBid
2025-12-16 23:18:57,2025-12-16T23:18:57,58.65,1.0,SetByAsk
2025-12-16 23:18:57,2025-12-16T23:18:57,58.65,1.0,SetByAsk
2025-12-16 23:19:19,2025-12-16T23:19:19,58.66,1.0,SetByBid
2025-12-16 23:19:19,2025-12-16T23:19:19,58.66,1.0,SetByBid
2025-12-16 23:19:19,2025-12-16T23:19:19,58.66,1.0,SetByBid
2025-12-16 23:19:53,2025-12-16T23:19:53,58.66,1.0,SetByBid
2025-12-16 23:20:07,2025-12-16T23:20:07,58.65,1.0,SetByAsk
2025-12-16 23:20:09,2025-12-16T23:20:09,58.65,1.0,SetByAsk
2025-12-16 23:20:09,2025-12-16T23:20:09,58.65,1.0,SetByAsk
2025-12-16 23:20:10,2025-12-16T23:20:10,58.65,1.0,SetByAsk
2025-12-16 23:20:10,2025-12-16T23:20:10,58.65,1.0,SetByAsk
2025-12-16 23:20:10,2025-12-16T23:20:10,58.65,1.0,SetByAsk
2025-12-16 23:20:10,2025-12-16T23:20:10,58.65,1.0,SetByBid
2025-12-16 23:20:14,2025-12-16T23:20:14,58.63,1.0,SetByAsk
2025-12-16 23:20:41,2025-12-16T23:20:41,58.66,1.0,SetByBid
2025-12-16 23:21:10,2025-12-16T23:21:10,58.66,1.0,SetByBid
2025-12-16 23:21:10,2025-12-16T23:21:10,58.66,1.0,SetByBid
2025-12-16 23:21:25,2025-12-16T23:21:25,58.65,1.0,SetByAsk
2025-12-16 23:21:25,2025-12-16T23:21:25,58.65,1.0,SetByAsk
2025-12-16 23:21:25,2025-12-16T23:21:25,58.65,1.0,SetByAsk
2025-12-16 23:21:25,2025-12-16T23:21:25,58.65,1.0,SetByAsk
2025-12-16 23:21:25,2025-12-16T23:21:25,58.65,1.0,SetByAsk
2025-12-16 23:21:25,2025-12-16T23:21:25,58.65,1.0,SetByAsk
2025-12-16 23:21:50,2025-12-16T23:21:50,58.65,2.0,SetByBid
2025-12-16 23:21:50,2025-12-16T23:21:50,58.65,1.0,SetByBid
2025-12-16 23:21:50,2025-12-16T23:21:50,58.65,1.0,SetByBid
2025-12-16 23:21:50,2025-12-16T23:21:50,58.65,1.0,SetByAsk
2025-12-16 23:21:51,2025-12-16T23:21:51,58.65,1.0,SetByAsk
2025-12-16 23:21:51,2025-12-16T23:21:51,58.65,1.0,SetByAsk
2025-12-16 23:21:51,2025-12-16T23:21:51,58.65,1.0,SetByAsk
2025-12-16 23:22:09,2025-12-16T23:22:09,58.66,1.0,SetByBid
2025-12-16 23:22:14,2025-12-16T23:22:14,58.66,1.0,SetByBid
2025-12-16 23:22:14,2025-12-16T23:22:14,58.66,1.0,SetByAsk
2025-12-16 23:22:45,2025-12-16T23:22:45,58.66,1.0,SetByBid
2025-12-16 23:22:48,2025-12-16T23:22:48,58.66,1.0,SetByBid
2025-12-16 23:22:54,2025-12-16T23:22:54,58.66,1.0,SetByBid
2025-12-16 23:23:03,2025-12-16T23:23:03,58.65,1.0,SetByBid
2025-12-16 23:23:03,2025-12-16T23:23:03,58.65,1.0,SetByAsk
2025-12-16 23:23:12,2025-12-16T23:23:12,58.66,1.0,SetByAsk
2025-12-16 23:23:13,2025-12-16T23:23:13,58.66,1.0,SetByAsk
2025-12-16 23:23:30,2025-12-16T23:23:30,58.65,1.0,SetByBid
2025-12-16 23:23:31,2025-12-16T23:23:31,58.65,1.0,SetByAsk
2025-12-16 23:23:31,2025-12-16T23:23:31,58.65,1.0,SetByAsk
2025-12-16 23:23:31,2025-12-16T23:23:31,58.65,1.0,SetByAsk
2025-12-16 23:23:54,2025-12-16T23:23:54,58.64,1.0,SetByAsk
2025-12-16 23:23:54,2025-12-16T23:23:54,58.64,2.0,SetByAsk
2025-12-16 23:23:54,2025-12-16T23:23:54,58.63,1.0,SetByAsk
2025-12-16 23:23:57,2025-12-16T23:23:57,58.63,1.0,SetByAsk
2025-12-16 23:24:00,2025-12-16T23:24:00,58.63,1.0,SetByBid
2025-12-16 23:24:00,2025-12-16T23:24:00,58.63,1.0,SetByBid
2025-12-16 23:24:07,2025-12-16T23:24:07,58.64,1.0,SetByBid
2025-12-16 23:24:07,2025-12-16T23:24:07,58.64,1.0,SetByBid
2025-12-16 23:24:07,2025-12-16T23:24:07,58.64,1.0,SetByBid
2025-12-16 23:24:07,2025-12-16T23:24:07,58.64,1.0,SetByAsk
2025-12-16 23:24:07,2025-12-16T23:24:07,58.64,1.0,SetByAsk
2025-12-16 23:24:07,2025-12-16T23:24:07,58.64,1.0,SetByAsk
2025-12-16 23:25:10,2025-12-16T23:25:10,58.65,1.0,SetByBid
2025-12-16 23:25:10,2025-12-16T23:25:10,58.65,1.0,SetByBid
2025-12-16 23:25:10,2025-12-16T23:25:10,58.65,1.0,SetByBid
2025-12-16 23:25:11,2025-12-16T23:25:11,58.65,1.0,SetByAsk
2025-12-16 23:25:17,2025-12-16T23:25:17,58.66,1.0,SetByBid
2025-12-16 23:25:17,2025-12-16T23:25:17,58.66,1.0,SetByBid
2025-12-16 23:25:17,2025-12-16T23:25:17,58.66,1.0,SetByBid
2025-12-16 23:25:21,2025-12-16T23:25:21,58.67,1.0,SetByBid
2025-12-16 23:25:21,2025-12-16T23:25:21,58.68,1.0,SetByBid
2025-12-16 23:25:21,2025-12-16T23:25:21,58.68,1.0,SetByBid
2025-12-16 23:25:21,2025-12-16T23:25:21,58.68,1.0,SetByBid
2025-12-16 23:25:21,2025-12-16T23:25:21,58.68,1.0,SetByBid
2025-12-16 23:25:21,2025-12-16T23:25:21,58.68,1.0,SetByBid
2025-12-16 23:25:21,2025-12-16T23:25:21,58.68,1.0,SetByAsk
2025-12-16 23:25:21,2025-12-16T23:25:21,58.68,1.0,SetByAsk
2025-12-16 23:25:23,2025-12-16T23:25:23,58.69,1.0,SetByBid
2025-12-16 23:25:25,2025-12-16T23:25:25,58.69,1.0,SetByBid
2025-12-16 23:25:25,2025-12-16T23:25:25,58.68,1.0,SetByAsk
2025-12-16 23:25:34,2025-12-16T23:25:34,58.68,1.0,SetByBid
2025-12-16 23:25:37,2025-12-16T23:25:37,58.68,1.0,SetByAsk
2025-12-16 23:25:41,2025-12-16T23:25:41,58.67,1.0,SetByAsk
2025-12-16 23:25:41,2025-12-16T23:25:41,58.67,1.0,SetByAsk
2025-12-16 23:25:41,2025-12-16T23:25:41,58.67,1.0,SetByAsk
2025-12-16 23:25:41,2025-12-16T23:25:41,58.67,1.0,SetByAsk
2025-12-16 23:25:43,2025-12-16T23:25:43,58.65,1.0,SetByBid
2025-12-16 23:25:43,2025-12-16T23:25:43,58.64,1.0,SetByAsk
2025-12-16 23:25:43,2025-12-16T23:25:43,58.64,1.0,SetByAsk
2025-12-16 23:25:43,2025-12-16T23:25:43,58.64,1.0,SetByAsk
2025-12-16 23:25:43,2025-12-16T23:25:43,58.64,1.0,SetByAsk
2025-12-16 23:25:43,2025-12-16T23:25:43,58.64,1.0,SetByAsk
2025-12-16 23:25:43,2025-12-16T23:25:43,58.64,1.0,SetByAsk
2025-12-16 23:25:43,2025-12-16T23:25:43,58.64,1.0,SetByAsk
2025-12-16 23:25:43,2025-12-16T23:25:43,58.64,1.0,SetByAsk
2025-12-16 23:25:43,2025-12-16T23:25:43,58.65,1.0,SetByBid
2025-12-16 23:25:43,2025-12-16T23:25:43,58.65,1.0,SetByBid
2025-12-16 23:25:43,2025-12-16T23:25:43,58.64,1.0,SetByAsk
2025-12-16 23:25:43,2025-12-16T23:25:43,58.65,1.0,SetByBid
2025-12-16 23:25:43,2025-12-16T23:25:43,58.65,1.0,SetByBid
2025-12-16 23:25:44,2025-12-16T23:25:44,58.66,1.0,SetByBid
2025-12-16 23:25:56,2025-12-16T23:25:56,58.66,1.0,SetByAsk
2025-12-16 23:26:01,2025-12-16T23:26:01,58.67,1.0,SetByBid
2025-12-16 23:26:01,2025-12-16T23:26:01,58.67,1.0,SetByBid
2025-12-16 23:26:01,2025-12-16T23:26:01,58.67,1.0,SetByBid
2025-12-16 23:26:05,2025-12-16T23:26:05,58.67,1.0,SetByBid
2025-12-16 23:26:12,2025-12-16T23:26:12,58.67,1.0,SetByBid
2025-12-16 23:26:12,2025-12-16T23:26:12,58.66,1.0,SetByAsk
2025-12-16 23:26:15,2025-12-16T23:26:15,58.67,1.0,SetByBid
2025-12-16 23:26:20,2025-12-16T23:26:20,58.67,1.0,SetByAsk
2025-12-16 23:26:35,2025-12-16T23:26:35,58.65,1.0,SetByAsk
2025-12-16 23:26:40,2025-12-16T23:26:40,58.66,1.0,SetByBid
2025-12-16 23:26:40,2025-12-16T23:26:40,58.66,1.0,SetByBid
2025-12-16 23:26:40,2025-12-16T23:26:40,58.66,1.0,SetByBid
2025-12-16 23:26:40,2025-12-16T23:26:40,58.66,2.0,SetByBid
2025-12-16 23:26:52,2025-12-16T23:26:52,58.66,2.0,SetByBid
2025-12-16 23:26:57,2025-12-16T23:26:57,58.65,1.0,SetByAsk
2025-12-16 23:27:05,2025-12-16T23:27:05,58.64,1.0,SetByBid
2025-12-16 23:27:05,2025-12-16T23:27:05,58.64,1.0,SetByBid
2025-12-16 23:27:05,2025-12-16T23:27:05,58.64,1.0,SetByBid
2025-12-16 23:27:08,2025-12-16T23:27:08,58.63,1.0,SetByBid
2025-12-16 23:27:09,2025-12-16T23:27:09,58.63,1.0,SetByBid
2025-12-16 23:27:09,2025-12-16T23:27:09,58.63,1.0,SetByBid
2025-12-16 23:27:09,2025-12-16T23:27:09,58.63,1.0,SetByAsk
2025-12-16 23:27:09,2025-12-16T23:27:09,58.63,1.0,SetByBid
2025-12-16 23:27:10,2025-12-16T23:27:10,58.63,1.0,SetByBid
2025-12-16 23:27:10,2025-12-16T23:27:10,58.63,1.0,SetByBid
2025-12-16 23:27:15,2025-12-16T23:27:15,58.62,1.0,SetByBid
2025-12-16 23:27:15,2025-12-16T23:27:15,58.62,1.0,SetByBid
2025-12-16 23:27:15,2025-12-16T23:27:15,58.62,1.0,SetByBid
2025-12-16 23:27:20,2025-12-16T23:27:20,58.63,1.0,SetByBid
2025-12-16 23:27:20,2025-12-16T23:27:20,58.63,1.0,SetByAsk
2025-12-16 23:27:26,2025-12-16T23:27:26,58.63,1.0,SetByBid
2025-12-16 23:27:26,2025-12-16T23:27:26,58.61,1.0,SetByAsk
2025-12-16 23:27:26,2025-12-16T23:27:26,58.61,1.0,SetByAsk
2025-12-16 23:27:27,2025-12-16T23:27:27,58.61,1.0,SetByAsk
2025-12-16 23:27:27,2025-12-16T23:27:27,58.61,1.0,SetByBid
2025-12-16 23:27:27,2025-12-16T23:27:27,58.61,1.0,SetByBid
2025-12-16 23:27:30,2025-12-16T23:27:30,58.61,1.0,SetByBid
2025-12-16 23:27:31,2025-12-16T23:27:31,58.61,1.0,SetByBid
2025-12-16 23:27:33,2025-12-16T23:27:33,58.61,1.0,SetByBid
2025-12-16 23:27:33,2025-12-16T23:27:33,58.61,1.0,SetByBid
2025-12-16 23:27:33,2025-12-16T23:27:33,58.61,1.0,SetByBid
2025-12-16 23:27:35,2025-12-16T23:27:35,58.61,1.0,SetByBid
2025-12-16 23:27:38,2025-12-16T23:27:38,58.61,1.0,SetByBid
2025-12-16 23:27:40,2025-12-16T23:27:40,58.61,1.0,SetByBid
2025-12-16 23:27:40,2025-12-16T23:27:40,58.61,1.0,SetByBid
2025-12-16 23:27:42,2025-12-16T23:27:42,58.62,1.0,SetByBid
2025-12-16 23:27:43,2025-12-16T23:27:43,58.62,1.0,SetByBid
2025-12-16 23:27:49,2025-12-16T23:27:49,58.62,1.0,SetByAsk
2025-12-16 23:27:55,2025-12-16T23:27:55,58.62,1.0,SetByAsk
2025-12-16 23:27:55,2025-12-16T23:27:55,58.62,1.0,SetByBid
2025-12-16 23:27:59,2025-12-16T23:27:59,58.63,1.0,SetByBid
2025-12-16 23:28:00,2025-12-16T23:28:00,58.64,1.0,SetByBid
2025-12-16 23:28:00,2025-12-16T23:28:00,58.63,1.0,SetByAsk
2025-12-16 23:28:00,2025-12-16T23:28:00,58.63,1.0,SetByAsk
2025-12-16 23:28:00,2025-12-16T23:28:00,58.63,1.0,SetByAsk
2025-12-16 23:28:01,2025-12-16T23:28:01,58.62,1.0,SetByAsk
2025-12-16 23:28:01,2025-12-16T23:28:01,58.62,1.0,SetByAsk
2025-12-16 23:28:01,2025-12-16T23:28:01,58.62,1.0,SetByAsk
2025-12-16 23:28:01,2025-12-16T23:28:01,58.62,5.0,SetByAsk
2025-12-16 23:28:01,2025-12-16T23:28:01,58.62,1.0,SetByAsk
2025-12-16 23:28:01,2025-12-16T23:28:01,58.62,4.0,SetByBid
2025-12-16 23:28:01,2025-12-16T23:28:01,58.62,1.0,SetByBid
2025-12-16 23:28:01,2025-12-16T23:28:01,58.62,1.0,SetByBid
2025-12-16 23:28:02,2025-12-16T23:28:02,58.6,1.0,SetByBid
2025-12-16 23:28:02,2025-12-16T23:28:02,58.6,1.0,SetByBid
2025-12-16 23:28:02,2025-12-16T23:28:02,58.6,1.0,SetByBid
2025-12-16 23:28:02,2025-12-16T23:28:02,58.6,1.0,SetByBid
2025-12-16 23:28:02,2025-12-16T23:28:02,58.6,1.0,SetByBid
2025-12-16 23:28:02,2025-12-16T23:28:02,58.6,2.0,SetByBid
2025-12-16 23:28:02,2025-12-16T23:28:02,58.6,5.0,SetByBid
2025-12-16 23:28:03,2025-12-16T23:28:03,58.6,2.0,SetByBid
2025-12-16 23:28:04,2025-12-16T23:28:04,58.61,1.0,SetByBid
2025-12-16 23:28:04,2025-12-16T23:28:04,58.61,1.0,SetByBid
2025-12-16 23:28:04,2025-12-16T23:28:04,58.61,1.0,SetByBid
2025-12-16 23:28:04,2025-12-16T23:28:04,58.6,1.0,SetByAsk
2025-12-16 23:28:04,2025-12-16T23:28:04,58.61,1.0,SetByBid
2025-12-16 23:28:06,2025-12-16T23:28:06,58.59,1.0,SetByAsk
2025-12-16 23:28:07,2025-12-16T23:28:07,58.59,1.0,SetByAsk
2025-12-16 23:28:07,2025-12-16T23:28:07,58.59,2.0,SetByAsk
2025-12-16 23:28:07,2025-12-16T23:28:07,58.58,1.0,SetByAsk
2025-12-16 23:28:08,2025-12-16T23:28:08,58.58,1.0,SetByAsk
2025-12-16 23:28:08,2025-12-16T23:28:08,58.58,1.0,SetByBid
2025-12-16 23:28:08,2025-12-16T23:28:08,58.57,1.0,SetByAsk
2025-12-16 23:28:08,2025-12-16T23:28:08,58.57,1.0,SetByAsk
2025-12-16 23:28:09,2025-12-16T23:28:09,58.57,2.0,SetByAsk
2025-12-16 23:28:10,2025-12-16T23:28:10,58.58,1.0,SetByBid
2025-12-16 23:28:10,2025-12-16T23:28:10,58.58,2.0,SetByBid
2025-12-16 23:28:10,2025-12-16T23:28:10,58.58,1.0,SetByBid
2025-12-16 23:28:10,2025-12-16T23:28:10,58.58,1.0,SetByAsk
2025-12-16 23:28:10,2025-12-16T23:28:10,58.58,1.0,SetByBid
2025-12-16 23:28:12,2025-12-16T23:28:12,58.57,1.0,SetByAsk
2025-12-16 23:28:13,2025-12-16T23:28:13,58.58,1.0,SetByBid
2025-12-16 23:28:14,2025-12-16T23:28:14,58.58,1.0,SetByBid
2025-12-16 23:28:14,2025-12-16T23:28:14,58.58,1.0,SetByBid
2025-12-16 23:28:15,2025-12-16T23:28:15,58.58,1.0,SetByBid
2025-12-16 23:28:15,2025-12-16T23:28:15,58.58,1.0,SetByBid
2025-12-16 23:28:15,2025-12-16T23:28:15,58.58,1.0,SetByBid
2025-12-16 23:28:15,2025-12-16T23:28:15,58.58,2.0,SetByBid
2025-12-16 23:28:17,2025-12-16T23:28:17,58.57,1.0,SetByAsk
2025-12-16 23:28:17,2025-12-16T23:28:17,58.57,2.0,SetByAsk
2025-12-16 23:28:17,2025-12-16T23:28:17,58.57,1.0,SetByAsk
2025-12-16 23:28:17,2025-12-16T23:28:17,58.57,1.0,SetByAsk
2025-12-16 23:28:18,2025-12-16T23:28:18,58.56,1.0,SetByAsk
2025-12-16 23:28:18,2025-12-16T23:28:18,58.56,1.0,SetByAsk
2025-12-16 23:28:18,2025-12-16T23:28:18,58.56,1.0,SetByAsk
2025-12-16 23:28:18,2025-12-16T23:28:18,58.57,1.0,SetByBid
2025-12-16 23:28:18,2025-12-16T23:28:18,58.57,3.0,SetByBid
2025-12-16 23:28:21,2025-12-16T23:28:21,58.56,1.0,SetByBid
2025-12-16 23:28:21,2025-12-16T23:28:21,58.56,1.0,SetByBid
2025-12-16 23:28:21,2025-12-16T23:28:21,58.56,1.0,SetByBid
2025-12-16 23:28:21,2025-12-16T23:28:21,58.56,1.0,SetByBid
2025-12-16 23:28:21,2025-12-16T23:28:21,58.57,1.0,SetByBid
2025-12-16 23:28:21,2025-12-16T23:28:21,58.57,1.0,SetByBid
2025-12-16 23:28:21,2025-12-16T23:28:21,58.57,1.0,SetByBid
2025-12-16 23:28:21,2025-12-16T23:28:21,58.57,1.0,SetByBid
2025-12-16 23:28:21,2025-12-16T23:28:21,58.57,1.0,SetByBid
2025-12-16 23:28:23,2025-12-16T23:28:23,58.58,1.0,SetByBid
2025-12-16 23:28:23,2025-12-16T23:28:23,58.58,1.0,SetByBid
2025-12-16 23:28:23,2025-12-16T23:28:23,58.58,1.0,SetByBid
2025-12-16 23:28:23,2025-12-16T23:28:23,58.58,1.0,SetByBid
2025-12-16 23:28:23,2025-12-16T23:28:23,58.58,1.0,SetByBid
2025-12-16 23:28:25,2025-12-16T23:28:25,58.59,1.0,SetByBid
2025-12-16 23:28:30,2025-12-16T23:28:30,58.58,1.0,SetByBid
2025-12-16 23:28:31,2025-12-16T23:28:31,58.57,1.0,SetByAsk
2025-12-16 23:28:31,2025-12-16T23:28:31,58.57,1.0,SetByAsk
2025-12-16 23:28:31,2025-12-16T23:28:31,58.57,1.0,SetByAsk
2025-12-16 23:28:31,2025-12-16T23:28:31,58.57,1.0,SetByAsk
2025-12-16 23:28:31,2025-12-16T23:28:31,58.57,7.0,SetByAsk
2025-12-16 23:28:32,2025-12-16T23:28:32,58.57,1.0,SetByAsk
2025-12-16 23:28:32,2025-12-16T23:28:32,58.57,3.0,SetByAsk
2025-12-16 23:28:32,2025-12-16T23:28:32,58.57,1.0,SetByAsk
2025-12-16 23:28:32,2025-12-16T23:28:32,58.57,1.0,SetByAsk
2025-12-16 23:28:32,2025-12-16T23:28:32,58.57,1.0,SetByBid
2025-12-16 23:28:33,2025-12-16T23:28:33,58.57,1.0,SetByBid
2025-12-16 23:28:34,2025-12-16T23:28:34,58.57,1.0,SetByBid
2025-12-16 23:28:34,2025-12-16T23:28:34,58.58,2.0,SetByBid
2025-12-16 23:28:34,2025-12-16T23:28:34,58.58,1.0,SetByBid
2025-12-16 23:28:34,2025-12-16T23:28:34,58.58,1.0,SetByBid
2025-12-16 23:28:34,2025-12-16T23:28:34,58.58,1.0,SetByBid
2025-12-16 23:28:38,2025-12-16T23:28:38,58.58,1.0,SetByBid
2025-12-16 23:28:40,2025-12-16T23:28:40,58.58,1.0,SetByBid
2025-12-16 23:28:41,2025-12-16T23:28:41,58.58,1.0,SetByBid
2025-12-16 23:28:41,2025-12-16T23:28:41,58.58,1.0,SetByBid
2025-12-16 23:28:43,2025-12-16T23:28:43,58.58,1.0,SetByBid
2025-12-16 23:28:43,2025-12-16T23:28:43,58.57,4.0,SetByAsk
2025-12-16 23:28:43,2025-12-16T23:28:43,58.57,1.0,SetByAsk
2025-12-16 23:28:43,2025-12-16T23:28:43,58.57,1.0,SetByBid
2025-12-16 23:28:45,2025-12-16T23:28:45,58.57,1.0,SetByBid
2025-12-16 23:28:49,2025-12-16T23:28:49,58.57,1.0,SetByBid
2025-12-16 23:28:49,2025-12-16T23:28:49,58.57,1.0,SetByBid
2025-12-16 23:28:49,2025-12-16T23:28:49,58.57,1.0,SetByBid
2025-12-16 23:28:49,2025-12-16T23:28:49,58.57,1.0,SetByBid
2025-12-16 23:28:49,2025-12-16T23:28:49,58.57,1.0,SetByBid
2025-12-16 23:28:53,2025-12-16T23:28:53,58.57,1.0,SetByBid
2025-12-16 23:28:55,2025-12-16T23:28:55,58.58,1.0,SetByBid
2025-12-16 23:28:55,2025-12-16T23:28:55,58.57,1.0,SetByBid
2025-12-16 23:28:57,2025-12-16T23:28:57,58.57,1.0,SetByAsk
2025-12-16 23:28:57,2025-12-16T23:28:57,58.57,1.0,SetByAsk
2025-12-16 23:28:57,2025-12-16T23:28:57,58.57,1.0,SetByAsk
2025-12-16 23:28:57,2025-12-16T23:28:57,58.57,4.0,SetByBid
2025-12-16 23:28:57,2025-12-16T23:28:57,58.56,1.0,SetByAsk
2025-12-16 23:28:57,2025-12-16T23:28:57,58.57,1.0,SetByBid
2025-12-16 23:28:59,2025-12-16T23:28:59,58.57,1.0,SetByBid
2025-12-16 23:29:00,2025-12-16T23:29:00,58.57,1.0,SetByBid
2025-12-16 23:29:00,2025-12-16T23:29:00,58.57,1.0,SetByBid
2025-12-16 23:29:01,2025-12-16T23:29:01,58.57,1.0,SetByBid
2025-12-16 23:29:01,2025-12-16T23:29:01,58.58,1.0,SetByBid
2025-12-16 23:29:03,2025-12-16T23:29:03,58.57,1.0,SetByBid
2025-12-16 23:29:03,2025-12-16T23:29:03,58.57,1.0,SetByBid
2025-12-16 23:29:07,2025-12-16T23:29:07,58.58,1.0,SetByBid
2025-12-16 23:29:07,2025-12-16T23:29:07,58.58,1.0,SetByBid
2025-12-16 23:29:07,2025-12-16T23:29:07,58.58,1.0,SetByBid
2025-12-16 23:29:07,2025-12-16T23:29:07,58.58,2.0,SetByBid
2025-12-16 23:29:07,2025-12-16T23:29:07,58.58,1.0,SetByBid
2025-12-16 23:29:07,2025-12-16T23:29:07,58.58,1.0,SetByBid
2025-12-16 23:29:12,2025-12-16T23:29:12,58.57,1.0,SetByAsk
2025-12-16 23:29:13,2025-12-16T23:29:13,58.58,1.0,SetByBid
2025-12-16 23:29:13,2025-12-16T23:29:13,58.58,1.0,SetByBid
2025-12-16 23:29:13,2025-12-16T23:29:13,58.57,2.0,SetByAsk
2025-12-16 23:29:13,2025-12-16T23:29:13,58.57,7.0,SetByAsk
2025-12-16 23:29:13,2025-12-16T23:29:13,58.57,1.0,SetByAsk
2025-12-16 23:29:13,2025-12-16T23:29:13,58.57,4.0,SetByAsk
2025-12-16 23:29:13,2025-12-16T23:29:13,58.57,1.0,SetByAsk
2025-12-16 23:29:13,2025-12-16T23:29:13,58.57,1.0,"SetByAsk, Leg"
2025-12-16 23:29:13,2025-12-16T23:29:13,58.56,1.0,"SetByAsk, Leg"
2025-12-16 23:29:13,2025-12-16T23:29:13,58.56,5.0,SetByAsk
2025-12-16 23:29:13,2025-12-16T23:29:13,58.56,1.0,SetByAsk
2025-12-16 23:29:13,2025-12-16T23:29:13,58.56,1.0,SetByAsk
2025-12-16 23:29:13,2025-12-16T23:29:13,58.56,2.0,SetByAsk
2025-12-16 23:29:13,2025-12-16T23:29:13,58.56,1.0,SetByAsk
2025-12-16 23:29:13,2025-12-16T23:29:13,58.56,2.0,SetByAsk
2025-12-16 23:29:13,2025-12-16T23:29:13,58.56,2.0,SetByAsk
2025-12-16 23:29:13,2025-12-16T23:29:13,58.56,1.0,SetByAsk
2025-12-16 23:29:13,2025-12-16T23:29:13,58.56,1.0,SetByAsk
2025-12-16 23:29:13,2025-12-16T23:29:13,58.56,6.0,SetByAsk
2025-12-16 23:29:13,2025-12-16T23:29:13,58.56,2.0,SetByAsk
2025-12-16 23:29:13,2025-12-16T23:29:13,58.56,5.0,SetByAsk
2025-12-16 23:29:13,2025-12-16T23:29:13,58.56,3.0,SetByAsk
2025-12-16 23:29:13,2025-12-16T23:29:13,58.56,2.0,SetByAsk
2025-12-16 23:29:13,2025-12-16T23:29:13,58.56,2.0,SetByAsk
2025-12-16 23:29:13,2025-12-16T23:29:13,58.56,5.0,SetByAsk
2025-12-16 23:29:13,2025-12-16T23:29:13,58.56,1.0,SetByAsk
2025-12-16 23:29:13,2025-12-16T23:29:13,58.56,1.0,SetByAsk
2025-12-16 23:29:13,2025-12-16T23:29:13,58.56,1.0,SetByAsk
2025-12-16 23:29:13,2025-12-16T23:29:13,58.56,1.0,SetByAsk
2025-12-16 23:29:13,2025-12-16T23:29:13,58.56,1.0,SetByAsk
2025-12-16 23:29:13,2025-12-16T23:29:13,58.56,3.0,SetByAsk
2025-12-16 23:29:13,2025-12-16T23:29:13,58.56,2.0,SetByAsk
2025-12-16 23:29:13,2025-12-16T23:29:13,58.56,1.0,SetByAsk
2025-12-16 23:29:13,2025-12-16T23:29:13,58.57,1.0,SetByBid
2025-12-16 23:29:13,2025-12-16T23:29:13,58.57,6.0,SetByBid
2025-12-16 23:29:13,2025-12-16T23:29:13,58.57,1.0,SetByAsk
2025-12-16 23:29:13,2025-12-16T23:29:13,58.57,1.0,SetByAsk
2025-12-16 23:29:13,2025-12-16T23:29:13,58.57,1.0,SetByAsk
2025-12-16 23:29:13,2025-12-16T23:29:13,58.58,2.0,SetByBid
2025-12-16 23:29:13,2025-12-16T23:29:13,58.58,2.0,SetByBid
2025-12-16 23:29:16,2025-12-16T23:29:16,58.58,1.0,SetByAsk
2025-12-16 23:29:16,2025-12-16T23:29:16,58.58,2.0,SetByAsk
2025-12-16 23:29:16,2025-12-16T23:29:16,58.58,1.0,SetByAsk
2025-12-16 23:29:16,2025-12-16T23:29:16,58.58,2.0,SetByAsk
2025-12-16 23:29:16,2025-12-16T23:29:16,58.58,1.0,SetByBid
2025-12-16 23:29:20,2025-12-16T23:29:20,58.57,2.0,SetByAsk
2025-12-16 23:29:20,2025-12-16T23:29:20,58.57,1.0,SetByAsk
2025-12-16 23:29:20,2025-12-16T23:29:20,58.57,2.0,SetByAsk
2025-12-16 23:29:25,2025-12-16T23:29:25,58.56,1.0,SetByAsk
2025-12-16 23:29:25,2025-12-16T23:29:25,58.56,1.0,SetByAsk
2025-12-16 23:29:26,2025-12-16T23:29:26,58.56,1.0,SetByAsk
2025-12-16 23:29:26,2025-12-16T23:29:26,58.56,1.0,SetByAsk
2025-12-16 23:29:26,2025-12-16T23:29:26,58.56,1.0,SetByAsk
2025-12-16 23:29:27,2025-12-16T23:29:27,58.57,1.0,SetByBid
2025-12-16 23:29:27,2025-12-16T23:29:27,58.57,2.0,SetByBid
2025-12-16 23:29:27,2025-12-16T23:29:27,58.57,1.0,SetByBid
2025-12-16 23:29:27,2025-12-16T23:29:27,58.57,1.0,SetByBid
2025-12-16 23:29:27,2025-12-16T23:29:27,58.57,1.0,SetByBid
2025-12-16 23:29:27,2025-12-16T23:29:27,58.57,1.0,SetByBid
2025-12-16 23:29:27,2025-12-16T23:29:27,58.57,1.0,SetByBid
2025-12-16 23:29:27,2025-12-16T23:29:27,58.57,1.0,SetByAsk
2025-12-16 23:29:27,2025-12-16T23:29:27,58.57,1.0,SetByAsk
2025-12-16 23:29:28,2025-12-16T23:29:28,58.56,1.0,SetByAsk
2025-12-16 23:29:28,2025-12-16T23:29:28,58.56,2.0,SetByAsk
2025-12-16 23:29:28,2025-12-16T23:29:28,58.56,3.0,SetByAsk
2025-12-16 23:29:28,2025-12-16T23:29:28,58.56,1.0,SetByAsk
2025-12-16 23:29:28,2025-12-16T23:29:28,58.56,1.0,SetByAsk
2025-12-16 23:29:29,2025-12-16T23:29:29,58.56,1.0,SetByAsk
2025-12-16 23:29:29,2025-12-16T23:29:29,58.56,1.0,SetByAsk
2025-12-16 23:29:29,2025-12-16T23:29:29,58.56,1.0,SetByBid
2025-12-16 23:29:30,2025-12-16T23:29:30,58.57,1.0,SetByBid
2025-12-16 23:29:30,2025-12-16T23:29:30,58.57,2.0,SetByBid
2025-12-16 23:29:30,2025-12-16T23:29:30,58.57,1.0,SetByBid
2025-12-16 23:29:31,2025-12-16T23:29:31,58.56,1.0,SetByAsk
2025-12-16 23:29:31,2025-12-16T23:29:31,58.56,1.0,SetByAsk
2025-12-16 23:29:32,2025-12-16T23:29:32,58.56,1.0,SetByAsk
2025-12-16 23:29:33,2025-12-16T23:29:33,58.56,1.0,SetByAsk
2025-12-16 23:29:34,2025-12-16T23:29:34,58.56,1.0,SetByAsk
2025-12-16 23:29:36,2025-12-16T23:29:36,58.56,1.0,SetByAsk
2025-12-16 23:29:36,2025-12-16T23:29:36,58.56,1.0,SetByAsk
2025-12-16 23:29:36,2025-12-16T23:29:36,58.56,1.0,SetByAsk
2025-12-16 23:29:36,2025-12-16T23:29:36,58.56,1.0,SetByAsk
2025-12-16 23:29:41,2025-12-16T23:29:41,58.57,1.0,SetByBid
2025-12-16 23:29:47,2025-12-16T23:29:47,58.57,1.0,SetByBid
2025-12-16 23:29:47,2025-12-16T23:29:47,58.57,1.0,SetByBid
2025-12-16 23:29:47,2025-12-16T23:29:47,58.57,1.0,SetByBid
2025-12-16 23:29:47,2025-12-16T23:29:47,58.57,1.0,SetByBid
2025-12-16 23:29:50,2025-12-16T23:29:50,58.57,1.0,SetByBid
2025-12-16 23:29:50,2025-12-16T23:29:50,58.57,1.0,SetByBid
2025-12-16 23:29:50,2025-12-16T23:29:50,58.56,1.0,SetByAsk
2025-12-16 23:29:53,2025-12-16T23:29:53,58.57,1.0,SetByBid
2025-12-16 23:29:53,2025-12-16T23:29:53,58.58,1.0,SetByBid
2025-12-16 23:29:53,2025-12-16T23:29:53,58.58,2.0,SetByBid
2025-12-16 23:29:53,2025-12-16T23:29:53,58.58,1.0,SetByBid
2025-12-16 23:29:53,2025-12-16T23:29:53,58.58,1.0,SetByBid
2025-12-16 23:29:53,2025-12-16T23:29:53,58.58,1.0,SetByBid
2025-12-16 23:29:55,2025-12-16T23:29:55,58.58,3.0,SetByAsk
2025-12-16 23:29:55,2025-12-16T23:29:55,58.58,1.0,SetByAsk
2025-12-16 23:29:55,2025-12-16T23:29:55,58.59,1.0,SetByBid
2025-12-16 23:29:55,2025-12-16T23:29:55,58.59,3.0,SetByBid
2025-12-16 23:29:55,2025-12-16T23:29:55,58.59,2.0,SetByBid
2025-12-16 23:29:55,2025-12-16T23:29:55,58.59,1.0,SetByBid
2025-12-16 23:29:55,2025-12-16T23:29:55,58.59,1.0,SetByBid
2025-12-16 23:29:58,2025-12-16T23:29:58,58.6,4.0,SetByBid
2025-12-16 23:29:58,2025-12-16T23:29:58,58.6,1.0,SetByBid
2025-12-16 23:29:58,2025-12-16T23:29:58,58.6,2.0,SetByBid
2025-12-16 23:29:58,2025-12-16T23:29:58,58.6,1.0,SetByBid
2025-12-16 23:29:58,2025-12-16T23:29:58,58.6,1.0,SetByBid
2025-12-16 23:29:58,2025-12-16T23:29:58,58.6,1.0,SetByBid
2025-12-16 23:29:58,2025-12-16T23:29:58,58.6,1.0,SetByBid
2025-12-16 23:29:58,2025-12-16T23:29:58,58.59,1.0,SetByAsk
2025-12-16 23:29:59,2025-12-16T23:29:59,58.61,1.0,SetByBid
2025-12-16 23:30:02,2025-12-16T23:30:02,58.59,2.0,SetByAsk
2025-12-16 23:30:02,2025-12-16T23:30:02,58.59,1.0,SetByAsk
2025-12-16 23:30:05,2025-12-16T23:30:05,58.59,1.0,SetByBid
2025-12-16 23:30:06,2025-12-16T23:30:06,58.59,5.0,SetByAsk
2025-12-16 23:30:12,2025-12-16T23:30:12,58.59,1.0,SetByBid
2025-12-16 23:30:13,2025-12-16T23:30:13,58.59,1.0,SetByBid
2025-12-16 23:30:13,2025-12-16T23:30:13,58.59,1.0,SetByBid
2025-12-16 23:30:20,2025-12-16T23:30:20,58.58,1.0,SetByBid
2025-12-16 23:30:20,2025-12-16T23:30:20,58.58,3.0,SetByBid
2025-12-16 23:30:20,2025-12-16T23:30:20,58.58,1.0,SetByBid
2025-12-16 23:30:26,2025-12-16T23:30:26,58.58,1.0,SetByBid
2025-12-16 23:30:26,2025-12-16T23:30:26,58.58,1.0,SetByBid
2025-12-16 23:30:35,2025-12-16T23:30:35,58.59,1.0,SetByBid
2025-12-16 23:30:35,2025-12-16T23:30:35,58.59,1.0,SetByBid
2025-12-16 23:30:35,2025-12-16T23:30:35,58.59,2.0,SetByBid
2025-12-16 23:30:35,2025-12-16T23:30:35,58.59,1.0,SetByBid
2025-12-16 23:30:35,2025-12-16T23:30:35,58.59,2.0,SetByBid
2025-12-16 23:30:35,2025-12-16T23:30:35,58.59,1.0,SetByBid
2025-12-16 23:30:35,2025-12-16T23:30:35,58.59,1.0,SetByBid
2025-12-16 23:30:35,2025-12-16T23:30:35,58.59,1.0,SetByBid
2025-12-16 23:30:35,2025-12-16T23:30:35,58.59,1.0,SetByBid
2025-12-16 23:30:35,2025-12-16T23:30:35,58.59,1.0,SetByBid
2025-12-16 23:30:35,2025-12-16T23:30:35,58.59,1.0,SetByBid
2025-12-16 23:30:35,2025-12-16T23:30:35,58.59,1.0,SetByBid
2025-12-16 23:30:35,2025-12-16T23:30:35,58.59,1.0,SetByBid
2025-12-16 23:30:35,2025-12-16T23:30:35,58.59,1.0,SetByBid
2025-12-16 23:30:36,2025-12-16T23:30:36,58.59,1.0,SetByBid
2025-12-16 23:30:36,2025-12-16T23:30:36,58.59,1.0,SetByBid
2025-12-16 23:30:36,2025-12-16T23:30:36,58.59,1.0,SetByBid
2025-12-16 23:30:36,2025-12-16T23:30:36,58.59,1.0,SetByAsk
2025-12-16 23:30:36,2025-12-16T23:30:36,58.59,1.0,SetByAsk
2025-12-16 23:30:36,2025-12-16T23:30:36,58.59,1.0,SetByBid
2025-12-16 23:30:36,2025-12-16T23:30:36,58.59,1.0,SetByBid
2025-12-16 23:30:42,2025-12-16T23:30:42,58.6,1.0,SetByBid
2025-12-16 23:30:49,2025-12-16T23:30:49,58.59,1.0,SetByBid
2025-12-16 23:31:00,2025-12-16T23:31:00,58.61,1.0,SetByBid
2025-12-16 23:31:09,2025-12-16T23:31:09,58.6,1.0,SetByAsk
2025-12-16 23:31:18,2025-12-16T23:31:18,58.61,1.0,SetByBid
2025-12-16 23:31:18,2025-12-16T23:31:18,58.61,2.0,SetByBid
2025-12-16 23:31:18,2025-12-16T23:31:18,58.61,7.0,SetByBid
2025-12-16 23:31:20,2025-12-16T23:31:20,58.61,2.0,SetByAsk
2025-12-16 23:31:39,2025-12-16T23:31:39,58.61,2.0,SetByAsk
2025-12-16 23:31:39,2025-12-16T23:31:39,58.61,1.0,SetByAsk
2025-12-16 23:31:39,2025-12-16T23:31:39,58.61,1.0,SetByAsk
2025-12-16 23:31:39,2025-12-16T23:31:39,58.61,1.0,SetByAsk
2025-12-16 23:32:07,2025-12-16T23:32:07,58.62,1.0,SetByBid
2025-12-16 23:32:13,2025-12-16T23:32:13,58.61,1.0,SetByBid
2025-12-16 23:32:13,2025-12-16T23:32:13,58.61,1.0,SetByBid
2025-12-16 23:32:13,2025-12-16T23:32:13,58.61,1.0,SetByBid
2025-12-16 23:32:13,2025-12-16T23:32:13,58.61,1.0,SetByBid
2025-12-16 23:32:17,2025-12-16T23:32:17,58.61,1.0,SetByBid
2025-12-16 23:32:17,2025-12-16T23:32:17,58.61,1.0,SetByBid
2025-12-16 23:32:17,2025-12-16T23:32:17,58.61,1.0,SetByBid
2025-12-16 23:32:17,2025-12-16T23:32:17,58.61,1.0,SetByBid
2025-12-16 23:33:10,2025-12-16T23:33:10,58.61,2.0,SetByAsk
2025-12-16 23:33:31,2025-12-16T23:33:31,58.62,1.0,SetByBid
2025-12-16 23:33:31,2025-12-16T23:33:31,58.62,1.0,SetByBid
2025-12-16 23:33:31,2025-12-16T23:33:31,58.62,2.0,SetByBid
2025-12-16 23:33:39,2025-12-16T23:33:39,58.61,1.0,SetByBid
2025-12-16 23:33:46,2025-12-16T23:33:46,58.62,1.0,SetByBid
2025-12-16 23:34:24,2025-12-16T23:34:24,58.63,1.0,SetByBid
2025-12-16 23:34:28,2025-12-16T23:34:28,58.62,1.0,SetByAsk
2025-12-16 23:34:28,2025-12-16T23:34:28,58.62,1.0,SetByAsk
2025-12-16 23:34:28,2025-12-16T23:34:28,58.62,1.0,SetByAsk
2025-12-16 23:34:35,2025-12-16T23:34:35,58.63,1.0,SetByBid
2025-12-16 23:35:23,2025-12-16T23:35:23,58.61,1.0,SetByAsk
2025-12-16 23:35:23,2025-12-16T23:35:23,58.61,1.0,SetByAsk
2025-12-16 23:36:17,2025-12-16T23:36:17,58.59,1.0,SetByAsk
2025-12-16 23:36:27,2025-12-16T23:36:27,58.6,1.0,SetByBid
2025-12-16 23:36:33,2025-12-16T23:36:33,58.6,1.0,SetByBid
2025-12-16 23:36:33,2025-12-16T23:36:33,58.6,1.0,SetByBid
2025-12-16 23:36:33,2025-12-16T23:36:33,58.6,1.0,SetByBid
2025-12-16 23:36:33,2025-12-16T23:36:33,58.6,1.0,SetByBid
2025-12-16 23:36:33,2025-12-16T23:36:33,58.6,3.0,SetByBid
2025-12-16 23:36:33,2025-12-16T23:36:33,58.6,2.0,SetByBid
2025-12-16 23:36:33,2025-12-16T23:36:33,58.6,1.0,"SetByBid, Leg"
2025-12-16 23:36:43,2025-12-16T23:36:43,58.59,1.0,SetByAsk
2025-12-16 23:36:48,2025-12-16T23:36:48,58.59,1.0,SetByAsk
2025-12-16 23:36:53,2025-12-16T23:36:53,58.6,1.0,SetByBid
2025-12-16 23:36:54,2025-12-16T23:36:54,58.6,1.0,SetByBid
2025-12-16 23:37:12,2025-12-16T23:37:12,58.61,1.0,SetByBid
2025-12-16 23:37:12,2025-12-16T23:37:12,58.61,1.0,SetByBid
2025-12-16 23:37:12,2025-12-16T23:37:12,58.61,1.0,SetByBid
2025-12-16 23:38:06,2025-12-16T23:38:06,58.61,1.0,SetByBid
2025-12-16 23:38:11,2025-12-16T23:38:11,58.61,1.0,SetByBid
2025-12-16 23:38:33,2025-12-16T23:38:33,58.62,1.0,SetByBid
2025-12-16 23:38:33,2025-12-16T23:38:33,58.62,1.0,SetByBid
2025-12-16 23:38:33,2025-12-16T23:38:33,58.62,1.0,SetByBid
2025-12-16 23:40:44,2025-12-16T23:40:44,58.63,1.0,"SetByBid, Leg"
2025-12-16 23:40:48,2025-12-16T23:40:48,58.63,1.0,"SetByBid, Leg"
2025-12-16 23:41:12,2025-12-16T23:41:12,58.62,1.0,"SetByBid, Leg"
2025-12-16 23:41:25,2025-12-16T23:41:25,58.62,1.0,SetByAsk
2025-12-16 23:41:32,2025-12-16T23:41:32,58.63,3.0,SetByBid
2025-12-16 23:41:58,2025-12-16T23:41:58,58.62,1.0,SetByBid
2025-12-16 23:42:06,2025-12-16T23:42:06,58.61,1.0,SetByAsk
2025-12-16 23:43:28,2025-12-16T23:43:28,58.63,4.0,SetByBid
2025-12-16 23:46:27,2025-12-16T23:46:27,58.62,1.0,SetByBid
2025-12-16 23:47:10,2025-12-16T23:47:10,58.61,1.0,SetByAsk
2025-12-16 23:47:10,2025-12-16T23:47:10,58.61,1.0,SetByAsk
2025-12-16 23:47:27,2025-12-16T23:47:27,58.62,1.0,SetByBid
2025-12-16 23:48:50,2025-12-16T23:48:50,58.62,1.0,SetByBid
2025-12-16 23:49:25,2025-12-16T23:49:25,58.61,1.0,SetByAsk
2025-12-16 23:49:25,2025-12-16T23:49:25,58.61,1.0,SetByAsk
2025-12-16 23:52:11,2025-12-16T23:52:11,58.63,1.0,SetByAsk
2025-12-16 23:52:11,2025-12-16T23:52:11,58.63,1.0,SetByAsk
2025-12-16 23:52:11,2025-12-16T23:52:11,58.63,1.0,SetByAsk
2025-12-16 23:52:11,2025-12-16T23:52:11,58.63,1.0,SetByAsk
2025-12-16 23:52:11,2025-12-16T23:52:11,58.63,1.0,SetByAsk
2025-12-16 23:52:27,2025-12-16T23:52:27,58.62,1.0,SetByBid
2025-12-16 23:52:34,2025-12-16T23:52:34,58.62,1.0,SetByBid
2025-12-16 23:52:34,2025-12-16T23:52:34,58.62,1.0,SetByBid
2025-12-16 23:53:06,2025-12-16T23:53:06,58.63,1.0,SetByBid
2025-12-16 23:53:14,2025-12-16T23:53:14,58.62,1.0,SetByAsk
2025-12-16 23:53:39,2025-12-16T23:53:39,58.61,1.0,SetByAsk
2025-12-16 23:53:39,2025-12-16T23:53:39,58.61,1.0,SetByBid
2025-12-16 23:54:03,2025-12-16T23:54:03,58.61,1.0,SetByBid
2025-12-16 23:54:28,2025-12-16T23:54:28,58.6,1.0,SetByAsk
2025-12-16 23:54:28,2025-12-16T23:54:28,58.6,1.0,SetByAsk
2025-12-16 23:56:46,2025-12-16T23:56:46,58.55,3.0,SetByBid
2025-12-16 23:56:48,2025-12-16T23:56:48,58.56,1.0,SetByBid
2025-12-16 23:57:10,2025-12-16T23:57:10,58.55,1.0,SetByAsk
2025-12-16 23:57:10,2025-12-16T23:57:10,58.55,1.0,SetByAsk
2025-12-16 23:57:10,2025-12-16T23:57:10,58.54,1.0,SetByAsk
2025-12-16 23:57:38,2025-12-16T23:57:38,58.55,1.0,SetByBid
2025-12-16 23:59:34,2025-12-16T23:59:34,58.55,1.0,SetByAsk
2025-12-17 00:00:00,2025-12-17T00:00:00,58.56,1.0,SetByBid
