params,delay_s,sigma_multiple,move_window_s,hold_s,vol_window_days,vol_method,signal_mode,bad_hour_rule,score,total_pnl_cents,avg_daily_pnl_cents,daily_sharpe,daily_sortino,max_drawdown_cents,positive_day_rate,active_day_rate,days,trades,win_rate,avg_trade_cents,profit_factor,long_trades,short_trades,trades_per_day,profitable_months,month_count,profitable_month_rate,best_month_pnl_cents,best_month_share,top_trade_pnl_cents,top_trade_share,top_trade_removed_pnl_cents,removed_top_win_cents,deflated_total_pnl_cents,deflated_daily_sharpe,deflated_max_drawdown_cents,deflated_trades,deflated_win_rate,deflated_profit_factor,cluster_neighbors,cluster_positive_neighbors,cluster_positive_rate,anti_overfit_score,run_key,run_label,objective,train_start,train_end,test_start,test_end
a=90s | move=0.7x percent_to_dollar sigma (63D)/2400s | hold=14400s | reversal | exit_by_midnight,90,0.7,2400,14400,63,percent_to_dollar,reversal,exit_by_midnight,-inf,140.2667999999997,5.195066666666656,5.169530584566746,0.0,0.0,0.1111111111111111,0.1111111111111111,27,3,1.0,46.7555999999999,inf,2,1,0.1111111111111111,1,1,1.0,140.2667999999997,1.0,62.42040000000057,0.4450119343993069,77.84639999999914,62.42040000000057,77.84639999999912,4.109681261036432,0.0,2,1.0,inf,80,77,0.9625,-inf,anti_overfit_percent_wf,Anti-overfit top-trade-neutral walk-forward,top_trade_neutral_score,2025-10-01,2025-10-31,2025-11-01,2025-11-30
a=90s | move=0.65x percent_to_dollar sigma (63D)/2400s | hold=14400s | reversal | exit_by_midnight,90,0.65,2400,14400,63,percent_to_dollar,reversal,exit_by_midnight,-inf,137.27000000000027,5.084074074074084,5.226903149396976,0.0,0.0,0.1111111111111111,0.1111111111111111,27,3,1.0,45.75666666666675,inf,2,1,0.1111111111111111,1,1,1.0,137.27000000000027,1.0,62.42040000000057,0.4547271800102021,74.8495999999997,62.42040000000057,74.84959999999971,4.246047514334797,0.0,2,1.0,inf,80,74,0.925,-inf,anti_overfit_percent_wf,Anti-overfit top-trade-neutral walk-forward,top_trade_neutral_score,2025-10-01,2025-10-31,2025-11-01,2025-11-30
a=120s | move=0.7x percent_to_dollar sigma (63D)/2400s | hold=14400s | reversal | exit_by_midnight,120,0.7,2400,14400,63,percent_to_dollar,reversal,exit_by_midnight,-inf,147.26240000000044,5.454162962962979,4.971956752695892,0.0,0.0,0.1111111111111111,0.1111111111111111,27,3,1.0,49.08746666666681,inf,2,1,0.1111111111111111,1,1,1.0,147.2624000000004,0.9999999999999998,69.4216000000013,0.4714142917676277,77.84079999999913,69.4216000000013,77.84079999999912,3.8658471281706643,0.0,2,1.0,inf,80,72,0.9,-inf,anti_overfit_percent_wf,Anti-overfit top-trade-neutral walk-forward,top_trade_neutral_score,2025-10-01,2025-10-31,2025-11-01,2025-11-30
a=120s | move=0.65x percent_to_dollar sigma (63D)/2400s | hold=14400s | reversal | exit_by_midnight,120,0.65,2400,14400,63,percent_to_dollar,reversal,exit_by_midnight,-inf,142.26840000000215,5.26920000000008,5.056825353196574,0.0,0.0,0.1111111111111111,0.1111111111111111,27,3,1.0,47.42280000000071,inf,2,1,0.1111111111111111,1,1,1.0,142.26840000000215,1.0,69.4216000000013,0.48796218977650874,72.84680000000084,69.4216000000013,72.84680000000083,4.092528233418748,0.0,2,1.0,inf,80,71,0.8875,-inf,anti_overfit_percent_wf,Anti-overfit top-trade-neutral walk-forward,top_trade_neutral_score,2025-10-01,2025-10-31,2025-11-01,2025-11-30
a=180s | move=0.65x percent_to_dollar sigma (63D)/2400s | hold=14400s | reversal | exit_by_midnight,180,0.65,2400,14400,63,percent_to_dollar,reversal,exit_by_midnight,-inf,144.2571999999996,5.342859259259245,4.8728686716054135,0.0,0.0,0.1111111111111111,0.1111111111111111,27,3,1.0,48.0857333333332,inf,2,1,0.1111111111111111,1,1,1.0,144.2571999999996,1.0,67.42120000000028,0.4673680065882359,76.83599999999933,67.42120000000028,76.83599999999932,3.696468465804205,0.0,2,1.0,inf,80,71,0.8875,-inf,anti_overfit_percent_wf,Anti-overfit top-trade-neutral walk-forward,top_trade_neutral_score,2025-10-01,2025-10-31,2025-11-01,2025-11-30
a=180s | move=0.7x percent_to_dollar sigma (63D)/2400s | hold=14400s | reversal | exit_by_midnight,180,0.7,2400,14400,63,percent_to_dollar,reversal,exit_by_midnight,-inf,141.25759999999948,5.231762962962944,4.880468683363579,0.0,0.0,0.1111111111111111,0.1111111111111111,27,3,1.0,47.0858666666665,inf,2,1,0.1111111111111111,1,1,1.0,141.25759999999948,1.0,66.42079999999977,0.47021045239335807,74.83679999999971,66.42079999999977,74.83679999999971,3.714059737934834,0.0,2,1.0,inf,80,69,0.8625,-inf,anti_overfit_percent_wf,Anti-overfit top-trade-neutral walk-forward,top_trade_neutral_score,2025-10-01,2025-10-31,2025-11-01,2025-11-30
a=180s | move=0.6x percent_to_dollar sigma (63D)/2400s | hold=14400s | reversal | exit_by_midnight,180,0.6,2400,14400,63,percent_to_dollar,reversal,exit_by_midnight,-inf,131.26360000000005,4.861614814814817,4.883840696692664,0.0,0.0,0.1111111111111111,0.1111111111111111,27,3,1.0,43.75453333333335,inf,2,1,0.1111111111111111,1,1,1.0,131.26360000000005,1.0,65.42120000000068,0.4983955948183705,65.84239999999937,65.42120000000068,65.84239999999937,3.8057482395795623,0.0,2,1.0,inf,80,67,0.8375,-inf,anti_overfit_percent_wf,Anti-overfit top-trade-neutral walk-forward,top_trade_neutral_score,2025-10-01,2025-10-31,2025-11-01,2025-11-30
a=90s | move=0.6x percent_to_dollar sigma (63D)/2400s | hold=14400s | reversal | exit_by_midnight,90,0.6,2400,14400,63,percent_to_dollar,reversal,exit_by_midnight,-inf,141.2720000000002,5.232296296296304,5.122044028059905,0.0,0.0,0.1111111111111111,0.1111111111111111,27,3,1.0,47.09066666666673,inf,2,1,0.1111111111111111,1,1,1.0,141.2720000000002,1.0,68.42279999999937,0.48433376748399737,72.84920000000082,68.42279999999937,72.84920000000082,4.204589900699002,0.0,2,1.0,inf,80,62,0.775,-inf,anti_overfit_percent_wf,Anti-overfit top-trade-neutral walk-forward,top_trade_neutral_score,2025-10-01,2025-10-31,2025-11-01,2025-11-30
a=120s | move=0.6x percent_to_dollar sigma (63D)/2400s | hold=14400s | reversal | exit_by_midnight,120,0.6,2400,14400,63,percent_to_dollar,reversal,exit_by_midnight,-inf,143.26959999999838,5.306281481481421,5.185277222679476,0.0,0.0,0.1111111111111111,0.1111111111111111,27,3,1.0,47.75653333333279,inf,2,1,0.1111111111111111,1,1,1.0,143.26959999999838,1.0,65.42199999999926,0.4566356016907983,77.84759999999912,65.42199999999926,77.84759999999912,4.180160185567729,0.0,2,1.0,inf,80,62,0.775,-inf,anti_overfit_percent_wf,Anti-overfit top-trade-neutral walk-forward,top_trade_neutral_score,2025-10-01,2025-10-31,2025-11-01,2025-11-30
a=180s | move=0.55x percent_to_dollar sigma (63D)/2400s | hold=14400s | reversal | exit_by_midnight,180,0.55,2400,14400,63,percent_to_dollar,reversal,exit_by_midnight,-inf,140.7208000000005,5.2118814814815,5.005971710105866,0.0,-7.564399999999715,0.1111111111111111,0.14814814814814814,27,4,0.75,35.18020000000013,19.603035270475676,3,1,0.14814814814814814,1,1,1.0,140.7208000000005,1.0,64.42080000000017,0.45779159868334984,76.30000000000034,64.42080000000017,76.30000000000034,3.8832219411666817,-7.564399999999716,3,0.6666666666666666,11.08672201364181,80,62,0.775,-inf,anti_overfit_percent_wf,Anti-overfit top-trade-neutral walk-forward,top_trade_neutral_score,2025-10-01,2025-10-31,2025-11-01,2025-11-30
a=90s | move=0.75x percent_to_dollar sigma (63D)/2400s | hold=14400s | reversal | exit_by_midnight,90,0.75,2400,14400,63,percent_to_dollar,reversal,exit_by_midnight,-inf,79.83799999999943,2.9569629629629417,3.8456485585159736,0.0,0.0,0.07407407407407407,0.07407407407407407,27,2,1.0,39.91899999999971,inf,1,1,0.07407407407407407,1,1,1.0,79.83799999999943,1.0,61.39840000000006,0.7690373005335868,18.439599999999366,61.39840000000006,18.439599999999373,3.0550504633030324,0.0,1,1.0,inf,80,59,0.7375,-inf,anti_overfit_percent_wf,Anti-overfit top-trade-neutral walk-forward,top_trade_neutral_score,2025-10-01,2025-10-31,2025-11-01,2025-11-30
a=180s | move=0.5x percent_to_dollar sigma (63D)/1800s | hold=14400s | reversal | exit_by_midnight,180,0.5,1800,14400,63,percent_to_dollar,reversal,exit_by_midnight,-inf,70.25120000000011,2.6018962962963004,3.869451310698163,0.0,-7.563999999999716,0.07407407407407407,0.1111111111111111,27,3,0.6666666666666666,23.417066666666702,10.287572712849348,2,1,0.1111111111111111,1,1,1.0,70.25120000000011,1.0,44.40519999999989,0.632091693807363,25.846000000000224,44.40519999999989,25.846000000000224,2.2861938103608472,-7.563999999999716,2,0.5,4.416975145425274,80,59,0.7375,-inf,anti_overfit_percent_wf,Anti-overfit top-trade-neutral walk-forward,top_trade_neutral_score,2025-10-01,2025-10-31,2025-11-01,2025-11-30
a=90s | move=0.5x percent_to_dollar sigma (63D)/1200s | hold=14400s | reversal | exit_by_midnight,90,0.5,1200,14400,63,percent_to_dollar,reversal,exit_by_midnight,-inf,46.8323999999996,1.7345333333333186,2.292481873852446,0.0,-13.566399999999943,0.037037037037037035,0.07407407407407407,27,2,0.5,23.4161999999998,4.45208751031927,1,1,0.07407407407407407,1,1,1.0,46.8323999999996,1.0,60.39879999999955,1.2896797943304221,-13.566399999999945,60.39879999999955,-13.566399999999943,-3.0550504633027233,-13.566399999999943,1,0.0,0.0,80,59,0.7375,-inf,anti_overfit_percent_wf,Anti-overfit top-trade-neutral walk-forward,top_trade_neutral_score,2025-10-01,2025-10-31,2025-11-01,2025-11-30
a=180s | move=0.5x percent_to_dollar sigma (63D)/1200s | hold=14400s | reversal | exit_by_midnight,180,0.5,1200,14400,63,percent_to_dollar,reversal,exit_by_midnight,-inf,55.840399999999946,2.068162962962961,3.378999868281789,0.0,0.0,0.07407407407407407,0.07407407407407407,27,2,1.0,27.920199999999973,inf,1,1,0.07407407407407407,1,1,1.0,55.840399999999946,1.0,50.40280000000011,0.9026224740510483,5.437599999999833,50.40280000000011,5.437599999999829,3.055050463300973,0.0,1,1.0,inf,80,57,0.7125,-inf,anti_overfit_percent_wf,Anti-overfit top-trade-neutral walk-forward,top_trade_neutral_score,2025-10-01,2025-10-31,2025-11-01,2025-11-30
a=180s | move=0.45x percent_to_dollar sigma (63D)/1200s | hold=14400s | reversal | exit_by_midnight,180,0.45,1200,14400,63,percent_to_dollar,reversal,exit_by_midnight,-inf,123.2559999999988,4.565037037036993,4.0462359786924065,0.0,-7.563999999999723,0.07407407407407407,0.1111111111111111,27,3,0.6666666666666666,41.08533333333293,17.29508196721128,2,1,0.1111111111111111,1,1,1.0,123.2559999999988,1.0,77.41839999999972,0.6281105990783449,45.837599999999085,77.41839999999972,45.83759999999909,2.5826489331289566,-7.563999999999716,2,0.5,7.0599682707553875,80,57,0.7125,-inf,anti_overfit_percent_wf,Anti-overfit top-trade-neutral walk-forward,top_trade_neutral_score,2025-10-01,2025-10-31,2025-11-01,2025-11-30
a=180s | move=0.45x percent_to_dollar sigma (63D)/1800s | hold=14400s | reversal | exit_by_midnight,180,0.45,1800,14400,63,percent_to_dollar,reversal,exit_by_midnight,-inf,91.70720000000031,3.3965629629629746,4.891725758962192,0.0,-6.563999999999204,0.1111111111111111,0.14814814814814814,27,4,0.75,22.92680000000008,14.971237050578374,3,1,0.14814814814814814,1,1,1.0,91.70720000000031,1.0,44.40519999999989,0.48420625643351595,47.302000000000426,44.40519999999989,47.302000000000426,3.7689904493043,-6.563999999999204,3,0.6666666666666666,8.20627666057251,80,56,0.7,-inf,anti_overfit_percent_wf,Anti-overfit top-trade-neutral walk-forward,top_trade_neutral_score,2025-10-01,2025-10-31,2025-11-01,2025-11-30
a=120s | move=0.75x percent_to_dollar sigma (63D)/2400s | hold=14400s | reversal | exit_by_midnight,120,0.75,2400,14400,63,percent_to_dollar,reversal,exit_by_midnight,-inf,71.8379999999996,2.6606666666666516,3.7422007197417857,0.0,0.0,0.07407407407407407,0.07407407407407407,27,2,1.0,35.9189999999998,inf,1,1,0.07407407407407407,1,1,1.0,71.8379999999996,1.0,57.39999999999943,0.7990200172610562,14.438000000000166,57.39999999999943,14.438000000000171,3.055050463302794,0.0,1,1.0,inf,80,56,0.7,-inf,anti_overfit_percent_wf,Anti-overfit top-trade-neutral walk-forward,top_trade_neutral_score,2025-10-01,2025-10-31,2025-11-01,2025-11-30
a=120s | move=0.5x percent_to_dollar sigma (63D)/1200s | hold=14400s | reversal | exit_by_midnight,120,0.5,1200,14400,63,percent_to_dollar,reversal,exit_by_midnight,-inf,43.83799999999949,1.6236296296296107,2.56354272338296,0.0,-7.564399999999716,0.037037037037037035,0.07407407407407407,27,2,0.5,21.918999999999745,6.795304320236151,1,1,0.07407407407407407,1,1,1.0,43.83799999999949,1.0,51.402399999999204,1.172553492403846,-7.564399999999715,51.402399999999204,-7.564399999999716,-3.0550504633017956,-7.564399999999716,1,0.0,0.0,80,56,0.7,-inf,anti_overfit_percent_wf,Anti-overfit top-trade-neutral walk-forward,top_trade_neutral_score,2025-10-01,2025-10-31,2025-11-01,2025-11-30
a=180s | move=0.5x percent_to_dollar sigma (63D)/2400s | hold=14400s | reversal | exit_by_midnight,180,0.5,2400,14400,63,percent_to_dollar,reversal,exit_by_midnight,-inf,129.72159999999985,4.804503703703698,4.874239280774436,0.0,-7.564399999999715,0.1111111111111111,0.14814814814814814,27,4,0.75,32.43039999999996,18.14896092221281,3,1,0.14814814814814814,1,1,1.0,129.72159999999985,1.0,64.42160000000017,0.4966142878287058,65.29999999999968,64.42160000000017,65.29999999999968,3.780809685109843,-7.564399999999716,3,0.6666666666666666,9.632541906825725,80,55,0.6875,-inf,anti_overfit_percent_wf,Anti-overfit top-trade-neutral walk-forward,top_trade_neutral_score,2025-10-01,2025-10-31,2025-11-01,2025-11-30
a=180s | move=0.55x percent_to_dollar sigma (63D)/1800s | hold=14400s | reversal | exit_by_midnight,180,0.55,1800,14400,63,percent_to_dollar,reversal,exit_by_midnight,-inf,42.8384000000004,1.5866074074074221,2.55342066516671,0.0,-7.564399999999716,0.037037037037037035,0.07407407407407407,27,2,0.5,21.4192000000002,6.663159007984155,1,1,0.07407407407407407,1,1,1.0,42.8384000000004,1.0,50.40280000000011,1.1765798909389624,-7.564399999999715,50.40280000000011,-7.564399999999716,-3.0550504633017956,-7.564399999999716,1,0.0,0.0,80,55,0.6875,-inf,anti_overfit_percent_wf,Anti-overfit top-trade-neutral walk-forward,top_trade_neutral_score,2025-10-01,2025-10-31,2025-11-01,2025-11-30
a=120s | move=0.55x percent_to_dollar sigma (63D)/2400s | hold=14400s | reversal | exit_by_midnight,120,0.55,2400,14400,63,percent_to_dollar,reversal,exit_by_midnight,-inf,130.71919999999966,4.841451851851839,4.526421542527473,0.0,-14.566399999999035,0.1111111111111111,0.14814814814814814,27,4,0.75,32.679799999999915,9.97402240773275,3,1,0.14814814814814814,1,1,1.0,130.71919999999966,1.0,69.42279999999988,0.5310834215631679,61.29639999999978,69.42279999999988,61.29639999999977,3.2638689254070115,-14.566399999999033,3,0.6666666666666666,5.208067882249466,80,54,0.675,-inf,anti_overfit_percent_wf,Anti-overfit top-trade-neutral walk-forward,top_trade_neutral_score,2025-10-01,2025-10-31,2025-11-01,2025-11-30
a=180s | move=0.75x percent_to_dollar sigma (63D)/2400s | hold=14400s | reversal | exit_by_midnight,180,0.75,2400,14400,63,percent_to_dollar,reversal,exit_by_midnight,-inf,60.83759999999966,2.253244444444432,3.465451599819353,0.0,0.0,0.07407407407407407,0.07407407407407407,27,2,1.0,30.41879999999983,inf,1,1,0.07407407407407407,1,1,1.0,60.83759999999966,1.0,53.40159999999881,0.8777729561981259,7.436000000000853,53.40159999999881,7.436000000000853,3.0550504633017583,0.0,1,1.0,inf,80,54,0.675,-inf,anti_overfit_percent_wf,Anti-overfit top-trade-neutral walk-forward,top_trade_neutral_score,2025-10-01,2025-10-31,2025-11-01,2025-11-30
a=180s | move=0.4x percent_to_dollar sigma (63D)/1200s | hold=14400s | reversal | exit_by_midnight,180,0.4,1200,14400,63,percent_to_dollar,reversal,exit_by_midnight,-inf,41.26240000000091,1.5282370370370708,3.310803866770974,0.0,-8.563999999998806,0.07407407407407407,0.1111111111111111,27,3,0.6666666666666666,13.754133333333636,5.818122372723124,2,1,0.1111111111111111,1,1,1.0,41.26240000000091,1.0,33.40999999999994,0.8096959944162047,7.852400000000969,33.40999999999994,7.852400000000966,1.2756483165911376,-8.563999999998806,2,0.5,1.9169079869220158,80,54,0.675,-inf,anti_overfit_percent_wf,Anti-overfit top-trade-neutral walk-forward,top_trade_neutral_score,2025-10-01,2025-10-31,2025-11-01,2025-11-30
a=90s | move=0.65x percent_to_dollar sigma (63D)/3600s | hold=14400s | reversal | exit_by_midnight,90,0.65,3600,14400,63,percent_to_dollar,reversal,exit_by_midnight,-inf,141.27159999999947,5.232281481481461,5.184584044705175,0.0,0.0,0.1111111111111111,0.1111111111111111,27,3,1.0,47.090533333333155,inf,2,1,0.1111111111111111,1,1,1.0,141.27159999999947,1.0,66.42199999999977,0.47017234886558956,74.8495999999997,66.42199999999977,74.84959999999971,4.246047514334797,0.0,2,1.0,inf,53,53,1.0,-inf,anti_overfit_percent_wf,Anti-overfit top-trade-neutral walk-forward,top_trade_neutral_score,2025-10-01,2025-10-31,2025-11-01,2025-11-30
a=90s | move=0.7x percent_to_dollar sigma (63D)/2400s | hold=21600s | reversal | exit_by_midnight,90,0.7,2400,21600,63,percent_to_dollar,reversal,exit_by_midnight,-inf,179.26679999999976,6.639511111111102,4.942145797326694,0.0,0.0,0.1111111111111111,0.1111111111111111,27,3,1.0,59.75559999999992,inf,2,1,0.1111111111111111,1,1,1.0,179.26679999999976,1.0,96.42040000000091,0.5378597710228611,82.84639999999885,96.42040000000091,82.84639999999884,4.219637379112989,0.0,2,1.0,inf,53,53,1.0,-inf,anti_overfit_percent_wf,Anti-overfit top-trade-neutral walk-forward,top_trade_neutral_score,2025-10-01,2025-10-31,2025-11-01,2025-11-30
a=120s | move=0.7x percent_to_dollar sigma (63D)/2400s | hold=21600s | reversal | exit_by_midnight,120,0.7,2400,21600,63,percent_to_dollar,reversal,exit_by_midnight,-inf,176.26239999999964,6.528237037037024,4.805334482946086,0.0,0.0,0.1111111111111111,0.1111111111111111,27,3,1.0,58.754133333333215,inf,2,1,0.1111111111111111,1,1,1.0,176.26239999999962,0.9999999999999999,96.42160000000091,0.5470344214080888,79.84079999999874,96.42160000000091,79.84079999999872,3.9296998869355524,0.0,2,1.0,inf,53,53,1.0,-inf,anti_overfit_percent_wf,Anti-overfit top-trade-neutral walk-forward,top_trade_neutral_score,2025-10-01,2025-10-31,2025-11-01,2025-11-30
a=180s | move=0.7x percent_to_dollar sigma (63D)/2400s | hold=21600s | reversal | exit_by_midnight,180,0.7,2400,21600,63,percent_to_dollar,reversal,exit_by_midnight,-inf,169.2575999999996,6.2687999999999855,4.720941920692608,0.0,0.0,0.1111111111111111,0.1111111111111111,27,3,1.0,56.41919999999987,inf,2,1,0.1111111111111111,1,1,1.0,169.2575999999996,1.0,93.42079999999937,0.5519444917096756,75.83680000000022,93.42079999999937,75.83680000000022,3.751221342620153,0.0,2,1.0,inf,53,53,1.0,-inf,anti_overfit_percent_wf,Anti-overfit top-trade-neutral walk-forward,top_trade_neutral_score,2025-10-01,2025-10-31,2025-11-01,2025-11-30
a=120s | move=0.45x percent_to_dollar sigma (63D)/1200s | hold=14400s | reversal | exit_by_midnight,120,0.45,1200,14400,63,percent_to_dollar,reversal,exit_by_midnight,-inf,130.25480000000096,4.824251851851887,3.8070440825353837,0.0,-14.566399999999035,0.07407407407407407,0.1111111111111111,27,3,0.6666666666666666,43.41826666666699,9.942140817223176,2,1,0.1111111111111111,1,1,1.0,130.25480000000096,1.0,87.42120000000057,0.6711553048332954,42.83360000000039,87.42120000000057,42.833600000000395,2.18973952374982,-14.566399999999033,2,0.5,3.9405755711774564,80,53,0.6625,-inf,anti_overfit_percent_wf,Anti-overfit top-trade-neutral walk-forward,top_trade_neutral_score,2025-10-01,2025-10-31,2025-11-01,2025-11-30
a=90s | move=0.7x percent_to_dollar sigma (63D)/2400s | hold=7200s | reversal | exit_by_midnight,90,0.7,2400,7200,63,percent_to_dollar,reversal,exit_by_midnight,-inf,36.26680000000049,1.3432148148148328,4.767161509789845,0.0,0.0,0.1111111111111111,0.1111111111111111,27,3,1.0,12.088933333333495,inf,2,1,0.1111111111111111,1,1,1.0,36.26680000000049,1.0,19.40159999999989,0.5349686214388815,16.8652000000006,19.40159999999989,16.8652000000006,3.748572478895819,0.0,2,1.0,inf,80,52,0.65,-inf,anti_overfit_percent_wf,Anti-overfit top-trade-neutral walk-forward,top_trade_neutral_score,2025-10-01,2025-10-31,2025-11-01,2025-11-30
a=180s | move=0.65x percent_to_dollar sigma (63D)/2400s | hold=21600s | reversal | exit_by_midnight,180,0.65,2400,21600,63,percent_to_dollar,reversal,exit_by_midnight,-inf,171.25719999999922,6.34285925925923,4.700373204351293,0.0,0.0,0.1111111111111111,0.1111111111111111,27,3,1.0,57.085733333333074,inf,2,1,0.1111111111111111,1,1,1.0,171.25719999999922,1.0,94.42119999999989,0.5513414910438821,76.83599999999933,94.42119999999989,76.83599999999932,3.696468465804205,0.0,2,1.0,inf,53,52,0.9811320754716981,-inf,anti_overfit_percent_wf,Anti-overfit top-trade-neutral walk-forward,top_trade_neutral_score,2025-10-01,2025-10-31,2025-11-01,2025-11-30
a=180s | move=0.45x percent_to_dollar sigma (63D)/1200s | hold=21600s | reversal | exit_by_midnight,180,0.45,1200,21600,63,percent_to_dollar,reversal,exit_by_midnight,-inf,147.25599999999972,5.453925925925915,4.512257678251207,0.0,0.0,0.1111111111111111,0.1111111111111111,27,3,1.0,49.08533333333324,inf,2,1,0.1111111111111111,1,1,1.0,147.25599999999972,1.0,86.41840000000006,0.5868582604443977,60.837599999999654,86.41840000000006,60.83759999999966,3.465451599819353,0.0,2,1.0,inf,53,52,0.9811320754716981,-inf,anti_overfit_percent_wf,Anti-overfit top-trade-neutral walk-forward,top_trade_neutral_score,2025-10-01,2025-10-31,2025-11-01,2025-11-30
a=120s | move=0.5x percent_to_dollar sigma (63D)/1800s | hold=14400s | reversal | exit_by_midnight,120,0.5,1800,14400,63,percent_to_dollar,reversal,exit_by_midnight,-inf,49.24719999999932,1.8239703703703452,3.0981363090333027,0.0,-14.566399999999033,0.07407407407407407,0.1111111111111111,27,3,0.6666666666666666,16.415733333333105,4.380876537785466,2,1,0.1111111111111111,1,1,1.0,49.24719999999932,1.0,39.40719999999875,0.800191686024775,9.840000000000565,39.40719999999875,9.840000000000567,1.0402036181034449,-14.566399999999033,2,0.5,1.675527240773255,80,52,0.65,-inf,anti_overfit_percent_wf,Anti-overfit top-trade-neutral walk-forward,top_trade_neutral_score,2025-10-01,2025-10-31,2025-11-01,2025-11-30
a=180s | move=0.45x percent_to_dollar sigma (63D)/1800s | hold=21600s | reversal | exit_by_midnight,180,0.45,1800,21600,63,percent_to_dollar,reversal,exit_by_midnight,-inf,185.70720000000009,6.8780444444444475,5.4974445952563675,0.0,0.0,0.14814814814814814,0.14814814814814814,27,4,1.0,46.42680000000002,inf,3,1,0.14814814814814814,1,1,1.0,185.70720000000009,1.0,83.45919999999923,0.4494128391360119,102.24800000000086,83.45919999999923,102.24800000000084,4.740790894330799,0.0,3,1.0,inf,53,51,0.9622641509433962,-inf,anti_overfit_percent_wf,Anti-overfit top-trade-neutral walk-forward,top_trade_neutral_score,2025-10-01,2025-10-31,2025-11-01,2025-11-30
a=180s | move=0.4x percent_to_dollar sigma (63D)/1200s | hold=21600s | reversal | exit_by_midnight,180,0.4,1200,21600,63,percent_to_dollar,reversal,exit_by_midnight,-inf,83.26240000000108,3.0837925925926326,4.342798440436218,0.0,0.0,0.1111111111111111,0.1111111111111111,27,3,1.0,27.754133333333694,inf,2,1,0.1111111111111111,1,1,1.0,83.26240000000108,1.0,56.41000000000034,0.6774966851784191,26.852400000000742,56.41000000000034,26.85240000000074,4.292580520956238,0.0,2,1.0,inf,53,51,0.9622641509433962,-inf,anti_overfit_percent_wf,Anti-overfit top-trade-neutral walk-forward,top_trade_neutral_score,2025-10-01,2025-10-31,2025-11-01,2025-11-30
a=120s | move=0.65x percent_to_dollar sigma (63D)/2400s | hold=21600s | reversal | exit_by_midnight,120,0.65,2400,21600,63,percent_to_dollar,reversal,exit_by_midnight,-inf,175.26840000000055,6.491422222222242,4.868808620074906,0.0,0.0,0.1111111111111111,0.1111111111111111,27,3,1.0,58.42280000000019,inf,2,1,0.1111111111111111,1,1,1.0,175.26840000000055,1.0,97.4216,0.5558423537842514,77.84680000000056,97.4216,77.84680000000054,4.212634034380817,0.0,2,1.0,inf,53,51,0.9622641509433962,-inf,anti_overfit_percent_wf,Anti-overfit top-trade-neutral walk-forward,top_trade_neutral_score,2025-10-01,2025-10-31,2025-11-01,2025-11-30
a=60s | move=0.7x percent_to_dollar sigma (63D)/2400s | hold=14400s | reversal | exit_by_midnight,60,0.7,2400,14400,63,percent_to_dollar,reversal,exit_by_midnight,-inf,141.2700000000002,5.23222222222223,5.163032752788225,0.0,0.0,0.1111111111111111,0.1111111111111111,27,3,1.0,47.09000000000007,inf,2,1,0.1111111111111111,1,1,1.0,141.2700000000002,1.0,65.42199999999926,0.4630990302258028,75.84800000000095,65.42199999999926,75.84800000000094,4.1690421243141085,0.0,2,1.0,inf,53,51,0.9622641509433962,-inf,anti_overfit_percent_wf,Anti-overfit top-trade-neutral walk-forward,top_trade_neutral_score,2025-10-01,2025-10-31,2025-11-01,2025-11-30
a=120s | move=0.65x percent_to_dollar sigma (63D)/3600s | hold=14400s | reversal | exit_by_midnight,120,0.65,3600,14400,63,percent_to_dollar,reversal,exit_by_midnight,-inf,136.26880000000048,5.04699259259261,5.091153829578363,0.0,0.0,0.1111111111111111,0.1111111111111111,27,3,1.0,45.422933333333496,inf,2,1,0.1111111111111111,1,1,1.0,136.26880000000048,1.0,65.42120000000068,0.4800893528085699,70.8475999999998,65.42120000000068,70.8475999999998,4.117629057446866,0.0,2,1.0,inf,53,51,0.9622641509433962,-inf,anti_overfit_percent_wf,Anti-overfit top-trade-neutral walk-forward,top_trade_neutral_score,2025-10-01,2025-10-31,2025-11-01,2025-11-30
a=180s | move=0.35x percent_to_dollar sigma (63D)/1200s | hold=21600s | reversal | exit_by_midnight,180,0.35,1200,21600,63,percent_to_dollar,reversal,exit_by_midnight,-inf,205.74159999999966,7.620059259259246,5.018800574023399,0.0,-11.572000000000344,0.1111111111111111,0.14814814814814814,27,4,0.75,51.435399999999916,18.779260283440617,4,0,0.14814814814814814,1,1,1.0,205.74159999999966,1.0,84.44519999999974,0.4104430022902509,121.29639999999992,84.44519999999974,121.29639999999992,3.8339902129857304,-11.572000000000344,3,0.6666666666666666,11.481887314205398,53,51,0.9622641509433962,-inf,anti_overfit_percent_wf,Anti-overfit top-trade-neutral walk-forward,top_trade_neutral_score,2025-10-01,2025-10-31,2025-11-01,2025-11-30
a=180s | move=0.65x percent_to_dollar sigma (63D)/3600s | hold=14400s | reversal | exit_by_midnight,180,0.65,3600,14400,63,percent_to_dollar,reversal,exit_by_midnight,-inf,129.26120000000046,4.787451851851869,4.890009081564561,0.0,0.0,0.1111111111111111,0.1111111111111111,27,3,1.0,43.08706666666682,inf,2,1,0.1111111111111111,1,1,1.0,129.26120000000046,1.0,64.42040000000017,0.49837383530401963,64.84080000000029,64.42040000000017,64.84080000000029,3.81728890118751,0.0,2,1.0,inf,53,51,0.9622641509433962,-inf,anti_overfit_percent_wf,Anti-overfit top-trade-neutral walk-forward,top_trade_neutral_score,2025-10-01,2025-10-31,2025-11-01,2025-11-30
a=90s | move=0.55x percent_to_dollar sigma (63D)/2400s | hold=14400s | reversal | exit_by_midnight,90,0.55,2400,14400,63,percent_to_dollar,reversal,exit_by_midnight,-inf,134.72040000000027,4.989644444444455,4.809493552275874,0.0,-10.564799999999828,0.1111111111111111,0.14814814814814814,27,4,0.75,33.68010000000007,13.751817355746317,3,1,0.14814814814814814,1,1,1.0,134.72040000000027,1.0,65.42160000000068,0.4856101971193713,69.29879999999959,65.42160000000068,69.2987999999996,3.635086859004159,-10.56479999999983,3,0.6666666666666666,7.559404815992083,80,51,0.6375,-inf,anti_overfit_percent_wf,Anti-overfit top-trade-neutral walk-forward,top_trade_neutral_score,2025-10-01,2025-10-31,2025-11-01,2025-11-30
a=180s | move=0.35x percent_to_dollar sigma (63D)/1200s | hold=14400s | reversal | exit_by_midnight,180,0.35,1200,14400,63,percent_to_dollar,reversal,exit_by_midnight,-inf,157.74159999999927,5.8422814814814545,3.9646259128478505,0.0,-19.57200000000017,0.1111111111111111,0.14814814814814814,27,4,0.75,39.43539999999982,9.05955446556248,4,0,0.14814814814814814,1,1,1.0,157.74159999999927,1.0,112.44519999999986,0.7128442972557676,45.29639999999941,112.44519999999986,45.2963999999994,2.755129855057146,-19.57200000000017,3,0.6666666666666666,3.314347026363974,80,51,0.6375,-inf,anti_overfit_percent_wf,Anti-overfit top-trade-neutral walk-forward,top_trade_neutral_score,2025-10-01,2025-10-31,2025-11-01,2025-11-30
a=90s | move=0.45x percent_to_dollar sigma (63D)/1200s | hold=14400s | reversal | exit_by_midnight,90,0.45,1200,14400,63,percent_to_dollar,reversal,exit_by_midnight,-inf,141.25960000000092,5.231837037037071,3.8640740309655306,0.0,-12.565199999999436,0.07407407407407407,0.1111111111111111,27,3,0.6666666666666666,47.08653333333364,12.24212905484951,2,1,0.1111111111111111,1,1,1.0,141.25960000000092,1.0,96.42480000000091,0.6826070582105591,44.8348,96.42480000000091,44.8348,2.3125766158996046,-12.565199999999432,2,0.5,4.568172412695178,80,51,0.6375,-inf,anti_overfit_percent_wf,Anti-overfit top-trade-neutral walk-forward,top_trade_neutral_score,2025-10-01,2025-10-31,2025-11-01,2025-11-30
a=90s | move=0.65x percent_to_dollar sigma (63D)/2400s | hold=21600s | reversal | exit_by_midnight,90,0.65,2400,21600,63,percent_to_dollar,reversal,exit_by_midnight,-inf,174.27000000000072,6.454444444444471,4.904802523435463,0.0,0.0,0.1111111111111111,0.1111111111111111,27,3,1.0,58.09000000000024,inf,2,1,0.1111111111111111,1,1,1.0,174.27000000000072,1.0,96.42040000000091,0.5532816893326477,77.84959999999981,96.42040000000091,77.84959999999982,4.297316803340689,0.0,2,1.0,inf,53,50,0.9433962264150944,-inf,anti_overfit_percent_wf,Anti-overfit top-trade-neutral walk-forward,top_trade_neutral_score,2025-10-01,2025-10-31,2025-11-01,2025-11-30
a=90s | move=0.7x percent_to_dollar sigma (63D)/3600s | hold=14400s | reversal | exit_by_midnight,90,0.7,3600,14400,63,percent_to_dollar,reversal,exit_by_midnight,-inf,138.2692000000008,5.121081481481512,5.2108229999508735,0.0,0.0,0.1111111111111111,0.1111111111111111,27,3,1.0,46.089733333333605,inf,2,1,0.1111111111111111,1,1,1.0,138.2692000000008,1.0,62.42040000000057,0.4514411018505944,75.84880000000024,62.42040000000057,75.84880000000022,4.203032346893125,0.0,2,1.0,inf,53,50,0.9433962264150944,-inf,anti_overfit_percent_wf,Anti-overfit top-trade-neutral walk-forward,top_trade_neutral_score,2025-10-01,2025-10-31,2025-11-01,2025-11-30
a=180s | move=0.6x percent_to_dollar sigma (63D)/2400s | hold=21600s | reversal | exit_by_midnight,180,0.6,2400,21600,63,percent_to_dollar,reversal,exit_by_midnight,-inf,164.26359999999988,6.083837037037033,4.684248198433331,0.0,0.0,0.1111111111111111,0.1111111111111111,27,3,1.0,54.75453333333329,inf,2,1,0.1111111111111111,1,1,1.0,164.26359999999988,1.0,95.4212000000004,0.5809028902325315,68.84239999999949,95.4212000000004,68.84239999999949,3.9207948399390684,0.0,2,1.0,inf,53,50,0.9433962264150944,-inf,anti_overfit_percent_wf,Anti-overfit top-trade-neutral walk-forward,top_trade_neutral_score,2025-10-01,2025-10-31,2025-11-01,2025-11-30
a=180s | move=0.5x percent_to_dollar sigma (63D)/1800s | hold=21600s | reversal | exit_by_midnight,180,0.5,1800,21600,63,percent_to_dollar,reversal,exit_by_midnight,-inf,108.25120000000108,4.009303703703743,4.6963502451135986,0.0,0.0,0.1111111111111111,0.1111111111111111,27,3,1.0,36.08373333333369,inf,2,1,0.1111111111111111,1,1,1.0,108.25120000000108,1.0,56.41000000000034,0.5211027683757757,51.84120000000074,56.41000000000034,51.84120000000074,3.539909768532572,0.0,2,1.0,inf,53,50,0.9433962264150944,-inf,anti_overfit_percent_wf,Anti-overfit top-trade-neutral walk-forward,top_trade_neutral_score,2025-10-01,2025-10-31,2025-11-01,2025-11-30
a=120s | move=0.45x percent_to_dollar sigma (63D)/1800s | hold=14400s | reversal | exit_by_midnight,120,0.45,1800,14400,63,percent_to_dollar,reversal,exit_by_midnight,-inf,84.71400000000028,3.137555555555566,4.64393070606394,0.0,-11.56519999999892,0.1111111111111111,0.14814814814814814,27,4,0.75,21.17850000000007,8.32490575173796,3,1,0.14814814814814814,1,1,1.0,84.71400000000028,1.0,34.46240000000046,0.40680879193522135,50.251599999999826,34.46240000000046,50.251599999999826,3.3895802344748107,-11.56519999999892,3,0.6666666666666666,5.345069691834052,80,50,0.625,-inf,anti_overfit_percent_wf,Anti-overfit top-trade-neutral walk-forward,top_trade_neutral_score,2025-10-01,2025-10-31,2025-11-01,2025-11-30
a=90s | move=0.7x percent_to_dollar sigma (63D)/1800s | hold=14400s | reversal | exit_by_midnight,90,0.7,1800,14400,63,percent_to_dollar,reversal,exit_by_midnight,-inf,79.84719999999943,2.957303703703683,4.1576046239961855,0.0,0.0,0.07407407407407407,0.07407407407407407,27,2,1.0,39.923599999999716,inf,1,1,0.07407407407407407,1,1,1.0,79.84719999999943,1.0,53.40159999999881,0.6687974030397958,26.445600000000624,53.40159999999881,26.445600000000624,3.0550504633032927,0.0,1,1.0,inf,80,50,0.625,-inf,anti_overfit_percent_wf,Anti-overfit top-trade-neutral walk-forward,top_trade_neutral_score,2025-10-01,2025-10-31,2025-11-01,2025-11-30
a=180s | move=0.5x percent_to_dollar sigma (63D)/1200s | hold=21600s | reversal | exit_by_midnight,180,0.5,1200,21600,63,percent_to_dollar,reversal,exit_by_midnight,-inf,60.84039999999966,2.2533481481481354,3.6389849347895833,0.0,0.0,0.07407407407407407,0.07407407407407407,27,2,1.0,30.42019999999983,inf,1,1,0.07407407407407407,1,1,1.0,60.84039999999966,1.0,50.40280000000011,0.8284429425184646,10.437599999999549,50.40280000000011,10.437599999999545,3.0550504633023725,0.0,1,1.0,inf,53,50,0.9433962264150944,-inf,anti_overfit_percent_wf,Anti-overfit top-trade-neutral walk-forward,top_trade_neutral_score,2025-10-01,2025-10-31,2025-11-01,2025-11-30
a=180s | move=0.6x percent_to_dollar sigma (63D)/1800s | hold=14400s | reversal | exit_by_midnight,180,0.6,1800,14400,63,percent_to_dollar,reversal,exit_by_midnight,-inf,60.83959999999824,2.253318518518453,3.4082716544023093,0.0,0.0,0.07407407407407407,0.07407407407407407,27,2,1.0,30.41979999999912,inf,1,1,0.07407407407407407,1,1,1.0,60.83959999999824,1.0,54.40119999999932,0.8941741891794307,6.438399999998921,54.40119999999932,6.43839999999892,3.0550504633014275,0.0,1,1.0,inf,80,50,0.625,-inf,anti_overfit_percent_wf,Anti-overfit top-trade-neutral walk-forward,top_trade_neutral_score,2025-10-01,2025-10-31,2025-11-01,2025-11-30
a=90s | move=0.5x percent_to_dollar sigma (63D)/1800s | hold=14400s | reversal | exit_by_midnight,90,0.5,1800,14400,63,percent_to_dollar,reversal,exit_by_midnight,-inf,50.25359999999841,1.8612444444443854,3.3376960891789698,0.0,-12.565199999999432,0.07407407407407407,0.1111111111111111,27,3,0.6666666666666666,16.751199999999468,4.999426988825938,2,1,0.1111111111111111,1,1,1.0,50.25359999999841,1.0,31.41039999999892,0.6250378082366221,18.843199999999488,31.41039999999892,18.843199999999488,1.6795930235666228,-12.565199999999432,2,0.5,2.4996339095277307,80,50,0.625,-inf,anti_overfit_percent_wf,Anti-overfit top-trade-neutral walk-forward,top_trade_neutral_score,2025-10-01,2025-10-31,2025-11-01,2025-11-30
a=120s | move=0.4x percent_to_dollar sigma (63D)/1200s | hold=14400s | reversal | exit_by_midnight,120,0.4,1200,14400,63,percent_to_dollar,reversal,exit_by_midnight,-inf,25.261599999999827,0.9356148148148085,3.0359572079321717,0.0,-4.565599999999602,0.07407407407407407,0.1111111111111111,27,3,0.6666666666666666,8.420533333333276,6.533029612755278,2,1,0.1111111111111111,1,1,1.0,25.261599999999827,1.0,24.4063999999996,0.9661462456851414,0.8552000000002273,24.4063999999996,0.8552000000002273,0.36184900719889324,-4.565599999999602,2,0.5,1.187313825126843,80,50,0.625,-inf,anti_overfit_percent_wf,Anti-overfit top-trade-neutral walk-forward,top_trade_neutral_score,2025-10-01,2025-10-31,2025-11-01,2025-11-30
a=120s | move=0.45x percent_to_dollar sigma (63D)/1800s | hold=21600s | reversal | exit_by_midnight,120,0.45,1800,21600,63,percent_to_dollar,reversal,exit_by_midnight,-inf,183.71399999999977,6.804222222222214,5.172935498120769,0.0,0.0,0.14814814814814814,0.14814814814814814,27,4,1.0,45.92849999999994,inf,3,1,0.14814814814814814,1,1,1.0,183.71399999999977,1.0,95.4624000000004,0.5196250694013549,88.25159999999937,95.4624000000004,88.25159999999937,4.6884618993766685,0.0,3,1.0,inf,53,49,0.9245283018867925,-inf,anti_overfit_percent_wf,Anti-overfit top-trade-neutral walk-forward,top_trade_neutral_score,2025-10-01,2025-10-31,2025-11-01,2025-11-30
a=180s | move=0.55x percent_to_dollar sigma (63D)/2400s | hold=21600s | reversal | exit_by_midnight,180,0.55,2400,21600,63,percent_to_dollar,reversal,exit_by_midnight,-inf,237.7208000000004,8.804474074074088,5.46376916285947,0.0,0.0,0.14814814814814814,0.14814814814814814,27,4,1.0,59.4302000000001,inf,3,1,0.14814814814814814,1,1,1.0,237.7208000000004,1.0,97.4208,0.4098118465022827,140.3000000000004,97.4208,140.3000000000004,4.461793246887238,0.0,3,1.0,inf,53,49,0.9245283018867925,-inf,anti_overfit_percent_wf,Anti-overfit top-trade-neutral walk-forward,top_trade_neutral_score,2025-10-01,2025-10-31,2025-11-01,2025-11-30
a=60s | move=0.65x percent_to_dollar sigma (63D)/2400s | hold=14400s | reversal | exit_by_midnight,60,0.65,2400,14400,63,percent_to_dollar,reversal,exit_by_midnight,-inf,140.26839999999828,5.195125925925862,5.182807988119468,0.0,0.0,0.1111111111111111,0.1111111111111111,27,3,1.0,46.75613333333276,inf,2,1,0.1111111111111111,1,1,1.0,140.26839999999828,1.0,63.42119999999966,0.452141751100037,76.84719999999862,63.42119999999966,76.84719999999861,4.157351930536295,0.0,2,1.0,inf,53,49,0.9245283018867925,-inf,anti_overfit_percent_wf,Anti-overfit top-trade-neutral walk-forward,top_trade_neutral_score,2025-10-01,2025-10-31,2025-11-01,2025-11-30
a=180s | move=0.4x percent_to_dollar sigma (63D)/1800s | hold=14400s | reversal | exit_by_midnight,180,0.4,1800,14400,63,percent_to_dollar,reversal,exit_by_midnight,-inf,144.16719999999933,5.339525925925901,4.420919008189123,0.0,-9.566000000000738,0.14814814814814814,0.18518518518518517,27,5,0.8,28.833439999999865,16.070792389710654,4,1,0.18518518518518517,1,1,1.0,144.1671999999993,0.9999999999999998,94.44559999999989,0.6551115649051957,49.72159999999944,94.44559999999989,49.721599999999434,4.109092929558896,-9.566000000000738,4,0.75,6.197742002925923,80,49,0.6125,-inf,anti_overfit_percent_wf,Anti-overfit top-trade-neutral walk-forward,top_trade_neutral_score,2025-10-01,2025-10-31,2025-11-01,2025-11-30
a=180s | move=0.6x percent_to_dollar sigma (63D)/3600s | hold=14400s | reversal | exit_by_midnight,180,0.6,3600,14400,63,percent_to_dollar,reversal,exit_by_midnight,-inf,130.26400000000098,4.824592592592629,4.881388832188005,0.0,0.0,0.1111111111111111,0.1111111111111111,27,3,1.0,43.421333333333656,inf,2,1,0.1111111111111111,1,1,1.0,130.26400000000098,1.0,65.42120000000068,0.5022201068599167,64.8428000000003,65.42120000000068,64.84280000000028,3.817371204595734,0.0,2,1.0,inf,53,49,0.9245283018867925,-inf,anti_overfit_percent_wf,Anti-overfit top-trade-neutral walk-forward,top_trade_neutral_score,2025-10-01,2025-10-31,2025-11-01,2025-11-30
a=120s | move=0.45x percent_to_dollar sigma (63D)/1200s | hold=21600s | reversal | exit_by_midnight,120,0.45,1200,21600,63,percent_to_dollar,reversal,exit_by_midnight,-inf,153.25479999999993,5.676103703703701,4.34948661238994,0.0,0.0,0.1111111111111111,0.1111111111111111,27,3,1.0,51.08493333333331,inf,2,1,0.1111111111111111,1,1,1.0,153.25479999999993,1.0,93.4212000000008,0.6095809070906806,59.83359999999914,93.4212000000008,59.833599999999144,3.1869094410051138,0.0,2,1.0,inf,53,49,0.9245283018867925,-inf,anti_overfit_percent_wf,Anti-overfit top-trade-neutral walk-forward,top_trade_neutral_score,2025-10-01,2025-10-31,2025-11-01,2025-11-30
a=180s | move=0.45x percent_to_dollar sigma (63D)/2400s | hold=14400s | reversal | exit_by_midnight,180,0.45,2400,14400,63,percent_to_dollar,reversal,exit_by_midnight,-inf,51.715599999999746,1.9153925925925832,3.9412537859912176,0.0,-10.564799999999828,0.1111111111111111,0.14814814814814814,27,4,0.75,12.928899999999937,5.895085567165936,3,1,0.14814814814814814,1,1,1.0,51.71559999999974,0.9999999999999999,33.40999999999994,0.6460333052309188,18.305599999999806,33.40999999999994,18.3055999999998,2.4115268247793433,-10.56479999999983,3,0.6666666666666666,2.732697258821498,80,49,0.6125,-inf,anti_overfit_percent_wf,Anti-overfit top-trade-neutral walk-forward,top_trade_neutral_score,2025-10-01,2025-10-31,2025-11-01,2025-11-30
a=180s | move=0.5x percent_to_dollar sigma (63D)/2400s | hold=21600s | reversal | exit_by_midnight,180,0.5,2400,21600,63,percent_to_dollar,reversal,exit_by_midnight,-inf,235.72160000000008,8.730429629629633,5.387274896149956,0.0,0.0,0.14814814814814814,0.14814814814814814,27,4,1.0,58.93040000000002,inf,3,1,0.14814814814814814,1,1,1.0,235.72160000000008,1.0,101.42160000000062,0.43026010344406534,134.29999999999944,101.42160000000062,134.29999999999944,4.4165329062113985,0.0,3,1.0,inf,53,48,0.9056603773584906,-inf,anti_overfit_percent_wf,Anti-overfit top-trade-neutral walk-forward,top_trade_neutral_score,2025-10-01,2025-10-31,2025-11-01,2025-11-30
a=120s | move=0.4x percent_to_dollar sigma (63D)/1200s | hold=21600s | reversal | exit_by_midnight,120,0.4,1200,21600,63,percent_to_dollar,reversal,exit_by_midnight,-inf,59.26159999999875,2.194874074074028,3.941068783602311,0.0,0.0,0.1111111111111111,0.1111111111111111,27,3,1.0,19.75386666666625,inf,2,1,0.1111111111111111,1,1,1.0,59.26159999999875,1.0,45.406399999998975,0.7662027349919667,13.855199999999776,45.406399999998975,13.855199999999773,4.297632648066079,0.0,2,1.0,inf,53,48,0.9056603773584906,-inf,anti_overfit_percent_wf,Anti-overfit top-trade-neutral walk-forward,top_trade_neutral_score,2025-10-01,2025-10-31,2025-11-01,2025-11-30
a=120s | move=0.6x percent_to_dollar sigma (63D)/2400s | hold=21600s | reversal | exit_by_midnight,120,0.6,2400,21600,63,percent_to_dollar,reversal,exit_by_midnight,-inf,184.26959999999946,6.82479999999998,4.854896751951348,0.0,0.0,0.1111111111111111,0.1111111111111111,27,3,1.0,61.42319999999982,inf,2,1,0.1111111111111111,1,1,1.0,184.26959999999946,1.0,103.42200000000022,0.5612537282329833,80.84759999999923,103.42200000000022,80.84759999999923,4.240396188321749,0.0,2,1.0,inf,53,48,0.9056603773584906,-inf,anti_overfit_percent_wf,Anti-overfit top-trade-neutral walk-forward,top_trade_neutral_score,2025-10-01,2025-10-31,2025-11-01,2025-11-30
a=120s | move=0.35x percent_to_dollar sigma (63D)/1200s | hold=21600s | reversal | exit_by_midnight,120,0.35,1200,21600,63,percent_to_dollar,reversal,exit_by_midnight,-inf,216.7447999999989,8.027585185185144,5.254618151140192,0.0,-5.569600000000115,0.1111111111111111,0.14814814814814814,27,4,0.75,54.18619999999972,39.915685147937836,4,0,0.14814814814814814,1,1,1.0,216.7447999999989,1.0,84.45959999999974,0.3896730163768643,132.28519999999915,84.45959999999974,132.28519999999915,4.123412991268709,-5.569600000000115,3,0.6666666666666666,24.751292731968494,53,48,0.9056603773584906,-inf,anti_overfit_percent_wf,Anti-overfit top-trade-neutral walk-forward,top_trade_neutral_score,2025-10-01,2025-10-31,2025-11-01,2025-11-30
a=120s | move=0.7x percent_to_dollar sigma (63D)/3600s | hold=14400s | reversal | exit_by_midnight,120,0.7,3600,14400,63,percent_to_dollar,reversal,exit_by_midnight,-inf,141.2672000000009,5.232118518518552,5.011922803206459,0.0,0.0,0.1111111111111111,0.1111111111111111,27,3,1.0,47.08906666666697,inf,2,1,0.1111111111111111,1,1,1.0,141.2672000000009,1.0,69.4216000000013,0.4914205137498362,71.8455999999996,69.4216000000013,71.8455999999996,4.021254720992691,0.0,2,1.0,inf,53,48,0.9056603773584906,-inf,anti_overfit_percent_wf,Anti-overfit top-trade-neutral walk-forward,top_trade_neutral_score,2025-10-01,2025-10-31,2025-11-01,2025-11-30
a=180s | move=0.7x percent_to_dollar sigma (63D)/3600s | hold=14400s | reversal | exit_by_midnight,180,0.7,3600,14400,63,percent_to_dollar,reversal,exit_by_midnight,-inf,154.25399999999905,5.713111111111076,4.902494891206152,0.0,0.0,0.1111111111111111,0.1111111111111111,27,3,1.0,51.41799999999969,inf,2,1,0.1111111111111111,1,1,1.0,154.25399999999905,1.0,71.3943999999995,0.46283662012006127,82.85959999999956,71.3943999999995,82.85959999999955,3.7331748752687712,0.0,2,1.0,inf,53,48,0.9056603773584906,-inf,anti_overfit_percent_wf,Anti-overfit top-trade-neutral walk-forward,top_trade_neutral_score,2025-10-01,2025-10-31,2025-11-01,2025-11-30
a=120s | move=0.5x percent_to_dollar sigma (63D)/1800s | hold=21600s | reversal | exit_by_midnight,120,0.5,1800,21600,63,percent_to_dollar,reversal,exit_by_midnight,-inf,87.24719999999743,3.231377777777683,4.52677001627851,0.0,0.0,0.1111111111111111,0.1111111111111111,27,3,1.0,29.082399999999144,inf,2,1,0.1111111111111111,1,1,1.0,87.24719999999743,1.0,45.406399999998975,0.5204338935805425,41.84079999999846,45.406399999998975,41.84079999999847,3.245236006860202,0.0,2,1.0,inf,53,48,0.9056603773584906,-inf,anti_overfit_percent_wf,Anti-overfit top-trade-neutral walk-forward,top_trade_neutral_score,2025-10-01,2025-10-31,2025-11-01,2025-11-30
a=120s | move=0.35x percent_to_dollar sigma (63D)/1200s | hold=14400s | reversal | exit_by_midnight,120,0.35,1200,14400,63,percent_to_dollar,reversal,exit_by_midnight,-inf,162.7448000000011,6.0275851851852265,4.064287933590601,0.0,-15.569599999999546,0.1111111111111111,0.14814814814814814,27,4,0.75,40.68620000000028,11.452728393792674,4,0,0.14814814814814814,1,1,1.0,162.7448000000011,1.0,114.44440000000017,0.7032138661265945,48.300400000000934,114.44440000000017,48.30040000000094,3.081620528997463,-15.569599999999546,3,0.6666666666666666,4.102224848422455,80,48,0.6,-inf,anti_overfit_percent_wf,Anti-overfit top-trade-neutral walk-forward,top_trade_neutral_score,2025-10-01,2025-10-31,2025-11-01,2025-11-30
a=180s | move=0.55x percent_to_dollar sigma (63D)/1200s | hold=14400s | reversal | exit_by_midnight,180,0.55,1200,14400,63,percent_to_dollar,reversal,exit_by_midnight,-inf,62.84079999999926,2.3274370370370097,3.786852606808014,0.0,0.0,0.07407407407407407,0.07407407407407407,27,2,1.0,31.42039999999963,inf,1,1,0.07407407407407407,1,1,1.0,62.84079999999926,1.0,49.4031999999996,0.7861644027447164,13.437599999999662,49.4031999999996,13.437599999999659,3.0550504633027122,0.0,1,1.0,inf,80,48,0.6,-inf,anti_overfit_percent_wf,Anti-overfit top-trade-neutral walk-forward,top_trade_neutral_score,2025-10-01,2025-10-31,2025-11-01,2025-11-30
a=120s | move=0.5x percent_to_dollar sigma (63D)/1200s | hold=21600s | reversal | exit_by_midnight,120,0.5,1200,21600,63,percent_to_dollar,reversal,exit_by_midnight,-inf,56.837999999999035,2.1051111111110754,3.3729735820008266,0.0,0.0,0.07407407407407407,0.07407407407407407,27,2,1.0,28.418999999999517,inf,1,1,0.07407407407407407,1,1,1.0,56.837999999999035,1.0,51.402399999999204,0.9043667968612562,5.43559999999983,51.402399999999204,5.4355999999998295,3.0550504633009727,0.0,1,1.0,inf,53,48,0.9056603773584906,-inf,anti_overfit_percent_wf,Anti-overfit top-trade-neutral walk-forward,top_trade_neutral_score,2025-10-01,2025-10-31,2025-11-01,2025-11-30
a=120s | move=0.6x percent_to_dollar sigma (63D)/1800s | hold=14400s | reversal | exit_by_midnight,120,0.6,1800,14400,63,percent_to_dollar,reversal,exit_by_midnight,-inf,42.838799999998976,1.5866222222221842,2.612944114510164,0.0,-6.564400000000625,0.037037037037037035,0.07407407407407407,27,2,0.5,21.419399999999488,7.525927731397746,1,1,0.07407407407407407,1,1,1.0,42.838799999998976,1.0,49.4031999999996,1.1532349178782035,-6.564400000000624,49.4031999999996,-6.564400000000625,-3.055050463301475,-6.564400000000625,1,0.0,0.0,80,48,0.6,-inf,anti_overfit_percent_wf,Anti-overfit top-trade-neutral walk-forward,top_trade_neutral_score,2025-10-01,2025-10-31,2025-11-01,2025-11-30
a=120s | move=0.55x percent_to_dollar sigma (63D)/1800s | hold=14400s | reversal | exit_by_midnight,120,0.55,1800,14400,63,percent_to_dollar,reversal,exit_by_midnight,-inf,33.83720000000005,1.2532296296296315,2.023712303232726,0.0,-14.566399999999033,0.037037037037037035,0.07407407407407407,27,2,0.5,16.918600000000026,3.322962434094833,1,1,0.07407407407407407,1,1,1.0,33.83720000000005,1.0,48.40359999999909,1.4304847918858243,-14.566399999999035,48.40359999999909,-14.566399999999033,-3.0550504633028033,-14.566399999999033,1,0.0,0.0,80,48,0.6,-inf,anti_overfit_percent_wf,Anti-overfit top-trade-neutral walk-forward,top_trade_neutral_score,2025-10-01,2025-10-31,2025-11-01,2025-11-30
a=90s | move=0.6x percent_to_dollar sigma (63D)/1800s | hold=14400s | reversal | exit_by_midnight,90,0.6,1800,14400,63,percent_to_dollar,reversal,exit_by_midnight,-inf,37.83519999999926,1.4013037037036764,2.1044348361336676,0.0,-14.566800000000455,0.037037037037037035,0.07407407407407407,27,2,0.5,18.91759999999963,3.5973583765819863,1,1,0.07407407407407407,1,1,1.0,37.83519999999926,1.0,52.40199999999972,1.385006554742693,-14.566800000000455,52.40199999999972,-14.566800000000455,-3.055050463302804,-14.566800000000455,1,0.0,0.0,80,48,0.6,-inf,anti_overfit_percent_wf,Anti-overfit top-trade-neutral walk-forward,top_trade_neutral_score,2025-10-01,2025-10-31,2025-11-01,2025-11-30
a=180s | move=0.4x percent_to_dollar sigma (63D)/1800s | hold=21600s | reversal | exit_by_midnight,180,0.4,1800,21600,63,percent_to_dollar,reversal,exit_by_midnight,-inf,209.742800000001,7.76825185185189,5.537495349339381,0.0,0.0,0.14814814814814814,0.14814814814814814,27,4,1.0,52.43570000000025,inf,4,0,0.14814814814814814,1,1,1.0,209.742800000001,1.0,89.44560000000017,0.4264537328575748,120.29720000000084,89.44560000000017,120.29720000000083,4.6609376867660215,0.0,3,1.0,inf,53,47,0.8867924528301887,-inf,anti_overfit_percent_wf,Anti-overfit top-trade-neutral walk-forward,top_trade_neutral_score,2025-10-01,2025-10-31,2025-11-01,2025-11-30
a=90s | move=0.6x percent_to_dollar sigma (63D)/2400s | hold=21600s | reversal | exit_by_midnight,90,0.6,2400,21600,63,percent_to_dollar,reversal,exit_by_midnight,-inf,183.27199999999894,6.787851851851813,4.782984775529619,0.0,0.0,0.1111111111111111,0.1111111111111111,27,3,1.0,61.090666666666316,inf,2,1,0.1111111111111111,1,1,1.0,183.27199999999894,1.0,106.42279999999892,0.5806822646121585,76.84920000000002,106.42279999999892,76.84920000000002,4.281602234598322,0.0,2,1.0,inf,53,47,0.8867924528301887,-inf,anti_overfit_percent_wf,Anti-overfit top-trade-neutral walk-forward,top_trade_neutral_score,2025-10-01,2025-10-31,2025-11-01,2025-11-30
a=120s | move=0.6x percent_to_dollar sigma (63D)/3600s | hold=14400s | reversal | exit_by_midnight,120,0.6,3600,14400,63,percent_to_dollar,reversal,exit_by_midnight,-inf,139.27119999999917,5.158192592592562,5.175545291918586,0.0,0.0,0.1111111111111111,0.1111111111111111,27,3,1.0,46.423733333333054,inf,2,1,0.1111111111111111,1,1,1.0,139.27119999999917,1.0,65.42199999999926,0.46974536013188406,73.84919999999991,65.42199999999926,73.84919999999991,4.226077479852361,0.0,2,1.0,inf,53,47,0.8867924528301887,-inf,anti_overfit_percent_wf,Anti-overfit top-trade-neutral walk-forward,top_trade_neutral_score,2025-10-01,2025-10-31,2025-11-01,2025-11-30
a=90s | move=0.7x percent_to_dollar sigma (63D)/1800s | hold=14400s | reversal | exit_by_midnight,90,0.7,1800,14400,63,percent_to_dollar,reversal,exit_by_midnight,3.7703849919991526,205.32599999999854,4.025999999999971,3.6836466089261477,0.0,-26.453600000000193,0.0784313725490196,0.09803921568627451,51,5,0.8,41.06519999999971,8.761741313091159,3,2,0.09803921568627451,2,2,1.0,125.47879999999913,0.6111198776579684,82.48200000000014,0.4017123988194419,122.8439999999984,82.48200000000014,122.8439999999984,2.885774799357214,-26.453600000000193,4,0.75,5.643753591193329,80,79,0.9875,32.65475999199915,anti_overfit_percent_wf,Anti-overfit top-trade-neutral walk-forward,top_trade_neutral_score,2025-10-01,2025-11-30,2025-12-01,2025-12-31
a=90s | move=0.7x percent_to_dollar sigma (63D)/1800s | hold=7200s | reversal | exit_by_midnight,90,0.7,1800,7200,63,percent_to_dollar,reversal,exit_by_midnight,4.460907427345106,115.3259999999994,2.261294117647047,4.082389894180321,0.0,-0.45360000000039236,0.0784313725490196,0.09803921568627451,51,5,0.8,23.065199999999884,255.24603174524458,3,2,0.09803921568627451,2,2,1.0,79.47879999999975,0.6891663631791631,51.482000000000625,0.4464041066195038,63.84399999999877,51.482000000000625,63.84399999999878,3.7603508796941085,-0.45360000000039946,4,0.75,141.7495590824537,80,77,0.9625,32.61403242734511,anti_overfit_percent_wf,Anti-overfit top-trade-neutral walk-forward,top_trade_neutral_score,2025-10-01,2025-11-30,2025-12-01,2025-12-31
a=120s | move=0.7x percent_to_dollar sigma (63D)/1800s | hold=14400s | reversal | exit_by_midnight,120,0.7,1800,14400,63,percent_to_dollar,reversal,exit_by_midnight,3.202195648260199,195.32119999999912,3.829827450980375,3.2443404436567906,0.0,-42.459999999999866,0.0784313725490196,0.09803921568627451,51,5,0.8,39.06423999999983,5.600122468205233,3,2,0.09803921568627451,2,2,1.0,117.4779999999993,0.6014605685404341,80.45479999999912,0.4119102278708071,114.8664,80.45479999999912,114.8664,2.34995094556863,-42.459999999999866,4,0.75,3.705284974093186,80,79,0.9875,32.0865706482602,anti_overfit_percent_wf,Anti-overfit top-trade-neutral walk-forward,top_trade_neutral_score,2025-10-01,2025-11-30,2025-12-01,2025-12-31
a=90s | move=0.7x percent_to_dollar sigma (63D)/2400s | hold=14400s | reversal | exit_by_midnight,90,0.7,2400,14400,63,percent_to_dollar,reversal,exit_by_midnight,5.143388547868261,287.1796000000012,5.630972549019631,4.60065883559567,0.0,-21.451599999999758,0.11764705882352941,0.13725490196078433,51,7,0.8571428571428571,41.02565714285731,14.387327751775619,4,3,0.13725490196078433,2,2,1.0,146.91280000000145,0.5115711561684773,89.47920000000018,0.31157923473672855,197.70040000000103,89.47920000000018,197.700400000001,4.019439347868259,-21.451599999999758,6,0.8333333333333334,10.216114415707588,80,71,0.8875,31.102763547868257,anti_overfit_percent_wf,Anti-overfit top-trade-neutral walk-forward,top_trade_neutral_score,2025-10-01,2025-11-30,2025-12-01,2025-12-31
a=120s | move=0.7x percent_to_dollar sigma (63D)/1800s | hold=7200s | reversal | exit_by_midnight,120,0.7,1800,7200,63,percent_to_dollar,reversal,exit_by_midnight,2.7109482649933536,94.32120000000003,1.8494352941176477,3.0795151469228412,0.0,-20.459999999999965,0.0784313725490196,0.09803921568627451,51,5,0.8,18.864240000000006,5.61002932551293,3,2,0.09803921568627451,2,2,1.0,63.47799999999937,0.6729982230929987,47.4832,0.5034202279021045,46.83800000000004,47.4832,46.83800000000002,2.0950461032396808,-20.459999999999972,4,0.75,3.289247311827801,80,75,0.9375,30.132823264993355,anti_overfit_percent_wf,Anti-overfit top-trade-neutral walk-forward,top_trade_neutral_score,2025-10-01,2025-11-30,2025-12-01,2025-12-31
a=180s | move=0.7x percent_to_dollar sigma (63D)/1800s | hold=14400s | reversal | exit_by_midnight,180,0.7,1800,14400,63,percent_to_dollar,reversal,exit_by_midnight,4.084953563858867,208.32479999999939,4.084799999999988,3.8917590085353515,0.0,-14.44879999999975,0.0784313725490196,0.09803921568627451,51,5,0.8,41.66495999999988,15.418138530534554,3,2,0.09803921568627451,2,2,1.0,129.48800000000045,0.6215678594195259,72.486,0.3479470519112473,135.83879999999937,72.486,135.83879999999937,3.1314006584235123,-14.44879999999975,4,0.75,10.401389734787069,80,71,0.8875,30.044328563858866,anti_overfit_percent_wf,Anti-overfit top-trade-neutral walk-forward,top_trade_neutral_score,2025-10-01,2025-11-30,2025-12-01,2025-12-31
a=120s | move=0.75x percent_to_dollar sigma (63D)/1800s | hold=14400s | reversal | exit_by_midnight,120,0.75,1800,14400,63,percent_to_dollar,reversal,exit_by_midnight,3.231999687877661,188.31919999999909,3.6925333333333152,3.272362653317797,0.0,-39.45879999999974,0.0784313725490196,0.09803921568627451,51,5,0.8,37.663839999999816,5.7725526371809215,3,2,0.09803921568627451,2,2,1.0,112.47759999999957,0.5972710164444205,77.48399999999971,0.4114503460082673,110.83519999999938,77.48399999999971,110.83519999999938,2.381329109717178,-39.45879999999974,4,0.75,3.8088842032701526,80,73,0.9125,29.922624687877658,anti_overfit_percent_wf,Anti-overfit top-trade-neutral walk-forward,top_trade_neutral_score,2025-10-01,2025-11-30,2025-12-01,2025-12-31
a=120s | move=0.7x percent_to_dollar sigma (63D)/2400s | hold=14400s | reversal | exit_by_midnight,120,0.7,2400,14400,63,percent_to_dollar,reversal,exit_by_midnight,4.168906551836216,273.1680000000004,5.356235294117655,3.8690694909862264,0.0,-51.46360000000021,0.11764705882352941,0.13725490196078433,51,7,0.8571428571428571,39.02400000000006,6.307984672661707,4,3,0.13725490196078433,2,2,1.0,147.2624000000004,0.5390909623381955,90.47879999999998,0.33122034791776434,182.68920000000043,90.47879999999998,182.68920000000043,3.104991751836215,-51.463600000000184,6,0.8333333333333334,4.549872142640529,80,70,0.875,29.762656551836216,anti_overfit_percent_wf,Anti-overfit top-trade-neutral walk-forward,top_trade_neutral_score,2025-10-01,2025-11-30,2025-12-01,2025-12-31
a=90s | move=0.75x percent_to_dollar sigma (63D)/1800s | hold=7200s | reversal | exit_by_midnight,90,0.75,1800,7200,63,percent_to_dollar,reversal,exit_by_midnight,4.104552501025518,115.32800000000012,2.2613333333333356,3.985250716058854,0.0,-5.455600000000118,0.0784313725490196,0.09803921568627451,51,5,0.8,23.06560000000002,22.139379719916334,3,2,0.09803921568627451,2,2,1.0,77.48320000000014,0.6718507214206443,47.4832,0.4117230854605989,67.84480000000012,47.4832,67.8448000000001,3.36199885618645,-5.455600000000118,4,0.75,13.435809076909093,80,70,0.875,29.698302501025516,anti_overfit_percent_wf,Anti-overfit top-trade-neutral walk-forward,top_trade_neutral_score,2025-10-01,2025-11-30,2025-12-01,2025-12-31
a=90s | move=0.75x percent_to_dollar sigma (63D)/1800s | hold=14400s | reversal | exit_by_midnight,90,0.75,1800,14400,63,percent_to_dollar,reversal,exit_by_midnight,3.6429884667327475,212.3279999999993,4.163294117647045,3.5722594695966032,0.0,-31.45559999999992,0.0784313725490196,0.09803921568627451,51,5,0.8,42.46559999999985,7.750085835272324,3,2,0.09803921568627451,2,2,1.0,130.48319999999956,0.6145360009042613,82.45559999999944,0.3883406804566506,129.87239999999986,82.45559999999944,129.87239999999986,2.7418567777534317,-31.45559999999992,4,0.75,5.128752908861858,80,70,0.875,29.236738466732746,anti_overfit_percent_wf,Anti-overfit top-trade-neutral walk-forward,top_trade_neutral_score,2025-10-01,2025-11-30,2025-12-01,2025-12-31
a=90s | move=0.65x percent_to_dollar sigma (63D)/1800s | hold=14400s | reversal | exit_by_midnight,90,0.65,1800,14400,63,percent_to_dollar,reversal,exit_by_midnight,3.2224723776659654,188.7515999999978,3.7010117647058394,3.3077318985679436,9.35838755267654,-26.453600000000193,0.0784313725490196,0.11764705882352941,51,6,0.6666666666666666,31.458599999999635,5.287003052547178,3,3,0.11764705882352941,2,2,1.0,111.90279999999848,0.5928574910093466,85.48079999999955,0.452874571659263,103.27079999999826,85.48079999999955,103.27079999999825,2.401683424667427,-26.453600000000193,5,0.6,3.3455283814229113,80,71,0.8875,29.181847377665964,anti_overfit_percent_wf,Anti-overfit top-trade-neutral walk-forward,top_trade_neutral_score,2025-10-01,2025-11-30,2025-12-01,2025-12-31
a=180s | move=0.7x percent_to_dollar sigma (63D)/2400s | hold=14400s | reversal | exit_by_midnight,180,0.7,2400,14400,63,percent_to_dollar,reversal,exit_by_midnight,5.129021761634544,291.1759999999989,5.709333333333312,4.596262432142716,0.0,-16.449600000000032,0.11764705882352941,0.13725490196078433,51,7,0.8571428571428571,41.59657142857127,18.70109911487083,4,3,0.13725490196078433,2,2,1.0,149.91839999999945,0.5148721048438059,87.47999999999986,0.30043684919086805,203.69599999999906,87.47999999999986,203.69599999999906,3.988079361634545,-16.44960000000006,6,0.8333333333333334,13.383036669583756,80,65,0.8125,28.894646761634544,anti_overfit_percent_wf,Anti-overfit top-trade-neutral walk-forward,top_trade_neutral_score,2025-10-01,2025-11-30,2025-12-01,2025-12-31
a=120s | move=0.65x percent_to_dollar sigma (63D)/1800s | hold=14400s | reversal | exit_by_midnight,120,0.65,1800,14400,63,percent_to_dollar,reversal,exit_by_midnight,2.887899901063679,190.74799999999954,3.740156862745089,3.0876364409256714,5.287018519487869,-34.456800000000015,0.0784313725490196,0.11764705882352941,51,6,0.6666666666666666,31.791333333333256,4.596847186604143,3,3,0.11764705882352941,2,2,1.0,116.9015999999996,0.6128588504204494,91.47839999999977,0.47957724327384815,99.26959999999977,91.47839999999977,99.26959999999976,2.1181445713344034,-34.45680000000003,5,0.6,2.8718811283752226,80,70,0.875,28.48164990106368,anti_overfit_percent_wf,Anti-overfit top-trade-neutral walk-forward,top_trade_neutral_score,2025-10-01,2025-11-30,2025-12-01,2025-12-31
a=180s | move=0.75x percent_to_dollar sigma (63D)/1800s | hold=14400s | reversal | exit_by_midnight,180,0.75,1800,14400,63,percent_to_dollar,reversal,exit_by_midnight,3.799605235874436,194.32680000000073,3.8103294117647204,3.7222033341459766,0.0,-18.45039999999966,0.0784313725490196,0.09803921568627451,51,5,0.8,38.865360000000145,11.532389541689762,3,2,0.09803921568627451,2,2,1.0,127.48680000000085,0.6560433249556952,73.45120000000051,0.3779777158889059,120.87560000000022,73.45120000000051,120.87560000000023,2.9268202165078865,-18.45039999999966,4,0.75,7.551380999869647,80,66,0.825,27.930855235874432,anti_overfit_percent_wf,Anti-overfit top-trade-neutral walk-forward,top_trade_neutral_score,2025-10-01,2025-11-30,2025-12-01,2025-12-31
a=120s | move=0.75x percent_to_dollar sigma (63D)/2400s | hold=14400s | reversal | exit_by_midnight,120,0.75,2400,14400,63,percent_to_dollar,reversal,exit_by_midnight,3.3599722080077963,212.74879999999942,4.171545098039204,3.4070173156348025,0.0,-39.45879999999974,0.09803921568627451,0.11764705882352941,51,6,0.8333333333333334,35.45813333333324,6.391669285431752,3,3,0.11764705882352941,2,2,1.0,140.91079999999982,0.6623341706275204,88.47959999999966,0.4158876571806746,124.26919999999976,88.47959999999966,124.26919999999976,2.5345589788639424,-39.45879999999974,5,0.8,4.149340578020528,80,67,0.8375,27.856847208007796,anti_overfit_percent_wf,Anti-overfit top-trade-neutral walk-forward,top_trade_neutral_score,2025-10-01,2025-11-30,2025-12-01,2025-12-31
a=90s | move=0.75x percent_to_dollar sigma (63D)/2400s | hold=14400s | reversal | exit_by_midnight,90,0.75,2400,14400,63,percent_to_dollar,reversal,exit_by_midnight,3.6886916225009934,217.74719999999914,4.269552941176454,3.634230364957261,0.0,-31.45559999999992,0.09803921568627451,0.11764705882352941,51,6,0.8333333333333334,36.291199999999854,7.922366764582198,3,3,0.11764705882352941,2,2,1.0,137.9091999999997,0.6333454574846438,90.47879999999998,0.415522220262765,127.26839999999916,90.47879999999998,127.26839999999916,2.8272611808115515,-31.45559999999992,5,0.8,5.045969557089816,80,65,0.8125,27.454316622500993,anti_overfit_percent_wf,Anti-overfit top-trade-neutral walk-forward,top_trade_neutral_score,2025-10-01,2025-11-30,2025-12-01,2025-12-31
a=180s | move=0.65x percent_to_dollar sigma (63D)/1800s | hold=14400s | reversal | exit_by_midnight,180,0.65,1800,14400,63,percent_to_dollar,reversal,exit_by_midnight,2.94007020747205,184.7323999999993,3.6222039215686137,3.0383693133547993,5.120411326425164,-34.456800000000044,0.0784313725490196,0.11764705882352941,51,6,0.6666666666666666,30.788733333333216,4.483387514047938,3,3,0.11764705882352941,2,2,1.0,99.90040000000015,0.5407843994881273,82.48200000000014,0.4464944969047143,102.25039999999916,82.48200000000014,102.25039999999916,2.092397080150588,-34.45680000000003,5,0.6,2.928074158438932,80,64,0.8,26.34007020747205,anti_overfit_percent_wf,Anti-overfit top-trade-neutral walk-forward,top_trade_neutral_score,2025-10-01,2025-11-30,2025-12-01,2025-12-31
a=90s | move=0.7x percent_to_dollar sigma (63D)/2400s | hold=21600s | reversal | exit_by_midnight,90,0.7,2400,21600,63,percent_to_dollar,reversal,exit_by_midnight,5.818364069060507,419.1796000000012,8.219207843137278,5.056650328832251,0.0,-21.451599999999758,0.11764705882352941,0.13725490196078433,51,7,0.8571428571428571,59.88280000000017,20.540714911707525,4,3,0.13725490196078433,2,2,1.0,239.91280000000143,0.572338921073451,101.43520000000062,0.2419850584331879,317.74440000000055,101.43520000000062,317.7444000000006,4.471081059865594,-21.451599999999758,6,0.8333333333333334,15.8121538719717,53,53,1.0,25.618364069060505,anti_overfit_percent_wf,Anti-overfit top-trade-neutral walk-forward,top_trade_neutral_score,2025-10-01,2025-11-30,2025-12-01,2025-12-31
a=180s | move=0.7x percent_to_dollar sigma (63D)/2400s | hold=21600s | reversal | exit_by_midnight,180,0.7,2400,21600,63,percent_to_dollar,reversal,exit_by_midnight,5.790201305085462,405.1759999999997,7.944627450980386,5.055864671973357,0.0,-16.449600000000032,0.11764705882352941,0.13725490196078433,51,7,0.8571428571428571,57.88228571428567,25.631358817234016,4,3,0.13725490196078433,2,2,1.0,235.9184000000001,0.5822615357276845,93.42079999999937,0.2305684443303637,311.75520000000034,93.42079999999937,311.7552000000003,4.457336656881225,-16.449600000000032,6,0.8333333333333334,19.95214473300137,53,53,1.0,25.590201305085458,anti_overfit_percent_wf,Anti-overfit top-trade-neutral walk-forward,top_trade_neutral_score,2025-10-01,2025-11-30,2025-12-01,2025-12-31
a=90s | move=0.55x percent_to_dollar sigma (63D)/1200s | hold=14400s | reversal | exit_by_midnight,90,0.55,1200,14400,63,percent_to_dollar,reversal,exit_by_midnight,4.00947564096609,201.74760000000015,3.95583529411765,3.860984367257132,0.0,-29.454799999999608,0.09803921568627451,0.11764705882352941,51,6,0.8333333333333334,33.62460000000002,7.849396363241137,4,2,0.11764705882352941,2,2,1.0,123.89920000000032,0.6141297343809802,76.48439999999991,0.37910934256466916,125.26320000000024,76.48439999999991,125.26320000000025,3.1083333486753264,-29.454799999999608,5,0.8,5.252726211007941,80,59,0.7375,25.58135064096609,anti_overfit_percent_wf,Anti-overfit top-trade-neutral walk-forward,top_trade_neutral_score,2025-10-01,2025-11-30,2025-12-01,2025-12-31
a=120s | move=0.7x percent_to_dollar sigma (63D)/2400s | hold=21600s | reversal | exit_by_midnight,120,0.7,2400,21600,63,percent_to_dollar,reversal,exit_by_midnight,5.1290753175309955,396.1679999999994,7.767999999999988,4.503415567423429,0.0,-51.46360000000021,0.11764705882352941,0.13725490196078433,51,7,0.8571428571428571,56.59542857142848,8.698023457356056,4,3,0.13725490196078433,2,2,1.0,219.9055999999997,0.5550816825185276,98.4355999999998,0.24846933624119047,297.7323999999996,98.4355999999998,297.7323999999996,3.8388853794198923,-51.46360000000021,6,0.8333333333333334,6.785300678537678,53,53,1.0,24.929075317530994,anti_overfit_percent_wf,Anti-overfit top-trade-neutral walk-forward,top_trade_neutral_score,2025-10-01,2025-11-30,2025-12-01,2025-12-31
a=120s | move=0.55x percent_to_dollar sigma (63D)/1200s | hold=14400s | reversal | exit_by_midnight,120,0.55,1200,14400,63,percent_to_dollar,reversal,exit_by_midnight,3.4929156924731544,193.74520000000035,3.798925490196085,3.5365536349544846,0.0,-31.45559999999992,0.09803921568627451,0.11764705882352941,51,6,0.8333333333333334,32.29086666666672,7.159322982235078,4,2,0.11764705882352941,2,2,1.0,127.89560000000026,0.6601226765876007,85.48079999999955,0.441202156234061,108.2644000000008,85.48079999999955,108.26440000000079,2.7088361170893993,-31.45559999999992,5,0.8,4.44181640153094,80,58,0.725,24.69916569247315,anti_overfit_percent_wf,Anti-overfit top-trade-neutral walk-forward,top_trade_neutral_score,2025-10-01,2025-11-30,2025-12-01,2025-12-31
a=180s | move=0.55x percent_to_dollar sigma (63D)/1200s | hold=14400s | reversal | exit_by_midnight,180,0.55,1200,14400,63,percent_to_dollar,reversal,exit_by_midnight,3.0902773919527537,187.73759999999797,3.6811294117646662,3.2322656081610455,0.0,-41.45960000000005,0.09803921568627451,0.11764705882352941,51,6,0.8333333333333334,31.289599999999663,5.528205771401368,4,2,0.11764705882352941,2,2,1.0,124.8967999999987,0.665273232426536,81.48239999999963,0.43402280629985956,106.25519999999834,81.48239999999963,106.25519999999834,2.3186986209975537,-41.45960000000005,5,0.8,3.562861194994516,80,57,0.7125,23.930902391952753,anti_overfit_percent_wf,Anti-overfit top-trade-neutral walk-forward,top_trade_neutral_score,2025-10-01,2025-11-30,2025-12-01,2025-12-31
a=180s | move=0.7x percent_to_dollar sigma (63D)/1800s | hold=21600s | reversal | exit_by_midnight,180,0.7,1800,21600,63,percent_to_dollar,reversal,exit_by_midnight,4.107205877175947,210.3248000000004,4.124015686274518,3.906481294368559,0.0,-14.44879999999975,0.0784313725490196,0.09803921568627451,51,5,0.8,42.064960000000085,15.556558330102748,3,2,0.09803921568627451,2,2,1.0,130.48800000000097,0.6204118582307018,72.486,0.3446383878648636,137.8388000000004,72.486,137.8388000000004,3.1487859708489716,-14.44879999999975,4,0.75,10.539809534355262,53,53,1.0,23.907205877175944,anti_overfit_percent_wf,Anti-overfit top-trade-neutral walk-forward,top_trade_neutral_score,2025-10-01,2025-11-30,2025-12-01,2025-12-31
a=90s | move=0.7x percent_to_dollar sigma (63D)/1800s | hold=21600s | reversal | exit_by_midnight,90,0.7,1800,21600,63,percent_to_dollar,reversal,exit_by_midnight,3.8583369120147024,211.32599999999877,4.143647058823506,3.734606064618352,0.0,-26.453600000000193,0.0784313725490196,0.09803921568627451,51,5,0.8,42.26519999999976,8.988553542806583,3,2,0.09803921568627451,2,2,1.0,127.47880000000015,0.6032329197543175,82.48200000000014,0.390306919167545,128.84399999999863,82.48200000000014,128.84399999999863,2.947257391206102,-26.453600000000193,4,0.75,5.870565820908754,53,53,1.0,23.6583369120147,anti_overfit_percent_wf,Anti-overfit top-trade-neutral walk-forward,top_trade_neutral_score,2025-10-01,2025-11-30,2025-12-01,2025-12-31
a=90s | move=0.7x percent_to_dollar sigma (63D)/1800s | hold=3600s | reversal | exit_by_midnight,90,0.7,1800,3600,63,percent_to_dollar,reversal,exit_by_midnight,2.7278748942962014,74.32599999999974,1.4573725490196028,3.1005738207579228,0.0,-9.55440000000003,0.0784313725490196,0.09803921568627451,51,5,0.8,14.865199999999948,8.77924307125416,3,2,0.09803921568627451,2,2,1.0,48.47880000000023,0.6522455130102575,38.54639999999966,0.5186125985523208,35.77960000000008,38.54639999999966,35.77960000000009,2.119013677968135,-9.55440000000003,4,0.75,4.744829607300849,80,57,0.7125,23.568499894296203,anti_overfit_percent_wf,Anti-overfit top-trade-neutral walk-forward,top_trade_neutral_score,2025-10-01,2025-11-30,2025-12-01,2025-12-31
a=60s | move=0.7x percent_to_dollar sigma (63D)/1800s | hold=14400s | reversal | exit_by_midnight,60,0.7,1800,14400,63,percent_to_dollar,reversal,exit_by_midnight,3.591039487203742,204.32759999999874,4.00642352941174,3.556789981972963,0.0,-30.455200000000104,0.0784313725490196,0.09803921568627451,51,5,0.8,40.865519999999755,7.709120281593629,3,2,0.09803921568627451,2,2,1.0,128.48039999999924,0.6287961097766529,81.48239999999963,0.3987831306196526,122.84519999999911,81.48239999999963,122.84519999999911,2.721488717500973,-30.45520000000012,4,0.75,5.033636291995903,53,53,1.0,23.391039487203738,anti_overfit_percent_wf,Anti-overfit top-trade-neutral walk-forward,top_trade_neutral_score,2025-10-01,2025-11-30,2025-12-01,2025-12-31
a=180s | move=0.65x percent_to_dollar sigma (63D)/2400s | hold=21600s | reversal | exit_by_midnight,180,0.65,2400,21600,63,percent_to_dollar,reversal,exit_by_midnight,4.309783836219086,267.18359999999876,5.2388941176470345,4.022134647788011,0.0,-13.448399999999936,0.11764705882352941,0.13725490196078433,51,7,0.8571428571428571,38.169085714285536,20.867315070936247,4,3,0.13725490196078433,2,2,1.0,171.25719999999922,0.6409719758248635,97.4359999999993,0.3646780715582833,169.74759999999947,97.4359999999993,169.74759999999944,3.3129745717564467,-13.448399999999936,6,0.8333333333333334,13.622140923826368,53,51,0.9622641509433962,23.362614024898328,anti_overfit_percent_wf,Anti-overfit top-trade-neutral walk-forward,top_trade_neutral_score,2025-10-01,2025-11-30,2025-12-01,2025-12-31
a=90s | move=0.65x percent_to_dollar sigma (63D)/2400s | hold=21600s | reversal | exit_by_midnight,90,0.65,2400,21600,63,percent_to_dollar,reversal,exit_by_midnight,4.152234344181692,263.190400000001,5.160596078431392,3.931648804584472,0.0,-24.45279999999991,0.11764705882352941,0.13725490196078433,51,7,0.8571428571428571,37.598628571428705,11.763200942222994,4,3,0.13725490196078433,2,2,1.0,174.27000000000072,0.6621442119469406,99.43440000000031,0.3778040536432937,163.75600000000065,99.43440000000031,163.75600000000063,3.204136343374367,-24.452799999999883,6,0.8333333333333334,7.6968199960738115,53,51,0.9622641509433962,23.205064532860938,anti_overfit_percent_wf,Anti-overfit top-trade-neutral walk-forward,top_trade_neutral_score,2025-10-01,2025-11-30,2025-12-01,2025-12-31
a=90s | move=0.6x percent_to_dollar sigma (63D)/900s | hold=14400s | reversal | exit_by_midnight,90,0.6,900,14400,63,percent_to_dollar,reversal,exit_by_midnight,3.3895816030334607,194.3211999999993,3.8102196078431234,3.437323586066344,0.0,-28.454399999999794,0.0784313725490196,0.09803921568627451,51,5,0.8,38.86423999999987,7.829214462437895,3,2,0.09803921568627451,2,2,1.0,128.48119999999994,0.6611795316208443,80.48279999999983,0.4141740582087807,113.83839999999947,80.48279999999983,113.8383999999995,2.5718743954056804,-28.454399999999794,4,0.75,5.000730994151882,53,53,1.0,23.189581603033457,anti_overfit_percent_wf,Anti-overfit top-trade-neutral walk-forward,top_trade_neutral_score,2025-10-01,2025-11-30,2025-12-01,2025-12-31
a=120s | move=0.7x percent_to_dollar sigma (63D)/1800s | hold=21600s | reversal | exit_by_midnight,120,0.7,1800,21600,63,percent_to_dollar,reversal,exit_by_midnight,3.283017175475684,201.32119999999935,3.947474509803909,3.3011590383674316,0.0,-42.459999999999866,0.0784313725490196,0.09803921568627451,51,5,0.8,40.26423999999987,5.741431935939573,3,2,0.09803921568627451,2,2,1.0,119.47800000000032,0.5934695402173279,82.45480000000015,0.4095683912076841,118.8663999999992,82.45480000000015,118.8663999999992,2.4150228240444442,-42.459999999999866,4,0.75,3.7994912859160572,53,53,1.0,23.083017175475682,anti_overfit_percent_wf,Anti-overfit top-trade-neutral walk-forward,top_trade_neutral_score,2025-10-01,2025-11-30,2025-12-01,2025-12-31
a=60s | move=0.7x percent_to_dollar sigma (63D)/2400s | hold=14400s | reversal | exit_by_midnight,60,0.7,2400,14400,63,percent_to_dollar,reversal,exit_by_midnight,4.796108601500598,288.17959999999954,5.650580392156853,4.349390846085595,0.0,-34.456800000000044,0.11764705882352941,0.13725490196078433,51,7,0.8571428571428571,41.16851428571422,9.363504446146766,4,3,0.13725490196078433,2,2,1.0,146.90959999999933,0.5097848702684006,90.47879999999998,0.31396670687307543,197.70079999999956,90.47879999999998,197.70079999999956,3.6851638015005994,-34.456800000000044,6,0.8333333333333334,6.737642497271733,53,48,0.9056603773584906,22.728184073198708,anti_overfit_percent_wf,Anti-overfit top-trade-neutral walk-forward,top_trade_neutral_score,2025-10-01,2025-11-30,2025-12-01,2025-12-31
a=120s | move=0.6x percent_to_dollar sigma (63D)/900s | hold=14400s | reversal | exit_by_midnight,120,0.6,900,14400,63,percent_to_dollar,reversal,exit_by_midnight,3.2652678474063195,195.31119999999842,3.8296313725489886,3.3487817014231513,0.0,-34.456800000000044,0.0784313725490196,0.09803921568627451,51,5,0.8,39.062239999999676,6.668291890134649,3,2,0.09803921568627451,2,2,1.0,121.47399999999921,0.6219510197059881,86.48040000000006,0.44278259516095725,108.83079999999836,86.48040000000006,108.83079999999836,2.455613258556532,-34.45680000000003,4,0.75,4.158470896891008,53,52,0.9811320754716981,22.691682941745942,anti_overfit_percent_wf,Anti-overfit top-trade-neutral walk-forward,top_trade_neutral_score,2025-10-01,2025-11-30,2025-12-01,2025-12-31
a=90s | move=0.55x percent_to_dollar sigma (63D)/900s | hold=14400s | reversal | exit_by_midnight,90,0.55,900,14400,63,percent_to_dollar,reversal,exit_by_midnight,3.5028226253703494,197.31880000000015,3.8689960784313757,3.4660055962871787,0.0,-34.456800000000044,0.0784313725490196,0.09803921568627451,51,5,0.8,39.46376000000002,6.726556151470631,3,2,0.09803921568627451,2,2,1.0,113.47639999999937,0.5750916790493318,79.48320000000002,0.4028161533518345,117.83560000000013,79.48320000000002,117.83560000000011,2.6100390996712237,-34.45680000000003,4,0.75,4.419806830581934,53,50,0.9433962264150944,22.182067908389218,anti_overfit_percent_wf,Anti-overfit top-trade-neutral walk-forward,top_trade_neutral_score,2025-10-01,2025-11-30,2025-12-01,2025-12-31
a=180s | move=0.75x percent_to_dollar sigma (63D)/1800s | hold=21600s | reversal | exit_by_midnight,180,0.75,1800,21600,63,percent_to_dollar,reversal,exit_by_midnight,3.8253140718056677,195.32680000000124,3.829937254901985,3.7382113320133876,0.0,-18.45039999999966,0.0784313725490196,0.09803921568627451,51,5,0.8,39.06536000000025,11.586588908641183,3,2,0.09803921568627451,2,2,1.0,127.48680000000085,0.6526846290422003,73.45120000000051,0.3760426116641446,121.87560000000073,73.45120000000051,121.87560000000074,2.946558702335425,-18.45039999999966,4,0.75,7.605580366821067,53,49,0.9245283018867925,22.130974449164157,anti_overfit_percent_wf,Anti-overfit top-trade-neutral walk-forward,top_trade_neutral_score,2025-10-01,2025-11-30,2025-12-01,2025-12-31
a=120s | move=0.55x percent_to_dollar sigma (63D)/900s | hold=14400s | reversal | exit_by_midnight,120,0.55,900,14400,63,percent_to_dollar,reversal,exit_by_midnight,3.7196537515797914,208.3220000000001,4.0847450980392175,3.6657665080842405,0.0,-21.451599999999786,0.0784313725490196,0.09803921568627451,51,5,0.8,41.664400000000015,10.711256969176732,3,2,0.09803921568627451,2,2,1.0,136.48200000000048,0.6551492401186645,84.48119999999975,0.4055318209310573,123.84080000000034,84.48119999999975,123.84080000000034,2.8639345473670814,-21.45159999999977,4,0.75,6.773033246937053,53,49,0.9245283018867925,22.02531412893828,anti_overfit_percent_wf,Anti-overfit top-trade-neutral walk-forward,top_trade_neutral_score,2025-10-01,2025-11-30,2025-12-01,2025-12-31
a=60s | move=0.75x percent_to_dollar sigma (63D)/1800s | hold=7200s | reversal | exit_by_midnight,60,0.75,1800,7200,63,percent_to_dollar,reversal,exit_by_midnight,4.2262623226915785,123.32400000000064,2.418117647058836,4.040892991788844,0.0,-5.454799999999409,0.0784313725490196,0.09803921568627451,51,5,0.8,24.664800000000128,23.608344943900878,3,2,0.09803921568627451,2,2,1.0,79.48000000000044,0.6444812039830043,50.48200000000011,0.4093444909344479,72.84200000000052,50.48200000000011,72.84200000000054,3.4514023938796656,-5.454799999999409,4,0.75,14.3537434919693,53,47,0.8867924528301887,21.784752888729315,anti_overfit_percent_wf,Anti-overfit top-trade-neutral walk-forward,top_trade_neutral_score,2025-10-01,2025-11-30,2025-12-01,2025-12-31
a=120s | move=0.75x percent_to_dollar sigma (63D)/1800s | hold=21600s | reversal | exit_by_midnight,120,0.75,1800,21600,63,percent_to_dollar,reversal,exit_by_midnight,3.2924057759966385,192.3191999999997,3.7709647058823474,3.3060303967015034,0.0,-39.45879999999974,0.0784313725490196,0.09803921568627451,51,5,0.8,38.46383999999994,5.873924194349425,3,2,0.09803921568627451,2,2,1.0,114.47760000000059,0.5952479003656461,77.48399999999971,0.4028926909013756,114.8352,77.48399999999971,114.8352,2.425799619446905,-39.45879999999974,4,0.75,3.9102557604386563,53,49,0.9245283018867925,21.598066153355127,anti_overfit_percent_wf,Anti-overfit top-trade-neutral walk-forward,top_trade_neutral_score,2025-10-01,2025-11-30,2025-12-01,2025-12-31
a=60s | move=0.75x percent_to_dollar sigma (63D)/1800s | hold=14400s | reversal | exit_by_midnight,60,0.75,1800,14400,63,percent_to_dollar,reversal,exit_by_midnight,3.746925178226988,213.3240000000012,4.182823529411788,3.642294739466179,0.0,-29.454799999999608,0.0784313725490196,0.09803921568627451,51,5,0.8,42.66480000000024,8.242418892676096,3,2,0.09803921568627451,2,2,1.0,127.48000000000084,0.5975886445031976,82.48200000000014,0.3866512909939795,130.84200000000106,82.48200000000014,130.84200000000106,2.827875929849868,-29.454799999999608,4,0.75,5.4421282779036835,53,47,0.8867924528301887,21.305415744264725,anti_overfit_percent_wf,Anti-overfit top-trade-neutral walk-forward,top_trade_neutral_score,2025-10-01,2025-11-30,2025-12-01,2025-12-31
a=90s | move=0.75x percent_to_dollar sigma (63D)/1800s | hold=21600s | reversal | exit_by_midnight,90,0.75,1800,21600,63,percent_to_dollar,reversal,exit_by_midnight,3.7375059671403275,219.32800000000003,4.3005490196078435,3.632742671251704,0.0,-31.45559999999992,0.0784313725490196,0.09803921568627451,51,5,0.8,43.8656,7.972621727132614,3,2,0.09803921568627451,2,2,1.0,132.48320000000058,0.6040414356580125,84.45560000000046,0.3850652903414085,134.87239999999957,84.45560000000046,134.87239999999957,2.816046811639894,-31.45559999999992,4,0.75,5.2877071173334675,53,47,0.8867924528301887,21.295996533178062,anti_overfit_percent_wf,Anti-overfit top-trade-neutral walk-forward,top_trade_neutral_score,2025-10-01,2025-11-30,2025-12-01,2025-12-31
a=90s | move=0.65x percent_to_dollar sigma (63D)/1800s | hold=21600s | reversal | exit_by_midnight,90,0.65,1800,21600,63,percent_to_dollar,reversal,exit_by_midnight,2.2086582546661018,159.7515999999986,3.132384313725463,2.565528399876735,2.7992585438024755,-51.57520000000091,0.0784313725490196,0.11764705882352941,51,6,0.6666666666666666,26.625266666666434,3.047341494422486,3,3,0.11764705882352941,2,2,1.0,79.90279999999913,0.5001690123917372,85.48079999999955,0.5350857205812042,74.27079999999906,85.48079999999955,74.27079999999904,1.5005061451020076,-51.57520000000091,5,0.6,1.9518382956036235,53,51,0.9622641509433962,21.261488443345343,anti_overfit_percent_wf,Anti-overfit top-trade-neutral walk-forward,top_trade_neutral_score,2025-10-01,2025-11-30,2025-12-01,2025-12-31
a=180s | move=0.65x percent_to_dollar sigma (63D)/1800s | hold=21600s | reversal | exit_by_midnight,180,0.65,1800,21600,63,percent_to_dollar,reversal,exit_by_midnight,2.1297336263189592,157.7323999999997,3.092792156862739,2.4370410432544665,5.2926343657105095,-47.575600000000286,0.0784313725490196,0.11764705882352941,51,6,0.6666666666666666,26.288733333333283,2.9228061107561913,3,3,0.11764705882352941,2,2,1.0,84.83199999999916,0.5378222863533384,82.48200000000014,0.5229236352201596,75.25039999999956,82.48200000000014,75.25039999999956,1.40650115273408,-47.575600000000286,5,0.6,1.9173253494960207,53,51,0.9622641509433962,21.182563814998204,anti_overfit_percent_wf,Anti-overfit top-trade-neutral walk-forward,top_trade_neutral_score,2025-10-01,2025-11-30,2025-12-01,2025-12-31
a=120s | move=0.65x percent_to_dollar sigma (63D)/1800s | hold=21600s | reversal | exit_by_midnight,120,0.65,1800,21600,63,percent_to_dollar,reversal,exit_by_midnight,2.127390349009611,167.74799999999914,3.2891764705882185,2.496712979406811,4.581213310593391,-50.5752000000004,0.0784313725490196,0.11764705882352941,51,6,0.6666666666666666,27.957999999999856,2.972763195032403,3,3,0.11764705882352941,2,2,1.0,89.90159999999999,0.5359324701337748,91.47839999999977,0.5453322841404978,76.26959999999937,91.47839999999977,76.26959999999934,1.421925562114986,-50.5752000000004,5,0.6,1.8969517358170696,53,51,0.9622641509433962,21.180220537688854,anti_overfit_percent_wf,Anti-overfit top-trade-neutral walk-forward,top_trade_neutral_score,2025-10-01,2025-11-30,2025-12-01,2025-12-31
a=180s | move=0.6x percent_to_dollar sigma (63D)/900s | hold=14400s | reversal | exit_by_midnight,180,0.6,900,14400,63,percent_to_dollar,reversal,exit_by_midnight,2.8979912855342986,178.31399999999823,3.496352941176436,3.0891698342002436,0.0,-42.459999999999866,0.0784313725490196,0.09803921568627451,51,5,0.8,35.66279999999965,5.199576071596647,3,2,0.09803921568627451,2,2,1.0,112.47439999999887,0.6307659521966866,81.48239999999963,0.45696019381540676,96.8315999999986,81.48239999999963,96.8315999999986,2.137582695043371,-42.459999999999866,4,0.75,3.2805369759772884,53,48,0.9056603773584906,20.83006675723241,anti_overfit_percent_wf,Anti-overfit top-trade-neutral walk-forward,top_trade_neutral_score,2025-10-01,2025-11-30,2025-12-01,2025-12-31
a=90s | move=0.55x percent_to_dollar sigma (63D)/1200s | hold=21600s | reversal | exit_by_midnight,90,0.55,1200,21600,63,percent_to_dollar,reversal,exit_by_midnight,4.380260909347019,224.7476000000006,4.406815686274522,4.131244432766601,0.0,-29.454799999999608,0.09803921568627451,0.11764705882352941,51,6,0.8333333333333334,37.45793333333343,8.630253812621204,4,2,0.11764705882352941,2,2,1.0,143.89920000000063,0.6402702409280466,76.48439999999991,0.34031242157869407,148.2632000000007,76.48439999999991,148.26320000000067,3.430891990043053,-29.454799999999608,5,0.8,6.033583660388007,53,44,0.8301886792452831,20.81799675840362,anti_overfit_percent_wf,Anti-overfit top-trade-neutral walk-forward,top_trade_neutral_score,2025-10-01,2025-11-30,2025-12-01,2025-12-31
a=120s | move=0.55x percent_to_dollar sigma (63D)/1200s | hold=21600s | reversal | exit_by_midnight,120,0.55,1200,21600,63,percent_to_dollar,reversal,exit_by_midnight,4.05458142903596,222.74519999999956,4.367552941176462,3.91543994271956,0.0,-31.45559999999992,0.09803921568627451,0.11764705882352941,51,6,0.8333333333333334,37.124199999999924,8.08125739137044,4,2,0.11764705882352941,2,2,1.0,152.89560000000026,0.6864147914298515,85.48079999999955,0.3837604581378172,137.26440000000002,85.48079999999955,137.2644,3.189139666211712,-31.45559999999992,5,0.8,5.363750810666304,53,44,0.8301886792452831,20.49231727809256,anti_overfit_percent_wf,Anti-overfit top-trade-neutral walk-forward,top_trade_neutral_score,2025-10-01,2025-11-30,2025-12-01,2025-12-31
a=180s | move=0.55x percent_to_dollar sigma (63D)/900s | hold=14400s | reversal | exit_by_midnight,180,0.55,900,14400,63,percent_to_dollar,reversal,exit_by_midnight,2.920784781963786,183.31519999999867,3.5944156862744836,3.0987979988093985,0.0,-42.459999999999866,0.0784313725490196,0.09803921568627451,51,5,0.8,36.663039999999725,5.317362223268816,3,2,0.09803921568627451,2,2,1.0,117.47600000000071,0.6408415668749867,82.48200000000014,0.4499463219634855,100.83319999999853,82.48200000000014,100.83319999999851,2.154669298592643,-42.459999999999866,4,0.75,3.3747809703249048,53,47,0.8867924528301887,20.479275348001522,anti_overfit_percent_wf,Anti-overfit top-trade-neutral walk-forward,top_trade_neutral_score,2025-10-01,2025-11-30,2025-12-01,2025-12-31
a=60s | move=0.65x percent_to_dollar sigma (63D)/1800s | hold=14400s | reversal | exit_by_midnight,60,0.65,1800,14400,63,percent_to_dollar,reversal,exit_by_midnight,2.6483272674632268,164.74720000000042,3.230337254901969,2.8271530259425375,2.348048654047395,-46.46159999999978,0.0784313725490196,0.11764705882352941,51,6,0.6666666666666666,27.457866666666735,3.6556024088616996,3,3,0.11764705882352941,2,2,1.0,88.8996000000009,0.5396122058523646,76.48439999999991,0.46425311021977744,88.26280000000051,76.48439999999991,88.26280000000051,1.8539531001280585,-46.46159999999978,5,0.6,2.422730731040515,53,47,0.8867924528301887,20.206817833500963,anti_overfit_percent_wf,Anti-overfit top-trade-neutral walk-forward,top_trade_neutral_score,2025-10-01,2025-11-30,2025-12-01,2025-12-31
a=60s | move=0.75x percent_to_dollar sigma (63D)/2400s | hold=14400s | reversal | exit_by_midnight,60,0.75,2400,14400,63,percent_to_dollar,reversal,exit_by_midnight,3.7184330205597638,228.74919999999835,4.4852784313725165,3.6447967693175607,0.0,-29.454799999999608,0.09803921568627451,0.11764705882352941,51,6,0.8333333333333334,38.124866666666385,8.7661094286837,3,3,0.11764705882352941,2,2,1.0,146.9123999999986,0.6422422460930995,92.47799999999957,0.40427682370036805,136.27119999999877,92.47799999999957,136.27119999999877,2.8352347229048664,-29.454799999999608,5,0.8,5.62645137634596,53,44,0.8301886792452831,20.156168869616366,anti_overfit_percent_wf,Anti-overfit top-trade-neutral walk-forward,top_trade_neutral_score,2025-10-01,2025-11-30,2025-12-01,2025-12-31
a=300s | move=0.7x percent_to_dollar sigma (63D)/2400s | hold=14400s | reversal | exit_by_midnight,300,0.7,2400,14400,63,percent_to_dollar,reversal,exit_by_midnight,4.002019609231134,260.1603999999994,5.101184313725478,3.7521797995489963,0.0,-47.46199999999959,0.11764705882352941,0.13725490196078433,51,7,0.8571428571428571,37.16577142857135,6.4814462095991585,4,3,0.13725490196078433,2,2,1.0,147.25959999999972,0.5660338775616891,88.42439999999966,0.3398841637697354,171.73599999999976,88.42439999999966,171.73599999999973,2.9680350174024013,-47.46199999999959,6,0.8333333333333334,4.618389448400754,53,42,0.7924528301886793,19.692585646966982,anti_overfit_percent_wf,Anti-overfit top-trade-neutral walk-forward,top_trade_neutral_score,2025-10-01,2025-11-30,2025-12-01,2025-12-31
a=90s | move=0.5x percent_to_dollar sigma (63D)/900s | hold=14400s | reversal | exit_by_midnight,90,0.5,900,14400,63,percent_to_dollar,reversal,exit_by_midnight,3.6059777344122406,204.19759999999917,4.0038745098039055,3.4969338933579817,5.314592141755398,-32.45599999999973,0.09803921568627451,0.13725490196078433,51,7,0.7142857142857143,29.171085714285596,5.254223022242098,5,2,0.13725490196078433,2,2,1.0,110.35759999999897,0.5404451374550897,77.48399999999971,0.3794559779350983,126.71359999999946,77.48399999999971,126.71359999999946,2.657098517863565,-32.45599999999972,6,0.6666666666666666,3.6399326649832053,53,42,0.7924528301886793,19.296543772148087,anti_overfit_percent_wf,Anti-overfit top-trade-neutral walk-forward,top_trade_neutral_score,2025-10-01,2025-11-30,2025-12-01,2025-12-31
a=120s | move=0.5x percent_to_dollar sigma (63D)/900s | hold=14400s | reversal | exit_by_midnight,120,0.5,900,14400,63,percent_to_dollar,reversal,exit_by_midnight,3.57143287878315,208.1967999999991,4.0822901960784135,3.522020335909094,13.264515081725834,-25.453199999999697,0.09803921568627451,0.13725490196078433,51,7,0.7142857142857143,29.74239999999987,5.732046584782511,5,2,0.13725490196078433,2,2,1.0,126.35759999999935,0.6069142273080081,83.48159999999994,0.40097446262382663,124.71519999999914,83.48159999999994,124.71519999999914,2.6783721962320275,-25.453199999999683,6,0.6666666666666666,3.8346167483384206,53,42,0.7924528301886793,19.261998916518998,anti_overfit_percent_wf,Anti-overfit top-trade-neutral walk-forward,top_trade_neutral_score,2025-10-01,2025-11-30,2025-12-01,2025-12-31
a=300s | move=0.7x percent_to_dollar sigma (63D)/1800s | hold=14400s | reversal | exit_by_midnight,300,0.7,1800,14400,63,percent_to_dollar,reversal,exit_by_midnight,2.357106886468919,140.30760000000083,2.751129411764722,2.6534952128493847,0.0,-47.46199999999959,0.0784313725490196,0.09803921568627451,51,5,0.8,28.061520000000165,3.9562091778685713,3,2,0.09803921568627451,2,2,1.0,84.47280000000089,0.6020543434568076,68.48760000000009,0.4881246632399077,71.82000000000075,68.48760000000009,71.82000000000073,1.6535631414914533,-47.46199999999958,4,0.75,2.51321056845474,53,45,0.8490566037735849,19.168427641185897,anti_overfit_percent_wf,Anti-overfit top-trade-neutral walk-forward,top_trade_neutral_score,2025-10-01,2025-11-30,2025-12-01,2025-12-31
a=60s | move=0.7x percent_to_dollar sigma (63D)/2400s | hold=21600s | reversal | exit_by_midnight,60,0.7,2400,21600,63,percent_to_dollar,reversal,exit_by_midnight,5.532200556569294,415.17960000000124,8.140776470588259,4.824481608726341,0.0,-34.456800000000044,0.11764705882352941,0.13725490196078433,51,7,0.8571428571428571,59.311371428571604,13.049279097304098,4,3,0.13725490196078433,2,2,1.0,233.90960000000047,0.5633937698287675,102.42199999999971,0.2466932382997609,312.7576000000015,102.42199999999971,312.75760000000156,4.201187483940867,-34.456800000000044,6,0.8333333333333334,10.076803417612522,35,35,1.0,19.032200556569293,anti_overfit_percent_wf,Anti-overfit top-trade-neutral walk-forward,top_trade_neutral_score,2025-10-01,2025-11-30,2025-12-01,2025-12-31
a=90s | move=0.55x percent_to_dollar sigma (63D)/900s | hold=7200s | reversal | exit_by_midnight,90,0.55,900,7200,63,percent_to_dollar,reversal,exit_by_midnight,3.2639017880999743,98.31880000000065,1.92781960784315,3.406228547130328,0.0,-11.456800000000342,0.0784313725490196,0.09803921568627451,51,5,0.8,19.66376000000013,9.581698205431545,3,2,0.09803921568627451,2,2,1.0,63.47640000000008,0.6456181320357822,51.48319999999991,0.5236353576325136,46.83560000000074,51.48319999999991,46.83560000000074,2.633627505351195,-11.456800000000342,4,0.75,5.088017596536053,53,42,0.7924528301886793,18.954467825835824,anti_overfit_percent_wf,Anti-overfit top-trade-neutral walk-forward,top_trade_neutral_score,2025-10-01,2025-11-30,2025-12-01,2025-12-31
a=300s | move=0.75x percent_to_dollar sigma (63D)/2400s | hold=14400s | reversal | exit_by_midnight,300,0.75,2400,14400,63,percent_to_dollar,reversal,exit_by_midnight,3.2359400517070185,187.7464000000001,3.681301960784316,3.351796392059603,0.0,-46.46159999999978,0.09803921568627451,0.11764705882352941,51,6,0.8333333333333334,31.29106666666669,5.040893985570794,3,3,0.11764705882352941,2,2,1.0,122.90040000000053,0.6546085570748651,81.48239999999963,0.43400246289675637,106.26400000000048,81.48239999999963,106.26400000000048,2.4613319166857335,-46.46159999999978,5,0.8,3.2871360435283705,53,42,0.7924528301886793,18.926506089442867,anti_overfit_percent_wf,Anti-overfit top-trade-neutral walk-forward,top_trade_neutral_score,2025-10-01,2025-11-30,2025-12-01,2025-12-31
a=180s | move=0.6x percent_to_dollar sigma (63D)/1800s | hold=21600s | reversal | exit_by_midnight,180,0.6,1800,21600,63,percent_to_dollar,reversal,exit_by_midnight,1.8454202324008264,177.61879999999894,3.48272156862743,2.2030983507347868,9.950223672414513,-53.553199999999805,0.09803921568627451,0.1568627450980392,51,8,0.625,22.20234999999987,2.228444328867296,4,4,0.1568627450980392,2,2,1.0,110.77920000000051,0.623690735440174,96.4340000000009,0.5429267622571567,81.18479999999803,96.4340000000009,81.18479999999808,1.1865669556738285,-53.5531999999998,7,0.5714285714285714,1.5614890267822057,53,45,0.8490566037735849,18.656740987117807,anti_overfit_percent_wf,Anti-overfit top-trade-neutral walk-forward,top_trade_neutral_score,2025-10-01,2025-11-30,2025-12-01,2025-12-31
a=300s | move=0.7x percent_to_dollar sigma (63D)/2400s | hold=21600s | reversal | exit_by_midnight,300,0.7,2400,21600,63,percent_to_dollar,reversal,exit_by_midnight,4.881681311816053,363.1603999999995,7.120792156862736,4.341357513747804,0.0,-47.46199999999959,0.11764705882352941,0.13725490196078433,51,7,0.8571428571428571,51.88005714285707,8.651603387973411,4,3,0.13725490196078433,2,2,1.0,199.90080000000012,0.5504476809696222,100.42440000000012,0.27652904887206936,262.7359999999994,100.42440000000012,262.7359999999994,3.6540070725432714,-47.46199999999959,6,0.8333333333333334,6.535712780750816,35,35,1.0,18.381681311816052,anti_overfit_percent_wf,Anti-overfit top-trade-neutral walk-forward,top_trade_neutral_score,2025-10-01,2025-11-30,2025-12-01,2025-12-31
a=300s | move=0.75x percent_to_dollar sigma (63D)/1800s | hold=14400s | reversal | exit_by_midnight,300,0.75,1800,14400,63,percent_to_dollar,reversal,exit_by_midnight,2.3076194466803184,151.30640000000005,2.966792156862746,2.7380468384856287,0.0,-46.46159999999978,0.0784313725490196,0.09803921568627451,51,5,0.8,30.261280000000006,4.256590388621927,3,2,0.09803921568627451,2,2,1.0,98.46880000000021,0.6507907134133135,80.48279999999983,0.531919337186,70.82360000000023,80.48279999999983,70.82360000000023,1.674466384629803,-46.46159999999976,4,0.75,2.524346987619842,53,43,0.8113207547169812,18.371770390076545,anti_overfit_percent_wf,Anti-overfit top-trade-neutral walk-forward,top_trade_neutral_score,2025-10-01,2025-11-30,2025-12-01,2025-12-31
a=180s | move=0.5x percent_to_dollar sigma (63D)/900s | hold=14400s | reversal | exit_by_midnight,180,0.5,900,14400,63,percent_to_dollar,reversal,exit_by_midnight,2.571370543075029,167.18679999999802,3.278172549019569,2.81393891512615,3.8910220576793466,-41.45960000000005,0.09803921568627451,0.13725490196078433,51,7,0.7142857142857143,23.883828571428285,3.612081518376531,5,2,0.13725490196078433,2,2,1.0,95.34879999999839,0.5703129672916732,81.48239999999963,0.4873734050774379,85.70439999999839,81.48239999999963,85.70439999999837,1.8096861223518657,-41.45960000000005,6,0.6666666666666666,2.339022454425509,53,42,0.7924528301886793,18.26193658081088,anti_overfit_percent_wf,Anti-overfit top-trade-neutral walk-forward,top_trade_neutral_score,2025-10-01,2025-11-30,2025-12-01,2025-12-31
a=60s | move=0.75x percent_to_dollar sigma (63D)/1800s | hold=3600s | reversal | exit_by_midnight,60,0.75,1800,3600,63,percent_to_dollar,reversal,exit_by_midnight,2.8329232048510473,80.3240000000014,1.5749803921568903,3.1570586578835966,0.0,-11.55479999999963,0.0784313725490196,0.09803921568627451,51,5,0.8,16.064800000000282,7.951569910339947,3,2,0.09803921568627451,2,2,1.0,51.48000000000034,0.6409043374333877,40.39880000000068,0.5029480603555597,39.92520000000072,40.39880000000068,39.925200000000714,2.1975169031927555,-11.55479999999963,4,0.75,4.455291307508355,53,41,0.7735849056603774,18.149904336926518,anti_overfit_percent_wf,Anti-overfit top-trade-neutral walk-forward,top_trade_neutral_score,2025-10-01,2025-11-30,2025-12-01,2025-12-31
a=60s | move=0.65x percent_to_dollar sigma (63D)/1800s | hold=7200s | reversal | exit_by_midnight,60,0.65,1800,7200,63,percent_to_dollar,reversal,exit_by_midnight,2.881214123266463,93.74720000000033,1.8381803921568693,3.1992675706326597,0.0,-20.461599999999976,0.09803921568627451,0.11764705882352941,51,6,0.8333333333333334,15.624533333333389,5.58161629589059,3,3,0.11764705882352941,2,2,1.0,60.89960000000008,0.6496151351720356,48.4843999999998,0.5171823798470742,45.26280000000053,48.4843999999998,45.26280000000054,2.261248259530794,-20.461599999999976,5,0.8,3.212085076435733,53,40,0.7547169811320755,17.824610349681556,anti_overfit_percent_wf,Anti-overfit top-trade-neutral walk-forward,top_trade_neutral_score,2025-10-01,2025-11-30,2025-12-01,2025-12-31
a=180s | move=0.8x percent_to_dollar sigma (63D)/3600s | hold=14400s | reversal | exit_by_midnight,180,0.8,3600,14400,63,percent_to_dollar,reversal,exit_by_midnight,3.089725786734273,204.63640000000072,4.012478431372563,3.2405021296592773,5.6694199301855415,-41.06359999999994,0.09803921568627451,0.1568627450980392,51,8,0.625,25.579550000000086,4.123437795727438,5,3,0.1568627450980392,2,2,1.0,140.2552000000004,0.6853873504420519,90.47879999999998,0.4421442128575349,114.15760000000074,90.47879999999998,114.15760000000071,2.3231228592089614,-41.06359999999994,7,0.5714285714285714,2.7424278501260493,53,39,0.7358490566037735,17.65953710748899,anti_overfit_percent_wf,Anti-overfit top-trade-neutral walk-forward,top_trade_neutral_score,2025-10-01,2025-11-30,2025-12-01,2025-12-31
a=60s | move=0.55x percent_to_dollar sigma (63D)/1200s | hold=14400s | reversal | exit_by_midnight,60,0.55,1200,14400,63,percent_to_dollar,reversal,exit_by_midnight,2.7617348335337755,164.731999999999,3.230039215686255,2.924573332488372,0.0,-59.466800000000035,0.09803921568627451,0.11764705882352941,51,6,0.8333333333333334,27.45533333333317,3.7701507395722516,4,2,0.11764705882352941,2,2,1.0,86.88519999999988,0.5274336498069616,74.48519999999961,0.4521598717917591,90.2467999999994,74.48519999999961,90.24679999999941,1.967327937377596,-59.466800000000035,5,0.8,2.5175997363234077,53,39,0.7358490566037735,17.331546154288493,anti_overfit_percent_wf,Anti-overfit top-trade-neutral walk-forward,top_trade_neutral_score,2025-10-01,2025-11-30,2025-12-01,2025-12-31
a=90s | move=0.45x percent_to_dollar sigma (63D)/2400s | hold=3600s | continuation | exit_by_midnight,90,0.45,2400,3600,63,percent_to_dollar,continuation,exit_by_midnight,4.886412076208471,223.61720000000088,4.384650980392174,4.505530545882217,4.174994614533467,-38.455199999999934,0.2549019607843137,0.3333333333333333,51,17,0.7647058823529411,13.153952941176522,3.7902205052954994,6,11,0.3333333333333333,2,2,1.0,124.90319999999983,0.5585581073369997,54.428400000000735,0.24339988158335102,169.18880000000013,54.428400000000735,169.18880000000016,3.84290825671122,-38.455199999999934,16,0.75,3.1110811647151335,80,34,0.425,17.31766207620847,anti_overfit_percent_wf,Anti-overfit top-trade-neutral walk-forward,top_trade_neutral_score,2025-10-01,2025-11-30,2025-12-01,2025-12-31
a=120s | move=0.55x percent_to_dollar sigma (63D)/900s | hold=21600s | reversal | exit_by_midnight,120,0.55,900,21600,63,percent_to_dollar,reversal,exit_by_midnight,3.8002192320057433,214.32200000000032,4.202392156862751,3.7129907332815097,0.0,-21.451599999999786,0.0784313725490196,0.09803921568627451,51,5,0.8,42.86440000000006,10.990956385537284,3,2,0.09803921568627451,2,2,1.0,139.4820000000006,0.6508057968850626,84.48119999999975,0.39417885238099504,129.84080000000057,84.48119999999975,129.84080000000057,2.9207277189552854,-21.451599999999758,4,0.75,7.052732663297605,35,35,1.0,17.300219232005745,anti_overfit_percent_wf,Anti-overfit top-trade-neutral walk-forward,top_trade_neutral_score,2025-10-01,2025-11-30,2025-12-01,2025-12-31
a=90s | move=0.5x percent_to_dollar sigma (63D)/900s | hold=7200s | reversal | exit_by_midnight,90,0.5,900,7200,63,percent_to_dollar,reversal,exit_by_midnight,3.8159156207196703,125.19760000000069,2.4548549019607977,3.773102954071127,9.054241286762203,-15.542800000000256,0.09803921568627451,0.13725490196078433,51,7,0.7142857142857143,17.885371428571528,6.008144390930496,5,2,0.13725490196078433,2,2,1.0,75.35760000000026,0.6019093017757516,50.484000000000115,0.4032345667968063,74.71360000000058,50.484000000000115,74.71360000000057,3.0108891221490883,-15.542800000000256,6,0.6666666666666666,3.9886874569977655,53,36,0.6792452830188679,17.264972224493253,anti_overfit_percent_wf,Anti-overfit top-trade-neutral walk-forward,top_trade_neutral_score,2025-10-01,2025-11-30,2025-12-01,2025-12-31
a=60s | move=0.7x percent_to_dollar sigma (63D)/1800s | hold=21600s | reversal | exit_by_midnight,60,0.7,1800,21600,63,percent_to_dollar,reversal,exit_by_midnight,3.6373298870482893,207.32759999999885,4.065247058823507,3.58294446933557,0.0,-30.455200000000104,0.0784313725490196,0.09803921568627451,51,5,0.8,41.46551999999978,7.807625627150381,3,2,0.09803921568627451,2,2,1.0,129.48039999999975,0.6245208066846887,81.48239999999963,0.39301279713844217,125.84519999999922,81.48239999999963,125.84519999999922,2.754244889915639,-30.45520000000012,4,0.75,5.132141637552655,35,35,1.0,17.13732988704829,anti_overfit_percent_wf,Anti-overfit top-trade-neutral walk-forward,top_trade_neutral_score,2025-10-01,2025-11-30,2025-12-01,2025-12-31
a=90s | move=0.55x percent_to_dollar sigma (63D)/900s | hold=21600s | reversal | exit_by_midnight,90,0.55,900,21600,63,percent_to_dollar,reversal,exit_by_midnight,3.6229882660119084,204.3188000000009,4.006250980392174,3.5361908237769835,0.0,-34.456800000000044,0.0784313725490196,0.09803921568627451,51,5,0.8,40.86376000000017,6.929709084999006,3,2,0.09803921568627451,2,2,1.0,115.4764000000004,0.5651775558587848,79.48320000000002,0.3890155971941871,124.83560000000087,79.48320000000002,124.83560000000085,2.698418730801636,-34.45680000000003,4,0.75,4.62295976411031,35,35,1.0,17.12298826601191,anti_overfit_percent_wf,Anti-overfit top-trade-neutral walk-forward,top_trade_neutral_score,2025-10-01,2025-11-30,2025-12-01,2025-12-31
a=90s | move=0.6x percent_to_dollar sigma (63D)/900s | hold=21600s | reversal | exit_by_midnight,90,0.6,900,21600,63,percent_to_dollar,reversal,exit_by_midnight,3.4958865181521865,199.321199999999,3.9082588235293922,3.5006665641375725,0.0,-28.454399999999794,0.0784313725490196,0.09803921568627451,51,5,0.8,39.86423999999981,8.00493421052605,3,2,0.09803921568627451,2,2,1.0,129.48120000000046,0.6496107789838768,80.48279999999983,0.4037844444043094,118.83839999999918,80.48279999999983,118.8383999999992,2.6517105356933275,-28.454399999999794,4,0.75,5.176450742240036,35,35,1.0,16.995886518152187,anti_overfit_percent_wf,Anti-overfit top-trade-neutral walk-forward,top_trade_neutral_score,2025-10-01,2025-11-30,2025-12-01,2025-12-31
a=120s | move=0.6x percent_to_dollar sigma (63D)/900s | hold=21600s | reversal | exit_by_midnight,120,0.6,900,21600,63,percent_to_dollar,reversal,exit_by_midnight,3.279742869190244,197.31119999999945,3.8688470588235186,3.3560534705511396,0.0,-34.456800000000044,0.0784313725490196,0.09803921568627451,51,5,0.8,39.46223999999988,6.726335585428494,3,2,0.09803921568627451,2,2,1.0,123.47400000000023,0.6257830270151952,86.48040000000006,0.43829443032124027,110.83079999999939,86.48040000000006,110.83079999999939,2.4655961621925715,-34.45680000000003,4,0.75,4.216514592184853,35,35,1.0,16.779742869190244,anti_overfit_percent_wf,Anti-overfit top-trade-neutral walk-forward,top_trade_neutral_score,2025-10-01,2025-11-30,2025-12-01,2025-12-31
a=60s | move=0.65x percent_to_dollar sigma (63D)/2400s | hold=21600s | reversal | exit_by_midnight,60,0.65,2400,21600,63,percent_to_dollar,reversal,exit_by_midnight,3.96874733622286,261.1843999999978,5.121262745097996,3.820135167489329,0.0,-29.45479999999958,0.11764705882352941,0.13725490196078433,51,7,0.8571428571428571,37.31205714285683,9.867294973993763,4,3,0.13725490196078433,2,2,1.0,180.26839999999885,0.6901958922508402,100.42120000000011,0.3844839125154525,160.7631999999977,100.42120000000011,160.76319999999765,3.057685589797584,-29.454799999999608,6,0.8333333333333334,6.457962708964019,35,33,0.9428571428571428,16.697318764794286,anti_overfit_percent_wf,Anti-overfit top-trade-neutral walk-forward,top_trade_neutral_score,2025-10-01,2025-11-30,2025-12-01,2025-12-31
a=180s | move=0.55x percent_to_dollar sigma (63D)/900s | hold=21600s | reversal | exit_by_midnight,180,0.55,900,21600,63,percent_to_dollar,reversal,exit_by_midnight,3.0440656174135716,190.3151999999994,3.7316705882352825,3.1672682904430953,0.0,-42.459999999999866,0.0784313725490196,0.09803921568627451,51,5,0.8,38.06303999999987,5.482223268958891,3,2,0.09803921568627451,2,2,1.0,120.47600000000082,0.6330340403709278,82.48200000000014,0.43339680698126265,107.83319999999927,82.48200000000014,107.83319999999925,2.2456823529277155,-42.459999999999866,4,0.75,3.53964201601498,35,35,1.0,16.544065617413573,anti_overfit_percent_wf,Anti-overfit top-trade-neutral walk-forward,top_trade_neutral_score,2025-10-01,2025-11-30,2025-12-01,2025-12-31
a=180s | move=0.6x percent_to_dollar sigma (63D)/900s | hold=21600s | reversal | exit_by_midnight,180,0.6,900,21600,63,percent_to_dollar,reversal,exit_by_midnight,3.016758297669926,184.31399999999985,3.613999999999997,3.156307887204161,0.0,-42.459999999999866,0.0784313725490196,0.09803921568627451,51,5,0.8,36.86279999999998,5.340885539331022,3,2,0.09803921568627451,2,2,1.0,114.47439999999989,0.6210835856201915,81.48239999999963,0.44208470327809984,102.83160000000022,81.48239999999963,102.83160000000025,2.2259313143436437,-42.459999999999866,4,0.75,3.4218464437116625,35,35,1.0,16.516758297669924,anti_overfit_percent_wf,Anti-overfit top-trade-neutral walk-forward,top_trade_neutral_score,2025-10-01,2025-11-30,2025-12-01,2025-12-31
a=90s | move=0.5x percent_to_dollar sigma (63D)/900s | hold=21600s | reversal | exit_by_midnight,90,0.5,900,21600,63,percent_to_dollar,reversal,exit_by_midnight,4.4157865311107845,247.74039999999957,4.8576549019607755,4.116615522554977,0.0,-32.45599999999973,0.09803921568627451,0.11764705882352941,51,6,0.8333333333333334,41.29006666666658,8.633115602661851,4,2,0.11764705882352941,2,2,1.0,148.90039999999962,0.6010339855752226,77.48399999999971,0.3127628759782411,170.25639999999987,77.48399999999971,170.25639999999981,3.3960052202922015,-32.45599999999973,5,0.8,6.245760414098935,35,31,0.8857142857142857,16.37292938825364,anti_overfit_percent_wf,Anti-overfit top-trade-neutral walk-forward,top_trade_neutral_score,2025-10-01,2025-11-30,2025-12-01,2025-12-31
a=90s | move=0.7x percent_to_dollar sigma (63D)/1800s | hold=14400s | reversal | exit_by_midnight,90,0.7,1800,14400,63,percent_to_dollar,reversal,exit_by_midnight,3.5856119968818523,226.43719999999834,2.9407428571428356,3.185623751846346,4.136872033247032,-36.94840000000073,0.06493506493506493,0.09090909090909091,77,7,0.7142857142857143,32.3481714285712,7.128471056933093,3,4,0.09090909090909091,3,3,1.0,125.47879999999913,0.5541439304142608,82.48200000000014,0.3642599360882432,143.9551999999982,82.48200000000014,143.9551999999982,2.598452896758735,-36.94840000000073,6,0.6666666666666666,4.896114581415986,80,74,0.925,30.64186199688185,anti_overfit_percent_wf,Anti-overfit top-trade-neutral walk-forward,top_trade_neutral_score,2025-10-01,2025-12-31,2026-01-01,2026-01-31
a=90s | move=0.7x percent_to_dollar sigma (63D)/2400s | hold=14400s | reversal | exit_by_midnight,90,0.7,2400,14400,63,percent_to_dollar,reversal,exit_by_midnight,4.703423273124477,309.29080000000147,4.016763636363655,3.944311947089,4.757730456775732,-23.949599999999748,0.09090909090909091,0.11688311688311688,77,9,0.7777777777777778,34.365644444444605,13.914236563449517,4,5,0.11688311688311688,3,3,1.0,146.91280000000145,0.47499893304295104,89.47920000000018,0.28930443453216115,219.8116000000013,89.47920000000018,219.8116000000013,3.5377496731244737,-23.949599999999748,8,0.75,10.178090657046184,80,70,0.875,30.29717327312448,anti_overfit_percent_wf,Anti-overfit top-trade-neutral walk-forward,top_trade_neutral_score,2025-10-01,2025-12-31,2026-01-01,2026-01-31
a=120s | move=0.7x percent_to_dollar sigma (63D)/1800s | hold=14400s | reversal | exit_by_midnight,120,0.7,1800,14400,63,percent_to_dollar,reversal,exit_by_midnight,2.9477947222037297,205.43599999999898,2.667999999999987,2.7386570755883457,1.763506832079328,-50.95560000000009,0.06493506493506493,0.09090909090909091,77,7,0.7142857142857143,29.347999999999853,5.031666784416111,3,4,0.09090909090909091,3,3,1.0,117.4779999999993,0.571847193286473,80.45479999999912,0.39162950992036216,124.98119999999986,80.45479999999912,124.98119999999986,2.0463954496088563,-50.95560000000009,6,0.6666666666666666,3.4527470974730194,80,74,0.925,30.00404472220373,anti_overfit_percent_wf,Anti-overfit top-trade-neutral walk-forward,top_trade_neutral_score,2025-10-01,2025-12-31,2026-01-01,2026-01-31
a=120s | move=0.7x percent_to_dollar sigma (63D)/2400s | hold=14400s | reversal | exit_by_midnight,120,0.7,2400,14400,63,percent_to_dollar,reversal,exit_by_midnight,4.002304558377409,302.27640000000076,3.9256675324675423,3.4325400802541246,0.0,-51.46360000000021,0.1038961038961039,0.11688311688311688,77,9,0.8888888888888888,33.58626666666675,6.87359609510397,4,5,0.11688311688311688,3,3,1.0,147.2624000000004,0.48717796030388094,90.47879999999998,0.2993247239943302,211.79760000000078,90.47879999999998,211.79760000000076,2.8801729583774076,-51.463600000000184,8,0.875,5.115483565082792,80,68,0.85,28.864804558377408,anti_overfit_percent_wf,Anti-overfit top-trade-neutral walk-forward,top_trade_neutral_score,2025-10-01,2025-12-31,2026-01-01,2026-01-31
a=180s | move=0.7x percent_to_dollar sigma (63D)/1800s | hold=14400s | reversal | exit_by_midnight,180,0.7,1800,14400,63,percent_to_dollar,reversal,exit_by_midnight,3.7458206165025585,223.43879999999893,2.9018025974025834,3.3107159065609566,10.9429057886812,-22.944399999999973,0.06493506493506493,0.09090909090909091,77,7,0.7142857142857143,31.919828571428422,10.738271647983321,3,4,0.09090909090909091,3,3,1.0,129.48800000000045,0.5795233415145493,72.486,0.3244109796508053,150.95279999999894,72.486,150.95279999999894,2.7390019226384728,-22.944399999999973,6,0.6666666666666666,7.579069402555376,80,68,0.85,28.608320616502557,anti_overfit_percent_wf,Anti-overfit top-trade-neutral walk-forward,top_trade_neutral_score,2025-10-01,2025-12-31,2026-01-01,2026-01-31
a=180s | move=0.7x percent_to_dollar sigma (63D)/2400s | hold=14400s | reversal | exit_by_midnight,180,0.7,2400,14400,63,percent_to_dollar,reversal,exit_by_midnight,4.529782363860378,302.29079999999857,3.925854545454527,3.824437711128455,7.373850938421686,-20.946800000000337,0.09090909090909091,0.11688311688311688,77,9,0.7777777777777778,33.58786666666651,15.431359443923549,4,5,0.11688311688311688,3,3,1.0,149.91839999999945,0.4959409945654984,87.47999999999986,0.28939021630827094,214.81079999999872,87.47999999999986,214.81079999999872,3.371107563860381,-20.946800000000366,8,0.75,11.255065212824091,80,63,0.7875,27.564157363860375,anti_overfit_percent_wf,Anti-overfit top-trade-neutral walk-forward,top_trade_neutral_score,2025-10-01,2025-12-31,2026-01-01,2026-01-31
a=90s | move=0.75x percent_to_dollar sigma (63D)/2400s | hold=14400s | reversal | exit_by_midnight,90,0.75,2400,14400,63,percent_to_dollar,reversal,exit_by_midnight,3.2631070738477392,222.24639999999917,2.8863168831168724,3.0024659588046756,0.0,-31.45559999999992,0.07792207792207792,0.09090909090909091,77,7,0.8571428571428571,31.74948571428559,8.065400119533301,3,4,0.09090909090909091,3,3,1.0,137.9091999999997,0.6205238870010952,90.47879999999998,0.40711030639866524,131.7675999999992,90.47879999999998,131.7675999999992,2.3767531188975606,-31.45559999999992,6,0.8333333333333334,5.18900291204092,80,65,0.8125,27.02873207384774,anti_overfit_percent_wf,Anti-overfit top-trade-neutral walk-forward,top_trade_neutral_score,2025-10-01,2025-12-31,2026-01-01,2026-01-31
a=90s | move=0.65x percent_to_dollar sigma (63D)/1800s | hold=14400s | reversal | exit_by_midnight,90,0.65,1800,14400,63,percent_to_dollar,reversal,exit_by_midnight,2.0221347759491954,175.42639999999759,2.278264935064904,2.3580894680020776,2.999195409203933,-39.778800000000416,0.06493506493506493,0.11688311688311688,77,9,0.5555555555555556,19.491822222221955,3.114518796376112,4,5,0.11688311688311688,2,3,0.6666666666666666,111.90279999999848,0.6378903061340826,85.48079999999955,0.4872744353187475,89.94559999999804,85.48079999999955,89.94559999999802,1.550895932038822,-39.778800000000416,8,0.5,2.0841678439010582,80,68,0.85,26.88463477594919,anti_overfit_percent_wf,Anti-overfit top-trade-neutral walk-forward,top_trade_neutral_score,2025-10-01,2025-12-31,2026-01-01,2026-01-31
a=90s | move=0.75x percent_to_dollar sigma (63D)/1800s | hold=14400s | reversal | exit_by_midnight,90,0.75,1800,14400,63,percent_to_dollar,reversal,exit_by_midnight,2.640834901106906,202.83279999999925,2.634192207792198,2.751470860228959,2.6929139904011183,-40.95079999999996,0.05194805194805195,0.07792207792207792,77,6,0.6666666666666666,33.80546666666654,5.953085165613213,3,3,0.07792207792207792,2,3,0.6666666666666666,130.48319999999956,0.6433042387621728,82.45559999999944,0.40652005001163394,120.37719999999982,82.45559999999944,120.37719999999982,2.0533995176872613,-40.950799999999944,5,0.6,3.9395567363762374,80,66,0.825,26.772084901106904,anti_overfit_percent_wf,Anti-overfit top-trade-neutral walk-forward,top_trade_neutral_score,2025-10-01,2025-12-31,2026-01-01,2026-01-31
a=120s | move=0.65x percent_to_dollar sigma (63D)/1800s | hold=14400s | reversal | exit_by_midnight,120,0.65,1800,14400,63,percent_to_dollar,reversal,exit_by_midnight,1.8826666312717701,181.4219999999992,2.35612987012986,2.262417595547106,3.116306893540335,-43.78280000000032,0.06493506493506493,0.11688311688311688,77,9,0.5555555555555556,20.157999999999912,2.951529624370658,4,5,0.11688311688311688,2,3,0.6666666666666666,116.9015999999996,0.6443628666865105,91.47839999999977,0.5042299169891202,89.94359999999944,91.47839999999977,89.94359999999946,1.4330068190284941,-43.78280000000032,8,0.5,1.9675100038724267,80,68,0.85,26.74516663127177,anti_overfit_percent_wf,Anti-overfit top-trade-neutral walk-forward,top_trade_neutral_score,2025-10-01,2025-12-31,2026-01-01,2026-01-31
a=90s | move=0.65x percent_to_dollar sigma (63D)/2400s | hold=14400s | reversal | exit_by_midnight,90,0.65,2400,14400,63,percent_to_dollar,reversal,exit_by_midnight,3.7689821243931885,251.77600000000103,3.269818181818195,3.246462914144236,2.0916841275756943,-59.54760000000003,0.1038961038961039,0.12987012987012986,77,10,0.8,25.1776000000001,3.9973190603853945,6,4,0.12987012987012986,3,3,1.0,137.27000000000027,0.5452068505338067,62.42040000000057,0.24792037366548167,189.35560000000046,62.42040000000057,189.35560000000044,2.6998185243931876,-59.54760000000003,9,0.7777777777777778,3.2542225989399745,80,62,0.775,26.437732124393186,anti_overfit_percent_wf,Anti-overfit top-trade-neutral walk-forward,top_trade_neutral_score,2025-10-01,2025-12-31,2026-01-01,2026-01-31
a=120s | move=0.75x percent_to_dollar sigma (63D)/1800s | hold=14400s | reversal | exit_by_midnight,120,0.75,1800,14400,63,percent_to_dollar,reversal,exit_by_midnight,2.293470741954552,178.82399999999907,2.3223896103895982,2.508647850219117,1.7400284826951977,-48.95399999999978,0.05194805194805195,0.07792207792207792,77,6,0.6666666666666666,29.803999999999842,4.652898639539062,3,3,0.07792207792207792,2,3,0.6666666666666666,112.47759999999957,0.6289849237238858,77.48399999999971,0.4332975439538323,101.33999999999936,77.48399999999971,101.33999999999935,1.7614565927128416,-48.953999999999766,5,0.6,3.0701066307144824,80,66,0.825,26.424720741954552,anti_overfit_percent_wf,Anti-overfit top-trade-neutral walk-forward,top_trade_neutral_score,2025-10-01,2025-12-31,2026-01-01,2026-01-31
a=90s | move=0.55x percent_to_dollar sigma (63D)/1200s | hold=14400s | reversal | exit_by_midnight,90,0.55,1200,14400,63,percent_to_dollar,reversal,exit_by_midnight,3.3307134337088526,228.3948000000009,2.9661662337662458,2.9429574049182854,3.489958510943413,-31.986399999999605,0.09090909090909091,0.14285714285714285,77,11,0.6363636363636364,20.763163636363718,3.5114336610146974,6,5,0.14285714285714285,3,3,1.0,123.89920000000032,0.5424782000290717,76.48439999999991,0.3348780269953589,151.910400000001,76.48439999999991,151.91040000000103,2.30887903370885,-31.986399999999605,10,0.6,2.670409711684361,80,63,0.7875,26.36508843370885,anti_overfit_percent_wf,Anti-overfit top-trade-neutral walk-forward,top_trade_neutral_score,2025-10-01,2025-12-31,2026-01-01,2026-01-31
a=120s | move=0.55x percent_to_dollar sigma (63D)/1200s | hold=14400s | reversal | exit_by_midnight,120,0.55,1200,14400,63,percent_to_dollar,reversal,exit_by_midnight,2.9378503407526475,221.3956000000009,2.8752675324675443,2.6940248662146504,3.511694561897968,-36.98600000000005,0.09090909090909091,0.14285714285714285,77,11,0.6363636363636364,20.12687272727281,3.2152851711026416,6,5,0.14285714285714285,3,3,1.0,127.89560000000026,0.5776790505321684,85.48079999999955,0.38609981408844257,135.91480000000138,85.48079999999955,135.91480000000135,2.000840889218103,-36.98600000000003,10,0.6,2.3599639783870243,80,63,0.7875,25.972225340752644,anti_overfit_percent_wf,Anti-overfit top-trade-neutral walk-forward,top_trade_neutral_score,2025-10-01,2025-12-31,2026-01-01,2026-01-31
a=120s | move=0.75x percent_to_dollar sigma (63D)/2400s | hold=14400s | reversal | exit_by_midnight,120,0.75,2400,14400,63,percent_to_dollar,reversal,exit_by_midnight,2.552073093082151,209.2511999999989,2.7175480519480377,2.7127104176638497,1.6965174258619284,-42.95640000000026,0.06493506493506493,0.09090909090909091,77,7,0.7142857142857143,29.893028571428413,5.871246193814933,3,4,0.09090909090909091,2,3,0.6666666666666666,140.91079999999982,0.6734049792784966,88.47959999999966,0.4228391521769057,120.77159999999924,88.47959999999966,120.77159999999924,2.000669391673705,-42.95640000000026,6,0.6666666666666666,3.8114925831772384,80,64,0.8,25.95207309308215,anti_overfit_percent_wf,Anti-overfit top-trade-neutral walk-forward,top_trade_neutral_score,2025-10-01,2025-12-31,2026-01-01,2026-01-31
a=90s | move=0.6x percent_to_dollar sigma (63D)/1800s | hold=14400s | reversal | exit_by_midnight,90,0.6,1800,14400,63,percent_to_dollar,reversal,exit_by_midnight,2.7386019628793274,209.7955999999991,2.7246181818181703,2.4713797346381376,5.587469107611136,-30.43600000000012,0.09090909090909091,0.15584415584415584,77,12,0.5833333333333334,17.482966666666595,2.83094554873659,6,6,0.15584415584415584,3,3,1.0,95.79079999999922,0.4565910819864651,79.48320000000002,0.37886018581896075,130.31239999999906,79.48320000000002,130.3123999999991,1.7800583022435497,-55.004,11,0.5454545454545454,2.137273177917843,80,62,0.775,25.407351962879325,anti_overfit_percent_wf,Anti-overfit top-trade-neutral walk-forward,top_trade_neutral_score,2025-10-01,2025-12-31,2026-01-01,2026-01-31
a=120s | move=0.6x percent_to_dollar sigma (63D)/1800s | hold=14400s | reversal | exit_by_midnight,120,0.6,1800,14400,63,percent_to_dollar,reversal,exit_by_midnight,2.500621158970072,202.78879999999697,2.63362077922074,2.341600065022672,3.529034204534716,-34.45680000000003,0.09090909090909091,0.15584415584415584,77,12,0.5833333333333334,16.899066666666414,2.6277431555559234,6,6,0.15584415584415584,3,3,1.0,82.16640000000017,0.4051821402365485,85.48079999999955,0.4215262381354435,117.30799999999742,85.48079999999955,117.30799999999743,1.60410663757166,-68.00800000000027,11,0.5454545454545454,1.9416067065437157,80,62,0.775,25.169371158970073,anti_overfit_percent_wf,Anti-overfit top-trade-neutral walk-forward,top_trade_neutral_score,2025-10-01,2025-12-31,2026-01-01,2026-01-31
a=180s | move=0.65x percent_to_dollar sigma (63D)/1800s | hold=14400s | reversal | exit_by_midnight,180,0.65,1800,14400,63,percent_to_dollar,reversal,exit_by_midnight,1.6700125864715507,162.40879999999873,2.1092051948051784,2.059310708131623,2.649737964686045,-56.78040000000061,0.06493506493506493,0.11688311688311688,77,9,0.5555555555555556,18.045422222222083,2.6578145798116446,4,5,0.11688311688311688,2,3,0.6666666666666666,99.90040000000015,0.6151169148469844,82.48200000000014,0.5078665688066212,79.9267999999986,82.48200000000014,79.9267999999986,1.2341769992117582,-56.7804000000006,8,0.5,1.815865977445109,80,64,0.8,25.07001258647155,anti_overfit_percent_wf,Anti-overfit top-trade-neutral walk-forward,top_trade_neutral_score,2025-10-01,2025-12-31,2026-01-01,2026-01-31
a=120s | move=0.65x percent_to_dollar sigma (63D)/2400s | hold=14400s | reversal | exit_by_midnight,120,0.65,2400,14400,63,percent_to_dollar,reversal,exit_by_midnight,2.6691264068263627,217.77080000000421,2.8281922077922625,2.6352072114077476,4.507379997231706,-61.54840000000034,0.1038961038961039,0.12987012987012986,77,10,0.8,21.77708000000042,2.997706640834282,6,4,0.12987012987012986,2,3,0.6666666666666666,142.26840000000215,0.6532941973855053,69.4216000000013,0.3187828671245179,148.3492000000029,69.4216000000013,148.34920000000292,2.0114470548654864,-61.54840000000034,9,0.7777777777777778,2.360871990195437,80,61,0.7625,24.97225140682636,anti_overfit_percent_wf,Anti-overfit top-trade-neutral walk-forward,top_trade_neutral_score,2025-10-01,2025-12-31,2026-01-01,2026-01-31
a=90s | move=0.7x percent_to_dollar sigma (63D)/2400s | hold=21600s | reversal | exit_by_midnight,90,0.7,2400,21600,63,percent_to_dollar,reversal,exit_by_midnight,5.4435618355600806,464.7888000000016,6.036218181818202,4.402150990199007,0.0,-21.451599999999758,0.09090909090909091,0.1038961038961039,77,8,0.875,58.09860000000019,22.666859348486074,4,4,0.1038961038961039,3,3,1.0,239.91280000000143,0.5161759491622875,101.43520000000062,0.2182393379530666,363.35360000000094,101.43520000000062,363.353600000001,3.9883062355600782,-21.451599999999758,7,0.8571428571428571,17.93829830875025,53,52,0.9811320754716981,24.8699769298997,anti_overfit_percent_wf,Anti-overfit top-trade-neutral walk-forward,top_trade_neutral_score,2025-10-01,2025-12-31,2026-01-01,2026-01-31
a=180s | move=0.65x percent_to_dollar sigma (63D)/2400s | hold=14400s | reversal | exit_by_midnight,180,0.65,2400,14400,63,percent_to_dollar,reversal,exit_by_midnight,3.731012901913834,265.7759999999996,3.4516363636363585,3.22204167393899,1.5781754156532863,-62.54880000000014,0.1038961038961039,0.12987012987012986,77,10,0.8,26.57759999999997,4.497181475106911,6,4,0.12987012987012986,3,3,1.0,144.2571999999996,0.5427773764373,71.5316000000002,0.26914243573535723,194.24439999999942,71.5316000000002,194.24439999999944,2.6550729019138353,-62.54880000000014,9,0.7777777777777778,3.555941534688064,80,57,0.7125,24.57163790191383,anti_overfit_percent_wf,Anti-overfit top-trade-neutral walk-forward,top_trade_neutral_score,2025-10-01,2025-12-31,2026-01-01,2026-01-31
a=180s | move=0.7x percent_to_dollar sigma (63D)/2400s | hold=21600s | reversal | exit_by_midnight,180,0.7,2400,21600,63,percent_to_dollar,reversal,exit_by_midnight,5.3529759727156625,440.78799999999995,5.72451948051948,4.356030510435779,0.0,-16.449600000000032,0.09090909090909091,0.1038961038961039,77,8,0.875,55.098499999999994,27.796274681449436,4,4,0.1038961038961039,3,3,1.0,235.9184000000001,0.5352196520776431,93.42079999999937,0.21194043395010614,347.3672000000006,93.42079999999937,347.36720000000054,3.924691172715661,-16.449600000000032,7,0.8571428571428571,22.11706059721679,53,50,0.9433962264150944,24.03222125573453,anti_overfit_percent_wf,Anti-overfit top-trade-neutral walk-forward,top_trade_neutral_score,2025-10-01,2025-12-31,2026-01-01,2026-01-31
a=180s | move=0.7x percent_to_dollar sigma (63D)/1800s | hold=21600s | reversal | exit_by_midnight,180,0.7,1800,21600,63,percent_to_dollar,reversal,exit_by_midnight,4.1970915419853405,254.9344000000003,3.3108363636363674,3.6160145997305064,0.0,-14.44879999999975,0.06493506493506493,0.07792207792207792,77,6,0.8333333333333334,42.489066666666716,18.643984275509812,3,3,0.07792207792207792,3,3,1.0,130.48800000000097,0.5118493228061839,72.486,0.28433196932230376,182.44840000000028,72.486,182.44840000000028,3.0966435419853395,-14.44879999999975,5,0.8,13.627235479762327,53,53,1.0,23.997091541985338,anti_overfit_percent_wf,Anti-overfit top-trade-neutral walk-forward,top_trade_neutral_score,2025-10-01,2025-12-31,2026-01-01,2026-01-31
a=180s | move=0.6x percent_to_dollar sigma (63D)/1800s | hold=14400s | reversal | exit_by_midnight,180,0.6,1800,14400,63,percent_to_dollar,reversal,exit_by_midnight,2.3937527503639067,195.78919999999908,2.542716883116871,2.2575729355714778,3.88798069019503,-42.459999999999866,0.1038961038961039,0.15584415584415584,77,12,0.6666666666666666,16.31576666666659,2.5535767563209464,6,6,0.15584415584415584,3,3,1.0,75.77920000000037,0.38704484210569695,83.48159999999994,0.42638511215123376,112.30759999999914,83.48159999999994,112.30759999999916,1.5188863844773335,-77.0131999999999,11,0.6363636363636364,1.8911547568414864,80,59,0.7375,23.965627750363904,anti_overfit_percent_wf,Anti-overfit top-trade-neutral walk-forward,top_trade_neutral_score,2025-10-01,2025-12-31,2026-01-01,2026-01-31
a=120s | move=0.7x percent_to_dollar sigma (63D)/2400s | hold=21600s | reversal | exit_by_midnight,120,0.7,2400,21600,63,percent_to_dollar,reversal,exit_by_midnight,4.866161773740978,441.77719999999977,5.737366233766231,3.964441458801378,0.0,-51.46360000000021,0.09090909090909091,0.1038961038961039,77,8,0.875,55.22214999999997,9.58426538368844,4,4,0.1038961038961039,3,3,1.0,219.9055999999997,0.49777489648628276,98.4355999999998,0.22281729342301923,343.34159999999997,98.4355999999998,343.34159999999997,3.480942173740978,-51.46360000000021,7,0.8571428571428571,7.671542604870063,53,51,0.9622641509433962,23.918991962420222,anti_overfit_percent_wf,Anti-overfit top-trade-neutral walk-forward,top_trade_neutral_score,2025-10-01,2025-12-31,2026-01-01,2026-01-31
a=180s | move=0.55x percent_to_dollar sigma (63D)/1200s | hold=14400s | reversal | exit_by_midnight,180,0.55,1200,14400,63,percent_to_dollar,reversal,exit_by_midnight,2.7070750685108598,213.39239999999825,2.7713298701298474,2.484779594377828,2.7898279750991,-45.99039999999965,0.09090909090909091,0.14285714285714285,77,11,0.6363636363636364,19.399309090908933,2.9768513028784493,6,5,0.14285714285714285,3,3,1.0,124.8967999999987,0.5852916973612918,81.48239999999963,0.3818430272118421,131.9099999999986,81.48239999999963,131.9099999999986,1.7895965119407125,-45.99039999999965,10,0.6,2.2220044170396642,80,58,0.725,23.913325068510858,anti_overfit_percent_wf,Anti-overfit top-trade-neutral walk-forward,top_trade_neutral_score,2025-10-01,2025-12-31,2026-01-01,2026-01-31
a=90s | move=0.7x percent_to_dollar sigma (63D)/1800s | hold=21600s | reversal | exit_by_midnight,90,0.7,1800,21600,63,percent_to_dollar,reversal,exit_by_midnight,4.078777650919761,264.931999999999,3.4406753246753117,3.51515979591365,0.0,-26.453600000000193,0.06493506493506493,0.07792207792207792,77,6,0.8333333333333334,44.155333333333175,11.014969607160689,3,3,0.07792207792207792,3,3,1.0,127.47880000000015,0.48117554693280024,82.48200000000014,0.3113327193393039,182.44999999999885,82.48200000000014,182.44999999999885,2.990331250919764,-26.453600000000193,5,0.8,7.896981885262861,53,53,1.0,23.87877765091976,anti_overfit_percent_wf,Anti-overfit top-trade-neutral walk-forward,top_trade_neutral_score,2025-10-01,2025-12-31,2026-01-01,2026-01-31
a=120s | move=0.7x percent_to_dollar sigma (63D)/1800s | hold=21600s | reversal | exit_by_midnight,120,0.7,1800,21600,63,percent_to_dollar,reversal,exit_by_midnight,3.5391267335025813,244.93159999999943,3.1809298701298627,3.117896037113113,0.0,-42.459999999999866,0.06493506493506493,0.07792207792207792,77,6,0.8333333333333334,40.82193333333324,6.768525671219818,3,3,0.07792207792207792,3,3,1.0,119.47800000000032,0.48780149233500536,82.45480000000015,0.33664418964315074,162.4767999999993,82.45480000000015,162.4767999999993,2.5066331335025827,-42.459999999999866,5,0.8,4.826585021196302,53,53,1.0,23.339126733502578,anti_overfit_percent_wf,Anti-overfit top-trade-neutral walk-forward,top_trade_neutral_score,2025-10-01,2025-12-31,2026-01-01,2026-01-31
a=180s | move=0.65x percent_to_dollar sigma (63D)/1200s | hold=21600s | reversal | exit_by_midnight,180,0.65,1200,21600,63,percent_to_dollar,reversal,exit_by_midnight,3.318871935659201,199.53480000000047,2.591361038961045,3.081058931473695,0.0,-13.448399999999936,0.05194805194805195,0.06493506493506493,77,5,0.8,39.9069600000001,15.837066119388588,3,2,0.06493506493506493,3,3,1.0,137.4908000000003,0.6890567459911753,78.45320000000022,0.3931805379312282,121.08160000000025,78.45320000000022,121.08160000000024,2.476835098601003,-13.448399999999936,4,0.75,10.00342048124615,53,53,1.0,23.118871935659197,anti_overfit_percent_wf,Anti-overfit top-trade-neutral walk-forward,top_trade_neutral_score,2025-10-01,2025-12-31,2026-01-01,2026-01-31
a=90s | move=0.65x percent_to_dollar sigma (63D)/1200s | hold=21600s | reversal | exit_by_midnight,90,0.65,1200,21600,63,percent_to_dollar,reversal,exit_by_midnight,3.0280460143581234,203.52719999999968,2.6432103896103856,2.882821024336537,0.0,-25.453199999999697,0.05194805194805195,0.06493506493506493,77,5,0.8,40.70543999999993,8.996134081372604,3,2,0.06493506493506493,3,3,1.0,137.479600000001,0.6754851440004148,86.48040000000006,0.42490831692275133,117.04679999999962,86.48040000000006,117.04679999999959,2.2197007100504984,-25.453199999999683,4,0.75,5.598510206967904,53,53,1.0,22.828046014358122,anti_overfit_percent_wf,Anti-overfit top-trade-neutral walk-forward,top_trade_neutral_score,2025-10-01,2025-12-31,2026-01-01,2026-01-31
a=90s | move=0.55x percent_to_dollar sigma (63D)/1200s | hold=21600s | reversal | exit_by_midnight,90,0.55,1200,21600,63,percent_to_dollar,reversal,exit_by_midnight,4.456925218975192,277.355200000001,3.6020155844155974,3.8124663369159437,0.0,-29.454799999999608,0.07792207792207792,0.09090909090909091,77,7,0.8571428571428571,39.62217142857157,10.416298871491044,4,3,0.09090909090909091,3,3,1.0,143.89920000000063,0.5188264002261365,76.48439999999991,0.2757633532740675,200.87080000000108,76.48439999999991,200.87080000000108,3.334638418975189,-29.454799999999608,6,0.8333333333333334,7.819628719257846,53,49,0.9245283018867925,22.762585596333683,anti_overfit_percent_wf,Anti-overfit top-trade-neutral walk-forward,top_trade_neutral_score,2025-10-01,2025-12-31,2026-01-01,2026-01-31
a=90s | move=0.65x percent_to_dollar sigma (63D)/2400s | hold=21600s | reversal | exit_by_midnight,90,0.65,2400,21600,63,percent_to_dollar,reversal,exit_by_midnight,4.304243419922488,316.7964000000012,4.114238961038977,3.6274972399415657,0.0,-24.45279999999991,0.09090909090909091,0.1038961038961039,77,8,0.875,39.59955000000014,13.955424327683893,4,4,0.1038961038961039,3,3,1.0,174.27000000000072,0.5501009481168349,99.43440000000031,0.3138747788800628,217.36200000000088,99.43440000000031,217.36200000000085,3.144047931010112,-24.452799999999883,7,0.8571428571428571,9.88904338153471,53,49,0.9245283018867925,22.609903797280978,anti_overfit_percent_wf,Anti-overfit top-trade-neutral walk-forward,top_trade_neutral_score,2025-10-01,2025-12-31,2026-01-01,2026-01-31
a=120s | move=0.55x percent_to_dollar sigma (63D)/1200s | hold=21600s | reversal | exit_by_midnight,120,0.55,1200,21600,63,percent_to_dollar,reversal,exit_by_midnight,4.263345955186665,276.3511999999998,3.5889766233766207,3.648473193239008,0.0,-31.45559999999992,0.07792207792207792,0.09090909090909091,77,7,0.8571428571428571,39.47874285714283,9.785437251236369,4,3,0.09090909090909091,3,3,1.0,152.89560000000026,0.5532655548447062,85.48079999999955,0.3093194456908442,190.87040000000025,85.48079999999955,190.87040000000025,3.1655099213201945,-31.45559999999992,6,0.8333333333333334,7.067930670532232,53,49,0.9245283018867925,22.569006332545154,anti_overfit_percent_wf,Anti-overfit top-trade-neutral walk-forward,top_trade_neutral_score,2025-10-01,2025-12-31,2026-01-01,2026-01-31
a=90s | move=0.65x percent_to_dollar sigma (63D)/1800s | hold=21600s | reversal | exit_by_midnight,90,0.65,1800,21600,63,percent_to_dollar,reversal,exit_by_midnight,2.768360091117492,209.36039999999892,2.7189662337662197,2.585808167691823,2.4298070408635057,-51.57520000000091,0.06493506493506493,0.09090909090909091,77,7,0.7142857142857143,29.908628571428416,3.6831170029526565,3,4,0.09090909090909091,3,3,1.0,79.90279999999913,0.38165192653433766,85.48079999999955,0.4082949784199877,123.87959999999937,85.48079999999955,123.87959999999936,1.8658973249324846,-51.57520000000091,6,0.6666666666666666,2.5876138041337944,53,53,1.0,22.56836009111749,anti_overfit_percent_wf,Anti-overfit top-trade-neutral walk-forward,top_trade_neutral_score,2025-10-01,2025-12-31,2026-01-01,2026-01-31
a=90s | move=0.6x percent_to_dollar sigma (63D)/1200s | hold=21600s | reversal | exit_by_midnight,90,0.6,1200,21600,63,percent_to_dollar,reversal,exit_by_midnight,3.1111398184886876,198.52720000000068,2.5782753246753334,2.9117559252873315,0.0,-29.454799999999608,0.05194805194805195,0.06493506493506493,77,5,0.8,39.70544000000013,7.740062740198392,3,2,0.06493506493506493,3,3,1.0,119.47320000000033,0.6017976378047941,85.48079999999955,0.43057475247723864,113.04640000000113,85.48079999999955,113.04640000000111,2.2637811112002093,-29.4547999999996,4,0.75,4.837961894156396,53,52,0.9811320754716981,22.53755491282831,anti_overfit_percent_wf,Anti-overfit top-trade-neutral walk-forward,top_trade_neutral_score,2025-10-01,2025-12-31,2026-01-01,2026-01-31
a=120s | move=0.65x percent_to_dollar sigma (63D)/1800s | hold=21600s | reversal | exit_by_midnight,120,0.65,1800,21600,63,percent_to_dollar,reversal,exit_by_midnight,2.717687480757072,221.35399999999936,2.8747272727272644,2.533576456015284,4.0039623790050936,-50.5752000000004,0.06493506493506493,0.09090909090909091,77,7,0.7142857142857143,31.621999999999908,3.6031846834132404,3,4,0.09090909090909091,3,3,1.0,89.90159999999999,0.4061440046260752,91.47839999999977,0.41326743587195186,129.8755999999996,91.47839999999977,129.87559999999957,1.8059620576610371,-50.5752000000004,6,0.6666666666666666,2.5273732241979063,53,53,1.0,22.51768748075707,anti_overfit_percent_wf,Anti-overfit top-trade-neutral walk-forward,top_trade_neutral_score,2025-10-01,2025-12-31,2026-01-01,2026-01-31
a=180s | move=0.65x percent_to_dollar sigma (63D)/1800s | hold=21600s | reversal | exit_by_midnight,180,0.65,1800,21600,63,percent_to_dollar,reversal,exit_by_midnight,2.573605997015563,199.34199999999947,2.588857142857136,2.4156946373102355,4.43026029143183,-47.575600000000286,0.06493506493506493,0.09090909090909091,77,7,0.7142857142857143,28.477428571428497,3.430039837917644,3,4,0.09090909090909091,3,3,1.0,84.83199999999916,0.42556009270499634,82.48200000000014,0.4137713076020124,116.85999999999933,82.48200000000014,116.85999999999933,1.685290077717074,-47.575600000000286,6,0.6666666666666666,2.4245590766574727,53,53,1.0,22.37360599701556,anti_overfit_percent_wf,Anti-overfit top-trade-neutral walk-forward,top_trade_neutral_score,2025-10-01,2025-12-31,2026-01-01,2026-01-31
a=120s | move=0.6x percent_to_dollar sigma (63D)/1200s | hold=21600s | reversal | exit_by_midnight,120,0.6,1200,21600,63,percent_to_dollar,reversal,exit_by_midnight,2.881655524407366,200.51880000000025,2.604140259740263,2.776484771183547,0.0,-33.45639999999952,0.05194805194805195,0.06493506493506493,77,5,0.8,40.10376000000005,6.993436233426075,3,2,0.06493506493506493,3,3,1.0,125.47080000000054,0.6257308541642997,91.47839999999977,0.45620859490481513,109.04040000000049,91.47839999999977,109.04040000000049,2.0834857112092005,-33.45639999999952,4,0.75,4.259179110723144,53,52,0.9811320754716981,22.30807061874699,anti_overfit_percent_wf,Anti-overfit top-trade-neutral walk-forward,top_trade_neutral_score,2025-10-01,2025-12-31,2026-01-01,2026-01-31
a=90s | move=0.65x percent_to_dollar sigma (63D)/2400s | hold=7200s | reversal | exit_by_midnight,90,0.65,2400,7200,63,percent_to_dollar,reversal,exit_by_midnight,2.4931827895283596,157.77600000000265,2.0490389610389954,2.4381169114607655,0.7784239998469169,-59.54760000000003,0.1038961038961039,0.12987012987012986,77,10,0.8,15.777600000000266,3.6295824694502006,6,4,0.12987012987012986,3,3,1.0,63.133200000000684,0.4001445086705178,68.41799999999938,0.4336400973531984,89.35800000000327,68.41799999999938,89.3580000000033,1.6867444625432517,-59.54760000000003,9,0.7777777777777778,2.4892900713995445,80,54,0.675,22.236932789528357,anti_overfit_percent_wf,Anti-overfit top-trade-neutral walk-forward,top_trade_neutral_score,2025-10-01,2025-12-31,2026-01-01,2026-01-31
a=120s | move=0.55x percent_to_dollar sigma (63D)/900s | hold=14400s | reversal | exit_by_midnight,120,0.55,900,14400,63,percent_to_dollar,reversal,exit_by_midnight,4.610842810219681,315.92520000000064,4.102924675324684,3.887336958263734,0.0,-21.451599999999786,0.09090909090909091,0.1038961038961039,77,8,0.875,39.49065000000008,15.727349008931188,4,4,0.1038961038961039,3,3,1.0,136.48200000000048,0.4320073232524667,84.48119999999975,0.26740886766867467,231.4440000000009,84.48119999999975,231.4440000000009,3.419406410219678,-21.45159999999977,7,0.8571428571428571,11.78912528669151,53,47,0.8867924528301887,22.169333376257416,anti_overfit_percent_wf,Anti-overfit top-trade-neutral walk-forward,top_trade_neutral_score,2025-10-01,2025-12-31,2026-01-01,2026-01-31
a=60s | move=0.7x percent_to_dollar sigma (63D)/1800s | hold=14400s | reversal | exit_by_midnight,60,0.7,1800,14400,63,percent_to_dollar,reversal,exit_by_midnight,3.469356438376949,225.43919999999855,2.927781818181799,3.105728035228733,2.8628409875418606,-37.95120000000054,0.06493506493506493,0.09090909090909091,77,7,0.7142857142857143,32.20559999999979,6.940239043824395,3,4,0.09090909090909091,3,3,1.0,128.48039999999924,0.569911532688193,81.48239999999963,0.36143847210245666,143.9567999999989,81.48239999999963,143.9567999999989,2.4929065419699388,-37.95120000000054,6,0.6666666666666666,4.793208119901138,53,50,0.9433962264150944,22.148601721395817,anti_overfit_percent_wf,Anti-overfit top-trade-neutral walk-forward,top_trade_neutral_score,2025-10-01,2025-12-31,2026-01-01,2026-01-31
a=120s | move=0.65x percent_to_dollar sigma (63D)/1200s | hold=21600s | reversal | exit_by_midnight,120,0.65,1200,21600,63,percent_to_dollar,reversal,exit_by_midnight,2.2092143774117967,157.5228000000003,2.045750649350653,2.2911239105870824,0.0,-49.46279999999989,0.05194805194805195,0.06493506493506493,77,5,0.8,31.504560000000062,4.184672117227421,3,2,0.06493506493506493,3,3,1.0,99.47400000000003,0.6314895367527739,74.48519999999961,0.4728534535952857,83.0376000000007,74.48519999999961,83.03760000000068,1.4958592201728396,-49.46279999999989,4,0.75,2.6787889080278147,53,53,1.0,22.009214377411794,anti_overfit_percent_wf,Anti-overfit top-trade-neutral walk-forward,top_trade_neutral_score,2025-10-01,2025-12-31,2026-01-01,2026-01-31
a=90s | move=0.6x percent_to_dollar sigma (63D)/1800s | hold=21600s | reversal | exit_by_midnight,90,0.6,1800,21600,63,percent_to_dollar,reversal,exit_by_midnight,2.573423029648361,234.2348,3.0420103896103896,2.3770904483381123,4.376606065239239,-49.57639999999989,0.07792207792207792,0.11688311688311688,77,9,0.6666666666666666,26.02608888888889,2.91086666383857,4,5,0.11688311688311688,3,3,1.0,130.7908000000008,0.5583747590025085,96.4352000000002,0.41170312865552083,137.79959999999983,96.4352000000002,137.79959999999983,1.6499586453918835,-49.576399999999886,8,0.625,2.1241568798926895,53,52,0.9811320754716981,21.99983812398798,anti_overfit_percent_wf,Anti-overfit top-trade-neutral walk-forward,top_trade_neutral_score,2025-10-01,2025-12-31,2026-01-01,2026-01-31
a=90s | move=0.55x percent_to_dollar sigma (63D)/900s | hold=14400s | reversal | exit_by_midnight,90,0.55,900,14400,63,percent_to_dollar,reversal,exit_by_midnight,4.368690603057907,298.9224000000005,3.8821090909090974,3.7217418228770742,0.0,-34.456800000000044,0.09090909090909091,0.1038961038961039,77,8,0.875,37.36530000000006,9.675280351047993,4,4,0.1038961038961039,3,3,1.0,113.47639999999937,0.37961825544020517,79.48320000000002,0.2658991096016889,219.43920000000048,79.48320000000002,219.43920000000045,3.2142690030579057,-34.45680000000003,7,0.8571428571428571,7.368531030159297,53,47,0.8867924528301887,21.927181169095643,anti_overfit_percent_wf,Anti-overfit top-trade-neutral walk-forward,top_trade_neutral_score,2025-10-01,2025-12-31,2026-01-01,2026-01-31
a=180s | move=0.65x percent_to_dollar sigma (63D)/2400s | hold=21600s | reversal | exit_by_midnight,180,0.65,2400,21600,63,percent_to_dollar,reversal,exit_by_midnight,4.345465042217803,311.7931999999986,4.049262337662319,3.655229003153845,0.0,-13.448399999999936,0.09090909090909091,0.1038961038961039,77,8,0.875,38.97414999999983,24.184408554175647,4,4,0.1038961038961039,3,3,1.0,171.25719999999922,0.5492653463898507,97.4359999999993,0.31250200453377347,214.3571999999993,97.4359999999993,214.3571999999993,3.180199042217805,-13.448399999999936,7,0.8571428571428571,16.93923440706577,53,47,0.8867924528301887,21.90395560825554,anti_overfit_percent_wf,Anti-overfit top-trade-neutral walk-forward,top_trade_neutral_score,2025-10-01,2025-12-31,2026-01-01,2026-01-31
a=60s | move=0.7x percent_to_dollar sigma (63D)/2400s | hold=14400s | reversal | exit_by_midnight,60,0.7,2400,14400,63,percent_to_dollar,reversal,exit_by_midnight,4.316701030712521,304.2919999999996,3.9518441558441504,3.6713933987871634,3.0634903750883327,-39.953600000000165,0.09090909090909091,0.11688311688311688,77,9,0.7777777777777778,33.81022222222217,8.616134716270622,4,5,0.11688311688311688,3,3,1.0,146.90959999999933,0.48279152918906687,90.47879999999998,0.2973420267374762,213.8131999999996,90.47879999999998,213.81319999999963,3.179028230712522,-39.953600000000165,8,0.75,6.351537783829055,53,47,0.8867924528301887,21.875191596750255,anti_overfit_percent_wf,Anti-overfit top-trade-neutral walk-forward,top_trade_neutral_score,2025-10-01,2025-12-31,2026-01-01,2026-01-31
a=120s | move=0.6x percent_to_dollar sigma (63D)/1800s | hold=21600s | reversal | exit_by_midnight,120,0.6,1800,21600,63,percent_to_dollar,reversal,exit_by_midnight,2.3994495315312396,223.22840000000005,2.8990701298701307,2.231483771417033,4.837271252294811,-52.5744,0.07792207792207792,0.11688311688311688,77,9,0.6666666666666666,24.803155555555563,2.646440835978691,4,5,0.11688311688311688,3,3,1.0,115.78359999999951,0.518677730969713,94.43479999999988,0.4230411542617331,128.79360000000017,94.43479999999988,128.7936000000002,1.4992175972275394,-52.5744,8,0.625,1.9499286043026096,53,52,0.9811320754716981,21.82586462587086,anti_overfit_percent_wf,Anti-overfit top-trade-neutral walk-forward,top_trade_neutral_score,2025-10-01,2025-12-31,2026-01-01,2026-01-31
a=180s | move=0.55x percent_to_dollar sigma (63D)/1200s | hold=21600s | reversal | exit_by_midnight,180,0.55,1200,21600,63,percent_to_dollar,reversal,exit_by_midnight,3.746833973232669,252.34719999999814,3.2772363636363395,3.2986308748172157,0.0,-41.45960000000005,0.07792207792207792,0.09090909090909091,77,7,0.8571428571428571,36.049599999999735,7.086580671303888,4,3,0.09090909090909091,3,3,1.0,147.8967999999991,0.5860845691967266,81.48239999999963,0.32289797548774163,170.86479999999852,81.48239999999963,170.86479999999852,2.723627400130217,-41.45960000000005,6,0.8333333333333334,5.121236094897036,53,48,0.9056603773584906,21.678909444930778,anti_overfit_percent_wf,Anti-overfit top-trade-neutral walk-forward,top_trade_neutral_score,2025-10-01,2025-12-31,2026-01-01,2026-01-31
a=120s | move=0.5x percent_to_dollar sigma (63D)/1200s | hold=14400s | reversal | exit_by_midnight,120,0.5,1200,14400,63,percent_to_dollar,reversal,exit_by_midnight,1.7687541980898862,157.30759999999958,2.0429558441558386,1.8886461989143437,3.5641447408149056,-52.640000000000995,0.07792207792207792,0.19480519480519481,77,15,0.4,10.487173333333306,2.0242580510736707,9,6,0.19480519480519481,3,3,1.0,77.25599999999957,0.49111422461470255,83.48159999999994,0.5306901891580582,73.82599999999964,83.48159999999994,73.82599999999964,1.0592598399584316,-52.640000000000995,14,0.35714285714285715,1.480694352202717,80,54,0.675,21.512504198089886,anti_overfit_percent_wf,Anti-overfit top-trade-neutral walk-forward,top_trade_neutral_score,2025-10-01,2025-12-31,2026-01-01,2026-01-31
a=120s | move=0.65x percent_to_dollar sigma (63D)/2400s | hold=21600s | reversal | exit_by_midnight,120,0.65,2400,21600,63,percent_to_dollar,reversal,exit_by_midnight,3.556644581434649,283.7904000000021,3.6855896103896373,3.148076751963376,0.0,-47.46199999999959,0.09090909090909091,0.1038961038961039,77,8,0.875,35.47380000000026,6.979318191395172,4,4,0.1038961038961039,3,3,1.0,175.26840000000055,0.6175980582852671,101.43520000000062,0.3574299905846,182.35520000000145,101.43520000000062,182.35520000000142,2.5456672180870457,-47.46199999999956,7,0.8571428571428571,4.842130546542459,53,48,0.9056603773584906,21.48872005313276,anti_overfit_percent_wf,Anti-overfit top-trade-neutral walk-forward,top_trade_neutral_score,2025-10-01,2025-12-31,2026-01-01,2026-01-31
a=180s | move=0.6x percent_to_dollar sigma (63D)/1200s | hold=21600s | reversal | exit_by_midnight,180,0.6,1200,21600,63,percent_to_dollar,reversal,exit_by_midnight,2.435216104380608,171.52120000000104,2.2275480519480655,2.5125910688465583,0.0,-39.45879999999974,0.05194805194805195,0.06493506493506493,77,5,0.8,34.30424000000021,5.346842782851907,3,2,0.06493506493506493,3,3,1.0,114.4736000000006,0.6674020470938864,82.48200000000014,0.48088516171761647,89.0392000000009,82.48200000000014,89.03920000000092,1.7328119109892333,-39.45879999999974,4,0.75,3.256510588259102,53,51,0.9622641509433962,21.488046293059853,anti_overfit_percent_wf,Anti-overfit top-trade-neutral walk-forward,top_trade_neutral_score,2025-10-01,2025-12-31,2026-01-01,2026-01-31
a=180s | move=0.6x percent_to_dollar sigma (63D)/1800s | hold=21600s | reversal | exit_by_midnight,180,0.6,1800,21600,63,percent_to_dollar,reversal,exit_by_midnight,2.289163486439457,219.22839999999871,2.8471220779220614,2.1620027284520518,8.134299839868907,-53.553199999999805,0.07792207792207792,0.11688311688311688,77,9,0.6666666666666666,24.35871111111097,2.516223984773298,4,5,0.11688311688311688,3,3,1.0,110.77920000000051,0.5053140925172157,96.4340000000009,0.4398791397464994,122.79439999999781,96.4340000000009,122.79439999999785,1.414537241249335,-53.5531999999998,8,0.625,1.8492686826882077,53,51,0.9622641509433962,21.3419936751187,anti_overfit_percent_wf,Anti-overfit top-trade-neutral walk-forward,top_trade_neutral_score,2025-10-01,2025-12-31,2026-01-01,2026-01-31
a=120s | move=0.55x percent_to_dollar sigma (63D)/1800s | hold=21600s | reversal | exit_by_midnight,120,0.55,1800,21600,63,percent_to_dollar,reversal,exit_by_midnight,2.9844374015709874,244.66839999999956,3.1775116883116827,2.639717867133648,3.1499457391040204,-52.57679999999999,0.09090909090909091,0.12987012987012986,77,10,0.7,24.466839999999955,3.0809099692458224,5,5,0.12987012987012986,3,3,1.0,140.22520000000054,0.573123460160776,84.48119999999975,0.34528856198838875,160.18719999999982,84.48119999999975,160.18719999999982,1.98398239669157,-65.00079999999942,9,0.6666666666666666,2.3623955583376275,53,49,0.9245283018867925,21.290097778929475,anti_overfit_percent_wf,Anti-overfit top-trade-neutral walk-forward,top_trade_neutral_score,2025-10-01,2025-12-31,2026-01-01,2026-01-31
a=90s | move=0.55x percent_to_dollar sigma (63D)/1800s | hold=21600s | reversal | exit_by_midnight,90,0.55,1800,21600,63,percent_to_dollar,reversal,exit_by_midnight,2.728579491223205,217.67199999999855,2.826909090909072,2.409771536850983,3.276362586388781,-59.57400000000074,0.09090909090909091,0.12987012987012986,77,10,0.7,21.767199999999857,2.6543241402791535,5,5,0.12987012987012986,3,3,1.0,111.22519999999919,0.5109761475982209,76.48439999999991,0.35137454518725614,141.18759999999864,76.48439999999991,141.1875999999986,1.7568092001136508,-72.00360000000016,9,0.6666666666666666,2.0730367478962646,53,49,0.9245283018867925,21.034239868581693,anti_overfit_percent_wf,Anti-overfit top-trade-neutral walk-forward,top_trade_neutral_score,2025-10-01,2025-12-31,2026-01-01,2026-01-31
a=180s | move=0.75x percent_to_dollar sigma (63D)/1800s | hold=21600s | reversal | exit_by_midnight,180,0.75,1800,21600,63,percent_to_dollar,reversal,exit_by_midnight,3.020720219523932,195.32680000000124,2.5367116883117045,3.0238268093416045,0.0,-18.45039999999966,0.05194805194805195,0.06493506493506493,77,5,0.8,39.06536000000025,11.586588908641183,3,2,0.06493506493506493,2,3,0.6666666666666666,127.48680000000085,0.6526846290422003,73.45120000000051,0.3760426116641446,121.87560000000073,73.45120000000051,121.87560000000074,2.3919648500536894,-18.45039999999966,4,0.75,7.605580366821067,53,48,0.9056603773584906,20.95279569122204,anti_overfit_percent_wf,Anti-overfit top-trade-neutral walk-forward,top_trade_neutral_score,2025-10-01,2025-12-31,2026-01-01,2026-01-31
a=90s | move=0.6x percent_to_dollar sigma (63D)/900s | hold=14400s | reversal | exit_by_midnight,90,0.6,900,14400,63,percent_to_dollar,reversal,exit_by_midnight,3.285172815512104,214.90039999999942,2.7909142857142784,2.996229291332771,3.9257080222281564,-36.48279999999991,0.07792207792207792,0.1038961038961039,77,8,0.75,26.862549999999928,6.248078068984221,3,5,0.1038961038961039,3,3,1.0,128.48119999999994,0.5978639406906655,80.48279999999983,0.3745120995586795,134.4175999999996,80.48279999999983,134.4175999999996,2.3571024456991134,-36.48279999999991,7,0.7142857142857143,4.28260933272107,53,47,0.8867924528301887,20.84366338154984,anti_overfit_percent_wf,Anti-overfit top-trade-neutral walk-forward,top_trade_neutral_score,2025-10-01,2025-12-31,2026-01-01,2026-01-31
a=120s | move=0.6x percent_to_dollar sigma (63D)/900s | hold=14400s | reversal | exit_by_midnight,120,0.6,900,14400,63,percent_to_dollar,reversal,exit_by_midnight,3.085414599451443,213.89079999999893,2.7778025974025837,2.8568673952400276,4.465237981198678,-47.48319999999987,0.07792207792207792,0.1038961038961039,77,8,0.75,26.736349999999867,4.89263225327392,3,5,0.1038961038961039,3,3,1.0,121.47399999999921,0.5679253151608196,86.48040000000006,0.40432033542349877,127.41039999999887,86.48040000000006,127.41039999999887,2.1822612373896835,-47.48319999999987,7,0.7142857142857143,3.318761874949871,53,47,0.8867924528301887,20.64390516548918,anti_overfit_percent_wf,Anti-overfit top-trade-neutral walk-forward,top_trade_neutral_score,2025-10-01,2025-12-31,2026-01-01,2026-01-31
a=120s | move=0.75x percent_to_dollar sigma (63D)/1800s | hold=21600s | reversal | exit_by_midnight,120,0.75,1800,21600,63,percent_to_dollar,reversal,exit_by_midnight,2.589559172228261,192.3191999999997,2.4976519480519443,2.679713134947386,0.0,-39.45879999999974,0.05194805194805195,0.06493506493506493,77,5,0.8,38.46383999999994,5.873924194349425,3,2,0.06493506493506493,2,3,0.6666666666666666,114.47760000000059,0.5952479003656461,77.48399999999971,0.4028926909013756,114.8352,77.48399999999971,114.8352,1.972953015678527,-39.45879999999974,4,0.75,3.9102557604386563,53,48,0.9056603773584906,20.52163464392637,anti_overfit_percent_wf,Anti-overfit top-trade-neutral walk-forward,top_trade_neutral_score,2025-10-01,2025-12-31,2026-01-01,2026-01-31
a=90s | move=0.75x percent_to_dollar sigma (63D)/1800s | hold=21600s | reversal | exit_by_midnight,90,0.75,1800,21600,63,percent_to_dollar,reversal,exit_by_midnight,2.9586387409473787,219.32800000000003,2.848415584415585,2.9400465871206647,0.0,-31.45559999999992,0.05194805194805195,0.06493506493506493,77,5,0.8,43.8656,7.972621727132614,3,2,0.06493506493506493,2,3,0.6666666666666666,132.48320000000058,0.6040414356580125,84.45560000000046,0.3850652903414085,134.87239999999957,84.45560000000046,134.87239999999957,2.287179585446945,-31.45559999999992,4,0.75,5.2877071173334675,53,47,0.8867924528301887,20.517129306985115,anti_overfit_percent_wf,Anti-overfit top-trade-neutral walk-forward,top_trade_neutral_score,2025-10-01,2025-12-31,2026-01-01,2026-01-31
a=180s | move=0.55x percent_to_dollar sigma (63D)/900s | hold=14400s | reversal | exit_by_midnight,180,0.55,900,14400,63,percent_to_dollar,reversal,exit_by_midnight,3.9851263711524623,288.92359999999894,3.7522545454545315,3.4204568513783373,0.0,-42.459999999999866,0.09090909090909091,0.1038961038961039,77,8,0.875,36.11544999999987,7.804606688647952,4,4,0.1038961038961039,3,3,1.0,117.47600000000071,0.40659883789348167,82.48200000000014,0.2854803138269094,206.4415999999988,82.48200000000014,206.44159999999877,2.864703171152464,-42.459999999999866,7,0.8571428571428571,5.862025435704041,53,44,0.8301886792452831,20.422862220209062,anti_overfit_percent_wf,Anti-overfit top-trade-neutral walk-forward,top_trade_neutral_score,2025-10-01,2025-12-31,2026-01-01,2026-01-31
a=180s | move=0.55x percent_to_dollar sigma (63D)/1800s | hold=21600s | reversal | exit_by_midnight,180,0.55,1800,21600,63,percent_to_dollar,reversal,exit_by_midnight,2.4265537338456387,211.66239999999974,2.748862337662334,2.2118361800598545,7.216356120515194,-54.5536000000003,0.09090909090909091,0.12987012987012986,77,10,0.7,21.166239999999974,2.4538211310635725,5,5,0.12987012987012986,3,3,1.0,114.21440000000001,0.5396064676579315,84.45560000000046,0.39901087769958465,127.20679999999928,84.45560000000046,127.20679999999928,1.5134518921203286,-103.13039999999968,9,0.6666666666666666,1.8737306855396907,53,48,0.9056603773584906,20.358629205543746,anti_overfit_percent_wf,Anti-overfit top-trade-neutral walk-forward,top_trade_neutral_score,2025-10-01,2025-12-31,2026-01-01,2026-01-31
a=90s | move=0.65x percent_to_dollar sigma (63D)/900s | hold=14400s | reversal | exit_by_midnight,90,0.65,900,14400,63,percent_to_dollar,reversal,exit_by_midnight,2.8704836566185885,198.99120000000005,2.584301298701299,2.7689509500623646,5.293173879972633,-41.94640000000044,0.05194805194805195,0.07792207792207792,77,6,0.6666666666666666,33.16520000000001,5.743939885186623,2,4,0.07792207792207792,3,3,1.0,127.47680000000014,0.6406152633885323,86.48040000000006,0.4345940926030902,112.51079999999999,86.48040000000006,112.5108,2.0688154736123057,-41.94640000000045,5,0.6,3.6822516354203247,53,46,0.8679245283018868,20.055389316995946,anti_overfit_percent_wf,Anti-overfit top-trade-neutral walk-forward,top_trade_neutral_score,2025-10-01,2025-12-31,2026-01-01,2026-01-31
a=60s | move=0.75x percent_to_dollar sigma (63D)/1800s | hold=14400s | reversal | exit_by_midnight,60,0.75,1800,14400,63,percent_to_dollar,reversal,exit_by_midnight,2.750323957133588,204.82840000000098,2.6601090909091036,2.8204060663987742,2.849312043291019,-37.95039999999983,0.05194805194805195,0.07792207792207792,77,6,0.6666666666666666,34.13806666666683,6.397265904970579,3,3,0.07792207792207792,2,3,0.6666666666666666,127.48000000000084,0.6223746316428788,82.48200000000014,0.40268829908352427,122.34640000000084,82.48200000000014,122.34640000000084,2.1373787551783883,-37.95039999999983,5,0.6,4.223850077996468,53,46,0.8679245283018868,19.935229617510945,anti_overfit_percent_wf,Anti-overfit top-trade-neutral walk-forward,top_trade_neutral_score,2025-10-01,2025-12-31,2026-01-01,2026-01-31
a=120s | move=0.65x percent_to_dollar sigma (63D)/900s | hold=14400s | reversal | exit_by_midnight,120,0.65,900,14400,63,percent_to_dollar,reversal,exit_by_midnight,2.628328805545681,196.99399999999974,2.558363636363633,2.588885497568245,4.112496146950947,-54.94760000000002,0.05194805194805195,0.07792207792207792,77,6,0.6666666666666666,32.83233333333329,4.5851247370220936,2,4,0.07792207792207792,3,3,1.0,128.47879999999995,0.6521965135993996,85.48079999999955,0.43392590637278117,111.5132000000002,85.48079999999955,111.51320000000021,1.8498418205248162,-54.947599999999994,5,0.6,3.0294462360502945,53,46,0.8679245283018868,19.81323446592304,anti_overfit_percent_wf,Anti-overfit top-trade-neutral walk-forward,top_trade_neutral_score,2025-10-01,2025-12-31,2026-01-01,2026-01-31
a=60s | move=0.75x percent_to_dollar sigma (63D)/1800s | hold=7200s | reversal | exit_by_midnight,60,0.75,1800,7200,63,percent_to_dollar,reversal,exit_by_midnight,2.86278625548171,114.82840000000041,1.4912779220779275,3.0067796257210047,11.009966560520258,-13.950399999999632,0.05194805194805195,0.07792207792207792,77,6,0.6666666666666666,19.138066666666735,9.231190503497693,3,3,0.07792207792207792,2,3,0.6666666666666666,79.48000000000044,0.692163262746848,50.48200000000011,0.43962991733752216,64.3464000000003,50.48200000000011,64.3464000000003,2.4218887405449863,-13.950399999999632,5,0.6,5.612512902855573,53,45,0.8490566037735849,19.67410701019869,anti_overfit_percent_wf,Anti-overfit top-trade-neutral walk-forward,top_trade_neutral_score,2025-10-01,2025-12-31,2026-01-01,2026-01-31
a=180s | move=0.6x percent_to_dollar sigma (63D)/900s | hold=14400s | reversal | exit_by_midnight,180,0.6,900,14400,63,percent_to_dollar,reversal,exit_by_midnight,2.943243696018465,198.89239999999762,2.583018181818151,2.756663266215488,1.658523463019857,-43.491199999999964,0.07792207792207792,0.1038961038961039,77,8,0.75,24.86154999999971,4.981351589398502,3,5,0.1038961038961039,3,3,1.0,112.47439999999887,0.5655037598218947,81.48239999999963,0.40968081233873493,117.40999999999799,81.48239999999963,117.409999999998,2.058303325138941,-43.49119999999995,7,0.7142857142857143,3.3502682360476017,53,44,0.8301886792452831,19.380979545075064,anti_overfit_percent_wf,Anti-overfit top-trade-neutral walk-forward,top_trade_neutral_score,2025-10-01,2025-12-31,2026-01-01,2026-01-31
a=60s | move=0.75x percent_to_dollar sigma (63D)/2400s | hold=14400s | reversal | exit_by_midnight,60,0.75,2400,14400,63,percent_to_dollar,reversal,exit_by_midnight,2.8759274972652906,226.25119999999833,2.938327272727251,2.9158422373779644,2.447073972747248,-31.9527999999996,0.06493506493506493,0.09090909090909091,77,7,0.7142857142857143,32.321599999999755,8.080794171402601,3,4,0.09090909090909091,2,3,0.6666666666666666,146.9123999999986,0.6493331306088086,92.47799999999957,0.4087403735317216,133.77319999999878,92.47799999999957,133.77319999999878,2.2588890253706904,-31.9527999999996,6,0.6666666666666666,5.1865877168822525,53,44,0.8301886792452831,19.313663346321892,anti_overfit_percent_wf,Anti-overfit top-trade-neutral walk-forward,top_trade_neutral_score,2025-10-01,2025-12-31,2026-01-01,2026-01-31
a=120s | move=0.55x percent_to_dollar sigma (63D)/900s | hold=7200s | reversal | exit_by_midnight,120,0.55,900,7200,63,percent_to_dollar,reversal,exit_by_midnight,4.033759373735006,189.92520000000013,2.4665610389610406,3.4779317857570957,0.0,-3.559999999999801,0.09090909090909091,0.1038961038961039,77,8,0.875,23.740650000000016,54.349775280886625,4,4,0.1038961038961039,3,3,1.0,90.48199999999969,0.4764086071779818,71.5316000000002,0.376630378696456,118.39359999999994,71.5316000000002,118.39359999999994,3.0705049577573496,-3.559999999999801,7,0.8571428571428571,34.256629213475364,53,40,0.7547169811320755,18.9771556001501,anti_overfit_percent_wf,Anti-overfit top-trade-neutral walk-forward,top_trade_neutral_score,2025-10-01,2025-12-31,2026-01-01,2026-01-31
a=60s | move=0.65x percent_to_dollar sigma (63D)/2400s | hold=14400s | reversal | exit_by_midnight,60,0.65,2400,14400,63,percent_to_dollar,reversal,exit_by_midnight,3.440030623372154,245.77279999999865,3.191854545454528,3.00518120314309,1.9852212157030131,-65.55000000000025,0.1038961038961039,0.12987012987012986,77,10,0.8,24.577279999999863,3.5869513961399373,6,4,0.12987012987012986,3,3,1.0,140.26839999999828,0.570723855528354,69.5308000000006,0.2829068147492358,176.24199999999806,69.5308000000006,176.24199999999806,2.418639515018424,-65.55000000000025,9,0.7777777777777778,2.855085216746896,53,41,0.7735849056603774,18.757011755447625,anti_overfit_percent_wf,Anti-overfit top-trade-neutral walk-forward,top_trade_neutral_score,2025-10-01,2025-12-31,2026-01-01,2026-01-31
a=90s | move=0.5x percent_to_dollar sigma (63D)/900s | hold=14400s | reversal | exit_by_midnight,90,0.5,900,14400,63,percent_to_dollar,reversal,exit_by_midnight,3.7841549154532803,273.2839999999998,3.5491428571428547,3.253375098834108,4.418360127437632,-35.98719999999955,0.09090909090909091,0.14285714285714285,77,11,0.6363636363636364,24.84399999999998,4.501378596394066,6,5,0.14285714285714285,3,3,1.0,110.35759999999897,0.40382020169493654,77.48399999999971,0.2835292223474472,195.80000000000013,77.48399999999971,195.8000000000001,2.6785421154532796,-35.98719999999952,10,0.6,3.5086354458144564,53,40,0.7547169811320755,18.72755114186837,anti_overfit_percent_wf,Anti-overfit top-trade-neutral walk-forward,top_trade_neutral_score,2025-10-01,2025-12-31,2026-01-01,2026-01-31
a=60s | move=0.7x percent_to_dollar sigma (63D)/2400s | hold=21600s | reversal | exit_by_midnight,60,0.7,2400,21600,63,percent_to_dollar,reversal,exit_by_midnight,5.172947876947311,456.78880000000174,5.932322077922101,4.196257043393335,0.0,-34.456800000000044,0.09090909090909091,0.1038961038961039,77,8,0.875,57.09860000000022,14.256854960413825,4,4,0.1038961038961039,3,3,1.0,233.90960000000047,0.5120738511977517,102.42199999999971,0.22422178477230467,354.36680000000206,102.42199999999971,354.36680000000206,3.7486710769473066,-34.456800000000044,7,0.8571428571428571,11.28437928072225,35,35,1.0,18.672947876947312,anti_overfit_percent_wf,Anti-overfit top-trade-neutral walk-forward,top_trade_neutral_score,2025-10-01,2025-12-31,2026-01-01,2026-01-31
a=120s | move=0.5x percent_to_dollar sigma (63D)/1200s | hold=21600s | reversal | exit_by_midnight,120,0.5,1200,21600,63,percent_to_dollar,reversal,exit_by_midnight,2.4473485392494765,192.76919999999953,2.5034961038960977,2.360049170932274,1.2739208162447706,-67.57080000000057,0.07792207792207792,0.1038961038961039,77,8,0.75,24.09614999999994,3.1178029337574933,4,4,0.1038961038961039,3,3,1.0,82.32520000000028,0.42706614957161454,83.48159999999994,0.4330650332107004,109.28759999999959,83.48159999999994,109.2875999999996,1.608642914157503,-67.57080000000057,7,0.7142857142857143,2.200656535916081,53,43,0.8113207547169812,18.511499482645704,anti_overfit_percent_wf,Anti-overfit top-trade-neutral walk-forward,top_trade_neutral_score,2025-10-01,2025-12-31,2026-01-01,2026-01-31
a=60s | move=0.65x percent_to_dollar sigma (63D)/1800s | hold=14400s | reversal | exit_by_midnight,60,0.65,1800,14400,63,percent_to_dollar,reversal,exit_by_midnight,1.664398920380001,152.4248,1.9795428571428573,2.022606570294106,1.913304935288638,-58.78400000000022,0.06493506493506493,0.11688311688311688,77,9,0.5555555555555556,16.93608888888889,2.50962875513525,4,5,0.11688311688311688,2,3,0.6666666666666666,88.8996000000009,0.5832357988988728,76.48439999999991,0.501784486514005,75.9404000000001,76.48439999999991,75.94040000000007,1.210067334439659,-58.78400000000019,8,0.5,1.752120465412927,53,45,0.8490566037735849,18.47571967509698,anti_overfit_percent_wf,Anti-overfit top-trade-neutral walk-forward,top_trade_neutral_score,2025-10-01,2025-12-31,2026-01-01,2026-01-31
a=300s | move=0.7x percent_to_dollar sigma (63D)/1800s | hold=14400s | reversal | exit_by_midnight,300,0.7,1800,14400,63,percent_to_dollar,reversal,exit_by_midnight,2.0287003012144913,141.42600000000033,1.836701298701303,2.134067556801664,1.2897989905752156,-62.95479999999985,0.06493506493506493,0.09090909090909091,77,7,0.7142857142857143,20.203714285714337,3.2464688951437775,3,4,0.09090909090909091,3,3,1.0,84.47280000000089,0.5972932841203222,68.48760000000009,0.48426456238598226,72.93840000000024,68.48760000000009,72.93840000000026,1.3319466860942195,-62.954799999999835,6,0.6666666666666666,2.1585836187232474,53,44,0.8301886792452831,18.466436150271093,anti_overfit_percent_wf,Anti-overfit top-trade-neutral walk-forward,top_trade_neutral_score,2025-10-01,2025-12-31,2026-01-01,2026-01-31
a=300s | move=0.7x percent_to_dollar sigma (63D)/2400s | hold=14400s | reversal | exit_by_midnight,300,0.7,2400,14400,63,percent_to_dollar,reversal,exit_by_midnight,3.493863036602831,263.2755999999992,3.419163636363626,3.0701819416440994,1.7071442322642822,-49.95999999999958,0.09090909090909091,0.11688311688311688,77,9,0.7777777777777778,29.252844444444356,6.269727782225685,4,5,0.11688311688311688,3,3,1.0,147.25959999999972,0.5593363000597099,88.42439999999966,0.3358624954230469,174.85119999999955,88.42439999999966,174.85119999999955,2.451122861647614,-49.95999999999958,8,0.75,4.499823859087201,53,40,0.7547169811320755,18.437259263017925,anti_overfit_percent_wf,Anti-overfit top-trade-neutral walk-forward,top_trade_neutral_score,2025-10-01,2025-12-31,2026-01-01,2026-01-31
a=120s | move=0.55x percent_to_dollar sigma (63D)/900s | hold=14400s | reversal | exit_by_midnight,120,0.55,900,14400,63,percent_to_dollar,reversal,exit_by_midnight,4.106942461292833,357.38240000000326,4.7024000000000425,3.4845230543732715,5.124181675036005,-76.72239999999834,0.13157894736842105,0.21052631578947367,76,16,0.625,22.336400000000204,4.349928198898513,6,10,0.21052631578947367,3,3,1.0,136.48200000000048,0.3818934564209072,108.61719999999994,0.3039243118855292,248.76520000000332,108.61719999999994,248.7652000000033,2.9361344612928253,-76.72239999999834,15,0.6,3.3318035761823497,53,41,0.7735849056603774,19.423923593368304,anti_overfit_percent_wf,Anti-overfit top-trade-neutral walk-forward,top_trade_neutral_score,2025-11-01,2026-01-31,2026-02-01,2026-02-28
a=90s | move=0.55x percent_to_dollar sigma (63D)/900s | hold=14400s | reversal | exit_by_midnight,90,0.55,900,14400,63,percent_to_dollar,reversal,exit_by_midnight,3.734657664867662,324.37440000000055,4.268084210526323,3.2303606251720827,5.242336934190187,-81.72359999999946,0.14473684210526316,0.21052631578947367,76,16,0.6875,20.273400000000034,3.6600711813813263,6,10,0.21052631578947367,3,3,1.0,113.47639999999937,0.34983155267493116,107.61680000000014,0.33176724180453193,216.75760000000042,107.61680000000014,216.75760000000042,2.632866064867661,-81.7235999999995,15,0.6666666666666666,2.7775467025307186,53,41,0.7735849056603774,19.051638796943134,anti_overfit_percent_wf,Anti-overfit top-trade-neutral walk-forward,top_trade_neutral_score,2025-11-01,2026-01-31,2026-02-01,2026-02-28
a=180s | move=0.55x percent_to_dollar sigma (63D)/900s | hold=14400s | reversal | exit_by_midnight,180,0.55,900,14400,63,percent_to_dollar,reversal,exit_by_midnight,3.1788977388897917,303.39320000000265,3.992015789473719,2.8156344096740376,4.089570589510306,-88.71999999999952,0.11842105263157894,0.21052631578947367,76,16,0.5625,18.962075000000162,2.930625730205239,6,10,0.21052631578947367,3,3,1.0,117.47600000000071,0.3872070962697901,110.61800000000025,0.36460276631117405,192.7752000000024,110.61800000000025,192.7752000000024,2.1430194136231666,-88.71999999999952,15,0.5333333333333333,2.226714248260876,53,40,0.7547169811320755,18.122293965304884,anti_overfit_percent_wf,Anti-overfit top-trade-neutral walk-forward,top_trade_neutral_score,2025-11-01,2026-01-31,2026-02-01,2026-02-28
a=90s | move=0.75x percent_to_dollar sigma (63D)/1800s | hold=7200s | reversal | exit_by_midnight,90,0.75,1800,7200,63,percent_to_dollar,reversal,exit_by_midnight,2.543132626386576,215.4144000000001,2.834400000000001,2.566482231612999,1.3292312283463255,-94.18160000000006,0.10526315789473684,0.15789473684210525,76,12,0.6666666666666666,17.951200000000007,2.973881267158028,4,8,0.15789473684210525,2,3,0.6666666666666666,147.42639999999997,0.6843850736069637,68.48000000000009,0.31789889626691653,146.93439999999998,68.48000000000009,146.93439999999998,1.9442342315917986,-94.18160000000006,11,0.6363636363636364,2.3463865909665453,80,42,0.525,17.899382626386576,anti_overfit_percent_wf,Anti-overfit top-trade-neutral walk-forward,top_trade_neutral_score,2025-11-01,2026-01-31,2026-02-01,2026-02-28
a=90s | move=0.6x percent_to_dollar sigma (63D)/900s | hold=14400s | reversal | exit_by_midnight,90,0.6,900,14400,63,percent_to_dollar,reversal,exit_by_midnight,2.4633998391049663,231.58360000000155,3.047152631578968,2.4303445804000834,3.6088973337631614,-87.7051999999997,0.10526315789473684,0.18421052631578946,76,14,0.5714285714285714,16.541685714285826,2.7230871336692397,3,11,0.18421052631578946,3,3,1.0,128.48119999999994,0.5547940355016464,107.61680000000014,0.4646995728540338,123.96680000000141,107.61680000000014,123.96680000000143,1.6427916453717235,-87.7051999999997,13,0.5384615384615384,1.922369278662859,53,39,0.7358490566037735,17.033211159859682,anti_overfit_percent_wf,Anti-overfit top-trade-neutral walk-forward,top_trade_neutral_score,2025-11-01,2026-01-31,2026-02-01,2026-02-28
a=120s | move=0.7x percent_to_dollar sigma (63D)/1200s | hold=21600s | reversal | exit_by_midnight,120,0.7,1200,21600,63,percent_to_dollar,reversal,exit_by_midnight,2.1852204134054003,169.01959999999963,2.223942105263153,2.2272460285691023,354.59784399671383,-39.599600000000464,0.05263157894736842,0.07894736842105263,76,6,0.6666666666666666,28.169933333333272,3.1379081792699584,2,4,0.07894736842105263,3,3,1.0,109.47560000000017,0.6477094964134361,77.48399999999971,0.4584320398344327,91.53559999999992,77.48399999999971,91.5355999999999,1.4463549655913024,-39.599600000000464,5,0.6,2.157822571668507,53,38,0.7169811320754716,16.381446828499737,anti_overfit_percent_wf,Anti-overfit top-trade-neutral walk-forward,top_trade_neutral_score,2025-11-01,2026-01-31,2026-02-01,2026-02-28
a=90s | move=0.7x percent_to_dollar sigma (63D)/1200s | hold=21600s | reversal | exit_by_midnight,90,0.7,1200,21600,63,percent_to_dollar,reversal,exit_by_midnight,2.5464137979100374,194.01840000000104,2.55287368421054,2.456246464358564,6.267976734344948,-40.59919999999954,0.05263157894736842,0.07894736842105263,76,6,0.6666666666666666,32.33640000000017,3.692650593714767,2,4,0.07894736842105263,3,3,1.0,125.48040000000053,0.6467448448188412,79.48320000000002,0.4096683613512925,114.53520000000101,79.48320000000002,114.53520000000103,1.725252502537635,-40.59919999999954,5,0.6,2.5895568372960485,53,37,0.6981132075471698,16.369055307344,anti_overfit_percent_wf,Anti-overfit top-trade-neutral walk-forward,top_trade_neutral_score,2025-11-01,2026-01-31,2026-02-01,2026-02-28
a=120s | move=0.6x percent_to_dollar sigma (63D)/900s | hold=14400s | reversal | exit_by_midnight,120,0.6,900,14400,63,percent_to_dollar,reversal,exit_by_midnight,2.095668297186874,212.5824000000011,2.7971368421052776,2.2022700159950004,3.4481485738544797,-84.70599999999888,0.10526315789473684,0.18421052631578946,76,14,0.5714285714285714,15.184457142857221,2.4229190595908343,3,11,0.18421052631578946,3,3,1.0,121.47399999999921,0.571420776131978,108.61719999999994,0.510941639571288,103.96520000000115,108.61719999999994,103.96520000000116,1.3592157089643202,-93.04999999999828,13,0.5384615384615384,1.6958904623062547,53,38,0.7169811320754716,16.291894712281213,anti_overfit_percent_wf,Anti-overfit top-trade-neutral walk-forward,top_trade_neutral_score,2025-11-01,2026-01-31,2026-02-01,2026-02-28
a=120s | move=0.6x percent_to_dollar sigma (63D)/1200s | hold=21600s | reversal | exit_by_midnight,120,0.6,1200,21600,63,percent_to_dollar,reversal,exit_by_midnight,3.5199977799133646,411.91279999999904,5.419905263157882,2.9943305875062003,2.808497021559835,-93.85720000000208,0.07894736842105263,0.13157894736842105,76,10,0.6,41.19127999999991,4.235418682685822,5,5,0.13157894736842105,3,3,1.0,232.83599999999828,0.5652555589435405,146.6172000000002,0.35594232565727635,265.29559999999884,146.6172000000002,265.29559999999884,2.349162193363982,-93.85720000000208,9,0.5555555555555556,3.0837962322956263,53,34,0.6415094339622641,16.221884572366193,anti_overfit_percent_wf,Anti-overfit top-trade-neutral walk-forward,top_trade_neutral_score,2025-11-01,2026-01-31,2026-02-01,2026-02-28
a=90s | move=0.6x percent_to_dollar sigma (63D)/1200s | hold=21600s | reversal | exit_by_midnight,90,0.6,1200,21600,63,percent_to_dollar,reversal,exit_by_midnight,3.528520005046804,410.91799999999995,5.406815789473684,3.020303330512429,2.71970814148195,-86.85840000000132,0.07894736842105263,0.13157894736842105,76,10,0.6,41.0918,4.532857835568036,5,5,0.13157894736842105,3,3,1.0,241.83599999999936,0.588526177972246,148.61680000000052,0.3616702115750601,262.3011999999994,148.61680000000052,262.3011999999994,2.3784232972072865,-86.85840000000132,9,0.5555555555555556,3.255128394713533,53,33,0.6226415094339622,15.856821891839257,anti_overfit_percent_wf,Anti-overfit top-trade-neutral walk-forward,top_trade_neutral_score,2025-11-01,2026-01-31,2026-02-01,2026-02-28
a=90s | move=0.65x percent_to_dollar sigma (63D)/900s | hold=21600s | reversal | exit_by_midnight,90,0.65,900,21600,63,percent_to_dollar,reversal,exit_by_midnight,3.415330422534053,229.8720000000003,3.0246315789473726,3.0675731648656437,3.834583834302218,-26.453600000000193,0.05263157894736842,0.07894736842105263,76,6,0.6666666666666666,38.31200000000005,7.530602968248992,2,4,0.07894736842105263,3,3,1.0,130.47680000000025,0.5676063200389786,86.48040000000006,0.3762111087909791,143.39160000000024,86.48040000000006,143.39160000000024,2.4378638941565214,-26.4536000000002,5,0.6,5.073717584490368,35,32,0.9142857142857143,15.758187565391195,anti_overfit_percent_wf,Anti-overfit top-trade-neutral walk-forward,top_trade_neutral_score,2025-11-01,2026-01-31,2026-02-01,2026-02-28
a=120s | move=0.55x percent_to_dollar sigma (63D)/900s | hold=21600s | reversal | exit_by_midnight,120,0.55,900,21600,63,percent_to_dollar,reversal,exit_by_midnight,4.452626111717237,496.3104000000009,6.530400000000012,3.623577552731512,5.503412362465008,-55.12639999999925,0.09210526315789473,0.14473684210526316,76,11,0.6363636363636364,45.119127272727354,7.25659178579532,5,6,0.14473684210526316,3,3,1.0,303.2224000000001,0.6109531454509104,148.5459999999998,0.29930059897999217,347.76440000000116,148.5459999999998,347.7644000000011,3.1079385708054166,-55.12639999999925,10,0.6,5.383990116733476,35,29,0.8285714285714286,15.638340397431522,anti_overfit_percent_wf,Anti-overfit top-trade-neutral walk-forward,top_trade_neutral_score,2025-11-01,2026-01-31,2026-02-01,2026-02-28
a=120s | move=0.65x percent_to_dollar sigma (63D)/900s | hold=21600s | reversal | exit_by_midnight,120,0.65,900,21600,63,percent_to_dollar,reversal,exit_by_midnight,3.240525245455691,230.87439999999938,3.0378210526315708,2.931073749093422,2.6524982687565974,-34.456800000000044,0.05263157894736842,0.07894736842105263,76,6,0.6666666666666666,38.47906666666656,6.3440179249299025,2,4,0.07894736842105263,3,3,1.0,133.47879999999967,0.5781446535432253,85.48079999999955,0.37024806561489615,145.39359999999982,85.48079999999955,145.39359999999985,2.2704893848242826,-34.45680000000003,5,0.6,4.365405625613267,35,32,0.9142857142857143,15.583382388312833,anti_overfit_percent_wf,Anti-overfit top-trade-neutral walk-forward,top_trade_neutral_score,2025-11-01,2026-01-31,2026-02-01,2026-02-28
a=90s | move=0.55x percent_to_dollar sigma (63D)/900s | hold=21600s | reversal | exit_by_midnight,90,0.55,900,21600,63,percent_to_dollar,reversal,exit_by_midnight,4.361828146761375,486.3012000000014,6.3987000000000185,3.5814870901433804,5.8233102153885,-45.12999999999988,0.10526315789473684,0.14473684210526316,76,11,0.7272727272727273,44.20920000000013,7.11032482773519,5,6,0.14473684210526316,3,3,1.0,318.2172000000007,0.6543623581434711,148.61680000000052,0.30560648421184256,337.6844000000009,148.61680000000052,337.68440000000095,3.059861115368975,-45.12999999999988,10,0.7,5.242969939738703,35,29,0.8285714285714286,15.54754243247566,anti_overfit_percent_wf,Anti-overfit top-trade-neutral walk-forward,top_trade_neutral_score,2025-11-01,2026-01-31,2026-02-01,2026-02-28
a=180s | move=0.6x percent_to_dollar sigma (63D)/900s | hold=14400s | reversal | exit_by_midnight,180,0.6,900,14400,63,percent_to_dollar,reversal,exit_by_midnight,1.9522250559336534,204.58279999999985,2.6918789473684193,2.1169296273018374,3.0766768240722766,-83.7071999999998,0.10526315789473684,0.18421052631578946,76,14,0.5714285714285714,14.613057142857132,2.387878985229972,3,11,0.18421052631578946,3,3,1.0,112.47439999999887,0.5497744678438214,110.61800000000025,0.5407003912352374,93.9647999999996,110.61800000000025,93.96479999999961,1.241027949360082,-104.05320000000034,13,0.5384615384615384,1.637452274928958,53,36,0.6792452830188679,15.401281659707237,anti_overfit_percent_wf,Anti-overfit top-trade-neutral walk-forward,top_trade_neutral_score,2025-11-01,2026-01-31,2026-02-01,2026-02-28
a=120s | move=0.55x percent_to_dollar sigma (63D)/1200s | hold=21600s | reversal | exit_by_midnight,120,0.55,1200,21600,63,percent_to_dollar,reversal,exit_by_midnight,2.595172338357853,344.95919999999916,4.538936842105252,2.4190451075790986,2.8188363735475814,-181.23840000000234,0.10526315789473684,0.19736842105263158,76,15,0.5333333333333333,22.997279999999947,2.519007006753083,6,9,0.19736842105263158,3,3,1.0,152.89560000000026,0.44322806871073633,144.61719999999988,0.41922986834385123,200.34199999999927,144.61719999999988,200.3419999999993,1.6776491396157454,-181.23840000000234,14,0.5,1.882193899298599,53,34,0.6415094339622641,15.297059130810682,anti_overfit_percent_wf,Anti-overfit top-trade-neutral walk-forward,top_trade_neutral_score,2025-11-01,2026-01-31,2026-02-01,2026-02-28
a=180s | move=0.6x percent_to_dollar sigma (63D)/1200s | hold=21600s | reversal | exit_by_midnight,180,0.6,1200,21600,63,percent_to_dollar,reversal,exit_by_midnight,3.29827321652897,398.9168000000016,5.248905263157916,2.880186111777297,2.631396596623092,-96.85919999999936,0.07894736842105263,0.13157894736842105,76,10,0.6,39.891680000000164,3.9263692249006037,5,5,0.13157894736842105,3,3,1.0,242.83360000000124,0.6087324474677432,149.6180000000003,0.3750606642788664,249.2988000000013,149.6180000000003,249.29880000000128,2.209379650338924,-96.85919999999936,9,0.5555555555555556,2.8288032394841487,53,32,0.6037735849056604,15.252990197661044,anti_overfit_percent_wf,Anti-overfit top-trade-neutral walk-forward,top_trade_neutral_score,2025-11-01,2026-01-31,2026-02-01,2026-02-28
a=180s | move=0.55x percent_to_dollar sigma (63D)/900s | hold=21600s | reversal | exit_by_midnight,180,0.55,900,21600,63,percent_to_dollar,reversal,exit_by_midnight,3.98399197574292,461.31240000000076,6.06990000000001,3.31567271548214,4.93589830738718,-51.12880000000007,0.09210526315789473,0.14473684210526316,76,11,0.6363636363636364,41.937490909090975,5.297978988637131,5,6,0.14473684210526316,3,3,1.0,299.22680000000014,0.6486424383996607,149.6180000000003,0.3243311907505631,311.6944000000004,149.6180000000003,311.6944000000004,2.7357138045426637,-51.12880000000007,10,0.6,3.904010345431546,35,29,0.8285714285714286,15.169706261457206,anti_overfit_percent_wf,Anti-overfit top-trade-neutral walk-forward,top_trade_neutral_score,2025-11-01,2026-01-31,2026-02-01,2026-02-28
a=90s | move=0.55x percent_to_dollar sigma (63D)/1200s | hold=21600s | reversal | exit_by_midnight,90,0.55,1200,21600,63,percent_to_dollar,reversal,exit_by_midnight,2.7448845489187415,354.9560000000007,4.670473684210536,2.5356676767966544,3.191649607006355,-163.49880000000036,0.11842105263157894,0.19736842105263158,76,15,0.6,23.663733333333383,2.754109572794179,6,9,0.19736842105263158,3,3,1.0,158.44919999999965,0.44639110199573845,148.61680000000052,0.418690767306371,206.33920000000018,148.61680000000052,206.33920000000018,1.7972230243985194,-163.49880000000036,14,0.5714285714285714,2.0196800898215312,53,33,0.6226415094339622,15.073186435711195,anti_overfit_percent_wf,Anti-overfit top-trade-neutral walk-forward,top_trade_neutral_score,2025-11-01,2026-01-31,2026-02-01,2026-02-28
a=90s | move=0.6x percent_to_dollar sigma (63D)/900s | hold=21600s | reversal | exit_by_midnight,90,0.6,900,21600,63,percent_to_dollar,reversal,exit_by_midnight,3.829813367544264,357.8836000000008,4.708994736842116,3.2335416159986043,6.340159229878955,-28.454399999999794,0.06578947368421052,0.10526315789473684,76,8,0.625,44.7354500000001,7.299924657968164,3,5,0.10526315789473684,3,3,1.0,175.79479999999995,0.4912066381359737,148.61680000000052,0.4152657456223202,209.26680000000027,148.61680000000052,209.2668000000003,2.738683476761003,-28.454399999999794,7,0.5714285714285714,4.683781747512566,35,29,0.8285714285714286,15.01552765325855,anti_overfit_percent_wf,Anti-overfit top-trade-neutral walk-forward,top_trade_neutral_score,2025-11-01,2026-01-31,2026-02-01,2026-02-28
a=120s | move=0.6x percent_to_dollar sigma (63D)/900s | hold=21600s | reversal | exit_by_midnight,120,0.6,900,21600,63,percent_to_dollar,reversal,exit_by_midnight,3.710952604396612,350.8772000000001,4.616805263157896,3.1716768996514064,5.85412332033098,-34.45680000000003,0.06578947368421052,0.10526315789473684,76,8,0.625,43.859650000000016,6.586327017990624,3,5,0.10526315789473684,3,3,1.0,173.79719999999963,0.49532201009355864,146.6172000000002,0.41785901164282024,204.25999999999988,146.6172000000002,204.25999999999988,2.6377836631287277,-34.45680000000003,7,0.5714285714285714,4.2520299315394725,35,29,0.8285714285714286,14.896666890110897,anti_overfit_percent_wf,Anti-overfit top-trade-neutral walk-forward,top_trade_neutral_score,2025-11-01,2026-01-31,2026-02-01,2026-02-28
a=180s | move=0.55x percent_to_dollar sigma (63D)/1200s | hold=21600s | reversal | exit_by_midnight,180,0.55,1200,21600,63,percent_to_dollar,reversal,exit_by_midnight,2.3542926242779814,331.9575999999974,4.3678631578947025,2.2797375220096536,2.7909952354826286,-190.24200000000138,0.10526315789473684,0.19736842105263158,76,15,0.5333333333333333,22.130506666666484,2.33798840799346,6,9,0.19736842105263158,3,3,1.0,147.8967999999991,0.4455291880649826,149.6180000000003,0.4507141875950467,182.3395999999971,149.6180000000003,182.33959999999712,1.5053910649742737,-190.24200000000135,14,0.5,1.7349380496730962,53,33,0.6226415094339622,14.682594511070434,anti_overfit_percent_wf,Anti-overfit top-trade-neutral walk-forward,top_trade_neutral_score,2025-11-01,2026-01-31,2026-02-01,2026-02-28
a=180s | move=0.65x percent_to_dollar sigma (63D)/900s | hold=21600s | reversal | exit_by_midnight,180,0.65,900,21600,63,percent_to_dollar,reversal,exit_by_midnight,2.940077426682337,202.87759999999997,2.6694421052631574,2.772752764477391,2.7600690205932916,-34.45680000000003,0.05263157894736842,0.07894736842105263,76,6,0.6666666666666666,33.812933333333326,5.298181386755963,2,4,0.07894736842105263,3,3,1.0,121.47560000000063,0.5987629979849951,83.48159999999994,0.4114875175968168,119.39600000000003,83.48159999999994,119.39600000000004,2.068430113368696,-34.45680000000003,5,0.6,3.5295333977389,35,30,0.8571428571428571,14.511505998110907,anti_overfit_percent_wf,Anti-overfit top-trade-neutral walk-forward,top_trade_neutral_score,2025-11-01,2026-01-31,2026-02-01,2026-02-28
a=90s | move=0.7x percent_to_dollar sigma (63D)/1800s | hold=7200s | reversal | exit_by_midnight,90,0.7,1800,7200,63,percent_to_dollar,reversal,exit_by_midnight,1.0569658422510086,118.6027999999978,1.560563157894708,1.4765382098932212,0.8440912217336694,-108.1800000000001,0.10526315789473684,0.18421052631578946,76,14,0.5714285714285714,8.471628571428415,1.755435696487593,4,10,0.18421052631578946,2,3,0.6666666666666666,79.47879999999975,0.6701258317678944,62.225999999999146,0.5246587770271891,56.37679999999865,62.225999999999146,56.37679999999865,0.7734806988473243,-108.1800000000001,13,0.5384615384615384,1.3590897278457261,80,36,0.45,14.219465842251008,anti_overfit_percent_wf,Anti-overfit top-trade-neutral walk-forward,top_trade_neutral_score,2025-11-01,2026-01-31,2026-02-01,2026-02-28
a=180s | move=0.6x percent_to_dollar sigma (63D)/900s | hold=21600s | reversal | exit_by_midnight,180,0.6,900,21600,63,percent_to_dollar,reversal,exit_by_midnight,3.2925601586154545,322.88519999999994,4.248489473684209,2.9348902558470633,4.263850165564908,-42.459999999999866,0.06578947368421052,0.10526315789473684,76,8,0.625,40.36065,5.434480940059594,3,5,0.10526315789473684,3,3,1.0,166.8012000000003,0.5165959913926075,149.6180000000003,0.46337831526499307,173.26719999999963,149.6180000000003,173.26719999999966,2.3235194950641995,-42.459999999999866,7,0.5714285714285714,3.3796386329800505,35,28,0.8,14.092560158615454,anti_overfit_percent_wf,Anti-overfit top-trade-neutral walk-forward,top_trade_neutral_score,2025-11-01,2026-01-31,2026-02-01,2026-02-28
a=120s | move=0.55x percent_to_dollar sigma (63D)/900s | hold=7200s | reversal | exit_by_midnight,120,0.55,900,7200,63,percent_to_dollar,reversal,exit_by_midnight,4.959088430965899,352.38240000000354,4.636610526315836,4.180661730381653,3.615744935199231,-59.19319999999777,0.17105263157894737,0.21052631578947367,76,16,0.8125,22.023900000000218,6.4250401817882,6,10,0.21052631578947367,3,3,1.0,183.2972000000032,0.520165592833244,77.61719999999971,0.22026412215819782,274.7652000000038,77.61719999999971,274.76520000000386,3.7187512309658888,-59.1931999999978,15,0.8,5.230098468473669,53,23,0.4339622641509434,13.551541261154577,anti_overfit_percent_wf,Anti-overfit top-trade-neutral walk-forward,top_trade_neutral_score,2025-11-01,2026-01-31,2026-02-01,2026-02-28
a=90s | move=0.75x percent_to_dollar sigma (63D)/1800s | hold=21600s | reversal | exit_by_midnight,90,0.75,1800,21600,63,percent_to_dollar,reversal,exit_by_midnight,1.9583118679994655,268.8483999999994,3.537478947368413,2.3101767524294816,1.9093826961840619,-72.58640000000025,0.06578947368421052,0.10526315789473684,76,8,0.625,33.60604999999992,3.247009541384951,4,4,0.10526315789473684,2,3,0.6666666666666666,136.3651999999988,0.5072196821703201,147.5456,0.5488059441677925,121.3027999999994,147.5456,121.30279999999934,1.4373971261253116,-72.58640000000028,7,0.5714285714285714,2.0138373484711396,53,31,0.5849056603773585,13.539443943471165,anti_overfit_percent_wf,Anti-overfit top-trade-neutral walk-forward,top_trade_neutral_score,2025-11-01,2026-01-31,2026-02-01,2026-02-28
a=300s | move=0.55x percent_to_dollar sigma (63D)/900s | hold=14400s | reversal | exit_by_midnight,300,0.55,900,14400,63,percent_to_dollar,reversal,exit_by_midnight,3.460475648251445,298.3896000000008,3.926178947368432,3.043363247033399,4.546873355941636,-55.72519999999969,0.11842105263157894,0.21052631578947367,76,16,0.5625,18.649350000000048,3.568966764125488,6,10,0.21052631578947367,3,3,1.0,108.47880000000038,0.36354752310402266,110.61759999999954,0.37071533324217476,187.7720000000013,110.61759999999954,187.7720000000012,2.4061933481830735,-55.72519999999969,15,0.5333333333333333,2.616611394074633,35,26,0.7428571428571429,13.489047076822873,anti_overfit_percent_wf,Anti-overfit top-trade-neutral walk-forward,top_trade_neutral_score,2025-11-01,2026-01-31,2026-02-01,2026-02-28
a=60s | move=0.75x percent_to_dollar sigma (63D)/1800s | hold=7200s | reversal | exit_by_midnight,60,0.75,1800,7200,63,percent_to_dollar,reversal,exit_by_midnight,2.2598689246362054,197.41440000000154,2.5975578947368625,2.317800594391112,1.149661875899559,-107.1799999999996,0.10526315789473684,0.15789473684210525,76,12,0.6666666666666666,16.451200000000128,2.6297675893087136,4,8,0.15789473684210525,2,3,0.6666666666666666,126.43000000000131,0.6404294722168207,68.47919999999938,0.34688047072553396,128.93520000000217,68.47919999999938,128.93520000000217,1.6770006287988164,-107.1799999999996,11,0.6363636363636364,2.0644330407560854,53,30,0.5660377358490566,13.467416094447525,anti_overfit_percent_wf,Anti-overfit top-trade-neutral walk-forward,top_trade_neutral_score,2025-11-01,2026-01-31,2026-02-01,2026-02-28
a=60s | move=0.55x percent_to_dollar sigma (63D)/900s | hold=14400s | reversal | exit_by_midnight,60,0.55,900,14400,63,percent_to_dollar,reversal,exit_by_midnight,2.759783655792068,261.38280000000174,3.4392473684210754,2.5703362223821644,2.523200476331755,-91.72120000000032,0.11842105263157894,0.21052631578947367,76,16,0.5625,16.33642500000011,2.6730897741500286,6,10,0.21052631578947367,3,3,1.0,95.60680000000083,0.36577311131413465,107.61880000000014,0.4117286982923108,153.7640000000016,107.61880000000014,153.76400000000163,1.840273379511298,-91.72120000000032,15,0.5333333333333333,1.9842306993130583,35,27,0.7714285714285715,13.174069370077781,anti_overfit_percent_wf,Anti-overfit top-trade-neutral walk-forward,top_trade_neutral_score,2025-11-01,2026-01-31,2026-02-01,2026-02-28
a=90s | move=0.55x percent_to_dollar sigma (63D)/900s | hold=7200s | reversal | exit_by_midnight,90,0.55,900,7200,63,percent_to_dollar,reversal,exit_by_midnight,4.523418192921178,316.3744000000022,4.162821052631608,3.8760433595725705,4.566638116860469,-60.19359999999972,0.14473684210526316,0.21052631578947367,76,16,0.6875,19.773400000000134,4.867449672633791,6,10,0.21052631578947367,3,3,1.0,184.29440000000156,0.5825199510453446,75.61680000000011,0.23901048883853937,240.75760000000207,75.61680000000011,240.75760000000207,3.3764865562051822,-60.19359999999972,15,0.6666666666666666,3.943088635819137,53,23,0.4339622641509434,13.115871023109857,anti_overfit_percent_wf,Anti-overfit top-trade-neutral walk-forward,top_trade_neutral_score,2025-11-01,2026-01-31,2026-02-01,2026-02-28
a=180s | move=0.7x percent_to_dollar sigma (63D)/1800s | hold=7200s | reversal | exit_by_midnight,180,0.7,1800,7200,63,percent_to_dollar,reversal,exit_by_midnight,1.5362294641263123,152.60519999999883,2.0079631578947215,1.8753812692478276,1.1064323776195797,-96.18119999999966,0.11842105263157894,0.18421052631578946,76,14,0.6428571428571429,10.900371428571345,2.056278482554673,4,10,0.18421052631578946,2,3,0.6666666666666666,90.00319999999955,0.5897780678509005,74.2211999999996,0.4863608841638435,78.38399999999923,74.2211999999996,78.38399999999922,1.1077468781373716,-96.18119999999966,13,0.6153846153846154,1.5425459458561361,80,30,0.375,12.504979464126313,anti_overfit_percent_wf,Anti-overfit top-trade-neutral walk-forward,top_trade_neutral_score,2025-11-01,2026-01-31,2026-02-01,2026-02-28
a=60s | move=0.6x percent_to_dollar sigma (63D)/900s | hold=14400s | reversal | exit_by_midnight,60,0.6,900,14400,63,percent_to_dollar,reversal,exit_by_midnight,2.127595793467452,210.5648000000022,2.7705894736842396,2.2135792137758883,2.480808087087644,-88.70319999999953,0.13157894736842105,0.18421052631578946,76,14,0.7142857142857143,15.040342857143015,2.4405551922019204,3,11,0.18421052631578946,3,3,1.0,86.52440000000287,0.41091578459458544,106.61840000000034,0.5063448401632145,103.94640000000187,106.61840000000034,103.9464000000019,1.3756648235898583,-96.0659999999991,13,0.6923076923076923,1.7111375036601468,35,26,0.7428571428571429,12.15616722203888,anti_overfit_percent_wf,Anti-overfit top-trade-neutral walk-forward,top_trade_neutral_score,2025-11-01,2026-01-31,2026-02-01,2026-02-28
a=60s | move=0.7x percent_to_dollar sigma (63D)/1200s | hold=21600s | reversal | exit_by_midnight,60,0.7,1200,21600,63,percent_to_dollar,reversal,exit_by_midnight,2.4902821714330563,188.01600000000153,2.473894736842125,2.471150140440127,6.072999945023445,-38.59999999999994,0.05263157894736842,0.07894736842105263,76,6,0.6666666666666666,31.336000000000254,3.7627147534045955,2,4,0.07894736842105263,3,3,1.0,122.47680000000113,0.6514169006893038,82.48200000000014,0.4386967066632599,105.53400000000138,82.48200000000014,105.53400000000138,1.7103993769474761,-38.59999999999994,5,0.6,2.5507208896359925,35,25,0.7142857142857143,12.133139314290199,anti_overfit_percent_wf,Anti-overfit top-trade-neutral walk-forward,top_trade_neutral_score,2025-11-01,2026-01-31,2026-02-01,2026-02-28
a=120s | move=0.5x percent_to_dollar sigma (63D)/900s | hold=14400s | reversal | exit_by_midnight,120,0.5,900,14400,63,percent_to_dollar,reversal,exit_by_midnight,2.4098573882787027,280.63439999999963,3.6925578947368374,2.1723470831149436,1.9781276757687662,-149.04280000000023,0.17105263157894737,0.27631578947368424,76,21,0.6190476190476191,13.363542857142843,2.073629893292888,10,11,0.27631578947368424,3,3,1.0,126.35759999999935,0.4502569891645483,108.61719999999994,0.3870416456428723,172.0171999999997,108.61719999999994,172.0171999999997,1.4926470225108577,-149.04280000000023,20,0.6,1.6580904125814258,53,26,0.49056603773584906,12.123064935448513,anti_overfit_percent_wf,Anti-overfit top-trade-neutral walk-forward,top_trade_neutral_score,2025-11-01,2026-01-31,2026-02-01,2026-02-28
a=180s | move=0.55x percent_to_dollar sigma (63D)/900s | hold=7200s | reversal | exit_by_midnight,180,0.55,900,7200,63,percent_to_dollar,reversal,exit_by_midnight,3.7552868871368115,282.39320000000396,3.715700000000052,3.244010617808022,4.021555851933648,-68.18879999999956,0.13157894736842105,0.21052631578947367,76,16,0.625,17.649575000000247,3.5154565342872877,6,10,0.21052631578947367,3,3,1.0,141.308800000003,0.500397318349029,78.61800000000022,0.2783990549347474,203.77520000000374,78.61800000000022,203.77520000000374,2.6659252871368038,-68.18879999999956,15,0.6,2.8151558124122693,53,22,0.41509433962264153,11.974154811665112,anti_overfit_percent_wf,Anti-overfit top-trade-neutral walk-forward,top_trade_neutral_score,2025-11-01,2026-01-31,2026-02-01,2026-02-28
a=90s | move=0.5x percent_to_dollar sigma (63D)/900s | hold=14400s | reversal | exit_by_midnight,90,0.5,900,14400,63,percent_to_dollar,reversal,exit_by_midnight,2.2427231577981033,263.6400000000002,3.4689473684210554,2.065508146812,1.9093245406131223,-157.78639999999905,0.15789473684210525,0.27631578947368424,76,21,0.5714285714285714,12.554285714285722,1.9652291961695378,10,11,0.27631578947368424,3,3,1.0,110.35759999999897,0.4185920194204175,106.61800000000034,0.40440752541344355,157.02199999999988,106.61800000000034,157.02199999999985,1.3772712018581854,-157.78639999999902,20,0.55,1.5748832454898065,53,26,0.49056603773584906,11.955930704967914,anti_overfit_percent_wf,Anti-overfit top-trade-neutral walk-forward,top_trade_neutral_score,2025-11-01,2026-01-31,2026-02-01,2026-02-28
a=120s | move=0.5x percent_to_dollar sigma (63D)/900s | hold=21600s | reversal | exit_by_midnight,120,0.5,900,21600,63,percent_to_dollar,reversal,exit_by_midnight,4.187379745115604,534.393600000001,7.031494736842118,3.398772413634094,3.1312739297847734,-136.34359999999975,0.13157894736842105,0.18421052631578946,76,14,0.7142857142857143,38.17097142857151,4.139790505780238,7,7,0.18421052631578946,3,3,1.0,320.88319999999976,0.6004622809853994,146.6172000000002,0.27436181870441545,387.7764000000008,146.6172000000002,387.7764000000009,2.8360172558546517,-136.34359999999975,13,0.6923076923076923,3.278351872263513,35,20,0.5714285714285714,11.901665459401316,anti_overfit_percent_wf,Anti-overfit top-trade-neutral walk-forward,top_trade_neutral_score,2025-11-01,2026-01-31,2026-02-01,2026-02-28
a=300s | move=0.55x percent_to_dollar sigma (63D)/900s | hold=21600s | reversal | exit_by_midnight,300,0.55,900,21600,63,percent_to_dollar,reversal,exit_by_midnight,4.139817657621468,459.3195999999998,6.043678947368418,3.4488429675595618,6.986337673066279,-36.60080000000033,0.10526315789473684,0.14473684210526316,76,11,0.7272727272727273,41.75632727272725,6.353225550800317,5,6,0.14473684210526316,3,3,1.0,313.2291999999988,0.6819417242373261,150.61760000000012,0.32791459367290265,308.70199999999966,150.61760000000012,308.70199999999966,2.907970750799464,-36.60080000000033,10,0.7,4.5978247694702254,23,19,0.8260869565217391,11.822426353273642,anti_overfit_percent_wf,Anti-overfit top-trade-neutral walk-forward,top_trade_neutral_score,2025-11-01,2026-01-31,2026-02-01,2026-02-28
a=90s | move=0.5x percent_to_dollar sigma (63D)/900s | hold=21600s | reversal | exit_by_midnight,90,0.5,900,21600,63,percent_to_dollar,reversal,exit_by_midnight,4.031675323031456,521.3959999999986,6.860473684210508,3.294556531082923,3.1484364776661735,-140.09400000000028,0.11842105263157894,0.18421052631578946,76,14,0.6428571428571429,37.24257142857133,3.7889417131315244,7,7,0.18421052631578946,3,3,1.0,316.88839999999914,0.6077691428396075,147.618,0.28312069904640697,373.7779999999986,147.618,373.7779999999986,2.717540180161164,-140.09400000000028,13,0.6153846153846154,2.999334585710042,35,20,0.5714285714285714,11.74596103731717,anti_overfit_percent_wf,Anti-overfit top-trade-neutral walk-forward,top_trade_neutral_score,2025-11-01,2026-01-31,2026-02-01,2026-02-28
a=60s | move=0.65x percent_to_dollar sigma (63D)/900s | hold=21600s | reversal | exit_by_midnight,60,0.65,900,21600,63,percent_to_dollar,reversal,exit_by_midnight,3.1826962787204076,221.86439999999973,2.919268421052628,2.864119034754223,0.0,-46.46159999999978,0.06578947368421052,0.07894736842105263,76,6,0.8333333333333334,36.97739999999995,5.775220827521975,2,4,0.07894736842105263,3,3,1.0,111.47480000000047,0.502445637966256,79.48320000000002,0.3582512561726898,142.3811999999997,79.48320000000002,142.38119999999972,2.200583920849925,-46.46159999999977,5,0.8,4.064491967560229,23,21,0.9130434782608695,11.674000626546494,anti_overfit_percent_wf,Anti-overfit top-trade-neutral walk-forward,top_trade_neutral_score,2025-11-01,2026-01-31,2026-02-01,2026-02-28
a=180s | move=0.5x percent_to_dollar sigma (63D)/900s | hold=14400s | reversal | exit_by_midnight,180,0.5,900,14400,63,percent_to_dollar,reversal,exit_by_midnight,1.9532104960129624,241.62439999999748,3.1792684210525985,1.8745626646270965,1.7530007040626678,-147.0423999999999,0.17105263157894737,0.27631578947368424,76,21,0.6190476190476191,11.50592380952369,1.8586656773107537,10,11,0.27631578947368424,3,3,1.0,95.34879999999839,0.39461577555908833,108.61759999999994,0.4495307593107363,133.00679999999755,108.61759999999994,133.0067999999975,1.15888736549602,-147.04239999999993,20,0.6,1.4726690433951817,53,26,0.49056603773584906,11.666418043182773,anti_overfit_percent_wf,Anti-overfit top-trade-neutral walk-forward,top_trade_neutral_score,2025-11-01,2026-01-31,2026-02-01,2026-02-28
a=180s | move=0.5x percent_to_dollar sigma (63D)/900s | hold=21600s | reversal | exit_by_midnight,180,0.5,900,21600,63,percent_to_dollar,reversal,exit_by_midnight,3.771321979593708,486.3879999999971,6.39984210526312,3.139089476151001,3.028185083488844,-138.3424000000001,0.13157894736842105,0.18421052631578946,76,14,0.7142857142857143,34.74199999999979,3.570690446139915,7,7,0.18421052631578946,3,3,1.0,304.88319999999726,0.6268312540605424,146.6175999999995,0.30144164740906515,339.7703999999976,146.6175999999995,339.77039999999755,2.5377470201391192,-138.34240000000008,13,0.6923076923076923,2.7957772830767524,35,20,0.5714285714285714,11.485607693879421,anti_overfit_percent_wf,Anti-overfit top-trade-neutral walk-forward,top_trade_neutral_score,2025-11-01,2026-01-31,2026-02-01,2026-02-28
a=60s | move=0.55x percent_to_dollar sigma (63D)/900s | hold=21600s | reversal | exit_by_midnight,60,0.55,900,21600,63,percent_to_dollar,reversal,exit_by_midnight,3.773196863765432,434.30280000000045,5.714510526315795,3.2150678017787153,3.5434697375473654,-54.4647999999996,0.09210526315789473,0.14473684210526316,76,11,0.6363636363636364,39.482072727272765,5.162268982622628,5,6,0.14473684210526316,3,3,1.0,303.22400000000005,0.6981856897998349,147.5456,0.3397297922094904,286.75720000000047,147.5456,286.7572000000004,2.6152865311153066,-54.4647999999996,10,0.6,3.748222206036232,23,19,0.8260869565217391,11.455805559417605,anti_overfit_percent_wf,Anti-overfit top-trade-neutral walk-forward,top_trade_neutral_score,2025-11-01,2026-01-31,2026-02-01,2026-02-28
a=60s | move=0.6x percent_to_dollar sigma (63D)/1200s | hold=21600s | reversal | exit_by_midnight,60,0.6,1200,21600,63,percent_to_dollar,reversal,exit_by_midnight,3.107104713312919,369.9091999999981,4.867226315789449,2.786746344093596,2.4858796733411985,-77.11280000000136,0.09210526315789473,0.13157894736842105,76,10,0.7,36.990919999999825,3.8547486895801617,5,5,0.13157894736842105,3,3,1.0,234.83519999999788,0.6348455242529764,147.6184,0.39906658174492754,222.29079999999811,147.6184,222.29079999999811,2.090069992811352,-77.11280000000133,9,0.6666666666666666,2.715513888288592,35,21,0.6,11.20710471331292,anti_overfit_percent_wf,Anti-overfit top-trade-neutral walk-forward,top_trade_neutral_score,2025-11-01,2026-01-31,2026-02-01,2026-02-28
a=300s | move=0.6x percent_to_dollar sigma (63D)/1200s | hold=21600s | reversal | exit_by_midnight,300,0.6,1200,21600,63,percent_to_dollar,reversal,exit_by_midnight,3.2714061644742984,399.92800000000074,5.262210526315799,2.876243029540938,2.499533649580068,-82.85680000000076,0.09210526315789473,0.13157894736842105,76,10,0.7,39.99280000000007,4.081337294591873,5,5,0.13157894736842105,3,3,1.0,261.84080000000034,0.6547198495729227,150.61760000000012,0.3766117901222216,249.3104000000006,150.61760000000012,249.31040000000058,2.2041408942456564,-82.8568000000007,9,0.6666666666666666,2.920869340105261,35,20,0.5714285714285714,10.985691878760012,anti_overfit_percent_wf,Anti-overfit top-trade-neutral walk-forward,top_trade_neutral_score,2025-11-01,2026-01-31,2026-02-01,2026-02-28
a=60s | move=0.6x percent_to_dollar sigma (63D)/900s | hold=21600s | reversal | exit_by_midnight,60,0.6,900,21600,63,percent_to_dollar,reversal,exit_by_midnight,3.1194392301092075,315.87159999999994,4.156205263157894,2.848339203770107,2.9285698018586683,-57.465999999999724,0.07894736842105263,0.10526315789473684,76,8,0.75,39.48394999999999,4.802420092643356,3,5,0.10526315789473684,3,3,1.0,176.79439999999974,0.5597033731427573,147.6184,0.4673367279616149,168.25319999999994,147.6184,168.25319999999994,2.1856789059374866,-57.465999999999724,7,0.7142857142857143,3.025409528211904,23,19,0.8260869565217391,10.80204792576138,anti_overfit_percent_wf,Anti-overfit top-trade-neutral walk-forward,top_trade_neutral_score,2025-11-01,2026-01-31,2026-02-01,2026-02-28
a=90s | move=0.9x percent_to_dollar sigma (63D)/3600s | hold=14400s | continuation | exit_by_midnight,90,0.9,3600,14400,63,percent_to_dollar,continuation,exit_by_midnight,2.2773752651343218,130.56400000000065,1.717947368421061,2.3385470944856697,2.385917106823894,-70.44880000000015,0.10526315789473684,0.15789473684210525,76,12,0.6666666666666666,10.88033333333339,2.3417050312397096,8,4,0.15789473684210525,2,3,0.6666666666666666,65.56080000000037,0.5021353512453666,46.40040000000091,0.35538433258785485,84.16359999999975,46.40040000000091,84.16359999999975,1.6835351145752135,-70.44880000000015,11,0.6363636363636364,1.8648840841828147,53,22,0.41509433962264153,10.496243189662621,anti_overfit_percent_wf,Anti-overfit top-trade-neutral walk-forward,top_trade_neutral_score,2025-11-01,2026-01-31,2026-02-01,2026-02-28
a=300s | move=0.65x percent_to_dollar sigma (63D)/900s | hold=21600s | reversal | exit_by_midnight,300,0.65,900,21600,63,percent_to_dollar,reversal,exit_by_midnight,2.7202961461990305,173.88040000000078,2.2879000000000103,2.591137565906215,1.7285635116710716,-40.459199999999555,0.05263157894736842,0.07894736842105263,76,6,0.6666666666666666,28.980066666666797,4.39583626279194,2,4,0.07894736842105263,3,3,1.0,95.47400000000084,0.5490785620460984,72.486,0.4168727470146128,101.39440000000077,72.486,101.39440000000077,1.858121106459988,-40.45919999999955,5,0.6,2.980204671510019,23,19,0.8260869565217391,10.402904841851203,anti_overfit_percent_wf,Anti-overfit top-trade-neutral walk-forward,top_trade_neutral_score,2025-11-01,2026-01-31,2026-02-01,2026-02-28
a=60s | move=0.55x percent_to_dollar sigma (63D)/1200s | hold=21600s | reversal | exit_by_midnight,60,0.55,1200,21600,63,percent_to_dollar,reversal,exit_by_midnight,2.242214057935941,306.94600000000025,4.03876315789474,2.225207581258126,2.412771948493608,-153.4972000000003,0.11842105263157894,0.19736842105263158,76,15,0.6,20.463066666666688,2.399226141960269,6,9,0.19736842105263158,3,3,1.0,149.45239999999998,0.486901279052341,146.6188000000002,0.47766968782782665,160.32720000000006,146.6188000000002,160.32720000000006,1.4208091238068112,-153.49720000000028,14,0.5714285714285714,1.7308582275295705,35,21,0.6,10.34221405793594,anti_overfit_percent_wf,Anti-overfit top-trade-neutral walk-forward,top_trade_neutral_score,2025-11-01,2026-01-31,2026-02-01,2026-02-28
a=300s | move=0.55x percent_to_dollar sigma (63D)/1200s | hold=21600s | reversal | exit_by_midnight,300,0.55,1200,21600,63,percent_to_dollar,reversal,exit_by_midnight,2.2135104707970505,317.95680000000027,4.183642105263162,2.2053261261819856,2.3784506378390233,-185.25040000000024,0.10526315789473684,0.19736842105263158,76,15,0.5333333333333333,21.19712000000001,2.3025144402113686,6,9,0.19736842105263158,3,3,1.0,148.4464000000002,0.46687600328094914,150.61760000000012,0.47370460389587515,167.33920000000015,150.61760000000012,167.3392000000001,1.4068609237189569,-185.2504000000002,14,0.5,1.6855073532423828,35,21,0.6,10.31351047079705,anti_overfit_percent_wf,Anti-overfit top-trade-neutral walk-forward,top_trade_neutral_score,2025-11-01,2026-01-31,2026-02-01,2026-02-28
a=120s | move=0.9x percent_to_dollar sigma (63D)/3600s | hold=14400s | continuation | exit_by_midnight,120,0.9,3600,14400,63,percent_to_dollar,continuation,exit_by_midnight,2.8307140667816046,153.57919999999964,2.0207789473684166,2.8504155015075385,2.626733747224846,-56.445200000000085,0.10526315789473684,0.15789473684210525,76,12,0.6666666666666666,12.798266666666635,2.888866477426422,8,4,0.15789473684210525,2,3,0.6666666666666666,99.57159999999999,0.648340400262537,45.49879999999969,0.2962562638690643,108.08039999999995,45.49879999999969,108.08039999999994,2.2447537669785076,-56.445200000000085,11,0.6363636363636364,2.3292779518765463,53,20,0.37735849056603776,10.302412179989151,anti_overfit_percent_wf,Anti-overfit top-trade-neutral walk-forward,top_trade_neutral_score,2025-11-01,2026-01-31,2026-02-01,2026-02-28
a=300s | move=0.6x percent_to_dollar sigma (63D)/900s | hold=21600s | reversal | exit_by_midnight,300,0.6,900,21600,63,percent_to_dollar,reversal,exit_by_midnight,3.015986946268847,296.8900000000009,3.9064473684210643,2.7898974746197127,3.7764897704047913,-42.459999999999866,0.06578947368421052,0.10526315789473684,76,8,0.625,37.11125000000011,4.916175973998514,3,5,0.10526315789473684,3,3,1.0,166.80520000000033,0.5618417595742525,150.61760000000012,0.5073178618343483,146.27240000000077,150.61760000000012,146.27240000000074,2.142771862325296,-42.459999999999866,7,0.5714285714285714,2.929429952302535,23,18,0.782608695652174,10.294247815834064,anti_overfit_percent_wf,Anti-overfit top-trade-neutral walk-forward,top_trade_neutral_score,2025-11-01,2026-01-31,2026-02-01,2026-02-28
a=60s | move=0.75x percent_to_dollar sigma (63D)/1800s | hold=21600s | reversal | exit_by_midnight,60,0.75,1800,21600,63,percent_to_dollar,reversal,exit_by_midnight,1.9952606775110606,264.84240000000153,3.4847684210526517,2.341705281801587,1.954679060589921,-68.58799999999968,0.06578947368421052,0.10526315789473684,76,8,0.625,33.1053000000002,3.372102521478064,4,4,0.10526315789473684,2,3,0.6666666666666666,134.3624000000006,0.5073296420814788,145.5456000000004,0.5495555092387003,119.29680000000113,145.5456000000004,119.29680000000116,1.4749217094400833,-68.58799999999965,7,0.5714285714285714,2.0685005123207767,35,21,0.6,10.09526067751106,anti_overfit_percent_wf,Anti-overfit top-trade-neutral walk-forward,top_trade_neutral_score,2025-11-01,2026-01-31,2026-02-01,2026-02-28
a=90s | move=0.6x percent_to_dollar sigma (63D)/900s | hold=7200s | reversal | exit_by_midnight,90,0.6,900,7200,63,percent_to_dollar,reversal,exit_by_midnight,2.2408292093924618,163.5836000000016,2.1524157894737055,2.517216756558783,2.2858216279305568,-66.7051999999989,0.10526315789473684,0.18421052631578946,76,14,0.5714285714285714,11.684542857142972,2.8370684814590335,3,11,0.18421052631578946,2,3,0.6666666666666666,95.5232000000018,0.5839411774774541,75.61680000000011,0.4622517171647975,87.9668000000015,75.61680000000011,87.96680000000151,1.7412454803741464,-76.04919999999879,13,0.5384615384615384,1.987880421355263,53,21,0.39622641509433965,10.086112228260387,anti_overfit_percent_wf,Anti-overfit top-trade-neutral walk-forward,top_trade_neutral_score,2025-11-01,2026-01-31,2026-02-01,2026-02-28
a=300s | move=0.5x percent_to_dollar sigma (63D)/900s | hold=21600s | reversal | exit_by_midnight,300,0.5,900,21600,63,percent_to_dollar,reversal,exit_by_midnight,4.36108915276103,540.3919999999991,7.110421052631568,3.5620770412061518,4.5088840346755354,-90.09640000000104,0.13157894736842105,0.18421052631578946,76,14,0.7142857142857143,38.599428571428504,4.568611601989516,7,7,0.18421052631578946,3,3,1.0,368.88319999999806,0.6826215043894037,150.6180000000001,0.27871989222638444,389.77399999999903,150.6180000000001,389.773999999999,3.021103681053087,-90.09640000000104,13,0.6923076923076923,3.5739685608851706,23,13,0.5652173913043478,9.617610891891465,anti_overfit_percent_wf,Anti-overfit top-trade-neutral walk-forward,top_trade_neutral_score,2025-11-01,2026-01-31,2026-02-01,2026-02-28
a=180s | move=0.9x percent_to_dollar sigma (63D)/3600s | hold=14400s | continuation | exit_by_midnight,180,0.9,3600,14400,63,percent_to_dollar,continuation,exit_by_midnight,1.9601319809915574,123.58160000000136,1.626073684210544,2.2315092446016047,1.6338433919054964,-86.45559999999908,0.10526315789473684,0.15789473684210525,76,12,0.6666666666666666,10.29846666666678,2.3103430725970235,8,4,0.15789473684210525,2,3,0.6666666666666666,79.57000000000113,0.6438660771506458,50.50080000000011,0.4086433579108828,73.08080000000125,50.50080000000011,73.08080000000125,1.5148080572877,-86.45559999999908,11,0.6363636363636364,1.7748800793957078,53,20,0.37735849056603776,9.431830094199103,anti_overfit_percent_wf,Anti-overfit top-trade-neutral walk-forward,top_trade_neutral_score,2025-11-01,2026-01-31,2026-02-01,2026-02-28
a=300s | move=0.55x percent_to_dollar sigma (63D)/900s | hold=7200s | reversal | exit_by_midnight,300,0.55,900,7200,63,percent_to_dollar,reversal,exit_by_midnight,4.024403425556395,281.3895999999999,3.702494736842104,3.522024665440687,4.5370745266457515,-48.198400000000674,0.13157894736842105,0.21052631578947367,76,16,0.625,17.58684999999999,4.117227138381595,6,10,0.21052631578947367,3,3,1.0,176.30279999999888,0.6265434116968037,78.61759999999951,0.27939056738415186,202.7720000000004,78.61759999999951,202.7720000000004,2.974465384328997,-48.198400000000674,15,0.6,3.246303279523881,35,14,0.4,9.424403425556395,anti_overfit_percent_wf,Anti-overfit top-trade-neutral walk-forward,top_trade_neutral_score,2025-11-01,2026-01-31,2026-02-01,2026-02-28
a=60s | move=0.55x percent_to_dollar sigma (63D)/900s | hold=7200s | reversal | exit_by_midnight,60,0.55,900,7200,63,percent_to_dollar,reversal,exit_by_midnight,3.449900771783146,258.3828000000038,3.399773684210576,3.0968674716072426,3.501864204977618,-65.19119999999944,0.13157894736842105,0.21052631578947367,76,16,0.625,16.148925000000233,3.2797060889145087,6,10,0.21052631578947367,3,3,1.0,171.30560000000273,0.6629914994341737,78.61880000000022,0.30427257541910324,179.76400000000356,78.61880000000022,179.76400000000353,2.490307596358768,-65.19119999999944,15,0.6,2.5860540460418773,35,15,0.42857142857142855,9.235615057497432,anti_overfit_percent_wf,Anti-overfit top-trade-neutral walk-forward,top_trade_neutral_score,2025-11-01,2026-01-31,2026-02-01,2026-02-28
a=60s | move=0.5x percent_to_dollar sigma (63D)/900s | hold=21600s | reversal | exit_by_midnight,60,0.5,900,21600,63,percent_to_dollar,reversal,exit_by_midnight,3.901514918606654,493.3768000000013,6.491800000000017,3.227743253306357,3.2081548881050623,-125.09679999999832,0.11842105263157894,0.18421052631578946,76,14,0.6428571428571429,35.24120000000009,3.624841725347999,7,7,0.18421052631578946,3,3,1.0,310.88080000000105,0.6301082661365517,144.6183999999999,0.2931195791938322,348.7584000000014,144.6183999999999,348.7584000000015,2.6391761182090634,-125.0967999999983,13,0.6153846153846154,2.8554492233635798,23,13,0.5652173913043478,9.158036657737089,anti_overfit_percent_wf,Anti-overfit top-trade-neutral walk-forward,top_trade_neutral_score,2025-11-01,2026-01-31,2026-02-01,2026-02-28
a=90s | move=0.65x percent_to_dollar sigma (63D)/2400s | hold=7200s | reversal | exit_by_midnight,90,0.65,2400,7200,63,percent_to_dollar,reversal,exit_by_midnight,1.375547370640051,131.2056000000005,1.726389473684217,1.3802581079349117,0.9643224803363032,-88.88039999999936,0.17105263157894737,0.2894736842105263,76,22,0.5909090909090909,5.963890909090932,1.5404122114766743,7,15,0.2894736842105263,3,3,1.0,63.133200000000684,0.48117763266202396,68.41799999999938,0.5214564012511594,62.787600000001106,68.41799999999938,62.7876000000011,0.7174448715784177,-88.88039999999937,21,0.5714285714285714,1.258610804487865,80,21,0.2625,9.05367237064005,anti_overfit_percent_wf,Anti-overfit top-trade-neutral walk-forward,top_trade_neutral_score,2025-11-01,2026-01-31,2026-02-01,2026-02-28
a=300s | move=0.5x percent_to_dollar sigma (63D)/900s | hold=14400s | reversal | exit_by_midnight,300,0.5,900,14400,63,percent_to_dollar,reversal,exit_by_midnight,2.324911780222415,266.6200000000017,3.508157894736865,2.1474226264002487,2.4741851503285384,-110.69999999999871,0.14473684210526316,0.27631578947368424,76,21,0.5238095238095238,12.69619047619056,1.9889011039551616,10,11,0.27631578947368424,3,3,1.0,145.1832000000005,0.5445322931512999,111.61800000000005,0.41864076213337087,155.00200000000166,111.61800000000005,155.00200000000171,1.4270883518224386,-110.6999999999987,20,0.5,1.5749067921208393,35,17,0.4857142857142857,8.882054637365272,anti_overfit_percent_wf,Anti-overfit top-trade-neutral walk-forward,top_trade_neutral_score,2025-11-01,2026-01-31,2026-02-01,2026-02-28
a=90s | move=0.65x percent_to_dollar sigma (63D)/2400s | hold=3600s | reversal | exit_by_midnight,90,0.65,2400,3600,63,percent_to_dollar,reversal,exit_by_midnight,1.8495877503476894,152.205600000002,2.002705263157921,1.769123570271396,1.064640046780755,-138.79719999999907,0.17105263157894737,0.2894736842105263,76,22,0.5909090909090909,6.918436363636453,1.7982252989301488,7,15,0.2894736842105263,3,3,1.0,62.372800000000716,0.40979306937458215,64.26560000000018,0.4222288798835216,87.94000000000182,64.26560000000018,87.9400000000018,1.116676610260326,-138.79719999999907,21,0.5714285714285714,1.4611915250681806,80,19,0.2375,8.79646275034769,anti_overfit_percent_wf,Anti-overfit top-trade-neutral walk-forward,top_trade_neutral_score,2025-11-01,2026-01-31,2026-02-01,2026-02-28
a=60s | move=0.5x percent_to_dollar sigma (63D)/900s | hold=14400s | reversal | exit_by_midnight,60,0.5,900,14400,63,percent_to_dollar,reversal,exit_by_midnight,1.8934165640647644,230.62440000000106,3.0345315789473823,1.8675328270459974,1.744524545199871,-155.78519999999872,0.15789473684210525,0.27631578947368424,76,21,0.5714285714285714,10.982114285714339,1.817391513921122,10,11,0.27631578947368424,3,3,1.0,86.34719999999878,0.3744061773168771,106.61840000000034,0.4623032081601073,124.00600000000072,106.61840000000034,124.0060000000007,1.135417170184842,-155.78519999999872,20,0.55,1.4395087947125387,35,17,0.4857142857142857,8.450559421207622,anti_overfit_percent_wf,Anti-overfit top-trade-neutral walk-forward,top_trade_neutral_score,2025-11-01,2026-01-31,2026-02-01,2026-02-28
a=60s | move=0.9x percent_to_dollar sigma (63D)/3600s | hold=14400s | continuation | exit_by_midnight,60,0.9,3600,14400,63,percent_to_dollar,continuation,exit_by_midnight,2.484452344213061,138.5696000000026,1.82328421052635,2.5335848558362324,2.234754357481997,-62.44919999999888,0.10526315789473684,0.15789473684210525,76,12,0.6666666666666666,11.547466666666885,2.501061589524518,8,4,0.15789473684210525,2,3,0.6666666666666666,83.56240000000247,0.6030355864489824,45.4000000000004,0.3276331893864134,93.16960000000219,45.4000000000004,93.16960000000222,1.900339034049792,-62.44919999999888,11,0.6363636363636364,2.0092639934831573,35,15,0.42857142857142855,8.270166629927347,anti_overfit_percent_wf,Anti-overfit top-trade-neutral walk-forward,top_trade_neutral_score,2025-11-01,2026-01-31,2026-02-01,2026-02-28
a=300s | move=0.9x percent_to_dollar sigma (63D)/3600s | hold=14400s | continuation | exit_by_midnight,300,0.9,3600,14400,63,percent_to_dollar,continuation,exit_by_midnight,3.158421931378275,187.5912000000028,2.4683052631579314,3.0966723593270813,7.596584620516558,-71.44959999999782,0.11842105263157894,0.15789473684210525,76,12,0.75,15.632600000000238,3.135435781383065,8,4,0.15789473684210525,2,3,0.6666666666666666,123.58760000000233,0.6588134198192691,48.4999999999998,0.2585409123668865,139.091200000003,48.4999999999998,139.09120000000303,2.533299196242719,-71.44959999999782,11,0.7272727272727273,2.5833382661633895,35,13,0.37142857142857144,8.172707645663989,anti_overfit_percent_wf,Anti-overfit top-trade-neutral walk-forward,top_trade_neutral_score,2025-11-01,2026-01-31,2026-02-01,2026-02-28
a=60s | move=0.6x percent_to_dollar sigma (63D)/900s | hold=7200s | reversal | exit_by_midnight,60,0.6,900,7200,63,percent_to_dollar,reversal,exit_by_midnight,1.83233546965628,144.56480000000397,1.902168421052684,2.1362280850719353,1.8988252135365251,-71.70319999999936,0.11842105263157894,0.18421052631578946,76,14,0.6428571428571429,10.326057142857426,2.2730167452149233,3,11,0.18421052631578946,3,3,1.0,99.52440000000311,0.688441446327186,77.61840000000042,0.536910783261197,66.94640000000355,77.61840000000042,66.94640000000355,1.2641600418475591,-93.06599999999898,13,0.6153846153846154,1.5895203274369545,35,14,0.4,7.232335469656279,anti_overfit_percent_wf,Anti-overfit top-trade-neutral walk-forward,top_trade_neutral_score,2025-11-01,2026-01-31,2026-02-01,2026-02-28
a=180s | move=0.65x percent_to_dollar sigma (63D)/2400s | hold=3600s | reversal | exit_by_midnight,180,0.65,2400,3600,63,percent_to_dollar,reversal,exit_by_midnight,1.5427613241018905,134.22960000000057,1.7661789473684286,1.5615349486598065,0.9214161758902477,-118.39919999999869,0.17105263157894737,0.2894736842105263,76,22,0.5909090909090909,6.101345454545481,1.722710503589064,7,15,0.2894736842105263,3,3,1.0,58.14119999999954,0.4331473832895225,65.53159999999997,0.48820528408040914,68.6980000000006,65.53159999999997,68.6980000000006,0.8774184871621947,-118.39919999999869,21,0.5714285714285714,1.369879416876467,80,15,0.1875,7.027136324101891,anti_overfit_percent_wf,Anti-overfit top-trade-neutral walk-forward,top_trade_neutral_score,2025-11-01,2026-01-31,2026-02-01,2026-02-28
a=120s | move=0.45x percent_to_dollar sigma (63D)/900s | hold=21600s | reversal | exit_by_midnight,120,0.45,900,21600,63,percent_to_dollar,reversal,exit_by_midnight,2.6957500442914495,400.8195999999985,5.273942105263139,2.444646017419247,3.304889296476947,-227.02600000000245,0.15789473684210525,0.27631578947368424,76,21,0.5714285714285714,19.086647619047547,2.186335550796218,9,12,0.27631578947368424,3,3,1.0,268.89679999999794,0.6708673927123298,146.6184000000002,0.36579648300632195,254.2011999999983,146.6184000000002,254.20119999999827,1.7668715510804442,-227.02600000000245,20,0.55,1.7523781786495927,35,11,0.3142857142857143,6.938607187148592,anti_overfit_percent_wf,Anti-overfit top-trade-neutral walk-forward,top_trade_neutral_score,2025-11-01,2026-01-31,2026-02-01,2026-02-28
a=120s | move=0.5x percent_to_dollar sigma (63D)/900s | hold=7200s | reversal | exit_by_midnight,120,0.5,900,7200,63,percent_to_dollar,reversal,exit_by_midnight,2.4717844274631817,246.6343999999986,3.245189473684192,2.06789848106902,1.3522346662690206,-127.16999999999987,0.17105263157894737,0.27631578947368424,76,21,0.6190476190476191,11.744495238095174,1.947688439198845,10,11,0.27631578947368424,3,3,1.0,131.18399999999764,0.5318966048531688,77.61719999999971,0.3147054912047961,169.0171999999989,77.61719999999971,169.01719999999887,1.510920027463184,-127.16999999999987,20,0.6,1.6494456834316646,53,11,0.20754716981132076,6.581218389727332,anti_overfit_percent_wf,Anti-overfit top-trade-neutral walk-forward,top_trade_neutral_score,2025-11-01,2026-01-31,2026-02-01,2026-02-28
a=90s | move=0.5x percent_to_dollar sigma (63D)/900s | hold=7200s | reversal | exit_by_midnight,90,0.5,900,7200,63,percent_to_dollar,reversal,exit_by_midnight,2.442119019303486,247.64000000000266,3.258421052631614,2.0716089871668935,1.3821251188023227,-136.16639999999882,0.17105263157894737,0.27631578947368424,76,21,0.6190476190476191,11.792380952381079,1.9371414385749308,10,11,0.27631578947368424,3,3,1.0,138.1960000000019,0.5580520109836877,80.28759999999983,0.3242109513810328,167.35240000000283,80.28759999999983,167.35240000000283,1.4996196275412448,-136.16639999999882,20,0.6,1.6333099211959614,53,11,0.20754716981132076,6.551552981567636,anti_overfit_percent_wf,Anti-overfit top-trade-neutral walk-forward,top_trade_neutral_score,2025-11-01,2026-01-31,2026-02-01,2026-02-28
a=180s | move=0.45x percent_to_dollar sigma (63D)/900s | hold=21600s | reversal | exit_by_midnight,180,0.45,900,21600,63,percent_to_dollar,reversal,exit_by_midnight,2.3083787835620977,357.80759999999634,4.707994736842057,2.2145971431056584,2.9524247746027976,-230.75880000000222,0.14473684210526316,0.27631578947368424,76,21,0.5238095238095238,17.038457142856974,1.9950033981786404,9,12,0.27631578947368424,3,3,1.0,241.88639999999614,0.6760236506994223,145.61719999999968,0.40697067362459927,212.19039999999666,145.61719999999968,212.19039999999666,1.5020025268051227,-230.75880000000228,20,0.5,1.5900661949631125,35,11,0.3142857142857143,6.551235926419241,anti_overfit_percent_wf,Anti-overfit top-trade-neutral walk-forward,top_trade_neutral_score,2025-11-01,2026-01-31,2026-02-01,2026-02-28
a=90s | move=0.3x percent_to_dollar sigma (63D)/1800s | hold=21600s | continuation | exit_by_midnight,90,0.3,1800,21600,63,percent_to_dollar,continuation,exit_by_midnight,2.791272536586354,509.2688000000007,6.700905263157904,2.2452499933125387,3.0890023339096198,-180.2267999999998,0.40789473684210525,0.7368421052631579,76,56,0.5535714285714286,9.094085714285727,1.501718340352368,26,30,0.7368421052631579,2,3,0.6666666666666666,349.1676000000003,0.6856253514843238,118.44080000000008,0.23257030471923654,390.8280000000006,118.44080000000008,390.8280000000006,1.7915623501995954,-180.2267999999998,55,0.5454545454545454,1.385033553053388,53,10,0.18867924528301888,6.527121593190127,anti_overfit_percent_wf,Anti-overfit top-trade-neutral walk-forward,top_trade_neutral_score,2025-11-01,2026-01-31,2026-02-01,2026-02-28
a=180s | move=0.3x percent_to_dollar sigma (63D)/2400s | hold=7200s | continuation | exit_by_midnight,180,0.3,2400,7200,63,percent_to_dollar,continuation,exit_by_midnight,1.824017565821657,163.8328000000001,2.1556947368421064,1.4118635327141384,2.2883573072973817,-159.13160000000207,0.5,0.8026315789473685,76,61,0.6229508196721312,2.6857836065573797,1.2642629893612687,30,31,0.8026315789473685,3,3,1.0,100.17679999999483,0.6114575347549133,45.491999999999685,0.2776733352539886,118.34080000000043,45.491999999999685,118.34080000000044,1.0425607168878428,-159.13160000000204,60,0.6166666666666667,1.1908842037211353,80,12,0.15,6.211517565821657,anti_overfit_percent_wf,Anti-overfit top-trade-neutral walk-forward,top_trade_neutral_score,2025-11-01,2026-01-31,2026-02-01,2026-02-28
a=180s | move=0.5x percent_to_dollar sigma (63D)/900s | hold=7200s | reversal | exit_by_midnight,180,0.5,900,7200,63,percent_to_dollar,reversal,exit_by_midnight,1.799926465357343,190.6243999999969,2.5082157894736437,1.5973523636216194,1.0731201547363538,-131.16919999999908,0.17105263157894737,0.27631578947368424,76,21,0.6190476190476191,9.077352380952235,1.6500325997702843,10,11,0.27631578947368424,3,3,1.0,101.1831999999979,0.5307987854650272,78.61759999999951,0.4124214948348731,112.0067999999974,78.61759999999951,112.00679999999741,1.0038981864835022,-131.16919999999908,20,0.6,1.3819451832816234,53,11,0.20754716981132076,5.909360427621493,anti_overfit_percent_wf,Anti-overfit top-trade-neutral walk-forward,top_trade_neutral_score,2025-11-01,2026-01-31,2026-02-01,2026-02-28
a=180s | move=0.3x percent_to_dollar sigma (63D)/2400s | hold=7200s | continuation | exit_by_midnight,180,0.3,2400,7200,63,percent_to_dollar,continuation,exit_by_midnight,1.3656247158800654,205.75920000000377,2.7434560000000503,1.4767778625507026,2.075260238903543,-183.72799999999756,0.52,0.8133333333333334,75,61,0.639344262295082,3.3731016393443243,1.308026627879758,35,26,0.8133333333333334,3,3,1.0,142.10319999999842,0.6906286571876048,102.29999999999971,0.49718311501987683,103.45920000000406,102.29999999999971,103.45920000000407,0.808293145035666,-183.72799999999756,60,0.6333333333333333,1.154880989521431,80,43,0.5375,17.087499715880064,anti_overfit_percent_wf,Anti-overfit top-trade-neutral walk-forward,top_trade_neutral_score,2025-12-01,2026-02-28,2026-03-01,2026-03-26
a=120s | move=0.3x percent_to_dollar sigma (63D)/2400s | hold=7200s | continuation | exit_by_midnight,120,0.3,2400,7200,63,percent_to_dollar,continuation,exit_by_midnight,1.5122680083476192,217.74960000000212,2.903328000000028,1.5720866375167517,2.103844481571148,-170.72640000000155,0.49333333333333335,0.8133333333333334,75,61,0.6065573770491803,3.569665573770527,1.3310810153311712,35,26,0.8133333333333334,3,3,1.0,150.09800000000112,0.6893146990855537,103.29920000000023,0.47439444205637676,114.45040000000189,103.29920000000023,114.45040000000188,0.9018754642040647,-170.72640000000155,60,0.6,1.1740180217876808,80,41,0.5125,16.50289300834762,anti_overfit_percent_wf,Anti-overfit top-trade-neutral walk-forward,top_trade_neutral_score,2025-12-01,2026-02-28,2026-03-01,2026-03-26
a=90s | move=0.95x percent_to_dollar sigma (63D)/3600s | hold=21600s | continuation | exit_by_midnight,90,0.95,3600,21600,63,percent_to_dollar,continuation,exit_by_midnight,3.176078237611207,193.49799999999965,2.579973333333329,3.103155924427346,0.0,-26.520000000000195,0.06666666666666667,0.08,75,6,0.8333333333333334,32.249666666666606,8.29630467571606,3,3,0.08,2,3,0.6666666666666666,104.85879999999986,0.5419115443053678,85.58319999999955,0.4422950108011437,107.9148000000001,85.58319999999955,107.91480000000008,2.555989895712065,-26.5200000000002,5,0.8,5.069185520361772,35,34,0.9714285714285714,16.29036395189692,anti_overfit_percent_wf,Anti-overfit top-trade-neutral walk-forward,top_trade_neutral_score,2025-12-01,2026-02-28,2026-03-01,2026-03-26
a=120s | move=0.95x percent_to_dollar sigma (63D)/3600s | hold=21600s | continuation | exit_by_midnight,120,0.95,3600,21600,63,percent_to_dollar,continuation,exit_by_midnight,3.1211380703108667,183.49840000000162,2.446645333333355,3.071393440406644,0.0,-23.52120000000008,0.06666666666666667,0.08,75,6,0.8333333333333334,30.583066666666937,8.80140469023656,3,3,0.08,2,3,0.6666666666666666,102.85600000000026,0.5605280482009617,83.58279999999995,0.4554960697204946,99.91560000000167,83.58279999999995,99.91560000000169,2.531846158751956,-23.521200000000086,5,0.8,5.247895515534755,35,34,0.9714285714285714,16.23542378459658,anti_overfit_percent_wf,Anti-overfit top-trade-neutral walk-forward,top_trade_neutral_score,2025-12-01,2026-02-28,2026-03-01,2026-03-26
a=180s | move=0.95x percent_to_dollar sigma (63D)/3600s | hold=21600s | continuation | exit_by_midnight,180,0.95,3600,21600,63,percent_to_dollar,continuation,exit_by_midnight,3.3964655157935657,208.49000000000092,2.779866666666679,3.251502958466168,0.0,-23.52120000000008,0.06666666666666667,0.08,75,6,0.8333333333333334,34.748333333333484,9.863918507558724,3,3,0.08,2,3,0.6666666666666666,104.85680000000056,0.5029344333061543,81.58199999999962,0.3912993428941401,126.9080000000013,81.58199999999962,126.90800000000127,2.6971452229641684,-23.521200000000086,5,0.8,6.395473020083773,35,33,0.9428571428571428,16.125036944364993,anti_overfit_percent_wf,Anti-overfit top-trade-neutral walk-forward,top_trade_neutral_score,2025-12-01,2026-02-28,2026-03-01,2026-03-26
a=180s | move=0.3x percent_to_dollar sigma (63D)/2400s | hold=3600s | continuation | exit_by_midnight,180,0.3,2400,3600,63,percent_to_dollar,continuation,exit_by_midnight,3.3256964099321,272.7592000000033,3.6367893333333776,2.8849666277290584,4.3678360319561556,-131.1903999999979,0.48,0.8133333333333334,75,61,0.5901639344262295,4.471462295082022,1.6692491903032753,35,26,0.8133333333333334,3,3,1.0,189.1031999999998,0.6932972380033285,59.30000000000045,0.2174078821172658,213.45920000000285,59.30000000000045,213.45920000000282,2.3874413384345883,-131.1903999999979,60,0.5833333333333334,1.523749141230745,80,35,0.4375,16.1225714099321,anti_overfit_percent_wf,Anti-overfit top-trade-neutral walk-forward,top_trade_neutral_score,2025-12-01,2026-02-28,2026-03-01,2026-03-26
a=120s | move=0.3x percent_to_dollar sigma (63D)/2400s | hold=3600s | continuation | exit_by_midnight,120,0.3,2400,3600,63,percent_to_dollar,continuation,exit_by_midnight,3.795765620834942,294.7496000000017,3.929994666666689,3.2574421279728956,5.050160406039638,-121.06599999999972,0.48,0.8133333333333334,75,61,0.5901639344262295,4.831960655737734,1.7998363148702772,35,26,0.8133333333333334,3,3,1.0,189.0980000000012,0.6415547298452656,59.299200000000454,0.20118500584903293,235.45040000000125,59.299200000000454,235.45040000000125,2.7645968682188884,-121.06599999999972,60,0.5833333333333334,1.6389212411848308,80,33,0.4125,15.861390620834941,anti_overfit_percent_wf,Anti-overfit top-trade-neutral walk-forward,top_trade_neutral_score,2025-12-01,2026-02-28,2026-03-01,2026-03-26
a=90s | move=0.55x percent_to_dollar sigma (63D)/900s | hold=14400s | reversal | exit_by_midnight,90,0.55,900,14400,63,percent_to_dollar,reversal,exit_by_midnight,2.1999966206389487,300.4544000000027,4.006058666666703,1.8997848786594969,1.0780428821266246,-174.81639999999987,0.2,0.29333333333333333,75,22,0.6818181818181818,13.657018181818303,1.903079050195381,11,11,0.29333333333333333,3,3,1.0,109.29440000000085,0.3637636859370336,114.33640000000017,0.38054493460571437,186.11800000000252,114.33640000000017,186.1180000000025,1.2754857215932294,-174.81639999999987,21,0.6666666666666666,1.5594168920949878,53,36,0.6792452830188679,15.649053224412533,anti_overfit_percent_wf,Anti-overfit top-trade-neutral walk-forward,top_trade_neutral_score,2025-12-01,2026-02-28,2026-03-01,2026-03-26
a=180s | move=1x percent_to_dollar sigma (63D)/3600s | hold=21600s | continuation | exit_by_midnight,180,1.0,3600,21600,63,percent_to_dollar,continuation,exit_by_midnight,3.2991156594903486,212.49000000000154,2.8332000000000206,3.183039816939459,0.0,-27.519599999999997,0.06666666666666667,0.08,75,6,0.8333333333333334,35.415000000000255,8.721405834386866,3,3,0.08,2,3,0.6666666666666666,107.85720000000069,0.507587180573203,86.58000000000006,0.4074544684455712,125.91000000000149,86.58000000000006,125.91000000000147,2.6179061108245243,-27.5196,5,0.8,5.575284524484219,35,32,0.9142857142857143,15.64197280234749,anti_overfit_percent_wf,Anti-overfit top-trade-neutral walk-forward,top_trade_neutral_score,2025-12-01,2026-02-28,2026-03-01,2026-03-26
a=90s | move=1x percent_to_dollar sigma (63D)/3600s | hold=21600s | continuation | exit_by_midnight,90,1.0,3600,21600,63,percent_to_dollar,continuation,exit_by_midnight,3.2246069840289064,198.49520000000146,2.646602666666686,3.1204557008362293,0.0,-24.520799999999895,0.06666666666666667,0.08,75,6,0.8333333333333334,33.08253333333358,9.094972431568028,3,3,0.08,2,3,0.6666666666666666,110.85560000000079,0.5584800035466851,89.58080000000017,0.4512995780250581,108.9144000000013,89.58080000000017,108.91440000000131,2.613633670207711,-24.520799999999888,5,0.8,5.441714789076881,35,32,0.9142857142857143,15.567464126886048,anti_overfit_percent_wf,Anti-overfit top-trade-neutral walk-forward,top_trade_neutral_score,2025-12-01,2026-02-28,2026-03-01,2026-03-26
a=120s | move=1x percent_to_dollar sigma (63D)/3600s | hold=21600s | continuation | exit_by_midnight,120,1.0,3600,21600,63,percent_to_dollar,continuation,exit_by_midnight,3.1176578383282343,190.50160000000022,2.5400213333333364,3.062211868384314,0.0,-23.52120000000008,0.06666666666666667,0.08,75,6,0.8333333333333334,31.750266666666704,9.099144601465506,3,3,0.08,2,3,0.6666666666666666,115.8568000000005,0.6081670705127955,90.58119999999997,0.4754878699181522,99.92040000000026,90.58119999999997,99.92040000000026,2.5790794436514446,-23.521200000000086,5,0.8,5.248099586755551,35,32,0.9142857142857143,15.460514981185376,anti_overfit_percent_wf,Anti-overfit top-trade-neutral walk-forward,top_trade_neutral_score,2025-12-01,2026-02-28,2026-03-01,2026-03-26
a=90s | move=0.3x percent_to_dollar sigma (63D)/2400s | hold=3600s | continuation | exit_by_midnight,90,0.3,2400,3600,63,percent_to_dollar,continuation,exit_by_midnight,3.5098580198676754,274.74720000000286,3.663296000000038,3.0467944611505353,5.065053784838175,-128.19440000000202,0.5066666666666667,0.8133333333333334,75,61,0.6229508196721312,4.504052459016441,1.7267129440069593,35,26,0.8133333333333334,3,3,1.0,168.09599999999898,0.6118206118206018,64.30040000000017,0.23403477815242338,210.4468000000027,64.30040000000017,210.44680000000272,2.513524278733123,-128.19440000000202,60,0.6166666666666667,1.5566368413757954,80,32,0.4,15.209858019867674,anti_overfit_percent_wf,Anti-overfit top-trade-neutral walk-forward,top_trade_neutral_score,2025-12-01,2026-02-28,2026-03-01,2026-03-26
a=90s | move=0.6x percent_to_dollar sigma (63D)/1200s | hold=21600s | reversal | exit_by_midnight,90,0.6,1200,21600,63,percent_to_dollar,reversal,exit_by_midnight,4.856833530015743,640.2684000000015,8.53691200000002,3.75933103219401,4.0800769197799385,-86.85840000000132,0.10666666666666667,0.16,75,12,0.6666666666666666,53.355700000000134,5.689511616324307,8,4,0.16,3,3,1.0,348.8236000000019,0.5448083959789379,162.35560000000058,0.2535742822853669,477.91280000000097,162.35560000000058,477.91280000000097,3.2378663300157426,-86.85840000000132,11,0.6363636363636364,4.500372073945978,53,27,0.5094339622641509,14.943625982845932,anti_overfit_percent_wf,Anti-overfit top-trade-neutral walk-forward,top_trade_neutral_score,2025-12-01,2026-02-28,2026-03-01,2026-03-26
a=90s | move=0.55x percent_to_dollar sigma (63D)/900s | hold=21600s | reversal | exit_by_midnight,90,0.55,900,21600,63,percent_to_dollar,reversal,exit_by_midnight,4.898783568618424,609.2280000000021,8.123040000000028,3.8034606861636187,4.818265342830748,-59.6775999999993,0.12,0.16,75,12,0.75,50.769000000000155,6.812822734229195,7,5,0.16,3,3,1.0,318.2172000000007,0.5223285863420585,148.61680000000052,0.24394282600274447,460.6112000000016,148.61680000000052,460.61120000000153,3.2872387686184203,-59.6775999999993,11,0.7272727272727273,5.394826329388323,35,26,0.7428571428571429,14.927354997189854,anti_overfit_percent_wf,Anti-overfit top-trade-neutral walk-forward,top_trade_neutral_score,2025-12-01,2026-02-28,2026-03-01,2026-03-26
a=120s | move=0.6x percent_to_dollar sigma (63D)/1200s | hold=21600s | reversal | exit_by_midnight,120,0.6,1200,21600,63,percent_to_dollar,reversal,exit_by_midnight,4.940058978657497,643.2695999999987,8.576927999999983,3.835466297213392,4.443841262397759,-93.85720000000208,0.10666666666666667,0.16,75,12,0.6666666666666666,53.6057999999999,6.044286426754261,8,4,0.16,3,3,1.0,356.8276000000003,0.5547092540981278,162.35560000000058,0.2523912213479401,480.91399999999817,162.35560000000058,480.9139999999982,3.325620119231098,-93.85720000000208,11,0.6363636363636364,4.771152814676914,53,25,0.4716981132075472,14.279681620166931,anti_overfit_percent_wf,Anti-overfit top-trade-neutral walk-forward,top_trade_neutral_score,2025-12-01,2026-02-28,2026-03-01,2026-03-26
a=120s | move=0.55x percent_to_dollar sigma (63D)/900s | hold=14400s | reversal | exit_by_midnight,120,0.55,900,14400,63,percent_to_dollar,reversal,exit_by_midnight,2.2683758006884585,305.45120000000594,4.072682666666746,1.9534337847234038,1.1392626985772847,-172.81719999999888,0.18666666666666668,0.29333333333333333,75,22,0.6363636363636364,13.884145454545722,1.9472917703013608,11,11,0.29333333333333333,3,3,1.0,113.29720000000219,0.3709175148108765,114.33640000000017,0.37431969492998535,191.11480000000577,114.33640000000017,191.1148000000058,1.3272031718859347,-172.81719999999888,21,0.6190476190476191,1.5927018038324685,53,32,0.6037735849056604,14.223092781820533,anti_overfit_percent_wf,Anti-overfit top-trade-neutral walk-forward,top_trade_neutral_score,2025-12-01,2026-02-28,2026-03-01,2026-03-26
a=180s | move=0.55x percent_to_dollar sigma (63D)/900s | hold=14400s | reversal | exit_by_midnight,180,0.55,900,14400,63,percent_to_dollar,reversal,exit_by_midnight,2.1804398534552,294.4808000000032,3.9264106666667096,1.8717760311226084,1.1936618617692798,-178.64639999999895,0.16,0.29333333333333333,75,22,0.5454545454545454,13.385490909091056,1.895834296658831,11,11,0.29333333333333333,3,3,1.0,108.56360000000126,0.36866104683225553,110.61800000000025,0.3756373929981141,183.86280000000298,110.61800000000025,183.86280000000292,1.2605886982037788,-178.64639999999898,21,0.5238095238095238,1.5593254369036074,53,32,0.6037735849056604,14.135156834587274,anti_overfit_percent_wf,Anti-overfit top-trade-neutral walk-forward,top_trade_neutral_score,2025-12-01,2026-02-28,2026-03-01,2026-03-26
a=120s | move=0.9x percent_to_dollar sigma (63D)/3600s | hold=21600s | continuation | exit_by_midnight,120,0.9,3600,21600,63,percent_to_dollar,continuation,exit_by_midnight,3.2585728405936174,262.0020000000023,3.4933600000000307,3.162428240078524,2.5345718978476794,-56.462799999999916,0.09333333333333334,0.12,75,9,0.7777777777777778,29.111333333333587,4.195801090955185,5,4,0.12,2,3,0.6666666666666666,173.01120000000165,0.6603430508164065,85.58360000000026,0.3266524683017668,176.418400000002,85.58360000000026,176.418400000002,2.544956128705918,-56.462799999999916,8,0.75,3.15188477639319,35,28,0.8,14.058572840593616,anti_overfit_percent_wf,Anti-overfit top-trade-neutral walk-forward,top_trade_neutral_score,2025-12-01,2026-02-28,2026-03-01,2026-03-26
a=90s | move=0.9x percent_to_dollar sigma (63D)/3600s | hold=21600s | continuation | exit_by_midnight,90,0.9,3600,21600,63,percent_to_dollar,continuation,exit_by_midnight,3.2502975699556598,251.00759999999948,3.3467679999999933,3.1519912208449425,2.7885109801706083,-52.4648,0.09333333333333334,0.12,75,9,0.7777777777777778,27.889733333333275,4.218656873355381,5,4,0.12,2,3,0.6666666666666666,156.01800000000006,0.6215668370200758,87.58319999999986,0.34892648668805265,163.42439999999962,87.58319999999986,163.42439999999965,2.5295886977207176,-52.4648,8,0.75,3.095582238681131,35,28,0.8,14.050297569955658,anti_overfit_percent_wf,Anti-overfit top-trade-neutral walk-forward,top_trade_neutral_score,2025-12-01,2026-02-28,2026-03-01,2026-03-26
a=90s | move=0.55x percent_to_dollar sigma (63D)/1200s | hold=21600s | reversal | exit_by_midnight,90,0.55,1200,21600,63,percent_to_dollar,reversal,exit_by_midnight,3.4775614601887535,518.1824000000033,6.909098666666711,2.8609830509203613,4.784647761932528,-163.49880000000036,0.13333333333333333,0.22666666666666666,75,17,0.5882352941176471,30.48131764705902,2.8620953344698474,8,9,0.22666666666666666,3,3,1.0,307.12560000000326,0.5926978608304745,167.35760000000028,0.3229704443840609,350.82480000000305,167.35760000000028,350.82480000000305,2.2214340558116037,-163.49880000000036,16,0.5625,2.260693576810633,53,28,0.5283018867924528,13.937938818679319,anti_overfit_percent_wf,Anti-overfit top-trade-neutral walk-forward,top_trade_neutral_score,2025-12-01,2026-02-28,2026-03-01,2026-03-26
a=180s | move=0.55x percent_to_dollar sigma (63D)/900s | hold=21600s | reversal | exit_by_midnight,180,0.55,900,21600,63,percent_to_dollar,reversal,exit_by_midnight,4.996106531157827,608.2540000000015,8.110053333333353,3.8841789104984796,7.576714233737154,-51.12880000000007,0.10666666666666667,0.16,75,12,0.6666666666666666,50.68783333333346,7.433963062472196,7,5,0.16,3,3,1.0,299.22680000000014,0.49194382609896425,149.6180000000003,0.245979475679568,458.6360000000012,149.6180000000003,458.6360000000012,3.3799633311578243,-51.1288000000001,11,0.6363636363636364,5.851340201823575,35,23,0.6571428571428571,13.867535102586396,anti_overfit_percent_wf,Anti-overfit top-trade-neutral walk-forward,top_trade_neutral_score,2025-12-01,2026-02-28,2026-03-01,2026-03-26
a=90s | move=0.3x percent_to_dollar sigma (63D)/3600s | hold=3600s | continuation | exit_by_midnight,90,0.3,3600,3600,63,percent_to_dollar,continuation,exit_by_midnight,2.893324063432303,271.9935999999975,3.6265813333333003,2.753646298031648,4.645403954005727,-147.45360000000227,0.5466666666666666,0.84,75,63,0.6507936507936508,4.3173587301586895,1.6616232920230545,32,31,0.84,2,3,0.6666666666666666,159.11759999999722,0.5850049412927314,75.30400000000012,0.27685945551660335,196.6895999999974,75.30400000000012,196.6895999999974,2.1736521694018593,-147.45360000000227,62,0.6451612903225806,1.4784466276364483,53,29,0.5471698113207547,13.727286327583245,anti_overfit_percent_wf,Anti-overfit top-trade-neutral walk-forward,top_trade_neutral_score,2025-12-01,2026-02-28,2026-03-01,2026-03-26
a=120s | move=0.55x percent_to_dollar sigma (63D)/900s | hold=21600s | reversal | exit_by_midnight,120,0.55,900,21600,63,percent_to_dollar,reversal,exit_by_midnight,4.7514897793072315,584.2300000000013,7.78973333333335,3.713650222563694,4.726052606550499,-55.67600000000016,0.10666666666666667,0.16,75,12,0.6666666666666666,48.68583333333342,6.145116177485928,7,5,0.16,3,3,1.0,303.2224000000001,0.5190120329322346,148.5459999999998,0.25425945261283994,435.68400000000145,148.5459999999998,435.6840000000015,3.1857977793072285,-55.6760000000001,11,0.6363636363636364,4.836921754568886,35,23,0.6571428571428571,13.622918350735802,anti_overfit_percent_wf,Anti-overfit top-trade-neutral walk-forward,top_trade_neutral_score,2025-12-01,2026-02-28,2026-03-01,2026-03-26
a=180s | move=0.6x percent_to_dollar sigma (63D)/1200s | hold=21600s | reversal | exit_by_midnight,180,0.6,1200,21600,63,percent_to_dollar,reversal,exit_by_midnight,3.7876241136405047,457.9116000000014,6.105488000000019,3.138802320340509,2.9693631449280424,-96.85919999999936,0.09333333333333334,0.14666666666666667,75,11,0.6363636363636364,41.6283272727274,4.124976797003808,7,4,0.14666666666666667,3,3,1.0,242.83360000000124,0.5303067229570085,149.6180000000003,0.32673992098038107,308.2936000000011,149.6180000000003,308.29360000000105,2.517896113640502,-96.85919999999936,10,0.6,3.1039221252852576,53,26,0.49056603773584906,13.500831660810315,anti_overfit_percent_wf,Anti-overfit top-trade-neutral walk-forward,top_trade_neutral_score,2025-12-01,2026-02-28,2026-03-01,2026-03-26
a=180s | move=0.9x percent_to_dollar sigma (63D)/3600s | hold=21600s | continuation | exit_by_midnight,180,0.9,3600,21600,63,percent_to_dollar,continuation,exit_by_midnight,2.6696071076066064,219.00880000000305,2.920117333333374,2.765759688240018,1.9313807801088494,-59.46320000000003,0.09333333333333334,0.12,75,9,0.7777777777777778,24.334311111111447,3.577071340823387,5,4,0.12,2,3,0.6666666666666666,146.02200000000204,0.6667403318953394,83.58279999999995,0.38164128564696387,135.4260000000031,83.58279999999995,135.42600000000309,2.0695045207633274,-59.46320000000003,8,0.75,2.5935545211076,35,28,0.8,13.469607107606606,anti_overfit_percent_wf,Anti-overfit top-trade-neutral walk-forward,top_trade_neutral_score,2025-12-01,2026-02-28,2026-03-01,2026-03-26
a=90s | move=0.6x percent_to_dollar sigma (63D)/900s | hold=21600s | reversal | exit_by_midnight,90,0.6,900,21600,63,percent_to_dollar,reversal,exit_by_midnight,3.1700858842238904,329.40400000000216,4.3920533333333625,2.8667767893650056,3.0720611687014245,-50.673999999998955,0.06666666666666667,0.10666666666666667,75,8,0.625,41.17550000000027,5.168235746679619,4,4,0.10666666666666667,3,3,1.0,175.79479999999995,0.5336753652050333,148.61680000000052,0.45116877754975515,180.78720000000163,148.61680000000052,180.78720000000163,2.1850620673862022,-50.67399999999898,7,0.5714285714285714,3.2876579203109793,35,25,0.7142857142857143,12.812943027081033,anti_overfit_percent_wf,Anti-overfit top-trade-neutral walk-forward,top_trade_neutral_score,2025-12-01,2026-02-28,2026-03-01,2026-03-26
a=120s | move=0.55x percent_to_dollar sigma (63D)/1200s | hold=21600s | reversal | exit_by_midnight,120,0.55,1200,21600,63,percent_to_dollar,reversal,exit_by_midnight,3.051030928270786,468.1808000000019,6.242410666666692,2.581062323292082,3.603166533430524,-181.23840000000234,0.12,0.22666666666666666,75,17,0.5294117647058824,27.54004705882364,2.4584126636030974,8,9,0.22666666666666666,3,3,1.0,276.117200000003,0.5897661758021727,165.35680000000067,0.35319004965603035,302.8240000000012,165.35680000000067,302.82400000000126,1.908838497364438,-181.23840000000234,16,0.5,1.9433158225261349,53,26,0.49056603773584906,12.764238475440596,anti_overfit_percent_wf,Anti-overfit top-trade-neutral walk-forward,top_trade_neutral_score,2025-12-01,2026-02-28,2026-03-01,2026-03-26
a=180s | move=0.55x percent_to_dollar sigma (63D)/1200s | hold=21600s | reversal | exit_by_midnight,180,0.55,1200,21600,63,percent_to_dollar,reversal,exit_by_midnight,2.1546166979957686,323.83479999999986,4.317797333333331,2.1079959083057935,2.8087037683470184,-190.24200000000135,0.10666666666666667,0.21333333333333335,75,16,0.5,20.23967499999999,2.097706385944349,7,9,0.21333333333333335,3,3,1.0,142.45119999999855,0.4398884863516787,149.6180000000003,0.4620195235348405,174.21679999999955,149.6180000000003,174.21679999999955,1.3304397406469013,-190.24200000000127,15,0.4666666666666667,1.5905446045291873,53,28,0.5283018867924528,12.614994056486333,anti_overfit_percent_wf,Anti-overfit top-trade-neutral walk-forward,top_trade_neutral_score,2025-12-01,2026-02-28,2026-03-01,2026-03-26
a=60s | move=0.95x percent_to_dollar sigma (63D)/3600s | hold=21600s | continuation | exit_by_midnight,60,0.95,3600,21600,63,percent_to_dollar,continuation,exit_by_midnight,3.2042635849866885,195.4928000000021,2.6065706666666943,3.1198503829214372,0.0,-24.520799999999895,0.06666666666666667,0.08,75,6,0.8333333333333334,32.58213333333368,8.972529444389826,3,3,0.08,2,3,0.6666666666666666,100.85600000000066,0.5159064681666005,85.58360000000026,0.43778389792360306,109.90920000000183,85.58360000000026,109.90920000000182,2.574803908429387,-24.520799999999888,5,0.8,5.4822844279141325,23,23,1.0,12.504263584986688,anti_overfit_percent_wf,Anti-overfit top-trade-neutral walk-forward,top_trade_neutral_score,2025-12-01,2026-02-28,2026-03-01,2026-03-26
a=300s | move=0.95x percent_to_dollar sigma (63D)/3600s | hold=21600s | continuation | exit_by_midnight,300,0.95,3600,21600,63,percent_to_dollar,continuation,exit_by_midnight,3.5638086464339795,224.48279999999986,2.993103999999998,3.328807404949474,0.0,-16.524000000000058,0.06666666666666667,0.08,75,6,0.8333333333333334,37.41379999999998,14.5852578068255,3,3,0.08,2,3,0.6666666666666666,116.85120000000032,0.5205352035879827,90.58079999999997,0.4035088657126516,133.90199999999987,90.58079999999997,133.90199999999987,2.852660295718468,-16.524000000000058,5,0.8,9.103485838779372,23,22,0.9565217391304348,12.459460820347022,anti_overfit_percent_wf,Anti-overfit top-trade-neutral walk-forward,top_trade_neutral_score,2025-12-01,2026-02-28,2026-03-01,2026-03-26
a=90s | move=0.85x percent_to_dollar sigma (63D)/3600s | hold=21600s | continuation | exit_by_midnight,90,0.85,3600,21600,63,percent_to_dollar,continuation,exit_by_midnight,3.8121118956654847,311.0831999999988,4.1477759999999835,3.452163989492916,4.8281622393796075,-52.4644,0.12,0.16,75,12,0.75,25.923599999999894,3.578487735980365,7,5,0.16,2,3,0.6666666666666666,157.65039999999937,0.5067788938779079,78.59160000000023,0.25263852242744234,232.49159999999856,78.59160000000023,232.49159999999853,2.8995930956654874,-52.4644,11,0.7272727272727273,2.9270624042650017,35,22,0.6285714285714286,12.29782618137977,anti_overfit_percent_wf,Anti-overfit top-trade-neutral walk-forward,top_trade_neutral_score,2025-12-01,2026-02-28,2026-03-01,2026-03-26
a=60s | move=0.55x percent_to_dollar sigma (63D)/900s | hold=21600s | reversal | exit_by_midnight,60,0.55,900,21600,63,percent_to_dollar,reversal,exit_by_midnight,4.902927563595905,603.2411999999997,8.043215999999996,3.8095939500182046,5.118239028165978,-52.674800000000005,0.10666666666666667,0.16,75,12,0.6666666666666666,50.270099999999964,6.882249923941538,7,5,0.16,3,3,1.0,303.22400000000005,0.5026579749526395,147.5456,0.2445880685868274,455.6955999999997,147.5456,455.6955999999997,3.2942111635959055,-52.674800000000005,11,0.6363636363636364,5.4435217760996615,23,18,0.782608695652174,12.181188433161122,anti_overfit_percent_wf,Anti-overfit top-trade-neutral walk-forward,top_trade_neutral_score,2025-12-01,2026-02-28,2026-03-01,2026-03-26
a=120s | move=0.65x percent_to_dollar sigma (63D)/3600s | hold=14400s | continuation | exit_by_midnight,120,0.65,3600,14400,63,percent_to_dollar,continuation,exit_by_midnight,3.5407696885871167,553.4584000000049,7.379445333333399,3.041367356172232,3.7877980676222918,-142.18519999999904,0.29333333333333333,0.48,75,36,0.6111111111111112,15.373844444444579,2.1819972663591396,21,15,0.48,2,3,0.6666666666666666,359.55760000000174,0.6496560536437762,152.17679999999973,0.2749561665339227,401.28160000000514,152.17679999999973,401.28160000000514,2.455133728819938,-142.18519999999904,35,0.6,1.8569998291474539,53,23,0.4339622641509434,12.133222518775796,anti_overfit_percent_wf,Anti-overfit top-trade-neutral walk-forward,top_trade_neutral_score,2025-12-01,2026-02-28,2026-03-01,2026-03-26
a=60s | move=0.55x percent_to_dollar sigma (63D)/900s | hold=14400s | reversal | exit_by_midnight,60,0.55,900,14400,63,percent_to_dollar,reversal,exit_by_midnight,2.476071339740539,327.4868000000009,4.366490666666679,2.0513384943542947,1.3609304410463925,-163.8207999999999,0.17333333333333334,0.29333333333333333,75,22,0.5909090909090909,14.885763636363679,1.9776402425481396,11,11,0.29333333333333333,3,3,1.0,143.57439999999926,0.43841278488170776,111.33520000000006,0.339968511707952,216.15160000000088,111.33520000000006,216.15160000000085,1.457588939740537,-163.82079999999993,21,0.5714285714285714,1.6452733443032461,35,25,0.7142857142857143,12.118928482597681,anti_overfit_percent_wf,Anti-overfit top-trade-neutral walk-forward,top_trade_neutral_score,2025-12-01,2026-02-28,2026-03-01,2026-03-26
a=90s | move=0.65x percent_to_dollar sigma (63D)/3600s | hold=14400s | continuation | exit_by_midnight,90,0.65,3600,14400,63,percent_to_dollar,continuation,exit_by_midnight,3.5085546570538444,561.4480000000025,7.485973333333367,2.9904730560330557,3.634786947665394,-145.18480000000056,0.29333333333333333,0.48,75,36,0.6111111111111112,15.595777777777847,2.1223581659668693,21,15,0.48,2,3,0.6666666666666666,370.5572000000016,0.6600027072854476,150.1760000000001,0.26747980222567264,411.2720000000024,150.1760000000001,411.2720000000024,2.413697487517926,-145.18480000000056,35,0.6,1.822150025707682,53,23,0.4339622641509434,12.101007487242523,anti_overfit_percent_wf,Anti-overfit top-trade-neutral walk-forward,top_trade_neutral_score,2025-12-01,2026-02-28,2026-03-01,2026-03-26
a=300s | move=1x percent_to_dollar sigma (63D)/3600s | hold=21600s | continuation | exit_by_midnight,300,1.0,3600,21600,63,percent_to_dollar,continuation,exit_by_midnight,3.603853350306388,224.48040000000057,2.9930720000000077,3.3549612738525574,0.0,-14.524800000000454,0.06666666666666667,0.08,75,6,0.8333333333333334,37.413400000000095,16.454973562457116,3,3,0.08,2,3,0.6666666666666666,114.8496,0.5116241774337523,89.58120000000017,0.39906022975725247,134.8992000000004,89.58120000000017,134.8992000000004,2.885374922624327,-14.524800000000454,5,0.8,10.287508261730688,23,21,0.9130434782608695,12.095157698132475,anti_overfit_percent_wf,Anti-overfit top-trade-neutral walk-forward,top_trade_neutral_score,2025-12-01,2026-02-28,2026-03-01,2026-03-26
a=120s | move=0.85x percent_to_dollar sigma (63D)/3600s | hold=21600s | continuation | exit_by_midnight,120,0.85,3600,21600,63,percent_to_dollar,continuation,exit_by_midnight,3.5885795175825757,293.0799999999995,3.907733333333326,3.2902498715389177,3.875507546450928,-57.463600000000426,0.12,0.16,75,12,0.75,24.42333333333329,3.3896417331180237,7,5,0.16,2,3,0.6666666666666666,154.6508000000007,0.5276743551248839,78.59120000000023,0.2681561348437299,214.48879999999923,78.59120000000023,214.48879999999926,2.717065517582578,-57.463600000000426,11,0.7272727272727273,2.74884464230382,35,22,0.6285714285714286,12.074293803296861,anti_overfit_percent_wf,Anti-overfit top-trade-neutral walk-forward,top_trade_neutral_score,2025-12-01,2026-02-28,2026-03-01,2026-03-26
a=60s | move=1x percent_to_dollar sigma (63D)/3600s | hold=21600s | continuation | exit_by_midnight,60,1.0,3600,21600,63,percent_to_dollar,continuation,exit_by_midnight,3.226212098767953,201.4912000000009,2.6865493333333452,3.118591149829125,0.0,-25.520400000000393,0.06666666666666667,0.08,75,6,0.8333333333333334,33.58186666666682,8.895299446716699,3,3,0.08,2,3,0.6666666666666666,107.85399999999997,0.535278960073688,90.57999999999997,0.4495481688530296,110.91120000000093,90.57999999999997,110.9112000000009,2.6045712254077236,-25.520400000000397,5,0.8,5.345982037898851,23,21,0.9130434782608695,11.71751644659404,anti_overfit_percent_wf,Anti-overfit top-trade-neutral walk-forward,top_trade_neutral_score,2025-12-01,2026-02-28,2026-03-01,2026-03-26
a=180s | move=0.65x percent_to_dollar sigma (63D)/3600s | hold=14400s | continuation | exit_by_midnight,180,0.65,3600,14400,63,percent_to_dollar,continuation,exit_by_midnight,3.8585760704685206,557.4616000000026,7.432821333333368,3.092426744331084,3.599838062785644,-160.91839999999868,0.29333333333333333,0.48,75,36,0.6111111111111112,15.485044444444517,2.241046264048721,21,15,0.48,3,3,1.0,343.56400000000065,0.6163007460962316,152.17679999999973,0.27298167263897466,405.28480000000286,152.17679999999973,405.2848000000029,2.5086504300406873,-160.91839999999868,35,0.6,1.9022633790663501,53,21,0.39622641509433965,11.703859089336445,anti_overfit_percent_wf,Anti-overfit top-trade-neutral walk-forward,top_trade_neutral_score,2025-12-01,2026-02-28,2026-03-01,2026-03-26
a=90s | move=0.5x percent_to_dollar sigma (63D)/900s | hold=14400s | reversal | exit_by_midnight,90,0.5,900,14400,63,percent_to_dollar,reversal,exit_by_midnight,1.9479051791450954,291.772000000002,3.89029333333336,1.6243110618478818,1.2489922822849266,-175.88840000000044,0.21333333333333335,0.37333333333333335,75,28,0.5714285714285714,10.420428571428642,1.5979488264076933,15,13,0.37333333333333335,3,3,1.0,138.4896000000008,0.47465006923213965,114.33640000000017,0.39186899359773864,177.4356000000018,114.33640000000017,177.43560000000184,1.0503241243433963,-175.88840000000044,27,0.5555555555555556,1.363631221580361,53,26,0.49056603773584906,11.661112726314906,anti_overfit_percent_wf,Anti-overfit top-trade-neutral walk-forward,top_trade_neutral_score,2025-12-01,2026-02-28,2026-03-01,2026-03-26
a=180s | move=0.6x percent_to_dollar sigma (63D)/900s | hold=21600s | reversal | exit_by_midnight,180,0.6,900,21600,63,percent_to_dollar,reversal,exit_by_midnight,3.416219372538254,328.4200000000002,4.378933333333336,3.00895883875142,7.6750537446799685,-30.66600000000011,0.06666666666666667,0.10666666666666667,75,8,0.625,41.05250000000002,6.382310909496041,4,4,0.10666666666666667,3,3,1.0,166.8012000000003,0.5078898970830041,149.6180000000003,0.4555690883624634,178.80199999999988,149.6180000000003,178.8019999999999,2.4184581888101016,-30.66600000000011,7,0.5714285714285714,3.930296435173581,35,21,0.6,11.516219372538254,anti_overfit_percent_wf,Anti-overfit top-trade-neutral walk-forward,top_trade_neutral_score,2025-12-01,2026-02-28,2026-03-01,2026-03-26
a=180s | move=0.85x percent_to_dollar sigma (63D)/3600s | hold=21600s | continuation | exit_by_midnight,180,0.85,3600,21600,63,percent_to_dollar,continuation,exit_by_midnight,2.9656418441115835,249.09079999999898,3.321210666666653,2.8338949204913533,3.062740604755552,-58.46240000000023,0.12,0.16,75,12,0.75,20.75756666666658,2.8500450087788973,7,5,0.16,2,3,0.6666666666666666,127.42839999999957,0.5115740926601869,81.59240000000034,0.3275608733843268,167.49839999999864,81.59240000000034,167.49839999999864,2.1891074441115865,-58.46240000000023,11,0.7272727272727273,2.244042649902965,35,22,0.6285714285714286,11.45135612982587,anti_overfit_percent_wf,Anti-overfit top-trade-neutral walk-forward,top_trade_neutral_score,2025-12-01,2026-02-28,2026-03-01,2026-03-26
a=60s | move=0.6x percent_to_dollar sigma (63D)/1200s | hold=21600s | reversal | exit_by_midnight,60,0.6,1200,21600,63,percent_to_dollar,reversal,exit_by_midnight,4.849825211237439,613.2603999999977,8.176805333333304,3.766152357859169,4.106205763933904,-77.11280000000136,0.12,0.16,75,12,0.75,51.10503333333313,5.618314195172977,8,4,0.16,3,3,1.0,325.81680000000006,0.5312862203396815,147.6184,0.2407107975665811,465.6419999999977,147.6184,465.64199999999767,3.245654011237445,-77.11280000000133,11,0.7272727272727273,4.506636101839826,35,17,0.4857142857142857,11.406968068380296,anti_overfit_percent_wf,Anti-overfit top-trade-neutral walk-forward,top_trade_neutral_score,2025-12-01,2026-02-28,2026-03-01,2026-03-26
a=60s | move=0.3x percent_to_dollar sigma (63D)/2400s | hold=3600s | continuation | exit_by_midnight,60,0.3,2400,3600,63,percent_to_dollar,continuation,exit_by_midnight,3.811647048202475,296.74720000000343,3.956629333333379,3.2801558980604955,5.3846265561587465,-116.19280000000018,0.52,0.8133333333333334,75,61,0.639344262295082,4.8647081967213675,1.8303872845310118,35,26,0.8133333333333334,3,3,1.0,178.09600000000125,0.6001606754840456,66.29999999999977,0.22342249564612238,230.44720000000365,66.29999999999977,230.44720000000368,2.754565954815502,-116.19280000000018,60,0.6333333333333333,1.6448600850682857,53,20,0.37735849056603776,11.283345161410022,anti_overfit_percent_wf,Anti-overfit top-trade-neutral walk-forward,top_trade_neutral_score,2025-12-01,2026-02-28,2026-03-01,2026-03-26
a=120s | move=0.6x percent_to_dollar sigma (63D)/900s | hold=21600s | reversal | exit_by_midnight,120,0.6,900,21600,63,percent_to_dollar,reversal,exit_by_midnight,2.783293509234036,306.3960000000017,4.085280000000023,2.650239958237418,2.1571331347864517,-65.67999999999955,0.06666666666666667,0.10666666666666667,75,8,0.625,38.29950000000022,4.258381082426182,4,4,0.10666666666666667,3,3,1.0,173.79719999999963,0.567230642697681,146.6172000000002,0.47852191281870315,159.77880000000152,146.6172000000002,159.77880000000152,1.8887303258713206,-65.67999999999955,7,0.5714285714285714,2.6991743341713237,35,22,0.6285714285714286,11.26900779494832,anti_overfit_percent_wf,Anti-overfit top-trade-neutral walk-forward,top_trade_neutral_score,2025-12-01,2026-02-28,2026-03-01,2026-03-26
a=60s | move=0.9x percent_to_dollar sigma (63D)/3600s | hold=21600s | continuation | exit_by_midnight,60,0.9,3600,21600,63,percent_to_dollar,continuation,exit_by_midnight,3.3923185177514994,257.0104000000025,3.4268053333333666,3.237115075534472,2.2665869885631915,-53.4643999999998,0.09333333333333334,0.12,75,9,0.7777777777777778,28.556711111111397,4.521307845759231,5,4,0.12,2,3,0.6666666666666666,149.02080000000217,0.5798240071218935,90.58399999999997,0.3524526633941626,166.42640000000253,90.58399999999997,166.42640000000256,2.6371376206385357,-53.4643999999998,8,0.75,3.2802135168906243,23,19,0.8260869565217391,11.074927213403672,anti_overfit_percent_wf,Anti-overfit top-trade-neutral walk-forward,top_trade_neutral_score,2025-12-01,2026-02-28,2026-03-01,2026-03-26
a=300s | move=0.9x percent_to_dollar sigma (63D)/3600s | hold=21600s | continuation | exit_by_midnight,300,0.9,3600,21600,63,percent_to_dollar,continuation,exit_by_midnight,3.2920382730197932,266.0084000000022,3.5467786666666963,3.183201438881235,2.9558609987493893,-54.4575999999996,0.09333333333333334,0.12,75,9,0.7777777777777778,29.556488888889135,4.244907120516427,5,4,0.12,2,3,0.6666666666666666,180.01319999999953,0.6767199832787162,82.58160000000014,0.3104473392569537,183.42680000000206,82.58160000000014,183.42680000000206,2.5746822604788258,-54.4575999999996,8,0.75,3.2375343388161553,23,19,0.8260869565217391,10.974646968671967,anti_overfit_percent_wf,Anti-overfit top-trade-neutral walk-forward,top_trade_neutral_score,2025-12-01,2026-02-28,2026-03-01,2026-03-26
a=90s | move=0.8x percent_to_dollar sigma (63D)/3600s | hold=14400s | continuation | exit_by_midnight,90,0.8,3600,14400,63,percent_to_dollar,continuation,exit_by_midnight,5.286589226808043,494.45240000000246,6.592698666666699,4.325011053438187,6.841178735440817,-46.65999999999977,0.21333333333333335,0.29333333333333333,75,22,0.7272727272727273,22.475109090909204,4.303308302824566,15,7,0.29333333333333333,3,3,1.0,335.6412000000023,0.6788139768357897,125.16600000000011,0.2531406460965696,369.28640000000235,125.16600000000011,369.28640000000235,3.941286909434881,-46.65999999999977,21,0.7142857142857143,3.4671067047913904,53,15,0.2830188679245283,10.890362811713704,anti_overfit_percent_wf,Anti-overfit top-trade-neutral walk-forward,top_trade_neutral_score,2025-12-01,2026-02-28,2026-03-01,2026-03-26
a=180s | move=0.8x percent_to_dollar sigma (63D)/3600s | hold=14400s | continuation | exit_by_midnight,180,0.8,3600,14400,63,percent_to_dollar,continuation,exit_by_midnight,4.87825426954197,431.4780000000015,5.75304000000002,4.072908756141329,5.4457761749322335,-55.4196,0.18666666666666668,0.29333333333333333,75,22,0.6363636363636364,19.61263636363643,3.664056190680804,15,7,0.29333333333333333,3,3,1.0,278.6548000000015,0.6458146185900568,107.15879999999943,0.24835287083002855,324.31920000000207,107.15879999999943,324.31920000000207,3.606896433484508,-55.4196,21,0.6190476190476191,3.002430187672715,53,16,0.3018867924528302,10.85561276010801,anti_overfit_percent_wf,Anti-overfit top-trade-neutral walk-forward,top_trade_neutral_score,2025-12-01,2026-02-28,2026-03-01,2026-03-26
a=300s | move=0.55x percent_to_dollar sigma (63D)/900s | hold=21600s | reversal | exit_by_midnight,300,0.55,900,21600,63,percent_to_dollar,reversal,exit_by_midnight,4.775890038874336,570.2423999999992,7.603231999999989,3.762315671086469,5.368932813819828,-57.67679999999973,0.12,0.16,75,12,0.75,47.520199999999925,6.32829260635225,7,5,0.16,3,3,1.0,313.2291999999988,0.5492913189198124,150.61760000000012,0.26412907914248457,419.624799999999,150.61760000000012,419.624799999999,3.2443172388743373,-57.67679999999973,11,0.7272727272727273,4.920935586834718,23,15,0.6521739130434783,10.841107430178685,anti_overfit_percent_wf,Anti-overfit top-trade-neutral walk-forward,top_trade_neutral_score,2025-12-01,2026-02-28,2026-03-01,2026-03-26
a=120s | move=0.8x percent_to_dollar sigma (63D)/3600s | hold=14400s | continuation | exit_by_midnight,120,0.8,3600,14400,63,percent_to_dollar,continuation,exit_by_midnight,5.224071334121458,460.4540000000042,6.139386666666723,4.341902309004421,7.0851723213383995,-54.99639999999877,0.2,0.29333333333333333,75,22,0.6818181818181818,20.929727272727465,4.0451534566771725,15,7,0.29333333333333333,3,3,1.0,309.63200000000177,0.6724493651917433,105.15799999999983,0.22837894773419032,355.29600000000437,105.15799999999983,355.29600000000437,3.9103127580152557,-54.99639999999877,21,0.6666666666666666,3.349704514552106,53,15,0.2830188679245283,10.827844919027118,anti_overfit_percent_wf,Anti-overfit top-trade-neutral walk-forward,top_trade_neutral_score,2025-12-01,2026-02-28,2026-03-01,2026-03-26
a=60s | move=0.3x percent_to_dollar sigma (63D)/2400s | hold=7200s | continuation | exit_by_midnight,60,0.3,2400,7200,63,percent_to_dollar,continuation,exit_by_midnight,1.460161753230865,214.74720000000482,2.8632960000000645,1.527713197847063,2.0637441059881625,-186.73119999999906,0.4533333333333333,0.8133333333333334,75,61,0.5573770491803278,3.520445901639424,1.3160209013578177,35,26,0.8133333333333334,3,3,1.0,144.09600000000233,0.6710029280940525,103.30000000000022,0.48103071891041144,111.4472000000046,103.30000000000022,111.4472000000046,0.8630237884842027,-186.73119999999906,60,0.55,1.1640051399869498,53,25,0.4716981132075472,10.7997843947403,anti_overfit_percent_wf,Anti-overfit top-trade-neutral walk-forward,top_trade_neutral_score,2025-12-01,2026-02-28,2026-03-01,2026-03-26
a=90s | move=0.5x percent_to_dollar sigma (63D)/900s | hold=21600s | reversal | exit_by_midnight,90,0.5,900,21600,63,percent_to_dollar,reversal,exit_by_midnight,3.441200447291107,512.1096000000003,6.828128000000005,2.754243173702659,3.800047766529347,-144.5287999999989,0.13333333333333333,0.24,75,18,0.5555555555555556,28.450533333333347,2.513487250416707,10,8,0.24,3,3,1.0,316.88839999999914,0.6187901964735653,147.618,0.2882547017279112,364.49160000000035,147.618,364.49160000000035,2.1583386946462793,-144.52879999999874,17,0.5294117647058824,2.0772174344788414,35,19,0.5428571428571428,10.769771875862535,anti_overfit_percent_wf,Anti-overfit top-trade-neutral walk-forward,top_trade_neutral_score,2025-12-01,2026-02-28,2026-03-01,2026-03-26
a=180s | move=0.5x percent_to_dollar sigma (63D)/900s | hold=14400s | reversal | exit_by_midnight,180,0.5,900,14400,63,percent_to_dollar,reversal,exit_by_midnight,2.144163908313848,305.7747999999992,4.076997333333322,1.744181729840458,1.2546146827555835,-180.88720000000012,0.22666666666666666,0.37333333333333335,75,28,0.6071428571428571,10.920528571428543,1.667347891940961,15,13,0.37333333333333335,3,3,1.0,159.4992000000002,0.5216231030156855,109.33440000000046,0.35756511000906793,196.4403999999987,109.33440000000046,196.44039999999876,1.1878441408206515,-180.88720000000018,27,0.5925925925925926,1.428727569544771,53,23,0.4339622641509434,10.736616738502526,anti_overfit_percent_wf,Anti-overfit top-trade-neutral walk-forward,top_trade_neutral_score,2025-12-01,2026-02-28,2026-03-01,2026-03-26
a=60s | move=0.55x percent_to_dollar sigma (63D)/1200s | hold=21600s | reversal | exit_by_midnight,60,0.55,1200,21600,63,percent_to_dollar,reversal,exit_by_midnight,3.576111866943524,510.18360000000064,6.802448000000009,2.9048512988167325,4.472988140394366,-153.49720000000028,0.13333333333333333,0.22666666666666666,75,17,0.5882352941176471,30.010800000000035,2.930477859711567,8,9,0.22666666666666666,3,3,1.0,308.1228000000009,0.603944932765382,149.4095999999996,0.29285457235395146,360.774000000001,149.4095999999996,360.774000000001,2.298519766517559,-153.49720000000028,16,0.5625,2.3651285916669633,35,18,0.5142857142857142,10.518969009800667,anti_overfit_percent_wf,Anti-overfit top-trade-neutral walk-forward,top_trade_neutral_score,2025-12-01,2026-02-28,2026-03-01,2026-03-26
a=120s | move=0.5x percent_to_dollar sigma (63D)/900s | hold=14400s | reversal | exit_by_midnight,120,0.5,900,14400,63,percent_to_dollar,reversal,exit_by_midnight,1.7094507993782857,266.76080000000195,3.5568106666666925,1.5061313734910342,1.0932933183382672,-193.8915999999997,0.22666666666666666,0.37333333333333335,75,28,0.6071428571428571,9.527171428571497,1.5555160352817041,15,13,0.37333333333333335,3,3,1.0,112.48400000000169,0.4216661518484007,115.33680000000068,0.43236037678699357,151.42400000000129,115.33680000000068,151.42400000000129,0.9122646819685278,-193.8915999999997,27,0.5925925925925926,1.3153329129560887,53,23,0.4339622641509434,10.301903629566965,anti_overfit_percent_wf,Anti-overfit top-trade-neutral walk-forward,top_trade_neutral_score,2025-12-01,2026-02-28,2026-03-01,2026-03-26
a=300s | move=0.55x percent_to_dollar sigma (63D)/900s | hold=14400s | reversal | exit_by_midnight,300,0.55,900,14400,63,percent_to_dollar,reversal,exit_by_midnight,2.171217424181246,283.4484000000025,3.7793120000000333,1.925719012518162,1.2829507810389955,-176.1615999999977,0.16,0.29333333333333333,75,22,0.5454545454545454,12.884018181818295,1.9210286204476383,11,11,0.29333333333333333,3,3,1.0,107.30280000000053,0.37856202398743327,110.61759999999954,0.39025656874407677,172.83080000000297,110.61759999999954,172.83080000000294,1.2819098507392954,-176.16159999999772,21,0.5238095238095238,1.5615911513166512,35,21,0.6,10.271217424181245,anti_overfit_percent_wf,Anti-overfit top-trade-neutral walk-forward,top_trade_neutral_score,2025-12-01,2026-02-28,2026-03-01,2026-03-26
a=120s | move=0.7x percent_to_dollar sigma (63D)/3600s | hold=14400s | continuation | exit_by_midnight,120,0.7,3600,14400,63,percent_to_dollar,continuation,exit_by_midnight,3.8945441811191337,561.9352000000017,7.492469333333356,3.3973963049745355,3.6904604384551027,-165.18279999999942,0.28,0.4266666666666667,75,32,0.65625,17.560475000000054,2.638679153947451,21,11,0.4266666666666667,2,3,0.6666666666666666,376.20320000000027,0.6694779042138651,152.17679999999973,0.2708084490880786,409.758400000002,152.17679999999973,409.758400000002,2.8298186092795277,-165.18279999999942,31,0.6451612903225806,2.194910993713976,53,17,0.32075471698113206,10.245487577345548,anti_overfit_percent_wf,Anti-overfit top-trade-neutral walk-forward,top_trade_neutral_score,2025-12-01,2026-02-28,2026-03-01,2026-03-26
a=180s | move=0.7x percent_to_dollar sigma (63D)/3600s | hold=14400s | continuation | exit_by_midnight,180,0.7,3600,14400,63,percent_to_dollar,continuation,exit_by_midnight,3.8623725577795534,539.9616000000003,7.199488000000004,3.3654227808945136,3.6431214774221936,-155.1832,0.25333333333333335,0.4266666666666667,75,32,0.59375,16.873800000000013,2.6067512155639627,21,11,0.4266666666666667,2,3,0.6666666666666666,331.222,0.6134176948879324,152.17679999999973,0.28182893005724785,387.7848000000006,152.17679999999973,387.7848000000006,2.7895494289455023,-155.1832,31,0.5806451612903226,2.153922239613388,53,17,0.32075471698113206,10.213315954005967,anti_overfit_percent_wf,Anti-overfit top-trade-neutral walk-forward,top_trade_neutral_score,2025-12-01,2026-02-28,2026-03-01,2026-03-26
a=90s | move=0.55x percent_to_dollar sigma (63D)/900s | hold=7200s | reversal | exit_by_midnight,90,0.55,900,7200,63,percent_to_dollar,reversal,exit_by_midnight,2.3621736336149413,329.45440000000264,4.3927253333333685,2.095324130061071,1.1366905502235123,-183.1431999999984,0.2,0.29333333333333333,75,22,0.6818181818181818,14.975200000000122,2.002714857208258,11,11,0.29333333333333333,3,3,1.0,184.29440000000156,0.5593927414537493,127.33639999999971,0.3865069035350528,202.11800000000292,127.33639999999971,202.1180000000029,1.4255055673565356,-183.1431999999984,21,0.6666666666666666,1.6151586426201003,53,21,0.39622641509433965,10.207456652482866,anti_overfit_percent_wf,Anti-overfit top-trade-neutral walk-forward,top_trade_neutral_score,2025-12-01,2026-02-28,2026-03-01,2026-03-26
a=60s | move=0.6x percent_to_dollar sigma (63D)/900s | hold=21600s | reversal | exit_by_midnight,60,0.6,900,21600,63,percent_to_dollar,reversal,exit_by_midnight,3.29713307914585,335.40640000000093,4.472085333333346,2.942387110462537,4.1713643919204,-49.67359999999991,0.08,0.10666666666666667,75,8,0.75,41.92580000000012,5.455522670393181,4,4,0.10666666666666667,3,3,1.0,176.79439999999974,0.5271050284073269,147.6184,0.44011801802231443,187.78800000000092,147.6184,187.78800000000095,2.288819192662584,-49.67359999999988,7,0.7142857142857143,3.494566863446239,23,17,0.7391304347826086,10.171046122624109,anti_overfit_percent_wf,Anti-overfit top-trade-neutral walk-forward,top_trade_neutral_score,2025-12-01,2026-02-28,2026-03-01,2026-03-26
a=180s | move=0.5x percent_to_dollar sigma (63D)/900s | hold=21600s | reversal | exit_by_midnight,180,0.5,900,21600,63,percent_to_dollar,reversal,exit_by_midnight,3.482629893847404,501.1227999999976,6.681637333333302,2.8097174159724334,4.003746545174652,-138.34240000000008,0.14666666666666667,0.24,75,18,0.6111111111111112,27.840155555555416,2.6291230118841327,10,8,0.24,3,3,1.0,304.88319999999726,0.6084001765635064,146.6175999999995,0.2925781864245654,354.5051999999981,146.6175999999995,354.5051999999981,2.2057620262700373,-138.34240000000008,17,0.5882352941176471,2.1524771556045463,35,17,0.4857142857142857,10.039772750990261,anti_overfit_percent_wf,Anti-overfit top-trade-neutral walk-forward,top_trade_neutral_score,2025-12-01,2026-02-28,2026-03-01,2026-03-26
a=300s | move=0.6x percent_to_dollar sigma (63D)/1200s | hold=21600s | reversal | exit_by_midnight,300,0.6,1200,21600,63,percent_to_dollar,reversal,exit_by_midnight,3.7034563646260628,444.9151999999997,5.9322026666666625,3.106215545316407,2.7878518183071748,-82.85680000000076,0.10666666666666667,0.14666666666666667,75,11,0.7272727272727273,40.446836363636336,4.223920396740947,7,4,0.14666666666666667,3,3,1.0,261.84080000000034,0.5885184412670111,150.61760000000012,0.33853102793521156,294.29759999999953,150.61760000000012,294.29759999999953,2.476606795576323,-82.85680000000073,10,0.7,3.132523310850937,35,16,0.45714285714285713,9.874884936054633,anti_overfit_percent_wf,Anti-overfit top-trade-neutral walk-forward,top_trade_neutral_score,2025-12-01,2026-02-28,2026-03-01,2026-03-26
a=90s | move=0.65x percent_to_dollar sigma (63D)/900s | hold=21600s | reversal | exit_by_midnight,90,0.65,900,21600,63,percent_to_dollar,reversal,exit_by_midnight,2.5180506876747173,206.399200000002,2.75198933333336,2.562588667439111,1.768960513329411,-43.67119999999966,0.05333333333333334,0.08,75,6,0.6666666666666666,34.399866666667,4.937653576715816,3,3,0.08,3,3,1.0,107.00400000000198,0.5184322419854386,113.33600000000108,0.5491106554676568,93.06320000000092,113.33600000000108,93.06320000000093,1.7749284792754574,-43.67119999999966,5,0.6,2.7754460402008205,35,19,0.5428571428571428,9.846622116246145,anti_overfit_percent_wf,Anti-overfit top-trade-neutral walk-forward,top_trade_neutral_score,2025-12-01,2026-02-28,2026-03-01,2026-03-26
a=120s | move=0.5x percent_to_dollar sigma (63D)/900s | hold=21600s | reversal | exit_by_midnight,120,0.5,900,21600,63,percent_to_dollar,reversal,exit_by_midnight,3.2733786896701473,488.1064000000016,6.508085333333355,2.6821034563268045,3.903003678815367,-152.52800000000002,0.14666666666666667,0.24,75,18,0.6111111111111112,27.11702222222231,2.471914869492525,10,8,0.24,3,3,1.0,320.88319999999976,0.6574042053126096,146.6172000000002,0.3003795893682191,341.4892000000014,146.6172000000002,341.48920000000135,2.073481443654602,-152.52800000000002,17,0.5882352941176471,2.0297816854093838,35,17,0.4857142857142857,9.830521546813005,anti_overfit_percent_wf,Anti-overfit top-trade-neutral walk-forward,top_trade_neutral_score,2025-12-01,2026-02-28,2026-03-01,2026-03-26
a=60s | move=0.3x percent_to_dollar sigma (63D)/3600s | hold=3600s | continuation | exit_by_midnight,60,0.3,3600,3600,63,percent_to_dollar,continuation,exit_by_midnight,2.8332633611901534,261.98559999999947,3.4931413333333263,2.6952482218254805,4.772170637423511,-143.45720000000023,0.5333333333333333,0.84,75,63,0.6349206349206349,4.158501587301579,1.6298584711965651,32,31,0.84,2,3,0.6666666666666666,152.11879999999792,0.5806380197995548,72.304,0.2759846342699757,189.68159999999946,72.304,189.6815999999995,2.120335876039821,-143.45720000000023,62,0.6290322580645161,1.4560272113815342,35,18,0.5142857142857142,9.776120504047295,anti_overfit_percent_wf,Anti-overfit top-trade-neutral walk-forward,top_trade_neutral_score,2025-12-01,2026-02-28,2026-03-01,2026-03-26
a=60s | move=0.85x percent_to_dollar sigma (63D)/3600s | hold=21600s | continuation | exit_by_midnight,60,0.85,3600,21600,63,percent_to_dollar,continuation,exit_by_midnight,3.695255713585355,306.0840000000012,4.081120000000016,3.3442191281425275,3.3274043873518004,-57.46479999999971,0.12,0.16,75,12,0.75,25.507000000000094,3.3979280066935442,7,5,0.16,2,3,0.6666666666666666,153.65360000000015,0.501998144300256,75.59000000000012,0.24695835130225632,230.49400000000108,75.59000000000012,230.49400000000105,2.7917325135853526,-57.46479999999971,11,0.7272727272727273,2.805739659618999,23,15,0.6521739130434783,9.760473104889703,anti_overfit_percent_wf,Anti-overfit top-trade-neutral walk-forward,top_trade_neutral_score,2025-12-01,2026-02-28,2026-03-01,2026-03-26
a=60s | move=0.65x percent_to_dollar sigma (63D)/3600s | hold=14400s | continuation | exit_by_midnight,60,0.65,3600,14400,63,percent_to_dollar,continuation,exit_by_midnight,3.6414917959135424,577.4332,7.699109333333334,3.06656059170633,3.9178633447915905,-152.1828000000013,0.30666666666666664,0.48,75,36,0.6388888888888888,16.039811111111113,2.1554718672584365,21,15,0.48,2,3,0.6666666666666666,375.54999999999995,0.6503782602039507,146.17439999999948,0.25314512570458275,431.2588000000006,146.17439999999948,431.25880000000063,2.5064406910665054,-152.1828000000013,35,0.6285714285714286,1.8629697961731904,35,15,0.42857142857142855,9.427206081627828,anti_overfit_percent_wf,Anti-overfit top-trade-neutral walk-forward,top_trade_neutral_score,2025-12-01,2026-02-28,2026-03-01,2026-03-26
a=300s | move=0.85x percent_to_dollar sigma (63D)/3600s | hold=21600s | continuation | exit_by_midnight,300,0.85,3600,21600,63,percent_to_dollar,continuation,exit_by_midnight,3.2194982348956436,279.08320000000083,3.7211093333333443,2.994465968506055,3.541596149181966,-58.65440000000024,0.12,0.16,75,12,0.75,23.256933333333404,2.998710893522654,7,5,0.16,2,3,0.6666666666666666,145.65040000000033,0.5218888130851298,82.59199999999943,0.29594042206768156,196.4912000000014,82.59199999999943,196.4912000000014,2.385170234895641,-58.65440000000024,11,0.7272727272727273,2.407211548102285,23,15,0.6521739130434783,9.284715626199992,anti_overfit_percent_wf,Anti-overfit top-trade-neutral walk-forward,top_trade_neutral_score,2025-12-01,2026-02-28,2026-03-01,2026-03-26
a=180s | move=0.8x percent_to_dollar sigma (63D)/3600s | hold=21600s | continuation | exit_by_midnight,180,0.8,3600,21600,63,percent_to_dollar,continuation,exit_by_midnight,3.451451939859904,334.4040000000012,4.458720000000016,3.059949579853283,3.0958223952658255,-68.04640000000228,0.14666666666666667,0.21333333333333335,75,16,0.6875,20.900250000000074,2.608645790439807,10,6,0.21333333333333335,2,3,0.6666666666666666,195.14599999999996,0.5835635937369148,77.27600000000113,0.23108575256277095,257.12800000000004,77.27600000000113,257.1280000000001,2.5304150351625925,-68.04640000000228,15,0.6666666666666666,2.2369106673490897,35,15,0.42857142857142855,9.23716622557419,anti_overfit_percent_wf,Anti-overfit top-trade-neutral walk-forward,top_trade_neutral_score,2025-12-01,2026-02-28,2026-03-01,2026-03-26
a=120s | move=0.8x percent_to_dollar sigma (63D)/3600s | hold=21600s | continuation | exit_by_midnight,120,0.8,3600,21600,63,percent_to_dollar,continuation,exit_by_midnight,3.8037365824692397,361.3828000000015,4.818437333333353,3.3194477047958086,3.5188102267777595,-64.68560000000045,0.14666666666666667,0.21333333333333335,75,16,0.6875,22.586425000000098,2.835492620094868,10,6,0.21333333333333335,2,3,0.6666666666666666,181.14440000000064,0.5012535184297645,78.27640000000022,0.21660245036565076,283.10640000000126,78.27640000000022,283.10640000000126,2.802209382469238,-64.68560000000045,15,0.6666666666666666,2.4379204209542498,35,14,0.4,9.20373658246924,anti_overfit_percent_wf,Anti-overfit top-trade-neutral walk-forward,top_trade_neutral_score,2025-12-01,2026-02-28,2026-03-01,2026-03-26
a=300s | move=0.65x percent_to_dollar sigma (63D)/3600s | hold=14400s | continuation | exit_by_midnight,300,0.65,3600,14400,63,percent_to_dollar,continuation,exit_by_midnight,4.040996961638639,563.4584000000013,7.5127786666666845,3.196606125246698,3.8866355680414175,-139.18880000000033,0.29333333333333333,0.48,75,36,0.6111111111111112,15.65162222222226,2.2741205318822706,21,15,0.48,3,3,1.0,352.560400000001,0.6257079493357454,140.17199999999926,0.24877080544011576,423.2864000000021,140.17199999999926,423.2864000000021,2.6403939236404432,-139.18880000000033,35,0.6,1.957156540938129,35,13,0.37142857142857144,9.055282675924351,anti_overfit_percent_wf,Anti-overfit top-trade-neutral walk-forward,top_trade_neutral_score,2025-12-01,2026-02-28,2026-03-01,2026-03-26
a=90s | move=0.8x percent_to_dollar sigma (63D)/3600s | hold=21600s | continuation | exit_by_midnight,90,0.8,3600,21600,63,percent_to_dollar,continuation,exit_by_midnight,3.6356210118508687,353.37600000000316,4.711680000000042,3.169035732876765,2.60508828766946,-76.04640000000066,0.14666666666666667,0.21333333333333335,75,16,0.6875,22.086000000000194,2.7247579610746357,10,6,0.21333333333333335,2,3,0.6666666666666666,177.13680000000141,0.5012700353164896,76.27560000000062,0.21584827492529188,277.10040000000254,76.27560000000062,277.10040000000254,2.657466611850864,-76.04640000000066,15,0.6666666666666666,2.352471930513011,35,14,0.4,9.035621011850868,anti_overfit_percent_wf,Anti-overfit top-trade-neutral walk-forward,top_trade_neutral_score,2025-12-01,2026-02-28,2026-03-01,2026-03-26
a=120s | move=0.65x percent_to_dollar sigma (63D)/900s | hold=21600s | reversal | exit_by_midnight,120,0.65,900,21600,63,percent_to_dollar,reversal,exit_by_midnight,2.784162502553064,210.4020000000005,2.8053600000000065,2.7053888242324584,2.5271321182972777,-33.667200000000236,0.05333333333333334,0.08,75,6,0.6666666666666666,35.067000000000085,5.96081371661367,3,3,0.08,3,3,1.0,113.0064000000008,0.5370975561068836,112.33560000000057,0.5339093734850443,98.06639999999993,112.33560000000057,98.06639999999993,2.0096289326668475,-33.667200000000236,5,0.6,3.3121887732004383,35,16,0.45714285714285713,8.955591073981635,anti_overfit_percent_wf,Anti-overfit top-trade-neutral walk-forward,top_trade_neutral_score,2025-12-01,2026-02-28,2026-03-01,2026-03-26
a=120s | move=0.55x percent_to_dollar sigma (63D)/900s | hold=7200s | reversal | exit_by_midnight,120,0.55,900,7200,63,percent_to_dollar,reversal,exit_by_midnight,2.4582657212308883,331.451200000005,4.4193493333333995,2.142851096056516,1.099989710666063,-184.14519999999902,0.21333333333333335,0.29333333333333333,75,22,0.7272727272727273,15.065963636363858,2.051659804752768,11,11,0.29333333333333333,3,3,1.0,183.2972000000032,0.5530141390346466,122.3364,0.36909324811615757,209.11480000000498,122.3364,209.114800000005,1.4907618615939804,-184.14519999999897,21,0.7142857142857143,1.6634992715033639,53,17,0.32075471698113206,8.809209117457302,anti_overfit_percent_wf,Anti-overfit top-trade-neutral walk-forward,top_trade_neutral_score,2025-12-01,2026-02-28,2026-03-01,2026-03-26
