signal_time,signal_time_dubai,entry_time,entry_time_dubai,exit_time,exit_time_dubai,side,move_cents,threshold_cents,daily_sigma_dollars,sigma_multiple,entry_price,exit_price,gross_pnl_cents,cost_cents,net_pnl_cents,bad_hour_rule,signal_mode,params,run_key,run_label,objective,test_start,test_end,selected_params
2025-11-03 09:57:40,2025-11-03 13:57:40,2025-11-03 09:59:40,2025-11-03 13:59:40,2025-11-03 10:59:40,2025-11-03 14:59:40,1,26.999999999999602,26.673486924158563,1.0669394769663425,0.25,65.24,65.24,0.0,2.6096,-2.6096,exit_by_midnight,continuation,a=120s | move=0.25x percent_to_dollar sigma (63D)/1800s | hold=3600s | continuation | exit_by_midnight,robust_percent_all,Robust percent-vol: all directions,robust_stability_score,2025-11-01,2025-11-30,a=120s | move=0.25x percent_to_dollar sigma (63D)/1800s | hold=3600s | continuation | exit_by_midnight
2025-11-04 12:01:57,2025-11-04 16:01:57,2025-11-04 12:03:57,2025-11-04 16:03:57,2025-11-04 13:03:57,2025-11-04 17:03:57,-1,-28.000000000000114,26.30870909166745,1.052348363666698,0.25,64.27,64.07,20.000000000000284,2.5707999999999998,17.429200000000286,exit_by_midnight,continuation,a=120s | move=0.25x percent_to_dollar sigma (63D)/1800s | hold=3600s | continuation | exit_by_midnight,robust_percent_all,Robust percent-vol: all directions,robust_stability_score,2025-11-01,2025-11-30,a=120s | move=0.25x percent_to_dollar sigma (63D)/1800s | hold=3600s | continuation | exit_by_midnight
2025-11-05 11:08:18,2025-11-05 15:08:18,2025-11-05 11:10:18,2025-11-05 15:10:18,2025-11-05 12:10:18,2025-11-05 16:10:18,-1,-25.99999999999909,25.736329261599796,1.0294531704639918,0.25,64.36,64.37,-1.0000000000005116,2.5744000000000002,-3.574400000000512,exit_by_midnight,continuation,a=120s | move=0.25x percent_to_dollar sigma (63D)/1800s | hold=3600s | continuation | exit_by_midnight,robust_percent_all,Robust percent-vol: all directions,robust_stability_score,2025-11-01,2025-11-30,a=120s | move=0.25x percent_to_dollar sigma (63D)/1800s | hold=3600s | continuation | exit_by_midnight
2025-11-06 12:04:07,2025-11-06 16:04:07,2025-11-06 12:06:07,2025-11-06 16:06:07,2025-11-06 13:06:07,2025-11-06 17:06:07,-1,-25.9999999999998,25.257769053408502,1.01031076213634,0.25,63.47,64.15,-68.00000000000068,2.5388,-70.53880000000068,exit_by_midnight,continuation,a=120s | move=0.25x percent_to_dollar sigma (63D)/1800s | hold=3600s | continuation | exit_by_midnight,robust_percent_all,Robust percent-vol: all directions,robust_stability_score,2025-11-01,2025-11-30,a=120s | move=0.25x percent_to_dollar sigma (63D)/1800s | hold=3600s | continuation | exit_by_midnight
2025-11-07 10:58:01,2025-11-07 14:58:01,2025-11-07 11:00:01,2025-11-07 15:00:01,2025-11-07 12:00:01,2025-11-07 16:00:01,1,25.00000000000071,24.8059057461684,0.992236229846736,0.25,64.12,64.02,-10.000000000000853,2.5648000000000004,-12.564800000000853,exit_by_midnight,continuation,a=120s | move=0.25x percent_to_dollar sigma (63D)/1800s | hold=3600s | continuation | exit_by_midnight,robust_percent_all,Robust percent-vol: all directions,robust_stability_score,2025-11-01,2025-11-30,a=120s | move=0.25x percent_to_dollar sigma (63D)/1800s | hold=3600s | continuation | exit_by_midnight
2025-11-10 12:45:53,2025-11-10 16:45:53,2025-11-10 12:47:53,2025-11-10 16:47:53,2025-11-10 13:47:53,2025-11-10 17:47:53,-1,-26.999999999999602,24.184971000571032,0.9673988400228413,0.25,63.9,64.24,-33.99999999999963,2.556,-36.55599999999963,exit_by_midnight,continuation,a=120s | move=0.25x percent_to_dollar sigma (63D)/1800s | hold=3600s | continuation | exit_by_midnight,robust_percent_all,Robust percent-vol: all directions,robust_stability_score,2025-11-01,2025-11-30,a=120s | move=0.25x percent_to_dollar sigma (63D)/1800s | hold=3600s | continuation | exit_by_midnight
2025-11-11 12:22:48,2025-11-11 16:22:48,2025-11-11 12:24:48,2025-11-11 16:24:48,2025-11-11 13:24:48,2025-11-11 17:24:48,1,24.0000000000002,23.987512253085914,0.9595004901234365,0.25,63.89,64.25,35.99999999999994,2.5556,33.444399999999945,exit_by_midnight,continuation,a=120s | move=0.25x percent_to_dollar sigma (63D)/1800s | hold=3600s | continuation | exit_by_midnight,robust_percent_all,Robust percent-vol: all directions,robust_stability_score,2025-11-01,2025-11-30,a=120s | move=0.25x percent_to_dollar sigma (63D)/1800s | hold=3600s | continuation | exit_by_midnight
2025-11-12 15:34:58,2025-11-12 19:34:58,2025-11-12 15:36:58,2025-11-12 19:36:58,2025-11-12 16:36:58,2025-11-12 20:36:58,-1,-25.0,24.554165305268384,0.9821666122107353,0.25,64.54,64.46,8.00000000000125,2.5816000000000003,5.418400000001251,exit_by_midnight,continuation,a=120s | move=0.25x percent_to_dollar sigma (63D)/1800s | hold=3600s | continuation | exit_by_midnight,robust_percent_all,Robust percent-vol: all directions,robust_stability_score,2025-11-01,2025-11-30,a=120s | move=0.25x percent_to_dollar sigma (63D)/1800s | hold=3600s | continuation | exit_by_midnight
2025-11-13 14:09:42,2025-11-13 18:09:42,2025-11-13 14:11:42,2025-11-13 18:11:42,2025-11-13 15:11:42,2025-11-13 19:11:42,1,25.9999999999998,25.366559068229343,1.0146623627291738,0.25,62.85,63.05,19.999999999999574,2.5140000000000002,17.485999999999574,exit_by_midnight,continuation,a=120s | move=0.25x percent_to_dollar sigma (63D)/1800s | hold=3600s | continuation | exit_by_midnight,robust_percent_all,Robust percent-vol: all directions,robust_stability_score,2025-11-01,2025-11-30,a=120s | move=0.25x percent_to_dollar sigma (63D)/1800s | hold=3600s | continuation | exit_by_midnight
2025-11-14 07:45:11,2025-11-14 11:45:11,2025-11-14 07:47:11,2025-11-14 11:47:11,2025-11-14 08:47:11,2025-11-14 12:47:11,-1,-26.00000000000051,25.298773430003695,1.0119509372001478,0.25,63.96,63.89,7.000000000000028,2.5584000000000002,4.441600000000028,exit_by_midnight,continuation,a=120s | move=0.25x percent_to_dollar sigma (63D)/1800s | hold=3600s | continuation | exit_by_midnight,robust_percent_all,Robust percent-vol: all directions,robust_stability_score,2025-11-01,2025-11-30,a=120s | move=0.25x percent_to_dollar sigma (63D)/1800s | hold=3600s | continuation | exit_by_midnight
2025-11-17 11:47:47,2025-11-17 15:47:47,2025-11-17 11:49:47,2025-11-17 15:49:47,2025-11-17 12:49:47,2025-11-17 16:49:47,1,27.000000000000313,25.709682035298382,1.0283872814119353,0.25,64.0,63.92,-7.9999999999998295,2.56,-10.55999999999983,exit_by_midnight,continuation,a=120s | move=0.25x percent_to_dollar sigma (63D)/1800s | hold=3600s | continuation | exit_by_midnight,robust_percent_all,Robust percent-vol: all directions,robust_stability_score,2025-11-01,2025-11-30,a=120s | move=0.25x percent_to_dollar sigma (63D)/1800s | hold=3600s | continuation | exit_by_midnight
2025-11-18 12:32:29,2025-11-18 16:32:29,2025-11-18 12:34:29,2025-11-18 16:34:29,2025-11-18 13:34:29,2025-11-18 17:34:29,1,26.00000000000051,25.292524863287802,1.011700994531512,0.25,63.89,63.98,8.99999999999963,2.5556,6.44439999999963,exit_by_midnight,continuation,a=120s | move=0.25x percent_to_dollar sigma (63D)/1800s | hold=3600s | continuation | exit_by_midnight,robust_percent_all,Robust percent-vol: all directions,robust_stability_score,2025-11-01,2025-11-30,a=120s | move=0.25x percent_to_dollar sigma (63D)/1800s | hold=3600s | continuation | exit_by_midnight
2025-11-19 12:12:48,2025-11-19 16:12:48,2025-11-19 12:14:48,2025-11-19 16:14:48,2025-11-19 13:14:48,2025-11-19 17:14:48,-1,-26.00000000000051,25.639873850184415,1.0255949540073765,0.25,64.38,64.32,6.000000000000227,2.5751999999999997,3.4248000000002277,exit_by_midnight,continuation,a=120s | move=0.25x percent_to_dollar sigma (63D)/1800s | hold=3600s | continuation | exit_by_midnight,robust_percent_all,Robust percent-vol: all directions,robust_stability_score,2025-11-01,2025-11-30,a=120s | move=0.25x percent_to_dollar sigma (63D)/1800s | hold=3600s | continuation | exit_by_midnight
2025-11-20 11:51:20,2025-11-20 15:51:20,2025-11-20 11:53:20,2025-11-20 15:53:20,2025-11-20 12:53:20,2025-11-20 16:53:20,1,25.9999999999998,25.348777793576666,1.0139511117430666,0.25,63.86,63.93,7.000000000000028,2.5544000000000002,4.445600000000028,exit_by_midnight,continuation,a=120s | move=0.25x percent_to_dollar sigma (63D)/1800s | hold=3600s | continuation | exit_by_midnight,robust_percent_all,Robust percent-vol: all directions,robust_stability_score,2025-11-01,2025-11-30,a=120s | move=0.25x percent_to_dollar sigma (63D)/1800s | hold=3600s | continuation | exit_by_midnight
2025-11-21 09:19:24,2025-11-21 13:19:24,2025-11-21 09:21:24,2025-11-21 13:21:24,2025-11-21 10:21:24,2025-11-21 14:21:24,1,28.000000000000114,24.986413718597078,0.9994565487438831,0.25,62.7,62.73,2.999999999999403,2.508,0.49199999999940314,exit_by_midnight,continuation,a=120s | move=0.25x percent_to_dollar sigma (63D)/1800s | hold=3600s | continuation | exit_by_midnight,robust_percent_all,Robust percent-vol: all directions,robust_stability_score,2025-11-01,2025-11-30,a=120s | move=0.25x percent_to_dollar sigma (63D)/1800s | hold=3600s | continuation | exit_by_midnight
2025-11-24 11:23:06,2025-11-24 15:23:06,2025-11-24 11:25:06,2025-11-24 15:25:06,2025-11-24 12:25:06,2025-11-24 16:25:06,-1,-25.0,24.34392792043763,0.9737571168175052,0.25,62.5,62.3,20.000000000000284,2.5,17.500000000000284,exit_by_midnight,continuation,a=120s | move=0.25x percent_to_dollar sigma (63D)/1800s | hold=3600s | continuation | exit_by_midnight,robust_percent_all,Robust percent-vol: all directions,robust_stability_score,2025-11-01,2025-11-30,a=120s | move=0.25x percent_to_dollar sigma (63D)/1800s | hold=3600s | continuation | exit_by_midnight
2025-11-25 12:38:42,2025-11-25 16:38:42,2025-11-25 12:40:42,2025-11-25 16:40:42,2025-11-25 13:40:42,2025-11-25 17:40:42,-1,-25.0,24.016559106400315,0.9606623642560126,0.25,62.18,62.3,-11.999999999999744,2.4872,-14.487199999999744,exit_by_midnight,continuation,a=120s | move=0.25x percent_to_dollar sigma (63D)/1800s | hold=3600s | continuation | exit_by_midnight,robust_percent_all,Robust percent-vol: all directions,robust_stability_score,2025-11-01,2025-11-30,a=120s | move=0.25x percent_to_dollar sigma (63D)/1800s | hold=3600s | continuation | exit_by_midnight
2025-11-26 11:39:07,2025-11-26 15:39:07,2025-11-26 11:41:07,2025-11-26 15:41:07,2025-11-26 12:41:07,2025-11-26 16:41:07,-1,-24.0000000000002,23.601028699549794,0.9440411479819918,0.25,61.84,61.67,17.00000000000017,2.4736000000000002,14.52640000000017,exit_by_midnight,continuation,a=120s | move=0.25x percent_to_dollar sigma (63D)/1800s | hold=3600s | continuation | exit_by_midnight,robust_percent_all,Robust percent-vol: all directions,robust_stability_score,2025-11-01,2025-11-30,a=120s | move=0.25x percent_to_dollar sigma (63D)/1800s | hold=3600s | continuation | exit_by_midnight
2025-11-27 11:23:02,2025-11-27 15:23:02,2025-11-27 11:25:02,2025-11-27 15:25:02,2025-11-27 12:25:02,2025-11-27 16:25:02,1,23.99999999999949,23.88286098371471,0.9553144393485884,0.25,62.47,62.45,-1.999999999999602,2.4988,-4.498799999999602,exit_by_midnight,continuation,a=120s | move=0.25x percent_to_dollar sigma (63D)/1800s | hold=3600s | continuation | exit_by_midnight,robust_percent_all,Robust percent-vol: all directions,robust_stability_score,2025-11-01,2025-11-30,a=120s | move=0.25x percent_to_dollar sigma (63D)/1800s | hold=3600s | continuation | exit_by_midnight
2025-11-28 12:29:00,2025-11-28 16:29:00,2025-11-28 12:31:00,2025-11-28 16:31:00,2025-11-28 13:31:00,2025-11-28 17:31:00,1,25.0,23.852627740617123,0.9541051096246849,0.25,63.2,63.05,-15.000000000000568,2.528,-17.528000000000567,exit_by_midnight,continuation,a=120s | move=0.25x percent_to_dollar sigma (63D)/1800s | hold=3600s | continuation | exit_by_midnight,robust_percent_all,Robust percent-vol: all directions,robust_stability_score,2025-11-01,2025-11-30,a=120s | move=0.25x percent_to_dollar sigma (63D)/1800s | hold=3600s | continuation | exit_by_midnight
2026-01-02 12:46:02,2026-01-02 16:46:02,2026-01-02 12:48:02,2026-01-02 16:48:02,2026-01-02 18:48:02,2026-01-02 22:48:02,1,-32.99999999999983,32.595015501009236,0.8148753875252309,0.4,60.57,59.81,-75.9999999999998,2.4228,-78.4227999999998,exit_by_midnight,reversal,a=120s | move=0.4x percent_to_dollar sigma (63D)/1800s | hold=21600s | reversal | exit_by_midnight,robust_percent_all,Robust percent-vol: all directions,robust_stability_score,2026-01-01,2026-01-31,a=120s | move=0.4x percent_to_dollar sigma (63D)/1800s | hold=21600s | reversal | exit_by_midnight
2026-01-05 12:29:40,2026-01-05 16:29:40,2026-01-05 12:31:40,2026-01-05 16:31:40,2026-01-05 18:31:40,2026-01-05 22:31:40,1,-33.00000000000054,32.540697147269064,0.8135174286817266,0.4,59.57,61.06,149.0000000000002,2.3828,146.6172000000002,exit_by_midnight,reversal,a=120s | move=0.4x percent_to_dollar sigma (63D)/1800s | hold=21600s | reversal | exit_by_midnight,robust_percent_all,Robust percent-vol: all directions,robust_stability_score,2026-01-01,2026-01-31,a=120s | move=0.4x percent_to_dollar sigma (63D)/1800s | hold=21600s | reversal | exit_by_midnight
2026-01-06 12:55:25,2026-01-06 16:55:25,2026-01-06 12:57:25,2026-01-06 16:57:25,2026-01-06 18:57:25,2026-01-06 22:57:25,-1,34.00000000000034,33.26540535325877,0.8316351338314693,0.4,61.42,61.35,7.000000000000028,2.4568000000000003,4.543200000000028,exit_by_midnight,reversal,a=120s | move=0.4x percent_to_dollar sigma (63D)/1800s | hold=21600s | reversal | exit_by_midnight,robust_percent_all,Robust percent-vol: all directions,robust_stability_score,2026-01-01,2026-01-31,a=120s | move=0.4x percent_to_dollar sigma (63D)/1800s | hold=21600s | reversal | exit_by_midnight
2026-01-07 14:25:35,2026-01-07 18:25:35,2026-01-07 14:27:35,2026-01-07 18:27:35,2026-01-07 19:59:59,2026-01-07 23:59:59,-1,33.99999999999963,33.11641701230126,0.8279104253075315,0.4,59.97,59.9,7.000000000000028,2.3988,4.601200000000029,exit_by_midnight,reversal,a=120s | move=0.4x percent_to_dollar sigma (63D)/1800s | hold=21600s | reversal | exit_by_midnight,robust_percent_all,Robust percent-vol: all directions,robust_stability_score,2026-01-01,2026-01-31,a=120s | move=0.4x percent_to_dollar sigma (63D)/1800s | hold=21600s | reversal | exit_by_midnight
2026-01-09 12:00:42,2026-01-09 16:00:42,2026-01-09 12:02:42,2026-01-09 16:02:42,2026-01-09 18:02:42,2026-01-09 22:02:42,1,-33.99999999999963,33.000082498024746,0.8250020624506186,0.4,61.94,62.01,7.000000000000028,2.4776,4.522400000000029,exit_by_midnight,reversal,a=120s | move=0.4x percent_to_dollar sigma (63D)/1800s | hold=21600s | reversal | exit_by_midnight,robust_percent_all,Robust percent-vol: all directions,robust_stability_score,2026-01-01,2026-01-31,a=120s | move=0.4x percent_to_dollar sigma (63D)/1800s | hold=21600s | reversal | exit_by_midnight
2026-01-12 16:47:59,2026-01-12 20:47:59,2026-01-12 16:49:59,2026-01-12 20:49:59,2026-01-12 19:59:59,2026-01-12 23:59:59,-1,33.99999999999963,33.54877340265163,0.8387193350662907,0.4,62.61,62.83,-21.999999999999886,2.5044,-24.504399999999887,exit_by_midnight,reversal,a=120s | move=0.4x percent_to_dollar sigma (63D)/1800s | hold=21600s | reversal | exit_by_midnight,robust_percent_all,Robust percent-vol: all directions,robust_stability_score,2026-01-01,2026-01-31,a=120s | move=0.4x percent_to_dollar sigma (63D)/1800s | hold=21600s | reversal | exit_by_midnight
2026-01-13 12:55:27,2026-01-13 16:55:27,2026-01-13 12:57:27,2026-01-13 16:57:27,2026-01-13 18:57:27,2026-01-13 22:57:27,-1,35.00000000000014,34.266277067279816,0.8566569266819953,0.4,63.81,64.52,-70.99999999999937,2.5524,-73.55239999999938,exit_by_midnight,reversal,a=120s | move=0.4x percent_to_dollar sigma (63D)/1800s | hold=21600s | reversal | exit_by_midnight,robust_percent_all,Robust percent-vol: all directions,robust_stability_score,2026-01-01,2026-01-31,a=120s | move=0.4x percent_to_dollar sigma (63D)/1800s | hold=21600s | reversal | exit_by_midnight
2026-01-14 13:55:11,2026-01-14 17:55:11,2026-01-14 13:57:11,2026-01-14 17:57:11,2026-01-14 19:57:11,2026-01-14 23:57:11,-1,35.99999999999994,35.008090915150035,0.8752022728787509,0.4,64.56,65.2,-64.00000000000006,2.5824000000000003,-66.58240000000006,exit_by_midnight,reversal,a=120s | move=0.4x percent_to_dollar sigma (63D)/1800s | hold=21600s | reversal | exit_by_midnight,robust_percent_all,Robust percent-vol: all directions,robust_stability_score,2026-01-01,2026-01-31,a=120s | move=0.4x percent_to_dollar sigma (63D)/1800s | hold=21600s | reversal | exit_by_midnight
2026-01-15 11:12:05,2026-01-15 15:12:05,2026-01-15 11:14:05,2026-01-15 15:14:05,2026-01-15 17:14:05,2026-01-15 21:14:05,1,-39.00000000000006,36.34322756492301,0.9085806891230753,0.4,63.59,63.13,-46.000000000000085,2.5436,-48.54360000000008,exit_by_midnight,reversal,a=120s | move=0.4x percent_to_dollar sigma (63D)/1800s | hold=21600s | reversal | exit_by_midnight,robust_percent_all,Robust percent-vol: all directions,robust_stability_score,2026-01-01,2026-01-31,a=120s | move=0.4x percent_to_dollar sigma (63D)/1800s | hold=21600s | reversal | exit_by_midnight
2026-01-16 11:10:47,2026-01-16 15:10:47,2026-01-16 11:12:47,2026-01-16 15:12:47,2026-01-16 17:12:47,2026-01-16 21:12:47,-1,37.999999999999545,37.81391433910416,0.9453478584776039,0.4,63.19,63.74,-55.000000000000426,2.5276,-57.527600000000426,exit_by_midnight,reversal,a=120s | move=0.4x percent_to_dollar sigma (63D)/1800s | hold=21600s | reversal | exit_by_midnight,robust_percent_all,Robust percent-vol: all directions,robust_stability_score,2026-01-01,2026-01-31,a=120s | move=0.4x percent_to_dollar sigma (63D)/1800s | hold=21600s | reversal | exit_by_midnight
2026-01-19 12:38:55,2026-01-19 16:38:55,2026-01-19 12:40:55,2026-01-19 16:40:55,2026-01-19 18:40:55,2026-01-19 22:40:55,1,-39.00000000000006,38.077551786038406,0.95193879465096,0.4,62.71,63.19,47.99999999999969,2.5084,45.491599999999686,exit_by_midnight,reversal,a=120s | move=0.4x percent_to_dollar sigma (63D)/1800s | hold=21600s | reversal | exit_by_midnight,robust_percent_all,Robust percent-vol: all directions,robust_stability_score,2026-01-01,2026-01-31,a=120s | move=0.4x percent_to_dollar sigma (63D)/1800s | hold=21600s | reversal | exit_by_midnight
2026-01-20 11:33:32,2026-01-20 15:33:32,2026-01-20 11:35:32,2026-01-20 15:35:32,2026-01-20 17:35:32,2026-01-20 21:35:32,1,-39.00000000000006,38.019584556340895,0.9504896139085223,0.4,63.11,63.51,39.99999999999986,2.5244,37.47559999999986,exit_by_midnight,reversal,a=120s | move=0.4x percent_to_dollar sigma (63D)/1800s | hold=21600s | reversal | exit_by_midnight,robust_percent_all,Robust percent-vol: all directions,robust_stability_score,2026-01-01,2026-01-31,a=120s | move=0.4x percent_to_dollar sigma (63D)/1800s | hold=21600s | reversal | exit_by_midnight
2026-01-21 13:02:42,2026-01-21 17:02:42,2026-01-21 13:04:42,2026-01-21 17:04:42,2026-01-21 19:04:42,2026-01-21 23:04:42,1,-39.00000000000006,38.28467598010583,0.9571168995026457,0.4,63.1,64.21,110.99999999999923,2.524,108.47599999999923,exit_by_midnight,reversal,a=120s | move=0.4x percent_to_dollar sigma (63D)/1800s | hold=21600s | reversal | exit_by_midnight,robust_percent_all,Robust percent-vol: all directions,robust_stability_score,2026-01-01,2026-01-31,a=120s | move=0.4x percent_to_dollar sigma (63D)/1800s | hold=21600s | reversal | exit_by_midnight
2026-01-22 17:00:28,2026-01-22 21:00:28,2026-01-22 17:02:28,2026-01-22 21:02:28,2026-01-22 19:59:59,2026-01-22 23:59:59,1,-39.00000000000006,38.61238723015163,0.9653096807537908,0.4,63.38,63.62,23.99999999999949,2.5352,21.46479999999949,exit_by_midnight,reversal,a=120s | move=0.4x percent_to_dollar sigma (63D)/1800s | hold=21600s | reversal | exit_by_midnight,robust_percent_all,Robust percent-vol: all directions,robust_stability_score,2026-01-01,2026-01-31,a=120s | move=0.4x percent_to_dollar sigma (63D)/1800s | hold=21600s | reversal | exit_by_midnight
2026-01-23 12:41:07,2026-01-23 16:41:07,2026-01-23 12:43:07,2026-01-23 16:43:07,2026-01-23 18:43:07,2026-01-23 22:43:07,-1,39.00000000000077,38.38099819416734,0.9595249548541835,0.4,63.94,65.17,-123.0000000000004,2.5576,-125.55760000000039,exit_by_midnight,reversal,a=120s | move=0.4x percent_to_dollar sigma (63D)/1800s | hold=21600s | reversal | exit_by_midnight,robust_percent_all,Robust percent-vol: all directions,robust_stability_score,2026-01-01,2026-01-31,a=120s | move=0.4x percent_to_dollar sigma (63D)/1800s | hold=21600s | reversal | exit_by_midnight
2026-01-26 10:20:27,2026-01-26 14:20:27,2026-01-26 10:22:27,2026-01-26 14:22:27,2026-01-26 16:22:27,2026-01-26 20:22:27,-1,40.99999999999966,40.72812370096288,1.018203092524072,0.4,64.94,64.73,20.999999999999375,2.5976,18.402399999999375,exit_by_midnight,reversal,a=120s | move=0.4x percent_to_dollar sigma (63D)/1800s | hold=21600s | reversal | exit_by_midnight,robust_percent_all,Robust percent-vol: all directions,robust_stability_score,2026-01-01,2026-01-31,a=120s | move=0.4x percent_to_dollar sigma (63D)/1800s | hold=21600s | reversal | exit_by_midnight
2026-01-27 17:20:01,2026-01-27 21:20:01,2026-01-27 17:22:01,2026-01-27 21:22:01,2026-01-27 19:59:59,2026-01-27 23:59:59,-1,43.00000000000068,40.41149577426184,1.0102873943565458,0.4,64.62,65.26,-64.00000000000006,2.5848000000000004,-66.58480000000006,exit_by_midnight,reversal,a=120s | move=0.4x percent_to_dollar sigma (63D)/1800s | hold=21600s | reversal | exit_by_midnight,robust_percent_all,Robust percent-vol: all directions,robust_stability_score,2026-01-01,2026-01-31,a=120s | move=0.4x percent_to_dollar sigma (63D)/1800s | hold=21600s | reversal | exit_by_midnight
2026-01-28 13:30:25,2026-01-28 17:30:25,2026-01-28 13:32:25,2026-01-28 17:32:25,2026-01-28 19:32:25,2026-01-28 23:32:25,1,-42.99999999999926,41.59267314736597,1.0398168286841492,0.4,65.75,66.37,62.000000000000455,2.63,59.37000000000045,exit_by_midnight,reversal,a=120s | move=0.4x percent_to_dollar sigma (63D)/1800s | hold=21600s | reversal | exit_by_midnight,robust_percent_all,Robust percent-vol: all directions,robust_stability_score,2026-01-01,2026-01-31,a=120s | move=0.4x percent_to_dollar sigma (63D)/1800s | hold=21600s | reversal | exit_by_midnight
2026-01-29 10:40:33,2026-01-29 14:40:33,2026-01-29 10:42:33,2026-01-29 14:42:33,2026-01-29 16:42:33,2026-01-29 20:42:33,-1,40.99999999999966,40.30729288710812,1.007682322177703,0.4,67.79,68.13,-33.99999999999892,2.7116000000000002,-36.71159999999892,exit_by_midnight,reversal,a=120s | move=0.4x percent_to_dollar sigma (63D)/1800s | hold=21600s | reversal | exit_by_midnight,robust_percent_all,Robust percent-vol: all directions,robust_stability_score,2026-01-01,2026-01-31,a=120s | move=0.4x percent_to_dollar sigma (63D)/1800s | hold=21600s | reversal | exit_by_midnight
2026-01-30 09:50:31,2026-01-30 13:50:31,2026-01-30 09:52:31,2026-01-30 13:52:31,2026-01-30 15:52:31,2026-01-30 19:52:31,-1,42.99999999999926,42.93445315076718,1.0733613287691794,0.4,68.18,68.06,12.000000000000455,2.7272000000000003,9.272800000000455,exit_by_midnight,reversal,a=120s | move=0.4x percent_to_dollar sigma (63D)/1800s | hold=21600s | reversal | exit_by_midnight,robust_percent_all,Robust percent-vol: all directions,robust_stability_score,2026-01-01,2026-01-31,a=120s | move=0.4x percent_to_dollar sigma (63D)/1800s | hold=21600s | reversal | exit_by_midnight
2026-02-02 13:05:20,2026-02-02 17:05:20,2026-02-02 13:07:20,2026-02-02 17:07:20,2026-02-02 19:07:20,2026-02-02 23:07:20,1,-82.99999999999983,79.53085107024084,1.0604113476032113,0.75,64.99,65.7,71.0000000000008,2.5995999999999997,68.4004000000008,exit_by_midnight,reversal,a=120s | move=0.75x percent_to_dollar sigma (63D)/1800s | hold=21600s | reversal | exit_by_midnight,robust_percent_all,Robust percent-vol: all directions,robust_stability_score,2026-02-01,2026-02-28,a=120s | move=0.75x percent_to_dollar sigma (63D)/1800s | hold=21600s | reversal | exit_by_midnight
2026-02-17 17:50:59,2026-02-17 21:50:59,2026-02-17 17:52:59,2026-02-17 21:52:59,2026-02-17 19:59:59,2026-02-17 23:59:59,1,-85.99999999999994,84.68106765643786,1.1290809020858381,0.75,67.0,66.37,-62.999999999999545,2.68,-65.67999999999955,exit_by_midnight,reversal,a=120s | move=0.75x percent_to_dollar sigma (63D)/1800s | hold=21600s | reversal | exit_by_midnight,robust_percent_all,Robust percent-vol: all directions,robust_stability_score,2026-02-01,2026-02-28,a=120s | move=0.75x percent_to_dollar sigma (63D)/1800s | hold=21600s | reversal | exit_by_midnight
2026-03-02 11:09:35,2026-03-02 15:09:35,2026-03-02 11:11:35,2026-03-02 15:11:35,2026-03-02 17:11:35,2026-03-02 21:11:35,-1,96.99999999999989,96.76033452018231,1.290137793602431,0.75,79.73,78.75,98.0000000000004,3.1892,94.8108000000004,exit_by_midnight,reversal,a=120s | move=0.75x percent_to_dollar sigma (63D)/1800s | hold=21600s | reversal | exit_by_midnight,robust_percent_all,Robust percent-vol: all directions,robust_stability_score,2026-03-01,2026-03-26,a=120s | move=0.75x percent_to_dollar sigma (63D)/1800s | hold=21600s | reversal | exit_by_midnight
2026-03-03 13:22:35,2026-03-03 17:22:35,2026-03-03 13:24:35,2026-03-03 17:24:35,2026-03-03 19:24:35,2026-03-03 23:24:35,-1,112.00000000000045,111.06421125433295,1.4808561500577726,0.75,81.89,84.08,-218.99999999999977,3.2756000000000003,-222.27559999999977,exit_by_midnight,reversal,a=120s | move=0.75x percent_to_dollar sigma (63D)/1800s | hold=21600s | reversal | exit_by_midnight,robust_percent_all,Robust percent-vol: all directions,robust_stability_score,2026-03-01,2026-03-26,a=120s | move=0.75x percent_to_dollar sigma (63D)/1800s | hold=21600s | reversal | exit_by_midnight
2026-03-04 12:44:13,2026-03-04 16:44:13,2026-03-04 12:46:13,2026-03-04 16:46:13,2026-03-04 18:46:13,2026-03-04 22:46:13,-1,117.99999999999926,115.77871452314182,1.5437161936418908,0.75,84.38,81.99,239.00000000000006,3.3752,235.62480000000005,exit_by_midnight,reversal,a=120s | move=0.75x percent_to_dollar sigma (63D)/1800s | hold=21600s | reversal | exit_by_midnight,robust_percent_all,Robust percent-vol: all directions,robust_stability_score,2026-03-01,2026-03-26,a=120s | move=0.75x percent_to_dollar sigma (63D)/1800s | hold=21600s | reversal | exit_by_midnight
2026-03-05 10:51:37,2026-03-05 14:51:37,2026-03-05 10:53:37,2026-03-05 14:53:37,2026-03-05 16:53:37,2026-03-05 20:53:37,1,-117.00000000000017,116.81010729556152,1.5574680972741535,0.75,82.42,83.7,128.0000000000001,3.2968,124.70320000000011,exit_by_midnight,reversal,a=120s | move=0.75x percent_to_dollar sigma (63D)/1800s | hold=21600s | reversal | exit_by_midnight,robust_percent_all,Robust percent-vol: all directions,robust_stability_score,2026-03-01,2026-03-26,a=120s | move=0.75x percent_to_dollar sigma (63D)/1800s | hold=21600s | reversal | exit_by_midnight
2026-03-06 13:34:39,2026-03-06 17:34:39,2026-03-06 13:36:39,2026-03-06 17:36:39,2026-03-06 19:36:39,2026-03-06 23:36:39,-1,130.9999999999988,130.35663547028224,1.738088472937097,0.75,86.48,91.14,-465.99999999999966,3.4592,-469.45919999999967,exit_by_midnight,reversal,a=120s | move=0.75x percent_to_dollar sigma (63D)/1800s | hold=21600s | reversal | exit_by_midnight,robust_percent_all,Robust percent-vol: all directions,robust_stability_score,2026-03-01,2026-03-26,a=120s | move=0.75x percent_to_dollar sigma (63D)/1800s | hold=21600s | reversal | exit_by_midnight
2026-03-09 07:39:03,2026-03-09 11:39:03,2026-03-09 07:41:03,2026-03-09 11:41:03,2026-03-09 13:41:03,2026-03-09 17:41:03,-1,159.00000000000034,155.34601808246094,2.0712802410994793,0.75,115.09,103.19,1190.0000000000005,4.6036,1185.3964000000005,exit_by_midnight,reversal,a=120s | move=0.75x percent_to_dollar sigma (63D)/1800s | hold=21600s | reversal | exit_by_midnight,robust_percent_all,Robust percent-vol: all directions,robust_stability_score,2026-03-01,2026-03-26,a=120s | move=0.75x percent_to_dollar sigma (63D)/1800s | hold=21600s | reversal | exit_by_midnight
2026-03-10 07:35:36,2026-03-10 11:35:36,2026-03-10 07:37:36,2026-03-10 11:37:36,2026-03-10 13:37:36,2026-03-10 17:37:36,-1,156.00000000000023,153.34408958078913,2.0445878610771886,0.75,94.02,90.25,376.9999999999996,3.7607999999999997,373.2391999999996,exit_by_midnight,reversal,a=120s | move=0.75x percent_to_dollar sigma (63D)/1800s | hold=21600s | reversal | exit_by_midnight,robust_percent_all,Robust percent-vol: all directions,robust_stability_score,2026-03-01,2026-03-26,a=120s | move=0.75x percent_to_dollar sigma (63D)/1800s | hold=21600s | reversal | exit_by_midnight
2026-03-11 11:36:53,2026-03-11 15:36:53,2026-03-11 11:38:53,2026-03-11 15:38:53,2026-03-11 17:38:53,2026-03-11 21:38:53,-1,157.99999999999983,156.0708721540917,2.0809449620545557,0.75,89.33,89.58,-25.0,3.5732,-28.5732,exit_by_midnight,reversal,a=120s | move=0.75x percent_to_dollar sigma (63D)/1800s | hold=21600s | reversal | exit_by_midnight,robust_percent_all,Robust percent-vol: all directions,robust_stability_score,2026-03-01,2026-03-26,a=120s | move=0.75x percent_to_dollar sigma (63D)/1800s | hold=21600s | reversal | exit_by_midnight
2026-03-12 09:03:27,2026-03-12 13:03:27,2026-03-12 09:05:27,2026-03-12 13:05:27,2026-03-12 15:05:27,2026-03-12 19:05:27,1,-161.99999999999903,158.34086683561307,2.1112115578081743,0.75,98.7,96.79,-190.99999999999966,3.9480000000000004,-194.94799999999967,exit_by_midnight,reversal,a=120s | move=0.75x percent_to_dollar sigma (63D)/1800s | hold=21600s | reversal | exit_by_midnight,robust_percent_all,Robust percent-vol: all directions,robust_stability_score,2026-03-01,2026-03-26,a=120s | move=0.75x percent_to_dollar sigma (63D)/1800s | hold=21600s | reversal | exit_by_midnight
2026-03-13 14:49:14,2026-03-13 18:49:14,2026-03-13 14:51:14,2026-03-13 18:51:14,2026-03-13 19:59:59,2026-03-13 23:59:59,1,-192.00000000000017,190.3189347384211,2.5375857965122814,0.75,98.79,101.45,265.99999999999966,3.9516000000000004,262.0483999999997,exit_by_midnight,reversal,a=120s | move=0.75x percent_to_dollar sigma (63D)/1800s | hold=21600s | reversal | exit_by_midnight,robust_percent_all,Robust percent-vol: all directions,robust_stability_score,2026-03-01,2026-03-26,a=120s | move=0.75x percent_to_dollar sigma (63D)/1800s | hold=21600s | reversal | exit_by_midnight
2026-03-16 11:34:42,2026-03-16 15:34:42,2026-03-16 11:36:42,2026-03-16 15:36:42,2026-03-16 17:36:42,2026-03-16 21:36:42,-1,198.0000000000004,193.5440066713014,2.5805867556173516,0.75,106.26,101.87,439.00000000000006,4.2504,434.74960000000004,exit_by_midnight,reversal,a=120s | move=0.75x percent_to_dollar sigma (63D)/1800s | hold=21600s | reversal | exit_by_midnight,robust_percent_all,Robust percent-vol: all directions,robust_stability_score,2026-03-01,2026-03-26,a=120s | move=0.75x percent_to_dollar sigma (63D)/1800s | hold=21600s | reversal | exit_by_midnight
2026-03-17 09:58:36,2026-03-17 13:58:36,2026-03-17 10:00:36,2026-03-17 14:00:36,2026-03-17 16:00:36,2026-03-17 20:00:36,-1,195.00000000000028,191.09161619359062,2.5478882159145417,0.75,104.69,103.55,114.00000000000006,4.1876,109.81240000000005,exit_by_midnight,reversal,a=120s | move=0.75x percent_to_dollar sigma (63D)/1800s | hold=21600s | reversal | exit_by_midnight,robust_percent_all,Robust percent-vol: all directions,robust_stability_score,2026-03-01,2026-03-26,a=120s | move=0.75x percent_to_dollar sigma (63D)/1800s | hold=21600s | reversal | exit_by_midnight
2026-03-18 16:22:53,2026-03-18 20:22:53,2026-03-18 16:24:53,2026-03-18 20:24:53,2026-03-18 19:59:59,2026-03-18 23:59:59,-1,200.0,199.1716278283613,2.6556217043781505,0.75,105.98,108.55,-256.9999999999993,4.2392,-261.2391999999993,exit_by_midnight,reversal,a=120s | move=0.75x percent_to_dollar sigma (63D)/1800s | hold=21600s | reversal | exit_by_midnight,robust_percent_all,Robust percent-vol: all directions,robust_stability_score,2026-03-01,2026-03-26,a=120s | move=0.75x percent_to_dollar sigma (63D)/1800s | hold=21600s | reversal | exit_by_midnight
2026-03-19 12:39:31,2026-03-19 16:39:31,2026-03-19 12:41:31,2026-03-19 16:41:31,2026-03-19 18:41:31,2026-03-19 22:41:31,-1,223.0000000000004,216.18869546982617,2.8825159395976825,0.75,115.3,111.93,336.99999999999903,4.612,332.387999999999,exit_by_midnight,reversal,a=120s | move=0.75x percent_to_dollar sigma (63D)/1800s | hold=21600s | reversal | exit_by_midnight,robust_percent_all,Robust percent-vol: all directions,robust_stability_score,2026-03-01,2026-03-26,a=120s | move=0.75x percent_to_dollar sigma (63D)/1800s | hold=21600s | reversal | exit_by_midnight
2026-03-20 15:18:13,2026-03-20 19:18:13,2026-03-20 15:20:13,2026-03-20 19:20:13,2026-03-20 19:59:59,2026-03-20 23:59:59,1,-214.00000000000006,213.89658189982742,2.8519544253310323,0.75,108.24,109.2,96.0000000000008,4.3296,91.6704000000008,exit_by_midnight,reversal,a=120s | move=0.75x percent_to_dollar sigma (63D)/1800s | hold=21600s | reversal | exit_by_midnight,robust_percent_all,Robust percent-vol: all directions,robust_stability_score,2026-03-01,2026-03-26,a=120s | move=0.75x percent_to_dollar sigma (63D)/1800s | hold=21600s | reversal | exit_by_midnight
2026-03-23 15:05:18,2026-03-23 19:05:18,2026-03-23 15:07:18,2026-03-23 19:07:18,2026-03-23 19:59:59,2026-03-23 23:59:59,1,-229.00000000000063,222.29045473256724,2.963872729767563,0.75,101.48,102.44,95.99999999999937,4.059200000000001,91.94079999999937,exit_by_midnight,reversal,a=120s | move=0.75x percent_to_dollar sigma (63D)/1800s | hold=21600s | reversal | exit_by_midnight,robust_percent_all,Robust percent-vol: all directions,robust_stability_score,2026-03-01,2026-03-26,a=120s | move=0.75x percent_to_dollar sigma (63D)/1800s | hold=21600s | reversal | exit_by_midnight
2026-03-24 12:05:53,2026-03-24 16:05:53,2026-03-24 12:07:53,2026-03-24 16:07:53,2026-03-24 18:07:53,2026-03-24 22:07:53,1,-227.00000000000102,226.62586945882742,3.0216782594510323,0.75,101.07,102.63,156.00000000000023,4.0428,151.95720000000023,exit_by_midnight,reversal,a=120s | move=0.75x percent_to_dollar sigma (63D)/1800s | hold=21600s | reversal | exit_by_midnight,robust_percent_all,Robust percent-vol: all directions,robust_stability_score,2026-03-01,2026-03-26,a=120s | move=0.75x percent_to_dollar sigma (63D)/1800s | hold=21600s | reversal | exit_by_midnight
2025-11-03 09:57:40,2025-11-03 13:57:40,2025-11-03 09:59:40,2025-11-03 13:59:40,2025-11-03 10:59:40,2025-11-03 14:59:40,1,26.999999999999602,26.673486924158563,1.0669394769663425,0.25,65.24,65.24,0.0,2.6096,-2.6096,exit_by_midnight,continuation,a=120s | move=0.25x percent_to_dollar sigma (63D)/1800s | hold=3600s | continuation | exit_by_midnight,robust_percent_strict,Strict robust percent-vol: sit out if unstable,robust_stability_score,2025-11-01,2025-11-30,a=120s | move=0.25x percent_to_dollar sigma (63D)/1800s | hold=3600s | continuation | exit_by_midnight
2025-11-04 12:01:57,2025-11-04 16:01:57,2025-11-04 12:03:57,2025-11-04 16:03:57,2025-11-04 13:03:57,2025-11-04 17:03:57,-1,-28.000000000000114,26.30870909166745,1.052348363666698,0.25,64.27,64.07,20.000000000000284,2.5707999999999998,17.429200000000286,exit_by_midnight,continuation,a=120s | move=0.25x percent_to_dollar sigma (63D)/1800s | hold=3600s | continuation | exit_by_midnight,robust_percent_strict,Strict robust percent-vol: sit out if unstable,robust_stability_score,2025-11-01,2025-11-30,a=120s | move=0.25x percent_to_dollar sigma (63D)/1800s | hold=3600s | continuation | exit_by_midnight
2025-11-05 11:08:18,2025-11-05 15:08:18,2025-11-05 11:10:18,2025-11-05 15:10:18,2025-11-05 12:10:18,2025-11-05 16:10:18,-1,-25.99999999999909,25.736329261599796,1.0294531704639918,0.25,64.36,64.37,-1.0000000000005116,2.5744000000000002,-3.574400000000512,exit_by_midnight,continuation,a=120s | move=0.25x percent_to_dollar sigma (63D)/1800s | hold=3600s | continuation | exit_by_midnight,robust_percent_strict,Strict robust percent-vol: sit out if unstable,robust_stability_score,2025-11-01,2025-11-30,a=120s | move=0.25x percent_to_dollar sigma (63D)/1800s | hold=3600s | continuation | exit_by_midnight
2025-11-06 12:04:07,2025-11-06 16:04:07,2025-11-06 12:06:07,2025-11-06 16:06:07,2025-11-06 13:06:07,2025-11-06 17:06:07,-1,-25.9999999999998,25.257769053408502,1.01031076213634,0.25,63.47,64.15,-68.00000000000068,2.5388,-70.53880000000068,exit_by_midnight,continuation,a=120s | move=0.25x percent_to_dollar sigma (63D)/1800s | hold=3600s | continuation | exit_by_midnight,robust_percent_strict,Strict robust percent-vol: sit out if unstable,robust_stability_score,2025-11-01,2025-11-30,a=120s | move=0.25x percent_to_dollar sigma (63D)/1800s | hold=3600s | continuation | exit_by_midnight
2025-11-07 10:58:01,2025-11-07 14:58:01,2025-11-07 11:00:01,2025-11-07 15:00:01,2025-11-07 12:00:01,2025-11-07 16:00:01,1,25.00000000000071,24.8059057461684,0.992236229846736,0.25,64.12,64.02,-10.000000000000853,2.5648000000000004,-12.564800000000853,exit_by_midnight,continuation,a=120s | move=0.25x percent_to_dollar sigma (63D)/1800s | hold=3600s | continuation | exit_by_midnight,robust_percent_strict,Strict robust percent-vol: sit out if unstable,robust_stability_score,2025-11-01,2025-11-30,a=120s | move=0.25x percent_to_dollar sigma (63D)/1800s | hold=3600s | continuation | exit_by_midnight
2025-11-10 12:45:53,2025-11-10 16:45:53,2025-11-10 12:47:53,2025-11-10 16:47:53,2025-11-10 13:47:53,2025-11-10 17:47:53,-1,-26.999999999999602,24.184971000571032,0.9673988400228413,0.25,63.9,64.24,-33.99999999999963,2.556,-36.55599999999963,exit_by_midnight,continuation,a=120s | move=0.25x percent_to_dollar sigma (63D)/1800s | hold=3600s | continuation | exit_by_midnight,robust_percent_strict,Strict robust percent-vol: sit out if unstable,robust_stability_score,2025-11-01,2025-11-30,a=120s | move=0.25x percent_to_dollar sigma (63D)/1800s | hold=3600s | continuation | exit_by_midnight
2025-11-11 12:22:48,2025-11-11 16:22:48,2025-11-11 12:24:48,2025-11-11 16:24:48,2025-11-11 13:24:48,2025-11-11 17:24:48,1,24.0000000000002,23.987512253085914,0.9595004901234365,0.25,63.89,64.25,35.99999999999994,2.5556,33.444399999999945,exit_by_midnight,continuation,a=120s | move=0.25x percent_to_dollar sigma (63D)/1800s | hold=3600s | continuation | exit_by_midnight,robust_percent_strict,Strict robust percent-vol: sit out if unstable,robust_stability_score,2025-11-01,2025-11-30,a=120s | move=0.25x percent_to_dollar sigma (63D)/1800s | hold=3600s | continuation | exit_by_midnight
2025-11-12 15:34:58,2025-11-12 19:34:58,2025-11-12 15:36:58,2025-11-12 19:36:58,2025-11-12 16:36:58,2025-11-12 20:36:58,-1,-25.0,24.554165305268384,0.9821666122107353,0.25,64.54,64.46,8.00000000000125,2.5816000000000003,5.418400000001251,exit_by_midnight,continuation,a=120s | move=0.25x percent_to_dollar sigma (63D)/1800s | hold=3600s | continuation | exit_by_midnight,robust_percent_strict,Strict robust percent-vol: sit out if unstable,robust_stability_score,2025-11-01,2025-11-30,a=120s | move=0.25x percent_to_dollar sigma (63D)/1800s | hold=3600s | continuation | exit_by_midnight
2025-11-13 14:09:42,2025-11-13 18:09:42,2025-11-13 14:11:42,2025-11-13 18:11:42,2025-11-13 15:11:42,2025-11-13 19:11:42,1,25.9999999999998,25.366559068229343,1.0146623627291738,0.25,62.85,63.05,19.999999999999574,2.5140000000000002,17.485999999999574,exit_by_midnight,continuation,a=120s | move=0.25x percent_to_dollar sigma (63D)/1800s | hold=3600s | continuation | exit_by_midnight,robust_percent_strict,Strict robust percent-vol: sit out if unstable,robust_stability_score,2025-11-01,2025-11-30,a=120s | move=0.25x percent_to_dollar sigma (63D)/1800s | hold=3600s | continuation | exit_by_midnight
2025-11-14 07:45:11,2025-11-14 11:45:11,2025-11-14 07:47:11,2025-11-14 11:47:11,2025-11-14 08:47:11,2025-11-14 12:47:11,-1,-26.00000000000051,25.298773430003695,1.0119509372001478,0.25,63.96,63.89,7.000000000000028,2.5584000000000002,4.441600000000028,exit_by_midnight,continuation,a=120s | move=0.25x percent_to_dollar sigma (63D)/1800s | hold=3600s | continuation | exit_by_midnight,robust_percent_strict,Strict robust percent-vol: sit out if unstable,robust_stability_score,2025-11-01,2025-11-30,a=120s | move=0.25x percent_to_dollar sigma (63D)/1800s | hold=3600s | continuation | exit_by_midnight
2025-11-17 11:47:47,2025-11-17 15:47:47,2025-11-17 11:49:47,2025-11-17 15:49:47,2025-11-17 12:49:47,2025-11-17 16:49:47,1,27.000000000000313,25.709682035298382,1.0283872814119353,0.25,64.0,63.92,-7.9999999999998295,2.56,-10.55999999999983,exit_by_midnight,continuation,a=120s | move=0.25x percent_to_dollar sigma (63D)/1800s | hold=3600s | continuation | exit_by_midnight,robust_percent_strict,Strict robust percent-vol: sit out if unstable,robust_stability_score,2025-11-01,2025-11-30,a=120s | move=0.25x percent_to_dollar sigma (63D)/1800s | hold=3600s | continuation | exit_by_midnight
2025-11-18 12:32:29,2025-11-18 16:32:29,2025-11-18 12:34:29,2025-11-18 16:34:29,2025-11-18 13:34:29,2025-11-18 17:34:29,1,26.00000000000051,25.292524863287802,1.011700994531512,0.25,63.89,63.98,8.99999999999963,2.5556,6.44439999999963,exit_by_midnight,continuation,a=120s | move=0.25x percent_to_dollar sigma (63D)/1800s | hold=3600s | continuation | exit_by_midnight,robust_percent_strict,Strict robust percent-vol: sit out if unstable,robust_stability_score,2025-11-01,2025-11-30,a=120s | move=0.25x percent_to_dollar sigma (63D)/1800s | hold=3600s | continuation | exit_by_midnight
2025-11-19 12:12:48,2025-11-19 16:12:48,2025-11-19 12:14:48,2025-11-19 16:14:48,2025-11-19 13:14:48,2025-11-19 17:14:48,-1,-26.00000000000051,25.639873850184415,1.0255949540073765,0.25,64.38,64.32,6.000000000000227,2.5751999999999997,3.4248000000002277,exit_by_midnight,continuation,a=120s | move=0.25x percent_to_dollar sigma (63D)/1800s | hold=3600s | continuation | exit_by_midnight,robust_percent_strict,Strict robust percent-vol: sit out if unstable,robust_stability_score,2025-11-01,2025-11-30,a=120s | move=0.25x percent_to_dollar sigma (63D)/1800s | hold=3600s | continuation | exit_by_midnight
2025-11-20 11:51:20,2025-11-20 15:51:20,2025-11-20 11:53:20,2025-11-20 15:53:20,2025-11-20 12:53:20,2025-11-20 16:53:20,1,25.9999999999998,25.348777793576666,1.0139511117430666,0.25,63.86,63.93,7.000000000000028,2.5544000000000002,4.445600000000028,exit_by_midnight,continuation,a=120s | move=0.25x percent_to_dollar sigma (63D)/1800s | hold=3600s | continuation | exit_by_midnight,robust_percent_strict,Strict robust percent-vol: sit out if unstable,robust_stability_score,2025-11-01,2025-11-30,a=120s | move=0.25x percent_to_dollar sigma (63D)/1800s | hold=3600s | continuation | exit_by_midnight
2025-11-21 09:19:24,2025-11-21 13:19:24,2025-11-21 09:21:24,2025-11-21 13:21:24,2025-11-21 10:21:24,2025-11-21 14:21:24,1,28.000000000000114,24.986413718597078,0.9994565487438831,0.25,62.7,62.73,2.999999999999403,2.508,0.49199999999940314,exit_by_midnight,continuation,a=120s | move=0.25x percent_to_dollar sigma (63D)/1800s | hold=3600s | continuation | exit_by_midnight,robust_percent_strict,Strict robust percent-vol: sit out if unstable,robust_stability_score,2025-11-01,2025-11-30,a=120s | move=0.25x percent_to_dollar sigma (63D)/1800s | hold=3600s | continuation | exit_by_midnight
2025-11-24 11:23:06,2025-11-24 15:23:06,2025-11-24 11:25:06,2025-11-24 15:25:06,2025-11-24 12:25:06,2025-11-24 16:25:06,-1,-25.0,24.34392792043763,0.9737571168175052,0.25,62.5,62.3,20.000000000000284,2.5,17.500000000000284,exit_by_midnight,continuation,a=120s | move=0.25x percent_to_dollar sigma (63D)/1800s | hold=3600s | continuation | exit_by_midnight,robust_percent_strict,Strict robust percent-vol: sit out if unstable,robust_stability_score,2025-11-01,2025-11-30,a=120s | move=0.25x percent_to_dollar sigma (63D)/1800s | hold=3600s | continuation | exit_by_midnight
2025-11-25 12:38:42,2025-11-25 16:38:42,2025-11-25 12:40:42,2025-11-25 16:40:42,2025-11-25 13:40:42,2025-11-25 17:40:42,-1,-25.0,24.016559106400315,0.9606623642560126,0.25,62.18,62.3,-11.999999999999744,2.4872,-14.487199999999744,exit_by_midnight,continuation,a=120s | move=0.25x percent_to_dollar sigma (63D)/1800s | hold=3600s | continuation | exit_by_midnight,robust_percent_strict,Strict robust percent-vol: sit out if unstable,robust_stability_score,2025-11-01,2025-11-30,a=120s | move=0.25x percent_to_dollar sigma (63D)/1800s | hold=3600s | continuation | exit_by_midnight
2025-11-26 11:39:07,2025-11-26 15:39:07,2025-11-26 11:41:07,2025-11-26 15:41:07,2025-11-26 12:41:07,2025-11-26 16:41:07,-1,-24.0000000000002,23.601028699549794,0.9440411479819918,0.25,61.84,61.67,17.00000000000017,2.4736000000000002,14.52640000000017,exit_by_midnight,continuation,a=120s | move=0.25x percent_to_dollar sigma (63D)/1800s | hold=3600s | continuation | exit_by_midnight,robust_percent_strict,Strict robust percent-vol: sit out if unstable,robust_stability_score,2025-11-01,2025-11-30,a=120s | move=0.25x percent_to_dollar sigma (63D)/1800s | hold=3600s | continuation | exit_by_midnight
2025-11-27 11:23:02,2025-11-27 15:23:02,2025-11-27 11:25:02,2025-11-27 15:25:02,2025-11-27 12:25:02,2025-11-27 16:25:02,1,23.99999999999949,23.88286098371471,0.9553144393485884,0.25,62.47,62.45,-1.999999999999602,2.4988,-4.498799999999602,exit_by_midnight,continuation,a=120s | move=0.25x percent_to_dollar sigma (63D)/1800s | hold=3600s | continuation | exit_by_midnight,robust_percent_strict,Strict robust percent-vol: sit out if unstable,robust_stability_score,2025-11-01,2025-11-30,a=120s | move=0.25x percent_to_dollar sigma (63D)/1800s | hold=3600s | continuation | exit_by_midnight
2025-11-28 12:29:00,2025-11-28 16:29:00,2025-11-28 12:31:00,2025-11-28 16:31:00,2025-11-28 13:31:00,2025-11-28 17:31:00,1,25.0,23.852627740617123,0.9541051096246849,0.25,63.2,63.05,-15.000000000000568,2.528,-17.528000000000567,exit_by_midnight,continuation,a=120s | move=0.25x percent_to_dollar sigma (63D)/1800s | hold=3600s | continuation | exit_by_midnight,robust_percent_strict,Strict robust percent-vol: sit out if unstable,robust_stability_score,2025-11-01,2025-11-30,a=120s | move=0.25x percent_to_dollar sigma (63D)/1800s | hold=3600s | continuation | exit_by_midnight
2026-01-02 12:46:02,2026-01-02 16:46:02,2026-01-02 12:48:02,2026-01-02 16:48:02,2026-01-02 18:48:02,2026-01-02 22:48:02,1,-32.99999999999983,32.595015501009236,0.8148753875252309,0.4,60.57,59.81,-75.9999999999998,2.4228,-78.4227999999998,exit_by_midnight,reversal,a=120s | move=0.4x percent_to_dollar sigma (63D)/1800s | hold=21600s | reversal | exit_by_midnight,robust_percent_strict,Strict robust percent-vol: sit out if unstable,robust_stability_score,2026-01-01,2026-01-31,a=120s | move=0.4x percent_to_dollar sigma (63D)/1800s | hold=21600s | reversal | exit_by_midnight
2026-01-05 12:29:40,2026-01-05 16:29:40,2026-01-05 12:31:40,2026-01-05 16:31:40,2026-01-05 18:31:40,2026-01-05 22:31:40,1,-33.00000000000054,32.540697147269064,0.8135174286817266,0.4,59.57,61.06,149.0000000000002,2.3828,146.6172000000002,exit_by_midnight,reversal,a=120s | move=0.4x percent_to_dollar sigma (63D)/1800s | hold=21600s | reversal | exit_by_midnight,robust_percent_strict,Strict robust percent-vol: sit out if unstable,robust_stability_score,2026-01-01,2026-01-31,a=120s | move=0.4x percent_to_dollar sigma (63D)/1800s | hold=21600s | reversal | exit_by_midnight
2026-01-06 12:55:25,2026-01-06 16:55:25,2026-01-06 12:57:25,2026-01-06 16:57:25,2026-01-06 18:57:25,2026-01-06 22:57:25,-1,34.00000000000034,33.26540535325877,0.8316351338314693,0.4,61.42,61.35,7.000000000000028,2.4568000000000003,4.543200000000028,exit_by_midnight,reversal,a=120s | move=0.4x percent_to_dollar sigma (63D)/1800s | hold=21600s | reversal | exit_by_midnight,robust_percent_strict,Strict robust percent-vol: sit out if unstable,robust_stability_score,2026-01-01,2026-01-31,a=120s | move=0.4x percent_to_dollar sigma (63D)/1800s | hold=21600s | reversal | exit_by_midnight
2026-01-07 14:25:35,2026-01-07 18:25:35,2026-01-07 14:27:35,2026-01-07 18:27:35,2026-01-07 19:59:59,2026-01-07 23:59:59,-1,33.99999999999963,33.11641701230126,0.8279104253075315,0.4,59.97,59.9,7.000000000000028,2.3988,4.601200000000029,exit_by_midnight,reversal,a=120s | move=0.4x percent_to_dollar sigma (63D)/1800s | hold=21600s | reversal | exit_by_midnight,robust_percent_strict,Strict robust percent-vol: sit out if unstable,robust_stability_score,2026-01-01,2026-01-31,a=120s | move=0.4x percent_to_dollar sigma (63D)/1800s | hold=21600s | reversal | exit_by_midnight
2026-01-09 12:00:42,2026-01-09 16:00:42,2026-01-09 12:02:42,2026-01-09 16:02:42,2026-01-09 18:02:42,2026-01-09 22:02:42,1,-33.99999999999963,33.000082498024746,0.8250020624506186,0.4,61.94,62.01,7.000000000000028,2.4776,4.522400000000029,exit_by_midnight,reversal,a=120s | move=0.4x percent_to_dollar sigma (63D)/1800s | hold=21600s | reversal | exit_by_midnight,robust_percent_strict,Strict robust percent-vol: sit out if unstable,robust_stability_score,2026-01-01,2026-01-31,a=120s | move=0.4x percent_to_dollar sigma (63D)/1800s | hold=21600s | reversal | exit_by_midnight
2026-01-12 16:47:59,2026-01-12 20:47:59,2026-01-12 16:49:59,2026-01-12 20:49:59,2026-01-12 19:59:59,2026-01-12 23:59:59,-1,33.99999999999963,33.54877340265163,0.8387193350662907,0.4,62.61,62.83,-21.999999999999886,2.5044,-24.504399999999887,exit_by_midnight,reversal,a=120s | move=0.4x percent_to_dollar sigma (63D)/1800s | hold=21600s | reversal | exit_by_midnight,robust_percent_strict,Strict robust percent-vol: sit out if unstable,robust_stability_score,2026-01-01,2026-01-31,a=120s | move=0.4x percent_to_dollar sigma (63D)/1800s | hold=21600s | reversal | exit_by_midnight
2026-01-13 12:55:27,2026-01-13 16:55:27,2026-01-13 12:57:27,2026-01-13 16:57:27,2026-01-13 18:57:27,2026-01-13 22:57:27,-1,35.00000000000014,34.266277067279816,0.8566569266819953,0.4,63.81,64.52,-70.99999999999937,2.5524,-73.55239999999938,exit_by_midnight,reversal,a=120s | move=0.4x percent_to_dollar sigma (63D)/1800s | hold=21600s | reversal | exit_by_midnight,robust_percent_strict,Strict robust percent-vol: sit out if unstable,robust_stability_score,2026-01-01,2026-01-31,a=120s | move=0.4x percent_to_dollar sigma (63D)/1800s | hold=21600s | reversal | exit_by_midnight
2026-01-14 13:55:11,2026-01-14 17:55:11,2026-01-14 13:57:11,2026-01-14 17:57:11,2026-01-14 19:57:11,2026-01-14 23:57:11,-1,35.99999999999994,35.008090915150035,0.8752022728787509,0.4,64.56,65.2,-64.00000000000006,2.5824000000000003,-66.58240000000006,exit_by_midnight,reversal,a=120s | move=0.4x percent_to_dollar sigma (63D)/1800s | hold=21600s | reversal | exit_by_midnight,robust_percent_strict,Strict robust percent-vol: sit out if unstable,robust_stability_score,2026-01-01,2026-01-31,a=120s | move=0.4x percent_to_dollar sigma (63D)/1800s | hold=21600s | reversal | exit_by_midnight
2026-01-15 11:12:05,2026-01-15 15:12:05,2026-01-15 11:14:05,2026-01-15 15:14:05,2026-01-15 17:14:05,2026-01-15 21:14:05,1,-39.00000000000006,36.34322756492301,0.9085806891230753,0.4,63.59,63.13,-46.000000000000085,2.5436,-48.54360000000008,exit_by_midnight,reversal,a=120s | move=0.4x percent_to_dollar sigma (63D)/1800s | hold=21600s | reversal | exit_by_midnight,robust_percent_strict,Strict robust percent-vol: sit out if unstable,robust_stability_score,2026-01-01,2026-01-31,a=120s | move=0.4x percent_to_dollar sigma (63D)/1800s | hold=21600s | reversal | exit_by_midnight
2026-01-16 11:10:47,2026-01-16 15:10:47,2026-01-16 11:12:47,2026-01-16 15:12:47,2026-01-16 17:12:47,2026-01-16 21:12:47,-1,37.999999999999545,37.81391433910416,0.9453478584776039,0.4,63.19,63.74,-55.000000000000426,2.5276,-57.527600000000426,exit_by_midnight,reversal,a=120s | move=0.4x percent_to_dollar sigma (63D)/1800s | hold=21600s | reversal | exit_by_midnight,robust_percent_strict,Strict robust percent-vol: sit out if unstable,robust_stability_score,2026-01-01,2026-01-31,a=120s | move=0.4x percent_to_dollar sigma (63D)/1800s | hold=21600s | reversal | exit_by_midnight
2026-01-19 12:38:55,2026-01-19 16:38:55,2026-01-19 12:40:55,2026-01-19 16:40:55,2026-01-19 18:40:55,2026-01-19 22:40:55,1,-39.00000000000006,38.077551786038406,0.95193879465096,0.4,62.71,63.19,47.99999999999969,2.5084,45.491599999999686,exit_by_midnight,reversal,a=120s | move=0.4x percent_to_dollar sigma (63D)/1800s | hold=21600s | reversal | exit_by_midnight,robust_percent_strict,Strict robust percent-vol: sit out if unstable,robust_stability_score,2026-01-01,2026-01-31,a=120s | move=0.4x percent_to_dollar sigma (63D)/1800s | hold=21600s | reversal | exit_by_midnight
2026-01-20 11:33:32,2026-01-20 15:33:32,2026-01-20 11:35:32,2026-01-20 15:35:32,2026-01-20 17:35:32,2026-01-20 21:35:32,1,-39.00000000000006,38.019584556340895,0.9504896139085223,0.4,63.11,63.51,39.99999999999986,2.5244,37.47559999999986,exit_by_midnight,reversal,a=120s | move=0.4x percent_to_dollar sigma (63D)/1800s | hold=21600s | reversal | exit_by_midnight,robust_percent_strict,Strict robust percent-vol: sit out if unstable,robust_stability_score,2026-01-01,2026-01-31,a=120s | move=0.4x percent_to_dollar sigma (63D)/1800s | hold=21600s | reversal | exit_by_midnight
2026-01-21 13:02:42,2026-01-21 17:02:42,2026-01-21 13:04:42,2026-01-21 17:04:42,2026-01-21 19:04:42,2026-01-21 23:04:42,1,-39.00000000000006,38.28467598010583,0.9571168995026457,0.4,63.1,64.21,110.99999999999923,2.524,108.47599999999923,exit_by_midnight,reversal,a=120s | move=0.4x percent_to_dollar sigma (63D)/1800s | hold=21600s | reversal | exit_by_midnight,robust_percent_strict,Strict robust percent-vol: sit out if unstable,robust_stability_score,2026-01-01,2026-01-31,a=120s | move=0.4x percent_to_dollar sigma (63D)/1800s | hold=21600s | reversal | exit_by_midnight
2026-01-22 17:00:28,2026-01-22 21:00:28,2026-01-22 17:02:28,2026-01-22 21:02:28,2026-01-22 19:59:59,2026-01-22 23:59:59,1,-39.00000000000006,38.61238723015163,0.9653096807537908,0.4,63.38,63.62,23.99999999999949,2.5352,21.46479999999949,exit_by_midnight,reversal,a=120s | move=0.4x percent_to_dollar sigma (63D)/1800s | hold=21600s | reversal | exit_by_midnight,robust_percent_strict,Strict robust percent-vol: sit out if unstable,robust_stability_score,2026-01-01,2026-01-31,a=120s | move=0.4x percent_to_dollar sigma (63D)/1800s | hold=21600s | reversal | exit_by_midnight
2026-01-23 12:41:07,2026-01-23 16:41:07,2026-01-23 12:43:07,2026-01-23 16:43:07,2026-01-23 18:43:07,2026-01-23 22:43:07,-1,39.00000000000077,38.38099819416734,0.9595249548541835,0.4,63.94,65.17,-123.0000000000004,2.5576,-125.55760000000039,exit_by_midnight,reversal,a=120s | move=0.4x percent_to_dollar sigma (63D)/1800s | hold=21600s | reversal | exit_by_midnight,robust_percent_strict,Strict robust percent-vol: sit out if unstable,robust_stability_score,2026-01-01,2026-01-31,a=120s | move=0.4x percent_to_dollar sigma (63D)/1800s | hold=21600s | reversal | exit_by_midnight
2026-01-26 10:20:27,2026-01-26 14:20:27,2026-01-26 10:22:27,2026-01-26 14:22:27,2026-01-26 16:22:27,2026-01-26 20:22:27,-1,40.99999999999966,40.72812370096288,1.018203092524072,0.4,64.94,64.73,20.999999999999375,2.5976,18.402399999999375,exit_by_midnight,reversal,a=120s | move=0.4x percent_to_dollar sigma (63D)/1800s | hold=21600s | reversal | exit_by_midnight,robust_percent_strict,Strict robust percent-vol: sit out if unstable,robust_stability_score,2026-01-01,2026-01-31,a=120s | move=0.4x percent_to_dollar sigma (63D)/1800s | hold=21600s | reversal | exit_by_midnight
2026-01-27 17:20:01,2026-01-27 21:20:01,2026-01-27 17:22:01,2026-01-27 21:22:01,2026-01-27 19:59:59,2026-01-27 23:59:59,-1,43.00000000000068,40.41149577426184,1.0102873943565458,0.4,64.62,65.26,-64.00000000000006,2.5848000000000004,-66.58480000000006,exit_by_midnight,reversal,a=120s | move=0.4x percent_to_dollar sigma (63D)/1800s | hold=21600s | reversal | exit_by_midnight,robust_percent_strict,Strict robust percent-vol: sit out if unstable,robust_stability_score,2026-01-01,2026-01-31,a=120s | move=0.4x percent_to_dollar sigma (63D)/1800s | hold=21600s | reversal | exit_by_midnight
2026-01-28 13:30:25,2026-01-28 17:30:25,2026-01-28 13:32:25,2026-01-28 17:32:25,2026-01-28 19:32:25,2026-01-28 23:32:25,1,-42.99999999999926,41.59267314736597,1.0398168286841492,0.4,65.75,66.37,62.000000000000455,2.63,59.37000000000045,exit_by_midnight,reversal,a=120s | move=0.4x percent_to_dollar sigma (63D)/1800s | hold=21600s | reversal | exit_by_midnight,robust_percent_strict,Strict robust percent-vol: sit out if unstable,robust_stability_score,2026-01-01,2026-01-31,a=120s | move=0.4x percent_to_dollar sigma (63D)/1800s | hold=21600s | reversal | exit_by_midnight
2026-01-29 10:40:33,2026-01-29 14:40:33,2026-01-29 10:42:33,2026-01-29 14:42:33,2026-01-29 16:42:33,2026-01-29 20:42:33,-1,40.99999999999966,40.30729288710812,1.007682322177703,0.4,67.79,68.13,-33.99999999999892,2.7116000000000002,-36.71159999999892,exit_by_midnight,reversal,a=120s | move=0.4x percent_to_dollar sigma (63D)/1800s | hold=21600s | reversal | exit_by_midnight,robust_percent_strict,Strict robust percent-vol: sit out if unstable,robust_stability_score,2026-01-01,2026-01-31,a=120s | move=0.4x percent_to_dollar sigma (63D)/1800s | hold=21600s | reversal | exit_by_midnight
2026-01-30 09:50:31,2026-01-30 13:50:31,2026-01-30 09:52:31,2026-01-30 13:52:31,2026-01-30 15:52:31,2026-01-30 19:52:31,-1,42.99999999999926,42.93445315076718,1.0733613287691794,0.4,68.18,68.06,12.000000000000455,2.7272000000000003,9.272800000000455,exit_by_midnight,reversal,a=120s | move=0.4x percent_to_dollar sigma (63D)/1800s | hold=21600s | reversal | exit_by_midnight,robust_percent_strict,Strict robust percent-vol: sit out if unstable,robust_stability_score,2026-01-01,2026-01-31,a=120s | move=0.4x percent_to_dollar sigma (63D)/1800s | hold=21600s | reversal | exit_by_midnight
2025-11-03 09:57:40,2025-11-03 13:57:40,2025-11-03 09:59:40,2025-11-03 13:59:40,2025-11-03 10:59:40,2025-11-03 14:59:40,1,26.999999999999602,26.673486924158563,1.0669394769663425,0.25,65.24,65.24,0.0,2.6096,-2.6096,exit_by_midnight,continuation,a=120s | move=0.25x percent_to_dollar sigma (63D)/1800s | hold=3600s | continuation | exit_by_midnight,robust_percent_continuation,Robust percent-vol: continuation only,robust_stability_score,2025-11-01,2025-11-30,a=120s | move=0.25x percent_to_dollar sigma (63D)/1800s | hold=3600s | continuation | exit_by_midnight
2025-11-04 12:01:57,2025-11-04 16:01:57,2025-11-04 12:03:57,2025-11-04 16:03:57,2025-11-04 13:03:57,2025-11-04 17:03:57,-1,-28.000000000000114,26.30870909166745,1.052348363666698,0.25,64.27,64.07,20.000000000000284,2.5707999999999998,17.429200000000286,exit_by_midnight,continuation,a=120s | move=0.25x percent_to_dollar sigma (63D)/1800s | hold=3600s | continuation | exit_by_midnight,robust_percent_continuation,Robust percent-vol: continuation only,robust_stability_score,2025-11-01,2025-11-30,a=120s | move=0.25x percent_to_dollar sigma (63D)/1800s | hold=3600s | continuation | exit_by_midnight
2025-11-05 11:08:18,2025-11-05 15:08:18,2025-11-05 11:10:18,2025-11-05 15:10:18,2025-11-05 12:10:18,2025-11-05 16:10:18,-1,-25.99999999999909,25.736329261599796,1.0294531704639918,0.25,64.36,64.37,-1.0000000000005116,2.5744000000000002,-3.574400000000512,exit_by_midnight,continuation,a=120s | move=0.25x percent_to_dollar sigma (63D)/1800s | hold=3600s | continuation | exit_by_midnight,robust_percent_continuation,Robust percent-vol: continuation only,robust_stability_score,2025-11-01,2025-11-30,a=120s | move=0.25x percent_to_dollar sigma (63D)/1800s | hold=3600s | continuation | exit_by_midnight
2025-11-06 12:04:07,2025-11-06 16:04:07,2025-11-06 12:06:07,2025-11-06 16:06:07,2025-11-06 13:06:07,2025-11-06 17:06:07,-1,-25.9999999999998,25.257769053408502,1.01031076213634,0.25,63.47,64.15,-68.00000000000068,2.5388,-70.53880000000068,exit_by_midnight,continuation,a=120s | move=0.25x percent_to_dollar sigma (63D)/1800s | hold=3600s | continuation | exit_by_midnight,robust_percent_continuation,Robust percent-vol: continuation only,robust_stability_score,2025-11-01,2025-11-30,a=120s | move=0.25x percent_to_dollar sigma (63D)/1800s | hold=3600s | continuation | exit_by_midnight
2025-11-07 10:58:01,2025-11-07 14:58:01,2025-11-07 11:00:01,2025-11-07 15:00:01,2025-11-07 12:00:01,2025-11-07 16:00:01,1,25.00000000000071,24.8059057461684,0.992236229846736,0.25,64.12,64.02,-10.000000000000853,2.5648000000000004,-12.564800000000853,exit_by_midnight,continuation,a=120s | move=0.25x percent_to_dollar sigma (63D)/1800s | hold=3600s | continuation | exit_by_midnight,robust_percent_continuation,Robust percent-vol: continuation only,robust_stability_score,2025-11-01,2025-11-30,a=120s | move=0.25x percent_to_dollar sigma (63D)/1800s | hold=3600s | continuation | exit_by_midnight
2025-11-10 12:45:53,2025-11-10 16:45:53,2025-11-10 12:47:53,2025-11-10 16:47:53,2025-11-10 13:47:53,2025-11-10 17:47:53,-1,-26.999999999999602,24.184971000571032,0.9673988400228413,0.25,63.9,64.24,-33.99999999999963,2.556,-36.55599999999963,exit_by_midnight,continuation,a=120s | move=0.25x percent_to_dollar sigma (63D)/1800s | hold=3600s | continuation | exit_by_midnight,robust_percent_continuation,Robust percent-vol: continuation only,robust_stability_score,2025-11-01,2025-11-30,a=120s | move=0.25x percent_to_dollar sigma (63D)/1800s | hold=3600s | continuation | exit_by_midnight
2025-11-11 12:22:48,2025-11-11 16:22:48,2025-11-11 12:24:48,2025-11-11 16:24:48,2025-11-11 13:24:48,2025-11-11 17:24:48,1,24.0000000000002,23.987512253085914,0.9595004901234365,0.25,63.89,64.25,35.99999999999994,2.5556,33.444399999999945,exit_by_midnight,continuation,a=120s | move=0.25x percent_to_dollar sigma (63D)/1800s | hold=3600s | continuation | exit_by_midnight,robust_percent_continuation,Robust percent-vol: continuation only,robust_stability_score,2025-11-01,2025-11-30,a=120s | move=0.25x percent_to_dollar sigma (63D)/1800s | hold=3600s | continuation | exit_by_midnight
2025-11-12 15:34:58,2025-11-12 19:34:58,2025-11-12 15:36:58,2025-11-12 19:36:58,2025-11-12 16:36:58,2025-11-12 20:36:58,-1,-25.0,24.554165305268384,0.9821666122107353,0.25,64.54,64.46,8.00000000000125,2.5816000000000003,5.418400000001251,exit_by_midnight,continuation,a=120s | move=0.25x percent_to_dollar sigma (63D)/1800s | hold=3600s | continuation | exit_by_midnight,robust_percent_continuation,Robust percent-vol: continuation only,robust_stability_score,2025-11-01,2025-11-30,a=120s | move=0.25x percent_to_dollar sigma (63D)/1800s | hold=3600s | continuation | exit_by_midnight
2025-11-13 14:09:42,2025-11-13 18:09:42,2025-11-13 14:11:42,2025-11-13 18:11:42,2025-11-13 15:11:42,2025-11-13 19:11:42,1,25.9999999999998,25.366559068229343,1.0146623627291738,0.25,62.85,63.05,19.999999999999574,2.5140000000000002,17.485999999999574,exit_by_midnight,continuation,a=120s | move=0.25x percent_to_dollar sigma (63D)/1800s | hold=3600s | continuation | exit_by_midnight,robust_percent_continuation,Robust percent-vol: continuation only,robust_stability_score,2025-11-01,2025-11-30,a=120s | move=0.25x percent_to_dollar sigma (63D)/1800s | hold=3600s | continuation | exit_by_midnight
2025-11-14 07:45:11,2025-11-14 11:45:11,2025-11-14 07:47:11,2025-11-14 11:47:11,2025-11-14 08:47:11,2025-11-14 12:47:11,-1,-26.00000000000051,25.298773430003695,1.0119509372001478,0.25,63.96,63.89,7.000000000000028,2.5584000000000002,4.441600000000028,exit_by_midnight,continuation,a=120s | move=0.25x percent_to_dollar sigma (63D)/1800s | hold=3600s | continuation | exit_by_midnight,robust_percent_continuation,Robust percent-vol: continuation only,robust_stability_score,2025-11-01,2025-11-30,a=120s | move=0.25x percent_to_dollar sigma (63D)/1800s | hold=3600s | continuation | exit_by_midnight
2025-11-17 11:47:47,2025-11-17 15:47:47,2025-11-17 11:49:47,2025-11-17 15:49:47,2025-11-17 12:49:47,2025-11-17 16:49:47,1,27.000000000000313,25.709682035298382,1.0283872814119353,0.25,64.0,63.92,-7.9999999999998295,2.56,-10.55999999999983,exit_by_midnight,continuation,a=120s | move=0.25x percent_to_dollar sigma (63D)/1800s | hold=3600s | continuation | exit_by_midnight,robust_percent_continuation,Robust percent-vol: continuation only,robust_stability_score,2025-11-01,2025-11-30,a=120s | move=0.25x percent_to_dollar sigma (63D)/1800s | hold=3600s | continuation | exit_by_midnight
2025-11-18 12:32:29,2025-11-18 16:32:29,2025-11-18 12:34:29,2025-11-18 16:34:29,2025-11-18 13:34:29,2025-11-18 17:34:29,1,26.00000000000051,25.292524863287802,1.011700994531512,0.25,63.89,63.98,8.99999999999963,2.5556,6.44439999999963,exit_by_midnight,continuation,a=120s | move=0.25x percent_to_dollar sigma (63D)/1800s | hold=3600s | continuation | exit_by_midnight,robust_percent_continuation,Robust percent-vol: continuation only,robust_stability_score,2025-11-01,2025-11-30,a=120s | move=0.25x percent_to_dollar sigma (63D)/1800s | hold=3600s | continuation | exit_by_midnight
2025-11-19 12:12:48,2025-11-19 16:12:48,2025-11-19 12:14:48,2025-11-19 16:14:48,2025-11-19 13:14:48,2025-11-19 17:14:48,-1,-26.00000000000051,25.639873850184415,1.0255949540073765,0.25,64.38,64.32,6.000000000000227,2.5751999999999997,3.4248000000002277,exit_by_midnight,continuation,a=120s | move=0.25x percent_to_dollar sigma (63D)/1800s | hold=3600s | continuation | exit_by_midnight,robust_percent_continuation,Robust percent-vol: continuation only,robust_stability_score,2025-11-01,2025-11-30,a=120s | move=0.25x percent_to_dollar sigma (63D)/1800s | hold=3600s | continuation | exit_by_midnight
2025-11-20 11:51:20,2025-11-20 15:51:20,2025-11-20 11:53:20,2025-11-20 15:53:20,2025-11-20 12:53:20,2025-11-20 16:53:20,1,25.9999999999998,25.348777793576666,1.0139511117430666,0.25,63.86,63.93,7.000000000000028,2.5544000000000002,4.445600000000028,exit_by_midnight,continuation,a=120s | move=0.25x percent_to_dollar sigma (63D)/1800s | hold=3600s | continuation | exit_by_midnight,robust_percent_continuation,Robust percent-vol: continuation only,robust_stability_score,2025-11-01,2025-11-30,a=120s | move=0.25x percent_to_dollar sigma (63D)/1800s | hold=3600s | continuation | exit_by_midnight
2025-11-21 09:19:24,2025-11-21 13:19:24,2025-11-21 09:21:24,2025-11-21 13:21:24,2025-11-21 10:21:24,2025-11-21 14:21:24,1,28.000000000000114,24.986413718597078,0.9994565487438831,0.25,62.7,62.73,2.999999999999403,2.508,0.49199999999940314,exit_by_midnight,continuation,a=120s | move=0.25x percent_to_dollar sigma (63D)/1800s | hold=3600s | continuation | exit_by_midnight,robust_percent_continuation,Robust percent-vol: continuation only,robust_stability_score,2025-11-01,2025-11-30,a=120s | move=0.25x percent_to_dollar sigma (63D)/1800s | hold=3600s | continuation | exit_by_midnight
2025-11-24 11:23:06,2025-11-24 15:23:06,2025-11-24 11:25:06,2025-11-24 15:25:06,2025-11-24 12:25:06,2025-11-24 16:25:06,-1,-25.0,24.34392792043763,0.9737571168175052,0.25,62.5,62.3,20.000000000000284,2.5,17.500000000000284,exit_by_midnight,continuation,a=120s | move=0.25x percent_to_dollar sigma (63D)/1800s | hold=3600s | continuation | exit_by_midnight,robust_percent_continuation,Robust percent-vol: continuation only,robust_stability_score,2025-11-01,2025-11-30,a=120s | move=0.25x percent_to_dollar sigma (63D)/1800s | hold=3600s | continuation | exit_by_midnight
2025-11-25 12:38:42,2025-11-25 16:38:42,2025-11-25 12:40:42,2025-11-25 16:40:42,2025-11-25 13:40:42,2025-11-25 17:40:42,-1,-25.0,24.016559106400315,0.9606623642560126,0.25,62.18,62.3,-11.999999999999744,2.4872,-14.487199999999744,exit_by_midnight,continuation,a=120s | move=0.25x percent_to_dollar sigma (63D)/1800s | hold=3600s | continuation | exit_by_midnight,robust_percent_continuation,Robust percent-vol: continuation only,robust_stability_score,2025-11-01,2025-11-30,a=120s | move=0.25x percent_to_dollar sigma (63D)/1800s | hold=3600s | continuation | exit_by_midnight
2025-11-26 11:39:07,2025-11-26 15:39:07,2025-11-26 11:41:07,2025-11-26 15:41:07,2025-11-26 12:41:07,2025-11-26 16:41:07,-1,-24.0000000000002,23.601028699549794,0.9440411479819918,0.25,61.84,61.67,17.00000000000017,2.4736000000000002,14.52640000000017,exit_by_midnight,continuation,a=120s | move=0.25x percent_to_dollar sigma (63D)/1800s | hold=3600s | continuation | exit_by_midnight,robust_percent_continuation,Robust percent-vol: continuation only,robust_stability_score,2025-11-01,2025-11-30,a=120s | move=0.25x percent_to_dollar sigma (63D)/1800s | hold=3600s | continuation | exit_by_midnight
2025-11-27 11:23:02,2025-11-27 15:23:02,2025-11-27 11:25:02,2025-11-27 15:25:02,2025-11-27 12:25:02,2025-11-27 16:25:02,1,23.99999999999949,23.88286098371471,0.9553144393485884,0.25,62.47,62.45,-1.999999999999602,2.4988,-4.498799999999602,exit_by_midnight,continuation,a=120s | move=0.25x percent_to_dollar sigma (63D)/1800s | hold=3600s | continuation | exit_by_midnight,robust_percent_continuation,Robust percent-vol: continuation only,robust_stability_score,2025-11-01,2025-11-30,a=120s | move=0.25x percent_to_dollar sigma (63D)/1800s | hold=3600s | continuation | exit_by_midnight
2025-11-28 12:29:00,2025-11-28 16:29:00,2025-11-28 12:31:00,2025-11-28 16:31:00,2025-11-28 13:31:00,2025-11-28 17:31:00,1,25.0,23.852627740617123,0.9541051096246849,0.25,63.2,63.05,-15.000000000000568,2.528,-17.528000000000567,exit_by_midnight,continuation,a=120s | move=0.25x percent_to_dollar sigma (63D)/1800s | hold=3600s | continuation | exit_by_midnight,robust_percent_continuation,Robust percent-vol: continuation only,robust_stability_score,2025-11-01,2025-11-30,a=120s | move=0.25x percent_to_dollar sigma (63D)/1800s | hold=3600s | continuation | exit_by_midnight
2025-12-01 10:10:16,2025-12-01 14:10:16,2025-12-01 10:12:16,2025-12-01 14:12:16,2025-12-01 16:12:16,2025-12-01 20:12:16,1,24.0000000000002,23.464383829950386,0.9385753531980154,0.25,63.8,63.11,-68.99999999999977,2.552,-71.55199999999978,exit_by_midnight,continuation,a=120s | move=0.25x percent_to_dollar sigma (63D)/1800s | hold=21600s | continuation | exit_by_midnight,robust_percent_continuation,Robust percent-vol: continuation only,robust_stability_score,2025-12-01,2025-12-31,a=120s | move=0.25x percent_to_dollar sigma (63D)/1800s | hold=21600s | continuation | exit_by_midnight
2025-12-02 12:53:34,2025-12-02 16:53:34,2025-12-02 12:55:34,2025-12-02 16:55:34,2025-12-02 18:55:34,2025-12-02 22:55:34,-1,-24.0000000000002,23.824691668885336,0.9529876667554135,0.25,62.34,61.62,72.0000000000006,2.4936000000000003,69.5064000000006,exit_by_midnight,continuation,a=120s | move=0.25x percent_to_dollar sigma (63D)/1800s | hold=21600s | continuation | exit_by_midnight,robust_percent_continuation,Robust percent-vol: continuation only,robust_stability_score,2025-12-01,2025-12-31,a=120s | move=0.25x percent_to_dollar sigma (63D)/1800s | hold=21600s | continuation | exit_by_midnight
2025-12-03 13:19:50,2025-12-03 17:19:50,2025-12-03 13:21:50,2025-12-03 17:21:50,2025-12-03 19:21:50,2025-12-03 23:21:50,1,25.0,23.547298811815008,0.9418919524726003,0.25,62.42,62.37,-5.000000000000426,2.4968,-7.496800000000427,exit_by_midnight,continuation,a=120s | move=0.25x percent_to_dollar sigma (63D)/1800s | hold=21600s | continuation | exit_by_midnight,robust_percent_continuation,Robust percent-vol: continuation only,robust_stability_score,2025-12-01,2025-12-31,a=120s | move=0.25x percent_to_dollar sigma (63D)/1800s | hold=21600s | continuation | exit_by_midnight
2025-12-04 12:30:09,2025-12-04 16:30:09,2025-12-04 12:32:09,2025-12-04 16:32:09,2025-12-04 18:32:09,2025-12-04 22:32:09,-1,-25.0,23.45530255014589,0.9382121020058357,0.25,62.17,62.18,-0.999999999999801,2.4868,-3.486799999999801,exit_by_midnight,continuation,a=120s | move=0.25x percent_to_dollar sigma (63D)/1800s | hold=21600s | continuation | exit_by_midnight,robust_percent_continuation,Robust percent-vol: continuation only,robust_stability_score,2025-12-01,2025-12-31,a=120s | move=0.25x percent_to_dollar sigma (63D)/1800s | hold=21600s | continuation | exit_by_midnight
2025-12-05 14:21:18,2025-12-05 18:21:18,2025-12-05 14:23:18,2025-12-05 18:23:18,2025-12-05 19:59:59,2025-12-05 23:59:59,-1,-25.0,23.558746184954142,0.9423498473981657,0.25,62.48,63.25,-77.00000000000031,2.4992,-79.49920000000031,exit_by_midnight,continuation,a=120s | move=0.25x percent_to_dollar sigma (63D)/1800s | hold=21600s | continuation | exit_by_midnight,robust_percent_continuation,Robust percent-vol: continuation only,robust_stability_score,2025-12-01,2025-12-31,a=120s | move=0.25x percent_to_dollar sigma (63D)/1800s | hold=21600s | continuation | exit_by_midnight
2025-12-08 12:46:28,2025-12-08 16:46:28,2025-12-08 12:48:28,2025-12-08 16:48:28,2025-12-08 18:48:28,2025-12-08 22:48:28,-1,-25.0,23.450578573478182,0.9380231429391273,0.25,63.04,62.43,60.99999999999994,2.5216,58.478399999999944,exit_by_midnight,continuation,a=120s | move=0.25x percent_to_dollar sigma (63D)/1800s | hold=21600s | continuation | exit_by_midnight,robust_percent_continuation,Robust percent-vol: continuation only,robust_stability_score,2025-12-01,2025-12-31,a=120s | move=0.25x percent_to_dollar sigma (63D)/1800s | hold=21600s | continuation | exit_by_midnight
2025-12-09 14:08:30,2025-12-09 18:08:30,2025-12-09 14:10:30,2025-12-09 18:10:30,2025-12-09 19:59:59,2025-12-09 23:59:59,1,23.99999999999949,23.156278210013355,0.9262511284005341,0.25,62.04,61.48,-56.00000000000023,2.4816,-58.48160000000023,exit_by_midnight,continuation,a=120s | move=0.25x percent_to_dollar sigma (63D)/1800s | hold=21600s | continuation | exit_by_midnight,robust_percent_continuation,Robust percent-vol: continuation only,robust_stability_score,2025-12-01,2025-12-31,a=120s | move=0.25x percent_to_dollar sigma (63D)/1800s | hold=21600s | continuation | exit_by_midnight
2025-12-10 13:17:48,2025-12-10 17:17:48,2025-12-10 13:19:48,2025-12-10 17:19:48,2025-12-10 19:19:48,2025-12-10 23:19:48,1,22.999999999999687,22.86022429998069,0.9144089719992275,0.25,61.59,61.12,-47.0000000000006,2.4636,-49.463600000000596,exit_by_midnight,continuation,a=120s | move=0.25x percent_to_dollar sigma (63D)/1800s | hold=21600s | continuation | exit_by_midnight,robust_percent_continuation,Robust percent-vol: continuation only,robust_stability_score,2025-12-01,2025-12-31,a=120s | move=0.25x percent_to_dollar sigma (63D)/1800s | hold=21600s | continuation | exit_by_midnight
2025-12-11 07:30:00,2025-12-11 11:30:00,2025-12-11 07:32:00,2025-12-11 11:32:00,2025-12-11 13:32:00,2025-12-11 17:32:00,-1,-22.999999999999687,22.802849291059125,0.912113971642365,0.25,61.59,60.94,65.00000000000057,2.4636,62.53640000000057,exit_by_midnight,continuation,a=120s | move=0.25x percent_to_dollar sigma (63D)/1800s | hold=21600s | continuation | exit_by_midnight,robust_percent_continuation,Robust percent-vol: continuation only,robust_stability_score,2025-12-01,2025-12-31,a=120s | move=0.25x percent_to_dollar sigma (63D)/1800s | hold=21600s | continuation | exit_by_midnight
2025-12-12 13:27:30,2025-12-12 17:27:30,2025-12-12 13:29:30,2025-12-12 17:29:30,2025-12-12 19:29:30,2025-12-12 23:29:30,-1,-25.9999999999998,22.442349014547744,0.8976939605819098,0.25,61.03,60.48,55.000000000000426,2.4412000000000003,52.558800000000424,exit_by_midnight,continuation,a=120s | move=0.25x percent_to_dollar sigma (63D)/1800s | hold=21600s | continuation | exit_by_midnight,robust_percent_continuation,Robust percent-vol: continuation only,robust_stability_score,2025-12-01,2025-12-31,a=120s | move=0.25x percent_to_dollar sigma (63D)/1800s | hold=21600s | continuation | exit_by_midnight
2025-12-15 12:20:20,2025-12-15 16:20:20,2025-12-15 12:22:20,2025-12-15 16:22:20,2025-12-15 18:22:20,2025-12-15 22:22:20,-1,-23.000000000000398,21.995979084764603,0.8798391633905841,0.25,60.76,60.46,29.999999999999716,2.4304,27.569599999999717,exit_by_midnight,continuation,a=120s | move=0.25x percent_to_dollar sigma (63D)/1800s | hold=21600s | continuation | exit_by_midnight,robust_percent_continuation,Robust percent-vol: continuation only,robust_stability_score,2025-12-01,2025-12-31,a=120s | move=0.25x percent_to_dollar sigma (63D)/1800s | hold=21600s | continuation | exit_by_midnight
2025-12-16 12:06:01,2025-12-16 16:06:01,2025-12-16 12:08:01,2025-12-16 16:08:01,2025-12-16 18:08:01,2025-12-16 22:08:01,-1,-21.999999999999886,21.66051593554551,0.8664206374218204,0.25,59.63,59.02,60.99999999999994,2.3852,58.614799999999946,exit_by_midnight,continuation,a=120s | move=0.25x percent_to_dollar sigma (63D)/1800s | hold=21600s | continuation | exit_by_midnight,robust_percent_continuation,Robust percent-vol: continuation only,robust_stability_score,2025-12-01,2025-12-31,a=120s | move=0.25x percent_to_dollar sigma (63D)/1800s | hold=21600s | continuation | exit_by_midnight
2025-12-17 10:41:06,2025-12-17 14:41:06,2025-12-17 10:43:06,2025-12-17 14:43:06,2025-12-17 16:43:06,2025-12-17 20:43:06,-1,-23.000000000000398,21.329709601268622,0.8531883840507448,0.25,59.29,59.5,-21.000000000000085,2.3716,-23.371600000000086,exit_by_midnight,continuation,a=120s | move=0.25x percent_to_dollar sigma (63D)/1800s | hold=21600s | continuation | exit_by_midnight,robust_percent_continuation,Robust percent-vol: continuation only,robust_stability_score,2025-12-01,2025-12-31,a=120s | move=0.25x percent_to_dollar sigma (63D)/1800s | hold=21600s | continuation | exit_by_midnight
2025-12-18 12:54:42,2025-12-18 16:54:42,2025-12-18 12:56:42,2025-12-18 16:56:42,2025-12-18 18:56:42,2025-12-18 22:56:42,-1,-21.999999999999886,21.83796466457521,0.8735185865830084,0.25,59.55,59.76,-21.000000000000085,2.382,-23.382000000000087,exit_by_midnight,continuation,a=120s | move=0.25x percent_to_dollar sigma (63D)/1800s | hold=21600s | continuation | exit_by_midnight,robust_percent_continuation,Robust percent-vol: continuation only,robust_stability_score,2025-12-01,2025-12-31,a=120s | move=0.25x percent_to_dollar sigma (63D)/1800s | hold=21600s | continuation | exit_by_midnight
2025-12-19 12:02:55,2025-12-19 16:02:55,2025-12-19 12:04:55,2025-12-19 16:04:55,2025-12-19 18:04:55,2025-12-19 22:04:55,-1,-22.000000000000597,21.77137181399904,0.8708548725599616,0.25,59.1,59.66,-55.99999999999952,2.3640000000000003,-58.363999999999514,exit_by_midnight,continuation,a=120s | move=0.25x percent_to_dollar sigma (63D)/1800s | hold=21600s | continuation | exit_by_midnight,robust_percent_continuation,Robust percent-vol: continuation only,robust_stability_score,2025-12-01,2025-12-31,a=120s | move=0.25x percent_to_dollar sigma (63D)/1800s | hold=21600s | continuation | exit_by_midnight
2025-12-22 09:35:06,2025-12-22 13:35:06,2025-12-22 09:37:06,2025-12-22 13:37:06,2025-12-22 15:37:06,2025-12-22 19:37:06,1,22.000000000000597,21.79590998664046,0.8718363994656184,0.25,60.61,60.91,29.999999999999716,2.4244,27.575599999999717,exit_by_midnight,continuation,a=120s | move=0.25x percent_to_dollar sigma (63D)/1800s | hold=21600s | continuation | exit_by_midnight,robust_percent_continuation,Robust percent-vol: continuation only,robust_stability_score,2025-12-01,2025-12-31,a=120s | move=0.25x percent_to_dollar sigma (63D)/1800s | hold=21600s | continuation | exit_by_midnight
2025-12-24 08:29:56,2025-12-24 12:29:56,2025-12-24 08:31:56,2025-12-24 12:31:56,2025-12-24 14:31:56,2025-12-24 18:31:56,-1,-24.0000000000002,22.77475055945798,0.9109900223783193,0.25,61.5,61.65,-14.999999999999858,2.46,-17.45999999999986,exit_by_midnight,continuation,a=120s | move=0.25x percent_to_dollar sigma (63D)/1800s | hold=21600s | continuation | exit_by_midnight,robust_percent_continuation,Robust percent-vol: continuation only,robust_stability_score,2025-12-01,2025-12-31,a=120s | move=0.25x percent_to_dollar sigma (63D)/1800s | hold=21600s | continuation | exit_by_midnight
2025-12-26 12:59:56,2025-12-26 16:59:56,2025-12-26 13:01:56,2025-12-26 17:01:56,2025-12-26 19:01:56,2025-12-26 23:01:56,1,21.999999999999886,21.03353974786432,0.8413415899145729,0.25,61.73,60.85,-87.99999999999955,2.4692,-90.46919999999955,exit_by_midnight,continuation,a=120s | move=0.25x percent_to_dollar sigma (63D)/1800s | hold=21600s | continuation | exit_by_midnight,robust_percent_continuation,Robust percent-vol: continuation only,robust_stability_score,2025-12-01,2025-12-31,a=120s | move=0.25x percent_to_dollar sigma (63D)/1800s | hold=21600s | continuation | exit_by_midnight
2025-12-29 09:34:11,2025-12-29 13:34:11,2025-12-29 09:36:11,2025-12-29 13:36:11,2025-12-29 15:36:11,2025-12-29 19:36:11,1,21.000000000000085,20.499369334046758,0.8199747733618703,0.25,60.71,61.12,40.99999999999966,2.4284,38.57159999999966,exit_by_midnight,continuation,a=120s | move=0.25x percent_to_dollar sigma (63D)/1800s | hold=21600s | continuation | exit_by_midnight,robust_percent_continuation,Robust percent-vol: continuation only,robust_stability_score,2025-12-01,2025-12-31,a=120s | move=0.25x percent_to_dollar sigma (63D)/1800s | hold=21600s | continuation | exit_by_midnight
2025-12-30 12:31:17,2025-12-30 16:31:17,2025-12-30 12:33:17,2025-12-30 16:33:17,2025-12-30 18:33:17,2025-12-30 22:33:17,1,21.000000000000085,20.727563709362904,0.8291025483745162,0.25,61.21,61.44,22.999999999999687,2.4484,20.551599999999688,exit_by_midnight,continuation,a=120s | move=0.25x percent_to_dollar sigma (63D)/1800s | hold=21600s | continuation | exit_by_midnight,robust_percent_continuation,Robust percent-vol: continuation only,robust_stability_score,2025-12-01,2025-12-31,a=120s | move=0.25x percent_to_dollar sigma (63D)/1800s | hold=21600s | continuation | exit_by_midnight
2025-12-31 08:18:15,2025-12-31 12:18:15,2025-12-31 08:20:15,2025-12-31 12:20:15,2025-12-31 14:20:15,2025-12-31 18:20:15,1,21.000000000000085,20.710900962681205,0.8284360385072482,0.25,61.16,61.22,6.000000000000227,2.4464,3.5536000000002272,exit_by_midnight,continuation,a=120s | move=0.25x percent_to_dollar sigma (63D)/1800s | hold=21600s | continuation | exit_by_midnight,robust_percent_continuation,Robust percent-vol: continuation only,robust_stability_score,2025-12-01,2025-12-31,a=120s | move=0.25x percent_to_dollar sigma (63D)/1800s | hold=21600s | continuation | exit_by_midnight
2026-01-02 12:05:06,2026-01-02 16:05:06,2026-01-02 12:07:06,2026-01-02 16:07:06,2026-01-02 18:07:06,2026-01-02 22:07:06,-1,-20.999999999999375,20.371884688130773,0.8148753875252309,0.25,60.76,59.94,82.00000000000003,2.4304,79.56960000000002,exit_by_midnight,continuation,a=120s | move=0.25x percent_to_dollar sigma (63D)/1800s | hold=21600s | continuation | exit_by_midnight,robust_percent_continuation,Robust percent-vol: continuation only,robust_stability_score,2026-01-01,2026-01-31,a=120s | move=0.25x percent_to_dollar sigma (63D)/1800s | hold=21600s | continuation | exit_by_midnight
2026-01-05 07:52:46,2026-01-05 11:52:46,2026-01-05 07:54:46,2026-01-05 11:54:46,2026-01-05 13:54:46,2026-01-05 17:54:46,-1,-21.000000000000085,20.337935717043166,0.8135174286817266,0.25,60.18,60.45,-27.000000000000313,2.4072,-29.407200000000312,exit_by_midnight,continuation,a=120s | move=0.25x percent_to_dollar sigma (63D)/1800s | hold=21600s | continuation | exit_by_midnight,robust_percent_continuation,Robust percent-vol: continuation only,robust_stability_score,2026-01-01,2026-01-31,a=120s | move=0.25x percent_to_dollar sigma (63D)/1800s | hold=21600s | continuation | exit_by_midnight
2026-01-06 11:46:55,2026-01-06 15:46:55,2026-01-06 11:48:55,2026-01-06 15:48:55,2026-01-06 17:48:55,2026-01-06 21:48:55,-1,-21.000000000000085,20.79087834578673,0.8316351338314693,0.25,61.02,61.84,-82.00000000000003,2.4408000000000003,-84.44080000000002,exit_by_midnight,continuation,a=120s | move=0.25x percent_to_dollar sigma (63D)/1800s | hold=21600s | continuation | exit_by_midnight,robust_percent_continuation,Robust percent-vol: continuation only,robust_stability_score,2026-01-01,2026-01-31,a=120s | move=0.25x percent_to_dollar sigma (63D)/1800s | hold=21600s | continuation | exit_by_midnight
2026-01-07 10:05:07,2026-01-07 14:05:07,2026-01-07 10:07:07,2026-01-07 14:07:07,2026-01-07 16:07:07,2026-01-07 20:07:07,1,21.999999999999886,20.697760632688286,0.8279104253075315,0.25,59.78,60.14,35.99999999999994,2.3912,33.608799999999945,exit_by_midnight,continuation,a=120s | move=0.25x percent_to_dollar sigma (63D)/1800s | hold=21600s | continuation | exit_by_midnight,robust_percent_continuation,Robust percent-vol: continuation only,robust_stability_score,2026-01-01,2026-01-31,a=120s | move=0.25x percent_to_dollar sigma (63D)/1800s | hold=21600s | continuation | exit_by_midnight
2026-01-08 13:16:08,2026-01-08 17:16:08,2026-01-08 13:18:08,2026-01-08 17:18:08,2026-01-08 19:18:08,2026-01-08 23:18:08,1,20.000000000000284,19.702612875407908,0.7881045150163164,0.25,59.82,60.48,65.99999999999966,2.3928000000000003,63.60719999999966,exit_by_midnight,continuation,a=120s | move=0.25x percent_to_dollar sigma (63D)/1800s | hold=21600s | continuation | exit_by_midnight,robust_percent_continuation,Robust percent-vol: continuation only,robust_stability_score,2026-01-01,2026-01-31,a=120s | move=0.25x percent_to_dollar sigma (63D)/1800s | hold=21600s | continuation | exit_by_midnight
2026-01-09 11:23:19,2026-01-09 15:23:19,2026-01-09 11:25:19,2026-01-09 15:25:19,2026-01-09 17:25:19,2026-01-09 21:25:19,1,21.000000000000085,20.625051561265465,0.8250020624506186,0.25,62.19,61.79,-39.99999999999986,2.4876,-42.48759999999986,exit_by_midnight,continuation,a=120s | move=0.25x percent_to_dollar sigma (63D)/1800s | hold=21600s | continuation | exit_by_midnight,robust_percent_continuation,Robust percent-vol: continuation only,robust_stability_score,2026-01-01,2026-01-31,a=120s | move=0.25x percent_to_dollar sigma (63D)/1800s | hold=21600s | continuation | exit_by_midnight
2026-01-12 11:09:06,2026-01-12 15:09:06,2026-01-12 11:11:06,2026-01-12 15:11:06,2026-01-12 17:11:06,2026-01-12 21:11:06,-1,-21.000000000000085,20.96798337665727,0.8387193350662907,0.25,62.82,62.55,27.000000000000313,2.5128,24.487200000000314,exit_by_midnight,continuation,a=120s | move=0.25x percent_to_dollar sigma (63D)/1800s | hold=21600s | continuation | exit_by_midnight,robust_percent_continuation,Robust percent-vol: continuation only,robust_stability_score,2026-01-01,2026-01-31,a=120s | move=0.25x percent_to_dollar sigma (63D)/1800s | hold=21600s | continuation | exit_by_midnight
2026-01-13 10:59:00,2026-01-13 14:59:00,2026-01-13 11:01:00,2026-01-13 15:01:00,2026-01-13 17:01:00,2026-01-13 21:01:00,1,22.999999999999687,21.416423167049885,0.8566569266819953,0.25,63.7,64.37,67.00000000000017,2.548,64.45200000000017,exit_by_midnight,continuation,a=120s | move=0.25x percent_to_dollar sigma (63D)/1800s | hold=21600s | continuation | exit_by_midnight,robust_percent_continuation,Robust percent-vol: continuation only,robust_stability_score,2026-01-01,2026-01-31,a=120s | move=0.25x percent_to_dollar sigma (63D)/1800s | hold=21600s | continuation | exit_by_midnight
2026-01-14 10:54:25,2026-01-14 14:54:25,2026-01-14 10:56:25,2026-01-14 14:56:25,2026-01-14 16:56:25,2026-01-14 20:56:25,-1,-21.999999999999886,21.880056821968772,0.8752022728787509,0.25,64.33,65.46,-112.99999999999955,2.5732,-115.57319999999955,exit_by_midnight,continuation,a=120s | move=0.25x percent_to_dollar sigma (63D)/1800s | hold=21600s | continuation | exit_by_midnight,robust_percent_continuation,Robust percent-vol: continuation only,robust_stability_score,2026-01-01,2026-01-31,a=120s | move=0.25x percent_to_dollar sigma (63D)/1800s | hold=21600s | continuation | exit_by_midnight
2026-01-15 07:40:03,2026-01-15 11:40:03,2026-01-15 07:42:03,2026-01-15 11:42:03,2026-01-15 13:42:03,2026-01-15 17:42:03,-1,-24.0000000000002,22.714517228076883,0.9085806891230753,0.25,63.83,63.42,40.99999999999966,2.5532,38.44679999999966,exit_by_midnight,continuation,a=120s | move=0.25x percent_to_dollar sigma (63D)/1800s | hold=21600s | continuation | exit_by_midnight,robust_percent_continuation,Robust percent-vol: continuation only,robust_stability_score,2026-01-01,2026-01-31,a=120s | move=0.25x percent_to_dollar sigma (63D)/1800s | hold=21600s | continuation | exit_by_midnight
2026-01-16 11:01:11,2026-01-16 15:01:11,2026-01-16 11:03:11,2026-01-16 15:03:11,2026-01-16 17:03:11,2026-01-16 21:03:11,1,24.0000000000002,23.633696461940097,0.9453478584776039,0.25,63.08,63.69,60.99999999999994,2.5232,58.47679999999994,exit_by_midnight,continuation,a=120s | move=0.25x percent_to_dollar sigma (63D)/1800s | hold=21600s | continuation | exit_by_midnight,robust_percent_continuation,Robust percent-vol: continuation only,robust_stability_score,2026-01-01,2026-01-31,a=120s | move=0.25x percent_to_dollar sigma (63D)/1800s | hold=21600s | continuation | exit_by_midnight
2026-01-19 10:14:31,2026-01-19 14:14:31,2026-01-19 10:16:31,2026-01-19 14:16:31,2026-01-19 16:16:31,2026-01-19 20:16:31,-1,-23.99999999999949,23.798469866274,0.95193879465096,0.25,63.06,62.93,13.000000000000256,2.5224,10.477600000000255,exit_by_midnight,continuation,a=120s | move=0.25x percent_to_dollar sigma (63D)/1800s | hold=21600s | continuation | exit_by_midnight,robust_percent_continuation,Robust percent-vol: continuation only,robust_stability_score,2026-01-01,2026-01-31,a=120s | move=0.25x percent_to_dollar sigma (63D)/1800s | hold=21600s | continuation | exit_by_midnight
2026-01-20 11:03:36,2026-01-20 15:03:36,2026-01-20 11:05:36,2026-01-20 15:05:36,2026-01-20 17:05:36,2026-01-20 21:05:36,1,24.0000000000002,23.762240347713057,0.9504896139085223,0.25,63.43,63.64,21.000000000000085,2.5372,18.462800000000087,exit_by_midnight,continuation,a=120s | move=0.25x percent_to_dollar sigma (63D)/1800s | hold=21600s | continuation | exit_by_midnight,robust_percent_continuation,Robust percent-vol: continuation only,robust_stability_score,2026-01-01,2026-01-31,a=120s | move=0.25x percent_to_dollar sigma (63D)/1800s | hold=21600s | continuation | exit_by_midnight
2026-01-21 12:00:12,2026-01-21 16:00:12,2026-01-21 12:02:12,2026-01-21 16:02:12,2026-01-21 18:02:12,2026-01-21 22:02:12,-1,-26.00000000000051,23.927922487566143,0.9571168995026457,0.25,63.33,64.31,-98.0000000000004,2.5332,-100.53320000000039,exit_by_midnight,continuation,a=120s | move=0.25x percent_to_dollar sigma (63D)/1800s | hold=21600s | continuation | exit_by_midnight,robust_percent_continuation,Robust percent-vol: continuation only,robust_stability_score,2026-01-01,2026-01-31,a=120s | move=0.25x percent_to_dollar sigma (63D)/1800s | hold=21600s | continuation | exit_by_midnight
2026-01-22 13:03:56,2026-01-22 17:03:56,2026-01-22 13:05:56,2026-01-22 17:05:56,2026-01-22 19:05:56,2026-01-22 23:05:56,-1,-25.0,24.13274201884477,0.9653096807537908,0.25,64.06,63.58,48.0000000000004,2.5624000000000002,45.4376000000004,exit_by_midnight,continuation,a=120s | move=0.25x percent_to_dollar sigma (63D)/1800s | hold=21600s | continuation | exit_by_midnight,robust_percent_continuation,Robust percent-vol: continuation only,robust_stability_score,2026-01-01,2026-01-31,a=120s | move=0.25x percent_to_dollar sigma (63D)/1800s | hold=21600s | continuation | exit_by_midnight
2026-01-23 11:17:06,2026-01-23 15:17:06,2026-01-23 11:19:06,2026-01-23 15:19:06,2026-01-23 17:19:06,2026-01-23 21:19:06,-1,-25.0,23.98812387135459,0.9595249548541835,0.25,63.73,64.51,-78.00000000000082,2.5492,-80.54920000000082,exit_by_midnight,continuation,a=120s | move=0.25x percent_to_dollar sigma (63D)/1800s | hold=21600s | continuation | exit_by_midnight,robust_percent_continuation,Robust percent-vol: continuation only,robust_stability_score,2026-01-01,2026-01-31,a=120s | move=0.25x percent_to_dollar sigma (63D)/1800s | hold=21600s | continuation | exit_by_midnight
2026-01-26 10:08:26,2026-01-26 14:08:26,2026-01-26 10:10:26,2026-01-26 14:10:26,2026-01-26 16:10:26,2026-01-26 20:10:26,1,26.00000000000051,25.4550773131018,1.018203092524072,0.25,64.87,64.69,-18.000000000000682,2.5948,-20.59480000000068,exit_by_midnight,continuation,a=120s | move=0.25x percent_to_dollar sigma (63D)/1800s | hold=21600s | continuation | exit_by_midnight,robust_percent_continuation,Robust percent-vol: continuation only,robust_stability_score,2026-01-01,2026-01-31,a=120s | move=0.25x percent_to_dollar sigma (63D)/1800s | hold=21600s | continuation | exit_by_midnight
2026-01-27 12:30:22,2026-01-27 16:30:22,2026-01-27 12:32:22,2026-01-27 16:32:22,2026-01-27 18:32:22,2026-01-27 22:32:22,-1,-27.000000000000313,25.257184858913647,1.0102873943565458,0.25,63.91,64.66,-75.0,2.5564,-77.5564,exit_by_midnight,continuation,a=120s | move=0.25x percent_to_dollar sigma (63D)/1800s | hold=21600s | continuation | exit_by_midnight,robust_percent_continuation,Robust percent-vol: continuation only,robust_stability_score,2026-01-01,2026-01-31,a=120s | move=0.25x percent_to_dollar sigma (63D)/1800s | hold=21600s | continuation | exit_by_midnight
2026-01-28 11:08:06,2026-01-28 15:08:06,2026-01-28 11:10:06,2026-01-28 15:10:06,2026-01-28 17:10:06,2026-01-28 21:10:06,-1,-26.00000000000051,25.99542071710373,1.0398168286841492,0.25,66.06,66.49,-42.99999999999926,2.6424000000000003,-45.64239999999926,exit_by_midnight,continuation,a=120s | move=0.25x percent_to_dollar sigma (63D)/1800s | hold=21600s | continuation | exit_by_midnight,robust_percent_continuation,Robust percent-vol: continuation only,robust_stability_score,2026-01-01,2026-01-31,a=120s | move=0.25x percent_to_dollar sigma (63D)/1800s | hold=21600s | continuation | exit_by_midnight
2026-01-29 10:36:08,2026-01-29 14:36:08,2026-01-29 10:38:08,2026-01-29 14:38:08,2026-01-29 16:38:08,2026-01-29 20:38:08,1,28.000000000000114,25.192058054442573,1.007682322177703,0.25,67.81,68.23,42.00000000000017,2.7124,39.28760000000017,exit_by_midnight,continuation,a=120s | move=0.25x percent_to_dollar sigma (63D)/1800s | hold=21600s | continuation | exit_by_midnight,robust_percent_continuation,Robust percent-vol: continuation only,robust_stability_score,2026-01-01,2026-01-31,a=120s | move=0.25x percent_to_dollar sigma (63D)/1800s | hold=21600s | continuation | exit_by_midnight
2026-01-30 09:37:55,2026-01-30 13:37:55,2026-01-30 09:39:55,2026-01-30 13:39:55,2026-01-30 15:39:55,2026-01-30 19:39:55,1,26.999999999999602,26.834033219229486,1.0733613287691794,0.25,68.08,68.04,-3.999999999999204,2.7232,-6.7231999999992045,exit_by_midnight,continuation,a=120s | move=0.25x percent_to_dollar sigma (63D)/1800s | hold=21600s | continuation | exit_by_midnight,robust_percent_continuation,Robust percent-vol: continuation only,robust_stability_score,2026-01-01,2026-01-31,a=120s | move=0.25x percent_to_dollar sigma (63D)/1800s | hold=21600s | continuation | exit_by_midnight
2026-02-02 08:02:40,2026-02-02 12:02:40,2026-02-02 08:04:40,2026-02-02 12:04:40,2026-02-02 14:04:40,2026-02-02 18:04:40,-1,-28.000000000000114,26.510283690080282,1.0604113476032113,0.25,65.57,65.57,-0.0,2.6228,-2.6228,exit_by_midnight,continuation,a=120s | move=0.25x percent_to_dollar sigma (63D)/1800s | hold=21600s | continuation | exit_by_midnight,robust_percent_continuation,Robust percent-vol: continuation only,robust_stability_score,2026-02-01,2026-02-28,a=120s | move=0.25x percent_to_dollar sigma (63D)/1800s | hold=21600s | continuation | exit_by_midnight
2026-02-03 07:39:35,2026-02-03 11:39:35,2026-02-03 07:41:35,2026-02-03 11:41:35,2026-02-03 13:41:35,2026-02-03 17:41:35,1,29.999999999999716,27.26740204681038,1.0906960818724152,0.25,65.37,64.92,-45.000000000000284,2.6148000000000002,-47.61480000000029,exit_by_midnight,continuation,a=120s | move=0.25x percent_to_dollar sigma (63D)/1800s | hold=21600s | continuation | exit_by_midnight,robust_percent_continuation,Robust percent-vol: continuation only,robust_stability_score,2026-02-01,2026-02-28,a=120s | move=0.25x percent_to_dollar sigma (63D)/1800s | hold=21600s | continuation | exit_by_midnight
2026-02-04 11:20:12,2026-02-04 15:20:12,2026-02-04 11:22:12,2026-02-04 15:22:12,2026-02-04 17:22:12,2026-02-04 21:22:12,-1,-29.999999999999716,28.054354597790006,1.1221741839116002,0.25,66.9,66.77,13.000000000000966,2.676,10.324000000000966,exit_by_midnight,continuation,a=120s | move=0.25x percent_to_dollar sigma (63D)/1800s | hold=21600s | continuation | exit_by_midnight,robust_percent_continuation,Robust percent-vol: continuation only,robust_stability_score,2026-02-01,2026-02-28,a=120s | move=0.25x percent_to_dollar sigma (63D)/1800s | hold=21600s | continuation | exit_by_midnight
2026-02-05 07:30:13,2026-02-05 11:30:13,2026-02-05 07:32:13,2026-02-05 11:32:13,2026-02-05 13:32:13,2026-02-05 17:32:13,1,31.000000000000227,28.125751452577514,1.1250300581031005,0.25,67.38,67.91,53.000000000000114,2.6952,50.304800000000114,exit_by_midnight,continuation,a=120s | move=0.25x percent_to_dollar sigma (63D)/1800s | hold=21600s | continuation | exit_by_midnight,robust_percent_continuation,Robust percent-vol: continuation only,robust_stability_score,2026-02-01,2026-02-28,a=120s | move=0.25x percent_to_dollar sigma (63D)/1800s | hold=21600s | continuation | exit_by_midnight
2026-02-06 09:34:50,2026-02-06 13:34:50,2026-02-06 09:36:50,2026-02-06 13:36:50,2026-02-06 15:36:50,2026-02-06 19:36:50,1,28.000000000000114,27.90757562069775,1.11630302482791,0.25,67.55,67.0,-54.999999999999716,2.702,-57.701999999999714,exit_by_midnight,continuation,a=120s | move=0.25x percent_to_dollar sigma (63D)/1800s | hold=21600s | continuation | exit_by_midnight,robust_percent_continuation,Robust percent-vol: continuation only,robust_stability_score,2026-02-01,2026-02-28,a=120s | move=0.25x percent_to_dollar sigma (63D)/1800s | hold=21600s | continuation | exit_by_midnight
2026-02-09 12:19:19,2026-02-09 16:19:19,2026-02-09 12:21:19,2026-02-09 16:21:19,2026-02-09 18:21:19,2026-02-09 22:21:19,1,28.000000000000114,27.86686755215933,1.1146747020863732,0.25,67.0,67.16,15.999999999999659,2.68,13.31999999999966,exit_by_midnight,continuation,a=120s | move=0.25x percent_to_dollar sigma (63D)/1800s | hold=21600s | continuation | exit_by_midnight,robust_percent_continuation,Robust percent-vol: continuation only,robust_stability_score,2026-02-01,2026-02-28,a=120s | move=0.25x percent_to_dollar sigma (63D)/1800s | hold=21600s | continuation | exit_by_midnight
2026-02-10 10:20:35,2026-02-10 14:20:35,2026-02-10 10:22:35,2026-02-10 14:22:35,2026-02-10 16:22:35,2026-02-10 20:22:35,1,28.999999999999204,28.44033444732632,1.1376133778930528,0.25,68.4,68.5,9.999999999999432,2.736,7.263999999999431,exit_by_midnight,continuation,a=120s | move=0.25x percent_to_dollar sigma (63D)/1800s | hold=21600s | continuation | exit_by_midnight,robust_percent_continuation,Robust percent-vol: continuation only,robust_stability_score,2026-02-01,2026-02-28,a=120s | move=0.25x percent_to_dollar sigma (63D)/1800s | hold=21600s | continuation | exit_by_midnight
2026-02-11 12:33:36,2026-02-11 16:33:36,2026-02-11 12:35:36,2026-02-11 16:35:36,2026-02-11 18:35:36,2026-02-11 22:35:36,1,28.999999999999204,28.27941524894036,1.1311766099576144,0.25,68.95,69.89,93.99999999999977,2.758,91.24199999999978,exit_by_midnight,continuation,a=120s | move=0.25x percent_to_dollar sigma (63D)/1800s | hold=21600s | continuation | exit_by_midnight,robust_percent_continuation,Robust percent-vol: continuation only,robust_stability_score,2026-02-01,2026-02-28,a=120s | move=0.25x percent_to_dollar sigma (63D)/1800s | hold=21600s | continuation | exit_by_midnight
2026-02-12 13:17:57,2026-02-12 17:17:57,2026-02-12 13:19:57,2026-02-12 17:19:57,2026-02-12 19:19:57,2026-02-12 23:19:57,-1,-29.000000000000625,28.51814112880004,1.1407256451520016,0.25,68.71,68.07,64.00000000000006,2.7483999999999997,61.25160000000006,exit_by_midnight,continuation,a=120s | move=0.25x percent_to_dollar sigma (63D)/1800s | hold=21600s | continuation | exit_by_midnight,robust_percent_continuation,Robust percent-vol: continuation only,robust_stability_score,2026-02-01,2026-02-28,a=120s | move=0.25x percent_to_dollar sigma (63D)/1800s | hold=21600s | continuation | exit_by_midnight
2026-02-13 12:49:56,2026-02-13 16:49:56,2026-02-13 12:51:56,2026-02-13 16:51:56,2026-02-13 18:51:56,2026-02-13 22:51:56,1,29.000000000000625,28.39535020675496,1.1358140082701984,0.25,67.02,66.8,-21.999999999999886,2.6808,-24.680799999999888,exit_by_midnight,continuation,a=120s | move=0.25x percent_to_dollar sigma (63D)/1800s | hold=21600s | continuation | exit_by_midnight,robust_percent_continuation,Robust percent-vol: continuation only,robust_stability_score,2026-02-01,2026-02-28,a=120s | move=0.25x percent_to_dollar sigma (63D)/1800s | hold=21600s | continuation | exit_by_midnight
2026-02-16 12:59:15,2026-02-16 16:59:15,2026-02-16 13:01:15,2026-02-16 17:01:15,2026-02-16 19:01:15,2026-02-16 23:01:15,-1,-29.000000000000625,28.11212838582709,1.1244851354330836,0.25,66.77,67.61,-84.00000000000034,2.6708,-86.67080000000034,exit_by_midnight,continuation,a=120s | move=0.25x percent_to_dollar sigma (63D)/1800s | hold=21600s | continuation | exit_by_midnight,robust_percent_continuation,Robust percent-vol: continuation only,robust_stability_score,2026-02-01,2026-02-28,a=120s | move=0.25x percent_to_dollar sigma (63D)/1800s | hold=21600s | continuation | exit_by_midnight
2026-02-17 14:02:24,2026-02-17 18:02:24,2026-02-17 14:04:24,2026-02-17 18:04:24,2026-02-17 19:59:59,2026-02-17 23:59:59,1,28.999999999999204,28.227022552145954,1.1290809020858381,0.25,67.63,66.37,-125.99999999999909,2.7052,-128.70519999999908,exit_by_midnight,continuation,a=120s | move=0.25x percent_to_dollar sigma (63D)/1800s | hold=21600s | continuation | exit_by_midnight,robust_percent_continuation,Robust percent-vol: continuation only,robust_stability_score,2026-02-01,2026-02-28,a=120s | move=0.25x percent_to_dollar sigma (63D)/1800s | hold=21600s | continuation | exit_by_midnight
2026-02-18 13:18:11,2026-02-18 17:18:11,2026-02-18 13:20:11,2026-02-18 17:20:11,2026-02-18 19:20:11,2026-02-18 23:20:11,-1,-29.000000000000625,28.015189098290833,1.1206075639316333,0.25,67.01,68.87,-185.99999999999994,2.6804,-188.68039999999993,exit_by_midnight,continuation,a=120s | move=0.25x percent_to_dollar sigma (63D)/1800s | hold=21600s | continuation | exit_by_midnight,robust_percent_continuation,Robust percent-vol: continuation only,robust_stability_score,2026-02-01,2026-02-28,a=120s | move=0.25x percent_to_dollar sigma (63D)/1800s | hold=21600s | continuation | exit_by_midnight
2026-02-19 11:39:09,2026-02-19 15:39:09,2026-02-19 11:41:09,2026-02-19 15:41:09,2026-02-19 17:41:09,2026-02-19 21:41:09,1,31.000000000000227,30.685312047528523,1.227412481901141,0.25,70.21,71.27,106.00000000000023,2.8084,103.19160000000022,exit_by_midnight,continuation,a=120s | move=0.25x percent_to_dollar sigma (63D)/1800s | hold=21600s | continuation | exit_by_midnight,robust_percent_continuation,Robust percent-vol: continuation only,robust_stability_score,2026-02-01,2026-02-28,a=120s | move=0.25x percent_to_dollar sigma (63D)/1800s | hold=21600s | continuation | exit_by_midnight
2026-02-20 10:59:30,2026-02-20 14:59:30,2026-02-20 11:01:30,2026-02-20 15:01:30,2026-02-20 17:01:30,2026-02-20 21:01:30,-1,-31.999999999999318,31.81868888153071,1.2727475552612284,0.25,71.52,70.97,54.999999999999716,2.8608,52.13919999999972,exit_by_midnight,continuation,a=120s | move=0.25x percent_to_dollar sigma (63D)/1800s | hold=21600s | continuation | exit_by_midnight,robust_percent_continuation,Robust percent-vol: continuation only,robust_stability_score,2026-02-01,2026-02-28,a=120s | move=0.25x percent_to_dollar sigma (63D)/1800s | hold=21600s | continuation | exit_by_midnight
2026-02-23 12:11:41,2026-02-23 16:11:41,2026-02-23 12:13:41,2026-02-23 16:13:41,2026-02-23 18:13:41,2026-02-23 22:13:41,1,31.999999999999318,31.288693555084723,1.251547742203389,0.25,70.65,71.54,89.00000000000006,2.826,86.17400000000006,exit_by_midnight,continuation,a=120s | move=0.25x percent_to_dollar sigma (63D)/1800s | hold=21600s | continuation | exit_by_midnight,robust_percent_continuation,Robust percent-vol: continuation only,robust_stability_score,2026-02-01,2026-02-28,a=120s | move=0.25x percent_to_dollar sigma (63D)/1800s | hold=21600s | continuation | exit_by_midnight
2026-02-24 16:42:58,2026-02-24 20:42:58,2026-02-24 16:44:58,2026-02-24 20:44:58,2026-02-24 19:59:59,2026-02-24 23:59:59,1,31.999999999999318,31.200156706341282,1.2480062682536512,0.25,71.29,70.78,-51.00000000000051,2.8516000000000004,-53.85160000000051,exit_by_midnight,continuation,a=120s | move=0.25x percent_to_dollar sigma (63D)/1800s | hold=21600s | continuation | exit_by_midnight,robust_percent_continuation,Robust percent-vol: continuation only,robust_stability_score,2026-02-01,2026-02-28,a=120s | move=0.25x percent_to_dollar sigma (63D)/1800s | hold=21600s | continuation | exit_by_midnight
2026-02-25 07:34:01,2026-02-25 11:34:01,2026-02-25 07:36:01,2026-02-25 11:36:01,2026-02-25 13:36:01,2026-02-25 17:36:01,1,32.99999999999983,31.09594557951894,1.2438378231807576,0.25,71.29,70.75,-54.000000000000625,2.8516000000000004,-56.85160000000062,exit_by_midnight,continuation,a=120s | move=0.25x percent_to_dollar sigma (63D)/1800s | hold=21600s | continuation | exit_by_midnight,robust_percent_continuation,Robust percent-vol: continuation only,robust_stability_score,2026-02-01,2026-02-28,a=120s | move=0.25x percent_to_dollar sigma (63D)/1800s | hold=21600s | continuation | exit_by_midnight
2026-02-26 13:10:15,2026-02-26 17:10:15,2026-02-26 13:12:15,2026-02-26 17:12:15,2026-02-26 19:12:15,2026-02-26 23:12:15,-1,-31.000000000000227,30.944273378644787,1.2377709351457915,0.25,70.58,70.7,-12.000000000000455,2.8232,-14.823200000000455,exit_by_midnight,continuation,a=120s | move=0.25x percent_to_dollar sigma (63D)/1800s | hold=21600s | continuation | exit_by_midnight,robust_percent_continuation,Robust percent-vol: continuation only,robust_stability_score,2026-02-01,2026-02-28,a=120s | move=0.25x percent_to_dollar sigma (63D)/1800s | hold=21600s | continuation | exit_by_midnight
2026-02-27 09:33:22,2026-02-27 13:33:22,2026-02-27 09:35:22,2026-02-27 13:35:22,2026-02-27 15:35:22,2026-02-27 19:35:22,1,31.000000000000227,30.85618890055497,1.2342475560221988,0.25,71.21,72.43,122.00000000000131,2.8484,119.15160000000131,exit_by_midnight,continuation,a=120s | move=0.25x percent_to_dollar sigma (63D)/1800s | hold=21600s | continuation | exit_by_midnight,robust_percent_continuation,Robust percent-vol: continuation only,robust_stability_score,2026-02-01,2026-02-28,a=120s | move=0.25x percent_to_dollar sigma (63D)/1800s | hold=21600s | continuation | exit_by_midnight
2026-03-02 07:30:00,2026-03-02 11:30:00,2026-03-02 07:32:00,2026-03-02 11:32:00,2026-03-02 08:32:00,2026-03-02 12:32:00,1,43.00000000000068,32.25344484006077,1.290137793602431,0.25,76.82,77.17,35.00000000000085,3.0728,31.927200000000852,exit_by_midnight,continuation,a=120s | move=0.25x percent_to_dollar sigma (63D)/1800s | hold=3600s | continuation | exit_by_midnight,robust_percent_continuation,Robust percent-vol: continuation only,robust_stability_score,2026-03-01,2026-03-26,a=120s | move=0.25x percent_to_dollar sigma (63D)/1800s | hold=3600s | continuation | exit_by_midnight
2026-03-03 08:41:12,2026-03-03 12:41:12,2026-03-03 08:43:12,2026-03-03 12:43:12,2026-03-03 09:43:12,2026-03-03 13:43:12,1,37.999999999999545,37.02140375144432,1.4808561500577726,0.25,79.68,80.32,63.999999999998636,3.1872000000000003,60.81279999999864,exit_by_midnight,continuation,a=120s | move=0.25x percent_to_dollar sigma (63D)/1800s | hold=3600s | continuation | exit_by_midnight,robust_percent_continuation,Robust percent-vol: continuation only,robust_stability_score,2026-03-01,2026-03-26,a=120s | move=0.25x percent_to_dollar sigma (63D)/1800s | hold=3600s | continuation | exit_by_midnight
2026-03-04 07:37:22,2026-03-04 11:37:22,2026-03-04 07:39:22,2026-03-04 11:39:22,2026-03-04 08:39:22,2026-03-04 12:39:22,1,39.00000000000006,38.59290484104727,1.5437161936418908,0.25,82.18,82.67,48.99999999999949,3.2872000000000003,45.71279999999949,exit_by_midnight,continuation,a=120s | move=0.25x percent_to_dollar sigma (63D)/1800s | hold=3600s | continuation | exit_by_midnight,robust_percent_continuation,Robust percent-vol: continuation only,robust_stability_score,2026-03-01,2026-03-26,a=120s | move=0.25x percent_to_dollar sigma (63D)/1800s | hold=3600s | continuation | exit_by_midnight
2026-03-05 08:14:53,2026-03-05 12:14:53,2026-03-05 08:16:53,2026-03-05 12:16:53,2026-03-05 09:16:53,2026-03-05 13:16:53,1,40.99999999999966,38.93670243185384,1.5574680972741535,0.25,84.03,84.21,17.99999999999926,3.3612,14.63879999999926,exit_by_midnight,continuation,a=120s | move=0.25x percent_to_dollar sigma (63D)/1800s | hold=3600s | continuation | exit_by_midnight,robust_percent_continuation,Robust percent-vol: continuation only,robust_stability_score,2026-03-01,2026-03-26,a=120s | move=0.25x percent_to_dollar sigma (63D)/1800s | hold=3600s | continuation | exit_by_midnight
2026-03-06 09:57:24,2026-03-06 13:57:24,2026-03-06 09:59:24,2026-03-06 13:59:24,2026-03-06 10:59:24,2026-03-06 14:59:24,1,46.999999999999886,43.45221182342742,1.738088472937097,0.25,85.02,85.37,35.00000000000085,3.4008,31.599200000000852,exit_by_midnight,continuation,a=120s | move=0.25x percent_to_dollar sigma (63D)/1800s | hold=3600s | continuation | exit_by_midnight,robust_percent_continuation,Robust percent-vol: continuation only,robust_stability_score,2026-03-01,2026-03-26,a=120s | move=0.25x percent_to_dollar sigma (63D)/1800s | hold=3600s | continuation | exit_by_midnight
2026-03-09 07:30:00,2026-03-09 11:30:00,2026-03-09 07:32:00,2026-03-09 11:32:00,2026-03-09 08:32:00,2026-03-09 12:32:00,-1,-107.00000000000074,51.78200602748698,2.0712802410994793,0.25,114.44,115.78,-134.00000000000034,4.5776,-138.57760000000033,exit_by_midnight,continuation,a=120s | move=0.25x percent_to_dollar sigma (63D)/1800s | hold=3600s | continuation | exit_by_midnight,robust_percent_continuation,Robust percent-vol: continuation only,robust_stability_score,2026-03-01,2026-03-26,a=120s | move=0.25x percent_to_dollar sigma (63D)/1800s | hold=3600s | continuation | exit_by_midnight
2026-03-10 07:30:00,2026-03-10 11:30:00,2026-03-10 07:32:00,2026-03-10 11:32:00,2026-03-10 08:32:00,2026-03-10 12:32:00,1,126.9999999999996,51.11469652692971,2.0445878610771886,0.25,93.25,94.15,90.00000000000057,3.73,86.27000000000056,exit_by_midnight,continuation,a=120s | move=0.25x percent_to_dollar sigma (63D)/1800s | hold=3600s | continuation | exit_by_midnight,robust_percent_continuation,Robust percent-vol: continuation only,robust_stability_score,2026-03-01,2026-03-26,a=120s | move=0.25x percent_to_dollar sigma (63D)/1800s | hold=3600s | continuation | exit_by_midnight
2026-03-11 07:30:00,2026-03-11 11:30:00,2026-03-11 07:32:00,2026-03-11 11:32:00,2026-03-11 08:32:00,2026-03-11 12:32:00,-1,-54.999999999999716,52.023624051363896,2.0809449620545557,0.25,87.74,86.4,133.99999999999892,3.5096,130.4903999999989,exit_by_midnight,continuation,a=120s | move=0.25x percent_to_dollar sigma (63D)/1800s | hold=3600s | continuation | exit_by_midnight,robust_percent_continuation,Robust percent-vol: continuation only,robust_stability_score,2026-03-01,2026-03-26,a=120s | move=0.25x percent_to_dollar sigma (63D)/1800s | hold=3600s | continuation | exit_by_midnight
2026-03-12 07:30:00,2026-03-12 11:30:00,2026-03-12 07:32:00,2026-03-12 11:32:00,2026-03-12 08:32:00,2026-03-12 12:32:00,1,99.00000000000091,52.780288945204354,2.1112115578081743,0.25,101.12,100.29,-82.99999999999983,4.0448,-87.04479999999982,exit_by_midnight,continuation,a=120s | move=0.25x percent_to_dollar sigma (63D)/1800s | hold=3600s | continuation | exit_by_midnight,robust_percent_continuation,Robust percent-vol: continuation only,robust_stability_score,2026-03-01,2026-03-26,a=120s | move=0.25x percent_to_dollar sigma (63D)/1800s | hold=3600s | continuation | exit_by_midnight
2026-03-13 07:33:18,2026-03-13 11:33:18,2026-03-13 07:35:18,2026-03-13 11:35:18,2026-03-13 08:35:18,2026-03-13 12:35:18,-1,-64.00000000000006,63.43964491280703,2.5375857965122814,0.25,100.36,100.74,-37.999999999999545,4.0144,-42.01439999999955,exit_by_midnight,continuation,a=120s | move=0.25x percent_to_dollar sigma (63D)/1800s | hold=3600s | continuation | exit_by_midnight,robust_percent_continuation,Robust percent-vol: continuation only,robust_stability_score,2026-03-01,2026-03-26,a=120s | move=0.25x percent_to_dollar sigma (63D)/1800s | hold=3600s | continuation | exit_by_midnight
2026-03-16 09:56:08,2026-03-16 13:56:08,2026-03-16 09:58:08,2026-03-16 13:58:08,2026-03-16 10:58:08,2026-03-16 14:58:08,-1,-73.0000000000004,64.5146688904338,2.5805867556173516,0.25,103.97,104.55,-57.99999999999983,4.1588,-62.15879999999983,exit_by_midnight,continuation,a=120s | move=0.25x percent_to_dollar sigma (63D)/1800s | hold=3600s | continuation | exit_by_midnight,robust_percent_continuation,Robust percent-vol: continuation only,robust_stability_score,2026-03-01,2026-03-26,a=120s | move=0.25x percent_to_dollar sigma (63D)/1800s | hold=3600s | continuation | exit_by_midnight
2026-03-17 09:43:31,2026-03-17 13:43:31,2026-03-17 09:45:31,2026-03-17 13:45:31,2026-03-17 10:45:31,2026-03-17 14:45:31,1,64.00000000000006,63.69720539786354,2.5478882159145417,0.25,103.83,103.84,1.0000000000005116,4.1532,-3.1531999999994884,exit_by_midnight,continuation,a=120s | move=0.25x percent_to_dollar sigma (63D)/1800s | hold=3600s | continuation | exit_by_midnight,robust_percent_continuation,Robust percent-vol: continuation only,robust_stability_score,2026-03-01,2026-03-26,a=120s | move=0.25x percent_to_dollar sigma (63D)/1800s | hold=3600s | continuation | exit_by_midnight
2026-03-18 07:57:36,2026-03-18 11:57:36,2026-03-18 07:59:36,2026-03-18 11:59:36,2026-03-18 08:59:36,2026-03-18 12:59:36,-1,-69.0000000000012,66.39054260945376,2.6556217043781505,0.25,101.13,101.08,4.999999999999716,4.0451999999999995,0.9547999999997163,exit_by_midnight,continuation,a=120s | move=0.25x percent_to_dollar sigma (63D)/1800s | hold=3600s | continuation | exit_by_midnight,robust_percent_continuation,Robust percent-vol: continuation only,robust_stability_score,2026-03-01,2026-03-26,a=120s | move=0.25x percent_to_dollar sigma (63D)/1800s | hold=3600s | continuation | exit_by_midnight
2026-03-19 07:30:08,2026-03-19 11:30:08,2026-03-19 07:32:08,2026-03-19 11:32:08,2026-03-19 08:32:08,2026-03-19 12:32:08,-1,-73.0000000000004,72.06289848994206,2.8825159395976825,0.25,111.58,112.15,-57.00000000000074,4.4632,-61.46320000000074,exit_by_midnight,continuation,a=120s | move=0.25x percent_to_dollar sigma (63D)/1800s | hold=3600s | continuation | exit_by_midnight,robust_percent_continuation,Robust percent-vol: continuation only,robust_stability_score,2026-03-01,2026-03-26,a=120s | move=0.25x percent_to_dollar sigma (63D)/1800s | hold=3600s | continuation | exit_by_midnight
2026-03-20 07:30:00,2026-03-20 11:30:00,2026-03-20 07:32:00,2026-03-20 11:32:00,2026-03-20 08:32:00,2026-03-20 12:32:00,1,71.99999999999989,71.29886063327581,2.8519544253310323,0.25,107.04,107.08,3.999999999999204,4.2816,-0.2816000000007959,exit_by_midnight,continuation,a=120s | move=0.25x percent_to_dollar sigma (63D)/1800s | hold=3600s | continuation | exit_by_midnight,robust_percent_continuation,Robust percent-vol: continuation only,robust_stability_score,2026-03-01,2026-03-26,a=120s | move=0.25x percent_to_dollar sigma (63D)/1800s | hold=3600s | continuation | exit_by_midnight
2026-03-23 09:39:44,2026-03-23 13:39:44,2026-03-23 09:41:44,2026-03-23 13:41:44,2026-03-23 10:41:44,2026-03-23 14:41:44,-1,-79.00000000000063,74.09681824418908,2.963872729767563,0.25,111.83,113.84,-201.0000000000005,4.4732,-205.4732000000005,exit_by_midnight,continuation,a=120s | move=0.25x percent_to_dollar sigma (63D)/1800s | hold=3600s | continuation | exit_by_midnight,robust_percent_continuation,Robust percent-vol: continuation only,robust_stability_score,2026-03-01,2026-03-26,a=120s | move=0.25x percent_to_dollar sigma (63D)/1800s | hold=3600s | continuation | exit_by_midnight
2026-03-24 10:00:02,2026-03-24 14:00:02,2026-03-24 10:02:02,2026-03-24 14:02:02,2026-03-24 11:02:02,2026-03-24 15:02:02,-1,-86.99999999999903,75.54195648627581,3.0216782594510323,0.25,102.95,102.98,-3.0000000000001137,4.118,-7.118000000000114,exit_by_midnight,continuation,a=120s | move=0.25x percent_to_dollar sigma (63D)/1800s | hold=3600s | continuation | exit_by_midnight,robust_percent_continuation,Robust percent-vol: continuation only,robust_stability_score,2026-03-01,2026-03-26,a=120s | move=0.25x percent_to_dollar sigma (63D)/1800s | hold=3600s | continuation | exit_by_midnight
2026-03-25 07:41:29,2026-03-25 11:41:29,2026-03-25 07:43:29,2026-03-25 11:43:29,2026-03-25 08:43:29,2026-03-25 12:43:29,1,87.00000000000045,78.74382421636913,3.1497529686547656,0.25,99.92,99.4,-51.9999999999996,3.9968000000000004,-55.9967999999996,exit_by_midnight,continuation,a=120s | move=0.25x percent_to_dollar sigma (63D)/1800s | hold=3600s | continuation | exit_by_midnight,robust_percent_continuation,Robust percent-vol: continuation only,robust_stability_score,2026-03-01,2026-03-26,a=120s | move=0.25x percent_to_dollar sigma (63D)/1800s | hold=3600s | continuation | exit_by_midnight
2026-03-26 10:06:30,2026-03-26 14:06:30,2026-03-26 10:08:30,2026-03-26 14:08:30,2026-03-26 11:08:30,2026-03-26 15:08:30,1,78.9999999999992,78.18869983378201,3.12754799335128,0.25,104.58,105.06,48.0000000000004,4.1832,43.8168000000004,exit_by_midnight,continuation,a=120s | move=0.25x percent_to_dollar sigma (63D)/1800s | hold=3600s | continuation | exit_by_midnight,robust_percent_continuation,Robust percent-vol: continuation only,robust_stability_score,2026-03-01,2026-03-26,a=120s | move=0.25x percent_to_dollar sigma (63D)/1800s | hold=3600s | continuation | exit_by_midnight
2025-11-03 09:57:40,2025-11-03 13:57:40,2025-11-03 09:59:40,2025-11-03 13:59:40,2025-11-03 15:59:40,2025-11-03 19:59:40,-1,26.999999999999602,26.673486924158563,1.0669394769663425,0.25,65.24,64.62,61.999999999999034,2.6096,59.39039999999903,exit_by_midnight,reversal,a=120s | move=0.25x percent_to_dollar sigma (63D)/1800s | hold=21600s | reversal | exit_by_midnight,robust_percent_reversal,Robust percent-vol: reversal only,robust_stability_score,2025-11-01,2025-11-30,a=120s | move=0.25x percent_to_dollar sigma (63D)/1800s | hold=21600s | reversal | exit_by_midnight
2025-11-04 12:01:57,2025-11-04 16:01:57,2025-11-04 12:03:57,2025-11-04 16:03:57,2025-11-04 18:03:57,2025-11-04 22:03:57,1,-28.000000000000114,26.30870909166745,1.052348363666698,0.25,64.27,64.14,-12.999999999999545,2.5707999999999998,-15.570799999999545,exit_by_midnight,reversal,a=120s | move=0.25x percent_to_dollar sigma (63D)/1800s | hold=21600s | reversal | exit_by_midnight,robust_percent_reversal,Robust percent-vol: reversal only,robust_stability_score,2025-11-01,2025-11-30,a=120s | move=0.25x percent_to_dollar sigma (63D)/1800s | hold=21600s | reversal | exit_by_midnight
2025-11-05 11:08:18,2025-11-05 15:08:18,2025-11-05 11:10:18,2025-11-05 15:10:18,2025-11-05 17:10:18,2025-11-05 21:10:18,1,-25.99999999999909,25.736329261599796,1.0294531704639918,0.25,64.36,64.21,-15.000000000000568,2.5744000000000002,-17.57440000000057,exit_by_midnight,reversal,a=120s | move=0.25x percent_to_dollar sigma (63D)/1800s | hold=21600s | reversal | exit_by_midnight,robust_percent_reversal,Robust percent-vol: reversal only,robust_stability_score,2025-11-01,2025-11-30,a=120s | move=0.25x percent_to_dollar sigma (63D)/1800s | hold=21600s | reversal | exit_by_midnight
2025-11-06 12:04:07,2025-11-06 16:04:07,2025-11-06 12:06:07,2025-11-06 16:06:07,2025-11-06 18:06:07,2025-11-06 22:06:07,1,-25.9999999999998,25.257769053408502,1.01031076213634,0.25,63.47,63.53,6.000000000000227,2.5388,3.461200000000227,exit_by_midnight,reversal,a=120s | move=0.25x percent_to_dollar sigma (63D)/1800s | hold=21600s | reversal | exit_by_midnight,robust_percent_reversal,Robust percent-vol: reversal only,robust_stability_score,2025-11-01,2025-11-30,a=120s | move=0.25x percent_to_dollar sigma (63D)/1800s | hold=21600s | reversal | exit_by_midnight
2025-11-07 10:58:01,2025-11-07 14:58:01,2025-11-07 11:00:01,2025-11-07 15:00:01,2025-11-07 17:00:01,2025-11-07 21:00:01,-1,25.00000000000071,24.8059057461684,0.992236229846736,0.25,64.12,63.84,28.000000000000114,2.5648000000000004,25.435200000000112,exit_by_midnight,reversal,a=120s | move=0.25x percent_to_dollar sigma (63D)/1800s | hold=21600s | reversal | exit_by_midnight,robust_percent_reversal,Robust percent-vol: reversal only,robust_stability_score,2025-11-01,2025-11-30,a=120s | move=0.25x percent_to_dollar sigma (63D)/1800s | hold=21600s | reversal | exit_by_midnight
2025-11-10 12:45:53,2025-11-10 16:45:53,2025-11-10 12:47:53,2025-11-10 16:47:53,2025-11-10 18:47:53,2025-11-10 22:47:53,1,-26.999999999999602,24.184971000571032,0.9673988400228413,0.25,63.9,63.73,-17.00000000000017,2.556,-19.55600000000017,exit_by_midnight,reversal,a=120s | move=0.25x percent_to_dollar sigma (63D)/1800s | hold=21600s | reversal | exit_by_midnight,robust_percent_reversal,Robust percent-vol: reversal only,robust_stability_score,2025-11-01,2025-11-30,a=120s | move=0.25x percent_to_dollar sigma (63D)/1800s | hold=21600s | reversal | exit_by_midnight
2025-11-11 12:22:48,2025-11-11 16:22:48,2025-11-11 12:24:48,2025-11-11 16:24:48,2025-11-11 18:24:48,2025-11-11 22:24:48,-1,24.0000000000002,23.987512253085914,0.9595004901234365,0.25,63.89,64.8,-90.99999999999966,2.5556,-93.55559999999966,exit_by_midnight,reversal,a=120s | move=0.25x percent_to_dollar sigma (63D)/1800s | hold=21600s | reversal | exit_by_midnight,robust_percent_reversal,Robust percent-vol: reversal only,robust_stability_score,2025-11-01,2025-11-30,a=120s | move=0.25x percent_to_dollar sigma (63D)/1800s | hold=21600s | reversal | exit_by_midnight
2025-11-12 15:34:58,2025-11-12 19:34:58,2025-11-12 15:36:58,2025-11-12 19:36:58,2025-11-12 19:59:59,2025-11-12 23:59:59,1,-25.0,24.554165305268384,0.9821666122107353,0.25,64.54,63.12,-142.00000000000088,2.5816000000000003,-144.5816000000009,exit_by_midnight,reversal,a=120s | move=0.25x percent_to_dollar sigma (63D)/1800s | hold=21600s | reversal | exit_by_midnight,robust_percent_reversal,Robust percent-vol: reversal only,robust_stability_score,2025-11-01,2025-11-30,a=120s | move=0.25x percent_to_dollar sigma (63D)/1800s | hold=21600s | reversal | exit_by_midnight
2025-11-13 14:09:42,2025-11-13 18:09:42,2025-11-13 14:11:42,2025-11-13 18:11:42,2025-11-13 19:59:59,2025-11-13 23:59:59,-1,25.9999999999998,25.366559068229343,1.0146623627291738,0.25,62.85,63.06,-21.000000000000085,2.5140000000000002,-23.514000000000085,exit_by_midnight,reversal,a=120s | move=0.25x percent_to_dollar sigma (63D)/1800s | hold=21600s | reversal | exit_by_midnight,robust_percent_reversal,Robust percent-vol: reversal only,robust_stability_score,2025-11-01,2025-11-30,a=120s | move=0.25x percent_to_dollar sigma (63D)/1800s | hold=21600s | reversal | exit_by_midnight
2025-11-14 07:45:11,2025-11-14 11:45:11,2025-11-14 07:47:11,2025-11-14 11:47:11,2025-11-14 13:47:11,2025-11-14 17:47:11,1,-26.00000000000051,25.298773430003695,1.0119509372001478,0.25,63.96,64.01,5.000000000000426,2.5584000000000002,2.441600000000426,exit_by_midnight,reversal,a=120s | move=0.25x percent_to_dollar sigma (63D)/1800s | hold=21600s | reversal | exit_by_midnight,robust_percent_reversal,Robust percent-vol: reversal only,robust_stability_score,2025-11-01,2025-11-30,a=120s | move=0.25x percent_to_dollar sigma (63D)/1800s | hold=21600s | reversal | exit_by_midnight
2025-11-17 11:47:47,2025-11-17 15:47:47,2025-11-17 11:49:47,2025-11-17 15:49:47,2025-11-17 17:49:47,2025-11-17 21:49:47,-1,27.000000000000313,25.709682035298382,1.0283872814119353,0.25,64.0,64.58,-57.99999999999983,2.56,-60.55999999999983,exit_by_midnight,reversal,a=120s | move=0.25x percent_to_dollar sigma (63D)/1800s | hold=21600s | reversal | exit_by_midnight,robust_percent_reversal,Robust percent-vol: reversal only,robust_stability_score,2025-11-01,2025-11-30,a=120s | move=0.25x percent_to_dollar sigma (63D)/1800s | hold=21600s | reversal | exit_by_midnight
2025-11-18 12:32:29,2025-11-18 16:32:29,2025-11-18 12:34:29,2025-11-18 16:34:29,2025-11-18 18:34:29,2025-11-18 22:34:29,-1,26.00000000000051,25.292524863287802,1.011700994531512,0.25,63.89,63.93,-3.9999999999999147,2.5556,-6.555599999999915,exit_by_midnight,reversal,a=120s | move=0.25x percent_to_dollar sigma (63D)/1800s | hold=21600s | reversal | exit_by_midnight,robust_percent_reversal,Robust percent-vol: reversal only,robust_stability_score,2025-11-01,2025-11-30,a=120s | move=0.25x percent_to_dollar sigma (63D)/1800s | hold=21600s | reversal | exit_by_midnight
2025-11-19 12:12:48,2025-11-19 16:12:48,2025-11-19 12:14:48,2025-11-19 16:14:48,2025-11-19 18:14:48,2025-11-19 22:14:48,1,-26.00000000000051,25.639873850184415,1.0255949540073765,0.25,64.38,63.25,-112.99999999999955,2.5751999999999997,-115.57519999999954,exit_by_midnight,reversal,a=120s | move=0.25x percent_to_dollar sigma (63D)/1800s | hold=21600s | reversal | exit_by_midnight,robust_percent_reversal,Robust percent-vol: reversal only,robust_stability_score,2025-11-01,2025-11-30,a=120s | move=0.25x percent_to_dollar sigma (63D)/1800s | hold=21600s | reversal | exit_by_midnight
2025-11-20 11:51:20,2025-11-20 15:51:20,2025-11-20 11:53:20,2025-11-20 15:53:20,2025-11-20 17:53:20,2025-11-20 21:53:20,-1,25.9999999999998,25.348777793576666,1.0139511117430666,0.25,63.86,64.02,-15.999999999999659,2.5544000000000002,-18.55439999999966,exit_by_midnight,reversal,a=120s | move=0.25x percent_to_dollar sigma (63D)/1800s | hold=21600s | reversal | exit_by_midnight,robust_percent_reversal,Robust percent-vol: reversal only,robust_stability_score,2025-11-01,2025-11-30,a=120s | move=0.25x percent_to_dollar sigma (63D)/1800s | hold=21600s | reversal | exit_by_midnight
2025-11-21 09:19:24,2025-11-21 13:19:24,2025-11-21 09:21:24,2025-11-21 13:21:24,2025-11-21 15:21:24,2025-11-21 19:21:24,-1,28.000000000000114,24.986413718597078,0.9994565487438831,0.25,62.7,62.31,39.00000000000006,2.508,36.492000000000054,exit_by_midnight,reversal,a=120s | move=0.25x percent_to_dollar sigma (63D)/1800s | hold=21600s | reversal | exit_by_midnight,robust_percent_reversal,Robust percent-vol: reversal only,robust_stability_score,2025-11-01,2025-11-30,a=120s | move=0.25x percent_to_dollar sigma (63D)/1800s | hold=21600s | reversal | exit_by_midnight
2025-11-24 11:23:06,2025-11-24 15:23:06,2025-11-24 11:25:06,2025-11-24 15:25:06,2025-11-24 17:25:06,2025-11-24 21:25:06,1,-25.0,24.34392792043763,0.9737571168175052,0.25,62.5,62.61,10.999999999999943,2.5,8.499999999999943,exit_by_midnight,reversal,a=120s | move=0.25x percent_to_dollar sigma (63D)/1800s | hold=21600s | reversal | exit_by_midnight,robust_percent_reversal,Robust percent-vol: reversal only,robust_stability_score,2025-11-01,2025-11-30,a=120s | move=0.25x percent_to_dollar sigma (63D)/1800s | hold=21600s | reversal | exit_by_midnight
2025-11-25 12:38:42,2025-11-25 16:38:42,2025-11-25 12:40:42,2025-11-25 16:40:42,2025-11-25 18:40:42,2025-11-25 22:40:42,1,-25.0,24.016559106400315,0.9606623642560126,0.25,62.18,61.43,-75.0,2.4872,-77.4872,exit_by_midnight,reversal,a=120s | move=0.25x percent_to_dollar sigma (63D)/1800s | hold=21600s | reversal | exit_by_midnight,robust_percent_reversal,Robust percent-vol: reversal only,robust_stability_score,2025-11-01,2025-11-30,a=120s | move=0.25x percent_to_dollar sigma (63D)/1800s | hold=21600s | reversal | exit_by_midnight
2025-11-26 11:39:07,2025-11-26 15:39:07,2025-11-26 11:41:07,2025-11-26 15:41:07,2025-11-26 17:41:07,2025-11-26 21:41:07,1,-24.0000000000002,23.601028699549794,0.9440411479819918,0.25,61.84,61.87,2.999999999999403,2.4736000000000002,0.5263999999994029,exit_by_midnight,reversal,a=120s | move=0.25x percent_to_dollar sigma (63D)/1800s | hold=21600s | reversal | exit_by_midnight,robust_percent_reversal,Robust percent-vol: reversal only,robust_stability_score,2025-11-01,2025-11-30,a=120s | move=0.25x percent_to_dollar sigma (63D)/1800s | hold=21600s | reversal | exit_by_midnight
2025-11-27 11:23:02,2025-11-27 15:23:02,2025-11-27 11:25:02,2025-11-27 15:25:02,2025-11-27 17:25:02,2025-11-27 21:25:02,-1,23.99999999999949,23.88286098371471,0.9553144393485884,0.25,62.47,62.71,-24.0000000000002,2.4988,-26.498800000000198,exit_by_midnight,reversal,a=120s | move=0.25x percent_to_dollar sigma (63D)/1800s | hold=21600s | reversal | exit_by_midnight,robust_percent_reversal,Robust percent-vol: reversal only,robust_stability_score,2025-11-01,2025-11-30,a=120s | move=0.25x percent_to_dollar sigma (63D)/1800s | hold=21600s | reversal | exit_by_midnight
2025-11-28 12:29:00,2025-11-28 16:29:00,2025-11-28 12:31:00,2025-11-28 16:31:00,2025-11-28 18:31:00,2025-11-28 22:31:00,-1,25.0,23.852627740617123,0.9541051096246849,0.25,63.2,62.72,48.0000000000004,2.528,45.4720000000004,exit_by_midnight,reversal,a=120s | move=0.25x percent_to_dollar sigma (63D)/1800s | hold=21600s | reversal | exit_by_midnight,robust_percent_reversal,Robust percent-vol: reversal only,robust_stability_score,2025-11-01,2025-11-30,a=120s | move=0.25x percent_to_dollar sigma (63D)/1800s | hold=21600s | reversal | exit_by_midnight
2026-01-02 12:46:02,2026-01-02 16:46:02,2026-01-02 12:48:02,2026-01-02 16:48:02,2026-01-02 18:48:02,2026-01-02 22:48:02,1,-32.99999999999983,32.595015501009236,0.8148753875252309,0.4,60.57,59.81,-75.9999999999998,2.4228,-78.4227999999998,exit_by_midnight,reversal,a=120s | move=0.4x percent_to_dollar sigma (63D)/1800s | hold=21600s | reversal | exit_by_midnight,robust_percent_reversal,Robust percent-vol: reversal only,robust_stability_score,2026-01-01,2026-01-31,a=120s | move=0.4x percent_to_dollar sigma (63D)/1800s | hold=21600s | reversal | exit_by_midnight
2026-01-05 12:29:40,2026-01-05 16:29:40,2026-01-05 12:31:40,2026-01-05 16:31:40,2026-01-05 18:31:40,2026-01-05 22:31:40,1,-33.00000000000054,32.540697147269064,0.8135174286817266,0.4,59.57,61.06,149.0000000000002,2.3828,146.6172000000002,exit_by_midnight,reversal,a=120s | move=0.4x percent_to_dollar sigma (63D)/1800s | hold=21600s | reversal | exit_by_midnight,robust_percent_reversal,Robust percent-vol: reversal only,robust_stability_score,2026-01-01,2026-01-31,a=120s | move=0.4x percent_to_dollar sigma (63D)/1800s | hold=21600s | reversal | exit_by_midnight
2026-01-06 12:55:25,2026-01-06 16:55:25,2026-01-06 12:57:25,2026-01-06 16:57:25,2026-01-06 18:57:25,2026-01-06 22:57:25,-1,34.00000000000034,33.26540535325877,0.8316351338314693,0.4,61.42,61.35,7.000000000000028,2.4568000000000003,4.543200000000028,exit_by_midnight,reversal,a=120s | move=0.4x percent_to_dollar sigma (63D)/1800s | hold=21600s | reversal | exit_by_midnight,robust_percent_reversal,Robust percent-vol: reversal only,robust_stability_score,2026-01-01,2026-01-31,a=120s | move=0.4x percent_to_dollar sigma (63D)/1800s | hold=21600s | reversal | exit_by_midnight
2026-01-07 14:25:35,2026-01-07 18:25:35,2026-01-07 14:27:35,2026-01-07 18:27:35,2026-01-07 19:59:59,2026-01-07 23:59:59,-1,33.99999999999963,33.11641701230126,0.8279104253075315,0.4,59.97,59.9,7.000000000000028,2.3988,4.601200000000029,exit_by_midnight,reversal,a=120s | move=0.4x percent_to_dollar sigma (63D)/1800s | hold=21600s | reversal | exit_by_midnight,robust_percent_reversal,Robust percent-vol: reversal only,robust_stability_score,2026-01-01,2026-01-31,a=120s | move=0.4x percent_to_dollar sigma (63D)/1800s | hold=21600s | reversal | exit_by_midnight
2026-01-09 12:00:42,2026-01-09 16:00:42,2026-01-09 12:02:42,2026-01-09 16:02:42,2026-01-09 18:02:42,2026-01-09 22:02:42,1,-33.99999999999963,33.000082498024746,0.8250020624506186,0.4,61.94,62.01,7.000000000000028,2.4776,4.522400000000029,exit_by_midnight,reversal,a=120s | move=0.4x percent_to_dollar sigma (63D)/1800s | hold=21600s | reversal | exit_by_midnight,robust_percent_reversal,Robust percent-vol: reversal only,robust_stability_score,2026-01-01,2026-01-31,a=120s | move=0.4x percent_to_dollar sigma (63D)/1800s | hold=21600s | reversal | exit_by_midnight
2026-01-12 16:47:59,2026-01-12 20:47:59,2026-01-12 16:49:59,2026-01-12 20:49:59,2026-01-12 19:59:59,2026-01-12 23:59:59,-1,33.99999999999963,33.54877340265163,0.8387193350662907,0.4,62.61,62.83,-21.999999999999886,2.5044,-24.504399999999887,exit_by_midnight,reversal,a=120s | move=0.4x percent_to_dollar sigma (63D)/1800s | hold=21600s | reversal | exit_by_midnight,robust_percent_reversal,Robust percent-vol: reversal only,robust_stability_score,2026-01-01,2026-01-31,a=120s | move=0.4x percent_to_dollar sigma (63D)/1800s | hold=21600s | reversal | exit_by_midnight
2026-01-13 12:55:27,2026-01-13 16:55:27,2026-01-13 12:57:27,2026-01-13 16:57:27,2026-01-13 18:57:27,2026-01-13 22:57:27,-1,35.00000000000014,34.266277067279816,0.8566569266819953,0.4,63.81,64.52,-70.99999999999937,2.5524,-73.55239999999938,exit_by_midnight,reversal,a=120s | move=0.4x percent_to_dollar sigma (63D)/1800s | hold=21600s | reversal | exit_by_midnight,robust_percent_reversal,Robust percent-vol: reversal only,robust_stability_score,2026-01-01,2026-01-31,a=120s | move=0.4x percent_to_dollar sigma (63D)/1800s | hold=21600s | reversal | exit_by_midnight
2026-01-14 13:55:11,2026-01-14 17:55:11,2026-01-14 13:57:11,2026-01-14 17:57:11,2026-01-14 19:57:11,2026-01-14 23:57:11,-1,35.99999999999994,35.008090915150035,0.8752022728787509,0.4,64.56,65.2,-64.00000000000006,2.5824000000000003,-66.58240000000006,exit_by_midnight,reversal,a=120s | move=0.4x percent_to_dollar sigma (63D)/1800s | hold=21600s | reversal | exit_by_midnight,robust_percent_reversal,Robust percent-vol: reversal only,robust_stability_score,2026-01-01,2026-01-31,a=120s | move=0.4x percent_to_dollar sigma (63D)/1800s | hold=21600s | reversal | exit_by_midnight
2026-01-15 11:12:05,2026-01-15 15:12:05,2026-01-15 11:14:05,2026-01-15 15:14:05,2026-01-15 17:14:05,2026-01-15 21:14:05,1,-39.00000000000006,36.34322756492301,0.9085806891230753,0.4,63.59,63.13,-46.000000000000085,2.5436,-48.54360000000008,exit_by_midnight,reversal,a=120s | move=0.4x percent_to_dollar sigma (63D)/1800s | hold=21600s | reversal | exit_by_midnight,robust_percent_reversal,Robust percent-vol: reversal only,robust_stability_score,2026-01-01,2026-01-31,a=120s | move=0.4x percent_to_dollar sigma (63D)/1800s | hold=21600s | reversal | exit_by_midnight
2026-01-16 11:10:47,2026-01-16 15:10:47,2026-01-16 11:12:47,2026-01-16 15:12:47,2026-01-16 17:12:47,2026-01-16 21:12:47,-1,37.999999999999545,37.81391433910416,0.9453478584776039,0.4,63.19,63.74,-55.000000000000426,2.5276,-57.527600000000426,exit_by_midnight,reversal,a=120s | move=0.4x percent_to_dollar sigma (63D)/1800s | hold=21600s | reversal | exit_by_midnight,robust_percent_reversal,Robust percent-vol: reversal only,robust_stability_score,2026-01-01,2026-01-31,a=120s | move=0.4x percent_to_dollar sigma (63D)/1800s | hold=21600s | reversal | exit_by_midnight
2026-01-19 12:38:55,2026-01-19 16:38:55,2026-01-19 12:40:55,2026-01-19 16:40:55,2026-01-19 18:40:55,2026-01-19 22:40:55,1,-39.00000000000006,38.077551786038406,0.95193879465096,0.4,62.71,63.19,47.99999999999969,2.5084,45.491599999999686,exit_by_midnight,reversal,a=120s | move=0.4x percent_to_dollar sigma (63D)/1800s | hold=21600s | reversal | exit_by_midnight,robust_percent_reversal,Robust percent-vol: reversal only,robust_stability_score,2026-01-01,2026-01-31,a=120s | move=0.4x percent_to_dollar sigma (63D)/1800s | hold=21600s | reversal | exit_by_midnight
2026-01-20 11:33:32,2026-01-20 15:33:32,2026-01-20 11:35:32,2026-01-20 15:35:32,2026-01-20 17:35:32,2026-01-20 21:35:32,1,-39.00000000000006,38.019584556340895,0.9504896139085223,0.4,63.11,63.51,39.99999999999986,2.5244,37.47559999999986,exit_by_midnight,reversal,a=120s | move=0.4x percent_to_dollar sigma (63D)/1800s | hold=21600s | reversal | exit_by_midnight,robust_percent_reversal,Robust percent-vol: reversal only,robust_stability_score,2026-01-01,2026-01-31,a=120s | move=0.4x percent_to_dollar sigma (63D)/1800s | hold=21600s | reversal | exit_by_midnight
2026-01-21 13:02:42,2026-01-21 17:02:42,2026-01-21 13:04:42,2026-01-21 17:04:42,2026-01-21 19:04:42,2026-01-21 23:04:42,1,-39.00000000000006,38.28467598010583,0.9571168995026457,0.4,63.1,64.21,110.99999999999923,2.524,108.47599999999923,exit_by_midnight,reversal,a=120s | move=0.4x percent_to_dollar sigma (63D)/1800s | hold=21600s | reversal | exit_by_midnight,robust_percent_reversal,Robust percent-vol: reversal only,robust_stability_score,2026-01-01,2026-01-31,a=120s | move=0.4x percent_to_dollar sigma (63D)/1800s | hold=21600s | reversal | exit_by_midnight
2026-01-22 17:00:28,2026-01-22 21:00:28,2026-01-22 17:02:28,2026-01-22 21:02:28,2026-01-22 19:59:59,2026-01-22 23:59:59,1,-39.00000000000006,38.61238723015163,0.9653096807537908,0.4,63.38,63.62,23.99999999999949,2.5352,21.46479999999949,exit_by_midnight,reversal,a=120s | move=0.4x percent_to_dollar sigma (63D)/1800s | hold=21600s | reversal | exit_by_midnight,robust_percent_reversal,Robust percent-vol: reversal only,robust_stability_score,2026-01-01,2026-01-31,a=120s | move=0.4x percent_to_dollar sigma (63D)/1800s | hold=21600s | reversal | exit_by_midnight
2026-01-23 12:41:07,2026-01-23 16:41:07,2026-01-23 12:43:07,2026-01-23 16:43:07,2026-01-23 18:43:07,2026-01-23 22:43:07,-1,39.00000000000077,38.38099819416734,0.9595249548541835,0.4,63.94,65.17,-123.0000000000004,2.5576,-125.55760000000039,exit_by_midnight,reversal,a=120s | move=0.4x percent_to_dollar sigma (63D)/1800s | hold=21600s | reversal | exit_by_midnight,robust_percent_reversal,Robust percent-vol: reversal only,robust_stability_score,2026-01-01,2026-01-31,a=120s | move=0.4x percent_to_dollar sigma (63D)/1800s | hold=21600s | reversal | exit_by_midnight
2026-01-26 10:20:27,2026-01-26 14:20:27,2026-01-26 10:22:27,2026-01-26 14:22:27,2026-01-26 16:22:27,2026-01-26 20:22:27,-1,40.99999999999966,40.72812370096288,1.018203092524072,0.4,64.94,64.73,20.999999999999375,2.5976,18.402399999999375,exit_by_midnight,reversal,a=120s | move=0.4x percent_to_dollar sigma (63D)/1800s | hold=21600s | reversal | exit_by_midnight,robust_percent_reversal,Robust percent-vol: reversal only,robust_stability_score,2026-01-01,2026-01-31,a=120s | move=0.4x percent_to_dollar sigma (63D)/1800s | hold=21600s | reversal | exit_by_midnight
2026-01-27 17:20:01,2026-01-27 21:20:01,2026-01-27 17:22:01,2026-01-27 21:22:01,2026-01-27 19:59:59,2026-01-27 23:59:59,-1,43.00000000000068,40.41149577426184,1.0102873943565458,0.4,64.62,65.26,-64.00000000000006,2.5848000000000004,-66.58480000000006,exit_by_midnight,reversal,a=120s | move=0.4x percent_to_dollar sigma (63D)/1800s | hold=21600s | reversal | exit_by_midnight,robust_percent_reversal,Robust percent-vol: reversal only,robust_stability_score,2026-01-01,2026-01-31,a=120s | move=0.4x percent_to_dollar sigma (63D)/1800s | hold=21600s | reversal | exit_by_midnight
2026-01-28 13:30:25,2026-01-28 17:30:25,2026-01-28 13:32:25,2026-01-28 17:32:25,2026-01-28 19:32:25,2026-01-28 23:32:25,1,-42.99999999999926,41.59267314736597,1.0398168286841492,0.4,65.75,66.37,62.000000000000455,2.63,59.37000000000045,exit_by_midnight,reversal,a=120s | move=0.4x percent_to_dollar sigma (63D)/1800s | hold=21600s | reversal | exit_by_midnight,robust_percent_reversal,Robust percent-vol: reversal only,robust_stability_score,2026-01-01,2026-01-31,a=120s | move=0.4x percent_to_dollar sigma (63D)/1800s | hold=21600s | reversal | exit_by_midnight
2026-01-29 10:40:33,2026-01-29 14:40:33,2026-01-29 10:42:33,2026-01-29 14:42:33,2026-01-29 16:42:33,2026-01-29 20:42:33,-1,40.99999999999966,40.30729288710812,1.007682322177703,0.4,67.79,68.13,-33.99999999999892,2.7116000000000002,-36.71159999999892,exit_by_midnight,reversal,a=120s | move=0.4x percent_to_dollar sigma (63D)/1800s | hold=21600s | reversal | exit_by_midnight,robust_percent_reversal,Robust percent-vol: reversal only,robust_stability_score,2026-01-01,2026-01-31,a=120s | move=0.4x percent_to_dollar sigma (63D)/1800s | hold=21600s | reversal | exit_by_midnight
2026-01-30 09:50:31,2026-01-30 13:50:31,2026-01-30 09:52:31,2026-01-30 13:52:31,2026-01-30 15:52:31,2026-01-30 19:52:31,-1,42.99999999999926,42.93445315076718,1.0733613287691794,0.4,68.18,68.06,12.000000000000455,2.7272000000000003,9.272800000000455,exit_by_midnight,reversal,a=120s | move=0.4x percent_to_dollar sigma (63D)/1800s | hold=21600s | reversal | exit_by_midnight,robust_percent_reversal,Robust percent-vol: reversal only,robust_stability_score,2026-01-01,2026-01-31,a=120s | move=0.4x percent_to_dollar sigma (63D)/1800s | hold=21600s | reversal | exit_by_midnight
2026-02-02 13:05:20,2026-02-02 17:05:20,2026-02-02 13:07:20,2026-02-02 17:07:20,2026-02-02 19:07:20,2026-02-02 23:07:20,1,-82.99999999999983,79.53085107024084,1.0604113476032113,0.75,64.99,65.7,71.0000000000008,2.5995999999999997,68.4004000000008,exit_by_midnight,reversal,a=120s | move=0.75x percent_to_dollar sigma (63D)/1800s | hold=21600s | reversal | exit_by_midnight,robust_percent_reversal,Robust percent-vol: reversal only,robust_stability_score,2026-02-01,2026-02-28,a=120s | move=0.75x percent_to_dollar sigma (63D)/1800s | hold=21600s | reversal | exit_by_midnight
2026-02-17 17:50:59,2026-02-17 21:50:59,2026-02-17 17:52:59,2026-02-17 21:52:59,2026-02-17 19:59:59,2026-02-17 23:59:59,1,-85.99999999999994,84.68106765643786,1.1290809020858381,0.75,67.0,66.37,-62.999999999999545,2.68,-65.67999999999955,exit_by_midnight,reversal,a=120s | move=0.75x percent_to_dollar sigma (63D)/1800s | hold=21600s | reversal | exit_by_midnight,robust_percent_reversal,Robust percent-vol: reversal only,robust_stability_score,2026-02-01,2026-02-28,a=120s | move=0.75x percent_to_dollar sigma (63D)/1800s | hold=21600s | reversal | exit_by_midnight
2026-03-02 11:09:35,2026-03-02 15:09:35,2026-03-02 11:11:35,2026-03-02 15:11:35,2026-03-02 17:11:35,2026-03-02 21:11:35,-1,96.99999999999989,96.76033452018231,1.290137793602431,0.75,79.73,78.75,98.0000000000004,3.1892,94.8108000000004,exit_by_midnight,reversal,a=120s | move=0.75x percent_to_dollar sigma (63D)/1800s | hold=21600s | reversal | exit_by_midnight,robust_percent_reversal,Robust percent-vol: reversal only,robust_stability_score,2026-03-01,2026-03-26,a=120s | move=0.75x percent_to_dollar sigma (63D)/1800s | hold=21600s | reversal | exit_by_midnight
2026-03-03 13:22:35,2026-03-03 17:22:35,2026-03-03 13:24:35,2026-03-03 17:24:35,2026-03-03 19:24:35,2026-03-03 23:24:35,-1,112.00000000000045,111.06421125433295,1.4808561500577726,0.75,81.89,84.08,-218.99999999999977,3.2756000000000003,-222.27559999999977,exit_by_midnight,reversal,a=120s | move=0.75x percent_to_dollar sigma (63D)/1800s | hold=21600s | reversal | exit_by_midnight,robust_percent_reversal,Robust percent-vol: reversal only,robust_stability_score,2026-03-01,2026-03-26,a=120s | move=0.75x percent_to_dollar sigma (63D)/1800s | hold=21600s | reversal | exit_by_midnight
2026-03-04 12:44:13,2026-03-04 16:44:13,2026-03-04 12:46:13,2026-03-04 16:46:13,2026-03-04 18:46:13,2026-03-04 22:46:13,-1,117.99999999999926,115.77871452314182,1.5437161936418908,0.75,84.38,81.99,239.00000000000006,3.3752,235.62480000000005,exit_by_midnight,reversal,a=120s | move=0.75x percent_to_dollar sigma (63D)/1800s | hold=21600s | reversal | exit_by_midnight,robust_percent_reversal,Robust percent-vol: reversal only,robust_stability_score,2026-03-01,2026-03-26,a=120s | move=0.75x percent_to_dollar sigma (63D)/1800s | hold=21600s | reversal | exit_by_midnight
2026-03-05 10:51:37,2026-03-05 14:51:37,2026-03-05 10:53:37,2026-03-05 14:53:37,2026-03-05 16:53:37,2026-03-05 20:53:37,1,-117.00000000000017,116.81010729556152,1.5574680972741535,0.75,82.42,83.7,128.0000000000001,3.2968,124.70320000000011,exit_by_midnight,reversal,a=120s | move=0.75x percent_to_dollar sigma (63D)/1800s | hold=21600s | reversal | exit_by_midnight,robust_percent_reversal,Robust percent-vol: reversal only,robust_stability_score,2026-03-01,2026-03-26,a=120s | move=0.75x percent_to_dollar sigma (63D)/1800s | hold=21600s | reversal | exit_by_midnight
2026-03-06 13:34:39,2026-03-06 17:34:39,2026-03-06 13:36:39,2026-03-06 17:36:39,2026-03-06 19:36:39,2026-03-06 23:36:39,-1,130.9999999999988,130.35663547028224,1.738088472937097,0.75,86.48,91.14,-465.99999999999966,3.4592,-469.45919999999967,exit_by_midnight,reversal,a=120s | move=0.75x percent_to_dollar sigma (63D)/1800s | hold=21600s | reversal | exit_by_midnight,robust_percent_reversal,Robust percent-vol: reversal only,robust_stability_score,2026-03-01,2026-03-26,a=120s | move=0.75x percent_to_dollar sigma (63D)/1800s | hold=21600s | reversal | exit_by_midnight
2026-03-09 07:39:03,2026-03-09 11:39:03,2026-03-09 07:41:03,2026-03-09 11:41:03,2026-03-09 13:41:03,2026-03-09 17:41:03,-1,159.00000000000034,155.34601808246094,2.0712802410994793,0.75,115.09,103.19,1190.0000000000005,4.6036,1185.3964000000005,exit_by_midnight,reversal,a=120s | move=0.75x percent_to_dollar sigma (63D)/1800s | hold=21600s | reversal | exit_by_midnight,robust_percent_reversal,Robust percent-vol: reversal only,robust_stability_score,2026-03-01,2026-03-26,a=120s | move=0.75x percent_to_dollar sigma (63D)/1800s | hold=21600s | reversal | exit_by_midnight
2026-03-10 07:35:36,2026-03-10 11:35:36,2026-03-10 07:37:36,2026-03-10 11:37:36,2026-03-10 13:37:36,2026-03-10 17:37:36,-1,156.00000000000023,153.34408958078913,2.0445878610771886,0.75,94.02,90.25,376.9999999999996,3.7607999999999997,373.2391999999996,exit_by_midnight,reversal,a=120s | move=0.75x percent_to_dollar sigma (63D)/1800s | hold=21600s | reversal | exit_by_midnight,robust_percent_reversal,Robust percent-vol: reversal only,robust_stability_score,2026-03-01,2026-03-26,a=120s | move=0.75x percent_to_dollar sigma (63D)/1800s | hold=21600s | reversal | exit_by_midnight
2026-03-11 11:36:53,2026-03-11 15:36:53,2026-03-11 11:38:53,2026-03-11 15:38:53,2026-03-11 17:38:53,2026-03-11 21:38:53,-1,157.99999999999983,156.0708721540917,2.0809449620545557,0.75,89.33,89.58,-25.0,3.5732,-28.5732,exit_by_midnight,reversal,a=120s | move=0.75x percent_to_dollar sigma (63D)/1800s | hold=21600s | reversal | exit_by_midnight,robust_percent_reversal,Robust percent-vol: reversal only,robust_stability_score,2026-03-01,2026-03-26,a=120s | move=0.75x percent_to_dollar sigma (63D)/1800s | hold=21600s | reversal | exit_by_midnight
2026-03-12 09:03:27,2026-03-12 13:03:27,2026-03-12 09:05:27,2026-03-12 13:05:27,2026-03-12 15:05:27,2026-03-12 19:05:27,1,-161.99999999999903,158.34086683561307,2.1112115578081743,0.75,98.7,96.79,-190.99999999999966,3.9480000000000004,-194.94799999999967,exit_by_midnight,reversal,a=120s | move=0.75x percent_to_dollar sigma (63D)/1800s | hold=21600s | reversal | exit_by_midnight,robust_percent_reversal,Robust percent-vol: reversal only,robust_stability_score,2026-03-01,2026-03-26,a=120s | move=0.75x percent_to_dollar sigma (63D)/1800s | hold=21600s | reversal | exit_by_midnight
2026-03-13 14:49:14,2026-03-13 18:49:14,2026-03-13 14:51:14,2026-03-13 18:51:14,2026-03-13 19:59:59,2026-03-13 23:59:59,1,-192.00000000000017,190.3189347384211,2.5375857965122814,0.75,98.79,101.45,265.99999999999966,3.9516000000000004,262.0483999999997,exit_by_midnight,reversal,a=120s | move=0.75x percent_to_dollar sigma (63D)/1800s | hold=21600s | reversal | exit_by_midnight,robust_percent_reversal,Robust percent-vol: reversal only,robust_stability_score,2026-03-01,2026-03-26,a=120s | move=0.75x percent_to_dollar sigma (63D)/1800s | hold=21600s | reversal | exit_by_midnight
2026-03-16 11:34:42,2026-03-16 15:34:42,2026-03-16 11:36:42,2026-03-16 15:36:42,2026-03-16 17:36:42,2026-03-16 21:36:42,-1,198.0000000000004,193.5440066713014,2.5805867556173516,0.75,106.26,101.87,439.00000000000006,4.2504,434.74960000000004,exit_by_midnight,reversal,a=120s | move=0.75x percent_to_dollar sigma (63D)/1800s | hold=21600s | reversal | exit_by_midnight,robust_percent_reversal,Robust percent-vol: reversal only,robust_stability_score,2026-03-01,2026-03-26,a=120s | move=0.75x percent_to_dollar sigma (63D)/1800s | hold=21600s | reversal | exit_by_midnight
2026-03-17 09:58:36,2026-03-17 13:58:36,2026-03-17 10:00:36,2026-03-17 14:00:36,2026-03-17 16:00:36,2026-03-17 20:00:36,-1,195.00000000000028,191.09161619359062,2.5478882159145417,0.75,104.69,103.55,114.00000000000006,4.1876,109.81240000000005,exit_by_midnight,reversal,a=120s | move=0.75x percent_to_dollar sigma (63D)/1800s | hold=21600s | reversal | exit_by_midnight,robust_percent_reversal,Robust percent-vol: reversal only,robust_stability_score,2026-03-01,2026-03-26,a=120s | move=0.75x percent_to_dollar sigma (63D)/1800s | hold=21600s | reversal | exit_by_midnight
2026-03-18 16:22:53,2026-03-18 20:22:53,2026-03-18 16:24:53,2026-03-18 20:24:53,2026-03-18 19:59:59,2026-03-18 23:59:59,-1,200.0,199.1716278283613,2.6556217043781505,0.75,105.98,108.55,-256.9999999999993,4.2392,-261.2391999999993,exit_by_midnight,reversal,a=120s | move=0.75x percent_to_dollar sigma (63D)/1800s | hold=21600s | reversal | exit_by_midnight,robust_percent_reversal,Robust percent-vol: reversal only,robust_stability_score,2026-03-01,2026-03-26,a=120s | move=0.75x percent_to_dollar sigma (63D)/1800s | hold=21600s | reversal | exit_by_midnight
2026-03-19 12:39:31,2026-03-19 16:39:31,2026-03-19 12:41:31,2026-03-19 16:41:31,2026-03-19 18:41:31,2026-03-19 22:41:31,-1,223.0000000000004,216.18869546982617,2.8825159395976825,0.75,115.3,111.93,336.99999999999903,4.612,332.387999999999,exit_by_midnight,reversal,a=120s | move=0.75x percent_to_dollar sigma (63D)/1800s | hold=21600s | reversal | exit_by_midnight,robust_percent_reversal,Robust percent-vol: reversal only,robust_stability_score,2026-03-01,2026-03-26,a=120s | move=0.75x percent_to_dollar sigma (63D)/1800s | hold=21600s | reversal | exit_by_midnight
2026-03-20 15:18:13,2026-03-20 19:18:13,2026-03-20 15:20:13,2026-03-20 19:20:13,2026-03-20 19:59:59,2026-03-20 23:59:59,1,-214.00000000000006,213.89658189982742,2.8519544253310323,0.75,108.24,109.2,96.0000000000008,4.3296,91.6704000000008,exit_by_midnight,reversal,a=120s | move=0.75x percent_to_dollar sigma (63D)/1800s | hold=21600s | reversal | exit_by_midnight,robust_percent_reversal,Robust percent-vol: reversal only,robust_stability_score,2026-03-01,2026-03-26,a=120s | move=0.75x percent_to_dollar sigma (63D)/1800s | hold=21600s | reversal | exit_by_midnight
2026-03-23 15:05:18,2026-03-23 19:05:18,2026-03-23 15:07:18,2026-03-23 19:07:18,2026-03-23 19:59:59,2026-03-23 23:59:59,1,-229.00000000000063,222.29045473256724,2.963872729767563,0.75,101.48,102.44,95.99999999999937,4.059200000000001,91.94079999999937,exit_by_midnight,reversal,a=120s | move=0.75x percent_to_dollar sigma (63D)/1800s | hold=21600s | reversal | exit_by_midnight,robust_percent_reversal,Robust percent-vol: reversal only,robust_stability_score,2026-03-01,2026-03-26,a=120s | move=0.75x percent_to_dollar sigma (63D)/1800s | hold=21600s | reversal | exit_by_midnight
2026-03-24 12:05:53,2026-03-24 16:05:53,2026-03-24 12:07:53,2026-03-24 16:07:53,2026-03-24 18:07:53,2026-03-24 22:07:53,1,-227.00000000000102,226.62586945882742,3.0216782594510323,0.75,101.07,102.63,156.00000000000023,4.0428,151.95720000000023,exit_by_midnight,reversal,a=120s | move=0.75x percent_to_dollar sigma (63D)/1800s | hold=21600s | reversal | exit_by_midnight,robust_percent_reversal,Robust percent-vol: reversal only,robust_stability_score,2026-03-01,2026-03-26,a=120s | move=0.75x percent_to_dollar sigma (63D)/1800s | hold=21600s | reversal | exit_by_midnight
